time,open,high,low,close,EMA 9,EMA 21,Entry,TP,SL,B,A0,A1,A2,A3,ST0,ST1,ST2,ST3,ENTRY,TP,SL,Volume,VolAvg
1418874300,64.88025587,68.11255462,64.88025587,68.11255462,,,0,0,0,,,,,,0,0,0,0,,,,947300.61439321,
1418960700,71.48539665,71.48539665,71.48539665,71.48539665,,,0,0,0,,,,,,0,0,0,0,,,,64591.80753288,
1419219900,75.04560817,75.04560817,69.51790312,70.82956266,,,0,0,0,,,,,,0,0,0,0,,,,8074858.6408107,
1419306300,71.20432413,74.34293392,67.3161914,68.01886565,,,0,0,0,,,,,,0,0,0,0,,,,18975311.07028162,
1419392700,67.50357589,71.39170112,66.70720612,71.39170112,,,0,0,0,,,,,,0,0,0,0,,,,905004.69997214,
1419565500,74.95192014,74.95192014,73.54657164,74.95192014,,,0,0,0,,,,,,0,0,0,0,,,,936342.12262343,
1419824700,76.77887038,78.18421889,74.01502114,75.09245687,,,0,0,0,,,,,,0,0,0,0,,,,868210.97948047,
1419911100,75.51405767,75.51405767,71.7196214,73.21865886,,,0,0,0,,,,,,0,0,0,0,,,,533793.92982147,
1419997500,73.68710836,76.87256591,73.68710836,76.87256591,72.21929805333333,,0,0,0,,,,,,0,0,0,0,,,,868009.25015891,
1420083900,78.69951615,80.71385088,78.32475467,80.71385088,73.91820861866667,,0,0,0,,,,,,0,0,0,0,,,,594492.04124291,
1420170300,83.47769918,88.95855741,82.72818467,83.3371634,75.80199957493333,,0,0,0,,,,,,0,0,0,0,,,,3675209.38062604,
1420429500,84.03983765,87.5532089,82.77502493,85.86679539,77.81495873794667,,0,0,0,,,,,,0,0,0,0,,,,2179725.8788241,
1420515900,84.22722213,84.83620742,80.57331415,80.85438666,78.42284432235734,,0,0,0,,,,,,0,0,0,0,,,,1790303.96748555,
1420602300,81.46336539,84.92989638,80.01117662,83.8056129,79.49939803788587,,0,0,0,,,,,,0,0,0,0,,,,1871098.16179795,
1420688700,85.16412113,94.15834968,83.52454788,90.78551515,81.7566214603087,,0,0,0,,,,,,0,0,0,0,,,,6813221.04938582,
1420775100,91.72241415,108.91450896,91.4413407,108.3992145,87.08514006824696,,0,0,0,,,,,,0,0,0,0,,,,13218372.49972395,
1421034300,110.55408221,125.91921647,106.2443468,121.75002528,94.01811711059757,,0,0,0,,,,,,0,0,0,0,,,,18663665.95223929,
1421120700,118.89248332,122.92114903,110.88199686,113.27108931,97.86871155047805,,0,0,0,,,,,,0,0,0,0,,,,8001689.60138321,
1421207100,114.30167822,116.87815047,107.22809075,110.22616756,100.34020275238244,,0,0,0,,,,,,0,0,0,0,,,,3493592.15221748,
1421293500,111.72520596,116.59708077,109.00819886,112.38103526,102.74836925390595,,0,0,0,,,,,,0,0,0,0,,,,2942773.97541754,4770878.388770933
1421379900,111.58467111,120.57890153,109.94509786,118.93932827,105.98656105712476,87.63351747809523,0,0,0,,,,,,0,0,0,0,,,,4448273.49813772,4945927.032958159
1421639100,119.78253738,122.64006996,116.31601107,117.06553027,108.20235489969981,90.30915500463203,0,0,0,,,,,,0,0,0,0,,,,1765048.31030657,5030949.858096844
1421725500,117.11237522,117.76820452,111.95943071,113.55215901,109.27231572175985,92.42215536875639,0,0,0,,,,,,0,0,0,0,,,,1220925.62575089,4688253.207343853
1421811900,113.59900396,115.84756157,109.61718321,110.46039231,109.50993103940789,94.06199509068763,0,0,0,,,,,,0,0,0,0,,,,1164444.61776594,3797709.884718069
1421898300,110.97568676,114.25483327,109.14873371,109.71087311,109.5501194535263,95.48462036517057,0,0,0,,,,,,0,0,0,0,,,,1211973.75368766,3813058.337403845
1421984700,111.49098121,112.05312061,102.87151039,104.23001395,108.48609835282105,96.27965614560961,0,0,0,,,,,,0,0,0,0,,,,1274795.89341551,3829981.025943449
1422330300,105.0263781,114.62959287,99.49867399,114.62959287,109.71479725625683,97.94783221146328,0,0,0,,,,,,0,0,0,0,,,,2046902.59716294,3888915.606827573
1422416700,116.78446057,118.98617322,106.47857155,107.69654025,109.31114585500546,98.8340783967848,0,0,0,,,,,,0,0,0,0,,,,2306133.31417883,3977532.57604544
1422503100,107.5560054,112.61526001,106.38488165,107.7433852,108.99759372400437,99.64401537889528,0,0,0,,,,,,0,0,0,0,,,,1547653.47947052,4011514.787511021
1422589500,109.00819886,110.27301251,99.87343359,101.74723159,107.5475212972035,99.83521685263207,0,0,0,,,,,,0,0,0,0,,,,1625082.31637081,4063044.301267416
1422848700,103.05889019,111.91258576,101.46616189,111.16306656,108.2706303497628,100.8650213714837,0,0,0,,,,,,0,0,0,0,,,,2677208.53076421,4013144.2587743243
1422935100,111.95943071,113.03686456,106.6191064,109.28926856,108.47435799181024,101.63086202498519,0,0,0,,,,,,0,0,0,0,,,,1124909.94014319,3960403.4618402794
1423021500,110.08563271,112.28734536,106.8064862,107.930765,108.36563939344819,102.20358047725927,0,0,0,,,,,,0,0,0,0,,,,1291145.57462029,3935445.542197016
1423107900,108.63343926,113.36477921,106.10381195,107.50916045,108.19434360475856,102.68590592932661,0,0,0,,,,,,0,0,0,0,,,,1779142.6790433,3930847.7680592835
1423194300,108.53974935,109.85140796,105.4011377,106.056967,107.76686828380684,102.99236602666055,0,0,0,,,,,,0,0,0,0,,,,1155185.34864128,3647945.9830220565
1423453500,104.9326882,107.13440085,100.81033259,101.27878209,106.46925104504548,102.83658566878232,0,0,0,,,,,,0,0,0,0,,,,728632.43392422,3023458.9797320697
1423539900,100.24819319,104.8389983,97.20327143,97.95279063,104.76595896203638,102.3926043016203,0,0,0,,,,,,0,0,0,0,,,,839827.98414181,2132267.081327196
1423626300,99.03022449,101.09140229,92.14401495,94.39257443,102.6912820556291,101.66532885874572,0,0,0,,,,,,0,0,0,0,,,,1680213.12545747,1816193.257530909
1423712700,94.62679918,100.24819319,94.62679918,98.79599974,101.91222559250328,101.40448075704157,0,0,0,,,,,,0,0,0,0,,,,1290588.41744645,1706043.0707923577
1423799100,99.68605379,103.8084094,98.93653459,100.29503814,101.58878810200262,101.30362233731051,0,0,0,,,,,,0,0,0,0,,,,1061438.85106344,1611976.3145746528
1424058300,100.95086744,103.6210296,99.40498409,100.24819319,101.3206691196021,101.20767423300956,0,0,0,,,,,,0,0,0,0,,,,832103.56562249,1431167.8179488915
1424231100,101.13824724,102.40306089,98.37439519,98.98337954,100.85321120368168,101.00546562455415,0,0,0,,,,,,0,0,0,0,,,,827844.8355006,1384307.644208593
1424317500,98.98337954,108.58659431,98.51493004,107.04071095,102.09071115294535,101.55412429050376,0,0,0,,,,,,0,0,0,0,,,,2609376.24587543,1453730.1752148198
1424403900,106.7127963,110.92884181,103.5273397,106.4317266,102.95891424235627,101.99754268227615,0,0,0,,,,,,0,0,0,0,,,,2162601.3008603,1503638.009369538
1424663100,107.32178065,110.55408221,105.0263781,105.91643215,103.55041782388501,102.35380536116014,0,0,0,,,,,,0,0,0,0,,,,1126394.62525586,1499359.052947948
1424749500,105.91643215,108.58659431,102.21568109,103.66787455,103.573909169108,102.47326619650921,0,0,0,,,,,,0,0,0,0,,,,730109.64758054,1472124.7406561996
1424835900,103.85525435,105.4948276,102.21568109,103.85525435,103.6301782052864,102.59890148319019,0,0,0,,,,,,0,0,0,0,,,,798162.87410722,1409687.7545034136
1424922300,104.13632405,104.13632405,98.74915479,99.49867399,102.80387736222912,102.3170626201729,0,0,0,,,,,,0,0,0,0,,,,746021.71491314,1331682.174540129
1425008700,99.49867399,102.44990584,99.31129419,100.57610784,102.3583234577833,102.15879400379355,0,0,0,,,,,,0,0,0,0,,,,520024.0357607,1280300.7023546377
1425095100,100.38872804,103.85525435,96.87535678,101.98145634,102.28295003422664,102.14267239799413,0,0,0,,,,,,0,0,0,0,,,,694137.78728783,1233753.4759004884
1425267900,102.21568109,114.02060852,99.68605379,112.47472516,104.32130505938132,103.08194992181285,0,0,0,,,,,,0,0,0,0,,,,3006514.03692604,1250218.75120858
1425354300,112.56841506,116.08178632,109.24242361,112.09996556,105.87703715950505,103.90176952528441,0,0,0,,,,,,0,0,0,0,,,,2165519.43824206,1302249.2261135236
1425440700,113.31793426,114.20798832,105.91643215,106.57226145,106.01608201760403,104.14454151844038,0,0,0,,,,,,0,0,0,0,,,,849102.19617918,1280147.0571914678
1425527100,106.6191064,109.80456301,105.44798265,107.88392005,106.38964962408323,104.48448502130944,0,0,0,,,,,,0,0,0,0,,,,792858.14009575,1230832.83024409
1425872700,108.1181448,114.11429842,107.50916045,108.16498975,106.74471764926659,104.81907636028131,0,0,0,,,,,,0,0,0,0,,,,970125.91355526,1221579.858489789
1425959100,108.68028421,117.01868532,108.68028421,111.95943071,107.78766026141328,105.46819948298301,0,0,0,,,,,,0,0,0,0,,,,2680932.51808132,1319194.862697644
1426045500,113.08370951,115.94125147,111.49098121,112.56841506,108.74381122113063,106.11367362634819,0,0,0,,,,,,0,0,0,0,,,,1421048.58419787,1348255.892700447
1426131900,113.73953881,115.28542217,111.49098121,112.38103526,109.4712560289045,106.683433774862,0,0,0,,,,,,0,0,0,0,,,,850632.77738088,1306776.8752966174
1426218300,113.13055446,114.02060852,106.993866,107.8370751,109.1444198431236,106.78831025896545,0,0,0,,,,,,0,0,0,0,,,,1013572.43225487,1292926.0760370386
1426477500,107.8370751,109.00819886,104.3705488,105.82274225,108.48008432449888,106.7005313490595,0,0,0,,,,,,0,0,0,0,,,,572879.25271205,1268498.0961194688
1426563900,106.75964125,108.4929044,105.0263781,106.66595135,108.1172577295991,106.69738771278136,0,0,0,,,,,,0,0,0,0,,,,427897.77686081,1248287.8066813848
1426650300,107.2749357,107.2749357,105.4948276,105.8695872,107.66772362367928,106.62213312071033,0,0,0,,,,,,0,0,0,0,,,,336786.56867419,1223734.8933400642
1426736700,106.85333115,111.02253171,106.5254165,107.13440085,107.56105906894342,106.66870291428212,0,0,0,,,,,,0,0,0,0,,,,928383.95425531,1139685.278759059
1426823100,107.13440085,107.7433852,103.10573514,106.9001761,107.42888247515474,106.68974593116556,0,0,0,,,,,,0,0,0,0,,,,877073.19406745,1075408.8734194166
1427082300,107.6496953,107.6496953,100.34188309,101.37247199,106.21760037812379,106.2063573910596,0,0,0,,,,,,0,0,0,0,,,,672552.74988058,1052716.7796506525
1427168700,101.18509219,103.4336498,98.65546489,99.21760429,104.81760116049904,105.57101620005417,0,0,0,,,,,,0,0,0,0,,,,469050.55845969,1039663.82519461
1427255100,99.68605379,101.84092149,96.59428708,97.25011638,103.30410420439922,104.81457076186743,0,0,0,,,,,,0,0,0,0,,,,511215.18871911,1025316.4409252044
1427341500,96.50059718,97.85910073,94.67364413,95.51685323,101.74665400951937,103.96932371351585,0,0,0,,,,,,0,0,0,0,,,,495282.84171925,1012779.49726551
1427427900,95.75107798,97.34380628,90.9728912,95.61054313,100.5194318336155,103.20943456955986,0,0,0,,,,,,0,0,0,0,,,,1054440.23116138,1039500.307035544
1427687100,97.01589163,100.01396844,96.40690728,99.21760429,100.2590663248924,102.84654090778169,0,0,0,,,,,,0,0,0,0,,,,703077.91849108,1039947.3135957064
1427773500,99.40498409,101.74723159,97.01589163,100.43557299,100.29436765791392,102.62736200616517,0,0,0,,,,,,0,0,0,0,,,,534643.54114403,916353.7888066059
1427859900,100.62295279,104.4642387,99.31129419,103.57418465,100.95033105633114,102.71343679196833,0,0,0,,,,,,0,0,0,0,,,,717024.99280253,843929.0665346294
1428291900,103.85525435,105.6822074,101.93461139,103.5273397,101.46573278506492,102.78742796542576,0,0,0,,,,,,0,0,0,0,,,,519002.58094199,827424.0857727699
1428378300,104.3705488,104.3705488,100.99771239,102.26252604,101.62509143605193,102.73970960856887,0,0,0,,,,,,0,0,0,0,,,,433801.29473153,809471.2435045589
1428464700,103.4336498,112.38103526,102.35621594,110.97568676,103.49521050084155,103.48843480415353,0,0,0,,,,,,0,0,0,0,,,,2085061.45946561,865218.0208000764
1428551100,111.91258576,114.11429842,108.2118347,112.00627566,105.19742353267324,104.26278397286684,0,0,0,,,,,,0,0,0,0,,,,1811843.10880377,821763.5503361989
1428637500,112.19365546,130.88479055,112.19365546,129.01099254,109.9601373341386,106.51262111533349,0,0,0,,,,,,0,0,0,0,,,,6593657.36150524,1080393.9892015676
1428896700,128.96413822,132.71173423,124.79494704,126.05976069,113.18006200531087,108.28963380393954,0,0,0,,,,,,0,0,0,0,,,,2306422.56627482,1153183.4786462646
1429069500,126.43452029,134.25762695,122.49954448,126.52821019,115.8496916422487,109.9476862026723,0,0,0,,,,,,0,0,0,0,,,,3295352.00077176,1267272.457072109
1429155900,126.48136524,128.02723922,121.32842073,124.84179199,117.64811171179896,111.30169581970209,0,0,0,,,,,,0,0,0,0,,,,1440892.7722746,1310673.1330502364
1429242300,124.60756724,131.5874648,123.10851946,125.54446624,119.22738261743918,112.59649313063827,0,0,0,,,,,,0,0,0,0,,,,1865791.29308466,1382567.808861429
1429501500,125.54446624,127.83986879,115.70702672,118.00242927,118.98239194795134,113.08794187058024,0,0,0,,,,,,0,0,0,0,,,,1193577.96079274,1425407.3784673563
1429587900,118.98617322,125.07601674,117.11237522,121.14104093,119.41412174436107,113.82004178507295,0,0,0,,,,,,0,0,0,0,,,,1146571.82681581,1436316.7720953815
1429674300,121.93739571,124.60756724,117.11237522,120.9536705,119.72203149548885,114.46855348642995,0,0,0,,,,,,0,0,0,0,,,,933125.12698749,1439119.3687413833
1429760700,122.07793993,123.67066823,118.51772372,119.40777778,119.65918075239108,114.9175738767545,0,0,0,,,,,,0,0,0,0,,,,617681.3070645,1436375.7966005793
1429847100,119.92307223,120.06359771,110.27301251,112.42788021,118.21292064391287,114.69123808886773,0,0,0,,,,,,0,0,0,0,,,,675373.75832974,1446691.9565940818
1430106300,113.27108931,115.80071662,102.40306089,103.48049475,115.2664354651303,113.67207960351612,0,0,0,,,,,,0,0,0,0,,,,714944.72588335,1456878.4334522937
1430192700,99.49867399,102.96520029,95.18893858,101.65354169,112.54385671010424,112.57948524774193,0,0,0,,,,,,0,0,0,0,,,,1065838.47150515,1485406.2149415887
1430279100,101.18509219,107.88392005,100.29503814,104.79215335,110.99351603808338,111.87154598431084,0,0,0,,,,,,0,0,0,0,,,,797284.44431015,1472548.4255990272
1430365500,103.05889019,108.3055246,103.01204524,106.3380367,110.06242017046671,111.36849968573713,0,0,0,,,,,,0,0,0,0,,,,437797.45653011,1459284.402500979
1430711100,106.9001761,110.17932261,106.9001761,108.77397411,109.80473095837337,111.13263372430649,0,0,0,,,,,,0,0,0,0,,,,387580.7310227,1451931.2619949123
1430797500,109.14873371,111.86574081,107.7433852,108.86766401,109.6173175686987,110.92672738664226,0,0,0,,,,,,0,0,0,0,,,,451200.18187862,1438640.0214487168
1430883900,108.58659431,109.52349331,100.34188309,100.66979774,107.82781360295895,109.9942792369475,0,0,0,,,,,,0,0,0,0,,,,553971.13138141,1440388.448970688
1430970300,100.24819319,102.63728564,98.37439519,100.10765834,106.28378255036716,109.09549551904318,0,0,0,,,,,,0,0,0,0,,,,506182.62918911,1444007.5156935672
1431056700,102.30937099,106.2443468,101.93461139,102.73097554,105.57322114829373,108.51690279367563,0,0,0,,,,,,0,0,0,0,,,,450735.88423376,1362291.2369319745
1431315900,104.32370385,105.5885175,102.12199119,103.10573514,105.07972394663499,108.02497846152329,0,0,0,,,,,,0,0,0,0,,,,251063.34786985,1284252.2488852786
1431402300,102.35621594,104.13632405,99.77974369,100.20134824,104.10404880530798,107.31373935047571,0,0,0,,,,,,0,0,0,0,,,,316412.97454722,970390.0295373775
1431488700,100.95086744,103.7147195,100.06081339,102.16883614,103.71700627224638,106.8460208767961,0,0,0,,,,,,0,0,0,0,,,,379500.88465109,874043.945456191
1431575100,102.12199119,105.120068,100.62295279,103.76156445,103.7259179077971,106.56561574708736,0,0,0,,,,,,0,0,0,0,,,,329099.50743664,725731.320789435
1431661500,103.76156445,105.5885175,102.68413059,103.48049475,103.67683327623767,106.28515020189761,0,0,0,,,,,,0,0,0,0,,,,264764.93147252,666924.928749331
1431920700,103.57418465,104.3705488,100.90402249,101.55985179,103.25343697899014,105.85557761899783,0,0,0,,,,,,0,0,0,0,,,,324364.7388099,589853.601035593
1432007100,101.74723159,107.5560054,101.27878209,105.2137579,103.64550116319211,105.79723037181621,0,0,0,,,,,,0,0,0,0,,,,568716.58417186,558610.5322045491
1432093500,104.9326882,106.75964125,103.57418465,105.0263781,103.92167655055368,105.7271528925602,0,0,0,,,,,,0,0,0,0,,,,276843.07434452,515124.09458098456
1432179900,105.35429275,105.8695872,102.44990584,103.29311495,103.79596423044295,105.50587671596382,0,0,0,,,,,,0,0,0,0,,,,239771.84261685,480456.4303624526
1432266300,104.41739375,106.2443468,103.85525435,104.0894791,103.85466720435436,105.37711329633075,0,0,0,,,,,,0,0,0,0,,,,257858.10374853,462465.270196654
1432525500,104.04263415,104.60477355,101.65354169,101.98145634,103.48002503148348,105.06841720939158,0,0,0,,,,,,0,0,0,0,,,,134286.61975567,435410.91326795064
1432611900,101.93461139,104.7453084,101.37247199,102.59044069,103.30210816318679,104.84314661671962,0,0,0,,,,,,0,0,0,0,,,,204014.5198566,409864.4029666131
1432698300,101.41931694,101.98145634,98.14017044,98.88968964,102.41962445854944,104.30192325519965,0,0,0,,,,,,0,0,0,0,,,,427327.81147608,377938.86996515945
1432784700,99.07706944,103.5273397,99.07706944,103.15258009,102.56621558483955,104.19743751290878,0,0,0,,,,,,0,0,0,0,,,,353056.19856089,355727.45767769654
1432871100,103.4336498,107.1812458,103.05889019,106.056967,103.26436586787165,104.36648564809889,0,0,0,,,,,,0,0,0,0,,,,539909.85052283,360833.0773773325
1433130300,106.29119175,106.66595135,102.59044069,103.05889019,103.22327073229732,104.24761333372626,0,0,0,,,,,,0,0,0,0,,,,183759.40168039,350642.01091021707
1433216700,103.38680485,104.8389983,96.59428708,97.85910073,102.15043673183786,103.66683946066024,0,0,0,,,,,,0,0,0,0,,,,550310.11776786,355597.50770467904
1433303100,98.09332549,98.32755024,90.9728912,94.57995423,100.63634023147029,102.84075898514567,0,0,0,,,,,,0,0,0,0,,,,764033.26148128,366100.61420967255
1433389500,95.14209363,98.28070529,94.62679918,97.15642648,99.94035748117622,102.32400148467788,0,0,0,,,,,,0,0,0,0,,,,367738.67764778,359178.41663260607
1433475900,95.32947343,98.84284469,95.32947343,96.96904668,99.34609532094098,101.83718741152535,0,0,0,,,,,,0,0,0,0,,,,222029.26847746,347743.085844791
1433735100,96.92220173,97.99963559,92.28455167,94.25203958,98.32728417275278,101.14762851775032,0,0,0,,,,,,0,0,0,0,,,,293111.63688032,349845.5002953144
1433821500,94.25203958,96.07899263,92.3782397,94.25203958,97.51223525420222,100.52075679613665,0,0,0,,,,,,0,0,0,0,,,,257895.4610303,346919.62461946846
1433907900,93.92412493,97.48434113,93.92412493,96.21952748,97.25369369936178,100.12973594921513,0,0,0,,,,,,0,0,0,0,,,,219999.16705094,338944.538739461
1433994300,97.10958153,97.43749618,92.75300118,93.3619874,96.47535243948943,99.51448608110466,0,0,0,,,,,,0,0,0,0,,,,245682.83194392,334773.70496482507
1434080700,93.12776265,94.15834968,92.00347916,92.47192866,95.67466768359154,98.87425358827697,0,0,0,,,,,,0,0,0,0,,,,170871.13946942,330079.0153646701
1434339900,92.47192866,95.04840373,92.47192866,93.83043503,95.30582115287324,98.41572462843361,0,0,0,,,,,,0,0,0,0,,,,193450.94792269,323533.3258203096
1434426300,94.01781483,94.01781483,91.39450043,93.40882767,94.92642245629858,97.96055217766691,0,0,0,,,,,,0,0,0,0,,,,163553.38164594,303275.1656940136
1434512700,93.87727998,95.79792293,92.8466892,94.34572948,94.81028386103887,97.63193193242446,0,0,0,,,,,,0,0,0,0,,,,275295.4155283,303197.78275320266
1434599100,94.57995423,98.70230984,93.83043503,96.54744213,95.1577155148311,97.53334195038587,0,0,0,,,,,,0,0,0,0,,,,438019.46551893,313110.1638983066
1434685500,97.20327143,99.54551894,96.50059718,97.71856588,95.66988558786488,97.5501804894417,0,0,0,,,,,,0,0,0,0,,,,302621.73346829,315348.3453842946
1434944700,97.48434113,105.9632771,97.29696133,102.35621594,97.0071516582919,97.98709280312882,0,0,0,,,,,,0,0,0,0,,,,651443.75097818,341206.20194542006
1435031100,104.183169,106.6191064,102.30937099,102.87151039,98.18002340463352,98.43113076557165,0,0,0,,,,,,0,0,0,0,,,,394545.19569571,350732.73573737557
1435117500,103.24626999,103.3399599,99.12391439,99.63920884,98.4718604917068,98.54095604506514,0,0,0,,,,,,0,0,0,0,,,,213944.08535132,340063.5494311376
1435203900,98.46808509,102.30937099,98.46808509,99.82658864,98.74280612136545,98.65783173551377,0,0,0,,,,,,0,0,0,0,,,,215852.50877436,333203.3649418111
1435290300,99.31129419,100.76348764,97.39065123,97.95279063,98.58480302309236,98.59373708955798,0,0,0,,,,,,0,0,0,0,,,,255062.71172115,318961.00800172705
1435549500,95.09524868,96.26637243,93.59621215,95.37631838,97.94310609447389,98.30124447959815,0,0,0,,,,,,0,0,0,0,,,,276495.1179486,323597.79381513747
1435635900,95.84476788,98.18701539,94.67364413,96.50059718,97.6546043115791,98.13754927054377,0,0,0,,,,,,0,0,0,0,,,,211390.98198,306651.8370257445
1435722300,96.87535678,100.66979774,96.31321738,99.26444924,97.97657329726329,98.23999472231252,0,0,0,,,,,,0,0,0,0,,,,559666.51582512,296433.49974293646
1435808700,99.26444924,100.99771239,97.67172093,98.42124014,98.06550666581063,98.25647157846592,0,0,0,,,,,,0,0,0,0,,,,280173.20917668,292055.22631938144
1435895100,98.79599974,99.59236389,95.89161283,96.50059718,97.7525247686485,98.09684663315083,0,0,0,,,,,,0,0,0,0,,,,274254.74839325,294666.5003151709
1436154300,96.26637243,98.18701539,94.62679918,97.53118608,97.7082570309188,98.04542294650075,0,0,0,,,,,,0,0,0,0,,,,205795.92852162,290300.7148972359
1436240700,98.18701539,100.24819319,96.73482193,97.81225578,97.72905678073504,98.02422593136431,0,0,0,,,,,,0,0,0,0,,,,443577.16169553,299584.7999304974
1436327100,97.20327143,98.09332549,94.81417898,95.28262848,97.23977112058803,97.7749897994221,0,0,0,,,,,,0,0,0,0,,,,511194.90905186,314144.58703054336
1436413500,95.28262848,102.54359574,95.28262848,100.01396844,97.79461058447042,97.9785333122019,0,0,0,,,,,,0,0,0,0,,,,1018873.96421362,352804.1436440284
1436499900,101.37247199,102.02830129,98.60861994,99.49867399,98.13542326557634,98.11672791927445,0,0,0,,,,,,0,0,0,0,,,,394472.61583398,363984.2174622564
1436759100,99.45182904,104.79215335,98.51493004,103.29311495,99.16696160246107,98.58730855843132,0,0,0,,,,,,0,0,0,0,,,,878661.41221817,398244.7406770304
1436845500,103.5273397,109.33611351,103.5273397,107.60285035,100.85413935196885,99.40690326675575,0,0,0,,,,,,0,0,0,0,,,,1363054.07262574,458219.77522602037
1436931900,108.3992145,113.97376357,107.3686256,112.28734536,103.14078055357508,100.57785254795976,0,0,0,,,,,,0,0,0,0,,,,1844755.94139489,536692.8015193499
1437018300,113.27108931,113.27108931,107.8370751,108.58659431,104.22994330486007,101.30591998087252,0,0,0,,,,,,0,0,0,0,,,,508750.67547313,540229.3620170598
1437104700,109.05504381,111.95943071,107.1812458,108.58659431,105.10127350588806,101.96779946533866,0,0,0,,,,,,0,0,0,0,,,,502159.78361783,550206.2645245369
1437363900,109.42980341,111.39729131,107.8370751,109.71087311,106.02319342671045,102.67171525121697,0,0,0,,,,,,0,0,0,0,,,,439616.22247691,539614.8880994733
1437450300,109.57033826,113.27108931,106.1506569,107.3686256,106.29227986136836,103.09870710110633,0,0,0,,,,,,0,0,0,0,,,,698414.66237515,554808.3614334454
1437536700,107.32178065,111.30360141,106.85333115,109.19557866,106.87293962109469,103.65296815191485,0,0,0,,,,,,0,0,0,0,,,,271930.05811619,557707.6600716889
1437623100,109.89825291,113.69269386,108.2118347,109.75771806,107.44989530887575,104.20794541628622,0,0,0,,,,,,0,0,0,0,,,,586125.07747712,576221.2885068269
1437709500,109.61718321,111.16306656,107.7433852,108.35236955,107.6303901571006,104.58471124662384,0,0,0,,,,,,0,0,0,0,,,,454416.11016365,586188.9584289518
1437968700,107.97760995,108.53974935,104.32370385,105.07322305,107.11895673568048,104.62912141056712,0,0,0,,,,,,0,0,0,0,,,,284340.1471205,586581.2098875468
1438055100,105.5885175,116.87815047,104.4642387,112.33419031,108.16200345054439,105.32958221960648,0,0,0,,,,,,0,0,0,0,,,,2989119.41918258,725467.6317476758
1438141500,113.45846911,118.51772372,112.52157011,116.69077067,109.86775689443552,106.36241753327862,0,0,0,,,,,,0,0,0,0,,,,1798172.47837742,787392.9298752908
1438227900,117.39344492,120.20414193,115.98809642,118.42403382,111.57901227954841,107.45892810479874,0,0,0,,,,,,0,0,0,0,,,,1132383.5311992,830003.4459764168
1438314300,118.42403382,133.03965825,118.42403382,131.25955952,115.51512172763873,109.62262186981704,0,0,0,,,,,,0,0,0,0,,,,4283336.82971535,1030457.5500425219
1438573500,132.00905998,149.34169151,132.00905998,143.81399677,121.17489673611098,112.73092867892458,0,0,0,,,,,,0,0,0,0,,,,5497277.71112598,1295031.6391727398
1438659900,145.21934527,153.41721154,138.09890349,149.81014101,126.90194559088879,116.1017661635678,0,0,0,,,,,,0,0,0,0,,,,3295081.9609921,1437606.8791375684
1438746300,150.7002138,157.72695632,146.29676976,151.73079334,131.86771514071103,119.34076863415255,0,0,0,,,,,,0,0,0,0,,,,2702703.27454652,1547182.2974123014
1438832700,150.93443855,155.99368379,148.68587158,153.22983174,136.14013846056883,122.42159255286596,0,0,0,,,,,,0,0,0,0,,,,1992434.61298999,1595860.32985112
1438919100,152.24608779,181.28995684,151.87133756,172.20203653,143.35251807445508,126.94708745987815,0,0,0,,,,,,0,0,0,0,,,,6602263.41187436,1906249.8696531388
1439178300,172.01466609,175.66856283,158.5233111,160.8655586,146.85512617956405,130.03058483625287,0,0,0,,,,,,0,0,0,0,,,,2145753.1667816,1969604.4573813104
1439264700,162.08352731,172.29571706,159.78812475,164.65999956,150.41610085565125,133.17871344750262,0,0,0,,,,,,0,0,0,0,,,,1500932.32818596,1976498.3701593217
1439351100,161.52137854,167.70492132,152.80823656,154.11988579,151.156857842521,135.08245638772965,0,0,0,,,,,,0,0,0,0,,,,1437950.08582195,1956158.0773806744
1439437500,155.43153502,160.58447953,147.60843773,149.01378623,150.7282435200168,136.34894091884513,0,0,0,,,,,,0,0,0,0,,,,930326.53290739,1977236.8702523876
1439523900,150.18490998,164.89422431,150.18490998,160.77187807,152.73697043001346,138.5692079325865,0,0,0,,,,,,0,0,0,0,,,,1974378.23768373,2050847.7929556821
1439783100,161.1466283,167.14277255,154.68203456,164.42577481,155.07473130601076,140.91980492144228,0,0,0,,,,,,0,0,0,0,,,,1179356.57729799,2087834.810696736
1439869500,182.46108059,189.25359836,163.95732531,182.46108059,160.5520011628086,144.6962845276748,0,0,0,,,,,,0,0,0,0,,,,5058977.53231832,2305862.954193895
1439955900,181.71156139,190.56524759,178.29188004,181.71156139,164.7839132082469,148.0613096969771,0,0,0,,,,,,0,0,0,0,,,,3249802.8007839,2454756.5913272807
1440042300,181.05573209,188.31669936,174.26321433,177.02706638,167.23254384259752,150.69456030452463,0,0,0,,,,,,0,0,0,0,,,,2128837.78959571,2531892.22693321
1440128700,171.54621659,182.60160608,168.64182032,180.68098186,169.92223144607803,153.42059862774965,0,0,0,,,,,,0,0,0,0,,,,1629561.9881306,2590649.520831558
1440387900,169.85978902,173.04524563,162.64567608,162.64567608,168.46692037286243,154.25924203249969,0,0,0,,,,,,0,0,0,0,,,,1204927.10299475,2636678.86862527
1440474300,163.02042631,163.95732531,146.39046903,154.44780981,165.66309826028996,154.276384557727,0,0,0,,,,,,0,0,0,0,,,,2332166.00281864,2603831.1978070736
1440560700,152.05870799,160.490799,148.68587158,151.68393902,162.86726641223197,154.0407076906609,0,0,0,,,,,,0,0,0,0,,,,884305.56381831,2558137.852079118
1440647100,155.52523429,166.81486726,154.91625931,162.41145133,162.77610339578558,154.80168438514627,0,0,0,,,,,,0,0,0,0,,,,1464952.9964369,2574766.325341002
1440733500,165.08160411,167.14277255,154.30726559,156.18106359,161.45709543462846,154.92708249467844,0,0,0,,,,,,0,0,0,0,,,,963297.00244753,2408764.3339776113
1440992700,155.05678479,160.77187807,152.52715749,158.3359313,160.83286260770276,155.23697784061676,0,0,0,,,,,,0,0,0,0,,,,962186.95750348,2182009.796296486
1441079100,155.05678479,162.17722658,150.84073928,153.60459134,159.38720835416223,155.08857906783342,0,0,0,,,,,,0,0,0,0,,,,1100990.60630071,2072305.2285619169
1441165500,157.1179626,159.22598535,152.10556231,155.00993984,158.51175465132977,155.0814300471213,0,0,0,,,,,,0,0,0,0,,,,978800.27438247,1986110.0785537146
1441251900,155.99368379,162.73935661,155.99368379,160.30342857,158.87008943506382,155.5561571855648,0,0,0,,,,,,0,0,0,0,,,,1056280.34412633,1939302.3651105314
1441338300,160.2097293,163.30149601,154.72886077,158.89808007,158.87568756205104,155.8599683568771,0,0,0,,,,,,0,0,0,0,,,,1403462.91064192,1679362.3400489097
1441597500,160.2097293,162.92672704,146.76521926,148.63901726,156.82835350164083,155.203518257161,0,0,0,,,,,,0,0,0,0,,,,689072.13987969,1606528.288703814
1441683900,149.71646048,153.55773702,139.27002724,150.04436576,155.47155595331267,154.73450439378271,0,0,0,,,,,,0,0,0,0,,,,1028614.60859767,1582912.4027243997
1441770300,153.46405649,157.77378253,153.46405649,155.00993984,155.37923273065013,154.75954397980246,0,0,0,,,,,,0,0,0,0,,,,504931.69392523,1536261.4831295633
1441856700,150.93443855,158.19540582,149.71646048,157.16480755,155.7363476945201,154.97820430436587,0,0,0,,,,,,0,0,0,0,,,,593893.25738367,1519439.8193533774
1441943100,158.0548616,164.05102458,157.5864121,160.0223495,156.59354805561608,155.43676295851444,0,0,0,,,,,,0,0,0,0,,,,1023302.40312984,1471886.027625683
1442202300,161.1466283,164.80052504,158.89808007,161.19347325,157.51353309449286,155.9601002577404,0,0,0,,,,,,0,0,0,0,,,,474393.71710385,1436637.8846159761
1442288700,161.19347325,162.45827754,155.89998453,157.30533303,157.4718930815943,156.08239414612765,0,0,0,,,,,,0,0,0,0,,,,336344.68539838,1200506.242269979
1442375100,158.3359313,160.11603003,154.02618652,155.29100954,157.03571637327542,156.01045009102515,0,0,0,,,,,,0,0,0,0,,,,317074.73211002,1053869.838836285
1442547900,157.02428207,161.89614751,148.96694128,150.32544483,155.69366206462033,155.49363143093194,0,0,0,,,,,,0,0,0,0,,,,1078268.84017671,1001341.3913653351
1442807100,150.09122008,157.3990323,148.63901726,156.41528835,155.83798732169626,155.5774184235745,0,0,0,,,,,,0,0,0,0,,,,1345416.09887531,987134.0969025707
1442893500,157.3990323,161.80245761,150.41913473,152.19924284,155.110238425357,155.27031155234044,0,0,0,,,,,,0,0,0,0,,,,1174156.44367548,985595.5639366072
1442979900,149.06064055,161.89614751,149.06064055,159.69443485,156.0270777102856,155.6725045794004,0,0,0,,,,,,0,0,0,0,,,,1235370.08558535,930755.7680749425
1443066300,159.2728303,169.39133952,158.71068153,164.19155006,157.65997218022846,156.44696325945492,0,0,0,,,,,,0,0,0,0,,,,1638469.0314557,968463.9414568121
1443411900,165.36267381,167.23647182,159.41335578,160.2097293,158.16992360418277,156.78903289950446,0,0,0,,,,,,0,0,0,0,,,,719436.13850312,931188.098560123
1443498300,157.3990323,161.3340081,152.33978706,158.28908635,158.19375615334621,156.92540139500406,0,0,0,,,,,,0,0,0,0,,,,811487.68283946,923597.6325797196
1443584700,159.9286596,164.56630029,159.36652957,161.56823286,158.86865149467698,157.34747698273097,0,0,0,,,,,,0,0,0,0,,,,719005.9960873,911438.5845089105
1443671100,163.20780611,174.49743908,161.3340081,171.78044134,161.4510094637416,158.65956465157362,0,0,0,,,,,,0,0,0,0,,,,3183188.36328085,1015548.4723579173
1444016700,173.79476483,179.32245957,172.57679613,176.32439213,164.42568599699328,160.2654580587033,0,0,0,,,,,,0,0,0,0,,,,2045496.89601745,1068883.3034396663
1444103100,177.35498103,178.10450961,171.45251732,172.71734035,166.0840168675946,161.39744735791209,0,0,0,,,,,,0,0,0,0,,,,1206484.36796915,1076393.5046318076
1444189500,173.60738503,183.44482455,171.92096682,181.99263109,169.26573971207569,163.2697367881019,0,0,0,,,,,,0,0,0,0,,,,2359150.76846816,1124177.8975231193
1444275900,182.18001089,183.07005558,175.48118303,177.77658559,170.96790888766054,164.5885412246381,0,0,0,,,,,,0,0,0,0,,,,1350900.14783929,1157269.2979210992
1444362300,179.13508914,181.19625757,175.34063881,178.29188004,172.43270311812844,165.83429929876192,0,0,0,,,,,,0,0,0,0,,,,1067585.72494113,1159217.8537382723
1444621500,179.88460834,185.69338215,175.99648685,182.55477986,174.45711846650275,167.3543429861472,0,0,0,,,,,,0,0,0,0,,,,1810391.51156925,1224490.8446204735
1444707900,182.69530534,195.34344187,181.75840634,189.39412384,177.4445195412022,169.35795942740654,0,0,0,,,,,,0,0,0,0,,,,4008744.79843525,1395233.4216730525
1444794300,188.92567434,199.84055708,185.83392637,194.21916307,180.79944824696176,171.61806884946049,0,0,0,,,,,,0,0,0,0,,,,3833226.41311353,1535729.622172237
1444880700,195.15606207,196.6550911,188.45722484,191.59584586,182.9587277695694,173.43423039587316,0,0,0,,,,,,0,0,0,0,,,,1120577.56280867,1568038.814457478
1444967100,192.06429536,204.15028312,190.79947234,201.2927599,186.62553419565552,175.96682398715743,0,0,0,,,,,,0,0,0,0,,,,3307494.18469823,1716596.2894224706
1445226300,202.08911468,208.88163244,199.09103788,206.53938494,190.6083043445244,178.7461477101431,0,0,0,,,,,,0,0,0,0,,,,2028306.14229737,1802157.8599318382
1445312700,207.47628394,211.9265542,201.57381086,205.13403644,193.51345076361952,181.14504668558465,0,0,0,,,,,,0,0,0,0,,,,1581852.46990547,1827337.041418276
1445399100,205.55563162,206.77360969,194.87499237,197.26408482,194.2635775748956,182.61041378871332,0,0,0,,,,,,0,0,0,0,,,,2982570.15401268,1909194.7441751447
1445571900,199.37210758,209.49062616,197.68568937,205.64933089,196.54072823791648,184.70486079792119,0,0,0,,,,,,0,0,0,0,,,,3018497.18556725,2001411.7812697333
1445831100,207.24205919,207.42942962,199.37210758,201.7612094,197.5848244703332,186.25543794356471,0,0,0,,,,,,0,0,0,0,,,,930411.92098001,1986163.873039466
1445917500,200.40268711,204.66558694,196.74879037,202.60440913,198.58874140226655,187.74170805142248,0,0,0,,,,,,0,0,0,0,,,,779805.50584498,1943230.6967589303
1446003900,202.18280458,237.64442243,201.10536136,233.33469639,205.53793239981323,191.88652517311135,0,0,0,,,,,,0,0,0,0,,,,8335323.21547593,2324025.0506075704
1446090300,228.60335643,238.44079595,225.79265943,228.08806198,210.0479583158506,195.1775739737376,0,0,0,,,,,,0,0,0,0,,,,3258034.2109844,2446352.3770148177
1446176700,228.55651148,242.18839196,225.98003923,233.47523124,214.73341290068046,198.65917917976145,0,0,0,,,,,,0,0,0,0,,,,3629125.4378334,2591858.3491021227
1446435900,233.14732596,251.36999281,229.54025543,247.6223968,221.31120968054438,203.11038078160132,0,0,0,,,,,,0,0,0,0,,,,3635207.20330571,2614459.291103366
1446522300,251.46368271,261.30112222,248.41876095,254.08701865,227.8663714744355,207.74462058781938,0,0,0,,,,,,0,0,0,0,,,,3670712.63125173,2695720.07786508
1446608700,256.71032648,260.08317226,244.62433873,246.87288697,231.6676745735484,211.30173571347217,0,0,0,,,,,,0,0,0,0,,,,1930803.63687519,2731936.0413103816
1446695100,246.87288697,248.27823547,228.83758118,230.85190467,231.50452059283873,213.07902380042924,0,0,0,,,,,,0,0,0,0,,,,1540499.02633593,2691003.4542037705
1446781500,233.19415217,243.92166448,231.03930321,235.77062443,232.35774136027098,215.14189658493567,0,0,0,,,,,,0,0,0,0,,,,1649533.19096535,2705935.106360073
1447040700,226.72955843,246.40443747,222.13876269,243.87480079,234.66115324621677,217.75397878539607,0,0,0,,,,,,0,0,0,0,,,,1973669.51668099,2751239.295947066
1447127100,243.50004119,247.2476372,235.16164944,237.03544745,235.1360120869734,219.50683957308735,0,0,0,,,,,,0,0,0,0,,,,1036889.78018539,2712564.2093778728
1447213500,239.28399568,244.06218996,238.44079595,242.79736694,236.66828305757872,221.62416024280668,0,0,0,,,,,,0,0,0,0,,,,481303.74688056,2536192.1568001388
1447386300,241.53255329,242.75054073,236.47329868,240.59565429,237.45375730406298,223.34884151982425,0,0,0,,,,,,0,0,0,0,,,,899855.79919319,2389523.626104122
1447645500,240.68934419,242.79736694,236.56699795,238.4876409,237.6605340232504,224.72509600893113,0,0,0,,,,,,0,0,0,0,,,,919787.51004436,2379484.1234659064
1447731900,239.70561897,240.31459395,230.61767992,234.31844971,236.99211716060032,225.59721907266467,0,0,0,,,,,,0,0,0,0,,,,832829.36423975,2255750.8824429824
1447818300,233.38155071,234.13105117,220.26496468,222.51351292,234.09639631248027,225.31688214969515,0,0,0,,,,,,0,0,0,0,,,,961721.5925077,2202421.654953499
1447904700,223.91886142,230.85190467,223.91886142,229.44655616,233.16642828198422,225.69230705972285,0,0,0,,,,,,0,0,0,0,,,,888048.76345176,2167731.469630813
1447991100,229.54025543,266.45406673,229.1655052,257.74092476,238.0813275775874,228.60581775974805,0,0,0,,,,,,0,0,0,0,,,,7764440.97631226,2406825.0107457926
1448250300,259.23996316,283.36511245,256.33557625,269.35846301,244.3367546640699,232.31060369158914,0,0,0,,,,,,0,0,0,0,,,,5515323.41292316,2531666.3221135875
1448336700,269.54585218,274.69879669,262.14433133,267.0162155,248.8726468312559,235.46565931053559,0,0,0,,,,,,0,0,0,0,,,,2173791.40777706,2593835.29645344
1448509500,268.23417484,274.13665729,264.53344252,265.28294298,252.15470606100473,238.17632146230508,0,0,0,,,,,,0,0,0,0,,,,1514164.27738923,2630553.235030653
1448595900,259.42732422,264.62713242,248.74668497,251.60421756,252.04460836080378,239.39703928936825,0,0,0,,,,,,0,0,0,0,,,,2684089.74206642,2347991.5613601776
1448855100,252.77534131,257.64722549,249.73041955,253.47801556,252.33128980064302,240.67712804124386,0,0,0,,,,,,0,0,0,0,,,,1238564.66685222,2247018.0841535684
1448941500,254.83652848,271.41965018,252.54111656,263.92445817,254.64992347451442,242.7905216893126,0,0,0,,,,,,0,0,0,0,,,,3032338.59213884,2217178.7418688405
1449027900,265.1424175,275.35460725,258.77151366,272.49708403,258.21935558561154,245.49111826573875,0,0,0,,,,,,0,0,0,0,,,,3014709.15719568,2186153.839563339
1449114300,269.82691251,275.91675602,262.42541976,266.31354125,259.8381927184892,247.3840658097625,0,0,0,,,,,,0,0,0,0,,,,1883655.54522752,2096800.9852621288
1449200700,264.2055185,265.98561723,257.64722549,259.38049801,259.7466537767914,248.47465055523864,0,0,0,,,,,,0,0,0,0,,,,1104834.13691949,2055502.5102643438
1449459900,261.72274551,263.17492023,257.45983632,258.58412449,259.5141479194331,249.39369364021695,0,0,0,,,,,,0,0,0,0,,,,680209.92529272,2012488.055212183
1449546300,258.58412449,259.42732422,248.41876095,250.24573274,257.6604648835465,249.47115174019723,0,0,0,,,,,,0,0,0,0,,,,713594.52698505,1965691.122013168
1449632700,251.65108124,251.65108124,233.70945599,236.37961815,253.40429553683722,248.28101232290658,0,0,0,,,,,,0,0,0,0,,,,1009803.61619964,1917497.8269891005
1449719100,238.34709668,250.62048297,238.34709668,249.4961948,252.62267538946978,248.3914834571878,0,0,0,,,,,,0,0,0,0,,,,1626771.93285777,1946991.9346227194
1449805500,250.4330938,250.9015433,238.90924545,243.54690488,250.8075212875758,247.951067222898,0,0,0,,,,,,0,0,0,0,,,,799070.1223788,1962880.2533976312
1450064700,238.81554618,250.62048297,236.09854845,245.8422887,249.81447477006066,247.7593600844527,0,0,0,,,,,,0,0,0,0,,,,987218.47099183,1967248.3869875637
1450151100,246.40443747,256.61662722,245.51437404,253.89962948,250.63150571204852,248.31756639313883,0,0,0,,,,,,0,0,0,0,,,,1305900.63356891,1986554.0431637908
1450237500,255.77342748,258.39673532,250.19886905,251.51054639,250.80731384763882,248.6078373019444,0,0,0,,,,,,0,0,0,0,,,,1023830.74182917,1996104.112043262
1450323900,254.83652848,259.52102349,252.11953074,258.20937426,252.28772593011107,249.48070429813126,0,0,0,,,,,,0,0,0,0,,,,1335099.08500108,2014772.9866679304
1450410300,255.67972821,260.69214724,253.2906545,255.2581424,252.88180922408884,250.0059259437557,0,0,0,,,,,,0,0,0,0,,,,691373.34843678,2004939.2159171817
1450669500,255.30497798,264.673968,251.18263174,263.36231877,254.97791113327108,251.22014347341428,0,0,0,,,,,,0,0,0,0,,,,1775822.15036932,1705508.2746200345
1450755900,264.29921777,270.48275118,259.56785907,261.20743232,256.2238153706169,252.1280788231039,0,0,0,,,,,,0,0,0,0,,,,1412240.80450719,1500354.144199236
1450842300,263.36231877,267.90627892,260.55162176,263.40914498,257.6608812924935,253.15363029191263,0,0,0,,,,,,0,0,0,0,,,,1235472.5512725,1453438.201374008
1450928700,264.58026873,264.81449348,257.74092476,259.61472276,258.0516495859948,253.74100233446603,0,0,0,,,,,,0,0,0,0,,,,574750.31885332,1406467.5034472127
1451274300,260.83267272,265.610867,256.71032648,262.23802123,258.88892391479584,254.5134585976964,0,0,0,,,,,,0,0,0,0,,,,905514.89370604,1317538.7610291936
1451360700,263.45600867,271.09173553,261.86327099,264.29921777,259.97098268583665,255.4030730679058,0,0,0,,,,,,0,0,0,0,,,,1491733.89806304,1330197.2225897347
1451447100,263.45600867,267.95311451,261.25429601,262.42541976,260.46187010066933,256.04146822173254,0,0,0,,,,,,0,0,0,0,,,,618953.58934653,1209527.9724501194
1451533500,263.08123033,264.62713242,260.92637199,262.61278083,260.89205224653546,256.6388602770296,0,0,0,,,,,,0,0,0,0,,,,409822.18923821,1079283.6240522456
1451619900,262.09749574,268.89001351,259.56785907,265.28294298,261.77023039322836,257.42468597729965,0,0,0,,,,,,0,0,0,0,,,,628534.13109441,1016527.5533455902
1451879100,264.2055185,266.92251623,255.1644525,258.44359901,261.1049041165827,257.5173144348179,0,0,0,,,,,,0,0,0,0,,,,562286.86230363,989400.1896147974
1451965500,259.94263741,260.69214724,254.83652848,256.85085197,260.25409368726616,257.45672693801623,0,0,0,,,,,,0,0,0,0,,,,468449.63989863,978812.1753450928
1452051900,256.52293732,256.6634909,244.62433873,246.45127305,257.49352955981294,256.45623113001477,0,0,0,,,,,,0,0,0,0,,,,858069.01115512,986035.8995535964
1452138300,242.65684146,243.21899023,236.19224771,237.41019768,253.47686318385036,254.7247735436498,0,0,0,,,,,,0,0,0,0,,,,713065.12093481,971198.974790355
1452224700,239.09662525,247.52872564,239.09662525,244.24957913,251.6314063730803,253.7724831424089,0,0,0,,,,,,0,0,0,0,,,,581578.16261015,918939.2862779743
1452483900,240.78304345,241.62624319,235.25534871,237.36337147,248.77779939246423,252.28074571764446,0,0,0,,,,,,0,0,0,0,,,,564719.35502237,907221.7479101528
1452570300,238.90924545,244.99908896,234.22475044,235.44271914,246.1107833419714,250.7500160287677,0,0,0,,,,,,0,0,0,0,,,,551386.00748286,885430.124734704
1452656700,238.0191914,239.19031515,211.7391744,227.66645743,242.42191815957713,248.651510701607,0,0,0,,,,,,0,0,0,0,,,,1984149.8352441,919342.5848184638
1452743100,218.34431236,237.457052,216.89211891,220.87393967,238.1123224616617,246.12627697146092,0,0,0,,,,,,0,0,0,0,,,,1136887.75202987,924995.4353284987
1452829500,222.88826315,229.91500567,202.6981084,206.21147966,231.73215390132935,242.49765903405537,0,0,0,,,,,,0,0,0,0,,,,1075099.87533163,911995.474845026
1453088700,206.11778039,207.80419859,188.78514886,191.12739636,223.61120239306348,237.82763515459578,0,0,0,,,,,,0,0,0,0,,,,1149223.12647064,934887.9637467193
1453175100,194.87499237,209.8653764,189.44097816,207.00783444,220.29052880245078,235.02583508963252,0,0,0,,,,,,0,0,0,0,,,,1261609.84030127,909177.3482433166
1453261500,202.18280458,203.58815308,191.59584586,196.6550911,215.56344126196063,231.53758563602958,0,0,0,,,,,,0,0,0,0,,,,1004135.98287953,888772.1071619338
1453347900,201.15221568,219.60911665,201.10536136,214.83094111,215.4169412315685,230.01879977002687,0,0,0,,,,,,0,0,0,0,,,,1542141.67938295,904105.5635674562
1453434300,220.54601565,226.07372913,217.54794821,219.60911665,216.2553763152548,229.07246494093351,0,0,0,,,,,,0,0,0,0,,,,1040122.78608494,927374.1869290372
1453693500,222.04506342,229.25918573,195.01551785,208.78795191,214.76189143420385,227.22841830175773,0,0,0,,,,,,0,0,0,0,,,,3321486.08774781,1048172.7466311253
1453866300,208.41318294,227.47907763,206.58622989,224.76206116,216.76192537936308,227.00420401614338,0,0,0,,,,,,0,0,0,0,,,,1973140.11063075,1072243.0572595107
1453952700,224.85576042,228.41597663,221.29554422,224.29361165,218.26826263349045,226.75778652831215,0,0,0,,,,,,0,0,0,0,,,,698674.02864573,1076229.0792244708
1454039100,224.85576042,225.41790919,215.58046968,216.51736868,217.91808384279236,225.82683945119285,0,0,0,,,,,,0,0,0,0,,,,541685.92243331,1082822.2658842257
1454298300,220.82709472,222.98196242,216.65789416,218.62539143,218.0595453602339,225.17216235835713,0,0,0,,,,,,0,0,0,0,,,,488442.18975154,1075817.6688170824
1454384700,217.82901791,222.70089272,208.08527766,210.6148956,216.5706154081871,223.84877447123375,0,0,0,,,,,,0,0,0,0,,,,587062.21157412,1077056.4362806068
1454471100,206.30516019,208.78795191,201.71435508,203.40078265,213.93664885654968,221.98986612384886,0,0,0,,,,,,0,0,0,0,,,,719659.21484284,1089616.9150278175
1454557500,207.05467939,210.75543045,193.32911838,196.70194542,210.48970816923975,219.69096424168077,0,0,0,,,,,,0,0,0,0,,,,605966.06350113,1077011.7676451178
1454643900,198.52888911,207.99157839,193.18857416,206.86729959,209.7652264533918,218.52517654607342,0,0,0,,,,,,0,0,0,0,,,,851497.33161615,1083933.3781791849
1454903100,204.52505209,209.5843067,201.43328538,202.88547883,208.38927692871343,217.1033858446122,0,0,0,,,,,,0,0,0,0,,,,463000.81351461,1078004.5107244079
1454989500,198.66943333,201.10536136,192.34536506,194.59392267,205.63020607697075,215.05707101055654,0,0,0,,,,,,0,0,0,0,,,,572554.7780361,1078396.2818750944
1455075900,192.53274486,194.7812931,177.54236084,184.70962883,201.4460906275766,212.29821263050596,0,0,0,,,,,,0,0,0,0,,,,1181035.52027587,1109878.7575147448
1455162300,180.82150734,184.19435312,166.76802231,169.01657055,194.96018661206128,208.3635178959145,0,0,0,,,,,,0,0,0,0,,,,950772.70689609,1058209.9010973445
1455248700,173.04524563,184.10065385,160.91240355,179.69722854,191.90759499764903,205.75749159083136,0,0,0,,,,,,0,0,0,0,,,,1358729.16674757,1069301.9718332295
1455507900,184.56910335,189.90942766,182.78900461,185.22493265,190.57106252811923,203.89089532348305,0,0,0,,,,,,0,0,0,0,,,,596304.40308425,1045362.1982208604
1455594300,187.09873065,189.15989909,173.27947038,174.49743908,187.3563378384954,201.21876293771186,0,0,0,,,,,,0,0,0,0,,,,653312.68241763,1020566.6760182099
1455680700,174.26321433,181.05573209,163.16095179,179.50985811,185.7870418927963,199.2452261351926,0,0,0,,,,,,0,0,0,0,,,,1073056.96569421,1011139.0322878569
1455767100,181.80525129,186.2086766,174.54428403,179.74408286,184.57845008623704,197.47239492835692,0,0,0,,,,,,0,0,0,0,,,,669590.8511116,994411.7756994605
1455853500,178.01081034,183.44482455,176.13701233,180.35305784,183.73337163698963,195.91609155668812,0,0,0,,,,,,0,0,0,0,,,,544420.47545894,944525.7155032599
1456112700,180.68098186,182.9295301,177.68288632,179.13508914,182.8137151375917,194.39054588244375,0,0,0,,,,,,0,0,0,0,,,,281018.55109561,906570.5037537934
1456199100,178.10450961,180.63412754,171.17144762,171.96781177,180.64453446407336,192.35211550858523,0,0,0,,,,,,0,0,0,0,,,,482825.789275,764637.4888301529
1456285500,171.78044134,171.78044134,165.40951876,167.18962687,177.95355294525868,190.06461654144113,0,0,0,,,,,,0,0,0,0,,,,454723.50722508,688716.6586598695
1456371900,167.56439584,169.29764962,157.5864121,160.11603003,174.38604836220694,187.34201776767375,0,0,0,,,,,,0,0,0,0,,,,566136.79702785,682089.7970789754
1456458300,162.13037226,165.73742404,152.71453729,155.89998453,170.68883559576554,184.4836511097034,0,0,0,,,,,,0,0,0,0,,,,794830.60457325,694747.0311859723
1456717500,156.4621333,159.31967525,144.84459504,152.24608779,167.00028603461243,181.55296353518492,0,0,0,,,,,,0,0,0,0,,,,1298697.08229256,735259.7758130233
1456803900,152.48031254,170.79668802,152.48031254,167.65807637,167.13184410168995,180.28979197471355,0,0,0,,,,,,0,0,0,0,,,,1852345.87369984,798523.9589193093
1456890300,170.14086809,175.20011333,168.82920012,171.03091277,167.91165783535195,179.44807568337595,0,0,0,,,,,,0,0,0,0,,,,1007434.09718445,812912.7030363898
1456976700,172.29571706,175.48118303,166.34641776,172.71734035,168.87279433828155,178.83619065306905,0,0,0,,,,,,0,0,0,0,,,,1157219.71947144,840475.3858349053
1457063100,175.48118303,184.19435312,170.51561832,179.32245957,170.96272738462525,178.8803969182446,0,0,0,,,,,,0,0,0,0,,,,1630178.91695528,879409.4651018617
1457408700,177.49551589,184.56910335,175.05958785,180.02513382,172.7752086717002,178.98446390931326,0,0,0,,,,,,0,0,0,0,,,,993929.97349971,905955.9231011169
1457495100,179.22877904,184.00695458,176.79284163,179.88460834,174.19708860536016,179.06629522119388,0,0,0,,,,,,0,0,0,0,,,,722454.60687021,913450.9145428224
1457581500,181.38365611,195.76504642,178.19819014,190.19049736,177.39577035628812,180.07758632472172,0,0,0,,,,,,0,0,0,0,,,,2506262.67673125,979712.2723655915
1457667900,190.19049736,196.1866416,186.30237587,190.42472211,180.0015607070305,181.01823503247428,0,0,0,,,,,,0,0,0,0,,,,1670307.04168272,1015688.9891049229
1457927100,191.59584586,195.34344187,190.65894686,191.73637134,182.3485228336244,181.99261106043116,0,0,0,,,,,,0,0,0,0,,,,979518.60154338,996728.4608447135
1458013500,192.06429536,199.04419293,190.75264613,193.61016935,184.60085213689953,183.04875272311924,0,0,0,,,,,,0,0,0,0,,,,1227810.03910582,1028303.742645792
1458099900,193.00119436,195.10921712,185.5528473,190.94001656,185.86868502151964,183.76614034465385,0,0,0,,,,,,0,0,0,0,,,,755981.16623328,1033437.1668365743
1458186300,192.9074951,195.81189137,187.70772437,188.50407916,186.3957638492157,184.19686205513986,0,0,0,,,,,,0,0,0,0,,,,676215.89819595,1013595.1134616614
1458272700,189.53466806,191.36162111,185.50600235,189.76889281,187.07038964137257,184.70341030558168,0,0,0,,,,,,0,0,0,0,,,,723676.72365958,1016299.4070890604
1458531900,190.37787716,191.83007061,187.8950948,189.11307288,187.47892628909807,185.10428872143788,0,0,0,,,,,,0,0,0,0,,,,480158.47935656,1013086.3072839414
1458618300,189.34729763,196.6550911,189.34729763,191.17424131,188.21798929327846,185.65610259312535,0,0,0,199.04419293,144.84459504,,,,1,1,1,1,,,,649173.49559741,1031494.0545090309
1458704700,190.98687088,203.07285863,189.72204786,198.80996818,190.33638507062278,186.8519085555685,0,0,0,199.04419293,144.84459504,,,,1,1,1,1,,,,1828110.60398866,1098758.2952447138
1459136700,198.52888911,203.77553288,198.15413887,201.2927599,192.52766003649822,188.1647132232441,0,0,0,199.04419293,144.84459504,,,,1,1,1,1,,,,1174157.51102638,1134729.995434779
1459223100,199.27841768,203.72868793,196.37404014,201.52698465,194.32752495919857,189.379465171131,0,0,0,199.04419293,144.84459504,,,,1,1,1,1,,,,1002575.51585241,1156551.931376007
1459309500,204.24398239,214.31564665,203.82237783,212.76977267,198.01597450135887,191.50585676193725,0,0,0,199.04419293,144.84459504,,,,1,1,1,1,,,,1692850.56020513,1201452.929157601
1459395900,211.5517946,215.29939061,209.6779966,211.59864892,200.7325093850871,193.33247423085206,0,0,0,199.04419293,144.84459504,,,,1,1,1,1,,,,914164.70546237,1182226.3103160914
1459482300,210.9896552,224.01256069,209.95907567,222.41981365,205.0699702380697,195.97677781441095,0,0,0,199.04419293,144.84459504,,,,1,1,1,1,,,,1491257.85955819,1164171.909609009
1459741500,221.10816442,223.82516215,216.09574539,218.62539143,207.78105447645575,198.03574268855542,0,0,0,199.04419293,144.84459504,,,,1,1,1,1,,,,557035.49583754,1141651.9795416635
1459827900,216.42366941,218.01639771,207.80419859,209.11585719,208.0480150191646,199.0430258250504,0,0,0,199.04419293,144.84459504,,,,1,1,1,1,,,,583328.61809884,1112957.4244730333
1459914300,209.35008195,223.35671265,205.46195109,221.52976897,210.7443658093317,201.087275201864,0,0,0,199.04419293,144.84459504,,,,1,1,1,1,,,,1108054.33460814,1086851.1953556763
1460000700,224.85576042,224.85576042,216.75159343,218.20376814,212.23624627546536,202.64332001442182,0,0,0,199.04419293,144.84459504,,,,1,1,1,1,,,,641554.74481795,1069232.4339215881
1460087100,217.36056841,221.95136415,213.8940421,219.98388562,213.78577414437228,204.21973506947438,0,0,0,199.04419293,144.84459504,,,,1,1,1,1,,,,632547.37050752,1064737.0721034538
1460346300,221.10816442,221.76399372,215.76784011,218.81276186,214.79117168749784,205.54637386861307,0,0,0,199.04419293,144.84459504,,,,1,1,1,1,,,,388909.58290283,958869.4174120327
1460432700,218.29746741,227.57275816,218.29746741,224.85576042,216.80408943399826,207.3017726460119,0,0,0,199.04419293,144.84459504,,,,1,1,1,1,,,,1124061.39617154,931557.1351364737
1460519100,226.77640338,231.32035417,224.10624122,225.8863587,218.62054328719861,208.99128046910172,0,0,0,199.04419293,144.84459504,,,,1,1,1,1,,,,658839.42541792,915523.1763302007
1460951100,226.02688418,230.85190467,224.48101019,228.6970557,220.6358457697589,210.78271458100156,0,0,0,199.04419293,144.84459504,,,,1,1,1,1,,,,659457.4215935,887105.5454545846
1461123900,229.54025543,232.63202214,224.34046597,225.83950438,221.6765774918071,212.15151365363778,0,0,0,199.04419293,144.84459504,,,,1,1,1,1,,,,587383.48419735,878675.6613527881
1461210300,226.68271348,227.66645743,212.0202441,215.48677041,220.43861607544568,212.45471881330707,0,0,0,199.04419293,144.84459504,,,,1,1,1,1,,,,597979.0766585,874763.8202759156
1461296700,216.42366941,220.54601565,212.62922845,214.69039689,219.28897223835654,212.6579622748246,0,0,0,199.04419293,144.84459504,,,,1,1,1,1,,,,505530.47778448,863856.5079821607
1461555900,215.48677041,217.82901791,210.94280088,212.30132317,217.89144242468524,212.62554053802236,0,0,0,199.04419293,144.84459504,,,,1,1,1,1,,,,369438.96764382,858320.5323965236
1461642300,212.30132317,218.95329671,210.89597467,217.87586286,217.8883265117482,213.10284256729307,0,0,0,199.04419293,144.84459504,,,,1,1,1,1,,,,469883.09216773,849356.0122250397
1461728700,218.29746741,219.98388562,214.78409616,216.75159343,217.66097989539855,213.4345471911755,0,0,0,232.63202214,144.84459504,,,,1,1,1,1,,,,382077.46974238,777054.3555127258
1461815100,216.79841964,222.70089272,212.25446885,214.54987141,217.03875819831885,213.53594030197775,0,0,0,232.63202214,144.84459504,,,,1,1,1,1,,,,851377.78831448,760915.3693771309
1461901500,214.54987141,218.06324266,212.4886936,215.76784011,216.7845745806551,213.73884028452522,0,0,0,232.63202214,144.84459504,,,,1,1,1,1,,,,398864.76481934,730729.8318254773
1462160700,214.31564665,221.10816442,213.6129724,219.65597096,217.35885385652406,214.27676125502293,0,0,0,232.63202214,144.84459504,,,,1,1,1,1,,,,773500.66403295,684762.3370168684
1462247100,220.63971492,236.09854845,206.25830587,209.63115165,215.81331341521926,213.85443310911177,0,0,0,232.63202214,144.84459504,,,,1,1,1,1,,,,6091569.09039823,943632.5562636614
1462333500,208.88163244,212.91029815,196.88931585,199.4189619,212.5344431121754,212.54211754464706,0,0,0,232.63202214,144.84459504,,,,1,1,1,1,,,,1803021.45355129,959220.7359633164
1462419900,200.3558609,206.96098012,197.77938864,204.89981169,211.00751682774032,211.84736246695186,0,0,0,232.63202214,144.84459504,,,,1,1,1,1,,,,1111896.79787601,986963.8010652397
1462506300,203.6350074,204.89981169,198.24783814,199.8874114,208.78349574219226,210.76009418813805,0,0,0,232.63202214,144.84459504,,,,1,1,1,1,,,,476752.56260995,981634.9982907953
1462765500,200.91799093,204.99350159,200.49638638,202.83863388,207.5945233697538,210.03996143285278,0,0,0,232.63202214,144.84459504,,,,1,1,1,1,,,,602509.98126186,956357.7806234814
1462851900,202.65125408,203.86923215,198.62258837,199.8874114,206.05310097580303,209.11700233895706,0,0,0,236.09854845,144.84459504,,,,1,1,1,1,,,,378310.78838896,943195.5828020319
1462938300,197.21723987,200.49638638,194.87499237,196.98301512,204.23908380464243,208.01391259177916,0,0,0,236.09854845,144.84459504,,,,1,1,1,1,,,,497777.24079064,936457.0763161879
1463024700,197.68568937,201.90173488,196.98301512,199.79371213,203.35000946971394,207.26662164070834,0,0,0,236.09854845,144.84459504,,,,1,1,1,1,,,,619441.36871137,947983.6656066148
1463111100,198.66943333,200.8243104,193.51648882,194.73446689,201.62690095377116,206.1273348451894,0,0,0,236.09854845,144.84459504,,,,1,1,1,1,,,,439201.02297379,913740.6469467273
1463370300,195.10921712,196.37404014,192.25167516,192.86066888,199.8736545390169,204.92127430289946,0,0,0,236.09854845,144.84459504,,,,1,1,1,1,,,,420603.50075731,901828.8507136967
1463456700,193.28226406,199.09103788,193.28226406,194.50024214,198.79897205921353,203.97390774263587,0,0,0,236.09854845,144.84459504,,,,1,1,1,1,,,,563302.9803678,897021.1286524119
1463543100,195.20291639,207.47628394,195.10921712,205.83671069,200.20651978537083,204.1432534651235,0,0,0,236.09854845,144.84459504,,,,1,1,1,1,,,,1509512.76213329,943127.5925492089
1463629500,206.86729959,209.53745238,197.87306917,199.13788283,199.99279239429666,203.68821977102138,0,0,0,236.09854845,144.84459504,,,,1,1,1,1,,,,786896.98527601,952573.4879800843
1463715900,199.55948738,203.21338411,195.06237217,195.85873632,199.16598117943732,202.97644854820126,0,0,0,236.09854845,144.84459504,,,,1,1,1,1,,,,539634.47398863,954278.6877902917
1463975100,197.07671439,198.99733861,193.51648882,194.59392267,198.25156947754985,202.21440074109205,0,0,0,236.09854845,144.84459504,,,,1,1,1,1,,,,444613.55942695,958037.4173794484
1464061500,195.57766662,197.5919901,189.39412384,191.17424131,196.83610384403988,201.21074988372004,0,0,0,236.09854845,144.84459504,,,,1,1,1,1,,,,464972.21064121,957791.8733031222
1464147900,193.14171985,199.09103788,193.14171985,198.15413887,197.0997108492319,200.93287615520003,0,0,0,236.09854845,144.84459504,,,,1,1,1,1,,,,483351.99327252,962855.5994796293
1464234300,199.09103788,200.21531668,194.40654287,198.90365808,197.46050029538554,200.7484017847273,0,0,0,236.09854845,144.84459504,,,,1,1,1,1,,,,398082.39660396,940190.8298941033
1464320700,199.04419293,205.55563162,197.82621485,203.54130813,198.67666186230844,201.00230236157026,0,0,0,236.09854845,144.84459504,,,,1,1,1,1,,,,769610.16997423,958728.100151848
1464579900,204.24398239,204.99350159,200.8243104,202.04226036,199.34978156184675,201.09684399779115,0,0,0,236.09854845,144.84459504,,,,1,1,1,1,,,,317624.41782751,935934.2878415759
1464666300,202.27648511,203.07285863,196.84248964,198.20098382,199.1200220134774,200.83358398162832,0,0,0,236.09854845,144.84459504,,,,1,1,1,1,,,,300474.22344192,646379.5444937606
1464752700,199.23156336,203.11970358,197.17039492,198.57574342,199.01116629478193,200.628325748753,0,0,0,236.09854845,144.84459504,,,,1,1,1,1,,,,446388.56398653,578547.9000155225
1464839100,198.85681313,199.55948738,194.87499237,195.7181921,198.35257145582554,200.18194996250273,0,0,0,236.09854845,144.84459504,,,,1,1,1,1,,,,392956.97754499,542600.9089989716
1464925500,196.28034087,197.1235406,190.19049736,190.61210191,196.80447754666042,199.31196377591158,0,0,0,236.09854845,144.84459504,,,,1,1,1,1,,,,555534.80046126,546540.0208915371
1465184700,191.50214659,193.61016935,186.4897463,192.34536506,195.91265504932835,198.67863661991962,0,0,0,236.09854845,144.84459504,,,,1,1,1,1,,,,506857.1949628,541757.381576584
1465271100,192.62644413,196.56141057,190.65894686,195.48396735,195.82691750946267,198.388212140836,0,0,0,236.09854845,144.84459504,,,,1,1,1,1,,,,359185.99482405,540801.1418983386
1465357500,195.01551785,198.10729392,191.45532038,196.23349592,195.90823319157013,198.19232884803273,0,0,0,236.09854845,144.84459504,,,,1,1,1,1,,,,679410.47946282,549882.8038319475
1465443900,196.60826489,202.37018438,196.09296107,199.32526263,196.5916390792561,198.29532282821157,0,0,0,236.09854845,144.84459504,,,,1,1,1,1,,,,937636.81927452,565792.576360105
1465530300,199.55948738,203.02601368,197.07671439,198.99733861,197.07277898540488,198.35914244473778,0,0,0,236.09854845,144.84459504,,,,1,1,1,1,,,,602002.98958069,573932.6746904498
1465789500,198.52888911,198.52888911,192.86066888,193.98493832,196.45521085232392,197.96148752430707,0,0,0,236.09854845,144.84459504,,,,1,1,1,1,,,,393174.71713017,572561.2355090928
1465875900,194.87499237,198.52888911,191.36162111,193.32911838,195.82999235785914,197.5403630566428,0,0,0,236.09854845,144.84459504,,,,1,1,1,1,,,,423390.35397742,565565.6041895738
1465962300,195.15606207,198.15413887,193.51648882,194.54706835,195.57340755628732,197.2682453560389,0,0,0,236.09854845,144.84459504,,,,1,1,1,1,,,,545529.45305209,517366.4387355138
1466048700,193.75071357,194.87499237,189.62834859,190.84632666,194.62799137702984,196.6844345654899,0,0,0,236.09854845,144.84459504,,,,1,1,1,1,,,,439974.85238191,500020.33209080866
1466135100,192.25167516,194.21916307,189.76889281,190.65894686,193.83418247362388,196.1366629558999,0,0,0,236.09854845,144.84459504,,,,1,1,1,1,,,,364983.8449549,491287.8006391221
1466394300,187.66087005,193.46964387,187.66087005,191.12739636,193.2928252508991,195.68127508354536,0,0,0,236.09854845,144.84459504,,,,1,1,1,1,,,,329656.66461048,485539.95589829853
1466480700,191.36162111,192.34536506,189.72204786,190.47156706,192.7285736127193,195.20766526322305,0,0,0,236.09854845,144.84459504,,,,1,1,1,1,,,,325433.15706854,478563.00321966514
1466567100,190.61210191,195.2497426,187.47349962,189.15989909,192.01483870817543,194.6578683383846,0,0,0,236.09854845,144.84459504,,,,1,1,1,1,,,,569698.54700698,482880.3309063882
1466653500,187.56718015,190.19049736,181.94578614,182.78900461,190.16967188854034,193.57888072671327,0,0,0,236.09854845,144.84459504,,,,1,1,1,1,,,,547587.30560221,490355.57635630073
1466739900,178.01081034,185.59970162,170.1876943,183.81958415,188.89965434083226,192.69167194701205,0,0,0,236.09854845,144.84459504,,,,1,1,1,1,,,,849876.02558729,494368.8691369536
1466999100,183.53850508,193.93809337,183.30428033,192.53274486,189.6262724446658,192.67722403001096,0,0,0,236.09854845,144.84459504,,,,1,1,1,1,,,,996922.82544501,528333.7895178286
1467085500,193.61016935,198.43520857,190.19049736,191.03369709,189.90775737373264,192.52781249000998,0,0,0,236.09854845,144.84459504,,,,1,1,1,1,,,,746083.62126579,550614.2594090222
1467171900,192.53274486,193.28226406,190.28419663,191.08055141,190.1423161809861,192.39624330091817,0,0,0,236.09854845,144.84459504,,,,1,1,1,1,,,,215509.88913298,539070.3256663446
1467258300,192.25167516,193.79756788,190.28419663,190.84632666,190.28311827678888,192.25534178810742,0,0,0,236.09854845,144.84459504,,,,1,1,1,1,,,,252223.55830656,532033.654704423
1467344700,193.46964387,204.00975764,193.46964387,201.10536136,192.44756689343112,193.05988902191584,0,0,0,236.09854845,144.84459504,,,,1,1,1,1,,,,1816189.3617001,595066.3827663651
1467603900,202.08911468,202.41702933,195.95241685,197.35776535,193.4296065847449,193.45060505174166,0,0,0,236.09854845,144.84459504,,,,1,1,1,1,,,,514000.97458831,595423.5717476406
1467690300,198.0604396,205.04035591,195.01551785,201.71435508,195.08655628379591,194.2018550543106,0,0,0,236.09854845,144.84459504,,,,1,1,1,1,,,,908428.76168417,622885.7100906466
1467863100,202.74493461,207.94473344,200.63691186,204.15028312,196.89930165103672,195.10625760573691,0,0,0,236.09854845,144.84459504,,,,1,1,1,1,,,,883871.15199886,633108.7437174486
1467949500,203.30708338,205.18088139,198.95051239,200.3558609,197.5906135008294,195.58349426885175,0,0,0,236.09854845,144.84459504,,,,1,1,1,1,,,,379911.81475057,605222.4934912511
1468208700,202.46388365,207.61682816,201.90173488,204.57190641,198.98687208266352,196.40062264531977,0,0,0,236.09854845,144.84459504,,,,1,1,1,1,,,,918898.40673821,621067.2643491271
1468295100,205.27458066,205.88355564,198.29466436,199.46578811,199.0826552881308,196.6792740511998,0,0,0,236.09854845,144.84459504,,,,1,1,1,1,,,,358662.99287926,619341.6781365817
1468381500,200.49638638,201.43328538,194.96869164,195.81189137,198.42850250450465,196.60042108018163,0,0,0,236.09854845,144.84459504,,,,1,1,1,1,,,,285727.70330056,612458.5456027386
1468467900,195.81189137,201.7612094,195.39028682,198.62258837,198.4673196776037,196.7842544701651,0,0,0,236.09854845,144.84459504,,,,1,1,1,1,,,,288565.78936425,599610.3624183467
1468554300,198.71628764,199.46578811,192.9074951,193.32911838,197.43967941808296,196.47015118924102,0,0,0,236.09854845,144.84459504,,,,1,1,1,1,,,,314952.83850543,593359.2617245227
1468813500,194.54706835,195.95241685,184.19435312,188.45722484,195.64318850246636,195.74170333931002,0,0,0,236.09854845,144.84459504,,,,1,1,1,1,,,,433839.71936421,596802.0554449882
1468899900,188.31669936,190.65894686,183.25745411,184.89702737,193.4939562759731,194.7558237057364,0,0,0,236.09854845,144.84459504,,,,1,1,1,1,,,,552005.07100935,607919.4757649318
1468986300,185.0843978,199.79371213,184.3348786,197.87306917,194.36977885477847,195.03920965703307,0,0,0,236.09854845,144.84459504,,,,1,1,1,1,,,,1379334.37602152,660614.5367125807
1469072700,198.34151867,201.24590558,193.28226406,194.82814742,194.4614525678228,195.02002218093915,0,0,0,236.09854845,144.84459504,,,,1,1,1,1,,,,560795.77308551,660169.3980165072
1469159100,195.2497426,196.74879037,192.39221938,195.15606207,194.60037446825822,195.03238944358105,0,0,0,236.09854845,144.84459504,,,,1,1,1,1,,,,318770.75270242,648728.5703715177
1469418300,195.81189137,205.83671069,195.81189137,201.15221568,195.91074271060657,195.5887372832555,0,0,0,236.09854845,144.84459504,,,,1,1,1,1,,,,1062171.05378615,659343.3217814607
1469504700,202.27648511,214.73725121,199.04419293,205.64933089,197.85846034648526,196.50333670205046,0,0,0,236.09854845,144.84459504,,,,1,1,1,1,,,,2505844.27517542,734789.3942679812
1469591100,207.89787912,212.2076239,204.33768165,210.3338259,200.3535334571882,197.76065390186406,0,0,0,236.09854845,144.84459504,,,,1,1,1,1,,,,1034834.06233708,749226.9163215457
1469677500,210.8022754,218.11008761,208.27264809,212.25446885,202.73372053575056,199.0782734426037,0,0,0,236.09854845,144.84459504,,,,1,1,1,1,,,,1493048.87438138,813103.8655839658
1469763900,212.11392463,212.6760734,204.99350159,205.78985637,203.34494770260045,199.68841734509425,0,0,0,236.09854845,144.84459504,,,,1,1,1,1,,,,470579.00495958,824021.6379166167
1470023100,207.05467939,207.75735364,197.5919901,200.63691186,202.80334053408035,199.7746441191766,0,0,0,236.09854845,144.84459504,,,,1,1,1,1,,,,688668.68123657,767645.6038934402
1470109500,200.30900658,207.33574909,198.62258837,200.68376618,202.37942566326427,199.85729157925147,0,0,0,236.09854845,144.84459504,,,,1,1,1,1,,,,798303.76442704,781860.7433853768
1470195900,200.02793688,201.71435508,193.98493832,194.92183732,200.88790799461142,199.40861391931952,0,0,0,236.09854845,144.84459504,,,,1,1,1,1,,,,469372.89843383,759907.9502228599
1470282300,196.93617017,199.37210758,193.46964387,197.26408482,200.16314335968914,199.2136567284723,0,0,0,236.09854845,144.84459504,,,,1,1,1,1,,,,431160.66858578,737272.4260522057
1470368700,198.10729392,200.96483588,197.21723987,199.27841768,199.9861982237513,199.2195440877021,0,0,0,236.09854845,144.84459504,,,,1,1,1,1,,,,311457.26428258,733849.6985288062
1470627900,200.49638638,203.6350074,195.90559064,200.59008565,200.10697570900103,199.34413877518372,0,0,0,236.09854845,144.84459504,,,,1,1,1,1,,,,579650.52687077,716887.3045354343
1470714300,200.96483588,208.36632862,190.61210191,192.62644413,198.61086939320083,198.7334392619852,0,0,0,236.09854845,144.84459504,,,,1,1,1,1,,,,1733233.78179953,785615.8439814479
1470800700,190.19049736,193.32911838,178.99455429,180.21253236,194.93120198656067,197.04972045271384,0,0,0,236.09854845,144.84459504,,,,1,1,1,1,,,,1586263.83120716,850642.6503767779
1470887100,181.28995684,182.36738133,167.89230112,171.73358702,190.29167899324852,194.7482537770126,0,0,0,236.09854845,144.84459504,,,,4,1,1,1,,,,1255134.222344,898971.0720257654
1470973500,171.92096682,178.80718386,171.92096682,175.90278758,187.41390071059882,193.03502957728418,0,0,0,236.09854845,144.84459504,,,,4,1,1,1,,,,611972.04705899,913822.0324534435
1471319100,175.90278758,181.47733664,172.15519158,179.83776339,185.89867324647906,191.8352781057129,0,0,0,236.09854845,144.84459504,,,,4,1,1,1,,,,577132.6460794,920986.6787892028
1471405500,179.32245957,184.28803365,178.47925984,182.7421503,185.26736865718325,191.00863012337535,0,0,0,236.09854845,144.84459504,,,,4,1,1,1,,,,571893.0204733,921981.0762624003
1471491900,183.16375485,186.16183165,180.68098186,181.38365611,184.4906261477466,190.13363248579577,0,0,0,236.09854845,144.84459504,,,,4,1,1,1,,,,988118.24780705,902420.2698516769
1471578300,183.07005558,185.17807833,179.79090907,180.77466239,183.7474333961973,189.28281702254162,0,0,0,236.09854845,144.84459504,,,,4,1,1,1,,,,629590.80849308,905860.0216220554
1471837500,180.11883309,182.41423564,178.01081034,179.04140861,182.80622843895785,188.35177989412875,0,0,0,236.09854845,144.84459504,,,,4,1,1,1,,,,281359.03603518,903989.4357886933
1471923900,179.74408286,184.94385358,177.77658559,182.9295301,182.8308887711663,187.8588480946625,0,0,0,236.09854845,144.84459504,,,,4,1,1,1,,,,730464.00808191,887404.0835034813
1472010300,183.35113465,184.47540408,180.96203282,182.18001089,182.70071319493303,187.34259016696592,0,0,0,236.09854845,144.84459504,,,,4,1,1,1,,,,298654.39014422,777044.5892519214
1472096700,182.7421503,185.41230308,176.2307116,178.33873436,181.82831742794642,186.5240578208781,0,0,0,236.09854845,144.84459504,,,,4,1,1,1,,,,566860.4609433,753645.9091822325
1472183100,179.79090907,179.83776339,174.3569136,175.01273353,180.46520064835713,185.47757379443465,0,0,0,236.09854845,144.84459504,,,,4,1,1,1,,,,347890.22016742,696387.9764715343
1472442300,175.10641406,177.82343054,174.45059413,176.46493635,179.6651477886857,184.65824311766787,0,0,0,236.09854845,144.84459504,,,,4,1,1,1,,,,200353.50624305,682876.701535708
1472528700,177.87028485,181.19625757,176.51176256,177.91711107,179.31554044494854,184.04541293151624,0,0,0,236.09854845,144.84459504,,,,4,1,1,1,,,,351729.48138257,666029.741543008
1472615100,178.01081034,179.50985811,175.43433808,176.18385728,178.68920381195883,183.33072605410567,0,0,0,236.09854845,144.84459504,,,,4,1,1,1,,,,216662.62811334,636947.684727323
1472701500,176.37123708,177.58920579,171.35881805,172.24889084,177.40114121756707,182.32328648918698,0,0,0,236.09854845,144.84459504,,,,4,1,1,1,,,,298235.98858839,628390.839235051
1472787900,172.43626128,180.58728259,171.45251732,179.46300379,177.81351373205365,182.06326078926088,0,0,0,236.09854845,144.84459504,,,,4,1,1,1,,,,536657.63230694,633665.687421109
1473133500,178.94770934,185.50600235,178.94770934,183.07005558,178.86482210164291,182.15478758841897,0,0,0,236.09854845,144.84459504,,,,4,1,1,1,,,,558111.38555254,645998.393484607
1473219900,182.83583083,191.78322566,182.78900461,184.24117933,179.94009354731432,182.34445956492632,0,0,0,236.09854845,144.84459504,,,,4,1,1,1,,,,1228526.23156492,678442.1787193145
1473306300,183.63220435,191.54900091,183.63220435,189.76889281,181.90585339985145,183.0194080417512,0,0,0,236.09854845,144.84459504,,,,4,1,1,1,,,,766160.49184041,630088.5142213583
1473392700,187.4266453,197.40461967,187.4266453,194.45338782,184.41536028388117,184.05886074886473,0,0,0,236.09854845,144.84459504,,,,4,1,1,1,,,,1351282.25946426,618339.4356342134
1473651900,187.94194912,190.61210191,184.42857787,185.2717776,184.58664374710494,184.16912591714976,0,0,0,236.09854845,144.84459504,,,,4,1,1,1,,,,673684.14184278,589266.9316091524
1473824700,185.4591574,192.43904559,185.4591574,191.87691556,186.04469810968396,184.86983406649978,0,0,0,236.09854845,144.84459504,,,,4,1,1,1,,,,593122.63002828,588324.4607576168
1473911100,192.43904559,193.3759446,186.11497733,187.37980035,186.31171855774718,185.09801281954526,0,0,0,236.09854845,144.84459504,,,,4,1,1,1,,,,418338.58213108,580384.7575602009
1473997500,189.81574713,193.8443941,186.91135085,187.4266453,186.53470390619773,185.30970668140478,0,0,0,236.09854845,144.84459504,,,,4,1,1,1,,,,804896.79098416,592034.9460857438
1474256700,187.37980035,189.06621856,183.63220435,184.47540408,186.12284394095818,185.233860990368,0,0,0,236.09854845,144.84459504,,,,4,1,1,1,,,,329353.53695268,559096.7105430254
1474343100,185.03755285,186.2086766,181.28995684,182.97637505,185.49355016276655,185.02863499578908,0,0,0,236.09854845,144.84459504,,,,4,1,1,1,,,,392509.75751465,547242.6579941039
1474429500,182.69530534,184.66280262,178.76032954,179.46300379,184.28744088821324,184.52266852253553,0,0,0,236.09854845,144.84459504,,,,4,1,1,1,,,,415151.47232057,553932.2798083732
1474515900,181.28995684,182.22685584,177.1676106,177.91711107,183.0133749245706,183.92216329957776,0,0,0,236.09854845,144.84459504,,,,4,1,1,1,,,,483624.16775399,541590.2877919773
1474602300,178.94770934,179.36931389,174.59113835,175.15326838,181.44135361565648,183.1249910341616,0,0,0,236.09854845,144.84459504,,,,4,1,1,1,,,,537845.59386726,553549.8479781296
1474861500,174.49743908,177.91711107,174.49743908,175.05958785,180.1650004625252,182.3917725628742,0,0,0,236.09854845,144.84459504,,,,4,1,1,1,,,,292615.31870822,539837.5908663756
1474947900,175.24695828,179.32245957,174.45059413,175.01273353,179.13454707602017,181.7209508326129,0,0,0,236.09854845,144.84459504,,,,4,1,1,1,,,,396592.37473676,542272.6985948427
1475034300,175.20011333,178.24503509,172.9515651,174.02898958,178.11343557681613,181.02168162782993,0,0,0,236.09854845,144.84459504,,,,4,1,1,1,,,,326968.00767388,548603.4236663842
1475120700,175.20011333,177.07391133,158.3359313,163.67625561,175.2259995834529,179.4448247171181,0,0,0,236.09854845,144.84459504,,,,4,1,1,1,,,,746135.92146027,568323.7456702691
1475207100,163.95732531,167.65807637,161.89614751,162.59882176,172.70056401876232,177.91336990283463,0,0,0,236.09854845,144.84459504,,,,4,1,1,1,,,,426895.53435844,578835.3909825241
1475466300,164.23839501,168.92289002,164.14470511,167.56439584,171.67333038300987,176.97255407894056,0,0,0,236.09854845,144.84459504,,,,4,1,1,1,,,,440805.25138813,585963.8541225111
1475552700,168.36075062,172.71734035,167.28331677,170.79668802,171.4980019104079,176.41111170994597,0,0,0,236.09854845,144.84459504,,,,4,1,1,1,,,,545095.04123264,586385.7245687961
1475639100,170.79668802,172.24889084,167.23647182,169.95346955,171.18909543832632,175.82405333176905,0,0,0,236.09854845,144.84459504,,,,4,1,1,1,,,,491425.43553867,583051.4270681025
1475725500,170.89036855,171.68674207,165.50319929,166.9085478,170.33298591066105,175.01355282888096,0,0,0,236.09854845,144.84459504,,,,4,1,1,1,,,,453555.82533201,544302.9067564572
1475811900,167.61122205,167.61122205,164.19155006,166.58064251,169.58251723052885,174.2469246180736,0,0,0,236.09854845,144.84459504,,,,4,1,1,1,,,,250390.91679797,518514.42800433515
1476071100,167.61122205,173.51369513,166.25272786,170.6561438,169.79724254442309,173.9204899982487,0,0,0,236.09854845,144.84459504,,,,4,1,1,1,,,,406176.11853737,471259.12095799064
1476330300,169.81294407,171.63989712,161.19347325,165.59689856,168.95717374753846,173.16379986749882,0,0,0,236.09854845,144.84459504,,,,4,1,1,1,,,,501499.09340594,462649.86853614857
1476416700,165.83112331,167.47069657,163.95732531,165.22214833,168.21016866403076,172.44183154590803,0,0,0,236.09854845,144.84459504,,,,4,1,1,1,,,,262252.3874357,446106.35640651966
1476675900,164.98792358,173.13893553,164.98792358,169.90664334,168.5494635992246,172.2113598908255,0,0,0,236.09854845,144.84459504,,,,4,1,1,1,,,,549613.13762511,452670.0841812209
1476762300,170.60931759,174.8253631,169.81294407,171.63989712,169.16755030337967,172.15940872984135,0,0,0,236.09854845,144.84459504,,,,4,1,1,1,,,,356212.35519508,430235.8623917669
1476848700,171.92096682,173.13893553,169.15711477,170.14086809,169.36221386070375,171.97590503531032,0,0,0,236.09854845,144.84459504,,,,4,1,1,1,,,,237432.20942708,425639.79601548694
1476935100,171.21829257,176.46493635,170.98406782,172.10834662,169.911440412563,171.987945179373,0,0,0,236.09854845,144.84459504,,,,4,1,1,1,,,,607960.9423477,436412.3552571394
1477021500,173.04524563,174.12268885,170.51561832,171.17144762,170.1634418540504,171.9137181285209,0,0,0,236.09854845,144.84459504,,,,4,1,1,1,,,,223057.12740162,426807.638011192
1477280700,171.49936227,172.85786583,169.06342487,169.76609912,170.0839733072403,171.7184800368372,0,0,0,236.09854845,144.84459504,,,,4,1,1,1,,,,218025.63522252,413527.7113846184
1477367100,170.42191905,171.07776709,166.62749683,167.98599102,169.66437684979226,171.37916285348837,0,0,0,236.09854845,144.84459504,,,,4,1,1,1,,,,198818.65563772,396576.3644731414
1477453500,167.70492132,170.89036855,166.48695261,168.87604507,169.50671049383382,171.15160669135307,0,0,0,236.09854845,144.84459504,,,,4,1,1,1,,,,280471.00007994,395969.1485417274
1477539900,168.64182032,170.23454862,167.33017108,169.15711477,169.43679134906705,170.97028924395732,0,0,0,236.09854845,144.84459504,,,,4,1,1,1,,,,197865.5112771,386032.8053687444
1477626300,169.15711477,180.44675711,169.11026982,176.51176256,170.85178559125364,171.47405954541574,0,0,0,236.09854845,144.84459504,,,,4,1,1,1,,,,1195671.03592282,429467.9567811914
1477971900,178.01081034,180.16567804,172.81102088,176.55861688,171.9931518490029,171.93629203037796,0,0,0,236.09854845,144.84459504,,,,4,1,1,1,,,,406935.00503277,412507.9109598164
1478058300,173.79476483,174.63796456,170.93722287,171.68674207,171.93186989320233,171.9136056703436,0,0,0,236.09854845,144.84459504,,,,4,1,1,1,,,,305270.89842131,406426.6791629599
1478144700,171.45251732,175.15326838,155.80630399,157.91432675,169.12836126456187,170.64094395031236,0,0,0,236.09854845,144.84459504,,,,4,1,1,1,,,,2913378.06406743,530055.3197969248
1478231100,158.3359313,161.1466283,148.07688723,149.66961553,165.23661211764949,168.7344595484658,0,0,0,236.09854845,144.84459504,,,,4,1,1,1,,,,1342643.121217,569932.7237961428
1478490300,152.19924284,152.71453729,146.85891853,148.12374155,161.8140380041196,166.86075791224164,0,0,0,236.09854845,144.84459504,,,,4,1,1,1,,,,485022.39744313,569612.5718913658
1478576700,148.8264158,149.57591626,142.97079704,143.86084172,158.22339874729568,164.76985644021968,0,0,0,236.09854845,144.84459504,,,,4,1,1,1,,,,404501.44496312,567159.8528729214
1478663100,120.39152173,141.37805,117.39344492,137.30254871,154.03922873983655,162.27282846474517,0,0,0,236.09854845,144.84459504,,,,4,1,1,1,,,,733286.08388197,591304.6112271214
1478749500,145.12564601,145.12564601,140.58169522,141.00329977,151.43204294586923,160.33923494704106,0,0,0,236.09854845,144.84459504,,,,4,1,1,1,,,,332263.13552718,587608.9620766119
1478835900,138.94212196,139.69165053,131.54061048,132.47750948,147.6411362526954,157.8063508136737,0,0,0,236.09854845,144.84459504,,,,4,1,1,1,,,,247803.6581976,574924.1903161949
1479181500,133.03965825,133.32072795,121.8905695,123.15537378,142.7439837581563,154.65626199243064,0,0,0,236.09854845,144.84459504,,,,4,1,1,1,,,,422138.35136264,582918.4885125419
1479267900,124.74809272,133.9297123,123.06169325,129.15153676,140.02549435852504,152.33765060766422,0,0,0,236.09854845,144.84459504,,,,4,1,1,1,,,,555287.17505066,583202.1903838193
1479354300,129.29206224,132.94595898,124.232817,124.88863694,136.99812287482004,149.84228572878564,0,0,0,236.09854845,144.84459504,,,,4,1,1,1,,,,210173.13459427,575900.2293537789
1479440700,124.84179199,129.76051174,123.01483893,123.71751318,134.34200093585602,147.46730640616877,0,0,0,236.09854845,144.84459504,,,,4,1,1,1,,,,323757.41614339,580216.4896895944
1479699900,124.56072229,125.16971601,111.39729131,112.89632971,130.05286669068482,144.3244903428807,0,0,0,236.09854845,144.84459504,,,,4,1,1,1,,,,521763.81774032,575906.6334592254
1479786300,115.05119742,118.23665402,112.42788021,115.14488732,127.07127081654785,141.67179915898245,0,0,0,236.09854845,144.84459504,,,,4,1,1,1,,,,306200.56106195,580063.8051422418
1479872700,118.04927422,124.09227278,116.26916612,122.8274685,126.22251035323828,139.95867818998406,0,0,0,236.09854845,144.84459504,,,,4,1,1,1,,,,526606.38880874,595492.8428215528
1479959100,120.39152173,130.22896125,120.15729698,128.30831829,126.63967194059062,138.89955456271278,0,0,0,236.09854845,144.84459504,,,,4,1,1,1,,,,614835.74954446,616293.6975168899
1480045500,129.76051174,135.28820649,129.29206224,133.22703805,127.9571451624725,138.38387124337527,0,0,0,236.09854845,144.84459504,,,,4,1,1,1,,,,657033.46768202,635121.8208969939
1480304700,133.03965825,136.69355499,131.91537945,133.60180702,129.086077533978,137.94913813215933,0,0,0,236.09854845,144.84459504,,,,4,1,1,1,,,,270530.76107614,638755.0833869458
1480391100,134.6792315,135.52243124,130.2758062,131.44692995,129.5582480171824,137.35802829741758,0,0,0,236.09854845,144.84459504,,,,4,1,1,1,,,,212043.13338463,589573.6882600363
1480477500,131.63430975,135.38190576,129.29206224,134.25762695,130.49812380374593,137.07617362947053,0,0,0,236.09854845,144.84459504,,,,4,1,1,1,,,,296338.23867442,584043.8499421189
1480563900,135.38190576,144.6571965,134.53870602,139.83217601,132.36493424499673,137.32671930042775,0,0,0,236.09854845,144.84459504,,,,4,1,1,1,,,,1197411.88525335,628650.8992837209
1480650300,137.72415326,139.41057146,134.07025652,135.52243124,132.9964336439974,137.16269311311615,0,0,0,236.09854845,144.84459504,,,,4,1,1,1,,,,264765.99882343,496220.2960215208
1480909500,135.33506081,137.95837801,133.64863323,135.05398174,133.40794326319792,136.9709920791965,0,0,0,236.09854845,144.84459504,,,,4,1,1,1,,,,142763.52066495,436226.3159939183
1480995900,134.63238655,139.50425199,134.63238655,137.16200449,134.15875550855833,136.98835684381498,0,0,0,236.09854845,144.84459504,,,,4,1,1,1,,,,155017.77643673,419726.0849435983
1481082300,137.72415326,138.94212196,133.0865032,134.72607645,134.27221969684666,136.7826949898318,0,0,0,236.09854845,144.84459504,,,,4,1,1,1,,,,149583.89296542,406980.20734371326
1481168700,135.94405453,138.66105226,133.97655725,136.22510549,134.66279685547732,136.73200503530165,0,0,0,236.09854845,144.84459504,,,,4,1,1,1,,,,197837.7601535,380207.7911572898
1481255100,136.88095353,163.44203086,136.78725426,161.24032757,139.97830299838185,138.96003435663786,0,0,0,236.09854845,144.84459504,,,,4,1,1,1,,,,4803609.55823755,603775.1122928086
1481514300,159.5539,160.8655586,150.84073928,154.58833529,142.9003094567055,140.38078898694351,0,0,0,236.09854845,144.84459504,,,,4,1,1,1,,,,1458424.01093425,664306.129929641
1481600700,154.68203456,164.65999956,154.58833529,159.0854505,146.13733766536438,142.08121276085774,0,0,0,236.09854845,144.84459504,,,,4,1,1,1,,,,1958272.97983682,741112.8613533501
1481687100,157.96118107,163.20780611,154.58833529,155.89998453,148.08986703829152,143.33746473987068,0,0,0,236.09854845,144.84459504,,,,4,1,1,1,,,,824148.59930709,754555.9325661715
1481773500,154.40095549,159.2728303,149.20116603,151.26234384,148.72436239863322,144.0579082944279,0,0,0,236.09854845,144.84459504,,,,4,1,1,1,,,,826354.81363339,785365.0165181275
1481859900,150.37228978,152.94876204,143.43924654,144.75089577,147.92966907290656,144.12090715584355,0,0,0,236.09854845,144.84459504,,,,4,1,1,1,,,,828234.41858193,810588.8666400545
1482119100,145.21934527,149.81014101,140.58169522,141.09699904,146.56313506632526,143.8460064180396,0,0,0,236.09854845,144.84459504,,,,4,1,1,1,,,,816058.07942641,825303.579724359
1482205500,141.8464995,143.90769604,135.47560502,136.59987446,144.5704829450602,143.1872671491269,0,0,0,164.65999956,111.39729131,,,,1,1,1,1,,,,683505.90489582,844168.8469160525
1482291900,137.72415326,139.31688156,132.57120875,132.94595898,142.24557815204815,142.25623913375173,0,0,0,164.65999956,111.39729131,,,,1,1,1,1,,,,632923.07802705,849484.6813769679
1482378300,132.94595898,134.35130748,126.94981474,127.74618826,139.34570017363853,140.93714359977432,0,0,0,164.65999956,111.39729131,,,,4,1,1,1,,,,629244.98679897,850205.1432396935
1482464700,127.79301447,131.49378427,124.42018743,127.65248899,137.00705793691083,139.72944772615847,0,0,0,164.65999956,111.39729131,,,,4,1,1,1,,,,1055401.91432926,870123.5655720554
1482723900,127.46510919,127.69933394,121.18789525,121.79687023,133.96502039552865,138.09921340832588,0,0,0,164.65999956,111.39729131,,,,4,1,1,1,,,,540035.79792994,883598.8174147455
1482810300,122.26531973,129.01099254,121.60949043,124.232817,132.01857971642292,136.8386319166599,0,0,0,164.65999956,111.39729131,,,,4,1,1,1,,,,1108510.09344575,928422.1654178016
1482896700,124.88863694,129.9947365,124.65441219,126.90296979,130.99545773113834,135.93538990514537,0,0,0,164.65999956,111.39729131,,,,4,1,1,1,,,,909580.43331362,959084.2751497615
1482983100,126.57506451,133.03965825,126.57506451,130.79111002,130.95458818891066,135.4677280974049,0,0,0,164.65999956,111.39729131,,,,4,1,1,1,,,,846823.40199115,941554.8509866515
1483069500,131.16586025,133.32072795,130.32266052,130.88479055,130.94062866112853,135.05109741127717,0,0,0,164.65999956,111.39729131,,,,4,1,1,1,,,,386179.29928083,947625.5160095217
1483328700,132.0559143,134.91345625,130.08843576,133.50810775,131.45412447890283,134.91082562388834,0,0,0,164.65999956,111.39729131,,,,4,1,1,1,,,,514306.23694793,966202.6518236706
1483415100,133.7423325,136.45933024,133.03965825,134.44500675,132.05230093312227,134.86847845353486,0,0,0,164.65999956,111.39729131,,,,4,1,1,1,,,,385433.22099632,977723.4240516502
1483501500,134.9603012,135.89720021,132.47750948,133.13335752,132.26851225049782,134.71074018684988,0,0,0,164.65999956,111.39729131,,,,4,1,1,1,,,,307703.39114005,985629.3989603815
1483587900,134.35130748,138.19260276,133.5549527,136.03773506,133.02235681239824,134.831376084409,0,0,0,164.65999956,111.39729131,,,,4,1,1,1,,,,741848.37286388,1012829.9295959007
1483674300,136.78725426,138.94212196,136.03773506,136.78725426,133.7753363019186,135.0091831912809,0,0,0,164.65999956,111.39729131,,,,4,1,1,1,,,,459839.32012588,795641.4176903171
1483933500,136.78725426,138.09890349,135.00715552,135.61613051,134.1434951435349,135.06436022025537,0,0,0,164.65999956,111.39729131,,,,4,1,1,1,,,,164698.64916995,730955.1496021021
1484019900,135.28820649,139.55110631,135.28820649,136.69355499,134.65350711282792,135.2124688356867,0,0,0,164.65999956,111.39729131,,,,4,1,1,1,,,,369915.00614867,651537.2509176946
1484106300,137.48992851,139.9727015,135.52243124,136.83409921,135.08962553226235,135.3598897788061,0,0,0,164.65999956,111.39729131,,,,4,1,1,1,,,,369210.55454956,628790.3486798181
1484192700,136.88095353,138.42682751,134.4918517,135.56928556,135.18555753780987,135.37892575891462,0,0,0,164.65999956,111.39729131,,,,4,1,1,1,,,,282240.66788497,601584.6413923971
1484279100,136.50618456,137.53677346,133.03965825,134.58553224,135.0655524782479,135.30679907537692,0,0,0,164.65999956,111.39729131,,,,4,1,1,1,,,,461058.23486252,583225.8322064265
1484538300,134.4918517,135.38190576,132.47750948,133.64863323,134.78216862859833,135.15605672579719,0,0,0,164.65999956,111.39729131,,,,4,1,1,1,,,,206715.9850041,552758.7274853111
1484624700,133.32072795,138.47367246,133.273883,135.94405453,135.01454580887867,135.22769288981561,0,0,0,164.65999956,111.39729131,,,,4,1,1,1,,,,440865.02303896,540626.6833924681
1484711100,136.74040931,142.59602807,135.85035526,139.27002724,135.86564209510294,135.59517783074148,0,0,0,164.65999956,111.39729131,,,,4,1,1,1,,,,828098.86501664,550385.4727419477
1484797500,139.87902096,141.94019877,139.08265681,139.92587528,136.67768873208234,135.98887759885588,0,0,0,164.65999956,111.39729131,,,,4,1,1,1,,,,362377.3740382,537042.0921039091
1484883900,139.69165053,140.441151,134.07025652,134.91345625,136.32484223566587,135.89111202168715,0,0,0,164.65999956,111.39729131,,,,4,1,1,1,,,,219749.40693853,495259.46673437266
1485143100,135.85035526,136.97463406,133.97655725,134.53870602,135.9676149925327,135.76816602153377,0,0,0,164.65999956,111.39729131,,,,4,1,1,1,,,,288247.71879374,482670.06277756253
1485229500,135.61613051,137.53677346,134.11708273,134.72607645,135.71930728402617,135.67343060593979,0,0,0,164.65999956,111.39729131,,,,4,1,1,1,,,,278475.05388246,441168.310799398
1485315900,135.52243124,143.7202975,135.24138027,140.95645482,136.76673679122095,136.1537055344907,0,0,0,164.65999956,111.39729131,,,,4,1,1,1,,,,1213702.8621582,456374.432241627
1485488700,141.05014472,146.01571879,140.86277428,143.43924654,138.10123874097675,136.81602744408247,0,0,0,164.65999956,111.39729131,,,,4,1,1,1,,,,899980.6792494,459032.29610453954
1485747900,142.50234754,143.20502179,137.91153306,138.42682751,138.1663564947814,136.96246381371134,0,0,0,164.65999956,111.39729131,,,,4,1,1,1,,,,331790.29907505,456312.84609425056
1485834300,138.56735299,139.55110631,132.19645852,132.75858855,137.08480290582514,136.58029333519212,0,0,0,164.65999956,111.39729131,,,,4,1,1,1,,,,333221.61664233,447258.6150789707
1485920700,133.03965825,134.91345625,130.22896125,132.94595898,136.2570341206601,136.24989930290192,0,0,0,164.65999956,111.39729131,,,,4,1,1,1,,,,315675.43506997,443770.7257826532
1486007100,133.03965825,142.314949,133.03965825,140.95645482,137.1969182605281,136.6777679862745,0,0,0,164.65999956,111.39729131,,,,4,1,1,1,,,,1049629.68062019,480867.04025665997
1486093500,141.8464995,142.59602807,127.88671374,130.9316355,135.94386170842247,136.15539230570408,0,0,0,164.65999956,111.39729131,,,,4,1,1,1,,,,1958192.92851874,541684.2680394029
1486352700,132.10275925,132.47750948,124.60756724,125.45076697,133.845242760738,135.1822445479128,0,0,0,164.65999956,111.39729131,,,,4,1,1,1,,,,748245.00685397,556104.5523758074
1486439100,126.48136524,128.54254304,121.32842073,123.20221873,131.7166379545904,134.0931512917389,0,0,0,164.65999956,111.39729131,,,,4,1,1,1,,,,636461.34628621,579692.6872316204
1486525500,123.95173793,126.71558999,122.8274685,124.13911773,130.2011339096723,133.18823914976264,0,0,0,164.65999956,111.39729131,,,,4,1,1,1,,,,460099.75374737,584201.9246115554
1486611900,125.54446624,126.66874504,122.73376923,123.43644348,128.84819582373785,132.30171227069332,0,0,0,164.65999956,111.39729131,,,,4,1,1,1,,,,410001.50419071,586241.4720936129
1486698300,124.232817,124.60756724,120.53204721,121.04735103,127.28802686499029,131.27858852153938,0,0,0,164.65999956,111.39729131,,,,4,1,1,1,,,,471807.52585439,595719.8149920839
1486957500,122.73376923,122.92114903,117.11237522,119.31408788,125.69323906799222,130.1909066450358,0,0,0,164.65999956,111.39729131,,,,4,1,1,1,,,,868339.0615894,616083.856328428
1487043900,119.78253738,120.62574648,112.42788021,112.75579486,123.10575022639378,128.60589648275982,0,0,0,164.65999956,111.39729131,,,,4,1,1,1,,,,6972254.19993748,954360.767075097
1487130300,104.9326882,108.0244549,100.99771239,104.5579286,119.39618590111502,126.4197175843271,0,0,0,164.65999956,111.39729131,,,,4,1,1,1,,,,5166691.38387486,1190652.085116892
1487216700,104.97953315,107.97760995,104.97953315,106.7127963,116.85950798089202,124.62817928575191,0,0,0,164.65999956,111.39729131,,,,4,1,1,1,,,,1138125.87908285,1206153.4358202026
1487303100,107.930765,108.3055246,104.60477355,105.3074478,114.54909594471361,122.87174915068356,0,0,0,164.65999956,111.39729131,,,,4,1,1,1,,,,577199.88918659,1216894.561577622
1487562300,106.3380367,107.4623155,104.97953315,105.7758973,112.7944562157709,121.31758080062141,0,0,0,164.65999956,111.39729131,,,,4,1,1,1,,,,524552.80566225,1232134.731513808
1487648700,106.2443468,106.993866,103.7147195,104.23001395,111.08156776261671,119.7641656323831,0,0,0,164.65999956,111.39729131,,,,4,1,1,1,,,,505992.64072753,1243021.9776104975
1487735100,104.2768589,107.0875559,103.15258009,105.4948276,109.96421973009338,118.46695308398463,0,0,0,164.65999956,111.39729131,,,,4,1,1,1,,,,734348.09803518,1265815.6298181335
1487821500,105.8695872,109.28926856,104.2768589,107.04071095,109.3795179740747,117.42820379907694,0,0,0,164.65999956,111.39729131,,,,4,1,1,1,,,,890705.39986113,1249665.75670328
1488167100,107.5560054,108.58659431,105.4011377,105.72905235,108.64942484925976,116.36464457643358,0,0,0,164.65999956,111.39729131,,,,4,1,1,1,,,,427528.47344673,1226043.1464131465
1488253500,105.82274225,106.993866,103.9957892,104.3705488,107.7936496394078,115.27427223312144,0,0,0,164.65999956,111.39729131,,,,4,1,1,1,,,,333258.9739241,1226116.580155599
1488339900,105.4011377,114.11429842,104.9326882,112.00627566,108.63617484352625,114.97718163556495,0,0,0,164.65999956,111.39729131,,,,4,1,1,1,,,,3008219.66367661,1359866.4825073131
1488426300,114.86381762,116.92499542,113.17739941,113.97376357,109.703692588821,114.88596181142267,0,0,0,164.65999956,111.39729131,,,,4,1,1,1,,,,1805223.39847396,1434343.8806775124
1488512700,114.02060852,116.64392572,111.58467111,115.66018177,110.8949904250568,114.95634544402061,0,0,0,164.65999956,111.39729131,,,,4,1,1,1,,,,850864.39252786,1424405.616272896
1488771900,116.17547622,116.36285602,112.42788021,113.88007367,111.49200707404545,114.85850255547328,0,0,0,164.65999956,111.39729131,,,,4,1,1,1,,,,406928.60092733,1346842.3998933255
1488858300,113.88007367,115.05119742,112.00627566,112.56841506,111.70728867123636,114.65031278315753,0,0,0,164.65999956,111.39729131,,,,4,1,1,1,,,,540979.33613239,1336479.1163572466
1488944700,112.89632971,114.02060852,110.08563271,112.28734536,111.82330000898908,114.43549756287048,0,0,0,164.65999956,111.39729131,,,,4,1,1,1,,,,522968.85691516,1330804.491888694
1489031100,111.49098121,113.50531406,109.75771806,110.36670241,111.53198048919127,114.0656070944277,0,0,0,164.65999956,111.39729131,,,,4,1,1,1,,,,416490.99770978,1328624.0540868144
1489117500,111.49098121,111.53782616,107.7433852,108.16498975,110.85858234135301,113.52918733584337,0,0,0,164.65999956,111.39729131,,,,4,1,1,1,,,,320577.77778923,1324152.8677667405
1489463100,109.61718321,110.60092716,107.13440085,107.7433852,110.23554291308241,113.00320532349397,0,0,0,164.65999956,111.39729131,,,,4,1,1,1,,,,603894.3353892,1330757.208243481
1489549500,108.2118347,109.38295846,104.8389983,105.35429275,109.25929288046594,112.30784963499453,0,0,0,164.65999956,111.39729131,,,,4,1,1,1,,,,503818.44692846,1312531.177510434
1489635900,105.7758973,107.60285035,105.7758973,106.3380367,108.67504164437275,111.76513936817685,0,0,0,164.65999956,111.39729131,,,,4,1,1,1,,,,744534.89509866,1001145.2122684929
1489722300,106.8064862,109.80456301,106.66595135,107.69654025,108.4793413654982,111.39526672106986,0,0,0,164.65999956,111.39729131,,,,4,1,1,1,,,,533854.76882321,769503.3815159105
1489981500,108.0244549,109.42980341,106.6191064,107.6496953,108.31341215239856,111.05476022824533,0,0,0,164.65999956,111.39729131,,,,4,1,1,1,,,,377814.47021686,731487.811072611
1490067900,107.930765,108.2118347,106.3380367,107.69654025,108.19003777191884,110.7494675029503,0,0,0,164.65999956,111.39729131,,,,4,1,1,1,,,,407997.01918597,723027.66757258
1490154300,106.8064862,109.00819886,106.3380367,107.7433852,108.10070725753508,110.47618729359118,0,0,0,164.65999956,111.39729131,,,,4,1,1,1,,,,510614.27015805,722330.74079737
1490240700,108.2118347,108.86766401,106.4317266,106.85333115,107.85123203602807,110.14683673508289,0,0,0,164.65999956,111.39729131,,,,4,1,1,1,,,,284508.78856392,711256.5481891895
1490327100,107.6496953,109.38295846,106.1506569,108.3992145,107.96082852882245,109.98796198643899,0,0,0,164.65999956,111.39729131,,,,4,1,1,1,,,,793781.39863094,714228.2132189774
1490586300,108.3992145,110.97568676,107.930765,108.91450896,108.15156461505796,109.8903753476718,0,0,0,164.65999956,111.39729131,,,,4,1,1,1,,,,838633.61847605,711624.6241497233
1490672700,108.96135391,112.42788021,107.5560054,107.79023015,108.07929772204638,109.69945305697436,0,0,0,164.65999956,111.39729131,,,,4,1,1,1,,,,910418.3037762,735769.1156661969
1490759100,108.2118347,108.35236955,106.5254165,106.8064862,107.8247354176371,109.4364560699767,0,0,0,164.65999956,111.39729131,,,,4,1,1,1,,,,649142.54242109,751563.2940910464
1490845500,107.7433852,108.82081906,106.2443468,107.13440085,107.68666850410968,109.2271783227061,0,0,0,164.65999956,111.39729131,,,,4,1,1,1,,,,318383.30432291,617071.4761233614
1490931900,107.3686256,108.86766401,106.4317266,107.7433852,107.69801184328774,109.09228803882372,0,0,0,164.65999956,111.39729131,,,,4,1,1,1,,,,524481.29315143,553034.3708572348
1491191100,107.7433852,111.67836101,107.7433852,111.11622161,108.38165379663019,109.27628199983975,0,0,0,164.65999956,111.39729131,,,,4,1,1,1,,,,651730.86837236,543077.6946494598
1491363900,111.95943071,118.47087877,111.58467111,115.42595702,109.79051444130415,109.83534336530887,0,0,0,164.65999956,111.39729131,,,,4,1,1,1,,,,1769110.64786144,611186.7969961654
1491450300,116.08178632,116.55023582,111.67836101,112.19365546,110.27114264504333,110.04973537391716,0,0,0,164.65999956,111.39729131,,,,4,1,1,1,,,,669416.87291363,617608.6738352275
1491536700,111.49098121,116.17547622,111.49098121,113.36477921,110.88986995803467,110.35110299537924,0,0,0,164.65999956,111.39729131,,,,4,1,1,1,,,,613668.06765139,622143.634372039
1491795900,113.27108931,115.14488732,111.86574081,112.33419031,111.17873402842773,110.53138366034476,0,0,0,164.65999956,111.39729131,,,,4,1,1,1,,,,348132.50882348,618725.709927724
1491882300,111.58467111,112.52157011,110.88199686,111.63151606,111.26929043474217,110.63139569667705,0,0,0,164.65999956,111.39729131,,,,4,1,1,1,,,,295204.7120104,617457.0566387825
1491968700,111.49098121,112.24050041,109.00819886,111.06937666,111.22930767979373,110.67121214788823,0,0,0,164.65999956,111.39729131,,,,4,1,1,1,,,,370518.05941154,605788.2428398995
1492055100,111.16306656,116.64392572,110.83515191,114.48905802,111.881257747835,111.01828904535293,0,0,0,164.65999956,111.39729131,,,,4,1,1,1,,,,760807.72703809,618637.7068453811
1492400700,115.00435247,118.51772372,113.83322871,116.31601107,112.768208412268,111.49990013850267,0,0,0,164.65999956,111.39729131,,,,4,1,1,1,,,,857974.01692433,624309.6629366644
1492487100,117.86189442,120.29782246,113.88007367,114.77012772,113.1685922738144,111.79719355500242,0,0,0,164.65999956,111.39729131,,,,4,1,1,1,,,,749089.28142199,635071.3885666034
1492573500,115.19173227,118.42403382,114.77012772,116.12863127,113.76060007305152,112.1909606200022,0,0,0,164.65999956,111.39729131,,,,4,1,1,1,,,,337531.57960779,633057.2440361499
1492659900,116.73761562,118.75194847,112.75579486,116.50339087,114.30915823244122,112.58299973363836,0,0,0,164.65999956,111.39729131,,,,4,1,1,1,,,,470149.92989467,636164.889571585
1492746300,117.06553027,118.79879342,115.56649187,116.31601107,114.71052879995298,112.92236440058032,0,0,0,164.65999956,111.39729131,,,,4,1,1,1,,,,414808.85267918,631374.6186976415
1493005500,117.06553027,118.14296412,114.86381762,115.42595702,114.85361444396239,113.14996372961848,0,0,0,164.65999956,111.39729131,,,,4,1,1,1,,,,351713.47111895,634734.852825393
1493091900,115.42595702,118.00242927,115.09804237,117.48713482,115.3803185191699,113.54425201056225,0,0,0,164.65999956,111.39729131,,,,4,1,1,1,,,,494072.46578987,619749.4061833394
1493178300,117.58082472,125.91921647,117.58082472,121.18789525,116.54183386533592,114.23912866869296,0,0,0,164.65999956,111.39729131,,,,4,1,1,1,,,,2005771.16258222,678106.283388648
1493264700,122.26531973,122.78061418,119.45462273,120.81312628,117.39609234826874,114.83676481517541,0,0,0,164.65999956,111.39729131,,,,4,1,1,1,,,,369481.66168013,651059.4512838444
1493351100,120.85997123,123.38959853,120.43836668,121.70317096,118.25750807061499,115.460983555614,0,0,0,164.65999956,111.39729131,,,,4,1,1,1,,,,392829.96278697,638243.8223021384
1493696700,121.42212,122.73376923,116.87815047,117.67451462,118.14090938049199,115.66221365237637,0,0,0,164.65999956,111.39729131,,,,4,1,1,1,,,,371158.46995619,640882.5805838024
1493783100,118.14296412,136.50618456,118.14296412,130.69741075,120.65220965439359,117.02904975216033,0,0,0,164.65999956,111.39729131,,,,4,1,1,1,,,,6190079.17507732,924162.4746800971
1493869500,129.85421101,129.85421101,122.8274685,123.53014275,121.22779627351487,117.6200582065094,0,0,0,164.65999956,111.39729131,,,,4,1,1,1,,,,1456035.27960272,964377.695241615
1493955900,123.20221873,125.91921647,119.92307223,120.39152173,121.0605413648119,117.87200943591763,0,0,0,164.65999956,111.39729131,,,,4,1,1,1,,,,758131.87831238,913828.7567641621
1494215100,120.485221,122.03109498,118.56456867,120.485221,120.94547729184951,118.10957412356149,0,0,0,164.65999956,111.39729131,,,,4,1,1,1,,,,375645.61317233,899140.193777097
1494301500,121.65634475,124.18596268,120.15729698,121.09419598,120.97522102947961,118.38090338323771,0,0,0,164.65999956,111.39729131,,,,4,1,1,1,,,,634989.46938444,900206.2638637496
1494387900,121.09419598,122.31216468,119.40777778,120.0167715,120.78353112358369,118.52961866657974,0,0,0,136.50618456,100.99771239,,,,1,1,1,1,,,,316461.00533807,898622.688689479
1494474300,120.67259143,121.23472146,117.53397977,118.04927422,120.23667974286695,118.48595098961795,0,0,0,136.50618456,100.99771239,,,,1,1,1,1,,,,316937.04384292,899709.3052811051
1494560700,118.42403382,120.25099625,117.20606512,118.42403382,119.87415055829356,118.48032215601631,0,0,0,136.50618456,100.99771239,,,,1,1,1,1,,,,325390.46303223,897452.9254621394
1494819900,118.42403382,118.98617322,115.23857722,115.61333682,119.02198781063485,118.21968712546938,0,0,0,136.50618456,100.99771239,,,,1,1,1,1,,,,351178.72831418,876971.4755259439
1494906300,115.94125147,119.73569243,114.62959287,117.53397977,118.72438620250789,118.15735009315398,0,0,0,136.50618456,100.99771239,,,,1,1,1,1,,,,440905.58237346,856118.0537984004
1494992700,117.11237522,118.79879342,115.89440652,116.31601107,118.24271117600631,117.98995563650362,0,0,0,136.50618456,100.99771239,,,,1,1,1,1,,,,285609.2273498,832944.0510947908
1495079100,115.89440652,115.89440652,111.49098121,112.09996556,117.01416205280505,117.45450199318512,0,0,0,136.50618456,100.99771239,,,,4,1,1,1,,,,372488.38918723,834691.8915737628
1495165500,112.42788021,115.98809642,112.42788021,113.92691862,116.39671336624404,117.13381259562283,0,0,0,136.50618456,100.99771239,,,,4,1,1,1,,,,412973.00911786,831833.0455349224
1495424700,114.16114337,115.70702672,113.41162416,114.62959287,116.04328926699523,116.90615625692985,0,0,0,136.50618456,100.99771239,,,,4,1,1,1,,,,282188.36769049,825202.0212854879
1495511100,114.81697267,114.81697267,108.1181448,108.82081906,114.59879522559619,116.1711256026635,0,0,0,136.50618456,100.99771239,,,,4,1,1,1,,,,325490.79401756,823890.8874304184
1495597500,109.42980341,113.83322871,107.2749357,108.96135391,113.47130696247696,115.51569181242135,0,0,0,136.50618456,100.99771239,,,,4,1,1,1,,,,662785.42172384,832326.5352271169
1495683900,109.61718321,112.24050041,108.3992145,111.44413626,113.06587282198157,115.14555039856486,0,0,0,136.50618456,100.99771239,,,,4,1,1,1,,,,354615.5982371,749768.757009861
1495770300,112.33419031,114.16114337,110.08563271,113.64584891,113.18186803958525,115.00921389960442,0,0,0,136.50618456,100.99771239,,,,4,1,1,1,,,,431066.7417059,752848.0110111495
1496029500,114.30167822,115.80071662,111.02253171,112.09996556,112.9654875436682,114.7447367778222,0,0,0,136.50618456,100.99771239,,,,4,1,1,1,,,,401125.41404194,753262.7835738979
1496115900,111.58467111,115.19173227,110.55408221,114.77012772,113.32641557893456,114.74704504529291,0,0,0,136.50618456,100.99771239,,,,4,1,1,1,,,,365977.54865001,753003.737508589
1496202300,115.23857722,118.04927422,113.45846911,117.53397977,114.16792841714765,115.00040274753901,0,0,0,136.50618456,100.99771239,,,,4,1,1,1,,,,574913.62354221,472245.4599318335
1496288700,117.11237522,118.33034392,115.56649187,116.22232117,114.57880696771812,115.11148624049001,0,0,0,136.50618456,100.99771239,,,,4,1,1,1,,,,219805.97653664,410433.99477852957
1496375100,116.64392572,116.92499542,112.61526001,113.41162416,114.3453704061745,114.95695332408182,0,0,0,136.50618456,100.99771239,,,,4,1,1,1,,,,285559.06185714,386805.35395576747
1496634300,114.16114337,115.05119742,112.47472516,113.08370951,114.0930382269396,114.78665843189256,0,0,0,136.50618456,100.99771239,,,,4,1,1,1,,,,226646.62850435,379355.40472236846
1496720700,113.59900396,114.02060852,111.53782616,112.19365546,113.71316167355168,114.55093088899324,0,0,0,136.50618456,100.99771239,,,,4,1,1,1,,,,200027.96421619,357607.32946395583
1496807100,112.14681051,113.17739941,109.66402816,110.64777211,113.10008376084134,114.19609827272113,0,0,0,136.50618456,100.99771239,,,,4,1,1,1,,,,212980.26748163,352433.29257113393
1496893500,110.83515191,112.52157011,110.55408221,110.97568676,112.67520436067308,113.90333358974648,0,0,0,136.50618456,100.99771239,,,,4,1,1,1,,,,137138.58138116,343443.36944804585
1496979900,111.35044636,114.16114337,109.99194281,111.95943071,112.53204963053847,113.72661514613317,0,0,0,136.50618456,100.99771239,,,,4,1,1,1,,,,362610.05653609,345304.34912323894
1497239100,110.41354736,111.95943071,108.4929044,110.78830696,112.18330109643077,113.45949622012107,0,0,0,136.50618456,100.99771239,,,,4,1,1,1,,,,280776.26243955,341784.22582950746
1497325500,111.39729131,113.73953881,110.13247766,112.61526001,112.26969287914461,113.38274747374642,0,0,0,136.50618456,100.99771239,,,,4,1,1,1,,,,362432.8762854,337860.59052510443
1497411900,112.14681051,113.73953881,110.36670241,113.13055446,112.44186519531569,113.35982083613311,0,0,0,136.50618456,100.99771239,,,,4,1,1,1,,,,223283.40579406,334744.2994473175
1497498300,111.81889586,113.59900396,111.53782616,112.19365546,112.39222324825255,113.2538058019392,0,0,0,136.50618456,100.99771239,,,,4,1,1,1,,,,177535.67853735,324996.66391482344
1497584700,112.00627566,113.03686456,110.64777211,111.39729131,112.19323686060204,113.08503175721745,0,0,0,136.50618456,100.99771239,,,,4,1,1,1,,,,174148.97410709,313055.46216428495
1497843900,111.49098121,112.38103526,110.46039231,111.49098121,112.05278573048163,112.94011807110677,0,0,0,136.50618456,100.99771239,,,,4,1,1,1,,,,230612.90447752,310476.6890036364
1497930300,111.11622161,114.16114337,111.11622161,113.27108931,112.2964464463853,112.9702063655516,0,0,0,136.50618456,100.99771239,,,,4,1,1,1,,,,267268.93670208,307565.5961378624
1498016700,113.36477921,116.45654592,112.80263981,115.47280197,112.93171755110825,113.19771505686509,0,0,0,136.50618456,100.99771239,,,,4,1,1,1,,,,406996.91138542,294776.1706209414
1498103100,116.55023582,116.83130552,113.88007367,114.91066257,113.3275065548866,113.35343755805917,0,0,0,136.50618456,100.99771239,,,,4,1,1,1,,,,219257.35817006,288008.25861758937
1498189500,115.47280197,119.45462273,111.81889586,114.16114337,113.49423391790928,113.4268653591447,0,0,0,136.50618456,100.99771239,,,,4,1,1,1,,,,682142.89778664,300562.06642162637
1498535100,113.45846911,115.23857722,112.05312061,113.17739941,113.43086701632743,113.40418663649518,0,0,0,136.50618456,100.99771239,,,,4,1,1,1,,,,270167.86176751,294014.1888079049
1498621500,112.52157011,114.67643782,112.14681051,112.75579486,113.29585258506194,113.34524192954107,0,0,0,136.50618456,100.99771239,,,,4,1,1,1,,,,180491.17320089,284739.87003544887
1498707900,112.75579486,115.61333682,112.75579486,114.34852317,113.50638670204955,113.43644931503734,0,0,0,136.50618456,100.99771239,,,,4,1,1,1,,,,228333.04293858,267410.8410052674
1498794300,115.23857722,117.01868532,111.63151606,115.47280197,113.89966975563965,113.6215722836703,0,0,0,136.50618456,100.99771239,,,,4,1,1,1,,,,263336.81595796,269587.38297633344
1499053500,114.77012772,119.26724293,113.64584891,118.28349897,114.77643559851172,114.04538380060937,0,0,0,136.50618456,100.99771239,,,,4,1,1,1,,,,415986.14073042,276108.73691999743
1499139900,119.40777778,125.73184604,118.04927422,122.96799398,116.41474727480939,114.85653018055397,0,0,0,136.50618456,100.99771239,,,,4,1,1,1,,,,1070851.81871881,318318.99643072044
1499226300,124.04541847,124.56072229,120.0167715,120.43836668,117.21947115584751,115.3639698623218,0,0,0,136.50618456,100.99771239,,,,4,1,1,1,,,,387990.59377127,327717.1279084744
1499312700,121.09419598,122.45269953,119.50146768,120.20414193,117.81640531067801,115.803985504838,0,0,0,136.50618456,100.99771239,,,,4,1,1,1,,,,176584.66887856,325897.34797832096
1499399100,119.07986312,120.67259143,113.36477921,114.86381762,117.22588777254241,115.71851569712545,0,0,0,136.50618456,100.99771239,,,,4,1,1,1,,,,711623.12985845,354621.57540218544
1499658300,114.58274792,117.06553027,114.30167822,116.45654592,117.07201940203393,115.78560935375042,0,0,0,136.50618456,100.99771239,,,,4,1,1,1,,,,63418.78888527,339662.01201964443
1499744700,115.47280197,117.06553027,114.30167822,115.84756157,116.82712783562714,115.79124137340946,0,0,0,136.50618456,100.99771239,,,,4,1,1,1,,,,236785.39477699,337462.4686365165
1499831100,116.22232117,122.73376923,115.47280197,121.04735103,117.67117247450172,116.2690695240086,0,0,0,136.50618456,100.99771239,,,,4,1,1,1,,,,873731.31837531,363027.390741012
1499917500,122.73376923,126.48136524,121.93739571,123.7643675,118.88981147960138,116.95046024909873,0,0,0,136.50618456,100.99771239,,,,4,1,1,1,,,,929261.31670147,398326.28628638247
1500003900,124.46704175,125.26339654,118.51772372,122.359019,119.5836529836811,117.44214740827157,0,0,0,136.50618456,100.99771239,,,,4,1,1,1,,,,712457.79826831,425072.3922729305
1500263100,118.9,121.35,117.6,118.2,119.30692238694489,117.5110430984287,0,0,0,136.50618456,100.99771239,,,,4,1,1,1,,,,731810,452955.443567576
1500349500,118,118,116,116.2,118.68553790955592,117.39185736220792,0,0,0,136.50618456,100.99771239,,,,4,1,1,1,,,,245280,453688.7983437
1500435900,116.65,119,116.2,117.55,118.45843032764473,117.40623396564357,0,0,0,136.50618456,100.99771239,,,,4,1,1,1,,,,376894,459170.05150859605
1500522300,118.2,118.2,116,116.4,118.0467442621158,117.31475815058506,0,0,0,136.50618456,100.99771239,,,,4,1,1,1,,,,172004,447420.40593932505
1500608700,115.7,117.9,114.6,115.15,117.46739540969264,117.11796195507733,0,0,0,136.50618456,100.99771239,,,,4,1,1,1,,,,218823,447398.6880308221
1500867900,116,116.7,113.05,113.45,116.66391632775411,116.78451086825213,0,0,0,136.50618456,100.99771239,,,,4,1,1,1,,,,324167,429499.8931414901
1500954300,115.1,119.4,114.95,117.35,116.80113306220329,116.8359189711383,0,0,0,136.50618456,100.99771239,,,,4,1,1,1,,,,562148,444098.90005311463
1501040700,118,118.25,113.3,114,116.24090644976263,116.57810815558027,0,0,0,136.50618456,100.99771239,,,,4,1,1,1,,,,629708,466559.7413930701
1501127100,114.8,115.75,112.3,112.75,115.5427251598101,116.2300983232548,0,0,0,136.50618456,100.99771239,,,,4,1,1,1,,,,341966,472241.3892461411
1501213500,112,112.15,110.65,111,114.63418012784808,115.75463483932253,0,0,0,136.50618456,100.99771239,,,,4,1,1,1,,,,237513,470950.1984482431
1501472700,112.05,113.55,108.7,110.15,113.73734410227847,115.24512258120231,0,0,0,136.50618456,100.99771239,,,,4,1,1,1,,,,324826,466392.1914117221
1501559100,110.2,112.9,109.05,111.1,113.20987528182278,114.86829325563846,0,0,0,136.50618456,100.99771239,,,,4,1,1,1,,,,265680,426133.6004757816
1501645500,110.55,113.95,110.2,112.8,113.12790022545822,114.68026659603497,0,0,0,136.50618456,100.99771239,,,,4,1,1,1,,,,850056,449236.8707872181
1501731900,113,113,109.7,110.55,112.61232018036658,114.30478781457724,0,0,0,136.50618456,100.99771239,,,,4,1,1,1,,,,182992,449557.23734329006
1501818300,111,111,107.15,107.6,111.60985614429326,113.69526164961567,0,0,0,136.50618456,100.99771239,,,,4,1,1,1,,,,279175,427934.8308503676
1502077500,108.3,108.45,103.8,105.05,110.29788491543461,112.90932877237789,0,0,0,136.50618456,100.99771239,,,,4,1,1,1,,,,260664,437797.09140610415
1502163900,106,108.4,104.5,105.6,109.35830793234769,112.24484433852535,0,0,0,136.50618456,100.99771239,,,,4,1,1,1,,,,326051,442260.3716672546
1502250300,105.7,107.4,104,105,108.48664634587814,111.58622212593214,0,0,0,136.50618456,100.99771239,,,,4,1,1,1,,,,470107,422079.1557484892
1502336700,105,106.2,99.199997,100.9,106.96931707670251,110.61474738721104,0,0,0,136.50618456,100.99771239,,,,4,1,1,1,,,,303006,390766.38991341565
1502423100,100,101.9,96.5,99.550003,105.48545426136201,109.60886153382822,0,0,0,136.50618456,100.99771239,,,,4,1,1,1,,,,359144,373100.7000000002
1502682300,100,103.3,100,102.55,104.89836340908961,108.96714684893475,0,0,0,136.50618456,100.99771239,,,,4,1,1,1,,,,170923,345056.3500000002
1502855100,102.25,104.55,101.4,103.75,104.6686907272717,108.49286077175886,0,0,0,136.50618456,100.99771239,,,,4,1,1,1,,,,231949,344389.80000000016
1502941500,105.5,114.4,103.6,112.4,106.21495258181736,108.84805524705351,0,0,0,136.50618456,100.99771239,,,,4,1,1,1,,,,981577,374623.95
1503027900,111,113,107.15,111.85,107.34196206545388,109.12095931550319,0,0,0,136.50618456,100.99771239,,,,4,1,1,1,,,,321736,382110.54999999993
1503287100,110.9,111.05,107.95,108.5,107.5735696523631,109.06450846863926,0,0,0,136.50618456,100.99771239,,,,4,1,1,1,,,,297424,386040.6
1503373500,108.7,110.8,107.45,108.45,107.74885572189048,109.00864406239933,0,0,0,136.50618456,100.99771239,,,,4,1,1,1,,,,228108,381237.65
1503459900,109.3,114,107.5,110.75,108.34908457751239,109.16694914763575,0,0,0,136.50618456,100.99771239,,,,4,1,1,1,,,,382321,372246.29999999993
1503546300,111,111,108.05,108.9,108.4592676620099,109.14268104330523,0,0,0,136.50618456,100.99771239,,,,4,1,1,1,,,,179264,349724.1
1503891900,108,109.5,105.7,106.75,108.11741412960792,108.92516458482294,0,0,0,136.50618456,100.99771239,,,,4,1,1,1,,,,237892,344520.39999999997
1503978300,106,106.75,104,104.95,107.48393130368633,108.56378598620267,0,0,0,136.50618456,100.99771239,,,,4,1,1,1,,,,216137,343451.6
1504064700,105.85,107.05,105.2,105.75,107.13714504294907,108.30798726018425,0,0,0,136.50618456,100.99771239,,,,4,1,1,1,,,,153179,334869.24999999994
1504151100,105.75,109.4,105.3,107.4,107.18971603435926,108.22544296380386,0,0,0,136.50618456,100.99771239,,,,4,1,1,1,,,,329415,338055.99999999994
1504237500,106.5,115.9,106.5,113.5,108.45177282748742,108.70494814891259,0,0,0,136.50618456,100.99771239,,,,4,1,1,1,,,,1004437,345775.04999999993
1504496700,113,113.45,108.4,109.85,108.73141826198993,108.80904377173871,0,0,0,136.50618456,100.99771239,,,,4,1,1,1,,,,327943,353022.5999999999
1504583100,110.75,113.7,108.35,110.25,109.03513460959195,108.94003979248974,0,0,0,136.50618456,100.99771239,,,,4,1,1,1,,,,303627,354245.1999999999
1504669500,109.45,111.85,108.8,109.5,109.12810768767356,108.99094526589977,0,0,0,136.50618456,100.99771239,,,,4,1,1,1,,,,293977,355910.8499999999
1504755900,110.2,114.4,108.15,109.95,109.29248615013886,109.07813205990888,0,0,0,136.50618456,100.99771239,,,,4,1,1,1,,,,901934,384704.9999999999
1504842300,110.95,113.6,110.15,112,109.83398892011108,109.34375641809898,0,0,0,136.50618456,100.99771239,,,,4,1,1,1,,,,359884,379193.84999999986
1505101500,112.1,113.35,111.2,112.4,110.34719113608887,109.62159674372634,0,0,0,136.50618456,100.99771239,,,,4,1,1,1,,,,281767,378131.8999999998
1505187900,113,119.45,112.85,117.55,111.7877529088711,110.34236067611485,0,0,0,136.50618456,100.99771239,,,,4,1,1,1,,,,1261404,423244.8999999998
1505274300,117.9,126.4,116.8,121.65,113.76020232709688,111.37032788737714,0,0,0,136.50618456,100.99771239,,,,4,1,1,1,,,,1814627,505430.0999999998
1505360700,121.45,123.55,118.25,119.75,114.9581618616775,112.13211626125195,0,0,0,136.50618456,100.99771239,,,,4,1,1,1,,,,447045,516184.8999999998
1505447100,119.6,119.6,116.2,117,115.366529489342,112.57465114659269,0,0,0,136.50618456,100.99771239,,,,4,1,1,1,,,,297145,481963.2999999998
1505706300,118.05,123.55,118.05,121.7,116.6332235914736,113.40422831508425,0,0,0,136.50618456,100.99771239,,,,4,1,1,1,,,,659885,498870.7499999998
1505792700,122.45,126.9,120.5,123.25,117.95657887317887,114.29929846825841,0,0,0,136.50618456,100.99771239,,,,4,1,1,1,,,,634290,515714.0499999998
1505879100,123.5,133,122.65,128.64999,120.09526109854309,115.60390678932583,0,0,0,136.50618456,100.99771239,,,,4,1,1,1,,,,2063013,607459.2999999999
1505965500,130,133.8,126.6,130.7,122.21620887883446,116.97627889938713,0,0,0,136.50618456,100.99771239,,,,4,1,1,1,,,,1148902,645788.3499999999
1506051900,130.64999,130.64999,119.1,121.95,122.16296710306757,117.4284353630792,0,0,0,136.50618456,100.99771239,,,,4,1,1,1,,,,718305,672740.3999999998
1506311100,121.55,123,114.1,117.7,121.27037368245406,117.45312305734473,0,0,0,136.50618456,100.99771239,,,,4,1,1,1,,,,628136,692252.5999999999
1506397500,117.6,121.35,117.05,118.8,120.77629894596325,117.57556641576794,0,0,0,136.50618456,100.99771239,,,,4,1,1,1,,,,343411,698616.2999999998
1506483900,119.8,122,113.55,114.6,119.5410391567706,117.30506037797085,0,0,0,136.50618456,100.99771239,,,,4,1,1,1,,,,450692,713491.9499999998
1506570300,115.4,118,115,116.15,118.86283132541648,117.2000548890644,0,0,0,136.50618456,100.99771239,,,,4,1,1,1,,,,327726,713407.4999999998
1506656700,116.4,120.85,116.4,119.15,118.92026506033318,117.37732262642218,0,0,0,136.50618456,100.99771239,,,,4,1,1,1,,,,390428,682707.0499999998
1507002300,120.25,121.55,118.35,119.2,118.97621204826655,117.54302056947472,0,0,0,136.50618456,100.99771239,,,,4,1,1,1,,,,150693,673844.5499999998
1507088700,118.85,121.8,117.35,120.2,119.22096963861324,117.78456415406792,0,0,0,136.50618456,100.99771239,,,,4,1,1,1,,,,330327,675179.5499999998
1507175100,119.75,132.89999,119.55,127.1,120.79677571089059,118.63142195824356,0,0,0,136.50618456,100.99771239,,,,4,1,1,1,,,,1599900,740475.6999999998
1507261500,128.10001,132.89999,125.15,130.64999,122.76741856871247,119.72401905294869,0,0,0,136.50618456,100.99771239,,,,4,1,1,1,,,,1301112,760434.5999999999
1507520700,129.35001,134.89999,129.35001,131.75,124.56393485496997,120.81729004813518,0,0,0,136.50618456,100.99771239,,,,4,1,1,1,,,,822202,783550.4999999998
1507607100,132.45,134.8,129.3,131.64999,125.98114588397598,121.80208095285016,0,0,0,136.50618456,100.99771239,,,,4,1,1,1,,,,596055,799264.8999999998
1507693500,131.60001,134,126.55,127.65,126.31491670718079,122.3337099571365,0,0,0,136.50618456,100.99771239,,,,4,1,1,1,,,,835043,777946.8499999999
1507779900,131,137.39999,130.10001,134.8,128.01193336574462,123.46700905194228,0,0,0,136.50618456,100.99771239,,,,4,1,1,1,,,,1785259,776478.4499999998
1507866300,135.8,138.45,132.10001,132.85001,128.9795486925957,124.32000913812935,0,0,0,136.50618456,100.99771239,,,,4,1,1,1,,,,838551,796053.7499999998
1508125500,134.10001,135,128.89999,131.64999,129.51363695407656,124.98637103466305,0,0,0,136.50618456,100.99771239,,,,4,1,1,1,,,,609727,811682.8499999999
1508211900,132.8,133.64999,129.60001,130.05,129.62090956326125,125.44670094060278,0,0,0,136.50618456,100.99771239,,,,4,1,1,1,,,,321829,794780.0499999997
1508298300,130.10001,132.95,129.35001,131.25,129.946727650609,125.97427358236617,0,0,0,136.50618456,100.99771239,,,,4,1,1,1,,,,353119,780721.4999999998
1508384700,132.25,133.45,128.5,130.05,129.9673821204872,126.34479416578742,0,0,0,136.50618456,100.99771239,,,,4,1,1,1,,,,109822,683061.9499999997
1508730300,130.10001,131.05,127.7,128.35001,129.64390769638976,126.5270865143522,0,0,0,138.45,96.5,,,,1,1,1,1,,,,188558,635044.7499999998
1508816700,128.10001,131.8,128,129.5,129.6151261571118,126.79735137668382,0,0,0,138.45,96.5,,,,1,1,1,1,,,,297619,614010.4499999996
1508903100,130.64999,131.8,128.2,129.39999,129.57209892568943,127.03395488789438,0,0,0,138.45,96.5,,,,1,1,1,1,,,,370443,601125.7999999996
1508989500,130.85001,137.45,129.95,133.14999,130.28767714055155,127.58995807990398,0,0,0,138.45,96.5,,,,1,1,1,1,,,,871299,627520.1999999996
1509075900,135,135.8,129.10001,131.3,130.49014171244124,127.92723461809453,0,0,0,138.45,96.5,,,,1,1,1,1,,,,375607,623765.9499999996
1509335100,133,137.25,131.85001,134.64999,131.322111369953,128.53839419826775,0,0,0,138.45,96.5,,,,1,1,1,1,,,,664336,640596.45
1509421500,134.60001,142.45,132.5,140.55,133.1676890959624,129.6303583620616,0,0,0,138.45,96.5,,,,1,1,1,1,,,,1579225,700036.3
1509507900,143,145,141.05,142.14999,134.96414927676992,130.76850669278326,0,0,0,138.45,96.5,,,,1,1,1,1,,,,847371,734870.2
1509594300,142.7,151.8,139.45,148.3,137.63131942141592,132.36227881162114,0,0,0,138.45,96.5,,,,1,1,1,1,,,,1922004,814454.05
1509680700,147,149.39999,144.5,145.64999,139.23505353713273,133.57025255601923,0,0,0,138.45,96.5,,,,1,1,1,1,,,,701750,769546.55
1509939900,145.55,152.55,144.35001,145.85001,140.55804482970618,134.68659414183566,0,0,0,138.45,96.5,,,,1,1,1,1,,,,775132,743247.55
1510026300,146.75,149.55,142.39999,143.89999,141.22643386376495,135.52417558348697,0,0,0,138.45,96.5,,,,1,1,1,1,,,,754174,739846.1499999999
1510112700,144.05,149.8,142.7,144.25,141.83114709101196,136.31743234862452,0,0,0,138.45,96.5,,,,1,1,1,1,,,,700890,745087.8999999999
1510199100,144.8,154,143.35001,146.05,142.67491767280956,137.20221122602229,0,0,0,138.45,96.5,,,,1,1,1,1,,,,2270590,816865.25
1510285500,145.10001,150.95,144.8,145.39999,143.21993213824766,137.94746384183844,0,0,0,138.45,96.5,,,,1,1,1,1,,,,919760,773590.3
1510544700,145.39999,147.5,141.64999,142.85001,143.14594771059814,138.39314985621675,0,0,0,138.45,96.5,,,,1,1,1,1,,,,491587,756242.1
1510631100,143.60001,144.75,141.10001,141.95,142.90675816847852,138.71649986928796,0,0,0,138.45,96.5,,,,1,1,1,1,,,,330311,742271.3
1510717500,139.14999,142.75,135.5,136.8,141.68540653478283,138.5422726084436,0,0,0,138.45,96.5,,,,1,1,1,1,,,,428276,747593.65
1510803900,136.5,139.45,135.55,137.75,140.89832522782626,138.47024782585783,0,0,0,154,96.5,,,,1,1,1,1,,,,332358,746555.6
1510890300,139.39999,141.3,136.10001,138.85001,140.488662182261,138.50477165987076,0,0,0,154,96.5,,,,1,1,1,1,,,,478350,764982
1511149500,138.8,143.5,138.5,140.05,140.4009297458088,138.64524696351887,0,0,0,154,96.5,,,,1,1,1,1,,,,449852,778046.7
1511235900,140.95,141.89999,139,140,140.32074379664704,138.7684063304717,0,0,0,154,96.5,,,,1,1,1,1,,,,243046,775318.05
1511322300,140.95,141.5,138.55,139.95,140.24659503731763,138.87582393679244,0,0,0,154,96.5,,,,1,1,1,1,,,,147453,764168.55
1511408700,140.10001,145.25,138.10001,143.25,140.8472760298541,139.27347630617496,0,0,0,154,96.5,,,,1,1,1,1,,,,401158,740661.4999999999
1511495100,144.95,145.45,141.5,143.05,141.2878208238833,139.61679664197723,0,0,0,154,96.5,,,,1,1,1,1,,,,238315,733796.8999999999
1511754300,142.25,142.5,139.25,140.7,141.17025665910663,139.71526967452476,0,0,0,154,96.5,,,,1,1,1,1,,,,208239,710992.0499999999
1511840700,140.95,146.85001,140,142.10001,141.3562073272853,139.93206424956796,0,0,0,154,96.5,,,,1,1,1,1,,,,325975,648329.5499999999
1511927100,142.45,145,140,141.10001,141.30496786182823,140.03824113597088,0,0,0,154,96.5,,,,1,1,1,1,,,,256826,618802.2999999999
1512013500,141.10001,142.95,139,139.85001,141.0139762894626,140.021129214519,0,0,0,154,96.5,,,,1,1,1,1,,,,316077,538505.95
1512099900,140.8,142.5,137.45,138.60001,140.53118303157007,139.89193655865364,0,0,0,154,96.5,,,,1,1,1,1,,,,233049,515070.8999999999
1512359100,140,140.64999,136.55,137.8,139.98494642525606,139.70176050786694,0,0,0,154,96.5,,,,1,1,1,1,,,,147583,483693.45
1512445500,136.7,141.7,135.05,136.5,139.28795714020484,139.41069137078813,0,0,0,154,96.5,,,,1,1,1,1,,,,366754,464322.45
1512531900,135,141.2,135,139.35001,139.30036771216388,139.40517488253465,0,0,0,154,96.5,,,,1,1,1,1,,,,414927,450024.3
1512618300,138.35001,141.60001,138.35001,139.85001,139.4102961697311,139.44561443866786,0,0,0,154,96.5,,,,1,1,1,1,,,,242876,348638.6
1512704700,140.8,145,140.25,142.25,139.97823693578488,139.70055858060715,0,0,0,154,96.5,,,,1,1,1,1,,,,414364,323368.8
1512963900,142.05,144.39999,141.8,142.75,140.5325895486279,139.97778052782468,0,0,0,154,96.5,,,,1,1,1,1,,,,202701,308924.50000000006
1513050300,142.7,143.85001,141.05,142,140.8260716389023,140.1616186616588,0,0,0,154,96.5,,,,1,1,1,1,,,,229608,303889.35
1513136700,142.55,143.89999,140.35001,141.05,140.87085731112185,140.242380601508,0,0,0,154,96.5,,,,1,1,1,1,,,,340762,299513.65
1513223100,141,147.3,141,143.10001,141.3166878488975,140.50216509228,0,0,0,154,96.5,,,,1,1,1,1,,,,578331,311812.3
1513309500,143.39999,149.89999,143.39999,145.64999,142.18334827911798,140.97014917479999,0,0,0,154,96.5,,,,1,1,1,1,,,,593605,317575.05
1513568700,145.5,160.5,137.95,157.95,145.33667862329438,142.5137719770909,0,0,0,154,96.5,,,,1,1,1,1,,,,2157599,402962.4
1513655100,162,166,158.55,164.89999,149.2493408986355,144.54888270644628,0,0,0,154,96.5,,,,1,1,1,1,,,,2004862,491053.2
1513741500,165.5,167.75,159.60001,166,152.5994727189084,146.49898427858753,0,0,0,154,96.5,,,,1,1,1,1,,,,909894,529175.2500000001
1513827900,164.05,172,163.5,170.2,156.11957817512672,148.6536220714432,0,0,0,154,96.5,,,,1,1,1,1,,,,1085695,563402.1
1513914300,170.55,174.5,169.10001,172.55,159.4056625401014,150.82602006494838,0,0,0,154,96.5,,,,1,1,1,1,,,,780359,590504.3
1514259900,173,177.3,168.64999,175.39999,162.6045280320811,153.06001733177126,0,0,0,154,96.5,,,,1,1,1,1,,,,742858,617235.25
1514346300,174.39999,175.55,165,166.89999,163.46362042566489,154.3181966652466,0,0,0,154,96.5,,,,1,1,1,1,,,,583332,630103.1
1514432700,167.7,169.85001,165.55,167.2,164.21089634053192,155.48926969567873,0,0,0,154,96.5,,,,1,1,1,1,,,,285341,631528.85
1514519100,167.55,169.3,163.14999,164.75,164.31871707242553,156.33115426879885,0,0,0,154,96.5,,,,1,1,1,1,,,,401039,635776.95
1514778300,162.5,168.25,162.5,164.75,164.40497365794042,157.09650388072623,0,0,0,154,96.5,,,,1,1,1,1,,,,368382,642543.6
1514864700,164,166.14999,156.2,160.89999,163.70397692635234,157.44227534611477,0,0,0,177.3,96.5,,,,1,1,1,1,,,,728829,671605.9
1514951100,163,169.8,161.05,167.60001,164.48318354108187,158.36570576919524,0,0,0,177.3,96.5,,,,1,1,1,1,,,,924349,699485.6500000001
1515037500,169.2,175.89999,168.10001,174.89999,166.5665448328655,159.8688225174502,0,0,0,177.3,96.5,,,,1,1,1,1,,,,881789,722828.7500000001
1515123900,175,177.3,170.55,172.25,167.7032358662924,160.9943841067729,0,0,0,177.3,96.5,,,,1,1,1,1,,,,501231,735746.5000000001
1515383100,172.8,183.5,172.5,181.95,170.55258869303393,162.89944009706628,0,0,0,177.3,96.5,,,,1,1,1,1,,,,1165501,773303.3500000001
1515469500,182,185.5,178.75,180.3,172.50207095442715,164.48130917915117,0,0,0,177.3,96.5,,,,1,1,1,1,,,,1017911,814063.8500000001
1515555900,180.75,185,174.3,178.5,173.70165676354173,165.75573561741015,0,0,0,177.3,96.5,,,,1,1,1,1,,,,768851,841026
1515642300,178.60001,182.8,175.55,180,174.96132541083338,167.05066874310015,0,0,0,177.3,96.5,,,,1,1,1,1,,,,576873,852831.55
1515728700,180.2,186.5,179.85001,182.8,176.5290603286667,168.48242613009106,0,0,0,177.3,96.5,,,,1,1,1,1,,,,988431,873336.55
1515987900,183,187.55,181.64999,185.10001,178.24325026293337,169.99311557281004,0,0,0,177.3,96.5,,,,1,1,1,1,,,,783850,882848.8
1516074300,185.10001,192.25,183.5,190,180.5946002103467,171.81192324800912,0,0,0,177.3,96.5,,,,1,1,1,1,,,,1576605,853799.1
1516160700,192,195.45,186.10001,188.60001,182.19568216827736,173.33811295273557,0,0,0,177.3,96.5,,,,1,1,1,1,,,,837345,795423.25
1516247100,190.2,191.75,173.05,174.85001,180.72654773462187,173.47555813885052,0,0,0,177.3,96.5,,,,1,1,1,1,,,,595134,779685.25
1516333500,178,178.35001,170.10001,174.89999,179.5612361876975,173.60505194440955,0,0,0,177.3,96.5,,,,1,1,1,1,,,,302432,740522.1
1516592700,174.89999,177.75,172,173.55,178.358988950158,173.6000472221905,0,0,0,177.3,96.5,,,,1,1,1,1,,,,394592,721233.75
1516679100,174.39999,183.5,174,180.95,178.8771911601264,174.2682247474459,0,0,0,177.3,96.5,,,,1,1,1,1,,,,930975,730639.6
1516765500,178.2,186.60001,178,180.64999,179.23175092810112,174.84838522495082,0,0,0,195.45,96.5,,,,1,1,1,1,,,,828155,742880.75
1516851900,181,181.89999,175.5,176.85001,178.7554027424809,175.03035111359165,0,0,0,195.45,96.5,,,,1,1,1,1,,,,359174,746572.3999999999
1517197500,178.35001,180.25,172,175.05,178.01432219398473,175.03213737599242,0,0,0,195.45,96.5,,,,1,1,1,1,,,,316307,742335.7999999999
1517283900,173.14999,175.75,159.95,161.7,174.75145775518777,173.82012488726585,0,0,0,195.45,96.5,,,,1,1,1,1,,,,1098335,778833.4499999998
1517370300,163.8,181.64999,162.05,177.89999,175.38116420415022,174.19102171569622,0,0,0,195.45,96.5,,,,1,1,1,1,,,,1781205,831452.2499999998
1517456700,179.2,196,174.55,184.39999,177.18492936332018,175.11910974154202,0,0,0,195.45,96.5,,,,1,1,1,1,,,,1940637,882266.6499999998
1517543100,180,185,170,171.60001,176.06794549065614,174.79919158322002,0,0,0,195.45,96.5,,,,1,1,1,1,,,,1463136,911333.9999999998
1517802300,166,196.39999,166,192.95,179.44435639252492,176.44926507565455,0,0,0,195.45,96.5,,,,1,1,1,1,,,,2007063,986625.5999999999
1517888700,175,186,173.5,181.85001,179.92548711401994,176.9402418869587,0,0,0,195.45,96.5,,,,1,1,1,1,,,,1191927,987946.8999999998
1517975100,185.45,192.39999,184.05,186.25,181.19038969121596,177.78658353359882,0,0,0,195.45,96.5,,,,1,1,1,1,,,,923352,983218.9499999998
1518061500,186.8,198.7,186.8,191.5,183.25231175297276,179.0332577578171,0,0,0,195.45,96.5,,,,1,1,1,1,,,,1432846,1016418.7
1518147900,185.5,199,185.05,196.2,185.84184940237822,180.59387068892462,0,0,0,195.45,96.5,,,,1,1,1,1,,,,1171525,1046151.3
1518407100,197.39999,204.5,197.35001,201.14999,188.90347752190257,182.4626088081133,0,0,0,195.45,96.5,,,,1,1,1,1,,,,979306,1045695.05
1518579900,203,204.89999,198.5,201.64999,191.45278001752206,184.2069161891939,0,0,0,195.45,96.5,,,,1,1,1,1,,,,778506,1045427.85
1518666300,202,204,188.2,192.10001,191.58222601401764,184.92447017199444,0,0,0,195.45,96.5,,,,1,1,1,1,,,,650011,999098.15
1518752700,193.10001,194.8,182.55,183.35001,189.9357828112141,184.78133742908585,0,0,0,195.45,96.5,,,,1,1,1,1,,,,502473,982354.5499999998
1519011900,183.89999,184.75,175.75,178.8,187.70862624897129,184.23757948098714,0,0,0,195.45,96.5,,,,1,1,1,1,,,,363969,970796.2999999998
1519098300,178.8,182.95,177.39999,178.75,185.91690099917702,183.7387086190792,0,0,0,195.45,96.5,,,,1,1,1,1,,,,231066,967227.9999999998
1519184700,180.05,184.5,176.60001,182.8,185.29352079934162,183.65337147189018,0,0,0,204.89999,96.5,,,,1,1,1,1,,,,396157,967306.2499999998
1519271100,182,186.95,180.3,183.55,184.9448166394733,183.6439740653547,0,0,0,204.89999,96.5,,,,1,1,1,1,,,,421744,941844.6999999998
1519357500,183.5,188.7,183.5,186.7,185.29585331157864,183.92179460486793,0,0,0,204.89999,96.5,,,,1,1,1,1,,,,339701,917421.9999999998
1519616700,188,195.60001,186,194.05,187.04668264926292,184.84254054987994,0,0,0,204.89999,96.5,,,,1,1,1,1,,,,674042,933165.3999999998
1519703100,195,196.7,190.85001,194.5,188.53734611941033,185.72049140898176,0,0,0,204.89999,96.5,,,,1,1,1,1,,,,394741,937087.0999999999
1519789500,190.39999,195.39999,190.39999,193.95,189.61987689552825,186.46862855361977,0,0,0,204.89999,96.5,,,,1,1,1,1,,,,273233,895831.9999999998
1519875900,194,199,192.45,196.25,190.9459015164226,187.35784413965433,0,0,0,204.89999,96.5,,,,1,1,1,1,,,,421400,827841.7499999998
1520221500,196.89999,199.95,194,194.75,191.70672121313808,188.02985830877665,0,0,0,204.89999,96.5,,,,1,1,1,1,,,,365947,749107.2499999998
1520307900,196,198.5,186.2,188.55,191.07537697051046,188.0771439170697,0,0,0,204.89999,96.5,,,,1,1,1,1,,,,357583,693829.5999999999
1520394300,188.75,188.75,176.3,177.55,188.37030157640837,187.12013083369973,0,0,0,204.89999,96.5,,,,1,1,1,1,,,,464032,616678.0499999998
1520480700,178.75,180.95,171.3,177.89999,186.2762392611267,186.2819362124543,0,0,0,204.89999,96.5,,,,1,1,1,1,,,,462427,580203.0499999998
1520567100,178.45,183.3,176,177.35001,184.49099340890137,185.469942920413,0,0,0,204.89999,96.5,,,,1,1,1,1,,,,329668,550518.8499999999
1520826300,178.7,180.7,177.05,178.05,183.2027947271211,184.7954026549209,0,0,0,204.89999,96.5,,,,1,1,1,1,,,,307147,494233.8999999998
1520912700,178.64999,181.7,176.75,178.45,182.25223578169687,184.2185478681099,0,0,0,204.89999,96.5,,,,1,1,1,1,,,,250938,448204.5499999997
1520999100,178,180.39999,177.10001,178.95,181.59178862535748,183.739588971009,0,0,0,204.89999,96.5,,,,1,1,1,1,,,,236489,411063.6999999997
1521085500,179.75,185.55,178.39999,184.14999,182.103428900286,183.77689815546273,0,0,0,204.89999,96.5,,,,1,1,1,1,,,,405961,392436.4499999998
1521171900,182.85001,186.39999,182.85001,184.95,182.6727431202288,183.8835437776934,0,0,0,204.89999,96.5,,,,1,1,1,1,,,,448734,382372.59999999986
1521431100,184.75,185.45,167.85001,169.89999,180.11819249618304,182.61231161608492,0,0,0,204.89999,96.5,,,,1,1,1,1,,,,552243,384861.09999999974
1521517500,169.55,173.5,169,172.05,178.50455399694644,181.65210146916812,0,0,0,204.89999,96.5,,,,1,1,1,1,,,,365812,384953.2499999997
1521603900,172.95,177.25,169.85001,170.8,176.96364319755716,180.66554679015283,0,0,0,204.89999,96.5,,,,1,1,1,1,,,,481543,397477.09999999974
1521690300,171,174,165.5,167.39999,175.05091255804572,179.45958708195712,0,0,0,204.89999,96.5,,,,1,1,1,1,,,,345935,394965.9999999997
1521776700,164,164,158.7,160.05,172.05073004643657,177.69507916541556,1,0,0,204.89999,96.5,,,,2,1,1,1,1,,,618084,404782.9999999997
1522035900,161,162.45,157.25,161.35001,169.91058603714924,176.2091637867414,0,0,0,204.89999,96.5,,,,2,1,1,1,,,,433927,409494.2999999997
1522122300,163.2,166.5,162.14999,165.8,169.0884688297194,175.26287616976492,0,0,0,204.89999,96.5,,,,2,1,1,1,,,,275334,389558.8999999997
1522208700,164.45,166.39999,161.05,165.3,168.33077506377552,174.35716015433175,0,0,0,204.89999,96.5,,,,2,1,1,1,,,,399399,389791.79999999964
1522640700,167,169.05,163.5,166.64999,167.9946180510204,173.65650832211978,0,0,0,204.89999,96.5,,,,2,1,1,1,,,,177498,385005.0499999996
1522727100,164.55,170.95,164.55,168.85001,168.16569644081633,173.2195539291998,0,0,0,204.89999,96.5,,,,2,1,1,1,,,,245196,376194.8499999995
1522813500,169.35001,173.39999,165.14999,166.60001,167.85255915265307,172.61777720836346,0,0,0,204.89999,96.5,,,,2,1,1,1,,,,315298,373662.39999999956
1522899900,169.89999,173,168.5,170.45,168.37204732212246,172.4207065530577,0,0,0,204.89999,96.5,,,,2,1,1,1,,,,227712,367168.84999999957
1522986300,170.39999,174,168.14999,171.3,168.95763785769796,172.31882413914337,0,0,0,204.89999,96.5,,,,2,1,1,1,,,,214128,354673.6499999996
1523245500,172,175.3,171.55,173.55,169.87611028615837,172.43074921740308,0,0,0,204.89999,96.5,,,,2,1,1,1,,,,189904,341047.49999999965
1523331900,173.95,174.75,170.39999,171.39999,170.18088622892668,172.3370438340028,0,0,0,204.89999,96.5,,,,2,1,1,1,,,,184130,333770.5999999996
1523418300,172.5,172.89999,168.3,169.39999,170.02470698314136,172.07003894000255,0,0,0,204.89999,96.5,,,,2,1,1,1,,,,175106,327168.5499999997
1523504700,168.2,172.8,168.2,170.55,170.1297655865131,171.9318535818205,0,0,0,204.89999,96.5,,,,2,1,1,1,,,,163636,322803.4499999996
1523591100,170.55,177,170.05,172.45,170.59381246921046,171.97895780165499,0,0,0,204.89999,96.5,,,,2,1,1,1,,,,259250,323941.49999999965
1523850300,171.5,173.45,170.25,171.95,170.86504997536838,171.9763252742318,0,0,0,204.89999,96.5,,,,2,1,1,1,,,,116201,309453.49999999965
1523936700,172.25,183,170.10001,180.55,172.8020399802947,172.75575024930166,0,0,1,204.89999,96.5,,,,1,1,1,1,,,1,572196,315626.5999999996
1524023100,181.95,183.14999,178.25,179.35001,174.11163398423577,173.35522840845604,0,0,0,204.89999,96.5,,,,1,1,1,1,,,,287029,302365.89999999956
1524109500,180.39999,185,177,181.2,175.5293071873886,174.06838946223277,0,0,0,204.89999,96.5,,,,1,1,1,1,,,,257837,296967.14999999956
1524195900,181.7,188.25,181.2,187.55,177.9334457499109,175.2939904202116,0,0,0,204.89999,96.5,,,,1,1,1,1,,,,485222,297151.09999999957
1524455100,188.89999,194.7,187.5,191.55,180.6567565999287,176.77180947291964,0,0,0,204.89999,96.5,,,,1,1,1,1,,,,511551,305431.89999999956
1524541500,193,194.89999,190,191.39999,182.80540327994296,178.1016440662906,0,0,0,204.89999,96.5,,,,1,1,1,1,,,,273384,288196.89999999956
1524627900,190.5,192.45,187.5,189.25,184.09432262395438,179.11513096935508,0,0,0,204.89999,96.5,,,,1,1,1,1,,,,255596,279280.34999999957
1524714300,188.14999,191.5,187.10001,189.5,185.1754580991635,180.059209972141,0,0,0,204.89999,96.5,,,,1,1,1,1,,,,122439,271635.5999999996
1524800700,192,196.2,191,193.7,186.8803664793308,181.29928179285545,0,0,0,204.89999,96.5,,,,1,1,1,1,,,,361891,269760.1999999996
1525059900,194.45,199.7,194.45,199.10001,189.32429518346464,182.91752981168676,0,0,0,204.89999,96.5,,,,1,1,1,1,,,,583984,290084.49999999965
1525232700,200,206.8,192,195.7,190.59943614677172,184.0795725560789,0,0,0,204.89999,96.5,,,,1,1,1,1,,,,663900,311019.6999999996
1525319100,195.5,198.8,193.14999,195,191.4795489174174,185.07233868734446,0,0,0,204.89999,96.5,,,,1,1,1,1,,,,287025,309606.0499999996
1525405500,195.3,198.39999,193,195.7,192.3236391339339,186.0384897157677,0,0,0,204.89999,96.5,,,,1,1,1,1,,,,287561,312598.4999999996
1525664700,206,217.5,202.55,209.14999,195.68890930714713,188.13953519615245,0,0,0,204.89999,96.5,,,,1,1,1,1,,,,3049624,454373.29999999964
1525751100,210.8,214.8,207.14999,210.60001,198.6711294457177,190.1813965419568,0,0,0,204.89999,96.5,,,,1,1,1,1,,,,888767,489316.4499999996
1525837500,210.45,217,209.35001,210.39999,201.01690155657417,192.01945049268798,0,0,0,204.89999,96.5,,,,1,1,1,1,,,,952666,527743.2499999997
1525923900,211.60001,212,201.5,202.25,201.26352124525934,192.94950044789817,0,0,0,204.89999,96.5,,,,1,1,1,1,,,,583109,548143.3999999997
1526010300,203,206.35001,202.25,204.89999,201.99081499620746,194.03590858899835,0,0,0,204.89999,96.5,,,,1,1,1,1,,,,493275,564625.3499999995
1526269500,204.89999,213.5,203,209.8,203.55265199696598,195.46900780818032,0,0,0,217.5,96.5,,,,1,1,1,1,,,,642195,583772.5999999996
1526355900,211.25,219,210,211.85001,205.21212359757277,196.95818982561846,0,0,0,217.5,96.5,,,,1,1,1,1,,,,914212,623673.1499999997
1526442300,210.85001,212.45,206.3,209.3,206.0296988780582,198.08017256874405,0,0,0,217.5,96.5,,,,1,1,1,1,,,,316021,610864.3999999997
1526528700,209.89999,215.05,209.25,213.25,207.47375910244656,199.45924778976732,0,0,0,217.5,96.5,,,,1,1,1,1,,,,460151,619520.4999999997
1526615100,213.95,224.85001,213.60001,217.55,209.48900728195724,201.1038616270612,0,0,0,217.5,96.5,,,,1,1,1,1,,,,1602552,686756.25
1526874300,218,221.8,199.3,203,208.1912058255658,201.2762378427829,0,0,0,217.5,96.5,,,,1,1,1,1,,,,773465,701168.4
1526960700,203.39999,214.35001,203.39999,210.14999,208.58296266045264,202.0829425843481,0,0,0,217.5,96.5,,,,1,1,1,1,,,,562258,703703.75
1527047100,210.14999,213,206.2,207.60001,208.3863721283621,202.58449416758918,0,0,0,217.5,96.5,,,,1,1,1,1,,,,343967,707232.9
1527133500,208.95,214.89999,208.14999,213.14999,209.3390957026897,203.54499378871745,0,0,0,217.5,96.5,,,,1,1,1,1,,,,501531,719529.65
1527219900,214.2,218.89999,211.55,213.55,210.18127656215177,204.45453980792496,0,0,0,224.85001,96.5,,,,1,1,1,1,,,,436777,735246.55
1527479100,214.55,220.60001,214.3,216.25,211.39502124972142,205.52685437084088,0,0,0,224.85001,96.5,,,,1,1,1,1,,,,355157,734909.85
1527565500,217.14999,218.89999,209.5,211.7,211.45601699977715,206.08804942803715,0,0,0,224.85001,96.5,,,,1,1,1,1,,,,357342,723577.75
1527651900,210,211.7,205.55,206.8,210.52481359982173,206.1527722073065,0,0,0,224.85001,96.5,,,,1,1,1,1,,,,251298,702947.65
1527738300,207.75,211.5,205.05,207.35001,209.8898528798574,206.26161200664228,0,0,0,224.85001,96.5,,,,1,1,1,1,,,,334800,705336.4
1527824700,208.5,208.75,195.64999,199.35001,207.7818843038859,205.63328455149298,0,0,0,224.85001,96.5,,,,1,1,1,1,,,,261722,704044.45
1528083900,199.35001,200.89999,175.10001,176.5,201.52550744310872,202.9848041377209,0,0,0,224.85001,96.5,,,,1,1,1,1,,,,723132,587719.85
1528170300,174.5,193.89999,171.25,183.35001,197.890407954487,201.19982285247355,0,0,0,224.85001,96.5,,,,1,1,1,1,,,,1747020,630632.5000000001
1528256700,182.89999,187.85001,177.85001,185.2,195.35232636358958,199.74529350224867,0,0,0,224.85001,96.5,,,,1,1,1,1,,,,836590,624828.7000000001
1528343100,185.60001,200.45,185.55,198.10001,195.90186309087167,199.59572227477153,0,0,0,224.85001,96.5,,,,1,1,1,1,,,,899501,640648.3000000002
1528429500,199,211.45,196.14999,209.14999,198.55148847269734,200.46429206797413,0,0,0,224.85001,96.5,,,,1,1,1,1,,,,1065448,669256.9500000001
1528688700,209.14999,215.7,209,213.5,201.54119077815787,201.64935642543102,0,0,0,224.85001,96.5,,,,1,1,1,1,,,,483803,661337.3500000002
1528775100,214,221.89999,213.05,218.55,204.9429526225263,203.18577856857365,0,0,0,224.85001,96.5,,,,1,1,1,1,,,,925256,661889.5500000002
1528861500,219.64999,227,213.8,217.5,207.45436209802102,204.48707142597604,0,0,0,224.85001,96.5,,,,1,1,1,1,,,,1114619,701819.45
1528947900,217,219.95,212.5,217.7,209.50348967841683,205.68824675088732,0,0,0,224.85001,96.5,,,,1,1,1,1,,,,402965,698960.15
1529034300,218,223.45,209.10001,212.95,210.19279174273345,206.3484061371703,0,0,0,224.85001,96.5,,,,1,1,1,1,,,,611410,649403.05
1529293500,212.25,215.45,202.10001,204.10001,208.97423539418676,206.14400648833663,0,0,0,224.85001,96.5,,,,1,1,1,1,,,,341191,627789.35
1529379900,203.5,203.5,191.55,193.7,205.9193883153494,205.0127331712151,0,0,0,224.85001,96.5,,,,1,1,1,1,,,,582109,628781.9
1529466300,193.10001,200.7,190.5,197.39999,204.21550865227954,204.32066561019556,0,0,0,227,96.5,,,,1,1,1,1,,,,425249,632846
1529552700,198.05,201.64999,193,194.05,202.18240692182363,203.38696873654143,0,0,0,227,96.5,,,,1,1,1,1,,,,388544,627196.6500000001
1529639100,194,198.2,192.14999,197.39999,201.2259235374589,202.8426979423104,0,0,0,227,96.5,,,,1,1,1,1,,,,174812,614098.4000000001
1529898300,196.7,200.39999,193.45,194.75,199.9307388299671,202.1069981293731,0,0,0,227,96.5,,,,1,1,1,1,,,,204086,606544.8500000001
1529984700,193.75,196,190.5,191.7,198.2845910639737,201.1609073903392,0,0,0,227,96.5,,,,1,1,1,1,,,,153498,596352.6500000001
1530071100,191.05,194.2,183.85001,185.35001,195.69767485117896,199.72355308212653,0,0,0,227,96.5,,,,1,1,1,1,,,,330765,600326
1530157500,186.5,190.75,183,184.75,193.50813988094316,198.3623209837514,0,0,0,227,96.5,,,,1,1,1,1,,,,269678,597069.9
1530243900,184.14999,194.45,184.14999,193.5,193.50651190475452,197.92029180341038,0,0,0,227,96.5,,,,1,1,1,1,,,,250560,596511.8
1530503100,193.5,194.89999,189.64999,192.35001,193.27521152380362,197.4139025485549,0,0,0,227,96.5,,,,1,1,1,1,,,,244202,572565.3
1530589500,192,195,189.14999,190.05,192.6301692190429,196.74445686232264,0,0,0,227,96.5,,,,1,1,1,1,,,,235058,496967.2
1530675900,189.75,192.10001,183.55,186.75,191.45413537523433,195.83586987483875,0,0,0,227,96.5,,,,1,1,1,1,,,,346812,472478.3
1530762300,189.45,193.89999,186,186.95,190.55330830018747,195.02806352258068,0,0,0,227,96.5,,,,1,1,1,1,,,,343395,444673
1530848700,187.89999,190.75,185.2,186.45,189.73264664014997,194.24823956598243,0,0,0,227,96.5,,,,1,1,1,1,,,,289814,405891.3
1531107900,187.8,193.39999,187.8,192.35001,190.25611931211998,194.0756732418022,0,0,0,227,96.5,,,,1,1,1,1,,,,224873,392944.8
1531194300,193,200.2,193,198.10001,191.82489744969598,194.441522038002,0,0,0,227,96.5,,,,1,1,1,1,,,,561451,374754.55000000005
1531280700,198.95,203.3,196.8,198.05,193.0699179597568,194.76956548909274,0,0,0,227,96.5,,,,1,1,1,1,,,,369823,337514.75
1531367100,199.5,207.2,197.64999,199.2,194.29593436780544,195.17233226281158,0,0,0,227,96.5,,,,1,1,1,1,,,,546177,344675.35
1531453500,200,200.39999,191.8,196.25,194.68674749424434,195.27030205710145,0,0,0,227,96.5,,,,1,1,1,1,,,,294086,328809.14999999997
1531712700,196.95,197.39999,185.3,190.45,193.83939799539547,194.83209277918314,0,0,0,227,96.5,,,,1,1,1,1,,,,427986,333148.89999999997
1531799100,189.2,193.5,187.75,189.10001,192.89152039631637,194.31099434471196,0,0,0,227,96.5,,,,1,1,1,1,,,,170112,312549.04999999993
1531885500,189.3,192.05,174.55,178.8,190.0732163170531,192.90090394973814,0,0,0,227,96.5,,,,1,1,1,1,,,,370398,309806.4999999999
1531971900,179.89999,184.5,177.55,182.05,188.46857305364247,191.91445813612557,0,0,0,227,96.5,,,,1,1,1,1,,,,262835,303521.0499999999
1532058300,181.89999,189.60001,180.14999,187.5,188.27485844291397,191.51314376011416,0,0,0,227,96.5,,,,1,1,1,1,,,,235705,306565.6999999999
1532317500,188.60001,193.89999,188,192.85001,189.18988875433118,191.63467705464925,0,0,0,227,96.5,,,,1,1,1,1,,,,288160,310769.3999999999
1532403900,193.95,206.8,191.8,204.95,192.34191100346493,192.84516095877203,0,0,0,227,96.5,,,,1,1,1,1,,,,711352,338662.1
1532490300,206.8,212,205,210.05,195.88352880277193,194.4092372352473,0,0,0,227,96.5,,,,1,1,1,1,,,,624181,353332.8999999999
1532576700,202,202,186.35001,192.14999,195.13682104221755,194.2038511229521,0,0,0,227,96.5,,,,1,1,1,1,,,,1112597,395478.85
1532663100,193.14999,201.89999,192.35001,196.89999,195.48945483377403,194.4489546572292,0,0,0,227,96.5,,,,1,1,1,1,,,,482277,407064.7
1532922300,197,206.7,196.75,205.25,197.44156386701923,195.43086787020835,0,0,0,227,96.5,,,,1,1,1,1,,,,495057,419607.45
1533008700,206.05,210.75,201.60001,205.60001,199.0732530936154,196.35533533655305,0,0,0,227,96.5,,,,1,1,1,1,,,,437384,429723.7500000001
1533095100,207,209.39999,201.05,202.5,199.7586024748923,196.91394121504823,0,0,0,227,96.5,,,,1,1,1,1,,,,164758,420621.0500000001
1533181500,202.89999,203.7,200,202.45,200.29688197991385,197.4172192864075,0,0,0,227,96.5,,,,1,1,1,1,,,,170730,411987.8000000001
1533267900,203.5,209.2,202.39999,204.35001,201.10750758393107,198.04747298764318,0,0,0,227,96.5,,,,1,1,1,1,,,,335360,414265.10000000015
1533527100,205,208,202,203.64999,201.61600406714484,198.55679271603924,0,0,0,227,96.5,,,,1,1,1,1,,,,197830,412912.95000000007
1533613500,203.95,244.35001,198.14999,233.3,207.95280325371587,201.71526610549023,0,0,0,227,96.5,,,,1,1,1,1,,,,4951725,632426.65
1533699900,234.10001,256,230.5,240.55,214.4722426029727,205.24569645953656,0,0,0,227,96.5,,,,1,1,1,1,,,,3942254,811048.2
1533786300,241.05,255.89999,241.05,253.25,222.22779408237815,209.60972405412414,0,0,0,227,96.5,,,,1,1,1,1,,,,1958948,881686.75
1533872700,255,255.85001,242.89999,245.2,226.82223526590252,212.8452036855674,0,0,0,227,96.5,,,,1,1,1,1,,,,677459,900855.4
1534131900,242.95,243.7,235.5,239.3,229.317788212722,215.25018516869764,0,0,0,227,96.5,,,,1,1,1,1,,,,517280,905320.1
1534218300,239.55,254.8,239.55,247.45,232.9442305701776,218.1774410624524,0,0,0,227,96.5,,,,1,1,1,1,,,,756885,934658.75
1534391100,247.8,253.8,245.5,249.8,236.31538445614208,221.052219147684,0,0,0,256,96.5,,,,1,1,1,1,,,,684316,950354.65
1534477500,251.39999,261.14999,251.35001,254.3,239.91230756491368,224.07474467971275,0,0,0,256,96.5,,,,1,1,1,1,,,,939756,984200.7
1534736700,255.35001,256.60001,247.8,250.3,241.98984605193095,226.45885879973886,0,0,0,256,96.5,,,,1,1,1,1,,,,350209,989925.9
1534823100,250.3,254.45,245.39999,249.14999,243.42187484154476,228.52168890885352,0,0,0,256,96.5,,,,1,1,1,1,,,,315991,991317.45
1534995900,250.5,253.14999,246.05,247.25,244.18749987323582,230.22426264441228,0,0,0,256,96.5,,,,1,1,1,1,,,,303371,970918.4
1535082300,246.8,247.5,239.35001,241.8,243.70999989858865,231.27660240401116,0,0,0,256,96.5,,,,1,1,1,1,,,,257203,952569.5
1535341500,243,247,236.2,237.3,242.4279999188709,231.8241840036465,0,0,0,261.14999,96.5,,,,1,1,1,1,,,,271688,910524.05
1535427900,237.95,245.95,232.5,240.95,242.13239993509671,232.65380363967864,0,0,0,261.14999,96.5,,,,1,1,1,1,,,,410491,906934.75
1535514300,242,281,242,270.35001,247.77592194807738,236.08073149061696,0,0,0,261.14999,96.5,,,,1,1,1,1,,,,3972124,1080788.1
1535600700,272.75,274.64999,265.10001,270.54999,252.3307355584619,239.21430044601541,0,0,0,261.14999,96.5,,,,1,1,1,1,,,,1087496,1113293.7
1535687100,270.89999,276.89999,266.29999,270.14999,255.89458644676952,242.026635860014,0,0,0,261.14999,96.5,,,,1,1,1,1,,,,847689,1147440.25
1535946300,271,273.04999,262,263.89999,257.4956671574156,244.01512260001275,0,0,0,261.14999,96.5,,,,1,1,1,1,,,,584122,1168109.85
1536032700,265,267,253,256.10001,257.2165357259325,245.1137487272843,0,0,0,261.14999,96.5,,,,1,1,1,1,,,,550931,1178888.4
1536119100,256,262.70001,248.8,260.5,257.873228580746,246.51249884298574,0,0,0,281,96.5,,,,1,1,1,1,,,,595661,1198779.95
1536205500,261.39999,267.14999,257.5,262.25,258.7485828645968,247.94318076635068,0,0,0,281,96.5,,,,1,1,1,1,,,,452939,973840.65
1536291900,262.39999,272,256.29999,267.14999,260.4288642916774,249.68925433304608,0,0,0,281,96.5,,,,1,1,1,1,,,,820155,817735.7
1536551100,265.54999,265.79999,255.05,255.89999,259.52308943334197,250.25386666640551,0,0,0,281,96.5,,,,1,1,1,1,,,,464109,742993.75
1536637500,257,261.70001,247.5,251.3,257.87847154667355,250.3489696967323,0,0,0,281,96.5,,,,1,1,1,1,,,,496796,733960.6
1536723900,252.5,273.75,247.5,267.29999,259.7627752373388,251.8899715424839,0,0,0,281,96.5,,,,1,1,1,1,,,,1102407,763216.9500000001
1536896700,269.79999,283.70001,268.29999,276,263.01022018987106,254.081792311349,0,0,0,281,96.5,,,,1,1,1,1,,,,1466074,798676.4000000001
1537155900,274,279.70001,271,272.29999,264.8681741518968,255.73799210122635,0,0,0,281,96.5,,,,1,1,1,1,,,,509116,789916.4000000001
1537242300,273,276.70001,257.25,259.79999,263.85453732151745,256.1072646374785,0,0,0,281,96.5,,,,1,1,1,1,,,,431577,764507.4500000002
1537328700,262,267.54999,255.89999,262.95001,263.673631857214,256.72933239770776,0,0,0,281,96.5,,,,1,1,1,1,,,,369140,765454.0000000002
1537501500,265.39999,266.95001,226,243.55,259.6489054857712,255.5312112706434,0,0,0,281,96.5,,,,1,1,1,1,,,,717228,785515.8500000002
1537760700,243.60001,248.10001,229.2,231.14999,253.94912238861696,253.31473660967583,0,0,0,283.70001,90.9728912,,,,1,1,1,1,,,,478301,794262.3500000003
1537847100,232.45,238,221.5,230.45,249.24929791089357,251.2361241906144,0,0,0,283.70001,90.9728912,,,,1,1,1,1,,,,578970,810350.7000000003
1537933500,232.89999,235.60001,226.05,227.75,244.94943832871485,249.10102199146763,0,0,0,283.70001,90.9728912,,,,1,1,1,1,,,,284958,811014.2000000004
1538019900,228.10001,229.3,220.25,221.55,240.26955066297188,246.59638362860693,0,0,0,283.70001,90.9728912,,,,1,1,1,1,,,,231032,802041.2500000003
1538106300,222,224.85001,192.10001,203,232.8156405303775,242.6330760260063,0,0,0,283.70001,90.9728912,,,,1,1,1,1,,,,588145,632842.3000000004
1538365500,200.25,221,189.55,212.95,228.842512424302,239.93461456909665,0,0,0,283.70001,90.9728912,,,,1,1,1,1,,,,870628,621998.9000000005
1538538300,212.35001,220.5,210.7,212.35001,225.5440119394416,237.42692324463331,0,0,0,283.70001,90.9728912,,,,1,1,1,1,,,,368485,598038.7000000004
1538624700,206,213.45,202.75,207.60001,221.95521155155328,234.71538567693938,0,0,0,283.70001,90.9728912,,,,1,1,1,1,,,,388209,588243.0500000005
1538711100,208.89999,211,198.85001,202.60001,218.08417124124261,231.7958060699449,0,0,0,283.70001,90.9728912,,,,1,1,1,1,,,,305354,575964.2000000005
1538970300,199.2,205.5,190.55,194.5,213.3673369929941,228.40527824540445,0,0,0,283.70001,90.9728912,,,,1,1,1,1,,,,352462,563804.2500000007
1539056700,197,199.5,190,192.60001,209.21387159439527,225.1502538594586,0,0,0,283.70001,90.9728912,,,,1,1,1,1,,,,355473,558930.9500000007
1539143100,193.45,210.60001,192.05,205.89999,208.55109527551622,223.4002298722351,0,0,0,283.70001,90.9728912,,,,1,1,1,1,,,,478696,541858.0000000007
1539229500,198.05,203.75,195,199.89999,206.82087422041297,221.2638444293046,0,0,0,283.70001,90.9728912,,,,1,1,1,1,,,,415626,539433.8500000008
1539315900,202,212.5,202,204.60001,206.37670137633037,219.74895039027692,0,0,0,283.70001,90.9728912,,,,1,1,1,1,,,,578656,543526.8500000007
1539575100,205.25,214.5,203.8,210.25,207.1513611010643,218.8854094457063,0,0,0,283.70001,90.9728912,,,,1,1,1,1,,,,405141,508663.5500000006
1539661500,211,217.64999,208.64999,214.75,208.67108888085144,218.50946313246027,0,0,0,283.70001,90.9728912,,,,1,1,1,1,,,,427813,456750.50000000064
1539747900,216.89999,218,200.7,202.60001,207.45687310468116,217.06314921132753,0,0,0,283.70001,90.9728912,,,,1,1,1,1,,,,311952,446892.3000000006
1539920700,200.39999,204.75,196,202.14999,206.39549648374492,215.70740746484321,0,0,0,283.70001,90.9728912,,,,1,1,1,1,,,,361768,443401.85000000073
1540179900,204.95,206,198.35001,199.5,205.01639718699593,214.2340067862211,0,0,0,283.70001,90.9728912,,,,1,1,1,1,,,,227864,436338.05000000075
1540266300,198,209.64999,192.95,195.75,203.16311774959675,212.55364253292828,0,0,0,283.70001,90.9728912,,,,1,1,1,1,,,,6480222,724487.7500000007
1540352700,196.95,200.95,192,196.7,201.8704941996774,211.11240230266208,0,0,0,283.70001,90.9728912,,,,1,1,1,1,,,,298915,715518.4500000007
1540439100,192.89999,221.60001,192.45,213.5,204.19639535974193,211.3294566387837,0,0,0,283.70001,90.9728912,,,,1,1,1,1,,,,1237171,748428.5000000007
1540525500,214.5,234.89999,209,229.10001,209.17711828779355,212.94496148980338,0,0,0,283.70001,90.9728912,,,,1,1,1,1,,,,2012903,834825.7500000007
1540784700,231,262.70001,231,257.54999,218.85169263023482,216.99996408163943,0,0,0,283.70001,90.9728912,,,,1,1,1,1,,,,1897374,918142.8500000008
1540871100,256.95001,265.85001,253,257.60001,226.60135610418786,220.69087734694494,0,0,0,283.70001,90.9728912,,,,1,1,1,1,,,,1419795,959725.3500000008
1540957500,258,258.89999,248,251.10001,231.5010868833503,223.45534395176813,0,0,0,283.70001,90.9728912,,,,1,1,1,1,,,,343514,933369.6500000007
1541043900,251.7,260,247.60001,254,236.00086950668023,226.23213086524376,0,0,0,283.70001,90.9728912,,,,1,1,1,1,,,,467515,938321.1500000007
1541130300,254.14999,259.70001,247.5,249.3,238.6606956053442,228.32920987749432,0,0,0,283.70001,90.9728912,,,,1,1,1,1,,,,312645,934542.9500000008
1541389500,250,255.39999,240.5,243.5,239.62855648427535,229.70837261590393,0,0,0,283.70001,90.9728912,,,,1,1,1,1,,,,308174,934683.9500000008
1541475900,244.8,280.95001,244.05,271.20001,245.94284718742028,233.48033965082175,0,0,0,283.70001,90.9728912,,,,1,1,1,1,,,,2918571,1062989.4000000008
1541562300,275.95001,276.89999,266,271.20001,250.99427974993623,236.90940059165612,0,0,0,283.70001,90.9728912,,,,1,1,1,1,,,,480867,1069259.1000000008
1541735100,268.20001,271.5,261.45001,264.79999,253.75542179994898,239.4449087196874,0,0,0,283.70001,90.9728912,,,,1,1,1,1,,,,533037,1071976.1500000008
1541994300,265,272.29999,255.64999,257.25,254.45433743995918,241.06355338153398,0,0,0,283.70001,90.9728912,,,,1,1,1,1,,,,574927,1079941.2000000007
1542080700,257,261,253.64999,258.14999,255.19346795196734,242.61686580139454,0,0,0,283.70001,90.9728912,,,,1,1,1,1,,,,373215,1069669.1500000008
1542167100,260.25,264.25,249,251.10001,254.37477636157388,243.3880607285405,0,0,0,283.70001,90.9728912,,,,1,1,1,1,,,,580762,1078450.2000000007
1542253500,251.89999,252.89999,242.5,243.35001,252.1698230892591,243.38460157140045,0,0,0,283.70001,90.9728912,,,,1,1,1,1,,,,349082,1074513.6500000008
1542339900,244.45,247.39999,233.85001,240.85001,249.90586047140727,243.1541841558186,0,0,0,283.70001,90.9728912,,,,1,1,1,1,,,,476111,1082721.6000000008
1542599100,241.5,242.7,234.3,237.10001,247.3446903771258,242.6038046871078,0,0,0,283.70001,90.9728912,,,,1,1,1,1,,,,199628,1074614.6000000008
1542685500,236.89999,242.8,228.3,230.3,243.93575230170063,241.48527698827982,0,0,0,283.70001,90.9728912,,,,1,1,1,1,,,,472735,1086858.1500000008
1542771900,230.3,239,229.05,234,241.9486018413605,240.80479726207255,0,0,0,283.70001,90.9728912,,,,1,1,1,1,,,,533706,789532.3500000008
1542858300,233.60001,239.39999,231.5,232.55,240.0688814730884,240.05436114733868,0,0,0,283.70001,90.9728912,,,,1,1,1,1,,,,358489,792511.0500000007
1543203900,233.60001,235.89999,228.3,231.89999,238.4351031784707,239.3130546793988,0,0,0,283.70001,90.9728912,,,,1,1,1,1,,,,270755,744190.2500000007
1543290300,231.25,234.75,225.3,226.35001,236.01808454277656,238.13459607218073,0,0,0,283.70001,90.9728912,,,,1,1,1,1,,,,245915,655840.8500000007
1543376700,226.95,231.10001,219.35001,220.14999,232.84446563422125,236.49963188380067,0,0,0,283.70001,90.9728912,,,,1,1,1,1,,,,403530,581148.6500000007
1543463100,222.2,224.89999,215.5,216.5,229.575572507377,234.6814835307279,0,0,0,283.70001,90.9728912,,,,1,1,1,1,,,,349871,527652.4500000009
1543549500,216.55,231.39999,215.10001,229.75,229.6104580059016,234.23316684611626,0,0,0,283.70001,90.9728912,,,,1,1,1,1,,,,529366,536945.050000001
1543808700,231.14999,239.39999,228.5,236.5,230.98836640472126,234.43924258737843,0,0,0,283.70001,90.9728912,,,,1,1,1,1,,,,808563,553997.4500000009
1543895100,237.39999,237.39999,229.39999,231.60001,231.11069512377702,234.1811305339804,0,0,0,283.70001,90.9728912,,,,1,1,1,1,,,,239077,550319.050000001
1543981500,228.35001,231.35001,218.3,219.75,228.83855609902162,232.8692095763458,0,0,0,283.70001,90.9728912,,,,1,1,1,1,,,,434812,556650.9500000011
1544067900,216.10001,218.7,207.3,213.60001,225.7908468792173,231.11746416031437,0,0,0,283.70001,90.9728912,,,,1,1,1,1,,,,399998,430722.3000000012
1544154300,214,219.14999,213.10001,216.25,223.88267750337383,229.7658765093767,0,0,0,283.70001,90.9728912,,,,1,1,1,1,,,,267062,420032.0500000013
1544413500,211.85001,217,203.14999,214.35001,221.97614400269907,228.36443409943337,0,0,0,283.70001,90.9728912,,,,1,1,1,1,,,,232054,404982.90000000136
1544499900,210,229,210,225.8,222.74091520215927,228.1313037267576,0,0,0,283.70001,90.9728912,,,,1,1,1,1,,,,431611,397817.1000000014
1544586300,227.60001,235.8,227,233.55,224.9027321617274,228.62391247887055,0,0,0,283.70001,90.9728912,,,,1,1,1,1,,,,330616,395687.15000000136
1544672700,233.95,239.7,231,233.45,226.61218572938193,229.06264770806413,0,0,0,283.70001,90.9728912,,,,1,1,1,1,,,,306535,381975.8000000014
1544759100,232,234.95,228,231.39999,227.56974658350555,229.27513337096738,0,0,0,283.70001,90.9728912,,,,1,1,1,1,,,,209582,375000.80000000144
1545018300,232,239.8,232,236.55,229.36579726680444,229.9364848826976,0,0,0,283.70001,90.9728912,,,,1,1,1,1,,,,413087,371849.6000000015
1545104700,235,247.8,233.55,244.14999,232.32263581344355,231.2286217115433,0,0,0,283.70001,90.9728912,,,,1,1,1,1,,,,885183,406127.3500000015
1545191100,244.5,247.7,239.05,242.85001,234.42811065075483,232.28511155594845,0,0,0,283.70001,90.9728912,,,,1,1,1,1,,,,289355,396958.3500000015
1545277500,241.35001,243.5,238,241,235.74248852060387,233.07737414177132,0,0,0,283.70001,90.9728912,,,,1,1,1,1,,,,193191,379932.6000000015
1545363900,239.10001,241.64999,229.55,232.10001,235.0139928164831,232.98852285615575,0,0,0,283.70001,90.9728912,,,,1,1,1,1,,,,221825,373099.4000000015
1545623100,232,232,224.60001,225.64999,233.1411922531865,232.32138350559615,0,0,0,283.70001,90.9728912,,,,1,1,1,1,,,,126527,365888.0000000015
1545795900,224,224,216.3,221.55,230.8229538025492,231.34216682326922,0,0,0,283.70001,90.9728912,,,,1,1,1,1,,,,307636,368974.0500000015
1545882300,224.85001,228,222,222.39999,229.13836104203935,230.52924165751747,0,0,0,283.70001,90.9728912,,,,1,1,1,1,,,,117187,354656.90000000154
1545968700,223.10001,228.60001,223.05,223.55,228.02068883363148,229.8947651431977,0,0,0,283.70001,90.9728912,,,,1,1,1,1,,,,178707,346098.7000000015
1546227900,224.60001,228.7,223.8,224.60001,227.3365530669052,229.41342376654336,0,0,0,283.70001,90.9728912,,,,1,1,1,1,,,,125427,325901.7500000016
1546314300,225.05,231.95,224.55,228.89999,227.64924045352416,229.36674796958488,0,0,0,283.70001,90.9728912,,,,1,1,1,1,,,,271005,299023.85000000155
1546400700,228.10001,232.85001,222.45,223.3,226.77939236281932,228.81522542689535,0,0,0,283.70001,90.9728912,,,,1,1,1,1,,,,246527,299396.35000000155
1546487100,224,226.35001,220.3,221.14999,225.65351189025546,228.11838584263214,0,0,0,283.70001,90.9728912,,,,1,1,1,1,,,,163550,285833.2500000015
1546573500,223.39999,223.39999,216.55,217.89999,224.10280751220438,227.1894407660292,0,0,0,283.70001,90.9728912,,,,1,1,1,1,,,,186659,275166.30000000156
1546832700,220.05,222.64999,218.89999,220.05,223.29224600976352,226.54040069639018,0,0,0,283.70001,90.9728912,,,,1,1,1,1,,,,213887,272507.55000000156
1546919100,221.2,227,218,223.3,223.29379680781082,226.24581881490016,0,0,0,283.70001,90.9728912,,,,1,1,1,1,,,,277877,274798.7000000015
1547005500,224.60001,226.89999,220.35001,221.75,222.98503744624867,225.8371080135456,0,0,0,283.70001,90.9728912,,,,1,1,1,1,,,,144427,260439.50000000154
1547091900,222.89999,223.95,219.7,220.39999,222.46802795699892,225.34282455776872,0,0,0,283.70001,90.9728912,,,,1,1,1,1,,,,88410,248329.2000000015
1547178300,221.25,223.60001,219,219.85001,221.94442436559913,224.84347777978974,0,0,0,283.70001,90.9728912,,,,1,1,1,1,,,,91588,237581.85000000155
1547437500,220.2,220.2,213.75,215.39999,220.6355374924793,223.98497889071794,0,0,0,283.70001,90.9728912,,,,1,1,1,1,,,,124863,233345.90000000154
1547523900,216.5,222,216.5,219.35001,220.37843199398344,223.56361808247087,0,0,0,283.70001,90.9728912,,,,1,1,1,1,,,,175207,221451.90000000154
1547610300,218.5,224.39999,217.05,217.45,219.79274559518674,223.00783462042807,0,0,0,283.70001,90.9728912,,,,1,1,1,1,,,,236747,189030.10000000152
1547696700,218.10001,223.89999,216.89999,219.39999,219.7141944761494,222.6798487458437,0,0,0,283.70001,90.9728912,,,,1,1,1,1,,,,346718,191898.2500000015
1547783100,219.39999,221.95,216,216.75,219.12135558091953,222.14077158713064,0,0,0,283.70001,90.9728912,,,,1,1,1,1,,,,127846,188631.0000000015
1548042300,217.60001,220,208.75,213.75,218.04708446473563,221.37797417011876,0,0,0,283.70001,90.9728912,,,,1,1,1,1,,,,173000,186189.7500000015
1548128700,212.89999,214.25,210.10001,211.45,216.72766757178852,220.47543106374434,0,0,0,283.70001,90.9728912,,,,1,1,1,1,,,,124382,186082.5000000015
1548215100,211,213.10001,210.10001,210.7,215.5221340574308,219.58675551249485,0,0,0,283.70001,90.9728912,,,,1,1,1,1,,,,188065,180103.95000000153
1548301500,209.25,216.5,208.60001,212.35001,214.88770924594465,218.9288695568135,0,0,0,283.70001,90.9728912,,,,1,1,1,1,,,,172656,182877.4000000015
1548387900,213.75,217,203,206.85001,213.28016939675572,217.830791415285,1,0,0,283.70001,90.9728912,,,,2,1,1,1,1,,,267177,187300.9000000015
1548647100,209.55,209.89999,188.35001,193.60001,209.3441375174046,215.62799310480455,0,0,0,283.70001,90.9728912,,,,2,1,1,1,,,,1003742,231216.65000000148
1548733500,189.2,193.8,185.10001,191.60001,205.79531201392368,213.44363100436777,0,0,0,283.70001,90.9728912,,,,2,1,1,1,,,,382358,236784.3000000015
1548819900,192.45,195,184.5,186.8,201.99624961113895,211.02148273124342,0,0,0,283.70001,90.9728912,,,,2,1,1,1,,,,287906,238853.25000000148
1548906300,186.89999,189.39999,180.10001,180.7,197.73699968891117,208.2649843011304,0,0,0,283.70001,90.9728912,,,,2,1,1,1,,,,456749,253513.2000000015
1548992700,183,183,168.8,171.35001,192.45960175112893,204.90907754648217,0,0,0,283.70001,90.9728912,,,,2,1,1,1,,,,436654,266012.95000000147
1549251900,168,170.89999,160.5,164.55,186.87768140090316,201.24007049680196,0,1,0,283.70001,90.9728912,,,,3,1,1,1,,1,,780669,294352.05000000156
1549338300,164,170.5,162.85001,168.05,183.11214512072252,198.22279136072905,0,0,0,283.70001,90.9728912,,,,3,1,1,1,,,,546591,307787.7500000015
1549424700,169.95,185,168.89999,182.35001,182.959718096578,196.7798112370264,0,0,0,283.70001,90.9728912,,,,3,1,1,1,,,,807239,340928.3500000016
1549511100,182,188.85001,178.60001,183.75,183.1177744772624,195.59528294275125,0,0,0,283.70001,90.9728912,,,,3,1,1,1,,,,320832,352549.4500000015
1549597500,182.85001,184.64999,173,174.85001,181.4642215818099,193.7093490388648,0,0,0,283.70001,90.9728912,,,,3,1,1,1,,,,274949,361717.5000000015
1549856700,175,175.7,168.85001,170.05,179.18137726544794,191.55849912624072,0,0,0,283.70001,90.9728912,,,,3,1,1,1,,,,122639,361606.30000000156
1549943100,170.5,171.45,165,166.5,176.64510181235835,189.28045375112794,0,0,0,283.70001,90.9728912,,,,3,1,1,1,,,,204127,363052.30000000156
1550029500,166.95,169.64999,163.05,164.10001,174.13608344988668,186.9913225010254,0,0,0,283.70001,90.9728912,,,,3,1,1,1,,,,189371,360683.5000000016
1550115900,169.89999,169.89999,160,162.5,171.80886675990934,184.7648386372958,0,0,0,283.70001,90.9728912,,,,3,1,1,1,,,,225454,354620.30000000156
1550202300,162.95,165.64999,156.25,157.10001,168.86709540792748,182.24985421572347,0,0,0,283.70001,90.9728912,,,,3,1,1,1,,,,301997,363327.8500000016
1550461500,157,159,151.05,151.85001,165.46367832634198,179.48623201429407,0,0,0,283.70001,90.9728912,,,,3,1,1,1,,,,211231,365239.4000000016
1550547900,152,157.89999,152,153,162.9709426610736,177.07839274026733,0,0,0,283.70001,90.9728912,,,,3,1,1,1,,,,321322,375086.4000000016
1550634300,154,165.60001,154,162.5,162.87675412885886,175.75308430933393,0,0,0,283.70001,90.9728912,,,,3,1,1,1,,,,324706,381918.4500000016
1550720700,162.95,171.3,162.8,168.5,164.0014033030871,175.0937130084854,0,0,0,283.70001,90.9728912,,,,3,1,1,1,,,,499767,398274.0000000016
1550807100,167.10001,170.7,164.60001,166.8,164.56112264246968,174.33973909862308,0,0,0,283.70001,90.9728912,,,,3,1,1,1,,,,209184,395374.3500000016
1551066300,167.45,173,166.75,170.25,165.69889811397576,173.9679446351119,0,0,0,283.70001,90.9728912,,,,3,1,1,1,,,,343236,362349.05000000156
1551152700,168,181.7,165.05,176.7,167.89911849118062,174.21631330464717,0,0,0,283.70001,90.9728912,,,,3,1,1,1,,,,821549,384308.6000000016
1551239100,178.95,189.55,178.5,187.25,171.7692947929445,175.4011939133156,0,0,0,283.70001,90.9728912,,,,3,1,1,1,,,,1086942,424260.4000000016
1551325500,187,191.10001,184.10001,185.45,174.50543583435558,176.31472173937783,0,0,0,283.70001,90.9728912,,,,3,1,1,1,,,,394900,421167.9500000016
1551411900,187.7,192.39999,185.55,190.39999,177.68434666748448,177.59520067216167,0,0,0,283.70001,90.9728912,,,,3,1,1,1,,,,334414,416055.9500000016
1551757500,190.5,209.89999,190.5,202.55,182.65747733398757,179.86381879287424,0,0,0,283.70001,90.9728912,,,,3,1,1,1,,,,875068,420775.9000000016
1551843900,202.95,205.60001,197.10001,199.35001,185.99598386719006,181.63529072079476,0,0,0,283.70001,90.9728912,,,,3,1,1,1,,,,326161,409754.4000000016
1551930300,198.5,200.5,193.10001,194.89999,187.77678509375204,182.84117247344977,0,0,0,283.70001,90.9728912,,,,3,1,1,1,,,,258392,382312.05000000156
1552016700,194,196.64999,188.60001,190.3,188.28142807500163,183.51924770313616,0,0,0,283.70001,90.9728912,,,,3,1,1,1,,,,193085,375924.7000000016
1552275900,191,198,191,192.85001,189.1951444600013,184.36749882103288,0,0,0,283.70001,90.9728912,,,,3,1,1,1,,,,376980,381026.2500000015
1552362300,193.35001,201.25,193.35001,198.35001,191.02611756800104,185.63863620093898,0,0,0,209.89999,151.05,,,,1,1,1,1,,,,549113,402349.9500000016
1552448700,198.5,201.95,195.2,198.75,192.57089405440084,186.83057836448998,0,0,0,209.89999,151.05,,,,1,1,1,1,,,,360000,410143.6000000016
1552535100,200.95,204,198.39999,200.14999,194.08671324352068,188.04143396771818,0,0,0,209.89999,151.05,,,,1,1,1,1,,,,362766,418813.3500000016
1552621500,200.60001,207.25,199.89999,200.35001,195.33937259481655,189.16039542519835,0,0,0,209.89999,151.05,,,,1,1,1,1,,,,626922,438886.7500000016
1552880700,201.05,204.7,199.60001,201.25,196.52149807585323,190.25945038654396,0,0,0,209.89999,151.05,,,,1,1,1,1,,,,243013,435937.55000000156
1552967100,201.2,206.2,200,204.14999,198.04719646068258,191.52222671503998,0,0,0,209.89999,151.05,,,,1,1,1,1,,,,270733,438912.6500000016
1553053500,203.89999,209.2,200.25,201.55,198.74775716854606,192.43384246821816,0,0,0,209.89999,151.05,,,,1,1,1,1,,,,796974,462695.2500000017
1553226300,201.39999,203.10001,199.55,200.64999,199.12820373483686,193.1807649711074,0,0,0,209.89999,151.05,,,,1,1,1,1,,,,220390,457479.4500000017
1553485500,197.14999,202,196.7,200.7,199.44256298786948,193.86433179191582,0,0,0,209.89999,151.05,,,,1,1,1,1,,,,377315,451356.85000000166
1553571900,200.8,202,196.8,198.39999,199.23404839029558,194.2766643562871,0,0,0,209.89999,151.05,,,,1,1,1,1,,,,248840,453339.65000000165
1553658300,198.5,207,196,204,200.18723871223648,195.160603960261,0,0,0,209.89999,151.05,,,,1,1,1,1,,,,409197,456637.7000000017
1553744700,208.35001,213.8,205.35001,209.8,202.10979096978917,196.4914581456918,0,0,0,209.89999,151.05,,,,1,1,1,1,,,,489464,440033.4500000017
1553831100,208.5,210.8,202.10001,203.35001,202.35783477583135,197.11496285971984,0,0,0,209.89999,151.05,,,,1,1,1,1,,,,200348,395703.7500000017
1554090300,206,219,206,216.25,205.13626782066507,198.8545116906544,0,0,0,209.89999,151.05,,,,1,1,1,1,,,,1544007,453159.10000000166
1554176700,218.25,221.14999,215,219.05,207.91901425653205,200.69046517332217,0,0,0,209.89999,151.05,,,,1,1,1,1,,,,608570,466866.90000000165
1554263100,219.95,220.7,212.7,214.60001,209.25521340522565,201.9549692484747,0,0,0,209.89999,151.05,,,,1,1,1,1,,,,302425,438234.7500000017
1554349500,212.10001,218,211,216,210.6041707241805,203.2317902258861,0,0,0,209.89999,151.05,,,,1,1,1,1,,,,219858,432919.60000000166
1554435900,217.25,227.8,215.25,226,213.6833365793444,205.30162747807827,0,0,0,209.89999,151.05,,,,1,1,1,1,,,,572386,448619.3000000017
1554695100,227.10001,227.85001,221,222.95,215.53666926347552,206.90602498007115,0,0,0,209.89999,151.05,,,,1,1,1,1,,,,357948,456862.4500000017
1554781500,222.5,230.3,222.5,228.8,218.18933541078042,208.89638634551923,0,0,0,209.89999,151.05,,,,1,1,1,1,,,,341134,455070.15000000165
1554867900,226.2,230,223.2,226.35001,219.82147032862434,210.4830794050175,0,0,0,209.89999,151.05,,,,1,1,1,1,,,,178003,436514.65000000165
1554954300,225.5,227.55,221.55,225.45,220.94717626289946,211.8437085500159,0,0,0,209.89999,151.05,,,,1,1,1,1,,,,138286,425428.9500000017
1555040700,224.85001,226.8,221.3,224,221.55774101031957,212.9488259545599,0,0,0,209.89999,151.05,,,,1,1,1,1,,,,151992,414890.2500000017
1555299900,225.64999,234.35001,224,227.60001,222.76619480825565,214.28075177687265,0,0,0,209.89999,151.05,,,,1,1,1,1,,,,441020,405595.15000000165
1555386300,228.3,233,225.05,228.7,223.9529558466045,215.59159252442967,0,0,0,209.89999,151.05,,,,1,1,1,1,,,,338685,410378.75000000163
1555559100,230.7,230.75,219.5,221.8,223.5223646772836,216.15599320402697,0,0,0,209.89999,151.05,,,,1,1,1,1,,,,268069,410245.5500000016
1555904700,220.89999,223.5,218.05,221.7,223.1578917418269,216.6599938218427,0,0,0,209.89999,151.05,,,,1,1,1,1,,,,180238,379408.7500000017
1555991100,220,225.5,219.5,222.85001,223.0963153934615,217.22272256531156,0,0,0,209.89999,151.05,,,,1,1,1,1,,,,171113,376944.90000000165
1556077500,223,226.60001,221.5,223.95,223.26705231476922,217.8342932411923,0,0,0,234.35001,151.05,,,,1,1,1,1,,,,139788,365068.55000000173
1556163900,223.25,225.55,222,224.25,223.46364185181537,218.41753931017482,0,0,0,234.35001,151.05,,,,1,1,1,1,,,,112416,358247.3500000018
1556250300,224,225.7,223,224.8,223.7309134814523,218.99776300924984,0,0,0,234.35001,151.05,,,,1,1,1,1,,,,57911,340683.0500000018
1556595900,224.2,229.60001,222.3,227.3,224.44473078516182,219.75251182659076,0,0,0,234.35001,151.05,,,,1,1,1,1,,,,225629,327491.3000000018
1556768700,226.3,233.89999,223.2,229.25,225.40578462812945,220.61591984235523,0,0,0,234.35001,151.05,,,,1,1,1,1,,,,1121137,373530.75
1556855100,224,228.89999,215.7,216.95,223.71462770250355,220.2826544021411,0,0,0,234.35001,151.05,,,,1,1,1,1,,,,393232,315992
1557114300,214,223.89999,210.05,221.95,223.36170216200284,220.43423127467372,0,0,0,234.35001,151.05,,,,1,1,1,1,,,,433361,307231.55
1557200700,223.89999,226.95,223,224.5,223.58936172960227,220.80384661333974,0,0,0,234.35001,151.05,,,,1,1,1,1,,,,519701,318095.35
1557287100,223.25,226,222.75,224.85001,223.8414913836818,221.17167964849068,0,0,0,234.35001,151.05,,,,1,1,1,1,,,,253404,319772.64999999997
1557373500,223,226.3,223,225.05,224.08319310694546,221.52425422590062,0,0,0,234.35001,151.05,,,,1,1,1,1,,,,169927,299649.6999999999
1557459900,224,228.8,224,225,224.26655448555636,221.84023111445512,0,0,0,234.35001,151.05,,,,1,1,1,1,,,,171579,290331.2499999999
1557719100,224.35001,226.5,220.25,222.3,223.8732435884451,221.8820282858683,0,0,0,234.35001,151.05,,,,1,1,1,1,,,,540584,300303.7499999998
1557805500,221.05,226.8,220.3,225.05,224.10859487075606,222.17002571442572,0,0,0,234.35001,151.05,,,,1,1,1,1,,,,290106,305908.8999999998
1557891900,223.95,226.3,223.25,224.55,224.19687589660487,222.3863870131143,0,0,0,234.35001,151.05,,,,1,1,1,1,,,,194557,308722.44999999984
1557978300,224.55,224.95,218.10001,221.64999,223.6874987172839,222.3194418301039,0,0,0,234.35001,151.05,,,,1,1,1,1,,,,124078,307326.7499999998
1558064700,221.45,226,220.60001,225.3,224.00999897382712,222.59040166373083,0,0,0,234.35001,151.05,,,,1,1,1,1,,,,152460,292898.7499999998
1558323900,228.60001,238.3,227.89999,229.89999,225.1879971790617,223.25490969430075,0,0,0,234.35001,151.05,,,,1,1,1,1,,,,304967,291212.84999999974
1558410300,229,234.25,225.8,230.14999,226.18039574324936,223.88173517663705,0,0,0,234.35001,151.05,,,,1,1,1,1,,,,195068,287562.7999999998
1558496700,228.60001,231.89999,228.05,230.05,226.9543165945995,224.4424865242155,0,0,0,234.35001,151.05,,,,1,1,1,1,,,,263713,291736.5499999998
1558583100,232.10001,249.45,229.89999,239.05,229.3734532756796,225.77044229474137,0,0,0,234.35001,151.05,,,,1,1,1,1,,,,680247,317193.2499999998
1558669500,241.89999,254,241.7,251,233.69876262054368,228.0640384497649,0,0,0,234.35001,151.05,,,,1,1,1,1,,,,619445,341176.0999999998
1558928700,250.8,259.14999,244.39999,246.5,236.25901009643493,229.74003495433172,0,0,0,234.35001,151.05,,,,1,1,1,1,,,,260681,348589.3499999998
1559015100,247.8,253.89999,244.55,251.85001,239.37721007714794,231.7500326857561,0,0,0,234.35001,151.05,,,,1,1,1,1,,,,274827,359435.1499999998
1559101500,252,254.25,248,250.35001,241.57177006171835,233.44093971432375,0,0,0,234.35001,151.05,,,,1,1,1,1,,,,129480,354627.69999999984
1559187900,250.35001,253.45,248.14999,250.25,243.3074160493747,234.96903610393068,0,0,0,234.35001,151.05,,,,1,1,1,1,,,,168725,307007.0999999998
1559274300,250.5,259.89999,250.5,257,246.04593283949976,236.97185100357333,0,0,0,234.35001,151.05,,,,1,1,1,1,,,,371311,305911.0499999998
1559533500,254.64999,270.79999,254.14999,261,249.0367462715998,239.15622818506668,0,0,0,234.35001,151.05,,,,1,1,1,1,,,,556220,312053.9999999999
1559619900,261.95001,272.75,260,270.10001,253.24939901727984,241.96929925915154,0,0,0,234.35001,151.05,,,,1,1,1,1,,,,599836,316060.7499999999
1559792700,270.10001,274.85001,264.04999,264.79999,255.55951721382388,244.04481659922868,0,0,0,234.35001,151.05,,,,1,1,1,1,,,,396070,323194.04999999993
1559879100,263.04999,269.64999,262.25,265.54999,257.5576117710591,245.99983236293517,0,0,0,234.35001,151.05,,,,1,1,1,1,,,,221074,325751.39999999985
1560138300,263.45001,269,263.45001,266.10001,259.2660914168473,247.82712123903198,0,0,0,234.35001,151.05,,,,1,1,1,1,,,,155591,324951.9999999999
1560224700,266.89999,268.5,262.54999,264.95001,260.40287513347783,249.38374749002907,0,0,0,234.35001,151.05,,,,1,1,1,1,,,,209076,308376.59999999986
1560311100,265,266,263.29999,265.04999,261.3322981067823,250.80795135457188,0,0,0,234.35001,151.05,,,,1,1,1,1,,,,298097,308776.14999999985
1560397500,265.64999,268,263.10001,264.89999,262.0458364854258,252.08904577688352,0,0,0,274.85001,151.05,,,,1,1,1,1,,,,332180,315657.2999999999
1560483900,265,278,265,274.75,264.58666918834064,254.14913252443958,0,0,0,274.85001,151.05,,,,1,1,1,1,,,,590985,339002.64999999985
1560743100,274.10001,277.75,264.29999,265.29999,264.7293333506725,255.16284684039962,0,0,0,274.85001,151.05,,,,1,1,1,1,,,,437729,353266.09999999986
1560829500,266.70001,270,265.45001,267.89999,265.363464680538,256.32076894581786,0,0,0,274.85001,151.05,,,,1,1,1,1,,,,214045,348719.9999999999
1560915900,271.04999,271.89999,264.35001,265.95001,265.4807737444304,257.19615449619806,0,0,0,274.85001,151.05,,,,1,1,1,1,,,,278978,352915.4999999999
1561002300,266,267.20001,263,265.10001,265.4046209955443,257.9146868147255,0,0,0,274.85001,151.05,,,,1,1,1,1,,,,176975,348578.59999999986
1561088700,265.10001,269.25,264.39999,265.39999,265.40369479643545,258.59516892247774,0,0,0,278,151.05,,,,1,1,1,1,,,,75269,318329.6999999999
1561347900,265,267.95001,263.54999,265.29999,265.38295383714836,259.2046981113434,0,0,0,278,151.05,,,,1,1,1,1,,,,344496,304582.2499999999
1561434300,264.95001,266.95001,261.35001,262.45001,264.7963650697187,259.49972646485764,0,0,0,278,151.05,,,,1,1,1,1,,,,83816,295738.9999999999
1561520700,262.39999,265.60001,256.60001,262.04999,264.24709005577495,259.73156860441605,0,0,0,278,151.05,,,,1,1,1,1,,,,132863,288640.79999999993
1561607100,261.20001,271.39999,261.20001,264.95001,264.38767404462,260.205972367651,0,0,0,278,151.05,,,,1,1,1,1,,,,145590,289446.29999999993
1561693500,264.95001,266.95001,262,265.5,264.610139235696,260.68724760695545,0,0,0,278,151.05,,,,1,1,1,1,,,,112570,286638.54999999993
1561952700,265.14999,268,262.14999,265.04999,264.6981093885568,261.08386055177766,0,0,0,278,151.05,,,,1,1,1,1,,,,205938,278369.8999999999
1562039100,263.39999,267,263.29999,265.20001,264.79848951084546,261.4580559561615,0,0,0,278,151.05,,,,1,1,1,1,,,,52280,253172.8999999999
1562125500,265.10001,267.5,264,265.39999,264.9187896086764,261.8164135965105,0,0,0,278,151.05,,,,1,1,1,1,,,,68769,226619.5499999999
1562211900,265.25,266.89999,263.20001,265.5,265.0350316869411,262.15128508773677,0,0,0,278,151.05,,,,1,1,1,1,,,,67181,210175.09999999992
1562298300,265.39999,266,262.79999,263.54999,264.7380233495529,262.2784400797607,0,0,0,278,151.05,,,,1,1,1,1,,,,121976,205220.1999999999
1562557500,262.89999,265.5,259.39999,265,264.79041867964236,262.5258546179643,0,0,0,278,151.05,,,,1,1,1,1,,,,205039,207692.5999999999
1562643900,266.79999,266.79999,262.10001,265.10001,264.8523369437139,262.7598687436039,0,0,0,278,151.05,,,,1,1,1,1,,,,124422,203459.89999999988
1562730300,265.10001,265.5,263.35001,265.04999,264.8918675549711,262.9680615850944,0,0,0,278,151.05,,,,1,1,1,1,,,,113844,194247.24999999988
1562816700,264.35001,267,264.04999,265.04999,264.92349204397686,263.1573278046313,0,0,0,278,151.05,,,,1,1,1,1,,,,62434,180759.9499999999
1562903100,265.14999,287.39999,264.25,280.54999,268.0487916351815,264.73847891330115,0,0,0,278,151.05,,,,1,1,1,1,,,,878964,195158.89999999988
1563162300,281.25,291.79999,280.14999,283.54999,271.1490313081452,266.44861628481925,0,0,0,278,151.05,,,,1,1,1,1,,,,602562,203400.54999999987
1563248700,285.89999,288.70001,283,284,273.71922504651616,268.04419662256294,0,0,0,278,151.05,,,,1,1,1,1,,,,213979,203397.24999999985
1563335100,286,286,271,271.89999,273.3553780372129,268.39472329323905,0,0,0,278,151.05,,,,1,1,1,1,,,,198949,199395.79999999987
1563421500,271.89999,272.89999,255.64999,266.60001,272.00430442977034,268.23156753930823,0,0,0,278,151.05,,,,1,1,1,1,,,,2356571,308375.59999999986
1563507900,273,276.64999,260.5,262.75,270.15344354381625,267.7332432175529,0,0,0,278,151.05,,,,1,1,1,1,,,,405317,324877.9999999999
1563767100,258.5,268.5,254.3,256,267.322754835053,266.6665847432299,0,0,0,291.79999,151.05,90.9728912,,,1,1,1,1,,,,215968,318451.5999999999
1563853500,256,262,254.39999,255.25,264.9082038680424,265.6287134029363,0,0,0,291.79999,151.05,90.9728912,,,1,1,1,1,,,,147473,321634.44999999984
1563939900,255.05,257.60001,245,248.8,261.6865630944339,264.0988303663057,0,0,0,291.79999,151.05,90.9728912,,,1,1,1,1,,,,401988,335090.69999999984
1564026300,218.55,242.8,211.5,235.5,256.4492504755471,261.4989366966416,1,0,0,291.79999,151.05,90.9728912,,,2,1,1,1,1,,,1973501,426486.2499999998
1564112700,233.25,235.3,227.2,230.10001,251.1794023804377,258.6444888151287,0,0,0,291.79999,151.05,90.9728912,,,2,1,1,1,,,,293583,435536.8999999998
1564371900,227.2,236.89999,227.2,231.5,247.24352190435016,256.1768080137534,0,0,0,291.79999,151.05,90.9728912,,,2,1,1,1,,,,192372,434858.5999999998
1564458300,231.5,238.7,226.10001,227.60001,243.31481952348014,253.57891728523035,0,0,0,291.79999,151.05,90.9728912,,,2,1,1,1,,,,210554,442772.29999999993
1564544700,225,229.85001,220.64999,225.39999,239.7318536187841,251.01719662293667,0,0,0,291.79999,151.05,90.9728912,,,2,1,1,1,,,,207330,449700.3499999999
1564631100,222.35001,228.39999,222.35001,225.10001,236.8054848950273,248.66108874812423,0,0,0,291.79999,151.05,90.9728912,,,2,1,1,1,,,,222496,457466.0999999999
1564717500,221.10001,224.95,216.2,220.95,233.63438791602184,246.1418988619311,0,0,0,291.79999,151.05,90.9728912,,,2,1,1,1,,,,384098,470572.1999999999
1564976700,218,218.25,202.8,206.75,228.25751033281747,242.5608171472101,0,1,0,291.79999,151.05,90.9728912,,,3,1,1,1,,1,,236968,472168.6499999999
1565063100,204.2,217.95,204.10001,211.7,224.94600826625398,239.75528831564554,0,0,0,291.79999,151.05,90.9728912,,,3,1,1,1,,,,182209,475057.9999999999
1565149500,211.89999,218.64999,211.85001,214.8,222.9168066130032,237.48662574149594,0,0,0,291.79999,151.05,90.9728912,,,3,1,1,1,,,,111180,474924.79999999993
1565235900,214.05,219.5,214.05,217.60001,221.85344729040256,235.67875158317813,0,0,0,291.79999,151.05,90.9728912,,,3,1,1,1,,,,82310,475918.5999999999
1565322300,219.10001,226.8,218.25,221.39999,221.76275583232206,234.38068234834375,0,0,0,291.79999,151.05,90.9728912,,,3,1,1,1,,,,106031,437271.9499999999
1565667900,220,224.5,212.8,217.60001,220.93020666585764,232.8551666803125,0,0,0,291.79999,151.05,90.9728912,,,3,1,1,1,,,,159745,415131.09999999986
1565754300,218.3,220,214.75,216.85001,220.11416733268612,231.40015243664772,0,0,0,291.79999,151.05,90.9728912,,,3,1,1,1,,,,73652,408114.7499999999
1565927100,216,222,213.14999,219.8,220.0513338661489,230.3455931242252,0,0,0,291.79999,151.05,90.9728912,,,3,1,1,1,,,,107600,403547.2999999999
1566186300,218.55,228,218.55,224.55,220.95106709291912,229.8187210220229,0,0,0,291.79999,151.05,90.9728912,,,3,1,1,1,,,,133358,292386.64999999985
1566272700,225.95,230.8,220.55,222.7,221.3008536743353,229.17156456547536,0,0,0,291.79999,151.05,90.9728912,,,3,1,1,1,,,,148171,279529.3499999999
1566359100,223.89999,226.05,220.25,222.05,221.45068293946824,228.5241496049776,0,0,0,291.79999,151.05,90.9728912,,,3,1,1,1,,,,194356,278448.7499999999
1566445500,219.75,222.05,209.39999,211,219.36054635157458,226.93104509543417,1,0,0,291.79999,151.05,90.9728912,,,3,2,1,1,1,,,561569,299153.54999999993
1566531900,211.2,218.8,200.2,216.75,218.83843708125966,226.0054955413038,0,0,0,291.79999,151.05,90.9728912,,,3,2,1,1,,,,209504,289529.34999999986
1566791100,218.55,222,213,216.64999,218.4007476650077,225.1549950375489,0,0,0,291.79999,151.05,90.9728912,,,3,2,1,1,,,,124975,197103.04999999987
1566877500,216.2,220.10001,215,216.39999,218.00059613200617,224.35908548868082,0,0,0,291.79999,151.05,90.9728912,,,3,2,1,1,,,,114967,188172.24999999985
1566963900,216.39999,217.95,210.8,214.64999,217.33047490560494,223.4764404442553,0,0,0,291.79999,151.05,90.9728912,,,3,2,1,1,,,,151887,186147.99999999983
1567050300,212.85001,217.75,211.10001,212.60001,216.38438192448396,222.4876740402321,0,0,0,291.79999,151.05,90.9728912,,,3,2,1,1,,,,167854,184012.99999999983
1567136700,214,214.95,210.39999,213.35001,215.77750753958716,221.6569773093019,0,0,0,291.79999,151.05,90.9728912,,,3,2,1,1,,,,93722,178332.59999999986
1567482300,212,213.64999,208,208.8,214.38200603166973,220.48816119027447,0,0,0,291.79999,151.05,90.9728912,,,3,2,1,1,,,,134263,173920.9499999999
1567568700,208,211.35001,206.75,208.85001,213.27560682533579,219.43014744570405,0,0,0,291.79999,151.05,90.9728912,,,3,2,1,1,,,,160303,162731.1999999999
1567655100,208,210.45,207.3,209.7,212.56048546026864,218.5455885870037,0,0,0,291.79999,151.05,90.9728912,,,3,2,1,1,,,,251737,163469.6499999999
1567741500,209.10001,211.89999,207.5,208.75,211.79838836821492,217.65508053363973,0,0,0,291.79999,151.05,90.9728912,,,3,2,1,1,,,,294776,169097.99999999994
1568000700,208.05,218.5,207.75,214,212.23871069457192,217.32280048512703,0,0,0,291.79999,151.05,90.9728912,,,3,2,1,1,,,,289167,177997.34999999998
1568173500,214.7,223.2,214.5,220.25,213.84096855565753,217.58890953193367,0,0,0,291.79999,151.05,90.9728912,,,3,2,1,1,,,,249539,186358.8
1568259900,221.89999,224.39999,220,220.10001,215.092776844526,217.81719139266696,0,0,0,291.79999,151.05,90.9728912,,,3,2,1,1,,,,100119,186063.2
1568346300,222,229,222,224.25,216.9242214756208,218.40199217515178,0,0,0,291.79999,151.05,90.9728912,,,3,2,1,1,,,,197131,187932.5
1568605500,223,226.05,219.95,221,217.73937718049666,218.63817470468342,0,0,0,291.79999,151.05,90.9728912,,,3,2,1,1,,,,177080,193103.9
1568691900,221.95,226.3,213.60001,214.45,217.08150174439731,218.2574315497122,0,0,0,291.79999,151.05,90.9728912,,,3,2,1,1,,,,194477,197447.75
1568778300,215.10001,219.35001,212.3,213.95,216.45520139551786,217.86584686337474,0,0,0,291.79999,151.05,90.9728912,,,3,2,1,1,,,,87163,195138
1568864700,213.89999,215.05,204.95,208.35001,214.8341631164143,217.00077078488613,0,0,0,291.79999,151.05,90.9728912,,,3,2,1,1,,,,82350,191846.95
1568951100,208.39999,211.75,203.25,205.3,212.92733049313142,215.93706434989647,0,0,0,291.79999,151.05,90.9728912,,,3,2,1,1,,,,345080,199383.15000000002
1569210300,207,208.64999,195.8,199.10001,210.16186639450513,214.40642304536044,0,0,0,291.79999,151.05,90.9728912,,,3,2,1,1,,,,321729,187391.15000000005
1569296700,198,201.8,192.95,194.35001,206.9994951156041,212.5831127685095,0,0,0,291.79999,151.05,90.9728912,,,3,2,1,1,,,,263267,190079.30000000002
1569383100,195.39999,197,186.5,187.89999,203.17959409248328,210.3391925168268,0,0,0,291.79999,151.05,90.9728912,,,3,2,1,1,,,,282158,197938.45
1569469500,188,194.39999,184.75,186.75,199.89367527398662,208.19472046984257,0,0,0,291.79999,151.05,90.9728912,,,3,2,1,1,,,,398989,212139.55000000005
1569555900,187,189.35001,181.55,182.5,196.4149402191893,205.85883679076596,0,0,0,291.79999,151.05,90.9728912,,,3,2,1,1,,,,178836,213487.00000000006
1569815100,182,185.7,175,182.39999,193.61195017535144,203.72621435524178,0,0,0,291.79999,151.05,90.9728912,,,3,2,1,1,,,,334962,221842.40000000005
1569901500,182.5,184.8,175.60001,178.35001,190.55956214028114,201.41928668658343,0,0,0,291.79999,151.05,90.9728912,,,3,2,1,1,,,,228581,228585.35000000003
1570074300,178.7,190.55,176.35001,189,190.24764971222493,200.29026062416676,0,0,0,291.79999,151.05,90.9728912,,,3,2,1,1,,,,314459,237595.15000000005
1570160700,190.89999,192.05,183,184.8,189.15811976977994,198.88205511287887,0,0,0,291.79999,151.05,90.9728912,,,3,2,1,1,,,,97445,234452.25000000006
1570419900,184,187.5,176.25,178.64999,187.05649381582396,197.0427764662535,0,0,0,291.79999,151.05,90.9728912,,,3,2,1,1,,,,105477,227139.25000000006
1570592700,179.7,183.95,178.2,181.89999,186.02519305265918,195.66615951477593,0,0,0,291.79999,151.05,90.9728912,,,3,2,1,1,,,,156569,220228.90000000005
1570679100,181.05,183.89999,179.2,181.95,185.21015444212733,194.41923592252357,0,0,0,291.79999,151.05,90.9728912,,,3,2,1,1,,,,153147,213427.90000000005
1570765500,182.25,184.64999,179.75,180.55,184.27812355370187,193.15839629320325,0,0,0,291.79999,151.05,90.9728912,,,3,2,1,1,,,,82149,205058.40000000008
1571024700,181.85001,186.45,180,183.89999,184.2024968429615,192.31672299382114,0,0,0,291.79999,151.05,90.9728912,,,3,2,1,1,,,,101775,205141.20000000004
1571111100,183.95,192.5,182,185.95,184.5519974743692,191.73792999438285,0,0,0,291.79999,151.05,90.9728912,,,3,2,1,1,,,,299581,210263.70000000004
1571197500,188.45,190,183.5,186.25,184.89159797949534,191.23902726762077,0,0,0,291.79999,151.05,90.9728912,,,3,2,1,1,,,,165637,209691.55000000005
1571283900,187,189.25,183,187.55,185.42327838359628,190.9036611523825,0,0,0,291.79999,151.05,90.9728912,,,3,2,1,1,,,,78174,203876.40000000005
1571370300,188.05,195.39999,186.25,191.64999,186.66862070687702,190.97150922943865,0,0,0,291.79999,151.05,90.9728912,,,3,2,1,1,,,,257611,212398.80000000005
1571715900,193,193,186.35001,188.35001,187.0048985655016,190.7331911176715,0,0,0,291.79999,151.05,90.9728912,,,3,2,1,1,,,,74162,211989.40000000005
1571802300,188.89999,190.95,182.64999,185.3,186.66391885240128,190.23926465242866,0,0,0,291.79999,151.05,90.9728912,,,3,2,1,1,,,,130528,201261.80000000005
1571888700,185.55,187,179.2,181.10001,185.551137081921,189.4084233203897,0,0,0,291.79999,151.05,90.9728912,,,3,2,1,1,,,,143890,192369.85000000006
1571975100,180.10001,192.85001,174.7,188.95,186.2309096655368,189.36674847308154,0,0,0,291.79999,151.05,90.9728912,,,3,2,1,1,,,,614007,209906.85000000003
1572320700,189.25,189.25,183.8,185.75,186.13472773242944,189.03795315734686,0,0,0,291.79999,151.05,90.9728912,,,3,2,1,1,,,,154357,203516.80000000008
1572407100,185.5,190.25,184.55,186.8,186.26778218594356,188.83450287031533,0,0,0,291.79999,151.05,90.9728912,,,3,2,1,1,,,,176014,192368.05000000008
1572493500,190.8,196.89999,189.39999,190.85001,187.18422774875484,189.01773079119576,0,0,0,291.79999,151.05,90.9728912,,,3,2,1,1,,,,570919,211972.2000000001
1572579900,191.5,198.5,188.8,193.89999,188.52738019900386,189.46157253745068,0,0,0,291.79999,151.05,90.9728912,,,3,2,1,1,,,,518095,221128.8500000001
1572839100,195.5,195.89999,185,186.95,188.21190415920307,189.2332477613188,0,0,0,291.79999,151.05,90.9728912,,,3,2,1,1,,,,361585,227779.0500000001
1572925500,169,169,149.60001,150.45,180.65952332736245,185.70749796483528,0,1,0,291.79999,151.05,90.9728912,,,3,3,1,1,,1,,3815159,402814.05
1573011900,145.3,159,141.60001,154.35001,175.39762066188996,182.85681724075934,0,0,0,291.79999,151.05,90.9728912,,,3,3,1,1,,,,1981104,496997
1573098300,156,158.7,149.25,151.7,170.65809652951197,180.0243793097812,0,0,0,291.79999,151.05,90.9728912,,,3,3,1,1,,,,698961,526671.2
1573184700,152.5,153.85001,147.39999,148.2,166.16647722360958,177.13125391798292,0,0,0,291.79999,151.05,90.9728912,,,3,3,1,1,,,,299091,533797.3
1573443900,148,152.2,147.8,150.10001,162.95318377888765,174.6738681072572,0,0,0,291.79999,151.05,90.9728912,,,3,3,1,1,,,,166610,534470.45
1573616700,151.55,155.39999,148.14999,150.60001,160.48254902311012,172.485335552052,0,0,0,291.79999,151.05,90.9728912,,,3,3,1,1,,,,399083,550317.15
1573703100,150,151.55,145.10001,145.55,157.4960392184881,170.03666868368364,0,0,0,291.79999,151.05,90.9728912,,,3,3,1,1,,,,141019,552279.35
1573789500,147.95,147.95,138.95,145.45,155.08683137479048,167.80151698516696,0,0,0,291.79999,151.05,90.9728912,,,3,3,1,1,,,,298751,552237.85
1574048700,145.10001,145.95,142.14999,142.75,152.61946509983238,165.52410635015178,0,0,0,291.79999,151.05,90.9728912,,,3,3,1,1,,,,148087,551360.35
1574135100,144.45,153,143.14999,148.35001,151.7655740798659,163.96282486377436,0,0,0,291.79999,151.05,90.9728912,,,3,3,1,1,,,,417657,568334.4999999999
1574221500,149.3,158,146.60001,156.60001,152.73246126389273,163.2934780579767,0,0,0,291.79999,151.05,90.9728912,,,3,3,1,1,,,,848705,597889.2
1574307900,158,159.8,152.5,153.7,152.92596901111418,162.42134368906972,0,0,0,291.79999,151.05,90.9728912,,,3,3,1,1,,,,316993,610030.7499999999
1574394300,153,157.89999,152.5,155.10001,153.36077720889134,161.75576789915428,0,0,0,291.79999,151.05,90.9728912,,,3,3,1,1,,,,303342,618671.45
1574653500,155.85001,158.2,151,152.10001,153.10862376711307,160.8779717265039,0,0,0,291.79999,151.05,90.9728912,,,3,3,1,1,,,,189708,620962.3499999999
1574739900,153,154.25,149.89999,151.5,152.78689901369046,160.02542884227626,0,0,0,291.79999,151.05,90.9728912,,,3,3,1,1,,,,133773,596950.6499999999
1574826300,152,153.75,149,151.95,152.61951921095238,159.29129894752387,0,0,0,291.79999,151.05,90.9728912,,,3,3,1,1,,,,230929,600779.2499999999
1574912700,151.5,152.55,149.3,149.89999,152.0756133687619,158.43754358865806,0,0,0,291.79999,151.05,90.9728912,,,3,3,1,1,,,,117916,597874.3499999999
1574999100,151,151.89999,148.39999,149.85001,151.63049269500954,157.65685871696186,0,0,0,291.79999,151.05,90.9728912,,,3,3,1,1,,,,103484,574502.5999999999
1575258300,149.85001,152.95,148.25,151.45,151.59439415600764,157.0925988336017,0,0,0,291.79999,151.05,90.9728912,,,3,3,1,1,,,,131539,555174.7999999999
1575344700,150.64999,154.75,150.10001,152.10001,151.6955173248061,156.6387271214561,0,0,0,291.79999,151.05,90.9728912,,,3,3,1,1,,,,184270,546309.0499999999
1575431100,152,153.75,150.64999,152.14999,151.7864118598449,156.23066011041465,0,0,0,291.79999,151.05,90.9728912,,,3,3,1,1,,,,130061,362054.1499999999
1575517500,153.10001,153.39999,150.25,152.10001,151.84913148787592,155.8551464640133,0,0,0,291.79999,151.05,90.9728912,,,3,3,1,1,,,,99697,267983.79999999993
1575603900,151.85001,152.8,150.55,151.95,151.86930519030074,155.500133149103,0,0,0,291.79999,151.05,90.9728912,,,3,3,1,1,,,,102150,238143.2499999999
1575863100,151.5,153.5,148,149.05,151.3054441522406,154.91375740827544,0,0,0,291.79999,151.05,90.9728912,,,3,3,1,1,,,,81055,227241.4499999999
1575949500,149.64999,151.85001,147.25,149.89999,151.0243533217925,154.4579603711595,0,0,0,291.79999,151.05,90.9728912,,,3,3,1,1,,,,111907,224506.29999999996
1576035900,150.14999,151.35001,148.7,150.14999,150.849480657434,154.06632670105407,0,0,0,291.79999,151.05,90.9728912,,,3,3,1,1,,,,108292,209966.74999999994
1576122300,149.55,151.14999,148.64999,150.05,150.6895845259472,153.70120609186733,0,0,0,291.79999,151.05,90.9728912,,,3,3,1,1,,,,88347,207333.14999999997
1576208700,151,153.7,149.10001,152.05,150.96166762075777,153.55109644715213,0,0,0,291.79999,151.05,90.9728912,,,3,3,1,1,,,,87783,196784.75
1576467900,152.39999,154.39999,150.2,152.60001,151.2893360966062,153.46463404286558,0,0,0,291.79999,151.05,90.9728912,,,3,3,1,1,,,,111250,194942.90000000005
1576554300,152.95,152.95,150.05,150.89999,151.21146687728498,153.23148458442327,0,0,0,291.79999,151.05,90.9728912,,,3,3,1,1,,,,59387,177029.40000000002
1576640700,150.5,152.8,147.7,149.60001,150.889175501828,152.90135053129387,0,0,0,291.79999,151.05,90.9728912,,,3,3,1,1,,,,157971,142492.7
1576727100,149.10001,151.89999,149.10001,150,150.7113404014624,152.63759139208534,0,0,0,291.79999,151.05,90.9728912,,,3,3,1,1,,,,62195,129752.79999999997
1576813500,151,151,148.64999,149.3,150.4290723211699,152.33417399280486,0,0,0,291.79999,151.05,90.9728912,,,3,3,1,1,,,,66391,117905.24999999997
1577072700,149,150.7,146,146.8,149.70325785693592,151.83106726618624,0,0,0,291.79999,151.05,90.9728912,,,3,3,1,1,,,,76814,112260.54999999997
1577159100,146.8,147.45,141.64999,142.35001,148.23260828554874,150.96915296926022,0,0,0,291.79999,151.05,90.9728912,,,3,3,1,1,,,,164562,113799.99999999996
1577331900,142.35001,144.7,141.39999,142.2,147.02608662843897,150.17195724478202,0,0,0,291.79999,151.05,90.9728912,,,3,3,1,1,,,,72840,105895.54999999996
1577418300,143.05,143.89999,137.2,138.5,145.3208693027512,149.11087022252912,0,0,0,291.79999,151.05,90.9728912,,,3,3,1,1,,,,142406,107120.04999999993
1577677500,139.8,141.7,138.05,138.7,143.99669544220095,148.16442747502646,0,0,0,291.79999,151.05,90.9728912,,,3,3,1,1,,,,87396,106315.64999999994
1577763900,139.45,141.39999,137.5,138.35001,142.86735835376075,147.2722077045695,0,0,0,291.79999,151.05,90.9728912,,,3,3,1,1,,,,118485,105662.94999999991
1577850300,139,146.45,139,141.45,142.5838866830086,146.74291609506318,0,0,0,291.79999,151.05,90.9728912,,,3,3,1,1,,,,360533,114476.09999999989
1577936700,143,148.39999,142.05,145.5,143.16710934640687,146.6299237227847,0,0,0,291.79999,151.05,90.9728912,,,3,3,1,1,,,,370869,126516.49999999985
1578023100,145,147.45,142.89999,143.64999,143.2636854771255,146.359020657077,0,0,0,291.79999,151.05,90.9728912,,,3,3,1,1,,,,106412,126852.24999999984
1578282300,144.25,145.85001,140.10001,145.5,143.7109483817004,146.28092787007,0,0,0,291.79999,151.05,90.9728912,,,3,3,1,1,,,,196203,131554.89999999982
1578368700,145.2,152.89999,145.2,150.14999,144.99875670536034,146.63266079097272,0,0,0,291.79999,151.05,90.9728912,,,3,3,1,1,,,,322288,143616.5499999998
1578455100,149,151.7,146.75,149.89999,145.97900336428827,146.92969071906612,0,0,0,291.79999,151.05,90.9728912,,,3,3,1,1,,,,262742,151158.2999999998
1578541500,151.05,155.60001,150.64999,153,147.38320269143063,147.48153701733284,0,0,0,291.79999,151.05,90.9728912,,,3,3,1,1,,,,371958,164341.59999999983
1578627900,153,154.7,151.3,152.25,148.3565621531445,147.91503365212077,0,0,0,291.79999,151.05,90.9728912,,,3,3,1,1,,,,80379,163943.19999999984
1578887100,153.8,158,149.64999,156.8,150.0452497225156,148.72275786556435,0,0,0,291.79999,151.05,90.9728912,,,3,3,1,1,,,,313191,175213.59999999983
1578973500,157,157.7,153.39999,154,150.83619977801249,149.20250715051304,0,0,0,291.79999,151.05,90.9728912,,,3,3,1,1,,,,130767,176189.4499999998
1579059900,153.10001,161.8,153.10001,159.7,152.60895982241,150.1568246822846,0,0,0,291.79999,151.05,90.9728912,,,3,3,1,1,,,,518471,199143.64999999985
1579146300,159.35001,165.60001,158.64999,161.89999,154.467165857928,151.22438516571327,0,0,0,291.79999,151.05,90.9728912,,,3,3,1,1,,,,345860,208538.09999999983
1579232700,162.3,163.95,160,160.39999,155.65373068634239,152.05853105973935,0,0,0,291.79999,151.05,90.9728912,,,3,3,1,1,,,,118786,211367.64999999982
1579491900,161,163,157,158.8,156.28298454907392,152.67139187249032,0,0,0,291.79999,151.05,90.9728912,,,3,3,1,1,,,,108176,213456.89999999982
1579578300,157.10001,164.75,157.05,161.85001,157.39638963925913,153.5058117022639,0,0,0,291.79999,151.05,90.9728912,,,3,3,1,1,,,,221121,220672.24999999983
1579664700,161.85001,171.8,161.85001,170.3,159.9771117114073,155.03255609296718,0,0,0,291.79999,151.05,90.9728912,,,3,3,1,1,,,,1103607,267624.4999999998
1579751100,171.7,173,167.55,170.85001,162.15169136912584,156.47050644815198,0,0,0,291.79999,151.05,90.9728912,,,3,3,1,1,,,,352036,281584.2999999998
1579837500,170.7,172.5,169.45,170.85001,163.89135509530067,157.77773404377453,0,0,0,291.79999,151.05,90.9728912,,,3,3,1,1,,,,139198,281423.8999999998
1580096700,169.7,172.45,168.8,170.45,165.20308407624054,158.9297582216132,0,0,0,291.79999,151.05,90.9728912,,,3,3,1,1,,,,132106,283659.3999999998
1580183100,170.25,178,169.85001,170.35001,166.23246926099245,159.9679629287393,0,0,0,291.79999,151.05,90.9728912,,,3,3,1,1,,,,319710,293720.6499999998
1580269500,171.45,173.45,170.5,172.10001,167.40597740879394,161.0708762988539,0,0,0,291.79999,151.05,90.9728912,,,3,3,1,1,,,,144776,282932.7999999998
1580355900,171.85001,172.35001,167.85001,170.89999,168.10477992703517,161.9644320898672,0,0,0,291.79999,151.05,90.9728912,,,3,3,1,1,,,,155991,272188.8999999998
1580442300,171.25,171.60001,168.25,170.2,168.52382394162814,162.71312008169744,0,0,0,291.79999,151.05,90.9728912,,,3,3,1,1,,,,137071,273721.8499999998
1580528700,166.05,171.25,157.60001,163.05,167.42905915330252,162.74374552881585,0,0,0,291.79999,151.05,90.9728912,,,3,3,1,1,,,,128486,270335.99999999977
1580701500,164.75,167.35001,160.7,163.85001,166.713249322642,162.84431502619623,0,0,0,291.79999,151.05,90.9728912,,,3,3,1,1,,,,143076,261375.39999999976
1580787900,167,172,165,170.89999,167.5505974581136,163.57664911472384,0,0,0,291.79999,151.05,90.9728912,,,3,3,1,1,,,,130949,254785.74999999977
1580874300,172.95,173,166,166.89999,167.42047596649087,163.87877101338532,0,0,0,291.79999,151.05,90.9728912,,,3,3,1,1,,,,153274,243851.54999999976
1580960700,167.7,169.45,164.10001,165.2,166.9763807731927,163.9988827394412,0,0,0,291.79999,151.05,90.9728912,,,3,3,1,1,,,,177698,248717.49999999977
1581047100,165,167.89999,163.25,165.05,166.59110461855414,164.09443885403746,0,0,0,291.79999,151.05,90.9728912,,,3,3,1,1,,,,177936,241954.74999999977
1581306300,165.39999,165.89999,159.10001,160.85001,165.4428856948433,163.7994907763977,0,0,0,291.79999,151.05,90.9728912,,,3,3,1,1,,,,108614,240847.09999999977
1581392700,161.25,166,156.25,157.75,163.90430855587465,163.24953706945246,0,0,0,291.79999,151.05,90.9728912,,,3,3,1,1,,,,175673,223707.19999999978
1581479100,159,159,154.10001,155.05,162.13344684469973,162.50412460859314,0,0,0,291.79999,151.05,90.9728912,,,3,3,1,1,,,,113146,212071.49999999977
1581565500,154.95,154.95,151.35001,152.35001,160.17675947575978,161.58102328053923,0,0,0,291.79999,151.05,90.9728912,,,3,3,1,1,,,,107731,211518.74999999977
1581651900,151.85001,152.3,143,144.35001,157.01140958060782,160.01456752776292,0,0,0,291.79999,151.05,90.9728912,,,3,3,1,1,,,,235101,217864.99999999977
1581911100,140,142.8,132.55,136.60001,152.92912966448625,157.8859713888754,0,0,0,291.79999,151.05,90.9728912,,,3,3,1,1,,,,313000,222458.94999999978
1581997500,135,140.89999,134.25,138,149.943303731589,156.07815580806854,0,0,0,291.79999,151.05,90.9728912,,,3,3,1,1,,,,169819,175769.54999999976
1582083900,138.75,148.5,136.2,146.45,149.24464298527118,155.20286891642596,0,0,0,291.79999,151.05,90.9728912,,,3,3,1,1,,,,232527,169794.09999999977
1582170300,148.45,150.5,142,142.45,147.88571438821694,154.04351719675086,0,0,0,291.79999,151.05,90.9728912,,,3,3,1,1,,,,177321,171700.24999999977
1582515900,141.75,142.35001,137.5,137.7,145.84857151057355,152.55774290613715,0,0,0,291.79999,151.05,90.9728912,,,3,3,1,1,,,,79305,169060.19999999978
1582602300,139,141.35001,132.2,133.2,143.31885720845884,150.7979480964883,0,0,0,291.79999,151.05,90.9728912,,,3,3,1,1,,,,126974,159423.39999999976
1582688700,131.85001,134.64999,122.45,123.3,139.31508576676708,148.2981346331712,0,0,0,291.79999,151.05,90.9728912,,,3,3,1,1,,,,371547,170761.94999999978
1582775100,124.35,129.3,120.1,121.15,135.68206861341366,145.830122393792,0,0,0,291.79999,151.05,90.9728912,,,3,3,1,1,,,,154061,170665.44999999978
1582861500,121.9,121.9,114.1,115.65,131.67565489073093,143.08647490344728,0,0,0,291.79999,151.05,90.9728912,,,3,3,1,1,,,,197295,173676.64999999982
1583120700,116.2,122.85,110,112.9,127.92052391258474,140.34224991222482,0,0,0,291.79999,151.05,90.9728912,,,3,3,1,1,,,,195720,177038.3499999998
1583207100,113.05,117,108.6,112.2,124.7764191300678,137.783863556568,0,0,0,291.79999,151.05,90.9728912,,,3,3,1,1,,,,164770,178123.04999999978
1583293500,112.5,114,104.7,108.35,121.49113530405424,135.1080577786982,0,0,0,291.79999,151.05,90.9728912,,,3,3,1,1,,,,130299,178090.54999999978
1583379900,109,112,107.85,110.6,119.31290824324338,132.88005252608926,0,0,0,291.79999,151.05,90.9728912,,,3,3,1,1,,,,115970,176225.34999999977
1583466300,108,110.2,104.85,107.35,116.92032659459471,130.55913866008115,0,0,0,291.79999,151.05,90.9728912,,,3,3,1,1,,,,142119,174446.39999999976
1583725500,105.9,106.4,101.2,104.35,114.40626127567577,128.17648969098286,0,0,0,291.79999,151.05,90.9728912,,,3,3,1,1,,,,130493,172074.24999999974
1583898300,105.4,106.8,94.349998,96.900002,110.90500942054062,125.33317262816624,0,0,0,291.79999,151.05,90.9728912,,,3,3,1,1,,,,124804,172883.74999999974
1583984700,91.050003,92.199997,77.550003,77.550003,104.2340081364325,120.98924811651476,0,0,0,291.79999,151.05,90.9728912,,,3,3,1,1,,,,607425,194471.34999999971
1584071100,69.800003,78.150002,69.800003,76.099998,98.60720610914599,116.9084071968316,0,0,0,291.79999,151.05,90.9728912,,,3,3,1,1,,,,384099,208018.9999999997
1584330300,75,75.849998,68.5,68.5,92.5857648873168,112.50764290621055,0,0,0,291.79999,151.05,90.9728912,,,3,3,1,1,,,,184074,211836.14999999973
1584416700,66,70.900002,63,63.450001,86.75861210985344,108.04785727837323,0,0,0,291.79999,151.05,90.9728912,,,3,3,1,1,,,,173116,208736.89999999973
1584503100,65,65,57.150002,57.150002,80.83689008788275,103.42077952579385,0,0,0,291.79999,151.05,90.9728912,,,3,3,1,1,,,,134799,199826.84999999971
1584589500,51.450001,55.5,51.450001,51.450001,74.9595122703062,98.69616329617622,0,0,0,291.79999,151.05,90.9728912,,,3,3,1,1,,,,185049,200588.34999999971
1584675900,48.900002,54,48.900002,51,70.16760981624496,94.36014845106929,0,0,0,291.79999,151.05,90.9728912,,,3,3,1,1,,,,335955,205759.7499999997
1584935100,48.700001,53,48.450001,48.450001,65.82408805299598,90.18649868279027,0,0,0,291.79999,151.05,90.9728912,,,3,3,1,1,,,,38754,198831.39999999973
1585021500,48.450001,49.900002,46.049999,46.099998,61.87927004239678,86.17863498435479,0,0,0,291.79999,151.05,90.9728912,,,3,3,1,1,,,,113329,200532.59999999974
1585107900,43.799999,46,43.799999,44.849998,58.473415633917426,82.42148616759526,0,0,0,291.79999,151.05,90.9728912,,,3,3,1,1,,,,75796,197973.69999999975
1585194300,44.950001,47.049999,44.200001,47.049999,56.18873230713394,79.2058964250866,0,0,0,291.79999,151.05,90.9728912,,,3,3,1,1,,,,53865,182089.59999999971
1585280700,49.400002,49.400002,49.400002,49.400002,54.83098624570715,76.49626965916964,0,0,0,291.79999,151.05,90.9728912,,,3,3,1,1,,,,31535,175963.29999999973
1585539900,51.849998,51.849998,51.849998,51.849998,54.23478859656572,74.25569950833604,0,0,0,291.79999,151.05,90.9728912,,,3,3,1,1,,,,58737,169035.39999999973
1585626300,54.400002,54.400002,54.400002,54.400002,54.267831277252576,72.45063609848731,0,0,0,291.79999,151.05,90.9728912,,,3,3,1,1,,,,12113,159855.04999999973
1585712700,57.099998,57.099998,57.099998,57.099998,54.83426462180206,71.05512354407936,0,0,0,291.79999,151.05,90.9728912,,,3,3,1,1,,,,12833,152258.19999999972
1585885500,59.950001,59.950001,59.950001,59.950001,55.85741189744165,70.04556694916306,0,0,0,291.79999,151.05,90.9728912,,,3,3,1,1,,,,35292,147507.84999999971
1586231100,62.900002,62.900002,62.900002,62.900002,57.26592991795332,69.39597013560278,0,0,0,291.79999,151.05,90.9728912,,,3,3,1,1,,,,10855,142252.09999999971
1586317500,66,66,66,66,59.01274393436266,69.08724557782071,0,0,0,291.79999,151.05,90.9728912,,,3,3,1,1,,,,26324,136462.34999999971
1586403900,69.300003,69.300003,69.300003,69.300003,61.07019574749013,69.10658716165518,0,0,0,291.79999,151.05,90.9728912,,,3,3,1,1,,,,14385,130656.94999999972
1586749500,72.75,72.75,69.699997,72.75,63.40615659799211,69.43780651059562,0,0,0,291.79999,151.05,90.9728912,,,3,3,1,1,,,,250700,136951.7499999997
1586922300,76.349998,76.349998,76.349998,76.349998,65.99492487839369,70.06618755508693,0,0,0,291.79999,151.05,90.9728912,,,3,3,1,1,,,,45010,108830.99999999972
1587008700,79.75,80.150002,77.349998,80.150002,68.82594030271495,70.98289795916993,0,0,0,291.79999,151.05,90.9728912,,,3,3,1,1,,,,143931,96822.59999999973
1587095100,84.150002,84.150002,82.199997,84.150002,71.89075264217196,72.17990741742722,0,0,0,291.79999,151.05,90.9728912,,,3,3,1,1,,,,56804,90459.09999999973
1587354300,88.349998,88.349998,88.349998,88.349998,75.18260171373757,73.64991565220656,0,0,0,291.79999,151.05,90.9728912,,,3,3,1,1,,,,52518,84429.19999999975
1587440700,92.75,92.75,83.949997,83.949997,76.93608077099006,74.58628668382414,0,0,0,291.79999,151.05,90.9728912,,,3,3,1,1,,,,347066,95042.54999999974
1587527100,80,83,79.800003,79.800003,77.50886521679205,75.06026089438558,0,0,0,291.79999,151.05,90.9728912,,,3,3,1,1,,,,102695,90924.84999999974
1587613500,75.849998,80.199997,75.849998,76.099998,77.22709177343364,75.15478244944144,0,0,0,291.79999,151.05,90.9728912,,,3,3,1,1,,,,323760,90315.09999999973
1587699900,76,76,72.300003,72.349998,76.25167301874691,74.89980204494677,0,0,0,291.79999,151.05,90.9728912,,,3,3,1,1,,,,57248,91239.79999999973
1587959100,74,75.949997,70.099998,75.849998,76.17133801499753,74.98618349540615,0,0,0,291.79999,151.05,90.9728912,,,3,3,1,1,,,,79293,89537.99999999972
1588045500,77.900002,78.25,72.550003,73.099998,75.55707001199802,74.81471208673287,0,0,0,92.75,43.799999,,,,1,1,1,1,,,,65536,89024.99999999974
1588131900,73.349998,76.099998,71.900002,73.849998,75.21565560959841,74.72701080612079,0,0,0,92.75,43.799999,,,,1,1,1,1,,,,51276,88895.54999999973
1588218300,73.949997,75.949997,72,72.449997,74.66252388767873,74.5200095510189,0,0,0,92.75,43.799999,,,,1,1,1,1,,,,71893,90913.44999999972
1588563900,71.099998,73.900002,69.949997,70.5,73.83001911014298,74.1545541372899,0,0,0,92.75,43.799999,,,,1,1,1,1,,,,82071,92080.14999999973
1588650300,72.849998,72.949997,67,67.550003,72.57401588811439,73.55414039753627,0,0,0,92.75,43.799999,,,,1,1,1,1,,,,49772,93963.09999999973
1588736700,66,67.5,64.199997,64.300003,70.91921331049151,72.71285517957843,0,0,0,92.75,43.799999,,,,1,1,1,1,,,,83378,97490.34999999973
1588823100,61.599998,66.5,61.599998,64,69.53537064839321,71.92077743598038,0,0,0,92.75,43.799999,,,,1,1,1,1,,,,45733,98012.39999999972
1588909500,66.699997,67.199997,64.25,67.199997,69.06829591871457,71.49161557816399,0,0,0,92.75,43.799999,,,,1,1,1,1,,,,36108,99275.04999999973
1589168700,70.550003,70.550003,70.550003,70.550003,69.36463733497166,71.40601443469454,0,0,0,92.75,43.799999,,,,1,1,1,1,,,,30193,99468.49999999972
1589255100,74.050003,74.050003,67.150002,72.449997,69.98170926797732,71.5009219406314,0,0,0,92.75,43.799999,,,,1,1,1,1,,,,176023,107550.39999999972
1589341500,75.900002,75.900002,68.849998,69.800003,69.94536801438186,71.34629294602854,0,0,0,92.75,43.799999,,,,1,1,1,1,,,,122159,101123.3499999997
1589427900,69,69,66.349998,66.650002,69.28629481150548,70.9193574054805,0,0,0,92.75,43.799999,,,,1,1,1,1,,,,57711,101758.3999999997
1589514300,69,69.949997,66,68,69.02903584920439,70.65396127770954,0,0,0,92.75,43.799999,,,,1,1,1,1,,,,104492,99786.44999999969
1589773500,67.949997,67.949997,64.699997,65,68.22322867936352,70.13996479791777,0,0,0,92.75,43.799999,,,,1,1,1,1,,,,43732,99132.8499999997
1589859900,66.949997,67.400002,62.950001,63.299999,67.23858274349081,69.51814972537979,0,0,0,92.75,43.799999,,,,1,1,1,1,,,,28967,97955.2999999997
1589946300,64.599998,65.099998,62.299999,63.349998,66.46086579479265,68.95740865943617,0,0,0,92.75,43.799999,,,,1,1,1,1,,,,30679,82135.9499999997
1590032700,63.349998,65,63.200001,64.25,66.01869263583413,68.52946241766925,0,0,0,92.75,43.799999,,,,1,1,1,1,,,,34530,78727.69999999972
1590119100,64.900002,66.050003,61.549999,65.300003,65.8749547086673,68.23587519788114,0,0,0,92.75,43.799999,,,,1,1,1,1,,,,55810,65330.19999999972
1590464700,68.050003,68.050003,65,66,65.89996376693384,68.03261381625559,0,0,0,92.75,43.799999,,,,1,1,1,1,,,,26018,63768.69999999972
1590551100,67.849998,68,65.300003,67.800003,66.27997161354708,68.01146737841417,0,0,0,92.75,43.799999,,,,1,1,1,1,,,,33091,61458.59999999971
1590637500,69,69,67.25,67.699997,66.56397669083766,67.98315188946742,0,0,0,92.75,43.799999,,,,1,1,1,1,,,,37647,60064.14999999971
1590723900,67.699997,69,65.099998,66.699997,66.59118075267013,67.86650144497038,0,0,0,92.75,43.799999,,,,1,1,1,1,,,,51872,60093.9499999997
1590983100,68.699997,70,68,70,67.2729446021361,68.06045585906398,0,0,0,92.75,43.799999,,,,1,1,1,1,,,,53830,59190.7999999997
1591069500,72.400002,73.5,70.349998,73.400002,68.49835608170889,68.54586914460361,0,0,0,92.75,43.799999,,,,1,1,1,1,,,,118362,61005.3499999997
1591155900,76,77.050003,75,77.050003,70.20868546536711,69.31897222236692,0,0,0,92.75,43.799999,,,,1,1,1,1,,,,91760,63104.749999999694
1591242300,79,79.400002,73.800003,76.75,71.51694837229368,69.99452020215175,0,0,0,92.75,43.799999,,,,1,1,1,1,,,,151157,66493.69999999969
1591328700,78.099998,84.400002,77.349998,84.400002,74.09355909783494,71.30410945650159,0,0,0,92.75,43.799999,,,,1,1,1,1,,,,222534,75333.7499999997
1591587900,90.900002,92.800003,86.75,92.800003,77.83484787826795,73.25828159681963,0,0,0,92.75,43.799999,,,,1,1,1,1,,,,316531,89354.89999999969
1591674300,94.699997,98.800003,85.550003,89.599998,80.18787790261436,74.74389217892694,0,0,0,92.75,43.799999,,,,1,1,1,1,,,,322301,103960.29999999968
1591760700,90,92.5,87.849998,90.849998,82.32030192209149,76.20808361720631,0,0,0,92.75,43.799999,,,,1,1,1,1,,,,202454,105281.8499999997
1591847100,92.949997,93,87,88.099998,83.47624113767318,77.28916674291483,0,0,0,92.75,43.799999,,,,1,1,1,1,,,,105979,104472.84999999969
1591933500,81.900002,88.849998,81.900002,87.699997,84.32099231013855,78.2356058571953,0,0,0,92.75,43.799999,,,,1,1,1,1,,,,93195,106247.04999999967
1592192700,90.199997,90.199997,86.099998,87.650002,84.98679424811084,79.09146005199572,0,0,0,92.75,43.799999,,,,1,1,1,1,,,,93796,105712.24999999968
1592279100,96.400002,96.400002,95.25,96.400002,87.26943579848867,80.66496386545066,0,0,0,98.800003,61.549999,43.799999,,,1,1,1,1,,,,134764,110263.84999999967
1592365500,101,106,100,106,91.01554863879093,82.9681489685915,0,0,0,98.800003,61.549999,43.799999,,,1,1,1,1,,,,201206,118875.79999999967
1592451900,113,116.6,111,116.6,96.13243891103275,86.02558997144682,0,0,0,98.800003,61.549999,43.799999,,,1,1,1,1,,,,142160,124449.84999999967
1592538300,122.4,122.4,113,121.6,101.2259511288262,89.25962724676984,0,0,0,98.800003,61.549999,43.799999,,,1,1,1,1,,,,760726,160759.64999999967
1592797500,124.9,125,117.05,117.7,104.52076090306096,91.84511567888167,0,0,0,98.800003,61.549999,43.799999,,,1,1,1,1,,,,314622,173700.2499999997
1592883900,117.9,117.9,112.2,112.75,106.16660872244877,93.74555970807424,0,0,0,98.800003,61.549999,43.799999,,,1,1,1,1,,,,177879,181293.2999999997
1592970300,112.75,114,107.25,107.7,106.47328697795902,95.0141451891584,0,0,0,98.800003,61.549999,43.799999,,,1,1,1,1,,,,148877,187082.5999999997
1593056700,102.7,109.85,102.35,104,105.97862958236722,95.83104108105309,0,0,0,98.800003,61.549999,43.799999,,,1,1,1,1,,,,229820,196691.2499999997
1593143100,101.15,109.2,101.15,109.2,106.62290366589377,97.04640098277554,0,0,0,98.800003,61.549999,43.799999,,,1,1,1,1,,,,121324,200163.8499999997
1593402300,112.7,114.65,110.5,111.75,107.64832293271502,98.38309180252321,0,0,0,125,61.549999,43.799999,,,1,1,1,1,,,,312241,213084.39999999967
1593488700,114,117.3,107.15,111.65,108.44865834617201,99.58917436593019,0,0,0,125,61.549999,43.799999,,,1,1,1,1,,,,318756,223104.0999999997
1593575100,112.6,113.45,109.3,111.45,109.04892667693761,100.66743124175471,0,0,0,125,61.549999,43.799999,,,1,1,1,1,,,,90593,223045.74999999968
1593661500,111.85,112,108.2,109.45,109.1291413415501,101.46584658341338,0,0,0,125,61.549999,43.799999,,,1,1,1,1,,,,212581,226116.94999999966
1593747900,110.45,110.55,105,107.25,108.75331307324008,101.99167871219399,0,0,0,125,61.549999,43.799999,,,1,1,1,1,,,,78907,218935.59999999971
1594007100,108.25,109.9,107.1,108,108.60265045859207,102.53788973835817,0,0,0,125,61.549999,43.799999,,,1,1,1,1,,,,76777,206947.8999999997
1594093500,107.25,110.5,105.5,107.15,108.31212036687366,102.95717248941652,0,0,0,125,61.549999,43.799999,,,1,1,1,1,,,,132061,197435.8999999997
1594179900,108,109.7,106,107.15,108.07969629349893,103.3383386267423,0,0,0,125,61.549999,43.799999,,,1,1,1,1,,,,114154,193020.8999999997
1594266300,107.15,108.95,106.1,107.55,107.97375703479914,103.72121693340209,0,0,0,125,61.549999,43.799999,,,1,1,1,1,,,,51257,190284.7999999997
1594352700,107,112.9,106.05,110.95,108.5690056278393,104.37837903036554,0,0,0,125,61.549999,43.799999,,,1,1,1,1,,,,256409,198445.4999999997
1594611900,112,116.45,112,116.15,110.08520450227144,105.4485263912414,0,0,0,125,61.549999,43.799999,,,1,1,1,1,,,,471518,217331.59999999971
1594698300,116.3,120,112.8,114.95,111.05816360181716,106.31229671931037,0,0,0,125,61.549999,43.799999,,,1,1,1,1,,,,293728,225279.79999999973
1594784700,116,120.65,115.6,120.65,112.97653088145373,107.61572429028216,0,0,0,125,61.549999,43.799999,,,1,1,1,1,,,,352758,232857.39999999973
1594871100,122,126.65,117.75,125.65,115.51122470516299,109.2552039002565,0,0,0,125,61.549999,43.799999,,,1,1,1,1,,,,375597,244529.24999999968
1594957500,127,129.5,125,127.75,117.95897976413039,110.93654900023319,0,0,0,125,61.549999,43.799999,,,1,1,1,1,,,,307310,221858.44999999966
1595216700,128.85001,134.10001,128.05,134.10001,121.18718581130432,113.04231818203017,0,0,0,125,61.549999,43.799999,,,1,1,1,1,,,,404767,226365.69999999966
1595303100,140.8,140.8,140.8,140.8,125.10974864904345,115.56574380184561,0,0,0,125,61.549999,43.799999,,,1,1,1,1,,,,27533,218848.39999999967
1595389500,147.8,147.8,147.8,147.8,129.64779891923476,118.49613072895056,0,0,0,125,61.549999,43.799999,,,1,1,1,1,,,,35881,213198.5999999997
1595475900,155.14999,155.14999,155.14999,155.14999,134.7482371353878,121.82829975359142,0,0,0,125,61.549999,43.799999,,,1,1,1,1,,,,50874,204251.29999999967
1595562300,162.89999,162.89999,147.39999,150,137.79858970831023,124.38936341235583,0,0,0,125,61.549999,43.799999,,,1,1,1,1,,,,1155056,255937.89999999973
1595821500,148,148.45,142.5,142.5,138.73887176664817,126.03578492032348,0,0,0,125,61.549999,43.799999,,,1,1,1,1,,,,150508,247851.2499999997
1595907900,140.25,149.60001,136.14999,149.60001,140.91109941331854,128.17798720029407,0,0,0,125,61.549999,43.799999,,,1,1,1,1,,,,536494,258738.14999999973
1595994300,157.05,157.05,150.05,157.05,144.13887953065483,130.80271563663098,0,0,0,125,61.549999,43.799999,,,1,1,1,1,,,,257950,267105.99999999965
1596080700,160,163.85001,153.64999,158.95,147.10110362452386,133.36155966966453,0,0,0,125,61.549999,43.799999,,,1,1,1,1,,,,352316,274092.74999999965
1596167100,158,163.89999,154.39999,159.85001,149.6508848996191,135.76960060878594,0,0,0,125,61.549999,43.799999,,,1,1,1,1,,,,292221,284758.4499999997
1596426300,161.10001,162,155.3,159,151.52070791969527,137.8814550988963,0,0,0,125,61.549999,43.799999,,,1,1,1,1,,,,180850,289962.09999999974
1596512700,164,166.95,159.14999,160.89999,153.3965643357562,139.97404918081483,0,0,0,125,61.549999,43.799999,,,1,1,1,1,,,,528003,309759.1999999997
1596599100,161.95,168.89999,159.89999,165.14999,155.74724946860496,142.26277107346803,0,0,0,125,61.549999,43.799999,,,1,1,1,1,,,,829950,345548.99999999965
1596685500,171.8,173.39999,168.95,173.39999,159.27779757488398,145.09342733951638,0,0,0,125,61.549999,43.799999,,,1,1,1,1,,,,322583,359115.2999999997
1596771900,182.05,182.05,175.2,182.05,163.83223805990718,148.4531157631967,0,0,0,125,61.549999,43.799999,,,1,1,1,1,,,,271175,359853.5999999997
1597031100,190,191.14999,185.10001,191.14999,169.29578844792576,152.3346497847243,0,0,0,125,61.549999,43.799999,,,1,1,1,1,,,,376421,355098.74999999965
1597117500,195,199,182.5,185.95,172.6266307583406,155.3905907133857,0,0,0,125,61.549999,43.799999,,,1,1,1,1,,,,414011,361112.8999999997
1597203900,185.60001,189,179,185.14999,175.13130260667248,158.09599064853245,0,0,0,125,61.549999,43.799999,,,1,1,1,1,,,,208735,353911.7499999997
1597290300,189.2,193.89999,186.45,188.7,177.84504208533798,160.8781733168477,0,0,0,125,61.549999,43.799999,,,1,1,1,1,,,,237445,347004.14999999973
1597376700,190,196.39999,182.10001,187.8,179.83603366827037,163.32561210622518,0,0,0,125,61.549999,43.799999,,,1,1,1,1,,,,245574,343917.3499999997
1597635900,185.45,193,185.45,190.2,181.9088269346163,165.76873827838654,0,0,0,125,61.549999,43.799999,,,1,1,1,1,,,,191731,333265.5499999997
1597722300,192.60001,193.3,188.64999,191.60001,183.84706354769304,168.11703570762413,0,0,0,199,61.549999,43.799999,,,1,1,1,1,,,,138873,338832.5499999997
1597808700,192,194.95,187.89999,188.60001,184.79765283815442,169.9791242796583,0,0,0,199,61.549999,43.799999,,,1,1,1,1,,,,86709,341373.94999999966
1597895100,188.2,191.95,185.39999,186.64999,185.16812027052353,171.49465752696207,0,0,0,199,61.549999,43.799999,,,1,1,1,1,,,,70925,342376.49999999965
1597981500,188.8,190.39999,184.2,187.2,185.57449621641882,172.92241593360188,0,0,0,199,61.549999,43.799999,,,1,1,1,1,,,,79144,288580.8999999996
1598240700,185.7,189.75,185.7,188.64999,186.18959497313506,174.35219539418352,0,0,0,199,61.549999,43.799999,,,1,1,1,1,,,,88616,285486.2999999997
1598327100,191,192.39999,185,186.2,186.19167597850804,175.42926854016685,0,0,0,199,61.549999,43.799999,,,1,1,1,1,,,,107307,264026.94999999966
1598413500,187.60001,188.25,181.45,183,185.55334078280643,176.11751685469713,0,0,0,199,61.549999,43.799999,,,1,1,1,1,,,,84514,255355.14999999967
1598499900,182.5,192.14999,178.05,192.14999,186.87267062624514,177.57501441336103,0,0,0,199,61.549999,43.799999,,,1,1,1,1,,,,1500005,312739.5999999997
1598586300,201.75,201.75,194,201.75,189.8481365009961,179.77274037578275,0,0,0,199,61.549999,43.799999,,,1,1,1,1,,,,963061,346281.5999999997
1598845500,209,211.8,191.7,191.7,190.2185092007969,180.85703670525703,0,0,0,199,61.549999,43.799999,,,1,1,1,1,,,,333470,353912.59999999974
1598931900,182.14999,190,182.14999,187.25,189.6248073606375,181.4382151865973,0,0,0,199,61.549999,43.799999,,,1,1,1,1,,,,510913,353058.09999999974
1599018300,187.25,188.55,181.8,185.89999,188.87984388851,181.8438310787248,0,0,0,199,61.549999,43.799999,,,1,1,1,1,,,,168121,319966.64999999973
1599104700,187.60001,195.14999,185.05,191.64999,189.433873110808,182.735300071568,0,0,0,199,61.549999,43.799999,,,1,1,1,1,,,,928557,350265.34999999974
1599191100,182.5,190.5,182.25,187.05,188.9570984886464,183.12754551960725,0,0,0,199,61.549999,43.799999,,,1,1,1,1,,,,287773,351095.2499999997
1599450300,183.3,190.14999,183.3,186.5,188.46567879091714,183.43413229055204,0,0,0,211.8,61.549999,43.799999,,,1,1,1,1,,,,93240,336936.1999999997
1599536700,185,192.5,185,186.60001,188.0925450327337,183.7219393550473,0,0,0,211.8,61.549999,43.799999,,,1,1,1,1,,,,193745,325922.8999999997
1599623100,183.5,186.60001,181.39999,185.3,187.53403602618698,183.86539941367937,0,0,0,211.8,61.549999,43.799999,,,1,1,1,1,,,,116732,321322.74999999965
1599709500,188.89999,194.55,186.7,189.25,187.8772288209496,184.35490855789033,0,0,0,211.8,61.549999,43.799999,,,1,1,1,1,,,,244028,321651.89999999973
1599795900,188.10001,196.5,185.10001,194.5,189.20178305675967,185.27718959808212,0,0,0,211.8,61.549999,43.799999,,,1,1,1,1,,,,260104,322378.3999999997
1600055100,199.5,204.2,196,204.2,192.20142644540772,186.99744508916555,0,0,0,211.8,61.549999,43.799999,,,1,1,1,1,,,,431227,334353.19999999966
1600141500,209.3,209.3,199.8,205.05,194.77114115632617,188.63858644469596,0,0,0,211.8,61.549999,43.799999,,,1,1,1,1,,,,447574,349788.24999999965
1600227900,205.5,209.89999,200,208.3,197.47691292506093,190.42598767699633,0,0,0,211.8,61.549999,43.799999,,,1,1,1,1,,,,185233,354714.4499999997
1600314300,208.3,218.7,207,215.64999,201.11152834004875,192.7190787972694,0,0,0,211.8,61.549999,43.799999,,,1,1,1,1,,,,722319,387284.1499999997
1600400700,218.95,223.7,210,213.39999,203.569220672039,194.59916163388127,0,0,0,211.8,61.549999,43.799999,,,1,1,1,1,,,,353504,401002.1499999997
1600659900,217.95,218,202.75,208.8,204.6153765376312,195.89014693989205,0,0,0,211.8,61.549999,43.799999,,,1,1,1,1,,,,290109,411076.7999999997
1600746300,210,210,198.39999,207.64999,205.22229923010497,196.95922358172004,0,0,0,211.8,61.549999,43.799999,,,1,1,1,1,,,,247810,418101.94999999966
1600832700,211.39999,215.89999,201.5,202.95,204.76783938408397,197.5038396197455,0,0,0,211.8,61.549999,43.799999,,,1,1,1,1,,,,157491,421750.7999999997
1600919100,202.5,206,195.25,199.85001,203.7842735072672,197.71712783613228,0,0,0,211.8,61.549999,43.799999,,,1,1,1,1,,,,191780,356339.5499999997
1601005500,204.7,206.5,201,205.2,204.06741880581376,198.39738894193843,0,0,0,223.7,61.549999,43.799999,,,1,1,1,1,,,,117526,314062.7999999997
1601264700,209.7,210,204.5,205.7,204.39393504465102,199.06126267448948,0,0,0,223.7,61.549999,43.799999,,,1,1,1,1,,,,103916,302585.09999999974
1601351100,210,215.95,206.55,212.64999,206.04514603572082,200.29660152226316,0,0,0,223.7,61.549999,43.799999,,,1,1,1,1,,,,499881,302033.49999999965
1601437500,213,223.25,213,223.25,209.48611682857666,202.38327411114832,0,0,0,223.7,61.549999,43.799999,,,1,1,1,1,,,,412554,314255.1499999997
1601523900,234.39999,234.39999,230,234.39999,214.46889146286134,205.29388464649847,0,0,0,223.7,61.549999,43.799999,,,1,1,1,1,,,,354984,285576.4999999997
1601869500,239,246.10001,235.10001,246.10001,220.79511517028908,209.0035324059077,0,0,0,223.7,61.549999,43.799999,,,1,1,1,1,,,,345975,288486.59999999974
1601955900,256.89999,256.89999,247.85001,249.14999,226.46609013623126,212.65321036900698,0,0,0,223.7,61.549999,43.799999,,,1,1,1,1,,,,479498,307799.49999999977
1602042300,244.10001,247.8,236.7,236.7,228.512872108985,214.8392821536427,0,0,0,223.7,61.549999,43.799999,,,1,1,1,1,,,,418539,319039.1999999998
1602128700,235,244.95,225.05,230.14999,228.840295687188,216.23116468512973,0,0,0,223.7,61.549999,43.799999,,,1,1,1,1,,,,495212,337963.1999999997
1602215100,235,241.64999,232,239.7,231.01223654975038,218.36469516829976,0,0,0,223.7,61.549999,43.799999,,,1,1,1,1,,,,441121,347817.84999999974
1602474300,241.39999,241.8,229.10001,231.75,231.15978923980032,219.58154106209068,0,0,0,223.7,61.549999,43.799999,,,1,1,1,1,,,,112505,340437.89999999973
1602560700,232,235,229,229.89999,230.90782939184027,220.5195818746279,0,0,0,256.89999,61.549999,43.799999,,,1,1,1,1,,,,111941,324473.59999999974
1602647100,230.75,238.55,219,234.85001,231.6962655134722,221.82234806784354,0,0,0,256.89999,61.549999,43.799999,,,1,1,1,1,,,,177613,310975.5499999997
1602733500,239.5,246.55,237.10001,239.10001,233.17701441077776,223.3930446071305,0,0,0,256.89999,61.549999,43.799999,,,1,1,1,1,,,,490676,326247.6999999997
1602819900,240,244.45,233,236.05,233.75161152862222,224.54367691557317,0,0,0,256.89999,61.549999,43.799999,,,1,1,1,1,,,,110044,295633.9499999997
1603079100,236.10001,243,236,236.75,234.35128922289778,225.65334265052107,0,0,0,256.89999,61.549999,43.799999,,,1,1,1,1,,,,111058,283511.64999999973
1603165500,236.75,241,236.05,239.7,235.42103137831822,226.9303115004737,0,0,0,256.89999,61.549999,43.799999,,,1,1,1,1,,,,91603,273586.34999999974
1603251900,239.8,246.10001,236.3,237.5,235.8368251026546,227.8911922731579,0,0,0,256.89999,61.549999,43.799999,,,1,1,1,1,,,,137694,268080.5499999997
1603338300,238.5,249.35001,233.05,248,238.26946008212366,229.71926570287084,0,0,0,256.89999,61.549999,43.799999,,,1,1,1,1,,,,398264,280119.1999999997
1603424700,248.89999,259.39999,243,245.14999,239.64556606569892,231.12205882079166,0,0,0,256.89999,61.549999,43.799999,,,1,1,1,1,,,,621552,301607.7999999997
1603683900,247,248.5,234.25,236.2,238.95645285255912,231.58368983708334,0,0,0,256.89999,61.549999,43.799999,,,1,1,1,1,,,,157134,303588.1999999997
1603770300,238.95,238.95,230,235.39999,238.2451602820473,231.9306262155303,0,0,0,256.89999,61.549999,43.799999,,,1,1,1,1,,,,146551,305719.9499999997
1603856700,240.45,245.60001,231.89999,234.60001,237.51613022563782,232.17329746866392,0,0,0,256.89999,61.549999,43.799999,,,1,1,1,1,,,,207065,291079.14999999973
1603943100,236.8,240,231.95,238.8,237.77290418051027,232.77572497151266,0,0,0,256.89999,61.549999,43.799999,,,1,1,1,1,,,,162217,278562.2999999997
1604029500,240.05,246.5,235.2,238.7,237.9583233444082,233.31429542864788,0,0,0,259.39999,61.549999,43.799999,,,1,1,1,1,,,,586183,290122.2499999997
1604288700,247.35001,247.35001,236,238.10001,237.98666067552657,233.74936038967988,0,0,0,259.39999,61.549999,43.799999,,,1,1,1,1,,,,245507,285098.84999999974
1604375100,240,242,232.35001,234.64999,237.31932654042126,233.8312358087999,0,0,0,259.39999,61.549999,43.799999,,,1,1,1,1,,,,134600,267853.9499999997
1604461500,235.10001,238.64999,229.45,232.7,236.395461232337,233.72839618981808,0,0,0,259.39999,61.549999,43.799999,,,1,1,1,1,,,,226926,258273.29999999973
1604547900,235,241,233,240.2,237.1563689858696,234.31672380892553,0,0,0,259.39999,61.549999,43.799999,,,1,1,1,1,,,,308412,248933.29999999973
1604634300,240.5,241.64999,237,238.89999,237.50509318869567,234.73338437175047,0,0,0,259.39999,61.549999,43.799999,,,1,1,1,1,,,,152241,234489.29999999973
1604893500,239,242,235.5,239.3,237.86407455095653,235.1485312470459,0,0,0,259.39999,61.549999,43.799999,,,1,1,1,1,,,,288551,243291.59999999971
1604979900,240.89999,247.3,227.35001,240.7,238.43125964076523,235.65321022458718,0,0,0,259.39999,61.549999,43.799999,,,1,1,1,1,,,,278509,251619.9999999997
1605066300,239.7,247.39999,238.60001,244.10001,239.56500971261218,236.42110111326107,0,0,0,259.39999,61.549999,43.799999,,,1,1,1,1,,,,288814,257180.04999999973
1605152700,245.89999,256.29999,244,256,242.85200777008976,238.2010010120555,0,0,0,259.39999,61.549999,43.799999,,,1,1,1,1,,,,581953,261743.89999999976
1605239100,259,265.20001,249.89999,252.3,244.7416062160718,239.48272819277773,0,0,0,259.39999,61.549999,43.799999,,,1,1,1,1,,,,225728,267528.09999999974
1605357000,257.95001,258.04999,252.5,256.85001,247.16328697285743,241.06157199343428,0,0,0,259.39999,61.549999,43.799999,,,1,1,1,1,,,,83696,266159.9999999998
1605584700,252,263.45001,252,258.29999,249.39062757828594,242.62870090312208,0,0,0,259.39999,61.549999,43.799999,,,1,1,1,1,,,,504120,286785.8499999998
1605671100,260,266.5,258,262.45001,252.00250406262876,244.43063809374735,0,0,0,259.39999,61.549999,43.799999,,,1,1,1,1,,,,287562,294279.2499999998
1605757500,260,270,258,261.5,253.902003250103,245.98239826704304,0,0,0,259.39999,61.549999,43.799999,,,1,1,1,1,,,,267998,287765.94999999984
1605843900,261.5,264,254.10001,257,254.52160260008242,246.98399842458457,0,0,0,259.39999,61.549999,43.799999,,,1,1,1,1,,,,118928,262634.7499999998
1606103100,258.29999,265.10001,256.95001,262.64999,256.1472800800659,248.40817947689507,0,0,0,259.39999,61.549999,43.799999,,,1,1,1,1,,,,266677,268111.8999999998
1606189500,264,270,261.5,265.70001,258.05782606405273,249.98016406990462,0,0,0,259.39999,61.549999,43.799999,,,1,1,1,1,,,,212633,271415.9999999998
1606275900,265.70001,270,263,263.85001,259.21626285124216,251.24105915445875,0,0,0,259.39999,61.549999,43.799999,,,1,1,1,1,,,,254014,273763.44999999984
1606362300,264.54999,277,262.10001,276.89999,262.75300828099375,253.57368923132614,0,0,0,259.39999,61.549999,43.799999,,,1,1,1,1,,,,406819,285993.5499999998
1606448700,278.45001,282,268.25,272.75,264.752406624795,255.3169902102965,0,0,0,259.39999,61.549999,43.799999,,,1,1,1,1,,,,351373,274253.0499999998
1606794300,272.75,282,272.75,280.75,267.95192529983603,257.62908200936045,0,0,0,259.39999,61.549999,43.799999,,,1,1,1,1,,,,239871,273971.2499999998
1606880700,279,290,277.25,287.39999,271.84153823986884,260.3355281903277,0,0,0,259.39999,61.549999,43.799999,,,1,1,1,1,,,,324274,283454.94999999984
1606967100,287.25,292,283.75,285.35001,274.54323259189505,262.609571991207,0,0,0,259.39999,61.549999,43.799999,,,1,1,1,1,,,,254654,284841.3499999998
1607053500,286.10001,292,281.79999,290.35001,277.70458807351605,265.13142999200636,0,0,0,259.39999,61.549999,43.799999,,,1,1,1,1,,,,213253,280083.3999999998
1607312700,293.04999,296.5,288.29999,290.20001,280.20367245881283,267.41039181091486,0,0,0,259.39999,61.549999,43.799999,,,1,1,1,1,,,,230372,283989.94999999984
1607399100,292,294.79999,283.29999,288.25,281.8129379670503,269.3049016462862,0,0,0,259.39999,61.549999,43.799999,,,1,1,1,1,,,,182774,278701.0999999998
1607485500,288.25,292,273.85001,286.39999,282.73034837364025,270.85900058753293,0,0,0,259.39999,61.549999,43.799999,,,1,1,1,1,,,,136663,271608.7999999998
1607571900,284.5,288.95001,280,283.20001,282.8242806989122,271.9809105341208,0,0,0,259.39999,61.549999,43.799999,,,1,1,1,1,,,,121177,263226.9499999998
1607658300,284,287.89999,282.10001,286.45001,283.54942655912976,273.2962832128371,0,0,0,259.39999,61.549999,43.799999,,,1,1,1,1,,,,106656,239462.09999999977
1607917500,286,300.75,286,300.75,286.9895412473038,275.79207564803374,0,0,0,259.39999,61.549999,43.799999,,,1,1,1,1,,,,535022,254926.79999999976
1608003900,308.95001,315.75,295,315.75,292.74163299784306,279.42461422548524,0,0,0,259.39999,61.549999,43.799999,,,1,1,1,1,,,,675467,284515.3499999998
1608090300,313.85001,330.60001,308.60001,318.95001,297.98330839827446,283.0178320231684,0,0,0,259.39999,61.549999,43.799999,,,1,1,1,1,,,,545466,286582.6499999998
1608176700,319.25,324.89999,303.04999,305.14999,299.4166447186196,285.02984638469854,0,0,0,259.39999,61.549999,43.799999,,,1,1,1,1,,,,345762,289492.6499999998
1608263100,308,308,289.89999,295.75,298.6833157748957,286.0044058042714,0,0,0,259.39999,61.549999,43.799999,,,1,1,1,1,,,,285393,290362.3999999998
1608522300,298,310.5,281.10001,295.25,297.9966526199165,286.8449143675195,0,0,0,259.39999,61.549999,43.799999,,,1,1,1,1,,,,615298,315180.8999999998
1608608700,292.54999,304.79999,280.5,298.39999,298.0773200959332,287.89537578865406,0,0,0,259.39999,61.549999,43.799999,,,1,1,1,1,,,,339942,318844.14999999973
1608695100,303,313.29999,299.29999,310.45001,300.55185807674656,289.9457970805946,0,0,0,330.60001,61.549999,43.799999,,,1,1,1,1,,,,385605,327492.7499999997
1608781500,313,316.64999,302.54999,304,301.24148646139724,291.22345189144966,0,0,0,330.60001,61.549999,43.799999,,,1,1,1,1,,,,158390,322711.5499999997
1609127100,306,313.29999,306,307.10001,302.4131911691178,292.6667753558633,0,0,0,330.60001,61.549999,43.799999,,,1,1,1,1,,,,135056,309123.39999999973
1609213500,311.39999,322.45001,303.89999,319.04999,305.7405509352942,295.0652494144212,0,0,0,330.60001,61.549999,43.799999,,,1,1,1,1,,,,433780,313243.7499999997
1609299900,322,330,315.5,316.85001,307.9624427482354,297.04568219492836,0,0,0,330.60001,61.549999,43.799999,,,1,1,1,1,,,,388850,320692.69999999966
1609386300,319.39999,322.5,313.04999,315.04999,309.3799521985883,298.68243744993487,0,0,0,330.60001,61.549999,43.799999,,,1,1,1,1,,,,166479,312802.94999999966
1609472700,316,317.39999,308.39999,309.39999,309.3839597588706,299.6567604090317,0,0,0,330.60001,61.549999,43.799999,,,1,1,1,1,,,,123444,306242.44999999966
1609731900,314.70001,318,306.14999,315.89999,310.6871658070965,301.13341764457425,0,0,0,330.60001,61.549999,43.799999,,,1,1,1,1,,,,238525,307506.04999999964
1609818300,314.04999,331.64999,312.5,328.75,314.2997326456772,303.64401604052205,0,0,0,330.60001,61.549999,43.799999,,,1,1,1,1,,,,638210,327897.94999999966
1609904700,333,342.5,321.5,324.10001,316.25978811654176,305.50365185502005,0,0,0,330.60001,61.549999,43.799999,,,1,1,1,1,,,,729416,355230.0499999997
1609991100,326.79999,340.29999,326,340.29999,321.0678284932334,308.6669553227455,0,0,0,330.60001,61.549999,43.799999,,,1,1,1,1,,,,560738,376433.7999999997
1610077500,350,357,346.29999,348.35001,326.5242647945867,312.27450574795046,0,0,0,330.60001,61.549999,43.799999,,,1,1,1,1,,,,600767,400413.2999999997
1610336700,353,364.20001,340.54999,344.70001,330.1594138356694,315.22227886177313,0,0,0,330.60001,61.549999,43.799999,,,1,1,1,1,,,,429915,416576.24999999965
1610423100,344.70001,352.60001,332.79999,336.39999,331.4075290685355,317.1475253288847,0,0,0,330.60001,61.549999,43.799999,,,1,1,1,1,,,,249248,402287.5499999997
1610509500,338.89999,343.60001,319.60001,321.79999,329.4860212548284,317.5704766626224,0,0,0,330.60001,61.549999,43.799999,,,1,1,1,1,,,,283939,382711.1499999997
1610595900,322.89999,333.5,314,324.5,328.4888170038627,318.20043332965673,0,0,0,330.60001,61.549999,43.799999,,,1,1,1,1,,,,340389,372457.2999999997
1610682300,327,340,324.64999,334.5,329.69105360309015,319.68221211786977,0,0,0,330.60001,61.549999,43.799999,,,1,1,1,1,,,,432850,376811.6999999997
1610941500,336,338.20001,318.89999,324.04999,328.56284088247213,320.07928283442703,0,0,0,364.20001,61.549999,43.799999,,,1,1,1,1,,,,216343,373359.19999999966
1611027900,323.10001,334.5,318,326.35001,328.1202747059777,320.6493489403882,0,0,0,364.20001,61.549999,43.799999,,,1,1,1,1,,,,219216,353555.09999999974
1611114300,329,335.35001,324.5,329.85001,328.4662217647822,321.4857726730802,0,0,0,364.20001,61.549999,43.799999,,,1,1,1,1,,,,233037,348209.8499999997
1611200700,333,335,325.39999,330.29999,328.8329754118257,322.28706515734564,0,0,0,364.20001,61.549999,43.799999,,,1,1,1,1,,,,239861,340922.6499999997
1611287100,327.89999,335,313.79999,317.14999,326.4963783294606,321.82005832485964,0,0,0,364.20001,61.549999,43.799999,,,1,1,1,1,,,,375276,351766.94999999966
1611546300,320.10001,329.10001,311.75,325.64999,326.32710066356844,322.16823393169057,0,0,0,364.20001,61.549999,43.799999,,,1,1,1,1,,,,277091,358868.69999999966
1611719100,326,327.35001,316,317.95001,324.65168253085477,321.7847590288096,0,0,0,364.20001,61.549999,43.799999,,,1,1,1,1,,,,127162,343537.7999999997
1611805500,317.95001,331,313.54999,325.70001,324.8613480246838,322.1406909352815,0,0,0,364.20001,61.549999,43.799999,,,1,1,1,1,,,,235166,335853.5999999997
1611891900,328,334.5,322.5,328.89999,325.66907641974706,322.75517266843775,0,0,0,364.20001,61.549999,43.799999,,,1,1,1,1,,,,180487,336553.99999999965
1612151100,329.89999,345.29999,323.5,344.95001,329.5252631357977,324.77288515312523,0,0,0,364.20001,61.549999,43.799999,,,1,1,1,1,,,,401634,350463.49999999965
1612237500,349,362.14999,348.04999,362.14999,336.05020850863815,328.1708037755684,0,0,0,364.20001,61.549999,43.799999,,,1,1,1,1,,,,717659,374420.19999999966
1612323900,380.25,380.25,380.25,380.25,344.89016680691054,332.90527615960764,0,0,0,364.20001,61.549999,43.799999,,,1,1,1,1,,,,206123,352815.8499999997
1612410300,399.25,399.25,399.25,399.25,355.76213344552843,338.9366146905524,0,0,0,364.20001,61.549999,43.799999,,,1,1,1,1,,,,271732,329931.6499999997
1612496700,421.75,459,385.35001,450.10001,374.62970875642276,349.0423779005022,0,0,0,364.20001,61.549999,43.799999,,,1,1,1,1,,,,2659382,434863.85
1612755900,453.70001,502.29999,433,480.10001,395.7237690051382,360.9567080913656,0,0,0,364.20001,61.549999,43.799999,,,1,1,1,1,,,,2931683,551409.65
1612842300,480,481.89999,436.10001,441.14999,404.80901320411056,368.247006446696,0,0,0,364.20001,61.549999,43.799999,,,1,1,1,1,,,,716667,565747.25
1612928700,441,451.5,433.10001,447.35001,413.3172125632884,375.4381885879055,0,0,0,364.20001,61.549999,43.799999,,,1,1,1,1,,,,381153,572342.5
1613015100,446,456,441,447.60001,420.17377205063076,381.9983541708232,0,0,0,364.20001,61.549999,43.799999,,,1,1,1,1,,,,168009,566546
1613101500,447,464,444.10001,446.14999,425.3690156405046,387.8303210643847,0,0,0,364.20001,61.549999,43.799999,,,1,1,1,1,,,,261605,562606.8
1613360700,451.70001,451.70001,435,437.89999,427.87521051240367,392.3821091494406,0,0,0,502.29999,61.549999,43.799999,,,1,1,1,1,,,,142451,548086.85
1613447100,438,446,424.75,428.25,427.9501684099229,395.6428264994915,0,0,0,502.29999,61.549999,43.799999,,,1,1,1,1,,,,185603,546549.85
1613533500,430.85001,454,425.04999,444.20001,431.20013672793834,400.05711590862865,0,0,0,502.29999,61.549999,43.799999,,,1,1,1,1,,,,286245,549901.3
1613619900,448.70001,454.89999,436,445.14999,433.9901073823507,404.1564680987533,0,0,0,502.29999,61.549999,43.799999,,,1,1,1,1,,,,542662,565382.55
1613706300,447,454,428.79999,433.25,433.84208590588054,406.80133463523026,0,0,0,502.29999,61.549999,43.799999,,,1,1,1,1,,,,354006,571089.8
1613965500,437.20001,461.54999,436.04999,448.85001,436.84367072470445,410.62394148657296,0,0,0,502.29999,61.549999,43.799999,,,1,1,1,1,,,,979622,601307.1
1614051900,452,454.5,438.14999,441.20001,437.71493857976355,413.4035840787027,0,0,0,502.29999,61.549999,43.799999,,,1,1,1,1,,,,525970,613751.05
1614138300,445,447.39999,432.25,440.89999,438.35194886381083,415.9032573442752,0,0,0,502.29999,61.549999,43.799999,,,1,1,1,1,,,,156211,615203.5
1614224700,441.60001,447,436.5,439.39999,438.56155709104866,418.03932394934105,0,0,0,502.29999,61.549999,43.799999,,,1,1,1,1,,,,342536,620572.0000000001
1614311100,438.79999,442,431.29999,434.04999,437.6592436728389,419.4948390448555,0,0,0,502.29999,61.549999,43.799999,,,1,1,1,1,,,,391375,631116.4000000001
1614570300,436,447.95001,421.45001,426.79999,435.4873929382711,420.15894367714134,0,0,0,502.29999,61.549999,43.799999,,,1,1,1,1,,,,542258,638147.6000000001
1614656700,431,440,424.95001,435.95001,435.5799163506169,421.59449516103757,0,0,0,502.29999,61.549999,43.799999,,,1,1,1,1,,,,520084,628268.8500000001
1614743100,436.10001,465,436.10001,459.64999,440.39393108049353,425.05408560094327,0,0,0,502.29999,61.549999,43.799999,,,1,1,1,1,,,,1061491,671037.2500000001
1614829500,460,492,454,479.75,448.2651448643948,430.02644145540296,0,0,0,502.29999,61.549999,43.799999,,,1,1,1,1,,,,1133841,714142.7000000001
1614915900,479.70001,494.70001,455.10001,460.60001,450.7321178915158,432.80585677763906,0,0,0,502.29999,61.549999,43.799999,,,1,1,1,1,,,,506787,606512.9500000001
1615175100,461.89999,470.85001,460.10001,467.29999,454.04569231321267,435.94168707058094,0,0,0,502.29999,61.549999,43.799999,,,1,1,1,1,,,,242336,472045.6
1615261500,474.79999,484.5,463.10001,471.35001,457.5065558505701,439.16062551870994,0,0,0,502.29999,61.549999,43.799999,,,1,1,1,1,,,,477961,460110.3
1615347900,476,488.89999,476,484.20001,462.8452466804561,443.255115017009,0,0,0,502.29999,61.549999,43.799999,,,1,1,1,1,,,,382645,460184.9
1615520700,487.10001,509,483.35001,498.04999,469.88619534436486,448.23646728819,0,0,0,502.29999,61.549999,43.799999,,,1,1,1,1,,,,966441,500106.5
1615779900,502,527,501.25,522.59998,480.4289522754919,454.9967866256273,0,0,0,502.29999,61.549999,43.799999,,,1,1,1,1,,,,1081788,541115.65
1615866300,529,627,529,614.90002,507.3231658203935,469.5334442051157,0,0,0,502.29999,61.549999,43.799999,,,1,1,1,1,,,,4688811,768433.65
1615952700,605.79999,647.90002,580,588.5,523.5585326563148,480.34858564101427,0,0,0,502.29999,61.549999,43.799999,,,1,1,1,1,,,,3469313,932619.15
1616039100,603.59998,613.90002,565.04999,590.75,536.9968261250518,490.3850778554675,0,0,0,502.29999,61.549999,43.799999,,,1,1,1,1,,,,1303577,983485.75
1616125500,580,694,565.25,673.29999,564.2574589000415,507.0137062322432,0,0,0,502.29999,61.549999,43.799999,,,1,1,1,1,,,,3940784,1153391.85
1616384700,699,732,670.29999,682,587.8059671200332,522.9215511202211,0,0,0,502.29999,61.549999,43.799999,,,1,1,1,1,,,,1806164,1225999.75
1616471100,689.90002,697.29999,622.29999,651.20001,600.4847756960265,534.583229200201,0,0,0,502.29999,61.549999,43.799999,,,1,1,1,1,,,,1881104,1271073.85
1616557500,651,682.15002,650,655.95001,611.5778225568213,545.6165729092736,0,0,0,502.29999,61.549999,43.799999,,,1,1,1,1,,,,1698489,1329699.8
1616643900,664.70001,664.70001,588,616.59998,612.582254045457,552.0696099175215,0,0,0,502.29999,61.549999,43.799999,,,1,1,1,1,,,,962074,1369992.95
1616730300,622.90002,638.25,611.70001,623.40002,614.7458072363656,558.5541926522923,0,0,0,502.29999,61.549999,43.799999,,,1,1,1,1,,,,319546,1368843.45
1617075900,644.70001,713.34998,630.65002,695.20001,630.8366477890925,570.976539683902,0,0,0,732,61.549999,43.799999,,,1,1,1,1,,,,1227419,1410645.65
1617162300,703,746,698.15002,740,652.669318231274,586.3423088035473,0,0,0,732,61.549999,43.799999,,,1,1,1,1,,,,1909474,1479006.45
1617248700,754,773.79999,715.5,730.75,668.2854545850192,599.4702807304976,0,0,0,732,61.549999,43.799999,,,1,1,1,1,,,,1118716,1508938.05
1617594300,729.90002,734.75,683.70001,710.84998,676.7983596680153,609.595707936816,0,0,0,732,61.549999,43.799999,,,1,1,1,1,,,,682379,1489982.45
1617680700,717.40002,749.90002,711,738.15002,689.0686917344123,621.2824635789236,0,0,0,732,61.549999,43.799999,,,1,1,1,1,,,,657638,1466172.3000000003
1617767100,744.90002,748.65002,730,735.09998,698.2749493875298,631.6295105262942,0,0,0,732,61.549999,43.799999,,,1,1,1,1,,,,326916,1457178.7500000002
1617853500,742.40002,742.5,713.95001,716.34998,701.8899555100238,639.3313713875402,0,0,0,732,61.549999,43.799999,,,1,1,1,1,,,,299683,1460046.1
1617939900,711,724.34998,701,708.15002,703.141968408019,645.5876121704911,0,0,0,773.79999,61.549999,43.799999,,,1,1,1,1,,,,198001,1446048.1
1618199100,695,695.90002,635,651.79999,692.8735727264152,646.1523737913556,0,0,0,773.79999,61.549999,43.799999,,,1,1,1,1,,,,434865,1448659.1
1618285500,658.90002,724,643,703.65002,695.0288621811321,651.379432537596,0,0,0,773.79999,61.549999,43.799999,,,1,1,1,1,,,,728888,1436781.45
1618458300,670,718,670,685.40002,693.1030937449057,654.4722132159964,0,0,0,773.79999,61.549999,43.799999,,,1,1,1,1,,,,473646,1406374.35
1618544700,691.59998,715,681,687.15002,691.9124789959245,657.4429229236331,0,0,0,773.79999,61.549999,43.799999,,,1,1,1,1,,,,395177,1191692.65
1618803900,665,696.40002,657.79999,685.20001,690.5699851967396,659.96629447603,0,0,0,773.79999,61.549999,43.799999,,,1,1,1,1,,,,375339,1036993.95
1618890300,697,741,686.15002,714.04999,695.2659861573917,664.8829940691182,0,0,0,773.79999,61.549999,43.799999,,,1,1,1,1,,,,795133,1011571.7499999998
1619063100,719,728.20001,698.04999,708.70001,697.9527909259134,668.8663591537438,0,0,0,773.79999,61.549999,43.799999,,,1,1,1,1,,,,325044,830784.7499999998
1619149500,712.25,735.29999,712,715.65002,701.4922367407307,673.1194192306762,0,0,0,773.79999,61.549999,43.799999,,,1,1,1,1,,,,182032,749578.1499999997
1619408700,724.95001,748,705.5,710.95001,703.3837913925846,676.5585638460692,0,0,0,773.79999,61.549999,43.799999,,,1,1,1,1,,,,325883,671817.0999999996
1619495100,715.90002,723.95001,695,698.29999,702.3670311140677,678.5350571327901,0,0,0,773.79999,61.549999,43.799999,,,1,1,1,1,,,,217439,597764.5999999996
1619581500,707.90002,712.90002,693,698.34998,701.5636208912541,680.3364137570819,0,0,0,773.79999,61.549999,43.799999,,,1,1,1,1,,,,217899,560555.8499999997
1619667900,705,708,685.15002,696.04999,700.4608947130033,681.7649206882563,0,0,0,773.79999,61.549999,43.799999,,,1,1,1,1,,,,244963,556826.6999999997
1619754300,690,698.45001,677.75,681.29999,696.6287137704027,681.7226542620512,0,0,0,773.79999,61.549999,43.799999,,,1,1,1,1,,,,512062,521058.84999999974
1620013500,679,713.70001,669.04999,702.84998,697.8729670163221,683.6433202382283,0,0,0,773.79999,61.549999,43.799999,,,1,1,1,1,,,,596566,455413.4499999997
1620099900,714,728.84998,691,696.29999,697.5583716130577,684.7939265802075,0,0,0,773.79999,61.549999,43.799999,,,1,1,1,1,,,,373798,418167.54999999964
1620186300,698.20001,709.84998,691,696.04999,697.2566952904461,685.817205072916,0,0,0,773.79999,61.549999,43.799999,,,1,1,1,1,,,,174607,392778.9499999996
1620272700,703,806.90002,695.09998,794.15002,716.6353602323569,695.66564279356,0,0,0,773.79999,61.549999,43.799999,,,1,1,1,1,,,,2382352,479014.65
1620359100,800,825,765.09998,795.84998,732.4782841858855,704.7733098123273,0,0,0,773.79999,61.549999,43.799999,,,1,1,1,1,,,,945458,509941.7500000001
1620618300,804,848.5,793,822.54999,750.4926253487084,715.4802807384793,0,0,0,773.79999,61.549999,43.799999,,,1,1,1,1,,,,1002220,545068.6
1620704700,790,795,745,756.84998,751.7640962789667,719.2411624895267,0,0,0,773.79999,61.549999,43.799999,,,1,1,1,1,,,,1221855,596261.2999999999
1620791100,772.45001,778.79999,700,709.59998,743.3312730231734,718.3646913541152,0,0,0,773.79999,61.549999,43.799999,,,1,1,1,1,,,,1146398,631837.95
1620963900,719.40002,735,686,719.79999,738.6250164185387,718.4951730491956,0,0,0,773.79999,61.549999,43.799999,,,1,1,1,1,,,,653613,628074.2
1621223100,725.70001,733.65002,712,719.79999,734.860011134831,718.613792771996,0,0,0,773.79999,61.549999,43.799999,,,1,1,1,1,,,,357896,622286.7
1621309500,723,732,710.04999,719.75,731.8380089078648,718.7170843381782,0,0,0,848.5,61.549999,43.799999,,,1,1,1,1,,,,350488,620052.25
1621395900,724,760.95001,721,743.20001,734.1104091262919,720.9428048528893,0,0,0,848.5,61.549999,43.799999,,,1,1,1,1,,,,681399,635355.2500000001
1621482300,749.45001,767.25,739.09998,755.75,738.4383273010335,724.1070953208084,0,0,0,848.5,61.549999,43.799999,,,1,1,1,1,,,,388126,615004.9000000001
1621568700,762,772.5,756,761.65002,743.0806658408268,727.5200884734622,0,0,0,848.5,61.549999,43.799999,,,1,1,1,1,,,,342103,615857.8500000001
1621827900,766.90002,786.90002,762,775.29999,749.5245306726614,731.8637158849657,0,0,0,848.5,61.549999,43.799999,,,1,1,1,1,,,,551188,634315.6500000001
1621914300,783,794,758.59998,769.40002,753.4996285381292,735.2761071681506,0,0,0,848.5,61.549999,43.799999,,,1,1,1,1,,,,304380,633240.5
1622000700,774.79999,775,756,762.45001,755.2897048305033,737.746461971046,0,0,0,848.5,61.549999,43.799999,,,1,1,1,1,,,,177276,631232.35
1622087100,764.65002,782.95001,727.25,767.59998,757.7517598644026,740.4604181554963,0,0,0,848.5,61.549999,43.799999,,,1,1,1,1,,,,1809395,710807.15
1622173500,769.95001,788,760,765.59998,759.3214038915221,742.745832868633,0,0,0,848.5,61.549999,43.799999,,,1,1,1,1,,,,318431,714480.55
1622432700,772,782.70001,755.75,773.75,762.2071231132177,745.564393516939,0,0,0,848.5,61.549999,43.799999,,,1,1,1,1,,,,443918,711073.35
1622519100,775,779.90002,730,746.15002,758.9957024905741,745.6176322881264,0,0,0,848.5,61.549999,43.799999,,,1,1,1,1,,,,302336,696361.85
1622605500,746.15002,764.20001,741,758.15002,758.8265659924593,746.7569402619331,0,0,0,848.5,61.549999,43.799999,,,1,1,1,1,,,,266624,691003.1499999999
1622691900,759,768.5,749.65002,752.29999,757.5212507939675,747.2608538744846,0,0,0,848.5,61.549999,43.799999,,,1,1,1,1,,,,145854,689565.5
1622778300,752.29999,755.90002,731.29999,735.40002,753.097004635174,746.1825962495315,0,0,0,848.5,61.549999,43.799999,,,1,1,1,1,,,,238832,582389.5
1623037500,745,750,731.09998,735.65002,749.6076077081392,745.2250893177559,0,0,0,848.5,61.549999,43.799999,,,1,1,1,1,,,,224045,546318.85
1623123900,741,774.90002,722,768.95001,753.4760881665113,747.381900288869,0,0,0,848.5,61.549999,43.799999,,,1,1,1,1,,,,845214,538468.55
1623210300,776.79999,784,742,747.79999,752.340868533209,747.4199084444264,0,0,0,848.5,61.549999,43.799999,,,1,1,1,1,,,,557502,505250.9
1623296700,761.95001,774,752,764.09998,754.6926908265672,748.9362785858422,0,0,0,848.5,61.549999,43.799999,,,1,1,1,1,,,,275611,461711.55
1623383100,775,784,764.09998,767.5,757.2541526612538,750.6238896234929,0,0,0,848.5,61.549999,43.799999,,,1,1,1,1,,,,380330,448047.4
1623642300,765,774.90002,739,763.25,758.453322129003,751.7717178395391,0,0,0,848.5,61.549999,43.799999,,,1,1,1,1,,,,268149,443560.05
1623728700,768.90002,773.65002,756,769.54999,760.6726557032024,753.3879243995809,0,0,0,848.5,61.549999,43.799999,,,1,1,1,1,,,,232243,437647.8
1623815100,773.5,814,760,763.90002,761.3181285625619,754.3435694541645,0,0,0,848.5,61.549999,43.799999,,,1,1,1,1,,,,1163175,461736.6
1623901500,758.90002,778,753.54999,765.84998,762.2244988500495,755.3896067765131,0,0,0,848.5,61.549999,43.799999,,,1,1,1,1,,,,237227,454191.65
1623987900,769.90002,775,714.45001,741.25,758.0295990800396,754.1041879786483,0,0,0,848.5,61.549999,43.799999,,,1,1,1,1,,,,397673,456970.15
1624247100,719.09998,760,719.09998,746.65002,755.7536832640317,753.4265363442257,0,0,0,848.5,61.549999,43.799999,,,1,1,1,1,,,,403994,449610.45
1624333500,754,759.95001,737.25,740.65002,752.7329506112253,752.265034858387,0,0,0,848.5,61.549999,43.799999,,,1,1,1,1,,,,169785,442880.6999999999
1624419900,745,756.65002,731,735.40002,749.2663644889802,750.7318516894428,0,0,0,848.5,61.549999,43.799999,,,1,1,1,1,,,,261412,447087.4999999999
1624506300,730,746,725,727.09998,744.8330875911842,748.5834997176753,0,0,0,848.5,61.549999,43.799999,,,1,1,1,1,,,,152138,364224.64999999997
1624592700,733,744,733,738.29999,743.5264680729473,747.6486351978866,0,0,0,848.5,61.549999,43.799999,,,1,1,1,1,,,,174432,357024.69999999995
1624851900,741,747,716.75,720.65002,738.9511784583578,745.1942156344423,0,0,0,848.5,61.549999,43.799999,,,1,1,1,1,,,,291395,349398.55
1624938300,722.40002,727.59998,710.20001,714.70001,734.1009447666863,742.4220151222203,0,0,0,848.5,61.549999,43.799999,,,1,1,1,1,,,,296504,349106.95000000007
1625024700,718,740,715.45001,723.95001,732.070757813349,740.7427419292911,0,0,0,848.5,61.549999,43.799999,,,1,1,1,1,,,,315725,351562
1625111100,728.75,740.25,723,730.70001,731.7966082506792,739.8297662993556,0,0,0,848.5,61.549999,43.799999,,,1,1,1,1,,,,604041,374471.35000000003
1625197500,738.40002,749.95001,734.54999,738.29999,733.0972846005434,739.6906957266868,0,0,0,848.5,61.549999,43.799999,,,1,1,1,1,,,,244019,374730.70000000007
1625456700,740.65002,744.84998,722,724.09998,731.2978236804347,738.2733579333517,0,0,0,848.5,61.549999,43.799999,,,1,1,1,1,,,,313892,379223.0500000001
1625543100,728.45001,738,703,708.90002,726.8182629443478,735.6030544848652,0,0,0,848.5,61.549999,43.799999,,,1,1,1,1,,,,367452,355334.95000000007
1625629500,715.79999,722.90002,702,708.15002,723.0846143554783,733.1073240771502,0,0,0,848.5,61.549999,43.799999,,,1,1,1,1,,,,227329,338826.3000000001
1625715900,710,718.20001,699.65002,703.5,719.1676914843827,730.4157491610457,0,0,0,848.5,61.549999,43.799999,,,1,1,1,1,,,,306836,340387.5500000001
1625802300,705,722.90002,703.40002,712.70001,717.8741551875062,728.8052274191325,0,0,0,848.5,61.549999,43.799999,,,1,1,1,1,,,,144417,328591.9000000001
1626061500,718,735,707.25,711.95001,716.689326150005,727.2729349264841,0,0,0,848.5,61.549999,43.799999,,,1,1,1,1,,,,210082,325688.5500000001
1626147900,717.95001,722,707,712.59998,715.871456920004,725.9390299331674,0,0,0,848.5,61.549999,43.799999,,,1,1,1,1,,,,170101,322581.45000000007
1626234300,714.95001,717.95001,707.40002,710.65002,714.8271695360032,724.549119939243,0,0,0,848.5,61.549999,43.799999,,,1,1,1,1,,,,176244,273234.9000000001
1626320700,717,783.79999,704,772.45001,726.3517376288025,728.9037463084028,0,0,0,848.5,61.549999,43.799999,,,1,1,1,1,,,,1676467,345196.9000000001
1626407100,780,810,765.09998,777,736.481390103042,733.2761330076389,0,0,0,848.5,61.549999,43.799999,,,1,1,1,1,,,,1049772,377801.8500000001
1626666300,767.90002,804,760,774.45001,744.0751140824336,737.0192127342171,0,0,0,848.5,61.549999,43.799999,,,1,1,1,1,,,,606332,387918.7500000001
1626752700,778.40002,782.65002,745.75,759.90002,747.2400952659469,739.0992861220155,0,0,0,848.5,61.549999,43.799999,,,1,1,1,1,,,,326815,395770.2500000001
1626925500,766.70001,809.5,765.54999,803.29999,758.4520742127576,744.9357137472869,0,0,0,848.5,61.549999,43.799999,,,1,1,1,1,,,,897033,427551.3
1627011900,819,871,815,853.54999,777.471657370206,754.8097388611699,0,0,0,848.5,61.549999,43.799999,,,1,1,1,1,,,,2853649,562626.85
1627271100,855.70001,892,826.20001,843.45001,790.6673278961648,762.8679453283363,0,0,0,848.5,61.549999,43.799999,,,1,1,1,1,,,,1174196,612615.05
1627357500,850.25,859,817,832.90002,799.1138663169319,769.2344975712148,0,0,0,848.5,61.549999,43.799999,,,1,1,1,1,,,,477440,621917.3
1627443900,833,840.95001,715.25,744.90002,788.2710970535455,767.0222723374679,0,0,0,848.5,61.549999,43.799999,,,1,1,1,1,,,,1919201,703052.1500000001
1627530300,755.70001,760.95001,695.04999,705.34998,771.6868736428364,761.4157003067891,0,0,0,848.5,61.549999,43.799999,,,1,1,1,1,,,,1361790,755355.4000000001
1627616700,710,763,707.54999,747.59998,766.8694949142691,760.1597257334446,0,0,0,848.5,61.549999,43.799999,,,1,1,1,1,,,,864626,768384.6500000001
1627875900,758,764.70001,732,737.09998,760.9155919314153,758.0633852122223,0,0,0,892,61.549999,43.799999,,,1,1,1,1,,,,320001,772183.7500000001
1627962300,743,745.54999,721,726.25,753.9824735451323,755.1712592838385,0,0,0,892,61.549999,43.799999,,,1,1,1,1,,,,322365,772607.4000000001
1628048700,730,743.54999,720,722.70001,747.7259808361058,752.2193275307623,0,0,0,892,61.549999,43.799999,,,1,1,1,1,,,,282857,768377.6500000001
1628135100,728,735,715,717.04999,741.5907826688847,749.0221150279657,0,0,0,892,61.549999,43.799999,,,1,1,1,1,,,,234539,768738.1500000001
1628221500,718.5,737,715.75,720.79999,737.4326241351077,746.4564672981506,0,0,0,892,61.549999,43.799999,,,1,1,1,1,,,,151982,760995.4500000002
1628480700,708,723.40002,655,658.59998,721.6660953080861,738.4695139074097,0,0,0,892,61.549999,43.799999,,,1,1,1,1,,,,1570446,832296.9000000001
1628567100,659,667.59998,607,625,702.3328762464689,728.1541035521906,0,0,0,892,61.549999,43.799999,,,1,1,1,1,,,,1351577,889371.6500000001
1628653500,629.90002,659,588.84998,653.95001,692.6563029971751,721.4082768656278,0,0,0,892,61.549999,43.799999,,,1,1,1,1,,,,941345,927933.8500000002
1628739900,660,685.29999,653,681.5,690.4250423977401,717.7802516960253,0,0,0,892,61.549999,43.799999,,,1,1,1,1,,,,630490,950646.1500000001
1628826300,686.79999,689,656.25,668.25,685.990033918192,713.2775015418412,0,0,0,892,61.549999,43.799999,,,1,1,1,1,,,,340427,883844.1500000001
1629085500,655,688,646.84998,672.04999,683.2020251345537,709.5295459471283,0,0,0,892,61.549999,43.799999,,,1,1,1,1,,,,404528,851581.9500000002
1629171900,675,684.54999,656.95001,672.95001,681.1516221076429,706.2041335882985,0,0,0,892,61.549999,43.799999,,,1,1,1,1,,,,221756,832353.1500000001
1629258300,676.70001,678.20001,650,652.79999,675.4812956861143,701.3492114439077,0,0,0,892,61.549999,43.799999,,,1,1,1,1,,,,164611,824242.9500000002
1629431100,645,650,616,621.90002,664.7650405488914,694.1265576762797,0,0,0,892,61.549999,43.799999,,,1,1,1,1,,,,292113,793996.9500000002
1629690300,633,637,577.45001,589.70001,649.7520344391131,684.6332351602543,0,0,0,892,61.549999,43.799999,,,1,1,1,1,,,,471690,674899.0000000002
1629776700,597.70001,624.95001,590.04999,618.70001,643.5416295512905,678.6393056002312,0,0,0,892,61.549999,43.799999,,,1,1,1,1,,,,324121,632395.2500000001
1629863100,629,645,622.54999,639.15002,642.6633076410324,675.0493705456647,0,0,0,892,61.549999,43.799999,,,1,1,1,1,,,,164428,616744.6500000001
1629949500,631,669.59998,631,658.25,645.7806461128259,673.5221550415134,0,0,0,892,61.549999,43.799999,,,1,1,1,1,,,,604793,551024.2500000001
1630035900,670,670,648,652.15002,647.0545208902607,671.5792336741031,0,0,0,892,61.549999,43.799999,,,1,1,1,1,,,,138242,489846.8500000001
1630295100,653,665.45001,645.90002,650.45001,647.7336187122086,669.6583951582755,0,0,0,892,61.549999,43.799999,,,1,1,1,1,,,,205948,456912.95000000007
1630381500,655,659.95001,641.84998,651.40002,648.4668989697668,667.9985428711595,0,0,0,892,61.549999,43.799999,,,1,1,1,1,,,,238946,452860.20000000007
1630467900,652.90002,659.15002,645,646.45001,648.0635211758134,666.0395853374177,0,0,0,892,61.549999,43.799999,,,1,1,1,1,,,,112883,442386.1
1630554300,648,666.90002,642.59998,662.25,650.9008169406508,665.6950775794706,0,0,0,892,61.549999,43.799999,,,1,1,1,1,,,,201905,438338.5000000001
1630640700,660,665,646,650.25,650.7706535525206,664.2909796177006,0,0,0,892,61.549999,43.799999,,,1,1,1,1,,,,163084,434765.7500000001
1630899900,654.79999,659.59998,641.20001,643.20001,649.2565248420165,662.3736187433642,0,0,0,892,61.549999,43.799999,,,1,1,1,1,,,,121556,433244.4500000002
1630986300,644.79999,650.45001,634,646.45001,648.6952218736131,660.9260179485129,0,0,0,892,61.549999,43.799999,,,1,1,1,1,,,,154782,362461.2500000002
1631072700,649.90002,649.90002,634.34998,635.20001,645.9961794988906,658.5872899531936,0,0,0,892,61.549999,43.799999,,,1,1,1,1,,,,159200,302842.4000000001
1631159100,637.95001,637.95001,625,631.90002,643.1769475991125,656.1611745029032,0,0,0,892,61.549999,43.799999,,,1,1,1,1,,,,157074,263628.85000000015
1631504700,636,649.75,627,643.70001,643.28156007929,655.0283413662756,0,0,0,892,61.549999,43.799999,,,1,1,1,1,,,,144561,239332.4000000002
1631591100,649.90002,649.90002,636.25,643.20001,643.265250063432,653.953038514796,0,0,0,892,61.549999,43.799999,,,1,1,1,1,,,,172327,230927.4000000002
1631677500,643,645,633,634.15002,641.4422040507455,652.15276410436,0,0,0,892,61.549999,43.799999,,,1,1,1,1,,,,206903,221046.1500000002
1631763900,636.95001,673.54999,636,662.29999,645.6137612405964,653.0752391857818,0,0,0,892,61.549999,43.799999,,,1,1,1,1,,,,643210,242118.85000000018
1631850300,685,708,666.25,677.59998,652.0110049924772,655.3047610779835,0,0,0,892,61.549999,43.799999,,,1,1,1,1,,,,825017,275139.1500000002
1632109500,676.90002,682,656.70001,661.5,653.9088039939818,655.8679646163486,0,0,0,892,61.549999,43.799999,,,1,1,1,1,,,,246568,272861.90000000014
1632195900,650,681.70001,642.65002,678.84998,658.8970391951855,657.957238742135,0,0,0,892,61.549999,43.799999,,,1,1,1,1,,,,266573,262606.05000000016
1632282300,681.79999,696.5,674.84998,686.54999,664.4276293561484,660.5565797655773,0,0,0,892,61.549999,43.799999,,,1,1,1,1,,,,358623,264331.15000000014
1632368700,691,705,689.15002,692.04999,669.9521014849187,663.4196170596158,0,0,0,892,61.549999,43.799999,,,1,1,1,1,,,,268605,269540.0000000002
1632455100,697,717.04999,682.25,686.20001,673.2016831879349,665.490561872378,0,0,0,892,61.549999,43.799999,,,1,1,1,1,,,,533329,265966.80000000016
1632714300,696.79999,720.5,696.79999,717.40002,682.0413505503479,670.2096035203436,0,0,0,892,61.549999,43.799999,,,1,1,1,1,,,,656031,291856.2500000002
1632800700,721,729.70001,697.54999,715.15002,688.6630844402783,674.2950959275852,0,0,0,892,61.549999,43.799999,,,1,1,1,1,,,,472549,305186.30000000016
1632887100,708,716.09998,701,707.20001,692.3704695522226,677.2864517523502,0,0,0,892,61.549999,43.799999,,,1,1,1,1,,,,259155,306196.7500000002
1632973500,710,727,705.54999,709.95001,695.8863776417782,680.2558661385002,0,0,0,892,61.549999,43.799999,,,1,1,1,1,,,,379565,319530.85000000015
1633059900,704.90002,711.75,695.59998,699.09998,696.5290981134225,681.9689673986366,0,0,0,892,61.549999,43.799999,,,1,1,1,1,,,,166836,317777.40000000014
1633319100,706,710.75,699.95001,702.04999,697.633276490738,683.7945149078514,0,0,0,892,61.549999,43.799999,,,1,1,1,1,,,,139865,316616.45000000007
1633405500,701,703.59998,683.15002,689.75,696.0566211925905,684.3359226435012,0,0,0,892,61.549999,43.799999,,,1,1,1,1,,,,290542,325065.7500000001
1633491900,691.90002,697.54999,671.04999,678.70001,692.5852989540724,683.8235669486374,0,0,0,892,61.549999,43.799999,,,1,1,1,1,,,,199693,327311.3000000001
1633578300,683.79999,690.25,679,681.15002,690.2982431632579,683.5805172260341,0,0,0,892,61.549999,43.799999,,,1,1,1,1,,,,113378,325020.20000000007
1633664700,694,702,683.25,689.70001,690.1785965306063,684.1368347509401,0,0,0,892,61.549999,43.799999,,,1,1,1,1,,,,243798,329356.4000000001
1633923900,690.09998,714.75,685.20001,695.29999,691.2028752244851,685.1516670463092,0,0,0,892,61.549999,43.799999,,,1,1,1,1,,,,402675,342262.1000000001
1634010300,695.59998,714.75,694,698.70001,692.7023021795881,686.3833345875538,0,0,0,892,61.549999,43.799999,,,1,1,1,1,,,,167927,342042.1000000001
1634096700,704.95001,705,685.59998,687.25,691.6118417436704,686.4621223523217,0,0,0,892,61.549999,43.799999,,,1,1,1,1,,,,196853,341539.6000000001
1634183100,692.90002,720,690.20001,706.29999,694.5494713949363,688.265564865747,0,0,0,892,61.549999,43.799999,,,1,1,1,1,,,,687443,343751.2500000001
1634528700,710.90002,720,706.5,714.29999,698.499575115949,690.6323307870427,0,0,0,892,61.549999,43.799999,,,1,1,1,1,,,,291869,317093.85000000015
1634615100,718.90002,718.90002,682,686.70001,696.1396620927592,690.2748470791298,0,0,0,892,61.549999,43.799999,,,1,1,1,1,,,,306514,320091.1500000001
1634701500,686.95001,691.34998,656.45001,669.84998,690.8817256742074,688.418040981027,0,0,0,892,61.549999,43.799999,,,1,1,1,1,,,,333576,323441.30000000016
1634787900,670,682.90002,658.09998,663.25,685.3553805393659,686.1300372554791,0,0,0,892,61.549999,43.799999,,,1,1,1,1,,,,208865,315953.4000000001
1634874300,667.70001,677,656.90002,670.45001,682.3743064314928,684.7045802322538,0,0,0,892,61.549999,43.799999,,,1,1,1,1,,,,139696,309507.9500000001
1635133500,675.65002,686.75,648,667.15002,679.3294491451942,683.1087111202307,0,0,0,892,61.549999,43.799999,,,1,1,1,1,,,,255933,295638.15000000014
1635219900,667.70001,678.75,662.25,672.45001,677.9535613161554,682.1397382911189,0,0,0,892,61.549999,43.799999,,,1,1,1,1,,,,213249,273499.05000000016
1635306300,677.5,683.5,650.54999,661.84998,674.7328450529243,680.2952148101081,0,0,0,892,61.549999,43.799999,,,1,1,1,1,,,,307474,265245.30000000016
1635392700,665.25,679.75,645.04999,659.65002,671.7162800423395,678.41837891828,0,0,0,892,61.549999,43.799999,,,1,1,1,1,,,,442717,274423.40000000014
1635479100,671,680,646,654.65002,668.3030280338716,676.2576190166183,0,0,0,892,61.549999,43.799999,,,1,1,1,1,,,,528084,281849.3500000002
1635738300,660,702.40002,656,695.29999,673.7024204270972,677.9887436514712,0,0,0,892,61.549999,43.799999,,,1,1,1,1,,,,606459,303830.5000000002
1635824700,698.84998,719.90002,693.90002,709.45001,680.8519383416777,680.8488587740648,0,0,0,892,61.549999,43.799999,,,1,1,1,1,,,,505059,322090.2000000002
1635911100,713.5,713.75,692,698,684.2815506733422,682.4080534309679,0,0,0,892,61.549999,43.799999,,,1,1,1,1,,,,260909,320608.55000000016
1636029000,705,709.90002,696.40002,703.20001,688.0652425386737,684.2982313008799,0,0,0,892,61.549999,43.799999,,,1,1,1,1,,,,83763,314812.05000000016
1636343100,711,711,686.90002,691.70001,688.792196030939,684.9711202735272,0,0,0,892,61.549999,43.799999,,,1,1,1,1,,,,253826,321834.4500000001
1636429500,697.40002,703.65002,685,698.79999,690.7937548247512,686.2282902486611,0,0,0,892,61.549999,43.799999,,,1,1,1,1,,,,247231,322006.1000000002
1636515900,699,760.40002,695,749.40002,702.515007859801,691.97117477151,0,0,0,892,61.549999,43.799999,,,1,1,1,1,,,,1641996,383972.1500000002
1636602300,757,757.90002,725,740.79999,710.1720042878408,696.4101579741,0,0,0,892,61.549999,43.799999,,,1,1,1,1,,,,701090,410630.30000000016
1636688700,741.29999,746.40002,721.15002,725.75,713.2876034302726,699.077416340091,0,0,0,892,61.549999,43.799999,,,1,1,1,1,,,,278818,414728.55000000016
1636947900,729.90002,733.70001,703,708.25,712.2800827442181,699.9112875819009,0,0,0,892,61.549999,43.799999,,,1,1,1,1,,,,251010,392906.90000000014
1637034300,706,716,690.09998,696,709.0240661953745,699.5557159835463,0,0,0,892,61.549999,43.799999,,,1,1,1,1,,,,260804,391353.6500000002
1637120700,697.25,707.25,675.5,681.40002,703.4992569562996,697.9051981668603,0,0,0,892,61.549999,43.799999,,,1,1,1,1,,,,306697,391362.80000000016
1637207100,683.84998,693.25,661.09998,673.20001,697.4394075650397,695.659271969873,0,0,0,892,61.549999,43.799999,,,1,1,1,1,,,,463949,397881.4500000002
1637552700,671.84998,671.84998,636,641.04999,686.1615240520317,690.6947917907936,0,0,0,892,61.549999,43.799999,,,1,1,1,1,,,,315529,403214.65000000014
1637639100,636,656.34998,631.75,647.34998,678.3992152416254,686.7543543552669,0,0,0,892,61.549999,43.799999,,,1,1,1,1,,,,140325,403246.1000000002
1637725500,658,689,652.79999,674.65002,677.6493761933003,685.6539603229699,0,0,0,892,61.549999,43.799999,,,1,1,1,1,,,,290508,404974.8500000002
1637811900,678.5,684,665.04999,673.20001,676.7595029546403,684.5217830208817,0,0,0,892,61.549999,43.799999,,,1,1,1,1,,,,114118,400018.30000000016
1637898300,660.20001,667.95001,648.45001,652.34998,671.8775983637122,681.597073655347,0,0,0,892,61.549999,43.799999,,,1,1,1,1,,,,169212,393105.2000000001
1638157500,641,645,603.70001,614.59998,660.4220746909698,675.5064287775882,0,0,0,892,61.549999,43.799999,,,1,1,1,1,,,,441021,393020.40000000014
1638243900,607.29999,629.70001,607.29999,620.90002,652.5176637527759,670.5422097978075,0,0,0,892,61.549999,43.799999,,,1,1,1,1,,,,500463,391639.3500000002
1638330300,626.5,639.90002,611.25,630.04999,648.0241290022207,666.8610989070977,0,0,0,892,61.549999,43.799999,,,1,1,1,1,,,,181607,370396.7500000002
1638416700,639.90002,649.90002,631,637.29999,645.8793012017766,664.1737253700888,0,0,0,892,61.549999,43.799999,,,1,1,1,1,,,,160451,353166.3500000002
1638503100,640,659.5,640,651.40002,646.9834449614212,663.0124794273535,0,0,0,892,61.549999,43.799999,,,1,1,1,1,,,,206351,350438.4500000002
1638762300,646,650,636.75,645.04999,646.596753969137,661.3795258430486,0,0,0,892,61.549999,43.799999,,,1,1,1,1,,,,127895,352645.05000000016
1638848700,646.59998,668.29999,646.20001,660.65002,649.4074071753096,661.3132071300441,0,0,0,892,61.549999,43.799999,,,1,1,1,1,,,,248158,352361.65000000014
1638935100,671,691,669.40002,677.29999,654.9859237402477,662.7665510273129,0,0,0,892,61.549999,43.799999,,,1,1,1,1,,,,306886,355344.4000000002
1639021500,680.90002,685.84998,670,680.65002,660.1187429921981,664.3923209339208,0,0,0,892,61.549999,43.799999,,,1,1,1,1,,,,105129,278501.05000000016
1639107900,683.90002,708.75,676.75,697.59998,667.6149903937585,667.4111990308371,0,0,0,892,61.549999,43.799999,,,1,1,1,1,,,,290189,257956.00000000017
1639367100,700.09998,711.29999,672.95001,692.70001,672.6319943150068,669.7101818462155,0,0,0,892,61.549999,43.799999,,,1,1,1,1,,,,170137,252521.9500000002
1639453500,691.75,693.40002,670.84998,676.95001,673.4955974520054,670.3683480420141,0,0,0,892,61.549999,43.799999,,,1,1,1,1,,,,159565,247949.7000000002
1639539900,680,703.40002,662,688.45001,676.4864799616043,672.0121354927401,0,0,0,892,61.549999,43.799999,,,1,1,1,1,,,,388492,254334.10000000018
1639626300,691.29999,723.65002,691.29999,714.15002,684.0191879692835,675.8428522661274,0,0,0,892,61.549999,43.799999,,,1,1,1,1,,,,694083,273703.4000000002
1639712700,719.54999,723,669.95001,679.25,683.0653503754268,676.1525929692067,0,0,0,892,61.549999,43.799999,,,1,1,1,1,,,,399652,270488.5500000002
1639971900,680,680,639.54999,651.04999,676.6622783003414,673.8705381538242,0,0,0,892,61.549999,43.799999,,,1,1,1,1,,,,310173,270220.75000000023
1640058300,660,669,655.20001,666.65002,674.6598266402732,673.2141274125674,0,0,0,892,61.549999,43.799999,,,1,1,1,1,,,,147804,270594.70000000024
1640144700,674,678.45001,653,658.20001,671.3678633122186,671.8492076477886,0,0,0,892,61.549999,43.799999,,,1,1,1,1,,,,190269,265582.7500000003
1640231100,661.15002,680.95001,661.15002,674.70001,672.0342926497749,672.1083714979897,0,0,0,892,61.549999,43.799999,,,1,1,1,1,,,,165828,268168.25000000023
1640317500,680.70001,683.70001,666.25,670.25,671.67743411982,671.9394286345361,0,0,0,892,61.549999,43.799999,,,1,1,1,1,,,,112630,265339.15000000026
1640576700,667,688.5,657.04999,681.54999,673.651945295856,672.8131160313964,0,0,0,892,61.549999,43.799999,,,1,1,1,1,,,,160685,251322.35000000024
1640663100,683.5,694,680,687.34998,676.3915522366848,674.1346491194512,0,0,0,892,61.549999,43.799999,,,1,1,1,1,,,,110452,231821.80000000028
1640749500,692.25,733,689.29999,719.34998,684.9832377893479,678.2451337449556,0,0,0,892,61.549999,43.799999,,,1,1,1,1,,,,904741,267978.5000000003
1640835900,723,785,716.70001,772.95001,702.5765922314783,686.8546679499597,0,0,0,892,61.549999,43.799999,,,1,1,1,1,,,,2407227,380317.3
1640922300,785,786,737,742.25,710.5112737851827,691.890607227236,0,0,0,892,61.549999,43.799999,,,1,1,1,1,,,,672346,403617.05
1641181500,744.59998,752.90002,736,739.45001,716.2990210281462,696.2141892974873,0,0,0,892,61.549999,43.799999,,,1,1,1,1,,,,481379,421291.25
1641267900,742.90002,745.90002,724.95001,729.15002,718.8692208225169,699.2083557249885,0,0,0,892,61.549999,43.799999,,,1,1,1,1,,,,246118,421189.25
1641354300,724,730,714.90002,717.5,718.5953766580135,700.8712324772622,0,0,0,892,61.549999,43.799999,,,1,1,1,1,,,,238016,417745.75000000006
1641440700,717,731.45001,703,719.15002,718.7063053264108,702.5329404338747,0,0,0,892,61.549999,43.799999,,,1,1,1,1,,,,324600,428719.3000000001
1641527100,722.84998,732,710,711.90002,717.3450482611286,703.3844931217043,0,0,0,786,577.45001,,,,1,1,1,1,,,,187443,423582.0000000001
1641786300,717.25,774,714.84998,755.40002,724.9560426089029,708.1131773833675,0,0,0,786,577.45001,,,,1,1,1,1,,,,987836,464466.95000000007
1641872700,764.04999,775,738,742.40002,728.4448380871223,711.2301630757887,0,0,0,786,577.45001,,,,1,1,1,1,,,,378094,475393.4000000001
1641959100,751,764,743.25,750.5,732.8558704696978,714.800148250717,0,0,0,786,577.45001,,,,1,1,1,1,,,,291566,470547.1
1642045500,750.84998,762,738.5,744.95001,735.2746983757582,717.5410447733791,0,0,0,786,577.45001,,,,1,1,1,1,,,,183039,444994.9
1642131900,741.09998,762,737.5,747.04999,737.6297567006065,720.2236761576173,0,0,0,786,577.45001,,,,1,1,1,1,,,,157179,432871.25
1642391100,749.79999,804.20001,748.54999,793.29999,748.7638033604852,726.8669774160157,0,0,0,786,577.45001,,,,1,1,1,1,,,,1336414,484183.3
1642477500,799.09998,805.09998,753.25,760.95001,751.2010446883882,729.9654349236507,0,0,0,786,577.45001,,,,1,1,1,1,,,,480568,500821.5
1642563900,757,774.75,742,765.59998,754.0808317507106,733.2049390215006,0,0,0,786,577.45001,,,,1,1,1,1,,,,245865,503601.3
1642650300,770,792,760.20001,764.34998,756.1346614005685,736.0363063831824,0,0,0,786,577.45001,,,,1,1,1,1,,,,272587,508939.25
1642736700,755.79999,765,741,751.54999,755.2177271204548,737.4466412574385,0,0,0,786,577.45001,,,,1,1,1,1,,,,164852,511550.35
1642995900,736,750.29999,675,681.09998,740.3941776963638,732.3242175067622,0,0,0,786,577.45001,,,,1,1,1,1,,,,566268,531829.5
1643082300,680,727.79999,666.09998,721.25,736.5653421570911,731.3174704606929,0,0,0,805.09998,577.45001,,,,1,1,1,1,,,,347107,543662.25
1643255100,721,752,711.25,732.59998,735.7722697256729,731.4340622369936,0,0,0,805.09998,577.45001,,,,1,1,1,1,,,,749403,535895.35
1643341500,742,779,737.84998,756,739.8178157805384,733.6673293063578,0,0,0,805.09998,577.45001,,,,1,1,1,1,,,,730027,452035.35
1643600700,763,781.95001,759.54999,768.09998,745.4742486244306,736.7975702785071,0,0,0,805.09998,577.45001,,,,1,1,1,1,,,,349428,435889.45
1643687100,771.79999,778.90002,757.54999,766.15002,749.6094028995445,739.4659747986428,0,0,0,805.09998,577.45001,,,,1,1,1,1,,,,278388,425739.9
1643773500,767.95001,798,767.95001,774.65002,754.6175263196357,742.6645243624026,0,0,0,805.09998,577.45001,,,,1,1,1,1,,,,739280,450398
1643859900,779.84998,779.84998,747,749.65002,753.6240250557086,743.2995694203661,0,0,0,805.09998,577.45001,,,,1,1,1,1,,,,270507,452022.55
1643946300,747.84998,769.5,738,741.34998,751.1692160445668,743.1223340185146,0,0,0,805.09998,577.45001,,,,1,1,1,1,,,,447945,458189.8
1644205500,746.70001,746.70001,720,721.79999,745.2953708356534,741.1839391077406,0,0,0,805.09998,577.45001,,,,1,1,1,1,,,,317108,464673.05
1644291900,719.75,744.75,698.59998,705.45001,737.3262986685228,737.935400097946,0,0,0,805.09998,577.45001,,,,1,1,1,1,,,,440445,437303.5
1644378300,707,733.75,705.04999,715.40002,732.9410429348183,735.8867291799509,0,0,0,805.09998,577.45001,,,,1,1,1,1,,,,487445,442771.05
1644464700,717,728.84998,709.20001,720.04999,730.3628323478546,734.4470256181371,0,0,0,805.09998,577.45001,,,,1,1,1,1,,,,272406,441813.05
1644551100,709.95001,712.95001,682.20001,685.29999,721.3502638782836,729.9791132892155,0,0,0,805.09998,577.45001,,,,1,1,1,1,,,,439365,454629.35
1644810300,671,674,627.90002,655.25,708.1302111026268,723.1855575356504,0,0,0,805.09998,577.45001,,,,1,1,1,1,,,,659587,479749.7499999999
1644896700,658,685.95001,649.04999,676.15002,701.7341728821015,718.909599577864,0,0,0,805.09998,577.45001,,,,1,1,1,1,,,,664499,446153.9999999999
1644983100,686.59998,698.75,680.04999,687.29999,698.8473363056812,716.0359987071491,0,0,0,805.09998,577.45001,,,,1,1,1,1,,,,350234,439637.29999999993
1645069500,690,694.70001,670,672.59998,693.597865044545,712.0872697337719,0,0,0,805.09998,577.45001,,,,1,1,1,1,,,,177238,436205.9499999999
1645155900,666,699.15002,664.04999,681.15002,691.1082960356359,709.2747924852472,0,0,0,805.09998,577.45001,,,,1,1,1,1,,,,227634,433958.29999999993
1645415100,680,680,658.09998,670.20001,686.9266388285088,705.7225395320429,0,0,0,805.09998,577.45001,,,,1,1,1,1,,,,236703,437550.85
1645501500,644,658,641.25,650.84998,679.711307062807,700.7341250291299,0,0,0,805.09998,577.45001,,,,1,1,1,1,,,,347691,426622
1645587900,654.29999,671.75,654.29999,666.25,677.0190456502456,697.5992045719363,0,0,0,805.09998,577.45001,,,,1,1,1,1,,,,272290,422881.15
1645674300,635,643.84998,616.25,621.04999,665.8252345201965,690.6401850653966,0,0,0,805.09998,577.45001,,,,4,1,1,1,,,,490753,409948.65
1645760700,626.5,658,626.5,644.90002,661.6401916161573,686.4819882412696,0,0,0,805.09998,577.45001,,,,4,1,1,1,,,,361291,391511.85
1646019900,644.90002,660,631.25,653.75,660.0621532929258,683.5063529466088,0,0,0,805.09998,577.45001,,,,4,1,1,1,,,,225027,385291.8
1646192700,653,667.5,643.90002,652.70001,658.5897246343407,680.7057763150989,0,0,0,805.09998,577.45001,,,,4,1,1,1,,,,417417,392243.25
1646279100,660,668.65002,651.59998,656,658.0717797074725,678.4597966500899,0,0,0,805.09998,577.45001,,,,4,1,1,1,,,,303254,370441.95000000007
1646365500,654.90002,691.90002,644.79999,679,662.257423765978,678.5089060455363,0,0,0,805.09998,577.45001,,,,4,1,1,1,,,,1222819,418057.55000000005
1646624700,660.04999,686.70001,653.09998,681.20001,666.0459410127825,678.7535518595785,0,0,0,805.09998,577.45001,,,,4,1,1,1,,,,468536,419087.10000000003
1646711100,687.70001,719.09998,685,710.29999,674.896750810226,681.6214098723441,0,0,0,805.09998,577.45001,,,,4,1,1,1,,,,881203,447291.85
1646797500,712.70001,730,709.20001,719.75,683.8674006481808,685.0876453384947,0,0,0,805.09998,577.45001,,,,4,1,1,1,,,,364228,443481.0000000001
1646883900,733,733,711.40002,719.45001,690.9839225185447,688.2114966713588,0,0,0,805.09998,577.45001,,,,4,1,1,1,,,,271776,432697.55
1646970300,718,747.25,705.65002,737.84998,700.3571340148358,692.7240860648716,0,0,0,805.09998,577.45001,,,,4,1,1,1,,,,395348,438844.65
1647229500,744.84998,752.70001,720,734.40002,707.1657112118686,696.5128073317014,0,0,0,805.09998,577.45001,,,,4,1,1,1,,,,478192,440786.0000000001
1647315900,734.04999,744.25,708.75,713.79999,708.4925669694949,698.0843693924559,0,0,0,805.09998,577.45001,,,,4,1,1,1,,,,219385,418775.9
1647402300,726,772,720,761.79999,719.1540515755959,703.8766985385962,0,0,0,805.09998,577.45001,,,,4,1,1,1,,,,949473,433024.6
1647488700,772,779.25,757.70001,767.04999,728.7332392604767,709.6197250350874,0,0,0,805.09998,577.45001,,,,4,1,1,1,,,,594353,445230.55
1647834300,774,817.04999,766.25,802.90002,743.5665954083813,718.0997518500794,0,0,0,805.09998,577.45001,,,,4,1,1,1,,,,1190290,495883.15
1647920700,807.15002,844.5,791,818.70001,758.5932783267051,727.2452298637086,0,0,0,805.09998,577.45001,,,,4,1,1,1,,,,2549888,611995.85
1648007100,825,841.79999,816.5,837.70001,774.4146246613641,737.2865735124624,0,0,0,805.09998,577.45001,,,,4,1,1,1,,,,853287,642825.05
1648093500,839,854,828,849.59998,789.4516957290913,747.4968831931476,0,0,0,805.09998,577.45001,,,,4,1,1,1,,,,595354,655208.2
1648179900,856.79999,883.40002,838.04999,858.79999,803.321354583273,757.615347448316,0,0,0,805.09998,577.45001,,,,4,1,1,1,,,,1555123,719349.85
1648439100,865,869.20001,833.29999,860.04999,814.6670816666184,766.9275876802873,0,0,0,805.09998,577.45001,,,,4,1,1,1,,,,577776,723701
1648525500,858.34998,913.45001,855,903.59998,832.4536613332947,779.352350618443,0,0,0,805.09998,577.45001,,,,4,1,1,1,,,,2002872,805780.05
1648611900,905,923.70001,895.25,916.65002,849.2929330666358,791.8339569258573,0,0,0,805.09998,577.45001,,,,4,1,1,1,,,,1003507,844704.05
1648698300,925,951,914,945.75,868.5843464533086,805.826324478052,0,0,0,805.09998,577.45001,,,,4,1,1,1,,,,1230753,885370.85
1648784700,942,946.54999,907.25,910,876.8674771626469,815.2966586164109,0,0,0,805.09998,577.45001,,,,4,1,1,1,,,,866107,913513.5
1649043900,917.70001,933,912.15002,928,887.0939817301175,825.5424169240099,0,0,0,805.09998,577.45001,,,,4,1,1,1,,,,542951,879520.1
1649130300,931,971.34998,927,958.15002,901.3051893840941,837.5976535672818,0,0,0,805.09998,577.45001,,,,4,1,1,1,,,,1065121,909349.35
1649216700,957,978,945,973.40002,915.7241555072753,849.9433232429834,0,0,0,805.09998,577.45001,,,,4,1,1,1,,,,773462,903962.3
1649303100,973.40002,986.65002,942.59998,952.20001,923.0193264058203,859.2393856754395,0,0,0,805.09998,577.45001,,,,4,1,1,1,,,,586601,915080.95
1649389500,950,971.59998,950,957.5,929.9154611246562,868.1721687958541,0,0,0,805.09998,577.45001,,,,4,1,1,1,,,,408085,921896.4
1649648700,963.40002,964,931.65002,951.84998,934.3023648997249,875.7792425416856,0,0,0,805.09998,577.45001,,,,4,1,1,1,,,,467615,925509.75
1649735100,950,950,901.25,918.04999,931.0518899197799,879.6220377651687,0,0,0,805.09998,577.45001,,,,4,1,1,1,,,,626457,932923
1649821500,918,926.90002,902,913.09998,927.4615079358239,882.6654870592442,0,0,0,805.09998,577.45001,,,,4,1,1,1,,,,323383,938122.9
1650253500,895,895.70001,865.84998,880.59998,918.0892023486591,882.477713690222,0,0,0,986.65002,577.45001,61.549999,43.799999,,1,1,1,1,,,,600564,920677.45
1650339900,881.5,890,817.04999,829.65002,900.4013658789273,877.67519608202,0,0,0,986.65002,577.45001,61.549999,43.799999,,1,1,1,1,,,,530302,917474.9
1650426300,836,847,823.04999,836,887.5210927031419,873.8865418927454,0,0,0,986.65002,577.45001,61.549999,43.799999,,1,1,1,1,,,,381332,877027
1650512700,836.75,862.79999,836.75,844.34998,878.8868701625136,871.2013999024958,0,0,0,986.65002,577.45001,61.549999,43.799999,,1,1,1,1,,,,242551,761660.1500000001
1650599100,842,845.79999,811.79999,815.70001,866.2494981300108,866.1558190022689,0,0,0,986.65002,577.45001,61.549999,43.799999,,1,1,1,1,,,,348710,736431.3
1650858300,805.04999,847.34998,801.90002,834.45001,859.8896005040086,863.2734727293354,0,0,0,986.65002,577.45001,61.549999,43.799999,,1,1,1,1,,,,996612,756494.2000000001
1650944700,839.95001,852,807.04999,810.95001,850.101682403207,858.5167942993958,0,0,0,986.65002,577.45001,61.549999,43.799999,,1,1,1,1,,,,544947,705985.4000000001
1651031100,806.90002,823,788,817.59998,843.6013419225656,854.7970839085416,0,0,0,986.65002,577.45001,61.549999,43.799999,,1,1,1,1,,,,453033,699748.2500000001
1651117500,824,830,812.29999,815.84998,838.0510695380524,851.2564380986742,0,0,0,986.65002,577.45001,61.549999,43.799999,,1,1,1,1,,,,269715,613090.4000000001
1651203900,820,822.90002,785,790.79999,828.6008536304419,845.760397362431,0,0,0,986.65002,577.45001,61.549999,43.799999,,1,1,1,1,,,,289559,577393.0000000001
1651463100,776.04999,794.25,768.15002,787.54999,820.3906809043535,840.4685421476646,0,0,0,986.65002,577.45001,61.549999,43.799999,,1,1,1,1,,,,270717,529391.2000000001
1651635900,788.5,807,757.65002,763.59998,809.0325407234828,833.4804910433314,0,0,0,986.65002,577.45001,61.549999,43.799999,,1,1,1,1,,,,539329,513052.3000000001
1651722300,777.5,792,687.25,712.25,789.6760325787862,822.4595373121194,0,0,0,986.65002,577.45001,61.549999,43.799999,,1,1,1,1,,,,1160217,543915.6000000001
1651808700,674,712,661.25,678.34998,767.410822063029,809.3586684655631,0,0,0,986.65002,577.45001,61.549999,43.799999,,4,1,1,1,,,,1514976,566408.3500000001
1652067900,674.90002,675,642.25,652.29999,744.3886556504232,795.0806067868756,0,0,0,986.65002,577.45001,61.549999,43.799999,,4,1,1,1,,,,848608,570165.6500000001
1652154300,642.5,669.70001,591.29999,606.40002,716.7909285203385,777.9278261698869,1,0,0,986.65002,577.45001,61.549999,43.799999,,4,2,2,1,1,,,960896,588880.4
1652240700,605,614.04999,565.95001,596.20001,692.6727448162708,761.4071156089881,0,0,0,986.65002,577.45001,61.549999,43.799999,,4,2,2,1,,,,1322640,634608.15
1652327100,590,595,571.09998,578.84998,669.9081918530167,744.8110123718074,0,0,0,986.65002,577.45001,61.549999,43.799999,,4,2,2,1,,,,520621,637258.45
1652413500,585,599.20001,562.65002,571.70001,650.2665554824133,729.0736485198248,0,0,0,986.65002,577.45001,61.549999,43.799999,,4,2,2,1,,,,822541,647062.6499999999
1652672700,574.59998,590.75,564,576.84998,635.5832403859306,715.2351331998408,0,0,0,986.65002,577.45001,61.549999,43.799999,,4,2,2,1,,,,512481,656517.5499999998
1652759100,587.90002,663.34998,583.70001,641.34998,636.7365883087444,708.5183010907643,0,0,0,986.65002,577.45001,61.549999,43.799999,,4,2,2,1,,,,2157074,734343.0499999998
1652845500,646,655,630.65002,646.15002,638.6192746469956,702.8484573552403,0,0,0,986.65002,577.45001,61.549999,43.799999,,4,2,2,1,,,,843958,750025.8499999997
1652931900,619.84998,631.5,611.59998,625.79999,636.0554177175965,695.8440512320366,0,0,0,986.65002,577.45001,61.549999,43.799999,,4,2,2,1,,,,708999,766409.1999999996
1653018300,634.40002,643.95001,621.20001,626.84998,634.2143301740772,689.5718629382151,0,0,0,986.65002,577.45001,61.549999,43.799999,,4,2,2,1,,,,489087,778735.9999999997
1653277500,625,658,620.79999,627.29999,632.8314621392617,683.9107835801955,0,0,0,986.65002,577.45001,61.549999,43.799999,,4,2,2,1,,,,559550,789277.9999999997
1653363900,630,638,605.59998,609.95001,628.2551717114094,677.1870768910868,0,0,0,986.65002,577.45001,61.549999,43.799999,,4,2,2,1,,,,309534,754924.0999999996
1653450300,613.95001,617.20001,587.04999,594.34998,621.4741333691275,669.6564317191699,0,0,0,986.65002,577.45001,61.549999,43.799999,,4,2,2,1,,,,434841,749418.7999999996
1653536700,602.95001,610,580.84998,604.90002,618.159310695302,663.7694851992453,0,0,0,986.65002,577.45001,61.549999,43.799999,,4,2,2,1,,,,460456,749789.9499999996
1653623100,614,634.20001,610.5,623.29999,619.1874465562416,660.0904401811321,0,0,0,986.65002,577.45001,61.549999,43.799999,,4,2,2,1,,,,473498,759979.0999999996
1653882300,634.75,678.79999,630.59998,673.84998,630.1199532449933,661.3413074373927,0,0,0,986.65002,577.45001,61.549999,43.799999,,4,2,2,1,,,,1340188,812510.55
1653968700,676,683.70001,665,673,638.6959625959946,662.401188579448,0,0,0,986.65002,577.45001,61.549999,43.799999,,4,2,2,1,,,,507533,824351.35
1654055100,680,686.95001,661.34998,668.75,644.7067700767957,662.9783532540437,0,0,0,986.65002,577.45001,61.549999,43.799999,,4,2,2,1,,,,527420,823755.9
1654141500,668.75,687.90002,665.09998,681.90002,652.1454200614365,664.6985047764033,0,0,0,986.65002,577.45001,61.549999,43.799999,,4,2,2,1,,,,560907,793790.4
1654227900,694.40002,719,673.34998,680,657.7163360491493,666.0895497967302,0,0,0,986.65002,577.45001,61.549999,43.799999,,4,2,2,1,,,,1581153,797099.2500000001
1654487100,680,683.79999,656.29999,668.75,659.9230688393194,666.3314089061184,0,0,0,986.65002,577.45001,61.549999,43.799999,,4,2,2,1,,,,497504,779544.05
1654573500,667.34998,667.45001,653,661.65002,660.2684590714555,665.9058280964713,0,0,0,986.65002,577.45001,61.549999,43.799999,,4,2,2,1,,,,202755,741637.0000000001
1654659900,668,673.34998,653.59998,667.65002,661.7447712571644,666.0643909967921,0,0,0,986.65002,577.45001,61.549999,43.799999,,4,2,2,1,,,,253144,688162.2
1654746300,666.75,669.95001,651.75,662.09998,661.8158130057316,665.7039899970837,0,0,0,986.65002,577.45001,61.549999,43.799999,,4,2,2,1,,,,306635,677462.9
1654832700,658,658,643,646.04999,658.6626484045853,663.9172627246215,0,0,0,986.65002,577.45001,61.549999,43.799999,,4,2,2,1,,,,216759,647173.8
1655091900,628,636.34998,618.90002,621.5,651.2301187236683,660.0611479314741,0,0,0,986.65002,577.45001,61.549999,43.799999,,4,2,2,1,,,,366422,639870.85
1655178300,615.5,631.95001,613,626.5,646.2840949789346,657.0101344831583,0,0,0,986.65002,577.45001,61.549999,43.799999,,4,2,2,1,,,,289628,546498.55
1655264700,630,635,615,618.20001,640.6672779831476,653.4819413483257,0,0,0,986.65002,577.45001,61.549999,43.799999,,4,2,2,1,,,,252254,516913.3500000001
1655351100,628.70001,636.84998,595,605.59998,633.6538183865181,649.1290357712052,0,0,0,986.65002,577.45001,61.549999,43.799999,,4,2,2,1,,,,584414,510684.1
1655437500,606.5,634.79999,584.65002,629.04999,632.7330527092145,647.3036679738228,0,0,0,986.65002,577.45001,61.549999,43.799999,,4,2,2,1,,,,765559,524507.7
1655696700,631,633.40002,602,610.70001,628.3264441673716,643.9760627034753,0,0,0,986.65002,577.45001,61.549999,43.799999,,4,2,2,1,,,,432675,518163.9499999999
1655783100,621.90002,641.40002,612.5,627.75,628.2111553338973,642.5009660940685,0,0,0,986.65002,577.45001,61.549999,43.799999,,4,2,2,1,,,,416579,523516.1999999999
1655869500,629.5,631.25,603.95001,615.20001,625.6089262671178,640.0190609946078,0,0,0,986.65002,577.45001,61.549999,43.799999,,4,2,2,1,,,,271316,515339.9499999999
1655955900,620.40002,652,615.59998,649.09998,630.3071370136943,640.8445990860071,0,0,0,986.65002,577.45001,61.549999,43.799999,,4,2,2,1,,,,430740,513854.1499999999
1656042300,662,662.40002,632.09998,641.5,632.5457096109554,640.9041809872791,0,0,0,986.65002,577.45001,61.549999,43.799999,,4,2,2,1,,,,512056,515782.04999999993
1656301500,648.65002,671.65002,646.90002,665.34998,639.1065636887644,643.1265263520719,0,0,0,986.65002,577.45001,61.549999,43.799999,,4,2,2,1,,,,505509,474048.0999999999
1656387900,660,668.34998,648.04999,666,644.4852509510115,645.2059330473381,0,0,0,986.65002,577.45001,61.549999,43.799999,,4,2,2,1,,,,229926,460167.7499999999
1656474300,658,664,644.79999,647.79999,645.1481987608092,645.4417564066711,0,0,0,986.65002,577.45001,61.549999,43.799999,,4,2,2,1,,,,176015,442597.4999999999
1656560700,651.09998,658.59998,629.54999,633.34998,642.7885550086473,644.3425040060646,0,0,0,986.65002,577.45001,61.549999,43.799999,,4,2,2,1,,,,212117,425157.9999999998
1656647100,635.59998,659,623.34998,654.09998,645.0508400069178,645.2295472782405,0,0,0,986.65002,577.45001,61.549999,43.799999,,4,2,2,1,,,,329488,362574.7499999999
1656906300,654,670.90002,649.65002,662.34998,648.5106680055343,646.7859502529459,0,0,0,986.65002,577.45001,61.549999,43.799999,,4,2,2,1,,,,256900,350544.54999999993
1656992700,660.5,678.95001,642.25,644.79999,647.7685324044274,646.605408411769,0,0,0,986.65002,577.45001,61.549999,43.799999,,4,2,2,1,,,,455885,363201.04999999993
1657079100,649.29999,677.40002,641.65002,674,653.0148259235419,649.0958258288808,0,0,0,986.65002,577.45001,61.549999,43.799999,,4,2,2,1,,,,324277,366757.6999999999
1657165500,679.90002,683.15002,658.90002,665,655.4118607388335,650.5416598444372,0,0,0,986.65002,577.45001,61.549999,43.799999,,4,2,2,1,,,,297793,366315.59999999986
1657251900,669,688.40002,663.09998,667.5,657.8294885910668,652.0833271313065,0,0,0,986.65002,577.45001,61.549999,43.799999,,4,2,2,1,,,,402954,375625.3499999998
1657511100,669.65002,700.34998,660.04999,697.84998,665.8335868728534,656.2439319375513,0,0,0,986.65002,577.45001,61.549999,43.799999,,4,2,2,1,,,,529058,383757.1499999998
1657597500,691.95001,698.5,672.29999,675.59998,667.7868654982827,658.0035726705012,0,0,0,986.65002,577.45001,61.549999,43.799999,,4,2,2,1,,,,362897,387420.5999999998
1657683900,678.59998,688.45001,670.09998,676.75,669.5794923986261,659.7077933368192,0,0,0,986.65002,577.45001,61.549999,43.799999,,4,2,2,1,,,,237137,386664.7499999999
1657770300,678,679.45001,650.5,657,667.0635939189009,659.4616303061993,0,0,0,986.65002,577.45001,61.549999,43.799999,,4,2,2,1,,,,245114,369699.7499999998
1657856700,659.90002,671,655.5,666.79999,667.0108731351207,660.1287539147266,0,0,0,986.65002,577.45001,61.549999,43.799999,,4,2,2,1,,,,193593,341101.44999999984
1658115900,674,681.5,668.45001,670.95001,667.7987005080965,661.1125044679333,0,0,0,986.65002,577.45001,61.549999,43.799999,,4,2,2,1,,,,221840,330559.69999999984
1658202300,671,678.90002,662,671.90002,668.6189644064773,662.0931876981211,0,0,0,986.65002,577.45001,61.549999,43.799999,,4,2,2,1,,,,212591,320360.2999999998
1658288700,677,700,676,684.95001,671.8851735251818,664.1710806346556,0,0,0,986.65002,577.45001,61.549999,43.799999,,4,2,2,1,,,,635254,338557.19999999984
1658375100,685,706,679.04999,700.95001,677.6981408201455,667.5146196678687,0,0,0,986.65002,577.45001,61.549999,43.799999,,4,2,2,1,,,,422947,338167.5499999998
1658461500,706.5,714.65002,685.45001,690.15002,680.1885166561163,669.5723833344261,0,0,0,986.65002,577.45001,61.549999,43.799999,,4,2,2,1,,,,435852,334357.3499999998
1658720700,689.79999,704.95001,687,694.79999,683.1108113248931,671.8658021222055,0,0,0,986.65002,577.45001,61.549999,43.799999,,4,2,2,1,,,,369124,327538.09999999986
1658807100,696,699.79999,645.25,653.59998,677.2086450599145,670.2052728383686,0,0,0,986.65002,577.45001,61.549999,43.799999,,4,2,2,1,,,,665410,349312.2999999999
1658893500,654.20001,664.84998,638,654.59998,672.6869120479316,668.7866098530624,0,0,0,986.65002,577.45001,61.549999,43.799999,,4,2,2,1,,,,308214,355922.2499999999
1658979900,667.65002,670.45001,654.59998,666.84998,671.5195256383453,668.6105525936931,0,0,0,986.65002,577.45001,61.549999,43.799999,,4,2,2,1,,,,551918,372912.29999999993
1659066300,649.5,651.34998,625,630.40002,663.2956245106762,665.1368678124483,0,0,0,986.65002,577.45001,61.549999,43.799999,,4,2,2,1,,,,1455670,429221.3999999999
1659325500,633.04999,645,630,635.95001,657.826501608541,662.4835171022257,0,0,0,986.65002,577.45001,61.549999,43.799999,,4,2,2,1,,,,573519,445052.3499999999
1659411900,636,643,625.20001,629.29999,652.1211992868327,659.4668328202052,0,0,0,986.65002,577.45001,61.549999,43.799999,,4,2,2,1,,,,420722,443294.1999999999
1659498300,631.5,634.59998,612.25,616.09998,644.9169554294662,655.5243916547321,0,0,0,986.65002,577.45001,61.549999,43.799999,,4,2,2,1,,,,593358,456748.25
1659584700,622.59998,624.70001,604.09998,620.29999,639.9935623435729,652.3221733224838,0,0,0,986.65002,577.45001,61.549999,43.799999,,4,2,2,1,,,,541368,468926.9999999999
1659671100,625.40002,627.84998,609,611.20001,634.2348518748584,648.5837948386217,0,0,0,986.65002,577.45001,61.549999,43.799999,,4,2,2,1,,,,612844,479421.4999999999
1659930300,612,617.59998,598.5,614.29999,630.2478794998867,645.4670853078379,0,0,0,986.65002,577.45001,61.549999,43.799999,,4,2,2,1,,,,489918,477464.4999999999
1660103100,613.95001,621,603.29999,614,626.9983035999094,642.6064411889436,0,0,0,986.65002,577.45001,61.549999,43.799999,,4,2,2,1,,,,456970,482168.1499999999
1660189500,616.25,628.5,613.65002,618.29999,625.2586408799275,640.3967638081305,0,0,0,986.65002,577.45001,61.549999,43.799999,,4,2,2,1,,,,617425,501182.54999999993
1660275900,618.79999,624.15002,608.40002,610.95001,622.396914703942,637.7197861892095,0,0,0,986.65002,577.45001,61.549999,43.799999,,4,2,2,1,,,,275869,502720.29999999993
1660621500,615,639.90002,610.09998,631.09998,624.1375277631536,637.1179856265541,0,0,0,986.65002,577.45001,61.549999,43.799999,,4,2,2,1,,,,734552,529768.2499999999
1660707900,632,643.90002,626.09998,634.20001,626.1500242105228,636.8527151150491,0,0,0,986.65002,577.45001,61.549999,43.799999,,4,2,2,1,,,,471399,542246.1999999998
1660794300,631.15002,635.75,622.84998,627,626.3200193684182,635.9570137409538,0,0,0,986.65002,577.45001,61.549999,43.799999,,4,2,2,1,,,,280159,545624.5999999999
1660880700,628,637.29999,607.15002,610.45001,623.1460174947346,633.638195219049,0,0,0,986.65002,577.45001,61.549999,43.799999,,4,2,2,1,,,,539152,540819.4999999998
1661139900,605.29999,605.40002,580.09998,584.15002,615.3468179957877,629.1392701991355,0,0,0,986.65002,577.45001,61.549999,43.799999,,4,2,2,1,,,,881780,563761.1499999998
1661226300,575,597,574,594.90002,611.2574583966301,626.0266110901232,0,0,0,986.65002,577.45001,61.549999,43.799999,,4,2,2,1,,,,548864,569411.7499999998
1661312700,596,600.15002,587,594.04999,607.815964717304,623.1196455364757,0,0,0,986.65002,577.45001,61.549999,43.799999,,4,2,2,1,,,,278866,564898.8499999999
1661399100,596.95001,604.29999,589.04999,591.09998,604.4727677738432,620.2087668513415,0,0,0,986.65002,577.45001,61.549999,43.799999,,4,2,2,1,,,,383420,550799.3499999999
1661485500,593.59998,598.09998,585.29999,587.15002,601.0082182190746,617.2034262284923,0,0,0,986.65002,577.45001,61.549999,43.799999,,4,2,2,1,,,,329409,551859.0999999999
1661744700,575,588.95001,571.04999,582.45001,597.2965765752597,614.0440247531748,0,0,0,986.65002,577.45001,61.549999,43.799999,,4,2,2,1,,,,451473,546836.8499999999
1661831100,581,596.84998,581,591.90002,596.2172652602078,612.0309334119771,0,0,0,986.65002,577.45001,61.549999,43.799999,,4,2,2,1,,,,285613,488333.9999999998
1662003900,590,609.45001,587.95001,604.25,597.8238122081663,611.3235758290701,0,0,0,986.65002,577.45001,61.549999,43.799999,,4,2,2,1,,,,470713,483193.69999999984
1662090300,605.20001,609.65002,596.5,598,597.859049766533,610.112341662791,0,0,0,986.65002,577.45001,61.549999,43.799999,,4,2,2,1,,,,230390,473677.0999999998
1662349500,601.09998,617.40002,599,614.04999,601.0972378132263,610.4703096934463,0,0,0,986.65002,577.45001,61.549999,43.799999,,4,2,2,1,,,,570121,472515.2499999999
1662435900,614.04999,620,602.70001,604.65002,601.8077942505811,609.9411924485876,0,0,0,986.65002,577.45001,61.549999,43.799999,,4,2,2,1,,,,226569,456775.2999999998
1662522300,604.90002,607.70001,592.5,599.34998,601.3162314004649,608.9783549532614,0,0,0,986.65002,577.45001,61.549999,43.799999,,4,2,2,1,,,,341606,443213.3999999998
1662608700,607.25,621.79999,605,606.15002,602.2829891203719,608.721233593874,0,0,0,986.65002,577.45001,61.549999,43.799999,,4,2,2,1,,,,470180,442226.4999999998
1662695100,612.34998,620.75,602,616.84998,605.1963872962975,609.4602105398855,0,0,0,986.65002,577.45001,61.549999,43.799999,,4,2,2,1,,,,407208,439738.3999999998
1662954300,618,629.90002,617,622.15002,608.587113837038,610.6138295817141,0,0,0,986.65002,577.45001,61.549999,43.799999,,4,2,2,1,,,,459192,431826.7499999998
1663040700,621.95001,630.84998,614,616,610.0696910696304,611.1034814379219,0,0,0,986.65002,577.45001,61.549999,43.799999,,4,2,2,1,,,,232778,429672.1999999999
1663127100,609,615.29999,597,600.09998,608.0757488557043,610.1031631253835,0,0,0,986.65002,577.45001,61.549999,43.799999,,4,2,2,1,,,,433796,414634.39999999997
1663213500,602.95001,606.09998,580.54999,585.29999,603.5205970845634,607.8483292048941,0,0,0,986.65002,577.45001,61.549999,43.799999,,4,2,2,1,,,,386227,410375.79999999993
1663299900,584.29999,584.29999,528.90002,558.20001,594.4564796676507,603.3348456408128,0,0,0,986.65002,577.45001,61.549999,43.799999,,4,2,2,1,,,,2282543,510495
1663559100,558.20001,567.5,550.29999,555.70001,586.7051857341205,599.0044060371025,0,0,0,986.65002,577.45001,61.549999,43.799999,,4,2,2,1,,,,434808,505277.8
1663645500,560.70001,571.79999,557.20001,558.65002,581.0941525872964,595.335825488275,0,0,0,986.65002,577.45001,61.549999,43.799999,,4,2,2,1,,,,358854,479131.4999999999
1663731900,555,564.15002,552.04999,556.45001,576.1653240698372,591.8007513529773,0,0,0,986.65002,577.45001,61.549999,43.799999,,4,2,2,1,,,,296366,466506.5999999999
1663818300,557.09998,564.75,553.15002,562.09998,573.3522552558697,589.1006812299794,0,0,0,986.65002,577.45001,61.549999,43.799999,,4,2,2,1,,,,250555,465091.04999999993
1663904700,566,567.95001,542,543.95001,567.4718062046958,584.9960747545267,0,0,0,986.65002,577.45001,61.549999,43.799999,,4,2,2,1,,,,399607,465900.3999999998
1664163900,535,545.75,527.25,534.34998,560.8474409637566,580.391884322297,0,0,0,986.65002,577.45001,61.549999,43.799999,,4,2,2,1,,,,491050,473982.44999999984
1664250300,539,554,531.09998,535.29999,555.7379507710053,576.2926212020882,0,0,0,986.65002,577.45001,61.549999,43.799999,,4,2,2,1,,,,501373,476477.44999999984
1664336700,535,541.90002,528.5,535.25,551.6403606168043,572.5614738200802,0,0,0,986.65002,577.45001,61.549999,43.799999,,4,2,2,1,,,,265600,475476.7999999997
1664423100,545.5,547,508,511.5,543.6122884934434,567.0104307455275,0,0,0,986.65002,577.45001,61.549999,43.799999,,4,2,2,1,,,,796262,491754.2499999997
1664509500,506.89999,520,505.5,517.40002,538.3698347947548,562.500393405025,0,0,0,986.65002,577.45001,61.549999,43.799999,,4,2,2,1,,,,619684,511218.9499999997
1664768700,517.40002,523.04999,508.75,511.70001,533.0358698358039,557.8821767318409,0,0,0,986.65002,577.45001,61.549999,43.799999,,4,2,2,1,,,,295327,497479.2499999997
1664855100,518,530.5,516.04999,528.5,532.128695868643,555.211069756219,0,0,0,986.65002,577.45001,61.549999,43.799999,,4,2,2,1,,,,311591,501730.34999999974
1665027900,531.95001,535,523,525.54999,530.8129546949144,552.5146079601991,0,0,0,986.65002,577.45001,61.549999,43.799999,,4,2,2,1,,,,494297,509364.89999999973
1665114300,522.79999,522.79999,513.25,519.54999,528.5603617559316,549.5178245092719,0,0,0,986.65002,577.45001,61.549999,43.799999,,4,2,2,1,,,,242909,498001.3499999996
1665373500,513,525,508,519.90002,526.8282934047453,546.8252968266108,0,0,0,986.65002,577.45001,61.549999,43.799999,,4,2,2,1,,,,234350,489358.4499999997
1665459900,522.59998,540,500,502.64999,521.9926327237962,542.8093598423735,0,0,0,986.65002,577.45001,61.549999,43.799999,,4,2,2,1,,,,1504174,541607.5499999997
1665546300,505.10001,523.90002,503,521.04999,521.8041041790369,540.8312353112486,0,0,0,986.65002,577.45001,61.549999,43.799999,,4,2,2,1,,,,565300,558233.6499999997
1665632700,521,529,516.90002,524.90002,522.4232873432295,539.3829430102261,0,0,0,986.65002,577.45001,61.549999,43.799999,,4,2,2,1,,,,297901,551438.8999999997
1665719100,532.90002,544.90002,525,528.29999,523.5986278745836,538.3754018274783,0,0,0,986.65002,577.45001,61.549999,43.799999,,4,2,2,1,,,,932391,578747.0999999997
1665978300,521.04999,529.70001,517.95001,523.79999,523.6389002996668,537.0503643886167,0,0,0,986.65002,577.45001,61.549999,43.799999,,4,2,2,1,,,,184937,473866.7999999997
1666064700,531,533.5,521.20001,523.40002,523.5911242397335,535.8094239896516,0,0,0,986.65002,577.45001,61.549999,43.799999,,4,2,2,1,,,,210271,462639.9499999997
1666151100,524,524.95001,510.20001,512.04999,521.2828973917868,533.6494754451378,0,0,0,986.65002,577.45001,61.549999,43.799999,,4,2,2,1,,,,175519,453473.1999999997
1666237500,511,519.09998,508.04999,512.95001,519.6163199134295,531.7677058592162,0,0,0,986.65002,577.45001,61.549999,43.799999,,4,2,2,1,,,,230320,450170.89999999973
1666323900,515.54999,517.09998,504.85001,511.5,517.9930559307436,529.925187144742,0,0,0,986.65002,577.45001,61.549999,43.799999,,4,2,2,1,,,,275863,451436.2999999998
1666615500,516.5,516.5,505.04999,511.70001,516.7344467445948,528.2683528588564,0,0,0,986.65002,577.45001,61.549999,43.799999,,4,2,2,1,,,,51551,434033.4999999997
1666669500,510,512.54999,499.70001,500.64999,513.5175553956759,525.7575925989603,0,0,0,986.65002,577.45001,61.549999,43.799999,,4,2,2,1,,,,255742,422268.0999999998
1666842300,504,512.40002,499.45001,507.10001,512.2340463165407,524.0614487263275,0,0,0,986.65002,577.45001,61.549999,43.799999,,4,2,2,1,,,,317557,413077.2999999998
1666928700,507,511.79999,498.04999,500.60001,509.90723905323256,521.9285906602977,0,0,0,986.65002,577.45001,61.549999,43.799999,,4,2,2,1,,,,265126,413053.5999999998
1667187900,477.5,477.5,427.35001,431.60001,494.24579324258605,513.7169015093615,0,0,0,986.65002,577.45001,61.549999,43.799999,,4,2,2,1,,,,6384567,692468.8499999999
1667274300,437,438,421,425.10001,480.41663659406885,505.6608204630559,0,0,0,986.65002,577.45001,61.549999,43.799999,,4,2,2,1,,,,3049513,813960.2999999999
1667360700,427,428.89999,421.04999,423.79999,469.0933072752551,498.2189267845963,0,0,0,986.65002,577.45001,61.549999,43.799999,,4,2,2,1,,,,938581,846123
1667447100,421,425.75,411.5,416.29999,458.53464382020405,490.77175071326934,0,1,0,986.65002,577.45001,61.549999,43.799999,,4,3,2,1,,1,,1142584,887672.65
1667533500,412,435.95001,407.45001,431.95001,453.2177170561632,485.4243197393358,0,0,0,986.65002,577.45001,61.549999,43.799999,,4,3,2,1,,,,2500183,987966.95
1667792700,431.95001,446,430,436.10001,449.7941756449306,480.94029158121435,0,0,0,986.65002,577.45001,61.549999,43.799999,,4,3,2,1,,,,2627357,1107189.35
1667965500,440.70001,442,425,427,445.2353405159445,476.03662871019486,0,0,0,986.65002,577.45001,61.549999,43.799999,,4,3,2,1,,,,570871,1124015.4
1668051900,428.39999,431.5,418.5,424,440.9882724127556,471.3060261001771,0,0,0,986.65002,577.45001,61.549999,43.799999,,4,3,2,1,,,,490698,1073341.6
1668138300,434.45001,457.5,429,445.25,441.8406179302045,468.9372964547065,0,0,0,986.65002,577.45001,61.549999,43.799999,,4,3,2,1,,,,1364971,1113325.15
1668397500,444.95001,457.10001,443,453,444.0724943441636,467.48845132246043,0,0,0,986.65002,577.45001,61.549999,43.799999,,4,3,2,1,,,,901052,1143482.7
1668483900,453.64999,460.29999,449.5,458.04999,446.8679934753309,466.63040938405493,0,0,0,986.65002,577.45001,61.549999,43.799999,,4,3,2,1,,,,420296,1117877.95
1668570300,459.5,463.89999,440.5,443.54999,446.2043927802647,464.53218944004993,0,0,0,986.65002,577.45001,61.549999,43.799999,,4,3,2,1,,,,566127,1136937.45
1668656700,438.10001,451.39999,438.10001,448.54999,446.6735122242118,463.0792622182272,0,0,0,986.65002,577.45001,61.549999,43.799999,,4,3,2,1,,,,529179,1152882.85
1668743100,450.64999,450.70001,435.5,439,445.1388097793694,460.89023838020654,0,0,0,986.65002,577.45001,61.549999,43.799999,,4,3,2,1,,,,489385,1168576.15
1669002300,441.20001,445.89999,434.10001,442.35001,444.5810498234955,459.20476307291506,0,0,0,986.65002,577.45001,61.549999,43.799999,,4,3,2,1,,,,293127,1171716.5
1669088700,442.39999,445.89999,430.75,434.45001,442.5548418587964,456.95433097537733,0,0,0,986.65002,577.45001,61.549999,43.799999,,4,3,2,1,,,,354565,1175651.6
1669175100,434.95001,440.04999,432.35001,438.04999,441.6538714870371,455.2357545230703,0,0,0,986.65002,577.45001,61.549999,43.799999,,4,3,2,1,,,,438066,1194977.35
1669261500,440.25,448,437.75,445.70001,442.4630991896297,454.36886865733663,0,0,0,986.65002,577.45001,61.549999,43.799999,,4,3,2,1,,,,322205,1198300.5
1669347900,447.14999,453.70001,438.5,443.79999,442.73047735170377,453.40806150666964,0,0,0,986.65002,577.45001,61.549999,43.799999,,4,3,2,1,,,,345020,1199673.65
1669607100,447,458.79999,442.25,457,445.584381881363,453.73460136969965,0,0,0,986.65002,577.45001,61.549999,43.799999,,4,3,2,1,,,,523569,1212595.8
1669693500,458,459.85001,449,450.85001,446.6375075050904,453.47236579063605,0,0,0,986.65002,577.45001,61.549999,43.799999,,4,3,2,1,,,,300847,908409.8
1669779900,451.95001,462.25,449,459.45001,449.20000800407234,454.01578799148734,0,0,0,986.65002,577.45001,61.549999,43.799999,,4,3,2,1,,,,533485,782608.4
1669866300,462.45001,476.79999,462.45001,468,452.96000640325786,455.2870799922612,0,0,0,986.65002,577.45001,61.549999,43.799999,,4,3,2,1,,,,1049706,788164.65
1669952700,466.5,472.39999,461.29999,470.29999,456.4280031226063,456.65188999296475,0,0,0,986.65002,577.45001,61.549999,43.799999,,4,3,2,1,,,,358226,748946.7499999999
1670211900,472,476,460,464.60001,458.062404498085,457.3744463572407,0,0,0,986.65002,577.45001,61.549999,43.799999,,4,3,2,1,,,,692294,658552.3
1670298300,462,465.54999,453.75,456.39999,457.729921598468,457.2858594156734,0,0,0,986.65002,577.45001,61.549999,43.799999,,4,3,2,1,,,,313951,542882
1670384700,455,457.79999,444.39999,446.64999,455.5139352787744,456.3189621960667,0,0,0,986.65002,577.45001,61.549999,43.799999,,4,3,2,1,,,,362743,532475.6000000001
1670471100,448.45001,454.54999,444.64999,452.14999,454.8411462230195,455.939964723697,0,0,0,986.65002,577.45001,61.549999,43.799999,,4,3,2,1,,,,250141,520447.7500000001
1670557500,454,454.14999,424,427.54999,449.3829149784156,453.35905793063364,0,0,0,986.65002,577.45001,61.549999,43.799999,,4,3,2,1,,,,952584,499828.4
1670816700,428,431.39999,423,430,445.5063319827325,451.23550720966693,0,0,0,986.65002,577.45001,61.549999,43.799999,,4,3,2,1,,,,453881,477469.85
1670903100,432.14999,434,427,428.85001,442.175067586186,449.2004620087881,0,0,0,986.65002,577.45001,61.549999,43.799999,,4,3,2,1,,,,385799,475744.9999999999
1670989500,431,443.14999,429.20001,438.95001,441.5300560689488,448.26860273526194,0,0,0,986.65002,577.45001,61.549999,43.799999,,4,3,2,1,,,,1302030,512540.1499999999
1671075900,441.14999,441.14999,428.75,430.04999,439.23404285515903,446.6123652138745,0,0,0,986.65002,577.45001,61.549999,43.799999,,4,3,2,1,,,,409349,506548.6499999999
1671162300,427,430,413.39999,420.75,435.53723428412724,444.2612411035223,0,0,0,986.65002,577.45001,61.549999,43.799999,,4,3,2,1,,,,536423,508900.54999999993
1671421500,420,429.20001,416,425.5,433.5297874273018,442.55567373047484,0,0,0,986.65002,577.45001,61.549999,43.799999,,4,3,2,1,,,,299798,509234.0999999999
1671507900,425.54999,435.60001,419,433.20001,433.4638319418415,441.7051588458862,0,0,0,986.65002,577.45001,61.549999,43.799999,,4,3,2,1,,,,510512,517031.4499999999
1671594300,436.35001,439.25,424.85001,427.75,432.3210655534732,440.4365080417147,0,0,0,986.65002,577.45001,61.549999,43.799999,,4,3,2,1,,,,504417,520349
1671680700,429.14999,435.64999,424,431.95001,432.24685444277856,439.6650082197406,0,0,0,986.65002,577.45001,61.549999,43.799999,,4,3,2,1,,,,454913,526984.4
1671767100,427.04999,431.20001,416.20001,424.89999,430.77748155422285,438.32273383612784,0,0,0,986.65002,577.45001,61.549999,43.799999,,4,3,2,1,,,,643579,541912.35
1672026300,423.10001,442.79999,423.10001,437.85001,432.19198724337826,438.2797589419344,0,0,0,986.65002,577.45001,61.549999,43.799999,,4,3,2,1,,,,805727,556020.2500000001
1672112700,440.04999,446.39999,436.04999,443,434.3535897947026,438.7088717653949,0,0,0,986.65002,577.45001,61.549999,43.799999,,4,3,2,1,,,,785800,580267.9000000001
1672199100,440,447.75,437.45001,442,435.8828718357621,439.0080652412681,0,0,0,986.65002,577.45001,61.549999,43.799999,,4,3,2,1,,,,300872,568637.2500000002
1672285500,442.5,442.79999,434,440.89999,436.88629546860966,439.18005840115285,0,0,0,986.65002,577.45001,61.549999,43.799999,,4,3,2,1,,,,382036,535253.7500000002
1672371900,441,455.89999,441,446.20001,438.74903837488773,439.81823581922987,0,0,0,986.65002,577.45001,61.549999,43.799999,,4,3,2,1,,,,536915,544188.2000000002
1672631100,448.45001,450.85001,441.29999,447.70001,440.5392326999102,440.5347607447544,0,0,0,986.65002,577.45001,61.549999,43.799999,,4,3,2,1,,,,190812,519114.10000000027
1672717500,447,452.25,445.20001,447.60001,441.9513881599282,441.1770561315949,0,0,0,986.65002,577.45001,61.549999,43.799999,,4,3,2,1,,,,292101,518021.6000000002
1672803900,447.60001,449.20001,436.54999,438.79999,441.32110852794256,440.9609592105408,0,0,0,986.65002,577.45001,61.549999,43.799999,,4,3,2,1,,,,240806,511924.7500000003
1672890300,440,440.45001,426.29999,428.85001,438.826888822354,439.8599638277644,0,0,0,986.65002,577.45001,61.549999,43.799999,,4,3,2,1,,,,251346,511985.0000000003
1672976700,428.39999,431.95001,419.95001,421.85001,435.4315130578832,438.2226952979676,0,0,0,986.65002,577.45001,61.549999,43.799999,,4,3,2,1,,,,226919,475701.7500000003
1673235900,423.95001,445,422.14999,440.04999,436.35520844630656,438.3888129981524,0,0,0,986.65002,577.45001,61.549999,43.799999,,4,3,2,1,,,,882451,497130.2500000003
1673322300,440.5,440.5,422,425.85001,434.25416875704525,437.24892181650216,0,0,0,986.65002,577.45001,61.549999,43.799999,,4,3,2,1,,,,540870,504883.80000000016
1673408700,427.64999,435,424.25,427.04999,432.8133330056362,436.32174619682013,0,0,0,986.65002,577.45001,61.549999,43.799999,,4,3,2,1,,,,335688,456566.7000000003
1673495100,428.95001,433.39999,415.64999,422.20001,430.690668404509,435.0379519971092,0,0,0,986.65002,577.45001,61.549999,43.799999,,4,3,2,1,,,,329139,452556.2000000003
1673581500,424.35001,426.75,415,423.35001,429.22253672360716,433.9754118155538,0,0,0,986.65002,577.45001,61.549999,43.799999,,4,3,2,1,,,,666228,459046.4500000003
1673840700,423.5,431.5,419,420.39999,427.45802737888573,432.74128255959437,0,0,0,986.65002,577.45001,61.549999,43.799999,,4,3,2,1,,,,313530,459733.0500000003
1673927100,420,422.5,415,419.35001,425.8364239031086,431.52389414508576,0,0,0,986.65002,577.45001,61.549999,43.799999,,4,3,2,1,,,,256017,447008.3000000003
1674013500,419,429.79999,419,426.54999,425.97913712248686,431.07172104098703,0,0,0,986.65002,577.45001,61.549999,43.799999,,4,3,2,1,,,,337594,438667.1500000004
1674099900,424.79999,425,417.5,419.70001,424.7233116979895,430.03792912817005,0,0,0,986.65002,577.45001,61.549999,43.799999,,4,3,2,1,,,,260771,428960.0500000004
1674186300,419.70001,424.79999,408.60001,411.45001,422.0686513583916,428.34811829833643,0,0,0,986.65002,577.45001,61.549999,43.799999,,4,3,2,1,,,,355440,414553.10000000027
1674445500,412.25,430.85001,410.25,428.75,423.4049210867133,428.38465299848764,0,0,0,986.65002,577.45001,61.549999,43.799999,,4,3,2,1,,,,699868,409260.15000000026
1674531900,430.39999,436.85001,424.20001,426.70001,424.06393886937065,428.23150363498877,0,0,0,986.65002,577.45001,61.549999,43.799999,,4,3,2,1,,,,604181,400179.2000000003
1674618300,422.79999,429,405.60001,410.25,421.3011510954965,426.5968214863534,0,0,0,986.65002,577.45001,61.549999,43.799999,,4,3,2,1,,,,519381,411104.65000000026
1674791100,412.25,419.70001,393.45001,401.29999,417.3009188763972,424.29710953304857,0,1,0,986.65002,577.45001,61.549999,43.799999,,4,3,3,1,,1,,614581,422731.90000000026
1675050300,403.39999,433.04999,393.89999,431.5,420.14073510111774,424.9519177573169,0,0,0,986.65002,577.45001,61.549999,43.799999,,4,3,3,1,,,,1328324,462302.3500000002
1675136700,427.10001,442.75,420.29999,439.79999,424.0725860808942,426.3017425066517,0,0,0,986.65002,577.45001,61.549999,43.799999,,4,3,3,1,,,,777253,491624.40000000026
1675223100,440.79999,446.89999,423.29999,428.89999,425.03806686471535,426.5379468242288,0,0,0,986.65002,577.45001,61.549999,43.799999,,4,3,3,1,,,,342400,494139.3500000002
1675309500,430.39999,447,427,439.79999,427.99045149177226,427.7435871129353,0,0,0,986.65002,577.45001,61.549999,43.799999,,4,3,3,1,,,,399151,502056.60000000027
1675395900,443.10001,444.45001,432.10001,437.10001,429.8123631934178,428.5941710117594,0,0,0,986.65002,577.45001,61.549999,43.799999,,4,3,3,1,,,,380067,508492.65000000026
1675655100,430,438.75,415.04999,421.45001,428.1398925547343,427.94470182887216,0,0,0,986.65002,577.45001,61.549999,43.799999,,4,3,3,1,,,,744965,534394.9500000003
1675741500,422.60001,445.64999,420.54999,441.20001,430.75191604378745,429.14972984442926,0,0,0,986.65002,577.45001,61.549999,43.799999,,4,3,3,1,,,,1191125,549828.6500000003
1675827900,441.25,464.35001,434.89999,461.85001,436.97153483502996,432.1224825858448,0,0,0,986.65002,577.45001,61.549999,43.799999,,4,3,3,1,,,,1443441,594957.2000000002
1675914300,465.70001,469.45001,459.04999,465.60001,442.69722986802395,435.1658941689498,0,0,0,986.65002,577.45001,61.549999,43.799999,,4,3,3,1,,,,813699,618857.7500000002
1676000700,467,467,451.35001,464.29999,447.01778189441916,437.81444833540894,0,0,0,986.65002,577.45001,61.549999,43.799999,,4,3,3,1,,,,610872,632944.4000000003
1676259900,464.35001,464.5,452.35001,457.25,449.0642255155353,439.5813166685536,0,0,0,986.65002,577.45001,61.549999,43.799999,,4,3,3,1,,,,334822,616374.1000000002
1676346300,457,474,456.04999,457.64999,450.78137841242824,441.2239233350487,0,0,0,986.65002,577.45001,61.549999,43.799999,,4,3,3,1,,,,534003,627397.7500000002
1676432700,456.5,465.54999,453.75,463.64999,453.3551007299426,443.2626566682261,0,0,0,986.65002,577.45001,61.549999,43.799999,,4,3,3,1,,,,232841,626238.9500000002
1676519100,464,473,463.35001,470.79999,456.84407858395406,445.7660506074783,0,0,0,986.65002,577.45001,61.549999,43.799999,,4,3,3,1,,,,567648,637741.6500000001
1676605500,468,471.75,456.79999,461.39999,457.75526086716326,447.18731782498025,0,0,0,986.65002,577.45001,61.549999,43.799999,,4,3,3,1,,,,617427,655574.4500000002
1676864700,460.89999,474,456,465.39999,459.2842066937306,448.8430152954366,0,0,0,986.65002,577.45001,61.549999,43.799999,,4,3,3,1,,,,472034,661404.1500000001
1676951100,466.5,473.10001,462.20001,464.85001,460.39736735498445,450.2981966322151,0,0,0,986.65002,577.45001,61.549999,43.799999,,4,3,3,1,,,,346885,643755.0000000002
1677037500,462,464.70001,456.35001,459.64999,460.24789188398756,451.14835966565005,0,0,0,986.65002,577.45001,61.549999,43.799999,,4,3,3,1,,,,228238,624957.8500000002
1677123900,461.29999,464.64999,453,458.60001,459.9183155071901,451.82578242331823,0,0,0,986.65002,577.45001,61.549999,43.799999,,4,3,3,1,,,,266641,612320.8500000002
1677210300,460.89999,468,454.39999,461.60001,460.25465440575204,452.7143485666529,0,0,0,986.65002,577.45001,61.549999,43.799999,,4,3,3,1,,,,282311,595707.3500000002
1677469500,463.39999,463.39999,445.85001,450.35001,458.2737255246016,452.4994086969572,0,0,0,986.65002,577.45001,61.549999,43.799999,,4,3,3,1,,,,258931,542237.7000000002
1677555900,453.70001,456.5,447.39999,449.89999,456.5989784196813,452.26309790632473,0,0,0,986.65002,577.45001,61.549999,43.799999,,4,3,3,1,,,,239547,515352.4000000002
1677642300,453.14999,458.14999,451.04999,456.95001,456.66918473574503,452.68918082393157,0,0,0,986.65002,577.45001,61.549999,43.799999,,4,3,3,1,,,,141421,505303.4500000002
1677728700,456.89999,458,442.10001,444.85001,454.305349788596,451.9765289308469,0,0,0,986.65002,577.45001,61.549999,43.799999,,4,3,3,1,,,,386587,504675.2500000002
1677815100,448,459.70001,444.45001,457.5,454.9442798308768,452.4786626644063,0,0,0,986.65002,577.45001,61.549999,43.799999,,4,3,3,1,,,,305696,500956.7000000002
1678074300,459,465.25,453.20001,454.10001,454.77542586470145,452.626057876733,0,0,0,986.65002,577.45001,61.549999,43.799999,,4,3,3,1,,,,263167,476866.80000000016
1678247100,453.10001,456.29999,444.79999,453.70001,454.56034269176115,452.7236898879391,0,0,0,986.65002,577.45001,61.549999,43.799999,,4,3,3,1,,,,262056,430413.3500000002
1678333500,454.29999,455.89999,444.54999,445.75,452.7982741534089,452.08971807994465,0,0,0,986.65002,577.45001,61.549999,43.799999,,4,3,3,1,,,,189974,367740.0000000003
1678419900,443.95001,443.95001,425.10001,429.39999,448.1186173227271,450.02701552722243,0,0,0,986.65002,577.45001,61.549999,43.799999,,4,3,3,1,,,,517095,352909.8000000003
1678679100,431.35001,438,421,423.10001,443.1148958581817,447.57910593383855,0,0,0,986.65002,577.45001,61.549999,43.799999,,4,3,3,1,,,,398678,342300.1000000003
1678765500,425,426,392.64999,403.45001,435.1819186865454,443.5673699398532,0,0,0,986.65002,577.45001,61.549999,43.799999,,4,3,3,1,,,,1313238,391220.90000000026
1678851900,409.89999,414.89999,398.04999,399.54999,428.0555329492363,439.5657899453211,0,0,0,986.65002,577.45001,61.549999,43.799999,,4,3,3,1,,,,470926,388067.0500000003
1678938300,400,403.89999,388.64999,401.64999,422.77442435938906,436.118899041201,0,0,0,986.65002,577.45001,61.549999,43.799999,,4,3,3,1,,,,484857,400667.85000000027
1679024700,405.25,423,404.70001,415.85001,421.3895414875112,434.2762727647282,0,0,0,986.65002,577.45001,61.549999,43.799999,,4,3,3,1,,,,1304999,437535.40000000026
1679283900,405,415,403,407.64999,418.641631190009,431.85570160429836,0,0,0,986.65002,577.45001,61.549999,43.799999,,4,3,3,1,,,,378207,425574.40000000026
1679370300,412.29999,415,405.25,409.79999,416.8733029520072,429.8506369129985,0,0,0,986.65002,577.45001,61.549999,43.799999,,4,3,3,1,,,,282645,416104.95000000024
1679456700,412,417.79999,407.70001,409.29999,415.35864036160575,427.98239628454405,0,0,0,986.65002,577.45001,61.549999,43.799999,,4,3,3,1,,,,164630,406992.2000000003
1679543100,410,412.79999,404.64999,406.95001,413.6769142892846,426.0703611677673,0,0,0,986.65002,577.45001,61.549999,43.799999,,4,3,3,1,,,,331263,412143.4500000003
1679629500,407.85001,414,400.5,402.75,411.4915314314277,423.9503283343339,0,0,0,986.65002,577.45001,61.549999,43.799999,,4,3,3,1,,,,394878,418555.3000000003
1679888700,403,411.70001,397.35001,398.54999,408.90322314514214,421.6412066675763,0,0,0,986.65002,577.45001,61.549999,43.799999,,4,3,3,1,,,,492341,429056.8000000003
1679975100,398.95001,401.95001,392.95001,397,406.5225785161137,419.4010969705239,0,0,0,986.65002,577.45001,61.549999,43.799999,,4,3,3,1,,,,433176,437769.0500000003
1680061500,396.75,401.70001,393.25,397.75,404.76806281289095,417.432815427749,0,0,0,986.65002,577.45001,61.549999,43.799999,,4,3,3,1,,,,412029,446393.15000000026
1680234300,400,412.89999,400,410.60001,405.93445225031275,416.81165129795363,0,0,0,986.65002,577.45001,61.549999,43.799999,,4,3,3,1,,,,545795,466611.8500000004
1680493500,415,427.39999,412.39999,424.75,409.6975618002502,417.533319361776,0,0,0,986.65002,577.45001,61.549999,43.799999,,4,3,3,1,,,,336490,464107.00000000035
1680666300,427.45001,431.70001,421.10001,428.64999,413.48804744020015,418.54392578343277,0,0,0,986.65002,577.45001,61.549999,43.799999,,4,3,3,1,,,,210622,459353.3000000004
1680752700,428,432.54999,423.35001,430.29999,416.8504359521601,419.6126588940298,0,0,0,986.65002,577.45001,61.549999,43.799999,,4,3,3,1,,,,204179,456403.90000000026
1681098300,420.04999,435.70001,420.04999,433.45001,420.1703507617281,420.87059990366345,0,0,0,986.65002,577.45001,61.549999,43.799999,,4,3,3,1,,,,267822,456692.2000000003
1681184700,435,440.25,424.5,426.60001,421.45628260938247,421.3914553669668,0,0,0,986.65002,577.45001,61.549999,43.799999,,4,3,3,1,,,,920801,493233.5500000003
1681271100,426.60001,438.20001,426.25,434.60001,424.085028087506,422.5922330608789,0,0,0,986.65002,577.45001,61.549999,43.799999,,4,3,3,1,,,,390789,486918.2500000003
1681357500,432,434.89999,426.10001,431.70001,425.6080244700048,423.4202127826172,0,0,0,986.65002,577.45001,61.549999,43.799999,,4,3,3,1,,,,227743,478371.50000000035
1681703100,425,436.5,412.95001,432.79999,427.0464175760038,424.2729198023793,0,0,0,986.65002,577.45001,61.549999,43.799999,,4,3,3,1,,,,461311,435775.15000000026
1681789500,433.95001,439.25,427.39999,437.54999,429.1471320608031,425.4799261839812,0,0,0,986.65002,577.45001,61.549999,43.799999,,4,3,3,1,,,,241886,424323.15000000026
1681875900,439.70001,440.5,427.75,430,429.31770564864246,425.8908419854375,0,0,0,986.65002,577.45001,61.549999,43.799999,,4,3,3,1,,,,238870,412023.8000000003
1681962300,430,435,425.60001,426.79999,428.814162518914,425.97349180494314,0,0,0,986.65002,577.45001,61.549999,43.799999,,4,3,3,1,,,,157878,354667.7500000003
1682048700,432.45001,432.45001,423.04999,428.29999,428.7113280151312,426.1849916408574,0,0,0,986.65002,577.45001,61.549999,43.799999,,4,3,3,1,,,,204590,345986.90000000026
1682307900,432,440.39999,424.20001,436.29999,430.22906041210496,427.10453694623396,0,0,0,986.65002,577.45001,61.549999,43.799999,,4,3,3,1,,,,307413,347225.3000000003
1682394300,437,446.89999,428.29999,433.25,430.83324832968395,427.66321540566724,0,0,0,986.65002,577.45001,61.549999,43.799999,,4,3,3,1,,,,423358,360161.7000000003
1682480700,430.29999,438.25,428.5,430.70001,430.8066006637472,427.9392876415157,0,0,0,986.65002,577.45001,61.549999,43.799999,,4,3,3,1,,,,144252,350811.1500000003
1682567100,430.70001,446.75,429.04999,439.25,432.4952805309978,428.96753421955975,0,0,0,986.65002,577.45001,61.549999,43.799999,,4,3,3,1,,,,479881,355061.3000000004
1682653500,443,450.5,440.04999,445.89999,435.1762224247982,430.50684838141797,0,0,0,986.65002,577.45001,61.549999,43.799999,,4,3,3,1,,,,433496,352119.0500000004
1682999100,450.70001,457.10001,444,448.70001,437.88097993983854,432.16077216492545,0,0,0,986.65002,577.45001,61.549999,43.799999,,4,3,3,1,,,,484811,354700.8000000004
1683085500,446,451.14999,443.70001,448.45001,439.9947859518708,433.64161196811403,0,0,0,986.65002,577.45001,61.549999,43.799999,,4,3,3,1,,,,244303,346314.50000000035
1683171900,447.60001,457.39999,446.39999,452.64999,442.52582676149666,435.36964633464913,0,0,0,986.65002,577.45001,61.549999,43.799999,,4,3,3,1,,,,372235,337636.5000000004
1683258300,453,455,446.29999,450.60001,444.1406634091973,436.754224849681,0,0,0,986.65002,577.45001,61.549999,43.799999,,4,3,3,1,,,,227443,332184.1500000005
1683517500,451.75,460.85001,451.75,457.20001,446.75253272735785,438.6129325906191,0,0,0,986.65002,577.45001,61.549999,43.799999,,4,3,3,1,,,,253681,334337.10000000044
1683603900,459.60001,475,457.75,464.35001,450.2720281818863,440.9526669005628,0,0,0,986.65002,577.45001,61.549999,43.799999,,4,3,3,1,,,,824716,365363.9500000005
1683690300,468,469.70001,456.5,458.64999,451.94762054550904,442.5615144550571,0,0,0,986.65002,577.45001,61.549999,43.799999,,4,3,3,1,,,,402540,372099.85000000044
1683776700,460,470.95001,460,466.39999,454.83809443640723,444.72864859550646,0,0,0,986.65002,577.45001,61.549999,43.799999,,4,3,3,1,,,,489038,350511.70000000036
1683863100,484,534.20001,478.04999,531.34998,470.1404715491258,452.60331508682407,0,0,0,986.65002,577.45001,61.549999,43.799999,,4,3,3,1,,,,13952767,1028610.6
1684122300,535,555,530,542.54999,484.6223752393006,460.78028553347644,0,0,0,986.65002,577.45001,61.549999,43.799999,,4,3,3,1,,,,5305737,1282510.3
1684208700,546.95001,548,534,540.15002,495.7279041914405,467.995715939524,0,0,0,986.65002,577.45001,61.549999,43.799999,,4,3,3,1,,,,1524492,1335669.35
1684295100,543,550,534.95001,546.29999,505.8423213531524,475.1142863086582,0,0,0,986.65002,577.45001,61.549999,43.799999,,4,3,3,1,,,,1146240,1380887.05
1684381500,546.95001,558,543.75,551.20001,514.9138590825219,482.03117028059836,0,0,0,986.65002,577.45001,61.549999,43.799999,,4,3,3,1,,,,1071961,1422541.6
1684467900,552.90002,554.40002,539.95001,546.70001,521.2710892660175,487.91015570963486,0,0,0,986.65002,577.45001,61.549999,43.799999,,4,3,3,1,,,,859528,1457624.1
1684727100,540,568,540,560.59998,529.136867412814,494.5183215542135,0,0,0,986.65002,577.45001,61.549999,43.799999,,4,3,3,1,,,,1218909,1508340.05
1684813500,563.04999,565.79999,553.04999,557.70001,534.8494959302512,500.2621114129214,0,0,0,986.65002,577.45001,61.549999,43.799999,,4,3,3,1,,,,741395,1530039.15
1684899900,552.5,568.79999,551.40002,564.65002,540.809600744201,506.1155576481104,0,0,0,986.65002,577.45001,61.549999,43.799999,,4,3,3,1,,,,780794,1547910.95
1684986300,564.65002,568,558.04999,564.95001,545.6376825953608,511.4641442255549,0,0,0,986.65002,577.45001,61.549999,43.799999,,4,3,3,1,,,,513683,1566382.5
1685072700,566,577.95001,565,567,549.9101460762887,516.5128583868681,0,0,0,986.65002,577.45001,61.549999,43.799999,,4,3,3,1,,,,806979,1582737.4
1685331900,569.20001,575.45001,563.09998,566.5,553.2281168610309,521.0571439880619,0,0,0,986.65002,577.45001,61.549999,43.799999,,4,3,3,1,,,,560074,1589066.3
1685418300,566.5,573.95001,563.54999,569.40002,556.4624974888247,525.451950898238,0,0,0,986.65002,577.45001,61.549999,43.799999,,4,3,3,1,,,,320856,1580868.55
1685504700,567.5,589.04999,565.25,586,562.3699979910598,530.9563189983982,0,0,0,986.65002,577.45001,61.549999,43.799999,,4,3,3,1,,,,872996,1612303.2
1685591100,587.04999,605,586.75,602.5,570.3959983928478,537.4602899985438,0,0,0,986.65002,577.45001,61.549999,43.799999,,4,3,3,1,,,,1025639,1644973.4
1685677500,606,607.95001,592,595.70001,575.4568007142782,542.7548099986761,0,0,0,986.65002,577.45001,61.549999,43.799999,,4,3,3,1,,,,479303,1657566.4
1685936700,597.95001,602.95001,592.59998,597.34998,579.8354365714225,547.7180072715238,0,0,0,986.65002,577.45001,61.549999,43.799999,,4,3,3,1,,,,403636,1665064.15
1686023100,597,597,584.04999,590.54999,581.978347257138,551.6118238832034,0,0,0,986.65002,577.45001,61.549999,43.799999,,4,3,3,1,,,,601096,1653883.15
1686109500,594,596.04999,578.70001,587.29999,583.0426758057104,554.856202621094,0,0,0,986.65002,577.45001,61.549999,43.799999,,4,3,3,1,,,,409555,1654233.9
1686195900,589.90002,590,572.5,574.29999,581.2941386445683,556.6238196555399,0,0,0,986.65002,577.45001,61.549999,43.799999,,4,3,3,1,,,,471727,1653368.35
1686282300,574.29999,583.84998,572,577.40002,580.5153149156547,558.5125651413999,0,0,0,607.95001,388.64999,,,,1,1,1,1,,,,300911,970775.55
1686541500,580.40002,604.90002,579,597.70001,583.9522539325237,562.0750601285454,0,0,0,607.95001,388.64999,,,,1,1,1,1,,,,1319484,771462.9
1686627900,602.79999,607.95001,593.34998,605.25,588.211803146019,566.000054662314,0,0,0,607.95001,388.64999,,,,1,1,1,1,,,,732052,731840.8999999999
1686714300,610,616.59998,601.5,613.79999,593.3294405168151,570.3455033293764,0,0,0,607.95001,388.64999,,,,1,1,1,1,,,,863190,717688.3999999998
1686800700,613.79999,614.59998,600.15002,604.75,595.6135524134521,573.4731848448876,0,0,0,607.95001,388.64999,,,,1,1,1,1,,,,348202,681500.4499999998
1686887100,605,613.25,601.29999,608.45001,598.1808439307617,576.652896222625,0,0,0,607.95001,388.64999,,,,1,1,1,1,,,,307799,653913.9999999998
1687146300,607.04999,619.95001,607,615.95001,601.7346771446093,580.2253611114774,0,0,0,607.95001,388.64999,,,,1,1,1,1,,,,608662,623401.6499999998
1687232700,615,624.5,612.29999,614.09998,604.2077377156875,583.3048719195249,0,0,0,607.95001,388.64999,,,,1,1,1,1,,,,524866,612575.1999999998
1687319100,614.04999,626.45001,613.75,618.54999,607.07618817255,586.5089735632044,0,0,0,607.95001,388.64999,,,,1,1,1,1,,,,681886,607629.7999999998
1687405500,620,620,598,599.09998,605.48094653804,587.6536105120041,0,0,0,607.95001,388.64999,,,,1,1,1,1,,,,477746,605832.9499999998
1687491900,597,602.25,591.29999,596.45001,603.6747592304321,588.453283192731,0,0,0,607.95001,388.64999,,,,1,1,1,1,,,,338024,582385.1999999997
1687751100,595,612.79999,594.09998,609.70001,604.8798093843457,590.3848038115736,0,0,0,607.95001,388.64999,,,,1,1,1,1,,,,538020,581282.4999999998
1687837500,610.25,617.54999,607.54999,612.20001,606.3438495074765,592.3680043741579,0,0,0,607.95001,388.64999,,,,1,1,1,1,,,,463619,588420.6499999997
1687923900,612.20001,624.59998,609.45001,621.59998,609.3950756059812,595.0254567037799,0,0,0,626.45001,388.64999,,,,1,1,1,1,,,,635672,576554.4499999997
1688096700,621.59998,638.79999,621.59998,628.59998,613.236056484785,598.0776860943454,0,0,0,626.45001,388.64999,,,,1,1,1,1,,,,820751,566310.0499999997
1688355900,631.75,633.20001,615.15002,621.34998,614.8588411878279,600.1933491766777,0,0,0,626.45001,388.64999,,,,1,1,1,1,,,,719026,578296.1999999996
1688442300,621,625.95001,608.15002,610.09998,613.9070689502623,601.0939519787979,0,0,0,626.45001,388.64999,,,,1,1,1,1,,,,356393,575934.0499999996
1688528700,613.29999,621.34998,604.84998,607.79999,612.6856531602099,601.7035917989072,0,0,0,626.45001,388.64999,,,,1,1,1,1,,,,261918,558975.1499999997
1688615100,607.79999,625,607.09998,623.54999,614.8585205281679,603.6896279990065,0,0,0,626.45001,388.64999,,,,1,1,1,1,,,,801446,578569.6999999995
1688701500,615,615,575,601.79999,612.2468144225343,603.5178427263695,0,0,0,638.79999,388.64999,,,,1,1,1,1,,,,5481141,829040.3999999996
1688960700,605,611.90002,583.20001,588.84998,607.5674475380274,602.1844006603359,0,0,0,638.79999,388.64999,,,,1,1,1,1,,,,760149,852002.2999999996
1689047100,582,602.34998,582,597.84998,605.6239540304219,601.7903624184871,0,0,0,638.79999,388.64999,,,,1,1,1,1,,,,1148516,843453.8999999997
1689133500,599.90002,604.45001,594.09998,597.5,603.9991632243375,601.4003294713519,0,0,0,638.79999,388.64999,,,,1,1,1,1,,,,355773,824639.9499999996
1689219900,599.90002,618,599.29999,605.90002,604.37933457947,601.8093922466836,0,0,0,638.79999,388.64999,,,,1,1,1,1,,,,1044242,833692.5499999996
1689306300,608.04999,644.5,608.04999,640.84998,611.673463663576,605.3585365878942,0,0,0,638.79999,388.64999,,,,1,1,1,1,,,,2511476,941856.25
1689565500,645,653.95001,632.25,638.54999,617.0487689308608,608.3759414435401,0,0,0,638.79999,388.64999,,,,1,1,1,1,,,,1488628,1000897.7
1689651900,641,649.04999,635.59998,639.59998,621.5590111446886,611.2144904032183,0,0,0,638.79999,388.64999,,,,1,1,1,1,,,,472836,994106.4
1689738300,640,648.40002,635,637.79999,624.8072069157508,613.6313540029257,0,0,0,638.79999,388.64999,,,,1,1,1,1,,,,484681,992097.15
1689824700,641.20001,644,634.34998,635.75,626.9957655326007,615.6421400026597,0,0,0,638.79999,388.64999,,,,1,1,1,1,,,,277956,971900.6500000001
1689911100,630,634.95001,620,632.20001,628.0366144260805,617.1474009115088,0,0,0,638.79999,388.64999,,,,1,1,1,1,,,,374409,966733.8000000002
1690170300,632.20001,644.79999,626.5,630.59998,628.5492875408644,618.3703626468263,0,0,0,653.95001,388.64999,,,,1,1,1,1,,,,895494,994607.3000000002
1690256700,630.59998,634.70001,615,618.84998,626.6094260326915,618.4139642243875,0,0,0,653.95001,388.64999,,,,1,1,1,1,,,,771621,1006287.3500000002
1690343100,619.04999,622.90002,592.29999,599.95001,621.2775428261532,616.7354229312614,0,0,0,653.95001,388.64999,,,,1,1,1,1,,,,1222884,1044250.6000000002
1690429500,604.70001,608.70001,572,577.20001,612.4620362609226,613.1412944829649,0,0,0,653.95001,388.64999,,,,1,1,1,1,,,,1329320,1078933.0000000002
1690515900,604.5,692.59998,599.09998,690.90002,628.1496330087381,620.2102695299681,0,0,0,653.95001,388.64999,,,,1,1,1,1,,,,16495461,1862668.5
1690775100,687,693.75,651.5,674.65002,637.4497104069904,625.1593377545164,0,0,0,653.95001,388.64999,,,,1,1,1,1,,,,6801551,2166794.75
1690861500,668.5,688.95001,665,667.5,643.4597683255923,629.0084888677421,0,0,0,653.95001,388.64999,,,,1,1,1,1,,,,1438142,2220882.2
1690947900,665.5,679.40002,656,661.20001,647.0078166604738,631.9349907888565,0,0,0,653.95001,388.64999,,,,1,1,1,1,,,,831832,2249377.9
1691034300,665,674.20001,659.20001,663.70001,650.3462553283791,634.8227198080514,0,0,0,653.95001,388.64999,,,,1,1,1,1,,,,571711,2237891.15
1691120700,669,715.5,668.84998,691.95001,658.6670062627034,640.0161098255013,0,0,0,653.95001,388.64999,,,,1,1,1,1,,,,4303002,2178984.2
1691379900,696.75,709.95001,692.45001,699.65002,666.8636090101627,645.4373743868193,0,0,0,653.95001,388.64999,,,,1,1,1,1,,,,1091816,2195567.55
1691466300,703.25,706.95001,670,675.5,668.5908872081302,648.170340351654,0,0,0,653.95001,388.64999,,,,1,1,1,1,,,,635050,2169894.25
1691552700,674.95001,693.90002,668.54999,687.95001,672.4627117665042,651.7866739560491,0,0,0,653.95001,388.64999,,,,1,1,1,1,,,,524147,2178312.95
1691639100,687.95001,697,679.65002,687.84998,675.5401654132033,655.065156323681,0,0,0,653.95001,388.64999,,,,1,1,1,1,,,,282380,2140219.85
1691725500,690.59998,708.25,689,694.09998,679.2521283305626,658.6137766578918,0,0,0,715.5,388.64999,,,,1,1,1,1,,,,601417,2044716.9
1691984700,693.90002,707.95001,675.5,704.40002,684.2817066644501,662.7761624162653,0,0,0,715.5,388.64999,,,,1,1,1,1,,,,612450,2000908
1692157500,705,731,696.65002,715,690.4253653315601,667.5237840147867,0,0,0,715.5,388.64999,,,,1,1,1,1,,,,874066,2020969.5
1692243900,715,719.90002,700.09998,702.65002,692.870296265248,670.7170781952606,0,0,0,715.5,388.64999,,,,1,1,1,1,,,,286204,2011045.65
1692330300,702.65002,702.65002,670.70001,678.5,689.9962370121984,671.424616541146,0,0,0,715.5,388.64999,,,,1,1,1,1,,,,517812,2023038.45
1692589500,685,695,678,689.90002,689.9769936097588,673.104198673769,0,0,0,715.5,388.64999,,,,1,1,1,1,,,,259253,2017280.65
1692675900,692.40002,700,683.5,686.45001,689.271596887807,674.317454248881,0,0,0,715.5,388.64999,,,,1,1,1,1,,,,213847,1983198.3
1692762300,687.95001,713,687.95001,695.90002,690.5972815102457,676.2795056808009,0,0,0,731,388.64999,,,,1,1,1,1,,,,590836,1974159.05
1692848700,699.79999,719,689,692.20001,690.9178272081965,677.7268242552735,0,0,0,731,388.64999,,,,1,1,1,1,,,,686052,1947317.45
1692935100,691,700,685.09998,692.20001,691.1742637665573,679.0425684138851,0,0,0,731,388.64999,,,,1,1,1,1,,,,222059,1891954.4
1693194300,694.04999,704.5,686.09998,701.84998,693.3094070132458,681.1159694671683,0,0,0,731,388.64999,,,,1,1,1,1,,,,268717,1080617.2000000004
1693280700,701,704.95001,691,693.09998,693.2675216105966,682.205424970153,0,0,0,731,388.64999,,,,1,1,1,1,,,,146757,747877.5000000002
1693367100,695.34998,718.25,693.70001,707.5,696.1140172884773,684.5049317910482,0,0,0,731,388.64999,,,,1,1,1,1,,,,927084,722324.6000000002
1693453500,709,742.40002,709,735,703.8912138307818,689.0953925373166,0,0,0,731,388.64999,,,,1,1,1,1,,,,1554855,758475.7500000002
1693539900,740.84998,741,727.59998,733.04999,709.7229690646254,693.0912650339242,0,0,0,731,388.64999,,,,1,1,1,1,,,,453500,752565.2000000002
1693799100,736.90002,739.40002,723.84998,729.59998,713.6983712517003,696.4102391217492,0,0,0,731,388.64999,,,,1,1,1,1,,,,372698,556050.0000000002
1693885500,730.09998,747,728,730.29999,717.0186950013602,699.4911255652265,0,0,0,731,388.64999,,,,1,1,1,1,,,,472434,525080.9000000001
1693971900,730.29999,743,726.65002,732.54999,720.1249540010882,702.4964768774787,0,0,0,731,388.64999,,,,1,1,1,1,,,,267045,506680.6500000001
1694058300,734.90002,743,725.04999,730.79999,722.2599612008705,705.0695235249806,0,0,0,731,388.64999,,,,1,1,1,1,,,,356350,498290.8
1694144700,733.84998,739,695,724.90002,722.7879729606964,706.8722959318005,0,0,0,731,388.64999,,,,1,1,1,1,,,,286968,498520.1999999999
1694403900,725,731.70001,705,709.70001,720.1703803685571,707.1293608470913,0,0,0,731,388.64999,,,,1,1,1,1,,,,390253,487961.9999999999
1694490300,713.75,716.29999,660,670.34998,710.2063002948456,703.7857807700831,0,0,0,747,388.64999,,,,1,1,1,1,,,,702446,492461.7999999998
1694576700,672.95001,684.45001,664.59998,671.40002,702.4450442358765,700.8416207000755,0,0,0,747,388.64999,,,,1,1,1,1,,,,271332,462325.0999999998
1694663100,675,705,675,685.40002,699.0360393887012,699.4378388182505,0,0,0,747,388.64999,,,,1,1,1,1,,,,525668,474298.29999999993
1694749500,691.59998,734.20001,689.04999,717.40002,702.708835510961,701.0707643802277,0,0,0,747,388.64999,,,,1,1,1,1,,,,1564385,526626.95
1695008700,718.95001,730,705.59998,723,706.7670684087688,703.0643312547525,0,0,0,747,388.64999,,,,1,1,1,1,,,,557175,541523.05
1695181500,722.54999,735,719,723.95001,710.203656727015,704.9630293225023,0,0,0,747,388.64999,,,,1,1,1,1,,,,340394,547850.4000000001
1695267900,724.09998,732.95001,698.79999,709.04999,709.972923381612,705.3345712022748,0,0,0,747,388.64999,,,,1,1,1,1,,,,347250,535671.1
1695354300,710.95001,722.59998,701.54999,719.25,711.8283387052895,706.5996101838862,0,0,0,747,388.64999,,,,1,1,1,1,,,,253058,514021.3999999999
1695613500,719.65002,734,714,728.5,715.1626709642317,708.5905547126238,0,0,0,747,388.64999,,,,1,1,1,1,,,,563077,531072.2999999998
1695699900,729.5,739.70001,715,717.40002,715.6101407713853,709.3914151932944,0,0,0,747,388.64999,,,,1,1,1,1,,,,456443,540458.5999999999
1695786300,717,724,707,718.04999,716.0981106171082,710.1785583575404,0,0,0,747,388.64999,,,,1,1,1,1,,,,163774,541309.4499999998
1695872700,719.25,731.70001,708.54999,712.79999,715.4384864936866,710.4168703250367,0,0,0,747,388.64999,,,,1,1,1,1,,,,266458,508278.1499999998
1695959100,716,719.5,702.70001,706.29999,713.6107871949492,710.0426084773061,0,0,0,747,388.64999,,,,1,1,1,1,,,,193800,440225.3999999998
1696304700,706.59998,714.95001,698.04999,701.29999,711.1486277559594,709.2478249793692,0,0,0,747,388.64999,,,,1,1,1,1,,,,138448,424472.7999999998
1696391100,700.5,700.90002,682,689.90002,706.8989062047675,707.4889336176084,0,0,0,747,388.64999,,,,1,1,1,1,,,,226541,417164.9499999999
1696477500,690.25,708,690.25,706.40002,706.799128963814,707.389941470553,0,0,0,747,388.64999,,,,1,1,1,1,,,,185834,402834.94999999995
1696563900,707.84998,714.75,693,697.09998,704.8592991710512,706.4544904277755,0,0,0,747,388.64999,,,,1,1,1,1,,,,164230,397694.19999999995
1696823100,695.04999,708.95001,676.09998,687.90002,701.467443336841,704.7677203888868,0,0,0,747,388.64999,,,,1,1,1,1,,,,254974,392625.3999999999
1696909500,693.20001,705,686.09998,687.95001,698.7639566694728,703.2388376262608,0,0,0,747,388.64999,,,,1,1,1,1,,,,168073,386680.6499999999
1696995900,692.70001,704.79999,686.09998,688.15002,696.6411693355783,701.8671269329643,0,0,0,747,388.64999,,,,1,1,1,1,,,,541405,394238.2499999999
1697082300,691.79999,703.90002,690.04999,693.20001,695.9529374684627,701.0792072117857,0,0,0,747,388.64999,,,,1,1,1,1,,,,186061,368418.9999999999
1697168700,685,692.54999,671,676.59998,692.0823459747701,698.8538229198052,0,0,0,747,388.64999,,,,1,1,1,1,,,,389203,374312.54999999993
1697427900,675.04999,692.15002,666,671.25,687.915876779816,696.3443844725502,0,0,0,747,388.64999,,,,1,1,1,1,,,,320617,364059.9999999999
1697514300,674.75,681,658,670.75,684.4827014238529,694.0176222477729,0,0,0,747,388.64999,,,,1,1,1,1,,,,666083,319144.89999999985
1697600700,674.54999,709,673.95001,693.70001,686.3261631390823,693.9887484070663,0,0,0,747,388.64999,,,,1,1,1,1,,,,1391045,360838.3999999999
1697687100,695,697.40002,681.59998,684.84998,686.0309265112658,693.1579512791511,0,0,0,747,388.64999,,,,1,1,1,1,,,,192052,353421.29999999993
1697773500,689.79999,696.95001,671.04999,675.04999,683.8347392090126,691.5117729810464,0,0,0,747,388.64999,,,,1,1,1,1,,,,296963,350906.94999999984
1698032700,671,679.15002,627.25,635.79999,674.2277893672101,686.4470654373149,0,0,0,747,388.64999,,,,1,1,1,1,,,,516687,364088.3999999998
1698205500,639,651,628.59998,644.45001,668.2722334937681,682.6291513066499,0,0,0,747,388.64999,,,,1,1,1,1,,,,304375,351153.2999999999
1698291900,639.95001,662.90002,625,658.34998,666.2877827950144,680.4219539151362,0,0,0,747,388.64999,,,,1,1,1,1,,,,336125,345137.3999999998
1698378300,669,670.75,640.04999,644.15002,661.8602302360116,677.1245053773965,0,0,0,747,388.64999,,,,1,1,1,1,,,,441117,359004.5499999998
1698637500,630,695.5,630,679.45001,665.3781861888093,677.3359148885423,0,0,0,747,388.64999,,,,1,1,1,1,,,,1769726,434167.94999999984
1698723900,682.04999,712.95001,674.95001,679.29999,668.1625469510475,677.5144671714021,0,0,0,747,388.64999,,,,1,1,1,1,,,,957057,472330.7999999998
1698810300,682.5,693.5,660.95001,664.34998,667.400033560838,676.3176956103655,0,0,0,747,388.64999,,,,1,1,1,1,,,,319800,481398.3999999998
1698896700,671,677,649,651.84998,664.2900228486703,674.093357827605,0,0,0,747,388.64999,,,,1,1,1,1,,,,269768,483559.7499999999
1698983100,656.90002,666.34998,646.5,658.09998,663.0520142789362,672.6394143887318,0,0,0,747,388.64999,,,,1,1,1,1,,,,238714,486203.7499999999
1699242300,661,671.75,655,665.79999,663.601609423149,672.0176485352107,0,0,0,747,388.64999,,,,1,1,1,1,,,,262718,491128.1499999999
1699328700,666,671.54999,655.15002,664.29999,663.7412855385192,671.3160432138279,0,0,0,747,388.64999,,,,1,1,1,1,,,,212759,489017.3999999999
1699415100,669.04999,671.20001,657.20001,662.95001,663.5830304308154,670.5554947398435,0,0,0,747,388.64999,,,,1,1,1,1,,,,172619,489244.6999999999
1699501500,664.79999,684,662,665.29999,663.9264223446523,670.077721581676,0,0,0,747,388.64999,,,,1,1,1,1,,,,499797,487164.2999999998
1699587900,658.20001,670,658.20001,661.25,663.3911378757218,669.2752014378873,0,0,0,747,388.64999,,,,1,1,1,1,,,,114297,483576.0999999998
1699793100,663,674.5,663,672.95,665.3029103005774,669.609274034443,0,0,0,747,388.64999,,,,1,1,1,1,,,,55617,466896.7999999998
1699847100,670.95001,672.25,663.84998,667.54999,665.7523262404619,669.4220663949483,0,0,0,747,388.64999,,,,1,1,1,1,,,,83520,455041.94999999984
1700019900,675,695,673.79999,689.90002,670.5818649923696,671.283698540862,0,0,0,747,388.64999,,,,1,1,1,1,,,,467428,445109.19999999984
1700106300,693,701.79999,688.04999,694.84998,675.4354879938957,673.42608776442,0,0,0,747,388.64999,,,,1,1,1,1,,,,290698,390091.84999999986
1700192700,696,701,685.5,689.65002,678.2783943951165,674.9009906949273,0,0,0,747,388.64999,,,,1,1,1,1,,,,209147,390946.59999999986
1700451900,688.04999,697.90002,683.5,687.15002,680.0527195160932,676.0145388135702,0,0,0,747,388.64999,,,,1,1,1,1,,,,155142,383855.5499999999
1700538300,690.25,707,688.20001,699.59998,683.9621716128746,678.1586698305183,0,0,0,747,388.64999,,,,1,1,1,1,,,,283521,372197.2499999999
1700624700,703,705.45001,693,701.54999,687.4797352902997,680.2851534822894,0,0,0,747,388.64999,,,,1,1,1,1,,,,179876,365972.2999999999
1700711100,704,718.95001,695,696.09998,689.2037842322397,681.7228649838994,0,0,0,747,388.64999,,,,1,1,1,1,,,,359308,367131.44999999984
1700797500,699,716.84998,698.90002,710.20001,693.4030293857918,684.3116963489995,0,0,0,747,388.64999,,,,1,1,1,1,,,,321698,361160.4999999998
1701143100,711.20001,723.90002,700,701.90002,695.1024275086335,685.9106348627269,0,0,0,747,388.64999,,,,1,1,1,1,,,,265133,285930.8499999998
1701229500,704.95001,711.59998,695.04999,697.84998,695.6519380069068,686.9960298752062,0,0,0,747,388.64999,,,,1,1,1,1,,,,192139,247684.9499999998
1701315900,699.95001,745.75,698.5,734.45001,703.4115524055254,691.3100280683693,0,0,0,747,388.64999,,,,1,1,1,1,,,,1964070,329898.4499999998
1701402300,750,781.90002,740.25,745.04999,711.7392399244203,696.195479153063,0,0,0,747,388.64999,,,,1,1,1,1,,,,1679577,400388.8999999998
1701661500,751.29999,779.5,746.09998,754.15002,720.2213959395363,701.4640737755119,0,0,0,747,388.64999,,,,1,1,1,1,,,,915340,434220.19999999984
1701747900,756,763.95001,740,746.65002,725.507120751629,705.5718870686472,0,0,0,747,388.64999,,,,1,1,1,1,,,,274282,434798.3999999998
1701834300,748.5,766.09998,744.90002,750.25,730.4556966013032,709.6335336987702,0,0,0,747,388.64999,,,,1,1,1,1,,,,381954,443258.1499999998
1701920700,755.95001,757.90002,743,745.84998,733.5345532810426,712.9259379079729,0,0,0,747,388.64999,,,,1,1,1,1,,,,220235,445638.9499999999
1702007100,747.84998,760,737.04999,748.54999,736.537640624834,716.1644880981571,0,0,0,781.90002,388.64999,,,,1,1,1,1,,,,403996,440848.8999999998
1702266300,750.29999,790,750.29999,779.65002,745.1601164998672,721.9359000892338,0,0,0,781.90002,388.64999,,,,1,1,1,1,,,,1465172,508392.6499999998
1702352700,782.95001,799.45001,772,777.65002,751.6580971998937,727.0008200811216,0,0,0,781.90002,388.64999,,,,1,1,1,1,,,,614697,536346.6499999997
1702439100,782.90002,804.70001,771,777.79999,756.886475759915,731.6189264373833,0,0,0,781.90002,388.64999,,,,1,1,1,1,,,,663931,565367.1999999997
1702525500,785.59998,798.45001,775.95001,778.34998,761.179176607932,735.8672040339848,0,0,0,781.90002,388.64999,,,,1,1,1,1,,,,361359,560063.7499999997
1702611900,783,817,783,800.34998,769.0133372863456,741.7292745763498,0,0,0,781.90002,388.64999,,,,1,1,1,1,,,,1299192,610488.4499999996
1702871100,800,814.15002,795.79999,799.70001,775.1506718290765,746.9993414330453,0,0,0,781.90002,388.64999,,,,1,1,1,1,,,,603183,630190.2499999997
1702957500,804.65002,806.09998,791.75,798.09998,779.7405334632612,751.6448540300412,0,0,0,781.90002,388.64999,,,,1,1,1,1,,,,173848,631125.5499999996
1703043900,801,809.75,761.09998,770.95001,777.982428770609,753.3998682091284,0,0,0,781.90002,388.64999,,,,1,1,1,1,,,,343190,634108.9999999997
1703130300,758.90002,779.79999,748.25,776.25,777.6359430164872,755.4771529173894,0,0,0,781.90002,388.64999,,,,1,1,1,1,,,,220655,636147.9499999996
1703216700,780.90002,814.70001,780.90002,811.70001,784.4487564131898,760.5883217430812,0,0,0,817,388.64999,,,,1,1,1,1,,,,887892,662577.1499999997
1703562300,813,829.90002,806.34998,823.84998,792.3290011305519,766.3393815846193,0,0,0,817,388.64999,,,,1,1,1,1,,,,523146,672649.5499999996
1703648700,824.5,842,821.54999,834.34998,800.7331969044415,772.5221632587449,0,0,0,817,388.64999,,,,1,1,1,1,,,,435572,681171.4999999997
1703735100,840.5,842.70001,822.04999,834.84998,807.5565535235531,778.1883284170408,0,0,0,817,388.64999,,,,1,1,1,1,,,,302795,686704.2999999996
1703821500,833,843.95001,827,836.59998,813.3652388188425,783.4984785609462,0,0,0,817,388.64999,,,,1,1,1,1,,,,219437,599472.6499999997
1704080700,835,837,826,829.04999,816.502189055074,787.6395250554057,0,0,0,817,388.64999,,,,1,1,1,1,,,,111419,521064.74999999965
1704167100,833.5,841.04999,799.29999,819.15002,817.0317552440592,790.5041155049142,0,0,0,817,388.64999,,,,1,1,1,1,,,,732411,511918.29999999964
1704253500,818,844,815,826.79999,818.9854021952474,793.8037404590129,0,0,0,817,388.64999,,,,1,1,1,1,,,,568706,526639.4999999997
1704339900,828,846.79999,817,818.59998,818.9083177561979,796.0579440536482,0,0,0,817,388.64999,,,,1,1,1,1,,,,236926,519388.0999999995
1704426300,824.09998,827.34998,814,822.5,819.6266542049583,798.4617673214983,0,0,0,817,388.64999,,,,1,1,1,1,,,,207583,518755.49999999965
1704685500,822.5,825,800,807.54999,817.2113213639666,799.2879693831803,0,0,0,817,388.64999,,,,1,1,1,1,,,,196374,508374.39999999956
1704771900,814.90002,827,812.15002,823.54999,818.4790550911732,801.493607621073,0,0,0,817,388.64999,,,,1,1,1,1,,,,160460,443138.79999999964
1704858300,824,830.90002,806,811.70001,817.1232460729386,802.4214623827936,0,0,0,817,388.64999,,,,1,1,1,1,,,,215352,423171.5499999995
1704944700,814,821.59998,807,808.65002,815.4286008583509,802.9876948934487,0,0,0,846.79999,388.64999,,,,1,1,1,1,,,,202474,400098.69999999955
1705031100,815.5,837.45001,814,816.70001,815.6828826866807,804.2342689940443,0,0,0,846.79999,388.64999,,,,1,1,1,1,,,,604755,412268.49999999953
1705290300,823,840,819.95001,831.34998,818.8163021493446,806.6993336309494,0,0,0,846.79999,388.64999,,,,1,1,1,1,,,,359406,365279.1999999995
1705376700,834,857.95001,831,853.79999,825.8130397194757,810.9812114826813,0,0,0,846.79999,388.64999,,,,1,1,1,1,,,,892118,379725.9499999995
1705463100,854.90002,865.54999,843,857.5,832.1504317755805,815.210192256983,0,0,0,846.79999,388.64999,,,,1,1,1,1,,,,435387,392802.8999999995
1705549500,850,869.20001,842.70001,866.20001,838.9603474204644,819.8456302336209,0,0,0,846.79999,388.64999,,,,1,1,1,1,,,,469876,399137.1999999995
1705635900,870,956.29999,870,923.75,855.9182779363715,829.2914820305645,0,0,0,846.79999,388.64999,,,,1,1,1,1,,,,3767825,576495.6999999995
1705722300,929,970,928.29999,941.04999,872.9446203490972,839.4513463914222,0,0,0,846.79999,388.64999,,,,1,1,1,1,,,,731707,568686.4499999995
1705981500,946.45001,948.15002,885.5,892.84998,876.9256922792778,844.3057676285657,0,0,0,846.79999,388.64999,,,,1,1,1,1,,,,534832,569270.7499999995
1706067900,887.25,924.40002,887.25,915.15002,884.5705578234222,850.7461542077871,0,0,0,846.79999,388.64999,,,,1,1,1,1,,,,480174,571500.8499999995
1706154300,918.09998,934,895.45001,910.40002,889.7364502587377,856.16923291617,0,0,0,846.79999,388.64999,,,,1,1,1,1,,,,364742,574598.1999999996
1706499900,915,919.25,871,881.45001,888.0791622069902,858.4674853783364,0,0,0,846.79999,388.64999,,,,1,1,1,1,,,,571424,592197.5499999996
1706586300,886.95001,890,866,878.79999,886.2233277655921,860.3158948893968,0,0,0,970,388.64999,,,,1,1,1,1,,,,379057,605579.4499999996
1706672700,880,905,877.95001,900.75,889.1286622124737,863.9917226267244,0,0,0,970,388.64999,,,,1,1,1,1,,,,491915,593554.6499999997
1706759100,900.45001,900.5,877,879.54999,887.2129277699789,865.4061105697494,0,0,0,970,388.64999,,,,1,1,1,1,,,,167518,573495.2499999997
1706845500,886,900,883.29999,894.95001,888.7603442159832,868.0919196088631,0,0,0,970,388.64999,,,,1,1,1,1,,,,194235,571360.6999999996
1707104700,891,936,891,928.40002,896.6882793727866,873.5744741898756,0,0,0,970,388.64999,,,,1,1,1,1,,,,949929,608477.9999999997
1707191100,930,963,930,947.40002,906.8306274982293,880.2858874453415,0,0,0,970,388.64999,,,,1,1,1,1,,,,900135,643666.0499999996
1707277500,954,1011,953.04999,1005.65,926.5945019985835,891.6826249503105,0,0,0,970,388.64999,,,,1,1,1,1,,,,1891039,730194.9999999997
1707363900,1006.75,1058,1006.75,1048.95,951.0656015988668,905.9796590457368,0,0,0,970,388.64999,,,,1,1,1,1,,,,1164615,777658.1499999997
1707450300,1056.4,1057.25,990,1000.05,960.8624812790935,914.531508223397,0,0,0,970,388.64999,,,,1,1,1,1,,,,576176,796343.2499999997
1707709500,1006.35,1024.6,932.04999,944.95001,957.6799870232747,917.2968265667246,0,0,0,970,388.64999,,,,1,1,1,1,,,,521807,792195.8499999996
1707795900,950,955.29999,915.09998,940.20001,954.1839916186198,919.3789341515678,0,0,0,970,388.64999,,,,1,1,1,1,,,,220423,785246.6999999996
1707882300,920,941.15002,916.59998,922.84998,947.9171892948958,919.6944837741526,0,0,0,970,388.64999,,,,1,1,1,1,,,,190601,750170.8499999996
1707968700,930.90002,942.75,898,905.29999,939.3937494359167,918.3858934310477,0,0,0,1058,388.64999,61.549999,43.799999,,1,1,1,1,,,,348548,745828.8999999997
1708055100,914.40002,937.79999,908.25,931.5,937.8149995487333,919.5780849373161,0,0,0,1058,388.64999,61.549999,43.799999,,1,1,1,1,,,,234512,734060.6999999996
1708314300,936,946.70001,902,908.84998,932.0219956389867,918.6028026702874,0,0,0,1058,388.64999,61.549999,43.799999,,1,1,1,1,,,,298599,560599.3999999997
1708400700,915,919.5,893.54999,899.84998,925.5875925111893,916.8980006093522,0,0,0,1058,388.64999,61.549999,43.799999,,1,1,1,1,,,,165471,532287.5999999996
1708487100,906,916.29999,895,902.09998,920.8900700089514,915.552726008502,0,0,0,1058,388.64999,61.549999,43.799999,,1,1,1,1,,,,177858,514438.8999999996
1708573500,908.75,911,884.75,893.70001,915.4520580071611,913.5661154622745,0,0,0,1058,388.64999,61.549999,43.799999,,1,1,1,1,,,,240512,502455.79999999964
1708659900,901,960,900.29999,952.79999,922.9216444057289,917.1328313293404,0,0,0,1058,388.64999,61.549999,43.799999,,1,1,1,1,,,,1583060,563371.6999999996
1708919100,958,995,952.84998,983.20001,934.9773175245831,923.1389384812186,0,0,0,1058,388.64999,61.549999,43.799999,,1,1,1,1,,,,928743,581237.6499999997
1709005500,981.95001,1081.2,980.65002,1058.7,959.7218540196665,935.4626713465624,0,0,0,1058,388.64999,61.549999,43.799999,,1,1,1,1,,,,5241913,824380.4499999996
1709091900,1061,1084,1052.7,1061.45,980.0674832157332,946.9160648605113,0,0,0,1058,388.64999,61.549999,43.799999,,1,1,1,1,,,,1371046,868336.9999999997
1709178300,1058.8,1119,1055.05,1106.05,1005.2639865725865,961.3827862368285,0,0,0,1058,388.64999,61.549999,43.799999,,1,1,1,1,,,,2751707,997546.4499999996
1709264700,1117.8,1130,1078,1115,1027.2111892580692,975.3479874880259,0,0,0,1058,388.64999,61.549999,43.799999,,1,1,1,1,,,,933421,1034505.7499999997
1709351100,1121,1133.1,1088,1097.55,1041.2789514064555,986.4572613527508,0,0,0,1058,388.64999,61.549999,43.799999,,1,1,1,1,,,,98463,991932.4499999996
1709523900,1097.5,1134.6,1096,1112.7,1055.5631611251645,997.9338739570462,0,0,0,1058,388.64999,61.549999,43.799999,,1,1,1,1,,,,699227,981887.0499999996
1709610300,1113,1115.3,1084,1089.75,1062.4005289001316,1006.2807945064056,0,0,0,1058,388.64999,61.549999,43.799999,,1,1,1,1,,,,337669,904218.5499999996
1709696700,1099,1104.3,1065.05,1075.45,1065.0104231201053,1012.5689040967324,0,0,0,1058,388.64999,61.549999,43.799999,,1,1,1,1,,,,522179,872096.7499999997
1709783100,1077.6,1107,1077,1090.45,1070.0983384960844,1019.6490037243021,0,0,0,1058,388.64999,61.549999,43.799999,,1,1,1,1,,,,356458,861110.8499999996
1710128700,1090.9,1126.55,1085.6,1092.05,1074.4886707968674,1026.2309124766382,0,0,0,1058,388.64999,61.549999,43.799999,,1,1,1,1,,,,470241,858532.5499999996
1710215100,1094,1130,1094,1117.9,1083.170936637494,1034.564465887853,0,0,0,1134.6,388.64999,61.549999,43.799999,,1,1,1,1,,,,969808,896001.7999999996
1710301500,1120.05,1195,1055.3,1129.75,1092.486749309995,1043.2176962616845,0,0,0,1134.6,388.64999,61.549999,43.799999,,1,1,1,1,,,,5162918,1144617.6499999997
1710387900,1132,1182.95,1102.25,1173.1,1108.609399447996,1055.0251784197133,0,0,0,1134.6,388.64999,61.549999,43.799999,,1,1,1,1,,,,1673455,1210862.9999999998
1710474300,1179.6,1199,1101,1119.25,1110.7375195583968,1060.8637985633757,0,0,0,1134.6,388.64999,61.549999,43.799999,,1,1,1,1,,,,814800,1239877.4
1710733500,1120,1143.35,1089,1099.25,1108.4400156467175,1064.3534532394324,0,0,0,1134.6,388.64999,61.549999,43.799999,,1,1,1,1,,,,595325,1254713.6999999997
1710819900,1103.7,1108.05,1035.95,1052.65,1097.282012517374,1063.2895029449385,0,0,0,1134.6,388.64999,61.549999,43.799999,,1,1,1,1,,,,692736,1281076.9499999997
1710906300,1052.5,1060,1005.8,1013.2,1080.465610013899,1058.7359117681258,0,0,0,1134.6,388.64999,61.549999,43.799999,,1,1,1,1,,,,704773,1307422.6999999997
1710992700,1025.8,1108,1025,1093.95,1083.1624880111192,1061.937192516478,0,0,0,1134.6,388.64999,61.549999,43.799999,,1,1,1,1,,,,2039864,1397390.2999999996
1711079100,1078.25,1105,1060.35,1097.45,1086.0199904088954,1065.1656295604346,0,0,0,1199,388.64999,61.549999,43.799999,,1,1,1,1,,,,782042,1357339.3999999997
1711424700,1097,1134,1083,1100.7,1088.9559923271163,1068.3960268731223,0,0,0,1199,388.64999,61.549999,43.799999,,1,1,1,1,,,,778843,1349844.3999999997
1711511100,1101.05,1138,1083.25,1127.75,1096.7147938616931,1073.7918426119293,0,0,0,1199,388.64999,61.549999,43.799999,,1,1,1,1,,,,652121,1120354.7999999996
1711597500,1131,1145.9,1090,1096.8,1096.7318350893545,1075.883493283572,0,0,0,1199,388.64999,61.549999,43.799999,,1,1,1,1,,,,359382,1069771.5999999994
1711943100,1104.75,1125.4,1076.55,1080.15,1093.4154680714837,1076.2713575305202,0,0,0,1199,388.64999,61.549999,43.799999,,1,1,1,1,,,,341062,949239.3499999994
1712029500,1086.9,1089.9,1054,1085.55,1091.842374457187,1077.114870482291,0,0,0,1199,388.64999,61.549999,43.799999,,1,1,1,1,,,,453565,925246.5499999995
1712115900,1081.95,1118.85,1078.75,1097.1,1092.8938995657495,1078.9317004384463,0,0,0,1199,388.64999,61.549999,43.799999,,1,1,1,1,,,,393664,940006.5999999993
1712202300,1103,1128.65,1086.1,1114.75,1097.2651196525997,1082.1879094894966,0,0,0,1199,388.64999,61.549999,43.799999,,1,1,1,1,,,,452045,927647.4999999993
1712288700,1118,1124,1075,1080.05,1093.8220957220797,1081.9935540813606,0,0,0,1199,388.64999,61.549999,43.799999,,1,1,1,1,,,,508321,936180.0999999993
1712547900,1081,1088.65,1033.4,1046.3,1084.3176765776636,1078.7486855285097,0,0,0,1199,388.64999,61.549999,43.799999,,1,1,1,1,,,,333355,926738.8999999991
1712634300,1049.05,1062.85,1025,1030,1073.4541412621309,1074.3169868440998,0,0,0,1199,388.64999,61.549999,43.799999,,1,1,1,1,,,,386685,928250.2499999991
1712720700,1033.55,1042,1001,1008.4,1060.4433130097048,1068.3245334946362,0,0,0,1199,388.64999,61.549999,43.799999,,1,1,1,1,,,,303262,919901.2999999991
1712893500,1007,1017.6,988.09998,996.40002,1047.6346544077637,1061.78594135876,0,0,0,1199,388.64999,61.549999,43.799999,,1,1,1,1,,,,723711,907596.449999999
1713152700,987.79999,1050,963,1022.4,1042.587723526211,1058.2054012352364,0,0,0,1199,388.64999,61.549999,43.799999,,1,1,1,1,,,,1797516,739326.3499999989
1713239100,1021.8,1054,1012.8,1040.45,1042.160178820969,1056.591273850215,0,0,0,1199,388.64999,61.549999,43.799999,,1,1,1,1,,,,619287,686617.949999999
1713411900,1026.25,1045.45,1005,1011.3,1035.988143056775,1052.4738853183771,0,0,0,1199,388.64999,61.549999,43.799999,,1,1,1,1,,,,387717,665263.7999999991
1713498300,994,1008.7,982.25,999.75,1028.74051444542,1047.6808048348882,0,0,0,1199,388.64999,61.549999,43.799999,,1,1,1,1,,,,253736,648184.3499999992
1713757500,1000.95,1016.55,992.54999,998.54999,1022.7024095563361,1043.2143671226256,0,0,0,1199,388.64999,61.549999,43.799999,,1,1,1,1,,,,272237,627159.3999999991
1713843900,1006.4,1011,992,994.5,1017.0619276450689,1038.785788293296,0,0,0,1199,388.64999,61.549999,43.799999,,1,1,1,1,,,,137510,598796.2499999991
1713930300,1002.9,1037,998,1028.65,1019.3795421160551,1037.8643529939054,0,0,0,1199,388.64999,61.549999,43.799999,,1,1,1,1,,,,327971,513201.599999999
1714016700,1030,1059,1022.65,1049.35,1025.3736336928441,1038.9085027217322,0,0,0,1199,388.64999,61.549999,43.799999,,1,1,1,1,,,,487262,498462.59999999905
1714103100,1051.75,1058,1033.7,1041.5,1028.5989069542752,1039.144093383393,0,0,0,1199,388.64999,61.549999,43.799999,,1,1,1,1,,,,238415,471441.1999999991
1714362300,1043,1101,1040,1093.2,1041.5191255634202,1044.0582667121755,0,0,0,1199,388.64999,61.549999,43.799999,,1,1,1,1,,,,1571505,517410.39999999915
1714448700,1093.2,1107.5,1077,1079.75,1049.1653004507361,1047.3029697383413,0,0,0,1199,388.64999,61.549999,43.799999,,1,1,1,1,,,,247538,511818.1999999991
1714621500,1085,1085.4,1057,1061.7,1051.6722403605888,1048.6117906712193,0,0,0,1199,388.64999,61.549999,43.799999,,1,1,1,1,,,,303715,509950.84999999905
1714707900,1071,1072,1026.8,1049.8,1051.297792288471,1048.7198097011085,0,0,0,1199,388.64999,61.549999,43.799999,,1,1,1,1,,,,309861,502765.64999999915
1714967100,1053,1056,1020.4,1048.15,1050.668233830777,1048.6680088191895,0,0,0,1199,388.64999,61.549999,43.799999,,1,1,1,1,,,,240189,495091.89999999915
1715053500,1040,1052.65,996.25,1031.05,1046.7445870646216,1047.0663716538086,0,0,0,1199,388.64999,61.549999,43.799999,,1,1,1,1,,,,402644,492621.84999999916
1715139900,1024.85,1052.05,1017.05,1041.85,1045.7656696516972,1046.5921560489169,0,0,0,1199,388.64999,61.549999,43.799999,,1,1,1,1,,,,162074,475309.49999999924
1715226300,1049.9,1073.5,1019.65,1024.8,1041.5725357213578,1044.6110509535608,0,0,0,1199,388.64999,61.549999,43.799999,,1,1,1,1,,,,913568,504320.14999999915
1715312700,930,948,864,874.95001,1008.2480305770862,1029.1873199577826,1,0,0,1199,388.64999,61.549999,43.799999,,2,1,1,1,1,,,3863723,678172.05
1715571900,880,885,852.04999,880.90002,982.7784284616689,1015.706656325257,0,0,0,1199,388.64999,61.549999,43.799999,,2,1,1,1,,,,901697,708093.8
1715658300,882.79999,888.65002,875.34998,880.20001,962.2627447693351,1003.3878702956881,0,0,0,1199,388.64999,61.549999,43.799999,,2,1,1,1,,,,277860,685801.25
1715744700,880.95001,892.5,875.25,880.20001,945.850197815468,992.188973905171,0,0,0,1199,388.64999,61.549999,43.799999,,2,1,1,1,,,,272428,609546.85
1715831100,884,893,877,878.34998,932.3501542523744,981.8399744592464,0,0,0,1199,388.64999,61.549999,43.799999,,2,1,1,1,,,,203364,588750.7
1715917500,884.75,894,876.04999,890.75,924.0301234018996,973.559067690224,0,0,0,1199,388.64999,61.549999,43.799999,,2,1,1,1,,,,266543,582691.9999999999
1716003900,893.20001,904.75,891,901.70001,919.5641007215197,967.0264260820218,0,0,0,1199,388.64999,61.549999,43.799999,,2,1,1,1,,,,61785,573094.45
1716263100,901.70001,916.59998,886.95001,895.45001,914.7412825772158,960.5194791654743,0,0,0,1199,388.64999,61.549999,43.799999,,2,1,1,1,,,,355227,577243.95
1716349500,895.45001,906.45001,889.40002,895.95001,910.9830280617726,954.6495274231585,0,0,0,1199,388.64999,61.549999,43.799999,,2,1,1,1,,,,319449,586340.9
1716435900,897.34998,905,894.59998,899.90002,908.7664264494181,949.6722994755986,0,0,0,1199,388.64999,61.549999,43.799999,,2,1,1,1,,,,169132,578398.95
1716522300,895,903.65002,894.84998,896.34998,906.2831371595345,944.8248158869078,0,0,0,1199,388.64999,61.549999,43.799999,,2,1,1,1,,,,177486,562910.15
1716781500,901.90002,905.45001,889.65002,897.45001,904.5165117276276,940.5180153517343,0,0,0,1199,388.64999,61.549999,43.799999,,2,1,1,1,,,,136576,557818.2
1716867900,890,902.95001,890,896.20001,902.8532113821021,936.489105774304,0,0,0,1199,388.64999,61.549999,43.799999,,2,1,1,1,,,,349286,496707.25
1716954300,896,902.40002,888.20001,894.95001,901.2725711056817,932.7128243402764,0,0,0,1199,388.64999,61.549999,43.799999,,2,1,1,1,,,,399577,504309.1999999999
1717040700,892,902.79999,884.59998,890,899.0180568845453,928.8298403093421,0,0,0,1199,388.64999,61.549999,43.799999,,2,1,1,1,,,,137099,495978.3999999999
1717127100,890,937.90002,889.15002,918.29999,902.8744435076362,927.872581190311,0,0,0,1199,388.64999,61.549999,43.799999,,2,1,1,1,,,,431328,502051.7499999998
1717386300,930,930,900.84998,906.20001,903.539556806109,925.9023474457373,0,0,0,1199,388.64999,61.549999,43.799999,,2,1,1,1,,,,226900,501387.29999999993
1717472700,912.95001,912.95001,813.34998,879.70001,898.7716474448872,921.7021349506703,0,0,0,1199,388.64999,61.549999,43.799999,,2,1,1,1,,,,775960,520053.0999999999
1717559100,893.84998,912,869,902.09998,899.4373139559098,919.9201208642456,0,0,0,1199,388.64999,61.549999,43.799999,,2,1,1,1,,,,176268,520762.79999999993
1717645500,906.59998,961.79999,906.59998,916.79999,902.9098491647278,919.6364726038597,0,0,0,1199,388.64999,61.549999,43.799999,,2,1,1,1,,,,707196,510444.1999999999
1717731900,916.5,967.34998,916.40002,952.34998,912.7978753317823,922.6104278216907,0,0,0,1199,388.64999,61.549999,43.799999,,2,1,1,1,,,,426279,338571.9999999999
1717991100,953.09998,1039.7,953,1004.7,931.1783002654258,930.073116201537,0,0,0,1199,388.64999,61.549999,43.799999,,2,1,1,1,,,,1379523,362463.29999999993
1718077500,1001,1028.65,990.04999,1019.25,948.7926402123406,938.1801056377609,0,0,1,1199,388.64999,61.549999,43.799999,,1,1,1,1,,,1,426321,369886.35
1718163900,1019.5,1056.6,1019.5,1042.6,967.5541121698725,947.6728233070554,0,0,0,1199,388.64999,61.549999,43.799999,,1,1,1,1,,,,479676,380248.75
1718250300,1043.15,1117,1042.9,1064.8,987.003289735898,958.3207484609594,0,0,0,1199,388.64999,61.549999,43.799999,,1,1,1,1,,,,1463765,443268.8
1718336700,1068.05,1093,1059.4,1075.4,1004.6826317887184,968.9643167826904,0,0,0,1199,388.64999,61.549999,43.799999,,1,1,1,1,,,,673858,463634.55
1718682300,1075,1075,1047,1053.05,1014.3561054309747,976.6084698024458,0,0,0,1199,388.64999,61.549999,43.799999,,1,1,1,1,,,,243444,472717.5
1718768700,1046.7,1070,1046.7,1057.85,1023.0548843447798,983.9940634567689,0,0,0,1199,388.64999,61.549999,43.799999,,1,1,1,1,,,,273452,468628.75
1718855100,1057.85,1058.85,1028.65,1033.05,1025.0539074758237,988.4536940516081,0,0,0,1199,388.64999,61.549999,43.799999,,1,1,1,1,,,,178983,461605.45
1718941500,1040,1058.85,1037.75,1044.25,1028.893125980659,993.5260855014619,0,0,0,1199,388.64999,61.549999,43.799999,,1,1,1,1,,,,389992,472648.45
1719200700,1044,1075,1042.65,1066,1036.3145007845274,1000.1146231831472,0,0,0,1199,388.64999,61.549999,43.799999,,1,1,1,1,,,,1052667,516407.5
1719287100,1074,1118.5,1070.1,1075.45,1044.141600627622,1006.963293802861,0,0,0,1199,388.64999,61.549999,43.799999,,1,1,1,1,,,,1104611,564809.2500000001
1719373500,1084,1087.95,1044.05,1057.6,1046.8332805020975,1011.5666307298736,0,0,0,1199,388.64999,61.549999,43.799999,,1,1,1,1,,,,293814,562035.6500000001
1719459900,1059,1059,1016,1027.4,1042.946624401678,1013.0060279362488,0,0,0,1199,388.64999,61.549999,43.799999,,1,1,1,1,,,,277549,555934.2500000001
1719546300,1028,1075,1028,1068.1,1047.9772995213425,1018.0145708511352,0,0,0,1199,388.64999,61.549999,43.799999,,1,1,1,1,,,,479229,573040.7500000001
1719805500,1072.5,1143.15,1070,1084.5,1055.281839617074,1024.0587007737593,0,0,0,1199,388.64999,61.549999,43.799999,,1,1,1,1,,,,1707979,636873.3
1719891900,1092.1,1115,1083.05,1089.4,1062.1054716936592,1029.9988188852358,0,0,0,1199,388.64999,61.549999,43.799999,,1,1,1,1,,,,498546,650455.6000000001
1719978300,1090,1097.95,1079.5,1093,1068.2843773549273,1035.726198986578,0,0,0,1199,388.64999,61.549999,43.799999,,1,1,1,1,,,,173001,620307.6500000001
1720064700,1102.6,1102.6,1080,1097.4,1074.107501883942,1041.3329081696165,0,0,0,1199,388.64999,61.549999,43.799999,,1,1,1,1,,,,179691,620478.8
1720151100,1097.4,1103.3,1081.3,1085.45,1076.3760015071537,1045.3435528814696,0,0,0,1199,388.64999,61.549999,43.799999,,1,1,1,1,,,,93725,589805.2500000001
1720410300,1080,1097.35,1072.3,1081.7,1077.440801205723,1048.6486844376996,0,0,0,1199,388.64999,61.549999,43.799999,,1,1,1,1,,,,264475,581715.05
1720496700,1077.1,1089.35,1077.1,1080.65,1078.0826409645783,1051.5578949433632,0,0,0,1199,388.64999,61.549999,43.799999,,1,1,1,1,,,,113785,518428.1500000001
1720583100,1075.6,1087.15,1059,1060.7,1074.6061127716628,1052.3889954030574,0,0,0,1199,388.64999,61.549999,43.799999,,1,1,1,1,,,,232851,508754.6500000001
1720669500,1066.7,1070.4,1061.5,1064.8,1072.6448902173302,1053.517268548234,0,0,0,1199,388.64999,61.549999,43.799999,,1,1,1,1,,,,61529,487847.30000000016
1720755900,1069,1115,1069,1082.65,1074.6459121738642,1056.1656986802127,0,0,0,1199,388.64999,61.549999,43.799999,,1,1,1,1,,,,575586,443438.3500000002
1721015100,1090,1109,1081,1083,1076.3167297390914,1058.6051806183752,0,0,0,1199,388.64999,61.549999,43.799999,,1,1,1,1,,,,169051,418198.0000000002
1721101500,1089,1122,1084.3,1092,1079.4533837912732,1061.6410732894321,0,0,0,1199,388.64999,61.549999,43.799999,,1,1,1,1,,,,465926,429322.1000000002
1721274300,1078,1097,1062,1074.1,1078.3827070330185,1062.7737029903928,0,0,0,1199,388.64999,61.549999,43.799999,,1,1,1,1,,,,299961,430647.5500000003
1721360700,1082,1115,1063,1070.75,1076.8561656264148,1063.498820900357,0,0,0,1199,388.64999,61.549999,43.799999,,1,1,1,1,,,,968553,470126.0500000003
1721619900,1071,1074,1008,1022.7,1066.0249325011318,1059.7898371821427,0,0,0,1199,388.64999,61.549999,43.799999,,1,1,1,1,,,,410434,471148.15000000026
1721706300,1022.7,1022.9,975.95001,991.59998,1051.1399420009054,1053.5907592564934,0,0,0,1199,388.64999,61.549999,43.799999,,1,1,1,1,,,,486415,442835.5500000003
1721792700,997,1012.95,991.95001,992.95001,1039.5019556007244,1048.0779638695394,0,0,0,1199,388.64999,61.549999,43.799999,,1,1,1,1,,,,104157,392812.85000000027
1721879100,984.59998,1008,977,996.90002,1030.9815684805794,1043.4254235177632,0,0,0,1199,388.64999,61.549999,43.799999,,1,1,1,1,,,,303866,393315.4500000003
1721965500,996.90002,1006.4,988.79999,1000.05,1024.7952547844636,1039.4822031979666,0,0,0,1199,388.64999,61.549999,43.799999,,1,1,1,1,,,,222765,390576.2500000003
1722224700,963.95001,1000,960,995.45001,1018.9262058275709,1035.479276543606,0,0,0,1199,388.64999,61.549999,43.799999,,1,1,1,1,,,,687927,401011.15000000026
1722311100,1004.15,1004.15,976.20001,981.25,1011.3909646620567,1030.549342312369,0,0,0,1199,388.64999,61.549999,43.799999,,1,1,1,1,,,,249099,328067.15000000026
1722397500,981,996,961.29999,969.54999,1003.0227697296453,1025.003946647608,0,0,0,1199,388.64999,61.549999,43.799999,,1,1,1,1,,,,189670,312623.35000000027
1722483900,975,984.34998,950,955.45001,993.5082177837163,1018.6808614978255,0,0,0,1199,388.64999,61.549999,43.799999,,1,1,1,1,,,,221650,315055.8000000003
1722570300,943,959.5,943,946.15002,984.036578226973,1012.0871486343868,0,0,0,1199,388.64999,61.549999,43.799999,,1,1,1,1,,,,127858,312464.15000000026
1722829500,935.04999,935.04999,890.09998,900.79999,967.3892605815784,1001.970134213079,0,0,0,1199,388.64999,61.549999,43.799999,,1,1,1,1,,,,267951,321175.45000000024
1722915900,905,933.95001,905,917.20001,957.3514104652627,994.2637592846172,0,0,0,1199,388.64999,61.549999,43.799999,,1,1,1,1,,,,128457,314374.5500000002
1723002300,926.59998,945.45001,918,943.75,954.6311283722101,989.671599349652,0,0,0,1199,388.64999,61.549999,43.799999,,1,1,1,1,,,,122724,314821.5000000002
1723088700,949.95001,953,930.29999,935.95001,950.8949046977681,984.7878184996836,0,0,0,1199,388.64999,61.549999,43.799999,,1,1,1,1,,,,166015,311479.7000000002
1723175100,944.84998,948.79999,934,937.90002,948.2959277582145,980.5252913633487,0,0,0,1199,388.64999,61.549999,43.799999,,1,1,1,1,,,,161002,316453.3500000002
1723434300,937.90002,949,922.84998,929.15002,944.4667462065715,975.8548121484988,0,0,0,1199,388.64999,61.549999,43.799999,,1,1,1,1,,,,182275,296787.8000000002
1723520700,922.25,946.75,922.25,942.65002,944.1034009652573,972.8361946804534,0,0,0,1199,388.64999,61.549999,43.799999,,1,1,1,1,,,,187550,297712.75000000023
1723607100,953,953,931.54999,942.84998,943.8527167722058,970.1101751640485,0,0,0,1199,388.64999,61.549999,43.799999,,1,1,1,1,,,,120549,280443.90000000026
1723779900,948.04999,974,945,953.79999,945.8421714177646,968.627431058226,0,0,0,1199,388.64999,61.549999,43.799999,,1,1,1,1,,,,169734,273932.5500000003
1724039100,959,996.29999,958.5,989.90002,954.6537411342117,970.5613027802054,0,0,0,1199,388.64999,61.549999,43.799999,,1,1,1,1,,,,295030,240256.40000000029
1724125500,996,1014.85,990,995.5,962.8229929073693,972.828457072914,0,0,0,1199,388.64999,61.549999,43.799999,,1,1,1,1,,,,199454,229707.40000000029
1724211900,995.65002,1011,981.70001,983.84998,967.0283903258954,973.8304137026491,0,0,0,1199,388.64999,61.549999,43.799999,,1,1,1,1,,,,91999,209986.60000000027
1724298300,981,992.09998,978,982.20001,970.0627142607163,974.5912860933174,0,0,0,1199,388.64999,61.549999,43.799999,,1,1,1,1,,,,107720,210164.7500000003
1724384700,983,991,977,982.25,972.5001714085731,975.2875328121067,0,0,0,1199,388.64999,61.549999,43.799999,,1,1,1,1,,,,121345,201038.70000000027
1724643900,989,994,974.70001,983.15002,974.6301411268585,976.0023043746424,0,0,0,1199,388.64999,61.549999,43.799999,,1,1,1,1,,,,76350,193717.95000000024
1724730300,983.15002,987,968,971.34998,973.9741089014867,975.5793657951295,0,0,0,1199,388.64999,61.549999,43.799999,,1,1,1,1,,,,101504,164396.80000000022
1724816700,977.20001,1039.05,972.09998,981.95001,975.5692891211894,976.1585152682995,0,0,0,1199,388.64999,61.549999,43.799999,,1,1,1,1,,,,955105,199697.10000000024
1724903100,985.95001,1013.95,979.45001,993.54999,979.1654292969515,977.7395584257268,0,0,0,1199,388.64999,61.549999,43.799999,,1,1,1,1,,,,417212,211074.20000000024
1724989500,993.54999,999.20001,983.34998,993,981.9323434375613,979.1268712961153,0,0,0,1199,388.64999,61.549999,43.799999,,1,1,1,1,,,,90481,204515.75000000026
1725248700,995,998.09998,981.34998,989,983.345874750049,980.0244284510139,0,0,0,1199,388.64999,61.549999,43.799999,,1,1,1,1,,,,83544,202300.05000000022
1725335100,981,996,981,983.45001,983.3667018000392,980.3358449554672,0,0,0,1199,388.64999,61.549999,43.799999,,1,1,1,1,,,,84439,193124.45000000024
1725421500,975,994.95,975,984,983.4933614400313,980.6689499595157,0,0,0,1199,388.64999,61.549999,43.799999,,1,1,1,1,,,,100700,191736.60000000027
1725507900,988.95001,993.5,984,988,984.3946891520251,981.3354090541052,0,0,0,1199,388.64999,61.549999,43.799999,,1,1,1,1,,,,70994,189150.10000000024
1725594300,988,1024,985.59998,996.29999,986.7757493216201,982.695825503732,0,0,0,1199,388.64999,61.549999,43.799999,,1,1,1,1,,,,481339,204916.30000000028
1725853500,996.2,996.3,981,984.35,986.290599457296,982.8462050033927,0,0,0,1199,388.64999,61.549999,43.799999,,1,1,1,1,,,,76550,200693.70000000024
1725939900,990.3,1003.95,983.35,998.75,988.7824795658369,984.2920045485388,0,0,0,1199,388.64999,61.549999,43.799999,,1,1,1,1,,,,147841,198972.00000000023
1726026300,1003,1029,985.7,990.35,989.0959836526695,984.8427314077626,0,0,0,1199,388.64999,61.549999,43.799999,,1,1,1,1,,,,351184,207153.70000000024
1726112700,1000,1007.2,991.05,999.5,991.1767869221355,986.1752103706932,0,0,0,1199,388.64999,61.549999,43.799999,,1,1,1,1,,,,258472,214049.85000000024
1726199100,1020,1040.5,981.05,985.8,990.1014295377084,986.1411003369939,0,0,0,1199,388.64999,61.549999,43.799999,,1,1,1,1,,,,226839,216905.10000000027
1726458300,988.95,1000.75,975.9,994.5,990.9811436301668,986.901000306358,0,0,0,1199,388.64999,61.549999,43.799999,,1,1,1,1,,,,236949,214001.05000000028
1726544700,1001,1001,980,991.3,991.0449149041334,987.3009093694163,0,0,0,1199,388.64999,61.549999,43.799999,,1,1,1,1,,,,92095,208633.10000000027
1726631100,994.95,998.1,976,985.25,989.8859319233068,987.1144630631057,0,0,0,1199,388.64999,61.549999,43.799999,,1,1,1,1,,,,101766,209121.45000000027
1726717500,993,1000,977.35,982.9,988.4887455386454,986.7313300573688,0,0,0,1199,388.64999,61.549999,43.799999,,1,1,1,1,,,,166539,212062.40000000029
1726803900,982.95,995.15,977.05,981.2,987.0309964309163,986.2284818703353,0,0,0,1199,388.64999,61.549999,43.799999,,1,1,1,1,,,,82019,210096.10000000027
1727063100,983,983,972.5,977.25,985.074797144733,985.4122562457593,0,0,0,1199,388.64999,61.549999,43.799999,,1,1,1,1,,,,64822,209519.70000000027
1727149500,977.25,1015,977.25,998.4,987.7398377157864,986.5929602234175,0,0,0,1199,388.64999,61.549999,43.799999,,1,1,1,1,,,,435459,226217.45000000027
1727235900,999.95,1025,992.7,1012.4,992.6718701726292,988.9390547485614,0,0,0,1199,388.64999,61.549999,43.799999,,1,1,1,1,,,,487770,202850.70000000024
1727322300,1020,1055,1015.1,1025.1,999.1574961381033,992.2264134077831,0,0,0,1199,388.64999,61.549999,43.799999,,1,1,1,1,,,,2118598,287920.0000000003
1727408700,1037,1039.8,981.05,988,996.9259969104826,991.8421940070755,0,0,0,1199,388.64999,61.549999,43.799999,,1,1,1,1,,,,296267,298209.3000000003
1727667900,988,991.45,958.05,962.1,989.960797528386,989.1383581882504,0,0,0,1199,388.64999,61.549999,43.799999,,1,1,1,1,,,,243766,306220.40000000026
1727754300,969.6,973.2,914,925.6,977.0886380227088,983.3621438075004,0,0,0,1199,388.64999,61.549999,43.799999,,1,1,1,1,,,,928198,348408.3500000002
1727927100,914.75,920,875,887.3,959.130910418167,974.6292216431822,1,0,0,1199,388.64999,61.549999,43.799999,,2,1,1,1,1,,,1076115,397179.1000000002
1728013500,886,896.8,866.25,887.55,944.8147283345336,966.7129287665292,0,0,0,1199,388.64999,61.549999,43.799999,,2,1,1,1,,,,264458,406852.3000000002
1728272700,887.55,923.95,860.05,867.95,929.4417826676269,957.7344806968448,0,0,0,1199,388.64999,61.549999,43.799999,,2,1,1,1,,,,514715,408521.1000000002
1728359100,874.4,878.75,856.3,874.1,918.3734261341015,950.1313460880407,0,0,0,1199,388.64999,61.549999,43.799999,,2,1,1,1,,,,189752,414181.20000000024
1728445500,882.7,918.45,875.15,894.95,913.6887409072812,945.114860080037,0,0,0,1199,388.64999,61.549999,43.799999,,2,1,1,1,,,,317935,422685.9000000002
1728531900,901.95,906.5,880.5,884.35,907.8209927258249,939.5907818909427,0,0,0,1199,388.64999,61.549999,43.799999,,2,1,1,1,,,,196850,414969.2000000002
1728618300,891.2,902,876.5,899.9,906.2367941806599,935.9825289917661,0,0,0,1199,388.64999,61.549999,43.799999,,2,1,1,1,,,,260951,415093.1500000002
1728877500,908.9,908.9,881.25,884.35,901.8594353445279,931.2886627197873,0,0,0,1199,388.64999,61.549999,43.799999,,2,1,1,1,,,,143088,410905.6000000002
1728963900,890.9,897.05,874,894.2,900.3275482756223,927.9169661088976,0,0,0,1199,388.64999,61.549999,43.799999,,2,1,1,1,,,,211255,409620.9000000002
1729050300,893.9,900.2,868.65,883.85,897.0320386204979,923.910878280816,0,0,0,1199,388.64999,61.549999,43.799999,,2,1,1,1,,,,302912,420161.7500000002
1729136700,887.8,887.8,869.1,871,891.8256308963984,919.1007984371054,0,0,0,1199,388.64999,61.549999,43.799999,,2,1,1,1,,,,179177,424032.30000000016
1729223100,871,871,854,858.75,885.2105047171187,913.6143622155504,0,0,0,1199,388.64999,61.549999,43.799999,,2,1,1,1,,,,117610,421585.8500000002
1729482300,860,869.8,836.2,841.35,876.438403773695,907.0448747414094,0,0,0,1199,388.64999,61.549999,43.799999,,2,1,1,1,,,,164530,425711.4000000002
1729568700,840,844.65,805.05,810.8,863.310723018956,898.2953406740086,0,0,0,1199,388.64999,61.549999,43.799999,,2,1,1,1,,,,232258,434083.2000000003
1729655100,810.8,828.8,801.1,815.8,853.8085784151648,890.7957642490987,0,0,0,1199,388.64999,61.549999,43.799999,,2,1,1,1,,,,191766,421898.5500000003
1729741500,815.7,815.7,786.6,792.95,841.6368627321318,881.900694771908,0,0,0,1199,388.64999,61.549999,43.799999,,2,1,1,1,,,,157107,405365.40000000026
1729827900,795,796.9,755,763.7,826.0494901857055,871.1551770653709,0,0,0,1199,388.64999,61.549999,43.799999,,2,1,1,1,,,,246935,311782.25000000023
1730087100,739,751.25,706.25,745.35,809.9095921485645,859.7183427867009,1,0,0,1199,388.64999,61.549999,43.799999,,2,1,2,1,1,,,843261,339131.9500000003
1730173500,755,755.05,723.05,734.5,794.8276737188515,848.334857078819,0,0,0,1199,388.64999,61.549999,43.799999,,2,1,2,1,,,,553491,354618.20000000024
1730259900,752,779.5,737.3,756.45,787.1521389750812,839.9816882534718,0,0,0,1199,388.64999,61.549999,43.799999,,2,1,2,1,,,,903082,353362.40000000026
1730346300,757.1,758.45,730,736.15,776.951711180065,830.5424438667926,0,0,0,1199,388.64999,61.549999,43.799999,,2,1,2,1,,,,444930,321803.15000000026
1730464200,739,751.9,736,743,770.161368944052,822.5840398789023,0,0,0,1199,388.64999,61.549999,43.799999,,2,1,2,1,,,,47024,310931.4500000003
1730691900,743,744.95,729.5,736.6,763.4490951552416,814.7673089808203,0,0,0,1199,388.64999,61.549999,43.799999,,2,1,2,1,,,,166459,293518.65000000026
1730778300,736.5,747.95,731.65,742.35,759.2292761241932,808.1839172552911,0,0,0,1199,388.64999,61.549999,43.799999,,2,1,2,1,,,,236914,295876.7500000003
1730864700,746,792.2,744,788.45,765.0734208993546,806.3899247775374,0,0,0,1199,388.64999,61.549999,43.799999,,2,1,2,1,,,,1007198,330339.90000000026
1730951100,788.45,799.8,769.75,774.7,766.9987367194836,803.5090225250341,0,0,0,1199,388.64999,61.549999,43.799999,,2,1,2,1,,,,290566,335025.70000000024
1731037500,774.9,777,745,754.5,764.4989893755869,799.0536568409401,0,0,0,1199,388.64999,61.549999,43.799999,,2,1,2,1,,,,227738,333365.0500000002
1731296700,750,755.4,741.3,744.5,760.4991915004696,794.0942334917637,0,0,0,1199,388.64999,61.549999,43.799999,,2,1,2,1,,,,112133,331817.30000000016
1731383100,746.65,751.8,730,731.7,754.7393532003757,788.4220304470579,0,0,0,1199,388.64999,61.549999,43.799999,,2,1,2,1,,,,103285,326418.80000000016
1731469500,729.7,735.2,715,717.05,747.2014825603005,781.9336640427799,0,0,0,1199,388.64999,61.549999,43.799999,,2,1,2,1,,,,156123,319079.3500000002
1731555900,720.65,734.8,708.45,722.4,742.2411860482404,776.5215127661636,0,0,0,1199,388.64999,61.549999,43.799999,,2,1,2,1,,,,192863,319763.6500000002
1731901500,728.9,731.95,707.35,718.5,737.4929488385923,771.2468297874215,0,0,0,1199,388.64999,61.549999,43.799999,,2,1,2,1,,,,171305,322448.4000000002
1731987900,725,734.05,710,717,733.3943590708739,766.3152998067468,0,0,0,1199,388.64999,61.549999,43.799999,,2,1,2,1,,,,169550,322699.4000000002
1732160700,723,725,701.95,705.95,727.9054872566991,760.8275452788607,0,0,0,1199,388.64999,61.549999,43.799999,,2,1,2,1,,,,107616,316467.30000000016
1732247100,711.25,720,700.2,709.1,724.1443898053593,756.1250411626006,0,0,0,1199,388.64999,61.549999,43.799999,,2,1,2,1,,,,167205,315239.2500000002
1732506300,735,740.9,717.8,725.65,724.4455118442875,753.3545828750914,0,0,0,1199,388.64999,61.549999,43.799999,,2,1,2,1,,,,223044,318536.1000000002
1732592700,725.65,732.05,717.05,724.05,724.3664094754299,750.6905298864467,0,0,0,1199,388.64999,61.549999,43.799999,,2,1,2,1,,,,182132,315295.9500000002
1732679100,729.7,732.4,718,722.25,723.9431275803439,748.105027169497,0,0,0,1199,388.64999,61.549999,43.799999,,2,1,2,1,,,,190199,282642.8500000002
1732765500,729.65,739.2,714.6,717,722.5545020642751,745.2772974268155,0,0,0,1199,388.64999,61.549999,43.799999,,2,1,2,1,,,,228486,266392.6000000002
1732851900,720.45,722,693,717,721.4436016514201,742.7066340243778,0,1,0,1199,388.64999,61.549999,43.799999,,3,1,2,1,,1,,633534,252915.2000000002
1733111100,717.1,768.2,717.1,764.1,729.9748813211361,744.6514854767071,0,0,0,1199,388.64999,61.549999,43.799999,,3,1,2,1,,,,1083092,284823.30000000016
1733197500,764,799.95,758,759.8,735.9399050569089,746.0286231606428,0,0,0,1199,388.64999,61.549999,43.799999,,3,1,2,1,,,,1069609,335952.55000000016
1733283900,761.75,788,759.05,779.4,744.6319240455271,749.0623846914934,0,0,0,1199,388.64999,61.549999,43.799999,,3,1,2,1,,,,405973,347928.25000000023
1733370300,784.45,803.9,775,779.15,751.5355392364216,751.7976224468122,0,0,0,1199,388.64999,61.549999,43.799999,,3,1,2,1,,,,342965,353230.8000000002
1733456700,781,797,777.25,790.4,759.3084313891374,755.3069294971019,0,0,0,1199,388.64999,61.549999,43.799999,,3,1,2,1,,,,260593,315900.5500000002
1733715900,796.9,803.95,787.15,793.15,766.0767451113098,758.747208633729,0,0,0,1199,388.64999,61.549999,43.799999,,3,1,2,1,,,,202402,311492.3500000002
1733802300,793.9,868.45,792.45,852.7,783.4013960890479,767.2883714852081,0,0,0,1199,388.64999,61.549999,43.799999,,3,1,2,1,,,,1261373,363174.1000000002
1733888700,858,861.4,843.75,851.3,796.9811168712383,774.9257922592801,0,0,0,1199,388.64999,61.549999,43.799999,,3,1,2,1,,,,305526,372843.7500000002
1733975100,851.9,868.75,842.55,850.95,807.7748934969907,781.8370838720729,0,0,0,1199,388.64999,61.549999,43.799999,,3,1,2,1,,,,317089,383533.9500000002
1734061500,840.25,849.55,824.35,830.25,812.2699147975925,786.2382580655208,0,0,0,1199,388.64999,61.549999,43.799999,,3,1,2,1,,,,247540,388104.8000000002
1734320700,825,845.95,825,837.2,817.255931838074,790.871143695928,0,0,0,1199,388.64999,61.549999,43.799999,,3,1,2,1,,,,111953,384059.3000000002
1734407100,838,857,831.75,837.25,821.2547454704593,795.0874033599346,0,0,0,1199,388.64999,61.549999,43.799999,,3,1,2,1,,,,193473,385167.7000000003
1734493500,830,845.6,830,837.25,824.4537963763674,798.9203666908496,0,0,0,1199,388.64999,61.549999,43.799999,,3,1,2,1,,,,163600,384870.2000000003
1734579900,820,840.95,812.35,836.95,826.953037101094,802.3776060825905,0,0,0,1199,388.64999,61.549999,43.799999,,3,1,2,1,,,,149075,386943.15000000026
1734666300,840,848.95,814.95,819.8,825.5224296808751,803.9614600750823,0,0,0,1199,388.64999,61.549999,43.799999,,3,1,2,1,,,,232240,390194.90000000026
1734925500,827,983.75,827,962.05,852.8279437447001,818.333145522802,0,0,1,1199,388.64999,61.549999,43.799999,,3,1,1,1,,,1,23006641,1529374.7500000002
1735011900,941.95,943.8,901,915.3,865.3223549957601,827.1483141116382,0,0,0,1199,388.64999,61.549999,43.799999,,3,1,1,1,,,,6590244,1849780.35
1735184700,915.3,1079,915.3,1051.9,902.637883996608,847.5802855560347,0,0,0,1199,388.64999,61.549999,43.799999,,3,1,1,1,,,,26773960,3178968.4
1735271100,1019.1,1039,985.5,1021.3,926.3703071972864,863.3729868691224,0,0,0,1199,388.64999,61.549999,43.799999,,3,1,1,1,,,,6628500,3498969.1
1735530300,998.05,1026.8,950.5,964.3,933.956245757829,872.5481698810204,0,0,0,1199,388.64999,61.549999,43.799999,,3,1,1,1,,,,2154947,3575039.75
1735616700,964.3,974.8,934,955.95,938.3549966062633,880.1301544372913,0,0,0,1199,388.64999,61.549999,43.799999,,3,1,1,1,,,,825670,3562168.65
1735703100,962.75,1024,952.65,966.85,944.0539972850106,888.0137767611739,0,0,0,1199,388.64999,61.549999,43.799999,,3,1,1,1,,,,2959236,3656650
1735789500,974.7,982.25,944.65,955.95,946.4331978280085,894.1897970556126,0,0,0,1079,693,,,,1,1,1,1,,,,601444,3666423.55
1735875900,964,1007,956.8,972.8,951.7065582624068,901.336179141466,0,0,0,1079,693,,,,1,1,1,1,,,,1948311,3746690.85
1736135100,974.45,981.6,892.2,901.9,941.7452466099254,901.3874355831509,0,0,0,1079,693,,,,1,1,1,1,,,,746671,3770994.75
1736221500,914.95,1013.6,914.95,978.8,949.1561972879404,908.4249414392281,0,0,0,1079,693,,,,1,1,1,1,,,,16514463,4586597.8
1736307900,971,972.8,918,925.65,944.4549578303523,909.9908558538436,0,0,0,1079,693,,,,1,1,1,1,,,,1672494,4607153.85
1736394300,927,934.85,896.35,906,936.7639662642819,909.6280507762215,0,0,0,1079,693,,,,1,1,1,1,,,,954109,4639583
1736480700,912.45,929.9,891.3,909.35,931.2811730114255,909.6027734329286,0,0,0,1079,693,,,,1,1,1,1,,,,1255081,4686482.6
1736739900,891,929.9,885.55,895.9,924.2049384091404,908.3570667572078,0,0,0,1079,693,,,,1,1,1,1,,,,1185187,4733364.95
1736826300,905,916.4,892.7,900.4,919.4439507273123,907.633697052007,0,0,0,1079,693,,,,1,1,1,1,,,,476059,4751570.25
1736912700,910.1,926.35,894.4,904.1,916.3751605818499,907.312451865461,0,0,0,1079,693,,,,1,1,1,1,,,,548074,4769300.3
1736999100,915.8,924.9,898,902.9,913.6801284654799,906.9113198776918,0,0,0,1079,693,,,,1,1,1,1,,,,547077,4788474.15
1737085500,906.6,908,882.05,896.2,910.184102772384,905.9375635251744,0,0,0,1079,693,,,,1,1,1,1,,,,347165,4798378.65
1737344700,896.5,925.05,890.6,919.1,911.9672822179072,907.1341486592494,0,0,0,1079,693,,,,1,1,1,1,,,,514610,4812497.15
1737431100,926.35,943.8,897.5,901.85,909.9438257743258,906.6537715084086,0,0,0,1079,693,,,,1,1,1,1,,,,605414,3692435.8
1737517500,906.4,907,868.45,886.7,905.2950606194606,904.8397922803714,0,0,0,1079,693,,,,1,1,1,1,,,,386812,3382264.2
1737603900,886.7,928.75,884.9,898.9,904.0160484955685,904.299811163974,0,0,0,1079,693,,,,1,1,1,1,,,,741234,2080627.9
1737690300,903,916,885.55,892.2,901.6528387964548,903.1998283308855,0,0,0,1079,693,,,,1,1,1,1,,,,446444,1771525.0999999996
1737949500,870,896.95,845.25,861.5,893.6222710371638,899.4089348462595,0,0,0,1079,693,,,,1,1,1,1,,,,601713,1693863.3999999992
1738035900,861.5,865.8,824,856.05,886.1078168297311,895.4672134965996,0,0,0,1079,693,,,,1,1,1,1,,,,474720,1676315.8999999992
1738122300,849.7,873.2,815,821.9,873.2662534637849,888.7792849969087,0,0,0,1079,693,,,,1,1,1,1,,,,1485285,1602618.3499999992
1738208700,825,833.95,767.75,776.45,853.9030027710279,878.5675318153716,0,0,0,1079,693,,,,4,1,1,1,,,,1116806,1628386.4499999993
1738295100,785.15,824.8,775.45,811,845.3224022168223,872.425028923065,0,0,0,1079,693,,,,4,1,1,1,,,,1463534,1604147.5999999992
1738381500,811,833.35,793.45,824.95,841.2479217734578,868.1091172027864,0,0,0,1079,693,,,,4,1,1,1,,,,236995,1578663.7999999993
1738554300,814,817.8,788.05,792.75,831.5483374187663,861.2582883661694,0,0,0,1079,693,,,,4,1,1,1,,,,263935,766137.3999999992
1738640700,796.35,817,795.25,814,828.0386699350131,856.9620803328812,0,0,0,1079,693,,,,4,1,1,1,,,,217732,693399.2999999992
1738727100,821.9,863.45,815.1,824.25,827.2809359480104,853.9882548480738,0,0,0,1079,693,,,,4,1,1,1,,,,565176,673952.6499999992
1738813500,829.7,832.15,807.35,814.6,824.7447487584084,850.4075044073398,0,0,0,1079,693,,,,4,1,1,1,,,,216889,622043.0499999993
1738899900,821.4,821.4,806.25,811.45,822.0857990067267,846.8659130975817,0,0,0,1079,693,,,,4,1,1,1,,,,165119,571039.6499999993
1739159100,803,809.7,786,790.95,815.8586392053813,841.7826482705289,0,0,0,1079,693,,,,4,1,1,1,,,,148368,554655.0999999994
1739245500,787.1,791.65,747.7,750.65,802.816911364305,833.4978620641172,0,0,0,1079,693,,,,4,1,1,1,,,,391886,546845.6999999995
1739331900,750,750,716.4,738.9,790.033529091444,824.8980564219247,0,0,0,1079,693,,,,4,1,1,1,,,,321603,535571.9999999994
1739418300,738.9,756.15,731.5,734.2,778.8668232731552,816.6527785653861,0,0,0,1079,693,,,,4,1,1,1,,,,244753,530451.3999999996
1739504700,740,742.7,693.8,705.3,764.1534586185242,806.5297986958055,0,0,0,1079,693,,,,4,1,1,1,,,,314838,520462.7999999995
1739763900,705.05,708.7,678.5,701.75,751.6727668948193,797.0043624507323,0,0,0,1079,693,,,,4,1,1,1,,,,290690,504726.5999999995
1739850300,705.2,708.3,674.65,694.45,740.2282135158555,787.6812385915748,0,0,0,1079,693,,,,4,1,1,1,,,,236348,497203.39999999956
1739936700,685.05,718,681.4,713.65,734.9125708126844,780.9511259923407,0,0,0,1079,693,,,,4,1,1,1,,,,283723,474327.84999999974
1740023100,716,732.3,700,720.45,732.0200566501476,775.4510236294007,0,0,0,1079,693,,,,4,1,1,1,,,,447937,474402.4999999997
1740109500,724.9,736,709,725.3,730.6760453201181,770.8918396630914,0,0,0,1079,693,,,,4,1,1,1,,,,433646,465999.14999999973
1740368700,724.3,741.9,704,727.55,730.0508362560945,766.9516724209922,0,0,0,1079,693,,,,4,1,1,1,,,,385471,461536.6999999997
1740455100,727.55,733.25,705,712.55,726.5506690048755,762.0060658372656,0,0,0,1079,693,,,,4,1,1,1,,,,166615,395603.1999999998
1740627900,721.25,728.5,694.05,702.1,721.6605352039004,756.5600598520597,0,0,0,1079,693,,,,4,1,1,1,,,,224987,351012.24999999977
1740714300,695.95,711.2,655.9,665.7,710.4684281631203,748.3000544109633,0,0,0,1079,693,,,,4,1,1,1,,,,645195,310095.2999999998
1740973500,670.9,674.95,633.7,647.55,697.8847425304962,739.1409585554212,0,0,0,1079,693,,,,4,1,1,1,,,,384995,317495.2999999998
1741059900,640,654,631.6,647.5,687.8077940243969,730.8099623231102,0,0,0,1079,693,,,,4,1,1,1,,,,421522,325374.6499999998
1741146300,640.05,679.95,640.05,659.9,682.2262352195175,724.3636021119183,0,0,0,1079,693,,,,4,1,1,1,,,,444285,336702.2999999998
1741232700,661.95,689.7,661.95,680.45,681.870988175614,720.3714564653803,0,0,0,1079,693,,,,4,1,1,1,,,,581603,337523.6499999998
1741319100,672.55,683.5,666.65,669.95,679.4867905404913,715.7876876958003,0,0,0,1079,693,,,,4,1,1,1,,,,289374,341147.8999999998
1741578300,670,682.4,650,653.7,674.329432432393,710.1433524507275,0,0,0,1079,693,,,,4,1,1,1,,,,308902,348337.0499999998
1741664700,650,685.55,637.35,668.15,673.0935459459143,706.3257749552068,0,0,0,1079,693,,,,4,1,1,1,,,,1599606,420898.94999999984
1741751100,666.05,672.35,650.25,656.75,669.8248367567314,701.8188863229153,0,0,0,1079,693,,,,4,1,1,1,,,,321343,417371.7999999998
1741837500,663.2,671.7,640.55,645.35,664.9298694053851,696.6853512026503,0,0,0,1079,693,,,,4,1,1,1,,,,362104,419396.84999999974
1742183100,645.35,653.2,635,642.35,660.4138955243081,691.7457738205911,0,0,0,1079,693,,,,4,1,1,1,,,,275703,420944.3499999998
1742269500,641.5,657.7,640.5,654.95,659.3211164194465,688.4007034732647,0,0,0,1079,693,,,,4,1,1,1,,,,331023,421753.59999999974
1742355900,662.7,697,657.3,680.8,663.6168931355572,687.7097304302406,0,0,0,1079,693,,,,4,1,1,1,,,,1030778,458757.9999999997
1742442300,680.75,708,680.65,689.25,668.7435145084457,687.8497549365824,0,0,0,1079,693,,,,4,1,1,1,,,,359402,464910.6999999997
1742528700,675,712.65,675,709.65,676.9248116067566,689.831595396893,0,0,0,1079,693,,,,4,1,1,1,,,,545613,478005.1999999996
1742787900,709.75,736,709.25,725.3,686.5998492854053,693.0559958153573,0,0,0,1079,693,,,,4,1,1,1,,,,564709,483843.79999999964
1742874300,728.95,737,720.3,728,694.8798794283242,696.2327234685066,0,0,0,1079,693,,,,4,1,1,1,,,,419203,483121.6499999996
1742960700,724.45,739,715.2,721.9,700.2839035426593,698.5661122440969,0,0,0,1079,693,,,,4,1,1,1,,,,362843,481990.24999999965
1743047100,717,735,706.8,726.65,705.5571228341274,701.119192949179,0,0,0,1079,693,,,,4,1,1,1,,,,283699,487844.4499999996
1743133500,726.95,732.9,688,692.7,702.9856982673019,700.353811771981,0,0,0,1079,693,,,,4,1,1,1,,,,381913,495690.74999999965
1743479100,692.7,698.45,678.65,684.25,699.2385586138415,698.8898288836191,0,0,0,1079,693,,,,4,1,1,1,,,,206946,473778.29999999964
1743565500,684.5,688.2,671.9,683.05,696.0008468910733,697.4498444396537,0,0,0,1079,693,,,,4,1,1,1,,,,270966,468076.8499999996
1743651900,677,701,675.05,685.9,693.9806775128586,696.3998585815034,0,0,0,1079,693,,,,4,1,1,1,,,,330264,463513.9499999996
1743738300,684.6,691,665.2,674.7,690.1245420102869,694.4271441650031,0,0,0,1079,693,,,,4,1,1,1,,,,266061,454602.74999999953
1743997500,592.45,633.95,577.4,624.9,677.0796336082295,688.1064946954574,0,0,0,1079,693,,,,4,1,1,1,,,,531814,452113.2999999995
1744083900,635.1,655,628.75,633.95,668.4537068865836,683.1831769958703,0,0,0,1079,693,,,,4,1,1,1,,,,296148,452451.99999999953
1744170300,626.6,634.4,609,612.35,657.2329655092669,676.743797268973,0,0,0,1079,693,,,,4,1,1,1,,,,224594,448236.5999999995
1744343100,622.7,668.9,622.7,660.6,657.9063724074135,675.27617933543,0,0,0,1079,693,,,,4,1,1,1,,,,1238125,430162.5499999995
1744688700,681.65,764.85,676.65,751.8,676.6850979259308,682.2328903049364,0,0,0,1079,693,,,,4,1,1,1,,,,4331554,630673.1
1744775100,744,769.9,735,750.5,691.4480783407446,688.4389911863058,0,0,0,1079,693,,,,4,1,1,1,,,,1251468,675141.3
1744861500,745.85,761.8,734,758.55,704.8684626725957,694.812719260278,0,0,0,1079,693,,,,4,1,1,1,,,,482323,685472.3
1745207100,767.5,793.5,764.55,780.85,720.0647701380766,702.6342902366164,0,0,0,1079,693,,,,4,1,1,1,,,,1262218,732032.05
1745293500,784.4,802.05,762.9,766.1,729.2718161104613,708.4039002151058,0,0,0,1079,693,,,,4,1,1,1,,,,709135,715949.9
1745379900,772,805,771.4,803.35,744.0874528883691,717.0353638319143,0,0,0,1079,693,,,,4,1,1,1,,,,975360,746747.8
1745466300,805.05,826.7,802.5,809.45,757.1599623106953,725.4366943926494,0,0,0,1079,693,,,,4,1,1,1,,,,505052,744719.75
1745552700,808.85,808.85,751.6,765.25,758.7779698485563,729.0560858114994,0,0,0,1079,693,,,,4,1,1,1,,,,477303,740349.45
1745811900,767,778.05,757.55,762.5,759.522375878845,732.0964416468177,0,0,0,1079,693,,,,4,1,1,1,,,,289797,733879.1499999999
1745898300,765,800,765,790.1,765.637900703076,737.3694924061979,0,0,0,1079,693,,,,4,1,1,1,,,,886162,760045.1
1745984700,793.05,814.9,776.7,789.55,770.4203205624608,742.1131749147254,0,0,0,1079,693,,,,4,1,1,1,,,,758586,783789.45
1746157500,792,807.25,783.3,791.3,774.5962564499687,746.5847044679322,0,0,0,826.7,577.4,,,,1,1,1,1,,,,240568,776722.2
1746416700,798.9,840.5,794.9,815.3,782.737005159975,752.831549516302,0,0,0,826.7,577.4,,,,1,1,1,1,,,,961711,814460.45
1746503100,815.25,820.75,779.9,782.9,782.76960412798,755.5650450148199,0,0,0,826.7,577.4,,,,1,1,1,1,,,,246417,813233
1746589500,780,828.6,774.45,814.05,789.025683302384,760.8818591043818,0,0,0,826.7,577.4,,,,1,1,1,1,,,,799136,836676.6000000001
1746675900,824.2,884.95,819,842.8,799.7805466419072,768.3289628221652,0,0,0,826.7,577.4,,,,1,1,1,1,,,,2847592,965753.15
1746762300,828.5,888.65,825,842.9,808.4044373135258,775.1081480201501,0,0,0,826.7,577.4,,,,1,1,1,1,,,,2657933,1072059.1
1747021500,865,949,856.05,896.5,826.0235498508207,786.1437709274092,0,0,0,826.7,577.4,,,,1,1,1,1,,,,3574240,1235963.7
1747107900,893,919.9,886.2,913.35,843.4888398806565,797.7079735703719,0,0,0,826.7,577.4,,,,1,1,1,1,,,,963419,1272904.95
1747194300,910,989.7,906.9,975.9,869.9710719045253,813.9072487003381,0,0,0,826.7,577.4,,,,1,1,1,1,,,,2470279,1334512.65
1747280700,980,1033.95,979.1,1025.65,901.1068575236202,833.1565897275801,0,0,0,826.7,577.4,,,,1,1,1,1,,,,1875364,1211703.15
1747367100,1028.1,1079,1021.1,1074.55,935.7954860188961,855.1014452068911,0,0,0,826.7,577.4,,,,1,1,1,1,,,,1083206,1203290.05
1747626300,1075,1110,1045.55,1062.15,961.0663888151169,873.9240410971737,0,0,0,826.7,577.4,,,,1,1,1,1,,,,1197957,1239071.75
1747712700,1050,1095,1046.45,1069.35,982.7231110520935,891.690037361067,0,0,0,826.7,577.4,,,,1,1,1,1,,,,1065581,1229239.9
1747799100,1069.35,1103,1066.8,1091.35,1004.4484888416748,909.8409430555154,0,0,0,826.7,577.4,,,,1,1,1,1,,,,873214,1237443.85
1747885500,1088.05,1110.65,1075,1105.25,1024.60879107334,927.6054027777412,0,0,0,826.7,577.4,,,,1,1,1,1,,,,660341,1221692.9
1747971900,1105.25,1107.4,1071.7,1082.1,1036.107032858672,941.650366161583,0,0,0,826.7,577.4,,,,1,1,1,1,,,,311702,1212025.4
1748231100,1078,1100,1065,1085.85,1046.0556262869377,954.7594237832573,0,0,0,826.7,577.4,,,,1,1,1,1,,,,229893,1199654.9
1748317500,1080,1128,1068.2,1079.1,1052.6645010295501,966.0631125302339,0,0,0,826.7,577.4,,,,1,1,1,1,,,,1205939,1245462
1748403900,1085,1131.8,1079.6,1098.05,1061.74160082364,978.0619204820308,0,0,0,826.7,577.4,,,,1,1,1,1,,,,1151282,1258718
1748490300,1104.5,1164.7,1104.5,1147.9,1078.973280658912,993.5017458927553,0,0,0,826.7,577.4,,,,1,1,1,1,,,,1926038,1317090.6
1748576700,1151,1175,1130,1172.55,1097.6886245271296,1009.7788599025048,0,0,0,826.7,577.4,,,,1,1,1,1,,,,1018768,1356000.6
1748835900,1176,1197.9,1168.8,1192.8,1116.7108996217037,1026.4171453659135,0,0,0,826.7,577.4,,,,1,1,1,1,,,,730229,1344426.5
1748922300,1195,1209.7,1165,1170.7,1127.508719697363,1039.5337685144668,0,0,0,826.7,577.4,,,,1,1,1,1,,,,516431,1357927.2
1749008700,1181.5,1202.5,1169.1,1194.1,1140.8269757578903,1053.5852441040608,0,0,0,826.7,577.4,,,,1,1,1,1,,,,554847,1345712.75
1749095100,1201,1202,1176.2,1182.8,1149.2215806063123,1065.3320400946009,0,0,0,826.7,577.4,,,,1,1,1,1,,,,483552,1227510.75
1749181500,1190,1198,1157.1,1162.9,1151.9572644850498,1074.2018546314553,0,0,0,826.7,577.4,,,,1,1,1,1,,,,321900,1110709.1
1749440700,1167.6,1180,1136.1,1149.2,1151.4058115880398,1081.0198678467775,0,0,0,826.7,577.4,,,,1,1,1,1,,,,304449,947219.5499999998
1749527100,1152,1186,1152,1175.1,1156.1446492704317,1089.572607133434,0,0,0,1209.7,577.4,388.64999,61.549999,43.799999,1,1,1,1,,,,446567,921376.9499999998
1749613500,1185,1239,1182.3,1215.1,1167.9357194163454,1100.984188303122,0,0,0,1209.7,577.4,388.64999,61.549999,43.799999,1,1,1,1,,,,1688173,882271.6499999998
1749699900,1221.1,1239,1186.9,1205.3,1175.4085755330764,1110.467443911929,0,0,0,1209.7,577.4,388.64999,61.549999,43.799999,1,1,1,1,,,,495717,813289.2999999997
1749786300,1187.8,1209,1150,1187.9,1177.9068604264612,1117.5067671926627,0,0,0,1209.7,577.4,388.64999,61.549999,43.799999,1,1,1,1,,,,394260,778841.9999999998
1750045500,1185,1219.8,1133.3,1210.8,1184.485488341169,1125.987970175148,0,0,0,1209.7,577.4,388.64999,61.549999,43.799999,1,1,1,1,,,,632199,750554.0999999996
1750131900,1216.7,1255,1196.2,1227.9,1193.1683906729352,1135.2527001592255,0,0,0,1209.7,577.4,388.64999,61.549999,43.799999,1,1,1,1,,,,1024767,748513.3999999997
1750218300,1227.9,1233.1,1192,1199.7,1194.474712538348,1141.1115455992958,0,0,0,1209.7,577.4,388.64999,61.549999,43.799999,1,1,1,1,,,,328279,721266.6499999997
1750304700,1199.1,1202.6,1137,1141.9,1183.9597700306786,1141.1832232720872,0,0,0,1209.7,577.4,388.64999,61.549999,43.799999,1,1,1,1,,,,517858,714142.4999999995
1750391100,1135,1149,1065.6,1077.8,1162.7278160245428,1135.4211120655339,0,0,0,1209.7,577.4,388.64999,61.549999,43.799999,1,1,1,1,,,,1756194,786367.0999999994
1750650300,1065.6,1103.5,1043.3,1071.1,1144.4022528196342,1129.5737382413945,0,0,0,1209.7,577.4,388.64999,61.549999,43.799999,1,1,1,1,,,,807285,815236.6999999995
1750736700,1080,1083.4,1046.1,1076.1,1130.7418022557074,1124.7124893103587,0,0,0,1255,577.4,388.64999,61.549999,43.799999,1,1,1,1,,,,491922,779535.8499999994
1750823100,1080.9,1119.7,1075,1116.4,1127.873441804566,1123.9568084639625,0,0,0,1255,577.4,388.64999,61.549999,43.799999,1,1,1,1,,,,554130,749678.2499999994
1750909500,1118,1147.6,1113,1120.9,1126.4787534436527,1123.6789167854204,0,0,0,1255,577.4,388.64999,61.549999,43.799999,1,1,1,1,,,,610623,683907.4999999994
1750995900,1125,1160,1110.2,1147.9,1130.7630027549221,1125.8808334412913,0,0,0,1255,577.4,388.64999,61.549999,43.799999,1,1,1,1,,,,803531,673145.6499999994
1751255100,1147.1,1154.5,1116,1148.9,1134.3904022039378,1127.9734849466286,0,0,0,1255,577.4,388.64999,61.549999,43.799999,1,1,1,1,,,,475062,660387.2999999995
1751341500,1148.8,1182,1130.5,1139.8,1135.4723217631501,1129.0486226787532,0,0,0,1255,577.4,388.64999,61.549999,43.799999,1,1,1,1,,,,394123,654271.8999999994
1751427900,1146.5,1150,1128.6,1141.9,1136.75785741052,1130.2169297079574,0,0,0,1255,577.4,388.64999,61.549999,43.799999,1,1,1,1,,,,217860,637422.5499999996
1751514300,1137.2,1153.9,1135,1139.6,1137.326285928416,1131.0699360981432,0,0,0,1255,577.4,388.64999,61.549999,43.799999,1,1,1,1,,,,172231,621856.4999999997
1751600700,1144,1144,1112,1127.2,1135.3010287427328,1130.7181237255847,0,0,0,1255,577.4,388.64999,61.549999,43.799999,1,1,1,1,,,,141438,612833.3999999997
1751859900,1130,1157.3,1118.9,1149.3,1138.1008229941863,1132.407385205077,0,0,0,1255,577.4,388.64999,61.549999,43.799999,1,1,1,1,,,,263783,610800.0999999996
1751946300,1150,1177,1142.2,1166.1,1143.700658395349,1135.4703501864335,0,0,0,1255,577.4,388.64999,61.549999,43.799999,1,1,1,1,,,,653426,621143.0499999996
1752032700,1166.1,1193.4,1165,1180.1,1150.9805267162792,1139.5275910785758,0,0,0,1255,577.4,388.64999,61.549999,43.799999,1,1,1,1,,,,434555,558462.1499999997
1752119100,1184.9,1189.3,1141,1147.3,1150.2444213730234,1140.2341737077961,0,0,0,1255,577.4,388.64999,61.549999,43.799999,1,1,1,1,,,,360323,551692.4499999997
1752205500,1148.9,1164,1137.7,1152,1150.5955370984188,1141.3037942798146,0,0,0,1255,577.4,388.64999,61.549999,43.799999,1,1,1,1,,,,257374,544848.1499999997
1752464700,1149.5,1175.8,1130.1,1172.2,1154.916429678735,1144.1125402543769,0,0,0,1255,577.4,388.64999,61.549999,43.799999,1,1,1,1,,,,232085,524842.4499999997
1752551100,1170.5,1185.9,1164.3,1169.5,1157.833143742988,1146.4204911403426,0,0,0,1255,577.4,388.64999,61.549999,43.799999,1,1,1,1,,,,233329,485270.5499999997
1752637500,1169.5,1200.3,1169.5,1183.2,1162.9065149943906,1149.764082854857,0,0,0,1255,577.4,388.64999,61.549999,43.799999,1,1,1,1,,,,513575,494535.34999999974
1752723900,1186.2,1210,1173.2,1197.7,1169.8652119955125,1154.1218935044153,0,0,0,1255,577.4,388.64999,61.549999,43.799999,1,1,1,1,,,,235853,480435.09999999974
1752810300,1194.9,1194.9,1166.4,1171.9,1170.27216959641,1155.738085004014,0,0,0,1255,577.4,388.64999,61.549999,43.799999,1,1,1,1,,,,140193,399635.0499999997
1753069500,1171.9,1189,1157.2,1172.3,1170.677735677128,1157.2437136400126,0,0,0,1255,577.4,388.64999,61.549999,43.799999,1,1,1,1,,,,168474,367694.4999999997
1753155900,1172,1188,1162.9,1176,1171.7421885417025,1158.9488305818297,0,0,0,1255,577.4,388.64999,61.549999,43.799999,1,1,1,1,,,,146693,350433.0499999997
1753242300,1176,1205,1174,1192,1175.793750833362,1161.9534823471179,0,0,0,1255,577.4,388.64999,61.549999,43.799999,1,1,1,1,,,,611159,353284.4999999997
1753328700,1199.9,1203.4,1128,1142,1169.0350006666897,1160.1395294064707,0,0,0,1255,577.4,388.64999,61.549999,43.799999,1,1,1,1,,,,438686,344687.6499999998
1753415100,1108.7,1150.7,1016,1036.4,1142.5080005333518,1148.8904812786097,0,0,0,1255,577.4,388.64999,61.549999,43.799999,1,1,1,1,,,,1619571,385489.6499999998
1753674300,1037,1090,1018.1,1050.5,1124.1064004266814,1139.9458920714635,0,0,0,1255,577.4,388.64999,61.549999,43.799999,1,1,1,1,,,,847551,404114.0999999998
1753760700,1050.5,1058,1020,1038.8,1107.0451203413452,1130.7508109740577,0,0,0,1255,577.4,388.64999,61.549999,43.799999,1,1,1,1,,,,350587,401937.2999999998
1753847100,1044.8,1067,1035.8,1058.2,1097.276096273076,1124.1552827036887,0,0,0,1255,577.4,388.64999,61.549999,43.799999,1,1,1,1,,,,376637,409876.1499999998
1753933500,1048,1048,1015.1,1022.6,1082.3408770184608,1114.9229842760806,0,0,0,1255,577.4,388.64999,61.549999,43.799999,1,1,1,1,,,,193779,410953.5499999998
1754019900,1020,1029.9,978.3,981.9,1062.2527016147687,1102.8299857055279,0,0,0,1255,577.4,388.64999,61.549999,43.799999,1,1,1,1,,,,405300,424146.6499999998
1754279100,975,1013.8,971.1,1007.9,1051.382161291815,1094.1999870050254,0,0,0,1255,577.4,388.64999,61.549999,43.799999,1,1,1,1,,,,421950,432054.9999999998
1754365500,1009.9,1009.9,970,972.8,1035.665729033452,1083.163624550023,0,0,0,1255,577.4,388.64999,61.549999,43.799999,1,1,1,1,,,,342893,416528.34999999974
1754451900,970,982.6,932,945.1,1017.5525832267616,1070.6123859545664,0,0,0,1255,577.4,388.64999,61.549999,43.799999,1,1,1,1,,,,414123,415506.7499999998
1754538300,940,954.7,922.8,947,1003.4420665814093,1059.3748963223331,0,0,0,1255,577.4,388.64999,61.549999,43.799999,1,1,1,1,,,,337890,414385.0999999998
1754624700,953,963,927.6,936.1,989.9736532651275,1048.1680875657573,0,0,0,1255,577.4,388.64999,61.549999,43.799999,1,1,1,1,,,,157347,409383.7499999998
1754883900,922.2,946.3,909.7,939.4,979.858922612102,1038.2800796052338,0,0,0,1255,577.4,388.64999,61.549999,43.799999,1,1,1,1,,,,236635,409611.2499999998
1754970300,939.4,953.4,921.6,932,970.2871380896815,1028.6182541865762,0,0,0,1255,577.4,388.64999,61.549999,43.799999,1,1,1,1,,,,356466,415768.09999999986
1755056700,932,942.9,913.5,922.8,960.7897104717453,1018.9984128968874,0,0,0,1255,577.4,388.64999,61.549999,43.799999,1,1,1,1,,,,256323,402905.4999999998
1755143100,927,942.9,917,928.2,954.2717683773963,1010.7440117244431,0,0,0,1255,577.4,388.64999,61.549999,43.799999,1,1,1,1,,,,196503,400937.9999999998
1755488700,931.9,944.3,928.5,939,951.217414701917,1004.2218288404028,0,0,0,1255,577.4,388.64999,61.549999,43.799999,1,1,1,1,,,,183212,403088.94999999984
1755575100,935.5,938.9,901.1,906.5,942.2739317615336,995.3380262185481,0,0,0,1255,577.4,388.64999,61.549999,43.799999,1,1,1,1,,,,479849,418657.69999999984
1755661500,906.4,995.4,905,987.7,951.3591454092269,994.6436601986801,0,0,0,1255,577.4,388.64999,61.549999,43.799999,1,1,1,1,,,,2334053,528025.7
1755747900,988.4,1001.3,957.6,960.7,953.2273163273816,991.557872907891,0,0,0,1255,577.4,388.64999,61.549999,43.799999,1,1,1,1,,,,415916,518263.54999999993
1755834300,968.2,982.8,954.3,967.9,956.1618530619053,989.4071571889918,0,0,0,1255,577.4,388.64999,61.549999,43.799999,1,1,1,1,,,,312731,511965.79999999993
1756093500,965.3,1007.2,964.2,988.7,962.6694824495243,989.3428701718108,0,0,0,1255,577.4,388.64999,61.549999,43.799999,1,1,1,1,,,,475074,454740.9499999999
1756179900,990,993,968,983.1,966.7555859596195,988.775336519828,0,0,0,1255,577.4,388.64999,61.549999,43.799999,1,1,1,1,,,,215196,423123.19999999984
1756352700,984.2,990,961,975.6,968.5244687676956,987.5775786543891,0,0,0,1255,577.4,388.64999,61.549999,43.799999,1,1,1,1,,,,283068,419747.2499999999
1756439100,975.2,985,962.7,977.2,970.2595750141564,986.634162413081,0,0,0,1255,577.4,388.64999,61.549999,43.799999,1,1,1,1,,,,192817,410556.2499999999
1756698300,971,992.15,971,989.6,974.1276600113251,986.9037840118917,0,0,0,1255,577.4,388.64999,61.549999,43.799999,1,1,1,1,,,,166511,409192.8499999999
1756784700,988,993.4,980,985.85,976.4721280090602,986.8079854653561,0,0,0,1255,577.4,388.64999,61.549999,43.799999,1,1,1,1,,,,104913,394173.4999999999
1756871100,985,985.55,948.3,953.05,971.7877024072482,983.7390776957783,0,0,0,1255,577.4,388.64999,61.549999,43.799999,1,1,1,1,,,,318020,388976.9999999999
1756957500,957.8,962.6,922.1,926.75,962.7801619257986,978.5582524507075,0,0,0,1255,577.4,388.64999,61.549999,43.799999,1,1,1,1,,,,321563,387910.4999999999
1757043900,934.35,943.2,904.6,906.55,951.5341295406388,972.0120476824613,0,0,0,1255,577.4,388.64999,61.549999,43.799999,1,1,1,1,,,,232269,378817.79999999993
1757303100,909,913.95,890.25,902.4,941.7073036325111,965.6836797113285,0,0,0,1255,577.4,388.64999,61.549999,43.799999,1,1,1,1,,,,340465,378946.54999999993
1757389500,905,976.5,905,959.8,945.3258429060088,965.1487997375714,0,0,0,1255,577.4,388.64999,61.549999,43.799999,1,1,1,1,,,,2206411,481399.75
1757475900,954,1020,954,1015.65,959.390674324807,969.7398179432467,0,0,0,1255,577.4,388.64999,61.549999,43.799999,1,1,1,1,,,,1111187,525127.3499999999
1757562300,1014.05,1019.5,1000.95,1014.05,970.3225394598456,973.7680163120425,0,0,0,1255,577.4,388.64999,61.549999,43.799999,1,1,1,1,,,,307020,522655.05
1757648700,1013,1032.45,996.6,1021.95,980.6480315678765,978.1481966473114,0,0,0,1255,577.4,388.64999,61.549999,43.799999,1,1,1,1,,,,396873,529682.5499999999
1757907900,1017.1,1028.5,1008.45,1026.25,989.7684252543012,982.5210878611921,0,0,0,1255,577.4,388.64999,61.549999,43.799999,1,1,1,1,,,,127151,526214.95
1757994300,1026.05,1045,1015,1039.15,999.644740203441,987.6691707829019,0,0,0,1255,577.4,388.64999,61.549999,43.799999,1,1,1,1,,,,264565,530282.5999999999
1758080700,1040,1061.3,1021.15,1027.05,1005.1257921627528,991.2492461662745,0,0,0,1255,577.4,388.64999,61.549999,43.799999,1,1,1,1,,,,393465,525963.3999999999
1758167100,1030,1060,1028,1040.05,1012.1106337302022,995.6856783329767,0,0,0,1255,577.4,388.64999,61.549999,43.799999,1,1,1,1,,,,382881,428404.8
1758253500,1040,1072.4,1040,1061.15,1021.9185069841617,1001.6369803027061,0,0,0,1255,577.4,388.64999,61.549999,43.799999,1,1,1,1,,,,488285,432023.25
1758512700,1057.5,1104,1051.15,1072.2,1031.9748055873295,1008.0518002751874,0,0,0,1255,577.4,388.64999,61.549999,43.799999,1,1,1,1,,,,740337,453403.55
1758599100,1073,1078.35,1048.3,1062.65,1038.1098444698637,1013.015272977443,0,0,0,1255,577.4,388.64999,61.549999,43.799999,1,1,1,1,,,,290739,444186.8
1758685500,1060,1060,1025.25,1029.05,1036.2978755758909,1014.4729754340391,0,0,0,1255,577.4,388.64999,61.549999,43.799999,1,1,1,1,,,,160825,441468.25
1758771900,1025.95,1078,1025.05,1059.35,1040.9083004607128,1018.5527049400355,0,0,0,1255,577.4,388.64999,61.549999,43.799999,1,1,1,1,,,,921126,473371.15
1758858300,1055,1055,980.2,986.15,1029.9566403685703,1015.6070044909413,0,0,0,1255,577.4,388.64999,61.549999,43.799999,1,1,1,1,,,,519120,489686.3000000001
1759117500,984,991.2,951.7,957.4,1015.4453122948563,1010.3154586281285,0,0,0,1255,577.4,388.64999,61.549999,43.799999,1,1,1,1,,,,424608,502591.1500000001
1759203900,966.2,985.05,962.8,974.6,1007.2762498358851,1007.0685987528441,0,0,0,1255,577.4,388.64999,61.549999,43.799999,1,1,1,1,,,,230945,508892.7500000001
1759290300,974.6,981.65,942.05,976.2,1001.0609998687081,1004.2623625025856,0,0,0,1255,577.4,388.64999,61.549999,43.799999,1,1,1,1,,,,330410,509512.25
1759463100,984.85,995.35,967.6,986.1,998.0687998949664,1002.6112386387142,0,0,0,1255,577.4,388.64999,61.549999,43.799999,1,1,1,1,,,,99178,498393
1759722300,990,993.55,976.05,981.5,994.7550399159732,1000.6920351261039,0,0,0,1255,577.4,388.64999,61.549999,43.799999,1,1,1,1,,,,86278,491093.45
1759808700,989.05,990.15,970.5,982.15,992.2340319327785,999.0063955691853,0,0,0,1255,577.4,388.64999,61.549999,43.799999,1,1,1,1,,,,132444,480692.4
1759895100,990.35,999.25,971.95,974.75,988.7372255462228,996.8012686992594,0,0,0,1255,577.4,388.64999,61.549999,43.799999,1,1,1,1,,,,129177,376830.7
1759981500,977.95,978.05,964,974.95,985.9797804369782,994.8147897265994,0,0,0,1255,577.4,388.64999,61.549999,43.799999,1,1,1,1,,,,77476,325145.15
1760067900,980,1021.45,971.55,1008.15,990.4138243495826,996.0270815696358,0,0,0,1255,577.4,388.64999,61.549999,43.799999,1,1,1,1,,,,332876,326437.95000000007
1760327100,1008,1008,981.1,984.75,989.281059479666,995.0018923360326,0,0,0,1255,577.4,388.64999,61.549999,43.799999,1,1,1,1,,,,153245,314256.55
1760413500,977,994.6,933,957.5,982.9248475837328,991.5926293963932,0,0,0,1255,577.4,388.64999,61.549999,43.799999,1,1,1,1,,,,207840,318290.99999999994
1760499900,960.95,1019.8,958,994.95,985.3298780669862,991.897844905812,0,0,0,1255,577.4,388.64999,61.549999,43.799999,1,1,1,1,,,,944797,352302.6
1760586300,1002.9,1002.95,970.55,972.65,982.793902453589,990.1480408234654,0,0,0,1255,577.4,388.64999,61.549999,43.799999,1,1,1,1,,,,170393,341148.99999999994
1760672700,980,980.45,951.5,966.25,979.4851219628712,987.9754916576958,0,0,0,1255,577.4,388.64999,61.549999,43.799999,1,1,1,1,,,,197216,331865.74999999994
1760931900,961,961.45,943.2,951.5,973.888097570297,984.6595378706326,0,0,0,1255,577.4,388.64999,61.549999,43.799999,1,1,1,1,,,,181602,316531.6
1761034500,956.45,975.95,956.45,970.1,973.1304780562376,983.3359435187568,0,0,0,1255,577.4,388.64999,61.549999,43.799999,1,1,1,1,,,,43296,281679.54999999993
1761191100,970.1,977.9,945.65,963.5,971.2043824449901,981.5326759261426,0,0,0,1255,577.4,388.64999,61.549999,43.799999,1,1,1,1,,,,273505,280817.85
1761277500,965,1008,950.5,997.95,976.553505955992,983.0251599328569,0,0,0,1255,577.4,388.64999,61.549999,43.799999,1,1,1,1,,,,401485,292850.8499999999
1761536700,972,1053.7,972,1044.75,990.1928047647937,988.6365090298699,0,0,0,1255,577.4,388.64999,61.549999,43.799999,1,1,1,1,,,,777244,285656.7499999999
1761623100,1048,1048,1015,1024.1,996.9742438118349,991.8604627544272,0,0,0,1255,577.4,388.64999,61.549999,43.799999,1,1,1,1,,,,237006,271551.04999999993
1761709500,1020.95,1046,1006.5,1028.9,1003.3593950494679,995.2276934131156,0,0,0,1255,577.4,388.64999,61.549999,43.799999,1,1,1,1,,,,283022,264471.7499999999
1761795900,1035,1063.9,1035,1046.75,1012.0375160395744,999.9115394664688,0,0,0,1255,577.4,388.64999,61.549999,43.799999,1,1,1,1,,,,374102,271629.6
1761882300,1053.5,1144.5,1053.5,1133.5,1036.3300128316596,1012.0559449695171,0,0,0,1255,577.4,388.64999,61.549999,43.799999,1,1,1,1,,,,5421616,526189.9
1762141500,1128.9,1244.6,1126.1,1198,1068.6640102653278,1028.9599499722883,0,0,0,1255,577.4,388.64999,61.549999,43.799999,1,1,1,1,,,,6604643,851463.15
1762227900,1181,1204.1,1165,1197.6,1094.4512082122621,1044.2908636111713,0,0,0,1255,577.4,388.64999,61.549999,43.799999,1,1,1,1,,,,723142,883306.35
1762400700,1200,1208.4,1126.4,1133.2,1102.2009665698097,1052.373512373792,0,0,0,1255,577.4,388.64999,61.549999,43.799999,1,1,1,1,,,,915570,922462.65
1762487100,1125.8,1146.7,1117.9,1132.7,1108.3007732558478,1059.675920339811,0,0,0,1255,577.4,388.64999,61.549999,43.799999,1,1,1,1,,,,445678,938287.7
1762746300,1125,1139,1092.1,1099.1,1106.4606186046783,1063.2599275816463,0,0,0,1255,577.4,388.64999,61.549999,43.799999,1,1,1,1,,,,517997,960313.75
1762832700,1123.8,1123.9,1095,1098.9,1104.9484948837426,1066.499934165133,0,0,0,1255,577.4,388.64999,61.549999,43.799999,1,1,1,1,,,,437416,965540.75
1762919100,1098.9,1168,1090.1,1148,1113.558795906994,1073.9090310592119,0,0,0,1255,577.4,388.64999,61.549999,43.799999,1,1,1,1,,,,1145529,1015154.95
1763005500,1148,1153.2,1106.6,1120.4,1114.9270367255951,1078.1354827811017,0,0,0,1255,577.4,388.64999,61.549999,43.799999,1,1,1,1,,,,392976,1024411.75
1763091900,1108.2,1108.3,1083.3,1089.7,1109.8816293804762,1079.1868025282743,0,0,0,1255,577.4,388.64999,61.549999,43.799999,1,1,1,1,,,,232872,988815.5
1763351100,1094.4,1101.8,1084.8,1096.2,1107.145303504381,1080.7334568438857,0,0,0,1255,577.4,388.64999,61.549999,43.799999,1,1,1,1,,,,265652,993578.45
1763437500,1097.3,1112.8,1072.4,1088.3,1103.3762428035047,1081.4213244035325,0,0,0,1255,577.4,388.64999,61.549999,43.799999,1,1,1,1,,,,460925,1006763.9
1763523900,1112.8,1172.4,1100,1142.8,1111.2609942428037,1087.0012040032113,0,0,0,1255,577.4,388.64999,61.549999,43.799999,1,1,1,1,,,,4203457,1207856.65
1763610300,1154,1154,1085,1097.5,1108.508795394243,1087.9556400029194,0,0,0,1255,577.4,388.64999,61.549999,43.799999,1,1,1,1,,,,917775,1251580.6
1763696700,1086,1098.7,1070.2,1091.3,1105.0670363153943,1088.2596727299267,0,0,0,1255,577.4,388.64999,61.549999,43.799999,1,1,1,1,,,,314523,1253631.5
1763955900,1094.4,1110.8,1077.4,1096.3,1103.3136290523155,1088.9906115726606,0,0,0,1255,577.4,388.64999,61.549999,43.799999,1,1,1,1,,,,394374,1253275.95
1764042300,1104.9,1104.9,1080,1088.8,1100.4109032418523,1088.9732832478733,0,0,0,1255,577.4,388.64999,61.549999,43.799999,1,1,1,1,,,,169763,1222901.9
1764128700,1089.8,1109.4,1086.8,1098.8,1100.0887225934819,1089.8666211344303,0,0,0,1255,577.4,388.64999,61.549999,43.799999,1,1,1,1,,,,292215,1225662.35
1764215100,1111,1119,1090,1096.4,1099.3509780747854,1090.460564667664,0,0,0,1255,577.4,388.64999,61.549999,43.799999,1,1,1,1,,,,264557,1224739.1
1764301500,1100,1118,1090.8,1112.5,1101.9807824598283,1092.4641496978763,0,0,0,1255,577.4,388.64999,61.549999,43.799999,1,1,1,1,,,,284775,1220272.75
1764560700,1120,1146.5,1101,1107.8,1103.1446259678626,1093.8583179071602,0,0,0,1255,577.4,388.64999,61.549999,43.799999,1,1,1,1,,,,348067,966595.3
1764647100,1109.4,1114.6,1084,1096.4,1101.79570077429,1094.0893799156001,0,0,0,1255,577.4,388.64999,61.549999,43.799999,1,1,1,1,,,,228876,647806.95
1764733500,1103,1125.8,1087,1097.4,1100.916560619432,1094.3903453778182,0,0,0,1255,577.4,388.64999,61.549999,43.799999,1,1,1,1,,,,311508,627225.25
1764819900,1098.5,1115.8,1082.5,1089.7,1098.6732484955455,1093.9639503434712,0,0,0,1255,577.4,388.64999,61.549999,43.799999,1,1,1,1,,,,240674,593480.45
1764906300,1090.9,1091.9,1049,1056.1,1090.1585987964363,1090.5217730395193,0,0,0,1255,577.4,388.64999,61.549999,43.799999,1,1,1,1,,,,260464,584219.7500000001
1765165500,1056,1059.3,1017.2,1022.6,1076.6468790371491,1084.3470663995631,0,0,0,1255,577.4,388.64999,61.549999,43.799999,1,1,1,1,,,,297047,573172.2500000002
1765251900,1022.6,1044,1003.5,1039.3,1069.1775032297194,1080.2518785450575,0,0,0,1255,577.4,388.64999,61.549999,43.799999,1,1,1,1,,,,240736,563338.2500000002
1765338300,1041.9,1048.8,1015.5,1018.7,1059.0820025837754,1074.6562532227795,0,0,0,1255,577.4,388.64999,61.549999,43.799999,1,1,1,1,,,,119552,512039.40000000026
1765424700,1022,1043.6,1011.2,1038.1,1054.8856020670203,1071.332957475254,0,0,0,1255,577.4,388.64999,61.549999,43.799999,1,1,1,1,,,,127835,498782.35000000027
1765511100,1038.7,1039,1023,1030,1049.9084816536163,1067.5754158865946,0,0,0,1255,577.4,388.64999,61.549999,43.799999,1,1,1,1,,,,93447,491811.1000000004
1765770300,1031,1035,1019,1030.4,1046.006785322893,1064.1958326241768,0,0,0,1255,577.4,388.64999,61.549999,43.799999,1,1,1,1,,,,150115,486034.25000000035
1765856700,1040,1059,1010.5,1021.6,1041.1254282583143,1060.323484203797,0,0,0,1255,577.4,388.64999,61.549999,43.799999,1,1,1,1,,,,464472,486211.60000000044
1765943100,1028.1,1029.5,1015.8,1022.8,1037.4603426066515,1056.9122583670883,0,0,0,1255,577.4,388.64999,61.549999,43.799999,1,1,1,1,,,,102543,281165.9000000005
1766029500,1025,1032,1008.4,1024.3,1034.8282740853213,1053.9475076064439,0,0,0,1255,577.4,388.64999,61.549999,43.799999,1,1,1,1,,,,91212,239837.75000000052
1766115900,1035,1064.3,1027,1053.6,1038.582619268257,1053.915916005858,0,0,0,1255,577.4,388.64999,61.549999,43.799999,1,1,1,1,,,,295225,238872.85000000056
1766375100,1065,1069,1025,1027.7,1036.4060954146057,1051.5326509144163,0,0,0,1255,577.4,388.64999,61.549999,43.799999,1,1,1,1,,,,325654,235436.85000000065
1766461500,1027,1030,1017,1021,1033.3248763316847,1048.756955376742,0,0,0,1255,577.4,388.64999,61.549999,43.799999,1,1,1,1,,,,92674,231582.4000000007
1766547900,1021,1024.9,1008.3,1010.2,1028.6999010653478,1045.2517776152201,0,0,0,1255,577.4,388.64999,61.549999,43.799999,1,1,1,1,,,,90365,221489.90000000075
1766720700,1011.9,1018,989.1,991.4,1021.2399208522783,1040.356161468382,0,0,0,1255,577.4,388.64999,61.549999,43.799999,1,1,1,1,,,,110804,213802.25000000084
1766979900,999.9,1011.7,986.4,997.5,1016.4919366818226,1036.460146789438,0,0,0,1255,577.4,388.64999,61.549999,43.799999,1,1,1,1,,,,155153,207321.1500000009
1767066300,997.5,999.5,938.8,945.3,1002.253549345458,1028.172860717671,1,0,0,1255,577.4,388.64999,61.549999,43.799999,2,1,1,1,1,,,749815,227408.55000000092
1767152700,950,980.7,949.6,971,996.0028394763665,1022.9753279251555,0,0,0,1255,577.4,388.64999,61.549999,43.799999,2,1,1,1,,,,259598,228944.65000000098
1767239100,977.4,980.75,942.2,947.75,986.3522715810932,1016.1366617501413,0,0,0,1255,577.4,388.64999,61.549999,43.799999,2,1,1,1,,,,141317,220435.10000000102
1767325500,944,968,943.9,961.25,981.3318172648745,1011.1469652274012,0,0,0,1255,577.4,388.64999,61.549999,43.799999,2,1,1,1,,,,185822,217692.500000001
1767584700,964.15,974,949.45,967.8,978.6254538118997,1007.2063320249102,0,0,0,1255,577.4,388.64999,61.549999,43.799999,2,1,1,1,,,,200888,214713.70000000097
1767671100,967.8,971.45,945,946.5,972.2003630495198,1001.6875745681002,0,0,0,1255,577.4,388.64999,61.549999,43.799999,2,1,1,1,,,,109584,205340.55000000104
1767757500,946,998.65,946,991.4,976.0402904396158,1000.7523405164548,0,0,0,1255,577.4,388.64999,61.549999,43.799999,2,1,1,1,,,,465740,216590.75000000102
1767843900,991.4,996.25,938.5,943.1,969.4522323516926,995.5112186513225,0,0,0,1255,577.4,388.64999,61.549999,43.799999,2,1,1,1,,,,273846,224305.45000000103
1767930300,947.7,972.4,915.55,919.5,959.4617858813541,988.6011078648386,1,0,0,1255,577.4,388.64999,61.549999,43.799999,2,2,1,1,1,,,384707,237149.05000000104
1768189500,925.5,925.5,881.65,913.65,950.2994287050833,981.7873707862169,0,0,0,1255,577.4,388.64999,61.549999,43.799999,2,2,1,1,,,,346561,249804.75000000102
1768275900,916,947,916,931,946.4395429640666,977.170337078379,0,0,0,1255,577.4,388.64999,61.549999,43.799999,2,2,1,1,,,,208188,252708.40000000098
1768362300,931,937.25,911.3,915.05,940.1616343712533,971.5230337076173,0,0,0,1255,577.4,388.64999,61.549999,43.799999,2,2,1,1,,,,113240,235146.80000000104
1768535100,920,940.5,914,921.6,936.4493074970027,966.984576097834,0,0,0,1255,577.4,388.64999,61.549999,43.799999,2,2,1,1,,,,209729,240506.10000000102
1768794300,912.5,918.35,898,900.7,929.2994459976021,960.9587055434854,0,0,0,1255,577.4,388.64999,61.549999,43.799999,2,2,1,1,,,,121081,241999.55000000104
1768880700,905,911,883.05,905.55,924.5495567980817,955.9215504940777,0,0,0,1255,577.4,388.64999,61.549999,43.799999,2,2,1,1,,,,385058,246491.20000000097
1768967100,895,905.25,879.55,894.75,918.5896454384654,950.3605004491616,0,0,0,1255,577.4,388.64999,61.549999,43.799999,2,2,1,1,,,,246162,242516.60000000102
1769053500,908.1,928,899.05,923.55,919.5817163507722,947.9231822265106,0,0,0,1255,577.4,388.64999,61.549999,43.799999,2,2,1,1,,,,171485,246457.150000001
1769139900,926.7,926.75,890,891.05,913.8753730806178,942.7528929331914,0,0,0,1255,577.4,388.64999,61.549999,43.799999,2,2,1,1,,,,208090,252343.400000001
1769485500,891,900,871,895.8,910.2602984644942,938.4844481210831,0,0,0,1255,577.4,388.64999,61.549999,43.799999,2,2,1,1,,,,208961,257251.25000000102
1769571900,900,914,897.6,910.1,910.2282387715953,935.9040437464392,0,0,0,1255,577.4,388.64999,61.549999,43.799999,2,2,1,1,,,,120072,255497.20000000103
1769658300,910,913.45,885.9,902.95,908.7725910172762,932.9082215876721,0,0,0,1255,577.4,388.64999,61.549999,43.799999,2,2,1,1,,,,181276,227070.25000000102
1769744700,902.95,932.1,900.1,913.7,909.758072813821,931.1620196251564,0,0,0,1255,577.4,388.64999,61.549999,43.799999,2,2,1,1,,,,272591,227719.900000001
1769917500,832.3,907.85,785,885,904.8064582510567,926.9654723865058,0,1,0,1255,577.4,388.64999,61.549999,43.799999,3,2,1,1,,1,,1371465,289227.30000000104
1770003900,869.1,870,808,828.1,889.4651666008454,917.9777021695508,0,0,0,1255,577.4,388.64999,61.549999,43.799999,3,2,1,1,,,,1184840,339178.200000001
1770090300,860,877.9,795.7,816.45,874.8621332806763,908.747911063228,0,0,0,1255,577.4,388.64999,61.549999,43.799999,3,2,1,1,,,,1471414,402704.50000000105
1770176700,813.05,813.05,791.7,798.7,859.6297066245411,898.7435555120254,1,0,0,1255,577.4,388.64999,61.549999,43.799999,3,2,2,1,1,,,514768,422963.700000001
1770263100,795.5,796,763.7,774.1,842.5237652996328,887.4123231927504,0,0,0,1255,577.4,388.64999,61.549999,43.799999,3,2,2,1,,,,426249,420989.150000001
1770349500,774,774.05,754.8,760.4,826.0990122397062,875.8657483570457,0,0,0,1255,577.4,388.64999,61.549999,43.799999,3,2,2,1,,,,376991,426146.400000001
1770608700,770,779.5,760.05,771.7,815.219209791765,866.3961348700416,0,0,0,1255,577.4,388.64999,61.549999,43.799999,3,2,2,1,,,,331295,423475.80000000104
1770695100,771.7,787.95,758.5,760.55,804.285367833412,856.7737589727651,0,0,0,1255,577.4,388.64999,61.549999,43.799999,3,2,2,1,,,,334583,422876.900000001
1770781500,763,773,740.3,746.5,792.7282942667296,846.7488717934228,0,0,0,1255,577.4,388.64999,61.549999,43.799999,3,2,2,1,,,,429428,433938.900000001
1770867900,746,746,698.25,711.2,776.4226354133837,834.4262470849299,0,1,0,1255,577.4,388.64999,61.549999,43.799999,3,3,2,1,,1,,1117943,484174.05000000104
1770954300,695.75,700,672,678.9,756.9181083307069,820.2874973499362,0,0,0,1255,577.4,388.64999,61.549999,43.799999,3,3,2,1,,,,667444,507059.80000000104
1771213500,678.7,692.6,664,684.3,742.3944866645655,807.924997590851,0,0,0,1255,577.4,388.64999,61.549999,43.799999,3,3,2,1,,,,342645,518138.0000000011
1771299900,688.9,721.85,681,702.5,734.4155893316524,798.3409069007737,0,0,0,1255,577.4,388.64999,61.549999,43.799999,3,3,2,1,,,,768344,537302.3000000011
1771386300,704.7,704.7,679.15,697.45,727.0224714653219,789.1690062734307,0,0,0,1255,577.4,388.64999,61.549999,43.799999,3,3,2,1,,,,427085,546348.4500000011
1771472700,712.55,741.3,698.5,700.9,721.7979771722576,781.1445511576643,0,0,0,1255,577.4,388.64999,61.549999,43.799999,3,3,2,1,,,,2118965,643722.4500000011
1771559100,699,711.55,686.4,704.2,718.2783817378061,774.149591961513,0,0,0,1255,577.4,388.64999,61.549999,43.799999,3,3,2,1,,,,543797,660507.8000000011
1771818300,710.25,714.45,696.8,701.4,714.9027053902448,767.5359926922846,0,0,0,1255,577.4,388.64999,61.549999,43.799999,3,3,2,1,,,,442185,672169.0000000012
1771904700,701.45,708,683,697,711.3221643121958,761.1236297202587,0,0,0,1255,577.4,388.64999,61.549999,43.799999,3,3,2,1,,,,300914,681211.1000000011
1771991100,701,705.7,686.3,688,706.6577314497566,754.476027018417,0,0,0,1255,577.4,388.64999,61.549999,43.799999,3,3,2,1,,,,417184,693006.5000000012
1772077500,689.6,705.6,685.15,700.7,705.4661851598053,749.58729728947,0,0,0,1255,577.4,388.64999,61.549999,43.799999,3,3,2,1,,,,240060,691379.9500000011
1772163900,702.95,705.3,688.5,697.6,703.8929481278442,744.8611793540637,0,0,0,1255,577.4,388.64999,61.549999,43.799999,3,3,2,1,,,,341970,639905.2000000011
1772423100,661.5,690.35,658,683.5,699.8143585022754,739.282890321876,0,0,0,1255,577.4,388.64999,61.549999,43.799999,3,3,2,1,,,,353822,598354.3000000011
1772595900,668.9,678.95,664.45,669.95,693.8414868018203,732.9799002926146,0,0,0,1255,577.4,388.64999,61.549999,43.799999,3,3,2,1,,,,307920,540179.6000000011
1772682300,676.35,676.35,652.25,658.35,686.7431894414563,726.1953639023769,0,0,0,1255,577.4,388.64999,61.549999,43.799999,3,3,2,1,,,,448391,536860.7500000012
1772768700,658.35,692.25,658.05,681,685.594551553165,722.0866944567063,0,0,0,1255,577.4,388.64999,61.549999,43.799999,3,3,2,1,,,,521440,541620.3000000011
1773027900,674.1,680.05,657,674,683.2756412425321,717.7151767788239,0,0,0,1255,577.4,388.64999,61.549999,43.799999,3,3,2,1,,,,356708,540606.1500000011
1773114300,684.1,686,674,676.4,681.9005129940257,713.9592516171126,0,0,0,1255,577.4,388.64999,61.549999,43.799999,3,3,2,1,,,,236261,535854.450000001
1773200700,680,686,660,662.25,677.9704103952206,709.2584105610115,0,0,0,1255,577.4,388.64999,61.549999,43.799999,3,3,2,1,,,,303237,534287.1500000011
1773287100,660,675.45,650.3,667.1,675.7963283161765,705.4258277827378,0,0,0,1255,577.4,388.64999,61.549999,43.799999,3,3,2,1,,,,320822,528856.850000001
1773373500,666,669.3,656.6,660.75,672.7870626529412,701.364388893398,0,0,0,1255,577.4,388.64999,61.549999,43.799999,3,3,2,1,,,,290635,487491.450000001
1773632700,666.75,666.75,642,645.2,667.269650122353,696.2585353576345,0,0,0,1255,577.4,388.64999,61.549999,43.799999,3,3,2,1,,,,290738,468656.15000000095
1773719100,654.2,659.8,640.4,642.65,662.3457200978825,691.3850321433041,0,0,0,1255,577.4,388.64999,61.549999,43.799999,3,3,2,1,,,,499216,476484.700000001
1773805500,646,699,646,676.85,665.246576078306,690.0636655848219,0,0,0,1255,577.4,388.64999,61.549999,43.799999,3,3,2,1,,,,2781252,577130.100000001
1773891900,665.05,681,657.5,661,664.3972608626448,687.4215141680199,0,0,0,1255,577.4,388.64999,61.549999,43.799999,3,3,2,1,,,,295912,570571.450000001
1773978300,665.95,678.4,648.15,650.55,661.6278086901158,684.0695583345636,0,0,0,1255,577.4,388.64999,61.549999,43.799999,3,3,2,1,,,,465296,487888.0000000011
1774237500,648,654.25,634.4,636.8,656.6622469520926,679.7723257586941,0,0,0,1255,577.4,388.64999,61.549999,43.799999,3,3,2,1,,,,346023,477999.3000000011
1774323900,652,654,631.5,643.05,653.939797561674,676.4339325079037,0,0,0,1255,577.4,388.64999,61.549999,43.799999,3,3,2,1,,,,306387,471209.400000001
1774410300,651,663.85,645.4,657.1,654.5718380493392,674.6763022799124,0,0,0,1255,577.4,388.64999,61.549999,43.799999,3,3,2,1,,,,315676,471947.50000000105
1774583100,649.95,660,626,629.95,649.6474704394714,670.6102747999204,0,0,0,1255,577.4,388.64999,61.549999,43.799999,3,3,2,1,,,,346929,468434.75000000105
1774842300,626,629.95,595.2,598.55,639.4279763515771,664.0593407272004,0,0,0,1255,577.4,388.64999,61.549999,43.799999,3,3,2,1,,,,534089,483136.20000000094
1775015100,607.95,644.7,607.95,635.9,638.7223810812617,661.4994006610913,0,0,0,1255,577.4,388.64999,61.549999,43.799999,3,3,2,1,,,,325238,482299.6000000009
1775101500,625,663.4,616.2,657.9,642.5579048650094,661.1721824191739,0,0,0,1255,577.4,388.64999,61.549999,43.799999,3,3,2,1,,,,266739,477945.45000000094
1775447100,656.95,659.2,642.55,652.3,644.5063238920075,660.3656203810672,0,0,0,1255,577.4,388.64999,61.549999,43.799999,3,3,2,1,,,,212140,473156.45000000094
1775533500,654.9,674.9,651.8,667.35,649.075059113606,661.0005639827883,0,0,0,1255,577.4,388.64999,61.549999,43.799999,3,3,2,1,,,,293150,465394.40000000095
1775619900,690,692,674,685.3,656.3200472908848,663.2096036207166,0,0,0,1255,577.4,388.64999,61.549999,43.799999,3,3,2,1,,,,358189,457231.8500000009
1775706300,687.2,690.1,666.35,671.7,659.3960378327079,663.9814578370151,0,0,0,1255,577.4,388.64999,61.549999,43.799999,3,3,2,1,,,,266618,452727.3500000009
1775792700,675.05,690.55,670,679.5,663.4168302661662,665.3922343972864,0,0,0,1255,577.4,388.64999,61.549999,43.799999,3,3,2,1,,,,204961,451162.3500000009
1776051900,650,659.65,639.05,652.05,661.1434642129329,664.1793039975331,0,0,0,1255,577.4,388.64999,61.549999,43.799999,3,3,2,1,,,,752920,473646.50000000093
1776224700,661.05,692,661,689.9,666.8947713703463,666.5175490886664,0,0,0,1255,577.4,388.64999,61.549999,43.799999,3,3,2,1,,,,706452,492928.00000000093
1776311100,700,732,692.1,698.95,673.3058170962771,669.4659537169695,0,0,0,1255,577.4,388.64999,61.549999,43.799999,3,3,2,1,,,,912657,524029.100000001
1776397500,703.7,703.7,692.2,694.55,677.5546536770216,671.7463215608814,0,0,0,1255,577.4,388.64999,61.549999,43.799999,3,3,2,1,,,,325792,525781.800000001
1776656700,701.35,701.35,674.85,679.8,678.0037229416173,672.4784741462557,0,0,0,1255,577.4,388.64999,61.549999,43.799999,3,3,2,1,,,,366893,519165.650000001
1776743100,680.35,689.7,673,677.5,677.9029783532939,672.9349764965962,0,0,0,1255,577.4,388.64999,61.549999,43.799999,3,3,2,1,,,,493525,404779.30000000104
1776829500,675,698,660.25,695.7,681.462382682635,675.0045240878147,0,0,0,1255,577.4,388.64999,61.549999,43.799999,3,3,2,1,,,,535452,416756.300000001
1776915900,698,715.5,690,701.15,685.399906146108,677.381385534377,0,0,0,1255,577.4,388.64999,61.549999,43.799999,3,3,2,1,,,,848229,435902.950000001
1777002300,704.9,704.9,681.65,688.7,686.0599249168864,678.4103504857973,0,0,0,1255,577.4,388.64999,61.549999,43.799999,3,3,2,1,,,,434921,440347.85000000114
1777261500,685.5,715,685.5,708.65,690.5779399335091,681.159409532543,0,0,0,1255,577.4,388.64999,61.549999,43.799999,3,3,2,1,,,,483122,449184.600000001
1777347900,709.05,770.9,706.55,753.95,703.2523519468073,687.7767359386754,0,0,0,1255,577.4,388.64999,61.549999,43.799999,3,3,2,1,,,,2774772,572139.4000000011
1777434300,761,766.95,736,739.75,710.5518815574458,692.5015781260686,0,0,0,1255,577.4,388.64999,61.549999,43.799999,3,3,2,1,,,,553484,582467.1500000011
1777520700,735,751.15,728.25,745.35,717.5115052459566,697.3059801146078,0,0,0,1255,577.4,388.64999,61.549999,43.799999,3,3,2,1,,,,397984,575661.9000000011
1777866300,751.5,752.05,728.6,737.35,721.4792041967653,700.9463455587344,0,0,0,1255,577.4,388.64999,61.549999,43.799999,3,3,2,1,,,,417088,580254.4000000011
1777952700,738.85,761.7,732,754,727.9833633574123,705.7694050533948,0,0,0,1255,577.4,388.64999,61.549999,43.799999,3,3,2,1,,,,921258,612980.3500000011
1778039100,762.2,789.3,762,784.4,739.2666906859298,712.9176409576316,0,0,0,1255,577.4,388.64999,61.549999,43.799999,3,3,2,1,,,,1504960,677621.3500000011
1778125500,795,804,776.5,782.15,747.8433525487438,719.2114917796652,0,0,0,1255,577.4,388.64999,61.549999,43.799999,3,3,2,1,,,,1082509,717089.3000000011
1778211900,792.1,834.4,775.15,806.8,759.634682038995,727.1740834360593,0,0,0,1255,577.4,388.64999,61.549999,43.799999,3,3,2,1,,,,4767464,937553.0500000011
1778471100,805,805,755,760.35,759.777745631196,730.190075850963,0,0,0,1255,577.4,388.64999,61.549999,43.799999,3,3,2,1,,,,984199,973432.1000000011
1778557500,760.4,765,720,723.55,752.5321965049568,729.5864325917845,0,0,0,1255,577.4,388.64999,61.549999,43.799999,3,3,2,1,,,,730496,999708.8500000011
1778643900,737.8,740.6,716.1,721,746.2257572039655,728.8058478107132,0,0,0,1255,577.4,388.64999,61.549999,43.799999,3,3,2,1,,,,376020,980863.8500000011
1778730300,729,729,680,693.6,735.7006057631723,725.6053161915574,0,0,0,1255,577.4,388.64999,61.549999,43.799999,3,3,2,1,,,,822815,986682.0000000012
1778816700,690.6,705.75,683,686.6,725.8804846105379,722.0593783559614,0,0,0,834.4,595.2,,,,1,1,1,1,,,,352046,958651.4500000011
1779075900,685,697.45,667,691.15,718.9343876884303,719.2494348690558,0,0,0,834.4,595.2,,,,1,1,1,1,,,,482957,966509.7000000009
1779162300,696,723.3,693,697.1,714.5675101507443,717.2358498809598,0,0,0,834.4,595.2,,,,1,1,1,1,,,,819507,989140.4000000011
1779248700,697.1,714.6,688,689.95,709.6440081205955,714.7553180735998,0,0,0,834.4,595.2,,,,1,1,1,1,,,,281092,978518.7500000012
1779335100,692.7,705.2,690.2,696.4,706.9952064964764,713.0866527941816,0,0,0,834.4,595.2,,,,1,1,1,1,,,,253098,964401.050000001
1779421500,696.85,702.5,685.1,697.95,705.1861651971811,711.7105934492561,0,0,0,834.4,595.2,,,,1,1,1,1,,,,247007,934339.9500000009
1779680700,701.7,726.35,700,713.3,706.808932157745,711.8550849538691,0,0,0,834.4,595.2,,,,1,1,1,1,,,,350927,930140.2500000009
1779767100,710,724.2,706.7,710.55,707.5571457261959,711.7364408671538,0,0,0,834.4,595.2,,,,1,1,1,1,,,,202572,916112.7500000009
1779853500,710,718.05,701.4,710.1,708.0657165809567,711.5876735155944,0,0,0,834.4,595.2,,,,1,1,1,1,,,,239388,789343.550000001
1780026300,717.7,746.6,707.4,716.85,709.8225732647654,712.0660668323585,0,0,0,834.4,595.2,,,,1,1,1,1,,,,904651,806901.900000001
1780285500,719.65,753,719.65,730.05,713.8680586118123,713.7009698475987,0,0,0,834.4,595.2,,,,1,1,1,1,,,,871303,830567.8500000009
1780371900,735.7,760.2,731.65,748.25,720.7444468894498,716.8417907705442,0,0,0,834.4,595.2,,,,1,1,1,1,,,,1179056,868666.2500000009
1780458300,746.95,748,720.2,744.95,725.5855575115598,719.3970825186766,0,0,0,834.4,595.2,,,,1,1,1,1,,,,423506,843778.650000001
1780544700,743,743.3,728.25,732.9,727.0484460092479,720.6246204715242,0,0,0,834.4,595.2,,,,1,1,1,1,,,,326352,784848.250000001
1780631100,734.5,753.2,732.75,745.95,730.8287568073983,722.9269277013856,0,0,0,834.4,595.2,,,,1,1,1,1,,,,468120,754128.800000001
1780890300,740,748.1,716.4,722,729.0630054459186,722.8426615467141,0,0,0,834.4,595.2,,,,1,1,1,1,,,,326763,532093.7500000009
1780976700,727.9,756,722,751.9,733.6304043567349,725.48423776974,0,0,0,834.4,595.2,,,,1,1,1,1,,,,503191,508043.3500000009
1781063100,756.2,790.95,743.35,746.45,736.1943234853879,727.3902161543091,0,0,0,834.4,595.2,,,,1,1,1,1,,,,1252071,534122.1000000009
1781149500,741,749.7,726.15,729.7,734.8954587883104,727.6001965039173,0,0,0,834.4,595.2,,,,1,1,1,1,,,,289067,529774.450000001
1781235900,740,747.7,736.2,743.05,736.5263670306483,729.0047240944704,0,0,0,834.4,595.2,,,,1,1,1,1,,,,176128,497440.10000000114
1781495100,755,766,745.85,758.55,740.9310936245187,731.6906582677003,0,0,0,834.4,595.2,,,,1,1,1,1,,,,317336,495704.60000000114
1781581500,760.9,779,755.1,759.6,744.6648748996149,734.2278711524548,0,0,0,834.4,595.2,,,,1,1,1,1,,,,559248,499519.150000001
1781667900,759.95,773.5,757.25,764.9,748.711899919692,737.0162465022316,0,0,0,834.4,595.2,,,,1,1,1,1,,,,275230,472305.3000000011
1781754300,766.1,766.15,749.95,757.3,750.4295199357535,738.8602240929379,0,0,0,834.4,595.2,,,,1,1,1,1,,,,263831,471442.2500000012
1781840700,749.7,754.4,730.15,746.7,749.6836159486029,739.5729309935799,0,0,0,834.4,595.2,,,,1,1,1,1,,,,624525,490013.60000000114
1782099900,746,763.95,746,752.2,750.1868927588823,740.7208463577999,0,0,0,834.4,595.2,,,,1,1,1,1,,,,231079,489217.2000000011
1782186300,756.5,756.5,735.1,747.55,749.6595142071059,741.3416785070908,0,0,0,834.4,595.2,,,,1,1,1,1,,,,217988,482570.25000000105
1782272700,750,759.65,746.3,755.35,750.7976113656847,742.6151622791734,0,0,0,834.4,595.2,,,,1,1,1,1,,,,237573,484320.30000000104
1782359100,758.2,767.4,743.3,747.05,750.0480890925478,743.0183293447031,0,0,0,834.4,595.2,,,,1,1,1,1,,,,179077,481304.75000000093
1782704700,747.05,759.6,721.25,727.1,745.4584712740383,741.5712084951847,1,0,0,834.4,595.2,,,,2,1,1,1,1,,,612452,466694.8000000009
1782791100,734,734,707.1,717.25,739.8167770192306,739.360189541077,0,0,0,834.4,595.2,,,,2,1,1,1,,,,224713,434365.3000000009
1782877500,724.9,746.75,720.3,726,737.0534216153844,738.1456268555246,0,0,0,834.4,595.2,,,,2,1,1,1,,,,376552,394240.1000000009
1782963900,728.75,759.7,728.7,755.4,740.7227372923076,739.714206232295,0,0,0,834.4,595.2,,,,2,1,1,1,,,,554201,400774.8500000009
1783050300,762.1,798.25,762.1,787,749.978189833846,744.0129147566319,0,0,1,834.4,595.2,,,,1,1,1,1,,,1,1475847,458249.6000000009
1783309500,791,792.75,766.3,769.35,753.8525518670768,746.3162861423926,0,0,0,834.4,595.2,,,,1,1,1,1,,,,211344,445410.8000000009