time,open,high,low,close,EMA 9,EMA 21,Entry,TP,SL,B,A0,A1,A2,A3,ST0,ST1,ST2,ST3,ENTRY,TP,SL,Volume,VolAvg
1765424700,25777.45,25803.05,25727.15,25798.25,25774.721453716968,25799.751374984382,0,0,0,26319.9,25857.5,25740.8,25318.45,25060.55,3,3,2,2,,,,20056547,8894819.85
1765425600,25801.35,25802.75,25693.25,25712.25,25762.227162973573,25791.796704531258,0,1,0,26319.9,25857.5,25740.8,25318.45,25060.55,3,3,3,2,,1,,10672878,9078001.6
1765426500,25711.45,25739.7,25695.45,25714,25752.581730378857,25784.7242768466,0,0,0,26319.9,25857.5,25740.8,25318.45,25060.55,3,3,3,2,,,,7203022,8993621.55
1765427400,25713.4,25807.75,25712.35,25807.55,25763.575384303087,25786.799342587816,0,0,0,26319.9,25857.5,25740.8,25318.45,25060.55,3,3,3,2,,,,8230977,9114398.9
1765428300,25805.5,25822.05,25788.55,25808.65,25772.59030744247,25788.785765988923,0,0,0,26319.9,25857.5,25740.8,25318.45,25060.55,3,3,3,2,,,,9233666,9256779.2
1765429200,25811.1,25841.4,25802.7,25825.35,25783.142245953975,25792.109787262656,0,0,0,26319.9,25857.5,25740.8,25318.45,25060.55,3,3,3,2,,,,7591757,9366878.5
1765430100,25826.5,25844.5,25794.35,25794.35,25785.38379676318,25792.31344296605,0,0,0,26319.9,25857.5,25740.8,25318.45,25060.55,3,3,3,2,,,,9425840,9558342.2
1765431000,25794.45,25803.1,25764.5,25797.45,25787.797037410546,25792.780402696408,0,0,0,26319.9,25857.5,25740.8,25318.45,25060.55,3,3,3,2,,,,7656756,9709405.3
1765431900,25797.5,25828.7,25789.9,25820.65,25794.367629928438,25795.31400245128,0,0,0,26319.9,25857.5,25740.8,25318.45,25060.55,3,3,3,2,,,,5516938,9675601.1
1765432800,25820.6,25836.95,25813.3,25833.7,25802.234103942752,25798.80363859207,0,0,0,26319.9,25857.5,25740.8,25318.45,25060.55,3,3,3,2,,,,5562869,9704521.55
1765433700,25833.6,25853.15,25819.45,25846.9,25811.167283154202,25803.176035083703,0,0,0,26319.9,25857.5,25740.8,25318.45,25060.55,3,3,3,2,,,,5572806,9677201.35
1765434600,25847.15,25889.9,25846.95,25876.6,25824.25382652336,25809.850940985183,0,0,0,26319.9,25857.5,25740.8,25318.45,25060.55,3,3,3,2,,,,5791278,9651866.05
1765435500,25878.6,25919.2,25869,25907.3,25840.863061218686,25818.709946350165,0,0,0,26319.9,25857.5,25740.8,25318.45,25060.55,3,3,3,2,,,,5722044,9640457.2
1765436400,25906.9,25913.3,25881.4,25899.85,25852.660448974948,25826.086314863787,0,0,0,26319.9,25857.5,25740.8,25318.45,25060.55,3,3,3,2,,,,4841040,9496307.95
1765437300,25900.55,25903.4,25877.15,25879,25857.928359179958,25830.89664987617,0,0,0,26319.9,25857.5,25740.8,25318.45,25060.55,3,3,3,2,,,,5124849,9198367.05
1765438200,25879.05,25887.4,25840.8,25855.15,25857.372687343966,25833.101499887427,0,0,0,26319.9,25857.5,25740.8,25318.45,25060.55,3,3,3,2,,,,5906594,9048878.6
1765439100,25854.05,25870.35,25850.55,25862.5,25858.398149875175,25835.774090806754,0,0,0,26319.9,25857.5,25740.8,25318.45,25060.55,3,3,3,2,,,,4359390,8750159.3
1765440000,25860,25889.8,25860,25873.8,25861.478519900138,25839.230991642504,0,0,0,26319.9,25857.5,25740.8,25318.45,25060.55,3,3,3,2,,,,5567223,8660478.6
1765440900,25874,25901.85,25868.95,25890.3,25867.24281592011,25843.873628765912,0,0,0,26319.9,25857.5,25740.8,25318.45,25060.55,3,3,3,2,,,,5263595,8013014.25
1765441800,25890.65,25890.75,25860.6,25866.2,25867.034252736088,25845.903298878104,0,0,0,26319.9,25857.5,25740.8,25318.45,25060.55,3,3,3,2,,,,5746427,7252324.8
1765442700,25863.25,25918.05,25863.25,25916.5,25876.92740218887,25852.321180798277,0,0,0,26319.9,25857.5,25740.8,25318.45,25060.55,3,3,3,2,,,,8265196,6662757.25
1765443600,25917.1,25922.8,25878.9,25880.55,25877.651921751098,25854.887437089343,0,0,0,26319.9,25857.5,25740.8,25318.45,25060.55,3,3,3,2,,,,7175337,6487880.2
1765444500,25881.1,25885.55,25848.25,25874.25,25876.971537400877,25856.64767008122,0,0,0,26319.9,25857.5,25740.8,25318.45,25060.55,3,3,3,2,,,,10251511,6640304.65
1765445400,25874.75,25907.8,25874.75,25895.45,25880.667229920702,25860.17515461929,0,0,0,26319.9,25857.5,25740.8,25318.45,25060.55,3,3,3,2,,,,14082494,6932880.5
1765446300,25895.1,25903.4,25891.05,25898.4,25884.21378393656,25863.65014056299,0,0,0,26319.9,25857.5,25740.8,25318.45,25060.55,3,3,3,2,,,,20009987,7471696.55
1765511100,25989.2,26013.85,25963.1,26010.15,25909.401027149248,25876.96830960272,0,0,0,26319.9,25857.5,25740.8,25318.45,25060.55,3,3,3,2,,,,18771625,8030689.95
1765512000,26009.3,26038.4,26009.3,26023.9,25932.3008217194,25890.325736002473,0,0,1,26319.9,25857.5,25740.8,25318.45,25060.55,3,3,3,1,,,1,10856687,8102232.3
1765512900,26024.85,26027.25,26001.6,26007.55,25947.35065737552,25900.982487274974,0,0,0,26319.9,25857.5,25740.8,25318.45,25060.55,3,3,3,1,,,,8440606,8141424.8
1765513800,26006.5,26011.3,25968.6,25988.5,25955.580525900416,25908.93862479543,0,0,0,26319.9,25857.5,25740.8,25318.45,25060.55,3,3,3,1,,,,6221957,8176675.75
1765514700,25989.15,26008.25,25938.45,25960.65,25956.594420720332,25913.639658904936,0,0,0,26319.9,25857.5,25740.8,25318.45,25060.55,3,3,3,1,,,,7287555,8262910.05
1765515600,25960.3,25983.45,25955.9,25961.2,25957.515536576266,25917.963326277215,0,0,0,26319.9,25857.5,25740.8,25318.45,25060.55,3,3,3,1,,,,6415492,8305044.35
1765516500,25960.85,25974.95,25949.15,25954.9,25956.992429261012,25921.321205706558,0,0,0,26319.9,25857.5,25740.8,25318.45,25060.55,3,3,3,1,,,,6355169,8333238.9
1765517400,25955.4,26000.25,25953.3,25990.45,25963.68394340881,25927.605641551418,0,0,0,26319.9,25857.5,25740.8,25318.45,25060.55,3,3,3,1,,,,6459577,8370115.55
1765518300,25990.8,26019.35,25989.25,26012.95,25973.537154727048,25935.364219592197,0,0,0,26319.9,25857.5,25740.8,25318.45,25060.55,3,3,3,1,,,,5600663,8408096.7
1765519200,26013,26020.95,26005.5,26014.85,25981.799723781638,25942.59019962927,0,0,0,26319.9,25857.5,25740.8,25318.45,25060.55,3,3,3,1,,,,6521475,8477928
1765520100,26014.65,26033.6,26008.75,26028.85,25991.20977902531,25950.431999662975,0,0,0,26319.9,25857.5,25740.8,25318.45,25060.55,3,3,3,1,,,,6858548,8525525.7
1765521000,26028.3,26037.85,25998.95,26013.65,25995.69782322025,25956.179090602705,0,0,0,26319.9,25857.5,25740.8,25318.45,25060.55,3,3,3,1,,,,8698490,8742480.7
1765521900,26014.2,26029.5,26007.55,26023.65,26001.288258576198,25962.312809638825,0,0,0,26319.9,25857.5,25740.8,25318.45,25060.55,3,3,3,1,,,,4154558,8671847.45
1765522800,26023.05,26037.85,26015.55,26016.2,26004.27060686096,25967.211645126205,0,0,0,26319.9,25857.5,25740.8,25318.45,25060.55,3,3,3,1,,,,6302576,8723796.5
1765523700,26016.75,26024.9,26011.85,26022.25,26007.86648548877,25972.215131932913,0,0,0,26319.9,25857.5,25740.8,25318.45,25060.55,3,3,3,1,,,,6608949,8766922.6
1765524600,26022.4,26035.05,26009.05,26034.05,26013.103188391015,25977.836483575375,0,0,0,26319.9,25857.5,25740.8,25318.45,25060.55,3,3,3,1,,,,6042310,8655778.3
1765525500,26034.7,26035.8,26015.3,26015.4,26013.562550712813,25981.251348704885,0,0,0,26319.9,25857.5,25740.8,25318.45,25060.55,3,3,3,1,,,,6334073,8613715.1
1765526400,26015.1,26027.7,26008.95,26021.8,26015.21004057025,25984.937589731715,0,0,0,26319.9,25857.5,25740.8,25318.45,25060.55,3,3,3,1,,,,5368435,8369561.3
1765527300,26023.1,26033.55,26018.05,26025,26017.1680324562,25988.57962702883,0,0,0,26319.9,25857.5,25740.8,25318.45,25060.55,3,3,3,1,,,,6699282,8000400.7
1765528200,26025.8,26056.3,26024.2,26043.05,26022.34442596496,25993.53147911712,0,0,0,26319.9,25857.5,25740.8,25318.45,25060.55,3,3,3,1,,,,8244655,7412134.1
1765529100,26042.9,26045.5,26026.95,26033.7,26024.615540771967,25997.183162833746,0,0,0,26319.9,25857.5,25740.8,25318.45,25060.55,3,3,3,1,,,,6132884,6780197.05
1765530000,26034.1,26039.5,26018.7,26028.1,26025.312432617575,25999.993784394315,0,0,0,26319.9,25857.5,25740.8,25318.45,25060.55,3,3,3,1,,,,7996497,6637187.55
1765530900,26026.95,26031.2,26015.8,26028.5,26025.94994609406,26002.585258540286,0,0,0,26319.9,25857.5,25740.8,25318.45,25060.55,3,3,3,1,,,,7801079,6605211.2
1765531800,26026.95,26057.6,26026.95,26054.1,26031.579956875248,26007.268416854804,0,0,0,26319.9,25857.5,25740.8,25318.45,25060.55,3,3,3,1,,,,22120569,7400141.8
1765532700,26053.95,26054.5,26037.15,26037.15,26032.6939655002,26009.984924413457,0,0,0,26319.9,25857.5,25740.8,25318.45,25060.55,3,3,3,1,,,,22558486,8163688.35
1765770300,25959.5,26007.2,25913.65,25918.6,26009.87517240016,26001.677204012234,0,0,0,26319.9,25857.5,25740.8,25318.45,25060.55,3,3,3,1,,,,19770887,8831458.1
1765771200,25918.75,25936.9,25910.25,25917.15,25991.33013792013,25993.992912738395,0,0,0,26319.9,25857.5,25740.8,25318.45,25060.55,3,3,3,1,,,,9894539,9008426.6
1765772100,25916.8,25953,25904.75,25951.6,25983.384110336105,25990.13901158036,0,0,0,26319.9,25857.5,25740.8,25318.45,25060.55,3,3,3,1,,,,6084390,8989667.25
1765773000,25951.9,25962.2,25937.5,25961.35,25978.977288268885,25987.521828709418,0,0,0,26319.9,25857.5,25740.8,25318.45,25060.55,3,3,3,1,,,,6064004,9012834.3
1765773900,25961.8,25978.1,25954.55,25976.05,25978.391830615106,25986.47893519038,0,0,0,26319.9,25857.5,25740.8,25318.45,25060.55,3,3,3,1,,,,5393969,8956459
1765774800,25976.1,25981.3,25946.95,25968.15,25976.343464492085,25984.81266835489,0,0,0,26319.9,25857.5,25740.8,25318.45,25060.55,3,3,3,1,,,,6570282,8942045.7
1765775700,25968.4,25997.55,25965.95,25987.25,25978.524771593668,25985.03424395899,0,0,0,26319.9,25857.5,25740.8,25318.45,25060.55,3,3,3,1,,,,4645280,8739385.2
1765776600,25987.35,25993.6,25974.55,25980.95,25979.009817274935,25984.66294905363,0,0,0,26319.9,25857.5,25740.8,25318.45,25060.55,3,3,3,1,,,,6889538,8876134.2
1765777500,25980.85,25995.55,25968.15,25991.7,25981.54785381995,25985.302680957844,0,0,0,26319.9,25857.5,25740.8,25318.45,25060.55,3,3,3,1,,,,5999154,8860963.1
1765778400,25991.15,25994.6,25961.55,25971,25979.43828305596,25984.002437234405,0,0,0,26319.9,25857.5,25740.8,25318.45,25060.55,3,3,3,1,,,,4836025,8772316.9
1765779300,25971.2,26021.25,25969.85,26016.1,25986.770626444766,25986.92039748582,0,0,0,26319.9,25857.5,25740.8,25318.45,25060.55,3,3,3,1,,,,5777166,8759059.7
1765780200,26016.2,26028.25,26008.55,26018.55,25993.126501155813,25989.7958158962,0,0,0,26319.9,25857.5,25740.8,25318.45,25060.55,3,3,3,1,,,,4672517,8675981.9
1765781100,26019.55,26027.3,26011.45,26018.6,25998.22120092465,25992.414378087455,0,0,0,26319.9,25857.5,25740.8,25318.45,25060.55,3,3,3,1,,,,4512545,8633187.4
1765782000,26020.1,26029.95,26007.7,26010.15,26000.606960739722,25994.02670735223,0,0,0,26319.9,25857.5,25740.8,25318.45,25060.55,3,3,3,1,,,,4308891,8513667.85
1765782900,26009.95,26022.85,26003.45,26016,26003.685568591776,25996.02427941112,0,0,0,26319.9,25857.5,25740.8,25318.45,25060.55,3,3,3,1,,,,4432674,8323068.8
1765783800,26016.2,26045,26015.35,26042.1,26011.36845487342,26000.212981282835,0,0,0,26319.9,25857.5,25740.8,25318.45,25060.55,3,3,3,1,,,,4854354,8259142.3
1765784700,26041.95,26043.95,26024.4,26025.7,26014.234763898738,26002.529982984397,0,0,0,26319.9,25857.5,25740.8,25318.45,25060.55,3,3,3,1,,,,5048137,8111724.3
1765785600,26026.5,26036,26023.4,26025.45,26016.47781111899,26004.613620894906,0,0,0,26319.9,25857.5,25740.8,25318.45,25060.55,3,3,3,1,,,,5191438,7981242.25
1765786500,26025.6,26034.05,26018.65,26022.2,26017.622248895193,26006.212382631733,0,0,0,26319.9,25857.5,25740.8,25318.45,25060.55,3,3,3,1,,,,3458616,7048144.6
1765787400,26022,26038.05,25990.15,26009.85,26016.067799116154,26006.543075119756,0,0,0,26319.9,25857.5,25740.8,25318.45,25060.55,3,3,3,1,,,,7725924,6306516.5
1765788300,26009.5,26020.35,26007.4,26016.65,26016.184239292925,26007.461886472505,0,0,0,26319.9,25857.5,25740.8,25318.45,25060.55,3,3,3,1,,,,5247084,5580326.35
1765789200,26016.45,26035.65,26008.5,26035.65,26020.07739143434,26010.024442247734,0,0,0,26319.9,25857.5,25740.8,25318.45,25060.55,3,3,3,1,,,,7323834,5451791.1
1765790100,26035.2,26047.15,26028.05,26036.5,26023.361913147473,26012.431311134304,0,0,0,26319.9,25857.5,25740.8,25318.45,25060.55,3,3,3,1,,,,9021006,5598621.9
1765791000,26035.1,26037.6,26019.55,26030.05,26024.699530517977,26014.033010122093,0,0,0,26319.9,25857.5,25740.8,25318.45,25060.55,3,3,3,1,,,,13425340,5966688.7
1765791900,26029.85,26031.55,26013.35,26014,26022.55962441438,26014.030009201902,0,0,0,26319.9,25857.5,25740.8,25318.45,25060.55,3,3,3,1,,,,16720669,6533023.7
1765856700,25980.75,25980.75,25920.1,25923.1,26002.667699531507,26005.763644729002,0,0,0,26319.9,25857.5,25740.8,25318.45,25060.55,3,3,3,1,,,,21412033,7275111.25
1765857600,25922.75,25930.8,25901.65,25926.65,25987.464159625204,25998.571495208183,0,0,0,26319.9,25857.5,25740.8,25318.45,25060.55,3,3,3,1,,,,12010656,7643380.05
1765858500,25926,25943.75,25902.6,25906.1,25971.191327700162,25990.1649956438,0,0,0,26319.9,25857.5,25740.8,25318.45,25060.55,3,3,3,1,,,,10196560,7808731.15
1765859400,25906.05,25906.1,25879.3,25892.85,25955.52306216013,25981.318177858,0,0,0,26319.9,25857.5,25740.8,25318.45,25060.55,3,3,3,1,,,,9765811,7997064
1765860300,25892.45,25922.7,25888.15,25910.45,25946.508449728102,25974.875616234545,0,0,0,26319.9,25857.5,25740.8,25318.45,25060.55,3,3,3,1,,,,8200762,8165300.85
1765861200,25909.95,25919.35,25898.15,25905.3,25938.26675978248,25968.55056021322,0,0,0,26319.9,25857.5,25740.8,25318.45,25060.55,3,3,3,1,,,,6768709,8214878
1765862100,25904.85,25911.5,25890.85,25900.15,25930.643407825984,25962.332327466564,0,0,0,26319.9,25857.5,25740.8,25318.45,25060.55,3,3,3,1,,,,7120845,8337294.4
1765863000,25899.75,25910.35,25891.3,25898.8,25924.274726260788,25956.55666133324,0,0,0,26319.9,25857.5,25740.8,25318.45,25060.55,3,3,3,1,,,,8323565,8527845.4
1765863900,25898.25,25911.2,25892.6,25905.45,25920.50978100863,25951.91060121204,0,0,0,26319.9,25857.5,25740.8,25318.45,25060.55,3,3,3,1,,,,8810333,8752917.5
1765864800,25905.7,25907.65,25872.6,25875.1,25911.427824806902,25944.927819283672,0,0,0,26319.9,25857.5,25740.8,25318.45,25060.55,3,3,3,1,,,,6581762,8860371.9
1765865700,25875.65,25891,25871.2,25876.05,25904.35225984552,25938.666199348794,0,0,0,26319.9,25857.5,25740.8,25318.45,25060.55,3,3,3,1,,,,6493539,8942331.15
1765866600,25876.3,25890.65,25870.45,25887.5,25900.981807876415,25934.01472668072,0,0,0,26319.9,25857.5,25740.8,25318.45,25060.55,3,3,3,1,,,,8668654,9123357
1765867500,25887.05,25908.5,25882.2,25906.15,25902.01544630113,25931.481569709747,0,0,0,26319.9,25857.5,25740.8,25318.45,25060.55,3,3,3,1,,,,7356704,9231620.3
1765868400,25905.6,25914.45,25880.25,25894.35,25900.482357040906,25928.105972463407,0,0,0,26319.9,25857.5,25740.8,25318.45,25060.55,3,3,3,1,,,,6218562,9369617.6
1765869300,25893.7,25901,25876.15,25898.75,25900.135885632724,25925.437247694008,0,0,0,26319.9,25857.5,25740.8,25318.45,25060.55,3,3,3,1,,,,7788191,9372730.95
1765870200,25898.9,25899.2,25875.85,25886.85,25897.47870850618,25921.92931608546,0,0,0,26319.9,25857.5,25740.8,25318.45,25060.55,3,3,3,1,,,,6680070,9444380.25
1765871100,25887.65,25896.7,25876.3,25885.3,25895.042966804944,25918.59937825951,0,0,0,26319.9,25857.5,25740.8,25318.45,25060.55,3,3,3,1,,,,8654626,9510919.85
1765872000,25885.6,25916.25,25884.7,25905.15,25897.064373443955,25917.376707508647,0,0,0,26319.9,25857.5,25740.8,25318.45,25060.55,3,3,3,1,,,,7154046,9417571.85
1765872900,25904.95,25929.15,25894.45,25897.25,25897.101498755164,25915.547006826044,0,0,0,26319.9,25857.5,25740.8,25318.45,25060.55,3,3,3,1,,,,7918874,9142248.55
1765873800,25897.2,25909.75,25875.9,25883.25,25894.331199004133,25912.6109152964,0,0,0,26319.9,25857.5,25740.8,25318.45,25060.55,3,3,3,1,,,,8488421,8730636.15
1765874700,25883.8,25884.55,25848.4,25868.75,25889.214959203306,25908.623559360367,0,0,0,26319.9,25857.5,25740.8,25318.45,25060.55,3,3,3,1,,,,12705235,8295296.25
1765875600,25868.95,25872.2,25848.15,25865.9,25884.551967362644,25904.739599418517,0,0,0,26319.9,25857.5,25740.8,25318.45,25060.55,3,3,3,1,,,,9535224,8171524.65
1765876500,25866.45,25902.05,25859,25883.8,25884.401573890114,25902.83599947138,0,0,0,26319.9,25857.5,25740.8,25318.45,25060.55,3,3,3,1,,,,16199775,8471685.4
1765877400,25885,25896.85,25854.75,25856.05,25878.73125911209,25898.582726792163,0,0,0,26319.9,25857.5,25740.8,25318.45,25060.55,3,3,3,1,,,,24938547,9230322.2
1765878300,25858.75,25858.75,25834.35,25851.35,25873.25500728967,25894.28884253833,0,0,0,26319.9,25857.5,25740.8,25318.45,25060.55,3,3,3,1,,,,24565761,10048572.15
1765943100,25904.15,25924.9,25855.65,25903.3,25879.264005831737,25895.10803867121,0,0,0,26319.9,25857.5,25740.8,25318.45,25060.55,3,3,3,1,,,,19721836,10696228.5
1765944000,25903.5,25929.15,25878.1,25880.8,25879.57120466539,25893.80730788292,0,0,0,26319.9,25857.5,25740.8,25318.45,25060.55,3,3,3,1,,,,10281711,10854271.8
1765944900,25880.2,25890,25851.35,25868.45,25877.34696373231,25891.50209807538,0,0,0,26319.9,25857.5,25740.8,25318.45,25060.55,3,3,3,1,,,,9158636,10896025.35
1765945800,25868.25,25871.05,25823.95,25841.05,25870.08757098585,25886.91554370489,0,0,0,26319.9,25857.5,25740.8,25318.45,25060.55,3,3,3,1,,,,6451144,10778065.9
1765946700,25840.15,25851.75,25809.1,25813.2,25858.710056788677,25880.21413064081,0,0,0,26319.9,25857.5,25740.8,25318.45,25060.55,3,3,3,1,,,,4735846,10685770.1
1765947600,25813.65,25829.9,25811.05,25819.05,25850.778045430943,25874.65375512801,0,0,0,26319.9,25857.5,25740.8,25318.45,25060.55,3,3,3,1,,,,4806792,10601432.75
1765948500,25819.6,25834.9,25801.8,25819.5,25844.522436344756,25869.6397773891,0,0,0,26319.9,25857.5,25740.8,25318.45,25060.55,3,3,3,1,,,,5582411,10447120.6
1765949400,25819.95,25843.6,25813.05,25842.75,25844.167949075803,25867.19525217191,0,0,0,26319.9,25857.5,25740.8,25318.45,25060.55,3,3,3,1,,,,5715588,10365064.8
1765950300,25842.05,25850.75,25812.8,25814.55,25838.244359260643,25862.409320156283,0,0,0,26319.9,25857.5,25740.8,25318.45,25060.55,3,3,3,1,,,,5239953,10316134.35
1765951200,25815.15,25834.4,25806.7,25827.95,25836.185487408515,25859.27665468753,0,0,0,26319.9,25857.5,25740.8,25318.45,25060.55,3,3,3,1,,,,5915385,10222494.05
1765952100,25828.3,25851.3,25816.25,25817.35,25832.41838992681,25855.465140625027,0,0,0,26319.9,25857.5,25740.8,25318.45,25060.55,3,3,3,1,,,,9750118,10375996.45
1765953000,25817.4,25818.1,25789.05,25796.4,25825.214711941448,25850.095582386388,0,0,0,26319.9,25857.5,25740.8,25318.45,25060.55,3,3,3,1,,,,6249822,10255756.25
1765953900,25796.25,25809.15,25784.95,25786.1,25817.391769553156,25844.277802169443,0,0,0,26319.9,25857.5,25740.8,25318.45,25060.55,3,3,3,1,,,,4282963,10112202.1
1765954800,25785.7,25795.85,25783.75,25793.95,25812.703415642525,25839.702547426765,0,0,0,26319.9,25857.5,25740.8,25318.45,25060.55,3,3,3,1,,,,5218251,9977170.95
1765955700,25795.3,25812.85,25780.4,25783.6,25806.88273251402,25834.602315842512,0,0,0,26319.9,25857.5,25740.8,25318.45,25060.55,3,3,3,1,,,,5476774,9826588.6
1765956600,25783.2,25802.5,25779.55,25791.4,25803.786186011217,25830.674832584104,0,0,0,26319.9,25857.5,25740.8,25318.45,25060.55,3,3,3,1,,,,4436146,9413134.15
1765957500,25791.45,25826.15,25788.65,25811.4,25805.308948808975,25828.922575076456,0,0,0,26319.9,25857.5,25740.8,25318.45,25060.55,3,3,3,1,,,,5202904,9196518.15
1765958400,25811.45,25815.5,25781.75,25786.55,25801.55715904718,25825.070522796777,0,0,0,26319.9,25857.5,25740.8,25318.45,25060.55,3,3,3,1,,,,6886317,8730845.25
1765959300,25786.5,25797.5,25780.9,25796.1,25800.465727237744,25822.43683890616,0,0,0,26319.9,25857.5,25740.8,25318.45,25060.55,3,3,3,1,,,,5070797,7737457.75
1765960200,25795.45,25800.25,25787,25798.55,25800.082581790197,25820.26530809651,0,0,0,26319.9,25857.5,25740.8,25318.45,25060.55,3,3,3,1,,,,5134583,6765898.85
1765961100,25798.5,25832.65,25787.7,25791.75,25798.416065432157,25817.673007360463,0,0,0,26319.9,25857.5,25740.8,25318.45,25060.55,3,3,3,1,,,,10638422,6311728.15
1765962000,25791.65,25819.65,25770.35,25792.6,25797.252852345726,25815.393643054966,0,0,0,26319.9,25857.5,25740.8,25318.45,25060.55,3,3,3,1,,,,11046772,6349981.2
1765962900,25793.25,25823.7,25790.9,25813.7,25800.54228187658,25815.239675504516,0,0,0,26319.9,25857.5,25740.8,25318.45,25060.55,3,3,3,1,,,,6776937,6230896.25
1765963800,25813.8,25831.55,25813.8,25816.35,25803.703825501263,25815.340614095014,0,0,0,26319.9,25857.5,25740.8,25318.45,25060.55,3,3,3,1,,,,18760354,6846356.75
1765964700,25816.25,25835.75,25809.2,25822.65,25807.49306040101,25816.00510372274,0,0,0,26319.9,25857.5,25740.8,25318.45,25060.55,3,3,3,1,,,,21765231,7697826
1766029500,25768.9,25827.15,25762.45,25780.05,25802.004448320808,25812.73645792976,0,0,0,26319.9,25857.5,25740.8,25318.45,25060.55,3,3,3,1,,,,18289626,8371967.7
1766030400,25780.15,25795.45,25742.6,25745.1,25790.623558656647,25806.587689027056,0,0,0,26319.9,25857.5,25740.8,25318.45,25060.55,3,3,3,1,,,,9119675,8548830.9
1766031300,25745.6,25756.25,25726.3,25748.75,25782.24884692532,25801.32971729732,0,0,0,26319.9,25857.5,25740.8,25318.45,25060.55,3,3,3,1,,,,6617464,8593924.7
1766032200,25748.7,25797.5,25736.7,25791.15,25784.029077540254,25800.40428845211,0,0,0,26319.9,25857.5,25740.8,25318.45,25060.55,3,3,3,1,,,,6161644,8640009.25
1766033100,25792.3,25841.5,25785.65,25829.75,25793.173262032204,25803.07208041101,0,0,0,26319.9,25857.5,25740.8,25318.45,25060.55,3,3,3,1,,,,6681648,8678322.4
1766034000,25830.55,25863.95,25826.7,25852.4,25805.018609625764,25807.556436737283,0,0,0,26319.9,25857.5,25740.8,25318.45,25060.55,3,3,3,1,,,,6691778,8525405.4
1766034900,25852.85,25858.85,25836.45,25850.05,25814.024887700612,25811.419487942985,0,0,0,26319.9,25857.5,25740.8,25318.45,25060.55,3,3,3,1,,,,6362897,8531059.15
1766035800,25849.6,25851.1,25825.8,25831.7,25817.55991016049,25813.26317085726,0,0,0,26319.9,25857.5,25740.8,25318.45,25060.55,3,3,3,1,,,,4928000,8563311
1766036700,25831.45,25856.7,25821.7,25855.35,25825.11792812839,25817.08924623387,0,0,0,26319.9,25857.5,25740.8,25318.45,25060.55,3,3,3,1,,,,6247838,8614790.35
1766037600,25855.4,25860.5,25848.5,25851.55,25830.404342502712,25820.222042030793,0,0,0,26319.9,25857.5,25740.8,25318.45,25060.55,3,3,3,1,,,,4806380,8581270.65
1766038500,25851.7,25879,25842.15,25866.95,25837.71347400217,25824.470038209813,0,0,0,26319.9,25857.5,25740.8,25318.45,25060.55,3,3,3,1,,,,7048406,8711883.65
1766039400,25867.15,25882.9,25853.8,25878.8,25845.930779201735,25829.409125645285,0,0,0,26319.9,25857.5,25740.8,25318.45,25060.55,3,3,3,1,,,,7386616,8821069.25
1766040300,25878.95,25884.8,25861.65,25879.85,25852.71462336139,25833.99465967753,0,0,0,26319.9,25857.5,25740.8,25318.45,25060.55,3,3,3,1,,,,6837553,8818631.05
1766041200,25880.15,25899.05,25877.8,25893.85,25860.941698689112,25839.4360542523,0,0,0,26319.9,25857.5,25740.8,25318.45,25060.55,3,3,3,1,,,,5201546,8825168.5
1766042100,25894.15,25902.35,25874.55,25881.8,25865.11335895129,25843.287322047545,0,0,0,26319.9,25857.5,25740.8,25318.45,25060.55,3,3,3,1,,,,5898041,8863341.4
1766043000,25882.75,25887.5,25873.1,25879.8,25868.05068716103,25846.60665640686,0,0,0,26319.9,25857.5,25740.8,25318.45,25060.55,3,3,3,1,,,,4366009,8549720.75
1766043900,25880,25880,25861.05,25867.15,25867.870549728825,25848.474233097146,0,0,0,26319.9,25857.5,25740.8,25318.45,25060.55,3,3,3,1,,,,5028577,8248811
1766044800,25868.05,25868.25,25839.9,25844.55,25863.206439783058,25848.117484633767,0,0,0,26319.9,25857.5,25740.8,25318.45,25060.55,3,3,3,1,,,,4921049,8156016.6
1766045700,25845.9,25862.85,25837.85,25843.4,25859.245151826446,25847.688622394333,0,0,0,26319.9,25857.5,25740.8,25318.45,25060.55,3,3,3,1,,,,5827246,7509361.2
1766046600,25843.55,25843.6,25802.15,25805.25,25848.44612146116,25843.83056581303,0,0,0,26319.9,25857.5,25740.8,25318.45,25060.55,3,3,3,1,,,,5946678,6718433.55
1766047500,25805.3,25814.85,25779.25,25789.55,25836.666897168925,25838.895968920937,0,0,0,26319.9,25857.5,25740.8,25318.45,25060.55,3,3,3,1,,,,6349696,6121437.05
1766048400,25794.25,25833.95,25781.65,25792.55,25827.84351773514,25834.682699019035,0,0,0,26319.9,25857.5,25740.8,25318.45,25060.55,3,3,3,1,,,,11305357,6230721.15
1766049300,25792.5,25806.6,25770.85,25786.05,25819.484814188112,25830.26154456276,0,0,0,26319.9,25857.5,25740.8,25318.45,25060.55,3,3,3,1,,,,10043308,6402013.35
1766050200,25786.35,25829.75,25786.35,25820.4,25819.66785135049,25829.3650405116,0,0,0,26319.9,25857.5,25740.8,25318.45,25060.55,3,3,3,1,,,,16578016,6922831.95
1766051100,25821.25,25826.2,25806.7,25815.65,25818.86428108039,25828.11821864691,0,0,0,26319.9,25857.5,25740.8,25318.45,25060.55,3,3,3,1,,,,17384640,7457981.55
1766115900,25913.35,25950.85,25880.45,25950.3,25845.15142486431,25839.22565331537,0,0,0,26319.9,25857.5,25740.8,25318.45,25060.55,3,3,3,1,,,,22365841,8241684.7
1766116800,25951.3,25968.7,25951.15,25956.4,25867.401139891448,25849.87786665034,0,0,0,26319.9,25857.5,25740.8,25318.45,25060.55,3,3,3,1,,,,9949146,8420997.15
1766117700,25956.45,25970.4,25939.95,25958.85,25885.69091191316,25859.78442422758,0,0,0,26319.9,25857.5,25740.8,25318.45,25060.55,3,3,3,1,,,,7852172,8567205.75
1766118600,25957.7,25966.55,25929.05,25935.6,25895.672729530528,25866.6767492978,0,0,0,26319.9,25857.5,25740.8,25318.45,25060.55,3,3,3,1,,,,6684021,8589014.9
1766119500,25935.45,25965.55,25931.35,25959.9,25908.518183624423,25875.15159027073,0,0,0,26319.9,25857.5,25740.8,25318.45,25060.55,3,3,3,1,,,,7039696,8700680.7
1766120400,25959.8,25977.7,25953.2,25974.85,25921.784546899537,25884.2150820643,0,0,0,26319.9,25857.5,25740.8,25318.45,25060.55,3,3,3,1,,,,5649882,8630754.5
1766121300,25975.35,25979.25,25960.6,25962.4,25929.90763751963,25891.322801876635,0,0,0,26319.9,25857.5,25740.8,25318.45,25060.55,3,3,3,1,,,,5358919,8529369.65
1766122200,25961.85,25968.55,25939.85,25954.75,25934.876110015706,25897.08891079694,0,0,0,26319.9,25857.5,25740.8,25318.45,25060.55,3,3,3,1,,,,7800607,8577522.35
1766123100,25953.5,25960.4,25930.3,25931.55,25934.210888012563,25900.22173708813,0,0,0,26319.9,25857.5,25740.8,25318.45,25060.55,3,3,3,1,,,,5809391,8607914.6
1766124000,25932.1,25938.85,25913.4,25913.4,25930.04871041005,25901.41976098921,0,0,0,26319.9,25857.5,25740.8,25318.45,25060.55,3,3,3,1,,,,6245135,8625269.3
1766124900,25914.8,25927.85,25905.6,25916.7,25927.37896832804,25902.808873626556,0,0,0,26319.9,25857.5,25740.8,25318.45,25060.55,3,3,3,1,,,,7359076,8774922.65
1766125800,25916.25,25955.7,25915.65,25943.95,25930.693174662432,25906.548976024143,0,0,0,26319.9,25857.5,25740.8,25318.45,25060.55,3,3,3,1,,,,10200981,9033542.85
1766126700,25944.55,25950.6,25929.55,25935.7,25931.694539729946,25909.19906911286,0,0,0,26319.9,25857.5,25740.8,25318.45,25060.55,3,3,3,1,,,,9684422,9271711.5
1766127600,25936.4,25962.4,25933.6,25953.65,25936.085631783957,25913.24006282987,0,0,0,26319.9,25857.5,25740.8,25318.45,25060.55,3,3,3,1,,,,8844866,9422592.5
1766128500,25954.1,25959.3,25946,25952.85,25939.438505427166,25916.840966208973,0,0,0,26319.9,25857.5,25740.8,25318.45,25060.55,3,3,3,1,,,,7855147,9518015.95
1766129400,25951.2,25955.2,25920.8,25930.2,25937.590804341733,25918.05542382634,0,0,0,26319.9,25857.5,25740.8,25318.45,25060.55,3,3,3,1,,,,8175472,9609304.75
1766130300,25930.3,25962.3,25926.8,25956.2,25941.312643473386,25921.5231125694,0,0,0,26319.9,25857.5,25740.8,25318.45,25060.55,3,3,3,1,,,,11218583,9604966.05
1766131200,25956.1,25978.35,25956.1,25977.65,25948.58011477871,25926.625556881274,0,0,0,26319.9,25857.5,25740.8,25318.45,25060.55,3,3,3,1,,,,7260862,9465843.75
1766132100,25976.6,25985.2,25970.1,25975.85,25954.034091822967,25931.100506255705,0,0,0,26319.9,25857.5,25740.8,25318.45,25060.55,3,3,3,1,,,,9518006,9112843.25
1766133000,25977.65,25983.85,25961.3,25967.5,25956.727273458375,25934.40955114155,0,0,0,26319.9,25857.5,25740.8,25318.45,25060.55,3,3,3,1,,,,8809609,8684091.7
1766133900,25967.95,25993.35,25965.85,25971.05,25959.5918187667,25937.740501037773,0,0,0,26319.9,25857.5,25740.8,25318.45,25060.55,3,3,3,1,,,,10962705,8113934.9
1766134800,25971.35,25977.65,25963.55,25974.2,25962.513455013363,25941.05500094343,0,0,0,26319.9,25857.5,25740.8,25318.45,25060.55,3,3,3,1,,,,8052375,8019096.35
1766135700,25973.95,25983.05,25958.75,25958.75,25961.76076401069,25942.6636372213,0,0,0,26319.9,25857.5,25740.8,25318.45,25060.55,3,3,3,1,,,,8751643,8064069.9
1766136600,25959.5,25973.6,25945.45,25969.85,25963.37861120855,25945.135124746637,0,0,0,26319.9,25857.5,25740.8,25318.45,25060.55,3,3,3,1,,,,96192749,12539506.3
1766137500,25968.5,25974.25,25955.6,25961.4,25962.982888966842,25946.61374976967,0,0,0,26319.9,25857.5,25740.8,25318.45,25060.55,3,3,3,1,,,,83378043,16356423.65
1766375100,26080.65,26132.5,26047.8,26125.55,25995.496311173472,25962.88068160879,0,0,0,26319.9,25857.5,25740.8,25318.45,25060.55,3,3,3,1,,,,25768336,17362346.35
1766376000,26125.5,26136.9,26111.2,26124.2,26021.23704893878,25977.54607418981,0,0,0,26319.9,25857.5,25740.8,25318.45,25060.55,3,3,3,1,,,,12404351,17714617.95
1766376900,26124.45,26137.75,26111.9,26132.8,26043.549639151024,25991.660067445282,0,0,0,26319.9,25857.5,25740.8,25318.45,25060.55,3,3,3,1,,,,8823089,17765742.05
1766377800,26133.4,26142,26120.9,26129.25,26060.689711320818,26004.168243132073,0,0,0,26319.9,25857.5,25740.8,25318.45,25060.55,3,3,3,1,,,,9620648,17956304.9
1766378700,26128.85,26134.8,26121,26124.85,26073.521769056653,26015.13931193825,0,0,0,26319.9,25857.5,25740.8,25318.45,25060.55,3,3,3,1,,,,8589034,18073499.85
1766379600,26125.55,26133.1,26118.2,26124.1,26083.63741524532,26025.04482903477,0,0,0,26319.9,25857.5,25740.8,25318.45,25060.55,3,3,3,1,,,,7465110,18078801.55
1766380500,26123.7,26143.5,26119.8,26142.6,26095.429932196257,26035.73166275888,0,0,0,26319.9,25857.5,25740.8,25318.45,25060.55,3,3,3,1,,,,7436665,17940585.75
1766381400,26143,26148.15,26120.6,26123.95,26101.133945757007,26043.75151159898,0,0,0,26319.9,25857.5,25740.8,25318.45,25060.55,3,3,3,1,,,,9780284,17945378.85
1766382300,26124.1,26137.35,26117.4,26136.55,26108.217156605606,26052.187737817254,0,0,0,26319.9,25857.5,25740.8,25318.45,25060.55,3,3,3,1,,,,10397168,18022993.95
1766383200,26137.6,26139.4,26129.65,26133.9,26113.353725284484,26059.616125288412,0,0,0,26319.9,25857.5,25740.8,25318.45,25060.55,3,3,3,1,,,,7621745,18011323.85
1766384100,26134,26146.75,26132.75,26140.95,26118.87298022759,26067.010113898556,0,0,0,26319.9,25857.5,25740.8,25318.45,25060.55,3,3,3,1,,,,7080544,17956577.45
1766385000,26141.3,26148.4,26132.35,26134.55,26122.00838418207,26073.15010354414,0,0,0,26319.9,25857.5,25740.8,25318.45,25060.55,3,3,3,1,,,,6165305,17703913.55
1766385900,26134.65,26154.45,26133.85,26142.4,26126.086707345657,26079.44554867649,0,0,0,26319.9,25857.5,25740.8,25318.45,25060.55,3,3,3,1,,,,6891909,17685465.9
1766386800,26142.2,26146.05,26121.85,26121.85,26125.239365876525,26083.30049879681,0,0,0,26319.9,25857.5,25740.8,25318.45,25060.55,3,3,3,1,,,,6534532,17536292.2
1766387700,26121.8,26152.9,26111.75,26139.55,26128.10149270122,26088.41408981528,0,0,0,26319.9,25857.5,25740.8,25318.45,25060.55,3,3,3,1,,,,9320685,17561846
1766388600,26138.9,26144.35,26137.75,26139.95,26130.471194160975,26093.099172559345,0,0,0,26319.9,25857.5,25740.8,25318.45,25060.55,3,3,3,1,,,,6294088,17328415.15
1766389500,26141.45,26150.95,26139.25,26148.15,26134.00695532878,26098.10379323577,0,0,0,26319.9,25857.5,25740.8,25318.45,25060.55,3,3,3,1,,,,6170614,17234327.1
1766390400,26148.2,26157.95,26138.4,26144.35,26136.075564263025,26102.3079938507,0,0,0,26319.9,25857.5,25740.8,25318.45,25060.55,3,3,3,1,,,,5523616,17072925.75
1766391300,26144,26150.85,26142.95,26144.9,26137.84045141042,26106.179994409726,0,0,0,26319.9,25857.5,25740.8,25318.45,25060.55,3,3,3,1,,,,5876121,12557094.35
1766392200,26144.95,26152.6,26125.85,26143.5,26138.972361128333,26109.57272219066,0,0,0,26319.9,25857.5,25740.8,25318.45,25060.55,3,3,3,1,,,,9746306,8875507.5
1766393100,26143.85,26159.15,26128.55,26157.45,26142.667888902666,26113.925201991507,0,0,0,26319.9,25857.5,25740.8,25318.45,25060.55,3,3,3,1,,,,8247653,7999473.35
1766394000,26157.9,26179.15,26150.25,26159.25,26145.984311122134,26118.0456381741,0,0,0,26319.9,25857.5,25740.8,25318.45,25060.55,3,3,3,1,,,,15284675,8143489.55
1766394900,26159.35,26166.25,26154.4,26162.75,26149.337448897706,26122.109671067363,0,0,0,26319.9,25857.5,25740.8,25318.45,25060.55,3,3,3,1,,,,8473642,8126017.2
1766395800,26164.8,26180.7,26164.8,26174.8,26154.429959118166,26126.89970097033,0,0,0,26319.9,25857.5,25740.8,25318.45,25060.55,3,3,3,1,,,,17965902,8543279.9
1766396700,26174.95,26176.45,26160.95,26162.75,26156.09396729453,26130.158819063938,0,0,0,26319.9,25857.5,25740.8,25318.45,25060.55,3,3,3,1,,,,22922245,9259940.45
1766461500,26206.55,26206.55,26141.55,26149.65,26154.805173835626,26131.93074460358,0,0,0,26319.9,25857.5,25740.8,25318.45,25060.55,3,3,3,1,,,,18673314,9820350.65
1766462400,26150,26151.7,26120.65,26124.3,26148.7041390685,26131.23704054871,0,0,0,26319.9,25857.5,25740.8,25318.45,25060.55,3,3,3,1,,,,7988753,9847955.05
1766463300,26124.5,26175.6,26119.05,26172.8,26153.5233112548,26135.015491407918,0,0,0,26319.9,25857.5,25740.8,25318.45,25060.55,3,3,3,1,,,,8704893,9794185.5
1766464200,26174,26196.6,26172.95,26184.2,26159.658649003843,26139.486810370836,0,0,0,26319.9,25857.5,25740.8,25318.45,25060.55,3,3,3,1,,,,6924354,9620544.8
1766465100,26184.65,26186.4,26163.3,26172.1,26162.146919203075,26142.45164579167,0,0,0,26319.9,25857.5,25740.8,25318.45,25060.55,3,3,3,1,,,,6631548,9571034.95
1766466000,26172.6,26182.45,26162.8,26181.75,26166.06753536246,26146.024223446973,0,0,0,26206.55,25693.25,,,,1,1,1,1,,,,6511738,9542594.65
1766466900,26180.95,26188.55,26176.85,26180.3,26168.914028289968,26149.14020313361,0,0,0,26206.55,25693.25,,,,1,1,1,1,,,,5662654,9517462.1
1766467800,26178.55,26195.45,26171.6,26190,26173.131222631975,26152.854730121464,0,0,0,26206.55,25693.25,,,,1,1,1,1,,,,6161884,9480960.85
1766468700,26189.75,26196.95,26184.65,26192.3,26176.96497810558,26156.440663746784,0,0,0,26206.55,25693.25,,,,1,1,1,1,,,,6941100,9501289.25
1766469600,26191.25,26192.3,26166.8,26169.1,26175.391982484463,26157.591512497074,0,0,0,26206.55,25693.25,,,,1,1,1,1,,,,6841081,9377309.05
1766470500,26170.25,26184.15,26157.55,26178.35,26175.98358598757,26159.478647724613,0,0,0,26206.55,25693.25,,,,1,1,1,1,,,,7175072,9421358.25
1766471400,26177.95,26195.45,26177.55,26187.7,26178.326868790056,26162.044225204194,0,0,0,26206.55,25693.25,,,,1,1,1,1,,,,6306375,9428146.3
1766472300,26187.4,26190.8,26174.7,26174.9,26177.641495032047,26163.21293200381,0,0,0,26206.55,25693.25,,,,1,1,1,1,,,,5319330,9417932
1766473200,26176.35,26180.85,26167.1,26175.55,26177.223196025636,26164.33448363983,0,0,0,26206.55,25693.25,,,,1,1,1,1,,,,7096905,9478971.2
1766474100,26175.65,26193.35,26173.4,26182.1,26178.19855682051,26165.949530581664,0,0,0,26206.55,25693.25,,,,1,1,1,1,,,,5965141,9289912.95
1766475000,26182.8,26198.95,26181.25,26186.65,26179.888845456408,26167.831391437878,0,0,0,26206.55,25693.25,,,,1,1,1,1,,,,4990024,9127031.5
1766475900,26187.65,26195.8,26181.1,26192.15,26182.341076365126,26170.042174034435,0,0,0,26206.55,25693.25,,,,1,1,1,1,,,,4521519,8588873.7
1766476800,26191.9,26195.25,26179.8,26183.7,26182.6128610921,26171.28379457676,0,0,0,26206.55,25693.25,,,,1,1,1,1,,,,4588426,8394612.9
1766477700,26184,26198.15,26180.45,26197.75,26185.64028887368,26173.6898132516,0,0,0,26206.55,25693.25,,,,1,1,1,1,,,,4678684,7730252
1766478600,26197.8,26206.1,26185.5,26203.35,26189.182231098945,26176.38619386509,0,0,0,26206.55,25693.25,,,,1,1,1,1,,,,5777907,6873035.1
1766479500,26203.4,26233.55,26201.85,26213.15,26193.975784879156,26179.728358059176,0,0,0,26206.55,25693.25,,,,1,1,1,1,,,,10759081,6477323.45
1766480400,26213.55,26216.7,26166.85,26166.85,26188.550627903325,26178.557598235613,0,0,0,26206.55,25693.25,,,,1,1,1,1,,,,11445951,6650183.35
1766481300,26167.2,26191.65,26158.7,26188.65,26188.570502322662,26179.475089305102,0,0,0,26206.55,25693.25,,,,1,1,1,1,,,,10945445,6762210.95
1766482200,26189.1,26206.65,26162.3,26183.5,26187.556401858128,26179.840990277367,0,0,0,26206.55,25693.25,,,,1,1,1,1,,,,23437760,7587881.25
1766483100,26184,26187.65,26158.95,26164.55,26182.955121486502,26178.45090025215,0,0,0,26206.55,25693.25,,,,1,1,1,1,,,,20974774,8305042.55
1766547900,26183.8,26222.45,26141.4,26217.1,26189.7840971892,26181.964454774683,0,0,0,26233.55,25693.25,,,,1,1,1,1,,,,18636796,8911295.45
1766548800,26217.6,26229.55,26202.65,26215.7,26194.96727775136,26185.031322522438,0,0,0,26233.55,25693.25,,,,1,1,1,1,,,,9426417,9099483.6
1766549700,26217.6,26227.25,26203.35,26221.85,26200.34382220109,26188.3784750204,0,0,0,26233.55,25693.25,,,,1,1,1,1,,,,7599763,9171377.55
1766550600,26222.6,26228.65,26203.6,26227.2,26205.71505776087,26191.907704564,0,0,0,26233.55,25693.25,,,,1,1,1,1,,,,7319846,9190314.85
1766551500,26228.5,26236.4,26221.05,26230.95,26210.762046208696,26195.45700414909,0,0,0,26233.55,25693.25,,,,1,1,1,1,,,,6006691,9148595.35
1766552400,26230.5,26235.35,26218.3,26218.3,26212.269636966957,26197.533640135538,0,0,0,26233.55,25693.25,,,,1,1,1,1,,,,4916127,9035648.1
1766553300,26220.1,26223.85,26201.05,26210.8,26211.975709573566,26198.73967285049,0,0,0,26233.55,25693.25,,,,1,1,1,1,,,,5221213,8981390
1766554200,26211.6,26216.85,26198.05,26210.15,26211.610567658852,26199.776975318626,0,0,0,26233.55,25693.25,,,,1,1,1,1,,,,4241422,8927494.6
1766555100,26210.3,26221,26205.25,26213.05,26211.89845412708,26200.983613926022,0,0,0,26233.55,25693.25,,,,1,1,1,1,,,,3960916,8770695.15
1766556000,26214.35,26217.45,26184.15,26185.45,26206.608763301665,26199.571467205475,0,0,0,26236.4,25693.25,,,,1,1,1,1,,,,5116278,8728252
1766556900,26186.7,26197.95,26178.65,26192.85,26203.85701064133,26198.96042473225,0,0,0,26236.4,25693.25,,,,1,1,1,1,,,,7349890,8846245.3
1766557800,26193.3,26198.05,26185.85,26192,26201.485608513067,26198.3276588475,0,0,0,26236.4,25693.25,,,,1,1,1,1,,,,5461916,8893265.15
1766558700,26191.85,26205.15,26190.45,26202,26201.588486810455,26198.66150804318,0,0,0,26236.4,25693.25,,,,1,1,1,1,,,,4333711,8880529.4
1766559600,26201.9,26209.1,26187.85,26193.1,26199.890789448364,26198.15591640289,0,0,0,26236.4,25693.25,,,,1,1,1,1,,,,6410162,8967103.3
1766560500,26192.35,26198.15,26186.3,26193.1,26198.53263155869,26197.69628763899,0,0,0,26236.4,25693.25,,,,1,1,1,1,,,,5189432,8937679.55
1766561400,26193.6,26194.25,26173.2,26181.05,26195.036105246953,26196.18298876272,0,0,0,26236.4,25693.25,,,,1,1,1,1,,,,7003793,8749915.15
1766562300,26181,26181.5,26164.75,26170.4,26190.10888419756,26193.839080693382,0,0,0,26236.4,25693.25,,,,1,1,1,1,,,,5502367,8452735.95
1766563200,26169.6,26171.35,26151.1,26160.1,26184.10710735805,26190.77189153944,0,0,0,26236.4,25693.25,,,,1,1,1,1,,,,5219313,8166429.35
1766564100,26159.1,26168.65,26147,26152.35,26177.75568588644,26187.27899230858,0,0,0,26236.4,25693.25,,,,1,1,1,1,,,,4178056,7203444.15
1766565000,26151.7,26168.4,26139.45,26158.5,26173.904548709153,26184.66272028053,0,0,0,26236.4,25693.25,,,,1,1,1,1,,,,10195625,6664486.7
1766565900,26160.6,26162.5,26123.9,26138.35,26166.793638967323,26180.4524729823,0,0,0,26236.4,25693.25,,,,1,1,1,1,,,,7930979,6129195.85
1766566800,26139.05,26152.35,26124.2,26139.7,26161.374911173858,26176.74770271118,0,0,0,26236.4,25693.25,,,,1,1,1,1,,,,8019315,6058840.75
1766567700,26140.3,26150.2,26123,26148.1,26158.719928939085,26174.143366101074,0,0,0,26236.4,25693.25,,,,1,1,1,1,,,,8364788,6097092
1766568600,26148.2,26166.55,26129.05,26154.8,26157.935943151268,26172.384878273704,0,0,0,26236.4,25693.25,,,,1,1,1,1,,,,16095874,6535893.4
1766569500,26155.9,26157.65,26129.9,26141.65,26154.678754521014,26169.59079843064,0,0,0,26236.4,25693.25,,,,1,1,1,1,,,,14142745,6942696.1
1766720700,26120.75,26144.2,26095.65,26132.85,26150.31300361681,26166.250725846035,0,0,0,26236.4,25693.25,,,,1,1,1,1,,,,13075163,7350647.9
1766721600,26131.85,26137.2,26081.7,26085.7,26137.39040289345,26158.927932587307,0,0,0,26236.4,25693.25,,,,1,1,1,1,,,,6521086,7415641.55
1766722500,26086.85,26095.15,26071.55,26090.6,26128.032322314757,26152.716302352095,0,0,0,26236.4,25693.25,,,,1,1,1,1,,,,5470984,7477119.65
1766723400,26090.15,26102.1,26080.8,26091.45,26120.715857851807,26147.146638501905,0,0,0,26236.4,25693.25,,,,1,1,1,1,,,,4490541,7503600.9
1766724300,26090.35,26093.6,26078.45,26091.75,26114.922686281447,26142.110580456276,0,0,0,26236.4,25693.25,,,,1,1,1,1,,,,3850338,7440303.9
1766725200,26091.7,26097.6,26083.05,26093.1,26110.558149025157,26137.65507314207,0,0,0,26236.4,25693.25,,,,1,1,1,1,,,,5944247,7370021.75
1766726100,26093.35,26095.05,26081.5,26089.4,26106.326519220125,26133.26824831097,0,0,0,26236.4,25693.25,,,,1,1,1,1,,,,5316849,7362768.4
1766727000,26089.6,26094.55,26067.5,26072.8,26099.6212153761,26127.771134828155,0,0,0,26236.4,25693.25,,,,1,1,1,1,,,,3785089,7335337.3
1766727900,26072.3,26074.45,26057.9,26067.15,26093.12697230088,26122.26012257105,0,0,0,26236.4,25693.25,,,,1,1,1,1,,,,4861897,7257924.05
1766728800,26064.85,26067.75,26049.8,26053.15,26085.131577840704,26115.9773841555,0,0,0,26236.4,25693.25,,,,1,1,1,1,,,,3888235,7192864.2
1766729700,26052.6,26063.35,26048.35,26056.5,26079.405262272565,26110.570349232272,0,0,0,26236.4,25693.25,,,,1,1,1,1,,,,3719544,7028651.75
1766730600,26056.65,26064.65,26050.1,26062.25,26075.97420981805,26106.177590211155,0,0,0,26236.4,25693.25,,,,1,1,1,1,,,,5469194,7026993.1
1766731500,26062,26067.1,26050.65,26059.5,26072.67936785444,26101.93417291923,0,0,0,26236.4,25693.25,,,,1,1,1,1,,,,3947188,6963386.85
1766732400,26059.2,26060.8,26034.3,26039.75,26066.093494283552,26096.28106629021,0,0,0,26236.4,25693.25,,,,1,1,1,1,,,,3502290,6929598.55
1766733300,26038.3,26043.25,26032.65,26038.25,26060.52479542684,26091.00551480928,0,0,0,26236.4,25693.25,,,,1,1,1,1,,,,4532947,6646464.65
1766734200,26038.05,26044.1,26030.85,26042.15,26056.849836341473,26086.56410437207,0,0,0,26236.4,25693.25,,,,1,1,1,1,,,,3982837,6449057.55
1766735100,26041.75,26053.1,26041.75,26049.45,26055.36986907318,26083.190094883703,0,0,0,26236.4,25693.25,,,,1,1,1,1,,,,4392205,6267702.05
1766736000,26048.85,26053.3,26042.6,26048.7,26054.035895258545,26080.054631712457,0,0,0,26236.4,25693.25,,,,1,1,1,1,,,,3640472,6031486.25
1766736900,26048.15,26054.35,26041.4,26049.2,26053.068716206835,26077.249665193143,0,0,0,26236.4,25693.25,,,,1,1,1,1,,,,3773207,5415352.9
1766737800,26047.65,26053.65,26032.4,26044.15,26051.28497296547,26074.24060472104,0,0,0,26236.4,25693.25,,,,1,1,1,1,,,,3967881,4906609.7
1766738700,26042.5,26046,26016.9,26026,26046.227978372375,26069.855095200943,0,0,0,26236.4,25693.25,,,,1,1,1,1,,,,5285881,4517145.6
1766739600,26025.85,26028.05,26013.55,26017.35,26040.4523826979,26065.08190472813,0,0,0,26236.4,25693.25,,,,1,1,1,1,,,,5923711,4487276.85
1766740500,26017.15,26039.8,26008.6,26038.95,26040.15190615832,26062.706277025572,0,0,0,26236.4,25693.25,,,,1,1,1,1,,,,8191329,4623294.1
1766741400,26039.3,26051.35,26035.3,26048.3,26041.781524926657,26061.39661547779,0,0,0,26236.4,25693.25,,,,1,1,1,1,,,,11195800,4958557.05
1766742300,26048.25,26052.45,26031.05,26047.65,26042.955219941327,26060.14692316163,0,0,0,26236.4,25693.25,,,,1,1,1,1,,,,12595290,5395804.65
1766979900,26066.2,26106.8,26044.15,26052.95,26044.954175953062,26059.49265741966,0,0,0,26236.4,25693.25,,,,1,1,1,1,,,,16563428,5926763.7
1766980800,26054.05,26082.3,26050.25,26080.4,26052.04334076245,26061.393324926965,0,0,0,26236.4,25693.25,,,,1,1,1,1,,,,16443796,6483111.05
1766981700,26079.75,26087.15,26035.6,26037.25,26049.084672609963,26059.198477206333,0,0,0,26236.4,25693.25,,,,1,1,1,1,,,,10348862,6811299.7
1766982600,26035.5,26042.7,26026.75,26034.55,26046.17773808797,26056.957706551213,0,0,0,26236.4,25693.25,,,,1,1,1,1,,,,7654919,6950950.8
1766983500,26035.6,26037.75,26017.8,26028.05,26042.552190470375,26054.329733228376,1,0,0,26236.4,25693.25,,,,2,1,1,1,1,,,10041910,7258634.55
1766984400,26028.5,26028.5,26000.4,26003.4,26034.7217523763,26049.699757480343,0,0,0,26236.4,25693.25,,,,2,1,1,1,,,,6384636,7391889.15
1766985300,26003.65,26011.8,25997.6,26005,26028.77740190104,26045.63614316395,0,0,0,26236.4,25693.25,,,,2,1,1,1,,,,7306836,7483771.25
1766986200,26004.35,26007.15,25979,25983.7,26019.761921520832,26040.0055846945,0,0,0,26236.4,25693.25,,,,2,1,1,1,,,,10392747,7806049.2
1766987100,25983.9,25984.25,25964.85,25974.95,26010.799537216666,26034.091440631364,0,0,0,26236.4,25693.25,,,,2,1,1,1,,,,7349031,7998386.25
1766988000,25975.85,25978.1,25969.45,25976,26003.839629773334,26028.810400573966,0,0,0,26236.4,25693.25,,,,2,1,1,1,,,,8528304,8198154.1
1766988900,25976.5,25990.1,25973.15,25977.65,25998.60170381867,26024.15945506724,0,0,0,26236.4,25693.25,,,,2,1,1,1,,,,7136886,8355856.55
1766989800,25979.25,25988.1,25969.05,25979.9,25994.861363054937,26020.135868242945,0,0,0,26236.4,25693.25,,,,2,1,1,1,,,,6331283,8452810.45
1766990700,25979.55,25982.05,25960.7,25971.15,25990.11909044395,26015.682607493585,0,0,0,26236.4,25693.25,,,,2,1,1,1,,,,6617476,8601660.65
1766991600,25972.3,25973.85,25954.85,25959.7,25984.03527235516,26010.593279539622,0,0,0,26236.4,25693.25,,,,2,1,1,1,,,,7407570,8783378.8
1766992500,25960.55,25964.55,25952.2,25961.45,25979.518217884128,26006.125708672385,0,0,0,26236.4,25693.25,,,,2,1,1,1,,,,5910646,8880517.05
1766993400,25961.95,25972,25952,25954.35,25974.484574307302,26001.418826065805,0,0,0,26236.4,25693.25,,,,2,1,1,1,,,,8574595,9044952.75
1766994300,25954.7,25956.9,25938.8,25948.1,25969.20765944584,25996.57166005982,0,0,0,26236.4,25693.25,,,,2,1,1,1,,,,6702192,9083876.8
1766995200,25948.7,25950.6,25930.45,25940.4,25963.446127556672,25991.46514550893,0,0,0,26236.4,25693.25,,,,2,1,1,1,,,,6511637,8999892.2
1766996100,25940.85,25958.3,25937.15,25950.45,25960.846902045338,25987.73649591721,0,0,0,26236.4,25693.25,,,,2,1,1,1,,,,6537803,8766992.35
1766997000,25950.75,25961.05,25943,25943.35,25957.34752163627,25983.701359924733,0,0,0,26236.4,25693.25,,,,2,1,1,1,,,,7655126,8519984.15
1766997900,25942.95,25972.45,25924.7,25954.85,25956.848017309017,25981.078509022485,0,0,0,26236.4,25693.25,,,,2,1,1,1,,,,10097493,8196687.4
1766998800,25955.1,25958,25933.25,25936.1,25952.698413847214,25976.989553656804,0,0,0,26236.4,25693.25,,,,2,1,1,1,,,,6917867,7720390.95
1766999700,25936.9,25943.3,25920.3,25934.2,25948.998731077772,25973.09959423346,0,0,0,26236.4,25693.25,,,,2,1,1,1,,,,12709568,7838426.25
1767000600,25933.45,25951.05,25923.65,25944.05,25948.00898486222,25970.458722030417,0,0,0,26236.4,25693.25,,,,2,1,1,1,,,,16144256,8262893.1
1767001500,25943.35,25953.35,25936,25949.8,25948.367187889777,25968.58065639129,0,0,0,26236.4,25693.25,,,,2,1,1,1,,,,17283534,8624974.3
1767066300,25956.15,25956.15,25878,25884.55,25935.60375031182,25960.94150581026,0,1,0,26236.4,25693.25,,,,3,1,1,1,,1,,15997422,9105613.6
1767067200,25884.75,25942.5,25881.25,25939.75,25936.433000249457,25959.015005282054,0,0,0,26236.4,25693.25,,,,3,1,1,1,,,,9852238,9232883.7
1767068100,25939.95,25954.7,25906.3,25935.7,25936.286400199566,25956.89545934732,0,0,0,26236.4,25693.25,,,,3,1,1,1,,,,6098509,9018171.8
1767069000,25935.55,25949.25,25922.1,25943.25,25937.679120159653,25955.65496304302,0,0,0,26236.4,25693.25,,,,3,1,1,1,,,,7288241,9015132.3
1767069900,25943.75,25970.6,25943.4,25965.1,25943.16329612772,25956.513602766383,0,0,0,26236.4,25693.25,,,,3,1,1,1,,,,6954801,8936457.15
1767070800,25965.95,25975.85,25947.5,25949.3,25944.390636902175,25955.85782069671,0,0,0,26236.4,25693.25,,,,3,1,1,1,,,,7094663,8934346
1767071700,25949.1,25949.95,25923.85,25927.45,25941.00250952174,25953.275291542464,0,0,0,26236.4,25693.25,,,,3,1,1,1,,,,6448327,8940198.2
1767072600,25927.6,25934.8,25910.35,25921.45,25937.09200761739,25950.382083220422,0,0,0,26236.4,25693.25,,,,3,1,1,1,,,,7134143,8966031.55
1767073500,25921.7,25928.05,25912.4,25914.95,25932.663606093913,25947.16098474584,0,0,0,26236.4,25693.25,,,,3,1,1,1,,,,9855845,9088445.3
1767074400,25915.4,25915.4,25892.5,25907.95,25927.72088487513,25943.596349768944,0,0,0,26236.4,25693.25,,,,3,1,1,1,,,,7818452,9183835.6
1767075300,25908.15,25917.45,25892.1,25898.8,25921.936707900102,25939.523954335404,0,0,0,26236.4,25693.25,,,,3,1,1,1,,,,5849407,9047576.2
1767076200,25899.95,25905.3,25883,25884.8,25914.509366320082,25934.54904939582,0,0,0,26236.4,25693.25,,,,3,1,1,1,,,,6968452,9060889.2
1767077100,25885.45,25895.6,25881.8,25885.9,25908.787493056065,25930.126408541655,0,0,0,26236.4,25693.25,,,,3,1,1,1,,,,7868411,9128727.9
1767078000,25886,25906.65,25884.45,25899.75,25906.979994444853,25927.36491685605,0,0,0,26236.4,25693.25,,,,3,1,1,1,,,,7915120,9197593.75
1767078900,25900.25,25913.65,25890.25,25892.2,25904.023995555883,25924.168106232773,0,0,0,26236.4,25693.25,,,,3,1,1,1,,,,9270463,9278360.6
1767079800,25892.8,25896.65,25879.9,25890.35,25901.289196444704,25921.093732938883,0,0,0,26236.4,25693.25,,,,3,1,1,1,,,,8333502,9190161.05
1767080700,25891.2,25902.9,25887.8,25898.8,25900.791357155762,25919.06702994444,0,0,0,26236.4,25693.25,,,,3,1,1,1,,,,8191788,9253857.1
1767081600,25898.55,25940.85,25898.2,25935.35,25907.70308572461,25920.54729994949,0,0,0,26236.4,25693.25,,,,3,1,1,1,,,,11251202,9180938.8
1767082500,25935.5,25960.35,25933.2,25938.25,25913.812468579687,25922.156636317715,0,0,0,26236.4,25693.25,,,,3,1,1,1,,,,15402510,9143851.5
1767083400,25938,25951.3,25932.15,25943.6,25919.76997486375,25924.106033016105,0,0,0,26236.4,25693.25,,,,3,1,1,1,,,,9366971,8748023.35
1767084300,25942.25,25958.35,25915.85,25916.6,25919.135979890998,25923.423666378276,0,0,0,26236.4,25693.25,,,,3,1,1,1,,,,12584957,8577400.1
1767085200,25916.65,25946.35,25915.45,25942.8,25923.8687839128,25925.18515125298,0,0,0,26236.4,25693.25,,,,3,1,1,1,,,,11114714,8640523.9
1767086100,25942.6,25954.85,25930.8,25938.2,25926.73502713024,25926.36831932089,0,0,0,26236.4,25693.25,,,,3,1,1,1,,,,17609679,9216082.4
1767087000,25937.05,25957.35,25915.45,25942,25929.78802170419,25927.789381200808,0,0,0,26236.4,25693.25,,,,3,1,1,1,,,,99740963,13838718.5
1767087900,25940.45,25976.75,25936.6,25970.55,25937.940417363352,25931.676710182554,0,0,0,26236.4,25693.25,,,,3,1,1,1,,,,79858560,17483906.45
1767152700,25976.45,26028,25970.75,26016.3,25953.61233389068,25939.369736529596,0,0,0,26236.4,25693.25,,,,3,1,1,1,,,,23605928,18309469.7
1767153600,26013.1,26023.9,25972.05,25973.25,25957.539867112544,25942.44976048145,0,0,0,26236.4,25693.25,,,,3,1,1,1,,,,9275357,18450821.2
1767154500,25973.65,25996.2,25969,25985.1,25963.051893690033,25946.327054983136,0,0,0,26236.4,25693.25,,,,3,1,1,1,,,,8009176,18494572.85
1767155400,25984.7,26000.95,25971.75,25997,25969.841514952026,25950.933686348304,0,0,0,26236.4,25693.25,,,,3,1,1,1,,,,8421135,18422837.35
1767156300,25998.35,26020.2,25998.35,26018.1,25979.49321196162,25957.039714862094,0,0,0,26236.4,25693.25,,,,3,1,1,1,,,,9179211,18490875.3
1767157200,26016.45,26047.25,26015.6,26040.95,25991.784569569296,25964.667922601904,0,0,0,26236.4,25693.25,,,,3,1,1,1,,,,8719312,18634370.55
1767158100,26042.4,26047.45,26029.9,26044.65,26002.357655655436,25971.939020547186,0,0,0,26236.4,25693.25,,,,3,1,1,1,,,,6450113,18608453.6
1767159000,26043.7,26057.5,26043.15,26055.8,26013.04612452435,25979.56274595199,0,0,0,26236.4,25693.25,,,,3,1,1,1,,,,6747714,18552418.75
1767159900,26055.45,26064,26043.5,26044.55,26019.34689961948,25985.470678138172,0,0,0,26236.4,25693.25,,,,3,1,1,1,,,,6929354,18503130.45
1767160800,26044.5,26071.4,26040.35,26068.55,26029.187519695584,25993.023343761975,0,0,0,26236.4,25693.25,,,,3,1,1,1,,,,9620819,18520648.25
1767161700,26068.7,26080.65,26058.75,26070.6,26037.470015756466,26000.07576705634,0,0,0,26236.4,25693.25,,,,3,1,1,1,,,,7599280,18483937.15
1767162600,26070.95,26091.8,26067.7,26089.55,26047.886012605173,26008.209788233034,0,0,0,26236.4,25693.25,,,,3,1,1,1,,,,5139716,18331333.55
1767163500,26089.9,26099.3,26083.55,26095.55,26057.41881008414,26016.149807484577,0,0,0,26236.4,25693.25,,,,3,1,1,1,,,,7255938,18131570.35
1767164400,26095.6,26123.35,26092.05,26122.6,26070.45504806731,26025.827097713252,0,0,0,26236.4,25693.25,,,,3,1,1,1,,,,8387520,17780820.85
1767165300,26121.4,26154.4,26120.9,26147.25,26085.81403845385,26036.865543375683,0,0,0,26236.4,25693.25,,,,3,1,1,1,,,,6930830,17659013.8
1767166200,26147.3,26156.45,26142.4,26155.35,26099.72123076308,26047.636857614256,0,0,0,26236.4,25693.25,,,,3,1,1,1,,,,6530215,17356276.7
1767167100,26154.5,26160.4,26143.25,26156.2,26111.016984610465,26057.506234194778,0,0,0,26236.4,25693.25,,,,3,1,1,1,,,,6894846,17145283.3
1767168000,26156.6,26164.2,26135.9,26149,26118.61358768837,26065.82384926798,0,0,0,26236.4,25693.25,,,,3,1,1,1,,,,6627073,16596153
1767168900,26146.5,26179.3,26146.5,26167.9,26128.470870150697,26075.103499334527,0,0,0,26236.4,25693.25,,,,3,1,1,1,,,,6956116,11956910.65
1767169800,26168.95,26173.65,26154.15,26167,26136.176696120558,26083.45772666775,0,0,0,26236.4,25693.25,,,,3,1,1,1,,,,6294469,8278706.1
1767170700,26166,26167.85,26144.4,26160.25,26140.991356896448,26090.43884242523,0,0,0,26236.4,25693.25,,,,3,1,1,1,,,,8448378,7520828.6
1767171600,26160,26185.3,26155.1,26184,26149.593085517157,26098.944402204754,0,0,0,26236.4,25693.25,,,,3,1,1,1,,,,9589986,7536560.05
1767172500,26184.15,26187.95,26170.25,26175.9,26154.854468413727,26105.940365640687,0,0,0,26236.4,25693.25,,,,3,1,1,1,,,,12425049,7757353.7
1767173400,26174.55,26174.55,26115.05,26122.95,26148.473574730982,26107.486696036987,0,0,0,26236.4,25693.25,,,,3,1,1,1,,,,22123376,8442465.75
1767174300,26124.2,26141.85,26121.55,26141.85,26147.148859784786,26110.610632760898,0,0,0,26236.4,25693.25,,,,3,1,1,1,,,,26597452,9313377.8
1767239100,26175.7,26195.35,26149.25,26187.2,26155.15908782783,26117.573302509907,0,0,0,26236.4,25693.25,,,,3,1,1,1,,,,61995694,11977196.9
1767240000,26184,26188.95,26162.75,26181.55,26160.437270262264,26123.389365918098,0,0,0,26236.4,25693.25,,,,3,1,1,1,,,,17101897,12509786.1
1767240900,26178.25,26197.55,26153.5,26157.2,26159.78981620981,26126.463059925543,0,0,0,26236.4,25693.25,,,,3,1,1,1,,,,15283883,12936594.55
1767241800,26157.45,26179.1,26147,26151.15,26158.061852967847,26128.70732720504,0,0,0,26236.4,25693.25,,,,3,1,1,1,,,,9389886,13059621.15
1767242700,26151.65,26159.75,26117.7,26157.35,26157.919482374276,26131.311206550035,0,0,0,26236.4,25693.25,,,,3,1,1,1,,,,10204276,13088794
1767243600,26158.7,26173.5,26147.6,26161.35,26158.605585899422,26134.042005954576,0,0,0,26236.4,25693.25,,,,3,1,1,1,,,,9818242,13199742.1
1767244500,26161.1,26185.6,26160.95,26170.95,26161.074468719537,26137.397278140525,0,0,0,26236.4,25693.25,,,,3,1,1,1,,,,10790878,13482300.2
1767245400,26171.05,26180.65,26157.45,26170.5,26162.95957497563,26140.406616491386,0,0,0,26236.4,25693.25,,,,3,1,1,1,,,,14431131,13841059.85
1767246300,26169.3,26177.75,26158.5,26165.8,26163.527659980504,26142.71510590126,0,0,0,26236.4,25693.25,,,,3,1,1,1,,,,14018167,14122592.2
1767247200,26165.75,26173.85,26142.6,26144.85,26159.7921279844,26142.909187182966,0,0,0,26236.4,25693.25,,,,3,1,1,1,,,,15771570,14564629.2
1767248100,26144.1,26154.1,26133.4,26151.3,26158.09370238752,26143.67198834815,0,0,0,26236.4,25693.25,,,,3,1,1,1,,,,12397975,14858017.2
1767249000,26151.15,26158.2,26123.95,26125,26151.474961910015,26141.974534861954,0,0,0,26236.4,25693.25,,,,3,1,1,1,,,,14597125,15243131.15
1767249900,26124.35,26155.9,26113.4,26150.6,26151.299969528012,26142.75866805632,0,0,0,26236.4,25693.25,,,,3,1,1,1,,,,41518169,16987685.95
1767250800,26150.15,26155.35,26126.85,26142.3,26149.49997562241,26142.716970960293,0,0,0,26236.4,25693.25,,,,3,1,1,1,,,,21601725,17719966.4
1767251700,26141.6,26162.55,26140.5,26151.6,26149.91998049793,26143.524519054812,0,0,0,26236.4,25693.25,,,,3,1,1,1,,,,15172009,18163843.4
1767252600,26152.45,26158.7,26144.35,26151.45,26150.225984398345,26144.245017322555,0,0,0,26236.4,25693.25,,,,3,1,1,1,,,,6725784,18077713.7
1767253500,26150.8,26167.95,26129.7,26154.45,26151.070787518674,26145.172743020506,0,0,0,26236.4,25693.25,,,,3,1,1,1,,,,9292834,18062856.1
1767254400,26155.35,26161.35,26137.95,26146.8,26150.21663001494,26145.320675473187,0,0,0,26236.4,25693.25,,,,3,1,1,1,,,,8591935,17871200.4
1767255300,26146.1,26163.2,26139.25,26157.4,26151.653304011954,26146.418795884714,0,0,0,26236.4,25693.25,,,,3,1,1,1,,,,6787848,17104424
1767256200,26157.1,26176.2,26153.2,26168,26154.922643209564,26148.380723531558,0,0,0,26236.4,25693.25,,,,3,1,1,1,,,,22363871,16892744.95
1767257100,26166.85,26178,26151.9,26152.4,26154.418114567652,26148.746112301418,0,0,0,26236.4,25693.25,,,,3,1,1,1,,,,12025747,14394247.6
1767258000,26152.15,26166.35,26149.3,26159.65,26155.464491654122,26149.73737481947,0,0,0,26236.4,25693.25,,,,3,1,1,1,,,,12289310,14153618.25
1767258900,26160.35,26165.8,26150.9,26160.4,26156.451593323298,26150.706704381337,0,0,0,26236.4,25693.25,,,,3,1,1,1,,,,14393038,14109076
1767259800,26163.2,26168.6,26135.95,26142.85,26153.73127465864,26149.992458528486,0,0,0,26236.4,25693.25,,,,3,1,1,1,,,,22695436,14774353.5
1767260700,26142.55,26146.2,26126.8,26140.25,26151.03501972691,26149.10678048044,0,0,0,26236.4,25693.25,,,,3,1,1,1,,,,25699620,15549120.7
1767325500,26155.65,26210.4,26118.4,26208.1,26162.448015781527,26154.469800436764,0,0,0,26236.4,25693.25,,,,3,1,1,1,,,,48536254,17485021.3
1767326400,26207,26249.65,26195.9,26248.05,26179.56841262522,26162.977091306147,0,0,0,26236.4,25693.25,,,,3,1,1,1,,,,23974993,18144227.05
1767327300,26248.35,26272.85,26243.65,26254.6,26194.574730100176,26171.306446641953,0,0,0,26236.4,25693.25,,,,3,1,1,1,,,,15385131,18191927.05
1767328200,26254.1,26261,26238.65,26254.65,26206.58978408014,26178.883133310865,0,0,0,26236.4,25693.25,,,,3,1,1,1,,,,13916322,18186834.8
1767329100,26254.9,26266.2,26243.9,26247.1,26214.691827264112,26185.084666646242,0,0,0,26236.4,25693.25,,,,3,1,1,1,,,,17732072,18284859.9
1767330000,26246.8,26259.95,26235.05,26253.65,26222.48346181129,26191.31787876931,0,0,0,26236.4,25693.25,,,,3,1,1,1,,,,13925235,18361222.9
1767330900,26253.7,26267.85,26252.05,26263.35,26230.656769449033,26197.866253426644,0,0,0,26236.4,25693.25,,,,3,1,1,1,,,,13260011,18294367.2
1767331800,26262.7,26265.05,26243.3,26254.05,26235.335415559228,26202.973866751494,0,0,0,26272.85,25878,25693.25,,,1,1,1,1,,,,11848097,16810863.6
1767332700,26253.3,26275.05,26252.75,26273.25,26242.91833244738,26209.36260613772,0,0,0,26272.85,25878,25693.25,,,1,1,1,1,,,,10646555,16263105.1
1767333600,26273.35,26289.05,26270.7,26285.5,26251.434665957906,26216.28418739793,0,0,0,26272.85,25878,25693.25,,,1,1,1,1,,,,10644373,16036723.3
1767334500,26285.6,26298.7,26278.1,26280,26257.147732766323,26222.07653399812,0,0,0,26272.85,25878,25693.25,,,1,1,1,1,,,,9328031,16166835.65
1767335400,26280.7,26291.2,26275.05,26287.6,26263.238186213057,26228.033212725564,0,0,0,26272.85,25878,25693.25,,,1,1,1,1,,,,10791230,16241755.45
1767336300,26287.1,26301.1,26277,26297.85,26270.160548970445,26234.380193386878,0,0,0,26272.85,25878,25693.25,,,1,1,1,1,,,,9677543,16296035.85
1767337200,26297.45,26312.4,26296.5,26303.05,26276.738439176355,26240.62290307898,0,0,0,26272.85,25878,25693.25,,,1,1,1,1,,,,10704976,16491892.25
1767338100,26301.65,26304.25,26286.7,26295.7,26280.530751341084,26245.62991188998,0,0,0,26272.85,25878,25693.25,,,1,1,1,1,,,,9573115,15852354.45
1767339000,26294.95,26305.9,26290.2,26302.75,26284.974601072867,26250.82264717271,0,0,0,26272.85,25878,25693.25,,,1,1,1,1,,,,8809932,15691563.7
1767339900,26302.55,26314.55,26300.2,26302.5,26288.479680858294,26255.520588338826,0,0,0,26272.85,25878,25693.25,,,1,1,1,1,,,,10724537,15613325.05
1767340800,26302.1,26310.05,26298.95,26304.6,26291.703744686634,26259.982353035295,0,0,0,26272.85,25878,25693.25,,,1,1,1,1,,,,8780018,15332674.05
1767341700,26304.7,26310.95,26296.35,26298.1,26292.982995749306,26263.44759366845,0,0,0,26272.85,25878,25693.25,,,1,1,1,1,,,,8344233,14615113.9
1767342600,26298.6,26306.6,26295.8,26302.8,26294.946396599444,26267.02508515314,0,0,0,26272.85,25878,25693.25,,,1,1,1,1,,,,6874780,13673871.9
1767343500,26302.6,26315.05,26301.75,26307.3,26297.417117279554,26270.686441048307,0,0,0,26272.85,25878,25693.25,,,1,1,1,1,,,,8534761,11673797.25
1767344400,26307,26307,26267.2,26271.8,26292.29369382364,26270.78767368028,0,0,0,26272.85,25878,25693.25,,,1,1,1,1,,,,11937789,11071937.05
1767345300,26272.1,26296.5,26265.85,26294.25,26292.684955058914,26272.920612436617,0,0,0,26272.85,25878,25693.25,,,1,1,1,1,,,,11836134,10894487.2
1767346200,26297.05,26332.15,26297.05,26324.75,26299.09796404713,26277.63237494238,0,0,0,26272.85,25878,25693.25,,,1,1,1,1,,,,20630102,11230176.2
1767347100,26322.7,26340,26319.5,26335.7,26306.418371237705,26282.911249947618,0,0,0,26272.85,25878,25693.25,,,1,1,1,1,,,,29013496,11794247.4
1767584700,26342.45,26358.25,26287.65,26301.6,26305.454696990164,26284.61022722511,0,0,0,26272.85,25878,25693.25,,,1,1,1,1,,,,43729802,13284475.75
1767585600,26301.2,26301.65,26263.6,26279.25,26300.21375759213,26284.12293384101,0,0,0,26272.85,25878,25693.25,,,1,1,1,1,,,,24381114,13840530.9
1767586500,26280.1,26326.5,26274,26316.9,26303.551006073703,26287.10266712819,0,0,0,26272.85,25878,25693.25,,,1,1,1,1,,,,17874435,14141847.8
1767587400,26317,26342.3,26285.1,26339.15,26310.670804858964,26291.834242843808,0,0,0,26272.85,25878,25693.25,,,1,1,1,1,,,,17035685,14461304.3
1767588300,26339.1,26373.2,26337,26354.55,26319.44664388717,26297.535675312552,0,0,0,26272.85,25878,25693.25,,,1,1,1,1,,,,13528349,14605503.1
1767589200,26354.85,26363.35,26333.95,26348.4,26325.237315109738,26302.15970482959,0,0,0,26272.85,25878,25693.25,,,1,1,1,1,,,,10216465,14649924.8
1767590100,26348.5,26362.05,26343.4,26349.6,26330.10985208779,26306.472458935994,0,0,0,26272.85,25878,25693.25,,,1,1,1,1,,,,9117346,14566230.6
1767591000,26348,26365,26346.65,26359.25,26335.93788167023,26311.27041721454,0,0,0,26272.85,25878,25693.25,,,1,1,1,1,,,,11250515,14644879.2
1767591900,26358.95,26361.35,26313.85,26326.65,26334.080305336185,26312.668561104125,0,0,0,26272.85,25878,25693.25,,,1,1,1,1,,,,10591333,14639197.05
1767592800,26327.4,26341.6,26315.5,26338.7,26335.00424426895,26315.035055549204,0,0,0,26373.2,25878,25693.25,25318.45,25060.55,1,1,1,1,,,,11863087,14753695.65
1767593700,26338.65,26341.15,26317.65,26332.05,26334.41339541516,26316.581868681096,0,0,0,26373.2,25878,25693.25,25318.45,25060.55,1,1,1,1,,,,8948270,14760612.55
1767594600,26331.5,26334.85,26311.5,26333.2,26334.170716332126,26318.092607891907,0,0,0,26373.2,25878,25693.25,25318.45,25060.55,1,1,1,1,,,,7644222,14606596.8
1767595500,26334.2,26343.35,26329.5,26333.4,26334.016573065703,26319.484188992643,0,0,0,26373.2,25878,25693.25,25318.45,25060.55,1,1,1,1,,,,6905082,14512850
1767596400,26333.1,26342.65,26330.45,26333.05,26333.82325845256,26320.717444538765,0,0,0,26373.2,25878,25693.25,25318.45,25060.55,1,1,1,1,,,,11080029,14649639.8
1767597300,26332.85,26349.35,26326.4,26333.4,26333.73860676205,26321.870404126148,0,0,0,26373.2,25878,25693.25,25318.45,25060.55,1,1,1,1,,,,8863296,14749065.6
1767598200,26333.15,26334.9,26307.8,26308.75,26328.74088540964,26320.67764011468,0,0,0,26373.2,25878,25693.25,25318.45,25060.55,1,1,1,1,,,,7535888,14699121.95
1767599100,26308.15,26312.9,26292.85,26294.65,26321.92270832771,26318.311491013348,0,0,0,26373.2,25878,25693.25,25318.45,25060.55,1,1,1,1,,,,7707934,14487629.2
1767600000,26295.15,26298.3,26279.85,26296.3,26316.798166662167,26316.31044637577,0,0,0,26373.2,25878,25693.25,25318.45,25060.55,1,1,1,1,,,,7552692,14273457.1
1767600900,26296.1,26296.1,26252,26252.6,26303.958533329733,26310.518587614337,0,0,0,26373.2,25878,25693.25,25318.45,25060.55,1,1,1,1,,,,9365694,13710236.7
1767601800,26252.2,26253.25,26210.05,26226.75,26288.516826663785,26302.903261467578,0,0,0,26373.2,25878,25693.25,25318.45,25060.55,1,1,1,1,,,,12246470,12871885.4
1767602700,26226.8,26239.3,26210.8,26227.25,26276.26346133103,26296.025692243253,0,0,0,26373.2,25878,25693.25,25318.45,25060.55,1,1,1,1,,,,8553313,11113060.95
1767603600,26227,26258.7,26227,26257.15,26272.440769064822,26292.491538402955,0,0,0,26373.2,25878,25693.25,25318.45,25060.55,1,1,1,1,,,,9195987,10353804.6
1767604500,26256.95,26282.85,26252.45,26280.1,26273.972615251856,26291.365034911778,0,0,0,26373.2,25878,25693.25,25318.45,25060.55,1,1,1,1,,,,11989855,10059575.6
1767605400,26279.4,26282.9,26243.3,26249.25,26269.028092201486,26287.536395374344,0,0,0,26373.2,25878,25693.25,25318.45,25060.55,1,1,1,1,,,,21939158,10304749.25
1767606300,26249.85,26250.55,26232.6,26244.65,26264.15247376119,26283.637632158494,0,0,0,26373.2,25878,25693.25,25318.45,25060.55,1,1,1,1,,,,26576867,10957175.15
1767671100,26199.85,26238.6,26144.7,26173.85,26246.091979008954,26273.656938325905,1,0,0,26373.2,25878,25693.25,25318.45,25060.55,2,1,1,1,1,,,44720200,12682361.9
1767672000,26171.85,26229.3,26171.85,26199.35,26236.743583207164,26266.90176211446,0,0,0,26373.2,25878,25693.25,25318.45,25060.55,2,1,1,1,,,,19886201,13220804.65
1767672900,26199.3,26259.35,26197.8,26256.8,26240.75486656573,26265.983420104054,0,0,1,26373.2,25878,25693.25,25318.45,25060.55,1,1,1,1,,,1,12046825,13260620.15
1767673800,26258.35,26273.95,26237.15,26243.25,26241.253893252586,26263.91674554914,0,0,0,26373.2,25878,25693.25,25318.45,25060.55,1,1,1,1,,,,11278924,13294999.7
1767674700,26242.2,26252.9,26218.1,26224.1,26237.82311460207,26260.29704140831,0,0,0,26373.2,25878,25693.25,25318.45,25060.55,1,1,1,1,,,,10470705,13225380.6
1767675600,26223.1,26238.5,26201.35,26212.1,26232.678491681654,26255.91549218937,0,0,0,26373.2,25878,25693.25,25318.45,25060.55,1,1,1,1,,,,10607193,13308326.75
1767676500,26211.75,26221,26201.35,26201.35,26226.412793345324,26250.954992899427,0,0,0,26373.2,25878,25693.25,25318.45,25060.55,1,1,1,1,,,,10411613,13446696.3
1767677400,26201.7,26222.15,26192.65,26194.45,26220.02023467626,26245.818175363114,0,0,0,26373.2,25878,25693.25,25318.45,25060.55,1,1,1,1,,,,9174110,13560147.7
1767678300,26194.8,26195.65,26141.05,26173.05,26210.626187741007,26239.20288669374,0,0,0,26373.2,25878,25693.25,25318.45,25060.55,1,1,1,1,,,,13913900,13701841.25
1767679200,26172.15,26196.6,26165.9,26193.6,26207.220950192805,26235.057169721582,0,0,0,26373.2,25878,25693.25,25318.45,25060.55,1,1,1,1,,,,13025339,13909943.4
1767680100,26193,26200.2,26171.65,26174.5,26200.676760154245,26229.551972474164,0,0,0,26373.2,25878,25693.25,25318.45,25060.55,1,1,1,1,,,,9843188,14025308.4
1767681000,26173.1,26179.4,26153,26167.65,26194.071408123396,26223.924520431057,0,0,0,26373.2,25878,25693.25,25318.45,25060.55,1,1,1,1,,,,15224685,14401145.95
1767681900,26167.5,26169.8,26150.15,26161.85,26187.627126498715,26218.28138221005,0,0,0,26373.2,25878,25693.25,25318.45,25060.55,1,1,1,1,,,,9384614,14492742.05
1767682800,26161.6,26169.8,26155.25,26163.7,26182.841701198973,26213.319438372775,0,0,0,26373.2,25878,25693.25,25318.45,25060.55,1,1,1,1,,,,7680395,14408477.1
1767683700,26163.75,26180.1,26156.2,26178.9,26182.05336095918,26210.190398520706,0,0,0,26373.2,25878,25693.25,25318.45,25060.55,1,1,1,1,,,,8157013,14204004.25
1767684600,26178.75,26195,26171.8,26174.7,26180.582688767343,26206.96399865519,0,0,0,26373.2,25878,25693.25,25318.45,25060.55,1,1,1,1,,,,7778768,14165277
1767685500,26173.95,26174.7,26152,26162.25,26176.916151013873,26202.899089686536,0,0,0,26373.2,25878,25693.25,25318.45,25060.55,1,1,1,1,,,,8524740,14131714.65
1767686400,26161.75,26164.35,26147.15,26164.1,26174.3529208111,26199.37189971503,0,0,0,26373.2,25878,25693.25,25318.45,25060.55,1,1,1,1,,,,8203581,13942400.95
1767687300,26163.65,26179.7,26149.75,26153.25,26170.13233664888,26195.17899974094,0,0,0,26373.2,25878,25693.25,25318.45,25060.55,1,1,1,1,,,,30905714,14390728.75
1767688200,26151.95,26172.3,26125.8,26133.15,26162.735869319105,26189.53999976449,0,0,0,26373.2,25878,25693.25,25318.45,25060.55,1,1,1,1,,,,15733014,13848536.1
1767689100,26133.25,26148.05,26125.3,26148.05,26159.798695455283,26185.768181604082,0,0,0,26373.2,25878,25693.25,25318.45,25060.55,1,1,1,1,,,,16650090,12445030.6
1767690000,26147.75,26153.85,26124.75,26149.7,26157.778956364225,26182.48925600371,0,0,0,26373.2,25878,25693.25,25318.45,25060.55,1,1,1,1,,,,14127050,12157073.05
1767690900,26149.8,26169.8,26147.65,26164,26159.02316509138,26180.80841454883,0,0,0,26373.2,25878,25693.25,25318.45,25060.55,1,1,1,1,,,,14250469,12267255.25
1767691800,26165.05,26187.7,26165.05,26175.95,26162.408532073106,26180.366740498936,0,0,0,26373.2,25878,25693.25,25318.45,25060.55,1,1,1,1,,,,25050887,12955853.4
1767692700,26175,26186.5,26170.85,26174.65,26164.856825658484,26179.847036817213,0,0,0,26373.2,25878,25693.25,25318.45,25060.55,1,1,1,1,,,,32213774,14043006.85
1767757500,26160.5,26166,26104.3,26120.35,26155.955460526788,26174.438215288374,0,0,0,26373.2,25878,25693.25,25318.45,25060.55,1,1,1,1,,,,29604764,14992885.4
1767758400,26121.75,26150.95,26106.15,26108.2,26146.40436842143,26168.416559353067,0,0,0,26373.2,25878,25693.25,25318.45,25060.55,1,1,1,1,,,,15492896,15246949.55
1767759300,26108.1,26139.05,26096.65,26138.8,26144.883494737143,26165.724144866424,0,0,0,26373.2,25878,25693.25,25318.45,25060.55,1,1,1,1,,,,16010601,15588774.1
1767760200,26138.95,26168.2,26132.9,26167.25,26149.356795789714,26165.862858969478,0,0,0,26373.2,25878,25693.25,25318.45,25060.55,1,1,1,1,,,,13738814,15580019.8
1767761100,26167.75,26187.15,26129.75,26134,26146.28543663177,26162.966235426797,0,0,0,26373.2,25878,25693.25,25318.45,25060.55,1,1,1,1,,,,12151168,15536311.25
1767762000,26135.6,26145.25,26125.2,26141.9,26145.408349305417,26161.05112311527,0,0,0,26373.2,25878,25693.25,25318.45,25060.55,1,1,1,1,,,,8416978,15465000.75
1767762900,26142.4,26175.7,26133.8,26163.35,26148.99667944433,26161.260111922973,0,0,0,26373.2,25878,25693.25,25318.45,25060.55,1,1,1,1,,,,9780505,15192791.75
1767763800,26164.5,26184.75,26150.55,26151.6,26149.517343555464,26160.381919929976,0,0,0,26373.2,25878,25693.25,25318.45,25060.55,1,1,1,1,,,,12903764,15368749.25
1767764700,26151.7,26156.8,26131.8,26142.4,26148.093874844373,26158.74719993634,0,0,0,26373.2,25878,25693.25,25318.45,25060.55,1,1,1,1,,,,24868324,16228145.7
1767765600,26143.25,26166.45,26140.8,26143.2,26147.1150998755,26157.333818123945,0,0,0,26373.2,25878,25693.25,25318.45,25060.55,1,1,1,1,,,,10038697,16322229.9
1767766500,26143.8,26144.35,26118.95,26120.65,26141.8220799004,26153.998925567223,0,0,0,26373.2,25878,25693.25,25318.45,25060.55,1,1,1,1,,,,8961950,16381389
1767767400,26121.55,26123.3,26106.2,26112.1,26135.87766392032,26150.18993233384,0,0,0,26373.2,25878,25693.25,25318.45,25060.55,1,1,1,1,,,,7951525,16352728.25
1767768300,26112.55,26115.55,26096.45,26098.05,26128.312131136256,26145.449938485308,0,0,0,26373.2,25878,25693.25,25318.45,25060.55,1,1,1,1,,,,9468330,16415965.7
1767769200,26098.9,26110.3,26078.55,26083.25,26119.299704909005,26139.795398623006,0,0,0,26373.2,25878,25693.25,25318.45,25060.55,1,1,1,1,,,,9797915,15360575.75
1767770100,26083.45,26099.45,26077,26098,26115.039763927205,26135.995816930004,0,0,0,26373.2,25878,25693.25,25318.45,25060.55,1,1,1,1,,,,8599127,15003881.4
1767771000,26098.6,26114,26096.8,26102.9,26112.611811141764,26132.987106300003,0,0,0,26373.2,25878,25693.25,25318.45,25060.55,1,1,1,1,,,,8259004,14584327.1
1767771900,26103.25,26104.85,26069.3,26073,26104.68944891341,26127.533733000004,0,0,0,26373.2,25878,25693.25,25318.45,25060.55,1,1,1,1,,,,10224996,14389224.4
1767772800,26073.25,26084.95,26067.9,26076.1,26098.97155913073,26122.85793909091,0,0,0,26373.2,25878,25693.25,25318.45,25060.55,1,1,1,1,,,,12586314,14306016.65
1767773700,26076.6,26093.4,26070.7,26092.5,26097.677247304582,26120.098126446283,0,0,0,26373.2,25878,25693.25,25318.45,25060.55,1,1,1,1,,,,9391957,13523070.15
1767774600,26093.45,26106.15,26082.2,26098.85,26097.911797843666,26118.16647858753,0,0,0,26373.2,25878,25693.25,25318.45,25060.55,1,1,1,1,,,,8367787,12330770.8
1767775500,26099.25,26099.55,26084,26096.2,26097.56943827493,26116.169525988662,0,0,0,26373.2,25878,25693.25,25318.45,25060.55,1,1,1,1,,,,8890271,11295046.15
1767776400,26096.45,26111.45,26083.2,26109,26099.855550619945,26115.517750898784,0,0,0,26373.2,25878,25693.25,25318.45,25060.55,1,1,1,1,,,,9872065,11014004.6
1767777300,26109.35,26121.3,26094.1,26117.35,26103.354440495954,26115.684318998894,0,0,0,26373.2,25878,25693.25,25318.45,25060.55,1,1,1,1,,,,15023969,10964673
1767778200,26122.25,26152.95,26119.6,26151.8,26113.043552396764,26118.967562726266,0,0,0,26373.2,25878,25693.25,25318.45,25060.55,1,1,1,1,,,,25842373,11569850.95
1767779100,26153.4,26153.6,26133.75,26142.9,26119.01484191741,26121.14323884206,0,0,0,26373.2,25878,25693.25,25318.45,25060.55,1,1,1,1,,,,29889051,12456745.1
1767843900,26097.25,26133.2,26063.75,26064.5,26108.11187353393,26115.993853492782,1,0,0,26373.2,25878,25693.25,25318.45,25060.55,1,2,1,1,1,,,28845700,13478181.2
1767844800,26065,26103.35,26049.85,26090.7,26104.629498827144,26113.694412266166,0,0,0,26373.2,25878,25693.25,25318.45,25060.55,1,2,1,1,,,,16460719,13812191.9
1767845700,26090.65,26099.1,26066.2,26091.7,26102.043599061715,26111.69492024197,0,0,0,26373.2,25878,25693.25,25318.45,25060.55,1,2,1,1,,,,13503089,13842158.15
1767846600,26091.05,26091.65,26047.9,26061.15,26093.864879249373,26107.0999274927,0,0,0,26373.2,25878,25693.25,25318.45,25060.55,1,2,1,1,,,,21074299,13652456.9
1767847500,26061.8,26062,26026.15,26039.95,26083.0819033995,26100.99538862973,0,0,0,26373.2,25878,25693.25,25318.45,25060.55,1,2,1,1,,,,10966470,13698845.55
1767848400,26040.15,26042.55,26025,26031.6,26072.785522719598,26094.686716936118,0,0,0,26373.2,25878,25693.25,25318.45,25060.55,4,2,1,1,,,,9810654,13741280.75
1767849300,26031.85,26035.75,26012.8,26016.9,26061.608418175678,26087.61519721465,0,0,0,26373.2,25878,25693.25,25318.45,25060.55,4,2,1,1,,,,12404965,13963952.75
1767850200,26017.55,26017.75,26000.95,26003.8,26050.04673454054,26079.995633831502,0,0,0,26373.2,25878,25693.25,25318.45,25060.55,4,2,1,1,,,,12153606,14098216.55
1767851100,26001.65,26008.2,25963.65,25975.6,26035.157387632433,26070.505121665003,0,0,0,26373.2,25878,25693.25,25318.45,25060.55,4,2,1,1,,,,11836161,14200128.85
1767852000,25975.2,25988.6,25961.8,25974.15,26022.955910105946,26061.745565150002,0,0,0,26373.2,25878,25693.25,25318.45,25060.55,4,2,1,1,,,,10290223,14284683.65
1767852900,25974.2,25978.5,25935.9,25938.3,26006.024728084758,26050.523241045456,0,1,0,26373.2,25878,25693.25,25318.45,25060.55,4,3,1,1,,1,,10720384,14407752.65
1767853800,25938.1,25943.2,25884.15,25933.75,25991.569782467806,26039.907491859503,0,0,0,26373.2,25878,25693.25,25318.45,25060.55,4,3,1,1,,,,11652119,14479108.8
1767854700,25934,25945.4,25919.9,25935.8,25980.415825974243,26030.44317441773,0,0,0,26373.2,25878,25693.25,25318.45,25060.55,4,3,1,1,,,,8710346,14285310.4
1767855600,25935.7,25938.15,25912.25,25924.45,25969.222660779396,26020.807431288846,0,0,0,26373.2,25878,25693.25,25318.45,25060.55,4,3,1,1,,,,10137678,14322596.45
1767856500,25924.75,25926,25903.15,25911.7,25957.718128623517,26010.888573898952,0,0,0,26373.2,25878,25693.25,25318.45,25060.55,4,3,1,1,,,,9083343,14358374.25
1767857400,25912.05,25928.5,25900.75,25926.1,25951.394502898813,26003.18052172632,0,0,0,26373.2,25878,25693.25,25318.45,25060.55,4,3,1,1,,,,7457556,14286738.5
1767858300,25925.25,25928.2,25893.5,25893.5,25939.81560231905,25993.209565205747,0,0,0,26373.2,25878,25693.25,25318.45,25060.55,4,3,1,1,,,,7363497,14161310.1
1767859200,25894.15,25911.2,25886.4,25907.6,25933.37248185524,25985.42687745977,0,0,0,26373.2,25878,25693.25,25318.45,25060.55,4,3,1,1,,,,8809681,13850595.7
1767860100,25907.3,25939,25905.2,25929.35,25932.56798548419,25980.328979508882,0,0,0,26373.2,25878,25693.25,25318.45,25060.55,4,3,1,1,,,,9158433,13016398.7
1767861000,25929,25942.2,25915.4,25926.95,25931.444388387354,25975.476345008075,0,0,0,26373.2,25878,25693.25,25318.45,25060.55,4,3,1,1,,,,9823992,12013145.75
1767861900,25926.3,25946.2,25900.45,25905.45,25926.245510709883,25969.110313643705,0,0,0,26373.2,25878,25693.25,25318.45,25060.55,4,3,1,1,,,,9478633,11044792.4
1767862800,25906.9,25940.95,25902.1,25928.2,25926.636408567905,25965.39119422155,0,0,0,26373.2,25878,25693.25,25318.45,25060.55,4,3,1,1,,,,10740778,10758795.35
1767863700,25928.55,25940.2,25910.25,25911.15,25923.539126854324,25960.460176565044,0,0,0,26373.2,25878,25693.25,25318.45,25060.55,4,3,1,1,,,,12195971,10693439.45
1767864600,25912.1,25917.7,25860.2,25878.05,25914.44130148346,25952.968342331857,0,0,0,26373.2,25878,25693.25,25318.45,25060.55,4,3,1,1,,,,24879450,10883697
1767865500,25880.6,25882.15,25858.45,25868.9,25905.33304118677,25945.32576575623,1,0,0,26373.2,25878,25693.25,25318.45,25060.55,4,3,1,2,1,,,29234275,11797087.25
1767930300,25866.1,25940.6,25839.15,25840.9,25892.446432949415,25935.832514323847,0,0,0,26373.2,25878,25693.25,25318.45,25060.55,4,3,1,2,,,,31925993,12902854.2
1767931200,25841.1,25876.7,25818.35,25876.7,25889.29714635953,25930.456831203497,0,0,0,26373.2,25878,25693.25,25318.45,25060.55,4,3,1,2,,,,27384662,13651839.05
1767932100,25876.85,25897.65,25849.65,25894.05,25890.247717087626,25927.147119275905,0,0,0,26373.2,25878,25693.25,25318.45,25060.55,4,3,1,2,,,,15427960,13815556.75
1767933000,25894.2,25901.95,25850.35,25856.6,25883.5181736701,25920.73374479628,0,0,0,26373.2,25878,25693.25,25318.45,25060.55,4,3,1,2,,,,24500918,14448794.6
1767933900,25858,25896.85,25854.1,25887.85,25884.38453893608,25917.744313451163,0,0,0,26373.2,25878,25693.25,25318.45,25060.55,4,3,1,2,,,,8991234,14383845.15
1767934800,25888.45,25890.75,25838.55,25856.45,25878.797631148864,25912.17210313742,0,0,0,26373.2,25878,25693.25,25318.45,25060.55,4,3,1,2,,,,8384183,14267035.1
1767935700,25856.85,25868.4,25806.8,25821.65,25867.368104919093,25903.94282103402,0,0,0,26373.2,25878,25693.25,25318.45,25060.55,4,3,1,2,,,,9208673,14144862.8
1767936600,25821.3,25824.3,25798.8,25799,25853.694483935273,25894.40256457638,0,0,0,26373.2,25878,25693.25,25318.45,25060.55,4,3,1,2,,,,10227007,14220695.85
1767937500,25800.15,25807.55,25790.95,25804.5,25843.855587148217,25886.229604160344,0,0,0,26373.2,25878,25693.25,25318.45,25060.55,4,3,1,2,,,,9300191,14178821.5
1767938400,25805.2,25821.65,25753.7,25755.35,25826.154469718575,25874.331458327586,0,0,0,26373.2,25878,25693.25,25318.45,25060.55,4,3,1,2,,,,9687402,14209024.45
1767939300,25754.95,25761.7,25735.15,25743.25,25809.57357577486,25862.41496211599,0,0,0,26373.2,25878,25693.25,25318.45,25060.55,4,3,1,2,,,,8511811,14261737.2
1767940200,25743.9,25761.75,25734.1,25739.35,25795.52886061989,25851.22723828726,0,0,0,26373.2,25878,25693.25,25318.45,25060.55,4,3,1,2,,,,7638861,14275505.4
1767941100,25740.45,25756.65,25714.85,25716.75,25779.77308849591,25839.002034806603,0,0,0,26373.2,25878,25693.25,25318.45,25060.55,4,3,1,2,,,,9412231,14305632.9
1767942000,25717,25729,25674.5,25689.15,25761.64847079673,25825.379122551458,0,0,0,26373.2,25878,25693.25,25318.45,25060.55,4,3,1,2,,,,11187747,14407098.6
1767942900,25688.95,25699.45,25665.15,25689.7,25747.258776637384,25813.04465686496,0,0,0,26373.2,25878,25693.25,25318.45,25060.55,4,3,1,2,,,,23527958,15092296.9
1767943800,25691.3,25698.3,25680.65,25691.05,25736.017021309908,25801.9542335136,0,0,0,26373.2,25878,25693.25,25318.45,25060.55,4,3,1,2,,,,8897825,15063256.5
1767944700,25690.85,25716.35,25685.25,25709.15,25730.64361704793,25793.517485012362,0,0,0,26373.2,25878,25693.25,25318.45,25060.55,4,3,1,2,,,,8475547,14949994.95
1767945600,25708.6,25730.4,25681.3,25683.8,25721.274893638343,25783.543168193057,0,0,0,26373.2,25878,25693.25,25318.45,25060.55,4,3,1,2,,,,9466054,14813499.1
1767946500,25684.9,25691.95,25664.85,25683.85,25713.789914910674,25774.48015290278,0,0,0,26373.2,25878,25693.25,25318.45,25060.55,4,3,1,2,,,,10683515,14103702.35
1767947400,25683.9,25692.95,25658.75,25660.15,25703.06193192854,25764.08650263889,0,0,0,26373.2,25878,25693.25,25318.45,25060.55,4,3,1,2,,,,9100773,13097027.25
1767948300,25662.85,25675.85,25651.9,25652.05,25692.859545542833,25753.901366035352,0,0,0,26373.2,25878,25693.25,25318.45,25060.55,4,3,4,2,,,,10290635,12015259.35
1767949200,25653.8,25670.65,25623,25657.3,25685.747636434266,25745.1194236685,0,0,0,26373.2,25878,25693.25,25318.45,25060.55,4,3,4,2,,,,13069041,11299478.3
1767950100,25658.75,25684.35,25657.25,25674.7,25683.538109147412,25738.717657880454,0,0,0,26373.2,25878,25693.25,25318.45,25060.55,4,3,4,2,,,,13329852,11194572.9
1767951000,25679.9,25703,25661.05,25695.05,25685.840487317928,25734.747870800413,0,0,0,26373.2,25878,25693.25,25318.45,25060.55,4,3,4,2,,,,21392315,11039142.75
1767951900,25694.15,25703.7,25677.05,25703.7,25689.412389854344,25731.925337091285,0,0,0,26373.2,25878,25693.25,25318.45,25060.55,4,3,4,2,,,,27131162,11946139.15
1768189500,25676.9,25700.95,25529.05,25532.45,25658.019911883475,25713.79121553753,0,1,0,26373.2,25878,25693.25,25318.45,25060.55,4,3,4,3,,1,,22822607,12668060.35
1768190400,25532.35,25597.1,25530.2,25557.6,25637.93592950678,25699.592014125028,0,0,0,26373.2,25878,25693.25,25318.45,25060.55,4,3,4,3,,,,17499900,13082621.7
1768191300,25558.4,25608.55,25546,25557.55,25621.858743605426,25686.679103750026,0,0,0,26373.2,25878,25693.25,25318.45,25060.55,4,3,4,3,,,,10694898,13106016.25
1768192200,25557.9,25596.25,25556.4,25556.9,25608.86699488434,25674.881003409115,0,0,0,26373.2,25878,25693.25,25318.45,25060.55,4,3,4,3,,,,9024067,13092210.05
1768193100,25557.35,25598.2,25545.95,25583.15,25603.723595907475,25666.541821281015,0,0,0,26373.2,25878,25693.25,25318.45,25060.55,4,3,4,3,,,,8637619,13039720.9
1768194000,25582.85,25593,25558.25,25563.15,25595.60887672598,25657.14256480092,0,0,0,26373.2,25878,25693.25,25318.45,25060.55,4,3,4,3,,,,7986337,13013447.2
1768194900,25561.8,25582.65,25538.8,25547.35,25585.957101380784,25647.16142254629,0,0,0,26373.2,25878,25693.25,25318.45,25060.55,4,3,4,3,,,,8315050,13047256.65
1768195800,25547.6,25551.5,25529.55,25532.85,25575.335681104625,25636.76947504208,0,0,0,26373.2,25878,25693.25,25318.45,25060.55,4,3,4,3,,,,7825051,12967897.65
1768196700,25531.9,25532.95,25501.65,25502.4,25560.7485448837,25624.554068220074,0,0,0,26373.2,25878,25693.25,25318.45,25060.55,4,3,4,3,,,,8557409,12836380.75
1768197600,25501.95,25502.5,25473.4,25480.6,25544.71883590696,25611.46733474552,0,0,0,26373.2,25878,25693.25,25318.45,25060.55,4,3,4,3,,,,10410589,12180512.3
1768198500,25481.45,25502.85,25474.5,25501.55,25536.085068725566,25601.474849768656,0,0,0,26373.2,25878,25693.25,25318.45,25060.55,4,3,4,3,,,,8283703,12149806.2
1768199400,25501.45,25578.9,25496.2,25578.3,25544.528054980452,25599.36804524423,0,0,0,26373.2,25878,25693.25,25318.45,25060.55,4,3,4,3,,,,9772170,12214637.35
1768200300,25577.5,25678.9,25566.25,25660.8,25567.78244398436,25604.952768403848,0,0,0,26373.2,25878,25693.25,25318.45,25060.55,4,3,4,3,,,,14028326,12442750.95
1768201200,25660.95,25737.25,25656.45,25723.05,25598.83595518749,25615.688880367135,0,0,0,26373.2,25878,25693.25,25318.45,25060.55,4,3,4,3,,,,12965420,12556846.2
1768202100,25723.35,25738.4,25708.85,25709.05,25620.87876414999,25624.176254879214,0,0,0,26373.2,25878,25693.25,25318.45,25060.55,4,3,4,3,,,,10193548,12611484.95
1768203000,25709.5,25726.55,25673.1,25722.3,25641.163011319994,25633.09659534474,0,0,0,26373.2,25878,25693.25,25318.45,25060.55,4,3,4,3,,,,9814311,12587668.75
1768203900,25721.8,25728.25,25687.25,25689.05,25650.740409055994,25638.18326849522,0,0,0,26373.2,25878,25693.25,25318.45,25060.55,4,3,4,3,,,,8142045,12341318.95
1768204800,25689.15,25757.9,25689.15,25730.45,25666.682327244795,25646.571153177472,0,0,0,26373.2,25878,25693.25,25318.45,25060.55,4,3,4,3,,,,8520304,12100841.55
1768205700,25730.55,25748.5,25727.4,25741.7,25681.685861795835,25655.21923016134,0,0,0,26373.2,25878,25693.25,25318.45,25060.55,4,3,4,3,,,,8010102,11431730.9
1768206600,25741.3,25743.65,25715.1,25728.45,25691.038689436667,25661.876572873945,0,0,0,26373.2,25878,25693.25,25318.45,25060.55,4,3,4,3,,,,8341711,10492258.35
1768207500,25727.95,25770.9,25727,25755.7,25703.970951549334,25670.40597533995,0,0,0,26373.2,25878,25693.25,25318.45,25060.55,4,3,4,3,,,,7966922,9749474.1
1768208400,25756,25763.7,25704.65,25760.8,25715.33676123947,25678.62361394541,0,0,0,26373.2,25878,25693.25,25318.45,25060.55,4,3,4,3,,,,9545926,9351775.4
1768209300,25760.35,25813.15,25755.2,25810.45,25734.359408991575,25690.607830859462,0,0,0,26373.2,25878,25693.25,25318.45,25060.55,4,3,4,3,,,,10957210,9364891
1768210200,25808.95,25808.95,25775.1,25778.5,25743.18752719326,25698.598028054057,0,0,0,26373.2,25878,25693.25,25318.45,25060.55,4,3,4,3,,,,15440690,9685722.15
1768211100,25778.3,25807.95,25778.3,25806.1,25755.770021754608,25708.370934594597,0,0,0,26373.2,25878,25693.25,25318.45,25060.55,4,3,4,3,,,,20570132,10282347.8
1768275900,25898,25899.8,25760.05,25762.85,25757.186017403685,25713.32357690418,0,0,0,26373.2,25878,25693.25,25318.45,25060.55,4,3,4,3,,,,35484429,11657252.4
1768276800,25761.4,25778,25709.85,25730.2,25751.788813922947,25714.857797185618,0,0,0,26373.2,25878,25693.25,25318.45,25060.55,4,3,4,3,,,,16282950,12055647.4
1768277700,25732.4,25789.75,25700.85,25709.85,25743.401051138357,25714.402542896016,0,0,0,26373.2,25878,25693.25,25318.45,25060.55,4,3,4,3,,,,15682027,12448496.2
1768278600,25710.15,25771,25705.2,25738.1,25742.340840910685,25716.556857178195,0,0,0,26373.2,25878,25693.25,25318.45,25060.55,4,3,4,3,,,,9384782,12489864.85
1768279500,25738.9,25803.6,25726.1,25799.45,25753.76267272855,25724.092597434723,0,0,0,26373.2,25878,25693.25,25318.45,25060.55,4,3,4,3,,,,10881335,12513402.15
1768280400,25799.3,25827.05,25750.2,25767.7,25756.55013818284,25728.05690675884,0,0,0,25899.8,25473.4,,,,1,1,1,1,,,,10428481,12620641.05
1768281300,25766.9,25799.6,25754.95,25778.9,25761.020110546273,25732.6790061444,0,0,0,25899.8,25473.4,,,,1,1,1,1,,,,12478734,12755969.25
1768282200,25779.75,25799.55,25759.65,25788.6,25766.536088437017,25737.762732858548,0,0,0,25899.8,25473.4,,,,1,1,1,1,,,,9726092,12540857.55
1768283100,25788,25803.95,25775.7,25795.9,25772.408870749612,25743.047938962318,0,0,0,25899.8,25473.4,,,,1,1,1,1,,,,7305525,12257862.8
1768284000,25794.3,25819.3,25786.75,25789.7,25775.86709659969,25747.28903542029,0,0,0,25899.8,25473.4,,,,1,1,1,1,,,,7343175,12115344.15
1768284900,25788.45,25790.4,25752.15,25754.2,25771.533677279753,25747.917304927538,0,0,0,25899.8,25473.4,,,,1,1,1,1,,,,11072533,12178255.25
1768285800,25753.65,25754,25712.95,25713.7,25759.9669418238,25744.806640843217,0,0,0,25899.8,25473.4,,,,1,1,1,1,,,,14540131,12498159.55
1768286700,25712.8,25732.85,25703.85,25732.6,25754.49355345904,25743.696946221105,0,0,0,25899.8,25473.4,,,,1,1,1,1,,,,9943000,12569294.35
1768287600,25731.4,25734.4,25687.95,25704.05,25744.40484276723,25740.09267838282,0,0,0,25899.8,25473.4,,,,1,1,1,1,,,,8925010,12615039.75
1768288500,25704.25,25707.6,25650.85,25653,25726.123874213787,25732.1751621662,0,0,0,25899.8,25473.4,,,,1,1,1,1,,,,7944374,12595172.9
1768289400,25651.45,25670.3,25627.4,25658.45,25712.58909937103,25725.472874696545,0,0,0,25899.8,25473.4,,,,1,1,1,1,,,,7841552,12588904.4
1768290300,25658.2,25676.8,25639.6,25654.35,25700.941279496823,25719.007158815042,0,0,0,25899.8,25473.4,,,,1,1,1,1,,,,7857124,12504464.3
1768291200,25655.1,25681.2,25647.65,25676.15,25695.98302359746,25715.11105346822,0,0,0,25899.8,25473.4,,,,1,1,1,1,,,,7485328,12330870.2
1768292100,25675.25,25686.65,25658.95,25663.65,25689.516418877967,25710.4327758802,0,0,0,25899.8,25473.4,,,,1,1,1,1,,,,8695351,11993603.25
1768293000,25662.95,25667.5,25620.95,25636.55,25678.923135102374,25703.71615989109,0,0,0,25899.8,25473.4,,,,1,1,1,1,,,,10123625,11471277.9
1768293900,25636.25,25649.05,25609.65,25612.6,25665.6585080819,25695.432872628262,0,0,0,25899.8,25473.4,,,,1,1,1,1,,,,13728660,10383489.45
1768294800,25611.65,25702.3,25603.3,25692.65,25671.05680646552,25695.17988420751,0,0,0,25899.8,25473.4,,,,1,1,1,1,,,,16012395,10369961.7
1768295700,25692.9,25726.05,25687.8,25707.95,25678.435445172418,25696.34080382501,0,0,0,25899.8,25473.4,,,,1,1,1,1,,,,18491182,10510419.45
1768296600,25711.85,25757.15,25702.05,25737.4,25690.228356137934,25700.073458022736,0,0,0,25899.8,25473.4,,,,1,1,1,1,,,,31287441,11605552.4
1768297500,25738.85,25749.65,25710.45,25714.2,25695.022684910346,25701.357689111577,0,0,0,25899.8,25473.4,,,,1,1,1,1,,,,27413106,12432140.95
1768362300,25653.45,25744.8,25638.35,25737.5,25703.518147928276,25704.643353737796,0,0,0,25899.8,25473.4,,,,1,1,1,1,,,,30071817,13414307.75
1768363200,25737.7,25750.45,25703.15,25706.65,25704.144518342622,25704.825776125268,0,0,0,25899.8,25473.4,,,,1,1,1,1,,,,18831707,13731956.4
1768364100,25704.9,25761.5,25674.4,25729.9,25709.295614674098,25707.10525102297,0,0,0,25899.8,25473.4,,,,1,1,1,1,,,,16590927,14075198.15
1768365000,25729.6,25733.8,25692.65,25696.8,25706.79649173928,25706.168410020884,0,0,0,25899.8,25473.4,,,,1,1,1,1,,,,18415040,14630673.9
1768365900,25697.9,25703.75,25661.35,25688.9,25703.21719339142,25704.59855456444,0,0,0,25899.8,25473.4,,,,1,1,1,1,,,,17337499,15130390.1
1768366800,25689.9,25718.9,25662.25,25675,25697.573754713136,25701.907776876764,0,0,0,25899.8,25473.4,,,,1,1,1,1,,,,17367134,15445120.15
1768367700,25674.95,25729,25662,25728.8,25703.81900377051,25704.352524433423,0,0,0,25899.8,25473.4,,,,1,1,1,1,,,,12984251,15367326.15
1768368600,25729.3,25737.9,25710.75,25726.25,25708.305203016407,25706.343204030385,0,0,0,25899.8,25473.4,,,,1,1,1,1,,,,12419057,15491129
1768369500,25723.7,25774.4,25720.3,25770.4,25720.724162413127,25712.16654911853,0,0,0,25899.8,25473.4,,,,1,1,1,1,,,,19079760,15998866.5
1768370400,25770.7,25777.35,25748.5,25761.15,25728.809329930504,25716.619590107755,0,0,0,25899.8,25473.4,,,,1,1,1,1,,,,14826076,16342951.6
1768371300,25760.95,25786.05,25759.4,25775.65,25738.177463944405,25721.98599100705,0,0,0,25899.8,25473.4,,,,1,1,1,1,,,,10117959,16456771.95
1768372200,25776.45,25791.75,25742.2,25743.35,25739.211971155524,25723.928173642773,0,0,0,25899.8,25473.4,,,,1,1,1,1,,,,10615599,16594695.7
1768373100,25743.7,25774.9,25734.5,25755.85,25742.53957692442,25726.830157857064,0,0,0,25899.8,25473.4,,,,1,1,1,1,,,,10108408,16725849.7
1768374000,25756.1,25780.9,25751.85,25753.45,25744.721661539537,25729.250143506422,0,0,0,25899.8,25473.4,,,,1,1,1,1,,,,9907498,16786457.05
1768374900,25753.5,25769.45,25741.15,25749.2,25745.61732923163,25731.06376682402,0,0,0,25899.8,25473.4,,,,1,1,1,1,,,,7818320,16671191.8
1768375800,25749.1,25761.5,25736.05,25747.15,25745.923863385306,25732.5261516582,0,0,0,25899.8,25473.4,,,,1,1,1,1,,,,8122151,16390866.35
1768376700,25746.75,25757.3,25705.6,25715.5,25739.839090708243,25730.97831968927,0,0,0,25899.8,25473.4,,,,1,1,1,1,,,,10073851,16093939.15
1768377600,25715.85,25718.55,25658.8,25659.35,25723.741272566593,25724.466654262975,0,0,0,25899.8,25473.4,,,,1,1,1,1,,,,9883488,15663554.45
1768378500,25659.85,25670.85,25631.2,25635.95,25706.183018053274,25716.419685693614,0,0,0,25899.8,25473.4,,,,1,1,1,1,,,,11419343,14670149.55
1768379400,25636.05,25664.1,25632.2,25663.2,25697.58641444262,25711.58153244874,0,0,0,25899.8,25473.4,,,,1,1,1,1,,,,10649979,13831993.2
1768380300,25663.25,25669.75,25603.95,25624.3,25682.929131554094,25703.646847680673,0,0,0,25899.8,25473.4,,,,1,1,1,1,,,,14982948,13077549.75
1768381200,25624.4,25680.3,25618.35,25676.65,25681.673305243276,25701.19258880061,0,0,0,25899.8,25473.4,,,,1,1,1,1,,,,15641240,12918026.4
1768382100,25676.4,25715.65,25675.65,25678.2,25680.97864419462,25699.102353455102,0,0,0,25899.8,25473.4,,,,1,1,1,1,,,,19548411,13065900.6
1768383000,25681.25,25694.1,25649.4,25652.85,25675.352915355696,25694.897594050093,0,0,0,25899.8,25473.4,,,,1,1,1,1,,,,30638578,13677077.5
1768383900,25655.25,25677.4,25648.3,25669.1,25674.102332284558,25692.552358227356,0,0,0,25899.8,25473.4,,,,1,1,1,1,,,,33083347,14464369.9
1768535100,25717.85,25743.25,25678.4,25725.9,25684.461865827645,25695.58396202487,0,0,0,25899.8,25473.4,,,,1,1,1,1,,,,53343977,16263212.05
1768536000,25725.55,25727.5,25683.8,25725.9,25692.749492662115,25698.339965477153,0,0,0,25899.8,25473.4,,,,1,1,1,1,,,,23410458,16784522.4
1768536900,25725.75,25755.85,25715.2,25739.25,25702.04959412969,25702.059059524683,0,0,0,25899.8,25473.4,,,,1,1,1,1,,,,18294441,17078291.6
1768537800,25738.2,25789.5,25736.8,25783.65,25718.36967530375,25709.476417749713,0,0,0,25899.8,25473.4,,,,1,1,1,1,,,,16304784,16939542.8
1768538700,25784.95,25865.65,25783.9,25856.65,25746.025740243,25722.85583431792,0,0,0,25899.8,25473.4,,,,1,1,1,1,,,,18383052,17117391.6
1768539600,25857.5,25873.5,25839.75,25843.7,25765.5605921944,25733.84166756175,0,0,0,25899.8,25473.4,,,,1,1,1,1,,,,13735338,17298260.55
1768540500,25844.55,25863.9,25827,25829.5,25778.34847375552,25742.53787960159,0,0,0,25899.8,25473.4,,,,1,1,1,1,,,,12527548,17393858
1768541400,25829.7,25841.8,25801.85,25812.45,25785.168779004416,25748.893526910535,0,0,0,25899.8,25473.4,,,,1,1,1,1,,,,14363001,17606587.65
1768542300,25812.5,25823.4,25800.95,25813.25,25790.785023203534,25754.744115373214,0,0,0,25899.8,25473.4,,,,1,1,1,1,,,,11414609,17681943.2
1768543200,25813.15,25830.65,25797.15,25798.45,25792.318018562826,25758.717377612014,0,0,0,25899.8,25473.4,,,,1,1,1,1,,,,12176811,17899867.75
1768544100,25798.65,25799.45,25770.25,25775.75,25789.00441485026,25760.265797829103,0,0,0,25899.8,25473.4,,,,1,1,1,1,,,,12199479,18103734.15
1768545000,25775.65,25826.6,25773.45,25823.6,25795.92353188021,25766.02345257191,0,0,0,25899.8,25473.4,,,,1,1,1,1,,,,13022655,18251174.35
1768545900,25824.65,25829.2,25744.9,25752.1,25787.158825504168,25764.75768415628,0,0,0,25899.8,25473.4,,,,1,1,1,1,,,,13387566,18426378.25
1768546800,25752.05,25774.6,25737.8,25759.55,25781.637060403333,25764.284258323893,0,0,0,25899.8,25473.4,,,,1,1,1,1,,,,11661064,18438464.3
1768547700,25759.5,25767.85,25738.1,25744.4,25774.189648322666,25762.476598476267,0,0,0,25899.8,25473.4,,,,1,1,1,1,,,,11995115,18505721.1
1768548600,25745.65,25746.35,25704.1,25716.55,25762.66171865813,25758.301453160242,0,0,0,25899.8,25473.4,,,,1,1,1,1,,,,10696200,18291383.7
1768549500,25717.05,25723.1,25662.4,25702.1,25750.549374926504,25753.192230145676,0,0,0,25899.8,25473.4,,,,1,1,1,1,,,,10845387,18051591.05
1768550400,25701.65,25719.75,25683.8,25696.3,25739.6994999412,25748.02020922334,0,0,0,25899.8,25473.4,,,,1,1,1,1,,,,13262111,17737276.05
1768551300,25696.35,25717.1,25676.5,25684.3,25728.619599952963,25742.22746293031,0,0,0,25899.8,25473.4,,,,1,1,1,1,,,,9271945,16668944.4
1768552200,25683.7,25697.55,25667.4,25688.25,25720.54567996237,25737.320420845735,0,0,0,25899.8,25473.4,,,,1,1,1,1,,,,9857370,15507645.55
1768553100,25688.05,25710.5,25671.7,25697.7,25715.976543969897,25733.718564405215,0,0,0,25899.8,25473.4,,,,1,1,1,1,,,,12754479,13478170.65
1768554000,25697.8,25720.45,25680.7,25710.85,25714.95123517592,25731.63960400474,0,0,0,25899.8,25473.4,,,,1,1,1,1,,,,15375068,13076401.15
1768554900,25710.2,25716.15,25687.5,25707.2,25713.400988140736,25729.41782182249,0,0,0,25899.8,25473.4,,,,1,1,1,1,,,,16870330,13005195.6
1768555800,25706.35,25709.05,25682.8,25683.1,25707.34079051259,25725.20711074772,0,0,0,25899.8,25473.4,,,,1,1,1,1,,,,31498372,13764875
1768556700,25682.45,25710.75,25681.6,25699.15,25705.702632410073,25722.838282497927,0,0,0,25899.8,25473.4,,,,1,1,1,1,,,,36484124,14669928.6
1768794300,25653.3,25653.3,25528.3,25554.75,25675.512105928057,25707.55752954357,0,0,0,25899.8,25473.4,,,,4,1,1,1,,,,58190580,16892690.7
1768795200,25556.35,25596.3,25532.35,25565.6,25653.529684742447,25694.652299585065,0,0,0,25899.8,25473.4,,,,4,1,1,1,,,,28033802,17668003.4
1768796100,25564.75,25585,25540.15,25543.45,25631.513747793957,25680.906635986423,0,0,0,25899.8,25473.4,,,,4,1,1,1,,,,24282522,18163979.45
1768797000,25541.8,25542.25,25504.85,25527.9,25610.790998235167,25666.99694180584,0,0,0,25899.8,25473.4,,,,4,1,1,1,,,,18770369,18531767.45
1768797900,25526.55,25547.6,25496.25,25507.25,25590.082798588133,25652.474492550762,0,0,0,25899.8,25473.4,,,,4,1,1,1,,,,17576001,18801726.95
1768798800,25506.4,25527.95,25494.35,25513.55,25574.776238870505,25639.844993227965,0,0,0,25899.8,25473.4,,,,4,1,1,1,,,,12521822,18817844.1
1768799700,25513.85,25549.45,25511.9,25548.1,25569.440991096402,25631.504539298152,0,0,0,25899.8,25473.4,,,,4,1,1,1,,,,13055137,18819468.2
1768800600,25546.85,25564.2,25526.5,25538.4,25563.232792877123,25623.040490271047,0,0,0,25899.8,25473.4,,,,4,1,1,1,,,,12388619,18769520.85
1768801500,25538.15,25538.4,25508.7,25521.9,25554.966234301697,25613.845900246408,0,0,0,25899.8,25473.4,,,,4,1,1,1,,,,13363508,18854643.05
1768802400,25521.8,25547,25511.85,25545.9,25553.152987441357,25607.669000224007,0,0,0,25899.8,25473.4,,,,4,1,1,1,,,,13906757,18950225.15
1768803300,25546.05,25549.9,25524.85,25534.45,25549.412389953086,25601.01272747637,0,0,0,25899.8,25473.4,,,,4,1,1,1,,,,9664104,18898620.35
1768804200,25535.15,25535.25,25512.75,25532.65,25546.059911962468,25594.797934069426,0,0,0,25899.8,25473.4,,,,4,1,1,1,,,,11099828,18911342.4
1768805100,25532.4,25556.25,25518.35,25528.65,25542.577929569976,25588.78448551766,0,0,0,25899.8,25473.4,,,,4,1,1,1,,,,12872633,18891868.5
1768806000,25528.1,25531.4,25511.45,25527,25539.46234365598,25583.167714106963,0,0,0,25899.8,25473.4,,,,4,1,1,1,,,,11745297,19015536.1
1768806900,25526.95,25555.3,25510.65,25553.25,25542.219874924784,25580.44792191542,0,0,0,25899.8,25473.4,,,,4,1,1,1,,,,17606886,19403011.9
1768807800,25553.05,25565.25,25522.65,25534.65,25540.70589993983,25576.284474468564,0,0,0,25899.8,25473.4,,,,4,1,1,1,,,,10729977,19301786.8
1768808700,25533.4,25547.35,25522.35,25529.95,25538.554719951862,25572.072249516877,0,0,0,25899.8,25473.4,,,,4,1,1,1,,,,8884799,18977273.35
1768809600,25529.45,25564.8,25529.45,25549.9,25540.82377596149,25570.05659046989,0,0,0,25899.8,25473.4,,,,4,1,1,1,,,,17788163,19023165
1768810500,25548.25,25611.7,25540.8,25598.75,25552.40902076919,25572.665082245352,0,0,0,25899.8,25473.4,,,,4,1,1,1,,,,18053806,18350936.7
1768811400,25597.85,25630.65,25587,25590.3,25559.987216615355,25574.268256586685,0,0,0,25899.8,25473.4,,,,4,1,1,1,,,,12415301,17147495.55
1768812300,25589.65,25615.35,25586.5,25592.3,25566.449773292283,25575.907505987896,0,0,0,25899.8,25473.4,,,,4,1,1,1,,,,10675936,14771763.35
1768813200,25591.95,25621.7,25591.75,25614.9,25576.139818633827,25579.452278170815,0,0,0,25899.8,25473.4,,,,4,1,1,1,,,,12500091,13995077.8
1768814100,25614.65,25636.3,25613.25,25628.95,25586.70185490706,25583.952071064377,0,0,0,25899.8,25473.4,,,,4,1,1,1,,,,19233719,13742637.65
1768815000,25629.3,25633.7,25585.7,25591.15,25587.591483925647,25584.606428240342,0,0,0,25899.8,25473.4,,,,4,1,1,1,,,,27849062,14196572.3
1768815900,25592.25,25594.1,25545.4,25555.5,25581.173187140517,25581.960389309403,0,0,0,25899.8,25473.4,,,,4,1,1,1,,,,26576232,14646583.85
1768880700,25585,25585,25484.1,25488.35,25562.608549712415,25573.45035391764,0,0,0,25899.8,25473.4,,,,4,1,1,1,,,,32364151,15638700.3
1768881600,25488.75,25517.75,25453.85,25467.5,25543.58683976993,25563.81850356149,0,0,0,25899.8,25473.4,,,,4,1,1,1,,,,20500924,16010989.65
1768882500,25468.95,25478.05,25432.6,25457.75,25526.419471815945,25554.17591232863,0,0,0,25899.8,25473.4,,,,4,1,1,1,,,,16679167,16225517.05
1768883400,25458.7,25489.5,25452.7,25468.7,25514.875577452756,25546.40537484421,0,0,0,25899.8,25473.4,,,,4,1,1,1,,,,13546460,16234664.65
1768884300,25471.65,25500.45,25457.35,25482.6,25508.420461962203,25540.60488622201,0,0,0,25899.8,25473.4,,,,4,1,1,1,,,,16509805,16364817.05
1768885200,25483.4,25504,25471.7,25482.45,25503.226369569762,25535.318078383643,0,0,0,25899.8,25473.4,,,,4,1,1,1,,,,16302298,16696726.75
1768886100,25483.45,25491.85,25456.7,25466.2,25495.82109565581,25529.034616712404,0,0,0,25899.8,25473.4,,,,4,1,1,1,,,,9927306,16638100.65
1768887000,25466.95,25466.95,25446.25,25449.6,25486.576876524647,25521.813287920366,0,0,0,25899.8,25473.4,,,,4,1,1,1,,,,12139607,16601449.35
1768887900,25450.6,25472.1,25443.85,25464.05,25482.071501219718,25516.562079927604,0,0,0,25899.8,25473.4,,,,4,1,1,1,,,,10979781,16563173.55
1768888800,25464,25472.9,25452.55,25469.7,25479.597200975775,25512.301890843275,0,0,0,25899.8,25473.4,,,,4,1,1,1,,,,7775087,16071583.6
1768889700,25470.95,25492.5,25461.7,25474.4,25478.55776078062,25508.856264402977,0,0,0,25899.8,25473.4,,,,4,1,1,1,,,,12034007,16136785.1
1768890600,25475.8,25476.4,25427.25,25437.35,25470.316208624496,25502.355694911796,0,0,0,25899.8,25473.4,,,,4,1,1,1,,,,13627386,16373914.45
1768891500,25439.05,25444.45,25420.55,25432.95,25462.842966899596,25496.04608628345,0,0,0,25899.8,25473.4,,,,4,1,1,1,,,,14402350,16204623.8
1768892400,25433.95,25435.3,25409,25409.75,25452.224373519675,25488.20098753041,0,0,0,25899.8,25473.4,,,,4,1,1,1,,,,10228455,15813356.25
1768893300,25411.95,25436.9,25405.1,25431.8,25448.13949881574,25483.073625027646,0,0,0,25899.8,25473.4,,,,4,1,1,1,,,,10095513,15697366.85
1768894200,25432.55,25433.7,25414.25,25415.95,25441.701599052594,25476.97147729786,0,0,0,25899.8,25473.4,,,,4,1,1,1,,,,11811050,15754122.55
1768895100,25416.3,25436.15,25410.55,25416.75,25436.711279242074,25471.496797543507,0,0,0,25899.8,25473.4,,,,4,1,1,1,,,,7966573,15527446.65
1768896000,25418.05,25419.25,25361.45,25372.45,25423.85902339366,25462.49254322137,0,0,0,25899.8,25473.4,,,,4,1,1,1,,,,13860490,15258785.2
1768896900,25372.75,25378.65,25360.25,25369.65,25413.01721871493,25454.05231201943,0,0,0,25899.8,25473.4,,,,4,1,1,1,,,,10776999,14405182.05
1768897800,25371.75,25389.2,25347.55,25360.75,25402.563774971943,25445.570283654026,0,0,0,25899.8,25473.4,,,,4,1,1,1,,,,15985201,13875630.5
1768898700,25361.45,25392.35,25352.95,25389.45,25399.941019977556,25440.46843968548,0,0,0,25899.8,25473.4,,,,4,1,1,1,,,,14866946,13000770.25
1768899600,25390.4,25394.1,25332.95,25344.15,25388.782815982046,25431.71221789589,0,0,0,25899.8,25473.4,,,,4,1,1,1,,,,17236854,12837566.75
1768900500,25344.65,25355.25,25311.45,25311.7,25373.366252785636,25420.80201626899,0,0,0,25899.8,25473.4,,,,4,1,1,1,,,,16191517,12813184.25
1768901400,25310.15,25311,25213.85,25217.05,25342.10300222851,25402.279105699083,0,0,0,25899.8,25473.4,,,,4,1,1,1,,,,41356607,14203691.6
1768902300,25215.05,25239.3,25171.35,25225.35,25318.752401782807,25386.194641544622,0,0,0,25899.8,25473.4,,,,4,1,1,1,,,,41030829,15429742.8
1768967100,25145.8,25277.75,25130.15,25199.95,25294.991921426245,25369.26331049511,0,0,0,25899.8,25473.4,,,,4,1,1,1,,,,37275979,16478426.85
1768968000,25201.95,25251.3,25187.9,25199.45,25275.883537140995,25353.825736813735,0,0,0,25899.8,25473.4,,,,4,1,1,1,,,,23975189,17180821
1768968900,25199.65,25212.3,25158.1,25158.7,25252.446829712797,25336.087033467033,0,0,0,25899.8,25473.4,,,,4,1,1,1,,,,16633619,17405521.6
1768969800,25158.95,25178.95,25137.95,25153.25,25232.607463770237,25319.46548497003,0,0,0,25899.8,25473.4,,,,4,1,1,1,,,,14025873,17557826.2
1768970700,25153.8,25159.1,25092.2,25096.4,25205.36597101619,25299.18680451821,0,0,0,25899.8,25473.4,,,,4,1,1,1,,,,15710460,17954594.85
1768971600,25096.75,25102.5,25026.2,25029,25170.09277681295,25274.624367743825,0,0,0,25899.8,25473.4,,,,4,1,1,1,,,,14000840,18052936.5
1768972500,25029.1,25030.8,24919.8,24993.6,25134.79422145036,25249.07669794893,0,0,0,25899.8,25473.4,,,,4,1,1,1,,,,20528278,18397981.1
1768973400,24991.8,25070.1,24975,25054.75,25118.78537716029,25231.41063449903,0,0,0,25899.8,25473.4,,,,4,1,1,1,,,,14595935,18407660.35
1768974300,25055.4,25077.2,25026.6,25029.15,25100.858301728233,25213.023304090028,0,0,0,25899.8,25473.4,,,,4,1,1,1,,,,15618093,18677142.25
1768975200,25028,25071.2,25024.45,25040.05,25088.696641382587,25197.29845826366,0,0,0,25899.8,25473.4,,,,4,1,1,1,,,,9666024,18655667.8
1768976100,25041,25080.25,25040.9,25069.85,25084.92731310607,25185.712234785144,0,0,0,25899.8,25473.4,,,,4,1,1,1,,,,9006706,18515450.6
1768977000,25069.1,25136.15,25063.85,25136.15,25095.171850484854,25181.206577077402,0,0,0,25899.8,25473.4,,,,4,1,1,1,,,,12915563,18762900.1
1768977900,25135.15,25187.9,25118.5,25133.2,25102.777480387882,25176.842342797638,0,0,0,25899.8,25473.4,,,,4,1,1,1,,,,14040985,18771924.85
1768978800,25133.9,25245.85,25132,25226.7,25127.561984310305,25181.374857088762,0,0,0,25899.8,25473.4,,,,4,1,1,1,,,,15986251,19032387.45
1768979700,25225.9,25294.4,25225.1,25279.4,25157.929587448245,25190.286233717055,0,0,0,25899.8,25473.4,,,,4,1,1,1,,,,15636991,19014976.95
1768980600,25279.1,25300.95,25221.5,25237.45,25173.833669958596,25194.573848833686,0,0,0,25899.8,25473.4,,,,4,1,1,1,,,,12974918,18920375.55
1768981500,25237.6,25242.4,25196.05,25210.4,25181.146935966877,25196.012589848808,0,0,0,25899.8,25473.4,,,,4,1,1,1,,,,10374228,18577244.25
1768982400,25210.75,25238.25,25173.35,25195.7,25184.0575487735,25195.984172589826,0,0,0,25899.8,25473.4,,,,4,1,1,1,,,,13503121,18442824.45
1768983300,25195.15,25208.9,25148.45,25153.25,25177.8960390188,25192.099247808932,0,0,0,25899.8,25473.4,,,,4,1,1,1,,,,10331289,16891558.55
1768984200,25151.1,25160.3,25132.85,25136.7,25169.65683121504,25187.062952553573,0,0,0,25899.8,25473.4,,,,4,1,1,1,,,,9195049,15299769.55
1768985100,25137.45,25202.05,25120,25120.85,25159.895464972033,25181.043593230523,0,0,0,25300.95,24919.8,,,,1,1,1,1,,,,9708247,13921382.95
1768986000,25120.25,25166.4,25119.85,25150.1,25157.936371977627,25178.230539300475,0,0,0,25300.95,24919.8,,,,1,1,1,1,,,,11099213,13277584.15
1768986900,25149,25164.05,25137.65,25143.15,25154.9790975821,25175.04139936407,0,0,0,25300.95,24919.8,,,,1,1,1,1,,,,11066965,12999251.45
1768987800,25143.75,25182.5,25135.35,25155,25154.98327806568,25173.219453967336,0,0,0,25300.95,24919.8,,,,1,1,1,1,,,,26306740,13613294.8
1768988700,25155.2,25171.7,25140.55,25168.1,25157.606622452542,25172.754049061215,0,0,0,25300.95,24919.8,,,,1,1,1,1,,,,27753935,14215468.55
1769053500,25352.4,25395.75,25302.45,25386.65,25203.415297962034,25192.199135510196,0,0,0,25300.95,24919.8,,,,1,1,1,1,,,,72084894,17119671.25
1769054400,25385.2,25425.7,25385.2,25395.95,25241.92223836963,25210.721941372907,0,0,0,25300.95,24919.8,,,,1,1,1,1,,,,31266982,17656606.45
1769055300,25395.05,25435.75,25379.2,25394.55,25272.447790695704,25227.43358306628,0,0,0,25300.95,24919.8,,,,1,1,1,1,,,,19246012,17889110.3
1769056200,25395.3,25411.65,25363.3,25376,25293.15823255656,25240.939620969344,0,0,0,25300.95,24919.8,,,,1,1,1,1,,,,19035926,18060001.95
1769057100,25376.5,25388.55,25290.2,25291.9,25292.90658604525,25245.572382699404,0,0,0,25300.95,24919.8,,,,1,1,1,1,,,,20873330,18620367.25
1769058000,25292.9,25332.5,25245.25,25295.35,25293.3952688362,25250.09762063582,0,0,0,25300.95,24919.8,,,,1,1,1,1,,,,16693782,19004721.05
1769058900,25294.85,25298.45,25221.7,25221.7,25279.056215068962,25247.516018759838,0,0,0,25300.95,24919.8,,,,1,1,1,1,,,,14209121,19069398.95
1769059800,25221.65,25248.95,25201.9,25215.75,25266.39497205517,25244.62819887258,0,0,0,25435.75,24919.8,,,,1,1,1,1,,,,12718195,19003259.45
1769060700,25215.95,25280.55,25211.25,25247.25,25262.565977644135,25244.866544429617,0,0,0,25435.75,24919.8,,,,1,1,1,1,,,,13611558,18884524.8
1769061600,25246.85,25259.15,25197.8,25206.85,25251.422782115307,25241.410494936015,0,0,0,25435.75,24919.8,,,,1,1,1,1,,,,13229273,18764138.9
1769062500,25205.9,25226.4,25177.85,25188.2,25238.778225692247,25236.57317721456,0,0,0,25435.75,24919.8,,,,1,1,1,1,,,,12347981,18732792.05
1769063400,25188.8,25241.5,25183.3,25237.1,25238.442580553798,25236.621070195055,0,0,0,25435.75,24919.8,,,,1,1,1,1,,,,11456986,18786929.95
1769064300,25237.15,25277.5,25216.05,25255.25,25241.804064443037,25238.314609268233,0,0,0,25435.75,24919.8,,,,1,1,1,1,,,,11816889,18702618.35
1769065200,25254.6,25271.3,25210.45,25244.95,25242.43325155443,25238.917826607485,0,0,0,25435.75,24919.8,,,,1,1,1,1,,,,15336054,18952856.6
1769066100,25244.75,25262.5,25205.9,25209.9,25235.926601243544,25236.27984237044,0,0,0,25435.75,24919.8,,,,1,1,1,1,,,,12644097,19125309
1769067000,25208.65,25222.05,25190.45,25191.95,25227.131280994836,25232.2498567004,0,0,0,25435.75,24919.8,,,,1,1,1,1,,,,10397571,19159775.2
1769067900,25192.05,25208.3,25171.25,25179.05,25217.51502479587,25227.413506091274,0,0,0,25435.75,24919.8,,,,1,1,1,1,,,,11883557,19198992.4
1769068800,25177.85,25227.55,25169.4,25204.55,25214.922019836697,25225.335005537523,0,0,0,25435.75,24919.8,,,,1,1,1,1,,,,12566278,19273958.05
1769069700,25204.05,25241.1,25187.05,25229.15,25217.767615869358,25225.68182321593,0,0,0,25435.75,24919.8,,,,1,1,1,1,,,,14519614,18684601.75
1769070600,25228.35,25245,25176.95,25178.35,25209.884092695487,25221.3789301963,0,0,0,25435.75,24919.8,,,,1,1,1,1,,,,11837124,17888761.2
1769071500,25178.8,25236.7,25168.5,25234.85,25214.877274156388,25222.60357290573,0,0,0,25435.75,24919.8,,,,1,1,1,1,,,,14426882,15005860.6
1769072400,25234.2,25295.9,25233.35,25284.45,25228.79181932511,25228.225975368845,0,0,0,25435.75,24919.8,,,,1,1,1,1,,,,17562419,14320632.45
1769073300,25284.1,25318.2,25278.5,25297,25242.433455460086,25234.478159426224,0,0,0,25435.75,24919.8,,,,1,1,1,1,,,,17600813,14238372.5
1769074200,25295.5,25302,25238.8,25288.55,25251.65676436807,25239.393781296567,0,0,0,25435.75,24919.8,,,,1,1,1,1,,,,36366192,15104885.8
1769075100,25288.45,25332.35,25287.6,25320.45,25265.415411494454,25246.762528451425,0,0,0,25435.75,24919.8,,,,1,1,1,1,,,,36741393,15898288.95
1769139900,25347.95,25347.95,25249.1,25344.6,25281.252329195562,25255.65684404675,0,0,0,25435.75,24919.8,,,,1,1,1,1,,,,28675977,16497398.7
1769140800,25344.2,25345.35,25283.95,25285.7,25282.14186335645,25258.3880400425,0,0,0,25435.75,24919.8,,,,1,1,1,1,,,,13924760,16483180.65
1769141700,25287.6,25312.55,25267.7,25290.95,25283.90349068516,25261.348218220453,0,0,0,25435.75,24919.8,,,,1,1,1,1,,,,17037247,16699133.25
1769142600,25292.3,25308.65,25263.5,25281.7,25283.46279254813,25263.19838020041,0,0,0,25435.75,24919.8,,,,1,1,1,1,,,,13310360,16684073.35
1769143500,25280.55,25295.9,25251.55,25291.45,25285.060234038505,25265.7667092731,0,0,0,25435.75,24919.8,,,,1,1,1,1,,,,13078531,16676536.25
1769144400,25291.7,25320.8,25286.45,25293.35,25286.718187230803,25268.274281157363,0,0,0,25435.75,24919.8,,,,1,1,1,1,,,,9423441,16530309.25
1769145300,25293.25,25300.4,25269.7,25277.55,25284.88454978464,25269.117528324874,0,0,0,25435.75,24919.8,,,,1,1,1,1,,,,10633049,16489112.4
1769146200,25277.65,25293.6,25261.05,25284.9,25284.887639827713,25270.55229847716,0,0,0,25435.75,24919.8,,,,1,1,1,1,,,,11189689,16457752.4
1769147100,25285.3,25289.9,25254.8,25275.3,25282.97011186217,25270.983907706508,0,0,0,25435.75,24919.8,,,,1,1,1,1,,,,9860228,16183961.1
1769148000,25275.85,25279.35,25209.6,25211.6,25268.696089489735,25265.58537064228,0,0,0,25435.75,24919.8,,,,1,1,1,1,,,,13447471,16224129.8
1769148900,25211.45,25224.65,25190.95,25215.2,25257.99687159179,25261.00488240207,0,0,0,25435.75,24919.8,,,,1,1,1,1,,,,10608779,16234690.2
1769149800,25214.75,25223.3,25183.65,25185.2,25243.437497273433,25254.113529456426,0,0,0,25435.75,24919.8,,,,1,1,1,1,,,,11049079,16192966.3
1769150700,25185.95,25222.95,25185.95,25205.65,25235.879997818745,25249.7077540513,0,0,0,25435.75,24919.8,,,,1,1,1,1,,,,12853506,16207327.7
1769151600,25205.3,25236.6,25199.45,25223.05,25233.313998254995,25247.284321864816,0,0,0,25435.75,24919.8,,,,1,1,1,1,,,,9821431,15972418.55
1769152500,25223.3,25243.8,25200.9,25202.95,25227.241198603995,25243.253928968013,0,0,0,25435.75,24919.8,,,,1,1,1,1,,,,13403615,16050743.1
1769153400,25203.95,25213.3,25180.25,25196.4,25221.072958883196,25238.994480880014,0,0,0,25435.75,24919.8,,,,1,1,1,1,,,,13727192,16015758.6
1769154300,25196.65,25197.35,25120.8,25124.6,25201.778367106555,25228.594982618193,0,0,0,25435.75,24919.8,,,,1,1,1,1,,,,13543698,15814822.55
1769155200,25125.6,25125.8,25047.75,25049.55,25171.332693685243,25212.31816601654,0,0,0,25435.75,24919.8,,,,4,1,1,1,,,,15888040,15729183.9
1769156100,25049.25,25070.5,25043.85,25049.95,25147.056154948194,25197.5574236514,0,0,0,25435.75,24919.8,,,,4,1,1,1,,,,13105908,14566169.7
1769157000,25049.8,25078.05,25046.8,25063.4,25130.324923958557,25185.361294228547,0,0,0,25435.75,24919.8,,,,4,1,1,1,,,,14996163,13478908.2
1769157900,25064.05,25095.15,25041,25069.35,25118.129939166844,25174.81481293504,0,0,0,25435.75,24919.8,,,,4,1,1,1,,,,17696299,12929924.3
1769158800,25069.95,25107.8,25063.7,25083.65,25111.233951333474,25166.52710266822,0,0,0,25435.75,24919.8,,,,4,1,1,1,,,,18666478,13167010.2
1769159700,25089.15,25106.15,25057.3,25090.65,25107.11716106678,25159.629184243837,0,0,0,25435.75,24919.8,,,,4,1,1,1,,,,17429720,13186633.85
1769160600,25093.9,25096,25028.25,25045.85,25094.863728853423,25149.28562203985,0,0,0,25435.75,24919.8,,,,4,1,1,1,,,,31081357,14075183.7
1769161500,25046.5,25074.5,25025.3,25064.75,25088.840983082737,25141.60056549077,0,0,0,25435.75,24919.8,,,,4,1,1,1,,,,37508411,15296677.7
1769485500,25085.85,25126.3,24932.55,24958.55,25062.78278646619,25124.95960499161,0,0,0,25435.75,24919.8,,,,4,1,1,1,,,,68758438,18263427.55
1769486400,24958.4,25147.6,24940.2,25147.6,25079.74622917295,25127.017822719645,0,0,0,25435.75,24919.8,,,,4,1,1,1,,,,33829804,19423265.3
1769487300,25149.05,25161.85,25100.95,25108.9,25085.57698333836,25125.37074792695,0,0,0,25435.75,24919.8,,,,4,1,1,1,,,,20752994,19901430.55
1769488200,25111,25152.35,25083.35,25128.45,25094.151586670687,25125.65067993359,0,0,0,25435.75,24919.8,,,,4,1,1,1,,,,18963725,20356605.4
1769489100,25129.35,25184.95,25117.3,25117.7,25098.86126933655,25124.927890848718,0,0,0,25435.75,24919.8,,,,4,1,1,1,,,,19472905,20657877.1
1769490000,25123.65,25133.4,25019.7,25030,25085.08901546924,25116.298082589743,0,0,0,25435.75,24919.8,,,,4,1,1,1,,,,18220246,21038450.45
1769490900,25028.85,25044.75,24979.05,24983.25,25064.721212375392,25104.202802354313,0,0,0,25435.75,24919.8,,,,4,1,1,1,,,,18541925,21413092.75
1769491800,24983.85,25039.8,24980,25029.4,25057.656969900316,25097.40254759483,0,0,0,25435.75,24919.8,,,,4,1,1,1,,,,18878975,21714366.2
1769492700,25029.05,25066.65,25022.1,25057.7,25057.66557592025,25093.793225086207,0,0,0,25435.75,24919.8,,,,4,1,1,1,,,,16868579,22066723.6
1769493600,25057.75,25157.85,25052.55,25154.65,25077.0624607362,25099.32565916928,0,0,0,25435.75,24919.8,,,,4,1,1,1,,,,16542541,22223669.9
1769494500,25154.15,25162.05,25083.6,25103.65,25082.37996858896,25099.718781062984,0,0,0,25435.75,24919.8,,,,4,1,1,1,,,,18877635,22481192.05
1769495400,25104,25137.65,25092.65,25120.35,25089.97397487117,25101.594346420894,0,0,0,25435.75,24919.8,,,,4,1,1,1,,,,12714619,22439738.1
1769496300,25121.55,25138.2,25091.2,25102.1,25092.399179896936,25101.640314928085,0,0,0,25435.75,24919.8,,,,4,1,1,1,,,,15648885,22427780.35
1769497200,25102.25,25109.25,25070.55,25079.55,25089.82934391755,25099.63210448008,0,0,0,25435.75,24919.8,,,,4,1,1,1,,,,11634165,22354193.2
1769498100,25081.2,25100.4,25056.5,25088.95,25089.65347513404,25098.661004072797,0,0,0,25435.75,24919.8,,,,4,1,1,1,,,,14041639,22306467
1769499000,25089.2,25094.4,25065.15,25088.95,25089.512780107234,25097.778185520725,0,0,0,25435.75,24919.8,,,,4,1,1,1,,,,12526658,22047984.95
1769499900,25089.1,25123.7,25081.2,25120.9,25095.790224085787,25099.880168655203,0,0,0,25435.75,24919.8,,,,4,1,1,1,,,,14712826,21850302.35
1769500800,25122.7,25132.25,25018,25045.25,25085.68217926863,25094.913789686547,0,0,0,25435.75,24919.8,,,,4,1,1,1,,,,19467282,21952180.45
1769501700,25046.15,25065.9,25036.95,25049.35,25078.415743414906,25090.77162698777,0,0,0,25435.75,24919.8,,,,4,1,1,1,,,,16668242,21231524.7
1769502600,25050.85,25059.4,24998.25,25034.55,25069.642594731926,25085.660569988882,0,0,0,25435.75,24919.8,,,,4,1,1,1,,,,15412014,20126704.85
1769503500,25034.9,25039.5,25007.85,25032.65,25062.24407578554,25080.84142726262,0,0,0,25435.75,24919.8,,,,4,1,1,1,,,,15086664,17443116.15
1769504400,25032.7,25108.65,25024.45,25087.6,25067.31526062843,25081.45584296602,0,0,0,25435.75,24919.8,,,,4,1,1,1,,,,34210765,17462164.2
1769505300,25088.9,25155.3,25088.3,25139.45,25081.742208502747,25086.72803906002,0,0,0,25435.75,24919.8,,,,4,1,1,1,,,,39382902,18393659.6
1769506200,25141.2,25175.35,25100.75,25170.4,25099.4737668022,25094.334580963656,0,0,0,25435.75,24919.8,,,,4,1,1,1,,,,60721278,20481537.25
1769507100,25169.25,25246.65,25168.05,25234.1,25126.399013441758,25107.040528148777,0,0,0,25435.75,24919.8,,,,4,1,1,1,,,,59900349,22502909.45
1769571900,25247.45,25372.1,25225.7,25352.75,25171.669210753407,25129.377752862525,0,0,0,25435.75,24919.8,,,,4,1,1,1,,,,61116932,24647743.75
1769572800,25352.1,25363.9,25286.5,25293,25195.935368602724,25144.252502602296,0,0,0,25435.75,24919.8,,,,4,1,1,1,,,,27590112,25100153.1
1769573700,25292.95,25304.65,25272.7,25303.7,25217.48829488218,25158.74772963845,0,0,0,25435.75,24919.8,,,,4,1,1,1,,,,22372719,25274840.3
1769574600,25304.7,25316.4,25232.7,25248.1,25223.610635905745,25166.87066330768,0,0,0,25435.75,24919.8,,,,4,1,1,1,,,,20695733,25466198
1769575500,25248.3,25281.6,25235.6,25246.5,25228.188508724597,25174.109693916074,0,0,0,25435.75,24919.8,,,,4,1,1,1,,,,21370723,25707607.1
1769576400,25246.85,25302.2,25234.05,25281.7,25238.890806979678,25183.890630832793,0,0,0,25372.1,24932.55,,,,1,1,1,1,,,,20218304,25774640.55
1769577300,25282.2,25307.35,25267.35,25298.75,25250.862645583744,25194.332391666176,0,0,0,25372.1,24932.55,,,,1,1,1,1,,,,16654639,25971641.55
1769578200,25299.85,25330.6,25288.85,25325.6,25265.810116466993,25206.265810605615,0,0,0,25372.1,24932.55,,,,1,1,1,1,,,,18636205,26121007.55
1769579100,25325.35,25351.05,25313.3,25336.95,25280.038093173596,25218.14619145965,0,0,0,25372.1,24932.55,,,,1,1,1,1,,,,19548053,26516701.95
1769580000,25337.4,25343.95,25292.3,25292.5,25282.53047453888,25224.90562859968,0,0,0,25372.1,24932.55,,,,1,1,1,1,,,,15879601,26608600.05
1769580900,25292.8,25322.45,25290.65,25321.8,25290.3843796311,25233.71420781789,0,0,0,25372.1,24932.55,,,,1,1,1,1,,,,19308392,26947686.75
1769581800,25320.85,25339.5,25306.95,25313.8,25295.067503704882,25240.9947343799,0,0,0,25372.1,24932.55,,,,1,1,1,1,,,,18897134,27156902.15
1769582700,25313.65,25318.05,25269,25271.8,25290.414002963906,25243.795213072637,0,0,0,25372.1,24932.55,,,,1,1,1,1,,,,15060791,26936577.6
1769583600,25272,25286.2,25258.95,25275.35,25287.401202371126,25246.663830066034,0,0,0,25372.1,24932.55,,,,1,1,1,1,,,,16002455,26903288.25
1769584500,25275.6,25281.05,25257.05,25258.1,25281.5409618969,25247.703481878212,0,0,0,25372.1,24932.55,,,,1,1,1,1,,,,12457640,26755569.55
1769585400,25258.3,25279.7,25252.05,25276.25,25280.48276951752,25250.298619889283,0,0,0,25372.1,24932.55,,,,1,1,1,1,,,,21518969,27077184.8
1769586300,25276.6,25291.3,25213.55,25238.65,25272.116215614016,25249.239654444802,0,0,0,25372.1,24932.55,,,,1,1,1,1,,,,16715441,26202418.6
1769587200,25238.35,25251.5,25207,25208.35,25259.362972491213,25245.52241313164,0,0,0,25372.1,24932.55,,,,1,1,1,1,,,,15924701,25029508.55
1769588100,25207.35,25234.2,25187.65,25231.3,25253.750377992972,25244.22946648331,0,0,0,25372.1,24932.55,,,,1,1,1,1,,,,12180479,22602468.6
1769589000,25232.25,25242.8,25205.15,25209.05,25244.810302394377,25241.031333166644,0,0,0,25372.1,24932.55,,,,1,1,1,1,,,,20620099,20638456.1
1769589900,25208.65,25239.6,25201.1,25235.15,25242.878241915503,25240.49666651513,0,0,0,25372.1,24932.55,,,,1,1,1,1,,,,22981596,18731689.3
1769590800,25235,25253.2,25218.95,25251.55,25244.6125935324,25241.501515013755,0,0,0,25372.1,24932.55,,,,1,1,1,1,,,,24202739,18562320.65
1769591700,25252.05,25329.05,25251.2,25320.7,25259.83007482592,25248.701377285233,0,0,0,25372.1,24932.55,,,,1,1,1,1,,,,31183208,19002845.1
1769592600,25320.8,25344.5,25320.8,25329.65,25273.79405986074,25256.060342986577,0,0,0,25372.1,24932.55,,,,1,1,1,1,,,,41831585,20059637.7
1769593500,25329.75,25358.4,25329.75,25348.05,25288.64524788859,25264.423039078705,0,0,0,25372.1,24932.55,,,,1,1,1,1,,,,38367442,20909473.65
1769658300,25354.85,25359.35,25248.55,25272.6,25285.436198310872,25265.16639916246,0,0,0,25372.1,24932.55,,,,1,1,1,1,,,,47138207,22255468.8
1769659200,25270.7,25282.25,25207.8,25210.7,25270.488958648697,25260.214908329508,0,0,0,25372.1,24932.55,,,,1,1,1,1,,,,30933274,22969400.55
1769660100,25209,25238.35,25159.8,25184.85,25253.361166918956,25253.363553026826,0,0,0,25372.1,24932.55,,,,1,1,1,1,,,,23697996,23222490.1
1769661000,25185.3,25214.35,25167.05,25211.65,25245.018933535164,25249.571411842568,0,0,0,25372.1,24932.55,,,,1,1,1,1,,,,18909892,23190582.05
1769661900,25210.35,25228.85,25167.65,25194.3,25234.87514682813,25244.546738038698,0,0,0,25372.1,24932.55,,,,1,1,1,1,,,,21090992,23451151.6
1769662800,25195.65,25221.65,25175.65,25190,25225.900117462505,25239.587943671544,0,0,0,25372.1,24932.55,,,,1,1,1,1,,,,21073929,23539428.45
1769663700,25191.05,25240.55,25183.55,25234,25227.520093970004,25239.079948792314,0,0,0,25372.1,24932.55,,,,1,1,1,1,,,,14683276,23328735.55
1769664600,25234.6,25258.95,25230.1,25257.8,25233.576075176003,25240.781771629376,0,0,0,25372.1,24932.55,,,,1,1,1,1,,,,13730555,23262223.75
1769665500,25257.95,25296.9,25257.2,25278.4,25242.5408601408,25244.20161057216,0,0,0,25372.1,24932.55,,,,1,1,1,1,,,,20088421,23466522.05
1769666400,25277.4,25295.2,25249,25269.45,25247.92268811264,25246.496918701963,0,0,0,25372.1,24932.55,,,,1,1,1,1,,,,13643833,23525831.7
1769667300,25270.2,25274.9,25240,25258.8,25250.098150490114,25247.615380638148,0,0,0,25372.1,24932.55,,,,1,1,1,1,,,,18382323,23368999.4
1769668200,25259.1,25287.95,25255.65,25280.75,25256.22852039209,25250.62761876195,0,0,0,25372.1,24932.55,,,,1,1,1,1,,,,16523837,23359419.2
1769669100,25280.4,25290.15,25262.05,25284.95,25261.97281631367,25253.747835238137,0,0,0,25372.1,24932.55,,,,1,1,1,1,,,,13503776,23238372.95
1769670000,25285.85,25309.05,25281.25,25282.5,25266.07825305094,25256.361668398305,0,0,0,25372.1,24932.55,,,,1,1,1,1,,,,14668640,23362781
1769670900,25282.3,25340.85,25276.45,25321.8,25277.22260244075,25262.310607634823,0,0,0,25372.1,24932.55,,,,1,1,1,1,,,,12631002,22963326.15
1769671800,25322.25,25368.15,25321,25353.65,25292.5080819526,25270.61418875893,0,0,0,25372.1,24932.55,,,,1,1,1,1,,,,16139511,22621221.9
1769672700,25353.45,25356.4,25328.3,25336.75,25301.35646556208,25276.62653523539,0,0,0,25372.1,24932.55,,,,1,1,1,1,,,,12862236,22054196.75
1769673600,25337.15,25404.1,25333.45,25402.5,25321.585172449664,25288.06957748672,0,0,0,25372.1,24932.55,,,,1,1,1,1,,,,17849552,21387513.95
1769674500,25403.45,25431.9,25400.05,25430.9,25343.44813795973,25301.054161351563,0,0,0,25372.1,24932.55,,,,1,1,1,1,,,,20597585,20325813.95
1769675400,25430.05,25437.3,25383.65,25412.9,25357.338510367787,25311.221964865057,0,0,0,25372.1,24932.55,,,,1,1,1,1,,,,23912818,19603082.75
1769676300,25413.3,25431,25398.65,25430.95,25372.06080829423,25322.106331695508,0,0,0,25372.1,24932.55,,,,1,1,1,1,,,,17774096,18134877.2
1769677200,25431.15,25454.7,25430.65,25440.25,25385.698646635385,25332.846665177734,0,0,0,25372.1,24932.55,,,,1,1,1,1,,,,23817682,17779097.6
1769678100,25439.7,25458.15,25429.95,25434.8,25395.51891730831,25342.115150161575,0,0,0,25372.1,24932.55,,,,1,1,1,1,,,,26596620,17924028.8
1769679000,25436.95,25445.9,25407.6,25407.6,25397.935133846648,25348.068318328704,0,0,0,25372.1,24932.55,,,,1,1,1,1,,,,55898648,19773466.6
1769679900,25407.65,25431.65,25405.1,25422.1,25402.768107077318,25354.798471207912,0,0,0,25372.1,24932.55,,,,1,1,1,1,,,,61592994,21798566.7
1769744700,25271.3,25285.95,25224.35,25242,25370.614485661856,25344.544064734466,0,0,0,25372.1,24932.55,,,,1,1,1,1,,,,40221528,22755946.65
1769745600,25242.5,25308.8,25218.95,25292.25,25354.941588529484,25339.790058849514,0,0,0,25372.1,24932.55,,,,1,1,1,1,,,,19806685,23012117.1
1769746500,25291.75,25323.15,25274.35,25283.4,25340.633270823586,25334.663689863195,0,0,0,25458.15,24919.8,,,,1,1,1,1,,,,21853433,23418261
1769747400,25283.95,25315.95,25266.45,25314.3,25335.36661665887,25332.81244533018,0,0,0,25458.15,24919.8,,,,1,1,1,1,,,,18129882,23320334.05
1769748300,25315.8,25319.65,25268.95,25279.6,25324.213293327095,25327.974950300162,0,0,0,25458.15,24919.8,,,,1,1,1,1,,,,21005681,23688426.45
1769749200,25279.95,25311.6,25273.45,25302.1,25319.790634661676,25325.622682091056,0,0,0,25458.15,24919.8,,,,1,1,1,1,,,,13444547,23441537.65
1769750100,25301.05,25312.65,25284.3,25302.05,25316.24250772934,25323.47971099187,0,0,0,25458.15,24919.8,,,,1,1,1,1,,,,10996945,23165193.05
1769751000,25302.4,25309.2,25247.1,25255.45,25304.08400618347,25317.29519181079,0,0,0,25458.15,24919.8,,,,1,1,1,1,,,,13490545,23164531.5
1769751900,25255.35,25282.85,25244,25258.95,25295.057204946777,25311.991083464356,0,0,0,25458.15,24919.8,,,,1,1,1,1,,,,13015978,23081898.4
1769752800,25257.55,25280.35,25232,25272.45,25290.53576395742,25308.39643951305,0,0,0,25458.15,24919.8,,,,1,1,1,1,,,,11148849,23007790.75
1769753700,25271.85,25294,25256.3,25261.4,25284.708611165937,25304.124035920955,0,0,0,25458.15,24919.8,,,,1,1,1,1,,,,13357709,22868700.65
1769754600,25262,25294.85,25248.85,25294.7,25286.70688893275,25303.267305382687,0,0,0,25458.15,24919.8,,,,1,1,1,1,,,,14618331,22956505.4
1769755500,25293.65,25316.6,25270.6,25294.05,25288.1755111462,25302.429368529716,0,0,0,25458.15,24919.8,,,,1,1,1,1,,,,11068838,22617469.7
1769756400,25293.8,25309.85,25281.45,25293.55,25289.25040891696,25301.62215320883,0,0,0,25458.15,24919.8,,,,1,1,1,1,,,,12781104,22226645.65
1769757300,25293.7,25303.3,25285.2,25302.65,25291.930327133567,25301.71559382621,0,0,0,25458.15,24919.8,,,,1,1,1,1,,,,11527122,21607360.85
1769758200,25303.75,25306.15,25238.5,25247.05,25282.954261706855,25296.745994387464,0,0,0,25458.15,24919.8,,,,1,1,1,1,,,,14044247,21420868.4
1769759100,25247.4,25247.5,25213.65,25230.5,25272.463409365482,25290.72363126133,0,0,0,25458.15,24919.8,,,,1,1,1,1,,,,12150454,20837507
1769760000,25229.55,25306.5,25229.55,25301.2,25278.210727492387,25291.67602841939,0,0,0,25458.15,24919.8,,,,1,1,1,1,,,,10800264,20047689.2
1769760900,25302.05,25344.9,25284.9,25342.65,25291.09858199391,25296.31002583581,0,0,0,25458.15,24919.8,,,,1,1,1,1,,,,14324349,17968974.25
1769761800,25343.8,25370.7,25331.7,25352.45,25303.368865595126,25301.413659850736,0,0,0,25458.15,24919.8,,,,1,1,1,1,,,,12693226,15523985.85
1769762700,25353.5,25356.45,25326.35,25336.1,25309.9150924761,25304.566963500667,0,0,0,25458.15,24919.8,,,,1,1,1,1,,,,11580286,14091923.75
1769763600,25335.45,25350.3,25303.95,25311.6,25310.252073980882,25305.206330455152,0,0,0,25458.15,24919.8,,,,1,1,1,1,,,,16776415,13940410.25
1769764500,25310.15,25368.8,25302.2,25352.45,25318.691659184708,25309.501209504684,0,0,0,25458.15,24919.8,,,,1,1,1,1,,,,22267676,13961122.4
1769765400,25353.65,25354.2,25293.3,25319.7,25318.893327347767,25310.428372276987,0,0,0,25458.15,24919.8,,,,1,1,1,1,,,,71539632,16631609.9
1769766300,25321,25343.9,25309.6,25315.8,25318.274661878215,25310.91670206999,0,0,0,25458.15,24919.8,,,,1,1,1,1,,,,72306378,19196644.75
1769917500,25329.75,25342.55,25252.3,25320.4,25318.699729502572,25311.778820063628,0,0,0,25458.15,24919.8,,,,1,1,1,1,,,,21675958,19608215.3
1769918400,25319.85,25335.1,25296.7,25333.35,25321.629783602057,25313.73983642148,0,0,0,25458.15,24919.8,,,,1,1,1,1,,,,9742499,19545493
1769919300,25332.6,25346.85,25264.85,25321.5,25321.603826881645,25314.445305837708,0,0,0,25458.15,24919.8,,,,1,1,1,1,,,,11630347,19452483.1
1769920200,25321.95,25352.25,25316.2,25351,25327.483061505314,25317.76845985246,0,0,0,25458.15,24919.8,,,,1,1,1,1,,,,7075596,19155464
1769921100,25350.9,25376.4,25338.6,25368.25,25335.636449204252,25322.357690774963,0,0,0,25458.15,24919.8,,,,1,1,1,1,,,,7592654,18977654.25
1769922000,25369.3,25387.55,25354.85,25371.3,25342.7691593634,25326.8069916136,0,0,0,25458.15,24919.8,,,,1,1,1,1,,,,5879381,18603737.85
1769922900,25370.7,25385.8,25359.7,25383,25350.81532749072,25331.915446921455,0,0,0,25458.15,24919.8,,,,1,1,1,1,,,,5939547,18169798.65
1769923800,25383.75,25440.9,25348.9,25411,25362.852261992575,25339.104951746776,0,0,0,25458.15,24919.8,,,,1,1,1,1,,,,13873197,18310016.6
1769924700,25410.1,25412.35,25356.25,25386.4,25367.56180959406,25343.40450158798,0,0,0,25458.15,24919.8,,,,1,1,1,1,,,,10940943,18218008.55
1769925600,25385.9,25402.15,25302,25311.55,25356.359447675248,25340.508637807252,0,0,0,25458.15,24919.8,,,,1,1,1,1,,,,10014830,18142393.95
1769926500,25311.45,25328.9,25268,25279.85,25341.057558140197,25334.99421618841,0,0,0,25458.15,24919.8,,,,1,1,1,1,,,,11104353,17995399.25
1769927400,25279.6,25385.95,25203.4,25223.55,25317.556046512156,25324.862923807646,0,0,0,25458.15,24919.8,,,,1,1,1,1,,,,16803047,18228028.9
1769928300,25226.75,25244.8,24906.25,24906.45,25235.334837209724,25286.825385279677,0,0,0,25458.15,24919.8,,,,4,1,1,1,,,,25377504,18956890.9
1769929200,24902.7,25058.7,24571.75,25013.15,25190.89786976778,25261.945804799707,0,0,0,25458.15,24919.8,,,,4,1,1,1,,,,46388642,20560105.55
1769930100,25005.4,25096.5,24949.15,25075.9,25167.898295814226,25245.032549817915,0,0,0,25458.15,24919.8,,,,4,1,1,1,,,,21600482,21005468.35
1769931000,25074.15,25141.9,25055.75,25119.95,25158.30863665138,25233.661408925378,0,0,0,25458.15,24919.8,,,,4,1,1,1,,,,18360987,21344503.4
1769931900,25121.15,25148.95,25066.9,25066.9,25140.026909321106,25218.501280841254,0,0,0,25458.15,24919.8,,,,4,1,1,1,,,,13182056,21164785.45
1769932800,25065.6,25101.7,25031.1,25077.1,25127.441527456886,25205.646618946594,0,0,0,25458.15,24919.8,,,,4,1,1,1,,,,11943341,20648568.7
1769933700,25078,25095.3,24985.3,25048.95,25111.74322196551,25191.40147176963,0,0,0,25458.15,24919.8,,,,4,1,1,1,,,,12006158,17671895
1769934600,25047.1,25063.85,24983.55,25011.75,25091.744577572408,25175.069519790573,0,0,0,25458.15,24919.8,,,,4,1,1,1,,,,11207838,14616968
1769935500,25012.3,25053.8,24991.3,25039.1,25081.215662057926,25162.708654355065,0,0,0,25458.15,24919.8,,,,4,1,1,1,,,,10457069,14056023.55
1769936400,25038.45,25091.55,25026.9,25035.05,25071.982529646342,25151.103322140967,0,0,0,25458.15,24919.8,,,,4,1,1,1,,,,8887060,14013251.6
1769937300,25033.7,25052,24912.45,24923.85,25042.356023717075,25130.443929219062,0,0,0,25458.15,24919.8,,,,4,1,1,1,,,,16538335,14258651
1769938200,24923.9,24954.25,24847.45,24850.15,25003.91481897366,25104.96266292642,0,0,0,25458.15,24919.8,,,,4,1,1,1,,,,19221154,14865928.9
1769939100,24849.4,24850.55,24721,24768,24956.73185517893,25074.329693569474,0,0,0,25458.15,24919.8,,,,4,1,1,1,,,,30878632,16030227.8
1770003900,24813.15,24884.7,24726.85,24849.05,24935.195484143143,25053.849721426795,0,0,0,25458.15,24919.8,,,,4,1,1,1,,,,44170411,17944779.3
1770004800,24851.35,24918.55,24843.85,24865.05,24921.166387314515,25036.686110387996,0,0,0,25458.15,24919.8,,,,4,1,1,1,,,,24153287,18855466.3
1770005700,24867.1,24942.95,24850.45,24861.9,24909.313109851613,25020.79646398909,0,0,0,25458.15,24919.8,,,,4,1,1,1,,,,20131430,19168377.95
1770006600,24863.3,24865.9,24795.7,24826.75,24892.80048788129,25003.155876353718,0,0,0,25458.15,24919.8,,,,4,1,1,1,,,,19388516,19590756.6
1770007500,24826.15,24850.6,24799.9,24826.4,24879.52039030503,24987.08716032156,0,0,0,25458.15,24919.8,,,,4,1,1,1,,,,12925289,19736279.55
1770008400,24826,24873.65,24825.65,24847.1,24873.036312244025,24974.36105483778,0,0,0,25458.15,24919.8,,,,4,1,1,1,,,,11583723,19760248.05
1770009300,24846.9,24864.35,24769.15,24773.45,24853.11904979522,24956.096413488893,0,0,0,25458.15,24919.8,,,,4,1,1,1,,,,13067625,19573476.95
1770010200,24773,24773,24702,24728.35,24828.165239836177,24935.39219408081,0,0,0,25458.15,24919.8,,,,4,1,1,1,,,,18514679,19230335.7
1770011100,24728.45,24733.9,24679.4,24726.25,24807.78219186894,24916.37926734619,0,0,0,25458.15,24919.8,,,,4,1,1,1,,,,13468065,17584306.85
1770012000,24724.3,24869.7,24722.05,24868.3,24819.885753495153,24912.008424860174,0,0,0,25458.15,24919.8,,,,4,1,1,1,,,,14449019,17226733.7
1770012900,24868.4,24879.95,24850.5,24874.3,24830.76860279612,24908.58038623652,0,0,0,25458.15,24919.8,,,,4,1,1,1,,,,12538943,16935631.5
1770013800,24874.05,24914.05,24852.7,24910.65,24846.744882236897,24908.768532942293,0,0,0,25458.15,24919.8,,,,4,1,1,1,,,,10777241,16815390.75
1770014700,24910.45,24927.3,24879.45,24897.25,24856.845905789516,24907.721393583903,0,0,0,25458.15,24919.8,,,,4,1,1,1,,,,11852428,16810845.1
1770015600,24896.95,24897.65,24861.95,24870.9,24859.65672463161,24904.373994167185,0,0,0,25458.15,24919.8,,,,4,1,1,1,,,,11036142,16762344.3
1770016500,24870.85,24944.5,24865.05,24938.2,24875.36537970529,24907.44908560653,0,0,0,25458.15,24919.8,,,,4,1,1,1,,,,11453161,16774610.45
1770017400,24938.55,24963.3,24930.3,24934.95,24887.282303764234,24909.949168733212,0,0,0,25458.15,24919.8,,,,4,1,1,1,,,,13415817,16922547.85
1770018300,24935.2,24942.95,24851.35,24894.55,24888.735843011385,24908.54924430292,0,0,0,25458.15,24919.8,,,,4,1,1,1,,,,13259846,17141187.15
1770019200,24895.85,24972.3,24870.8,24964.9,24903.96867440911,24913.67204027538,0,0,0,25458.15,24919.8,,,,4,1,1,1,,,,13793218,17003931.3
1770020100,24964.2,24984.45,24941.7,24948.15,24912.804939527286,24916.80640025035,0,0,0,25458.15,24919.8,,,,4,1,1,1,,,,17635091,16924628.15
1770021000,24948.6,24958.75,24913.85,24943.15,24918.87395162183,24919.201272954862,0,0,0,25458.15,24919.8,,,,4,1,1,1,,,,12839238,16022658.45
1770021900,24943.2,24974.4,24921.65,24972.15,24929.529161297465,24924.01479359533,0,0,0,25458.15,24919.8,,,,4,1,1,1,,,,12974651,14462870.45
1770022800,24971.2,24983.4,24931.2,24956.3,24934.883329037973,24926.949812359388,0,0,0,25458.15,24919.8,,,,4,1,1,1,,,,15355070,14022959.6
1770023700,24955.4,25035.05,24952.85,25032.15,24954.33666323038,24936.513465781263,0,0,0,25458.15,24919.8,,,,4,1,1,1,,,,18530230,13942899.6
1770024600,25033.3,25093.3,25033.3,25086.75,24980.819330584305,24950.17133252842,0,0,0,25458.15,24919.8,,,,4,1,1,1,,,,37723364,14859642
1770025500,25086.45,25108.1,25069.5,25081.3,25000.915464467445,24962.09212048038,0,0,0,25458.15,24919.8,,,,4,1,1,1,,,,41212840,16274019.55
1770090300,26324,26341.2,25763.9,25786.25,25157.982371573955,25037.015564073074,0,0,0,25458.15,24919.8,,,,4,1,1,1,,,,132102782,22299972.5
1770091200,25785.3,25795.25,25720.15,25727.3,25271.845897259165,25099.768694611885,0,0,0,25458.15,24919.8,,,,4,1,1,1,,,,43121118,23802647.15
1770092100,25726.3,25793.1,25675.15,25702.6,25357.99671780733,25154.57154055626,0,0,0,25458.15,24919.8,,,,4,1,1,1,,,,32485674,24501196.9
1770093000,25703.55,25729.15,25641.3,25671,25420.597374245866,25201.519582323872,0,0,0,25458.15,24919.8,,,,4,1,1,1,,,,23387226,24997154.95
1770093900,25672.35,25794.7,25672.35,25771.15,25490.707899396693,25253.304165748974,0,0,0,25458.15,24919.8,,,,4,1,1,1,,,,24938400,25521624
1770094800,25771.55,25821.65,25763.7,25798.3,25552.226319517355,25302.849241589975,0,0,0,26341.2,24571.75,,,,1,1,1,1,,,,18124323,25800893
1770095700,25798.25,25804.4,25746.7,25780.1,25597.801055613883,25346.235674172705,0,0,0,26341.2,24571.75,,,,1,1,1,1,,,,17606884,26142375.15
1770096600,25780.7,25810.5,25765.5,25784.2,25635.080844491105,25386.05061288428,0,0,0,26341.2,24571.75,,,,1,1,1,1,,,,17081494,26403828.45
1770097500,25785.15,25824.05,25773.9,25815.75,25671.214675592884,25425.114193531164,0,0,0,26341.2,24571.75,,,,1,1,1,1,,,,16252961,26664669.4
1770098400,25815.9,25863.15,25805.75,25851.55,25707.281740474307,25463.88108502833,0,0,0,26341.2,24571.75,,,,1,1,1,1,,,,17510733,26967548
1770099300,25851.2,25855.9,25826.15,25847.85,25735.395392379447,25498.787350025756,0,0,0,26341.2,24571.75,,,,1,1,1,1,,,,16997409,27146627.6
1770100200,25849.2,25851.85,25813.15,25836.55,25755.62631390356,25529.49304547796,0,0,0,26341.2,24571.75,,,,1,1,1,1,,,,14853210,27226295.8
1770101100,25837.35,25838.6,25780.85,25786.55,25761.811051122848,25552.86185952542,0,0,0,26341.2,24571.75,,,,1,1,1,1,,,,12209410,27147105.4
1770102000,25786.25,25812.1,25767.55,25796.05,25768.65884089828,25574.969872295835,0,0,0,26341.2,24571.75,,,,1,1,1,1,,,,13522092,26941455.45
1770102900,25796.45,25805.5,25780.1,25795.6,25774.047072718622,25595.027156632575,0,0,0,26341.2,24571.75,,,,1,1,1,1,,,,11495280,26874257.55
1770103800,25795.45,25811.5,25786.4,25790.3,25777.2976581749,25612.779233302343,0,0,0,26341.2,24571.75,,,,1,1,1,1,,,,10773616,26764205.8
1770104700,25791.3,25800.45,25744,25771.05,25776.048126539918,25627.16748482031,0,0,0,26341.2,24571.75,,,,1,1,1,1,,,,15164955,26754700.05
1770105600,25771.7,25811.45,25729.4,25800.8,25780.998501231934,25642.952258927555,0,0,0,26341.2,24571.75,,,,1,1,1,1,,,,14831437,26569760.4
1770106500,25802.05,25811.85,25770.15,25770.35,25778.868800985547,25654.533871752323,0,0,0,26341.2,24571.75,,,,1,1,1,1,,,,12774442,25322314.3
1770107400,25770.85,25786.7,25755.6,25775.15,25778.125040788436,25665.498974320293,0,0,0,26341.2,24571.75,,,,1,1,1,1,,,,14545920,23988968.3
1770108300,25774.4,25781.55,25763,25768.9,25776.280032630748,25674.899067563903,0,0,0,26341.2,24571.75,,,,1,1,1,1,,,,13114786,18039568.5
1770109200,25769.05,25788.1,25740.3,25746.6,25770.344026104598,25681.417334149002,0,0,0,26341.2,24571.75,,,,1,1,1,1,,,,18948172,16830921.2
1770110100,25746.2,25790.35,25740.2,25778.05,25771.88522088368,25690.20212195364,0,0,0,26341.2,24571.75,,,,1,1,1,1,,,,18282506,16120762.8
1770111000,25778.75,25780.45,25696.85,25717.85,25761.078176706942,25692.7155654124,0,0,0,26341.2,24571.75,,,,1,1,1,1,,,,45429188,17222860.9
1770111900,25721.9,25749.45,25706.05,25714.8,25751.822541365553,25694.723241284,0,0,0,26341.2,24571.75,,,,1,1,1,1,,,,49030107,18427446.25
1770176700,25657.9,25788.3,25563.95,25752.65,25751.988033092442,25699.98931025818,0,0,0,26341.2,24571.75,,,,1,1,1,1,,,,55553230,20298891.6
1770177600,25753.7,25791.2,25728.2,25788.65,25759.320426473954,25708.04937296198,0,0,0,26341.2,24571.75,,,,1,1,1,1,,,,25169273,20677011.05
1770178500,25788.05,25795.25,25748.1,25781.5,25763.756341179163,25714.72670269271,0,0,0,26341.2,24571.75,,,,1,1,1,1,,,,18819862,20763929.45
1770179400,25779.55,25801.8,25771.3,25782.3,25767.46507294333,25720.869729720645,0,0,0,26341.2,24571.75,,,,1,1,1,1,,,,13195989,20611080.85
1770180300,25782.55,25787.05,25735.95,25743.3,25762.632058354666,25722.908845200585,0,0,0,26341.2,24571.75,,,,1,1,1,1,,,,12622300,20366659.2
1770181200,25744.15,25750.35,25709.55,25740.35,25758.175646683732,25724.494404727804,0,0,0,26341.2,24571.75,,,,1,1,1,1,,,,11278788,20080728.15
1770182100,25739,25756.9,25729.6,25746.2,25755.780517346986,25726.46764066164,0,0,0,26341.2,24571.75,,,,1,1,1,1,,,,10179716,19847053.45
1770183000,25745.9,25760.15,25714.15,25723.95,25749.41441387759,25726.238764237856,0,0,0,26341.2,24571.75,,,,1,1,1,1,,,,11140666,19793616.25
1770183900,25724,25726.8,25685.95,25699.35,25739.40153110207,25723.794331125322,0,0,0,26341.2,24571.75,,,,1,1,1,1,,,,13997626,19817392.95
1770184800,25698.15,25723.9,25691.25,25717.35,25734.991224881654,25723.2084828412,0,0,0,26341.2,24571.75,,,,1,1,1,1,,,,11952240,19840240.95
1770185700,25717.05,25729.55,25695.65,25727.45,25733.482979905322,25723.594075310182,0,0,0,26341.2,24571.75,,,,1,1,1,1,,,,15619488,20082534.55
1770186600,25726.9,25742.55,25711.25,25742.55,25735.29638392426,25725.317341191076,0,0,0,26341.2,24571.75,,,,1,1,1,1,,,,12306127,19939593.15
1770187500,25741.7,25756.3,25723.6,25748,25737.837107139407,25727.379401082795,0,0,0,26341.2,24571.75,,,,1,1,1,1,,,,16545328,20025287.7
1770188400,25746.85,25762.95,25727.2,25738.7,25738.009685711524,25728.408546438906,0,0,0,26341.2,24571.75,,,,1,1,1,1,,,,16565895,20214860.35
1770189300,25738.6,25738.9,25701.25,25705.15,25731.43774856922,25726.294133126277,0,0,0,26341.2,24571.75,,,,1,1,1,1,,,,15852497,20280189.2
1770190200,25704.55,25740.95,25702.65,25736.75,25732.500198855378,25727.244666478433,0,0,0,26341.2,24571.75,,,,1,1,1,1,,,,9591882,20104044
1770191100,25735.9,25759.25,25727.85,25757.25,25737.450159084303,25729.972424071304,0,0,0,26341.2,24571.75,,,,1,1,1,1,,,,9097474,19611509.1
1770192000,25757.95,25772.7,25757.05,25771.35,25744.23012726744,25733.734021883003,0,0,0,26341.2,24571.75,,,,1,1,1,1,,,,9722857,19183526.65
1770192900,25770.2,25788.25,25761,25775.1,25750.404101813954,25737.494565348185,0,0,0,26341.2,24571.75,,,,1,1,1,1,,,,9451967,17384665.6
1770193800,25774.95,25791.7,25755.25,25790.9,25758.503281451165,25742.349604861985,0,0,0,26341.2,24571.75,,,,1,1,1,1,,,,11134233,15489871.9
1770194700,25789.95,25818.55,25788.35,25798.2,25766.442625160933,25747.426913510895,0,0,0,26341.2,24571.75,,,,1,1,1,1,,,,14404628,13432441.8
1770195600,25797.75,25815.7,25793.15,25809.35,25775.024100128747,25753.056285009905,0,0,0,26341.2,24571.75,,,,1,1,1,1,,,,14022249,12875090.6
1770196500,25809.7,25812.65,25779.85,25782.65,25776.549280102998,25755.74662273628,0,0,0,26341.2,24571.75,,,,1,1,1,1,,,,18644845,12866339.75
1770197400,25784.8,25812.4,25780.2,25783.1,25777.8594240824,25758.233293396617,0,0,0,26341.2,24571.75,,,,1,1,1,1,,,,32423320,13827706.3
1770198300,25783,25790.25,25737.5,25737.5,25769.78753926592,25756.34844854238,0,0,0,26341.2,24571.75,,,,1,1,1,1,,,,37096493,15051415.95
1770263100,25749.6,25757.65,25666.15,25690.65,25753.960031412735,25750.375862311255,0,0,0,26341.2,24571.75,,,,1,1,1,1,,,,34354401,16205196.6
1770264000,25690.7,25729.55,25633.85,25635.15,25730.198025130187,25739.900783919322,0,0,0,26341.2,24571.75,,,,1,1,1,1,,,,18613488,16626885.2
1770264900,25635.3,25647.05,25612.9,25637.65,25711.68842010415,25730.605258108473,0,0,0,26341.2,24571.75,,,,1,1,1,1,,,,13492662,16744485
1770265800,25637.35,25676.7,25622.55,25672.75,25703.90073608332,25725.345689189522,0,0,0,26341.2,24571.75,,,,1,1,1,1,,,,12409615,16665084.45
1770266700,25672.5,25700.45,25657.3,25669.55,25697.030588866655,25720.273353808658,0,0,0,26341.2,24571.75,,,,1,1,1,1,,,,11058293,16620387.1
1770267600,25668.9,25670.85,25623.55,25642.65,25686.154471093323,25713.216685280597,0,0,0,26341.2,24571.75,,,,1,1,1,1,,,,11858937,16432359.55
1770268500,25642.8,25651.15,25616,25624,25673.723576874658,25705.106077527817,0,0,0,26341.2,24571.75,,,,1,1,1,1,,,,10769408,16355523.6
1770269400,25624.35,25678.25,25611.6,25673.55,25673.688861499726,25702.237343207107,0,0,0,26341.2,24571.75,,,,1,1,1,1,,,,10371734,16046843.9
1770270300,25673.65,25676.9,25639.4,25653.05,25669.561089199782,25697.765766551915,0,0,0,26341.2,24571.75,,,,1,1,1,1,,,,11512826,15794190.45
1770271200,25652.55,25680.2,25641.75,25666.3,25668.908871359825,25694.90524231992,0,0,0,26341.2,24571.75,,,,1,1,1,1,,,,9009579,15452044.55
1770272100,25666.35,25668.3,25629.65,25651.9,25665.50709708786,25690.995674836293,0,0,0,26341.2,24571.75,,,,1,1,1,1,,,,11105250,15527712.95
1770273000,25651.35,25657.7,25627.1,25629.8,25658.36567767029,25685.432431669356,0,0,0,26341.2,24571.75,,,,1,1,1,1,,,,8706165,15508147.5
1770273900,25629.7,25630.5,25611.1,25621.55,25651.00254213623,25679.62493788123,0,0,0,26341.2,24571.75,,,,1,1,1,1,,,,10011856,15522597.45
1770274800,25620.9,25634.95,25603.75,25617.45,25644.292033708985,25673.97267080112,0,0,0,26341.2,24571.75,,,,1,1,1,1,,,,7673442,15433671.2
1770275700,25617.2,25646.55,25606.75,25640.8,25643.593626967187,25670.956973455563,0,0,0,26341.2,24571.75,,,,1,1,1,1,,,,7828492,15268384.15
1770276600,25640.1,25646.45,25629.55,25636.8,25642.23490157375,25667.85179405051,0,0,0,26341.2,24571.75,,,,1,1,1,1,,,,7585974,14927451.45
1770277500,25637.45,25657.3,25611.2,25612.3,25636.247921259,25662.80163095501,0,0,0,26341.2,24571.75,,,,1,1,1,1,,,,8002083,14626443.15
1770278400,25611.7,25643.5,25611.7,25635.9,25636.1783370072,25660.35602814092,0,0,0,26341.2,24571.75,,,,1,1,1,1,,,,9114755,14149938.65
1770279300,25635.8,25647.4,25621.05,25635.25,25635.99266960576,25658.07366194629,0,0,0,26341.2,24571.75,,,,1,1,1,1,,,,10464702,13052007.75
1770280200,25635.4,25642,25579.5,25596.95,25628.18413568461,25652.51696540572,0,0,0,26341.2,24571.75,,,,1,1,1,1,,,,13728917,11883628.95
1770281100,25597.45,25617.65,25589.9,25611.9,25624.92730854769,25648.824514005202,0,0,0,26341.2,24571.75,,,,1,1,1,1,,,,12133233,10772570.55
1770282000,25611.8,25640.35,25606.35,25624.05,25624.75184683815,25646.572285459275,0,0,0,26341.2,24571.75,,,,1,1,1,1,,,,13881992,10535995.75
1770282900,25624.25,25649,25609.05,25645.2,25628.84147747052,25646.447532235703,0,0,0,26341.2,24571.75,,,,1,1,1,1,,,,13889744,10555849.85
1770283800,25646.05,25669.75,25630.45,25647.8,25632.633181976416,25646.57048385064,0,0,0,26341.2,24571.75,,,,1,1,1,1,,,,29908892,11430813.7
1770284700,25647.75,25649.75,25621.55,25641.6,25634.426545581133,25646.1186216824,0,0,0,26341.2,24571.75,,,,1,1,1,1,,,,33935535,12574675.8
1770349500,25621,25630.8,25553.55,25574.35,25622.411236464905,25639.594201529453,0,0,0,26341.2,24571.75,,,,1,1,1,1,,,,36588076,13811132.75
1770350400,25574.6,25574.6,25522.25,25526.3,25603.188989171922,25629.29472866314,0,0,0,26341.2,24571.75,,,,1,1,1,1,,,,15837562,14064540.45
1770351300,25527.2,25570.8,25527.2,25552.35,25593.02119133754,25622.299753330128,0,0,0,26341.2,24571.75,,,,1,1,1,1,,,,13302158,14211061.65
1770352200,25553.55,25560.45,25504.6,25515.8,25577.57695307003,25612.617957572842,0,0,0,26341.2,24571.75,,,,1,1,1,1,,,,11249493,14197895
1770353100,25517.2,25558.8,25506.65,25506.65,25563.391562456025,25602.9845068844,0,0,0,26341.2,24571.75,,,,1,1,1,1,,,,11082524,14301542.25
1770354000,25507.1,25525.85,25496.1,25502.4,25551.19324996482,25593.840460804,0,0,0,26341.2,24571.75,,,,1,1,1,1,,,,12632841,14377921.8
1770354900,25501.7,25524.2,25491.9,25522.5,25545.454599971858,25587.354964367274,0,0,0,26341.2,24571.75,,,,1,1,1,1,,,,11102374,14497732.25
1770355800,25522.75,25576.4,25522.75,25576.4,25551.643679977486,25586.359058515704,0,0,0,26341.2,24571.75,,,,1,1,1,1,,,,17215249,14857901.9
1770356700,25577.8,25598.2,25564.6,25588.55,25559.02494398199,25586.558235014276,0,0,0,26341.2,24571.75,,,,1,1,1,1,,,,14053757,15176917.65
1770357600,25588.5,25644.5,25582.95,25623.8,25571.97995518559,25589.943850012976,0,0,0,26341.2,24571.75,,,,1,1,1,1,,,,17589829,15664984.5
1770358500,25623.85,25641.8,25613.2,25632.25,25584.03396414847,25593.78986364816,0,0,0,26341.2,24571.75,,,,1,1,1,1,,,,14227698,15997070.7
1770359400,25631.35,25657.9,25588.45,25611.05,25589.437171318776,25595.35896695287,0,0,0,26341.2,24571.75,,,,1,1,1,1,,,,12927197,16243326.4
1770360300,25611.7,25614.35,25561.35,25573.75,25586.299737055022,25593.3945154117,0,0,0,26341.2,24571.75,,,,1,1,1,1,,,,14300663,16502621.8
1770361200,25573.25,25573.5,25536.7,25543.45,25577.729789644018,25588.854104919727,0,0,0,26341.2,24571.75,,,,1,1,1,1,,,,10408191,16499796.25
1770362100,25542.8,25570.35,25526.65,25556.7,25573.523831715214,25585.931004472477,0,0,0,26341.2,24571.75,,,,1,1,1,1,,,,11601186,16393409.7
1770363000,25556.15,25573.15,25540.2,25561.45,25571.109065372173,25583.705458611345,0,0,0,26341.2,24571.75,,,,1,1,1,1,,,,11371050,16355300.55
1770363900,25562.1,25576.65,25559.7,25569,25570.68725229774,25582.368598737587,0,0,0,26341.2,24571.75,,,,1,1,1,1,,,,8213844,16071893.15
1770364800,25569.4,25598.75,25549.1,25578.45,25572.23980183819,25582.012362488716,0,0,0,26341.2,24571.75,,,,1,1,1,1,,,,10906596,15922735.75
1770365700,25578.3,25626.1,25572.05,25617.6,25581.311841470553,25585.24760226247,0,0,0,26341.2,24571.75,,,,1,1,1,1,,,,11423248,14998453.55
1770366600,25617.4,25633.3,25607.15,25612.3,25587.509473176444,25587.7069111477,0,0,0,26341.2,24571.75,,,,1,1,1,1,,,,7845924,13693973
1770367500,25612.15,25630.65,25601.9,25610.9,25592.187578541154,25589.815373770634,0,0,0,26341.2,24571.75,,,,1,1,1,1,,,,9037956,12316467
1770368400,25611.1,25652.4,25606.5,25651.85,25604.120062832924,25595.454885246032,0,0,0,26341.2,24571.75,,,,1,1,1,1,,,,11150333,12082105.55
1770369300,25651.8,25671.85,25633.65,25670.3,25617.35605026634,25602.2589865873,0,0,0,26341.2,24571.75,,,,1,1,1,1,,,,12635211,12048758.2
1770370200,25672.05,25703.8,25671.2,25698.5,25633.584840213072,25611.00816962482,0,0,0,26341.2,24571.75,,,,1,1,1,1,,,,32004043,13086485.7
1770371100,25697.75,25703.95,25660.2,25673.6,25641.587872170458,25616.698336022564,0,0,0,26341.2,24571.75,,,,1,1,1,1,,,,32971069,14180912.95
1770608700,25907.15,25922.25,25793.3,25822.9,25677.850297736368,25635.443941838694,0,0,0,26341.2,24571.75,,,,1,1,1,1,,,,40631842,15580863
1770609600,25822,25835.5,25780.9,25793.05,25700.890238189095,25649.7717653079,0,0,0,26341.2,24571.75,,,,1,1,1,1,,,,15894507,15820469.65
1770610500,25792.9,25819.25,25790.35,25814.1,25723.532190551276,25664.710695734455,0,0,0,26341.2,24571.75,,,,1,1,1,1,,,,16553146,15787364.5
1770611400,25814.8,25831.1,25796.15,25801.6,25739.14575244102,25677.155177940414,0,0,0,26341.2,24571.75,,,,1,1,1,1,,,,13725804,15770966.85
1770612300,25800.1,25829.95,25794,25812.8,25753.876601952816,25689.486525400378,0,0,0,26341.2,24571.75,,,,1,1,1,1,,,,12793671,15531158.95
1770613200,25812.3,25852.35,25810.1,25852.35,25773.571281562254,25704.292295818526,0,0,0,25922.25,25491.9,,,,1,1,1,1,,,,11229537,15381250.9
1770614100,25852.8,25866.4,25844.5,25864.6,25791.7770252498,25718.865723471386,0,0,0,25922.25,25491.9,,,,1,1,1,1,,,,13035164,15386649.25
1770615000,25865.2,25870.05,25853.45,25857.95,25805.011620199843,25731.50974861035,0,0,0,25922.25,25491.9,,,,1,1,1,1,,,,13080117,15325621.95
1770615900,25858.15,25868.35,25851.75,25858.4,25815.689296159875,25743.04522600941,0,0,0,25922.25,25491.9,,,,1,1,1,1,,,,17802557,15695340.25
1770616800,25858.85,25866.55,25842,25851,25822.7514369279,25752.85929637219,0,0,0,25922.25,25491.9,,,,1,1,1,1,,,,12685440,15749552.95
1770617700,25850.45,25852.3,25830.5,25834.75,25825.151149542322,25760.303905792898,0,0,0,25922.25,25491.9,,,,1,1,1,1,,,,10430376,15702519.25
1770618600,25834.3,25861.25,25833.9,25856.25,25831.370919633857,25769.026277993544,0,0,0,25922.25,25491.9,,,,1,1,1,1,,,,12035381,15893596.1
1770619500,25856.6,25861.45,25848.5,25849.3,25834.956735707085,25776.32388908504,0,0,0,25922.25,25491.9,,,,1,1,1,1,,,,10543365,15875434.55
1770620400,25850.55,25850.9,25831.55,25835.95,25835.15538856567,25781.744444622764,0,0,0,25922.25,25491.9,,,,1,1,1,1,,,,10306707,15819607.5
1770621300,25836,25839.8,25819.95,25837.25,25835.574310852535,25786.79040420251,0,0,0,25922.25,25491.9,,,,1,1,1,1,,,,8876590,15871140.8
1770622200,25838.4,25860.3,25835.9,25849.95,25838.44944868203,25792.532185638647,0,0,0,25922.25,25491.9,,,,1,1,1,1,,,,10562561,15947371.05
1770623100,25850.75,25860,25836.85,25838.15,25838.389558945622,25796.6792596715,0,0,0,25922.25,25491.9,,,,1,1,1,1,,,,8224176,15801063.2
1770624000,25840.35,25856.1,25835.85,25853.3,25841.3716471565,25801.826599701362,0,0,0,25922.25,25491.9,,,,1,1,1,1,,,,8413129,15589959.1
1770624900,25854.05,25857.3,25843.1,25845.65,25842.2273177252,25805.810545183056,0,0,0,25922.25,25491.9,,,,1,1,1,1,,,,8648645,14422189.2
1770625800,25846.1,25853.8,25835.5,25844.4,25842.661854180158,25809.318677439143,0,0,0,25922.25,25491.9,,,,1,1,1,1,,,,10425010,13294886.25
1770626700,25845.25,25864.4,25842.2,25858.7,25845.869483344126,25813.80788858104,0,0,0,25922.25,25491.9,,,,1,1,1,1,,,,11749568,11850772.55
1770627600,25860.05,25861,25840.35,25843.8,25845.4555866753,25816.53444416458,0,0,0,25922.25,25491.9,,,,1,1,1,1,,,,11120912,11612092.8
1770628500,25844.95,25861.3,25836.25,25858.05,25847.97446934024,25820.30858560416,0,0,0,25922.25,25491.9,,,,1,1,1,1,,,,15321156,11550493.3
1770629400,25860.5,25875.85,25859.35,25866.3,25851.639575472193,25824.48962327651,0,0,0,25922.25,25491.9,,,,1,1,1,1,,,,24162422,12072324.2
1770630300,25866.55,25870.55,25856.85,25863.3,25853.971660377752,25828.017839342283,0,0,0,25922.25,25491.9,,,,1,1,1,1,,,,28087594,12837020.35
1770695100,25928.2,25934.95,25870.45,25917.6,25866.6973283022,25836.161672129347,0,0,0,25922.25,25491.9,,,,1,1,1,1,,,,36469979,14099042.45
1770696000,25918.2,25953.2,25909.65,25949.4,25883.237862641763,25846.456065572133,0,0,0,25922.25,25491.9,,,,1,1,1,1,,,,24368949,14665731.7
1770696900,25949.65,25962.3,25928.8,25949.5,25896.490290113412,25855.823695974665,0,0,0,25922.25,25491.9,,,,1,1,1,1,,,,22448791,15134165.4
1770697800,25948.7,25965.7,25940.25,25944.35,25906.062232090728,25863.87154179515,0,0,0,25922.25,25491.9,,,,1,1,1,1,,,,24620293,15475052.2
1770698700,25944.4,25971.85,25942,25963.4,25917.52978567258,25872.919583450137,0,0,0,25922.25,25491.9,,,,1,1,1,1,,,,24696816,16075621
1770699600,25963.5,25978.9,25951.35,25960.7,25926.163828538065,25880.899621318305,0,0,0,25922.25,25491.9,,,,1,1,1,1,,,,15235033,16315853.85
1770700500,25960.15,25971.7,25954.35,25959.6,25932.85106283045,25888.054201198458,0,0,0,25922.25,25491.9,,,,1,1,1,1,,,,12589189,16343544.25
1770701400,25959.3,25969.9,25955.1,25959.65,25938.21085026436,25894.562910180415,0,0,0,25922.25,25491.9,,,,1,1,1,1,,,,13210623,16476907.15
1770702300,25960.05,25964.4,25947.3,25954.05,25941.37868021149,25899.97082743674,0,0,0,25922.25,25491.9,,,,1,1,1,1,,,,17226117,16822877.65
1770703200,25953.95,25961.2,25941.9,25950.9,25943.28294416919,25904.600752215218,0,0,0,25922.25,25491.9,,,,1,1,1,1,,,,18981312,17328113.75
1770704100,25951.35,25963.7,25943.95,25961.75,25946.97635533535,25909.79613837747,0,0,0,25978.9,25491.9,,,,1,1,1,1,,,,11915607,17395766.05
1770705000,25961.9,25965.4,25950.65,25963.65,25950.31108426828,25914.69194397952,0,0,0,25978.9,25491.9,,,,1,1,1,1,,,,17100164,17839565.45
1770705900,25964.35,25969.8,25952.65,25956.8,25951.608867414623,25918.51994907229,0,0,0,25978.9,25491.9,,,,1,1,1,1,,,,14866808,18162249.4
1770706800,25956.4,25965,25950.85,25964.7,25954.2270939317,25922.718135520267,0,0,0,25978.9,25491.9,,,,1,1,1,1,,,,11095549,18284594.6
1770707700,25964.55,25989.45,25963.7,25973.45,25958.07167514536,25927.33012320024,0,0,0,25978.9,25491.9,,,,1,1,1,1,,,,15243344,18525511.3
1770708600,25972.45,25981,25956.8,25977.75,25962.007340116288,25931.913748363855,0,0,0,25978.9,25491.9,,,,1,1,1,1,,,,15816559,18728860.85
1770709500,25978,25982.25,25927.45,25938.1,25957.22587209303,25932.476134876233,0,0,0,25978.9,25491.9,,,,1,1,1,1,,,,13183240,18831977.25
1770710400,25935.05,25935.65,25908.85,25927.2,25951.220697674424,25931.996486251122,0,0,0,25978.9,25491.9,,,,1,1,1,1,,,,10087766,18570307.75
1770711300,25925.05,25936.05,25909.6,25910.85,25943.14655813954,25930.07407841011,0,0,0,25978.9,25491.9,,,,1,1,1,1,,,,9372755,17830824.4
1770712200,25910.35,25923.4,25893.2,25918.7,25938.257246511632,25929.040071281917,0,0,0,25989.45,25491.9,,,,1,1,1,1,,,,10594522,16956170.8
1770713100,25918.15,25943.8,25915.85,25921.3,25934.865797209306,25928.336428438106,0,0,0,25989.45,25491.9,,,,1,1,1,1,,,,12474163,15756380
1770714000,25919.15,25930.6,25903.85,25912.7,25930.432637767444,25926.914934943732,0,0,0,25989.45,25491.9,,,,1,1,1,1,,,,14959947,15285929.9
1770714900,25911.4,25944.4,25911.2,25941.45,25932.636110213956,25928.2363044943,0,0,0,25989.45,25491.9,,,,1,1,1,1,,,,16036164,14965298.55
1770715800,25943,25967.4,25930.85,25933.95,25932.898888171167,25928.755731358455,0,0,0,25989.45,25491.9,,,,1,1,1,1,,,,42725747,15870571.25
1770716700,25934.3,25937.05,25906.05,25916.8,25929.679110536934,25927.668846689503,0,0,0,25989.45,25491.9,,,,1,1,1,1,,,,31493185,16210389.7
1770781500,25996.15,26009.4,25942.45,25980.6,25939.863288429548,25932.48076971773,0,0,0,25989.45,25491.9,,,,1,1,1,1,,,,32544368,17075856.45
1770782400,25980.1,25984.55,25923.5,25937.85,25939.460630743637,25932.968881561574,0,0,0,25989.45,25491.9,,,,1,1,1,1,,,,16603969,17276595.45
1770783300,25937.8,25956.3,25925.75,25943.05,25940.17850459491,25933.885346874158,0,0,0,25989.45,25491.9,,,,1,1,1,1,,,,11082286,17170178.6
1770784200,25943.2,25943.4,25909.85,25917.9,25935.72280367593,25932.43213352196,0,0,0,25989.45,25491.9,,,,1,1,1,1,,,,11925703,16905157.9
1770785100,25918.05,25967.75,25916.9,25964.8,25941.538242940744,25935.374666838146,0,0,0,25989.45,25491.9,,,,1,1,1,1,,,,10236513,16467917.95
1770786000,25964.2,25981.3,25958.2,25969.05,25947.040594352595,25938.436060761953,0,0,0,26009.4,25491.9,,,,1,1,1,1,,,,10359227,16390098.95
1770786900,25968,25978.6,25955.8,25961.25,25949.882475482074,25940.510055238137,0,0,0,26009.4,25491.9,,,,1,1,1,1,,,,9348493,16002515.4
1770787800,25961.95,25971.65,25938.9,25956.95,25951.29598038566,25942.004595671035,0,0,0,26009.4,25491.9,,,,1,1,1,1,,,,12136956,15866022.8
1770788700,25957.4,25967.9,25947.4,25957.7,25952.57678430853,25943.43145061003,0,0,0,26009.4,25491.9,,,,1,1,1,1,,,,10641595,15843325.1
1770789600,25958,25979.05,25953.65,25956.15,25953.291427446824,25944.587682372756,0,0,0,26009.4,25491.9,,,,1,1,1,1,,,,7667833,15464549.55
1770790500,25956.45,25969.35,25945.5,25946.75,25951.98314195746,25944.784256702504,0,0,0,26009.4,25491.9,,,,1,1,1,1,,,,10254029,15186423.05
1770791400,25947.55,25960.95,25933.95,25953.95,25952.376513565967,25945.617506093186,0,0,0,26009.4,25491.9,,,,1,1,1,1,,,,8344724,14944497.25
1770792300,25954.45,25955.45,25935.8,25939.7,25949.841210852774,25945.079550993803,0,0,0,26009.4,25491.9,,,,1,1,1,1,,,,8558438,14868030.85
1770793200,25940.05,25945.1,25899.8,25911.2,25942.11296868222,25941.99959181255,0,0,0,26009.4,25491.9,,,,1,1,1,1,,,,21997416,15499263.9
1770794100,25910.9,25936.45,25900.9,25927.4,25939.170374945777,25940.672356193227,0,0,0,26009.4,25491.9,,,,1,1,1,1,,,,9540077,15446541.65
1770795000,25928.2,25931.1,25907.6,25923.75,25936.086299956623,25939.13396017566,0,0,0,26009.4,25491.9,,,,1,1,1,1,,,,9110565,15278361.75
1770795900,25923.95,25945.65,25920.1,25945.05,25937.879039965297,25939.67178197787,0,0,0,26009.4,25491.9,,,,1,1,1,1,,,,7832988,14922013.8
1770796800,25944.7,25969.2,25939.9,25955.35,25941.373231972237,25941.097074525336,0,0,0,26009.4,25491.9,,,,1,1,1,1,,,,8464324,14543421.8
1770797700,25955.1,25956.3,25927.5,25932.6,25939.618585577788,25940.32461320485,0,0,0,26009.4,25491.9,,,,1,1,1,1,,,,9088229,12861545.9
1770798600,25932.05,25956.8,25925.55,25956.2,25942.93486846223,25941.76783018623,0,0,0,26009.4,25491.9,,,,1,1,1,1,,,,10644441,11819108.7
1770799500,25955.95,25964.1,25939.7,25944.85,25943.317894769785,25942.048027442026,0,0,0,26009.4,25491.9,,,,1,1,1,1,,,,11621496,10772965.1
1770800400,25944.4,25954.05,25937.2,25944.9,25943.634315815827,25942.307297674568,0,0,0,26009.4,25491.9,,,,1,1,1,1,,,,11234433,10504488.3
1770801300,25945.45,25955.95,25940.3,25944.95,25943.89745265266,25942.547543340515,0,0,0,26009.4,25491.9,,,,1,1,1,1,,,,14609827,10680865.35
1770802200,25944.65,25970.75,25944.65,25955.9,25946.29796212213,25943.76140303683,0,0,0,26009.4,25491.9,,,,1,1,1,1,,,,26173220,11393241.2
1770803100,25957.95,25958.65,25939.75,25945.35,25946.108369697704,25943.905820942575,0,0,0,26009.4,25491.9,,,,1,1,1,1,,,,26791855,12221008.3
1770867900,25890.75,25892.3,25831.25,25833.75,25923.636695758163,25933.89165540234,0,0,0,26009.4,25491.9,,,,1,1,1,1,,,,43768206,13891457.25
1770868800,25835.8,25847.95,25822.3,25844.65,25907.83935660653,25925.778777638494,0,0,0,26009.4,25491.9,,,,1,1,1,1,,,,23498348,14598950
1770869700,25844.85,25872.35,25828.4,25865.1,25899.291485285226,25920.262525125905,0,0,0,26009.4,25491.9,,,,1,1,1,1,,,,24274910,15205847.7
1770870600,25867.5,25880.9,25849.9,25880.85,25895.603188228182,25916.679568296277,0,0,0,26009.4,25491.9,,,,1,1,1,1,,,,18606960,15604115.95
1770871500,25881.8,25882.6,25859.4,25867.2,25889.922550582545,25912.181425723888,0,0,0,26009.4,25491.9,,,,1,1,1,1,,,,13359980,15888723.3
1770872400,25867.35,25876,25850.6,25859.3,25883.798040466037,25907.374023385353,0,0,0,26009.4,25491.9,,,,1,1,1,1,,,,11535574,15952800.55
1770873300,25857.95,25865.55,25848.7,25853.6,25877.75843237283,25902.485475804868,0,0,0,26009.4,25491.9,,,,1,1,1,1,,,,11906398,16130884.25
1770874200,25852.4,25861.8,25843.15,25849.15,25872.036745898266,25897.636796186245,0,0,0,26009.4,25491.9,,,,1,1,1,1,,,,14139811,16409952.9
1770875100,25849.55,25849.55,25824.2,25831.1,25863.84939671861,25891.58799653295,0,0,0,26009.4,25491.9,,,,1,1,1,1,,,,13350662,15977615.2
1770876000,25833.9,25833.9,25813.05,25828.4,25856.75951737489,25885.843633211774,0,0,0,26009.4,25491.9,,,,1,1,1,1,,,,10996436,16050433.15
1770876900,25828.15,25836.1,25808.05,25826.3,25850.66761389991,25880.430575647068,0,0,0,26009.4,25491.9,,,,1,1,1,1,,,,10118948,16100852.3
1770877800,25827.05,25832.4,25806.5,25828.9,25846.31409111993,25875.74597786097,0,0,0,26009.4,25491.9,,,,1,1,1,1,,,,9266518,16172528.8
1770878700,25829.8,25839.7,25827.95,25832.15,25843.481272895944,25871.782707146336,0,0,0,26009.4,25491.9,,,,1,1,1,1,,,,10531154,16275870.3
1770879600,25834.9,25847.05,25831.85,25844.45,25843.675018316757,25869.29791558758,0,0,0,26009.4,25491.9,,,,1,1,1,1,,,,9231354,16283026.55
1770880500,25845.6,25859.5,25839.95,25853.75,25845.690014653406,25867.884468715984,0,0,0,26009.4,25491.9,,,,1,1,1,1,,,,9147263,16208167.65
1770881400,25854.55,25859.85,25830,25835.75,25843.702011722726,25864.96315337817,0,0,0,26009.4,25491.9,,,,1,1,1,1,,,,10329627,16143574.2
1770882300,25836.45,25879.3,25830.75,25855.45,25846.05160937818,25864.09832125288,0,0,0,26009.4,25491.9,,,,1,1,1,1,,,,12362034,16199954.25
1770883200,25857.4,25862,25841.3,25844.85,25845.811287502544,25862.348473866256,0,0,0,26009.4,25491.9,,,,1,1,1,1,,,,11054423,16022184.05
1770884100,25845.05,25847.35,25805.65,25816.95,25840.039030002034,25858.221339878415,0,0,0,26009.4,25491.9,,,,1,1,1,1,,,,13336568,15380351.45
1770885000,25817.2,25822.5,25807.25,25817.55,25835.541224001627,25854.523945344015,0,0,0,26009.4,25491.9,,,,1,1,1,1,,,,9406174,14511067.4
1770885900,25818.2,25837.85,25803.25,25823.7,25833.172979201303,25851.72176849456,0,0,0,26009.4,25491.9,,,,1,1,1,1,,,,12238569,12934585.55
1770886800,25823.4,25829.65,25794.55,25797.3,25825.998383361042,25846.774334995054,1,0,0,26009.4,25491.9,,,,2,1,1,1,1,,,15698710,12544603.65
1770887700,25796.95,25798.75,25752.4,25785.5,25817.898706688833,25841.203940904594,0,0,0,26009.4,25491.9,,,,2,1,1,1,,,,18989187,12280317.5
1770888600,25788.95,25840.7,25788.4,25807.45,25815.808965351065,25838.135400822357,0,0,0,26009.4,25491.9,,,,2,1,1,1,,,,42395268,13469732.9
1770889500,25805.35,25814.8,25790.4,25796.15,25811.877172280852,25834.318546202143,0,0,0,26009.4,25491.9,,,,2,1,1,1,,,,37342032,14668835.5
1770954300,25578.95,25630.35,25558.3,25585.7,25766.64173782468,25811.716860183766,0,1,0,26009.4,25491.9,,,,3,1,1,1,,1,,45374091,16360761.35
1770955200,25586.1,25586.1,25525.45,25560.85,25725.483390259746,25788.91078198524,0,0,0,26009.4,25491.9,,,,3,1,1,1,,,,26880156,17109449.25
1770956100,25560.75,25565.3,25531.5,25534.45,25687.276712207797,25765.777983622946,0,0,0,26009.4,25491.9,,,,3,1,1,1,,,,17348063,17269861.85
1770957000,25534.65,25550.7,25529.35,25531.75,25656.171369766238,25744.502712384496,0,0,0,26009.4,25491.9,,,,3,1,1,1,,,,14966049,17350631.2
1770957900,25531.5,25553.25,25513.3,25548.95,25634.727095812992,25726.725193076814,0,0,0,26009.4,25491.9,,,,3,1,1,1,,,,18445356,17723077.2
1770958800,25548.55,25584.3,25548.25,25574.1,25622.601676650393,25712.850175524378,0,0,0,26009.4,25491.9,,,,3,1,1,1,,,,20528823,18243570.95
1770959700,25573.3,25574.6,25543.95,25560.5,25610.181341320313,25699.000159567615,0,0,0,26009.4,25491.9,,,,3,1,1,1,,,,11587081,18359599.1
1770960600,25561.9,25563.75,25533.05,25554.2,25598.98507305625,25685.83650869783,0,0,0,26009.4,25491.9,,,,3,1,1,1,,,,11872069,18426644.85
1770961500,25553.7,25555.95,25522.8,25548.8,25588.948058445,25673.378644270753,0,0,0,26009.4,25491.9,,,,3,1,1,1,,,,11466591,18538406.7
1770962400,25548.85,25551.05,25525.05,25549.6,25581.078446756,25662.126040246138,0,0,0,26009.4,25491.9,,,,3,1,1,1,,,,11711448,18666615.95
1770963300,25550.8,25561.25,25543.4,25558.85,25576.6327574048,25652.73730931467,0,0,0,26009.4,25491.9,,,,3,1,1,1,,,,13347713,18817520.25
1770964200,25559,25576.7,25554.95,25573.4,25575.98620592384,25645.5248266497,0,0,0,26009.4,25491.9,,,,3,1,1,1,,,,14843009,18941569
1770965100,25573.5,25604.25,25557.7,25585.3,25577.84896473907,25640.04984240882,0,0,0,26009.4,25491.9,,,,3,1,1,1,,,,12453524,19011524.05
1770966000,25585.8,25606.05,25576.5,25584,25579.079171791258,25634.954402189836,0,0,0,26009.4,25491.9,,,,3,1,1,1,,,,14077736,19048582.45
1770966900,25585.15,25596.85,25537.6,25542.05,25571.673337433007,25626.508547445304,0,0,0,26009.4,25491.9,,,,3,1,1,1,,,,14080231,19282285.3
1770967800,25542.95,25578,25531.65,25574.7,25572.278669946405,25621.798679495732,0,0,0,26009.4,25491.9,,,,3,1,1,1,,,,11170850,19228899.35
1770968700,25575.65,25586.85,25541.65,25546.65,25567.152935957125,25614.966981359757,0,0,0,26009.4,25491.9,,,,3,1,1,1,,,,8146159,18851271.8
1770969600,25546.9,25553.8,25533.2,25539.2,25561.5623487657,25608.079073963418,0,0,0,26009.4,25491.9,,,,3,1,1,1,,,,10029316,18403278.25
1770970500,25538.9,25540.15,25499.9,25524.5,25554.14987901256,25600.48097633038,0,0,0,26009.4,25491.9,,,,3,1,1,1,,,,13338418,16950435.75
1770971400,25525.15,25539.25,25513.6,25534.6,25550.239903210047,25594.49179666398,0,0,0,26009.4,25491.9,,,,3,1,1,1,,,,14748697,15820769
1770972300,25535,25538.4,25515.3,25530.95,25546.381922568038,25588.715269694527,0,0,0,26009.4,25491.9,,,,3,1,1,1,,,,12007376,14152433.25
1770973200,25531.15,25534.55,25499.35,25511.75,25539.45553805443,25581.718426995023,0,0,0,26009.4,25491.9,,,,3,1,1,1,,,,19667887,13791819.8
1770974100,25511.45,25528.3,25502.2,25521.25,25535.814430443545,25576.221297268203,0,0,0,26009.4,25491.9,,,,3,1,1,1,,,,18639560,13856394.65
1770975000,25521.95,25527.55,25472.05,25477.2,25524.091544354837,25567.21936115291,0,0,0,26009.4,25491.9,,,,3,1,1,1,,,,30320121,14624098.25
1770975900,25475.55,25489.8,25444.3,25460.55,25511.38323548387,25557.522146502648,0,0,0,26009.4,25491.9,,,,3,1,1,1,,,,53577693,16380715.1
1771213500,25440.35,25493.35,25372.7,25472.25,25503.556588387095,25549.770133184225,0,0,0,26009.4,25491.9,,,,3,1,1,1,,,,23758867,16542217.3
1771214400,25473.55,25528.45,25458.15,25460.75,25494.995270709675,25541.677393803842,0,0,0,26009.4,25491.9,,,,3,1,1,1,,,,13115451,16618635.8
1771215300,25460.25,25497.95,25431.9,25496.65,25495.32621656774,25537.58399436713,0,0,0,26009.4,25491.9,,,,3,1,1,1,,,,11791709,16614617.8
1771216200,25497.5,25556.5,25497.5,25551.45,25506.550973254194,25538.844540333754,0,0,0,26009.4,25491.9,,,,3,1,1,1,,,,12017734,16642174.95
1771217100,25550.8,25561.85,25518.9,25525.85,25510.410778603356,25537.66321848523,0,0,0,26009.4,25491.9,,,,3,1,1,1,,,,9115528,16512378.95
1771218000,25526.2,25540.25,25520.5,25526.25,25513.578622882684,25536.625653168394,0,0,0,26009.4,25491.9,,,,3,1,1,1,,,,8989781,16294482.35
1771218900,25526.45,25536,25508.2,25523.05,25515.472898306147,25535.391502880357,0,0,0,26009.4,25491.9,,,,3,1,1,1,,,,8208345,15962749.15
1771219800,25523.55,25537.1,25507.15,25534.55,25519.288318644918,25535.315002618507,0,0,0,26009.4,25491.9,,,,3,1,1,1,,,,7689828,15724564.35
1771220700,25533.85,25547.15,25511.35,25517.8,25518.990654915935,25533.72272965319,0,0,0,26009.4,25491.9,,,,3,1,1,1,,,,8632721,15452313.6
1771221600,25518.1,25531.55,25513.6,25523.65,25519.92252393275,25532.807026957445,0,0,0,26009.4,25491.9,,,,3,1,1,1,,,,9234248,15210014.45
1771222500,25521.05,25529.65,25503.05,25529.1,25521.7580191462,25532.47002450677,0,0,0,26009.4,25491.9,,,,3,1,1,1,,,,7079696,15005456.75
1771223400,25532.4,25555.2,25528.85,25545.7,25526.54641531696,25533.67274955161,0,0,0,26009.4,25491.9,,,,3,1,1,1,,,,8059776,15001137.6
1771224300,25545.4,25576.5,25532.95,25576.05,25536.44713225357,25537.5252268651,0,0,0,26009.4,25491.9,,,,3,1,1,1,,,,8072260,14903284.8
1771225200,25576.95,25590.9,25572,25577.8,25544.717705802854,25541.18656987736,0,0,0,26009.4,25491.9,,,,3,1,1,1,,,,12161321,14844429.95
1771226100,25578.95,25582.35,25550.65,25556.85,25547.144164642283,25542.610518070327,0,0,0,26009.4,25491.9,,,,3,1,1,1,,,,8721729,14543081.55
1771227000,25556.6,25584.85,25555.2,25571.35,25551.985331713826,25545.223198245752,0,0,0,26009.4,25491.9,,,,3,1,1,1,,,,10454049,14465415.2
1771227900,25571.45,25584,25564.35,25581.7,25557.92826537106,25548.539271132504,0,0,0,26009.4,25491.9,,,,3,1,1,1,,,,9652581,13964649.9
1771228800,25582.4,25593.15,25566.35,25590.6,25564.462612296848,25552.362973756823,0,0,0,26009.4,25491.9,,,,3,1,1,1,,,,8974301,13481386.95
1771229700,25590.7,25594.15,25544.85,25566,25564.77008983748,25553.602703415294,0,0,0,26009.4,25491.9,,,,3,1,1,1,,,,9692472,12450004.5
1771230600,25565,25585.4,25560.5,25580.35,25567.886071869983,25556.034275832084,0,0,0,26009.4,25491.9,,,,3,1,1,1,,,,8498803,10196060
1771231500,25581.1,25624.9,25574,25620.4,25578.388857495986,25561.885705301895,0,0,0,26009.4,25491.9,,,,3,1,1,1,,,,7376305,9376931.9
1771232400,25620.75,25654.95,25620.35,25646.25,25591.961085996787,25569.555186638085,0,0,0,26009.4,25491.9,,,,3,1,1,1,,,,12241035,9333211.1
1771233300,25645.75,25669.85,25639.8,25663.45,25606.25886879743,25578.091078761896,0,0,0,26009.4,25491.9,,,,3,1,1,1,,,,9991967,9243224
1771234200,25661.55,25697,25661.55,25686.75,25622.357095037944,25587.969162510813,0,0,0,26009.4,25491.9,,,,3,1,1,1,,,,18540403,9569357.45
1771235100,25687.05,25692.75,25673,25682.45,25634.375676030355,25596.558329555286,0,0,0,26009.4,25491.9,,,,3,1,1,1,,,,21960907,10211626.4
1771299900,25648.35,25664.85,25570.3,25592.8,25626.060540824285,25596.216663232077,0,0,0,26009.4,25491.9,,,,3,1,1,1,,,,25654994,11044887.05
1771300800,25593.1,25644.75,25578.7,25642.95,25629.438432659426,25600.465148392796,0,0,0,26009.4,25491.9,,,,3,1,1,1,,,,20778443,11673391.95
1771301700,25642.2,25675.85,25632.4,25663.15,25636.180746127542,25606.16377126618,0,0,0,26009.4,25491.9,,,,3,1,1,1,,,,16102003,12094000.7
1771302600,25662.25,25682,25651.3,25679.25,25644.794596902033,25612.807973878345,0,0,0,26009.4,25491.9,,,,3,1,1,1,,,,18168104,12570769.85
1771303500,25679.4,25728.5,25666.15,25724.4,25660.715677521628,25622.952703525767,0,0,0,26009.4,25491.9,,,,3,1,1,1,,,,15389739,12878544.4
1771304400,25724.1,25730.35,25657.2,25661.3,25660.832542017302,25626.438821387062,0,0,0,26009.4,25491.9,,,,3,1,1,1,,,,13047142,13176916.7
1771305300,25661.6,25669.15,25642.75,25668.1,25662.28603361384,25630.226201260964,0,0,0,26009.4,25491.9,,,,3,1,1,1,,,,11119504,13329903.1
1771306200,25667.75,25674.95,25653.65,25673.1,25664.44882689107,25634.12381932815,0,0,0,26009.4,25491.9,,,,3,1,1,1,,,,10787879,13465684.05
1771307100,25673.95,25695.55,25669.5,25693.6,25670.279061512858,25639.53074484377,0,0,0,26009.4,25491.9,,,,3,1,1,1,,,,8317068,13273471.4
1771308000,25693.95,25745.75,25687.55,25722.35,25680.693249210286,25647.05976803979,0,0,0,26009.4,25491.9,,,,3,1,1,1,,,,14632886,13569029.25
1771308900,25722.75,25741.8,25722.6,25729.45,25690.444599368228,25654.549789127082,0,0,0,26009.4,25491.9,,,,3,1,1,1,,,,8009550,13446804.3
1771309800,25730,25737.25,25718.8,25721.7,25696.695679494584,25660.654353751892,0,0,0,26009.4,25491.9,,,,3,1,1,1,,,,9299365,13429143.5
1771310700,25722.55,25753.85,25721.85,25733.65,25704.086543595666,25667.29032159263,0,0,0,26009.4,25491.9,,,,3,1,1,1,,,,12331938,13597025.35
1771311600,25733.9,25741.25,25725.35,25738.7,25711.009234876532,25673.782110538756,0,0,0,26009.4,25491.9,,,,3,1,1,1,,,,10448745,13634839
1771312500,25738.25,25760.85,25732.2,25733.8,25715.567387901225,25679.23828230796,0,0,0,26009.4,25491.9,,,,3,1,1,1,,,,7881181,13603957.9
1771313400,25733.6,25764.4,25713.9,25736.35,25719.72391032098,25684.4302566436,0,0,0,26009.4,25491.9,,,,3,1,1,1,,,,15908747,14030580
1771314300,25736.25,25748,25725.75,25740.1,25723.799128256782,25689.491142403273,0,0,0,26009.4,25491.9,,,,3,1,1,1,,,,11242823,13980669.4
1771315200,25740.95,25761.95,25738.05,25744.7,25727.979302605425,25694.51012945752,0,0,0,26009.4,25491.9,,,,3,1,1,1,,,,8771709,13919656.5
1771316100,25744.8,25749.8,25696.75,25698.85,25722.153442084338,25694.904663143203,0,0,0,26009.4,25491.9,,,,3,1,1,1,,,,8032603,13394266.5
1771317000,25699.45,25734.15,25667.8,25670.95,25711.91275366747,25692.72696649382,0,0,0,26009.4,25491.9,,,,3,1,1,1,,,,11906743,12891558.3
1771317900,25670.7,25705.8,25662.6,25683.35,25706.20020293398,25691.874514994382,0,0,0,25764.4,25372.7,,,,1,1,1,1,,,,9302602,12073938.7
1771318800,25686.1,25733.45,25675.5,25717.3,25708.42016234718,25694.185922722165,0,0,0,25764.4,25372.7,,,,1,1,1,1,,,,13657700,11717901.55
1771319700,25718.05,25721,25691.15,25711.9,25709.116129877744,25695.796293383788,0,0,0,25764.4,25372.7,,,,1,1,1,1,,,,11564831,11491042.95
1771320600,25713.1,25746.3,25703,25724.85,25712.262903902196,25698.43753943981,0,0,0,25764.4,25372.7,,,,1,1,1,1,,,,24816191,11823447.3
1771321500,25725.45,25731.85,25713.8,25716,25713.010323121758,25700.03412676346,0,0,0,25764.4,25372.7,,,,1,1,1,1,,,,25746489,12341284.8
1771386300,25759.75,25759.75,25697.75,25728.5,25716.108258497406,25702.621933421327,0,0,0,25764.4,25372.7,,,,1,1,1,1,,,,36502549,13514055.15
1771387200,25730.25,25746.65,25711.95,25741.85,25721.256606797924,25706.188121292114,0,0,0,25764.4,25372.7,,,,1,1,1,1,,,,55904359,15753297.9
1771388100,25744.45,25744.45,25655.75,25665.45,25710.09528543834,25702.484655720105,0,0,0,25764.4,25372.7,,,,1,1,1,1,,,,29774544,16702631.15
1771389000,25666.6,25674.85,25650.25,25661.95,25700.466228350673,25698.799687018276,0,0,0,25764.4,25372.7,,,,1,1,1,1,,,,22305879,17402071.7
1771389900,25663.85,25675.6,25645.15,25665.35,25693.44298268054,25695.75880638025,0,0,0,25764.4,25372.7,,,,1,1,1,1,,,,17180751,17529464.95
1771390800,25666.2,25684.7,25654.7,25660.75,25686.90438614443,25692.576187618408,0,0,0,25764.4,25372.7,,,,1,1,1,1,,,,12145153,17736245.1
1771391700,25661.9,25708,25658.85,25703.2,25690.163508915542,25693.541988744008,0,0,0,25764.4,25372.7,,,,1,1,1,1,,,,12033085,17872931.1
1771392600,25706,25709,25689.3,25700.05,25692.140807132433,25694.133626130915,0,0,0,25764.4,25372.7,,,,1,1,1,1,,,,13093302,17910999.3
1771393500,25700.7,25701.8,25679.95,25693.55,25692.422645705945,25694.080569209924,0,0,0,25764.4,25372.7,,,,1,1,1,1,,,,13485583,18062841.2
1771394400,25694.9,25716.55,25676.55,25686.9,25691.318116564755,25693.42779019084,0,0,0,25764.4,25372.7,,,,1,1,1,1,,,,10086840,18173124.15
1771395300,25687.5,25701.9,25682.65,25701.05,25693.264493251805,25694.12071835531,0,0,0,25764.4,25372.7,,,,1,1,1,1,,,,10383205,17896847.05
1771396200,25702.4,25718.4,25697.15,25709.85,25696.581594601445,25695.55065305028,0,0,0,25764.4,25372.7,,,,1,1,1,1,,,,11493716,17909391.7
1771397100,25710.5,25723,25703.65,25711.75,25699.615275681157,25697.0233209548,0,0,0,25764.4,25372.7,,,,1,1,1,1,,,,10593528,18000482.65
1771398000,25713.9,25734.4,25709.9,25726.35,25704.962220544927,25699.68938268618,0,0,0,25764.4,25372.7,,,,1,1,1,1,,,,7631811,17980443.05
1771398900,25725.1,25733.9,25711.9,25731.85,25710.33977643594,25702.613075169254,0,0,0,25764.4,25372.7,,,,1,1,1,1,,,,11802422,17975227
1771399800,25732.2,25742.05,25718.4,25731.5,25714.57182114875,25705.23915924478,0,0,0,25764.4,25372.7,,,,1,1,1,1,,,,7279479,17874070.85
1771400700,25730.95,25753.2,25717.8,25728.05,25717.267456919002,25707.312872040708,0,0,0,25764.4,25372.7,,,,1,1,1,1,,,,9289858,17655678.75
1771401600,25727.25,25730.95,25718.1,25724.7,25718.7539655352,25708.893520037007,0,0,0,25764.4,25372.7,,,,1,1,1,1,,,,6692654,17412069.9
1771402500,25724.6,25746.15,25695.75,25724.3,25719.863172428162,25710.294109124552,0,0,0,25764.4,25372.7,,,,1,1,1,1,,,,11742822,16758401.45
1771403400,25724.45,25757.35,25719.95,25756.8,25727.25053794253,25714.521917385955,0,0,0,25764.4,25372.7,,,,1,1,1,1,,,,7894525,15865803.25
1771404300,25756.95,25792.85,25750.6,25785.2,25738.840430354026,25720.947197623595,0,0,0,25764.4,25372.7,,,,1,1,1,1,,,,10855908,14583471.2
1771405200,25784.2,25793.8,25774.3,25779.8,25747.03234428322,25726.297452385086,0,0,0,25764.4,25372.7,,,,1,1,1,1,,,,9534659,12264986.2
1771406100,25779.65,25796.75,25768.45,25792.15,25756.055875426577,25732.284047622805,0,0,0,25764.4,25372.7,,,,1,1,1,1,,,,10456807,11299099.35
1771407000,25794.75,25828.05,25794.75,25821.95,25769.23470034126,25740.435497838913,0,0,0,25764.4,25372.7,,,,1,1,1,1,,,,22280152,11297813
1771407900,25820.05,25827.45,25805.05,25805.7,25776.52776027301,25746.368634399012,0,0,0,25764.4,25372.7,,,,1,1,1,1,,,,27567341,11817142.5
1771472700,25865.2,25885.3,25811.2,25817.65,25784.752208218408,25752.84875854456,0,0,0,25764.4,25372.7,,,,1,1,1,1,,,,30825089,12751139.3
1771473600,25817.75,25821.2,25776.55,25779.9,25783.781766574728,25755.307962313236,0,0,0,25764.4,25372.7,,,,1,1,1,1,,,,15959879,12947479
1771474500,25780.95,25812.95,25769.65,25772.85,25781.595413259784,25756.902693012034,0,0,0,25764.4,25372.7,,,,1,1,1,1,,,,10596044,12822616.1
1771475400,25772.55,25793.9,25749.45,25756.45,25776.566330607828,25756.86153910185,0,0,0,25764.4,25372.7,,,,1,1,1,1,,,,8404664,12568570.15
1771476300,25757.75,25765.85,25732.35,25746.7,25770.593064486264,25755.937762819864,0,0,0,25764.4,25372.7,,,,1,1,1,1,,,,7783769,12453416.6
1771477200,25746.75,25752.4,25708.7,25735.05,25763.48445158901,25754.038875290786,0,0,0,25885.3,25372.7,,,,1,1,1,1,,,,11092528,12488882.75
1771478100,25735.2,25740.5,25718.05,25734.85,25757.75756127121,25752.294432082534,0,0,0,25885.3,25372.7,,,,1,1,1,1,,,,9870712,12407732.55
1771479000,25734.75,25746,25713.85,25715.8,25749.366049016968,25748.976756438668,0,0,0,25885.3,25372.7,,,,1,1,1,1,,,,8018383,12278975.3
1771479900,25715.3,25720.7,25679.75,25688.65,25737.222839213573,25743.492505853334,0,0,0,25885.3,25372.7,,,,1,1,1,1,,,,6679788,12231374.15
1771480800,25687.7,25693.1,25667.65,25678.9,25725.558271370857,25737.620459866666,0,0,0,25885.3,25372.7,,,,1,1,1,1,,,,5393523,11910929.2
1771481700,25679.35,25680.05,25650.55,25658.7,25712.186617096686,25730.445872606062,0,0,0,25885.3,25372.7,,,,1,1,1,1,,,,6392985,11866604.5
1771482600,25658.65,25661.6,25601,25603.5,25690.44929367735,25718.905338732784,0,0,0,25885.3,25372.7,,,,1,1,1,1,,,,8949968,11849610
1771483500,25602.85,25639.7,25586.75,25626,25677.55943494188,25710.459398847986,0,0,0,25885.3,25372.7,,,,1,1,1,1,,,,10293147,12029634.65
1771484400,25625.4,25630.7,25569.35,25582.55,25658.557547953504,25698.83127167999,0,0,0,25885.3,25372.7,,,,1,1,1,1,,,,7403287,11812657.9
1771485300,25580.7,25613.4,25567.75,25597.5,25646.346038362804,25689.619337890897,0,0,0,25885.3,25372.7,,,,1,1,1,1,,,,7079275,11771895.4
1771486200,25598.4,25631.4,25586.25,25624.55,25641.986830690243,25683.70394353718,0,0,0,25885.3,25372.7,,,,1,1,1,1,,,,11571225,11807661.25
1771487100,25623.85,25636.25,25598.5,25619.7,25637.529464552194,25677.88540321562,0,0,0,25885.3,25372.7,,,,1,1,1,1,,,,9870702,11824463.4
1771488000,25617.95,25620.55,25575.85,25600.55,25630.133571641756,25670.854912014198,0,0,0,25885.3,25372.7,,,,1,1,1,1,,,,10804854,11841865.75
1771488900,25600.5,25605.7,25561.7,25562.45,25616.596857313405,25660.999920012906,0,0,0,25885.3,25372.7,,,,1,1,1,1,,,,13097165,11382716.4
1771489800,25561.65,25577.45,25545.3,25571.4,25607.557485850724,25652.854472739007,0,0,0,25885.3,25372.7,,,,1,1,1,1,,,,12042510,10606474.85
1771490700,25570.9,25609.95,25544.9,25547.1,25595.46598868058,25643.240429762733,0,0,0,25885.3,25372.7,,,,1,1,1,1,,,,13516861,9741063.45
1771491600,25545.85,25575.55,25518.2,25518.25,25580.022790944462,25631.877663420666,0,0,0,25885.3,25372.7,,,,4,1,1,1,,,,9847191,9435429.05
1771492500,25517.55,25535.4,25488,25523.35,25568.68823275557,25622.011512200606,0,0,0,25885.3,25372.7,,,,4,1,1,1,,,,14256736,9618463.65
1771493400,25521.75,25521.75,25440.25,25447.6,25544.470586204454,25606.15592018237,0,0,0,25885.3,25372.7,,,,4,1,1,1,,,,38769225,11136691.7
1771494300,25447.55,25447.55,25388.75,25416.45,25518.866468963563,25588.90992743852,0,0,0,25885.3,25372.7,,,,4,1,1,1,,,,35185290,12506767.75
1771559100,25400.3,25485.85,25379.75,25382.1,25491.51317517085,25570.109024944108,0,0,0,25885.3,25372.7,,,,4,1,1,1,,,,28263304,13365306.55
1771560000,25381.75,25486.9,25381.75,25482.3,25489.67054013668,25562.126386312826,0,0,0,25885.3,25372.7,,,,4,1,1,1,,,,16678069,13705674.4
1771560900,25481.65,25524.7,25480.6,25520.8,25495.896432109344,25558.36944210257,0,0,0,25885.3,25372.7,,,,4,1,1,1,,,,9963181,13802914.3
1771561800,25520.25,25523.45,25468.95,25480.45,25492.807145687475,25551.28585645688,0,0,0,25885.3,25372.7,,,,4,1,1,1,,,,11276772,14032763.5
1771562700,25479.9,25572.65,25479.9,25550.8,25504.40571654998,25551.241687688074,0,0,0,25885.3,25372.7,,,,4,1,1,1,,,,9279754,14227075.05
1771563600,25550.95,25603.8,25550.95,25596.65,25522.854573239983,25555.36971608007,0,0,0,25885.3,25372.7,,,,4,1,1,1,,,,8598273,14337339.45
1771564500,25595.6,25606.5,25574.05,25584.2,25535.123658591987,25557.990650981883,0,0,0,25885.3,25372.7,,,,4,1,1,1,,,,8135115,14296596.8
1771565400,25584.85,25590.3,25560.75,25561.85,25540.46892687359,25558.34150089262,0,0,0,25885.3,25372.7,,,,4,1,1,1,,,,8985005,14231189.7
1771566300,25561.7,25597.05,25561.7,25585.5,25549.47514149887,25560.81045535693,0,0,0,25885.3,25372.7,,,,4,1,1,1,,,,8780478,14300049.25
1771567200,25586.2,25607.2,25580.25,25600.85,25559.750113199098,25564.450413960843,0,0,0,25885.3,25372.7,,,,4,1,1,1,,,,7331827,14312676.85
1771568100,25600.25,25620.7,25581.1,25598.15,25567.43009055928,25567.514012691678,0,0,0,25885.3,25372.7,,,,4,1,1,1,,,,8064066,14137318.9
1771569000,25597.8,25604.5,25580.55,25603.1,25574.56407244742,25570.74910244698,0,0,0,25885.3,25372.7,,,,4,1,1,1,,,,6938090,13990688.3
1771569900,25602.45,25663.55,25602.1,25653.45,25590.341257957938,25578.26736586089,0,0,0,25885.3,25372.7,,,,4,1,1,1,,,,12575556,14079223.4
1771570800,25652.95,25658.35,25604.95,25606.8,25593.63300636635,25580.86124169172,0,0,0,25885.3,25372.7,,,,4,1,1,1,,,,8644945,13856612.4
1771571700,25605.95,25623.85,25573.3,25594.6,25593.82640509308,25582.110219719747,0,0,0,25885.3,25372.7,,,,4,1,1,1,,,,8508450,13679909.4
1771572600,25594.25,25609.75,25535.75,25554.6,25585.981124074464,25579.609290654316,0,0,0,25885.3,25372.7,,,,4,1,1,1,,,,9833954,13495764.05
1771573500,25554.5,25573.3,25532,25568.5,25582.484899259573,25578.599355140286,0,0,0,25885.3,25372.7,,,,4,1,1,1,,,,10451421,13525975.55
1771574400,25567.5,25609.6,25556,25573,25580.58791940766,25578.090322854805,0,0,0,25885.3,25372.7,,,,4,1,1,1,,,,9195433,13272910.4
1771575300,25572.85,25602.9,25561.4,25601.15,25584.700335526126,25580.186657140734,0,0,0,25885.3,25372.7,,,,4,1,1,1,,,,6370084,11652953.35
1771576200,25600.75,25611.8,25577.45,25602.15,25588.1902684209,25582.183324673395,0,0,0,25885.3,25372.7,,,,4,1,1,1,,,,8596860,10323531.85
1771577100,25601.65,25634.15,25587.05,25591.1,25588.77221473672,25582.99393152127,0,0,0,25885.3,25372.7,,,,4,1,1,1,,,,11599529,9490343.1
1771578000,25592,25637.6,25585.9,25625.55,25596.127771789375,25586.862665019336,0,0,0,25885.3,25372.7,,,,4,1,1,1,,,,9180099,9115444.6
1771578900,25625.95,25652.85,25614.6,25642.8,25605.4622174315,25591.947877290306,0,0,0,25885.3,25372.7,,,,4,1,1,1,,,,10309839,9132777.5
1771579800,25646.9,25649.65,25563,25571.95,25598.7597739452,25590.129888445732,0,0,0,25885.3,25372.7,,,,4,1,1,1,,,,31923539,10165115.85
1771580700,25570.85,25577.45,25538.9,25565.9,25592.18781915616,25587.927171314303,0,0,0,25885.3,25372.7,,,,4,1,1,1,,,,37234457,11562851
1771818300,25678.7,25767.9,25626.5,25760,25625.75025532493,25603.570155740275,0,0,0,25885.3,25372.7,,,,4,1,1,1,,,,27654211,12515647.9
1771819200,25759.05,25771.45,25718.6,25730.25,25646.650204259942,25615.08650521843,0,0,0,25885.3,25372.7,,,,4,1,1,1,,,,16220705,12919927.4
1771820100,25732.2,25749,25711.1,25729.2,25663.160163407952,25625.460459289483,0,0,0,25885.3,25372.7,,,,4,1,1,1,,,,12412461,13091300.2
1771821000,25728.65,25737.45,25705.15,25717.85,25674.09813072636,25633.859508444984,0,0,0,25885.3,25372.7,,,,4,1,1,1,,,,12372109,13270881.75
1771821900,25717.35,25733.7,25695.95,25705.55,25680.38850458109,25640.376825859075,0,0,0,25885.3,25372.7,,,,4,1,1,1,,,,10596686,13434124.7
1771822800,25706.45,25709.65,25655.15,25656.8,25675.67080366487,25641.86984169007,0,0,0,25885.3,25372.7,,,,4,1,1,1,,,,11422980,13602070.4
1771823700,25656.95,25677.7,25646.6,25667.9,25674.1166429319,25644.236219718245,0,0,0,25771.45,25379.75,,,,1,1,1,1,,,,15626409,14036486.35
1771824600,25667.85,25697.95,25652.3,25696.55,25678.603314345517,25648.992017925677,0,0,0,25771.45,25379.75,,,,1,1,1,1,,,,9464227,13880919.9
1771825500,25696.1,25699.2,25652.5,25661.95,25675.272651476414,25650.17001629607,0,0,0,25771.45,25379.75,,,,1,1,1,1,,,,8012051,13849275.2
1771826400,25662,25671.2,25651.85,25667.85,25673.788121181133,25651.77728754188,0,0,0,25771.45,25379.75,,,,1,1,1,1,,,,12114091,14029557.25
1771827300,25667.65,25671.2,25631.65,25648.95,25668.820496944907,25651.52026140171,0,0,0,25771.45,25379.75,,,,1,1,1,1,,,,10551386,14065428.85
1771828200,25649.45,25673.35,25646.05,25662,25667.456397555925,25652.472964910645,0,0,0,25771.45,25379.75,,,,1,1,1,1,,,,11565782,14121146.9
1771829100,25661.6,25682.95,25647.65,25651.35,25664.23511804474,25652.370877191493,0,0,0,25771.45,25379.75,,,,1,1,1,1,,,,9427132,14132731.85
1771830000,25651.9,25684.85,25636.4,25684.85,25668.358094435793,25655.32352471954,0,0,0,25771.45,25379.75,,,,1,1,1,1,,,,15027189,14565587.1
1771830900,25685,25690.85,25636.75,25638.35,25662.356475548633,25653.780477017764,0,0,0,25771.45,25379.75,,,,1,1,1,1,,,,10783612,14674924.7
1771831800,25638.05,25657.6,25631.55,25637.5,25657.385180438905,25652.300433652512,0,0,0,25771.45,25379.75,,,,1,1,1,1,,,,9290875,14559492
1771832700,25636.7,25668.45,25627.7,25667.4,25659.388144351124,25653.673121502285,0,0,0,25771.45,25379.75,,,,1,1,1,1,,,,8493641,14525169.1
1771833600,25667.45,25680.3,25632.35,25663.4,25660.1905154809,25654.557383183896,0,0,0,25771.45,25379.75,,,,1,1,1,1,,,,10459543,14532654.3
1771834500,25663.1,25669.4,25637.95,25637.95,25655.74241238472,25653.047621076268,0,0,0,25771.45,25379.75,,,,1,1,1,1,,,,7141651,13293559.9
1771835400,25638.4,25643,25609.35,25629.85,25650.563929907774,25650.93874643297,0,0,0,25771.45,25379.75,,,,1,1,1,1,,,,9768595,11920266.8
1771836300,25630.7,25673.95,25619.75,25673.45,25655.14114392622,25652.985224029973,0,0,0,25771.45,25379.75,,,,1,1,1,1,,,,8850372,10980074.85
1771837200,25673.65,25709.45,25661.75,25670.95,25658.302915140976,25654.618385481794,0,0,0,25771.45,25379.75,,,,1,1,1,1,,,,11886239,10763351.55
1771838100,25670.05,25699.85,25668.1,25673,25661.24233211278,25656.289441347086,0,0,0,25771.45,25379.75,,,,1,1,1,1,,,,11263892,10705923.1
1771839000,25674.15,25728.95,25674.15,25710.75,25671.143865690225,25661.240401224622,0,0,0,25771.45,25379.75,,,,1,1,1,1,,,,64374037,13306019.5
1771839900,25712.1,25722.5,25700,25704.25,25677.76509255218,25665.150364749657,0,0,0,25771.45,25379.75,,,,1,1,1,1,,,,62060154,15879192.9
1771904700,25618.9,25631.4,25547.15,25548.65,25651.942074041744,25654.55942249969,1,0,0,25771.45,25379.75,,,,2,1,1,1,1,,,38527482,17234418
1771905600,25548.6,25549.75,25482.85,25499.45,25621.443659233395,25640.458565908808,0,1,0,25771.45,25379.75,,,,3,1,1,1,,1,,22087012,17557448.15
1771906500,25500.3,25535.6,25494.95,25516.35,25600.424927386717,25629.175969008007,0,0,0,25771.45,25379.75,,,,3,1,1,1,,,,14579967,17813235.15
1771907400,25516.5,25532.65,25483.8,25484.7,25577.279941909375,25616.04179000728,0,0,0,25771.45,25379.75,,,,3,1,1,1,,,,12328229,18029044.05
1771908300,25484,25515,25474.35,25495.5,25560.9239535275,25605.08344546116,0,0,0,25771.45,25379.75,,,,3,1,1,1,,,,11598836,18003281.3
1771909200,25495.1,25513.25,25492.5,25498.1,25548.359162822002,25595.357677691965,0,0,0,25771.45,25379.75,,,,3,1,1,1,,,,9689247,17960174.35
1771910100,25497.9,25499.65,25460.7,25471.5,25532.9873302576,25584.097888810877,0,0,0,25771.45,25379.75,,,,3,1,1,1,,,,10808703,17922320.4
1771911000,25470.35,25512.5,25470.35,25505.85,25527.55986420608,25576.984444373524,0,0,0,25771.45,25379.75,,,,3,1,1,1,,,,11333956,18017661.6
1771911900,25505.7,25519.35,25497.1,25518.15,25525.677891364863,25571.635858521386,0,0,0,25771.45,25379.75,,,,3,1,1,1,,,,9734029,17753003.6
1771912800,25517.1,25525.2,25500.6,25501.55,25520.85231309189,25565.264416837625,0,0,0,25771.45,25379.75,,,,3,1,1,1,,,,13036135,17865629.75
1771913700,25500.6,25503.45,25471.7,25472.55,25511.19185047351,25556.83583348875,0,0,0,25771.45,25379.75,,,,3,1,1,1,,,,13119792,18057075.6
1771914600,25472.05,25476.15,25446.95,25466.05,25502.163480378807,25548.58257589886,0,0,0,25771.45,25379.75,,,,3,1,1,1,,,,14718505,18368318.8
1771915500,25464.5,25466.95,25416.85,25429.25,25487.580784303045,25537.734159908057,0,0,0,25771.45,25379.75,,,,3,1,1,1,,,,12868663,18488774.8
1771916400,25429.3,25439.8,25415.1,25418.05,25473.674627442437,25526.853781734597,0,0,0,25771.45,25379.75,,,,3,1,1,1,,,,11940332,18728708.85
1771917300,25417.3,25420.8,25387.2,25404.7,25459.87970195395,25515.748892485997,0,0,0,25771.45,25379.75,,,,3,1,1,1,,,,13292777,18904917.95
1771918200,25405.05,25433.25,25396.5,25424.6,25452.82376156316,25507.462629532725,0,0,0,25771.45,25379.75,,,,3,1,1,1,,,,12326274,19078713.05
1771919100,25424.7,25425.75,25377.9,25378.65,25437.989009250527,25495.752390484296,0,0,0,25771.45,25379.75,,,,3,1,1,1,,,,11782664,19073534.3
1771920000,25378.95,25380.2,25327.6,25365.45,25423.481207400422,25483.90671862209,0,0,0,25771.45,25379.75,,,,3,1,1,1,,,,16302617,19325470.55
1771920900,25365.9,25416.15,25359.3,25411.95,25421.174965920338,25477.365198747353,0,0,0,25771.45,25379.75,,,,3,1,1,1,,,,14756258,16844581.6
1771921800,25412.1,25443.55,25382.05,25440.5,25425.03997273627,25474.013817043047,0,0,0,25771.45,25379.75,,,,3,1,1,1,,,,15879325,14535540.15
1771922700,25440.05,25446.1,25391.9,25408.85,25421.801978189018,25468.089833675498,0,0,0,25771.45,25379.75,,,,3,1,1,1,,,,22067270,13712529.55
1771923600,25407.95,25425.2,25381.25,25381.25,25413.691582551215,25460.195303341363,0,0,0,25771.45,25379.75,,,,3,1,1,1,,,,15968224,13406590.15
1771924500,25380.45,25427.75,25361.9,25424.85,25415.923266040973,25456.98209394669,0,0,0,25771.45,25379.75,,,,3,1,1,1,,,,22625699,13808876.75
1771925400,25425.05,25443.6,25401.15,25421.2,25416.97861283278,25453.729176315173,0,0,0,25771.45,25379.75,,,,3,1,1,1,,,,52263461,15805638.35
1771926300,25422.2,25464.55,25416.65,25460.25,25425.632890266224,25454.32197846834,0,0,0,25771.45,25379.75,,,,3,1,1,1,,,,50085180,17729955.55
1771991100,25515.65,25594.95,25507.9,25582.9,25457.08631221298,25466.01088951667,0,0,0,25771.45,25379.75,,,,3,1,1,1,,,,37292707,19110128.55
1771992000,25584.85,25587.8,25559.1,25561.75,25478.019049770384,25474.714445015154,0,0,0,25771.45,25379.75,,,,3,1,1,1,,,,21316509,19635518.85
1771992900,25561.65,25603.4,25559.15,25600.6,25502.53523981631,25486.158586377413,0,0,0,25771.45,25379.75,,,,3,1,1,1,,,,19013728,20019507.45
1771993800,25600.85,25633.25,25594.8,25631.75,25528.378191853048,25499.39416943401,0,0,0,25771.45,25379.75,,,,3,1,1,1,,,,18062987,20435955.35
1771994700,25631.6,25652.6,25629.95,25635.2,25549.74255348244,25511.74015403092,0,0,0,25771.45,25379.75,,,,3,1,1,1,,,,17400510,20654174.1
1771995600,25635,25649.65,25618.9,25619.9,25563.774042785953,25521.572867300834,0,0,0,25771.45,25379.75,,,,3,1,1,1,,,,15633102,20779839.6
1771996500,25619.05,25628.15,25607.5,25612.35,25573.489234228764,25529.82533390985,0,0,0,25771.45,25379.75,,,,3,1,1,1,,,,10383811,20563104.9
1771997400,25614.1,25630.8,25608.55,25616,25581.991387383012,25537.6593944635,0,0,0,25771.45,25379.75,,,,3,1,1,1,,,,9396372,20389490.35
1771998300,25615.5,25620,25597.6,25613.3,25588.25310990641,25544.535813148635,0,0,0,25771.45,25379.75,,,,3,1,1,1,,,,8867886,20235868.05
1771999200,25614.65,25615.25,25581.05,25588,25588.20248792513,25548.487102862397,0,0,0,25771.45,25379.75,,,,3,1,1,1,,,,9936168,20068037.6
1772000100,25589.85,25622.2,25586.3,25595.1,25589.581990340102,25552.724638965814,0,0,0,25771.45,25379.75,,,,3,1,1,1,,,,14581339,20180790.85
1772001000,25592.65,25614.25,25591.9,25600.2,25591.705592272083,25557.040580878012,0,0,0,25771.45,25379.75,,,,3,1,1,1,,,,11334759,20158395.6
1772001900,25599.7,25615.5,25588.55,25592.5,25591.864473817666,25560.264164434557,0,0,0,25771.45,25379.75,,,,3,1,1,1,,,,13870971,20036813.3
1772002800,25591.95,25596.75,25501.85,25504.3,25574.35157905413,25555.176513122326,0,0,0,25771.45,25379.75,,,,3,1,1,1,,,,16143042,20106152.5
1772003700,25504.5,25505.15,25461.25,25472.2,25553.921263243305,25547.63319374757,0,0,0,25771.45,25379.75,,,,3,1,1,1,,,,12779580,19951165.25
1772004600,25471.65,25476.5,25440.05,25462.6,25535.657010594645,25539.90290340688,0,0,0,25771.45,25379.75,,,,3,1,1,1,,,,11190480,19407325.75
1772005500,25462.4,25485.2,25428.2,25460.3,25520.585608475714,25532.66627582444,0,0,0,25771.45,25379.75,,,,3,1,1,1,,,,13869173,19302373.2
1772006400,25460.1,25480.95,25460.1,25462.05,25508.87848678057,25526.246614385855,0,0,0,25771.45,25379.75,,,,3,1,1,1,,,,10904501,18716313.3
1772007300,25462.35,25474.8,25450.5,25472.65,25501.632789424457,25521.37419489623,0,0,0,25771.45,25379.75,,,,3,1,1,1,,,,11346743,16670477.4
1772008200,25473.05,25473.05,25430.15,25457.1,25492.726231539564,25515.5310862693,0,0,0,25771.45,25379.75,,,,3,1,1,1,,,,12340375,14783237.15
1772009100,25457.3,25502.45,25448.55,25448.55,25483.89098523165,25509.441896608456,0,0,0,25771.45,25379.75,,,,3,1,1,1,,,,18662178,13851710.7
1772010000,25449.5,25482.6,25449.5,25471.45,25481.40278818532,25505.98808782587,0,0,0,25771.45,25379.75,,,,3,1,1,1,,,,20149625,13793366.5
1772010900,25471.6,25473.55,25439.95,25468.25,25478.772230548257,25502.557352568972,0,0,0,25771.45,25379.75,,,,3,1,1,1,,,,14214569,13553408.55
1772011800,25469.8,25506.55,25469.5,25478.5,25478.717784438606,25500.370320517246,0,0,0,25771.45,25379.75,,,,3,1,1,1,,,,36582944,14479406.4
1772012700,25477.05,25488.25,25471.05,25478.65,25478.704227550887,25498.39574592477,0,0,0,25771.45,25379.75,,,,3,1,1,1,,,,36152160,15416988.9
1772077500,25561.45,25567.6,25487.85,25504.45,25483.85338204071,25498.94613265888,0,0,0,25771.45,25379.75,,,,3,1,1,1,,,,37532402,16511953.9
1772078400,25505.15,25556.3,25492.1,25555.9,25498.26270563257,25504.123756962617,0,0,0,25771.45,25379.75,,,,3,1,1,1,,,,15968012,16791163.95
1772079300,25555.3,25565.6,25500.1,25518.35,25502.280164506054,25505.417051784196,0,0,0,25771.45,25379.75,,,,3,1,1,1,,,,14532041,17047947.4
1772080200,25517.95,25572.95,25516.75,25558.25,25513.474131604842,25510.220047076542,0,0,0,25771.45,25379.75,,,,3,1,1,1,,,,10922651,17150685.65
1772081100,25558.6,25562,25519.55,25526.95,25516.169305283875,25511.740951887765,0,0,0,25771.45,25379.75,,,,3,1,1,1,,,,13192969,17313525.7
1772082000,25526.55,25544.35,25521.55,25531.8,25519.2954442271,25513.56450171615,0,0,0,25771.45,25379.75,,,,3,1,1,1,,,,12649577,17216937.6
1772082900,25532.8,25551.55,25505.45,25509.95,25517.42635538168,25513.23591065105,0,0,0,25771.45,25379.75,,,,3,1,1,1,,,,11951051,17247752.2
1772083800,25506.9,25530.45,25491.7,25523.25,25518.591084305346,25514.146282410045,0,0,0,25771.45,25379.75,,,,3,1,1,1,,,,9033735,17005890.4
1772084700,25522.75,25570.85,25517.45,25536.75,25522.222867444278,25516.201165827315,0,0,0,25771.45,25379.75,,,,3,1,1,1,,,,11573310,16777403.8
1772085600,25535.35,25537.25,25458.05,25461.35,25510.04829395542,25511.21469620665,0,0,0,25771.45,25379.75,,,,3,1,1,1,,,,12467050,16761777.3
1772086500,25460.35,25490.65,25446.55,25453.4,25498.718635164336,25505.95881473332,0,0,0,25771.45,25379.75,,,,3,1,1,1,,,,13188740,16861690.3
1772087400,25453.3,25481.7,25450.9,25459.3,25490.83490813147,25501.717104303018,0,0,0,25771.45,25379.75,,,,3,1,1,1,,,,10054160,16670939.65
1772088300,25458.05,25468.5,25400.95,25430.7,25478.807926505175,25495.261003911834,0,0,0,25771.45,25379.75,,,,3,1,1,1,,,,16936567,16972542.95
1772089200,25430.85,25461.15,25426.4,25459.95,25475.03634120414,25492.050912647122,0,0,0,25771.45,25379.75,,,,3,1,1,1,,,,14055061,17107958.85
1772090100,25457.45,25460.7,25412.05,25414.8,25462.98907296331,25485.028102406475,0,0,0,25771.45,25379.75,,,,3,1,1,1,,,,13297333,17155806.75
1772091000,25415.4,25453.3,25413.75,25428.55,25456.10125837065,25479.893729460433,0,0,0,25771.45,25379.75,,,,3,1,1,1,,,,11209843,16783190
1772091900,25428.2,25454.75,25403.4,25438,25452.481006696522,25476.085208600394,0,0,0,25771.45,25379.75,,,,3,1,1,1,,,,12933152,16422366.35
1772092800,25437.3,25449.3,25430.65,25438.2,25449.624805357216,25472.641098727632,0,0,0,25771.45,25379.75,,,,3,1,1,1,,,,8028472,16113061.5
1772093700,25438.05,25450.9,25415.1,25440.8,25447.859844285773,25469.746453388758,0,0,0,25771.45,25379.75,,,,3,1,1,1,,,,15039310,15035879.8
1772094600,25441.1,25460.55,25406.15,25453.45,25448.97787542862,25468.264957626143,0,0,0,25771.45,25379.75,,,,3,1,1,1,,,,11314652,13794004.4
1772095500,25456.65,25463.15,25427,25442.15,25447.612300342895,25465.89087056922,0,0,0,25771.45,25379.75,,,,3,1,1,1,,,,11166426,12475705.6
1772096400,25441.65,25513,25431.85,25513,25460.689840274317,25470.173518699292,0,0,0,25771.45,25379.75,,,,3,1,1,1,,,,17821930,12568401.5
1772097300,25514.8,25527.15,25486.45,25501.85,25468.921872219453,25473.05319881754,0,0,0,25771.45,25379.75,,,,3,1,1,1,,,,21700108,12926804.85
1772098200,25503.65,25524.85,25475.5,25486.15,25472.36749777556,25474.243817106853,0,0,0,25771.45,25379.75,,,,3,1,1,1,,,,44285924,14594968.5
1772099100,25486.95,25503.25,25482.95,25493.3,25476.55399822045,25475.976197369866,0,0,0,25771.45,25379.75,,,,3,1,1,1,,,,42570518,16063845.95
1772163900,25471.2,25476.4,25363.4,25364.55,25454.15319857636,25465.846543063515,0,0,0,25771.45,25379.75,,,,3,1,1,1,,,,36011270,17231930.6
1772164800,25365.1,25383.65,25351.2,25364.4,25436.20255886109,25456.624130057742,0,0,0,25771.45,25379.75,,,,3,1,1,1,,,,16412787,17455017.4
1772165700,25363.8,25364.35,25328.75,25330,25414.96204708887,25445.11284550704,0,0,0,25771.45,25379.75,,,,3,1,1,1,,,,12693557,17638008.5
1772166600,25330.3,25334.15,25308.6,25322.6,25396.489637671097,25433.975314097308,0,0,0,25771.45,25379.75,,,,3,1,1,1,,,,11381154,17628400.7
1772167500,25321.95,25333,25292.4,25324.3,25382.05171013688,25424.004830997554,0,0,0,25771.45,25379.75,,,,3,1,1,1,,,,8584306,17434263.5
1772168400,25324.35,25346.45,25313.95,25315.25,25368.691368109503,25414.118028179593,0,0,0,25771.45,25379.75,,,,3,1,1,1,,,,9366561,17243154.55
1772169300,25315.05,25326.65,25304.25,25304.65,25355.883094487603,25404.166389254176,0,0,0,25771.45,25379.75,,,,3,1,1,1,,,,8494056,17165149.35
1772170200,25305.35,25338.2,25305.15,25335,25351.706475590083,25397.878535685613,0,0,0,25771.45,25379.75,,,,3,1,1,1,,,,11924886,16914565.3
1772171100,25334.55,25341.65,25302.8,25306.85,25342.735180472067,25389.60321425965,0,0,0,25771.45,25379.75,,,,3,1,1,1,,,,8896990,16656661.75
1772172000,25307.9,25308.75,25271.75,25295.1,25333.208144377655,25381.012012963318,0,0,0,25771.45,25379.75,,,,3,1,1,1,,,,10995903,16541590.25
1772172900,25295.15,25317.75,25295.15,25313.4,25329.246515502124,25374.865466330288,0,0,0,25771.45,25379.75,,,,3,1,1,1,,,,8034903,16382843.25
1772173800,25313.2,25328.8,25284.8,25284.95,25320.3872124017,25366.691333027535,0,0,0,25771.45,25379.75,,,,3,1,1,1,,,,8653163,16168843.8
1772174700,25285.35,25313.15,25270.05,25300.6,25316.42976992136,25360.683030025033,0,0,0,25771.45,25379.75,,,,3,1,1,1,,,,9083906,16221615.5
1772175600,25300.55,25309.05,25274.45,25277.2,25308.583815937087,25353.09366365912,0,0,0,25771.45,25379.75,,,,3,1,1,1,,,,9681031,15953701.55
1772176500,25276.75,25295.1,25268.7,25276.95,25302.25705274967,25346.171512417382,0,0,0,25771.45,25379.75,,,,3,1,1,1,,,,7539165,15764927.2
1772177400,25277.15,25296.85,25274.25,25289.7,25299.745642199734,25341.037738561256,0,0,0,25771.45,25379.75,,,,3,1,1,1,,,,7339880,15573599.9
1772178300,25288.8,25300.95,25281.65,25300.75,25299.946513759787,25337.37521687387,0,0,0,25771.45,25379.75,,,,3,1,1,1,,,,8067446,15085875.7
1772179200,25300.2,25313.75,25286.95,25300.75,25300.10721100783,25334.045651703516,0,0,0,25771.45,25379.75,,,,3,1,1,1,,,,7418651,14371802.85
1772180100,25300.25,25343.95,25300.25,25343.15,25308.715768806265,25334.87331973047,0,0,0,25771.45,25379.75,,,,3,1,1,1,,,,9136266,12614319.95
1772181000,25342.6,25352.05,25315.7,25324.55,25311.88261504501,25333.934836118606,0,0,0,25771.45,25379.75,,,,3,1,1,1,,,,10043235,10987955.8
1772181900,25324.2,25328.9,25291.05,25293.55,25308.216092036007,25330.26348738055,0,0,0,25771.45,25379.75,,,,3,1,1,1,,,,8919754,9633380
1772182800,25293.35,25310.1,25287,25293.8,25305.332873628806,25326.94862489141,0,0,0,25771.45,25379.75,,,,3,1,1,1,,,,13602836,9492882.45
1772183700,25294.1,25314.8,25287.8,25312.4,25306.746298903046,25325.626022628556,0,0,0,25771.45,25379.75,,,,3,1,1,1,,,,14687467,9592577.95
1772184600,25309.45,25309.45,25141.3,25167.9,25278.977039122437,25311.287293298687,0,0,0,25771.45,25379.75,,,,3,1,1,1,,,,104261549,14236597.7
1772185500,25168.8,25189.1,25159.35,25181.8,25259.54163129795,25299.515721180625,0,0,0,25771.45,25379.75,,,,3,1,1,1,,,,94852830,18550023.9
1772423100,24741,24958.8,24645.1,24889.4,25185.51330503836,25262.23247380057,0,0,0,25771.45,25379.75,,,,3,1,1,1,,,,79545070,22058949.35
1772424000,24889.75,24977.6,24885.45,24963.65,25141.14064403069,25235.088612545973,0,0,0,25771.45,25379.75,,,,3,1,1,1,,,,30771157,23172804.4
1772424900,24964.3,24989.35,24883.2,24945.1,25101.93251522455,25208.72601140543,0,0,0,25771.45,25379.75,,,,3,1,1,1,,,,21121104,23632615.3
1772425800,24946.2,24953.25,24865.7,24884.85,25058.51601217964,25179.2827376413,0,0,0,25771.45,25379.75,,,,3,1,1,1,,,,16220898,23998810.7
1772426700,24885.35,24887.85,24853.7,24859.6,25018.732809743713,25150.220670583,0,0,0,25771.45,25379.75,,,,3,1,1,1,,,,14650939,24181562.5
1772427600,24860.95,24885.25,24812.25,24813.7,24977.72624779497,25119.62788234818,0,0,0,25771.45,25379.75,,,,3,1,1,1,,,,12264093,24393022
1772428500,24814.8,24859.2,24814,24855.15,24953.210998235976,25095.584438498347,0,0,0,25771.45,25379.75,,,,3,1,1,1,,,,12327793,24576753.5
1772429400,24856.3,24868.7,24839.35,24843.2,24931.20879858878,25072.64039863486,0,0,0,25771.45,25379.75,,,,3,1,1,1,,,,14111698,24828143.1
1772430300,24844.8,24849.2,24797.55,24803,24905.567038871024,25048.1276351226,0,0,0,25771.45,25379.75,,,,3,1,1,1,,,,11866299,24937406.5
1772431200,24802.8,24825.45,24797.45,24821.6,24888.773631096818,25027.53421374782,0,0,0,25771.45,25379.75,,,,3,1,1,1,,,,15316040,25326250.25
1772432100,24822.2,24842.8,24782.7,24784,24867.818904877455,25005.394739770745,0,0,0,25771.45,25379.75,,,,3,1,1,1,,,,11607392,25539625.85
1772433000,24784.1,24784.6,24743.25,24744.55,24843.165123901963,24981.68158160977,0,0,0,25771.45,25379.75,,,,3,1,1,1,,,,14122044,25842355.75
1772433900,24743.5,24756,24718.55,24735.65,24821.66209912157,24959.3150741907,0,0,0,25771.45,25379.75,,,,3,1,1,1,,,,14371102,26189978.3
1772434800,24734.55,24741.25,24684.25,24687.9,24794.909679297256,24934.640976537,0,0,0,25771.45,25379.75,,,,3,1,1,1,,,,16795794,26572954.7
1772435700,24687.5,24711.8,24679.1,24697.05,24775.337743437805,24913.04179685182,0,0,0,25771.45,25379.75,,,,3,1,1,1,,,,14077643,26774675.1
1772436600,24698.95,24706.65,24686.85,24695.5,24759.370194750245,24893.26526986529,0,0,0,25771.45,25379.75,,,,3,1,1,1,,,,10758801,26866627.45
1772437500,24695.65,24708.8,24671.6,24679.5,24743.396155800197,24873.8320635139,0,0,0,25771.45,25379.75,,,,3,1,1,1,,,,16579005,27015435.9
1772438400,24677.8,24690.65,24655.55,24675.35,24729.786924640157,24855.78823955809,0,0,0,25771.45,25379.75,,,,3,1,1,1,,,,15764951,27069310.1
1772439300,24675.15,24678.5,24604.5,24614.75,24706.779539712126,24833.875672325536,0,0,0,25771.45,25379.75,,,,3,1,1,1,,,,20552062,22883835.75
1772440200,24612.6,24795.5,24603.5,24787.4,24722.903631769703,24829.650611205034,0,0,0,25771.45,25379.75,,,,3,1,1,1,,,,27199595,19501174
1772441100,24787.5,24794.55,24727.8,24730.3,24724.38290541576,24820.61873745912,0,0,0,25771.45,25379.75,,,,3,1,1,1,,,,19131317,16480486.35
1772442000,24730.9,24879.35,24722.5,24864.85,24752.47632433261,24824.639761326474,0,0,0,25771.45,25379.75,,,,3,1,1,1,,,,28482841,16366070.55
1772442900,24865.3,24892.4,24815.2,24823.35,24766.651059466087,24824.522510296796,0,0,0,25771.45,25379.75,,,,3,1,1,1,,,,21856290,16402829.85
1772443800,24824.7,24904.8,24808.35,24904.8,24794.28084757287,24831.820463906177,0,0,0,25771.45,25379.75,,,,3,1,1,1,,,,49572090,18070389.45
1772444700,24905.25,24914.85,24845.2,24849.75,24805.374678058295,24833.450421732887,0,0,0,25771.45,25379.75,,,,3,1,1,1,,,,48995066,19787595.8
1772595900,24423.05,24476.95,24315.45,24342.85,24712.869742446637,24788.850383393532,0,0,0,25771.45,25379.75,,,,3,1,1,1,,,,98015160,24075149.15
1772596800,24344.75,24412,24317.15,24408.75,24652.04579395731,24754.295803085028,0,0,0,25771.45,25379.75,,,,3,1,1,1,,,,37611283,25339323.65
1772597700,24410.95,24416.2,24323.6,24325.9,24586.816635165847,24715.350730077298,0,0,0,25771.45,25379.75,,,,3,1,1,1,,,,26915404,25979508.95
1772598600,24325.8,24414.8,24305.4,24413.65,24552.183308132677,24687.923390979362,0,0,0,25771.45,25379.75,,,,3,1,1,1,,,,21997001,26486044.05
1772599500,24412.65,24437.35,24382.6,24419.05,24525.556646506142,24663.480355435782,0,0,0,25771.45,25379.75,,,,3,1,1,1,,,,20142415,26727362.8
1772600400,24420,24420.7,24379.95,24390.75,24498.595317204912,24638.686686759804,0,0,0,25771.45,25379.75,,,,3,1,1,1,,,,15968085,26945397.45
1772601300,24391.65,24422.4,24375.7,24391.45,24477.16625376393,24616.210624327094,0,0,0,25771.45,25379.75,,,,3,1,1,1,,,,21488410,27313715.75
1772602200,24392.45,24461.4,24388.6,24435.45,24468.823003011144,24599.777840297356,0,0,0,25771.45,25379.75,,,,3,1,1,1,,,,18844203,27537370.8
1772603100,24436.15,24438.9,24363,24365.55,24448.168402408915,24578.484400270325,0,0,0,25771.45,25379.75,,,,3,1,1,1,,,,18663082,27630735.2
1772604000,24366.95,24383.35,24354.15,24362.2,24430.974721927134,24558.82218206393,0,0,0,25771.45,25379.75,,,,3,1,1,1,,,,18473675,27850536.8
1772604900,24364.05,24401.05,24354.3,24374.5,24419.679777541707,24542.065620058118,0,0,0,25771.45,25379.75,,,,3,1,1,1,,,,13979486,28011571.05
1772605800,24376.85,24402.3,24376.35,24379.85,24411.713822033365,24527.31874550738,0,0,0,25771.45,25379.75,,,,3,1,1,1,,,,12757262,27820483.9
1772606700,24381.15,24385.6,24362.25,24368.3,24403.031057626693,24512.862495915797,0,0,0,25771.45,25379.75,,,,3,1,1,1,,,,13678424,27716157.55
1772607600,24368.95,24387.5,24357.75,24382.55,24398.934846101354,24501.015905377997,0,0,0,25771.45,25379.75,,,,3,1,1,1,,,,12579827,27317545.8
1772608500,24383.35,24428.1,24379.95,24416.8,24402.50787688108,24493.35991398,0,0,0,25771.45,25379.75,,,,3,1,1,1,,,,13802379,26647685
1772609400,24418,24461,24414.5,24461,24414.206301504866,24490.41810361818,0,0,0,25771.45,25379.75,,,,3,1,1,1,,,,13209175,26351577.9
1772610300,24461.45,24477.45,24432.3,24451.6,24421.68504120389,24486.889185107437,0,0,0,25771.45,25379.75,,,,3,1,1,1,,,,14248004,25639836.05
1772611200,24451.25,24466.35,24418.15,24462.6,24429.868032963113,24484.6810773704,0,0,0,25771.45,25379.75,,,,3,1,1,1,,,,16207605,25357401.8
1772612100,24463.5,24469.85,24415.75,24437,24431.294426370492,24480.34643397309,0,0,0,25771.45,25379.75,,,,3,1,1,1,,,,16163821,23686988.35
1772613000,24437.9,24556.95,24437.55,24554.95,24456.025541096395,24487.12857633917,0,0,0,25771.45,25379.75,,,,3,1,1,1,,,,19617149,22218092.5
1772613900,24555.35,24574.65,24513.85,24522.5,24469.320432877117,24490.344160308337,0,0,0,25771.45,25379.75,,,,3,1,1,1,,,,23831411,18508905.05
1772614800,24523.1,24584.15,24502.6,24578.75,24491.206346301693,24498.38105482576,0,0,0,25771.45,25379.75,,,,3,1,1,1,,,,20194684,17638075.1
1772615700,24579.1,24602.45,24548,24582.95,24509.555077041354,24506.069140750693,0,0,0,25771.45,25379.75,,,,3,1,1,1,,,,20891315,17336870.65
1772616600,24584.45,24584.45,24457.45,24465.95,24500.834061633082,24502.421946136994,0,0,0,25771.45,25379.75,,,,3,1,1,1,,,,47301925,18602116.85
1772617500,24464.85,24482.15,24451.05,24473.95,24495.457249306466,24499.83358739727,0,0,0,25771.45,25379.75,,,,3,1,1,1,,,,49301922,20060092.2
1772682300,24616.75,24651.95,24549.1,24568.45,24510.055799445174,24506.071443088425,0,0,0,25771.45,25379.75,,,,3,1,1,1,,,,41965150,21359945.45
1772683200,24570.6,24599.6,24530.05,24596.2,24527.28463955614,24514.264948262204,0,0,0,25771.45,25379.75,,,,3,1,1,1,,,,25652410,21568145.45
1772684100,24596.3,24656.7,24583.75,24628.5,24547.52771164491,24524.64995296564,0,0,0,25771.45,25379.75,,,,3,1,1,1,,,,18497866,21550828.6
1772685000,24628.25,24649,24595.15,24596.25,24557.27216931593,24531.15904815058,0,0,0,25771.45,25379.75,,,,3,1,1,1,,,,16885366,21461942.8
1772685900,24597.05,24608.65,24538.55,24564.55,24558.727735452743,24534.1945892278,0,0,0,25771.45,25379.75,,,,3,1,1,1,,,,19720551,21524286.6
1772686800,24563.7,24653.95,24550.3,24650.95,24577.172188362194,24544.80871747982,0,0,0,25771.45,25379.75,,,,3,1,1,1,,,,18316775,21741151.05
1772687700,24651.05,24672.4,24629.25,24666.55,24595.047750689755,24555.876106799835,0,0,0,25771.45,25379.75,,,,3,1,1,1,,,,14382587,21822417.3
1772688600,24667.2,24672.8,24639.05,24643.2,24604.678200551803,24563.814642545305,0,0,0,25771.45,25379.75,,,,3,1,1,1,,,,19287804,22102886.3
1772689500,24639.85,24662.95,24607.7,24612.9,24606.322560441444,24568.27694776846,0,0,0,25771.45,25379.75,,,,3,1,1,1,,,,15162151,22232002.5
1772690400,24613.65,24638.3,24588.55,24590.35,24603.128048353155,24570.28358888042,0,0,0,25771.45,25379.75,,,,3,1,1,1,,,,15882795,22336023.3
1772691300,24590.75,24597.55,24556.9,24579.1,24598.322438682524,24571.08508080038,0,0,0,25771.45,25379.75,,,,3,1,1,1,,,,16211252,22486127.15
1772692200,24580.2,24616.3,24574.45,24615.5,24601.75795094602,24575.12280072762,0,0,0,25771.45,25379.75,,,,3,1,1,1,,,,17517058,22649579.85
1772693100,24615.65,24651.75,24592.9,24648.85,24611.176360756814,24581.825273388746,0,0,0,24672.8,24305.4,,,,1,1,1,1,,,,14659994,22572199.3
1772694000,24649.15,24665.95,24632.65,24645.8,24618.10108860545,24587.64115762613,0,0,0,24672.8,24305.4,,,,1,1,1,1,,,,13570524,22442534.45
1772694900,24646.5,24657.6,24619.4,24653.45,24625.17087088436,24593.62377966012,0,0,0,24672.8,24305.4,,,,1,1,1,1,,,,10236514,21973502.7
1772695800,24653.95,24660.85,24632.55,24639.65,24628.06669670749,24597.8079815092,0,0,0,24672.8,24305.4,,,,1,1,1,1,,,,12819269,21422895.6
1772696700,24640.7,24651.35,24621.75,24651,24632.65335736599,24602.643619553815,0,0,0,24672.8,24305.4,,,,1,1,1,1,,,,10956596,20960991.2
1772697600,24651.55,24671.3,24605.8,24619.8,24630.082685892794,24604.20329050347,0,0,0,24672.8,24305.4,,,,1,1,1,1,,,,13127314,20572791.15
1772698500,24619.85,24635.1,24569.75,24573.7,24618.806148714237,24601.430264094062,0,0,0,24672.8,24305.4,,,,1,1,1,1,,,,12308262,18823108
1772699400,24572.5,24586.1,24547.35,24553.75,24605.79491897139,24597.095694630967,0,0,0,24672.8,24305.4,,,,1,1,1,1,,,,14705890,17093306.4
1772700300,24554.15,24617.4,24529.4,24611.25,24606.885935177113,24598.382449664514,0,0,0,24672.8,24305.4,,,,1,1,1,1,,,,20706931,16030395.45
1772701200,24611.5,24761.15,24576.45,24726.8,24630.86874814169,24610.056772422286,0,0,0,24672.8,24305.4,,,,1,1,1,1,,,,25724609,16034005.4
1772702100,24727.05,24854.2,24712.75,24848.95,24674.48499851335,24631.774338565716,0,0,0,24672.8,24305.4,,,,1,1,1,1,,,,35575858,16887905
1772703000,24849.2,24853.25,24714.1,24714.8,24682.54799881068,24639.322125968833,0,0,0,24672.8,24305.4,,,,1,1,1,1,,,,49141646,18500719
1772703900,24716,24759.4,24706.05,24737.45,24693.528399048544,24648.242841789848,0,0,0,24672.8,24305.4,,,,1,1,1,1,,,,41107919,19570087.4
1772768700,24700.9,24700.9,24587.15,24681.2,24691.062719238835,24651.23894708168,0,0,0,24672.8,24305.4,,,,1,1,1,1,,,,46459705,20977233.9
1772769600,24681.5,24681.5,24639.8,24678.85,24688.62017539107,24653.74904280153,0,0,0,24672.8,24305.4,,,,1,1,1,1,,,,22014654,21358837.25
1772770500,24678.35,24688.1,24618.85,24625.15,24675.926140312855,24651.149129819572,0,0,0,24854.2,24305.4,,,,1,1,1,1,,,,19296819,21359288
1772771400,24624.3,24661.1,24616.95,24653.35,24671.410912250285,24651.349208926884,0,0,0,24854.2,24305.4,,,,1,1,1,1,,,,12271903,21214775.6
1772772300,24652.35,24675.65,24647.4,24651.75,24667.478729800227,24651.385644478985,0,0,0,24854.2,24305.4,,,,1,1,1,1,,,,13313032,21086287.45
1772773200,24652.35,24652.7,24608.75,24620.15,24658.01298384018,24648.54604043544,0,0,0,24854.2,24305.4,,,,1,1,1,1,,,,14418396,20996644.65
1772774100,24620.8,24622.3,24575.15,24594.65,24645.340387072145,24643.646400395857,0,0,0,24854.2,24305.4,,,,1,1,1,1,,,,13716942,20806638.85
1772775000,24594.9,24648.7,24594.9,24617.6,24639.792309657714,24641.278545814417,0,0,0,24854.2,24305.4,,,,1,1,1,1,,,,11672814,20657279.85
1772775900,24617.4,24621.4,24593.9,24607.25,24633.283847726172,24638.18504164947,0,0,0,24854.2,24305.4,,,,1,1,1,1,,,,10754635,20516485.4
1772776800,24607.75,24654.55,24602.55,24616.4,24629.90707818094,24636.2045833177,0,0,0,24854.2,24305.4,,,,1,1,1,1,,,,12033708,20606345.1
1772777700,24616.5,24634.9,24611.7,24625.7,24629.065662544752,24635.24962119791,0,0,0,24854.2,24305.4,,,,1,1,1,1,,,,13301168,20630440.05
1772778600,24625.85,24631.45,24605.45,24608.85,24625.0225300358,24632.84965563446,0,0,0,24854.2,24305.4,,,,1,1,1,1,,,,12865150,20725867.75
1772779500,24608.6,24623.35,24576.05,24578.3,24615.67802402864,24627.890596031328,0,0,0,24854.2,24305.4,,,,1,1,1,1,,,,11451302,20642067.15
1772780400,24578.25,24602,24578.25,24599.85,24612.512419222912,24625.34145093757,0,0,0,24854.2,24305.4,,,,1,1,1,1,,,,9854314,20519369.75
1772781300,24599.8,24611.25,24583.8,24603.7,24610.74993537833,24623.374046306883,0,0,0,24854.2,24305.4,,,,1,1,1,1,,,,11603214,20364235.95
1772782200,24603.6,24614.25,24591.9,24602.65,24609.129948302667,24621.490042097164,0,0,0,24854.2,24305.4,,,,1,1,1,1,,,,10604978,19859138.3
1772783100,24602.05,24614.85,24593.25,24609.65,24609.233958642133,24620.413674633786,0,0,0,24854.2,24305.4,,,,1,1,1,1,,,,13560641,19250939.9
1772784000,24609,24623.5,24571.55,24594.95,24606.377166913706,24618.098795121623,0,0,0,24854.2,24305.4,,,,1,1,1,1,,,,11888927,18066593.35
1772784900,24596.6,24596.6,24552.95,24554.9,24596.081733530966,24612.353450110568,0,0,0,24854.2,24305.4,,,,1,1,1,1,,,,13869488,16302985.45
1772785800,24555.7,24605.7,24543.2,24585.75,24594.015386824773,24609.93495464597,0,0,0,24854.2,24305.4,,,,1,1,1,1,,,,14760903,14985634.65
1772786700,24587.2,24616.45,24585.45,24593,24593.81230945982,24608.39541331452,0,0,0,24854.2,24305.4,,,,1,1,1,1,,,,15878547,13456576.75
1772787600,24593.45,24602.3,24534.1,24543.45,24583.739847567856,24602.491284831383,0,0,0,24854.2,24305.4,,,,1,1,1,1,,,,15566566,13134172.35
1772788500,24543.5,24559.75,24445.35,24482.55,24563.501878054285,24591.587531664893,0,0,0,24854.2,24305.4,,,,1,1,1,1,,,,21508243,13244743.55
1772789400,24481.8,24492.8,24431.3,24441.65,24539.13150244343,24577.956846968085,0,0,0,24854.2,24305.4,,,,4,1,1,1,,,,33912096,14326753.2
1772790300,24441.1,24474.4,24415.75,24469.4,24525.185201954744,24568.08804269826,0,0,0,24854.2,24305.4,,,,4,1,1,1,,,,42929671,15807585.15
1773027900,23871.85,23959.7,23697.8,23736.8,24367.508161563794,24492.516402452962,0,0,0,24854.2,24305.4,,,,4,1,1,1,,,,91916378,19682484.25
1773028800,23736.75,23799.3,23734.8,23738.7,24241.746529251035,24423.9876385936,0,0,0,24854.2,24305.4,,,,4,1,1,1,,,,43785957,21185935
1773029700,23735.65,23786.4,23711.85,23774.7,24148.337223400827,24364.961489630547,0,0,0,24854.2,24305.4,,,,4,1,1,1,,,,24502854,21827437
1773030600,23773.9,23834.15,23750.65,23807.25,24080.119778720662,24314.260445118678,0,0,0,24854.2,24305.4,,,,4,1,1,1,,,,19359915,22257701
1773031500,23806.2,23806.2,23755.85,23782.6,24020.615822976528,24265.927677380616,0,0,0,24854.2,24305.4,,,,4,1,1,1,,,,15198572,22415944.2
1773032400,23781.85,23791.75,23744.85,23782.1,23972.91265838122,24221.943343073286,0,0,0,24854.2,24305.4,,,,4,1,1,1,,,,16934494,22597610.5
1773033300,23783.4,23896,23750.15,23861.7,23950.670126704976,24189.19394824844,0,0,0,24854.2,24305.4,,,,4,1,1,1,,,,21409392,23024822.6
1773034200,23862.35,23871.65,23784.45,23818.6,23924.25610136398,24155.503589316766,0,0,0,24854.2,24305.4,,,,4,1,1,1,,,,19195802,23412047.6
1773035100,23819.5,23888.65,23787.35,23877.75,23914.954881091184,24130.253263015242,0,0,0,24854.2,24305.4,,,,4,1,1,1,,,,15927647,23715714.25
1773036000,23877.25,23932,23863.9,23897.65,23911.493904872947,24109.107511832037,0,0,0,24854.2,24305.4,,,,4,1,1,1,,,,18893022,24080204.65
1773036900,23897.85,23910.5,23878.75,23886.55,23906.505123898358,24088.875010756397,0,0,0,24854.2,24305.4,,,,4,1,1,1,,,,10579745,24078943
1773037800,23887.2,23888.6,23828.35,23855.8,23896.364099118688,24067.68637341491,0,0,0,24854.2,24305.4,,,,4,1,1,1,,,,13744731,24088147.5
1773038700,23855.35,23870.85,23839.2,23863.25,23889.74127929495,24049.101248559007,0,0,0,24854.2,24305.4,,,,4,1,1,1,,,,11246951,24056048.7
1773039600,23862.2,23883.15,23834.1,23873.25,23886.44302343596,24033.11477141728,0,0,0,24854.2,24305.4,,,,4,1,1,1,,,,11105899,23917869.25
1773040500,23873.45,23914.95,23854.3,23909.65,23891.084418748767,24021.890701288437,0,0,0,24854.2,24305.4,,,,4,1,1,1,,,,11972034,23778425.8
1773041400,23910.95,23918.2,23863.35,23870.7,23887.007534999015,24008.1460920804,0,0,0,24854.2,24305.4,,,,4,1,1,1,,,,15105953,23739796.1
1773042300,23869.7,23906.85,23853.85,23881.05,23885.81602799921,23996.591901891272,0,0,0,24854.2,24305.4,,,,4,1,1,1,,,,13179284,23620432
1773043200,23882.15,23937.55,23882.15,23903.4,23889.33282239937,23988.11991081025,0,0,0,24854.2,24305.4,,,,4,1,1,1,,,,11442464,23117143.05
1773044100,23902.85,23911.55,23876.05,23878,23887.066257919498,23978.109009827498,0,0,0,24854.2,24305.4,,,,4,1,1,1,,,,11140639,21978570.2
1773045000,23878.5,23904.8,23859.6,23881.35,23885.923006335597,23969.312736206815,0,0,0,24854.2,24305.4,,,,4,1,1,1,,,,10284122,20346292.75
1773045900,23883.6,23917.3,23863.95,23903.55,23889.448405068477,23963.33430564256,0,0,0,24854.2,24305.4,,,,4,1,1,1,,,,11908670,16345907.35
1773046800,23902.5,23956.3,23895.6,23946.55,23900.86872405478,23961.808459675052,0,0,0,24854.2,24305.4,,,,4,1,1,1,,,,14887402,14900979.6
1773047700,23946.95,24019.35,23939.3,24008.8,23922.454979243823,23966.080417886413,0,0,0,24854.2,24305.4,,,,4,1,1,1,,,,19137725,14632723.15
1773048600,24011,24078.15,23973.95,24047.8,23947.523983395058,23973.50947080583,0,0,0,24854.2,24305.4,,,,4,1,1,1,,,,31676599,15248557.35
1773049500,24047.7,24056.15,23994.7,24007.6,23959.539186716047,23976.608609823485,0,0,0,24854.2,24305.4,,,,4,1,1,1,,,,36454346,16311346.05
1773114300,24287.3,24303.8,24125.15,24159.8,23999.591349372837,23993.262372566805,0,0,0,24854.2,24305.4,,,,4,1,1,1,,,,49177278,17923485.25
1773115200,24159.35,24164.6,24085.6,24153.45,24030.36307949827,24007.82488415164,0,0,0,24854.2,24305.4,,,,4,1,1,1,,,,22818735,17993952.4
1773116100,24152.95,24158.3,24079.95,24093.1,24042.910463598615,24015.57716741058,0,0,0,24854.2,24305.4,,,,4,1,1,1,,,,13627187,17715521.65
1773117000,24092.05,24160.95,24091.3,24151.05,24064.53837087889,24027.892879464165,0,0,0,24854.2,24305.4,,,,4,1,1,1,,,,14155719,17626925.25
1773117900,24151.5,24213.7,24149.3,24160.6,24083.75069670311,24039.95716314924,0,0,0,24854.2,24305.4,,,,4,1,1,1,,,,16358107,17500179.5
1773118800,24160.3,24224.8,24159.1,24217.05,24110.410557362487,24056.056511953855,0,0,0,24303.8,23697.8,,,,1,1,1,1,,,,14009968,17671690.65
1773119700,24217.2,24233.2,24173.95,24197.4,24127.80844588999,24068.90591995805,0,0,0,24303.8,23697.8,,,,1,1,1,1,,,,14622265,17715567.35
1773120600,24197.6,24224.95,24186.6,24222.4,24146.726756711992,24082.859927234593,0,0,0,24303.8,23697.8,,,,1,1,1,1,,,,12124065,17759423.05
1773121500,24222.2,24243.5,24206.1,24229,24163.181405369593,24096.145388395085,0,0,0,24303.8,23697.8,,,,1,1,1,1,,,,14634351,17935845.65
1773122400,24229.55,24255.3,24226.95,24250.1,24180.565124295674,24110.14126217735,0,0,0,24303.8,23697.8,,,,1,1,1,1,,,,12881876,17981337.75
1773123300,24250,24250.5,24193.9,24210.65,24186.58209943654,24119.278420161227,0,0,0,24303.8,23697.8,,,,1,1,1,1,,,,11452679,17798674.05
1773124200,24210.8,24229.45,24172.5,24172.5,24183.76567954923,24124.116745601114,0,0,0,24303.8,23697.8,,,,1,1,1,1,,,,9993051,17639362.4
1773125100,24173.1,24189.45,24143.05,24162.65,24179.542543639385,24127.619768728284,0,0,0,24303.8,23697.8,,,,1,1,1,1,,,,13182976,17726388
1773126000,24163.3,24191.5,24142.45,24147.05,24173.04403491151,24129.38615338935,0,0,0,24303.8,23697.8,,,,1,1,1,1,,,,15789839,17958848
1773126900,24147.6,24231.35,24142.75,24219.15,24182.26522792921,24137.546503081227,0,0,0,24303.8,23697.8,,,,1,1,1,1,,,,13759611,18132622.45
1773127800,24219.4,24236.5,24194.9,24209.35,24187.682182343367,24144.074093710205,0,0,0,24303.8,23697.8,,,,1,1,1,1,,,,14072977,18240837.8
1773128700,24209.9,24225.3,24190.4,24212.6,24192.665745874692,24150.303721554734,0,0,0,24303.8,23697.8,,,,1,1,1,1,,,,13449628,18168949.1
1773129600,24212.55,24262.85,24212.4,24238.55,24201.842596699753,24158.326110504302,0,0,0,24303.8,23697.8,,,,1,1,1,1,,,,14131605,17918643.1
1773130500,24238.5,24253.5,24223.5,24233.2,24208.1140773598,24165.132827731184,0,0,0,24303.8,23697.8,,,,1,1,1,1,,,,9391068,16804366.55
1773131400,24233.45,24294,24215.6,24285.95,24223.681261887843,24176.11620702835,0,0,0,24303.8,23697.8,,,,1,1,1,1,,,,15721856,15767742.05
1773132300,24286.25,24296.65,24221.25,24235.45,24226.035009510273,24181.51018820759,0,0,0,24303.8,23697.8,,,,1,1,1,1,,,,12226046,13920180.45
1773133200,24235.2,24245.95,24201.95,24224.6,24225.748007608217,24185.427443825083,0,0,0,24303.8,23697.8,,,,1,1,1,1,,,,15895081,13573997.75
1773134100,24224.85,24278.15,24208.5,24261.45,24232.888406086575,24192.33858529553,0,0,0,24303.8,23697.8,,,,1,1,1,1,,,,18454969,13815386.85
1773135000,24261.95,24276.25,24217.5,24258,24237.91072486926,24198.307804814118,0,0,0,24303.8,23697.8,,,,1,1,1,1,,,,40281393,15121670.55
1773135900,24257.4,24302.5,24254,24286.15,24247.55857989541,24206.293458921926,0,0,0,24303.8,23697.8,,,,1,1,1,1,,,,38886103,16248070.35
1773200700,24263.55,24299,24213.75,24237.35,24245.516863916328,24209.116780838114,0,0,0,24303.8,23697.8,,,,1,1,1,1,,,,39203781,17507761
1773201600,24237.9,24238.25,24172.75,24187.65,24233.94349113306,24207.165255307376,0,0,0,24303.8,23697.8,,,,1,1,1,1,,,,19114727,17732384.1
1773202500,24188.95,24207.5,24144.65,24153.7,24217.89479290645,24202.30477755216,0,0,0,24303.8,23697.8,,,,1,1,1,1,,,,16169590,17934660.35
1773203400,24154.6,24161.7,24109.6,24116.5,24197.61583432516,24194.504343229237,0,0,0,24303.8,23697.8,,,,1,1,1,1,,,,14253737,17915629.65
1773204300,24117.1,24132.25,24103.45,24121.65,24182.422667460127,24187.881221117488,0,0,0,24303.8,23697.8,,,,1,1,1,1,,,,9854528,17764262.25
1773205200,24122.35,24141.95,24069.85,24074.1,24160.758133968102,24177.53747374317,0,0,0,24303.8,23697.8,,,,1,1,1,1,,,,11856561,17784456.35
1773206100,24074,24104.1,24049.05,24102.95,24149.19650717448,24170.756794311972,0,0,0,24303.8,23697.8,,,,1,1,1,1,,,,10859294,17827768.5
1773207000,24103.1,24114.1,24063.3,24071.4,24133.637205739586,24161.724358465428,0,0,0,24303.8,23697.8,,,,1,1,1,1,,,,11649764,17751107.9
1773207900,24073.75,24073.75,24009.2,24033.55,24113.61976459167,24150.07214405948,0,0,0,24303.8,23697.8,,,,1,1,1,1,,,,10904880,17506859.95
1773208800,24033.9,24034.35,23986,24013.55,24093.605811673337,24137.66104005407,0,0,0,24303.8,23697.8,,,,1,1,1,1,,,,10128155,17325287.15
1773209700,24014.45,24015.95,23971.6,23982.3,24071.34464933867,24123.537309140065,0,0,0,24303.8,23697.8,,,,1,1,1,1,,,,10321733,17137724.95
1773210600,23982.6,24023.85,23978.8,24011.6,24059.395719470936,24113.361190127333,0,0,0,24303.8,23697.8,,,,1,1,1,1,,,,10436129,16987050
1773211500,24012.55,24024.2,24002.5,24011.9,24049.89657557675,24104.1374455703,0,0,0,24303.8,23697.8,,,,1,1,1,1,,,,9876781,16774308.8
1773212400,24012.35,24023.65,23969.7,24010.95,24042.1072604614,24095.665859609366,0,0,0,24303.8,23697.8,,,,1,1,1,1,,,,13729154,16991213.1
1773213300,24011.85,24011.85,23971.15,23973.3,24028.34580836912,24084.541690553968,0,0,0,24303.8,23697.8,,,,1,1,1,1,,,,10936470,16751943.8
1773214200,23973.8,23993.75,23919.8,23929.65,24008.606646695294,24070.460627776334,0,0,0,24303.8,23697.8,,,,1,1,1,1,,,,22364693,17258876.15
1773215100,23930.7,23980.65,23913.45,23980,24002.885317356235,24062.236934342123,0,0,0,24303.8,23697.8,,,,1,1,1,1,,,,11897267,17058985.45
1773216000,23980.45,24005.35,23955.85,23957.95,23993.89825388499,24052.756303947386,0,0,0,24303.8,23697.8,,,,1,1,1,1,,,,12863798,16779426.9
1773216900,23958.45,23966.25,23938.7,23959.2,23986.958603107993,24044.251185406716,0,0,0,24303.8,23697.8,,,,1,1,1,1,,,,11449106,15337812.55
1773217800,23959,23960.9,23929.2,23939.95,23977.556882486395,24034.769259460652,0,0,0,24303.8,23697.8,,,,1,1,1,1,,,,11229158,13954965.3
1773218700,23940.95,23974.6,23892,23974.55,23976.955505989117,24029.294781327866,0,0,0,24303.8,23697.8,,,,1,1,1,1,,,,15804387,12784995.6
1773219600,23975.8,23977.05,23913.7,23921.3,23965.824404791292,24019.477073934424,0,0,0,24303.8,23697.8,,,,1,1,1,1,,,,15537263,12606122.4
1773220500,23921.55,23930.4,23871.8,23872.4,23947.139523833033,24006.106430849475,0,0,0,24303.8,23697.8,,,,4,1,1,1,,,,19632257,12779255.75
1773221400,23871.65,23913.1,23854.35,23861.9,23930.09161906643,23992.996755317705,0,0,0,24303.8,23697.8,,,,4,1,1,1,,,,29505648,13541851.3
1773222300,23864.2,23879.6,23834.3,23848.2,23913.713295253143,23979.833413925186,0,0,0,24303.8,23697.8,,,,4,1,1,1,,,,44635885,15280919.15
1773287100,23690.85,23690.85,23556.3,23603.35,23851.640636202515,23945.607649022895,0,0,0,24303.8,23697.8,,,,4,1,1,1,,,,47824792,17079330.7
1773288000,23600.45,23619.6,23569.4,23602.65,23801.842508962014,23914.429680929905,0,0,0,24303.8,23697.8,,,,4,1,1,1,,,,22605361,17666634.05
1773288900,23606.2,23696.6,23595.05,23693.8,23780.234007169613,23894.372437209004,0,0,0,24303.8,23697.8,,,,4,1,1,1,,,,23012278,18234759.75
1773289800,23695.4,23696.75,23605.35,23610.15,23746.21720573569,23868.534033826367,0,0,0,24303.8,23697.8,,,,4,1,1,1,,,,18862666,18632649.05
1773290700,23610.5,23681.55,23589.9,23666.65,23730.303764588552,23850.18093984215,0,0,0,24303.8,23697.8,,,,4,1,1,1,,,,20686822,19160582.4
1773291600,23666.35,23721.05,23632.35,23692.7,23722.783011670843,23835.86449076559,0,0,0,24303.8,23697.8,,,,4,1,1,1,,,,17480421,19518516.8
1773292500,23693.4,23742.15,23669.3,23740.9,23726.406409336676,23827.231355241445,0,0,0,24303.8,23697.8,,,,4,1,1,1,,,,15479241,19770672.4
1773293400,23742.45,23774,23733.95,23741.05,23729.33512746934,23819.39668658313,0,0,0,24303.8,23697.8,,,,4,1,1,1,,,,15471580,20050412.35
1773294300,23741.75,23756.65,23665,23703.3,23724.12810197547,23808.8424423483,0,0,0,24303.8,23697.8,,,,4,1,1,1,,,,14151928,20071551.05
1773295200,23704.2,23718.25,23676.6,23711.35,23721.572481580377,23799.97949304391,0,0,0,24303.8,23697.8,,,,4,1,1,1,,,,10706768,20060065.95
1773296100,23712.45,23742.2,23688.1,23739.85,23725.2279852643,23794.513175494463,0,0,0,24303.8,23697.8,,,,4,1,1,1,,,,13842971,19633979.85
1773297000,23739.45,23750.65,23710.5,23749.35,23730.05238821144,23790.407432267693,0,0,0,24303.8,23697.8,,,,4,1,1,1,,,,12137072,19645970.1
1773297900,23751.15,23759.2,23721.8,23744.1,23732.86191056915,23786.197665697902,0,0,0,24303.8,23697.8,,,,4,1,1,1,,,,16340577,19819809.05
1773298800,23744.4,23747.6,23702.3,23715.8,23729.44952845532,23779.797877907185,0,0,0,24303.8,23697.8,,,,4,1,1,1,,,,12126932,19853700.35
1773299700,23716.7,23731.25,23700.8,23717,23726.959622764254,23774.088979915625,0,0,0,24303.8,23697.8,,,,4,1,1,1,,,,9498285,19767156.7
1773300600,23717.85,23722.4,23656.4,23715.25,23724.617698211405,23768.739981741477,0,0,0,24303.8,23697.8,,,,4,1,1,1,,,,12001721,19577023.4
1773301500,23718.3,23767.95,23695.8,23764.3,23732.554158569124,23768.336347037708,0,0,0,24303.8,23697.8,,,,4,1,1,1,,,,13535089,19476914.7
1773302400,23765.25,23833.15,23764.7,23789.9,23744.0233268553,23770.29667912519,0,0,0,24303.8,23697.8,,,,4,1,1,1,,,,17933974,19392000.55
1773303300,23789.35,23801.25,23738.6,23738.6,23742.938661484237,23767.41516284108,0,0,0,24303.8,23697.8,,,,4,1,1,1,,,,15718440,18702640.15
1773304200,23740.55,23771.55,23701.95,23738.9,23742.13092918739,23764.822875310074,0,0,0,24303.8,23697.8,,,,4,1,1,1,,,,19031426,17422417.2
1773305100,23739.35,23758.15,23709.65,23711.8,23736.064743349914,23760.00261391825,0,0,0,24303.8,23697.8,,,,4,1,1,1,,,,13132366,15687795.9
1773306000,23713.5,23745.15,23667.6,23673.8,23723.61179467993,23752.166012652953,0,0,0,24303.8,23697.8,,,,4,1,1,1,,,,20166274,15565841.55
1773306900,23673.15,23684.1,23605.55,23639.45,23706.779435743945,23741.919102411775,0,0,0,24303.8,23697.8,,,,4,1,1,1,,,,23848925,15607673.9
1773307800,23641.1,23679.8,23609.95,23633.9,23692.203548595156,23732.099184010705,0,0,0,24303.8,23697.8,,,,4,1,1,1,,,,46160297,16972555.45
1773308700,23636.35,23652.15,23624.6,23639.35,23681.632838876125,23723.667440009733,0,0,0,24303.8,23697.8,,,,4,1,1,1,,,,45377320,18207080.35
1773373500,23476.35,23487.9,23415.25,23469.65,23639.2362711009,23700.574945463395,0,0,0,24303.8,23697.8,,,,4,1,1,1,,,,44564856,19561302.1
1773374400,23469.8,23492.4,23424.95,23425.25,23596.439016880722,23675.545404966724,0,0,0,24303.8,23697.8,,,,4,1,1,1,,,,29043939,20239537
1773375300,23426.55,23426.85,23344.2,23347.55,23546.661213504576,23645.72764087884,0,0,0,24303.8,23697.8,,,,4,1,1,1,,,,23374372,20634676.6
1773376200,23349.1,23369.95,23311.85,23329.8,23503.28897080366,23617.00694625349,0,0,0,24303.8,23697.8,,,,4,1,1,1,,,,18579142,20856037.3
1773377100,23330.95,23357.1,23305.75,23353.45,23473.321176642927,23593.047223866808,0,0,0,24303.8,23697.8,,,,4,1,1,1,,,,15430818,21092239.8
1773378000,23354.45,23360,23313.05,23324.55,23443.56694131434,23568.638385333463,0,0,0,24303.8,23697.8,,,,4,1,1,1,,,,19173970,21358789.75
1773378900,23325.2,23379.55,23309.3,23372.7,23429.393553051472,23550.825804848602,0,0,0,24303.8,23697.8,,,,4,1,1,1,,,,16960756,21599973.95
1773379800,23373.8,23374.7,23317.45,23321.65,23407.844842441176,23529.991640771455,0,0,0,24303.8,23697.8,,,,4,1,1,1,,,,15559730,21560931.6
1773380700,23323.55,23379.2,23309.65,23377.35,23401.74587395294,23516.11512797405,0,0,0,24303.8,23697.8,,,,4,1,1,1,,,,13488053,21628987.65
1773381600,23378.85,23414.9,23365.35,23407.9,23402.97669916235,23506.27738906732,0,0,0,24303.8,23697.8,,,,4,1,1,1,,,,14990427,21903594.75
1773382500,23409.35,23410.6,23360.5,23361.2,23394.62135932988,23493.088535515744,0,0,0,24303.8,23697.8,,,,4,1,1,1,,,,14441953,22025606.35
1773383400,23363.1,23365.45,23317.45,23336.15,23382.927087463904,23478.821395923405,0,0,0,24303.8,23697.8,,,,4,1,1,1,,,,13439091,22020806.45
1773384300,23338.9,23338.9,23266.1,23278.7,23362.081669971125,23460.62854174855,0,0,0,24303.8,23697.8,,,,4,1,1,1,,,,17770735,22012644.5
1773385200,23280.05,23281.5,23193.55,23212.4,23332.1453359769,23438.0623106805,0,0,0,24303.8,23697.8,,,,4,1,1,1,,,,17258295,22089637.25
1773386100,23214,23250.2,23210.2,23231.1,23311.93626878152,23419.24755516409,0,0,0,24303.8,23697.8,,,,4,1,1,1,,,,12688919,21772511.9
1773387000,23232.55,23239.55,23173.55,23175.7,23284.689015025215,23397.10686833099,0,0,0,24303.8,23697.8,,,,4,1,1,1,,,,15236377,21877712.45
1773387900,23178.35,23192.75,23136.5,23189.35,23265.62121202017,23378.219880300898,0,0,0,24303.8,23697.8,,,,4,1,1,1,,,,16257163,21682256.9
1773388800,23191.35,23202.65,23131.15,23157.15,23243.926969616135,23358.122618455363,0,0,0,24303.8,23697.8,,,,4,1,1,1,,,,15275170,21253569.15
1773389700,23159.1,23168.4,23112,23118.95,23218.93157569291,23336.37965314124,0,0,0,24303.8,23697.8,,,,4,1,1,1,,,,19172008,19904154.7
1773390600,23121.65,23205.5,23120.2,23201.85,23215.515260554326,23324.149684673856,0,0,0,24303.8,23697.8,,,,4,1,1,1,,,,20043137,18637445.55
1773391500,23203.65,23233.5,23182.75,23202.5,23212.91220844346,23313.090622430776,0,0,0,24303.8,23697.8,,,,4,1,1,1,,,,19088843,17363644.9
1773392400,23204.6,23258.6,23203.6,23224.8,23215.28976675477,23305.064202209796,0,0,0,24303.8,23697.8,,,,4,1,1,1,,,,23090812,17065988.55
1773393300,23228.7,23231.2,23144.55,23177.9,23207.811813403816,23293.503820190723,0,0,0,24303.8,23697.8,,,,4,1,1,1,,,,24042743,17099407.1
1773394200,23181.05,23190.55,23125.1,23162.55,23198.759450723053,23281.59892744611,0,0,0,24303.8,23697.8,,,,4,1,1,1,,,,37321530,18036526.5
1773395100,23161.45,23173.85,23138.5,23170.9,23193.187560578444,23271.535388587374,0,0,0,24303.8,23697.8,,,,4,1,1,1,,,,39390511,19234511.15
1773632700,23127.5,23248.05,23098,23157.75,23186.100048462755,23261.191262352157,0,0,0,24303.8,23697.8,,,,4,1,1,1,,,,46418096,20596717.45
1773633600,23159.5,23284.65,23158.2,23240.5,23196.980038770205,23259.31023850196,0,0,0,24303.8,23697.8,,,,4,1,1,1,,,,22998590,20898609.15
1773634500,23240.2,23276.95,23164.7,23167.55,23191.094031016164,23250.968398638146,0,0,0,24303.8,23697.8,,,,4,1,1,1,,,,17215183,20981381.8
1773635400,23168.8,23210.5,23143.25,23155.2,23183.915224812932,23242.262180580132,0,0,0,24303.8,23697.8,,,,4,1,1,1,,,,15276363,21070797.3
1773636300,23154.35,23154.35,23024.45,23024.95,23152.122179850347,23222.50652780012,0,0,0,24303.8,23697.8,,,,4,1,1,1,,,,17475112,21195031.55
1773637200,23026.5,23076.75,23025.95,23052.05,23132.10774388028,23207.01047981829,0,0,0,24303.8,23697.8,,,,4,1,1,1,,,,13499349,21147901.35
1773638100,23053.5,23064.25,22955.25,23032.25,23112.136195104224,23191.123163471173,0,0,0,24303.8,23697.8,,,,4,1,1,1,,,,16642275,21308060.55
1773639000,23032.95,23097.45,23012.95,23092.35,23108.17895608338,23182.143784973792,0,0,0,24303.8,23697.8,,,,4,1,1,1,,,,13277272,21083387.4
1773639900,23093.55,23199.45,23090.7,23172.2,23120.983164866702,23181.23980452163,0,0,0,24303.8,23697.8,,,,4,1,1,1,,,,15365460,20988745.65
1773640800,23172.75,23218.15,23148.35,23149.5,23126.686531893363,23178.354367746935,0,0,0,24303.8,23697.8,,,,4,1,1,1,,,,12480616,20978330.5
1773641700,23149.9,23172,23138.1,23144.95,23130.33922551469,23175.317607042667,0,0,0,24303.8,23697.8,,,,4,1,1,1,,,,9861370,20709580.15
1773642600,23144.4,23188.95,23144.4,23162.85,23136.84138041175,23174.184188220606,0,0,0,24303.8,23697.8,,,,4,1,1,1,,,,8960119,20344727.95
1773643500,23163.3,23196.45,23154.35,23179.4,23145.353104329402,23174.658352927825,0,0,0,24303.8,23697.8,,,,4,1,1,1,,,,11538910,20157914.95
1773644400,23178.65,23182.55,23114.5,23154.8,23147.24248346352,23172.853048116205,0,0,0,24303.8,23697.8,,,,4,1,1,1,,,,15209503,19959789.7
1773645300,23154.15,23154.6,23093.25,23132.4,23144.273986770815,23169.17549828746,0,0,0,24303.8,23697.8,,,,4,1,1,1,,,,14532131,19684239.4
1773646200,23132.75,23172.6,23086.35,23116.8,23138.77918941665,23164.414089352234,0,0,0,24303.8,23697.8,,,,4,1,1,1,,,,14243934,19441993.95
1773647100,23117.95,23168.95,23115.4,23124.5,23135.92335153332,23160.785535774758,0,0,0,24303.8,23697.8,,,,4,1,1,1,,,,14450598,19009983.25
1773648000,23123.75,23147.85,23100.7,23108.25,23130.388681226657,23156.009577977053,0,0,0,24303.8,23697.8,,,,4,1,1,1,,,,15184023,18567047.25
1773648900,23107.45,23142.55,23092.85,23130.8,23130.470944981327,23153.717798160957,0,0,0,24303.8,23697.8,,,,4,1,1,1,,,,12061461,17304043.8
1773649800,23130.45,23180.7,23116,23155.3,23135.43675598506,23153.861634691777,0,0,0,24303.8,23697.8,,,,4,1,1,1,,,,13072171,15988126.8
1773650700,23155.05,23374.7,23134.6,23347.85,23177.91940478805,23171.496940628887,0,0,0,24303.8,23697.8,,,,4,1,1,1,,,,38829852,15608714.6
1773651600,23352.85,23450.8,23337.65,23427.85,23227.90552383044,23194.801764208078,0,0,0,24303.8,23697.8,,,,4,1,1,1,,,,48316684,16874619.3
1773652500,23429.85,23502,23411.3,23454.05,23273.13441906435,23218.369785643707,0,0,0,24303.8,23697.8,,,,4,1,1,1,,,,42300009,18128860.6
1773653400,23455.3,23460.2,23388.75,23435.25,23305.55753525148,23238.086168767008,0,0,0,24303.8,23697.8,,,,4,1,1,1,,,,50415428,19885813.85
1773654300,23435.8,23436.05,23338.6,23355.6,23315.56602820118,23248.769244333642,0,0,0,24303.8,23697.8,,,,4,1,1,1,,,,37661905,20895153.5
1773719100,23459.85,23484.8,23346.6,23373.2,23327.092822560946,23260.081131212402,0,0,0,24303.8,23697.8,,,,4,1,1,1,,,,33907058,21915538.95
1773720000,23373.15,23462.9,23359.5,23452.9,23352.254258048757,23277.610119284003,0,0,0,24303.8,23697.8,,,,4,1,1,1,,,,23489287,22257889.55
1773720900,23453.15,23501.75,23431.7,23496.7,23381.143406439005,23297.527381167274,0,0,0,23502,22955.25,,,,1,1,1,1,,,,15600637,22374057.8
1773721800,23496.75,23537.1,23496.7,23526,23410.114725151205,23318.297619242978,0,0,0,23502,22955.25,,,,1,1,1,1,,,,13914752,22301522.4
1773722700,23525.85,23577.55,23500.2,23500.2,23428.131780120963,23334.834199311797,0,0,0,23502,22955.25,,,,1,1,1,1,,,,18663798,22610681.5
1773723600,23501.85,23510.65,23443,23483.75,23439.25542409677,23348.37199937436,0,0,0,23502,22955.25,,,,1,1,1,1,,,,14213458,22828285.9
1773724500,23483.9,23533.9,23475.5,23523.95,23456.194339277416,23364.333635794876,0,0,0,23502,22955.25,,,,1,1,1,1,,,,12597702,23010165.05
1773725400,23523.85,23528.15,23467.4,23470.55,23459.06547142193,23373.989668904433,0,0,0,23502,22955.25,,,,1,1,1,1,,,,11435541,23004996.6
1773726300,23471.45,23479.5,23375.95,23383.7,23443.992377137543,23374.872426276757,0,0,0,23502,22955.25,,,,1,1,1,1,,,,17337056,23111374.25
1773727200,23384.35,23409.9,23355.7,23390.65,23433.323901710035,23376.30675116069,0,0,0,23577.55,22955.25,,,,1,1,1,1,,,,14720468,23120791.1
1773728100,23390.45,23429.6,23376.05,23415.85,23429.829121368028,23379.901591964262,0,0,0,23577.55,22955.25,,,,1,1,1,1,,,,9330389,22875113.85
1773729000,23415.35,23450.05,23402.6,23435.3,23430.92329709442,23384.937810876603,0,0,0,23577.55,22955.25,,,,1,1,1,1,,,,8453779,22575272.9
1773729900,23435.15,23438.3,23381.55,23406.85,23426.108637675537,23386.92982806964,0,0,0,23577.55,22955.25,,,,1,1,1,1,,,,9314115,22281777.5
1773730800,23406.35,23457.25,23380.35,23451,23431.08691014043,23392.754389154215,0,0,0,23577.55,22955.25,,,,1,1,1,1,,,,10198334,22188621.15
1773731700,23450.9,23496.2,23449.3,23476.8,23440.229528112344,23400.394899231105,0,0,0,23577.55,22955.25,,,,1,1,1,1,,,,12273850,22148705.1
1773732600,23477.55,23533.5,23476.15,23531.6,23458.503622489876,23412.32263566464,0,0,0,23577.55,22955.25,,,,1,1,1,1,,,,17691972,21091811.1
1773733500,23532.95,23560.2,23524.85,23541.75,23475.152897991902,23424.08875969513,0,0,0,23577.55,22955.25,,,,1,1,1,1,,,,15353515,19443652.65
1773734400,23541.05,23592.05,23504.15,23530.45,23486.212318393522,23433.757963359207,0,0,0,23577.55,22955.25,,,,1,1,1,1,,,,14439243,18050614.35
1773735300,23530.75,23568.3,23530.75,23542.05,23497.379854714818,23443.602693962916,0,0,0,23577.55,22955.25,,,,1,1,1,1,,,,10961455,16077915.7
1773736200,23541.85,23608.95,23533.4,23600.45,23517.993883771855,23457.86153996629,0,0,0,23577.55,22955.25,,,,1,1,1,1,,,,16865173,15038079.1
1773737100,23600,23606.85,23526.85,23553.7,23525.135107017482,23466.574127242082,0,0,0,23577.55,22955.25,,,,1,1,1,1,,,,19733064,14329379.4
1773738000,23554.05,23615.35,23554.05,23587.4,23537.588085613985,23477.5582974928,0,0,0,23577.55,22955.25,,,,1,1,1,1,,,,16653121,13987571.1
1773738900,23587.1,23656.8,23567.55,23654.45,23560.960468491186,23493.63936135709,0,0,0,23577.55,22955.25,,,,1,1,1,1,,,,26598323,14537455.4
1773739800,23654.5,23655.2,23567.5,23607.5,23570.268374792948,23503.990328506447,0,0,0,23577.55,22955.25,,,,1,1,1,1,,,,50119374,16347686.5
1773740700,23607.05,23607.65,23546.55,23557.5,23567.71469983436,23508.854844096768,0,0,0,23577.55,22955.25,,,,1,1,1,1,,,,42497864,17539389.8
1773805500,23634.35,23738.9,23618.45,23715.3,23597.23175986749,23527.622585542515,0,0,0,23577.55,22955.25,,,,1,1,1,1,,,,43171103,18987272.05
1773806400,23714.8,23735.05,23700.1,23721.75,23622.13540789399,23545.270532311377,0,0,0,23577.55,22955.25,,,,1,1,1,1,,,,18458072,19280290.55
1773807300,23720.35,23754.65,23669.55,23691.25,23635.958326315194,23558.541393010342,0,0,0,23577.55,22955.25,,,,1,1,1,1,,,,19795709,19698298.95
1773808200,23691.15,23695.65,23640.7,23664.3,23641.626661052156,23568.155811827583,0,0,0,23577.55,22955.25,,,,1,1,1,1,,,,15235283,19593210.3
1773809100,23664.95,23737.85,23664.65,23722.95,23657.891328841724,23582.228010752347,0,0,0,23577.55,22955.25,,,,1,1,1,1,,,,12994211,19506897.45
1773810000,23721.65,23746,23713.45,23723.35,23670.983063073378,23595.057282502134,0,0,0,23577.55,22955.25,,,,1,1,1,1,,,,11268966,19603826.3
1773810900,23721.65,23778.55,23721.1,23770.6,23690.9064504587,23611.015711365577,0,0,0,23577.55,22955.25,,,,1,1,1,1,,,,14560336,19909154.15
1773811800,23770.8,23791.5,23764.15,23785.3,23709.78516036696,23626.85973760507,0,0,0,23577.55,22955.25,,,,1,1,1,1,,,,12424567,20064676.75
1773812700,23784.7,23806.4,23770.6,23799.6,23727.748128293566,23642.563397822792,0,0,0,23577.55,22955.25,,,,1,1,1,1,,,,11006491,20105084.6
1773813600,23798.75,23835.95,23783.1,23817.95,23745.788502634852,23658.507634384358,0,0,0,23577.55,22955.25,,,,1,1,1,1,,,,12128362,20097810.2
1773814500,23816.9,23822.5,23803.55,23806.3,23757.890802107882,23671.94330398578,0,0,0,23577.55,22955.25,,,,1,1,1,1,,,,9082296,19667326.4
1773815400,23806.65,23810.8,23772.15,23779.65,23762.242641686305,23681.734821805254,0,0,0,23577.55,22955.25,,,,1,1,1,1,,,,9937546,19396527.95
1773816300,23779.2,23788.8,23760.9,23767,23763.194113349044,23689.48620164114,0,0,0,23577.55,22955.25,,,,1,1,1,1,,,,10562043,19202667.95
1773817200,23767.15,23789.95,23762.4,23778.2,23766.195290679236,23697.551092401034,0,0,0,23577.55,22955.25,,,,1,1,1,1,,,,11586469,19233918.65
1773818100,23777.7,23794.5,23764.95,23775.9,23768.136232543387,23704.673720364575,0,0,0,23835.95,22955.25,,,,1,1,1,1,,,,9662298,18873774.9
1773819000,23775.15,23803.2,23766.4,23803.2,23775.14898603471,23713.630654876888,0,0,0,23835.95,22955.25,,,,1,1,1,1,,,,11042607,18439252.05
1773819900,23802.4,23836.75,23792.4,23824.35,23784.989188827767,23723.69604988808,0,0,0,23835.95,22955.25,,,,1,1,1,1,,,,12320699,18222630.95
1773820800,23823.85,23844.8,23816,23844.4,23796.871351062215,23734.66913626189,0,0,0,23835.95,22955.25,,,,1,1,1,1,,,,11643000,17474864.8
1773821700,23845.95,23859.35,23819.05,23833.65,23804.22708084977,23743.66739660172,0,0,0,23835.95,22955.25,,,,1,1,1,1,,,,10567011,15497246.65
1773822600,23832.5,23851.5,23809.6,23817.65,23806.911664679817,23750.393087819746,0,0,0,23835.95,22955.25,,,,1,1,1,1,,,,11333862,13939046.55
1773823500,23817.5,23862.25,23811.1,23835.25,23812.579331743855,23758.107352563406,0,0,0,23835.95,22955.25,,,,1,1,1,1,,,,11066535,12333818.15
1773824400,23836.45,23840.05,23779.7,23780.6,23806.183465395083,23760.152138694004,0,0,0,23835.95,22955.25,,,,1,1,1,1,,,,13347646,12078296.85
1773825300,23780.55,23808.35,23775.55,23801.8,23805.306772316068,23763.93830790364,0,0,0,23835.95,22955.25,,,,1,1,1,1,,,,11908260,11683924.4
1773826200,23801.65,23809.8,23766.9,23792.55,23802.755417852855,23766.53937082149,0,0,0,23835.95,22955.25,,,,1,1,1,1,,,,29511316,12397726.05
1773827100,23792.35,23792.9,23730.65,23764.1,23795.024334282283,23766.31760983772,0,0,0,23835.95,22955.25,,,,1,1,1,1,,,,36180183,13557024.65
1773891900,23242.95,23378.7,23180.95,23316.05,23699.229467425826,23725.384190761564,1,0,0,23862.25,22955.25,,,,2,1,1,1,1,,,86473154,17317234.05
1773892800,23317.2,23325.6,23255.5,23271,23613.58357394066,23684.076537055967,0,1,0,23862.25,22955.25,,,,3,1,1,1,,1,,32040081,18191221.3
1773893700,23269.6,23273.35,23226.75,23242.7,23539.40685915253,23643.951397323606,0,0,0,23862.25,22955.25,,,,3,1,1,1,,,,31823998,19161192.85
1773894600,23241.95,23269.95,23230.45,23236.65,23478.855487322024,23606.923997566915,0,0,0,23862.25,22955.25,,,,3,1,1,1,,,,20181337,19619935.15
1773895500,23234.75,23283.95,23204.05,23272.4,23437.56438985762,23576.51272506083,0,0,0,23862.25,22955.25,,,,3,1,1,1,,,,20568982,20041966.15
1773896400,23273.15,23317.8,23271.7,23311.7,23412.391511886097,23552.43884096439,0,0,0,23862.25,22955.25,,,,3,1,1,1,,,,18159503,20495826.5
1773897300,23312.6,23312.6,23258.3,23260.45,23382.00320950888,23525.894400876718,0,0,0,23862.25,22955.25,,,,3,1,1,1,,,,15606567,20779277.55
1773898200,23260.65,23264.65,23217.1,23220.95,23349.792567607103,23498.1721826152,0,0,0,23862.25,22955.25,,,,3,1,1,1,,,,16184085,21060379.65
1773899100,23221.35,23253.6,23207.55,23228.05,23325.44405408568,23473.61562055927,0,0,0,23862.25,22955.25,,,,3,1,1,1,,,,14649433,21213527.85
1773900000,23227.35,23253.85,23225.55,23241.65,23308.685243268545,23452.527836872065,0,0,0,23862.25,22955.25,,,,3,1,1,1,,,,11697912,21315308.55
1773900900,23241.6,23260,23236.2,23241.05,23295.158194614836,23433.302578974603,0,0,0,23862.25,22955.25,,,,3,1,1,1,,,,9849112,21255633.8
1773901800,23241.9,23268.75,23217.85,23265.5,23289.22655569187,23418.04779906782,0,0,0,23862.25,22955.25,,,,3,1,1,1,,,,11726135,21225905.6
1773902700,23263.65,23281.2,23238.95,23254.85,23282.351244553494,23403.2116355162,0,0,0,23862.25,22955.25,,,,3,1,1,1,,,,11250917,21206301.45
1773903600,23254.9,23264.7,23229.3,23235.65,23273.010995642795,23387.97875956018,0,0,0,23862.25,22955.25,,,,3,1,1,1,,,,9161955,21136048.65
1773904500,23234.85,23277.3,23233.8,23264.65,23271.338796514236,23376.76705414562,0,0,0,23862.25,22955.25,,,,3,1,1,1,,,,10160926,21077401.85
1773905400,23265.35,23265.6,23194.7,23200.25,23257.12103721139,23360.72004922329,0,0,0,23862.25,22955.25,,,,3,1,1,1,,,,13445408,21196345.5
1773906300,23200.35,23208.7,23172.15,23176.65,23241.02682976911,23343.98640838481,0,0,0,23862.25,22955.25,,,,3,1,1,1,,,,13177634,21187844.9
1773907200,23176.7,23217.85,23173.8,23199.15,23232.651463815288,23330.819462168012,0,0,0,23862.25,22955.25,,,,3,1,1,1,,,,12176755,21201269.65
1773908100,23198.55,23203.75,23155.7,23163.05,23218.73117105223,23315.56769288001,0,0,0,23862.25,22955.25,,,,3,1,1,1,,,,11011054,20276256.55
1773909000,23163.3,23171.8,23087.95,23111.3,23197.244936841784,23296.99790261819,0,0,0,23862.25,22955.25,,,,3,1,1,1,,,,17276541,19331074.45
1773909900,23111.55,23137.05,23096.9,23100.65,23177.92594947343,23279.148093289263,0,0,0,23862.25,22955.25,,,,3,1,1,1,,,,12632949,15639064.2
1773910800,23101.1,23127.55,23083.75,23110.7,23164.480759578742,23263.834630262965,0,0,0,23862.25,22955.25,,,,3,1,1,1,,,,17909471,14932533.7
1773911700,23110.55,23111.55,22947.55,22954.05,23122.394607662995,23235.67239114815,0,0,0,23862.25,22955.25,,,,3,1,1,1,,,,28257891,14754228.35
1773912600,22954.9,23019.1,22930.35,22987.25,23095.365686130397,23213.08853740741,0,0,0,23862.25,22955.25,,,,3,1,1,1,,,,55167067,16503514.85
1773913500,22987.55,23093.9,22977.65,23087.85,23093.86254890432,23201.703215824917,0,0,0,23862.25,22955.25,,,,3,1,1,1,,,,41024129,17526272.2
1773978300,23131.15,23303.85,23109.9,23286.8,23132.450039123454,23209.43928711356,0,0,0,23862.25,22955.25,,,,3,1,1,1,,,,58044608,19520527.45
1773979200,23287.05,23319.7,23228.95,23228.95,23151.750031298765,23211.212988285057,0,0,0,23862.25,22955.25,,,,3,1,1,1,,,,27108737,20095635.95
1773980100,23230.6,23266.7,23222.75,23259,23173.200025039012,23215.557262077324,0,0,0,23862.25,22955.25,,,,3,1,1,1,,,,19846577,20278760.55
1773981000,23260.2,23261.05,23220.7,23243.65,23187.29002003121,23218.11114734302,0,0,0,23862.25,22955.25,,,,3,1,1,1,,,,16537615,20373169.65
1773981900,23243.4,23261.3,23200.65,23260.6,23201.952016024967,23221.973770311837,0,0,0,23862.25,22955.25,,,,3,1,1,1,,,,17020483,20639298.2
1773982800,23261.75,23301.8,23252.6,23290.15,23219.591612819975,23228.171609374396,0,0,0,23862.25,22955.25,,,,3,1,1,1,,,,15652555,20929470.35
1773983700,23290.6,23317.9,23277.05,23296.6,23234.99329025598,23234.39237215854,0,0,0,23319.7,22930.35,,,,1,1,1,1,,,,17030370,21194682.1
1773984600,23298.65,23303.65,23263.15,23289.15,23245.824632204785,23239.370338325945,0,0,0,23319.7,22930.35,,,,1,1,1,1,,,,16129496,21438611.05
1773985500,23288.95,23345.15,23284.6,23317.3,23260.119705763827,23246.454853023588,0,0,0,23319.7,22930.35,,,,1,1,1,1,,,,15023325,21731679.55
1773986400,23317.9,23331.6,23285.8,23286.9,23265.475764611063,23250.1316845669,0,0,0,23319.7,22930.35,,,,1,1,1,1,,,,13204952,21883880.85
1773987300,23287.4,23292.85,23223.1,23250.3,23262.44061168885,23250.146985969906,0,0,0,23319.7,22930.35,,,,1,1,1,1,,,,14672505,21945235.7
1773988200,23251.25,23259.5,23210.9,23233.05,23256.56248935108,23248.592714518098,0,0,0,23319.7,22930.35,,,,1,1,1,1,,,,12527208,21912714.4
1773989100,23234.15,23234.15,23137.05,23155.15,23236.279991480864,23240.09792228918,0,0,0,23319.7,22930.35,,,,1,1,1,1,,,,16244823,22116117.8
1773990000,23155.65,23216.4,23120.35,23205.75,23230.17399318469,23236.975383899255,0,0,0,23345.15,22930.35,,,,1,1,1,1,,,,13979152,22264522.7
1773990900,23206.5,23249.7,23202.8,23214.8,23227.09919454775,23234.959439908413,0,0,0,23345.15,22930.35,,,,1,1,1,1,,,,14388839,22120137.6
1773991800,23214.9,23251.2,23202.6,23231.5,23227.9793556382,23234.644945371285,0,0,0,23345.15,22930.35,,,,1,1,1,1,,,,13142274,22145603.85
1773992700,23232,23271.1,23230,23257.7,23233.92348451056,23236.740859428442,0,0,0,23345.15,22930.35,,,,1,1,1,1,,,,12409997,21870630.15
1773993600,23258.45,23272.4,23231.95,23232,23233.53878760845,23236.309872207676,0,0,0,23345.15,22930.35,,,,1,1,1,1,,,,13930410,21154256.1
1773994500,23233.7,23234,23188.65,23193.45,23225.52103008676,23232.413520188795,0,0,0,23345.15,22930.35,,,,1,1,1,1,,,,13516586,19071732.05
1773995400,23195,23244.55,23185.25,23199.15,23220.246824069407,23229.389563807996,0,0,0,23345.15,22930.35,,,,1,1,1,1,,,,13586717,17699861.45
1773996300,23200.05,23205.75,23164,23164,23208.997459255526,23223.44505800727,0,0,0,23345.15,22930.35,,,,1,1,1,1,,,,16858146,15640538.35
1773997200,23164.05,23188.05,23097.7,23098.25,23186.84796740442,23212.06368909752,0,0,0,23345.15,22930.35,,,,1,1,1,1,,,,23932991,15481751.05
1773998100,23099.4,23113.4,23067.6,23090.5,23167.578373923538,23201.012444634107,0,0,0,23345.15,22930.35,,,,1,1,1,1,,,,22897407,15634292.55
1773999000,23091.3,23177.45,23078.6,23106.85,23155.43269913883,23192.452222394644,0,0,0,23345.15,22930.35,,,,1,1,1,1,,,,129357631,21275293.35
1773999900,23106.25,23139.8,23078.7,23134.65,23151.276159311063,23187.197474904224,0,0,0,23345.15,22930.35,,,,1,1,1,1,,,,108975938,25873066.1
1774237500,22847.4,22851.7,22634.55,22704.4,23061.90092744885,23143.306795367476,0,0,0,23345.15,22930.35,,,,4,1,1,1,,,,53712372,27776056.95
1774238400,22702.15,22742.8,22691.8,22706.4,22990.80074195908,23103.587995788614,0,0,0,23345.15,22930.35,,,,4,1,1,1,,,,25076591,28178368
1774239300,22706.1,22706.65,22592.6,22597.5,22912.140593567263,23057.579996171466,0,0,0,23345.15,22930.35,,,,4,1,1,1,,,,25086825,28626234.45
1774240200,22597.45,22633.05,22571.1,22572.3,22844.17247485381,23013.46363288315,0,0,0,23345.15,22930.35,,,,4,1,1,1,,,,18679182,28809027.3
1774241100,22571.95,22587.5,22530.3,22531,22781.537979883047,22969.603302621046,0,0,0,23345.15,22930.35,,,,4,1,1,1,,,,15897088,28943634.1
1774242000,22530.6,22581.5,22529.05,22548.1,22734.850383906436,22931.284820564586,0,0,0,23345.15,22930.35,,,,4,1,1,1,,,,18818672,29150942.45
1774242900,22548.2,22550.25,22509.65,22531.85,22694.25030712515,22894.972564149622,0,0,0,23345.15,22930.35,,,,4,1,1,1,,,,16618046,29355484.35
1774243800,22531.2,22583.65,22504.15,22554.75,22666.35024570012,22864.04324013602,0,0,0,23345.15,22930.35,,,,4,1,1,1,,,,14858273,29286156.85
1774244700,22554.6,22561.45,22528,22559.15,22644.910196560097,22836.325672850926,0,0,0,23345.15,22930.35,,,,4,1,1,1,,,,11979274,29186162.95
1774245600,22557.85,22571.6,22508.3,22520.15,22619.95815724808,22807.582429864477,0,0,0,23345.15,22930.35,,,,4,1,1,1,,,,15043437,29218892.85
1774246500,22518,22564,22518,22555.9,22607.146525798464,22784.702208967705,0,0,0,23345.15,22930.35,,,,4,1,1,1,,,,12282263,29175892.3
1774247400,22556.05,22562.35,22530.6,22535.35,22592.78722063877,22762.03382633428,0,0,0,23345.15,22930.35,,,,4,1,1,1,,,,12807962,29195790.55
1774248300,22534.25,22535.55,22478.15,22511.95,22576.619776511016,22739.29893303116,0,0,0,23345.15,22930.35,,,,4,1,1,1,,,,16701991,29334369.6
1774249200,22514.6,22551.5,22497.7,22535.65,22568.425821208813,22720.785393664693,0,0,0,23345.15,22930.35,,,,4,1,1,1,,,,11693354,29243208
1774250100,22534.7,22555.9,22481.7,22500.05,22554.75065696705,22700.718539695175,0,0,0,23345.15,22930.35,,,,4,1,1,1,,,,13422547,29234999.5
1774251000,22499.55,22508.25,22471.25,22489.1,22541.620525573642,22681.480490631977,0,0,0,23345.15,22930.35,,,,4,1,1,1,,,,13375379,29060861.15
1774251900,22489.7,22514.5,22482.85,22487.05,22530.706420458915,22663.804991483616,0,0,0,23345.15,22930.35,,,,4,1,1,1,,,,15405224,28634472.8
1774252800,22487.6,22567.35,22487.15,22561.7,22536.90513636713,22654.52271953056,0,0,0,23345.15,22930.35,,,,4,1,1,1,,,,16096040,28294404.45
1774253700,22558.95,22629.75,22557.6,22599.65,22549.454109093705,22649.534290482326,0,0,0,23345.15,22930.35,,,,4,1,1,1,,,,25254787,23089262.25
1774254600,22598.85,22661.15,22590.45,22618.7,22563.303287274965,22646.73117316575,0,0,0,23345.15,22930.35,,,,4,1,1,1,,,,25733290,18927129.85
1774255500,22619.65,22656.45,22591.95,22611.2,22572.88262981997,22643.50106651432,0,0,0,23345.15,22930.35,,,,4,1,1,1,,,,20969849,17290003.7
1774256400,22610.55,22617.4,22515.25,22599.1,22578.126103855975,22639.46460592211,0,0,0,23345.15,22930.35,,,,4,1,1,1,,,,31821116,17627229.95
1774257300,22596.95,22646.55,22579.05,22614.5,22585.40088308478,22637.195096292828,0,0,0,23345.15,22930.35,,,,4,1,1,1,,,,27940636,17769920.5
1774258200,22614.75,22614.75,22486.1,22509.25,22570.170706467827,22625.56372390257,0,0,0,23345.15,22930.35,,,,4,1,1,1,,,,44505984,19061260.6
1774259100,22509.55,22510.7,22478.1,22492.65,22554.666565174262,22613.480658093245,0,0,0,23345.15,22930.35,,,,4,1,1,1,,,,42007787,20366795.55
1774323900,22890.55,22899.6,22762.8,22839.9,22611.71325213941,22634.064234630223,0,0,0,23345.15,22930.35,,,,4,1,1,1,,,,47291603,21790442.1
1774324800,22839.6,22852.4,22731.95,22744.8,22638.33060171153,22644.13112239111,0,0,0,23345.15,22930.35,,,,4,1,1,1,,,,26976904,22308385
1774325700,22747.3,22773.65,22701.2,22754.2,22661.504481369222,22654.137383991918,0,0,0,23345.15,22930.35,,,,4,1,1,1,,,,19222231,22526582.9
1774326600,22753.9,22756.65,22681.6,22708.1,22670.82358509538,22659.043076356287,0,0,0,23345.15,22930.35,,,,4,1,1,1,,,,16299122,22742575.3
1774327500,22706.95,22766.8,22701.55,22737.9,22684.238868076303,22666.211887596626,0,0,0,23345.15,22930.35,,,,4,1,1,1,,,,17060538,22843430.35
1774328400,22738.2,22738.9,22624.2,22667.9,22680.97109446104,22666.365352360568,0,0,0,22899.6,22471.25,,,,1,1,1,1,,,,17830914,23120862.9
1774329300,22667.55,22723.5,22629.4,22639.7,22672.716875568833,22663.9412294187,0,0,0,22899.6,22471.25,,,,1,1,1,1,,,,16969413,23328935.45
1774330200,22639.8,22711.05,22639.8,22698.25,22677.823500455066,22667.060208562452,0,0,0,22899.6,22471.25,,,,1,1,1,1,,,,12463159,23116993.85
1774331100,22699.4,22746,22689.55,22728.5,22687.958800364053,22672.645644147684,0,0,0,22899.6,22471.25,,,,1,1,1,1,,,,15658325,23315242.4
1774332000,22729.35,22770.15,22724.5,22754.65,22701.297040291243,22680.100585588803,0,0,0,22899.6,22471.25,,,,1,1,1,1,,,,13256356,23306932.85
1774332900,22754.35,22827.8,22745.85,22806.9,22722.417632232995,22691.62780508073,0,0,0,22899.6,22471.25,,,,1,1,1,1,,,,14308048,23353566.3
1774333800,22806.75,22816.9,22760,22761.45,22730.224105786398,22697.97527734612,0,0,0,22899.6,22471.25,,,,1,1,1,1,,,,12520814,23209345.8
1774334700,22761.9,22936.5,22753.35,22844.45,22753.069284629117,22711.291161223744,0,0,0,22899.6,22471.25,,,,1,1,1,1,,,,23996963,23604391.95
1774335600,22844.15,22989.2,22843.4,22955.2,22793.495427703292,22733.464692021586,0,0,0,22899.6,22471.25,,,,1,1,1,1,,,,22027514,23443028.3
1774336500,22956.95,23026.1,22952.85,22974.4,22829.676342162635,22755.367901837806,0,0,0,22899.6,22471.25,,,,1,1,1,1,,,,23925703,23352648.95
1774337400,22974.6,22990.5,22911.35,22990.5,22861.84107373011,22776.74354712528,0,0,0,22899.6,22471.25,,,,1,1,1,1,,,,15516397,23079976.35
1774338300,22990.75,23027.25,22958.4,23021.95,22893.86285898409,22799.035042841162,0,0,0,22899.6,22471.25,,,,1,1,1,1,,,,14519559,22214898.5
1774339200,23021.2,23057.3,22999.85,23037.5,22922.59028718727,22820.713675310148,0,0,0,22899.6,22471.25,,,,1,1,1,1,,,,16796112,21657672.3
1774340100,23037.6,23047.9,22950.6,22976.2,22933.312229749816,22834.8487957365,0,0,0,22899.6,22471.25,,,,1,1,1,1,,,,17686830,20316714.6
1774341000,22975.25,22995.75,22954.25,22992.35,22945.11978379985,22849.16708703318,0,0,0,22899.6,22471.25,,,,1,1,1,1,,,,13831241,18907887.3
1774341900,22993.2,23037.9,22920,22945.6,22945.21582703988,22857.93371548471,0,0,0,22899.6,22471.25,,,,1,1,1,1,,,,18034297,17445022
1774342800,22945.1,22959.4,22882.65,22909.65,22938.102661631903,22862.63519589519,0,0,0,22899.6,22471.25,,,,1,1,1,1,,,,19819585,17087156.05
1774343700,22909.25,22927.15,22883.9,22916.35,22933.75212930552,22867.518359904716,0,0,0,23057.3,22624.2,22471.25,,,1,1,1,1,,,,25044023,17378245.65
1774344600,22914.6,22932.1,22875.35,22898.65,22926.731703444417,22870.34850900429,0,0,0,23057.3,22624.2,22471.25,,,1,1,1,1,,,,51097888,19118183.95
1774345500,22901.15,22961.7,22881.3,22958.4,22933.065362755533,22878.353190003898,0,0,0,23057.3,22624.2,22471.25,,,1,1,1,1,,,,42239013,20377107.7
1774410300,23063.75,23220.8,23063.2,23215.1,22989.472290204427,22908.96653636718,0,0,0,23057.3,22624.2,22471.25,,,1,1,1,1,,,,45818794,21776501.7
1774411200,23214.65,23278.05,23202.55,23270.9,23045.75783216354,22941.86957851562,0,0,0,23057.3,22624.2,22471.25,,,1,1,1,1,,,,23842958,22120178.95
1774412100,23272.95,23298.25,23262.05,23286.05,23093.81626573083,22973.158707741473,0,0,0,23057.3,22624.2,22471.25,,,1,1,1,1,,,,20046816,22499361.8
1774413000,23287.4,23310.35,23246.55,23305.55,23136.163012584664,23003.376097946795,0,0,0,23057.3,22624.2,22471.25,,,1,1,1,1,,,,18793409,22656116
1774413900,23306.6,23318.55,23283.35,23314.55,23171.840410067733,23031.664634497087,0,0,0,23057.3,22624.2,22471.25,,,1,1,1,1,,,,16058065,22796201.45
1774414800,23313.7,23369.6,23299.95,23366.65,23210.802328054186,23062.117849542807,0,0,0,23057.3,22624.2,22471.25,,,1,1,1,1,,,,14335813,22797589.7
1774415700,23366.25,23378.35,23354.35,23367.45,23242.131862443348,23089.87531776619,0,0,0,23057.3,22624.2,22471.25,,,1,1,1,1,,,,13976454,22870371.7
1774416600,23366,23433.7,23366,23432.55,23280.215489954677,23121.027561605628,0,0,0,23057.3,22624.2,22471.25,,,1,1,1,1,,,,19078517,22624449.4
1774417500,23432.3,23434.75,23377.3,23388.4,23301.85239196374,23145.334146914207,0,0,0,23057.3,22624.2,22471.25,,,1,1,1,1,,,,18405652,22443356.3
1774418400,23391.5,23406.8,23343.5,23361.35,23313.75191357099,23164.971951740186,0,0,0,23057.3,22624.2,22471.25,,,1,1,1,1,,,,19769515,22235546.9
1774419300,23361.3,23416.35,23359.4,23399.35,23330.87153085679,23186.279047036533,0,0,0,23057.3,22624.2,22471.25,,,1,1,1,1,,,,15813870,22250420.55
1774420200,23399.4,23442.35,23394.5,23440.35,23352.767224685434,23209.37640639685,0,0,0,23057.3,22624.2,22471.25,,,1,1,1,1,,,,13597441,22204314.65
1774421100,23439.95,23449.75,23417.85,23429.25,23368.063779748347,23229.364914906226,0,0,0,23057.3,22624.2,22471.25,,,1,1,1,1,,,,12933429,22011180.5
1774422000,23429,23465.35,23416.55,23447.55,23383.961023798678,23249.199922642023,0,0,0,23057.3,22624.2,22471.25,,,1,1,1,1,,,,13340494,21793863.7
1774422900,23447.85,23452.25,23372.35,23375.35,23382.238819038943,23260.66811149275,0,0,0,23057.3,22624.2,22471.25,,,1,1,1,1,,,,15108911,21857747.2
1774423800,23374.85,23420.5,23369.7,23392.6,23384.311055231155,23272.661919538863,0,0,0,23057.3,22624.2,22471.25,,,1,1,1,1,,,,11028353,21507450
1774424700,23392.2,23424.3,23371.55,23412.95,23390.038844184925,23285.415381398965,0,0,0,23057.3,22624.2,22471.25,,,1,1,1,1,,,,10621089,21047525.2
1774425600,23414.15,23439.25,23388.1,23432.55,23398.54107534794,23298.79125581724,0,0,0,23057.3,22624.2,22471.25,,,1,1,1,1,,,,13379625,20464305.3
1774426500,23432.95,23462.8,23419,23430.2,23404.872860278352,23310.737505288398,0,0,0,23465.35,22624.2,22471.25,,,1,1,1,1,,,,15521948,18685508.3
1774427400,23430.35,23460.3,23387.45,23390.75,23402.048288222682,23318.011368443997,0,0,0,23465.35,22624.2,22471.25,,,1,1,1,1,,,,19115133,17529314.3
1774428300,23390.3,23403.95,23314.35,23337.25,23389.088630578146,23319.76033494909,0,0,0,23465.35,22624.2,22471.25,,,1,1,1,1,,,,19600991,16218424.15
1774429200,23337.35,23368.05,23304.5,23357.35,23382.740904462516,23323.177577226445,0,0,0,23465.35,22624.2,22471.25,,,1,1,1,1,,,,17903979,15921475.2
1774430100,23357.1,23367.65,23318.5,23334.85,23373.162723570014,23324.238706569497,0,0,0,23465.35,22624.2,22471.25,,,1,1,1,1,,,,18486257,15843447.25
1774431000,23332.5,23357.45,23284.1,23300.65,23358.66017885601,23322.094278699544,0,0,0,23465.35,22624.2,22471.25,,,1,1,1,1,,,,53656374,17586595.5
1774431900,23302.95,23311.4,23273.95,23309,23348.72814308481,23320.90388972686,0,0,0,23465.35,22624.2,22471.25,,,1,1,1,1,,,,41796687,18873526.6
1774583100,23186.1,23186.1,23025.5,23057.55,23290.492514467845,23296.962627024415,1,0,0,23465.35,22624.2,22471.25,,,2,2,1,1,1,,,50467622,20680117.05
1774584000,23056.8,23063.85,23000.85,23052.9,23242.974011574275,23274.775115476743,0,0,0,23465.35,22624.2,22471.25,,,2,2,1,1,,,,21172485,21039918.6
1774584900,23053.55,23054.6,22978.45,22991.4,23192.659209259422,23249.013741342493,0,0,0,23465.35,22624.2,22471.25,,,2,2,1,1,,,,20364057,21104195.6
1774585800,22992.25,23034.95,22977.25,22979.85,23150.097367407536,23224.544310311358,0,0,0,23465.35,22624.2,22471.25,,,2,2,1,1,,,,17071566,21037491.3
1774586700,22980.5,23014.05,22967.3,23005.75,23121.22789392603,23204.653918464872,0,0,0,23465.35,22624.2,22471.25,,,2,2,1,1,,,,15030015,20800516.3
1774587600,23006.75,23038.65,22987,22988.5,23094.682315140824,23185.003562240792,0,0,0,23465.35,22624.2,22471.25,,,2,2,1,1,,,,14760263,20747835.95
1774588500,22989.15,22989.4,22948.1,22973.3,23070.40585211266,23165.757783855264,0,0,0,23465.35,22624.2,22471.25,,,2,2,1,1,,,,15206521,20828289.95
1774589400,22973.5,23001.15,22967.1,22991,23054.524681690127,23149.870712595693,0,0,0,23465.35,22624.2,22471.25,,,2,2,1,1,,,,15287965,20946016.75
1774590300,22990.45,22992.7,22927.3,22935.2,23030.659745352103,23130.355193268813,0,1,0,23465.35,22624.2,22471.25,,,3,2,1,1,,1,,15711795,21064581.8
1774591200,22934.5,22957.3,22929.3,22950.6,23014.647796281683,23114.013812062556,0,0,0,23465.35,22624.2,22471.25,,,3,2,1,1,,,,15937340,21106003.25
1774592100,22950.55,22961.8,22938.8,22946.65,23001.048237025345,23098.79892005687,0,0,0,23465.35,22624.2,22471.25,,,3,2,1,1,,,,13381044,21223637.8
1774593000,22946,22954.25,22917.2,22934.15,22987.668589620276,23083.830836415338,0,0,0,23465.35,22624.2,22471.25,,,3,2,1,1,,,,14010498,21393108.25
1774593900,22934.35,22964.25,22905.6,22961.55,22982.44487169622,23072.714396741216,0,0,0,23465.35,22624.2,22471.25,,,3,2,1,1,,,,15176829,21482968.45
1774594800,22962.3,22967.55,22930.65,22965.55,22979.065897356977,23062.97217885565,0,0,0,23465.35,22624.2,22471.25,,,3,2,1,1,,,,13371575,21375449.8
1774595700,22964.7,22973.2,22939.9,22944.6,22972.17271788558,23052.211071686954,0,0,0,23465.35,22624.2,22471.25,,,3,2,1,1,,,,14290101,21134198.2
1774596600,22945.65,22952.6,22920,22943.15,22966.368174308463,23042.296428806323,0,0,0,23465.35,22624.2,22471.25,,,3,2,1,1,,,,13527383,20830517.8
1774597500,22943.65,22992.95,22935.75,22936.4,22960.37453944677,23032.66948073302,0,0,0,23465.35,22624.2,22471.25,,,3,2,1,1,,,,14299820,20650309.85
1774598400,22935.8,22949.15,22909.3,22930.95,22954.489631557415,23023.422255211837,0,0,0,23465.35,22624.2,22471.25,,,3,2,1,1,,,,12212787,20336636.35
1774599300,22930.3,22945.3,22912.75,22924.05,22948.40170524593,23014.388413828943,0,0,0,23465.35,22624.2,22471.25,,,3,2,1,1,,,,15342836,18420959.45
1774600200,22922.85,22930.6,22884.5,22911.7,22941.061364196747,23005.05310348086,0,0,0,23465.35,22624.2,22471.25,,,3,2,1,1,,,,19826867,17322468.45
1774601100,22911.05,22917.1,22872.1,22885.6,22929.969091357398,22994.193730437146,0,0,0,23465.35,22624.2,22471.25,,,3,2,1,1,,,,20718209,15834997.8
1774602000,22885.15,22886.95,22831.35,22852.9,22914.55527308592,22981.34884585195,0,1,0,23465.35,22624.2,22471.25,,,3,3,1,1,,1,,20243226,15788534.85
1774602900,22852.6,22869.2,22840.4,22846.55,22900.954218468734,22969.094405319953,0,0,0,23465.35,22624.2,22471.25,,,3,3,1,1,,,,22914415,15916052.75
1774603800,22845,22845,22811.2,22815.2,22883.803374774987,22955.10400483632,0,0,0,23465.35,22624.2,22471.25,,,3,3,1,1,,,,101536110,20139279.95
1774604700,22814.4,22838.25,22804.55,22835.5,22874.14269981999,22944.230913487565,0,0,0,23465.35,22624.2,22471.25,,,3,3,1,1,,,,94389980,24107278.2
1774842300,22578.95,22618.05,22470.15,22580.75,22815.46415985599,22911.187194079605,0,0,0,23465.35,22624.2,22471.25,,,3,3,1,1,,,,75582217,27148375.9
1774843200,22581.4,22714.1,22576.75,22659.25,22784.221327884792,22888.28381279964,0,0,0,23465.35,22624.2,22471.25,,,3,3,1,1,,,,31732492,27974674.45
1774844100,22659.55,22690,22596.95,22615.3,22750.437062307832,22863.467102545128,0,0,0,23465.35,22624.2,22471.25,,,3,3,1,1,,,,21272440,28273898.2
1774845000,22614.7,22665.5,22556.6,22596.75,22719.699649846265,22839.220093222844,0,0,0,23465.35,22624.2,22471.25,,,3,3,1,1,,,,20072857,28491951.3
1774845900,22595.9,22603.95,22534.75,22534.75,22682.709719877013,22811.54099383895,0,0,0,23465.35,22624.2,22471.25,,,3,3,1,1,,,,17910367,28590602.65
1774846800,22535.45,22554.6,22512.25,22514.55,22649.07777590161,22784.541812580865,0,0,0,23465.35,22624.2,22471.25,,,3,3,1,1,,,,16277141,28735407.5
1774847700,22513.3,22538.3,22478.35,22490.2,22617.30222072129,22757.783465982604,0,0,0,23465.35,22624.2,22471.25,,,3,3,1,1,,,,15819237,28825844.45
1774848600,22489.6,22509.3,22454,22478.55,22589.55177657703,22732.39860543873,0,0,0,23465.35,22624.2,22471.25,,,3,3,1,1,,,,15593445,28846675.25
1774849500,22479.25,22488.25,22465.8,22468.2,22565.281421261625,22708.380550398848,0,0,0,23465.35,22624.2,22471.25,,,3,3,1,1,,,,14301397,28893166.35
1774850400,22468.1,22535.8,22457.35,22486.65,22549.5551370093,22688.223227635317,0,0,0,23465.35,22624.2,22471.25,,,3,3,1,1,,,,16815590,29019440.8
1774851300,22485.7,22489.85,22453,22484,22536.44410960744,22669.65747966847,0,0,0,23465.35,22624.2,22471.25,,,3,3,1,1,,,,16653278,29175735.55
1774852200,22483.15,22594.5,22480.3,22567.1,22542.57528768595,22660.33407242588,0,0,0,23465.35,22624.2,22471.25,,,3,3,1,1,,,,21933346,29557411.85
1774853100,22566.9,22594.1,22502.85,22519.15,22537.89023014876,22647.4991567508,0,0,0,23465.35,22624.2,22471.25,,,3,3,1,1,,,,15910252,29742285.1
1774854000,22519.85,22579.3,22508,22557.05,22541.722184119008,22639.276506137092,0,0,0,23465.35,22624.2,22471.25,,,3,3,1,1,,,,15119923,29731139.45
1774854900,22557.35,22560.7,22484.05,22505.8,22534.537747295206,22627.142278306448,0,0,0,23465.35,22624.2,22471.25,,,3,3,1,1,,,,12960454,29387818.8
1774855800,22506.1,22511.4,22481.45,22499.2,22527.470197836166,22615.511162096773,0,0,0,23465.35,22624.2,22471.25,,,3,3,1,1,,,,12628375,28983327.1
1774856700,22498.55,22516.35,22456.55,22476.45,22517.266158268932,22602.869238269792,0,0,0,23465.35,22624.2,22471.25,,,3,3,1,1,,,,14795100,28710920.8
1774857600,22476.2,22502.1,22454.85,22462.05,22506.222926615144,22590.067489336176,0,0,0,23465.35,22624.2,22471.25,,,3,3,1,1,,,,15000829,28315241.5
1774858500,22461.15,22468.15,22420,22428.8,22490.738341292115,22575.40680848743,0,0,0,23465.35,22624.2,22471.25,,,3,3,1,1,,,,17491835,24113027.75
1774859400,22428.1,22487.2,22417.95,22420.5,22476.690673033692,22561.32437135221,0,0,0,23465.35,22624.2,22471.25,,,3,3,1,1,,,,19389926,20363025.05
1774860300,22420.2,22431.85,22375.8,22378.05,22456.962538426953,22544.663064865646,0,0,0,23465.35,22624.2,22471.25,,,3,3,1,1,,,,20064319,17587130.15
1774861200,22376.55,22410.6,22350.65,22366.8,22438.93003074156,22528.493695332407,0,0,0,23465.35,22624.2,22471.25,,,3,3,1,1,,,,29158283,17458419.7
1774862100,22365.6,22383.4,22337.8,22349.95,22421.134024593248,22512.262450302187,0,0,0,23465.35,22624.2,22471.25,,,3,3,1,1,,,,26241409,17706868.15
1774863000,22348.5,22348.5,22283.85,22335.6,22404.027219674597,22496.20222754744,0,0,0,23465.35,22624.2,22471.25,,,3,3,1,1,,,,114469537,22426702.15
1774863900,22335.45,22391,22325.15,22379.2,22399.06177573968,22485.565661406763,0,0,0,23465.35,22624.2,22471.25,,,3,3,1,1,,,,96382074,26350287.5
1775015100,22872.85,22930.4,22809,22929.75,22505.199420591744,22525.94605582433,0,0,0,23465.35,22624.2,22471.25,,,3,3,1,1,,,,64681057,28770483.3
1775016000,22928.55,22937.65,22824.15,22854.95,22575.149536473396,22555.855505294847,0,0,0,23465.35,22624.2,22471.25,,,3,3,1,1,,,,32923788,29625710.85
1775016900,22851.45,22932.1,22848.5,22893.15,22638.749629178717,22586.518641177132,0,0,0,23465.35,22624.2,22471.25,,,3,3,1,1,,,,26906591,30191368.15
1775017800,22892.9,22941.3,22862.55,22868.85,22684.769703342972,22612.185128342848,0,0,0,23465.35,22624.2,22471.25,,,3,3,1,1,,,,19338319,30443214.25
1775018700,22867.9,22879.45,22771.65,22796.5,22707.115762674377,22628.941025766224,0,0,0,23465.35,22624.2,22471.25,,,3,3,1,1,,,,20042919,30604580.7
1775019600,22797.1,22816.4,22778.35,22807.5,22727.1926101395,22645.173659787477,0,0,0,23465.35,22624.2,22471.25,,,3,3,1,1,,,,14006504,30472242
1775020500,22808.6,22820.25,22769.5,22770.75,22735.9040881116,22656.58969071589,0,0,0,23465.35,22624.2,22471.25,,,3,3,1,1,,,,14114973,30081323.35
1775021400,22771.35,22791.65,22738.25,22763.75,22741.47327048928,22666.331537014445,0,0,0,23465.35,22624.2,22471.25,,,3,3,1,1,,,,14086345,29990128
1775022300,22763.55,22800.65,22747.7,22790.1,22751.198616391426,22677.583215467675,0,0,0,22941.3,22283.85,,,,1,1,1,1,,,,14089141,29938588.9
1775023200,22788.85,22822.65,22786.45,22799.15,22760.788893113142,22688.634741334252,0,0,0,22941.3,22283.85,,,,1,1,1,1,,,,17797566,30180444.5
1775024100,22797.65,22798.65,22736.6,22775.9,22763.811114490512,22696.567946667503,0,0,0,22941.3,22283.85,,,,1,1,1,1,,,,16584215,30378236.5
1775025000,22774.1,22864.6,22774.1,22859.3,22782.90889159241,22711.36176969773,0,0,0,22941.3,22283.85,,,,1,1,1,1,,,,18248200,30550891.5
1775025900,22857.75,22864.2,22817.85,22832.8,22792.88711327393,22722.40160881612,0,0,0,22941.3,22283.85,,,,1,1,1,1,,,,12926873,30447193.7
1775026800,22831,22856.35,22816.55,22834.6,22801.229690619144,22732.60146256011,0,0,0,22941.3,22283.85,,,,1,1,1,1,,,,12092257,30177214.8
1775027700,22834.95,22881.1,22833.85,22862.05,22813.393752495314,22744.36951141828,0,0,0,22941.3,22283.85,,,,1,1,1,1,,,,11763760,29795906.5
1775028600,22862.1,22883.4,22842.7,22883.3,22827.37500199625,22756.999555834802,0,0,0,22941.3,22283.85,,,,1,1,1,1,,,,11275643,29356472.7
1775029500,22883.2,22897.95,22795,22807.95,22823.490001597,22761.631414395273,0,0,0,22941.3,22283.85,,,,1,1,1,1,,,,14242891,28610703.1
1775030400,22808.35,22808.35,22648.35,22675.15,22793.8220012776,22753.769467632068,0,0,0,22941.3,22283.85,,,,1,1,1,1,,,,19432023,28270233.8
1775031300,22674.85,22725.9,22658.7,22703.65,22775.78760102208,22749.21315239279,0,0,0,22941.3,22283.85,,,,1,1,1,1,,,,13581029,23225808.4
1775032200,22703.75,22756.6,22688.2,22753,22771.230080817662,22749.55741126617,0,0,0,22941.3,22283.85,,,,1,1,1,1,,,,11591840,18986296.7
1775033100,22754.35,22756.8,22709.95,22733.4,22763.66406465413,22748.08855569652,0,0,0,22941.3,22283.85,,,,1,1,1,1,,,,10972528,16300870.25
1775034000,22734.55,22734.9,22641.3,22662.65,22743.461251723304,22740.32141426956,0,0,0,22941.3,22283.85,,,,1,1,1,1,,,,15765140,15442937.85
1775034900,22660.6,22685.35,22618.6,22647.8,22724.329001378643,22731.910376608692,0,0,0,22941.3,22283.85,,,,1,1,1,1,,,,18164168,15005816.7
1775035800,22651.25,22692.55,22651.25,22671.65,22713.793201102915,22726.432160553355,0,0,0,22941.3,22283.85,,,,1,1,1,1,,,,37763590,15927080.25
1775036700,22671.1,22706.3,22668.6,22703.15,22711.66456088233,22724.31560050305,0,0,0,22941.3,22283.85,,,,1,1,1,1,,,,38446201,16847244.35
1775101500,22394.65,22394.65,22209.15,22245.55,22618.441648705866,22680.791455002774,1,0,0,22941.3,22283.85,,,,2,1,1,1,1,,,40985371,18196187.7
1775102400,22244.45,22290.75,22239.45,22262.55,22547.26331896469,22642.769504547978,0,1,0,22941.3,22283.85,,,,3,1,1,1,,1,,20174017,18499139.9
1775103300,22264.45,22273.2,22205.55,22206.5,22479.110655171753,22603.10864049816,0,0,0,22941.3,22283.85,,,,3,1,1,1,,,,15337198,18561682.55
1775104200,22206.8,22236.65,22182.55,22234.35,22430.1585241374,22569.5851277256,0,0,0,22941.3,22283.85,,,,3,1,1,1,,,,19445103,18829480.65
1775105100,22234.5,22234.5,22188.95,22217.65,22387.656819309923,22537.591025205093,0,0,0,22941.3,22283.85,,,,3,1,1,1,,,,14032705,18641237.6
1775106000,22216.85,22236.2,22206.8,22221.4,22354.405455447937,22508.846386550085,0,0,0,22941.3,22283.85,,,,3,1,1,1,,,,10905549,18357304.3
1775106900,22221.2,22249.5,22189.45,22243.7,22332.26436435835,22484.742169590987,0,0,0,22941.3,22283.85,,,,3,1,1,1,,,,12456095,18067699.05
1775107800,22242.95,22250.2,22217.95,22227.65,22311.34149148668,22461.370154173626,0,0,0,22941.3,22283.85,,,,3,1,1,1,,,,14926284,18167669.6
1775108700,22225.85,22231.3,22202.75,22207.6,22290.593193189343,22438.30014015784,0,0,0,22941.3,22283.85,,,,3,1,1,1,,,,16699716,18398042.55
1775109600,22206.5,22239.2,22203.7,22225.5,22277.574554551473,22418.954672870765,0,0,0,22941.3,22283.85,,,,3,1,1,1,,,,13575259,18488617.5
1775110500,22223.15,22300.6,22223.1,22277.2,22277.49964364118,22406.06788442797,0,0,0,22941.3,22283.85,,,,3,1,1,1,,,,12509095,18550290.1
1775111400,22277.55,22288.75,22244.55,22267,22275.399714912943,22393.42534947997,0,0,0,22941.3,22283.85,,,,3,1,1,1,,,,11402819,18408286.5
1775112300,22267.85,22295,22231.25,22295,22279.319771930353,22384.477590436338,0,0,0,22941.3,22283.85,,,,3,1,1,1,,,,9713028,17922336.75
1775113200,22294.5,22368.1,22285.15,22361.85,22295.825817544282,22382.420536760306,0,0,0,22941.3,22283.85,,,,3,1,1,1,,,,15986908,18042630.7
1775114100,22363.05,22371.7,22323.55,22364.8,22309.620654035425,22380.818669782097,0,0,0,22941.3,22283.85,,,,3,1,1,1,,,,17135502,18319813.8
1775115000,22365.3,22406,22330.9,22369.85,22321.66652322834,22379.821517983724,0,0,0,22941.3,22283.85,,,,3,1,1,1,,,,15066834,18524529.1
1775115900,22368.5,22489.05,22360.3,22488.25,22354.983218582674,22389.678652712475,0,0,0,22941.3,22283.85,,,,3,1,1,1,,,,17376255,18605084.85
1775116800,22488.45,22543.5,22458,22535.65,22391.11657486614,22402.94877519316,0,0,0,22941.3,22283.85,,,,3,1,1,1,,,,16422116,18517982.25
1775117700,22537.8,22561.55,22493.8,22530.35,22418.963259892913,22414.530704721055,0,0,0,22941.3,22283.85,,,,3,1,1,1,,,,15747769,17417191.2
1775118600,22529.45,22628.8,22519.85,22627.25,22460.62060791433,22433.868822473687,0,0,0,22941.3,22283.85,,,,3,1,1,1,,,,16726893,16331225.8
1775119500,22625.85,22684.7,22618.4,22665.65,22501.626486331465,22454.93983861244,0,0,0,22941.3,22283.85,,,,3,1,1,1,,,,20379350,15300924.75
1775120400,22665.55,22706.65,22572.85,22584.6,22518.22118906517,22466.72712601131,0,0,0,22941.3,22283.85,,,,3,1,1,1,,,,23622287,15473338.25
1775121300,22584.4,22667.15,22569.15,22656.8,22545.936951252137,22484.0064781921,0,0,0,22941.3,22283.85,,,,3,1,1,1,,,,17239119,15568434.3
1775122200,22658.3,22761.95,22650.8,22760.4,22588.82956100171,22509.133161992817,0,0,0,22941.3,22283.85,,,,3,1,1,1,,,,55414339,17366896.1
1775123100,22762.6,22782.3,22673.6,22700.25,22611.113648801365,22526.50741999347,0,0,0,22941.3,22283.85,,,,3,1,1,1,,,,49533621,19141941.9
1775447100,22788.95,22798.25,22591.7,22609.05,22610.700919041094,22534.011290903156,0,0,0,22941.3,22283.85,,,,3,1,1,1,,,,41408507,20667089.8
1775448000,22604.85,22746.9,22596.5,22620.2,22612.600735232874,22541.84662809378,0,0,0,22941.3,22283.85,,,,3,1,1,1,,,,28428302,21465700.15
1775448900,22621.5,22636.35,22566.65,22569.3,22603.9405881863,22544.342389176163,0,0,0,22941.3,22283.85,,,,3,1,1,1,,,,16079287,21523350.3
1775449800,22569.1,22656.8,22561.9,22654.85,22614.12247054904,22554.388535614693,0,0,0,22941.3,22283.85,,,,3,1,1,1,,,,17116481,21544188.55
1775450700,22659.8,22679.7,22591.3,22634.45,22618.187976439232,22561.666850558813,0,0,0,22941.3,22283.85,,,,3,1,1,1,,,,15795383,21655194.75
1775451600,22634.05,22662.65,22598.85,22653.5,22625.250381151385,22570.01531868983,0,0,0,22798.25,22182.55,,,,1,1,1,1,,,,12333844,21646432.2
1775452500,22653.95,22669.2,22609.6,22635.85,22627.370304921107,22576.000289718027,0,0,0,22798.25,22182.55,,,,1,1,1,1,,,,14706518,21811617.15
1775453400,22635.6,22635.8,22542.95,22567.8,22615.456243936886,22575.254808834572,0,0,0,22798.25,22182.55,,,,1,1,1,1,,,,14994468,22075689.15
1775454300,22567.45,22635.65,22558.65,22629.3,22618.224995149507,22580.16800803143,0,0,0,22798.25,22182.55,,,,1,1,1,1,,,,10942492,21823468.35
1775455200,22629.15,22650.6,22595.9,22644.4,22623.459996119607,22586.00728002857,0,0,0,22798.25,22182.55,,,,1,1,1,1,,,,9630881,21448237.3
1775456100,22644.3,22707.8,22634.55,22676.4,22634.047996895686,22594.224800025975,0,0,0,22798.25,22182.55,,,,1,1,1,1,,,,11326293,21261210.25
1775457000,22678.05,22691.95,22659.4,22659.6,22639.15839751655,22600.168000023612,0,0,0,22798.25,22182.55,,,,1,1,1,1,,,,10386591,20911727.05
1775457900,22660.35,22731.1,22653.1,22713.4,22654.00671801324,22610.461818203283,0,0,0,22798.25,22182.55,,,,1,1,1,1,,,,14997578,20840500.15
1775458800,22713.55,22714.9,22644.45,22675.65,22658.33537441059,22616.38801654844,0,0,0,22798.25,22182.55,,,,1,1,1,1,,,,13443586,20725291
1775459700,22676.2,22804,22675.45,22802.45,22687.158299528473,22633.302742316766,0,0,0,22798.25,22182.55,,,,1,1,1,1,,,,16648467,20721369.7
1775460600,22804.25,22865.25,22758.45,22860.7,22721.866639622778,22653.975220287968,0,0,0,22798.25,22182.55,,,,1,1,1,1,,,,15763023,20490553.35
1775461500,22861.3,22898.95,22843.85,22860.2,22749.533311698222,22672.722927534516,0,0,0,22798.25,22182.55,,,,1,1,1,1,,,,14157685,20017323.25
1775462400,22863.65,22900.55,22843.5,22850.9,22769.80664935858,22688.920843213196,0,0,0,22798.25,22182.55,,,,1,1,1,1,,,,12494914,19780113
1775463300,22852.7,22887.4,22843.4,22862.8,22788.405319486865,22704.728039284724,0,0,0,22798.25,22182.55,,,,1,1,1,1,,,,10925073,17555649.7
1775464200,22862.45,22913.4,22861.75,22911.4,22813.00425558949,22723.516399349748,0,0,0,22798.25,22182.55,,,,1,1,1,1,,,,12842465,15721091.9
1775465100,22911.65,22929.7,22881.4,22895.45,22829.493404471592,22739.14672668159,0,0,0,22798.25,22182.55,,,,1,1,1,1,,,,16714026,14486367.85
1775466000,22896.65,22940.7,22895.9,22913.8,22846.354723577275,22755.02429698326,0,0,0,22798.25,22182.55,,,,1,1,1,1,,,,15234561,13826680.8
1775466900,22914.3,22930.3,22886.3,22917.15,22860.51377886182,22769.762997257512,0,0,0,22798.25,22182.55,,,,1,1,1,1,,,,19173571,13981395
1775467800,22917.05,22998.35,22912.45,22989.35,22886.281023089454,22789.725452052284,0,0,0,22798.25,22182.55,,,,1,1,1,1,,,,28859205,14568531.2
1775468700,22990.3,22991.2,22954.2,22959.45,22900.914818471563,22805.154956411166,0,0,0,22798.25,22182.55,,,,1,1,1,1,,,,29662164,15261870.25
1775533500,22839.75,22893.4,22719.3,22889.85,22898.70185477725,22812.854505828334,0,0,0,22798.25,22182.55,,,,1,1,1,1,,,,38661442,16578250.15
1775534400,22891.45,22901.05,22793,22801.8,22879.3214838218,22811.84955075303,0,0,0,22798.25,22182.55,,,,1,1,1,1,,,,20487689,16867308.7
1775535300,22803.25,22892.65,22803.25,22886.15,22880.68718705744,22818.60413704821,0,0,0,22798.25,22182.55,,,,1,1,1,1,,,,16170242,16926097.4
1775536200,22889.35,22928.7,22879.3,22920,22888.54974964595,22827.821942771097,0,0,0,22998.35,22542.95,22182.55,,,1,1,1,1,,,,16754416,17216693.6
1775537100,22921.8,22966.6,22915.85,22943.65,22899.56979971676,22838.35176615554,0,0,0,22998.35,22542.95,22182.55,,,1,1,1,1,,,,13975049,17433902
1775538000,22944.5,22965.25,22887.6,22958.85,22911.42583977341,22849.306151050492,0,0,0,22998.35,22542.95,22182.55,,,1,1,1,1,,,,10559771,17395575.9
1775538900,22960.3,22960.95,22834.65,22843.95,22897.930671818725,22848.81922822772,0,0,0,22998.35,22542.95,22182.55,,,1,1,1,1,,,,14836446,17618068.65
1775539800,22845.1,22886.7,22827.75,22862.5,22890.84453745498,22850.062934752474,0,0,0,22998.35,22542.95,22182.55,,,1,1,1,1,,,,18515705,17793975
1775540700,22866.05,22947,22852.15,22943.6,22901.395629963983,22858.56630432043,0,0,0,22998.35,22542.95,22182.55,,,1,1,1,1,,,,15682961,17905943.75
1775541600,22943.5,22960.25,22911.75,22921.25,22905.366503971185,22864.264822109482,0,0,0,22998.35,22542.95,22182.55,,,1,1,1,1,,,,14099749,17778507.85
1775542500,22922.4,22991.7,22903.8,22984.7,22921.233203176947,22875.213474644985,0,0,0,22998.35,22542.95,22182.55,,,1,1,1,1,,,,10598243,17520268.85
1775543400,22986.2,22987.75,22906.25,22942.55,22925.496562541557,22881.334976949987,0,0,0,22998.35,22542.95,22182.55,,,1,1,1,1,,,,12290950,17426932.1
1775544300,22939.95,22947.25,22905.7,22924.75,22925.347250033246,22885.28179722726,0,0,0,22998.35,22542.95,22182.55,,,1,1,1,1,,,,10691535,17336763.15
1775545200,22926.2,22951.9,22920.3,22946.05,22929.487800026596,22890.80617929751,0,0,0,22998.35,22542.95,22182.55,,,1,1,1,1,,,,8939632,17237491.1
1775546100,22947.2,22952.05,22912.5,22915.9,22926.770240021277,22893.08743572501,0,0,0,22998.35,22542.95,22182.55,,,1,1,1,1,,,,11436431,17167189.4
1775547000,22917.4,22956.05,22906.15,22938.85,22929.18619201702,22897.24766884092,0,0,0,22998.35,22542.95,22182.55,,,1,1,1,1,,,,12463591,16954667.65
1775547900,22941.65,22970.7,22933.75,22959.95,22935.338953613616,22902.94788076447,0,0,0,22998.35,22542.95,22182.55,,,1,1,1,1,,,,9682764,16677077.8
1775548800,22961.9,23062.4,22961.8,23056.05,22959.481162890894,22916.866255240428,0,0,0,22998.35,22542.95,22182.55,,,1,1,1,1,,,,15828141,16509806.3
1775549700,23057.5,23063.55,22960.05,22977.7,22963.124930312715,22922.396595673115,0,0,0,22998.35,22542.95,22182.55,,,1,1,1,1,,,,15206524,15827172.25
1775550600,22979.9,23022.65,22974.1,23011.95,22972.88994425017,22930.537814248288,0,0,0,22998.35,22542.95,22182.55,,,1,1,1,1,,,,12826695,14985398.8
1775551500,23014.55,23026.15,22982.15,23014.1,22981.13195540014,22938.13437658935,0,0,0,22998.35,22542.95,22182.55,,,1,1,1,1,,,,12340916,13669372.5
1775552400,23015,23049.95,22989.45,23028.6,22990.62556432011,22946.358524172138,0,0,0,22998.35,22542.95,22182.55,,,1,1,1,1,,,,16590937,13474534.9
1775553300,23031.4,23101.4,23020.7,23096.7,23011.84045145609,22960.02593106558,0,0,0,22998.35,22542.95,22182.55,,,1,1,1,1,,,,23698873,13850966.45
1775554200,23096.85,23134.8,23076.5,23109.25,23031.322361164872,22973.59175551416,0,0,0,22998.35,22542.95,22182.55,,,1,1,1,1,,,,67225077,16374499.5
1775555100,23109.4,23153.85,23106.1,23129.95,23051.0478889319,22987.80614137651,0,0,0,22998.35,22542.95,22182.55,,,1,1,1,1,,,,56271340,18489314.05
1775619900,23856.25,23938.85,23828.5,23877.75,23216.388311145518,23068.7101285241,0,0,0,22998.35,22542.95,22182.55,,,1,1,1,1,,,,104123616,23167506.3
1775620800,23877.85,23921.35,23875.9,23921.05,23357.320648916415,23146.195571385546,0,0,0,22998.35,22542.95,22182.55,,,1,1,1,1,,,,51233682,24987368.1
1775621700,23920.15,23961.25,23891.85,23897.4,23465.336519133132,23214.48688307777,0,0,0,22998.35,22542.95,22182.55,,,1,1,1,1,,,,39671361,26045150.9
1775622600,23896.9,23935.1,23878.6,23880.15,23548.299215306506,23275.001711888883,0,0,0,22998.35,22542.95,22182.55,,,1,1,1,1,,,,26490680,26585536.85
1775623500,23880.45,23915.25,23869.1,23908.75,23620.389372245205,23332.615192626257,0,0,0,22998.35,22542.95,22182.55,,,1,1,1,1,,,,26456542,27203376.5
1775624400,23909.85,23952.95,23904.05,23950.5,23686.411497796165,23388.786538751145,0,0,0,22998.35,22542.95,22182.55,,,1,1,1,1,,,,22699618,27808445.25
1775625300,23950.95,23984.5,23925.15,23982.5,23745.629198236933,23442.76048977377,0,0,0,22998.35,22542.95,22182.55,,,1,1,1,1,,,,24887744,28438284.95
1775626200,23982.15,24004.65,23981.3,23991.75,23794.853358589546,23492.66862706706,0,0,0,22998.35,22542.95,22182.55,,,1,1,1,1,,,,18454254,28826420.9
1775627100,23991.6,24014,23975.5,23981.9,23832.262686871636,23537.1442064246,0,0,0,22998.35,22542.95,22182.55,,,1,1,1,1,,,,17615851,29260231.85
1775628000,23982.75,23988.3,23947.1,23980.55,23861.92014949731,23577.453824022363,0,0,0,22998.35,22542.95,22182.55,,,1,1,1,1,,,,17552629,29566041.75
1775628900,23981.55,23998.6,23923.5,23931,23875.73611959785,23609.594385474877,0,0,0,22998.35,22542.95,22182.55,,,1,1,1,1,,,,16690397,29777382.05
1775629800,23931.2,23971.2,23920.15,23963.3,23893.24889567828,23641.7494413408,0,0,0,22998.35,22542.95,22182.55,,,1,1,1,1,,,,16469290,30116708.35
1775630700,23963.2,23973.95,23949.25,23949.25,23904.449116542623,23669.704037582545,0,0,0,22998.35,22542.95,22182.55,,,1,1,1,1,,,,12223036,29936453.1
1775631600,23950.1,23950.95,23902.25,23947.1,23912.979293234097,23694.92185234777,0,0,0,24014,22719.3,22542.95,22182.55,,1,1,1,1,,,,13944886,29873371.2
1775632500,23946.35,23979.8,23932.35,23977.65,23925.913434587277,23720.624411225243,0,0,0,24014,22719.3,22542.95,22182.55,,1,1,1,1,,,,12668300,29865451.45
1775633400,23978.8,23988.6,23948.8,23974.1,23935.550747669822,23743.667646568403,0,0,0,24014,22719.3,22542.95,22182.55,,1,1,1,1,,,,15494539,30023132.6
1775634300,23974.3,24001.6,23965.2,23999.45,23948.330598135857,23766.920587789456,0,0,0,24014,22719.3,22542.95,22182.55,,1,1,1,1,,,,13902306,29888701.05
1775635200,23999.15,24025.15,23975.5,23976,23953.864478508687,23785.927807081323,0,0,0,24014,22719.3,22542.95,22182.55,,1,1,1,1,,,,14243592,29415937
1775636100,23975.4,23990.05,23953.1,23985.7,23960.23158280695,23804.088915528475,0,0,0,24014,22719.3,22542.95,22182.55,,1,1,1,1,,,,12936391,26701502.7
1775637000,23985.5,23986.35,23944,23948.25,23957.83526624556,23817.19446866225,0,0,0,24014,22719.3,22542.95,22182.55,,1,1,1,1,,,,14098493,24592860.35
1775637900,23948.15,23988.8,23946.75,23978.95,23962.05821299645,23831.89951696568,0,0,0,24014,22719.3,22542.95,22182.55,,1,1,1,1,,,,17429780,20258168.55
1775638800,23979.55,24006.15,23971.9,23998.9,23969.42657039716,23847.08137905971,0,0,0,24014,22719.3,22542.95,22182.55,,1,1,1,1,,,,17685730,18580770.95
1775639700,23999,24017.6,23972.55,24002.2,23975.98125631773,23861.183071872463,0,0,0,24025.15,22719.3,22542.95,22182.55,,1,1,1,1,,,,19603988,17577402.3
1775640600,24002.65,24011.5,23955.75,23994.85,23979.755005054183,23873.334610793147,0,0,0,24025.15,22719.3,22542.95,22182.55,,1,1,1,1,,,,39160886,18210912.6
1775641500,23994.25,24018.25,23985.3,24010.6,23985.924004043347,23885.813282539224,0,0,0,24025.15,22719.3,22542.95,22182.55,,1,1,1,1,,,,44061906,19091180.8
1775706300,23922.6,23990.75,23815.15,23984.2,23985.579203234676,23894.75752958111,0,0,0,24025.15,22719.3,22542.95,22182.55,,1,1,1,1,,,,48783887,20395394.25
1775707200,23983.6,23986.1,23856.65,23861.15,23960.693362587743,23891.70229961919,0,0,0,24025.15,22719.3,22542.95,22182.55,,1,1,1,1,,,,24061339,20354074
1775708100,23863.9,23883.05,23771.05,23786.3,23925.814690070194,23882.120272381082,0,0,0,24025.15,22719.3,22542.95,22182.55,,1,1,1,1,,,,19749128,20418817.7
1775709000,23785.35,23853.15,23759.45,23839,23908.451752056157,23878.200247619166,0,0,0,24025.15,22719.3,22542.95,22182.55,,1,1,1,1,,,,17668467,20421448.5
1775709900,23839.05,23871.35,23820.2,23848.2,23896.401401644925,23875.47295238106,0,0,0,24025.15,22719.3,22542.95,22182.55,,1,1,1,1,,,,14715197,20279576.9
1775710800,23848.45,23872.2,23803.65,23807.9,23878.701121315942,23869.329956710055,0,0,0,24025.15,22719.3,22542.95,22182.55,,1,1,1,1,,,,12666829,20078398.5
1775711700,23807.95,23843.55,23807.95,23828.75,23868.710897052755,23865.640869736413,0,0,0,24025.15,22719.3,22542.95,22182.55,,1,1,1,1,,,,12183472,19864107.6
1775712600,23828.95,23869.5,23828.15,23855.75,23866.118717642203,23864.741699760376,0,0,0,24025.15,22719.3,22542.95,22182.55,,1,1,1,1,,,,17059563,20105933.95
1775713500,23855.6,23863.85,23814.2,23855.25,23863.94497411376,23863.878817963978,0,0,0,24025.15,22719.3,22542.95,22182.55,,1,1,1,1,,,,12882331,20052806.2
1775714400,23855,23875.5,23844.4,23864.8,23864.115979291008,23863.962561785433,0,0,0,24025.15,22719.3,22542.95,22182.55,,1,1,1,1,,,,11875901,20013186.25
1775715300,23866.35,23905.4,23849.4,23886.35,23868.562783432804,23865.997783441304,0,0,0,24025.15,22719.3,22542.95,22182.55,,1,1,1,1,,,,11821797,19829549.15
1775716200,23887.15,23907.3,23860.25,23881.25,23871.100226746243,23867.384348583004,0,0,0,24025.15,22719.3,22542.95,22182.55,,1,1,1,1,,,,11834089,19726138.3
1775717100,23881.05,23886.9,23854.85,23872.55,23871.390181396993,23867.853953257276,0,0,0,24025.15,22719.3,22542.95,22182.55,,1,1,1,1,,,,10274549,19527686.15
1775718000,23871.75,23885.35,23845.1,23852.3,23867.572145117596,23866.439957506613,0,0,0,24025.15,22719.3,22542.95,22182.55,,1,1,1,1,,,,9353243,19348528.75
1775718900,23853.3,23855.25,23801.6,23830.7,23860.197716094077,23863.190870460556,0,0,0,24025.15,22719.3,22542.95,22182.55,,1,1,1,1,,,,13513393,19319273.75
1775719800,23830.25,23842.6,23804.7,23815.4,23851.238172875263,23858.846245873232,0,0,0,24025.15,22719.3,22542.95,22182.55,,1,1,1,1,,,,9530436,18924306.55
1775720700,23815.85,23817.3,23767.8,23769.3,23834.85053830021,23850.705678066573,0,0,0,24025.15,22719.3,22542.95,22182.55,,1,1,1,1,,,,12342354,18657137.75
1775721600,23769.15,23798.95,23755.6,23760.15,23819.910430640168,23842.473343696885,0,0,0,24025.15,22719.3,22542.95,22182.55,,1,1,1,1,,,,11475107,18250693.7
1775722500,23759.85,23785.45,23740.15,23767.85,23809.498344512132,23835.689403360804,0,0,0,24025.15,22719.3,22542.95,22182.55,,1,1,1,1,,,,12760229,16930660.85
1775723400,23769.55,23800,23751.8,23753.2,23798.238675609708,23828.19036669164,0,0,0,24025.15,22719.3,22542.95,22182.55,,1,1,1,1,,,,11056338,15280382.45
1775724300,23753.45,23760.95,23709.85,23720.3,23782.650940487765,23818.382151537855,0,0,0,24025.15,22719.3,22542.95,22182.55,,1,1,1,1,,,,14863845,13584380.35
1775725200,23720,23744.9,23682.8,23729.75,23772.070752390213,23810.324683216233,0,0,0,24025.15,22719.3,22542.95,22182.55,,1,1,1,1,,,,17478786,13255252.7
1775726100,23728.8,23752.15,23720.5,23741.05,23765.86660191217,23804.02698474203,0,0,0,24025.15,22719.3,22542.95,22182.55,,1,1,1,1,,,,18860324,13210812.5
1775727000,23742.45,23806.8,23726.9,23793.35,23771.363281529735,23803.056349765484,0,0,0,24025.15,22719.3,22542.95,22182.55,,1,1,1,1,,,,62111130,15432945.65
1775727900,23792.95,23794.35,23758.95,23766.05,23770.300625223786,23799.69213615044,0,0,0,24025.15,22719.3,22542.95,22182.55,,1,1,1,1,,,,44081363,16901253.95
1775792700,23886.8,23978.7,23856.35,23936.9,23803.62050017903,23812.16557831858,0,0,0,24025.15,22719.3,22542.95,22182.55,,1,1,1,1,,,,49418894,18738857.2
1775793600,23937.35,23959.5,23921.85,23948.15,23832.526400143222,23824.527798471438,0,0,0,24025.15,22719.3,22542.95,22182.55,,1,1,1,1,,,,29337518,19596559.5
1775794500,23948.6,23998.25,23943.65,23988.05,23863.631120114576,23839.39345315585,0,0,0,24025.15,22719.3,22542.95,22182.55,,1,1,1,1,,,,22542577,19870710.2
1775795400,23988.45,24002.85,23916.3,23994.4,23889.78489609166,23853.48495741441,0,0,0,24025.15,22719.3,22542.95,22182.55,,1,1,1,1,,,,23076830,20380435.15
1775796300,23994.95,24036.2,23994.95,24009.1,23913.647916873328,23867.631779467647,0,0,0,24025.15,22719.3,22542.95,22182.55,,1,1,1,1,,,,15776102,20575445.2
1775797200,24010,24026.1,24001,24003.85,23931.688333498663,23880.015254061498,0,0,0,24025.15,22719.3,22542.95,22182.55,,1,1,1,1,,,,12638317,20616271.2
1775798100,24003.75,24009.05,23972.3,23998.85,23945.12066679893,23890.81841278318,0,0,0,24025.15,22719.3,22542.95,22182.55,,1,1,1,1,,,,14442912,20746712.35
1775799000,23999.7,24021.35,23993.95,24013.3,23958.756533439144,23901.953102530166,0,0,0,24025.15,22719.3,22542.95,22182.55,,1,1,1,1,,,,11410299,20803499.85
1775799900,24012.05,24015.35,23971.3,23972.55,23961.515226751315,23908.37100230015,0,0,0,24025.15,22719.3,22542.95,22182.55,,1,1,1,1,,,,15351435,21103409.45
1775800800,23972.15,24007.4,23970.05,23980.15,23965.242181401052,23914.89636572741,0,0,0,24036.2,23682.8,22719.3,22542.95,22182.55,1,1,1,1,,,,16926915,21274085.55
1775801700,23980.95,23996,23953.8,23994.15,23971.02374512084,23922.101241570374,0,0,0,24036.2,23682.8,22719.3,22542.95,22182.55,1,1,1,1,,,,11508831,21373005.3
1775802600,23994.7,24019.55,23984.95,24009.05,23978.62899609667,23930.005674154883,0,0,0,24036.2,23682.8,22719.3,22542.95,22182.55,1,1,1,1,,,,13335424,21422658.8
1775803500,24009.1,24032.6,23991.15,24009.6,23984.823196877336,23937.241521958986,0,0,0,24036.2,23682.8,22719.3,22542.95,22182.55,1,1,1,1,,,,13166092,21507208.05
1775804400,24009.35,24022,23995.3,24004.25,23988.70855750187,23943.333201780897,0,0,0,24036.2,23682.8,22719.3,22542.95,22182.55,1,1,1,1,,,,11428041,21440598.65
1775805300,24004.3,24018.95,23986.15,24004.55,23991.876846001494,23948.89836525536,0,0,0,24036.2,23682.8,22719.3,22542.95,22182.55,1,1,1,1,,,,14967934,21636178.45
1775806200,24004.9,24021.75,23999.35,24002.55,23994.011476801195,23953.775786595783,0,0,0,24036.2,23682.8,22719.3,22542.95,22182.55,1,1,1,1,,,,11459063,21465939.35
1775807100,24003.15,24010.75,23996,24007.05,23996.619181440958,23958.618896905256,0,0,0,24036.2,23682.8,22719.3,22542.95,22182.55,1,1,1,1,,,,15556511,21369825.6
1775808000,24007.5,24025.7,23999.15,24020.4,24001.375345152766,23964.23536082296,0,0,0,24036.2,23682.8,22719.3,22542.95,22182.55,1,1,1,1,,,,13274371,21090527.95
1775808900,24020.7,24044.9,24002.35,24040.95,24009.290276122214,23971.209418929964,0,0,0,24036.2,23682.8,22719.3,22542.95,22182.55,1,1,1,1,,,,12968788,18633410.85
1775809800,24041.2,24048.2,23998.45,24020.1,24011.452220897772,23975.654017209057,0,0,0,24036.2,23682.8,22719.3,22542.95,22182.55,1,1,1,1,,,,14679140,17163299.7
1775810700,24020.4,24021.8,23938.6,23964.75,24002.11177671822,23974.662742917324,0,0,0,24036.2,23682.8,22719.3,22542.95,22182.55,1,1,1,1,,,,19962826,15690496.3
1775811600,23965.35,23993.45,23947.25,23982.7,23998.229421374574,23975.393402652113,0,0,0,24036.2,23682.8,22719.3,22542.95,22182.55,1,1,1,1,,,,20051857,15226213.25
1775812500,23982.9,24006.15,23956.75,23993.55,23997.29353709966,23977.04400241101,0,0,0,24036.2,23682.8,22719.3,22542.95,22182.55,1,1,1,1,,,,21311978,15164683.3
1775813400,23994.2,24074.05,23994.2,24057.5,24009.334829679727,23984.35818401001,0,0,0,24036.2,23682.8,22719.3,22542.95,22182.55,1,1,1,1,,,,35360968,15778890.2
1775814300,24058.1,24063.45,24045.9,24051.8,24017.82786374378,23990.489258190915,0,0,0,24036.2,23682.8,22719.3,22542.95,22182.55,1,1,1,1,,,,38058335,16893001.85
1776051900,23624.15,23699.7,23555.6,23604.7,23935.202290995025,23955.417507446287,1,0,0,24036.2,23682.8,22719.3,22542.95,22182.55,2,1,1,1,1,,,59651409,19243656.45
1776052800,23604.3,23644,23580.35,23633.5,23874.86183279602,23926.152279496626,0,1,0,24036.2,23682.8,22719.3,22542.95,22182.55,3,1,1,1,,1,,24628176,19752919.65
1776053700,23634.3,23680.4,23612.45,23669.05,23833.699466236816,23902.779344996932,0,0,0,24036.2,23682.8,22719.3,22542.95,22182.55,3,1,1,1,,,,19017763,20133292.85
1776054600,23668.8,23682.65,23653.15,23660.05,23798.969572989452,23880.713040906303,0,0,0,24074.05,23682.8,22719.3,22542.95,22182.55,4,1,1,1,,,,20343764,20382909.3
1776055500,23655.5,23732.3,23634.05,23721.5,23783.475658391562,23866.23912809664,0,0,0,24074.05,23682.8,22719.3,22542.95,22182.55,4,1,1,1,,,,20230628,20548094.95
1776056400,23721.8,23738.55,23696.3,23723.55,23771.49052671325,23853.267389178764,0,0,0,24074.05,23682.8,22719.3,22542.95,22182.55,4,1,1,1,,,,16064729,20775889.85
1776057300,23723.2,23757.95,23721.85,23740,23765.1924213706,23842.970353798875,0,0,0,24074.05,23682.8,22719.3,22542.95,22182.55,4,1,1,1,,,,19948644,21106550.85
1776058200,23737.45,23752.3,23730.4,23743.7,23760.89393709648,23833.945776180797,0,0,0,24074.05,23682.8,22719.3,22542.95,22182.55,4,1,1,1,,,,13280541,21112273.3
1776059100,23743.75,23762.75,23731.1,23740.5,23756.815149677182,23825.450705618907,0,0,0,24074.05,23682.8,22719.3,22542.95,22182.55,4,1,1,1,,,,11441507,21112946.6
1776060000,23740.65,23772.3,23729.4,23756.15,23756.682119741745,23819.150641471733,0,0,0,24074.05,23682.8,22719.3,22542.95,22182.55,4,1,1,1,,,,11300382,20929569
1776060900,23756.75,23811.35,23754.6,23785.65,23762.475695793397,23816.105128610667,0,0,0,24074.05,23682.8,22719.3,22542.95,22182.55,4,1,1,1,,,,13608037,21037017.7
1776061800,23785.95,23816.2,23785.45,23814.6,23772.90055663472,23815.96829873697,0,0,0,24074.05,23682.8,22719.3,22542.95,22182.55,4,1,1,1,,,,12592533,20888818.8
1776062700,23814.7,23836.55,23796,23835.95,23785.510445307777,23817.78481703361,0,0,0,24074.05,23682.8,22719.3,22542.95,22182.55,4,1,1,1,,,,10803133,20765256.9
1776063600,23837.6,23847.75,23821.5,23841.35,23796.678356246222,23819.927106394192,0,0,0,24074.05,23682.8,22719.3,22542.95,22182.55,4,1,1,1,,,,11167972,20675216.1
1776064500,23842.15,23845.7,23780.9,23806.45,23798.632684996977,23818.70191490381,0,0,0,24074.05,23682.8,22719.3,22542.95,22182.55,4,1,1,1,,,,16648723,20773695.25
1776065400,23806.8,23822.4,23771.75,23820.65,23803.036147997584,23818.879013548918,0,0,0,24074.05,23682.8,22719.3,22542.95,22182.55,4,1,1,1,,,,10705364,20310822.15
1776066300,23821.25,23839.8,23805.25,23823.4,23807.108918398066,23819.290012317197,0,0,0,24074.05,23682.8,22719.3,22542.95,22182.55,4,1,1,1,,,,12398736,19928166.1
1776067200,23824.55,23856.8,23822.9,23835.45,23812.777134718453,23820.759102106542,0,0,0,24074.05,23682.8,22719.3,22542.95,22182.55,4,1,1,1,,,,13498971,19537515.75
1776068100,23835.85,23907.4,23831.9,23893.7,23828.961707774764,23827.390092824127,0,0,0,24074.05,23682.8,22719.3,22542.95,22182.55,4,1,1,1,,,,18125698,18675752.25
1776069000,23893.05,23897.3,23835.2,23854.5,23834.06936621981,23829.854629840116,0,0,0,24074.05,23682.8,22719.3,22542.95,22182.55,4,1,1,1,,,,14824545,17514062.75
1776069900,23854.75,23881.65,23834.6,23866.05,23840.465492975847,23833.145118036467,0,0,0,24074.05,23682.8,22719.3,22542.95,22182.55,4,1,1,1,,,,12623659,15162675.25
1776070800,23865.45,23897.45,23855.75,23866.35,23845.642394380677,23836.163743669516,0,0,0,24074.05,23682.8,22719.3,22542.95,22182.55,4,1,1,1,,,,16543420,14758437.45
1776071700,23866.05,23897.4,23854.6,23883.7,23853.25391550454,23840.48522151774,0,0,0,24074.05,23682.8,22719.3,22542.95,22182.55,4,1,1,1,,,,17030043,14659051.45
1776072600,23884.95,23888.2,23822.25,23845.4,23851.683132403632,23840.932019561584,0,0,0,24074.05,23682.8,22719.3,22542.95,22182.55,4,1,1,1,,,,52128437,16248285.1
1776073500,23843.65,23847,23814.65,23818.9,23845.126505922904,23838.929108692348,0,0,0,24074.05,23682.8,22719.3,22542.95,22182.55,4,1,1,1,,,,34688700,16971188.7
1776224700,24174,24280.9,24162.7,24192.45,23914.591204738324,23871.0673715385,0,0,0,24074.05,23682.8,22719.3,22542.95,22182.55,4,1,1,1,,,,59049398,19120422.15
1776225600,24193.5,24215.95,24145.8,24207.35,23973.14296379066,23901.638519580454,0,0,0,24074.05,23682.8,22719.3,22542.95,22182.55,4,1,1,1,,,,24222621,19334121
1776226500,24207.05,24225.2,24186.7,24216,24021.714371032525,23930.21683598223,0,0,0,24074.05,23682.8,22719.3,22542.95,22182.55,4,1,1,1,,,,19744903,19657339.1
1776227400,24216.8,24253.35,24214.05,24241.65,24065.70149682602,23958.52894180203,0,0,0,24074.05,23682.8,22719.3,22542.95,22182.55,4,1,1,1,,,,21607803,20165653.9
1776228300,24241.55,24272.55,24241.55,24260.1,24104.581197460815,23985.9444925473,0,0,0,24074.05,23682.8,22719.3,22542.95,22182.55,4,1,1,1,,,,15202834,20360776.5
1776229200,24260.4,24273.15,24235.45,24243.1,24132.28495796865,24009.32226595209,0,0,0,24280.9,23555.6,22719.3,22542.95,22182.55,1,1,1,1,,,,14133919,20387070.6
1776230100,24242.5,24255.75,24208.8,24216.1,24149.04796637492,24028.120241774628,0,0,0,24280.9,23555.6,22719.3,22542.95,22182.55,1,1,1,1,,,,14826559,20498771.9
1776231000,24216.35,24216.5,24177.6,24184.25,24156.088373099938,24042.31385615875,0,0,0,24280.9,23555.6,22719.3,22542.95,22182.55,1,1,1,1,,,,13319094,20624569.95
1776231900,24184.5,24207.5,24174.5,24188.05,24162.48069847995,24055.562596507956,0,0,0,24280.9,23555.6,22719.3,22542.95,22182.55,1,1,1,1,,,,11720328,20652187.75
1776232800,24188.1,24211.05,24184.65,24210.35,24172.05455878396,24069.634178643595,0,0,0,24280.9,23555.6,22719.3,22542.95,22182.55,1,1,1,1,,,,10761911,20357847.15
1776233700,24210.6,24226.25,24202.15,24217.1,24181.063647027167,24083.040162403267,0,0,0,24280.9,23555.6,22719.3,22542.95,22182.55,1,1,1,1,,,,11954285,20420293.2
1776234600,24217.75,24234.95,24217.45,24226.85,24190.220917621733,24096.11378400297,0,0,0,24280.9,23555.6,22719.3,22542.95,22182.55,1,1,1,1,,,,10736936,20337203.2
1776235500,24227,24235.65,24200.4,24219.75,24196.126734097386,24107.3534400027,0,0,0,24280.9,23555.6,22719.3,22542.95,22182.55,1,1,1,1,,,,11782654,20251387.35
1776236400,24219.8,24236.65,24213.05,24228.05,24202.511387277907,24118.325854547908,0,0,0,24280.9,23555.6,22719.3,22542.95,22182.55,1,1,1,1,,,,12322416,19961223.25
1776237300,24228.75,24234.85,24203.95,24207.85,24203.579109822327,24126.46441322537,0,0,0,24280.9,23555.6,22719.3,22542.95,22182.55,1,1,1,1,,,,12659046,19852948.3
1776238200,24207.5,24222.75,24200.2,24220.55,24206.97328785786,24135.0176483867,0,0,0,24280.9,23555.6,22719.3,22542.95,22182.55,1,1,1,1,,,,10154487,19729489.7
1776239100,24220.65,24238.55,24187.75,24196.95,24204.96863028629,24140.647862169728,0,0,0,24280.9,23555.6,22719.3,22542.95,22182.55,1,1,1,1,,,,14992043,19651920.85
1776240000,24196.9,24223.3,24191.25,24215.75,24207.124904229033,24147.475329245208,0,0,0,24280.9,23555.6,22719.3,22542.95,22182.55,1,1,1,1,,,,11484409,19374639.15
1776240900,24215.9,24225.2,24194.35,24221.25,24209.949923383225,24154.182117495642,0,0,0,24280.9,23555.6,22719.3,22542.95,22182.55,1,1,1,1,,,,16436800,17590057.3
1776241800,24221.8,24238.1,24219.5,24226.6,24213.27993870658,24160.765561359676,0,0,0,24280.9,23555.6,22719.3,22542.95,22182.55,1,1,1,1,,,,16439381,16677591.35
1776242700,24227.05,24242.25,24214.4,24233.35,24217.293950965264,24167.364146690616,0,0,0,24280.9,23555.6,22719.3,22542.95,22182.55,1,1,1,1,,,,12002301,14325236.5
1776243600,24232.9,24237.9,24220.15,24233.15,24220.46516077221,24173.34467880965,0,0,0,24280.9,23555.6,22719.3,22542.95,22182.55,1,1,1,1,,,,14914841,13859847.5
1776244500,24233,24264.2,24232.35,24261.25,24228.622128617768,24181.33607164514,0,0,0,24280.9,23555.6,22719.3,22542.95,22182.55,1,1,1,1,,,,18797214,13812463.05
1776245400,24262.2,24265.75,24223.95,24227.85,24228.467702894213,24185.56461058649,0,0,0,24280.9,23555.6,22719.3,22542.95,22182.55,1,1,1,1,,,,38280960,14646120.9
1776246300,24228.7,24230.35,24206.5,24211.9,24225.15416231537,24187.95873689681,0,0,0,24280.9,23555.6,22719.3,22542.95,22182.55,1,1,1,1,,,,36238860,15697922.2
1776311100,24380.25,24400.95,24333.95,24385.85,24257.2933298523,24205.948851724374,0,0,0,24280.9,23555.6,22719.3,22542.95,22182.55,1,1,1,1,,,,52718993,17627175.9
1776312000,24385.65,24396.05,24299.05,24301.95,24266.22466388184,24214.67622884034,0,0,0,24280.9,23555.6,22719.3,22542.95,22182.55,1,1,1,1,,,,28071055,18289400.7
1776312900,24302.75,24337.05,24270.55,24271.55,24267.289731105473,24219.846571673035,0,0,0,24280.9,23555.6,22719.3,22542.95,22182.55,1,1,1,1,,,,21220376,18684464.8
1776313800,24271.65,24319.85,24264.4,24307.6,24275.351784884377,24227.824156066396,0,0,0,24280.9,23555.6,22719.3,22542.95,22182.55,1,1,1,1,,,,18357116,19016304.2
1776314700,24306.15,24328.8,24292.5,24300.75,24280.4314279075,24234.45377824218,0,0,0,24280.9,23555.6,22719.3,22542.95,22182.55,1,1,1,1,,,,14465246,19201470.95
1776315600,24301.05,24325.85,24292.45,24307.65,24285.875142326,24241.107980220164,0,0,0,24400.95,23555.6,22719.3,22542.95,22182.55,1,1,1,1,,,,13318091,19269661.25
1776316500,24307.45,24327.9,24302.15,24309.55,24290.6101138608,24247.32998201833,0,0,0,24400.95,23555.6,22719.3,22542.95,22182.55,1,1,1,1,,,,14951923,19480410.6
1776317400,24309.3,24333.2,24303.65,24313.9,24295.26809108864,24253.381801834847,0,0,0,24400.95,23555.6,22719.3,22542.95,22182.55,1,1,1,1,,,,20009560,19891755.9
1776318300,24313.2,24328.95,24282.75,24299.15,24296.04447287091,24257.542547122586,0,0,0,24400.95,23555.6,22719.3,22542.95,22182.55,1,1,1,1,,,,24380911,20494680.65
1776319200,24300.25,24304.25,24252.9,24254.7,24287.77557829673,24257.284133747806,0,0,0,24400.95,23555.6,22719.3,22542.95,22182.55,1,1,1,1,,,,11764650,20449960.85
1776320100,24254.3,24254.3,24194.7,24197.2,24269.660462637385,24251.821939770733,0,0,0,24400.95,23555.6,22719.3,22542.95,22182.55,1,1,1,1,,,,18082487,20846360.85
1776321000,24196.3,24197.8,24153.05,24184.8,24252.688370109907,24245.72903615521,0,0,0,24400.95,23555.6,22719.3,22542.95,22182.55,1,1,1,1,,,,16842278,20938872.6
1776321900,24182.95,24189.7,24152.25,24162.95,24234.740696087927,24238.20366923201,0,0,0,24400.95,23555.6,22719.3,22542.95,22182.55,1,1,1,1,,,,12175862,20973445.25
1776322800,24162.4,24169.75,24131.8,24139.05,24215.60255687034,24229.189699301827,0,0,0,24400.95,23555.6,22719.3,22542.95,22182.55,1,1,1,1,,,,14016767,20852443.6
1776323700,24140.8,24157.1,24116.95,24144.55,24201.39204549627,24221.49518118348,0,0,0,24400.95,23555.6,22719.3,22542.95,22182.55,1,1,1,1,,,,11882128,20624580.95
1776324600,24144.5,24160.2,24107.45,24122.3,24185.573636397017,24212.477437439527,0,0,0,24400.95,23555.6,22719.3,22542.95,22182.55,1,1,1,1,,,,16754962,20862214
1776325500,24122.6,24142.45,24102.8,24116.05,24171.668909117612,24203.711306763205,0,0,0,24400.95,23555.6,22719.3,22542.95,22182.55,1,1,1,1,,,,14917564,20862350.15
1776326400,24116.1,24140.1,24115.3,24137.75,24164.88512729409,24197.714824330185,0,0,0,24400.95,23555.6,22719.3,22542.95,22182.55,1,1,1,1,,,,10522967,20448637.8
1776327300,24137.85,24190.5,24137.45,24183.2,24168.54810183527,24196.395294845624,0,0,0,24400.95,23555.6,22719.3,22542.95,22182.55,1,1,1,1,,,,18555236,19462351.6
1776328200,24181.9,24183.95,24132.45,24166.7,24168.178481468214,24193.69572258693,0,0,0,24400.95,23555.6,22719.3,22542.95,22182.55,1,1,1,1,,,,11663979,18233607.55
1776329100,24166.75,24186.9,24153.75,24186.6,24171.86278517457,24193.05065689721,0,0,0,24400.95,23555.6,22719.3,22542.95,22182.55,1,1,1,1,,,,10210458,16108180.8
1776330000,24186.5,24234.55,24186.5,24219.65,24181.420228139657,24195.468778997463,0,0,0,24400.95,23555.6,22719.3,22542.95,22182.55,1,1,1,1,,,,18118192,15610537.65
1776330900,24219.5,24245,24214.6,24230.05,24191.146182511726,24198.61252636133,0,0,0,24400.95,23555.6,22719.3,22542.95,22182.55,1,1,1,1,,,,19117056,15505371.65
1776331800,24229.45,24238.3,24163.45,24183.9,24189.696946009382,24197.275023964845,0,0,0,24400.95,23555.6,22719.3,22542.95,22182.55,1,1,1,1,,,,53023436,17238687.65
1776332700,24184.25,24203.25,24177.8,24188.4,24189.437556807505,24196.468203604403,0,0,0,24400.95,23555.6,22719.3,22542.95,22182.55,1,1,1,1,,,,40136629,18522256.8
1776397500,24175.35,24235.6,24096.05,24233.35,24198.220045446003,24199.82109418582,0,0,0,24400.95,23555.6,22719.3,22542.95,22182.55,1,1,1,1,,,,58730703,20792887.4
1776398400,24232.6,24234.75,24166.9,24191.35,24196.8460363568,24199.05099471438,0,0,0,24400.95,23555.6,22719.3,22542.95,22182.55,1,1,1,1,,,,24438628,21267222.65
1776399300,24192.75,24238.55,24190,24232.1,24203.89682908544,24202.055449740346,0,0,0,24400.95,23555.6,22719.3,22542.95,22182.55,1,1,1,1,,,,18966847,21215087
1776400200,24231.4,24279.85,24205.4,24272.95,24217.70746326835,24208.50040885486,0,0,0,24400.95,23555.6,22719.3,22542.95,22182.55,1,1,1,1,,,,18302820,20911182.45
1776401100,24273.45,24304.55,24273.45,24285.85,24231.33597061468,24215.532189868052,0,0,0,24400.95,23555.6,22719.3,22542.95,22182.55,1,1,1,1,,,,14760343,21060967.1
1776402000,24285.9,24296.3,24244.05,24260.4,24237.148776491744,24219.61108169823,0,0,0,24400.95,23555.6,22719.3,22542.95,22182.55,1,1,1,1,,,,15660579,20939871.7
1776402900,24260.45,24270,24252.6,24254.95,24240.709021193394,24222.823710634755,0,0,0,24400.95,23555.6,22719.3,22542.95,22182.55,1,1,1,1,,,,15288716,20862193.6
1776403800,24255.7,24275.15,24237.75,24265.1,24245.587216954715,24226.66700966796,0,0,0,24400.95,23555.6,22719.3,22542.95,22182.55,1,1,1,1,,,,19701746,21238487.8
1776404700,24264.65,24282.15,24264.65,24275.25,24251.51977356377,24231.08364515269,0,0,0,24400.95,23555.6,22719.3,22542.95,22182.55,1,1,1,1,,,,17047115,21390005.2
1776405600,24275.8,24302.6,24273.5,24294.9,24260.195818851018,24236.88513195699,0,0,0,24400.95,23555.6,22719.3,22542.95,22182.55,1,1,1,1,,,,11595514,21375674.5
1776406500,24295.6,24323.1,24269.65,24271.45,24262.446655080814,24240.027392688175,0,0,0,24400.95,23555.6,22719.3,22542.95,22182.55,1,1,1,1,,,,15999164,21337884.6
1776407400,24271.65,24292.55,24253.15,24285.6,24267.077324064652,24244.17035698925,0,0,0,24400.95,23555.6,22719.3,22542.95,22182.55,1,1,1,1,,,,16524595,21418236.15
1776408300,24286.2,24293.7,24280.7,24284,24270.46185925172,24247.79123362659,0,0,0,24400.95,23555.6,22719.3,22542.95,22182.55,1,1,1,1,,,,11427561,21463465.85
1776409200,24283.95,24285.05,24260.25,24267,24269.769487401376,24249.53748511508,0,0,0,24400.95,23555.6,22719.3,22542.95,22182.55,1,1,1,1,,,,13272792,21199343.65
1776410100,24267.15,24277.95,24259.9,24266.1,24269.0355899211,24251.043168286436,0,0,0,24400.95,23555.6,22719.3,22542.95,22182.55,1,1,1,1,,,,9298768,21081083.1
1776411000,24267,24292.95,24264.85,24285.05,24272.23847193688,24254.134698442216,0,0,0,24400.95,23555.6,22719.3,22542.95,22182.55,1,1,1,1,,,,10874649,21114292.65
1776411900,24284.3,24289.35,24265.4,24289.35,24275.660777549503,24257.336089492925,0,0,0,24400.95,23555.6,22719.3,22542.95,22182.55,1,1,1,1,,,,13091620,20862964.05
1776412800,24289.5,24312.8,24287.45,24301.9,24280.908622039602,24261.387354084476,0,0,0,24400.95,23555.6,22719.3,22542.95,22182.55,1,1,1,1,,,,14357436,20624983.05
1776413700,24301.6,24309.1,24294.05,24303.3,24285.38689763168,24265.197594622252,0,0,0,24400.95,23555.6,22719.3,22542.95,22182.55,1,1,1,1,,,,13038539,18625738.2
1776414600,24303.65,24317.75,24300.85,24306.85,24289.679518105346,24268.98417692932,0,0,0,24400.95,23555.6,22719.3,22542.95,22182.55,1,1,1,1,,,,13705647,17304189.1
1776415500,24307.5,24327.1,24305.1,24307.1,24293.163614484278,24272.449251753926,0,0,0,24400.95,23555.6,22719.3,22542.95,22182.55,1,1,1,1,,,,20093633,15372335.6
1776416400,24307.4,24343.4,24304.75,24340.45,24302.620891587423,24278.631137958113,0,0,0,24400.95,23555.6,22719.3,22542.95,22182.55,1,1,1,1,,,,24072612,15354034.8
1776417300,24339.85,24357.8,24338,24349.85,24312.06671326994,24285.10557996192,0,0,0,24400.95,23555.6,22719.3,22542.95,22182.55,1,1,1,1,,,,23056268,15558505.85
1776418200,24349.6,24358.25,24320.1,24354.55,24320.56337061595,24291.418709056292,0,0,0,24400.95,23555.6,22719.3,22542.95,22182.55,1,1,1,1,,,,37682316,16527480.65
1776419100,24353.65,24371.9,24348.1,24366.9,24329.83069649276,24298.28064459663,0,0,0,24400.95,23555.6,22719.3,22542.95,22182.55,1,1,1,1,,,,42680917,17923509.35
1776656700,24413.35,24420.2,24241.25,24383,24340.46455719421,24305.982404178754,0,0,0,24400.95,23555.6,22719.3,22542.95,22182.55,1,1,1,1,,,,48569748,19568967.8
1776657600,24383.15,24389.75,24295.6,24302.75,24332.921645755367,24305.688549253413,0,0,0,24400.95,23555.6,22719.3,22542.95,22182.55,1,1,1,1,,,,27527164,20180890.2
1776658500,24301.85,24344.1,24281.2,24331.75,24332.687316604293,24308.057772048556,0,0,0,24400.95,23555.6,22719.3,22542.95,22182.55,1,1,1,1,,,,17447832,20068194.5
1776659400,24331.05,24388.3,24326.35,24379.6,24342.069853283436,24314.56161095323,0,0,0,24400.95,23555.6,22719.3,22542.95,22182.55,1,1,1,1,,,,15409514,19986314.45
1776660300,24379.95,24413.5,24370.5,24409.65,24355.58588262675,24323.206009957485,0,0,0,24400.95,23555.6,22719.3,22542.95,22182.55,1,1,1,1,,,,13920797,20102578.6
1776661200,24409.5,24448.5,24409.5,24439.05,24372.2787061014,24333.737281779533,0,0,0,24400.95,23555.6,22719.3,22542.95,22182.55,1,1,1,1,,,,17360022,20170621.5
1776662100,24439.35,24439.7,24410.9,24430.1,24383.842964881118,24342.497528890486,0,0,0,24400.95,23555.6,22719.3,22542.95,22182.55,1,1,1,1,,,,14933986,20091091.05
1776663000,24431.1,24440.1,24395.9,24407.65,24388.604371904894,24348.420480809535,0,0,0,24400.95,23555.6,22719.3,22542.95,22182.55,1,1,1,1,,,,16923151,20365870.55
1776663900,24408.45,24467.6,24407.2,24464.75,24403.833497523916,24358.99589164503,0,0,0,24400.95,23555.6,22719.3,22542.95,22182.55,1,1,1,1,,,,11768144,20290638.15
1776664800,24463.8,24471.15,24439.9,24462.75,24415.61679801913,24368.428083313665,0,0,0,24400.95,23555.6,22719.3,22542.95,22182.55,1,1,1,1,,,,14555182,20553458.85
1776665700,24462.4,24473.25,24456.4,24463.35,24425.163438415304,24377.05734846697,0,0,0,24400.95,23555.6,22719.3,22542.95,22182.55,1,1,1,1,,,,12935531,20656502.95
1776666600,24463.25,24469.6,24421.75,24433.2,24426.770750732245,24382.161225879063,0,0,0,24400.95,23555.6,22719.3,22542.95,22182.55,1,1,1,1,,,,11222656,20563054.75
1776667500,24432.35,24463.45,24426,24461.4,24433.696600585798,24389.364750799148,0,0,0,24400.95,23555.6,22719.3,22542.95,22182.55,1,1,1,1,,,,9682762,20329321.05
1776668400,24461,24470.5,24453.15,24462.35,24439.427280468637,24395.999773453772,0,0,0,24400.95,23555.6,22719.3,22542.95,22182.55,1,1,1,1,,,,9516723,20153230.25
1776669300,24462.1,24480.65,24460.75,24462.05,24443.951824374908,24402.00433950343,0,0,0,24400.95,23555.6,22719.3,22542.95,22182.55,1,1,1,1,,,,10008488,19968372.3
1776670200,24461.85,24463.15,24394.35,24414.3,24438.021459499927,24403.1221268213,0,0,0,24400.95,23555.6,22719.3,22542.95,22182.55,1,1,1,1,,,,13644428,19645912.05
1776671100,24414.05,24424.6,24359.2,24392,24428.81716759994,24402.111024383,0,0,0,24400.95,23555.6,22719.3,22542.95,22182.55,1,1,1,1,,,,13998568,19142209.85
1776672000,24392.65,24404.8,24369.2,24396.35,24422.323734079953,24401.587294893638,0,0,0,24400.95,23555.6,22719.3,22542.95,22182.55,1,1,1,1,,,,11882651,18583529
1776672900,24395.6,24397.8,24369.9,24395.35,24416.928987263964,24401.020268085125,0,0,0,24400.95,23555.6,22719.3,22542.95,22182.55,1,1,1,1,,,,12407174,17319771.9
1776673800,24395.75,24396.05,24372.25,24393.75,24412.29318981117,24400.35933462284,0,0,0,24480.65,24096.05,23555.6,22719.3,22542.95,1,1,1,1,,,,11031634,15737307.75
1776674700,24393.95,24438,24388.1,24431.25,24416.084551848937,24403.167576929856,0,0,0,24480.65,24096.05,23555.6,22719.3,22542.95,1,1,1,1,,,,11540391,13885839.9
1776675600,24431.5,24431.6,24390.8,24401.25,24413.117641479148,24402.993251754415,0,0,0,24480.65,24096.05,23555.6,22719.3,22542.95,1,1,1,1,,,,15141033,13266533.35
1776676500,24402.35,24410.4,24371.95,24407.9,24412.07411318332,24403.439319776742,0,0,0,24480.65,24096.05,23555.6,22719.3,22542.95,1,1,1,1,,,,13302440,13059263.75
1776677400,24408.35,24424.6,24381,24381.8,24406.019290546657,24401.47210888795,0,0,0,24480.65,24096.05,23555.6,22719.3,22542.95,1,1,1,1,,,,23484934,13463034.75
1776678300,24382.25,24383.2,24318,24330.9,24390.995432437325,24395.05646262541,1,0,0,24480.65,24096.05,23555.6,22719.3,22542.95,2,1,1,1,1,,,34746051,14504297.45
1776743100,24388.6,24486,24354.9,24450.5,24402.89634594986,24400.096784204918,0,0,1,24480.65,24096.05,23555.6,22719.3,22542.95,1,1,1,1,,,1,35547419,15413667.3
1776744000,24449.15,24477.65,24442.45,24466.6,24415.637076759886,24406.14253109538,0,0,0,24480.65,24096.05,23555.6,22719.3,22542.95,1,1,1,1,,,,17502903,15542113.15
1776744900,24465.95,24512.35,24465.95,24499.25,24432.359661407907,24414.606846450344,0,0,0,24480.65,24096.05,23555.6,22719.3,22542.95,1,1,1,1,,,,17710966,15581503.9
1776745800,24499.95,24524.85,24498.3,24513.15,24448.517729126324,24423.56531495486,0,0,0,24480.65,24096.05,23555.6,22719.3,22542.95,1,1,1,1,,,,11786409,15582417.15
1776746700,24513.45,24524.65,24487.5,24495.4,24457.89418330106,24430.095740868055,0,0,0,24480.65,24096.05,23555.6,22719.3,22542.95,1,1,1,1,,,,11533209,15431318.5
1776747600,24493.6,24535.15,24491.2,24529.1,24472.135346640847,24439.09612806187,0,0,0,24480.65,24096.05,23555.6,22719.3,22542.95,1,1,1,1,,,,14182676,15493675.75
1776748500,24528.05,24561.5,24517.65,24549.1,24487.52827731268,24449.096480056243,0,0,0,24480.65,24096.05,23555.6,22719.3,22542.95,1,1,1,1,,,,10899262,15477506.05
1776749400,24549.25,24565.1,24540,24557.45,24501.512621850143,24458.94680005113,0,0,0,24480.65,24096.05,23555.6,22719.3,22542.95,1,1,1,1,,,,10754081,15531072
1776750300,24556.45,24557.1,24529.95,24539.15,24509.040097480116,24466.23800004648,0,0,0,24480.65,24096.05,23555.6,22719.3,22542.95,1,1,1,1,,,,9647149,15537593.3
1776751200,24539.2,24539.2,24513.65,24528.25,24512.882077984093,24471.87545458771,0,0,0,24480.65,24096.05,23555.6,22719.3,22542.95,1,1,1,1,,,,16871792,15880758.5
1776752100,24528,24543.95,24521.8,24531.3,24516.565662387275,24477.277685988825,0,0,0,24480.65,24096.05,23555.6,22719.3,22542.95,1,1,1,1,,,,10600802,15728577.2
1776753000,24531.65,24569.15,24527.2,24559.05,24525.06252990982,24484.711532717112,0,0,0,24480.65,24096.05,23555.6,22719.3,22542.95,1,1,1,1,,,,11630660,15610181.8
1776753900,24559,24570.95,24545.6,24548.75,24529.800023927855,24490.53321156101,0,0,0,24480.65,24096.05,23555.6,22719.3,22542.95,1,1,1,1,,,,13410537,15686576.1
1776754800,24547.2,24571.25,24545.85,24552.75,24534.390019142284,24496.189283237283,0,0,0,24480.65,24096.05,23555.6,22719.3,22542.95,1,1,1,1,,,,13382801,15735357.45
1776755700,24552.55,24553.9,24527.7,24536.95,24534.902015313826,24499.894802942985,0,0,0,24480.65,24096.05,23555.6,22719.3,22542.95,1,1,1,1,,,,13455167,15856534.1
1776756600,24537.9,24546.1,24525.35,24540.4,24536.00161225106,24503.577093584532,0,0,0,24480.65,24096.05,23555.6,22719.3,22542.95,1,1,1,1,,,,11595594,15859294.25
1776757500,24540.7,24555.8,24536.25,24552.65,24539.331289800848,24508.03826689503,0,0,0,24480.65,24096.05,23555.6,22719.3,22542.95,1,1,1,1,,,,13159478,15760216.5
1776758400,24552.35,24569.8,24523.5,24531.25,24537.71503184068,24510.148424450028,0,0,0,24480.65,24096.05,23555.6,22719.3,22542.95,1,1,1,1,,,,15128719,15851530.45
1776759300,24533.5,24563.8,24526.6,24555.2,24541.21202547254,24514.2440222273,0,0,0,24571.25,24096.05,23555.6,22719.3,22542.95,1,1,1,1,,,,11769724,15265769.95
1776760200,24554.6,24556.75,24522.6,24537.4,24540.449620378033,24516.349111115727,0,0,0,24571.25,24096.05,23555.6,22719.3,22542.95,1,1,1,1,,,,14626246,14259779.7
1776761100,24537.2,24584.65,24535.7,24573.1,24546.979696302427,24521.508282832478,0,0,0,24571.25,24096.05,23555.6,22719.3,22542.95,1,1,1,1,,,,18544786,13409648.05
1776762000,24572.6,24574.45,24526.05,24536.65,24544.91375704194,24522.88480257498,0,0,0,24571.25,24096.05,23555.6,22719.3,22542.95,1,1,1,1,,,,15193464,13294176.1
1776762900,24535.45,24572.85,24534.9,24568.35,24549.60100563355,24527.01800234089,0,0,0,24571.25,24096.05,23555.6,22719.3,22542.95,1,1,1,1,,,,18607701,13339012.85
1776763800,24568.2,24600.45,24548.9,24573,24554.28080450684,24531.198183946264,0,0,0,24571.25,24096.05,23555.6,22719.3,22542.95,1,1,1,1,,,,48174505,15158417.65
1776764700,24573.9,24601.7,24567.4,24581.05,24559.634643605474,24535.730167223875,0,0,0,24571.25,24096.05,23555.6,22719.3,22542.95,1,1,1,1,,,,38018960,16482705.2
1776829500,24478.9,24515.95,24434.4,24440.4,24535.78771488438,24527.06378838534,0,0,0,24571.25,24096.05,23555.6,22719.3,22542.95,1,1,1,1,,,,48491473,18198145.05
1776830400,24439.45,24466.45,24420.5,24424.4,24513.510171907503,24517.730716713948,0,0,0,24571.25,24096.05,23555.6,22719.3,22542.95,1,1,1,1,,,,21260080,18716185.95
1776831300,24424.8,24433.55,24381.35,24382.25,24487.258137526,24505.414287921772,0,0,0,24571.25,24096.05,23555.6,22719.3,22542.95,1,1,1,1,,,,19141496,19135556.7
1776832200,24381.1,24390.5,24352.9,24373.15,24464.4365100208,24493.390261747067,0,0,0,24571.25,24096.05,23555.6,22719.3,22542.95,1,1,1,1,,,,16583884,19482393.45
1776833100,24372.9,24385.55,24353.7,24373.05,24446.15920801664,24482.450237951878,0,0,0,24601.7,24096.05,23555.6,22719.3,22542.95,1,1,1,1,,,,15191885,19398398.1
1776834000,24372.3,24418.2,24367.2,24416.35,24440.19736641331,24476.441125410798,0,0,0,24601.7,24096.05,23555.6,22719.3,22542.95,1,1,1,1,,,,14933325,19615024.25
1776834900,24416.25,24447.8,24409.05,24439.9,24440.13789313065,24473.11920491891,0,0,0,24601.7,24096.05,23555.6,22719.3,22542.95,1,1,1,1,,,,14716009,19769291.7
1776835800,24440.2,24441.2,24412.3,24428.15,24437.74031450452,24469.031095380826,0,0,0,24601.7,24096.05,23555.6,22719.3,22542.95,1,1,1,1,,,,9977816,19597655.65
1776836700,24427.95,24449.7,24424.25,24435.45,24437.282251603618,24465.978268528022,0,0,0,24601.7,24096.05,23555.6,22719.3,22542.95,1,1,1,1,,,,13785971,19617814.15
1776837600,24435.95,24448.7,24417.05,24417.2,24433.265801282894,24461.54388048002,0,0,0,24601.7,24096.05,23555.6,22719.3,22542.95,1,1,1,1,,,,16851051,19787608.35
1776838500,24416.8,24428.25,24390.55,24426.9,24431.992641026314,24458.39443680002,0,0,0,24601.7,24096.05,23555.6,22719.3,22542.95,1,1,1,1,,,,14931117,19954384.5
1776839400,24426.85,24436.35,24409.75,24419.15,24429.424112821052,24454.82676072729,0,0,0,24601.7,24096.05,23555.6,22719.3,22542.95,1,1,1,1,,,,19862865,20289553.85
1776840300,24418.65,24422.75,24400.15,24409.9,24425.51929025684,24450.742509752083,0,0,0,24601.7,24096.05,23555.6,22719.3,22542.95,1,1,1,1,,,,12959738,20181104.8
1776841200,24410.2,24422.15,24395.5,24418.45,24424.105432205473,24447.80682704735,0,0,0,24601.7,24096.05,23555.6,22719.3,22542.95,1,1,1,1,,,,11199815,20152609.35
1776842100,24419.2,24433.4,24403.55,24429.75,24425.23434576438,24446.165297315772,0,0,0,24601.7,24096.05,23555.6,22719.3,22542.95,1,1,1,1,,,,14385883,20140591.2
1776843000,24431.8,24437.7,24417.8,24431.25,24426.437476611503,24444.809361196156,0,0,0,24601.7,24096.05,23555.6,22719.3,22542.95,1,1,1,1,,,,14477991,19937251.45
1776843900,24429.75,24433.15,24385.45,24415.6,24424.269981289202,24442.153964723777,0,0,0,24601.7,24096.05,23555.6,22719.3,22542.95,1,1,1,1,,,,12976755,19826416
1776844800,24415.9,24433.55,24409,24431.9,24425.795985031364,24441.221786112525,0,0,0,24601.7,24096.05,23555.6,22719.3,22542.95,1,1,1,1,,,,11545168,19473289.35
1776845700,24431.5,24453.05,24415.1,24449.55,24430.54678802509,24441.97889646593,0,0,0,24601.7,24096.05,23555.6,22719.3,22542.95,1,1,1,1,,,,15334654,17831296.8
1776846600,24449.85,24458.25,24405.9,24415,24427.437430420072,24439.52626951448,0,0,0,24601.7,24096.05,23555.6,22719.3,22542.95,1,1,1,1,,,,15620265,16711362.05
1776847500,24416.45,24418.1,24390.7,24405.6,24423.069944336057,24436.442063194983,0,0,0,24601.7,24096.05,23555.6,22719.3,22542.95,1,1,1,1,,,,13238253,14948701.05
1776848400,24405.65,24430,24402.8,24413.15,24421.085955468847,24434.32460290453,0,0,0,24601.7,24096.05,23555.6,22719.3,22542.95,1,1,1,1,,,,16136017,14692497.9
1776849300,24412.75,24430.25,24408.5,24425.75,24422.018764375076,24433.545093549572,0,0,0,24601.7,24096.05,23555.6,22719.3,22542.95,1,1,1,1,,,,15348636,14502854.9
1776850200,24423.15,24423.15,24374.15,24382.4,24414.09501150006,24428.89553959052,1,0,0,24601.7,24096.05,23555.6,22719.3,22542.95,2,1,1,1,1,,,24928726,14920097
1776851100,24382.05,24392.65,24356.7,24367.65,24404.80600920005,24423.32776326411,0,0,0,24601.7,24096.05,23555.6,22719.3,22542.95,2,1,1,1,,,,33599925,15840499
1776915900,24211.2,24242.5,24134.8,24230.5,24369.94480736004,24405.79796660374,0,1,0,24601.7,24096.05,23555.6,22719.3,22542.95,3,1,1,1,,1,,44142656,17300965.55
1776916800,24229.9,24256.9,24193.5,24242.65,24344.485845888034,24390.966333276127,0,0,0,24601.7,24096.05,23555.6,22719.3,22542.95,3,1,1,1,,,,23153824,17722856.3
1776917700,24244.7,24298.95,24233.6,24287.5,24333.088676710428,24381.560302978298,0,0,0,24601.7,24096.05,23555.6,22719.3,22542.95,3,1,1,1,,,,29321624,18690046.7
1776918600,24288,24310.2,24266.05,24275.35,24321.54094136834,24371.904820889362,0,0,0,24601.7,24096.05,23555.6,22719.3,22542.95,3,1,1,1,,,,20773134,19039404.85
1776919500,24276.8,24291.65,24260.6,24261.3,24309.492753094673,24361.849837172147,0,0,0,24601.7,24096.05,23555.6,22719.3,22542.95,3,1,1,1,,,,14640557,18928880.15
1776920400,24263.5,24265.4,24217.65,24220,24291.59420247574,24348.954397429225,0,0,0,24601.7,24096.05,23555.6,22719.3,22542.95,3,1,1,1,,,,12771047,18820876.65
1776921300,24221.3,24222.7,24185.2,24215.35,24276.34536198059,24336.808543117477,0,0,0,24601.7,24096.05,23555.6,22719.3,22542.95,3,1,1,1,,,,12060102,18430738.5
1776922200,24216,24225.65,24191.1,24191.85,24259.446289584474,24323.63049374316,0,0,0,24601.7,24096.05,23555.6,22719.3,22542.95,3,1,1,1,,,,14965048,18531004
1776923100,24193.2,24210.35,24186.75,24197.75,24247.10703166758,24312.186812493783,0,0,0,24601.7,24096.05,23555.6,22719.3,22542.95,3,1,1,1,,,,12900978,18616062.15
1776924000,24198.15,24203.95,24177.65,24178.15,24233.315625334064,24300.00164772162,0,0,0,24601.7,24096.05,23555.6,22719.3,22542.95,3,1,1,1,,,,12468086,18520172.3
1776924900,24179,24218.1,24172.85,24206.1,24227.87250026725,24291.465134292383,0,0,0,24601.7,24096.05,23555.6,22719.3,22542.95,3,1,1,1,,,,12403243,18416434.9
1776925800,24208.05,24225.9,24195.95,24222.5,24226.7980002138,24285.195576629438,0,0,0,24601.7,24096.05,23555.6,22719.3,22542.95,3,1,1,1,,,,13122425,18423718.4
1776926700,24222.95,24231.5,24179.35,24180.1,24217.45840017104,24275.64143329949,0,0,0,24601.7,24096.05,23555.6,22719.3,22542.95,3,1,1,1,,,,14673202,18580120.1
1776927600,24182.6,24203,24167.1,24201.65,24214.29672013683,24268.914939363174,0,0,0,24601.7,24096.05,23555.6,22719.3,22542.95,3,1,1,1,,,,14802267,18553500.75
1776928500,24202.6,24217.05,24186.5,24214.7,24214.377376109464,24263.986308511976,0,0,0,24601.7,24096.05,23555.6,22719.3,22542.95,3,1,1,1,,,,12746004,18409787.7
1776929400,24215.85,24218.5,24200.75,24216.2,24214.74190088757,24259.64209864725,0,0,0,24601.7,24096.05,23555.6,22719.3,22542.95,3,1,1,1,,,,14281719,18461961
1776930300,24217.25,24281.1,24208.2,24271.45,24226.083520710057,24260.715544224775,0,0,0,24601.7,24096.05,23555.6,22719.3,22542.95,3,1,1,1,,,,18425346,18576427.45
1776931200,24271.75,24272.45,24204.3,24213.7,24223.606816568044,24256.441403840705,0,0,0,24601.7,24096.05,23555.6,22719.3,22542.95,3,1,1,1,,,,15326751,18575333.2
1776932100,24214.95,24252.75,24207.75,24241.5,24227.185453254435,24255.08309440064,0,0,0,24601.7,24096.05,23555.6,22719.3,22542.95,3,1,1,1,,,,18934985,18275646.15
1776933000,24242.1,24242.75,24207.65,24209.2,24223.588362603547,24250.911904000583,0,0,0,24601.7,24096.05,23555.6,22719.3,22542.95,3,1,1,1,,,,15040096,17347654.7
1776933900,24209.1,24221.4,24189.2,24189.45,24216.760690082836,24245.32445818235,0,0,0,24601.7,24096.05,23555.6,22719.3,22542.95,3,1,1,1,,,,17336520,16007347.9
1776934800,24190.95,24190.95,24160.65,24162.6,24205.928552066267,24237.804052893043,0,0,0,24601.7,24096.05,23555.6,22719.3,22542.95,3,1,1,1,,,,15374284,15618370.9
1776935700,24163.75,24194.05,24157.95,24180.85,24200.912841653015,24232.626411720947,0,0,0,24601.7,24096.05,23555.6,22719.3,22542.95,3,1,1,1,,,,15912083,14947893.85
1776936600,24181.8,24216.7,24159,24160,24192.730273322413,24226.024010655405,0,0,0,24601.7,24096.05,23555.6,22719.3,22542.95,3,1,1,1,,,,33045236,15561498.95
1776937500,24161.3,24175.1,24149.8,24156.05,24185.39421865793,24219.662736959457,0,0,0,24601.7,24096.05,23555.6,22719.3,22542.95,3,1,1,1,,,,35486773,16603809.75
1777002300,24109.55,24206,24056.6,24058.1,24159.935374926343,24204.97521541769,0,0,0,24601.7,24096.05,23555.6,22719.3,22542.95,3,1,1,1,,,,45068701,18218692.45
1777003200,24058.05,24061.6,23983.75,23984.25,24124.798299941074,24184.909286743354,0,0,0,24601.7,24096.05,23555.6,22719.3,22542.95,3,1,1,1,,,,23712815,18801328.1
1777004100,23985.4,23987.15,23944.1,23955,24090.83863995286,24164.00844249396,0,0,0,24601.7,24096.05,23555.6,22719.3,22542.95,3,1,1,1,,,,20200438,19063097.6
1777005000,23954.9,24003.35,23954.5,23992.85,24071.24091196229,24148.448584085418,0,0,0,24601.7,24096.05,23555.6,22719.3,22542.95,3,1,1,1,,,,18229911,19329544.25
1777005900,23992.25,23992.25,23937.25,23957.7,24048.532729569833,24131.107803714018,0,0,0,24601.7,24096.05,23555.6,22719.3,22542.95,3,1,1,1,,,,15177501,19465015
1777006800,23956.2,23971.2,23932.25,23933.65,24025.556183655866,24113.15709428547,0,0,0,24601.7,24096.05,23555.6,22719.3,22542.95,3,1,1,1,,,,11805988,19435152.25
1777007700,23933.4,23944.85,23914.9,23925.4,24005.524946924692,24096.088267532246,0,0,0,24601.7,24096.05,23555.6,22719.3,22542.95,3,1,1,1,,,,14477863,19502924.15
1777008600,23925.55,23943.8,23909.55,23916.2,23987.659957539752,24079.73478866568,0,0,0,24601.7,24096.05,23555.6,22719.3,22542.95,3,1,1,1,,,,14021346,19470331.35
1777009500,23915.1,23942.75,23903.25,23931.3,23976.3879660318,24066.240716968798,0,0,0,24601.7,24096.05,23555.6,22719.3,22542.95,3,1,1,1,,,,12898056,19375120.8
1777010400,23930.4,23949.3,23922.65,23927.05,23966.520372825442,24053.58701542618,0,0,0,24601.7,24096.05,23555.6,22719.3,22542.95,3,1,1,1,,,,11206780,19298159.6
1777011300,23926.3,23926.65,23893.4,23898.25,23952.866298260353,24039.465468569255,0,0,0,24601.7,24096.05,23555.6,22719.3,22542.95,3,1,1,1,,,,14155748,19291861.05
1777012200,23897.75,23933.05,23894.15,23930.65,23948.42303860828,24029.57315324478,0,0,0,24601.7,24096.05,23555.6,22719.3,22542.95,3,1,1,1,,,,13125634,19026875.45
1777013100,23930.8,23936.5,23878.8,23881.8,23935.098430886625,24016.139230222525,0,0,0,24601.7,24096.05,23555.6,22719.3,22542.95,3,4,1,1,,,,13299891,18925532.45
1777014000,23881.85,23910.7,23880.3,23882.1,23924.4987447093,24003.95384565684,0,0,0,24601.7,24096.05,23555.6,22719.3,22542.95,3,4,1,1,,,,11317599,18544663.15
1777014900,23881.1,23919.05,23881.1,23904.35,23920.46899576744,23994.89895059713,0,0,0,24601.7,24096.05,23555.6,22719.3,22542.95,3,4,1,1,,,,12714745,18428395.6
1777015800,23904.3,23905.5,23851.15,23865.5,23909.475196613952,23983.135409633753,0,0,0,24601.7,24096.05,23555.6,22719.3,22542.95,3,4,1,1,,,,13195354,18221337.3
1777016700,23865.6,23880.05,23855.9,23878.3,23903.240157291162,23973.604917848865,0,0,0,24601.7,24096.05,23555.6,22719.3,22542.95,3,4,1,1,,,,11333704,18019308.3
1777017600,23878.4,23878.55,23826.2,23830.4,23888.67212583293,23960.586288953513,0,0,0,24601.7,24096.05,23555.6,22719.3,22542.95,3,4,1,1,,,,12831786,17865293.45
1777018500,23829.6,23858.55,23829.6,23846.3,23880.197700666344,23950.196626321376,0,0,0,24601.7,24096.05,23555.6,22719.3,22542.95,3,4,1,1,,,,12148223,16820442.8
1777019400,23847.6,23849.95,23813.65,23841.65,23872.488160533074,23940.32875120125,0,0,0,24601.7,24096.05,23555.6,22719.3,22542.95,3,4,1,1,,,,14625195,15777363.9
1777020300,23841.45,23890.35,23840.15,23888.55,23875.70052842646,23935.62159200114,0,0,0,24601.7,24096.05,23555.6,22719.3,22542.95,3,4,1,1,,,,13911024,14219480.05
1777021200,23887.75,23926.9,23885.95,23926,23885.76042274117,23934.746901819217,0,0,0,24601.7,24096.05,23555.6,22719.3,22542.95,3,4,1,1,,,,18300857,13948882.15
1777022100,23925.45,23930.5,23905.05,23920.9,23892.788338192935,23933.488092562926,0,0,0,24601.7,24096.05,23555.6,22719.3,22542.95,3,4,1,1,,,,17797027,13828711.6
1777023000,23920.65,23920.65,23863.3,23895.45,23893.32067055435,23930.030084148115,0,0,0,24601.7,24096.05,23555.6,22719.3,22542.95,3,4,1,1,,,,31694541,14501943.1
1777023900,23895.25,23924.2,23894.5,23903.95,23895.44653644348,23927.65916740738,0,0,0,24601.7,24096.05,23555.6,22719.3,22542.95,3,4,1,1,,,,36990340,15592585.05
1777261500,23977.45,24067.5,23936.2,24042,23924.757229154784,23938.053788552163,0,0,0,24601.7,24096.05,23555.6,22719.3,22542.95,3,4,1,1,,,,43632112,17183891.25
1777262400,24045.05,24057.7,23998.3,24045.4,23948.88578332383,23947.812535047422,0,0,0,24601.7,24096.05,23555.6,22719.3,22542.95,3,4,1,1,,,,23730908,17646543.5
1777263300,24043.9,24107.6,24043.45,24099.05,23978.918626659062,23961.561395497658,0,0,0,24601.7,24096.05,23555.6,22719.3,22542.95,3,4,1,1,,,,21981722,18044562.3
1777264200,24098.75,24102.65,24061.7,24063.3,23995.79490132725,23970.810359543324,0,0,0,24601.7,24096.05,23555.6,22719.3,22542.95,3,4,1,1,,,,15252760,18162297.5
1777265100,24063.9,24103.15,24045.4,24058.3,24008.2959210618,23978.763963221205,0,0,0,24601.7,24096.05,23555.6,22719.3,22542.95,3,4,1,1,,,,15073276,18355622.3
1777266000,24058.1,24061.2,24013,24043.45,24015.326736849438,23984.644512019277,0,0,0,24601.7,24096.05,23555.6,22719.3,22542.95,3,4,1,1,,,,13574081,18326538.95
1777266900,24041.6,24088.95,24025.75,24072.2,24026.70138947955,23992.604101835706,0,0,0,24601.7,24096.05,23555.6,22719.3,22542.95,3,4,1,1,,,,11207288,18230621.65
1777267800,24071.95,24076.6,24026.85,24056.9,24032.74111158364,23998.449183487006,0,0,0,24601.7,24096.05,23555.6,22719.3,22542.95,3,4,1,1,,,,13506602,18240957.2
1777268700,24055.45,24077.5,24029.7,24030.95,24032.38288926691,24001.403803170004,0,0,0,24601.7,24096.05,23555.6,22719.3,22542.95,3,4,1,1,,,,13629366,18356545.55
1777269600,24031.65,24039.85,23974.4,23998.65,24025.63631141353,24001.153457427277,0,0,0,24601.7,24096.05,23555.6,22719.3,22542.95,3,4,1,1,,,,17148199,18578218.25
1777270500,23998.45,24039.9,23984.3,24037.2,24027.949049130824,24004.43041584298,0,0,0,24601.7,24096.05,23555.6,22719.3,22542.95,3,4,1,1,,,,12725258,18554713.45
1777271400,24036.2,24045.15,24022.8,24040.5,24030.45923930466,24007.709468948164,0,0,0,24601.7,24096.05,23555.6,22719.3,22542.95,3,4,1,1,,,,11639726,18570014.55
1777272300,24039.85,24066.1,24031.2,24059,24036.167391443727,24012.372244498332,0,0,0,24601.7,24096.05,23555.6,22719.3,22542.95,3,4,1,1,,,,12713591,18564104.8
1777273200,24057.75,24092.85,24056.95,24075.7,24044.07391315498,24018.129313180303,0,0,0,24601.7,24096.05,23555.6,22719.3,22542.95,3,4,1,1,,,,11765251,18544956.2
1777274100,24074.75,24084,24065.45,24071.5,24049.559130523987,24022.981193800275,0,0,0,24601.7,24096.05,23555.6,22719.3,22542.95,3,4,1,1,,,,11912957,18409344.3
1777275000,24071.7,24100,24069.4,24099.75,24059.59730441919,24029.960176182067,0,0,0,24601.7,24096.05,23555.6,22719.3,22542.95,3,4,1,1,,,,11770719,18302329.05
1777275900,24100.2,24120.55,24093.3,24107.5,24069.17784353535,24037.009251074607,0,0,0,24601.7,24096.05,23555.6,22719.3,22542.95,3,4,1,1,,,,12717449,18023158.65
1777276800,24107.8,24127.2,24099.4,24116.25,24078.592274828283,24044.21295552237,0,0,0,24601.7,24096.05,23555.6,22719.3,22542.95,3,4,1,1,,,,12544910,17760552.8
1777277700,24114.75,24129.55,24102.45,24114.25,24085.723819862626,24050.57995956579,0,0,0,24601.7,24096.05,23555.6,22719.3,22542.95,3,4,1,1,,,,12784344,16815042.95
1777278600,24113.35,24124.55,24105.65,24122.2,24093.0190558901,24057.090872332537,0,0,0,24601.7,24096.05,23555.6,22719.3,22542.95,3,4,1,1,,,,10626942,15496873.05
1777279500,24122.1,24124,24102.2,24111.2,24096.65524471208,24062.00988393867,0,0,0,24601.7,24096.05,23555.6,22719.3,22542.95,3,4,1,1,,,,11477882,13889161.55
1777280400,24109.9,24112.5,24078.9,24110.65,24099.454195769664,24066.431712671518,0,0,0,24601.7,24096.05,23555.6,22719.3,22542.95,3,4,1,1,,,,19508799,13678056.1
1777281300,24110.05,24130.7,24097.8,24121.95,24103.95335661573,24071.47882970138,0,0,0,24601.7,24096.05,23555.6,22719.3,22542.95,3,4,1,1,,,,21382745,13648107.25
1777282200,24118.2,24119.45,24088.95,24094.3,24102.022685292584,24073.55348154671,0,0,0,24601.7,24096.05,23555.6,22719.3,22542.95,3,4,1,1,,,,29158862,14343412.35
1777283100,24095.15,24112.75,24077.85,24110.2,24103.658148234066,24076.88498322428,0,0,0,24601.7,24096.05,23555.6,22719.3,22542.95,3,4,1,1,,,,35573985,15368447.8
1777347900,24050.65,24133.65,23999.25,24115.35,24105.996518587253,24080.381802931166,0,0,0,24601.7,24096.05,23555.6,22719.3,22542.95,3,4,1,1,,,,46646379,17022062.7
1777348800,24116.2,24133.75,24090.4,24128.3,24110.457214869803,24084.738002664697,0,0,0,24601.7,24096.05,23555.6,22719.3,22542.95,3,4,1,1,,,,26717959,17797596.25
1777349700,24130.8,24156.6,24112.95,24155.3,24119.425771895843,24091.15272969518,0,0,0,24601.7,24096.05,23555.6,22719.3,22542.95,3,4,1,1,,,,23250108,18284771.55
1777350600,24156.85,24168.55,24145.05,24148.3,24125.200617516675,24096.347936086528,0,0,0,24601.7,24096.05,23555.6,22719.3,22542.95,3,4,1,1,,,,24222690,18814437.75
1777351500,24148.4,24181.8,24144.5,24166.8,24133.52049401334,24102.75266916957,0,0,0,24601.7,24096.05,23555.6,22719.3,22542.95,3,4,1,1,,,,18705291,18892292.35
1777352400,24168.2,24171.95,24124.25,24134.85,24133.78639521067,24105.670608335975,0,0,0,24601.7,24096.05,23555.6,22719.3,22542.95,3,4,1,1,,,,15249684,19018513.65
1777353300,24135.6,24174.65,24134.35,24167.8,24140.589116168536,24111.318734850887,0,0,0,24601.7,24096.05,23555.6,22719.3,22542.95,3,4,1,1,,,,12836694,19078362.05
1777354200,24169.85,24169.85,24132.6,24148,24142.07129293483,24114.65339531899,0,0,0,24601.7,24096.05,23555.6,22719.3,22542.95,3,4,1,1,,,,15394000,19212382.5
1777355100,24148.15,24148.95,24057.9,24058,24125.257034347866,24109.50308665363,0,0,0,24601.7,24096.05,23555.6,22719.3,22542.95,3,4,1,1,,,,14477309,19347985.4
1777356000,24057.85,24086.75,24045.35,24085.4,24117.285627478293,24107.311896957846,0,0,0,24181.8,23813.65,,,,1,1,1,1,,,,15516083,19528141.7
1777356900,24086.45,24093.8,24055.6,24056,24105.028501982633,24102.647179052587,0,0,0,24181.8,23813.65,,,,1,1,1,1,,,,12305741,19554892.8
1777357800,24058.1,24058.6,24029.3,24048.25,24093.672801586108,24097.701980956896,0,0,0,24181.8,23813.65,,,,1,1,1,1,,,,15683214,19703181.05
1777358700,24046.85,24057.45,24003.85,24012.45,24077.428241268888,24089.951800869905,0,0,0,24181.8,23813.65,,,,1,1,1,1,,,,14861245,19818997.8
1777359600,24011.9,24031,23992.3,24029.85,24067.91259301511,24084.48800079082,0,0,0,24181.8,23813.65,,,,1,1,1,1,,,,15680457,19963803.45
1777360500,24030.8,24040.45,24006,24007.35,24055.800074412087,24077.475455264383,0,0,0,24181.8,23813.65,,,,1,1,1,1,,,,13547383,20109825.5
1777361400,24007.9,24034,23999.7,24017.6,24048.16005952967,24072.03223205853,0,0,0,24181.8,23813.65,,,,1,1,1,1,,,,14406033,20256233.05
1777362300,24018.7,24049,24018.05,24019.45,24042.418047623734,24067.252029144118,0,0,0,24181.8,23813.65,,,,1,1,1,1,,,,14349088,19998247.5
1777363200,24021.05,24022.05,23961.25,24002.65,24034.46443809899,24061.379117403743,0,0,0,24181.8,23813.65,,,,1,1,1,1,,,,17731116,19815666.05
1777364100,24003.05,24029.85,23985.75,24010.55,24029.681550479192,24056.75828854886,0,0,0,24181.8,23813.65,,,,1,1,1,1,,,,12939313,19004688.6
1777365000,24011.6,24011.75,23981.95,23981.95,24020.135240383355,24049.957535044417,0,0,0,24181.8,23813.65,,,,1,1,1,1,,,,13841917,17918085.2
1777365900,23983.2,24013.45,23972.95,23997.4,24015.588192306685,24045.179577313105,0,0,0,24181.8,23813.65,,,,1,1,1,1,,,,17662497,16468891.1
1777366800,23998.95,24036.6,23998.45,24032.2,24018.910553845348,24043.999615739187,0,0,0,24181.8,23813.65,,,,1,1,1,1,,,,19668699,16116428.1
1777367700,24032,24046.45,24019.1,24039.15,24022.958443076277,24043.55874158108,0,0,0,24181.8,23813.65,,,,1,1,1,1,,,,22579503,16082897.85
1777368600,24039.85,24042.45,23968.65,23972.45,24012.856754461023,24037.094310528257,0,0,0,24181.8,23813.65,,,,1,1,1,1,,,,48992912,17321408.95
1777369500,23972.75,24016.5,23957.05,24016.5,24013.585403568817,24035.222100480234,0,0,0,24181.8,23813.65,,,,1,1,1,1,,,,84234522,20597870.5
1777434300,24106.3,24123.55,24059.95,24111.55,24033.178322855052,24042.161000436576,0,0,0,24181.8,23813.65,,,,1,1,1,1,,,,79451521,23807962.35
1777435200,24110.45,24144.45,24087.35,24141.35,24054.81265828404,24051.17818221507,0,0,0,24181.8,23813.65,,,,1,1,1,1,,,,38940285,25113141.9
1777436100,24142.65,24180.5,24141.8,24173.2,24078.49012662723,24062.271074740973,0,0,0,24181.8,23813.65,,,,1,1,1,1,,,,25867572,25636820.5
1777437000,24174.6,24236.8,24174.6,24233.8,24109.552101301786,24077.864613400885,0,0,0,24181.8,23813.65,,,,1,1,1,1,,,,27147631,26270336.6
1777437900,24235.2,24296.3,24234.65,24290.15,24145.67168104143,24097.163284909897,0,0,0,24181.8,23813.65,,,,1,1,1,1,,,,25400086,26764536.75
1777438800,24290.4,24291.7,24263.1,24267.45,24170.027344833143,24112.643895372632,0,0,0,24181.8,23813.65,,,,1,1,1,1,,,,21270128,27212756.1
1777439700,24268.4,24290.65,24254.8,24287.1,24193.441875866512,24128.503541247846,0,0,0,24181.8,23813.65,,,,1,1,1,1,,,,21102544,27483722.6
1777440600,24288.25,24298.95,24273.1,24288.15,24212.38350069321,24143.01685567986,0,0,0,24181.8,23813.65,,,,1,1,1,1,,,,16441365,27562728.6
1777441500,24289.9,24295.35,24260,24263.25,24222.55680055457,24153.947141527144,0,0,0,24181.8,23813.65,,,,1,1,1,1,,,,16220996,27589755.55
1777442400,24266.1,24286.4,24263.5,24271.85,24232.415440443656,24164.665583206493,0,0,0,24181.8,23813.65,,,,1,1,1,1,,,,12346717,27529722.25
1777443300,24273.3,24277.85,24263.65,24276.95,24241.322352354924,24174.873257460447,0,0,0,24181.8,23813.65,,,,1,1,1,1,,,,13654600,27492150.6
1777444200,24278.2,24311.9,24267.55,24293.15,24251.68788188394,24185.62568860041,0,0,0,24181.8,23813.65,,,,1,1,1,1,,,,13848895,27467140.95
1777445100,24295.1,24317.1,24293.2,24307.1,24262.77030550715,24196.668807818554,0,0,0,24181.8,23813.65,,,,1,1,1,1,,,,10260295,27093599.9
1777446000,24309.35,24331.8,24305.5,24321.6,24274.53624440572,24208.02618892596,0,0,0,24181.8,23813.65,,,,1,1,1,1,,,,12581570,27075712.75
1777446900,24323.15,24329.7,24314.6,24316.85,24282.998995524576,24217.919262659965,0,0,0,24181.8,23813.65,,,,1,1,1,1,,,,12896047,27028419.25
1777447800,24318.95,24334.7,24311.5,24318.2,24290.03919641966,24227.03569332724,0,0,0,24181.8,23813.65,,,,1,1,1,1,,,,12611720,26775880.4
1777448700,24319.7,24325.85,24304.6,24305.2,24293.07135713573,24234.1415393884,0,0,0,24181.8,23813.65,,,,1,1,1,1,,,,11310061,26357948.5
1777449600,24307.25,24317,24267.5,24272.55,24288.967085708584,24237.63321762582,0,0,0,24181.8,23813.65,,,,1,1,1,1,,,,17067116,26082329.15
1777450500,24273.65,24283.3,24254.95,24254.95,24282.163668566867,24239.207470568927,0,0,0,24181.8,23813.65,,,,1,1,1,1,,,,17405058,24502936.45
1777451400,24256.2,24259.85,24197.45,24214.6,24268.650934853493,24236.970427789933,0,0,0,24181.8,23813.65,,,,1,1,1,1,,,,16316532,21107036.95
1777452300,24215.6,24217.5,24184.95,24186.7,24252.260747882796,24232.40038889994,0,0,0,24334.7,23813.65,,,,1,1,1,1,,,,11780909,17723506.35
1777453200,24188.45,24229.25,24182.1,24229.15,24247.638598306236,24232.104898999944,0,0,0,24334.7,23813.65,,,,1,1,1,1,,,,12274221,16390203.15
1777454100,24230.7,24230.7,24183.9,24185.45,24235.200878644988,24227.863544545402,0,0,0,24334.7,23813.65,,,,1,1,1,1,,,,12422262,15717937.65
1777455000,24187.35,24209.8,24168.65,24170.15,24222.190702915992,24222.616858677637,0,0,0,24334.7,23813.65,,,,1,1,1,1,,,,29773965,15849254.35
1777455900,24170,24171.4,24142.95,24163.6,24210.472562332794,24217.251689706944,0,0,0,24334.7,23813.65,,,,1,1,1,1,,,,38835927,16521046.4
1777520700,24019.15,24019.15,23872.75,23876.95,24143.768049866234,24186.315172460858,1,0,0,24334.7,23813.65,,,,2,1,1,1,1,,,55265756,18220827.8
1777521600,23874.1,23939.6,23864.55,23937.8,24102.574439892986,24163.722884055325,0,1,0,24334.7,23813.65,,,,3,1,1,1,,1,,24094784,18370439.8
1777522500,23938.3,23956.45,23875.35,23880.2,24058.099551914387,24137.948076413933,0,0,0,24334.7,23813.65,,,,3,1,1,1,,,,18071691,18451956.1
1777523400,23880,23880,23824.1,23828.6,24012.199641531508,24109.825524012667,0,0,0,24334.7,23813.65,,,,3,1,1,1,,,,23161532,18798982.9
1777524300,23828.7,23845.75,23800.65,23827.6,23975.279713225205,24084.168658193335,0,0,0,24334.7,23813.65,,,,3,1,1,1,,,,16645113,19013902.7
1777525200,23827.1,23857.3,23821.35,23843.7,23948.963770580165,24062.30787108485,0,0,0,24334.7,23813.65,,,,3,1,1,1,,,,15144013,19088373.35
1777526100,23842.5,23844.3,23799.05,23815.85,23922.341016464132,24039.902610077137,0,0,0,24334.7,23813.65,,,,3,1,1,1,,,,13752893,19083573.25
1777527000,23816.4,23833.1,23798.5,23799.9,23897.852813171306,24018.084190979214,0,0,0,24334.7,23813.65,,,,3,1,1,1,,,,10953409,19118228.95
1777527900,23800.9,23835.15,23796.85,23831.65,23884.612250537044,24001.135628162923,0,0,0,24334.7,23813.65,,,,3,1,1,1,,,,12782333,19128267.1
1777528800,23831.1,23853.15,23821.7,23835.65,23874.819800429636,23986.091480148112,0,0,0,24334.7,23813.65,,,,3,1,1,1,,,,16145438,19290736.65
1777529700,23835.05,23848.95,23826.3,23842.55,23868.365840343708,23973.042254680102,0,0,0,24334.7,23813.65,,,,3,1,1,1,,,,16119590,19466130.15
1777530600,23842.45,23899.75,23830.35,23899.75,23874.642672274967,23966.379322436456,0,0,0,24334.7,23813.65,,,,3,1,1,1,,,,19996534,19900453.8
1777531500,23899.05,23919.6,23873.3,23911.45,23882.004137819975,23961.385747669505,0,0,0,24334.7,23813.65,,,,3,1,1,1,,,,13252570,19709726.5
1777532400,23912,23918.35,23892.25,23912.95,23888.19331025598,23956.982497881367,0,0,0,24334.7,23813.65,,,,3,1,1,1,,,,10634467,19371196.95
1777533300,23912.65,23943.45,23912.55,23936.85,23897.924648204786,23955.15227080124,0,0,0,24334.7,23813.65,,,,3,1,1,1,,,,9856389,19048189.8
1777534200,23935.75,23956.3,23908.05,23950.15,23908.36971856383,23954.69751891022,0,0,0,24334.7,23813.65,,,,3,1,1,1,,,,13079901,19113139.4
1777535100,23948.85,23982.45,23938.35,23971.15,23920.925774851064,23956.19319900929,0,0,0,24334.7,23813.65,,,,3,1,1,1,,,,16156384,19307247.55
1777536000,23970.55,24031.7,23962.6,24029.8,23942.700619880852,23962.88472637208,0,0,0,24334.7,23813.65,,,,3,1,1,1,,,,17770819,19574675.4
1777536900,24029.05,24061.1,24011.6,24055.05,23965.17049590468,23971.263387610983,0,0,0,24334.7,23813.65,,,,3,1,1,1,,,,14313833,18801668.8
1777537800,24054.9,24057.6,24015.5,24022.85,23976.706396723745,23975.953079646348,0,0,0,24334.7,23813.65,,,,3,1,1,1,,,,14217666,17570755.75
1777538700,24021.5,24032.8,23984.45,24007.15,23982.795117378995,23978.78916331486,0,0,0,24334.7,23813.65,,,,3,1,1,1,,,,15753270,15595131.45
1777539600,24006.15,24087.45,24004.8,24075.1,24001.256093903197,23987.544693922602,0,0,0,24334.7,23813.65,,,,3,1,1,1,,,,16220834,15201433.95
1777540500,24074.75,24081.25,24013,24050.2,24011.04487512256,23993.24063083873,0,0,0,24334.7,23813.65,,,,3,1,1,1,,,,18794465,15237572.65
1777541400,24051.95,24051.95,23962.95,23991.3,24007.095900098047,23993.06420985339,0,0,0,24334.7,23813.65,,,,3,1,1,1,,,,49532321,16556112.1
1777542300,23992.1,24051.8,23984.65,24043.7,24014.41672007844,23997.667463503083,0,0,0,24334.7,23813.65,,,,3,1,1,1,,,,49440349,18195873.9
1777866300,24102.5,24245.85,24061.85,24214.55,24054.44337606275,24017.384057730076,0,0,0,24334.7,23813.65,,,,3,1,1,1,,,,53368183,20107082.4
1777867200,24215.6,24290.2,24181.05,24276.65,24098.8847008502,24040.953688845522,0,0,0,24334.7,23813.65,,,,3,1,1,1,,,,24266411,20632758.3
1777868100,24279.25,24283.8,24225.25,24246.2,24128.34776068016,24059.612444405022,0,0,0,24334.7,23813.65,,,,3,1,1,1,,,,17587979,20964486.8
1777869000,24247.25,24259.75,24172.45,24175.2,24137.718208544127,24070.120404004567,0,0,0,24334.7,23813.65,,,,3,1,1,1,,,,17586508,21204695.55
1777869900,24175.3,24196.85,24142.8,24196.65,24149.5045668353,24081.623094549606,0,0,0,24334.7,23813.65,,,,3,1,1,1,,,,13718136,21083330.45
1777870800,24197.5,24223.35,24172.2,24219.15,24163.43365346824,24094.12554049964,0,0,0,24334.7,23813.65,,,,3,1,1,1,,,,11986517,20876676.8
1777871700,24219.3,24240.65,24186.2,24187.25,24168.196922774594,24102.591400454217,0,0,0,24290.2,23796.85,,,,1,1,1,1,,,,10170564,20385378.3
1777872600,24188.3,24227.8,24175.65,24227.25,24180.007538219674,24113.924000412924,0,0,0,24290.2,23796.85,,,,1,1,1,1,,,,12368578,20341178.7
1777873500,24227.5,24242.25,24224.1,24237.4,24191.48603057574,24125.14909128448,0,0,0,24290.2,23796.85,,,,1,1,1,1,,,,25689101,21093910.4
1777874400,24237.3,24242.8,24218.55,24228.45,24198.878824460593,24134.540082985888,0,0,0,24290.2,23796.85,,,,1,1,1,1,,,,14405959,21321388.9
1777875300,24229,24249.15,24212.9,24221.05,24203.313059568474,24142.40462089626,0,0,0,24290.2,23796.85,,,,1,1,1,1,,,,12238396,21279313.65
1777876200,24222.5,24229.9,24115.8,24117,24186.05044765478,24140.09510990569,0,0,0,24290.2,23796.85,,,,1,1,1,1,,,,14633665,21203177.7
1777877100,24117.35,24154.1,24106.5,24132.8,24175.400358123825,24139.43191809608,0,0,0,24290.2,23796.85,,,,1,1,1,1,,,,13498235,20989548.5
1777878000,24132.65,24134.65,24098.55,24100.55,24160.43028649906,24135.897198269166,0,0,0,24290.2,23796.85,,,,1,1,1,1,,,,12178263,20882770
1777878900,24100.95,24119.05,24083.6,24103.8,24149.10422919925,24132.97927115379,0,0,0,24290.2,23796.85,,,,1,1,1,1,,,,13073352,20825554.3
1777879800,24104.2,24121.35,24090.55,24109.1,24141.103383359397,24130.808428321627,0,0,0,24290.2,23796.85,,,,1,1,1,1,,,,9055899,20490685.75
1777880700,24109.05,24111.75,24024.7,24025.25,24117.93270668752,24121.212207565117,0,0,0,24290.2,23796.85,,,,1,1,1,1,,,,12169718,20288129.95
1777881600,24023.25,24090.65,24004.75,24086.8,24111.706165350017,24118.0838250592,0,0,0,24290.2,23796.85,,,,1,1,1,1,,,,12524451,19974629.25
1777882500,24087,24108.9,24050.4,24072.25,24103.814932280013,24113.917113690182,0,0,0,24290.2,23796.85,,,,1,1,1,1,,,,9311006,17963563.5
1777883400,24074.8,24111.6,24053.8,24103.75,24103.80194582401,24112.992830627438,0,0,0,24290.2,23796.85,,,,1,1,1,1,,,,10447488,16013920.45
1777884300,24105,24149.7,24102.7,24122.7,24107.581556659206,24113.8753005704,0,0,0,24290.2,23796.85,,,,1,1,1,1,,,,11430112,13917016.9
1777885200,24123.75,24131.95,24072.15,24096,24105.265245327366,24112.250273245816,0,0,0,24290.2,23796.85,,,,1,1,1,1,,,,13582158,13382804.25
1777886100,24096.15,24111.5,24071,24089.25,24102.062196261893,24110.159339314378,0,0,0,24290.2,23796.85,,,,1,1,1,1,,,,13440874,13175449
1777887000,24091,24135.05,24074.95,24123.25,24106.299757009514,24111.349399376708,0,0,0,24290.2,23796.85,,,,1,1,1,1,,,,21897240,13390985.6
1777887900,24125.05,24135.45,24110.2,24123.8,24109.79980560761,24112.481272160643,0,0,0,24290.2,23796.85,,,,1,1,1,1,,,,34148391,14412498.35
1777952700,24055.6,24072.1,23949.4,23992.05,24086.249844486087,24101.532974691494,1,0,0,24290.2,23796.85,,,,2,1,1,1,1,,,26337166,15130030.8
1777953600,23990.6,24060.55,23988.1,24013.75,24071.74987558887,24093.552704264996,0,0,0,24290.2,23796.85,,,,2,1,1,1,,,,12977729,15270389.05
1777954500,24013.55,24055.45,24005.85,24043.05,24066.009900471097,24088.961549331812,0,0,0,24290.2,23796.85,,,,2,1,1,1,,,,13369648,15320442.55
1777955400,24042.55,24053.9,23978.5,23986,24050.007920376876,24079.601408483464,0,1,0,24290.2,23796.85,,,,3,1,1,1,,1,,11362510,14604113
1777956300,23986.1,23994.45,23944.65,23954.4,24030.8863363015,24068.219462257694,0,0,0,24290.2,23796.85,,,,3,1,1,1,,,,11395948,14453612.45
1777957200,23952.2,23966.8,23922.9,23937.95,24012.2990690412,24056.37678387063,0,0,0,24290.2,23796.85,,,,3,1,1,1,,,,10903625,14386873.9
1777958100,23937.25,23950.3,23914.35,23925.95,23995.02925523296,24044.519803518753,0,0,0,24290.2,23796.85,,,,3,1,1,1,,,,10286804,14169530.85
1777959000,23925.15,23952.75,23913.55,23939,23983.82340418637,24034.927094107956,0,0,0,24290.2,23796.85,,,,3,1,1,1,,,,17392534,14364245.8
1777959900,23937.8,23961.55,23924.35,23935.15,23974.088723349094,24025.85644918905,0,0,0,24290.2,23796.85,,,,3,1,1,1,,,,10315267,14271096
1777960800,23935.3,23966.75,23916.05,23916.05,23962.480978679276,24015.87404471732,0,0,0,24290.2,23796.85,,,,3,1,1,1,,,,11809172,14207887
1777961700,23915.4,23919.2,23882.05,23888.95,23947.77478294342,24004.335495197563,0,0,0,24290.2,23796.85,,,,3,1,1,1,,,,9351615,14222672.8
1777962600,23888.15,23949.3,23888.15,23946.45,23947.509826354737,23999.07317745233,0,0,0,24290.2,23796.85,,,,3,1,1,1,,,,11252077,14176790.75
1777963500,23945.95,23977.95,23940.85,23943.2,23946.64786108379,23993.993797683936,0,0,0,24290.2,23796.85,,,,3,1,1,1,,,,9747410,14037938.7
1777964400,23943.9,23974.45,23933.8,23952.85,23947.888288867034,23990.25345243994,0,0,0,24290.2,23796.85,,,,3,1,1,1,,,,16052231,14374999.95
1777965300,23952.55,24014.25,23952.55,24011.9,23960.69063109363,23992.221320399945,0,0,0,24290.2,23796.85,,,,3,1,1,1,,,,12159701,14460610.6
1777966200,24012.6,24080.75,24010.65,24068.8,23982.312504874903,23999.183018545406,0,0,0,24290.2,23796.85,,,,3,1,1,1,,,,17190923,14748651.15
1777967100,24067.35,24081.7,24030.6,24039.95,23993.84000389992,24002.88910776855,0,0,0,24290.2,23796.85,,,,3,1,1,1,,,,17216898,14930388.15
1777968000,24041.4,24056.7,24016.65,24050.45,24005.162003119938,24007.212825244136,0,0,0,24290.2,23796.85,,,,3,1,1,1,,,,12845982,14900643.55
1777968900,24051.15,24062.15,24020.5,24038.1,24011.74960249595,24010.020750221942,0,0,0,24290.2,23796.85,,,,3,1,1,1,,,,14647594,14538161.25
1777969800,24035.85,24047.8,24002.15,24016.8,24012.759681996762,24010.63704565631,0,0,0,24290.2,23796.85,,,,3,1,1,1,,,,10582193,13359851.35
1777970700,24017.2,24061,24013.1,24058.3,24021.86774559741,24014.970041505734,0,0,0,24290.2,23796.85,,,,3,1,1,1,,,,11954537,12640719.9
1777971600,24059.3,24060.65,24019.4,24042.1,24025.914196477926,24017.43640136885,0,0,0,24290.2,23796.85,,,,3,1,1,1,,,,13664707,12675068.8
1777972500,24041.55,24045.8,23999.6,24010.8,24022.89135718234,24016.8330921535,0,0,0,24290.2,23796.85,,,,3,1,1,1,,,,13199350,12666553.9
1777973400,24011.9,24043.85,23997.85,24041.65,24026.643085745873,24019.089174685003,0,0,0,24290.2,23796.85,,,,3,1,1,1,,,,27620892,13479473
1777974300,24044,24059.7,24037.05,24052.15,24031.7444685967,24022.094704259092,0,0,0,24290.2,23796.85,,,,3,1,1,1,,,,28367572,14328054.2
1778039100,24183.5,24250.85,24156.95,24171.6,24059.71557487736,24035.686094780995,0,0,0,24290.2,23796.85,,,,3,1,1,1,,,,34584182,15512082.05
1778040000,24174.6,24185.25,24131.75,24138.45,24075.462459901886,24045.02826798272,0,0,0,24290.2,23796.85,,,,3,1,1,1,,,,15917764,15793630.05
1778040900,24139.85,24165.85,24121.1,24140.3,24088.429967921507,24053.689334529747,0,0,0,24290.2,23796.85,,,,3,1,1,1,,,,12749163,15561461.5
1778041800,24140.6,24141.6,24096.5,24137.3,24098.203974337204,24061.290304117952,0,0,0,24290.2,23796.85,,,,3,1,1,1,,,,10748817,15583139
1778042700,24137,24155.4,24121.75,24136.4,24105.843179469764,24068.11845828905,0,0,0,24290.2,23796.85,,,,3,1,1,1,,,,12864464,15635903.6
1778043600,24135.5,24150.15,24111.9,24142.85,24113.244543575813,24074.912234808227,0,0,0,24250.85,23882.05,,,,1,1,1,1,,,,9196957,15628170.7
1778044500,24142.75,24143.15,24091.15,24095.75,24109.74563486065,24076.80657709839,0,0,0,24250.85,23882.05,,,,1,1,1,1,,,,11078602,15619496.95
1778045400,24095.95,24104.65,24073.2,24089.3,24105.65650788852,24077.942342816717,0,0,0,24250.85,23882.05,,,,1,1,1,1,,,,9647399,15614496.4
1778046300,24089.15,24112.5,24081.55,24112.5,24107.025206310816,24081.0839480152,0,0,0,24250.85,23882.05,,,,1,1,1,1,,,,9400039,15281886.8
1778047200,24111.95,24117.35,24069.45,24096.8,24104.98016504865,24082.512680013817,0,0,0,24250.85,23882.05,,,,1,1,1,1,,,,11847042,15266253.85
1778048100,24097.1,24114.15,24090.6,24097.35,24103.45413203892,24083.861527285288,0,0,0,24250.85,23882.05,,,,1,1,1,1,,,,8713025,14842358.95
1778049000,24097.2,24099.75,24075.35,24082.8,24099.323305631136,24083.76502480481,0,0,0,24250.85,23882.05,,,,1,1,1,1,,,,7567768,14359902.45
1778049900,24081.75,24081.75,24029.75,24054.65,24090.38864450491,24081.11820436801,0,0,0,24250.85,23882.05,,,,1,1,1,1,,,,19100689,14672637.8
1778050800,24054.15,24055.5,24019.7,24022.3,24076.770915603927,24075.77109488001,0,0,0,24250.85,23882.05,,,,1,1,1,1,,,,10230436,14451779.9
1778051700,24022,24025.35,23997.9,24023.1,24066.036732483142,24070.98281352728,0,0,0,24250.85,23882.05,,,,1,1,1,1,,,,10302643,14437802.4
1778052600,24022.65,24044.15,23999.65,24040.65,24060.959385986513,24068.2252850248,0,0,0,24250.85,23882.05,,,,1,1,1,1,,,,10109384,14345544.75
1778053500,24039.9,24085.8,24036.3,24075.35,24063.83750878921,24068.87298638618,0,0,0,24250.85,23882.05,,,,1,1,1,1,,,,11003199,14212469.35
1778054400,24076.6,24109.95,24074.65,24100.9,24071.25000703137,24071.784533078346,0,0,0,24250.85,23882.05,,,,1,1,1,1,,,,13531940,14229098.85
1778055300,24099.25,24120.25,24094.15,24106.95,24078.390005625097,24074.98139370759,0,0,0,24250.85,23882.05,,,,1,1,1,1,,,,11759759,13436042.2
1778056200,24106.8,24133.35,24096.4,24133.35,24089.382004500076,24080.287630643263,0,0,0,24250.85,23882.05,,,,1,1,1,1,,,,10686104,12551968.8
1778057100,24134.05,24332.05,24133.4,24311.65,24133.835603600062,24101.320573312056,0,0,0,24250.85,23882.05,,,,1,1,1,1,,,,31515348,12398527.1
1778058000,24314.7,24337.8,24277.9,24334.35,24173.93848288005,24122.50506664732,0,0,0,24250.85,23882.05,,,,1,1,1,1,,,,26639119,12934594.85
1778058900,24334.65,24356.5,24320.8,24348.25,24208.80078630404,24143.027333315746,0,0,0,24250.85,23882.05,,,,1,1,1,1,,,,30885490,13841411.2
1778059800,24349,24353.8,24313.85,24321.35,24231.310629043233,24159.238484832495,0,0,0,24250.85,23882.05,,,,1,1,1,1,,,,40917303,15349835.5
1778060700,24321.75,24346.6,24317.05,24339.3,24252.908503234587,24175.607713484085,0,0,0,24250.85,23882.05,,,,1,1,1,1,,,,45512891,16982256.85
1778125500,24398.35,24423.35,24300.7,24334.15,24269.15680258767,24190.020648621896,0,0,0,24250.85,23882.05,,,,1,1,1,1,,,,41006372,18572727.6
1778126400,24334.8,24402.15,24320.15,24397.35,24294.795442070135,24208.868771474452,0,0,0,24250.85,23882.05,,,,1,1,1,1,,,,18785967,18958095.85
1778127300,24396.9,24401.4,24325.65,24342.95,24304.42635365611,24221.057974067684,0,0,0,24250.85,23882.05,,,,1,1,1,1,,,,18512083,19401330.05
1778128200,24343,24378.7,24310,24323.65,24308.271082924886,24230.384521879714,0,0,0,24250.85,23882.05,,,,1,1,1,1,,,,21155884,19989122.3
1778129100,24324.65,24368.9,24321.6,24360.3,24318.67686633991,24242.19501989065,0,0,0,24250.85,23882.05,,,,1,1,1,1,,,,15803332,20186936.8
1778130000,24361.5,24375.55,24352.85,24373.45,24329.631493071927,24254.12729080968,0,0,0,24423.35,23997.9,23882.05,23796.85,,1,1,1,1,,,,11761571,20339364.1
1778130900,24372.5,24379.05,24332.45,24340.85,24331.87519445754,24262.011173463346,0,0,0,24423.35,23997.9,23882.05,23796.85,,1,1,1,1,,,,11142181,20518084.75
1778131800,24341,24343.75,24310.05,24317.75,24329.050155566034,24267.078339512133,0,0,0,24423.35,23997.9,23882.05,23796.85,,1,1,1,1,,,,9757103,20050905.45
1778132700,24318.2,24332.25,24289.45,24306.45,24324.530124452827,24270.657581374668,0,0,0,24423.35,23997.9,23882.05,23796.85,,1,1,1,1,,,,9478697,20013318.5
1778133600,24306.95,24349.8,24288.1,24288.5,24317.324099562262,24272.279619431516,0,0,0,24423.35,23997.9,23882.05,23796.85,,1,1,1,1,,,,11610239,20078698.3
1778134500,24287.8,24346.85,24284,24340.55,24321.96927964981,24278.486017665015,0,0,0,24423.35,23997.9,23882.05,23796.85,,1,1,1,1,,,,11697870,20158122.6
1778135400,24339.7,24369.9,24339.7,24361.55,24329.885423719847,24286.037288786378,0,0,0,24423.35,23997.9,23882.05,23796.85,,1,1,1,1,,,,10381095,20127017.4
1778136300,24362.45,24383.65,24355.15,24355.15,24334.938338975877,24292.32026253307,0,0,0,24423.35,23997.9,23882.05,23796.85,,1,1,1,1,,,,9989217,19949881.25
1778137200,24355.25,24482.1,24329.7,24463.15,24360.5806711807,24307.85023866643,0,0,0,24423.35,23997.9,23882.05,23796.85,,1,1,1,1,,,,19657382,20344762.4
1778138100,24462.85,24471.6,24377.7,24388.25,24366.114536944562,24315.159307878574,0,0,0,24423.35,23997.9,23882.05,23796.85,,1,1,1,1,,,,15068404,20563877.4
1778139000,24387.65,24420.55,24376.9,24389.7,24370.83162955565,24321.93573443507,0,0,0,24423.35,23997.9,23882.05,23796.85,,1,1,1,1,,,,13748395,19675529.75
1778139900,24388.65,24399.5,24324.55,24353.35,24367.33530364452,24324.79157675915,0,0,0,24423.35,23997.9,23882.05,23796.85,,1,1,1,1,,,,10476074,18867377.5
1778140800,24353.55,24364.2,24331.65,24349.75,24363.818242915615,24327.0605243265,0,0,0,24423.35,23997.9,23882.05,23796.85,,1,1,1,1,,,,13515705,17998888.25
1778141700,24348.6,24374.8,24337.9,24368.65,24364.784594332494,24330.841385751366,0,0,0,24482.1,23997.9,23882.05,23796.85,,1,1,1,1,,,,9744895,16440267.85
1778142600,24368.05,24375.65,24337.1,24361.65,24364.157675465995,24333.642168864877,0,0,0,24482.1,23997.9,23882.05,23796.85,,1,1,1,1,,,,11388613,14734053.95
1778143500,24361.25,24381.1,24333.35,24376.9,24366.706140372797,24337.57469896807,0,0,0,24482.1,23997.9,23882.05,23796.85,,1,1,1,1,,,,14097125,13388591.6
1778144400,24376.5,24385.3,24334.1,24339.45,24361.25491229824,24337.745180880065,0,0,0,24482.1,23997.9,23882.05,23796.85,,1,1,1,1,,,,16030070,13250796.75
1778145300,24339.55,24362.7,24323.05,24352.65,24359.53392983859,24339.100164436422,0,0,0,24482.1,23997.9,23882.05,23796.85,,1,1,1,1,,,,12109297,12930657.45
1778146200,24353.1,24363.1,24293.4,24303.1,24348.247143870874,24335.82742221493,0,0,0,24482.1,23997.9,23882.05,23796.85,,1,1,1,1,,,,64423369,15094031.7
1778147100,24303.25,24339.05,24299.4,24336.4,24345.8777150967,24335.879474740846,0,0,0,24482.1,23997.9,23882.05,23796.85,,1,1,1,1,,,,35987871,16103258.65
1778211900,24246.05,24253.8,24158.15,24244.15,24325.53217207736,24327.540431582587,1,0,0,24482.1,23997.9,23882.05,23796.85,,2,2,1,1,1,,,33326921,17181526.15
1778212800,24244.3,24244.95,24167.75,24167.75,24293.975737661887,24313.014028711445,0,1,0,24482.1,23997.9,23882.05,23796.85,,3,2,1,1,,1,,17204735,17484653.85
1778213700,24169.05,24199.65,24138.4,24198.45,24274.87059012951,24302.599117010403,0,0,0,24482.1,23997.9,23882.05,23796.85,,3,2,1,1,,,,13494682,17671532.8
1778214600,24199.15,24213.7,24175.1,24211.3,24262.15647210361,24294.299197282184,0,0,0,24482.1,23997.9,23882.05,23796.85,,3,2,1,1,,,,8947589,17644977.4
1778215500,24213.8,24243.95,24181.25,24238.05,24257.335177682886,24289.185633892896,0,0,0,24482.1,23997.9,23882.05,23796.85,,3,2,1,1,,,,10494891,17589210
1778216400,24238.85,24242.55,24226.35,24232.25,24252.31814214631,24284.00966717536,0,0,0,24482.1,23997.9,23882.05,23796.85,,3,2,1,1,,,,8351545,17421893.75
1778217300,24233.65,24239.85,24195.95,24195.95,24241.044513717046,24276.00424288669,0,0,0,24482.1,23997.9,23882.05,23796.85,,3,2,1,1,,,,7160187,17260848.35
1778218200,24197.8,24237.05,24193.85,24233,24239.435610973636,24272.094766260627,0,0,0,24482.1,23997.9,23882.05,23796.85,,3,2,1,1,,,,9282826,17225528.8
1778219100,24234.8,24241.65,24195.95,24198.35,24231.218488778908,24265.39069660057,0,0,0,24482.1,23997.9,23882.05,23796.85,,3,2,1,1,,,,7138819,16599600.65
1778220000,24199.9,24212.95,24185.6,24199.45,24224.864791023127,24259.3960878187,0,0,0,24482.1,23997.9,23882.05,23796.85,,3,2,1,1,,,,8035543,16247957.6
1778220900,24200.6,24209.8,24190.2,24205.85,24221.0618328185,24254.528261653362,0,0,0,24482.1,23997.9,23882.05,23796.85,,3,2,1,1,,,,8927788,16006927.25
1778221800,24206,24212,24172.2,24184.2,24213.6894662548,24248.13478332124,0,0,0,24482.1,23997.9,23882.05,23796.85,,3,2,1,1,,,,8061016,15886174.35
1778222700,24185.2,24198.45,24170.05,24196.1,24210.17157300384,24243.404348473854,0,0,0,24482.1,23997.9,23882.05,23796.85,,3,2,1,1,,,,9200533,15670415.75
1778223600,24195.25,24196.6,24164.1,24164.3,24200.997258403073,24236.21304406714,0,0,0,24482.1,23997.9,23882.05,23796.85,,3,2,1,1,,,,7559527,15561147.35
1778224500,24166,24175.7,24150.95,24163.4,24193.477806722458,24229.593676424673,0,0,0,24482.1,23997.9,23882.05,23796.85,,3,2,1,1,,,,7610716,15372252.5
1778225400,24165.55,24178.05,24157.4,24167,24188.182245377968,24223.90334220425,0,0,0,24482.1,23997.9,23882.05,23796.85,,3,2,1,1,,,,9934125,15164102.5
1778226300,24169.55,24198.4,24156.9,24195.45,24189.635796302373,24221.316674731133,0,0,0,24482.1,23997.9,23882.05,23796.85,,3,2,1,1,,,,7789934,14752095.7
1778227200,24196.65,24202.65,24166.5,24170.95,24185.898637041897,24216.737886119212,0,0,0,24482.1,23997.9,23882.05,23796.85,,3,2,1,1,,,,7274016,14510331.65
1778228100,24173.35,24181.25,24128.35,24137.2,24176.15890963352,24209.507169199285,0,0,0,24482.1,23997.9,23882.05,23796.85,,3,2,1,1,,,,12372906,11907808.5
1778229000,24139.15,24179.5,24126.65,24145.85,24170.097127706817,24203.720153817532,0,0,0,24482.1,23997.9,23882.05,23796.85,,3,2,1,1,,,,20402502,11128540.05
1778229900,24147.35,24170.75,24141.75,24169.65,24170.007702165454,24200.62286710685,0,0,0,24482.1,23997.9,23882.05,23796.85,,3,2,1,1,,,,17819420,10353165
1778230800,24171,24235.85,24168.55,24231.7,24182.346161732363,24203.448061006227,0,0,0,24482.1,23997.9,23882.05,23796.85,,3,2,1,1,,,,19945802,10490218.35
1778231700,24233.55,24240.25,24206.6,24213.65,24188.60692938589,24204.375510005662,0,0,0,24482.1,23997.9,23882.05,23796.85,,3,2,1,1,,,,15436494,10587308.95
1778232600,24215.1,24215.1,24168.35,24180.85,24187.05554350871,24202.236827277873,0,0,0,24482.1,23997.9,23882.05,23796.85,,3,2,1,1,,,,23951489,11337503.95
1778233500,24180.6,24196.9,24163.5,24179.8,24185.60443480697,24200.197115707157,0,0,0,24482.1,23997.9,23882.05,23796.85,,3,2,1,1,,,,31377059,12381612.35
1778471100,23970.05,23986.8,23895.55,23953.25,24139.133547845577,24177.747377915595,0,1,0,24482.1,23997.9,23882.05,23796.85,,3,3,4,1,,1,,38310917,13879580.95
1778472000,23952.2,23959.55,23864.1,23865.65,24084.436838276462,24149.374889014176,0,0,0,24482.1,23997.9,23882.05,23796.85,,3,3,4,1,,,,20389537,14541048.45
1778472900,23866.15,23899.95,23864.2,23874.25,24042.39947062117,24124.363535467433,0,0,0,24482.1,23997.9,23882.05,23796.85,,3,3,4,1,,,,16513967,14902605.5
1778473800,23874.6,23903.7,23873.25,23893.4,24012.599576496938,24103.36685042494,0,0,0,24482.1,23997.9,23882.05,23796.85,,3,3,4,1,,,,12413642,15166346.65
1778474700,23894.75,23896.25,23845.3,23869.2,23983.91966119755,24082.078954931763,0,0,0,24482.1,23997.9,23882.05,23796.85,,3,3,4,1,,,,13459204,15437529.7
1778475600,23868.45,23874.8,23847.45,23860.1,23959.155728958038,24061.899049937965,0,0,0,24482.1,23997.9,23882.05,23796.85,,3,3,4,1,,,,11128145,15547547.55
1778476500,23859.95,23892.5,23850.85,23886.95,23944.71458316643,24045.994590852697,0,0,0,24482.1,23997.9,23882.05,23796.85,,3,3,4,1,,,,12220802,15755536.85
1778477400,23887,23922.55,23878.55,23914.6,23938.691666533145,24034.049628047906,0,0,0,24482.1,23997.9,23882.05,23796.85,,3,3,4,1,,,,11385144,15864767.4
1778478300,23915,23942.95,23910.4,23927.8,23936.513333226514,24024.39057095264,0,0,0,24482.1,23997.9,23882.05,23796.85,,3,3,4,1,,,,13580322,16165807.15
1778479200,23928.2,23952.7,23907.25,23949.4,23939.09066658121,24017.573246320582,0,0,0,24482.1,23997.9,23882.05,23796.85,,3,3,4,1,,,,11203468,16345444.75
1778480100,23949.55,23956.9,23920.35,23930.9,23937.45253326497,24009.693860291438,0,0,0,24482.1,23997.9,23882.05,23796.85,,3,3,4,1,,,,10842612,16390869.1
1778481000,23931.25,23943.95,23920.3,23935.55,23937.072026611975,24002.95350935585,0,0,0,24482.1,23997.9,23882.05,23796.85,,3,3,4,1,,,,10552291,16528986.95
1778481900,23935.2,23945.05,23926.65,23929.05,23935.46762128958,23996.23500850532,0,0,0,24482.1,23997.9,23882.05,23796.85,,3,3,4,1,,,,11843181,16757445.2
1778482800,23928.9,23954.95,23902.45,23950.35,23938.444097031665,23992.063644095742,0,0,0,24482.1,23997.9,23882.05,23796.85,,3,3,4,1,,,,12416100,16759604.9
1778483700,23949.7,23954.65,23932,23945.55,23939.865277625333,23987.83513099613,0,0,0,24482.1,23997.9,23882.05,23796.85,,3,3,4,1,,,,9538232,16216391.4
1778484600,23945.4,23949.8,23905.05,23949.8,23941.852222100268,23984.37739181466,0,0,0,24482.1,23997.9,23882.05,23796.85,,3,3,4,1,,,,12509962,15950918.5
1778485500,23949.9,23953.3,23934.5,23946.35,23942.751777680212,23980.920356195147,0,0,0,24482.1,23997.9,23882.05,23796.85,,3,3,4,1,,,,8457071,15376481.95
1778486400,23946.1,23988.25,23943.35,23965.45,23947.29142214417,23979.513960177406,0,0,0,24482.1,23997.9,23882.05,23796.85,,3,3,4,1,,,,11268776,15168096.05
1778487300,23966.55,23997.45,23965.7,23966.45,23951.123137715338,23978.326327434006,0,0,0,24482.1,23997.9,23882.05,23796.85,,3,3,4,1,,,,11289359,14534989.55
1778488200,23966.8,23973.5,23943.1,23946.3,23950.15851017227,23975.414843121824,0,0,0,24482.1,23997.9,23882.05,23796.85,,3,3,4,1,,,,11162350,13524254.1
1778489100,23945.25,23954.1,23922.15,23931.9,23946.506808137816,23971.458948292566,0,0,0,24482.1,23997.9,23882.05,23796.85,,3,3,4,1,,,,14595596,12338488.05
1778490000,23931.95,23957.85,23904.2,23916.35,23940.475446510252,23966.449043902332,0,0,0,24482.1,23997.9,23882.05,23796.85,,3,3,4,1,,,,13570613,11997541.85
1778490900,23916.6,23924.35,23875.9,23875.9,23927.560357208204,23958.217312638484,0,0,0,24482.1,23997.9,23882.05,23796.85,,3,3,4,1,,,,18828781,12113282.55
1778491800,23878.55,23879.7,23801.4,23805.75,23903.198285766564,23944.35664785317,0,0,0,24482.1,23997.9,23882.05,23796.85,,3,3,4,1,,,,33465494,13165875.15
1778492700,23806.2,23820.35,23799.1,23820.35,23886.628628613253,23933.083316230153,0,0,0,24482.1,23997.9,23882.05,23796.85,,3,3,4,1,,,,36530398,14319434.85
1778557500,23727.35,23757.55,23633.1,23638.3,23836.962902890602,23906.284832936504,0,0,0,24482.1,23997.9,23882.05,23796.85,,3,3,4,1,,,,43275443,15926799.75
1778558400,23638.95,23657.85,23617.7,23640.65,23797.70032231248,23882.13621176046,0,0,0,24482.1,23997.9,23882.05,23796.85,,3,3,4,1,,,,21507191,16391119.2
1778559300,23640.75,23652.2,23624.55,23625.85,23763.330257849986,23858.837465236782,0,0,0,24482.1,23997.9,23882.05,23796.85,,3,3,4,1,,,,19247125,16784218.25
1778560200,23627,23655.4,23613.55,23651.4,23740.94420627999,23839.97951385162,0,0,0,24482.1,23997.9,23882.05,23796.85,,3,3,4,1,,,,15533117,16881858
1778561100,23652.05,23675.2,23605.05,23613.25,23715.40536502399,23819.36773986511,0,0,0,24482.1,23997.9,23882.05,23796.85,,3,3,4,1,,,,13644375,17003903.35
1778562000,23613.55,23638.65,23596.35,23627.55,23697.834292019194,23801.929763513734,0,0,0,24482.1,23997.9,23882.05,23796.85,,3,3,4,1,,,,17346140,17329079.75
1778562900,23628.05,23629.6,23599.3,23614.7,23681.207433615356,23784.908875921577,0,0,0,24482.1,23997.9,23882.05,23796.85,,3,3,4,1,,,,12321909,17417560.65
1778563800,23615.1,23615.65,23577.85,23589.35,23662.835946892286,23767.130796292342,0,0,0,24482.1,23997.9,23882.05,23796.85,,3,3,4,1,,,,14391268,17544965
1778564700,23589.6,23613.4,23585.85,23588.9,23648.04875751383,23750.9279966294,0,0,0,24482.1,23997.9,23882.05,23796.85,,3,3,4,1,,,,15230970,17685708.5
1778565600,23589.5,23607.65,23578.65,23602.7,23638.979006011064,23737.452724208546,0,0,0,24482.1,23997.9,23882.05,23796.85,,3,3,4,1,,,,10791491,17748371.45
1778566500,23603.95,23612.85,23584.35,23597.5,23630.68320480885,23724.729749280497,0,0,0,24482.1,23997.9,23882.05,23796.85,,3,3,4,1,,,,10883267,17667036.7
1778567400,23598.45,23599.55,23551.3,23557.8,23616.10656384708,23709.554317527723,0,0,0,24482.1,23997.9,23882.05,23796.85,,3,3,4,1,,,,10651269,17776746.6
1778568300,23559.5,23580.05,23554.7,23557.3,23604.345251077662,23695.713015934292,0,0,0,24482.1,23997.9,23882.05,23796.85,,3,3,4,1,,,,11084904,17767553
1778569200,23557.8,23558.95,23508.35,23526.15,23588.70620086213,23680.298196303902,0,0,0,24482.1,23997.9,23882.05,23796.85,,3,3,4,1,,,,11250308,17765600.45
1778570100,23527.25,23540.1,23513.3,23524.55,23575.874960689704,23666.139269367184,0,0,0,24482.1,23997.9,23882.05,23796.85,,3,3,4,1,,,,9868302,17700898.05
1778571000,23525.15,23536.8,23506,23536.8,23568.059968551763,23654.381153970167,0,0,0,24482.1,23997.9,23882.05,23796.85,,3,3,4,1,,,,11732992,17557767.85
1778571900,23538.05,23564.05,23524.25,23531.05,23560.65797484141,23643.16923088197,0,0,0,24482.1,23997.9,23882.05,23796.85,,3,3,4,1,,,,14005989,17579536.65
1778572800,23532.45,23550.2,23496.55,23506.8,23549.88637987313,23630.772028074516,0,0,0,24482.1,23997.9,23882.05,23796.85,,3,3,4,1,,,,12189777,17247586.45
1778573700,23510.05,23530.85,23489.4,23491.5,23538.2091038985,23618.110934613196,0,0,0,24482.1,23997.9,23882.05,23796.85,,3,3,4,1,,,,12269474,16187785.45
1778574600,23492.8,23496.9,23447.85,23457.5,23522.067283118802,23603.50994055745,0,0,0,24482.1,23997.9,23882.05,23796.85,,3,3,4,1,,,,14611807,15091855.9
1778575500,23458.75,23492.7,23452.1,23468.6,23511.37382649504,23591.245400506774,0,0,0,24482.1,23997.9,23882.05,23796.85,,3,3,4,1,,,,13903969,13623282.2
1778576400,23469.35,23472.25,23434.45,23463.6,23501.81906119603,23579.641273187975,0,0,0,24482.1,23997.9,23882.05,23796.85,,3,3,4,1,,,,15667935,13331319.4
1778577300,23464.9,23474.6,23413.5,23421.25,23485.705248956823,23565.242066534523,0,0,0,24482.1,23997.9,23882.05,23796.85,,3,3,4,1,,,,22042713,13471098.8
1778578200,23422.5,23423.65,23348.4,23354.8,23459.52419916546,23546.11096957684,0,0,0,24482.1,23997.9,23882.05,23796.85,,3,3,4,1,,,,51203838,15254634.85
1778579100,23356,23434.85,23355.6,23430.55,23453.729359332367,23535.605426888036,0,0,0,24482.1,23997.9,23882.05,23796.85,,3,3,4,1,,,,40208428,16582837.5
1778643900,23366.1,23503.8,23365.8,23367.05,23436.39348746589,23520.28220626185,0,0,0,24482.1,23997.9,23882.05,23796.85,,3,3,4,1,,,,38963676,17663714.3
1778644800,23367.7,23387.65,23262.55,23308.5,23410.814789972712,23501.029278419865,0,0,0,24482.1,23997.9,23882.05,23796.85,,3,3,4,1,,,,20065938,18050915.75
1778645700,23308.9,23389.7,23287.1,23372.45,23403.14183197817,23489.340253108967,0,0,0,24482.1,23997.9,23882.05,23796.85,,3,3,4,1,,,,17314237,18197064.2
1778646600,23371.15,23426.25,23354.15,23403.05,23403.123465582536,23481.495684644517,0,0,0,24482.1,23997.9,23882.05,23796.85,,3,3,4,1,,,,15236979,18197364.65
1778647500,23403.2,23477.8,23398.45,23452.45,23412.98877246603,23478.855167858652,0,0,0,24482.1,23997.9,23882.05,23796.85,,3,3,4,1,,,,18335245,18574552.35
1778648400,23452.25,23478.6,23423.6,23464,23423.191017972822,23477.50469805332,0,0,0,24482.1,23997.9,23882.05,23796.85,,3,3,4,1,,,,15301192,18795448.6
1778649300,23464.05,23472.45,23374.8,23374.8,23413.512814378257,23468.1679073212,0,0,0,24482.1,23997.9,23882.05,23796.85,,3,3,4,1,,,,12689903,18897380.3
1778650200,23373.9,23409.4,23368.05,23403.95,23411.600251502605,23462.329915746544,0,0,0,24482.1,23997.9,23882.05,23796.85,,3,3,4,1,,,,14058630,19046066.6
1778651100,23403.8,23416.45,23392.75,23399,23409.080201202083,23456.572650678678,0,0,0,24482.1,23997.9,23882.05,23796.85,,3,3,4,1,,,,9525927,18959847.55
1778652000,23399.85,23498.85,23395.7,23498.6,23426.984160961667,23460.393318798797,0,0,0,24482.1,23997.9,23882.05,23796.85,,3,3,4,1,,,,13027311,19117798
1778652900,23499,23509.9,23466,23466.1,23434.807328769333,23460.912107998905,0,0,0,24482.1,23997.9,23882.05,23796.85,,3,3,4,1,,,,11891059,19125701.35
1778653800,23465.45,23514.15,23465.45,23512.75,23450.395863015467,23465.62464363537,0,0,0,24482.1,23997.9,23882.05,23796.85,,3,3,4,1,,,,12571512,19053977.5
1778654700,23511.95,23518.7,23479.05,23491,23458.516690412373,23467.93149421397,0,0,0,24482.1,23997.9,23882.05,23796.85,,3,3,4,1,,,,12741865,19081581.9
1778655600,23489.5,23497.05,23423.3,23453.9,23457.5933523299,23466.655903830884,0,0,0,24482.1,23997.9,23882.05,23796.85,,3,3,4,1,,,,13930041,19164610.25
1778656500,23453.55,23579.6,23449.65,23577.95,23481.66468186392,23476.773548937166,0,0,0,24482.1,23997.9,23882.05,23796.85,,3,3,4,1,,,,15146324,19191336.1
1778657400,23578.1,23582.95,23528.3,23538.5,23493.031745491135,23482.385044488332,0,0,0,24482.1,23997.9,23882.05,23796.85,,3,3,4,1,,,,13746625,19183468.9
1778658300,23538,23538.95,23490.55,23496.75,23493.775396392906,23483.69094953485,0,0,0,24482.1,23997.9,23882.05,23796.85,,3,3,4,1,,,,10099127,18905028.5
1778659200,23492.05,23540.5,23492.05,23523.35,23499.690317114324,23487.29631775895,0,0,0,24482.1,23997.9,23882.05,23796.85,,3,3,4,1,,,,8982744,18252030.05
1778660100,23522.05,23535,23480.25,23499.8,23499.712253691458,23488.433016144503,0,0,0,24482.1,23997.9,23882.05,23796.85,,3,3,4,1,,,,10007540,16192215.15
1778661000,23499.85,23525,23481.8,23516.8,23503.129802953164,23491.01183285864,0,0,0,24482.1,23997.9,23882.05,23796.85,,3,3,4,1,,,,12601430,14811865.25
1778661900,23516.5,23522.4,23469.8,23491.35,23500.77384236253,23491.042575326035,0,0,0,24482.1,23997.9,23882.05,23796.85,,3,3,4,1,,,,13574699,13542416.4
1778662800,23491.05,23504.4,23465.2,23467.5,23494.119073890026,23488.902341205485,0,0,0,24482.1,23997.9,23882.05,23796.85,,3,3,4,1,,,,17948906,13436564.8
1778663700,23468.2,23490.85,23446.65,23479.2,23491.13525911202,23488.020310186803,0,0,0,24482.1,23997.9,23882.05,23796.85,,3,3,4,1,,,,15913285,13366517.2
1778664600,23476.75,23478.7,23402.85,23425.7,23478.048207289616,23482.35482744255,0,0,0,24482.1,23997.9,23882.05,23796.85,,3,3,4,1,,,,31861436,14197740.05
1778665500,23425.4,23436.95,23394.35,23428.7,23468.17856583169,23477.477115856862,0,0,0,24482.1,23997.9,23882.05,23796.85,,3,3,4,1,,,,36292687,15095612.15
1778730300,23535.05,23589.2,23515.6,23581.3,23490.802852665354,23486.915559869874,0,0,0,24482.1,23997.9,23882.05,23796.85,,3,3,4,1,,,,39128490,16286977.05
1778731200,23581.35,23586.2,23493.8,23496.8,23492.002282132282,23487.814145336248,0,0,0,24482.1,23997.9,23882.05,23796.85,,3,3,4,1,,,,20848932,16694928.5
1778732100,23499,23532.95,23446.7,23464.45,23486.491825705827,23485.690132123862,0,0,0,24482.1,23997.9,23882.05,23796.85,,3,3,4,1,,,,19029159,16943454.95
1778733000,23466.1,23496.35,23455.45,23495.8,23488.35346056466,23486.609211021692,0,0,0,24482.1,23997.9,23882.05,23796.85,,3,3,4,1,,,,12421748,17088246
1778733900,23496.8,23517.5,23473.25,23506.4,23491.96276845173,23488.408373656082,0,0,0,24482.1,23997.9,23882.05,23796.85,,3,3,4,1,,,,12800056,17076883.25
1778734800,23507.65,23537.5,23496.8,23497.25,23493.02021476138,23489.212157869166,0,0,0,24482.1,23997.9,23882.05,23796.85,,3,3,4,1,,,,10800533,17022356.95
1778735700,23495.6,23495.6,23426.55,23430.45,23480.506171809106,23483.870143517423,0,0,0,24482.1,23997.9,23882.05,23796.85,,3,3,4,1,,,,15666367,17177099.7
1778736600,23432.9,23461.35,23427.85,23459.15,23476.234937447283,23481.62285774311,0,0,0,24482.1,23997.9,23882.05,23796.85,,3,3,4,1,,,,11671905,17123601.7
1778737500,23459.85,23577.8,23459,23567.4,23494.467949957827,23489.420779766464,0,0,0,24482.1,23997.9,23882.05,23796.85,,3,3,4,1,,,,17096219,17281910.6
1778738400,23568.5,23669.45,23566.6,23668.6,23529.29435996626,23505.709799787695,0,0,0,24482.1,23997.9,23882.05,23796.85,,3,3,4,1,,,,19292426,17489215.7
1778739300,23670.7,23702.5,23645.05,23684.6,23560.355487973007,23521.972545261542,0,0,0,24482.1,23997.9,23882.05,23796.85,,3,3,4,1,,,,20309078,17817338.35
1778740200,23685.55,23685.55,23636.45,23667.4,23581.764390378405,23535.193222965037,0,0,0,24482.1,23997.9,23882.05,23796.85,,3,3,4,1,,,,13242160,17974490
1778741100,23667.95,23708.3,23667.2,23692.65,23603.941512302725,23549.50747542276,0,0,0,24482.1,23997.9,23882.05,23796.85,,3,3,4,1,,,,12419047,18146305.15
1778742000,23695.2,23702.9,23667.45,23701.7,23623.49320984218,23563.343159475236,0,0,0,24482.1,23997.9,23882.05,23796.85,,3,3,4,1,,,,11757769,18233816.6
1778742900,23703.35,23713,23675.8,23689,23636.594567873744,23574.76650861385,0,0,0,24482.1,23997.9,23882.05,23796.85,,3,3,4,1,,,,12726162,18240053.2
1778743800,23690.2,23747.8,23689.3,23713.55,23651.985654298995,23587.383189648957,0,0,0,24482.1,23997.9,23882.05,23796.85,,3,3,4,1,,,,12268351,18174735.8
1778744700,23715.25,23732.85,23709.65,23715.15,23664.618523439196,23598.998354226325,0,0,0,24482.1,23997.9,23882.05,23796.85,,3,3,4,1,,,,16899794,18122280.2
1778745600,23718.1,23760.45,23709.3,23752.55,23682.204818751357,23612.957594751206,0,0,0,24482.1,23997.9,23882.05,23796.85,,3,3,4,1,,,,12806893,17966960.6
1778746500,23753.8,23763.65,23725.95,23751.35,23696.033855001086,23625.538722501096,0,0,0,24482.1,23997.9,23882.05,23796.85,,3,3,4,1,,,,16291425,17188460.05
1778747400,23751.85,23768.75,23740,23744.55,23705.73708400087,23636.35792954645,0,0,0,24482.1,23997.9,23882.05,23796.85,,3,3,4,1,,,,12122639,15979957.65
1778748300,23746.45,23757.8,23719.8,23755.35,23715.659667200696,23647.175390496774,0,0,0,24482.1,23997.9,23882.05,23796.85,,3,3,4,1,,,,11580846,14602575.45
1778749200,23756.1,23777.2,23722.3,23730.1,23718.547733760555,23654.713991360702,0,0,0,24482.1,23997.9,23882.05,23796.85,,3,3,4,1,,,,17786888,14449473.25
1778750100,23729.85,23733,23688.25,23710.15,23716.868187008444,23659.75362850973,0,0,0,24482.1,23997.9,23882.05,23796.85,,3,3,4,1,,,,17488970,14372463.8
1778751000,23711.65,23713.25,23670.2,23683.8,23710.254549606754,23661.939662281573,0,0,0,24482.1,23997.9,23882.05,23796.85,,3,3,4,1,,,,30580458,15280399.3
1778751900,23683.35,23719.55,23668.15,23713.75,23710.953639685402,23666.649692983246,0,0,0,24482.1,23997.9,23882.05,23796.85,,3,3,4,1,,,,29335836,16107188.3
1778816700,23745.45,23796.95,23663.35,23789.3,23726.62291174832,23677.79972089386,0,0,0,24482.1,23997.9,23882.05,23796.85,,3,3,4,1,,,,50518358,18093079.55
1778817600,23787.9,23803.15,23734.1,23801.85,23741.668329398657,23689.07701899442,0,0,0,24482.1,23997.9,23882.05,23796.85,,3,3,4,1,,,,24546773,18537099.85
1778818500,23802.1,23837,23791,23818.4,23757.014663518927,23700.83365363129,0,0,0,24482.1,23997.9,23882.05,23796.85,,3,3,4,1,,,,17072036,18807106.4
1778819400,23817.95,23821.35,23781.25,23800.1,23765.63173081514,23709.857866937535,0,0,0,24482.1,23997.9,23882.05,23796.85,,3,3,4,1,,,,13659469,18635268.9
1778820300,23800.25,23834.15,23788.75,23828.85,23778.275384652112,23720.675333579577,0,0,0,24482.1,23997.9,23882.05,23796.85,,3,3,4,1,,,,14528880,18397091.6
1778821200,23828.15,23829.25,23800.95,23817.4,23786.10030772169,23729.468485072342,0,0,0,24482.1,23997.9,23882.05,23796.85,,3,3,4,1,,,,12338696,17998572.5
1778822100,23817.05,23839.3,23816.9,23829.5,23794.78024617735,23738.562259156675,0,0,0,24482.1,23997.9,23882.05,23796.85,,3,3,4,1,,,,10052524,17839090.7
1778823000,23829.55,23830.75,23732.25,23744.1,23784.64419694188,23739.065690142434,0,0,0,24482.1,23997.9,23882.05,23796.85,,3,3,4,1,,,,13419500,17889113.35
1778823900,23743.55,23751.7,23712.4,23712.4,23770.195357553504,23736.64153649312,0,0,0,24482.1,23997.9,23882.05,23796.85,,3,3,4,1,,,,10581609,17830305.35
1778824800,23712.7,23730.45,23677.65,23721.7,23760.496286042802,23735.283214993746,0,0,0,24482.1,23997.9,23882.05,23796.85,,3,3,4,1,,,,10492416,17718618.05
1778825700,23721.75,23735.3,23713.4,23725.55,23753.507028834243,23734.39837726704,0,0,0,24482.1,23997.9,23882.05,23796.85,,3,3,4,1,,,,12496507,17730025.85
1778826600,23725.9,23769.6,23718.75,23751.1,23753.025623067395,23735.9167066064,0,0,0,23839.3,23262.55,,,,1,1,1,1,,,,10508013,17410436.8
1778827500,23751.15,23755.3,23718.7,23720.1,23746.440498453914,23734.478824187638,0,0,0,23839.3,23262.55,,,,1,1,1,1,,,,9807414,17260462.85
1778828400,23720.5,23769.7,23715.55,23767.35,23750.62239876313,23737.46711289785,0,0,0,23839.3,23262.55,,,,1,1,1,1,,,,8598659,16875824.55
1778829300,23767.5,23797.5,23766.05,23784.75,23757.447919010505,23741.765557179864,0,0,0,23839.3,23262.55,,,,1,1,1,1,,,,11590509,16849218.05
1778830200,23784.65,23787.35,23766.65,23780.05,23761.968335208403,23745.245961072604,0,0,0,23839.3,23262.55,,,,1,1,1,1,,,,8853380,16712844.75
1778831100,23780.65,23787.8,23765.7,23777,23764.974668166724,23748.132691884184,0,0,0,23839.3,23262.55,,,,1,1,1,1,,,,9977864,16322393.55
1778832000,23776.1,23779.6,23728,23738.65,23759.70973453338,23747.27062898562,0,0,0,23839.3,23262.55,,,,1,1,1,1,,,,15115544,16203722.25
1778832900,23739.2,23750.65,23699.55,23713.55,23750.477787626704,23744.205117259655,0,0,0,23839.3,23262.55,,,,1,1,1,1,,,,12856507,15317524.7
1778833800,23712.95,23722.25,23693.7,23722.15,23744.812230101365,23742.200106599685,0,0,0,23839.3,23262.55,,,,1,1,1,1,,,,11170675,14409266.65
1778834700,23722.35,23726.65,23685.3,23694.25,23734.69978408109,23737.841005999715,0,0,0,23839.3,23262.55,,,,1,1,1,1,,,,12238898,12495293.65
1778835600,23695.7,23705.3,23676.6,23690.45,23725.849827264872,23733.532732727013,0,0,0,23839.3,23262.55,,,,1,1,1,1,,,,16912806,12113595.3
1778836500,23690.75,23692.25,23610.3,23646.85,23710.049861811898,23725.652484297283,0,0,0,23839.3,23262.55,,,,1,1,1,1,,,,22181834,12369085.2
1778837400,23646.1,23678.35,23633.8,23643.65,23696.76988944952,23718.19771299753,0,0,0,23839.3,23262.55,,,,1,1,1,1,,,,30511317,13211677.6
1778838300,23644.1,23660.75,23616.5,23657.9,23688.995911559614,23712.71610272503,0,0,0,23839.3,23262.55,,,,1,1,1,1,,,,36453388,14307903
1779075900,23489.5,23494.6,23363.05,23373.1,23625.81672924769,23681.841911568208,1,0,0,23839.3,23262.55,,,,2,1,1,1,1,,,43168778,15849407.1
1779076800,23373.15,23394.95,23347.35,23371.05,23574.86338339815,23653.588101425645,0,1,0,23839.3,23262.55,,,,3,1,1,1,,1,,19795389,16336550.35
1779077700,23370.75,23372.2,23317.1,23341.15,23528.12070671852,23625.184637659677,0,0,0,23839.3,23262.55,,,,3,1,1,1,,,,16255996,16478375.15
1779078600,23340.8,23366.5,23339.5,23362.4,23494.976565374818,23601.29512514516,0,0,0,23839.3,23262.55,,,,3,1,1,1,,,,15483228,16723456.1
1779079500,23362.3,23389.45,23353.9,23379.85,23471.951252299856,23581.163750131964,0,0,0,23839.3,23262.55,,,,3,1,1,1,,,,13916775,16894674.05
1779080400,23379.75,23439.7,23355.55,23417.2,23461.001001839886,23566.257954665423,0,0,0,23839.3,23262.55,,,,3,1,1,1,,,,11991724,16869434.9
1779081300,23417.8,23465.95,23389.6,23465.1,23461.82080147191,23557.061776968567,0,0,0,23839.3,23262.55,,,,3,1,1,1,,,,10320424,16860055.45
1779082200,23464.9,23477.75,23452.6,23470.1,23463.476641177527,23549.156160880517,0,0,0,23839.3,23262.55,,,,3,1,1,1,,,,10388213,16889095.4
1779083100,23470.2,23519.9,23465.85,23495.8,23469.94131294202,23544.30560080047,0,0,0,23839.3,23262.55,,,,3,1,1,1,,,,11091265,17013725.7
1779084000,23495.4,23562.75,23494.4,23534.25,23482.803050353617,23543.391455273155,0,0,0,23839.3,23262.55,,,,3,1,1,1,,,,11696765,17019038.5
1779084900,23534.55,23538.25,23473.7,23474.7,23481.182440282893,23537.14677752105,0,0,0,23839.3,23262.55,,,,3,1,1,1,,,,9778341,17065286.55
1779085800,23474.75,23525.65,23468.35,23524.75,23489.895952226314,23536.01979774641,0,0,0,23839.3,23262.55,,,,3,1,1,1,,,,12460555,17189421.1
1779086700,23524.15,23558.15,23513.15,23553.45,23502.60676178105,23537.604361587644,0,0,0,23839.3,23262.55,,,,3,1,1,1,,,,14151586,17141223.2
1779087600,23553.5,23610,23553.5,23584.75,23519.03540942484,23541.89032871604,0,0,0,23839.3,23262.55,,,,3,1,1,1,,,,14734932,17235144.45
1779088500,23585,23637.9,23572.65,23636.9,23542.60832753987,23550.527571560036,0,0,0,23839.3,23262.55,,,,3,1,1,1,,,,12907638,17321992.6
1779089400,23637.95,23661.65,23592.25,23615.9,23557.266662031896,23556.470519600032,0,0,0,23839.3,23262.55,,,,3,1,1,1,,,,14781211,17449108.25
1779090300,23615.5,23634.25,23596.45,23618.95,23569.603329625515,23562.150472363664,0,0,0,23839.3,23262.55,,,,3,1,1,1,,,,10907510,17148843.45
1779091200,23618.35,23633.5,23599.15,23622.4,23580.162663700412,23567.627702148788,0,0,0,23839.3,23262.55,,,,3,1,1,1,,,,10957529,16587628.2
1779092100,23622.05,23659.4,23604.05,23640.9,23592.31013096033,23574.28882013526,0,0,0,23839.3,23262.55,,,,3,1,1,1,,,,11593527,15641738.7
1779093000,23641.25,23652,23606.7,23624.85,23598.818104768263,23578.885291032057,0,0,0,23839.3,23262.55,,,,3,1,1,1,,,,11531093,14395623.95
1779093900,23624.9,23624.9,23583.85,23614.35,23601.92448381461,23582.109355483688,0,0,0,23839.3,23262.55,,,,3,1,1,1,,,,11417814,12808075.75
1779094800,23613.5,23624.25,23582,23602.95,23602.129587051688,23584.003959530626,0,0,0,23839.3,23262.55,,,,3,1,1,1,,,,11917878,12414200.2
1779095700,23603.35,23607.9,23581.95,23591.5,23600.00366964135,23584.685417755114,0,0,0,23839.3,23262.55,,,,3,1,1,1,,,,13322656,12267533.2
1779096600,23591,23695.65,23590.25,23634.6,23606.922935713083,23589.223107050104,0,0,0,23839.3,23262.55,,,,3,1,1,1,,,,33716859,13179214.75
1779097500,23634.25,23658.4,23619.3,23644.45,23614.428348570465,23594.243733681913,0,0,0,23839.3,23262.55,,,,3,1,1,1,,,,30734387,14020095.35
1779162300,23693.55,23765.65,23675.25,23757.2,23642.982678856373,23609.05793971083,0,0,0,23839.3,23262.55,,,,3,1,1,1,,,,39985079,15419763.1
1779163200,23756.9,23768.95,23647.4,23749.6,23664.306143085098,23621.834490646208,0,0,0,23839.3,23262.55,,,,3,1,1,1,,,,21976743,16002579.05
1779164100,23749.2,23751.7,23677.6,23677.6,23666.964914468077,23626.904082405643,0,0,0,23839.3,23262.55,,,,3,1,1,1,,,,37202805,17343308.65
1779165000,23678.15,23762.9,23678.15,23754.25,23684.421931574463,23638.48098400513,0,0,0,23839.3,23262.55,,,,3,1,1,1,,,,19025509,17740020.85
1779165900,23753.45,23762.6,23724,23751.05,23697.74754525957,23648.714530913756,0,0,0,23839.3,23262.55,,,,3,1,1,1,,,,10787965,17694580.85
1779166800,23752.9,23765.15,23734.2,23764.4,23711.07803620766,23659.231391739777,0,0,0,23839.3,23262.55,,,,3,1,1,1,,,,14044326,17907880.1
1779167700,23764.75,23782.3,23724.9,23771.65,23723.192428966126,23669.45126521798,0,0,0,23839.3,23262.55,,,,3,1,1,1,,,,13793340,17974519.35
1779168600,23771.95,23774.95,23718.1,23720.1,23722.5739431729,23674.05569565271,0,0,0,23839.3,23262.55,,,,3,1,1,1,,,,16050381,18069459.1
1779169500,23719.75,23728.35,23695.35,23727.65,23723.58915453832,23678.92790513883,0,0,0,23839.3,23262.55,,,,3,1,1,1,,,,13593023,18012363.65
1779170400,23727.85,23754.75,23704.85,23749.6,23728.791323630656,23685.3526410353,0,0,0,23839.3,23262.55,,,,3,1,1,1,,,,13785667,18056265.1
1779171300,23750.05,23772.75,23745.7,23754.95,23734.023058904524,23691.679673668456,0,0,0,23839.3,23262.55,,,,3,1,1,1,,,,11381813,17886295.2
1779172200,23754.65,23755.6,23733.75,23743,23735.81844712362,23696.345157880412,0,0,0,23782.3,23317.1,,,,1,1,1,1,,,,11303096,17906074.5
1779173100,23743.05,23755.5,23724.25,23752.55,23739.164757698894,23701.454688982194,0,0,0,23782.3,23317.1,,,,1,1,1,1,,,,10499745,17883185.3
1779174000,23752.4,23753.75,23722.15,23738.1,23738.951806159115,23704.786080892904,0,0,0,23782.3,23317.1,,,,1,1,1,1,,,,10536665,17830342.2
1779174900,23738.05,23743.2,23719.3,23723.7,23735.90144492729,23706.505528084457,0,0,0,23782.3,23317.1,,,,1,1,1,1,,,,11768434,17842209.25
1779175800,23723.9,23735.75,23706.1,23709.2,23730.561155941832,23706.75048007678,0,0,0,23782.3,23317.1,,,,1,1,1,1,,,,8822509,17712444
1779176700,23708.35,23738.85,23701.45,23724.6,23729.368924753464,23708.37316370616,0,0,0,23782.3,23317.1,,,,1,1,1,1,,,,8647490,17548924.6
1779177600,23724.85,23743.3,23685.85,23696.6,23722.81513980277,23707.30287609651,0,0,0,23782.3,23317.1,,,,1,1,1,1,,,,11933405,17479462.05
1779178500,23696.85,23716,23674,23689.45,23716.142111842215,23705.679887360464,0,0,0,23782.3,23317.1,,,,1,1,1,1,,,,13893426,16488290.4
1779179400,23689.1,23725.35,23684.55,23717.5,23716.41368947377,23706.754443054968,0,0,0,23782.3,23317.1,,,,1,1,1,1,,,,13331858,15618163.95
1779180300,23717.35,23736.55,23699.7,23703.1,23713.750951579015,23706.422220959063,0,0,0,23782.3,23317.1,,,,1,1,1,1,,,,14453335,14341576.75
1779181200,23703.15,23705.3,23649,23657.9,23702.580761263212,23702.011109962783,0,0,0,23782.3,23317.1,,,,1,1,1,1,,,,16384683,14061973.75
1779182100,23657.2,23666.9,23632.35,23655.75,23693.21460901057,23697.805554511622,0,0,0,23782.3,23317.1,,,,1,1,1,1,,,,17676710,13085669
1779183000,23655.15,23659.3,23608,23624.55,23679.481687208456,23691.14595864693,0,0,0,23782.3,23317.1,,,,1,1,1,1,,,,40191222,14143954.65
1779183900,23624.4,23629.2,23587.2,23606.15,23664.815349766766,23683.41905331539,0,0,0,23782.3,23317.1,,,,1,1,1,1,,,,38512523,15530182.55
1779248700,23460.7,23481.95,23397.3,23477.55,23627.362279813413,23664.703684832173,1,0,0,23782.3,23317.1,,,,2,1,1,1,1,,,34800588,16567995.65
1779249600,23476.95,23536.9,23473.5,23524.25,23606.73982385073,23651.93516802925,0,1,0,23782.3,23317.1,,,,3,1,1,1,,1,,17868386,16771747.95
1779250500,23523.25,23548.6,23511.95,23541.9,23593.771859080585,23641.931970935682,0,0,0,23782.3,23317.1,,,,3,1,1,1,,,,12811093,16609783.55
1779251400,23541.8,23546.65,23486.1,23500.2,23575.05748726447,23629.047246305166,0,0,0,23782.3,23317.1,,,,3,1,1,1,,,,14292800,16644772.4
1779252300,23500.55,23519.9,23475.65,23519.9,23564.025989811576,23619.124769368333,0,0,0,23782.3,23317.1,,,,3,1,1,1,,,,10169280,16463953.05
1779253200,23521.6,23576.15,23520.1,23532.75,23557.77079184926,23611.272517607576,0,0,0,23782.3,23317.1,,,,3,1,1,1,,,,13754625,16582593.65
1779254100,23532.7,23549.35,23503.65,23546.25,23555.46663347941,23605.36137964325,0,0,0,23782.3,23317.1,,,,3,1,1,1,,,,12942781,16664577.9
1779255000,23546.4,23582.6,23546.4,23562.4,23556.853306783527,23601.45579967568,0,0,0,23782.3,23317.1,,,,3,1,1,1,,,,13875107,16833346
1779255900,23562.2,23602.75,23558.3,23599.1,23565.302645426822,23601.2416360688,0,0,0,23782.3,23317.1,,,,3,1,1,1,,,,9958375,16804431.5
1779256800,23599.85,23618.15,23588.5,23605,23573.24211634146,23601.58330551709,0,0,0,23782.3,23317.1,,,,3,1,1,1,,,,11036750,16767847.3
1779257700,23605.05,23640.25,23604.9,23608.75,23580.343693073166,23602.234823197356,0,0,0,23782.3,23317.1,,,,3,1,1,1,,,,9329163,16793180
1779258600,23608.15,23613.65,23577,23579.95,23580.264954458533,23600.208930179415,0,0,0,23782.3,23317.1,,,,3,1,1,1,,,,10175946,16869602.8
1779259500,23580,23608.45,23579.5,23588.25,23581.861963566826,23599.121754708558,0,0,0,23782.3,23317.1,,,,3,1,1,1,,,,7826917,16664278.4
1779260400,23588,23606.45,23583.05,23603.9,23586.26957085346,23599.556140644145,0,0,0,23782.3,23317.1,,,,3,1,1,1,,,,9222334,16430723.8
1779261300,23602.8,23615.4,23598.7,23612.65,23591.545656682767,23600.746491494676,0,0,0,23782.3,23317.1,,,,3,1,1,1,,,,8111462,16169704
1779262200,23612.75,23617.05,23588.75,23601,23593.436525346213,23600.769537722434,0,0,0,23782.3,23317.1,,,,3,1,1,1,,,,10639907,15979032.6
1779263100,23601.4,23603.95,23561.85,23566.8,23588.10922027697,23597.681397929486,0,0,0,23782.3,23317.1,,,,3,1,1,1,,,,11819654,15750781.15
1779264000,23567.1,23620.9,23565.8,23595.1,23589.507376221576,23597.44672539044,0,0,0,23782.3,23317.1,,,,3,1,1,1,,,,11059591,15419925.2
1779264900,23595.85,23626.9,23588.55,23626.9,23596.985900977263,23600.12429580949,0,0,0,23782.3,23317.1,,,,3,1,1,1,,,,8264816,13823604.9
1779265800,23628.15,23664.4,23623.25,23651.85,23607.95872078181,23604.826632554083,0,0,0,23782.3,23317.1,,,,3,1,1,1,,,,14070869,12601522.2
1779266700,23651.95,23678.95,23641.95,23665.9,23619.54697662545,23610.378756867347,0,0,0,23782.3,23317.1,,,,3,1,1,1,,,,11747711,11448878.35
1779267600,23665.35,23681.55,23652.6,23676.65,23630.96758130036,23616.403415333953,0,0,0,23782.3,23317.1,,,,3,1,1,1,,,,12844227,11197670.4
1779268500,23677.6,23690.9,23673.65,23679.8,23640.734065040288,23622.166741212684,0,0,0,23782.3,23317.1,,,,3,1,1,1,,,,12381117,11176171.6
1779269400,23679.15,23680.75,23639.6,23667.75,23646.13725203223,23626.310673829714,0,0,0,23782.3,23317.1,,,,3,1,1,1,,,,24018183,11662440.75
1779270300,23667.9,23672.35,23651.4,23664.35,23649.779801625784,23629.76879439065,0,0,0,23782.3,23317.1,,,,3,1,1,1,,,,28424664,12575209.95
1779335100,23830.55,23859.9,23750.85,23757.35,23671.293841300627,23641.36708580968,0,0,0,23782.3,23317.1,,,,3,1,1,1,,,,27179746,13246466
1779336000,23758.1,23794.2,23728.05,23792.6,23695.5550730405,23655.115532554257,0,0,0,23782.3,23317.1,,,,3,1,1,1,,,,17105993,13454626.6
1779336900,23793.15,23812,23767.9,23771.35,23710.7140584324,23665.682302322053,0,0,0,23782.3,23317.1,,,,3,1,1,1,,,,13210574,13421399.95
1779337800,23768.35,23790.1,23752.95,23767.5,23722.07124674592,23674.93845665641,0,0,0,23782.3,23317.1,,,,3,1,1,1,,,,9897128,13418337.6
1779338700,23767.45,23790.55,23765.35,23780.05,23733.666997396736,23684.49405150583,0,0,0,23782.3,23317.1,,,,3,1,1,1,,,,11984598,13465730
1779339600,23780,23790,23729.4,23763.75,23739.68359791739,23691.699137732572,0,0,0,23859.9,23262.55,,,,1,1,1,1,,,,11373183,13567931
1779340500,23764.8,23774.2,23717.85,23723.8,23736.506878333912,23694.617397938702,0,0,0,23859.9,23262.55,,,,1,1,1,1,,,,11203924,13619329.9
1779341400,23723.75,23726.15,23695.35,23697.55,23728.715502667128,23694.883998126094,0,0,0,23859.9,23262.55,,,,1,1,1,1,,,,10502489,13753108.5
1779342300,23697.05,23746.45,23639.9,23742.95,23731.562402133703,23699.253634660086,0,0,0,23859.9,23262.55,,,,1,1,1,1,,,,12972575,13940620.55
1779343200,23742.55,23744.4,23721.7,23730.45,23731.339921706964,23702.089667872806,0,0,0,23859.9,23262.55,,,,1,1,1,1,,,,8937428,13981918.85
1779344100,23731.15,23744.8,23711.65,23716.05,23728.28193736557,23703.358788975278,0,0,0,23859.9,23262.55,,,,1,1,1,1,,,,9638543,13931850.65
1779345000,23716.75,23742.25,23704.8,23705.7,23723.765549892454,23703.571626341163,0,0,0,23859.9,23262.55,,,,1,1,1,1,,,,8413170,13761526.45
1779345900,23705.05,23718.9,23649.5,23663.6,23711.73243991396,23699.93784212833,0,0,0,23859.9,23262.55,,,,1,1,1,1,,,,15470095,13982051.65
1779346800,23663.8,23673.95,23607.35,23639.8,23697.34595193117,23694.470765571208,0,0,0,23859.9,23262.55,,,,1,1,1,1,,,,11810922,14159356.95
1779347700,23640.1,23646.85,23613.85,23624.35,23682.746761544935,23688.09615051928,0,0,0,23859.9,23262.55,,,,1,1,1,1,,,,7890072,13850317.1
1779348600,23624.2,23653.95,23596.6,23640.55,23674.30740923595,23683.773773199344,0,0,0,23859.9,23262.55,,,,1,1,1,1,,,,10328510,13779357.05
1779349500,23640.7,23651.1,23630.65,23631.7,23665.78592738876,23679.039793817585,0,0,0,23859.9,23262.55,,,,1,1,1,1,,,,8674355,13570863.45
1779350400,23631.6,23687.5,23622.75,23681.3,23668.888741911007,23679.245267106897,0,0,0,23859.9,23262.55,,,,1,1,1,1,,,,9384860,13421050.6
1779351300,23681.35,23691.8,23640.3,23673.3,23669.770993528804,23678.704788278996,0,0,0,23859.9,23262.55,,,,1,1,1,1,,,,9134989,12676890.9
1779352200,23673.35,23674.05,23638.1,23651.6,23666.136794823044,23676.240716617267,0,0,0,23859.9,23262.55,,,,1,1,1,1,,,,11927246,11852020
1779353100,23652.15,23678.35,23638.4,23652.5,23663.409435858433,23674.08246965206,0,0,0,23859.9,23262.55,,,,1,1,1,1,,,,11254841,11055774.75
1779354000,23652.4,23705.4,23650.4,23671.85,23665.097548686746,23673.87951786551,0,0,0,23859.9,23262.55,,,,1,1,1,1,,,,14142278,10907589
1779354900,23671.1,23696.6,23669.5,23679.3,23667.938038949396,23674.372288968643,0,0,0,23859.9,23262.55,,,,1,1,1,1,,,,14427541,10968437.35
1779355800,23679.55,23691.3,23637.05,23639.2,23662.190431159517,23671.17480815331,0,0,0,23859.9,23262.55,,,,1,1,1,1,,,,33675428,12157352.35
1779356700,23639.1,23652.45,23631.1,23648.8,23659.512344927614,23669.14073468483,0,0,0,23859.9,23262.55,,,,1,1,1,1,,,,35579026,13337073.75
1779421500,23679.8,23756.65,23671,23738.6,23675.32987594209,23675.455213349844,0,0,0,23859.9,23262.55,,,,1,1,1,1,,,,25160909,14026460.05
1779422400,23739,23778.6,23729.55,23752.95,23690.85390075367,23682.5001939544,0,0,0,23859.9,23262.55,,,,1,1,1,1,,,,14513094,14191918.55
1779423300,23753.3,23788.8,23739.2,23779.65,23708.61312060294,23691.331994504002,0,0,0,23859.9,23262.55,,,,1,1,1,1,,,,11501495,14241868.85
1779424200,23778.6,23800.15,23759.4,23791.7,23725.230496482352,23700.456358640004,0,0,0,23859.9,23262.55,,,,1,1,1,1,,,,13771729,14281826.55
1779425100,23791.65,23795.4,23759.65,23761.45,23732.47439718588,23706.001235127274,0,0,0,23859.9,23262.55,,,,1,1,1,1,,,,15284467,14599178.5
1779426000,23761.35,23795.15,23761.35,23792.7,23744.519517748704,23713.882941024796,0,0,0,23859.9,23262.55,,,,1,1,1,1,,,,11527300,14693616.35
1779426900,23793,23797.85,23775.1,23780.75,23751.765614198965,23719.961764567997,0,0,0,23859.9,23262.55,,,,1,1,1,1,,,,10920634,14818989.55
1779427800,23781.2,23782.55,23765.95,23771.6,23755.732491359173,23724.65614960727,0,0,0,23859.9,23262.55,,,,1,1,1,1,,,,10423713,14566670.45
1779428700,23772.45,23789.3,23750.7,23758.9,23756.36599308734,23727.7692269157,0,0,0,23859.9,23262.55,,,,1,1,1,1,,,,12034136,14577831.15
1779429600,23758.2,23808.9,23750.05,23808.25,23766.742794469872,23735.085660832458,0,0,0,23859.9,23262.55,,,,1,1,1,1,,,,12265203,14796587.7
1779430500,23807.7,23828.5,23800.7,23804.85,23774.364235575897,23741.42787348405,0,0,0,23859.9,23262.55,,,,1,1,1,1,,,,9671265,14763725.45
1779431400,23804.9,23808.35,23789.8,23798.6,23779.211388460717,23746.625339530958,0,0,0,23859.9,23262.55,,,,1,1,1,1,,,,9940476,14827031.5
1779432300,23798.4,23802.45,23771.45,23774.75,23778.319110768574,23749.182126846325,0,0,0,23859.9,23262.55,,,,1,1,1,1,,,,10164682,14866022.6
1779433200,23774.85,23798.5,23758.85,23792.6,23781.17528861486,23753.12920622393,0,0,0,23859.9,23262.55,,,,1,1,1,1,,,,9954970,14907021.65
1779434100,23792.95,23835.65,23789.25,23827.45,23790.43023089189,23759.885642021756,0,0,0,23859.9,23262.55,,,,1,1,1,1,,,,9861684,14803743.55
1779435000,23828.25,23833.25,23812.95,23819.1,23796.16418471351,23765.268765474324,0,0,0,23859.9,23262.55,,,,1,1,1,1,,,,9263148,14704158.9
1779435900,23819.3,23822.65,23803.6,23809.4,23798.81134777081,23769.28069588575,0,0,0,23859.9,23262.55,,,,1,1,1,1,,,,10546274,14524358.7
1779436800,23809.1,23818.2,23800.8,23801.25,23799.29907821665,23772.186996259774,0,0,0,23859.9,23262.55,,,,1,1,1,1,,,,7835602,14194761.75
1779437700,23801.2,23822.7,23782.5,23792.15,23797.86926257332,23774.00181478161,0,0,0,23859.9,23262.55,,,,1,1,1,1,,,,10275692,13024774.95
1779438600,23792.2,23795.6,23744.8,23778.2,23793.935410058657,23774.383467983283,0,0,0,23859.9,23262.55,,,,1,1,1,1,,,,12040868,11847867.05
1779439500,23778.25,23781.7,23739.1,23739.3,23783.008328046926,23771.194061802984,0,0,0,23859.9,23262.55,,,,1,1,1,1,,,,10186001,11099121.65
1779440400,23739.4,23752.5,23707.45,23709.05,23768.216662437542,23765.544601639078,0,0,0,23859.9,23262.55,,,,1,1,1,1,,,,13069311,11026932.5
1779441300,23709.45,23733.65,23706.9,23724.45,23759.463329950035,23761.808728762797,0,0,0,23859.9,23262.55,,,,1,1,1,1,,,,14469905,11175353
1779442200,23724.65,23727.6,23698.95,23718.15,23751.20066396003,23757.839753420725,0,0,0,23859.9,23262.55,,,,1,1,1,1,,,,27790255,11876279.3
1779443100,23717.7,23751.9,23717.7,23748.85,23750.730531168025,23757.02250310975,0,0,0,23859.9,23262.55,,,,1,1,1,1,,,,32404488,12732280.35
1779680700,23942.6,23989.1,23922.85,23981.6,23796.90442493442,23777.43863919068,0,0,0,23859.9,23262.55,,,,1,1,1,1,,,,42459703,14278900.5
1779681600,23981.95,23984.3,23927.75,23947.5,23827.023539947535,23792.89876290062,0,0,0,23859.9,23262.55,,,,1,1,1,1,,,,20428636,14754300.6
1779682500,23951.45,23951.45,23924.4,23937.15,23849.04883195803,23806.012511727837,0,0,0,23859.9,23262.55,,,,1,1,1,1,,,,14386912,14952460.55
1779683400,23938.75,23959.85,23933.45,23952.05,23869.649065566424,23819.288647025307,0,0,0,23859.9,23262.55,,,,1,1,1,1,,,,19201276,15310817.55
1779684300,23953.85,23980.95,23952.6,23958.55,23887.429252453137,23831.948770023006,0,0,0,23859.9,23262.55,,,,1,1,1,1,,,,10868148,15240964.8
1779685200,23960.9,23992.4,23959.2,23987.4,23907.42340196251,23846.080700020913,0,0,0,23859.9,23262.55,,,,1,1,1,1,,,,13271763,15420989.7
1779686100,23989,23995.9,23972.65,23978.15,23921.56872157001,23858.08700001901,0,0,0,23859.9,23262.55,,,,1,1,1,1,,,,12695935,15558762.65
1779687000,23979.55,23989.9,23970.65,23987.6,23934.774977256006,23869.860909108193,0,0,0,23859.9,23262.55,,,,1,1,1,1,,,,12296032,15665330.15
1779687900,23989,23989,23971.1,23977.15,23943.249981804805,23879.61446282563,0,0,0,23859.9,23262.55,,,,1,1,1,1,,,,9990023,15667082.8
1779688800,23978.45,23990.45,23959.9,23980.95,23950.789985443844,23888.826784386936,0,0,0,23859.9,23262.55,,,,1,1,1,1,,,,8965551,15622276.15
1779689700,23982.15,23992.7,23978.15,23986.6,23957.951988355075,23897.71525853358,0,0,0,23859.9,23262.55,,,,1,1,1,1,,,,10450319,15681634.7
1779690600,23988.15,23988.15,23960.1,23963.9,23959.14159068406,23903.732053212345,0,0,0,23995.9,23596.6,23262.55,,,1,1,1,1,,,,14495901,15879116.05
1779691500,23965.75,23968.7,23955.9,23956.5,23958.61327254725,23908.52913928395,0,0,0,23995.9,23596.6,23262.55,,,1,1,1,1,,,,10427055,16008688.7
1779692400,23957.85,23967.65,23952.6,23958.55,23958.6006180378,23913.076490258136,0,0,0,23995.9,23596.6,23262.55,,,1,1,1,1,,,,10533448,16021576.5
1779693300,23960.05,23960.6,23935.6,23954.4,23957.76049443024,23916.833172961942,0,0,0,23995.9,23596.6,23262.55,,,1,1,1,1,,,,9192844,15879175.3
1779694200,23955.55,23983.6,23947.3,23977.2,23961.64839554419,23922.321066329037,0,0,0,23995.9,23596.6,23262.55,,,1,1,1,1,,,,10897832,15914766.85
1779695100,23979.1,23986.25,23975.15,23984.1,23966.13871643535,23927.9373330264,0,0,0,23995.9,23596.6,23262.55,,,1,1,1,1,,,,11118802,15817241.4
1779696000,23986.55,23991,23963.8,23963.95,23965.70097314828,23931.21121184218,0,0,0,23995.9,23596.6,23262.55,,,1,1,1,1,,,,9150400,15551266.15
1779696900,23965.65,23977.4,23962.2,23965.35,23965.63077851862,23934.314738038345,0,0,0,23995.9,23596.6,23262.55,,,1,1,1,1,,,,7896279,14556567.35
1779697800,23966.95,23978.55,23956.7,23958.55,23964.214622814896,23936.517943671224,0,0,0,23995.9,23596.6,23262.55,,,1,1,1,1,,,,8373502,13355018.05
1779698700,23959.95,23982.85,23955.25,23978.15,23967.001698251916,23940.302676064748,0,0,0,23995.9,23596.6,23262.55,,,1,1,1,1,,,,12134225,11838744.15
1779699600,23979,24009.3,23976.45,24007.8,23975.161358601534,23946.4387964225,0,0,0,23995.9,23596.6,23262.55,,,1,1,1,1,,,,10524073,11343516
1779700500,24010.25,24036.8,24007.4,24035,23987.12908688123,23954.489814929544,0,0,0,23995.9,23596.6,23262.55,,,1,1,1,1,,,,15032029,11375771.85
1779701400,24035.75,24038.1,24021.5,24035.25,23996.75326950498,23961.83164993595,0,0,0,23995.9,23596.6,23262.55,,,1,1,1,1,,,,18155826,11323499.35
1779702300,24035.85,24054.45,24021.1,24049.9,24007.382615603987,23969.837863578137,0,0,0,23995.9,23596.6,23262.55,,,1,1,1,1,,,,25887527,12074468.3
1779767100,24004.25,24041.25,23965.7,24034.1,24012.72609248319,23975.679875980124,0,0,0,23995.9,23596.6,23262.55,,,1,1,1,1,,,,32285750,13025167.65
1779768000,24034.4,24077.2,24018.95,24062.3,24022.64087398655,23983.554432709203,0,0,0,23995.9,23596.6,23262.55,,,1,1,1,1,,,,18558906,13318316.2
1779768900,24062.4,24065.7,24014.55,24028.75,24023.86269918924,23987.66312064473,0,0,0,23995.9,23596.6,23262.55,,,1,1,1,1,,,,12929957,13350012.45
1779769800,24029.75,24064.1,24021.2,24063,24031.690159351394,23994.511927858846,0,0,0,23995.9,23596.6,23262.55,,,1,1,1,1,,,,13965420,13548782.3
1779770700,24063.05,24076.15,24045.2,24071.4,24039.632127481116,24001.50175259895,0,0,0,23995.9,23596.6,23262.55,,,1,1,1,1,,,,15025885,13851799
1779771600,24070,24089.8,24066.85,24073.15,24046.33570198489,24008.01522963541,0,0,0,23995.9,23596.6,23262.55,,,1,1,1,1,,,,10887909,13873678.5
1779772500,24073.95,24082.65,24065.3,24071.85,24051.438561587915,24013.818390577646,0,0,0,23995.9,23596.6,23262.55,,,1,1,1,1,,,,9213923,13609579.6
1779773400,24070.7,24082.65,24065.45,24069.3,24055.010849270333,24018.862173252404,0,0,0,23995.9,23596.6,23262.55,,,1,1,1,1,,,,10128892,13594671.45
1779774300,24068.85,24070.75,24044.8,24044.8,24052.968679416266,24021.220157502186,0,0,0,23995.9,23596.6,23262.55,,,1,1,1,1,,,,11217946,13628896.35
1779775200,24044.95,24071.9,24026.2,24063.15,24055.004943533015,24025.031961365625,0,0,0,23995.9,23596.6,23262.55,,,1,1,1,1,,,,9505668,13644537.55
1779776100,24062.35,24066.95,24032.6,24039.95,24051.993954826412,24026.388146696023,0,0,0,24089.8,23596.6,23262.55,,,1,1,1,1,,,,10272683,13613280.1
1779777000,24040.2,24043.65,24018.5,24022.1,24046.015163861128,24025.998315178203,0,0,0,24089.8,23596.6,23262.55,,,1,1,1,1,,,,14345640,13774622
1779777900,24022.3,24040.8,24017.45,24021.9,24041.1921310889,24025.625741071093,0,0,0,24089.8,23596.6,23262.55,,,1,1,1,1,,,,10594816,13846842.8
1779778800,24021.85,24036.4,24006.05,24010.15,24034.98370487112,24024.218855519175,0,0,0,24089.8,23596.6,23262.55,,,1,1,1,1,,,,11592773,14031667.5
1779779700,24010,24012.3,23971.6,23998.55,24027.696963896895,24021.88532319925,0,0,0,24089.8,23596.6,23262.55,,,1,1,1,1,,,,17067982,14466391.5
1779780600,23998.65,24001.95,23966.2,23974.35,24017.027571117516,24017.563930181135,0,0,0,24089.8,23596.6,23262.55,,,1,1,1,1,,,,10682421,14393801.3
1779781500,23974.9,23991.25,23958.55,23987.5,24011.12205689401,24014.830845619214,0,0,0,24089.8,23596.6,23262.55,,,1,1,1,1,,,,13507369,14542966.1
1779782400,23987.45,23999.25,23957.4,23958.5,24000.59764551521,24009.70985965383,0,0,0,24089.8,23596.6,23262.55,,,1,1,1,1,,,,10540130,14318371.15
1779783300,23957.15,23970.1,23934.1,23937.2,23987.918116412166,24003.118054230756,0,0,0,24089.8,23596.6,23262.55,,,1,1,1,1,,,,11965188,14008839.25
1779784200,23937.35,23940.1,23909.8,23924.2,23975.174493129733,23995.943685664322,0,0,0,24089.8,23596.6,23262.55,,,1,1,1,1,,,,15351099,13482017.85
1779785100,23924.25,23940.7,23907.1,23922.6,23964.659594503784,23989.276077876657,0,0,0,24089.8,23596.6,23262.55,,,1,1,1,1,,,,13738332,12554646.95
1779786000,23923,23934,23895.3,23898.2,23951.36767560303,23980.996434433324,1,0,0,24089.8,23596.6,23262.55,,,2,1,1,1,1,,,16318243,12442613.8
1779786900,23898.1,23918.75,23885.45,23913.05,23943.704140482423,23974.819485848475,0,0,0,24089.8,23596.6,23262.55,,,2,1,1,1,,,,13555857,12473908.8
1779787800,23913.5,23931.05,23896.4,23908.8,23936.723312385937,23968.817714407705,0,0,0,24089.8,23596.6,23262.55,,,2,1,1,1,,,,37702998,13660787.7
1779788700,23907.7,23940.05,23907.15,23933.75,23936.12864990875,23965.62974037064,0,0,0,24089.8,23596.6,23262.55,,,2,1,1,1,,,,35677320,14693359.45
1779853500,23902.15,23950.15,23869.65,23903.25,23929.552919927002,23959.9588548824,0,0,0,24089.8,23596.6,23262.55,,,2,1,1,1,,,,58291283,17063528.15
1779854400,23903.95,23919.05,23869.75,23908.3,23925.3023359416,23955.262595347634,0,0,0,24089.8,23596.6,23262.55,,,2,1,1,1,,,,25413944,17873529.2
1779855300,23908.6,23909.65,23871.3,23874.95,23915.23186875328,23947.96145031603,0,0,0,24089.8,23596.6,23262.55,,,2,1,1,1,,,,23071268,18520648
1779856200,23874.75,23946.4,23868.5,23943.25,23920.835495002622,23947.533136650938,0,0,0,24089.8,23596.6,23262.55,,,2,1,1,1,,,,22759794,19097740.4
1779857100,23942.8,23971,23934.7,23963.2,23929.3083960021,23948.957396955397,0,0,0,24089.8,23596.6,23262.55,,,2,1,1,1,,,,23316664,19788290.2
1779858000,23963.4,23971.05,23934.45,23935.95,23930.63671680168,23947.774906323088,0,0,0,24089.8,23596.6,23262.55,,,2,1,1,1,,,,18209734,20185142.75
1779858900,23936.2,23976.4,23918.9,23966.95,23937.899373441345,23949.518096657353,0,0,0,24089.8,23596.6,23262.55,,,2,1,1,1,,,,14650032,20200362.35
1779859800,23968.25,23973.2,23950.7,23961.95,23942.709498753076,23950.648269688503,0,0,0,24089.8,23596.6,23262.55,,,2,1,1,1,,,,11996744,20270458.75
1779860700,23961.9,23981.25,23959,23974.9,23949.147599002463,23952.852972444092,0,0,1,24089.8,23596.6,23262.55,,,1,1,1,1,,,1,11232387,20252439.45
1779861600,23974.65,23983.2,23947,23954.3,23950.17807920197,23952.98452040372,0,0,0,24089.8,23596.6,23262.55,,,1,1,1,1,,,,13751144,20086597.55
1779862500,23953.5,23963.6,23928.75,23934.05,23946.952463361577,23951.26320036702,0,0,0,24089.8,23596.6,23262.55,,,1,1,1,1,,,,11903728,20147662.9
1779863400,23933.5,23941.75,23918.35,23921.9,23941.941970689262,23948.59381851547,0,0,0,24089.8,23596.6,23262.55,,,1,1,1,1,,,,11436490,20044118.95
1779864300,23922.55,23940.85,23905.15,23906.45,23934.84357655141,23944.762562286793,0,0,0,24089.8,23596.6,23262.55,,,1,1,1,1,,,,12740964,20154160.65
1779865200,23906.3,23938.3,23902.45,23936.3,23935.134861241128,23943.993238442537,0,0,0,24089.8,23596.6,23262.55,,,1,1,1,1,,,,10262571,20069029.8
1779866100,23936.1,23936.35,23904.05,23905.25,23929.1578889929,23940.471125856853,0,0,0,24089.8,23596.6,23262.55,,,1,1,1,1,,,,8802287,19741589.2
1779867000,23905.6,23923.45,23895,23898.15,23922.95631119432,23936.62375077896,0,0,0,24089.8,23596.6,23262.55,,,1,1,1,1,,,,15102604,19809802.8
1779867900,23897.15,23905.3,23884.15,23892.3,23916.825048955456,23932.594318889962,0,0,0,24089.8,23596.6,23262.55,,,1,1,1,1,,,,10937674,19540774.35
1779868800,23892.05,23915.15,23890.15,23891.55,23911.770039164363,23928.86301717269,0,0,0,24089.8,23596.6,23262.55,,,1,1,1,1,,,,17226562,19724309.6
1779869700,23891.25,23916.35,23882.05,23912.5,23911.91603133149,23927.375470156992,0,0,0,24089.8,23596.6,23262.55,,,1,1,1,1,,,,10579263,18368122.85
1779870600,23912.3,23924.1,23894.45,23896,23908.73282506519,23924.523154688173,0,0,0,24089.8,23596.6,23262.55,,,1,1,1,1,,,,18871741,17527843.9
1779871500,23895.95,23922.25,23884.5,23890.35,23905.05626005215,23921.416504261975,0,0,0,24089.8,23596.6,23262.55,,,1,1,1,1,,,,20064140,15616486.75
1779872400,23890.25,23890.25,23858.25,23875.05,23899.05500804172,23917.201367510886,0,0,0,24089.8,23596.6,23262.55,,,1,1,1,1,,,,26577733,15674676.2
1779873300,23875.4,23901.05,23866.95,23896.55,23898.554006433376,23915.323970464444,0,0,0,24089.8,23596.6,23262.55,,,1,1,1,1,,,,30259720,16034098.8
1779874200,23896.75,23906.45,23879.15,23902.8,23899.4032051467,23914.18542769495,0,0,0,24089.8,23596.6,23262.55,,,1,1,1,1,,,,40076831,16899950.65
1779875100,23903.8,23926.85,23902.5,23921.6,23903.84256411736,23914.85947972268,0,0,0,24089.8,23596.6,23262.55,,,1,1,1,1,,,,54891946,18478714.75
1780026300,23903.45,24002.8,23889.15,23893.4,23901.754051293887,23912.90861792971,1,0,0,24089.8,23596.6,23262.55,,,2,1,1,1,1,,,99530040,22544730.05
1780027200,23892.2,23933.85,23872.6,23875.75,23896.553241035108,23909.53056175428,0,0,0,24089.8,23596.6,23262.55,,,2,1,1,1,,,,43606449,23992550.9
1780028100,23875.8,23922.8,23871.1,23907.45,23898.732592828088,23909.341419776618,0,0,0,24089.8,23596.6,23262.55,,,2,1,1,1,,,,22585932,24522010.3
1780029000,23906.7,23954.5,23894.75,23945.7,23908.12607426247,23912.64674525147,0,0,0,24089.8,23596.6,23262.55,,,2,1,1,1,,,,18657307,24893256.3
1780029900,23946.1,23951.9,23908.95,23911.65,23908.830859409976,23912.55613204679,0,0,0,24089.8,23596.6,23262.55,,,2,1,1,1,,,,17206871,25066042.65
1780030800,23911.2,23929.65,23900.45,23900.65,23907.194687527983,23911.473756406172,0,0,0,24089.8,23596.6,23262.55,,,2,1,1,1,,,,14543575,25198035
1780031700,23900.9,23907.8,23877.65,23903.1,23906.375750022387,23910.712505823794,0,0,0,24089.8,23596.6,23262.55,,,2,1,1,1,,,,14295465,25340983.75
1780032600,23902.8,23912.7,23892.75,23896.85,23904.47060001791,23909.452278021632,0,0,0,24089.8,23596.6,23262.55,,,2,1,1,1,,,,11549048,25281387.95
1780033500,23897.2,23910.15,23888.95,23889.55,23901.48648001433,23907.642980019664,0,0,0,24089.8,23596.6,23262.55,,,2,1,1,1,,,,11207345,25328626.65
1780034400,23889.2,23894.5,23875.35,23885.9,23898.369184011462,23905.666345472422,0,0,0,24089.8,23596.6,23262.55,,,2,1,1,1,,,,14532152,25615119.9
1780035300,23885.55,23914,23883.35,23890.8,23896.85534720917,23904.314859520382,0,0,0,24089.8,23596.6,23262.55,,,2,1,1,1,,,,13790948,25549537.1
1780036200,23890.3,23891.65,23825.35,23835.7,23884.624277767336,23898.077145018528,0,0,0,24089.8,23596.6,23262.55,,,2,1,1,1,,,,11011970,25553251.9
1780037100,23835.95,23857.75,23815.1,23855.8,23878.859422213867,23894.23376819866,0,0,0,24089.8,23596.6,23262.55,,,2,1,1,1,,,,11031489,25243498.25
1780038000,23856.2,23859.05,23840.95,23849.9,23873.067537771094,23890.203425635147,0,0,0,24089.8,23596.6,23262.55,,,2,1,1,1,,,,10687812,25248925.7
1780038900,23849.85,23855.25,23821.95,23837.55,23865.964030216874,23885.416750577406,0,0,0,24089.8,23596.6,23262.55,,,2,1,1,1,,,,10912082,24850942.75
1780039800,23837.05,23838.3,23769.15,23769.25,23846.621224173497,23874.85613688855,0,1,0,24089.8,23596.6,23262.55,,,3,1,1,1,,1,,15817049,24638588.2
1780040700,23769.65,23789.5,23759.55,23775.6,23832.4169793388,23865.832851716863,0,0,0,24089.8,23596.6,23262.55,,,3,1,1,1,,,,16227513,24121077.2
1780041600,23775.35,23786.05,23765.95,23773.4,23820.61358347104,23857.429865197148,0,0,0,24089.8,23596.6,23262.55,,,3,1,1,1,,,,15112452,23363713.8
1780042500,23773.15,23775.1,23739.7,23757.65,23808.02086677683,23848.358968361044,0,0,0,24089.8,23596.6,23262.55,,,3,1,1,1,,,,13451787,22032461.6
1780043400,23758.05,23759.5,23731.25,23744.45,23795.306693421466,23838.91269851004,0,0,0,24089.8,23596.6,23262.55,,,3,1,1,1,,,,11963773,19886052.95
1780044300,23743.8,23762.25,23731.55,23760.1,23788.265354737174,23831.7479077364,0,0,0,24089.8,23596.6,23262.55,,,3,1,1,1,,,,13256075,15572354.7
1780045200,23759.55,23802.05,23759.55,23786.1,23787.83228378974,23827.598097942184,0,0,0,24089.8,23596.6,23262.55,,,3,1,1,1,,,,14613683,14122716.4
1780046100,23786.75,23795.3,23752.25,23773.35,23784.93582703179,23822.66645267471,1,0,0,24089.8,23596.6,23262.55,,,3,2,1,1,1,,,21181680,14052503.8
1780047000,23773.3,23773.3,23505.6,23528.7,23733.68866162543,23795.942229704284,0,1,0,24089.8,23596.6,23262.55,,,3,3,1,1,,1,,406023615,33420819.2
1780047900,23527.2,23618,23484.75,23609.3,23708.810929300344,23778.97475427662,0,0,0,24089.8,23596.6,23262.55,,,3,3,1,1,,,,334516599,49286305.6
1780285500,23667.95,23733.7,23587.75,23592.95,23685.638743440275,23762.063412978747,0,0,0,24089.8,23596.6,23262.55,,,3,3,1,1,,,,38423073,50480280.5
1780286400,23591.95,23623.8,23565.8,23576.7,23663.85099475222,23745.212193617044,0,0,0,24089.8,23596.6,23262.55,,,3,3,1,1,,,,23065639,50918789.2
1780287300,23575.35,23595.4,23556.75,23561.8,23643.440795801776,23728.538357833677,0,0,0,24089.8,23596.6,23262.55,,,3,3,1,1,,,,17294434,51206058.5
1780288200,23561.05,23572.35,23537,23553.15,23625.38263664142,23712.59396166698,0,0,0,24089.8,23596.6,23262.55,,,3,3,1,1,,,,13807284,51336055.45
1780289100,23552.7,23566.4,23536.8,23539.85,23608.276109313138,23696.889965151797,0,0,0,24089.8,23596.6,23262.55,,,3,3,1,1,,,,12762440,51247569.85
1780290000,23539.35,23555.15,23517.7,23538.25,23594.27088745051,23682.468150137996,0,0,0,24089.8,23596.6,23262.55,,,3,3,1,1,,,,13700899,51243067.4
1780290900,23538.2,23597.2,23537,23569.75,23589.36670996041,23672.221045579998,0,0,0,24089.8,23596.6,23262.55,,,3,3,1,1,,,,12027790,51293858.4
1780291800,23569.95,23615.5,23569.95,23606.2,23592.73336796833,23666.219132345454,0,0,0,24089.8,23596.6,23262.55,,,3,3,1,1,,,,11871114,51335839.65
1780292700,23605.4,23619.25,23558.45,23559.15,23586.016694374663,23656.485574859504,0,0,0,24089.8,23596.6,23262.55,,,3,3,1,1,,,,10223454,51312621.75
1780293600,23558.6,23570.1,23539,23550,23578.81335549973,23646.805068054095,0,0,0,24089.8,23596.6,23262.55,,,3,3,1,1,,,,13049601,51419497.7
1780294500,23549.75,23562.2,23491.85,23493.75,23561.800684399783,23632.89097095827,0,0,0,24089.8,23596.6,23262.55,,,3,3,1,1,,,,9849888,51121139.65
1780295400,23493.65,23533.35,23486,23530,23555.440547519825,23623.5372463257,0,0,0,24089.8,23596.6,23262.55,,,3,3,1,1,,,,14127104,51016119.2
1780296300,23529.35,23533.15,23510.65,23516.95,23547.74243801586,23613.847496659728,0,0,0,24089.8,23596.6,23262.55,,,3,3,1,1,,,,9901922,50755592.7
1780297200,23516.4,23526,23502.95,23515.85,23541.363950412688,23604.938633327027,0,0,0,24089.8,23596.6,23262.55,,,3,3,1,1,,,,8098983,50487952.5
1780298100,23515.05,23536.95,23499.25,23513.45,23535.78116033015,23596.62148484275,0,0,0,24089.8,23596.6,23262.55,,,3,3,1,1,,,,8407044,50310116.05
1780299000,23513.05,23520.75,23453.25,23460.65,23520.75492826412,23584.26044076614,0,0,0,24089.8,23596.6,23262.55,,,3,3,1,1,,,,11270169,50210820.75
1780299900,23459.95,23486.45,23458.15,23483.5,23513.303942611295,23575.10040069649,0,0,0,24089.8,23596.6,23262.55,,,3,3,1,1,,,,7827037,49871488.45
1780300800,23482.3,23500.4,23475.2,23482.95,23507.233154089037,23566.723091542262,0,0,0,24089.8,23596.6,23262.55,,,3,3,1,1,,,,9483935,49286601.2
1780301700,23481.85,23483.55,23447.7,23456.3,23497.04652327123,23556.684628674782,0,0,0,24089.8,23596.6,23262.55,,,3,3,1,1,,,,9531007,29461970.8
1780302600,23456.1,23459.6,23413,23416.95,23481.027218616986,23543.981480613438,0,0,0,24089.8,23596.6,23262.55,,,3,3,1,1,,,,10439172,13258099.45
1780303500,23417.05,23428.3,23389.6,23395,23463.82177489359,23530.43770964858,0,0,0,24089.8,23596.6,23262.55,,,3,3,1,1,,,,11849975,11929444.55
1780304400,23394.1,23422.65,23379.95,23416.3,23454.31741991487,23520.061554225984,0,0,0,24089.8,23596.6,23262.55,,,3,3,1,1,,,,12116614,11381993.3
1780305300,23417.3,23427.35,23360.15,23373.7,23438.193935931897,23506.755958387257,0,0,0,24089.8,23596.6,23262.55,,,3,3,1,1,,,,15881801,11311361.65
1780306200,23373.95,23412.1,23357.95,23389.25,23428.405148745518,23496.07359853387,0,0,0,24089.8,23596.6,23262.55,,,3,3,1,1,,,,58893780,13565686.45
1780307100,23389.4,23402.8,23362.8,23379.2,23418.564118996415,23485.44872593988,0,0,0,24089.8,23596.6,23262.55,,,3,3,1,1,,,,55058808,15680504.85
1780371900,23265.4,23297.75,23233.4,23279.55,23390.76129519713,23466.730659945348,0,0,0,24089.8,23596.6,23262.55,,,3,3,1,1,,,,48308115,17410865.65
1780372800,23282.1,23307.15,23261.2,23301.85,23372.979036157703,23451.741509041225,0,0,0,24089.8,23596.6,23262.55,,,3,3,1,1,,,,25580119,18088482.1
1780373700,23301.95,23322.75,23270.95,23315.2,23361.423228926164,23439.328644582933,0,0,0,24089.8,23596.6,23262.55,,,3,3,1,1,,,,20601619,18525007.35
1780374600,23316.2,23325.15,23280.95,23281.45,23345.428583140932,23424.97604052994,0,0,0,24089.8,23596.6,23262.55,,,3,3,1,1,,,,20044400,19016054.65
1780375500,23281.4,23375.95,23265.65,23369.6,23350.262866512745,23419.941855027217,0,0,0,24089.8,23596.6,23262.55,,,3,3,1,1,,,,21983483,19462748.75
1780376400,23371,23373.2,23327.75,23352.45,23350.700293210197,23413.806231842926,0,0,0,24089.8,23596.6,23262.55,,,3,3,1,1,,,,19516758,19946092.25
1780377300,23352.35,23352.35,23281.55,23300.35,23340.630234568158,23403.492028948112,0,0,0,24089.8,23596.6,23262.55,,,3,3,1,1,,,,19421401,20210807.1
1780378200,23301.15,23314.65,23293,23310.3,23334.564187654527,23395.020026316466,0,0,0,24089.8,23596.6,23262.55,,,3,3,1,1,,,,12897460,20360584
1780379100,23309.65,23363.95,23295.85,23340.3,23335.71135012362,23390.045478469514,0,0,0,24089.8,23596.6,23262.55,,,3,3,1,1,,,,13598199,20635544.8
1780380000,23340.45,23344.5,23290.5,23298,23328.169080098894,23381.677707699557,0,0,0,24089.8,23596.6,23262.55,,,3,3,1,1,,,,13259754,20878180.3
1780380900,23298.3,23310.7,23280.75,23283.5,23319.235264079114,23372.752461545053,0,0,0,24089.8,23596.6,23262.55,,,3,3,1,1,,,,15026093,21065976.5
1780381800,23284.1,23304.4,23276.6,23279.8,23311.348211263292,23364.30223776823,0,0,0,24089.8,23596.6,23262.55,,,3,3,1,1,,,,13826633,21365956.3
1780382700,23279.3,23297.35,23270.95,23274.85,23304.048569010632,23356.170216152936,0,0,0,24089.8,23596.6,23262.55,,,3,3,1,1,,,,14405012,21612010.15
1780383600,23274.75,23374.6,23271.45,23371.55,23317.548855208504,23357.56837832085,0,0,0,24089.8,23596.6,23262.55,,,3,3,1,1,,,,18201505,22045535.05
1780384500,23371.3,23470.8,23370.6,23457.95,23345.629084166805,23366.693980291682,0,0,0,24089.8,23596.6,23262.55,,,3,3,1,1,,,,22342538,22640703.35
1780385400,23456.9,23499.25,23438.4,23473.75,23371.253267333443,23376.426345719712,0,0,0,24089.8,23596.6,23262.55,,,3,3,1,1,,,,14737053,22785057.25
1780386300,23474.25,23503.65,23456.8,23502.95,23397.592613866753,23387.92849610883,0,0,0,24089.8,23596.6,23262.55,,,3,3,1,1,,,,14692932,22913873.15
1780387200,23502.7,23535.05,23492.6,23500.35,23418.144091093403,23398.14863282621,0,0,0,24089.8,23596.6,23262.55,,,3,3,1,1,,,,13945518,22817059
1780388100,23500.5,23530.05,23500.25,23514.8,23437.475272874723,23408.753302569283,0,0,0,24089.8,23596.6,23262.55,,,3,3,1,1,,,,14567386,20600739.3
1780389000,23515.15,23546.8,23512.45,23539.5,23457.88021829978,23420.639365972074,0,0,0,24089.8,23596.6,23262.55,,,3,3,1,1,,,,14441924,18569895.1
1780389900,23539.65,23556.95,23510.45,23516.7,23469.644174639823,23429.372150883704,0,0,0,24089.8,23596.6,23262.55,,,3,3,1,1,,,,21176604,17213319.55
1780390800,23516.75,23535.3,23443.95,23453,23466.31533971186,23431.520137167005,0,0,0,24089.8,23596.6,23262.55,,,3,3,1,1,,,,18208727,16844749.95
1780391700,23452.35,23480.3,23432.8,23441.2,23461.292271769486,23432.400124697277,0,0,0,24089.8,23596.6,23262.55,,,3,3,1,1,,,,16081808,16618759.4
1780392600,23441.55,23500.15,23422.65,23490,23467.033817415588,23437.636476997523,0,0,0,24089.8,23596.6,23262.55,,,3,3,1,1,,,,39745061,17603792.45
1780393500,23489.8,23525.7,23488.55,23520.7,23477.76705393247,23445.187706361383,0,0,0,24089.8,23596.6,23262.55,,,3,3,1,1,,,,41338251,18571530.85
1780458300,23433.35,23447.65,23265.25,23292.7,23440.753643145978,23431.32518760126,0,0,0,24089.8,23596.6,23262.55,,,3,3,1,1,,,,42440613,19717723.6
1780459200,23293.5,23299.8,23244.45,23268.95,23406.392914516782,23416.563806910235,0,0,0,24089.8,23596.6,23262.55,,,3,3,1,1,,,,21631135,19828210.3
1780460100,23269.05,23299.55,23225.5,23252.65,23375.644331613425,23401.66255173658,0,0,0,24089.8,23596.6,23262.55,,,3,3,1,1,,,,19070520,20136863.3
1780461000,23253.15,23287.4,23232.75,23240.5,23348.61546529074,23387.011410669616,0,0,0,24089.8,23596.6,23262.55,,,3,3,1,1,,,,16081415,20261024.1
1780461900,23240.45,23283.2,23228.95,23246.3,23328.15237223259,23374.219464245107,0,0,0,24089.8,23596.6,23262.55,,,3,3,1,1,,,,17839545,20490013.65
1780462800,23247,23255.3,23212.1,23227.15,23307.95189778607,23360.8495129501,0,0,0,24089.8,23596.6,23262.55,,,3,3,1,1,,,,11966969,20337057.45
1780463700,23227.55,23244.25,23217.1,23226.05,23291.57151822886,23348.595011772817,0,0,0,24089.8,23596.6,23262.55,,,3,3,1,1,,,,14188659,20355158.75
1780464600,23227.25,23233,23194.8,23202.85,23273.827214583085,23335.345465248014,0,0,0,24089.8,23596.6,23262.55,,,3,3,1,1,,,,13271612,20298488.75
1780465500,23203.6,23244.85,23198.8,23215.85,23262.23177166647,23324.48224113456,0,0,0,24089.8,23596.6,23262.55,,,3,3,1,1,,,,15138157,20145321.35
1780466400,23216.95,23234.75,23202.6,23214.2,23252.625417333176,23314.456582849598,0,0,0,24089.8,23596.6,23262.55,,,3,3,1,1,,,,12672627,19661825.8
1780467300,23215.05,23225.9,23191.4,23192.25,23240.55033386654,23303.346893499634,0,0,0,24089.8,23596.6,23262.55,,,3,3,1,1,,,,13359337,19592940
1780468200,23193.25,23202.75,23151.5,23180.7,23228.58026709323,23292.197175908757,0,0,0,24089.8,23596.6,23262.55,,,3,3,1,1,,,,14212270,19568906.9
1780469100,23181.25,23241.65,23176.55,23235.45,23229.954213674584,23287.038341735235,0,0,0,24089.8,23596.6,23262.55,,,3,3,1,1,,,,15178897,19630575.85
1780470000,23236.35,23347.55,23236.2,23323,23248.563370939668,23290.30758339567,0,0,0,24089.8,23596.6,23262.55,,,3,3,1,1,,,,27998779,20302145.5
1780470900,23325.15,23331.55,23271.95,23283.3,23255.510696751735,23289.670530359697,0,0,0,24089.8,23596.6,23262.55,,,3,3,1,1,,,,12908969,20225497.75
1780471800,23284.2,23305.95,23275.05,23298.35,23264.078557401386,23290.45957305427,0,0,0,24089.8,23596.6,23262.55,,,3,3,1,1,,,,10119120,19672623.55
1780472700,23302.95,23349.75,23300.3,23345,23280.26284592111,23295.4177936857,0,0,0,24089.8,23596.6,23262.55,,,3,3,1,1,,,,12375470,19380960.7
1780473600,23345.95,23352.8,23316.4,23320.6,23288.330276736888,23297.70708516882,0,0,0,24089.8,23596.6,23262.55,,,3,3,1,1,,,,11332606,19143500.6
1780474500,23322.25,23427.05,23321.35,23361.1,23302.88422138951,23303.4700774262,0,0,0,24089.8,23596.6,23262.55,,,3,3,1,1,,,,18277952,18070145.15
1780475400,23363.55,23404.1,23363.1,23388.2,23319.94737711161,23311.17279766018,0,0,0,24089.8,23596.6,23262.55,,,3,3,1,1,,,,12629057,16634685.45
1780476300,23388.3,23439.5,23387.5,23406.75,23337.307901689288,23319.861634236528,0,0,0,24089.8,23596.6,23262.55,,,3,3,1,1,,,,12823357,15153822.65
1780477200,23408.45,23445.2,23400.55,23439.8,23357.80632135143,23330.765122033208,0,0,0,24089.8,23596.6,23262.55,,,3,3,1,1,,,,14823854,14813458.6
1780478100,23440.1,23459.55,23425.85,23442.95,23374.83505708114,23340.963747302918,0,0,0,24089.8,23596.6,23262.55,,,3,3,1,1,,,,19182780,14819071.6
1780479000,23443.8,23459.65,23373.9,23395.85,23379.038045664915,23345.953406639015,0,0,0,24089.8,23596.6,23262.55,,,3,3,1,1,,,,31891120,15609556.85
1780479900,23396.1,23411.3,23389,23396.95,23382.62043653193,23350.589460580923,0,0,0,24089.8,23596.6,23262.55,,,3,3,1,1,,,,35488137,16491986.45
1780544700,23288.15,23362.85,23247.3,23334.8,23373.056349225546,23349.154055073566,0,0,0,24089.8,23596.6,23262.55,,,3,3,1,1,,,,33148605,17551068.25
1780545600,23334.75,23366.65,23304.35,23355.35,23369.515079380435,23349.71732279415,0,0,0,24089.8,23596.6,23262.55,,,3,3,1,1,,,,17026683,17692969.45
1780546500,23355.5,23443.35,23355.5,23407.85,23377.182063504348,23355.002111631045,0,0,0,24089.8,23596.6,23262.55,,,3,3,1,1,,,,15624747,17810626.2
1780547400,23407.3,23443.7,23398.9,23431.35,23388.015650803478,23361.942828755495,0,0,0,24089.8,23596.6,23262.55,,,3,3,1,1,,,,15436913,17825564
1780548300,23431.9,23450.1,23417.05,23423.5,23395.112520642782,23367.538935232267,0,0,0,24089.8,23596.6,23262.55,,,3,3,1,1,,,,15005533,17942209.3
1780549200,23423,23426.6,23375.55,23410.65,23398.220016514228,23371.458122938424,0,0,0,24089.8,23596.6,23262.55,,,3,3,1,1,,,,11692828,17858883.85
1780550100,23411.05,23446.45,23409.65,23424.9,23403.556013211382,23376.316475398566,0,0,0,24089.8,23596.6,23262.55,,,3,3,1,1,,,,11336631,17715101.9
1780551000,23424.1,23430.35,23374.8,23401.85,23403.214810569105,23378.637704907786,0,0,0,24089.8,23596.6,23262.55,,,3,3,1,1,,,,14276906,17670002.35
1780551900,23402.05,23403.8,23379.5,23392.7,23401.111848455283,23379.916095370714,0,0,0,24089.8,23596.6,23262.55,,,3,3,1,1,,,,12350073,16887567.05
1780552800,23392.65,23462.3,23359.45,23443.65,23409.619478764227,23385.71008670065,0,0,0,24089.8,23596.6,23262.55,,,3,3,1,1,,,,12837851,16884011.15
1780553700,23443.75,23451.65,23397,23419.05,23411.50558301138,23388.74098790968,0,0,0,24089.8,23596.6,23262.55,,,3,3,1,1,,,,12791160,17017613.15
1780554600,23419.15,23450.45,23416.25,23439.7,23417.144466409107,23393.37362537244,0,0,0,24089.8,23596.6,23262.55,,,3,3,1,1,,,,16443740,17221026.65
1780555500,23439.25,23450,23422.25,23430.65,23419.845573127284,23396.762386702216,0,0,0,24089.8,23596.6,23262.55,,,3,3,1,1,,,,10767720,17192782.35
1780556400,23430.45,23432,23381.3,23385.35,23412.94645850183,23395.724897002015,0,0,0,24089.8,23596.6,23262.55,,,3,3,1,1,,,,11134642,16835616.85
1780557300,23384.45,23416.05,23382.9,23415.9,23413.537166801463,23397.55899727456,0,0,0,24089.8,23596.6,23262.55,,,3,3,1,1,,,,11669808,16787654.4
1780558200,23415.75,23422,23332.8,23334.25,23397.67973344117,23391.803633885964,0,0,0,24089.8,23596.6,23262.55,,,3,3,1,1,,,,14946529,16893813
1780559100,23333.65,23368.65,23313.15,23362.25,23390.593786752936,23389.116939896332,0,0,0,24089.8,23596.6,23262.55,,,3,3,1,1,,,,19908234,17148032
1780560000,23362.55,23375.25,23346.15,23361.5,23384.77502940235,23386.606308996666,0,0,0,24089.8,23596.6,23262.55,,,3,3,1,1,,,,9088458,16643315.9
1780560900,23360.9,23377.85,23350.25,23367.9,23381.40002352188,23384.905735451513,0,0,0,24089.8,23596.6,23262.55,,,3,3,1,1,,,,9744718,15535995.8
1780561800,23368.9,23433.75,23367.75,23413.9,23387.900018817505,23387.541577683194,0,0,0,24089.8,23596.6,23262.55,,,3,3,1,1,,,,13110155,14417096.7
1780562700,23414.3,23429.15,23405.9,23419.75,23394.270015054004,23390.469616075632,0,0,0,24089.8,23596.6,23262.55,,,3,3,1,1,,,,11497109,13334521.9
1780563600,23420.1,23452.85,23415.3,23433.2,23402.056012043202,23394.354196432392,0,0,0,24089.8,23596.6,23262.55,,,3,3,1,1,,,,15879201,13277147.8
1780564500,23433.3,23465.3,23402.7,23415.15,23404.674809634562,23396.244724029446,0,0,0,24089.8,23596.6,23262.55,,,3,3,1,1,,,,16428211,13317321
1780565400,23414.8,23420.35,23385.3,23418.05,23407.34984770765,23398.227021844952,0,0,0,24089.8,23596.6,23262.55,,,3,3,1,1,,,,38795066,14485228.65
1780566300,23417.05,23446.8,23411.7,23438,23413.47987816612,23401.842747131774,0,0,0,24089.8,23596.6,23262.55,,,3,3,1,1,,,,38336722,15651788.1
1780631100,23473.7,23516.35,23439.3,23461.95,23423.173902532897,23407.307042847067,0,0,0,24089.8,23596.6,23262.55,,,3,3,1,1,,,,39424048,17038349.1
1780632000,23462.2,23486.95,23445.95,23476.3,23433.799122026317,23413.57912986097,0,0,0,24089.8,23596.6,23262.55,,,3,3,1,1,,,,20640343,17503534.7
1780632900,23476.05,23477.95,23439.15,23443.95,23435.829297621054,23416.34011805543,0,0,0,24089.8,23596.6,23262.55,,,3,3,1,1,,,,19230073,17751193.05
1780633800,23443.65,23512.65,23423.85,23468.5,23442.363438096843,23421.081925504935,0,0,0,24089.8,23596.6,23262.55,,,3,3,1,1,,,,18767548,18072066.8
1780634700,23467.7,23497.5,23452.95,23470.55,23448.000750477473,23425.579023186307,0,0,0,24089.8,23596.6,23262.55,,,3,3,1,1,,,,11322400,17996294.25
1780635600,23470.95,23474.25,23342.2,23359.75,23430.35060038198,23419.594566533007,0,0,0,23516.35,23151.5,,,,1,1,1,1,,,,14247501,18069111.3
1780636500,23360.2,23404.65,23331.8,23402.3,23424.740480305583,23418.022333211826,0,0,0,23516.35,23151.5,,,,1,1,1,1,,,,13202366,17907042.6
1780637400,23403.6,23494.8,23403.6,23444.4,23428.672384244466,23420.420302919843,0,0,0,23516.35,23151.5,,,,1,1,1,1,,,,17582662,18247789.7
1780638300,23443.95,23452.2,23393.1,23418.35,23426.607907395573,23420.232093563493,0,0,0,23516.35,23151.5,,,,1,1,1,1,,,,11833247,18282719.95
1780639200,23418.3,23442.95,23403.35,23422.8,23425.84632591646,23420.465539603174,0,0,0,23516.35,23151.5,,,,1,1,1,1,,,,12132943,18305876.7
1780640100,23424.35,23440.95,23396.95,23397.5,23420.177060733167,23418.377763275614,0,0,0,23516.35,23151.5,,,,1,1,1,1,,,,8262619,17971681.2
1780641000,23397.9,23441.45,23397.05,23439.5,23424.041648586535,23420.297966614195,0,0,0,23516.35,23151.5,,,,1,1,1,1,,,,8903332,17421436.1
1780641900,23439.75,23455.25,23431.55,23437,23426.63331886923,23421.81633328563,0,0,0,23516.35,23151.5,,,,1,1,1,1,,,,8439298,17388978.1
1780642800,23436.85,23439.7,23367.3,23374.65,23416.236655095385,23417.52848480512,0,0,0,23516.35,23151.5,,,,1,1,1,1,,,,10197957,17411640.05
1780643700,23374.9,23388.25,23351.2,23367.7,23406.52932407631,23412.99862255011,0,0,0,23516.35,23151.5,,,,1,1,1,1,,,,9285532,17220408.9
1780644600,23367.55,23376.2,23333.8,23337.5,23392.723459261048,23406.13511140919,0,0,0,23516.35,23151.5,,,,1,1,1,1,,,,10754192,17183263.05
1780645500,23337.95,23360.8,23310.55,23310.6,23376.298767408836,23397.45010128108,0,0,0,23516.35,23151.5,,,,1,1,1,1,,,,8590320,16818819
1780646400,23310.3,23328.6,23282.65,23300.1,23361.059013927068,23388.60009207371,0,0,0,23516.35,23151.5,,,,1,1,1,1,,,,9932263,16494021.6
1780647300,23300.4,23330.85,23296.75,23330.85,23355.017211141654,23383.35008370337,0,0,0,23516.35,23151.5,,,,1,1,1,1,,,,8624976,14985517.1
1780648200,23330.25,23341.95,23313.5,23320.15,23348.043768913325,23377.60462154852,0,0,0,23516.35,23151.5,,,,1,1,1,1,,,,8748857,13506123.85
1780649100,23320.9,23354.05,23301,23351.6,23348.75501513066,23375.240565044107,0,0,0,23516.35,23151.5,,,,1,1,1,1,,,,9661911,12018017
1780650000,23351.8,23405.05,23318.75,23398.8,23358.76401210453,23377.38233185828,0,0,0,23516.35,23151.5,,,,1,1,1,1,,,,13382135,11655106.6
1780650900,23398.05,23418.25,23353.3,23361.8,23359.371209683624,23375.9657562348,0,0,0,23516.35,23151.5,,,,1,1,1,1,,,,14294165,11408311.2
1780651800,23363.2,23369.85,23326.95,23365.75,23360.6469677469,23375.037051122545,0,0,0,23516.35,23151.5,,,,1,1,1,1,,,,23917777,11665822.65
1780652700,23366.55,23386.5,23361.05,23368.85,23362.28757419752,23374.474591929586,0,0,0,23516.35,23151.5,,,,1,1,1,1,,,,31205722,12659988.75
1780890300,23078.05,23157.05,23070.15,23155.5,23320.930059358016,23354.567810845077,0,0,0,23516.35,23151.5,,,,4,1,1,1,,,,40519249,13973576.15
1780891200,23156.1,23185.2,23132.85,23159.15,23288.574047486414,23336.80255531371,0,0,0,23516.35,23151.5,,,,4,1,1,1,,,,22538477,14440381.7
1780892100,23159.85,23202,23125.25,23199.5,23270.759237989132,23324.320504830644,0,0,0,23516.35,23151.5,,,,4,1,1,1,,,,16952908,14408894
1780893000,23199.85,23200.4,23154.35,23174.25,23251.457390391304,23310.677731664222,0,0,0,23516.35,23151.5,,,,4,1,1,1,,,,16203526,14627407.95
1780893900,23174.55,23188,23163.25,23172.45,23235.655912313043,23298.111574240203,0,0,0,23516.35,23151.5,,,,4,1,1,1,,,,11965220,14619021.8
1780894800,23173.2,23223.45,23172.3,23191.65,23226.854729850435,23288.433249309277,0,0,0,23516.35,23151.5,,,,4,1,1,1,,,,10533358,14732558.75
1780895700,23192.25,23218.7,23181.1,23217.45,23224.97378388035,23281.9802266448,0,0,0,23516.35,23151.5,,,,4,1,1,1,,,,12537480,14914266.15
1780896600,23217.9,23218.6,23192.75,23198.85,23219.749027104277,23274.422933313454,0,0,0,23516.35,23151.5,,,,4,1,1,1,,,,11285924,15056597.45
1780897500,23199.75,23204.7,23179,23186.15,23213.02922168342,23266.398121194048,0,0,0,23516.35,23151.5,,,,4,1,1,1,,,,13556176,15224508.4
1780898400,23186.55,23211.6,23182.7,23205.45,23211.513377346735,23260.85738290368,0,0,0,23516.35,23151.5,,,,4,1,1,1,,,,14403878,15480425.7
1780899300,23206.1,23215.3,23198.3,23205.45,23210.30070187739,23255.820348094254,0,0,0,23516.35,23151.5,,,,4,1,1,1,,,,11830608,15534246.5
1780900200,23205.8,23224.4,23193.8,23212.45,23210.73056150191,23251.877589176594,0,0,0,23516.35,23151.5,,,,4,1,1,1,,,,9258067,15567633.85
1780901100,23213,23226.45,23208,23218.75,23212.334449201528,23248.86599016054,0,0,0,23516.35,23151.5,,,,4,1,1,1,,,,7630294,15452535.4
1780902000,23219.2,23245.6,23215.25,23237.85,23217.43755936122,23247.86453650958,0,0,0,23516.35,23151.5,,,,4,1,1,1,,,,9645755,15503574.35
1780902900,23238.65,23267.3,23229.6,23246.15,23223.180047488975,23247.708669554162,0,0,0,23516.35,23151.5,,,,4,1,1,1,,,,8679414,15500102.2
1780903800,23247.1,23247.8,23212.55,23216.3,23221.80403799118,23244.85333595833,0,0,0,23516.35,23151.5,,,,4,1,1,1,,,,11320371,15583025.2
1780904700,23216.5,23225.7,23194.7,23209.05,23219.253230392944,23241.598487234845,0,0,0,23516.35,23151.5,,,,4,1,1,1,,,,9704591,15399148
1780905600,23208.7,23215.3,23169.75,23171,23209.602584314354,23235.180442940768,0,0,0,23516.35,23151.5,,,,4,1,1,1,,,,8927150,15130797.25
1780906500,23171.9,23177,23150.4,23172.45,23202.172067451484,23229.477675400696,0,0,0,23516.35,23151.5,,,,4,1,1,1,,,,10939014,14481859.1
1780907400,23173.45,23184.7,23156.25,23156.85,23193.107653961186,23222.87515945518,0,0,0,23516.35,23151.5,,,,4,1,1,1,,,,10412082,13442177.1
1780908300,23157.35,23173.2,23145.7,23149.1,23184.30612316895,23216.168326777435,0,0,0,23516.35,23151.5,,,,4,1,1,1,,,,9425766,11887502.95
1780909200,23148.6,23181,23147.3,23179.9,23183.42489853516,23212.871206161304,0,0,0,23516.35,23151.5,,,,4,1,1,1,,,,11189653,11320061.75
1780910100,23181.4,23196.7,23160.6,23179,23182.539918828126,23209.792005601186,0,0,0,23516.35,23151.5,,,,4,1,1,1,,,,17150091,11329920.9
1780911000,23182.4,23182.4,23107.05,23134.45,23172.921935062503,23202.942732364714,0,0,0,23516.35,23151.5,,,,4,1,1,1,,,,29742776,12006883.4
1780911900,23134.05,23135.8,23089.9,23103.7,23159.07754805,23193.920665786103,0,0,0,23516.35,23151.5,,,,4,1,1,1,,,,36296558,13223450.3
1780976700,23259.45,23259.45,23194.9,23224.95,23172.25203844,23196.741514351004,0,0,0,23516.35,23151.5,,,,4,1,1,1,,,,34358807,14414722.75
1780977600,23225.05,23252.05,23196.4,23196.4,23177.081630752,23196.710467591824,0,0,0,23516.35,23151.5,,,,4,1,1,1,,,,17215018,14648599.65
1780978500,23196.8,23218.15,23180.55,23188.35,23179.3353046016,23195.950425083476,0,0,0,23516.35,23151.5,,,,4,1,1,1,,,,15361600,14852383.45
1780979400,23188.75,23192.9,23160.5,23168.1,23177.08824368128,23193.418568257704,0,0,0,23516.35,23151.5,,,,4,1,1,1,,,,13159958,14832572.55
1780980300,23167.75,23177.35,23148.7,23162.35,23174.140594945024,23190.59415296155,0,0,0,23516.35,23151.5,,,,4,1,1,1,,,,14581861,14841471.7
1780981200,23162.5,23166.4,23146.9,23164.35,23172.18247595602,23188.208320874135,0,0,0,23516.35,23151.5,,,,4,1,1,1,,,,9943984,14747140.5
1780982100,23164.55,23168.05,23129.1,23154.5,23168.645980764813,23185.143928067395,0,0,0,23516.35,23151.5,,,,4,1,1,1,,,,10262070,14797340.65
1780983000,23154.55,23161.9,23142.5,23145,23163.91678461185,23181.49448006127,0,0,0,23516.35,23151.5,,,,4,1,1,1,,,,12057100,15018680.95
1780983900,23146,23158.55,23104.45,23131.95,23157.52342768948,23176.990436419335,0,0,0,23516.35,23151.5,,,,4,1,1,1,,,,15997639,15336275.15
1780984800,23132.15,23160.65,23126.1,23151.55,23156.328742151585,23174.677669472123,0,0,0,23516.35,23151.5,,,,4,1,1,1,,,,11882047,15496406.8
1780985700,23150.85,23196.2,23145.45,23181.3,23161.322993721267,23175.279699520113,0,0,0,23516.35,23151.5,,,,4,1,1,1,,,,12032674,15532021.95
1780986600,23181.2,23204.5,23176.5,23186.8,23166.418394977012,23176.32699956374,0,0,0,23516.35,23151.5,,,,4,1,1,1,,,,10228740,15558229.4
1780987500,23187.65,23209.4,23184.65,23206.25,23174.38471598161,23179.04727233067,0,0,0,23516.35,23151.5,,,,4,1,1,1,,,,9557398,15589741.8
1780988400,23205.3,23226.65,23196.75,23208,23181.10777278529,23181.679338482427,0,0,0,23516.35,23151.5,,,,4,1,1,1,,,,12740939,15679838.05
1780989300,23207.4,23219.35,23177.5,23181.9,23181.266218228233,23181.69939862039,0,0,0,23516.35,23151.5,,,,4,1,1,1,,,,13420409,15830254.4
1780990200,23181.4,23212.05,23181.15,23208.1,23186.632974582586,23184.099453291263,0,0,0,23516.35,23151.5,,,,4,1,1,1,,,,15828085,16150370.35
1780991100,23208.75,23223.2,23193.9,23204.7,23190.24637966607,23185.972230264786,0,0,0,23516.35,23151.5,,,,4,1,1,1,,,,10782775,16130026.45
1780992000,23204.65,23222.25,23186.8,23218.5,23195.897103732856,23188.929300240714,0,0,0,23516.35,23151.5,,,,4,1,1,1,,,,13830253,15964034.55
1780992900,23218.65,23220.45,23175.3,23189.6,23194.637682986286,23188.990272946103,0,0,0,23516.35,23151.5,,,,4,1,1,1,,,,11222523,15038021.9
1780993800,23189.65,23218.65,23178.45,23206.45,23197.00014638903,23190.577520860094,0,0,0,23516.35,23151.5,,,,4,1,1,1,,,,10249212,13735654.6
1780994700,23206.05,23217.05,23187.3,23216.65,23200.930117111224,23192.94774623645,0,0,0,23516.35,23151.5,,,,4,1,1,1,,,,12966082,12666018.35
1780995600,23216.85,23261.15,23203,23250.7,23210.88409368898,23198.197951124042,0,0,0,23516.35,23151.5,,,,4,1,1,1,,,,14630065,12536770.7
1780996500,23251.15,23279.4,23239.45,23274.4,23223.587274951184,23205.125410112767,0,0,0,23516.35,23151.5,,,,4,1,1,1,,,,19563671,12746874.25
1780997400,23274.65,23274.65,23230.5,23244.8,23227.829819960945,23208.732191011608,0,0,0,23516.35,23151.5,,,,4,1,1,1,,,,42813172,14229534.95
1780998300,23244.2,23261.05,23225.05,23254.8,23233.223855968758,23212.920173646915,0,0,0,23516.35,23151.5,,,,4,1,1,1,,,,34800395,15240461.65
1781063100,23235.5,23350.2,23217.3,23339.75,23254.529084775008,23224.450157860832,0,0,0,23516.35,23151.5,,,,4,1,1,1,,,,31287610,16307642.95
1781064000,23339.45,23356.9,23329.7,23355.05,23274.633267820005,23236.322870782577,0,0,0,23516.35,23151.5,,,,4,1,1,1,,,,17412454,16665162.15
1781064900,23353.7,23384.45,23353.2,23366.6,23293.026614256003,23248.16624616598,0,0,0,23516.35,23151.5,,,,4,1,1,1,,,,15564096,16840511.95
1781065800,23365.7,23370.55,23317,23317,23297.8212914048,23254.42386015089,0,0,0,23516.35,23151.5,,,,4,1,1,1,,,,13296677,16705463.85
1781066700,23317.3,23338.35,23305.8,23319.4,23302.137033123843,23260.330781955356,0,0,0,23516.35,23151.5,,,,4,1,1,1,,,,10589016,16640812.3
1781067600,23319.3,23351.55,23317.7,23345.95,23310.899626499075,23268.114347232142,0,0,0,23516.35,23151.5,,,,4,1,1,1,,,,11733426,16625849.9
1781068500,23345.8,23378.55,23341.45,23378.55,23324.42970119926,23278.15395202922,0,0,0,23516.35,23151.5,,,,4,1,1,1,,,,12854026,16757114.2
1781069400,23380,23388.9,23362.85,23373.65,23334.273760959408,23286.835410935655,0,0,0,23516.35,23151.5,,,,4,1,1,1,,,,13868884,16972688.5
1781070300,23373.8,23398.1,23359.95,23396.75,23346.769008767526,23296.82764630514,0,0,0,23516.35,23151.5,,,,4,1,1,1,,,,14001698,17035726.45
1781071200,23396.9,23409.8,23385.85,23406,23358.61520701402,23306.752405731946,0,0,0,23516.35,23151.5,,,,4,1,1,1,,,,11416174,16935514.7
1781072100,23405.95,23406.3,23389.5,23402.8,23367.452165611216,23315.48400521086,0,0,0,23516.35,23151.5,,,,4,1,1,1,,,,10218007,16655010.8
1781073000,23403.3,23404.65,23376.45,23395.4,23373.04173248897,23322.749095646235,0,0,0,23516.35,23151.5,,,,4,1,1,1,,,,7309315,16481337.8
1781073900,23395.25,23397.25,23374.3,23375.25,23373.483385991178,23327.52190513294,0,0,0,23516.35,23151.5,,,,4,1,1,1,,,,9639920,16271821.15
1781074800,23375.95,23381.35,23346.6,23347.75,23368.336708792944,23329.360822848128,0,0,0,23516.35,23151.5,,,,4,1,1,1,,,,10894124,16255401.2
1781075700,23347.85,23385.45,23333.2,23380.05,23370.679367034354,23333.968929861934,0,0,0,23516.35,23151.5,,,,4,1,1,1,,,,11942138,16340047.5
1781076600,23380,23425.35,23380,23405.15,23377.573493627482,23340.439936238123,0,0,0,23516.35,23151.5,,,,4,1,1,1,,,,14647200,16424103.4
1781077500,23405.65,23410.3,23371.75,23398.3,23381.718794901986,23345.69994203466,0,0,0,23516.35,23151.5,,,,4,1,1,1,,,,10780470,16231623.65
1781078400,23397.95,23407.35,23351.9,23358.85,23377.14503592159,23346.895401849688,0,0,0,23516.35,23151.5,,,,4,1,1,1,,,,14672748,15987077.5
1781079300,23358.3,23377.45,23347.05,23352.95,23372.306028737272,23347.44581986335,0,0,0,23516.35,23151.5,,,,4,1,1,1,,,,11191211,14405979.45
1781080200,23352.4,23364.75,23315,23317.15,23361.274822989817,23344.69165442123,0,0,0,23516.35,23151.5,,,,4,1,1,1,,,,10160285,13173973.95
1781081100,23317.25,23339.8,23307.45,23315.5,23352.119858391852,23342.03786765566,0,0,0,23425.35,23070.15,,,,1,1,1,1,,,,11333901,12176288.5
1781082000,23316.35,23320.85,23260.3,23261.6,23334.01588671348,23334.72533423242,1,0,0,23425.35,23070.15,,,,2,1,1,1,1,,,16249380,12118134.8
1781082900,23262.85,23271.95,23243.85,23256.75,23318.562709370784,23327.636667484017,0,0,0,23425.35,23070.15,,,,2,1,1,1,,,,15777254,12128792.7
1781083800,23256.85,23259.1,23198.35,23199.7,23294.790167496627,23316.006061349108,0,1,0,23425.35,23070.15,,,,3,1,1,1,,1,,34772465,13202582.1
1781084700,23200.75,23216.8,23184.6,23216.1,23279.052133997302,23306.92369213555,0,0,0,23425.35,23070.15,,,,3,1,1,1,,,,36342435,14490253.05
1781149500,23101.25,23148.05,23072.05,23119.35,23247.11170719784,23289.871538305048,0,0,0,23425.35,23070.15,,,,3,1,1,1,,,,33398478,15573505.65
1781150400,23121.9,23148.6,23093.15,23143.6,23226.40936575827,23276.574125731862,0,0,0,23425.35,23070.15,,,,3,1,1,1,,,,16877246,15774666.65
1781151300,23144.25,23172.85,23112.6,23115.7,23204.267492606617,23261.949205210785,0,0,0,23425.35,23070.15,,,,3,1,1,1,,,,16564949,15909469.9
1781152200,23117.6,23164.5,23102.85,23145.5,23192.513994085293,23251.362913827987,0,0,0,23425.35,23070.15,,,,3,1,1,1,,,,12822857,15850527.85
1781153100,23147.5,23207.8,23144.7,23199.5,23193.911195268236,23246.648103479987,0,0,0,23425.35,23070.15,,,,3,1,1,1,,,,12721135,15915775.9
1781154000,23201.1,23214.05,23185.15,23203.2,23195.76895621459,23242.698275890896,0,0,0,23425.35,23070.15,,,,3,1,1,1,,,,10228155,15916283.3
1781154900,23204.85,23211.85,23167.2,23174.55,23191.52516497167,23236.502978082633,0,0,0,23425.35,23070.15,,,,3,1,1,1,,,,10409436,16071289.35
1781155800,23176.55,23205,23162.5,23181.65,23189.550131977336,23231.516343711486,0,0,0,23425.35,23070.15,,,,3,1,1,1,,,,10132597,16095923.2
1781156700,23183.2,23236.8,23181.55,23235.45,23198.730105581868,23231.873948828623,0,0,0,23425.35,23070.15,,,,3,1,1,1,,,,9711022,16036768.1
1781157600,23237.65,23251.85,23210.65,23251.7,23209.324084465494,23233.67631711693,0,0,0,23425.35,23070.15,,,,3,1,1,1,,,,13534925,16116407.45
1781158500,23253.9,23291.7,23251.05,23281.15,23223.689267572394,23237.992106469937,0,0,0,23425.35,23070.15,,,,3,1,1,1,,,,10348184,15901456.65
1781159400,23283.15,23292.7,23272.55,23285.25,23236.001414057915,23242.288278609034,0,0,0,23425.35,23070.15,,,,3,1,1,1,,,,11940435,15959454.9
1781160300,23287.55,23307.05,23278.35,23295.6,23247.92113124633,23247.134798735486,0,0,0,23425.35,23070.15,,,,3,1,1,1,,,,15447722,15998203.6
1781161200,23297.6,23324.25,23288.1,23294.4,23257.216904997065,23251.431635214078,0,0,0,23425.35,23070.15,,,,3,1,1,1,,,,12769601,16077123.1
1781162100,23296.1,23307.3,23272.7,23306.75,23267.123523997652,23256.460577467344,0,0,0,23425.35,23070.15,,,,3,1,1,1,,,,9304938,16034355.75
1781163000,23308.25,23327.45,23256.3,23257.7,23265.238819198123,23256.57325224304,0,0,0,23425.35,23070.15,,,,3,1,1,1,,,,10444541,15989887.75
1781163900,23259.45,23264.65,23220.45,23241,23260.391055358497,23255.15750203913,0,0,0,23425.35,23070.15,,,,3,1,1,1,,,,10117109,15683274.2
1781164800,23242.9,23267.75,23213.45,23220.1,23252.332844286797,23251.97045639921,0,0,0,23425.35,23070.15,,,,3,1,1,1,,,,8775769,15333199.95
1781165700,23223.9,23248.05,23214.55,23231.3,23248.126275429437,23250.09132399928,0,0,0,23425.35,23070.15,,,,3,1,1,1,,,,7011911,13945172.25
1781166600,23233,23240.2,23201.6,23218.75,23242.25102034355,23247.242112726617,0,0,0,23425.35,23070.15,,,,3,1,1,1,,,,9536389,12604869.95
1781167500,23219.8,23252.05,23204.1,23240.05,23241.81081627484,23246.588284296926,0,0,0,23425.35,23070.15,,,,3,1,1,1,,,,9709228,11420407.45
1781168400,23241.15,23245.45,23193.55,23198.15,23233.07865301987,23242.184803906297,0,0,0,23425.35,23070.15,,,,3,1,1,1,,,,16607375,11406913.9
1781169300,23200.2,23209.6,23162.5,23175.5,23221.5629224159,23236.122549005726,0,0,0,23425.35,23070.15,,,,3,1,1,1,,,,15148940,11336113.45
1781170200,23177.05,23192.45,23131.95,23165.8,23210.410337932717,23229.729590005205,0,0,0,23425.35,23070.15,,,,3,1,1,1,,,,35231617,12456551.45
1781171100,23165.3,23194.9,23156.4,23186.55,23205.638270346175,23225.804172732005,0,0,0,23425.35,23070.15,,,,3,1,1,1,,,,32530584,13447023.9
1781235900,23420.7,23455.95,23400.55,23401.2,23244.75061627694,23241.749247938187,0,0,0,23425.35,23070.15,,,,3,1,1,1,,,,33448418,14608037.05
1781236800,23402.85,23410.65,23364.25,23370.1,23269.82049302155,23253.417498125626,0,0,0,23425.35,23070.15,,,,3,1,1,1,,,,17046932,14939911.85
1781237700,23370.6,23380.75,23345.95,23346.55,23285.16639441724,23261.884089205116,0,0,0,23425.35,23070.15,,,,3,1,1,1,,,,11282055,14997384.75
1781238600,23348.7,23359.15,23327.65,23342.65,23296.663115533793,23269.226444731925,0,0,0,23425.35,23070.15,,,,3,1,1,1,,,,11881095,15105888.4
1781239500,23345.15,23362.9,23322.65,23345.85,23306.500492427032,23276.19222248357,0,0,0,23425.35,23070.15,,,,3,1,1,1,,,,9949860,14926635.15
1781240400,23346.75,23357.5,23341.55,23349.7,23315.140393941627,23282.874747712336,0,0,0,23455.95,23070.15,,,,1,1,1,1,,,,8106288,14814540.35
1781241300,23350.95,23359.85,23329.95,23358.25,23323.7623151533,23289.727043374853,0,0,0,23455.95,23070.15,,,,1,1,1,1,,,,9777951,14706416.15
1781242200,23359.2,23378.35,23344.45,23378.05,23334.61985212264,23297.756403068048,0,0,0,23455.95,23070.15,,,,1,1,1,1,,,,7548837,14311471.9
1781243100,23379.1,23380.65,23349.7,23357.4,23339.175881698113,23303.17854824368,0,0,0,23455.95,23070.15,,,,1,1,1,1,,,,12904576,14318220.65
1781244000,23358.9,23377.9,23357.5,23374.8,23346.30070535849,23309.689589312435,0,0,0,23455.95,23070.15,,,,1,1,1,1,,,,8451456,14275546.55
1781244900,23375.5,23389.3,23368.35,23378.2,23352.680564286795,23315.91780846585,0,0,0,23455.95,23070.15,,,,1,1,1,1,,,,13358399,14421239.45
1781245800,23380.1,23383.55,23343.35,23347.4,23351.624451429438,23318.779825878046,0,0,0,23455.95,23070.15,,,,1,1,1,1,,,,9524519,14391609.95
1781246700,23349.45,23369.9,23343.5,23365.3,23354.35956114355,23323.008932616405,0,0,0,23455.95,23070.15,,,,1,1,1,1,,,,7350724,14320357.7
1781247600,23365.9,23365.9,23320.3,23321.55,23347.79764891484,23322.87630237855,0,0,0,23455.95,23070.15,,,,1,1,1,1,,,,9013695,14420446.9
1781248500,23323,23329.9,23313.9,23325.3,23343.298119131872,23323.096638525956,0,0,0,23455.95,23070.15,,,,1,1,1,1,,,,8222274,14354741.15
1781249400,23326.75,23344.05,23322.25,23336.25,23341.8884953055,23324.29239865996,0,0,0,23455.95,23070.15,,,,1,1,1,1,,,,6319897,14185274.6
1781250300,23336.95,23392.5,23321.6,23388.95,23351.3007962444,23330.170362418146,0,0,0,23455.95,23070.15,,,,1,1,1,1,,,,9785460,13844178.85
1781251200,23390.4,23480.25,23389.05,23474.6,23375.960636995518,23343.300329471043,0,0,0,23455.95,23070.15,,,,1,1,1,1,,,,16569618,13915212.75
1781252100,23476.15,23511.25,23468.45,23507.45,23402.258509596413,23358.223026791857,0,0,0,23455.95,23070.15,,,,1,1,1,1,,,,14100902,12858677
1781253000,23509.7,23531.6,23496.55,23527.5,23427.30680767713,23373.611842538052,0,0,0,23455.95,23070.15,,,,1,1,1,1,,,,14814855,11972890.55
1781253900,23528.2,23550.3,23524.6,23547.8,23451.405446141704,23389.447129580047,0,0,0,23455.95,23070.15,,,,1,1,1,1,,,,13778023,10989370.8
1781254800,23549.3,23577.3,23532.9,23569.75,23475.074356913363,23405.838299618223,0,0,0,23455.95,23070.15,,,,1,1,1,1,,,,16629369,10968492.65
1781255700,23571.85,23616.95,23568.35,23608.15,23501.68948553069,23424.230272380202,0,0,0,23455.95,23070.15,,,,1,1,1,1,,,,16119232,11210351.5
1781256600,23607.95,23645.35,23581.65,23621.8,23525.71158842455,23442.191156709276,0,0,0,23455.95,23070.15,,,,1,1,1,1,,,,31440029,12188298.2
1781257500,23620.95,23639.35,23612.15,23631.75,23546.91927073964,23459.423778826615,0,0,0,23455.95,23070.15,,,,1,1,1,1,,,,32710745,13326342.45
1781495100,23990.5,24011.4,23934.1,23944.7,23626.47541659171,23503.539798933285,0,0,0,23455.95,23070.15,,,,1,1,1,1,,,,60995402,15970798.15
1781496000,23946.15,23965.9,23927.35,23964.85,23694.15033327337,23545.47708993935,0,0,0,23455.95,23070.15,,,,1,1,1,1,,,,25123156,16738058.4
1781496900,23965.7,23980.45,23939.75,23946.45,23744.610266618696,23581.92917267214,0,0,0,23455.95,23070.15,,,,1,1,1,1,,,,19779611,17349597.1
1781497800,23945.95,23968.2,23933.55,23945.5,23784.788213294956,23614.981066065582,0,0,0,23455.95,23070.15,,,,1,1,1,1,,,,19338368,17671286.7
1781498700,23945.05,23968.65,23935.6,23962.65,23820.360570635967,23646.587332786894,0,0,0,23455.95,23070.15,,,,1,1,1,1,,,,12523202,17874874
1781499600,23962.55,23982.15,23961.95,23978.45,23851.978456508772,23676.756666169902,0,0,0,24011.4,23070.15,,,,1,1,1,1,,,,11299380,17771923.05
1781500500,23979.65,24009.1,23974.75,24001.2,23881.822765207016,23706.25151469991,0,0,0,24011.4,23070.15,,,,1,1,1,1,,,,11670614,17879227.8
1781501400,24002.1,24003.6,23966.3,23967.65,23898.988212165612,23730.015013363554,0,0,0,24011.4,23070.15,,,,1,1,1,1,,,,13305374,18176960.3
1781502300,23967.85,23982.95,23962.2,23977.7,23914.73056973249,23752.531830330503,0,0,0,24011.4,23070.15,,,,1,1,1,1,,,,10499290,18251240.05
1781503200,23978.45,23979.8,23957.25,23957.8,23923.34445578599,23771.19257302773,0,0,0,24011.4,23070.15,,,,1,1,1,1,,,,9101970,18295224.85
1781504100,23957.25,23970.55,23950,23961.55,23930.985564628794,23788.497793661572,0,0,0,24011.4,23070.15,,,,1,1,1,1,,,,10383314,18498395.7
1781505000,23961.35,23965.75,23930.05,23931.3,23931.048451703035,23801.47981241961,0,0,0,24011.4,23070.15,,,,1,1,1,1,,,,11207711,18569508.25
1781505900,23931.8,23932.95,23893.8,23894.55,23923.74876136243,23809.94073856328,0,0,0,24011.4,23070.15,,,,1,1,1,1,,,,12414928,18361773.75
1781506800,23894.75,23917.8,23892.35,23912.05,23921.409009089944,23819.22339869389,0,0,0,24011.4,23070.15,,,,1,1,1,1,,,,8861605,18099808.9
1781507700,23912.85,23913.95,23896.65,23906.65,23918.457207271957,23827.1712715399,0,0,0,24011.4,23070.15,,,,1,1,1,1,,,,7987732,17758452.75
1781508600,23906.95,23935,23892.8,23916,23917.965765817564,23835.24661049082,0,0,0,24011.4,23070.15,,,,1,1,1,1,,,,9604146,17549758.9
1781509500,23916.1,23917.9,23897.2,23906.45,23915.66261265405,23841.719645900746,0,0,0,24011.4,23070.15,,,,1,1,1,1,,,,8194894,17128035.15
1781510400,23906.65,23913.1,23883.8,23893.55,23911.24009012324,23846.431496273406,0,0,0,24011.4,23070.15,,,,1,1,1,1,,,,9634125,16803779.8
1781511300,23893.95,23910.7,23865.85,23906.55,23910.30207209859,23851.896814794007,0,0,0,24011.4,23070.15,,,,1,1,1,1,,,,11616587,15812607.7
1781512200,23905.65,23913.9,23882.6,23889.9,23906.221657678874,23855.351649812732,0,0,0,24011.4,23070.15,,,,1,1,1,1,,,,11045457,14729343.3
1781513100,23889.3,23916.75,23887.4,23907.45,23906.467326143098,23860.08786346612,0,0,0,24011.4,23070.15,,,,1,1,1,1,,,,10719260,12215536.2
1781514000,23906.8,23942.6,23906.8,23923.6,23909.89386091448,23865.86169406011,0,0,0,24011.4,23070.15,,,,1,1,1,1,,,,12920242,11605390.5
1781514900,23924.2,23931.55,23888.1,23895.25,23906.965088731584,23868.533358236462,0,0,0,24011.4,23070.15,,,,1,1,1,1,,,,13269027,11279861.3
1781515800,23894.6,23904.05,23817.8,23844.4,23894.452070985266,23866.3394165786,0,0,0,24011.4,23070.15,,,,1,1,1,1,,,,31362104,11881048.1
1781516700,23843.6,23867.85,23842.85,23855.9,23886.741656788214,23865.39037870782,0,0,0,24011.4,23070.15,,,,1,1,1,1,,,,31859914,12847883.7
1781581500,23927,23941.1,23888.2,23938,23896.993325430572,23871.991253370747,0,0,0,24011.4,23070.15,,,,1,1,1,1,,,,27694533,13667641.35
1781582400,23938.1,23954.75,23917.05,23917.85,23901.164660344457,23876.160230337042,0,0,0,24011.4,23070.15,,,,1,1,1,1,,,,15002883,13834254.8
1781583300,23917.8,23942.7,23916.2,23940.6,23909.051728275565,23882.018391215493,0,0,0,24011.4,23070.15,,,,1,1,1,1,,,,15425012,13940236.7
1781584200,23939.7,23947.35,23895.65,23910.15,23909.271382620453,23884.575810195904,0,0,0,24011.4,23070.15,,,,1,1,1,1,,,,11883234,14009433.9
1781585100,23910.05,23953.85,23909.65,23943.45,23916.107106096362,23889.928009269002,0,0,0,24011.4,23070.15,,,,1,1,1,1,,,,12786194,14193645.1
1781586000,23943.35,23972.75,23941.65,23962.4,23925.36568487709,23896.516372062728,0,0,0,24011.4,23070.15,,,,1,1,1,1,,,,10426306,14195794.7
1781586900,23962.1,23977.8,23959.6,23966.75,23933.642547901673,23902.90124732975,0,0,0,24011.4,23070.15,,,,1,1,1,1,,,,11671385,14218978.4
1781587800,23966.65,23970.2,23931.8,23940.8,23935.074038321338,23906.346588481592,0,0,0,24011.4,23070.15,,,,1,1,1,1,,,,10089289,14102696.45
1781588700,23940.55,23951.4,23923.95,23929.4,23933.93923065707,23908.442353165083,0,0,0,24011.4,23070.15,,,,1,1,1,1,,,,9257595,14122495.95
1781589600,23929.45,23934.35,23911.45,23927.1,23932.571384525654,23910.138502877347,0,0,0,24011.4,23070.15,,,,1,1,1,1,,,,11602867,14303252.7
1781590500,23927.6,23949.75,23920.45,23939.1,23933.877107620523,23912.771366252135,0,0,0,24011.4,23070.15,,,,1,1,1,1,,,,11371094,14391600.1
1781591400,23938.5,23943.65,23919.1,23928.55,23932.81168609642,23914.20578750194,0,0,0,24011.4,23070.15,,,,1,1,1,1,,,,7014643,14332587.55
1781592300,23928.05,23943.2,23903.35,23940.8,23934.409348877136,23916.623443183584,0,0,0,24011.4,23070.15,,,,1,1,1,1,,,,9318219,14316792.25
1781593200,23940.15,23947.1,23919,23927.15,23932.957479101708,23917.580402894167,0,0,0,24011.4,23070.15,,,,1,1,1,1,,,,11686070,14320266.4
1781594100,23927.25,23938.75,23915.5,23936.25,23933.615983281365,23919.2776389947,0,0,0,24011.4,23070.15,,,,1,1,1,1,,,,7941551,14165071.1
1781595000,23935.65,23950.65,23923.45,23946.5,23936.19278662509,23921.75239908609,0,0,0,24011.4,23070.15,,,,1,1,1,1,,,,7796085,14018912.35
1781595900,23946.85,23969.8,23935.5,23966.7,23942.294229300074,23925.83854462372,0,0,0,24011.4,23070.15,,,,1,1,1,1,,,,10464888,13896144.65
1781596800,23966.8,23976.95,23959.65,23964.85,23946.80538344006,23929.385040567016,0,0,0,24011.4,23070.15,,,,1,1,1,1,,,,7974302,13631408.4
1781597700,23964.65,23976.9,23955.75,23966.8,23950.80430675205,23932.78640051547,0,0,0,24011.4,23070.15,,,,1,1,1,1,,,,7241263,12425366.35
1781598600,23967.05,23997.8,23963.45,23995.9,23959.82344540164,23938.52400046861,0,0,0,24011.4,23070.15,,,,1,1,1,1,,,,11481647,11406453
1781599500,23994.35,24000.3,23978.1,23984.6,23964.77875632131,23942.712727698734,0,0,0,24011.4,23070.15,,,,1,1,1,1,,,,10376342,10540543.45
1781600400,23984.2,24002.4,23964.85,23964.85,23964.793005057047,23944.72520699885,0,0,0,24011.4,23070.15,,,,1,1,1,1,,,,13404819,10460640.25
1781601300,23963.45,23998.8,23962.7,23988.05,23969.444404045636,23948.66382454441,0,0,0,24011.4,23070.15,,,,1,1,1,1,,,,14906055,10434692.4
1781602200,23986.45,24002.6,23976.6,23987,23972.95552323651,23952.148931404008,0,0,0,24011.4,23070.15,,,,1,1,1,1,,,,28606781,11270869.75
1781603100,23986.8,23997.4,23980.1,23993.95,23977.15441858921,23955.949028549097,0,0,0,24011.4,23070.15,,,,1,1,1,1,,,,29738836,12118501.85
1781667900,24047.95,24048.05,23969.7,24020.7,23985.86353487137,23961.83548049918,0,0,0,24011.4,23070.15,,,,1,1,1,1,,,,24715170,12832945.05
1781668800,24022.75,24063.8,24017.7,24061.55,24001.000827897096,23970.900436817436,0,0,0,24011.4,23070.15,,,,1,1,1,1,,,,20410176,13269884.6
1781669700,24064.1,24071.65,24053.8,24065.85,24013.970662317675,23979.53221528858,0,0,0,24011.4,23070.15,,,,1,1,1,1,,,,17386438,13634742.05
1781670600,24067.9,24069.2,24043.15,24047.7,24020.71652985414,23985.72928662598,0,0,0,24011.4,23070.15,,,,1,1,1,1,,,,10594531,13701588.85
1781671500,24048.25,24082.8,24046.45,24066.9,24029.953223883313,23993.108442387256,0,0,0,24011.4,23070.15,,,,1,1,1,1,,,,11535228,13698206.9
1781672400,24067.8,24088.6,24062.5,24085.75,24041.11257910665,24001.530402170232,0,0,0,24011.4,23070.15,,,,1,1,1,1,,,,12932328,13776268.6
1781673300,24086.35,24097.4,24073.95,24080,24048.890063285322,24008.66400197294,0,0,0,24011.4,23070.15,,,,1,1,1,1,,,,8943401,13872706.5
1781674200,24081.7,24083.1,24062.05,24081.7,24055.452050628257,24015.303638157216,0,0,0,24011.4,23070.15,,,,1,1,1,1,,,,9492638,13881427.45
1781675100,24082,24091.45,24073.05,24088.95,24062.151640502605,24021.998761961106,0,0,0,24011.4,23070.15,,,,1,1,1,1,,,,10407603,13817504.1
1781676000,24089.9,24108.2,24066.9,24083.3,24066.381312402085,24027.571601782824,0,0,0,24011.4,23070.15,,,,1,1,1,1,,,,10620714,13951462.25
1781676900,24084.15,24085.6,24054.7,24055.1,24064.12504992167,24030.07418343893,0,0,0,24011.4,23070.15,,,,1,1,1,1,,,,8865494,14004932.7
1781677800,24056.7,24065.35,24047.7,24050.3,24061.360039937335,24031.91289403539,0,0,0,24011.4,23070.15,,,,1,1,1,1,,,,9473634,13955370
1781678700,24051.75,24056.9,24033,24045.5,24058.188031949867,24033.14808548672,0,0,0,24011.4,23070.15,,,,1,1,1,1,,,,8973302,14005320
1781679600,24045.85,24051.2,24032.35,24044.25,24055.400425559892,24034.15735044247,0,0,0,24011.4,23070.15,,,,1,1,1,1,,,,7270460,14006779.85
1781680500,24044.9,24053.95,24027.35,24029.5,24050.220340447915,24033.7339549477,0,0,0,24108.2,23070.15,,,,1,1,1,1,,,,7991763,13832285.65
1781681400,24030,24040.4,24009.75,24009.75,24042.12627235833,24031.553595407,0,0,0,24108.2,23070.15,,,,1,1,1,1,,,,8687782,13747857.65
1781682300,24010.6,24039.3,24005.85,24034.25,24040.551017886664,24031.798723097272,0,0,0,24108.2,23070.15,,,,1,1,1,1,,,,7365206,13445877
1781683200,24035.1,24061.85,24032.05,24056.35,24043.710814309332,24034.030657361156,0,0,0,24108.2,23070.15,,,,1,1,1,1,,,,13872807,13394214.6
1781684100,24055.7,24058.55,24029.45,24049.1,24044.788651447467,24035.400597601052,0,0,0,24108.2,23070.15,,,,1,1,1,1,,,,20314623,12979606.7
1781685000,24048.85,24053.45,24036.35,24048,24045.430921157975,24036.54599781914,0,0,0,24108.2,23070.15,,,,1,1,1,1,,,,18787591,12432044.45
1781685900,24047.85,24052.3,24021.4,24024.3,24041.20473692638,24035.432725290128,0,0,0,24108.2,23070.15,,,,1,1,1,1,,,,15026754,11947623.65
1781686800,24025.8,24048.25,24015.8,24041.3,24041.2237895411,24035.966113900115,0,0,0,24108.2,23070.15,,,,1,1,1,1,,,,16750271,11764628.4
1781687700,24041.25,24077.3,24026.95,24077.05,24048.38903163288,24039.70101263647,0,0,0,24108.2,23070.15,,,,1,1,1,1,,,,17027244,11746668.7
1781688600,24076.9,24098.75,24070.45,24083.2,24055.351225306305,24043.655466033153,0,0,0,24108.2,23070.15,,,,1,1,1,1,,,,23905879,12412236.1
1781689500,24083.6,24090,24073.1,24081,24060.480980245044,24047.050423666504,0,0,0,24108.2,23070.15,,,,1,1,1,1,,,,29842314,13327590.4
1781754300,24072.7,24133.35,24058.85,24090.25,24066.434784196033,24050.97765787864,0,0,0,24108.2,23070.15,,,,1,1,1,1,,,,29671826,14164565.3
1781755200,24092.2,24121.05,24066.85,24108.9,24074.927827356827,24056.243325344218,0,0,0,24108.2,23070.15,,,,1,1,1,1,,,,16664597,14550625.1
1781756100,24112,24139.65,24107.4,24123.2,24084.58226188546,24062.33029576747,0,0,0,24108.2,23070.15,,,,1,1,1,1,,,,15538636,14852925
1781757000,24126.85,24138.4,24113.15,24125.6,24092.78580950837,24068.08208706134,0,0,0,24108.2,23070.15,,,,1,1,1,1,,,,9512116,14808150.65
1781757900,24127.4,24130.8,24103.7,24109.25,24096.078647606693,24071.824624601217,0,0,0,24108.2,23070.15,,,,1,1,1,1,,,,9357102,14744970.05
1781758800,24111.4,24114.2,24059.55,24076.35,24092.132918085354,24072.23602236474,0,0,0,24108.2,23070.15,,,,1,1,1,1,,,,10936324,14848511.55
1781759700,24078.35,24093.9,24067.1,24092.55,24092.21633446828,24074.08274760431,0,0,0,24108.2,23070.15,,,,1,1,1,1,,,,9956285,14872644.1
1781760600,24093.85,24093.85,24059.9,24064.65,24086.703067574625,24073.225225094826,0,0,0,24139.65,23070.15,,,,1,1,1,1,,,,8240051,14835981.55
1781761500,24066.2,24066.35,24036.95,24054.95,24080.3524540597,24071.563840995295,0,0,0,24139.65,23070.15,,,,1,1,1,1,,,,9190131,14931965.1
1781762400,24057.5,24065.5,24047.3,24062.85,24076.85196324776,24070.771673632087,0,0,0,24139.65,23070.15,,,,1,1,1,1,,,,9560310,15010392.45
1781763300,24064.6,24075.35,24050.05,24071.95,24075.871570598207,24070.87879421099,0,0,0,24139.65,23070.15,,,,1,1,1,1,,,,14215777,15286792.2
1781764200,24072.7,24099.7,24071.05,24088.2,24078.337256478564,24072.453449282715,0,0,0,24139.65,23070.15,,,,1,1,1,1,,,,11295480,15483305.9
1781765100,24089.85,24119.95,24078.45,24118.7,24086.40980518285,24076.657681166103,0,0,0,24139.65,23070.15,,,,1,1,1,1,,,,10148871,15297109.1
1781766000,24120.85,24133.75,24109.25,24117.25,24092.577844146283,24080.347891969184,0,0,0,24139.65,23070.15,,,,1,1,1,1,,,,8620559,14712405.9
1781766900,24118.75,24132.25,24111.45,24125.65,24099.192275317026,24084.46626542653,0,0,0,24139.65,23070.15,,,,1,1,1,1,,,,7360921,14141072.4
1781767800,24127.65,24130.85,24116.6,24127.8,24104.91382025362,24088.4056958423,0,0,0,24139.65,23070.15,,,,1,1,1,1,,,,8156638,13797566.6
1781768700,24129.95,24136.3,24100.65,24120.45,24108.021056202895,24091.31881440209,0,0,0,24139.65,23070.15,,,,1,1,1,1,,,,10087490,13464427.55
1781769600,24121.9,24135,24111.8,24120.7,24110.556844962317,24093.989831274626,0,0,0,24139.65,23070.15,,,,1,1,1,1,,,,10248930,13125511.85
1781770500,24122,24127.65,24103.85,24108.35,24110.115475969855,24095.295301158752,0,0,0,24139.65,23070.15,,,,1,1,1,1,,,,8304233,12345429.55
1781771400,24109.95,24112,24094.6,24099.75,24108.042380775885,24095.700273780683,0,0,0,24139.65,23070.15,,,,1,1,1,1,,,,10975512,11402089.45
1781772300,24100.8,24110.05,24083.75,24088.35,24104.103904620708,24095.03206707335,0,0,0,24139.65,23070.15,,,,1,1,1,1,,,,10563775,10446686.9
1781773200,24090.65,24113.05,24074.7,24097.2,24102.723123696567,24095.22915188486,0,0,0,24139.65,23070.15,,,,1,1,1,1,,,,10990029,10162958.5
1781774100,24098.7,24121.4,24081.35,24121.4,24106.458498957254,24097.608319895327,0,0,0,24139.65,23070.15,,,,1,1,1,1,,,,11398406,9955947
1781775000,24121.9,24183.55,24108.3,24177.45,24120.656799165805,24104.8666544503,0,0,0,24139.65,23070.15,,,,1,1,1,1,,,,40685892,11514635.8
1781775900,24177.8,24189.25,24171.25,24179.4,24132.405439332644,24111.642413136637,0,0,0,24139.65,23070.15,,,,1,1,1,1,,,,36542737,12873917.55
1781840700,23998.8,23998.8,23939.8,23955.95,24097.114351466116,24097.488557396944,0,0,0,24139.65,23070.15,,,,1,1,1,1,,,,44384131,14546307.9
1781841600,23955.55,23981.95,23938.75,23974.1,24072.511481172893,24086.271415815405,0,0,0,24139.65,23070.15,,,,1,1,1,1,,,,18050955,14951041.4
1781842500,23975.2,23990.05,23961.8,23987.9,24055.589184938315,24077.328559832185,0,0,0,24139.65,23070.15,,,,1,1,1,1,,,,15657688,15321923.25
1781843400,23987.7,24011.25,23963.6,24009.95,24046.46134795065,24071.203236211077,0,0,0,24139.65,23070.15,,,,1,1,1,1,,,,13910412,15557937.3
1781844300,24010.35,24011.5,23965.25,23966.85,24030.53907836052,24061.716578373707,0,0,0,24189.25,23070.15,,,,1,1,1,1,,,,11087241,15634283.85
1781845200,23966.75,23972.6,23953.9,23970.7,24018.571262688416,24053.442343976098,0,0,0,24189.25,23070.15,,,,1,1,1,1,,,,8617217,15354355.85
1781846100,23970.2,23972.3,23940.5,23944.9,24003.83701015073,24043.57485816009,0,0,0,24189.25,23070.15,,,,1,1,1,1,,,,8744999,15226831.8
1781847000,23944.8,23965.5,23936.25,23964.55,23995.979608120586,24036.390780145535,0,0,0,24189.25,23070.15,,,,1,1,1,1,,,,9391968,15188986.65
1781847900,23964.5,23967.4,23941.85,23953.05,23987.393686496467,24028.81434558685,0,0,0,24189.25,23070.15,,,,1,1,1,1,,,,7932264,15154571.9
1781848800,23953.75,23968.3,23947.05,23954.2,23980.754949197173,24022.031223260772,0,0,0,24189.25,23070.15,,,,1,1,1,1,,,,7259842,15149517.95
1781849700,23954.45,23956.2,23940.2,23954.4,23975.483959357738,24015.882930237065,0,0,0,24189.25,23070.15,,,,1,1,1,1,,,,9929350,15238153.55
1781850600,23955.15,23967.7,23948.3,23959.45,23972.27716748619,24010.752663851876,0,0,0,24189.25,23070.15,,,,1,1,1,1,,,,7512916,15109424.85
1781851500,23959.4,23974.5,23953.3,23968.85,23971.591733988953,24006.943330774433,0,0,0,24189.25,23070.15,,,,1,1,1,1,,,,6279963,14910976.5
1781852400,23968.9,23972.25,23924.9,23951.55,23967.583387191164,24001.9075734313,0,0,0,24189.25,23070.15,,,,1,1,1,1,,,,8097403,14900635
1781853300,23951.95,23962.35,23931,23937.9,23961.64670975293,23996.088703119363,0,0,0,24189.25,23070.15,,,,1,1,1,1,,,,6920703,14697894.55
1781854200,23938,23938.6,23913.15,23930.2,23955.357367802346,23990.098821017604,0,0,0,24189.25,23070.15,,,,1,1,1,1,,,,7988923,14569151.95
1781855100,23930.35,23933.4,23914.85,23928.15,23949.915894241876,23984.467110016005,0,0,0,24189.25,23070.15,,,,1,1,1,1,,,,6994136,14369357.3
1781856000,23928.8,23950,23925.8,23946.95,23949.3227153935,23981.056463650915,0,0,0,24189.25,23070.15,,,,1,1,1,1,,,,7867423,14192808.15
1781856900,23946.8,23967.05,23945.55,23966.85,23952.8281723148,23979.764966955376,0,0,0,24189.25,23070.15,,,,1,1,1,1,,,,9627849,12639906
1781857800,23966.9,23992.2,23955.3,23991.45,23960.55253785184,23980.827242686704,0,0,0,24189.25,23070.15,,,,1,1,1,1,,,,10964769,11361007.6
1781858700,23992.3,24000.6,23954.9,23957.05,23959.852030281472,23978.66567516973,0,0,0,24189.25,23070.15,,,,1,1,1,1,,,,15374540,9910528.05
1781859600,23958.05,23995.5,23957.8,23974,23962.681624225177,23978.241522881573,0,0,0,24189.25,23070.15,,,,1,1,1,1,,,,12661438,9641052.2
1781860500,23973.25,23981.7,23901.9,23910.55,23952.25529938014,23972.08774807416,0,0,0,24189.25,23070.15,,,,1,1,1,1,,,,19653085,9840822.05
1781861400,23911.6,24042.65,23904.45,24025.9,23966.984239504112,23976.979770976508,0,0,0,24189.25,23070.15,,,,1,1,1,1,,,,92918778,13791240.35
1781862300,24026.95,24047.2,24010.4,24044.2,23982.42739160329,23983.090700887733,0,0,0,24189.25,23070.15,,,,1,1,1,1,,,,76650488,17069402.7
1782099900,24110.45,24142.5,24073.15,24131.2,24012.18191328263,23996.555182625212,0,0,0,24189.25,23070.15,,,,1,1,1,1,,,,26881676,17982625.65
1782100800,24130.25,24138.5,24108.75,24108.75,24031.495530626104,24006.754711477464,0,0,0,24189.25,23070.15,,,,1,1,1,1,,,,12183056,18154528.5
1782101700,24109.5,24144.05,24103.75,24141.15,24053.42642450088,24018.972464979513,0,0,0,24189.25,23070.15,,,,1,1,1,1,,,,11564275,18263143.85
1782102600,24141.5,24159.65,24129.5,24149.65,24072.671139600705,24030.85224089047,0,0,0,24189.25,23070.15,,,,1,1,1,1,,,,10341069,18383584.1
1782103500,24149.55,24156.2,24144.25,24152.8,24088.696911680563,24041.938400809515,0,0,0,24189.25,23070.15,,,,1,1,1,1,,,,9462559,18493719.95
1782104400,24153.85,24159.1,24136.55,24152.9,24101.537529344452,24052.02581891774,0,0,0,24189.25,23070.15,,,,1,1,1,1,,,,7861839,18390344.4
1782105300,24152.75,24168.05,24147.8,24162.85,24113.80002347556,24062.100744470674,0,0,0,24189.25,23070.15,,,,1,1,1,1,,,,6898307,18359613.95
1782106200,24162.75,24165.3,24153.35,24157.3,24122.500018780447,24070.755222246065,0,0,0,24189.25,23070.15,,,,1,1,1,1,,,,6680956,18379663.6
1782107100,24156.65,24163.1,24141.4,24160.65,24130.13001502436,24078.92747476915,0,0,0,24189.25,23070.15,,,,1,1,1,1,,,,6636166,18306601.75
1782108000,24161.3,24166.05,24145.7,24148.35,24133.774012019487,24085.2386134265,0,0,0,24189.25,23070.15,,,,1,1,1,1,,,,6722896,18296711.4
1782108900,24148.15,24152.55,24129.65,24140.4,24135.09920961559,24090.25328493318,0,0,0,24189.25,23070.15,,,,1,1,1,1,,,,7055451,18250037.8
1782109800,24140.45,24142.15,24117.85,24118.2,24131.719367692473,24092.7938953938,0,0,0,24189.25,23070.15,,,,1,1,1,1,,,,5622993,18181480.65
1782110700,24117.65,24129.15,24112.35,24119.85,24129.34549415398,24095.25354126709,0,0,0,24189.25,23070.15,,,,1,1,1,1,,,,6121325,18094175.75
1782111600,24119.65,24126.25,24109.8,24118.75,24127.22639532318,24097.38958297008,0,0,0,24189.25,23070.15,,,,1,1,1,1,,,,6613358,17943451.2
1782112500,24118.6,24127.05,24112.25,24123.5,24126.481116258547,24099.76325724553,0,0,0,24189.25,23070.15,,,,1,1,1,1,,,,6911117,17740768.6
1782113400,24123.3,24123.85,24105.1,24112.8,24123.74489300684,24100.948415677754,0,0,0,24189.25,23070.15,,,,1,1,1,1,,,,7488509,17346467.05
1782114300,24114.2,24127.2,24111.55,24118.7,24122.73591440547,24102.562196070685,0,0,0,24189.25,23070.15,,,,1,1,1,1,,,,5638289,16995309.6
1782115200,24118.3,24127.7,24097.15,24119.45,24122.078731524376,24104.09745097335,0,0,0,24189.25,23070.15,,,,1,1,1,1,,,,8797616,16452536.15
1782116100,24119.65,24136.5,24115.85,24126,24122.8629852195,24106.088591793956,0,0,0,24189.25,23070.15,,,,1,1,1,1,,,,9493839,12281289.2
1782117000,24126.2,24133.15,24117.15,24118.45,24121.9803881756,24107.212356176322,0,0,0,24189.25,23070.15,,,,1,1,1,1,,,,7261360,8811832.8
1782117900,24118,24141.55,24112.95,24138.8,24125.34431054048,24110.083960160293,0,0,0,24189.25,23070.15,,,,1,1,1,1,,,,7436972,7839597.6
1782118800,24138.7,24145.45,24125.7,24134.65,24127.205448432385,24112.317236509356,0,0,0,24189.25,23070.15,,,,1,1,1,1,,,,9597782,7710333.9
1782119700,24136.35,24145.15,24129.2,24132.55,24128.274358745908,24114.15657864487,0,0,0,24189.25,23070.15,,,,1,1,1,1,,,,10368226,7650531.45
1782120600,24133.6,24143,24099.85,24105.65,24123.749486996727,24113.383253313517,0,0,0,24189.25,23070.15,,,,1,1,1,1,,,,21540369,8210496.45
1782121500,24105.5,24111.15,24080.1,24086.85,24116.36958959738,24110.971139375924,0,0,0,24189.25,23070.15,,,,1,1,1,1,,,,25300357,9002386.35
1782186300,24074.25,24095.55,24040.05,24088.95,24110.885671677905,24108.969217614478,0,0,0,24189.25,23070.15,,,,1,1,1,1,,,,27796331,9999110.95
1782187200,24090.05,24133.05,24088.2,24115.5,24111.808537342324,24109.56292510407,0,0,0,24189.25,23070.15,,,,1,1,1,1,,,,14450922,10376741.7
1782188100,24115.25,24133.2,24107.35,24131.3,24115.70682987386,24111.539022821882,0,0,0,24189.25,23070.15,,,,1,1,1,1,,,,12575057,10671446.75
1782189000,24131.25,24135.5,24113.85,24124.05,24117.375463899087,24112.67638438353,0,0,0,24189.25,23070.15,,,,1,1,1,1,,,,9376335,10808455.2
1782189900,24123.45,24130.1,24106.1,24112.45,24116.39037111927,24112.655803985028,0,0,0,24189.25,23070.15,,,,1,1,1,1,,,,10823014,11013461.1
1782190800,24112.8,24119.3,24104,24105.65,24114.242296895416,24112.018912713662,0,0,0,24189.25,23070.15,,,,1,1,1,1,,,,9045734,11112975.25
1782191700,24106.9,24107.05,24090.9,24093.85,24110.16383751633,24110.367193376056,0,0,0,24189.25,23070.15,,,,1,1,1,1,,,,8093982,11236524.7
1782192600,24093.6,24115.45,24083.55,24114.4,24111.011070013064,24110.73381216005,0,0,0,24189.25,23070.15,,,,1,1,1,1,,,,8849738,11372945.35
1782193500,24112.95,24130.45,24112.45,24112.95,24111.39885601045,24110.935283781866,0,0,0,24189.25,23070.15,,,,1,1,1,1,,,,8359304,11460242.65
1782194400,24114.25,24114.75,24079.05,24083.1,24105.73908480836,24108.40480343806,0,0,0,24189.25,23070.15,,,,1,1,1,1,,,,10600911,11644732.35
1782195300,24082.5,24083.4,23972.2,23982.65,24081.121267846687,24096.972548580055,0,0,0,24189.25,23070.15,,,,1,1,1,1,,,,15541177,12047365.75
1782196200,23982.6,23990.9,23953.6,23965,24057.89701427735,24084.975044163686,0,0,0,24189.25,23070.15,,,,1,1,1,1,,,,11215788,12326240.7
1782197100,23965.95,23973.25,23917.3,23948.85,24036.08761142188,24072.600040148805,0,0,0,24189.25,23070.15,,,,1,1,1,1,,,,11017624,12437241.1
1782198000,23949.65,23958.95,23931.9,23948.45,24018.560089137503,24061.31367286255,0,0,0,24189.25,23070.15,,,,1,1,1,1,,,,8847782,12404938.25
1782198900,23949.2,23950.7,23923.6,23930.5,24000.948071310002,24049.421520784137,0,0,0,24189.25,23070.15,,,,1,1,1,1,,,,7702723,12427006.4
1782199800,23930.65,23937.8,23908.85,23922.6,23985.278457048,24037.89229162194,0,0,0,24189.25,23070.15,,,,1,1,1,1,,,,8120172,12461166.4
1782200700,23923.8,23931.35,23902.25,23907.4,23969.7027656384,24026.029356019946,0,0,0,24189.25,23070.15,,,,1,1,1,1,,,,8540893,12408321.95
1782201600,23908.35,23910.35,23862.65,23893.2,23954.402212510722,24013.953960018134,0,0,0,24189.25,23070.15,,,,1,1,1,1,,,,11351995,12457510.4
1782202500,23893.85,23898.3,23864.25,23869.15,23937.35177000858,24000.78996365285,0,0,0,24189.25,23070.15,,,,1,1,1,1,,,,9409522,11850968.05
1782203400,23870.15,23916.95,23864.3,23910.85,23932.051416006863,23992.613603320773,0,0,0,24189.25,23070.15,,,,1,1,1,1,,,,8898159,11030858.15
1782204300,23912.55,23921.15,23893.6,23915.8,23928.80113280549,23985.63054847343,0,0,0,24189.25,23070.15,,,,1,1,1,1,,,,10821410,10182112.1
1782205200,23916.95,23934.05,23897.15,23927.25,23928.49090624439,23980.323225884935,0,0,0,24189.25,23070.15,,,,1,1,1,1,,,,13838771,10151504.55
1782206100,23927.85,23935.2,23907.5,23914.3,23925.652724995514,23974.32111444085,0,0,0,24189.25,23070.15,,,,1,1,1,1,,,,16141990,10329851.2
1782207000,23916.35,23919.1,23815.6,23827.7,23906.06217999641,23960.991922218953,0,0,0,24189.25,23070.15,,,,1,1,1,1,,,,39255125,11823790.7
1782207900,23828.7,23829.5,23784.95,23795.25,23883.899743997128,23945.9244747445,0,0,0,24189.25,23070.15,,,,1,1,1,1,,,,36789864,13122133.2
1782272700,23795.75,23885.3,23789.25,23879.4,23882.999795197702,23939.876795222273,0,0,0,24189.25,23070.15,,,,1,1,1,1,,,,31952569,14267474.95
1782273600,23879.65,23895.3,23861.5,23867.4,23879.87983615816,23933.287995656614,0,0,0,24189.25,23070.15,,,,1,1,1,1,,,,16489436,14687247.65
1782274500,23866.85,23873.75,23810.65,23841.65,23872.23386892653,23924.95726877874,0,0,0,24189.25,23070.15,,,,1,1,1,1,,,,16265642,15058042.85
1782275400,23841.75,23919.2,23841.75,23917.85,23881.357095141226,23924.311153435217,0,0,0,24189.25,23070.15,,,,1,1,1,1,,,,13434602,15311807.75
1782276300,23917.75,23970.3,23910.9,23947.75,23894.63567611298,23926.44195766838,0,0,0,24189.25,23070.15,,,,1,1,1,1,,,,13623549,15462939.65
1782277200,23950.05,23961.9,23932.15,23934.3,23902.568540890385,23927.15632515307,0,0,0,24189.25,23070.15,,,,1,1,1,1,,,,11538620,15262811.8
1782278100,23933.8,23960.4,23932.85,23952.45,23912.54483271231,23929.455750139157,0,0,0,24189.25,23070.15,,,,1,1,1,1,,,,10604275,15232236.15
1782279000,23952,23991.6,23952,23985.85,23927.205866169847,23934.582500126508,0,0,0,24189.25,23070.15,,,,1,1,1,1,,,,12772671,15319988.5
1782279900,23986.05,23988.9,23967.1,23974.95,23936.754692935876,23938.25227284228,0,0,0,24189.25,23070.15,,,,1,1,1,1,,,,12313255,15493262.15
1782280800,23976.05,24007.9,23958,24006.9,23950.7837543487,23944.492975311165,0,0,0,24189.25,23070.15,,,,1,1,1,1,,,,12616429,15738947.45
1782281700,24006.45,24013.85,23994.95,23996.9,23960.00700347896,23949.257250282877,0,0,0,24189.25,23070.15,,,,1,1,1,1,,,,10717995,15868838.6
1782282600,23996.55,24008.05,23979,23980.95,23964.19560278317,23952.13840934807,0,0,0,24189.25,23070.15,,,,1,1,1,1,,,,10898850,15986736.45
1782283500,23982.25,24007.2,23981,23995.65,23970.486482226537,23956.094008498247,0,0,0,24189.25,23070.15,,,,1,1,1,1,,,,10080876,15923180.5
1782284400,23995.7,23997.3,23967,23991.35,23974.65918578123,23959.29909863477,0,0,0,24189.25,23070.15,,,,1,1,1,1,,,,10296855,15967547.15
1782285300,23992.85,24012.6,23979.15,24004.35,23980.597348624986,23963.394635122517,0,0,0,24189.25,23070.15,,,,1,1,1,1,,,,10324302,16038854.3
1782286200,24005.4,24032.85,23994.1,24031.1,23990.697878899988,23969.549668293195,0,0,0,24189.25,23070.15,,,,1,1,1,1,,,,11069720,16051269.8
1782287100,24030.5,24056.1,24028.15,24052.45,24003.04830311999,23977.086062084723,0,0,0,24189.25,23070.15,,,,1,1,1,1,,,,11585684,15938615.45
1782288000,24052.85,24090.05,24051.55,24071.5,24016.73864249599,23985.66914734975,0,0,0,24189.25,23070.15,,,,1,1,1,1,,,,12711281,15767080
1782288900,24071.85,24085.85,24047.45,24055.8,24024.550913996794,23992.044679408864,0,0,0,24189.25,23070.15,,,,1,1,1,1,,,,12563810,14432514.25
1782289800,24055.65,24059.45,24026.5,24056.65,24030.970731197434,23997.917890371693,0,0,0,24189.25,23070.15,,,,1,1,1,1,,,,11112083,13148625.2
1782290700,24056.75,24063.75,24043.9,24054.85,24035.746584957946,24003.093536701537,0,0,0,24189.25,23070.15,,,,1,1,1,1,,,,11739763,12137984.9
1782291600,24054.8,24061.25,24034.95,24053.1,24039.217267966356,24007.63957881958,0,0,0,24189.25,23070.15,,,,1,1,1,1,,,,25574872,12592256.7
1782292500,24053.65,24068.75,24037.85,24050.75,24041.523814373086,24011.5587080178,0,0,0,24189.25,23070.15,,,,1,1,1,1,,,,21965808,12877265
1782293400,24050.85,24050.85,24003.25,24006.45,24034.50905149847,24011.094280016183,0,0,0,24189.25,23070.15,,,,1,1,1,1,,,,34868578,13948963.8
1782294300,24006,24031.45,24003.6,24013.15,24030.237241198774,24011.281163651074,0,0,0,24189.25,23070.15,,,,1,1,1,1,,,,35765828,15056077.75
1782359100,24136.1,24169.7,24107.8,24147.1,24053.609792959018,24023.628330591884,0,0,0,24189.25,23070.15,,,,1,1,1,1,,,,39069694,16432631.45
1782360000,24147.15,24152.15,24130.5,24140.5,24070.987834367214,24034.253027810802,0,0,0,24189.25,23070.15,,,,1,1,1,1,,,,19981013,16901468.35
1782360900,24141.65,24185.35,24140.15,24176.8,24092.15026749377,24047.211843464367,0,0,0,24189.25,23070.15,,,,1,1,1,1,,,,16839537,17104811.65
1782361800,24176.65,24186.05,24160.3,24184.1,24110.540213995017,24059.656221331243,0,0,0,24189.25,23070.15,,,,1,1,1,1,,,,17738398,17376068.8
1782362700,24184.5,24190.25,24165.85,24172.3,24122.892171196014,24069.896564846586,0,0,0,24189.25,23070.15,,,,1,1,1,1,,,,12718803,17381187.5
1782363600,24172.1,24185,24166.9,24182.3,24134.77373695681,24080.11505895144,0,0,0,24189.25,23070.15,,,,1,1,1,1,,,,10984606,17394518.05
1782364500,24182.8,24200.55,24177,24197.3,24147.278989565446,24090.7682354104,0,0,0,24189.25,23070.15,,,,1,1,1,1,,,,10729150,17386033.05
1782365400,24197.6,24200.35,24175.3,24195.9,24157.00319165236,24100.32566855491,0,0,0,24189.25,23070.15,,,,1,1,1,1,,,,12002418,17482110.15
1782366300,24196.05,24205.65,24186.5,24190.55,24163.712553321886,24108.52788050446,0,0,0,24189.25,23070.15,,,,1,1,1,1,,,,12758349,17605184.85
1782367200,24191.05,24200.25,24181.05,24195.9,24170.150042657508,24116.470800458603,0,0,0,24189.25,23070.15,,,,1,1,1,1,,,,10989807,17638460.1
1782368100,24195.6,24238.75,24193.3,24236.2,24183.360034126006,24127.355273144185,0,0,0,24189.25,23070.15,,,,1,1,1,1,,,,13789896,17774468.9
1782369000,24236.55,24261.6,24236.15,24243.65,24195.418027300806,24137.92752104017,0,0,0,24189.25,23070.15,,,,1,1,1,1,,,,12798534,17835111.4
1782369900,24243.5,24251.5,24199.3,24202.35,24196.804421840643,24143.784110036515,0,0,0,24189.25,23070.15,,,,1,1,1,1,,,,13952788,17897186.75
1782370800,24201.9,24210.6,24176.85,24193.15,24196.073537472515,24148.271918215014,0,0,0,24189.25,23070.15,,,,1,1,1,1,,,,13428363,17940414.4
1782371700,24192.85,24202.6,24181.65,24196.9,24196.238829978014,24152.69265292274,0,0,0,24189.25,23070.15,,,,1,1,1,1,,,,11586033,17964111.9
1782372600,24196.85,24214.5,24169.3,24172.85,24191.56106398241,24154.525139020672,0,0,0,24189.25,23070.15,,,,1,1,1,1,,,,12673482,18010797.85
1782373500,24172.8,24198.7,24170.6,24181.6,24189.56885118593,24156.986490018793,0,0,0,24261.6,23784.95,23070.15,,,1,1,1,1,,,,14253675,17444738
1782374400,24181.5,24211.2,24173.8,24200.5,24191.755080948744,24160.942263653447,0,0,0,24261.6,23784.95,23070.15,,,1,1,1,1,,,,12814377,16987166.45
1782375300,24200.35,24209.45,24173.05,24179.5,24189.304064758995,24162.62933059404,0,0,0,24261.6,23784.95,23070.15,,,1,1,1,1,,,,17951690,16141322.05
1782376200,24178.4,24187.85,24130.65,24138.65,24179.173251807195,24160.44939144913,0,0,0,24261.6,23784.95,23070.15,,,1,1,1,1,,,,14791969,15092629.1
1782377100,24139.15,24139.35,24088.95,24108,24164.938601445756,24155.681264953753,0,0,0,24261.6,23784.95,23070.15,,,1,1,1,1,,,,16753865,13976837.65
1782378000,24108.2,24128.9,24068.85,24071.05,24146.160881156604,24147.987513594322,1,0,0,24261.6,23784.95,23070.15,,,2,1,1,1,1,,,20149830,13985278.5
1782378900,24072.75,24117.5,24066.55,24090,24134.92870492528,24142.715921449384,0,0,0,24261.6,23784.95,23070.15,,,2,1,1,1,,,,19743212,14130462.25
1782379800,24090.4,24091.3,24041.45,24055.3,24119.002963940224,24134.76901949944,0,0,0,24261.6,23784.95,23070.15,,,2,1,1,1,,,,46761422,15581613.45
1782380700,24056,24065.5,24039,24052.8,24105.762371152177,24127.317290454037,0,0,0,24261.6,23784.95,23070.15,,,2,1,1,1,,,,41474300,17019388.3
1782704700,24067.3,24110.75,24032.35,24064.8,24097.56989692174,24121.633900412762,0,0,0,24261.6,23784.95,23070.15,,,2,1,1,1,,,,46514453,18795880.65
1782705600,24065.7,24094.7,24005.45,24094,24096.855917537392,24119.121727647966,0,0,0,24261.6,23784.95,23070.15,,,2,1,1,1,,,,22790688,19398957.55
1782706500,24092.7,24095.25,24063.15,24075.55,24092.594734029914,24115.16066149815,0,0,0,24261.6,23784.95,23070.15,,,2,1,1,1,,,,15293615,19563517.4
1782707400,24076.6,24088,24051.75,24061.8,24086.43578722393,24110.309692271047,0,0,0,24261.6,23784.95,23070.15,,,2,1,1,1,,,,12405569,19545878.4
1782708300,24061.9,24120,24052.6,24112.15,24091.578629779146,24110.47699297368,0,0,0,24261.6,23784.95,23070.15,,,2,1,1,1,,,,16199020,19806339.05
1782709200,24112.75,24117.2,24091.3,24112.3,24095.722903823316,24110.642720885164,0,0,0,24261.6,23784.95,23070.15,,,2,1,1,1,,,,12605589,19747123.7
1782710100,24115.5,24115.5,24047.4,24066.35,24089.848323058653,24106.616109895604,0,0,0,24261.6,23784.95,23070.15,,,2,1,1,1,,,,12511163,19732755.15
1782711000,24066.9,24090.9,24058.15,24073,24086.478658446922,24103.560099905095,0,0,0,24261.6,23784.95,23070.15,,,2,1,1,1,,,,11019164,19586073.95
1782711900,24072.45,24084.25,24056.5,24061.2,24081.42292675754,24099.709181731905,0,0,0,24261.6,23784.95,23070.15,,,2,1,1,1,,,,12022439,19515777.75
1782712800,24062.3,24065.25,24018.65,24031.6,24071.458341406033,24093.517437938095,0,0,0,24261.6,23784.95,23070.15,,,2,1,1,1,,,,15046171,19688784.65
1782713700,24032.45,24036.9,24002.05,24011.15,24059.396673124826,24086.02948903463,0,0,0,24261.6,23784.95,23070.15,,,2,1,1,1,,,,11785602,19644390.65
1782714600,24012.95,24019.25,23989.8,23993.7,24046.25733849986,24077.63589912239,0,0,0,24261.6,23784.95,23070.15,,,2,1,1,1,,,,11743203,19518867.05
1782715500,23995.95,23999.05,23964.85,23968.4,24030.68587079989,24067.705362838537,0,1,0,24261.6,23784.95,23070.15,,,3,1,1,1,,1,,12023696,19479333
1782716400,23968.45,23975.05,23925.4,23944.45,24013.438696639914,24056.500329853214,0,0,0,24261.6,23784.95,23070.15,,,3,1,1,1,,,,13088286,19236162.8
1782717300,23945,23968.55,23941,23963.3,24003.41095731193,24048.02757259383,0,0,0,24261.6,23784.95,23070.15,,,3,1,1,1,,,,10097371,19001432.9
1782718200,23964.25,23979.7,23946,23962.7,23995.268765849545,24040.270520539845,0,0,0,24261.6,23784.95,23070.15,,,3,1,1,1,,,,12158096,18771644.45
1782719100,23962.15,23967.3,23944.8,23965.15,23989.245012679636,24033.44138230895,0,0,0,24261.6,23784.95,23070.15,,,3,1,1,1,,,,10004647,18264385.3
1782720000,23965.65,23981.25,23935.8,23940.45,23979.486010143708,24024.987620280863,0,0,0,24261.6,23784.95,23070.15,,,3,1,1,1,,,,11569635,17855706.45
1782720900,23940.65,23959.2,23926.3,23947.7,23973.128808114965,24017.961472982603,0,0,0,24261.6,23784.95,23070.15,,,3,1,1,1,,,,12315746,16133422.65
1782721800,23947.05,23967.55,23945.1,23958.35,23970.17304649197,24012.542248166003,0,0,0,24261.6,23784.95,23070.15,,,3,1,1,1,,,,12043242,14661869.75
1782722700,23960.15,23972.6,23944.05,23950.85,23966.308437193577,24006.933861969093,0,0,0,24261.6,23784.95,23070.15,,,3,1,1,1,,,,12084146,12940354.4
1782723600,23951.4,23970.6,23934.25,23964.25,23965.896749754862,24003.053510880993,0,0,0,24261.6,23784.95,23070.15,,,3,1,1,1,,,,14148386,12508239.3
1782724500,23965.15,23970.3,23927.1,23930.6,23958.837399803888,23996.46682807363,0,0,0,24261.6,23784.95,23070.15,,,3,1,1,1,,,,17799177,12633517.4
1782725400,23931.05,23987.2,23924.55,23943.2,23955.70991984311,23991.624389157845,0,0,0,24261.6,23784.95,23070.15,,,3,1,1,1,,,,126625902,18344534.05
1782726300,23943.7,23985.15,23932.9,23978.5,23960.267935874486,23990.431262870767,0,0,0,24261.6,23784.95,23070.15,,,3,1,1,1,,,,117290503,23399108.2
1782791100,24032.1,24035.55,23890.8,23896.9,23947.59434869959,23981.928420791606,0,0,0,24261.6,23784.95,23070.15,,,3,1,1,1,,,,28339797,24185818.6
1782792000,23896.7,23899.5,23861.5,23870.35,23932.145478959672,23971.78492799237,0,0,0,24261.6,23784.95,23070.15,,,3,1,1,1,,,,17954236,24457972.25
1782792900,23870.5,23890.1,23851.95,23881.7,23922.05638316774,23963.59538908397,0,0,0,24261.6,23784.95,23070.15,,,3,1,1,1,,,,14551246,24634576.35
1782793800,23881.1,23916.05,23872.7,23889.8,23915.605106534193,23956.886717349065,0,0,0,24261.6,23784.95,23070.15,,,3,1,1,1,,,,15850963,24826002.55
1782794700,23889.6,23905.1,23871.3,23891.45,23910.774085227353,23950.93792486279,0,0,0,24261.6,23784.95,23070.15,,,3,1,1,1,,,,12446396,24696013.8
1782795600,23891.35,23907.55,23874.7,23890.5,23906.71926818188,23945.44356805708,0,0,0,24261.6,23784.95,23070.15,,,3,1,1,1,,,,10397914,24626629.4
1782796500,23890.3,23923.55,23878.65,23878.65,23901.105414545505,23939.371425506437,0,0,0,24261.6,23784.95,23070.15,,,3,1,1,1,,,,13798227,24729380.6
1782797400,23879,23944.95,23872.6,23938.05,23908.494331636404,23939.251295914943,0,0,0,24261.6,23784.95,23070.15,,,3,1,1,1,,,,13775389,24816965.25
1782798300,23938.3,23998.55,23924.9,23976.55,23922.105465309123,23942.642087195403,0,0,0,24261.6,23784.95,23070.15,,,3,1,1,1,,,,14620537,24893577.8
1782799200,23976.65,23979.2,23919.8,23932.6,23924.2043722473,23941.729170177638,0,0,0,24261.6,23784.95,23070.15,,,3,1,1,1,,,,13571839,25067301.2
1782800100,23932.25,23951,23923.8,23946.15,23928.59349779784,23942.131063797853,0,0,0,24261.6,23784.95,23070.15,,,3,1,1,1,,,,9368419,24927817.35
1782801000,23946.25,23948.6,23922.95,23925.9,23928.05479823827,23940.655512543504,0,0,0,24261.6,23784.95,23070.15,,,3,1,1,1,,,,9838267,24919498.35
1782801900,23924.95,23938.6,23918.4,23933.15,23929.073838590615,23939.97319322137,0,0,0,24261.6,23784.95,23070.15,,,3,1,1,1,,,,10588597,24870446.45
1782802800,23934,23956.2,23911.55,23951.05,23933.469070872492,23940.98017565579,0,0,0,24261.6,23784.95,23070.15,,,3,1,1,1,,,,10693226,24789320.45
1782803700,23950.55,23964.35,23934.2,23952.45,23937.265256697992,23942.02288695981,0,0,0,24261.6,23784.95,23070.15,,,3,1,1,1,,,,13804558,24877386.25
1782804600,23951.95,23954.3,23929.15,23934,23936.612205358393,23941.293533599826,0,0,0,24261.6,23784.95,23070.15,,,3,1,1,1,,,,8393310,24692844.45
1782805500,23933.2,23944.85,23913.05,23935.15,23936.319764286716,23940.735030545296,0,0,0,24261.6,23784.95,23070.15,,,3,1,1,1,,,,9389983,24454924.3
1782806400,23934.25,23954.95,23929.9,23946.8,23938.41581142937,23941.286391404814,0,0,0,24261.6,23784.95,23070.15,,,3,1,1,1,,,,9535199,24041725.4
1782807300,23946.65,23947.8,23916.4,23929.4,23936.6126491435,23940.205810368014,0,0,0,24261.6,23784.95,23070.15,,,3,1,1,1,,,,10653279,18243094.25
1782808200,23928.6,23931.95,23880.95,23885.25,23926.3401193148,23935.209827607287,0,0,0,24261.6,23784.95,23070.15,,,3,1,1,1,,,,14698915,13113514.85
1782809100,23885.1,23972.45,23863.9,23944.45,23929.96209545184,23936.04984327935,0,0,0,24261.6,23784.95,23070.15,,,3,1,1,1,,,,22234587,12808254.35
1782810000,23945.2,23955.85,23920.8,23945.7,23933.109676361473,23936.927130253956,0,0,0,24261.6,23784.95,23070.15,,,3,1,1,1,,,,17704903,12795787.7
1782810900,23945.65,23948.4,23895.3,23905.35,23927.55774108918,23934.05648204905,0,0,0,24261.6,23784.95,23070.15,,,3,1,1,1,,,,19381437,13037297.25
1782811800,23902.3,23906.25,23829.2,23864.8,23915.006192871344,23927.76043822641,0,0,0,24261.6,23784.95,23070.15,,,3,1,1,1,,,,67344074,15611952.8
1782812700,23864.15,23922.1,23864.15,23917.75,23915.554954297077,23926.850398387647,0,0,0,24261.6,23784.95,23070.15,,,3,1,1,1,,,,57664132,17872839.6
1782877500,23909.8,23934.9,23895.1,23922.95,23917.03396343766,23926.495816716044,0,0,0,24261.6,23784.95,23070.15,,,3,1,1,1,,,,27250496,18715468.7
1782878400,23919.95,23949.95,23912.65,23944.2,23922.46717075013,23928.105287923678,0,0,0,24261.6,23784.95,23070.15,,,3,1,1,1,,,,16507923,18850953.5
1782879300,23943.5,23985.5,23943.45,23982.45,23934.463736600104,23933.04571629425,0,0,0,24261.6,23784.95,23070.15,,,3,1,1,1,,,,11457123,18735040.2
1782880200,23981.65,23996.4,23962.75,23987.1,23944.990989280082,23937.959742085684,0,0,0,24261.6,23784.95,23070.15,,,3,1,1,1,,,,12641292,18636077.95
1782881100,23987.05,24020.65,23986.45,23997.5,23955.492791424065,23943.372492805167,0,0,0,24261.6,23784.95,23070.15,,,3,1,1,1,,,,10898096,18502390.8
1782882000,23997.2,24004.3,23947.35,23953.1,23955.014233139253,23944.256811641062,0,0,0,24261.6,23784.95,23070.15,,,3,1,1,1,,,,7994692,18433704.45
1782882900,23954.05,23983.65,23951.7,23976.3,23959.271386511402,23947.169828764603,0,0,0,24261.6,23784.95,23070.15,,,3,1,1,1,,,,6877135,18285647.85
1782883800,23976.4,24020.95,23975.2,24019.5,23971.31710920912,23953.74529887691,0,0,0,24261.6,23784.95,23070.15,,,3,1,1,1,,,,10321134,18272274.7
1782884700,24018.75,24026.85,23998.6,24008.8,23978.813687367296,23958.75027170628,0,0,0,24261.6,23784.95,23070.15,,,3,1,1,1,,,,10149249,18245075.85
1782885600,24008.35,24013.65,23986,24012.55,23985.560949893836,23963.64115609662,0,0,0,24261.6,23784.95,23070.15,,,3,1,1,1,,,,9643237,18037009.8
1782886500,24011.7,24028.6,23998.15,24026.25,23993.698759915067,23969.332869178743,0,0,0,24261.6,23784.95,23070.15,,,3,1,1,1,,,,13075960,18271142.3
1782887400,24026.5,24049.9,24020.15,24023.5,23999.659007932052,23974.25715379886,0,0,0,24261.6,23784.95,23070.15,,,3,1,1,1,,,,11898956,18396590.95
1782888300,24023.8,24036.95,23994.3,23997.4,23999.207206345643,23976.361048908053,0,0,0,24261.6,23784.95,23070.15,,,3,1,1,1,,,,12478684,18543765.2
1782889200,23997.55,24043.25,23997.5,24023.8,24004.125765076515,23980.6736808255,0,0,0,24261.6,23784.95,23070.15,,,3,1,1,1,,,,12399249,18631063.7
1782890100,24024.1,24030.6,24016.3,24022.95,24007.890612061212,23984.51698256864,0,0,0,24261.6,23784.95,23070.15,,,3,1,1,1,,,,8493844,18320810.15
1782891000,24022.9,24029.45,24007.15,24028.05,24011.92248964897,23988.474529607854,0,0,0,24261.6,23784.95,23070.15,,,3,1,1,1,,,,11458414,17782001.5
1782891900,24026.55,24033.35,24011.35,24012.75,24012.087991719174,23990.681390552596,0,0,0,24261.6,23784.95,23070.15,,,3,1,1,1,,,,11774292,17485470.95
1782892800,24012.95,24047.65,24002.05,24029.2,24015.510393375338,23994.183082320542,0,0,0,24261.6,23784.95,23070.15,,,3,1,1,1,,,,14959122,17264355.2
1782893700,24029.6,24032.65,24014.6,24018.35,24016.07831470027,23996.380074836856,0,0,0,24261.6,23784.95,23070.15,,,3,1,1,1,,,,8808853,14337594.15
1782894600,24018.1,24044.15,24011.15,24035.6,24019.982651760216,23999.94552257896,0,0,0,24261.6,23784.95,23070.15,,,3,1,1,1,,,,10139598,11961367.45
1782895500,24035.3,24041.65,24023.4,24028.6,24021.706121408173,24002.55047507178,0,0,0,24261.6,23784.95,23070.15,,,3,1,1,1,,,,11401056,11168895.45
1782896400,24028.55,24031.35,23991.75,24021.1,24021.584897126537,24004.236795519802,0,0,0,24261.6,23784.95,23070.15,,,3,1,1,1,,,,19689359,11327967.25
1782897300,24020.85,24038.35,24009.65,24035.7,24024.407917701228,24007.097086836184,0,0,0,24261.6,23784.95,23070.15,,,3,1,1,1,,,,19753567,11742789.45
1782898200,24035.65,24048.2,23999.15,24005.25,24020.57633416098,24006.929169851075,0,0,0,24261.6,23784.95,23070.15,,,3,1,1,1,,,,25882208,12404835.25
1782899100,24006.25,24010.4,23980.65,23988.1,24014.081067328785,24005.21742713734,0,0,0,24261.6,23784.95,23070.15,,,3,1,1,1,,,,33830480,13551454.45
1782963900,24075.75,24127.6,24058.8,24111.6,24033.584853863027,24014.888570124855,0,0,0,24261.6,23784.95,23070.15,,,3,1,1,1,,,,41710545,15237247.1
1782964800,24111.65,24159.45,24108.1,24148.9,24056.647883090423,24027.071427386232,0,0,0,24261.6,23784.95,23070.15,,,3,1,1,1,,,,22321994,16009490.05
1782965700,24148.05,24155.45,24124.25,24129.7,24071.25830647234,24036.40129762385,0,0,0,24261.6,23784.95,23070.15,,,3,1,1,1,,,,18401453,16413506
1782966600,24129.45,24130.8,24075.55,24075.55,24072.116645177874,24039.960270567135,0,0,0,24261.6,23784.95,23070.15,,,3,1,1,1,,,,12308895,16521488.3
1782967500,24075.8,24115.9,24070.3,24107.4,24079.1733161423,24046.091155061033,0,0,0,24261.6,23784.95,23070.15,,,3,1,1,1,,,,10294873,16554070.1
1782968400,24107.1,24116,24088.9,24110.25,24085.38865291384,24051.92377732821,0,0,0,24261.6,23784.95,23070.15,,,3,1,1,1,,,,9257285,16363136.35
1782969300,24110.55,24116.8,24101.8,24111.2,24090.550922331073,24057.31252484383,0,0,0,24261.6,23784.95,23070.15,,,3,1,1,1,,,,14429585,16489667.8
1782970200,24111.05,24115.8,24090.05,24103.5,24093.14073786486,24061.511386221664,0,0,0,24261.6,23784.95,23070.15,,,3,1,1,1,,,,10690143,16400240.75
1782971100,24103.8,24106.05,24085.7,24087.25,24091.962590291885,24063.851260201514,0,0,0,24261.6,23784.95,23070.15,,,3,1,1,1,,,,12103461,16385451.35
1782972000,24087.3,24089.95,24067.5,24082.7,24090.110072233507,24065.564782001376,0,0,0,24261.6,23784.95,23070.15,,,3,1,1,1,,,,9431758,16432347.05
1782972900,24083.75,24106.65,24080.85,24098.65,24091.818057786804,24068.572529092162,0,0,0,24261.6,23784.95,23070.15,,,3,1,1,1,,,,11677923,16443322.5
1782973800,24099.55,24114.1,24094.8,24113.2,24096.094446229443,24072.629571901965,0,0,0,24261.6,23784.95,23070.15,,,3,1,1,1,,,,12798545,16494535.15
1782974700,24112.75,24133.2,24106.55,24131.8,24103.235556983553,24078.00870172906,0,0,0,24261.6,23784.95,23070.15,,,3,1,1,1,,,,10602006,16276679.35
1782975600,24131.75,24137.7,24116.75,24122.2,24107.028445586842,24082.026092480963,0,0,0,24261.6,23784.95,23070.15,,,3,1,1,1,,,,10866730,16379573.2
1782976500,24121.8,24133.45,24113.6,24119.6,24109.542756469473,24085.44190225542,0,0,0,24261.6,23784.95,23070.15,,,3,1,1,1,,,,8790643,16312125.45
1782977400,24119.4,24145.8,24115.75,24145.5,24116.734205175577,24090.90172932311,0,0,0,24261.6,23784.95,23070.15,,,3,1,1,1,,,,10411422,16262643.75
1782978300,24143.25,24155.35,24137.75,24142.85,24121.95736414046,24095.624299384646,0,0,0,24261.6,23784.95,23070.15,,,3,1,1,1,,,,11761691,15866260.35
1782979200,24141.75,24152.4,24128.55,24134.4,24124.445891312367,24099.14936307695,0,0,0,24261.6,23784.95,23070.15,,,3,1,1,1,,,,9586350,15357899.5
1782980100,24134.2,24140.8,24126,24131.75,24125.906713049895,24102.11305734268,0,0,0,24261.6,23784.95,23070.15,,,3,1,1,1,,,,9900779,14558828.05
1782981000,24131.2,24142.85,24128.85,24131.75,24127.075370439918,24104.80732485698,0,0,0,24261.6,23784.95,23070.15,,,3,1,1,1,,,,9948285,13364718.3
1782981900,24132.3,24155.3,24127.4,24139.2,24129.500296351933,24107.933931688167,0,0,0,24261.6,23784.95,23070.15,,,3,1,1,1,,,,11940513,11876216.7
1782982800,24140.15,24183.95,24138.95,24176.85,24138.970237081547,24114.199028807423,0,0,0,24261.6,23784.95,23070.15,,,3,1,1,1,,,,12213792,11370806.6
1782983700,24176.8,24194.55,24172.6,24189.55,24149.08618966524,24121.049117097657,0,0,0,24261.6,23784.95,23070.15,,,3,1,1,1,,,,12565295,11078998.7
1782984600,24190.75,24193.4,24169.4,24175.8,24154.428951732192,24126.02647008878,0,0,0,24261.6,23784.95,23070.15,,,3,1,1,1,,,,27147563,11820932.1
1782985500,24176.5,24179.5,24153.4,24167.95,24157.133161385755,24129.83770008071,0,0,0,24261.6,23784.95,23070.15,,,3,1,1,1,,,,38484666,13230421.75
1783050300,24378.15,24378.15,24295.15,24347.75,24195.256529108603,24149.64790916428,0,0,0,24261.6,23784.95,23070.15,,,3,1,1,1,,,,37007705,14617942.75
1783051200,24349,24366.8,24334.5,24337,24223.605223286882,24166.679917422072,0,0,0,24261.6,23784.95,23070.15,,,3,1,1,1,,,,20125151,14902721.05
1783052100,24336.8,24344.75,24323,24333.15,24245.514178629506,24181.813561292794,0,0,0,24261.6,23784.95,23070.15,,,3,1,1,1,,,,13374939,15036960.85
1783053000,24333.2,24342.25,24311.85,24329.95,24262.401342903606,24195.280510266177,0,0,0,24261.6,23784.95,23070.15,,,3,1,1,1,,,,12489379,15056256.75
1783053900,24330.6,24352.65,24315.4,24344.55,24278.831074322883,24208.85046387834,0,0,0,24261.6,23784.95,23070.15,,,3,1,1,1,,,,13256919,15247514.8
1783054800,24345.1,24351.5,24335.55,24339.65,24290.994859458307,24220.741330798493,0,0,0,24378.15,23784.95,23070.15,,,1,1,1,1,,,,13457750,15336506.15
1783055700,24340.35,24349.5,24336.8,24340.05,24300.805887566647,24231.587573453176,0,0,0,24378.15,23784.95,23070.15,,,1,1,1,1,,,,10464956,15219826.7
1783056600,24340.75,24354,24320.65,24323,24305.244710053317,24239.897794048342,0,0,0,24378.15,23784.95,23070.15,,,1,1,1,1,,,,10891470,15234299.9
1783057500,24322.7,24333.5,24319.1,24328.3,24309.855768042653,24247.934358225764,0,0,0,24378.15,23784.95,23070.15,,,1,1,1,1,,,,10351137,15208520.25
1783058400,24328.35,24345.8,24322.9,24338.4,24315.564614434123,24256.15850747797,0,0,0,24378.15,23784.95,23070.15,,,1,1,1,1,,,,10492074,15293591.8
1783059300,24338.25,24356.8,24334.65,24356.15,24323.6816915473,24265.24864316179,0,0,0,24378.15,23784.95,23070.15,,,1,1,1,1,,,,16053763,15575708.85
1783060200,24353.4,24373.25,24350.8,24369.65,24332.87535323784,24274.739675601628,0,0,0,24378.15,23784.95,23070.15,,,1,1,1,1,,,,10404938,15507871.2
1783061100,24370,24373.35,24352.95,24361.55,24338.61028259027,24282.631523274205,0,0,0,24378.15,23784.95,23070.15,,,1,1,1,1,,,,9441471,15500627.25
1783062000,24362.15,24365,24339.4,24345.2,24339.928226072218,24288.319566612914,0,0,0,24378.15,23784.95,23070.15,,,1,1,1,1,,,,12382863,15624731.45
1783062900,24345.55,24361.25,24341.7,24353.35,24342.612580857774,24294.231424193556,0,0,0,24378.15,23784.95,23070.15,,,1,1,1,1,,,,8505349,15552584.65
1783063800,24353.45,24355.45,24309.95,24324.55,24339.00006468622,24296.98765835778,0,0,0,24378.15,23784.95,23070.15,,,1,1,1,1,,,,10183521,15464735.05
1783064700,24324.3,24325.8,24302.85,24305.9,24332.380051748976,24297.797871234343,0,0,0,24378.15,23784.95,23070.15,,,1,1,1,1,,,,10234185,15365754.7
1783065600,24305.95,24308.65,24272.65,24288.2,24323.544041399182,24296.925337485765,0,0,0,24378.15,23784.95,23070.15,,,1,1,1,1,,,,9187584,15196869.15
1783066500,24288.9,24298.1,24278.9,24285.25,24315.885233119345,24295.86394316888,0,0,0,24378.15,23784.95,23070.15,,,1,1,1,1,,,,7039161,14191449.05
1783067400,24285.45,24297.25,24278.55,24287.3,24310.168186495477,24295.0854028808,0,0,0,24378.15,23784.95,23070.15,,,1,1,1,1,,,,6831313,12608781.4
1783068300,24287.4,24288.5,24264.8,24267.8,24301.69454919638,24292.604911709815,0,0,0,24378.15,23784.95,23070.15,,,1,1,1,1,,,,8457738,11181283.05
1783069200,24267.85,24287.55,24265.3,24271.15,24295.585639357105,24290.654465190742,0,0,0,24378.15,23784.95,23070.15,,,1,1,1,1,,,,9959397,10672995.35
1783070100,24271.65,24280.05,24252.35,24256.75,24287.818511485682,24287.572241082493,0,0,0,24378.15,23784.95,23070.15,,,1,1,1,1,,,,9509140,10479705.4
1783071000,24256.15,24282.8,24256.15,24272.7,24284.794809188545,24286.2202191659,0,0,0,24378.15,23784.95,23070.15,,,1,1,1,1,,,,20874020,10898937.45
1783071900,24272.1,24275.9,24258.75,24271.6,24282.155847350834,24284.89110833264,0,0,0,24378.15,23784.95,23070.15,,,1,1,1,1,,,,22612167,11366699.85
1783309500,24311.35,24360.15,24287.1,24352.95,24296.314677880666,24291.078280302398,0,0,0,24378.15,23784.95,23070.15,,,1,1,1,1,,,,30541116,12220868.15
1783310400,24352.5,24379.9,24351.4,24368.75,24310.80174230453,24298.13934572945,0,0,0,24378.15,23784.95,23070.15,,,1,1,1,1,,,,15238912,12459565.95
1783311300,24368.9,24394.4,24366,24384.45,24325.531393843627,24305.985768844956,0,0,0,24378.15,23784.95,23070.15,,,1,1,1,1,,,,15257359,12677860.4
1783312200,24384.65,24395.8,24366.3,24369.95,24334.415115074902,24311.80069894996,0,0,0,24378.15,23784.95,23070.15,,,1,1,1,1,,,,11440651,12732336.1
1783313100,24370.15,24414.65,24368.45,24405.4,24348.61209205992,24320.309726318144,0,0,0,24378.15,23784.95,23070.15,,,1,1,1,1,,,,11120742,12763769.5
1783314000,24405.95,24414.25,24390.2,24403.1,24359.509673647935,24327.836114834678,0,0,0,24378.15,23784.95,23070.15,,,1,1,1,1,,,,14902587,12706210.7
1783314900,24403.05,24426.9,24400.95,24424.4,24372.48773891835,24336.614649849707,0,0,0,24378.15,23784.95,23070.15,,,1,1,1,1,,,,12969764,12834452
1783315800,24424,24428.05,24411.4,24415.4,24381.07019113468,24343.776954408826,0,0,0,24378.15,23784.95,23070.15,,,1,1,1,1,,,,10147234,12869740.15
1783316700,24415.85,24427.05,24403.1,24419.05,24388.666152907743,24350.619958553478,0,0,0,24378.15,23784.95,23070.15,,,1,1,1,1,,,,11261456,12813669.8
1783317600,24419.2,24422.7,24410.65,24416.45,24394.222922326193,24356.60450777589,0,0,0,24378.15,23784.95,23070.15,,,1,1,1,1,,,,9817401,12879272.4
1783318500,24417.3,24425.7,24407.85,24424.55,24400.288337860955,24362.781370705354,0,0,0,24378.15,23784.95,23070.15,,,1,1,1,1,,,,9305043,12835348.5
1783319400,24425.2,24443.75,24420.1,24443,24408.830670288764,24370.073973368504,0,0,0,24378.15,23784.95,23070.15,,,1,1,1,1,,,,13249279,12986103.2
1783320300,24443.25,24446.55,24434.5,24440.1,24415.08453623101,24376.439975789548,0,0,0,24378.15,23784.95,23070.15,,,1,1,1,1,,,,8655736,12959510.8
1783321200,24441.25,24453.5,24437,24442.65,24420.597628984808,24382.45906889959,0,0,0,24378.15,23784.95,23070.15,,,1,1,1,1,,,,10777351,13146420.3
1783322100,24444.3,24446,24425.6,24439.85,24424.448103187846,24387.67642627235,0,0,0,24378.15,23784.95,23070.15,,,1,1,1,1,,,,8269123,13218310.8
1783323000,24439.25,24455.4,24431.15,24449.7,24429.498482550276,24393.314932974867,0,0,0,24378.15,23784.95,23070.15,,,1,1,1,1,,,,9199988,13255423.3
1783323900,24449.25,24451.15,24434.95,24443.1,24432.21878604022,24397.84084815897,0,0,0,24378.15,23784.95,23070.15,,,1,1,1,1,,,,7194797,13117193.3
1783324800,24442.85,24458.65,24434,24438.05,24433.385028832174,24401.49622559906,0,0,0,24378.15,23784.95,23070.15,,,1,1,1,1,,,,8778001,13080636.35
1783325700,24437.55,24439.75,24406.1,24408.95,24428.49802306574,24402.173841453692,0,0,0,24378.15,23784.95,23070.15,,,1,1,1,1,,,,10529655,12563418.1
1783326600,24409.15,24423.6,24399.15,24400.55,24422.90841845259,24402.026219503357,0,0,0,24378.15,23784.95,23070.15,,,1,1,1,1,,,,11917999,12028709.7
1783327500,24400.85,24416.2,24396.35,24405.25,24419.37673476207,24402.3192904576,0,0,0,24378.15,23784.95,23070.15,,,1,1,1,1,,,,7887754,10896041.6
1783328400,24405.6,24420.4,24395.1,24395.85,24414.671387809656,24401.73117314327,0,0,0,24378.15,23784.95,23070.15,,,1,1,1,1,,,,9069076,10587549.8
1783329300,24397.1,24417.1,24382.4,24404.7,24412.677110247725,24402.00106649388,0,0,0,24458.65,23784.95,23070.15,,,1,1,1,1,,,,10611468,10355255.25
1783330200,24404.6,24447.65,24404.6,24437.05,24417.55168819818,24405.187333176254,0,0,0,24458.65,23784.95,23070.15,,,1,1,1,1,,,,20591789,10812812.15
1783331100,24437.2,24441.4,24417.95,24423.75,24418.791350558542,24406.87484834205,0,0,0,24458.65,23784.95,23070.15,,,1,1,1,1,,,,38714646,12192507.35