time,open,high,low,close,EMA 9,EMA 21,Entry,TP,SL,B,A0,A1,A2,A3,ST0,ST1,ST2,ST3,ENTRY,TP,SL,Volume,VolAvg
1274154300,58.6,59.559998,57.709998,58.370002,59.67837046339031,59.63365510805667,0,0,0,64.5,26.26,23.95,,,1,1,1,1,,,,187445,700559
1274240700,57.590002,58.179998,54,55.220002,58.78669677071225,59.232413916415155,0,0,0,64.5,26.26,23.95,,,1,1,1,1,,,,257305,633017.25
1274327100,55.129998,55.579998,53.4,54.479998,57.9253570165698,58.80037610583196,0,0,0,64.5,26.26,23.95,,,1,1,1,1,,,,163940,602436.75
1274413500,54,54.4,52.4,53.5,57.04028561325584,58.318523732574505,0,0,0,64.5,26.26,23.95,,,1,1,1,1,,,,117840,569436
1274672700,52.8,55.6,52.6,53.279998,56.28822809060467,57.8604759387041,0,0,0,64.5,26.26,23.95,,,1,1,1,1,,,,176825,561280.25
1274759100,53.4,53.4,50.96,51.620002,55.35458287248373,57.293160126094634,0,0,0,64.5,26.26,23.95,,,1,1,1,1,,,,79580,556333.5
1274845500,52.2,60.8,50.09,57.190002,55.72166669798698,57.283782114631485,0,0,0,64.5,26.26,23.95,,,1,1,1,1,,,,1671000,623045.75
1274931900,57.420002,59.8,56.040002,58.6,56.29733335838959,57.403438286028624,0,0,0,64.5,26.26,23.95,,,1,1,1,1,,,,381605,622475.75
1275018300,59,60.4,55.8,59.290002,56.89586708671167,57.57494407820784,0,0,0,64.5,26.26,23.95,,,1,1,1,1,,,,603160,598959
1275277500,59.2,60.340002,58.4,59.5,57.41669366936934,57.74994916200713,0,0,0,64.5,26.26,23.95,,,1,1,1,1,,,,242590,549406.75
1275363900,59.790002,61.8,58.179998,58.590002,57.65135533549547,57.82631760182466,0,0,0,64.5,26.26,23.95,,,1,1,1,1,,,,900005,573309
1275450300,57.6,59.990002,57.6,58.520002,57.82508466839637,57.8893798198406,0,0,0,64.5,26.26,23.95,,,1,1,1,1,,,,254665,554868.75
1275536700,59.8,59.8,58.070002,58.429998,57.9460673347171,57.93852692712782,0,0,0,64.5,26.26,23.95,,,1,1,1,1,,,,110500,533665
1275623100,58.979998,59.190002,57.7,58.220002,58.00085426777368,57.9641155701162,0,0,0,64.5,26.26,23.95,,,1,1,1,1,,,,67740,443180.75
1275882300,56.3,57.8,56.3,57.220002,57.844683814218946,57.896468881923816,0,0,0,64.5,26.26,23.95,,,1,1,1,1,,,,93495,382661.5
1275968700,57.2,58.4,56.6,57.079998,57.691746651375155,57.822244256294375,0,0,0,64.5,26.26,23.95,,,1,1,1,1,,,,137945,340372.5
1276055100,57.690002,57.979998,56.9,57.159998,57.58539692110013,57.762040051176704,0,0,0,64.5,26.26,23.95,,,1,1,1,1,,,,81100,314987.25
1276141500,57.2,57.6,56.809998,57.259998,57.5203171368801,57.7163998647061,0,0,0,64.5,26.26,23.95,,,1,1,1,1,,,,24890,306408
1276227900,57.259998,57.8,56.409998,56.709998,57.35825330950408,57.624908786096455,0,0,0,64.5,26.26,23.95,,,1,1,1,1,,,,48835,293993.75
1276487100,56.709998,57.309998,56.040002,56.490002,57.18460304760326,57.52173544190587,0,0,0,64.5,26.26,23.95,,,1,1,1,1,,,,20650,281055.75
1276573500,56.940002,59.6,56.770002,57.679998,57.28368203808261,57.53612294718715,0,0,0,64.5,26.26,23.95,,,1,1,1,1,,,,409285,292147.75
1276659900,58.390002,59,57.25,57.479998,57.32294523046609,57.53102067926105,0,0,0,64.5,26.26,23.95,,,1,1,1,1,,,,74730,283019
1276746300,57.9,57.9,54.8,57.170002,57.29235658437287,57.498200799328224,0,0,0,64.5,26.26,23.95,,,1,1,1,1,,,,52950,277469.5
1276832700,57.170002,59.1,56.65,58.020002,57.43788566749829,57.545637272116565,0,0,0,64.5,26.26,23.95,,,1,1,1,1,,,,238855,283520.25
1277091900,57.890002,58.170002,57.259998,57.720002,57.49430893399863,57.56148861101506,0,0,0,64.5,26.26,23.95,,,1,1,1,1,,,,45265,276942.25
1277178300,57.520002,57.520002,56.429998,56.740002,57.343447547198906,57.48680801001369,0,0,0,64.5,26.26,23.95,,,1,1,1,1,,,,27910,274358.75
1277264700,56.409998,56.959998,56,56.329998,57.14075763775912,57.38164346364881,0,0,0,64.5,26.26,23.95,,,1,1,1,1,,,,31250,192371.25
1277351100,57.05,57.5,56.459998,56.779998,57.0686057102073,57.32694842149891,0,0,0,64.5,26.26,23.95,,,1,1,1,1,,,,25885,174585.25
1277437500,57.1,58.6,57.1,57.529998,57.16088416816584,57.34540747408992,0,0,0,64.5,26.26,23.95,,,1,1,1,1,,,,96280,149241.25
1277696700,57.7,57.979998,56.8,57.029998,57.13470693453267,57.31673388553629,0,0,0,64.5,26.26,23.95,,,1,1,1,1,,,,31400,138681.75
1277783100,57.540002,60.059998,56.829998,57.990002,57.305765947626135,57.37794007776026,0,0,0,64.5,26.26,23.95,,,1,1,1,1,,,,846760,136019.5
1277869500,57.6,58.779998,57.429998,58.329998,57.51061235810091,57.46449079796387,0,0,0,64.5,26.26,23.95,,,1,1,1,1,,,,71790,126875.75
1277955900,57.8,59.340002,57.7,58.320002,57.67249028648072,57.542264543603515,0,0,0,64.5,26.26,23.95,,,1,1,1,1,,,,105600,126630.75
1278042300,57.8,59.5,57.4,58.25,57.78799222918458,57.606604130548654,0,0,0,64.5,26.26,23.95,,,1,1,1,1,,,,226150,134551.25
1278301500,58,58.979998,57.4,57.709998,57.77239338334766,57.616003573226045,0,0,0,64.5,26.26,23.95,,,1,1,1,1,,,,231015,141427.25
1278387900,57.709998,59.859998,57.709998,58.879998,57.99391430667813,57.73091215747822,0,0,0,64.5,26.26,23.95,,,1,1,1,1,,,,253135,147186.75
1278474300,58.4,58.95,57.659998,57.970002,57.989131845342506,57.75264759770747,0,0,0,64.5,26.26,23.95,,,1,1,1,1,,,,59280,146095.75
1278560700,58.9,58.940002,57.620002,58.429998,58.077305076274,57.814224907006796,0,0,0,64.5,26.26,23.95,,,1,1,1,1,,,,107785,150240.5
1278647100,58.320002,58.770002,58.320002,58.459998,58.1538436610192,57.87293155182436,0,0,0,64.5,26.26,23.95,,,1,1,1,1,,,,28545,149226
1278906300,59.1,59.209998,57.8,58.25,58.17307492881536,57.907210501658504,0,0,0,64.5,26.26,23.95,,,1,1,1,1,,,,335245,164955.75
1278992700,58.559998,58.8,57.820002,58.4,58.21845994305229,57.95200954696227,0,0,0,64.5,26.26,23.95,,,1,1,1,1,,,,275885,158285.75
1279079100,58.520002,61.120002,58.429998,58.720002,58.31876835444183,58.021827042692976,0,0,0,64.5,26.26,23.95,,,1,1,1,1,,,,484765,178787.5
1279165500,59.020002,62.2,58.2,59.409998,58.53701428355346,58.14802440244816,0,0,0,64.5,26.26,23.95,,,1,1,1,1,,,,2367575,294518.75
1279251900,59.9,60.540002,58.9,59.109998,58.651611026842765,58.23547654768014,0,0,0,64.5,26.26,23.95,,,1,1,1,1,,,,388885,302020.25
1279511100,58.809998,60.379998,58.329998,58.770002,58.67528922147421,58.28406977061831,0,0,0,64.5,26.26,23.95,,,1,1,1,1,,,,290305,314272.25
1279597500,59.279998,59.940002,58.8,59.459998,58.832230977179364,58.390972336925735,0,0,0,64.5,26.26,23.95,,,1,1,1,1,,,,220895,323921.5
1279683900,59.679998,62.2,59.6,60.340002,59.13378518174349,58.568156851750665,0,0,0,64.5,26.26,23.95,,,1,1,1,1,,,,3336235,489170.75
1279770300,61.979998,70.1,60.2,67.740002,60.855028545394795,59.40196095613697,0,0,0,64.5,26.26,23.95,,,1,1,1,1,,,,7611435,868448.25
1279856700,68.040002,69.6,65.259998,65.85,61.854022836315835,59.98814632376088,0,0,0,64.5,26.26,23.95,,,1,1,1,1,,,,2234830,975375.75
1280115900,66.859998,72.8,65.040002,70.040002,63.49121866905267,60.90195138523716,0,0,0,64.5,26.26,23.95,,,1,1,1,1,,,,2637135,1105662.5
1280202300,69.409998,73.320002,69.409998,71.970002,65.18697533524214,61.908137804761054,0,0,0,64.5,26.26,23.95,,,1,1,1,1,,,,1979060,1162277.5
1280288700,72.4,78.75,72.1,76.370002,67.42358066819371,63.22285273160096,0,0,0,64.5,26.26,23.95,,,1,1,1,1,,,,2482280,1282802
1280375100,76.1,79.940002,74.4,78.359998,69.61086413455497,64.59895684690996,0,0,0,64.5,26.26,23.95,,,1,1,1,1,,,,1803855,1367714.75
1280461500,76.4,77.379998,71.75,74.929998,70.67469090764398,65.53814240628178,0,0,0,64.5,26.26,23.95,,,1,1,1,1,,,,467030,1379758.75
1280720700,75.6,77.609998,73.25,74.970002,71.53375312611519,66.39558418752888,0,0,0,64.5,26.26,23.95,,,1,1,1,1,,,,1080425,1422229.25
1280807100,75.2,77.270002,74.95,75.279998,72.28300210089215,67.20325817048081,0,0,0,64.5,26.26,23.95,,,1,1,1,1,,,,334665,1426305.75
1280893500,75.940002,77.959998,74.2,75.390002,72.90440208071372,67.947507609528,0,0,0,64.5,26.26,23.95,,,1,1,1,1,,,,438295,1445256.5
1280979900,75.990002,76.690002,74.229998,74.590002,73.24152206457097,68.55137073593455,0,0,0,79.940002,26.26,23.95,,,1,1,1,1,,,,204650,1450099.75
1281066300,74.8,75.6,73.029998,73.990002,73.39121805165678,69.0457917599405,0,0,0,79.940002,26.26,23.95,,,1,1,1,1,,,,204855,1458915.25
1281325500,74.790002,76.579998,73.6,73.959998,73.50497404132543,69.49253778176409,0,0,0,79.940002,26.26,23.95,,,1,1,1,1,,,,488640,1466585
1281411900,72.6,76.159998,72.6,73.8,73.56397923306034,69.88412525614916,0,0,0,79.940002,26.26,23.95,,,1,1,1,1,,,,379065,1471744
1281498300,74.4,75.4,72.709998,73.079998,73.46718298644826,70.17465914195378,0,0,0,79.940002,26.26,23.95,,,1,1,1,1,,,,167385,1455875
1281584700,72.879998,79.290002,72.220002,76.970002,74.16774678915861,70.79241758359434,0,0,0,79.940002,26.26,23.95,,,1,1,1,1,,,,3480715,1511532
1281671100,77.099998,84.300003,73.300003,80.349998,75.40419703132689,71.66128853054032,0,0,0,79.940002,26.26,23.95,,,1,1,1,1,,,,3754633,1679819.4
1281930300,78.900002,86.400002,77.75,81.300003,76.58335822506152,72.5375353004912,0,0,0,79.940002,26.26,23.95,,,1,1,1,1,,,,2993484,1814978.35
1282016700,81.599998,84.199997,80.800003,81.75,77.61668658004922,73.37503209135564,0,0,0,79.940002,26.26,23.95,,,1,1,1,1,,,,1146831,1861275.15
1282103100,81.599998,82.400002,79,79.599998,78.01334886403937,73.94093808305058,0,0,0,79.940002,26.26,23.95,,,1,1,1,1,,,,430087,1715967.75
1282189500,79.550003,81.050003,78.099998,80.349998,78.4806786912315,74.52357989368235,0,0,0,79.940002,26.26,23.95,,,1,1,1,1,,,,699973,1370394.65
1282275900,80,83.150002,79.5,82.150002,79.2145433529852,75.21689099425669,0,0,0,79.940002,26.26,23.95,,,1,1,1,1,,,,1123349,1314820.6
1282535100,82.550003,86.199997,81.550003,85.150002,80.40163508238817,76.1199010856879,0,0,0,86.400002,26.26,23.95,,,1,1,1,1,,,,1433600,1254643.85
1282621500,85.75,86.400002,80.400002,81.699997,80.66130746591054,76.62718253244354,0,0,0,86.400002,26.26,23.95,,,1,1,1,1,,,,528273,1182104.5
1282707900,81.75,81.800003,79.150002,80.349998,80.59904557272843,76.9656203022214,0,0,0,86.400002,26.26,23.95,,,1,1,1,1,,,,580641,1087022.55
1282794300,81,82.800003,80,82.349998,80.94923605818275,77.45510918383764,0,0,0,86.400002,26.26,23.95,,,1,1,1,1,,,,383552,1016007.4
1282880700,81.099998,82.5,77.900002,79.099998,80.5793884465462,77.60464453076149,0,0,0,86.400002,26.26,23.95,,,1,1,1,1,,,,331666,1009239.2
1283139900,76,81.300003,76,78.650002,80.19351115723697,77.699677027965,0,0,0,86.400002,26.26,23.95,,,1,1,1,1,,,,463535,978394.7
1283226300,78.949997,81.550003,75,79.800003,80.11480952578958,77.89061575269545,0,0,0,86.400002,26.26,23.95,,,1,1,1,1,,,,777015,1000512.2
1283312700,79.099998,80.949997,77.25,77.800003,79.65184822063166,77.88237822972314,0,0,0,86.400002,26.26,23.95,,,1,1,1,1,,,,853022,1021248.55
1283399100,78.449997,79.800003,77.699997,79.150002,79.55147897650534,77.99761675429377,0,0,0,86.400002,26.26,23.95,,,1,1,1,1,,,,532936,1037662.85
1283485500,79.5,82.400002,78.050003,80.5,79.74118318120426,78.22510614026707,0,0,0,86.400002,26.26,23.95,,,1,1,1,1,,,,933286,1074084.4
1283744700,79.900002,80.800003,78.599998,79.349998,79.66294614496341,78.32736903660643,0,0,0,86.400002,26.26,23.95,,,1,1,1,1,,,,407056,1070005.2
1283831100,79.800003,80.949997,76,77.800003,79.29035751597073,78.2794266696422,0,0,0,86.400002,26.26,23.95,,,1,1,1,1,,,,910177,1096560.8
1283917500,77.699997,79.25,76.5,77,78.83228601277658,78.1631151542202,0,0,0,86.400002,26.26,23.95,,,1,1,1,1,,,,306465,1103514.8
1284003900,77.75,78.400002,76.25,76.699997,78.40582821022126,78.03010441292744,0,0,0,86.400002,26.26,23.95,,,1,1,1,1,,,,219020,940430.05
1284349500,76.800003,81.25,76.800003,79.349998,78.59466216817701,78.15009473902495,0,0,0,86.400002,26.26,23.95,,,1,1,1,1,,,,562225,780809.65
1284435900,79,80.449997,78.5,80,78.87572973454161,78.31826794456813,0,0,0,86.400002,26.26,23.95,,,1,1,1,1,,,,780054,670138.15
1284522300,79.5,80.400002,78.599998,79.75,79.05058378763329,78.44842540415284,0,0,0,86.400002,26.26,23.95,,,1,1,1,1,,,,1597209,692657.05
1284608700,80,80.400002,78.400002,79.199997,79.08046643010663,78.5167500946844,0,0,0,86.400002,26.26,23.95,,,1,1,1,1,,,,262602,684282.8
1284695100,79.300003,79.75,77.650002,78.099998,78.8843727440853,78.47886354062219,0,0,0,86.400002,26.26,23.95,,,1,1,1,1,,,,167327,657650.5
1284954300,78.900002,81.400002,77.800003,80.400002,79.18749859526824,78.65351249147471,0,0,0,86.400002,26.26,23.95,,,1,1,1,1,,,,1973763,700171.2
1285040700,81.400002,81.900002,78.300003,78.900002,79.12999927621459,78.67592062861338,0,0,0,86.400002,26.26,23.95,,,1,1,1,1,,,,338079,645395.15
1285127100,79,79.550003,78,78.199997,78.94399882097167,78.63265484419398,0,0,0,86.400002,26.26,23.95,,,1,1,1,1,,,,55933,621778.15
1285213500,78.449997,83.849998,77.5,80.150002,79.18519945677734,78.7705954947218,0,0,0,86.400002,26.26,23.95,,,1,1,1,1,,,,2312221,708357.15
1285299900,80.300003,80.300003,78.5,78.800003,79.10816016542188,78.77326890429255,0,0,0,86.400002,26.26,23.95,,,1,1,1,1,,,,101986,694278.85
1285559100,78.800003,80.199997,78.150002,79.099998,79.1065277323375,78.80297154935687,0,0,0,86.400002,26.26,23.95,,,1,1,1,1,,,,348387,695114.9
1285645500,79.25,79.300003,78.25,78.400002,78.96522258587,78.76633795396079,0,0,0,86.400002,26.26,23.95,,,1,1,1,1,,,,85027,676189.5
1285731900,79.050003,79.25,78,78.400002,78.852178468696,78.7330346854189,0,0,0,86.400002,26.26,23.95,,,1,1,1,1,,,,96207,642149.1
1285818300,79,79,77.099998,77.5,78.5817427749568,78.6209406231081,0,0,0,86.400002,26.26,23.95,,,1,1,1,1,,,,75602,603278.1
1285904700,78.400002,81,77.550003,80.199997,78.90539361996544,78.76449120282554,0,0,0,86.400002,26.26,23.95,,,1,1,1,1,,,,340521,593657.35
1286163900,82.300003,83,79.550003,80.800003,79.28431549597235,78.9495377298414,0,0,0,86.400002,26.26,23.95,,,1,1,1,1,,,,1070451,600515.6
1286250300,80.050003,85.199997,80,83.949997,80.21745179677788,79.40412493621945,0,0,0,86.400002,26.26,23.95,,,1,1,1,1,,,,1407343,650529.95
1286336700,84.5,85.699997,80,80.900002,80.3539618374223,79.5401137601995,0,0,0,86.400002,26.26,23.95,,,1,1,1,1,,,,1102484,660145.3
1286423100,81.449997,81.800003,79.699997,80.75,80.43316946993784,79.65010341836319,0,0,0,86.400002,26.26,23.95,,,1,1,1,1,,,,199168,654780.45
1286509500,80.75,81.400002,79.099998,79.5,80.24653557595028,79.63645765305745,0,0,0,86.400002,26.26,23.95,,,1,1,1,1,,,,68022,647230.55
1286768700,80.349998,82.75,79.599998,82.349998,80.66722806076022,79.88314313914313,0,0,0,86.400002,26.26,23.95,,,1,1,1,1,,,,338290,636033.8
1286855100,82.900002,83.199997,80.5,81.400002,80.81378284860818,80.02103939922102,0,0,0,86.400002,26.26,23.95,,,1,1,1,1,,,,137814,603921.8
1286941500,83,84.400002,80.5,82.099998,81.07102587888654,80.21003563565547,0,0,0,86.400002,26.26,23.95,,,1,1,1,1,,,,1045464,576334.55
1287027900,83,83.400002,79.5,81.5,81.15682070310923,80.32730512332316,0,0,0,86.400002,26.26,23.95,,,1,1,1,1,,,,1762678,651338.35
1287114300,82,82.099998,79.699997,80.050003,80.93545716248738,80.30209583938469,0,0,0,86.400002,26.26,23.95,,,1,1,1,1,,,,336121,659778.05
1287373500,81,81,78.550003,79.900002,80.72836612998991,80.26554185398608,0,0,0,86.400002,26.26,23.95,,,1,1,1,1,,,,106951,566437.45
1287459900,80,80.699997,76.050003,77.199997,80.02269230399193,79.98685595816916,0,0,0,86.400002,26.26,23.95,,,1,1,1,1,,,,590323,579049.65
1287546300,77.699997,77.800003,73.75,74.800003,78.97815444319355,79.51532387106288,0,0,0,86.400002,26.26,23.95,,,1,1,1,1,,,,462308,599368.4
1287632700,75,76.199997,74,75.650002,78.31252395455483,79.16393097369352,0,0,0,86.400002,26.26,23.95,,,1,1,1,1,,,,250974,496306.05
1287719100,76.699997,77.300003,74.25,75.300003,77.71001976364387,78.81266479426684,0,0,0,86.400002,26.26,23.95,,,1,1,1,1,,,,452601,513836.8
1287978300,75.650002,76.900002,74.300003,75.400002,77.2480162109151,78.50242272206076,0,0,0,86.400002,26.26,23.95,,,1,1,1,1,,,,176004,505217.65
1288064700,75.5,77.75,74.800003,77,77.19841296873207,78.36583883823705,0,0,0,86.400002,26.26,23.95,,,1,1,1,1,,,,488312,525381.9
1288151100,77.699997,80.25,76,77.050003,77.16873097498566,78.24621739839732,0,0,0,86.400002,26.26,23.95,,,1,1,1,1,,,,662639,553703.5
1288237500,77.5,77.5,75.349998,75.800003,76.89498537998853,78.02383427127029,0,0,0,86.400002,26.26,23.95,,,1,1,1,1,,,,326423,566244.55
1288323900,75.199997,76.25,74.300003,75.550003,76.62598890399082,77.79894051933663,0,0,0,86.400002,26.26,23.95,,,1,1,1,1,,,,196842,559060.6
1288583100,75.650002,78,74.949997,75.349998,76.37079072319266,77.57630938121511,0,0,0,86.400002,26.26,23.95,,,1,1,1,1,,,,303663,520721.2
1288669500,75.699997,76.25,74.800003,75.050003,76.10663317855412,77.346645164741,0,0,0,86.400002,26.26,23.95,,,1,1,1,1,,,,159194,458313.75
1288755900,75.099998,76.699997,75.099998,75.949997,76.0753059428433,77.21967714976455,0,0,0,86.400002,26.26,23.95,,,1,1,1,1,,,,166006,411489.85
1288842300,76.5,79.449997,75.75,78.5,76.56024475427463,77.33607013614959,0,0,0,86.400002,26.26,23.95,,,1,1,1,1,,,,711866,437124.75
1288928700,78.5,79.800003,77.300003,77.599998,76.76819540341971,77.3600635783178,0,0,0,86.400002,26.26,23.95,,,1,1,1,1,,,,76815,437564.4
1289187900,78.349998,78.5,75.5,77.150002,76.84455672273577,77.34096707119801,0,0,0,86.400002,26.26,23.95,,,1,1,1,1,,,,406826,440991.2
1289274300,78,78.800003,75.5,76.300003,76.73564597818861,77.24633397381638,0,0,0,86.400002,26.26,23.95,,,1,1,1,1,,,,227096,445455.3
1289360700,77,81.25,76,80,77.3885167825509,77.49666724892398,0,0,0,86.400002,26.26,23.95,,,1,1,1,1,,,,1192487,452806.45
1289447100,80.699997,82.800003,79,79.300003,77.77081402604071,77.66060686265817,0,0,0,86.400002,26.26,23.95,,,1,1,1,1,,,,227861,376065.6
1289533500,79.949997,80.900002,77.650002,78.150002,77.84665162083257,77.70509732968925,0,0,0,86.400002,26.26,23.95,,,1,1,1,1,,,,134995,366009.3
1289792700,79.300003,85.5,78.5,84.300003,79.13732189666607,78.30463420880841,0,0,0,86.400002,26.26,23.95,,,1,1,1,1,,,,710399,396181.7
1289879100,85.900002,87.400002,80.5,81.449997,79.59985691733286,78.59057628073492,0,0,0,86.400002,26.26,23.95,,,1,1,1,1,,,,671673,400249.2
1290051900,82,82.699997,77.699997,81.099998,79.89988513386629,78.81870552794084,0,0,0,86.400002,26.26,23.95,,,1,1,1,1,,,,305439,392405.75
1290138300,81.550003,82.699997,78.300003,79.849998,79.88990770709303,78.91245938903712,0,0,0,86.400002,26.26,23.95,,,1,1,1,1,,,,136004,386657.25
1290397500,80.5,82.25,79.25,79.800003,79.87192676567443,78.99314517185194,0,0,0,86.400002,26.26,23.95,,,1,1,1,1,,,,143718,371213.1
1290483900,79.949997,79.949997,78.199997,78.75,79.64754141253954,78.97104106531994,0,0,0,86.400002,26.26,23.95,,,1,1,1,1,,,,56969,365261.35
1290570300,78.849998,80.5,78.699997,80.050003,79.72803373003163,79.06912851392721,0,0,0,87.400002,26.26,23.95,,,1,1,1,1,,,,286452,355168.35
1290656700,80,80.5,75.5,76.75,79.1324269840253,78.85829864902473,0,0,0,87.400002,26.26,23.95,,,1,1,1,1,,,,382114,341142.1
1290743100,76.75,76.75,66,72.550003,77.81594218722024,78.28481722638612,0,0,0,87.400002,26.26,23.95,,,1,1,1,1,,,,404112,345026.55
1291002300,72,74.900002,70.699997,71.25,76.50275374977619,77.64528838762375,0,0,0,87.400002,26.26,23.95,,,1,1,1,1,,,,132647,341816.8
1291088700,70.099998,77.699997,70.050003,76.699997,76.54220239982095,77.55935280693068,0,0,0,87.400002,26.26,23.95,,,1,1,1,1,,,,453140,349290.65
1291175100,75,77.75,75,77.099998,76.65376151985676,77.51759327902789,0,0,0,87.400002,26.26,23.95,,,1,1,1,1,,,,171213,349891.6
1291261500,77.5,79.400002,76.25,77.75,76.8730092158854,77.53872116275262,0,0,0,87.400002,26.26,23.95,,,1,1,1,1,,,,117573,347469.95
1291347900,76.099998,78.099998,75.199997,76.199997,76.73840677270832,77.41701896613874,0,0,0,87.400002,26.26,23.95,,,1,1,1,1,,,,99960,316874.65
1291607100,77.400002,79,72.449997,73.449997,76.08072481816666,77.05638060558067,0,0,0,87.400002,26.26,23.95,,,1,1,1,1,,,,286382,327353
1291693500,72.900002,74.5,69.050003,69.75,74.81457985453332,76.39216418689152,0,0,0,87.400002,26.26,23.95,,,1,1,1,1,,,,157714,314897.4
1291779900,69.650002,71.199997,68.5,70.199997,73.89166328362666,75.8292398971741,0,0,0,87.400002,26.26,23.95,,,1,1,1,1,,,,120674,309576.3
1291866300,71,71,60.400002,68.099998,72.73333022690133,75.12658154288555,0,0,0,87.400002,26.26,23.95,,,1,1,1,1,,,,258109,262857.4
1291952700,65,73.75,65,71.25,72.43666418152107,74.77416503898687,0,0,0,87.400002,26.26,23.95,,,1,1,1,1,,,,134056,258167.15
1292211900,72,73.449997,71.099998,72.800003,72.50933194521686,74.59469576271533,0,0,0,87.400002,26.26,23.95,,,1,1,1,1,,,,50441,253939.45
1292298300,73.5,74.699997,71.550003,73.599998,72.72746515617348,74.50426869337757,0,0,0,87.400002,26.26,23.95,,,1,1,1,1,,,,160176,226428.3
1292384700,71,73.300003,70,70.900002,72.36197252493878,74.1766080848887,0,0,0,87.400002,26.26,23.95,,,1,1,1,1,,,,46635,195176.4
1292471100,70.800003,74.5,69.949997,73.150002,72.51957841995102,74.08328025898973,0,0,0,87.400002,26.26,23.95,,,1,1,1,1,,,,289876,194398.25
1292816700,72,73.050003,70.699997,71.300003,72.27566333596081,73.83025505362703,0,0,0,87.400002,26.26,23.95,,,1,1,1,1,,,,93883,192292.2
1292903100,70.25,72.699997,70.25,70.800003,71.98053126876866,73.55477759420639,0,0,0,87.400002,26.26,23.95,,,1,1,1,1,,,,87072,189459.9
1292989500,71.849998,72.199997,69.550003,70,71.58442501501493,73.23161599473308,0,0,0,87.400002,26.26,23.95,,,1,1,1,1,,,,55144,189368.65
1293075900,70.199997,71.300003,69.349998,69.849998,71.23753961201194,72.92419617703007,0,0,0,87.400002,26.26,23.95,,,1,1,1,1,,,,85003,179296.2
1293162300,70.300003,71,69.25,70.400002,71.07003208960955,72.69472397911825,0,0,0,87.400002,26.26,23.95,,,1,1,1,1,,,,172234,168802.2
1293421500,70.800003,72.349998,70,71.800003,71.21602627168764,72.61338570828931,0,0,0,87.400002,26.26,23.95,,,1,1,1,1,,,,90185,153105.85
1293507900,72,72.5,70.599998,71.050003,71.18282161735011,72.47126000753575,0,0,0,87.400002,26.26,23.95,,,1,1,1,1,,,,49970,148972
1293594300,71.800003,71.800003,69.550003,70.5,71.04625729388009,72.29205455230523,0,0,0,87.400002,26.26,23.95,,,1,1,1,1,,,,70127,129821.35
1293680700,70.5,71,70.050003,70.900002,71.01700623510408,72.16550432027748,0,0,0,87.400002,26.26,23.95,,,1,1,1,1,,,,60391,124280.25
1293767100,71.550003,73.25,71.199997,72.599998,71.33360458808326,72.2050037457068,0,0,0,87.400002,26.26,23.95,,,1,1,1,1,,,,87601,122781.65
1294026300,73,73.5,72.150002,72.949997,71.6568830704666,72.272730405188,0,0,0,87.400002,26.26,23.95,,,1,1,1,1,,,,27797,119173.5
1294112700,73.699997,74.699997,72.199997,72.449997,71.81550585637328,72.2888455501709,0,0,0,87.400002,26.26,23.95,,,1,1,1,1,,,,43001,107004.45
1294199100,72,73.949997,70.550003,71.599998,71.77240428509862,72.22622304560991,0,0,0,87.400002,26.26,23.95,,,1,1,1,1,,,,146984,106467.95
1294285500,71.949997,73.5,70.599998,70.900002,71.59792382807889,72.10565749600902,0,0,0,87.400002,26.26,23.95,,,1,1,1,1,,,,40324,102450.45
1294371900,71.800003,71.849998,68.199997,68.849998,71.04833866246311,71.80968845091729,0,0,0,87.400002,26.26,23.95,,,1,1,1,1,,,,32401,91165.05
1294631100,68.800003,70.5,58,59.900002,68.81867132997048,70.72698968265209,1,0,0,87.400002,26.26,23.95,,,2,2,1,1,1,,,1034075,136166
1294717500,57.599998,65.949997,57.599998,64.650002,67.9849374639764,70.17453625695644,0,0,0,87.400002,26.26,23.95,,,2,2,1,1,,,,431993,155243.6
1294803900,65,66.5,63.75,64.449997,67.27794937118111,69.65412359723312,0,0,0,87.400002,26.26,23.95,,,2,2,1,1,,,,252102,159839.9
1294890300,63.5,67.449997,60.5,61.599998,66.14235909694489,68.92193036112103,0,0,0,87.400002,26.26,23.95,,,2,2,1,1,,,,259095,170462.9
1294976700,62.25,65.699997,58.599998,62.700001,65.45388747755591,68.35630041920093,0,0,0,87.400002,26.26,23.95,,,2,2,1,1,,,,315855,171761.85
1295235900,63.400002,65,61.5,62.700001,64.90311018204473,67.84209138109176,0,0,0,87.400002,26.26,23.95,,,2,2,1,1,,,,319209,183028.15
1295322300,63.099998,63.450001,62.049999,62.75,64.47248814563578,67.3791739828107,0,0,0,87.400002,26.26,23.95,,,2,2,1,1,,,,79295,182639.3
1295408700,64.5,64.5,62.099998,63.450001,64.26799071650862,67.02197643891881,0,0,0,87.400002,26.26,23.95,,,2,2,1,1,,,,135877,186675.95
1295495100,63.099998,65.900002,62.549999,64.449997,64.30439197320689,66.78816012628982,0,0,0,87.400002,26.26,23.95,,,2,2,1,1,,,,84739,186662.75
1295581500,64.050003,65.900002,64.050003,65.349998,64.51351317856552,66.65741811480893,0,0,0,87.400002,26.26,23.95,,,2,2,1,1,,,,79405,182021.3
1295840700,65.5,66.5,64,64.25,64.46081054285241,66.43856192255357,0,0,0,87.400002,26.26,23.95,,,2,2,1,1,,,,370107,196017.4
1295927100,65.349998,67.25,64.349998,65.449997,64.65864783428194,66.34869238413961,0,0,0,87.400002,26.26,23.95,,,2,2,1,1,,,,307276,208882.7
1296099900,64.050003,67,60.5,64,64.52691826742554,66.13517489467237,0,0,0,87.400002,26.26,23.95,,,2,2,1,1,,,,663217,238537.2
1296186300,65.900002,65.900002,59.099998,60.650002,63.75153501394043,65.63652281333852,0,0,0,87.400002,26.26,23.95,,,2,2,1,1,,,,771074,274071.35
1296445500,59.900002,60.849998,58,60.049999,63.011227811152345,65.12865701212593,0,0,0,87.400002,26.26,23.95,,,2,2,1,1,,,,200673,279724.95
1296531900,60.75,61.450001,59.150002,60,62.40898224892187,64.66241546556903,0,0,0,87.400002,26.26,23.95,,,2,2,1,1,,,,200658,288368
1296618300,61,62.400002,59.950001,60.75,62.077185799137496,64.30674133233548,0,0,0,87.400002,26.26,23.95,,,2,2,1,1,,,,165249,294480.4
1296704700,60.900002,64.800003,60.049999,63.700001,62.401748839309995,64.25158312030499,0,0,0,87.400002,26.26,23.95,,,2,2,1,1,,,,174127,295837.55
1296791100,62,65,62,63.900002,62.701399471448,64.21962120027726,0,0,0,87.400002,26.26,23.95,,,2,2,1,1,,,,74297,297536.2
1297050300,64.949997,64.949997,63,63.599998,62.881119177158396,64.16329181843388,0,0,0,87.400002,26.26,23.95,,,2,2,1,1,,,,79733,299902.8
1297136700,64.900002,64.900002,62,63,62.904895341726714,64.05753801675807,0,0,0,87.400002,26.26,23.95,,,2,2,1,1,,,,321935,264295.8
1297223100,62.549999,63.75,60.099998,61.400002,62.60391667338137,63.81594383341643,0,0,0,87.400002,26.26,23.95,,,2,2,1,1,,,,192292,252310.75
1297309500,61.049999,62.75,59.5,60.5,62.1831333387051,63.51449439401494,0,0,0,87.400002,26.26,23.95,,,2,2,1,1,,,,237949,251603.1
1297395900,59.049999,61.700001,58.700001,60.349998,61.81650627096408,63.22681290364994,0,0,0,87.400002,26.26,23.95,,,2,2,1,1,,,,157823,246539.5
1297655100,59.75,65,59.150002,62.5,61.953205016771264,63.16073900331813,0,0,0,87.400002,26.26,23.95,,,2,2,1,1,,,,240271,242760.3
1297741500,61.400002,61.5,59.450001,60.349998,61.63256361341701,62.90521709392557,0,0,0,87.400002,26.26,23.95,,,2,2,1,1,,,,200346,236817.15
1297827900,59.5,61.5,59.5,60.799999,61.46605069073361,62.71383363084143,0,0,0,87.400002,26.26,23.95,,,2,2,1,1,,,,60383,235871.55
1297914300,60,60.400002,57.299999,58.099998,60.79284015258689,62.294394028037665,0,0,0,87.400002,26.26,23.95,,,2,2,1,1,,,,208093,239482.35
1298000700,58.150002,60,58,59.599998,60.554271722069515,62.049448934579694,0,0,0,87.400002,26.26,23.95,,,2,2,1,1,,,,279855,249238.15
1298259900,59.049999,59.700001,58.299999,58.950001,60.233417577655615,61.76768094052699,0,0,0,87.400002,26.26,23.95,,,2,2,1,1,,,,52933,247914.55
1298346300,58.200001,59.5,57.5,59,59.98673406212449,61.51607358229727,0,0,0,87.400002,26.26,23.95,,,2,2,1,1,,,,42866,231552.5
1298432700,57,59.200001,57,58.349998,59.659386849699594,61.22824852936115,0,0,0,87.400002,26.26,23.95,,,2,2,1,1,,,,17269,217052.15
1298519100,57.200001,58.900002,56.150002,57.25,59.17750947975968,60.8665895721465,0,0,0,87.400002,26.26,23.95,,,2,2,1,1,,,,185723,193177.45
1298605500,59.700001,59.700001,56.599998,57.049999,58.752007383807744,60.51962679286046,0,0,0,87.400002,26.26,23.95,,,2,2,1,1,,,,56105,157429
1298864700,56.200001,58.5,56.150002,58.150002,58.6316063070462,60.30420635714587,0,0,0,87.400002,26.26,23.95,,,2,2,1,1,,,,47397,149765.2
1298951100,58,58.900002,56.549999,57.849998,58.47528464563696,60.081096506496245,0,0,0,87.400002,26.26,23.95,,,2,2,1,1,,,,411623,160313.45
1299123900,57,58.099998,56.75,57.75,58.33022771650957,59.86917864226931,0,0,0,87.400002,26.26,23.95,,,2,2,1,1,,,,32848,153693.4
1299210300,57.450001,59.5,57.450001,59.099998,58.48418177320765,59.79925312933574,0,0,0,87.400002,26.26,23.95,,,2,2,1,1,,,,209706,155472.35
1299469500,57.299999,59.400002,57.299999,59.25,58.63734541856612,59.74932102666885,0,0,0,87.400002,26.26,23.95,,,2,2,1,1,,,,77675,155641.25
1299555900,59,60.799999,58.5,59.849998,58.8798759348529,59.75847347878987,0,0,0,87.400002,26.26,23.95,,,2,2,1,1,,,,127245,158016.85
1299642300,58.5,59.950001,58.5,59.549999,59.013900547882315,59.73952125344533,0,0,0,87.400002,26.26,23.95,,,2,2,1,1,,,,117796,147809.9
1299728700,59,60.5,58.700001,59.599998,59.13112003830585,59.72683732131394,0,0,0,87.400002,26.26,23.95,,,2,2,1,1,,,,143340,145362.3
1299815100,57.25,59.700001,57.25,59.25,59.15489603064468,59.68348847392176,0,0,0,87.400002,26.26,23.95,,,2,2,1,1,,,,147205,140825.1
1300074300,59.900002,62,56.150002,59.049999,59.13391662451574,59.625898521747054,0,0,0,87.400002,26.26,23.95,,,2,2,1,1,,,,65675,136217.7
1300160700,59,59.200001,57.200001,58.700001,59.04713349961259,59.541726019770046,0,0,0,87.400002,26.26,23.95,,,2,2,1,1,,,,49320,126670.15
1300247100,57.650002,59.299999,57.650002,59,59.03770679969007,59.49247819979095,0,0,0,87.400002,26.26,23.95,,,2,2,1,1,,,,18628,117584.25
1300333500,57.5,59.200001,57.5,58.299999,58.89016523975206,59.38407099980996,0,0,0,87.400002,26.26,23.95,,,2,2,1,1,,,,93904,119260.3
1300419900,57.5,58.900002,57.5,58.700001,58.852132391801646,59.32188281800905,0,0,0,87.400002,26.26,23.95,,,2,2,1,1,,,,107268,114219.05
1300679100,59,59.099998,57.599998,58.349998,58.751705513441316,59.2335296527355,0,0,0,87.400002,26.26,23.95,,,2,2,1,1,,,,112051,105828.85
1300765500,58.700001,58.799999,57,58.200001,58.64136461075305,59.139572502486814,0,0,0,87.400002,26.26,23.95,,,2,2,1,1,,,,114343,108899.35
1300851900,57.5,58.349998,57.5,58.25,58.56309168860244,59.058702274988015,0,0,0,87.400002,26.26,23.95,,,2,2,1,1,,,,126651,113088.6
1300938300,57,59,57,58.700001,58.59047355088195,59.02609306817092,0,0,0,87.400002,26.26,23.95,,,2,2,1,1,,,,72921,115871.2
1301024700,58,60,58,59.5,58.772378840705564,59.06917551651902,0,0,0,87.400002,26.26,23.95,,,2,2,1,1,,,,130691,113119.6
1301283900,59.799999,59.799999,57.549999,58.5,58.717903072564454,59.01743228774456,0,0,0,87.400002,26.26,23.95,,,2,2,1,1,,,,181475,119388.1
1301370300,57.5,59,57.200001,58.150002,58.60432285805156,58.93857498885869,0,0,0,87.400002,26.26,23.95,,,2,2,1,1,,,,223011,128168.8
1301456700,57.5,61,57.5,60.900002,59.06345868644125,59.11688653532608,0,0,0,87.400002,26.26,23.95,,,2,2,1,1,,,,239142,119544.75
1301543100,60.400002,61.75,59,60.349998,59.320766549153,59.228987577569164,0,0,0,87.400002,26.26,23.95,,,2,2,1,1,,,,296798,132742.25
1301629500,60.400002,60.400002,58.099998,59.049999,59.2666130393224,59.21271588869924,0,0,0,87.400002,26.26,23.95,,,2,2,1,1,,,,355652,140039.55
1301888700,59.25,61,58.299999,58.950001,59.20329063145792,59.188832716999315,0,0,0,87.400002,26.26,23.95,,,2,2,1,1,,,,387719,155541.75
1301975100,59.5,61.299999,59,59.450001,59.252632705166334,59.21257528818119,0,0,0,87.400002,26.26,23.95,,,2,2,1,1,,,,261850,162272
1302061500,61.549999,64.900002,60.400002,62.25,59.85210616413307,59.48870480743745,0,0,0,87.400002,26.26,23.95,,,2,2,1,1,,,,443903,178577.35
1302147900,62.900002,64.400002,62.900002,64,60.68168493130646,59.89882255221586,0,0,0,87.400002,26.26,23.95,,,2,2,1,1,,,,360076,189414.15
1302234300,64.800003,69.400002,63.200001,66.349998,61.815347545045164,60.485293047468964,0,0,0,87.400002,26.26,23.95,,,2,2,1,1,,,,866180,225362.9
1302493500,63.099998,68.599998,63.099998,67.199997,62.89227743603613,61.09572067951724,0,0,0,87.400002,26.26,23.95,,,2,2,1,1,,,,139596,229058.95
1302666300,73,73,66.5,70.599998,64.4338215488289,61.959745890470224,0,0,0,87.400002,26.26,23.95,,,2,2,1,1,,,,332491,243217.5
1302839100,76,76,70.5,72.650002,66.07705763906313,62.93158735497293,0,0,1,87.400002,26.26,23.95,,,2,1,1,1,,,1,389569,261764.55
1303098300,77,77,69,69.849998,66.8316457112505,63.56053377724812,0,0,0,87.400002,26.26,23.95,,,2,1,1,1,,,,286154,271377.05
1303184700,72,72.5,68.5,70.300003,67.5253171690004,64.1732127974983,0,0,0,87.400002,26.26,23.95,,,2,1,1,1,,,,323968,282212.05
1303271100,71.099998,74.650002,70.5,72,68.42025373520032,64.88473890681664,0,0,0,87.400002,26.26,23.95,,,2,1,1,1,,,,645659,308892.45
1303357500,72.599998,73.800003,70,70.699997,68.87620238816025,65.41339873346966,0,0,0,87.400002,26.26,23.95,,,2,1,1,1,,,,2502574,428304
1303703100,71,74.949997,68.099998,70.25,69.1509619105282,65.85308975769969,0,0,0,87.400002,26.26,23.95,,,2,1,1,1,,,,2602303,552086.6
1303789500,70.949997,72.400002,70.050003,71.699997,69.66076892842256,66.38462677972699,0,0,0,77,56.150002,,,,1,1,1,1,,,,2997421,698311.6
1303875900,72,72.050003,69,69.900002,69.70861554273804,66.70420634520634,0,0,0,77,56.150002,,,,1,1,1,1,,,,211074,702330.75
1303962300,70,70.650002,67.25,68.099998,69.38689203419044,66.83109649564213,0,0,0,77,56.150002,,,,1,1,1,1,,,,224087,704461.35
1304048700,67.949997,68.400002,65.5,65.949997,68.69951302735235,66.75099654149284,0,0,0,77,56.150002,,,,1,1,1,1,,,,357508,711186.2
1304307900,66.900002,68.800003,65.349998,68.099998,68.57961002188188,66.87363303772077,0,0,0,77,56.150002,,,,1,1,1,1,,,,329340,715696.1
1304394300,67.5,67.650002,65.199997,66,68.0636880175055,66.79421185247342,0,0,0,77,56.150002,,,,1,1,1,1,,,,169421,709327.25
1304480700,68.5,68.5,65.5,67.449997,67.9409498140044,66.85382868406676,0,0,0,77,56.150002,,,,1,1,1,1,,,,203521,701720.7
1304567100,67.050003,72.25,66.5,69.900002,68.33276025120352,67.13075353096978,0,0,0,77,56.150002,,,,1,1,1,1,,,,663064,715487.95
1304653500,70,70,65.650002,66.449997,67.95620760096281,67.0688665736089,0,0,0,77,56.150002,,,,1,1,1,1,,,,436073,724199.1
1304912700,66.550003,67.75,65.650002,66.449997,67.65496548077024,67.01260570328081,0,0,0,77,56.150002,,,,1,1,1,1,,,,391174,721562.65
1304999100,66,67.400002,65.75,66.349998,67.3939719846162,66.95236863934619,0,0,0,77,56.150002,,,,1,1,1,1,,,,199694,713543.55
1305085500,66.75,68.650002,66.300003,67.5,67.41517758769297,67.00215330849653,0,0,0,77,56.150002,,,,1,1,1,1,,,,435752,692022.15
1305171900,67.5,68.150002,65.849998,66.300003,67.19214267015437,66.93832146226957,0,0,0,77,56.150002,,,,1,1,1,1,,,,161670,693125.85
1305258300,66.900002,69,66.599998,68.300003,67.4137147361235,67.06211069297234,0,0,0,77,56.150002,,,,1,1,1,1,,,,251178,689060.2
1305517500,68,68,66.150002,66.849998,67.3009713888988,67.04282772088395,0,0,0,77,56.150002,,,,1,1,1,1,,,,133930,676278.25
1305603900,67.400002,67.550003,65.400002,66.099998,67.06077671111905,66.95711592807632,0,0,0,77,56.150002,,,,1,1,1,1,,,,76068,665773.95
1305690300,66.300003,67.199997,65.550003,65.900002,66.82862176889523,66.86101466188757,0,0,0,77,56.150002,,,,1,1,1,1,,,,62629,652707
1305776700,66,67.099998,64.75,65.349998,66.53289701511619,66.72364951080688,0,0,0,77,56.150002,,,,1,1,1,1,,,,467202,643784.15
1305863100,65.949997,70.25,65.5,69.400002,67.10631801209296,66.96695428255171,0,0,0,77,56.150002,,,,1,1,1,1,,,,732123,555261.6
1306122300,69.75,75.900002,69.5,74.949997,68.67505380967437,67.69268543868337,0,0,0,77,56.150002,,,,1,1,1,1,,,,2544470,552369.95
1306208700,75,79.150002,72.25,78,70.54004304773949,68.6297140351667,0,0,0,77,56.150002,,,,1,1,1,1,,,,2148023,509900.05
1306295100,78.150002,78.150002,74,74.900002,71.41203483819159,69.1997402137879,0,0,0,77,56.150002,,,,1,1,1,1,,,,416877,520190.2
1306381500,74.900002,76,73.550003,75.400002,72.20962827055327,69.76340037617082,0,0,0,77,56.150002,,,,1,1,1,1,,,,367699,527370.8
1306467900,75.099998,75.5,73.050003,74.699997,72.70770201644261,70.21218188742802,0,0,0,77,56.150002,,,,1,1,1,1,,,,715549,545272.85
1306727100,74.5,75.550003,73.599998,74.050003,72.97616221315408,70.56107471584365,0,0,0,77,56.150002,,,,1,1,1,1,,,,97863,533699
1306813500,74.050003,75,73.199997,73.900002,73.16093017052327,70.86461355985786,0,0,0,79.150002,56.150002,,,,1,1,1,1,,,,100195,530237.7
1306899900,74,75.400002,73.5,74.550003,73.43874473641861,71.19964896350714,0,0,0,79.150002,56.150002,,,,1,1,1,1,,,,135547,526839
1306986300,74.449997,74.449997,73.449997,73.650002,73.48099618913488,71.42240833046104,0,0,0,79.150002,56.150002,,,,1,1,1,1,,,,60916,496731.6
1307072700,73.349998,74.449997,73.300003,74.099998,73.60479655130791,71.66582557314639,0,0,0,79.150002,56.150002,,,,1,1,1,1,,,,54524,477654.15
1307331900,74.400002,74.449997,73,74.150002,73.71383764104633,71.89165979376945,0,0,0,79.150002,56.150002,,,,1,1,1,1,,,,32109,459700.9
1307418300,74,75.599998,73.650002,74.900002,73.95107051283706,72.16514544888132,0,0,0,79.150002,56.150002,,,,1,1,1,1,,,,136879,456560.15
1307504700,75,75.25,73.75,74.849998,74.13085601026965,72.40922295352847,0,0,0,79.150002,56.150002,,,,1,1,1,1,,,,190418,444293.45
1307591100,73,75,73,74.449997,74.19468420821572,72.59474786684406,0,0,0,79.150002,56.150002,,,,1,1,1,1,,,,30283,437724.1
1307677500,74.5,74.699997,72.150002,73.150002,73.98574776657257,72.64522551531279,0,0,0,79.150002,56.150002,,,,1,1,1,1,,,,83107,429320.55
1307936700,72,73.099998,72,72.650002,73.71859861325805,72.64565974119344,0,0,0,79.150002,56.150002,,,,1,1,1,1,,,,99565,427602.3
1308023100,72.099998,73.5,72.099998,72.349998,73.44487849060644,72.61878140108495,0,0,0,79.150002,56.150002,,,,1,1,1,1,,,,70239,427310.85
1308109500,71,72.5,71,71.949997,73.14590219248515,72.55798281916813,0,0,0,79.150002,56.150002,,,,1,1,1,1,,,,60727,427215.75
1308195900,73,73,70.25,71.699997,72.85672115398812,72.47998410833466,0,0,0,79.150002,56.150002,,,,1,1,1,1,,,,31751,405443.2
1308282300,71,72.800003,70.599998,71.449997,72.5753763231905,72.38634891666787,0,0,0,79.150002,56.150002,,,,1,1,1,1,,,,16267,369650.4
1308541500,69,72.400002,67.699997,69.25,71.91030105855239,72.10122628787988,0,0,0,79.150002,56.150002,,,,1,1,1,1,,,,44374,244645.6
1308627900,69.900002,69.900002,68.599998,69.050003,71.33824144684192,71.82384235261807,0,0,0,79.150002,56.150002,,,,1,1,1,1,,,,55810,140034.95
1308714300,69,71.400002,66.550003,69.349998,70.94059275747354,71.59894741147097,0,0,0,79.150002,56.150002,,,,1,1,1,1,,,,98447,124113.45
1308800700,68.300003,71.75,68.300003,71.400002,71.03247460597883,71.58086146497361,0,0,0,79.150002,56.150002,,,,1,1,1,1,,,,86045,110030.75
1308887100,69.5,71.199997,69.5,70.650002,70.95598008478306,71.49623787724873,0,0,0,79.150002,56.150002,,,,1,1,1,1,,,,26601,75583.35
1309146300,69.75,71.5,69.75,70.550003,70.87478466782645,71.41021652477157,0,0,0,79.150002,56.150002,,,,1,1,1,1,,,,71640,74272.2
1309232700,71.400002,73.5,70.5,72.800003,71.25982833426116,71.53656074979234,0,0,0,79.150002,56.150002,,,,1,1,1,1,,,,126342,75579.55
1309319100,72.800003,74.800003,72.800003,74.050003,71.81786326740892,71.76505549981123,0,0,0,79.150002,56.150002,,,,1,1,1,1,,,,376264,87615.4
1309405500,74.449997,74.449997,72.150002,72.949997,72.04429001392714,71.87277745437385,0,0,0,79.150002,56.150002,,,,1,1,1,1,,,,12659,85202.55
1309491900,72.099998,74.699997,72.099998,74.199997,72.47543141114171,72.08434286761259,0,0,0,79.150002,56.150002,,,,1,1,1,1,,,,67152,85833.95
1309751100,74.199997,75.449997,73.599998,74.199997,72.82034452891337,72.276675061466,0,0,0,79.150002,56.150002,,,,1,1,1,1,,,,61375,87297.25
1309837500,74.449997,75.5,73.75,75.25,73.30627562313069,72.54697732860545,0,0,0,79.150002,56.150002,,,,1,1,1,1,,,,187395,89823.05
1309923900,78.800003,79.949997,76,79.300003,74.50502109850456,73.16088875327769,0,0,0,79.150002,56.150002,,,,1,1,1,1,,,,452329,102918.6
1310010300,80,81.449997,79.199997,80.699997,75.74401627880364,73.84626223025245,0,0,0,79.150002,56.150002,,,,1,1,1,1,,,,574792,130144.05
1310096700,80.949997,80.949997,76.5,77.150002,76.02521342304291,74.1466022093204,0,0,0,79.150002,56.150002,,,,1,1,1,1,,,,56827,128830.05
1310355900,76.949997,79.900002,76.900002,78.75,76.57017073843433,74.565092917564,0,0,0,79.150002,56.150002,,,,1,1,1,1,,,,53345,126519.05
1310442300,78.099998,79,71.75,73.449997,75.94613599074746,74.46372056142182,0,0,0,79.150002,56.150002,,,,1,1,1,1,,,,274853,136749.75
1310528700,74.699997,74.699997,71.75,73.050003,75.36690939259798,74.33520078311075,0,0,0,79.150002,56.150002,,,,1,1,1,1,,,,85185,137972.65
1310615100,73.150002,74,71.550003,72.800003,74.85352811407839,74.1956373482825,0,0,0,81.449997,56.150002,,,,1,1,1,1,,,,47717,138770.95
1310701500,73.25,73.800003,72.699997,73,74.48282249126271,74.08694304389319,0,0,0,81.449997,56.150002,,,,1,1,1,1,,,,41501,140032.65
1310960700,73.800003,74.349998,72.5,73.599998,74.30625759301017,74.04267531263017,0,0,0,81.449997,56.150002,,,,1,1,1,1,,,,42051,139916.5
1311047100,72.699997,76.400002,72.699997,75.5,74.54500607440814,74.17515937511833,0,0,0,81.449997,56.150002,,,,1,1,1,1,,,,127002,143476.1
1311133500,76,76.900002,75.099998,76.150002,74.8660052595265,74.35469052283484,0,0,0,81.449997,56.150002,,,,1,1,1,1,,,,59795,141543.5
1311219900,75.400002,76.800003,75,75.75,75.0428042076212,74.48153683894077,0,0,0,81.449997,56.150002,,,,1,1,1,1,,,,39561,139219.3
1311306300,76,76.199997,75,75.300003,75.09424396609697,74.55594285358252,0,0,0,81.449997,56.150002,,,,1,1,1,1,,,,17311,138754.8
1311565500,74.099998,77.900002,74.099998,76.349998,75.34539477287757,74.71903877598412,0,0,0,81.449997,56.150002,,,,1,1,1,1,,,,46180,137481.8
1311651900,77,77,73.699997,74.599998,75.19631541830205,74.70821688725829,0,0,0,81.449997,56.150002,,,,1,1,1,1,,,,29757,132652.55
1311738300,75.800003,75.800003,72.349998,73.699997,74.89705173464164,74.61656053387117,0,0,0,81.449997,56.150002,,,,1,1,1,1,,,,47610,116219.85
1311824700,74,74,71.5,72.75,74.46764138771331,74.44687321261016,0,0,0,81.449997,56.150002,,,,1,1,1,1,,,,26366,116905.2
1311911100,72.75,73.699997,72.150002,73.199997,74.21411251017065,74.3335208296456,0,0,0,81.449997,56.150002,,,,1,1,1,1,,,,9092,114002.2
1312170300,73.599998,74.800003,71.599998,73.050003,73.98129060813652,74.2168373905869,0,0,0,81.449997,56.150002,,,,1,1,1,1,,,,75123,114689.6
1312256700,72.550003,76.400002,70.75,74.900002,74.16503288650921,74.27894326416991,0,0,0,81.449997,56.150002,,,,1,1,1,1,,,,430759,126857.8
1312343100,75,75,73.099998,73.449997,74.02202570920737,74.20358451288173,0,0,0,81.449997,56.150002,,,,1,1,1,1,,,,5957,104539.2
1312429500,72.199997,74.5,72.199997,73.300003,73.8776211673659,74.1214407389834,0,0,0,81.449997,56.150002,,,,1,1,1,1,,,,58379,78718.55
1312515900,71.650002,72.800003,70.25,72.050003,73.51209753389273,73.93312821725763,0,0,0,81.449997,56.150002,,,,1,1,1,1,,,,143386,83046.5
1312775100,70,77,65.849998,75.849998,73.97967762711419,74.10738910659785,0,0,0,81.449997,56.150002,,,,1,1,1,1,,,,388903,99824.4
1312861500,72.800003,73.900002,71,71.300003,73.44374270169135,73.85217218781622,0,0,0,81.449997,56.150002,,,,1,1,1,1,,,,24362,87299.85
1312947900,73.699997,74.300003,71.099998,71.75,73.10499416135308,73.66106562528748,0,0,0,81.449997,56.150002,,,,1,1,1,1,,,,34954,84788.3
1313034300,72,73.25,71.150002,72.599998,73.00399492908247,73.56460493207952,0,0,0,81.449997,56.150002,,,,1,1,1,1,,,,31114,83958.15
1313120700,72,74.5,71.099998,73.900002,73.18319634326598,73.59509557461774,0,0,0,81.449997,56.150002,,,,1,1,1,1,,,,59035,84834.85
1313466300,74.300003,75.550003,73,74.349998,73.41655667461278,73.66372306783431,0,0,0,81.449997,56.150002,,,,1,1,1,1,,,,109154,88190
1313552700,75,76.199997,73.150002,75.650002,73.86324573969023,73.84429387984937,0,0,0,81.449997,56.150002,,,,1,1,1,1,,,,587008,111190.3
1313639100,76,76.949997,73.599998,74.599998,74.01059619175219,73.91299425440852,0,0,0,81.449997,56.150002,,,,1,1,1,1,,,,76336,112017.35
1313725500,74,74,71.099998,71.75,73.55847695340175,73.71635841309865,0,0,0,81.449997,56.150002,,,,1,1,1,1,,,,16112,110844.9
1313984700,72,73,70.800003,72,73.2467815627214,73.56032583008968,0,0,0,81.449997,56.150002,,,,1,1,1,1,,,,16932,110825.95
1314071100,73,73,71.550003,72,72.99742525017712,73.41847802735425,0,0,0,81.449997,56.150002,,,,1,1,1,1,,,,2323,108633.1
1314157500,71.599998,73.699997,71.199997,72.050003,72.8079408001417,73.29407120668569,0,0,0,81.449997,56.150002,,,,1,1,1,1,,,,21368,108213.65
1314243900,71.75,72.900002,70.25,72.400002,72.72635304011335,73.21279218789608,0,0,0,81.449997,56.150002,,,,1,1,1,1,,,,30907,107378.5
1314330300,72.5,72.650002,70.25,71.849998,72.55108203209068,73.08890180717826,0,0,0,81.449997,56.150002,,,,1,1,1,1,,,,19867,107053.55
1314589500,71.75,73,71.199997,72.25,72.49086562567254,73.01263800652569,0,0,0,81.449997,56.150002,,,,1,1,1,1,,,,7287,106963.3
1314675900,73.349998,76.900002,71.199997,75.699997,73.13269190053803,73.25694336956882,0,0,0,81.449997,56.150002,,,,1,1,1,1,,,,175670,111990.65
1314935100,76.5,77,71.75,72,72.90615352043042,73.1426757905171,0,0,0,81.449997,56.150002,,,,1,1,1,1,,,,27505,91827.95
1315194300,71.349998,72.75,71.25,72.449997,72.81492221634434,73.07970499137919,0,0,0,81.449997,56.150002,,,,1,1,1,1,,,,11710,92115.6
1315280700,72.949997,72.949997,71.25,72.25,72.70193777307547,73.00427726489018,0,0,0,81.449997,56.150002,,,,1,1,1,1,,,,11982,89795.75
1315367100,74,74,72.199997,72.75,72.71155021846037,72.98116114990016,0,0,0,81.449997,56.150002,,,,1,1,1,1,,,,1696,82711.25
1315453500,73.5,73.5,72.849998,73,72.7692401747683,72.98287377263651,0,0,0,81.449997,56.150002,,,,1,1,1,1,,,,8807,63706.45
1315539900,73.699997,73.699997,71.900002,72.449997,72.70539153981464,72.93443042966955,0,0,0,81.449997,56.150002,,,,1,1,1,1,,,,8507,62913.7
1315799100,71.699997,72.900002,70.400002,72.349998,72.63431283185172,72.88130020879049,0,0,0,81.449997,56.150002,,,,1,1,1,1,,,,18374,62084.7
1315885500,73,73.5,71.650002,73.099998,72.72744986548138,72.90118182617317,0,0,0,81.449997,56.150002,,,,1,1,1,1,,,,4072,60732.6
1315971900,72.5,73,71.25,72.5,72.6819598923851,72.86471075106653,0,0,0,81.449997,56.150002,,,,1,1,1,1,,,,32004,59381.05
1316058300,72.800003,72.900002,71.800003,72.5,72.64556791390808,72.8315552282423,0,0,0,81.449997,56.150002,,,,1,1,1,1,,,,106971,59271.9
1316144700,72.050003,72.75,71.199997,72.5,72.61645433112646,72.80141384385664,0,0,0,81.449997,56.150002,,,,1,1,1,1,,,,19797,30911.35
1316403900,72.5,73.400002,72.25,73.25,72.74316346490117,72.84219440350603,0,0,0,81.449997,56.150002,,,,1,1,1,1,,,,48743,29531.7
1316490300,72.699997,74.699997,72.5,72.650002,72.72453117192094,72.82472236682366,0,0,0,81.449997,56.150002,,,,1,1,1,1,,,,23367,29894.45
1316576700,73.5,75,72.699997,73.699997,72.91962433753676,72.90429278802151,0,0,0,81.449997,56.150002,,,,1,1,1,1,,,,14647,29780.2
1316663100,73.699997,73.699997,72,72.400002,72.8156998700294,72.85844817092864,0,0,0,81.449997,56.150002,,,,1,1,1,1,,,,16131,30470.6
1316749500,72.5,73.800003,72.099998,72.449997,72.74255929602353,72.82131624629876,0,0,0,81.449997,56.150002,,,,1,1,1,1,,,,43704,31587.4
1317008700,73,73.5,69,70.400002,72.27404783681882,72.60119676936252,1,0,0,81.449997,56.150002,,,,2,1,1,1,1,,,76471,33865.6
1317095100,72.900002,72.900002,71.199997,72,72.21923826945506,72.54654251760229,0,0,0,81.449997,56.150002,,,,2,1,1,1,,,,10242,33384.35
1317181500,71.599998,71.900002,70.25,71.099998,71.99539021556404,72.41503847054754,0,0,0,81.449997,56.150002,,,,2,1,1,1,,,,2787,33159.35
1317267900,71,71.5,69.599998,70.650002,71.72631257245123,72.25458060958867,0,0,0,81.449997,56.150002,,,,2,1,1,1,,,,6559,24703.8
1317354300,71.5,71.5,69.300003,69.599998,71.30104965796099,72.01325491780788,0,0,0,81.449997,56.150002,,,,2,1,1,1,,,,5030,23580.05
1317613500,69.5,69.5,66.650002,68.5,70.74083972636879,71.69386810709808,0,0,0,81.449997,56.150002,,,,2,1,1,1,,,,6998,23344.45
1317699900,67.5,70,67.050003,69,70.39267178109503,71.44897100645281,0,0,0,81.449997,56.150002,,,,2,1,1,1,,,,4437,22967.2
1317786300,70,70,67,68.5,70.01413742487603,71.18088273313892,0,0,0,81.449997,56.150002,,,,2,1,1,1,,,,376815,41723.15
1317959100,68.550003,69.5,68.150002,69,69.81130993990082,70.98262066648992,0,0,0,81.449997,56.150002,,,,2,1,1,1,,,,3009,41433.25
1318218300,69.25,70.199997,66.550003,69.75,69.79904795192066,70.87056424226357,0,0,0,81.449997,56.150002,,,,2,1,1,1,,,,78798,44947.8
1318304700,71.150002,71.150002,68.199997,69.25,69.68923836153652,70.7232402202396,0,0,0,81.449997,56.150002,,,,2,1,1,1,,,,20762,45067.2
1318391100,69.050003,72,68.599998,71.550003,70.06139128922922,70.79840047294509,0,0,0,81.449997,56.150002,,,,2,1,1,1,,,,60637,47895.45
1318477500,73,73.75,69.550003,70.550003,70.15911363138338,70.77581888449554,0,0,0,81.449997,56.150002,,,,2,1,1,1,,,,30789,47834.7
1318563900,70,70.75,64.550003,66.949997,69.5172903051067,70.42801689499593,0,1,0,81.449997,56.150002,,,,3,1,1,1,,1,,132542,49113.25
1318823100,69,69,65.599998,67.050003,69.02383284408536,70.12092472272357,0,0,0,81.449997,56.150002,,,,3,1,1,1,,,,23527,49299.75
1318909500,66,66.5,61,65.800003,68.3790668752683,69.72811365702142,0,0,0,81.449997,56.150002,,,,3,1,1,1,,,,55856,49655.4
1318995900,65.300003,66.25,64.349998,64.900002,67.68325390021464,69.28919441547403,0,0,0,81.449997,56.150002,,,,3,1,1,1,,,,9054,48939.75
1319082300,64.25,66.400002,62.25,64,66.94660312017172,68.80835855952185,0,0,0,81.449997,56.150002,,,,3,1,1,1,,,,45037,50459.25
1319168700,64.25,65,62.5,63.299999,66.21728229613737,68.30759859956532,0,0,0,81.449997,56.150002,,,,3,1,1,1,,,,28482,51076.8
1319427900,64.5,66.800003,62.700001,64,65.7738258369099,67.91599872687756,0,0,0,81.449997,56.150002,,,,3,1,1,1,,,,28989,50341.05
1319514300,64.5,64.5,62.5,63.400002,65.29906106952791,67.50545356988869,0,0,0,81.449997,56.150002,,,,3,1,1,1,,,,67309,49882.95
1319600700,64,64.599998,62.599998,64.25,65.08924885562233,67.20950324535335,0,0,0,81.449997,56.150002,,,,3,1,1,1,,,,4310,49586.35
1319773500,64.449997,65.449997,63.099998,63.700001,64.81139928449787,66.89045758668486,0,0,0,81.449997,56.150002,,,,3,1,1,1,,,,9167,49905.35
1320032700,63.150002,63.450001,62,63,64.44911942759829,66.53677962425897,0,0,0,81.449997,56.150002,,,,3,1,1,1,,,,10920,50123.4
1320119100,62.5,63.5,62.150002,62.5,64.05929554207863,66.16979965841725,0,0,0,81.449997,56.150002,,,,3,1,1,1,,,,1066,49925.2
1320205500,62,64.5,60.099998,62,63.647436433662904,65.7907269621975,0,0,0,81.449997,56.150002,,,,3,1,1,1,,,,1226,49636.6
1320291900,63,63,60.5,61.950001,63.30794934693032,65.44157005654318,0,0,0,81.449997,56.150002,,,,3,1,1,1,,,,16311,50230.3
1320378300,62,62.5,61.700001,61.700001,62.98635967754426,65.10142741503925,0,0,0,81.449997,56.150002,,,,3,1,1,1,,,,8309,31805
1320723900,62.349998,63,61.099998,61.849998,62.75908734203541,64.80584292276296,0,0,0,81.449997,56.150002,,,,3,1,1,1,,,,7076,32008.35
1320810300,62,62,60.049999,60.450001,62.297270073628326,64.40985729342087,0,0,0,81.449997,56.150002,,,,3,1,1,1,,,,6050,28370.95
1320983100,60.549999,61.5,58.599998,60,61.83781605890266,64.00896117583716,0,0,0,81.449997,56.150002,,,,3,1,1,1,,,,61636,30414.65
1321242300,60,61.799999,58.049999,60,61.470252847122126,63.64451015985196,0,0,0,81.449997,56.150002,,,,3,1,1,1,,,,99523,32358.95
1321328700,60,60,57.650002,57.700001,60.7162024776977,63.10410023622906,0,0,0,81.449997,56.150002,,,,3,1,1,1,,,,10135,31326.25
1321415100,59.400002,62,56,60.799999,60.732961782158156,62.89463648748096,0,0,0,81.449997,56.150002,,,,3,1,1,1,,,,27998,26099.05
1321501500,60,60.049999,58.150002,59.599998,60.50636902572653,62.59512389770996,0,0,0,81.449997,56.150002,,,,3,1,1,1,,,,88195,29332.45
1321587900,59,59.900002,47.700001,54,59.20509522058122,61.81374899791815,0,0,0,81.449997,56.150002,,,,3,1,1,1,,,,467288,49904.05
1321847100,54,54.799999,51.200001,54.299999,58.224075976464974,61.13068081628922,0,0,0,81.449997,56.150002,,,,3,1,1,1,,,,139300,56416.35
1321933500,56.400002,57.299999,54.099998,54.799999,57.53926058117198,60.55516428753565,0,0,0,81.449997,56.150002,,,,3,1,1,1,,,,337004,71014.7
1322019900,54,54.799999,52.5,54,56.83140846493758,59.95924026139605,0,0,0,81.449997,56.150002,,,,3,1,1,1,,,,128467,76013.95
1322106300,53,54.700001,53,54.200001,56.30512697195007,59.43567305581459,0,0,0,81.449997,56.150002,,,,3,1,1,1,,,,264598,87794.4
1322192700,53.049999,54.349998,52.5,53.900002,55.824101977560055,58.932430232558715,0,0,0,81.449997,56.150002,,,,3,1,1,1,,,,225628,95710.35
1322451900,53.5,55.5,53.5,54,55.45928158204804,58.484027484144285,0,0,0,81.449997,56.150002,,,,3,1,1,1,,,,260201,108504.9
1322538300,54,58.400002,54,55.299999,55.42742506563843,58.194570349222076,0,0,0,81.449997,56.150002,,,,3,1,1,1,,,,6026,108347.85
1322624700,54,60.700001,53.549999,56.650002,55.671940452510746,58.05415504474734,0,0,0,81.449997,56.150002,,,,3,1,1,1,,,,10626,108333.15
1322711100,56.200001,57.099998,54.049999,56,55.7375523620086,57.86741367704304,0,0,0,81.449997,56.150002,,,,3,1,1,1,,,,112402,113899.95
1322797500,58,59.900002,45,57.799999,56.15004168960688,57.86128507003912,0,0,0,81.449997,56.150002,,,,3,1,1,1,,,,111457,119411.5
1323056700,57,58.700001,53.450001,57.799999,56.480033151685504,57.855713609126475,0,0,0,81.449997,56.150002,,,,3,1,1,1,,,,1027578,169974.85
1323229500,57,58.5,56.200001,57.349998,56.6540261213484,57.80973946284225,0,0,0,81.449997,56.150002,,,,3,1,1,1,,,,6789,169898.85
1323315900,56.5,56.5,54.650002,56.349998,56.59322049707872,57.677035693492954,0,0,0,81.449997,56.150002,,,,3,1,1,1,,,,59611,172525.6
1323402300,57,57.5,54.25,55.349998,56.34457599766297,57.46548681226632,0,0,0,81.449997,56.150002,,,,3,1,1,1,,,,274293,185937.75
1323661500,55,55.049999,52.5,53.75,55.82566079813038,57.12771528387847,0,0,0,81.449997,56.150002,,,,3,1,1,1,,,,188306,192271.25
1323747900,53,54.5,52.75,53.849998,55.4305282385043,56.82974098534407,0,0,0,81.449997,56.150002,,,,3,1,1,1,,,,937530,234171.6
1323834300,51.25,53.5,51.25,53,54.94442259080344,56.48158271394915,0,0,0,81.449997,56.150002,,,,3,1,1,1,,,,85526,237941.15
1323920700,52.5,53.200001,50.5,51.150002,54.185538472642754,55.99689355813559,0,0,0,81.449997,56.150002,,,,3,1,1,1,,,,161115,244597
1324007100,53.400002,53.400002,51.200001,52.200001,53.78843097811421,55.65172150739599,0,0,0,81.449997,56.150002,,,,3,1,1,1,,,,5022,240438.35
1324266300,51,53,48.400002,51,53.230744782491364,55.22883773399636,0,0,0,81.449997,56.150002,,,,3,1,1,1,,,,31277,218637.8
1324352700,50,52.75,48,51,52.784595825993094,54.84439793999669,0,0,0,81.449997,56.150002,,,,3,1,1,1,,,,113133,217329.45
1324439100,50.599998,54,49.700001,53.549999,52.93767646079448,54.7267253090879,0,0,0,81.449997,56.150002,,,,3,1,1,1,,,,13487,201153.6
1324525500,52.5,54.099998,51.25,54,53.150141168635585,54.660659371898085,0,0,0,81.449997,56.150002,,,,3,1,1,1,,,,280275,208744
1324611900,54,54,53.5,54,53.320112934908465,54.60059942899826,0,0,0,81.449997,56.150002,,,,3,1,1,1,,,,35869,197307.55
1324871100,54.049999,54.049999,52.849998,53.950001,53.44609054792677,54.541454117271144,0,0,0,81.449997,56.150002,,,,3,1,1,1,,,,19842,187018.25
1324957500,53.950001,54,53.549999,53.950001,53.54687263834142,54.48768565206468,0,0,0,81.449997,56.150002,,,,3,1,1,1,,,,43677,176192.05
1325043900,53.849998,54.5,52,54.5,53.73749811067314,54.488805138240615,0,0,0,81.449997,56.150002,,,,3,1,1,1,,,,43776,178079.55
1325130300,56.599998,56.650002,53.099998,53.900002,53.76999888853851,54.43527758021874,0,0,0,81.449997,56.150002,,,,3,1,1,1,,,,41108,179603.65
1325216700,53.049999,54.450001,53.049999,54,53.81599911083081,54.39570689110794,0,0,0,81.449997,56.150002,,,,3,1,1,1,,,,4048,174185.95
1325475900,54.049999,54.5,53,54.200001,53.89279948866465,54.37791544646176,0,0,0,81.449997,56.150002,,,,3,1,1,1,,,,8010,169013.6
1325562300,55.150002,55.150002,54.200001,54.5,54.01423959093172,54.38901404223797,0,0,0,81.449997,56.150002,,,,3,1,1,1,,,,3989,117834.15
1325648700,54.5,54.5,52.200001,53.849998,53.98139127274538,54.3400125838527,0,0,0,81.449997,56.150002,,,,3,1,1,1,,,,38642,119426.8
1325735100,53.25,54.5,53.200001,54.400002,54.065113418196304,54.34546616713882,0,0,0,81.449997,56.150002,,,,3,1,1,1,,,,4639,116678.2
1325821500,54.049999,54.5,53,54.25,54.102090734557045,54.33678742467165,0,0,0,81.449997,56.150002,,,,3,1,1,1,,,,8155,103371.3
1326080700,54.5,54.5,53.650002,54.349998,54.15167218764564,54.337988386065135,0,0,0,81.449997,56.150002,,,,3,1,1,1,,,,6048,94258.4
1326167100,54.5,56.950001,53.75,56,54.52133775011651,54.4890803509683,0,0,0,81.449997,56.150002,,,,3,1,1,1,,,,177076,56235.7
1326253500,55.5,57,55.049999,56.75,54.967070200093204,54.694618500880274,0,0,0,81.449997,56.150002,,,,3,1,1,1,,,,17588,52838.8
1326339900,56.950001,57,56,56.650002,55.303656560074565,54.872380637163886,0,0,0,81.449997,56.150002,,,,3,1,1,1,,,,4655,45015.8
1326426300,56.950001,58.5,56.150002,57.549999,55.75292504805965,55.115800488330805,0,0,0,81.449997,56.150002,,,,3,1,1,1,,,,24700,45999.7
1326685500,58,58.5,54.75,56.150002,55.83234043844772,55.20981880757346,0,0,0,81.449997,56.150002,,,,3,1,1,1,,,,66808,47776.25
1326771900,50.150002,58.5,50,57.450001,56.155872550758176,55.413471734157696,0,0,0,81.449997,56.150002,,,,3,1,1,1,,,,230390,53639.1
1326858300,56.650002,58,55,56.900002,56.30469844060654,55.54861084923427,0,0,0,81.449997,56.150002,,,,3,1,1,1,,,,925,53011
1326944700,57,57.700001,55.200001,57.200001,56.48375895248523,55.69873722657661,0,0,0,81.449997,56.150002,,,,3,1,1,1,,,,7313,39362.9
1327031100,58.450001,58.5,56.5,58.5,56.88700716198819,55.95339747870601,0,0,0,81.449997,56.150002,,,,3,1,1,1,,,,29205,39029.7
1327290300,58.25,58.5,55.650002,57.549999,57.01960552959055,56.098543071550914,0,0,0,81.449997,56.150002,,,,3,1,1,1,,,,19218,38998.5
1327376700,57.349998,59.5,57.349998,57.950001,57.20568462367244,56.26685742868265,0,0,0,81.449997,56.150002,,,,3,1,1,1,,,,8318,37230.55
1327463100,58.200001,59.299999,57.5,57.5,57.26454769893795,56.37896129880241,0,0,0,81.449997,56.150002,,,,3,1,1,1,,,,511421,60612.8
1327635900,59,59,57.299999,58.349998,57.48163775915036,56.558146453456736,0,0,0,81.449997,56.150002,,,,3,1,1,1,,,,2882,58701.5
1327895100,57.799999,59.5,56.200001,58.049999,57.595310007320286,56.693769412233394,0,0,0,81.449997,56.150002,,,,3,1,1,1,,,,907563,103877.25
1327981500,59,59.5,56.549999,57.25,57.52624800585623,56.74433582930308,0,0,0,81.449997,56.150002,,,,3,1,1,1,,,,20789,104516.2
1328067900,56.549999,57.299999,56.549999,56.849998,57.39099800468499,56.75394148118462,0,0,0,81.449997,56.150002,,,,3,1,1,1,,,,6503,104641.9
1328154300,58,59.5,57.450001,58.099998,57.53279800374799,56.87631025562238,0,0,0,81.449997,56.150002,,,,3,1,1,1,,,,52259,105322.75
1328240700,57.549999,60,56.599998,59.450001,57.91623860299839,57.11028214147489,0,0,0,81.449997,56.150002,,,,3,1,1,1,,,,50486,107615.1
1328499900,60,65,58.099998,63.150002,58.96299128239871,57.65934758315899,0,0,0,81.449997,56.150002,,,,3,1,1,1,,,,99224,112168.55
1328586300,65,65.75,60.099998,60.849998,59.340392625918966,57.949406711962716,0,0,0,81.449997,56.150002,,,,3,1,1,1,,,,12743,112503.3
1328672700,60,65,59,63.950001,60.26231430073517,58.49491528360247,0,0,0,81.449997,56.150002,,,,3,1,1,1,,,,41052,105702.1
1328759100,63.5,64,62.5,63.450001,60.89985164058814,58.945377621456785,0,0,0,81.449997,56.150002,,,,3,1,1,1,,,,1069,104876.15
1328845500,65.699997,72.800003,63.349998,65.900002,61.89988171247051,59.57761620132435,0,0,0,81.449997,56.150002,,,,3,1,1,1,,,,148821,112084.45
1329104700,65,65.800003,63.549999,65,62.51990536997641,60.07056018302214,0,0,0,81.449997,56.150002,,,,3,1,1,1,,,,21648,111931.85
1329191100,60.049999,69.900002,57.099998,69.050003,63.825924895981125,60.886873166383765,0,0,0,81.449997,56.150002,,,,3,1,1,1,,,,67440,111963.45
1329277500,69,71.5,68.550003,70.099998,65.0807395167849,61.72442996943979,0,0,0,81.449997,56.150002,,,,3,1,1,1,,,,43382,102613.05
1329363900,70.449997,70.449997,66.400002,70.050003,66.07459221342792,62.48130024494527,0,0,0,81.449997,56.150002,,,,3,1,1,1,,,,30069,104070.25
1329450300,73,74.5,69.199997,70.349998,66.92967337074234,63.1966364044957,0,0,0,81.449997,56.150002,,,,3,1,1,1,,,,92147,108311.95
1329795900,71,72,69.099998,70.199997,67.58373809659386,63.83330554954154,0,0,0,81.449997,56.150002,,,,3,1,1,1,,,,16325,107667.95
1329882300,69,72,68,70.800003,68.22699107727509,64.4666416814014,0,0,0,81.449997,56.150002,,,,3,1,1,1,,,,39864,108700.25
1329968700,70,70.949997,69,70.25,68.63159286182007,64.99240152854672,0,0,0,81.449997,56.150002,,,,3,1,1,1,,,,26419,109605.3
1330055100,70,71.349998,69.5,70.050003,68.91527488945606,65.45218348049703,0,0,0,81.449997,56.150002,,,,3,1,1,1,,,,16682,84868.35
1330314300,69,72,66.400002,68.900002,68.91222031156485,65.76562152772458,0,0,0,74.5,45,,,,1,1,1,1,,,,22075,85828
1330400700,68.25,71,68.25,70.300003,69.18977684925188,66.17783802520417,0,0,0,74.5,45,,,,1,1,1,1,,,,4980,40698.85
1330487100,70,70.599998,69.599998,70,69.35182147940151,66.52530729564015,0,0,0,74.5,45,,,,1,1,1,1,,,,5973,39958.05
1330573500,69.849998,70.75,67.650002,70,69.4814571835212,66.84118845058195,0,0,0,74.5,45,,,,1,1,1,1,,,,5413,39903.55
1330659900,69.550003,70.800003,69.550003,70,69.58516574681695,67.12835313689268,0,0,0,74.5,45,,,,1,1,1,1,,,,8299,37705.55
1330919100,69,70.900002,67.75,70,69.66813259745356,67.3894119426297,0,0,0,74.5,45,,,,1,1,1,1,,,,6528,35507.65
1331005500,69,70,68.300003,69.900002,69.71450647796286,67.61764740239065,0,0,0,74.5,45,,,,1,1,1,1,,,,19840,31538.45
1331091900,71,71,63.549999,65.150002,68.80160558237029,67.39331600217331,0,0,0,74.5,45,,,,1,1,1,1,,,,11469,31474.75
1331264700,66.900002,67.949997,65.199997,67.75,68.59128446589622,67.42574182015755,0,0,0,74.5,45,,,,1,1,1,1,,,,5935,29718.9
1331523900,68.5,70,67.5,69.300003,68.73302817271698,67.59612920014324,0,0,0,74.5,45,,,,1,1,1,1,,,,8249,30077.9
1331610300,69.050003,70,68.599998,69.849998,68.9564221381736,67.80102636376658,0,0,0,74.5,45,,,,1,1,1,1,,,,6956,22984.65
1331696700,69.949997,70.050003,67.699997,70,69.16513771053887,68.00093305796962,0,0,0,74.5,45,,,,1,1,1,1,,,,52266,24515.55
1331783100,69,74.449997,68,73.849998,70.10210976843109,68.53266623451783,0,0,0,74.5,45,,,,1,1,1,1,,,,948357,68561.4
1331869500,73.099998,73.300003,71.099998,72.199997,70.52168721474487,68.86605994047076,0,0,0,74.5,45,,,,1,1,1,1,,,,13022,67043.4
1332128700,72,73,71.050003,72.449997,70.9073491717959,69.19187240042797,0,0,0,74.5,45,,,,1,1,1,1,,,,3495,65714.7
1332215100,72,73,68.5,71.949997,71.11587873743672,69.44261100038906,0,0,0,74.5,45,,,,1,1,1,1,,,,14478,61831.25
1332301500,71.949997,72.400002,70.150002,72,71.29270298994938,69.67510090944461,0,0,0,74.5,45,,,,1,1,1,1,,,,5043,61267.15
1332387900,71.25,72.800003,71.25,71.900002,71.4141627919595,69.87736464494965,0,0,0,74.5,45,,,,1,1,1,1,,,,13288,59938.35
1332474300,71.099998,73.25,71.050003,72.949997,71.72132963356759,70.15669485904513,0,0,0,74.5,45,,,,1,1,1,1,,,,25448,59889.8
1332733500,71.599998,74,71.599998,73.5,72.07706370685408,70.46063169004103,0,0,0,74.5,45,,,,1,1,1,1,,,,412834,79697.4
1332819900,73.449997,75.650002,71.300003,71.949997,72.05165036548325,70.59602853640094,0,0,0,74.5,45,,,,1,1,1,1,,,,14551,79321.2
1332906300,71.050003,72.900002,70.550003,72.5,72.14132029238661,70.76911685127358,0,0,0,74.5,45,,,,1,1,1,1,,,,7469,79445.65
1332992700,72,72.449997,69,70.599998,71.83305583390928,70.7537424102487,0,0,0,74.5,45,,,,1,1,1,1,,,,12004,79747.2
1333079100,69.550003,76.599998,69.550003,75.099998,72.48644426712742,71.14885655477156,0,0,0,74.5,45,,,,1,1,1,1,,,,21398,80546.45
1333338300,74.75,75.25,72.800003,74.650002,72.91915581370193,71.46714250433777,0,0,0,74.5,45,,,,1,1,1,1,,,,19439,81103.45
1333424700,74,75.949997,73.5,75.599998,73.45532425096155,71.84285664030706,0,0,0,74.5,45,,,,1,1,1,1,,,,18026,81678.35
1333511100,75,76,73.5,75.900002,73.94425980076925,72.21168803664278,0,0,0,74.5,45,,,,1,1,1,1,,,,12669,81319.8
1333943100,75.800003,75.800003,73,73.300003,73.8154084406154,72.31062576058434,0,0,0,74.5,45,,,,1,1,1,1,,,,4250,80958.85
1334029500,72.75,74,70.5,70.949997,73.24232615249232,72.18693223689486,0,0,0,76.599998,45,,,,1,1,1,1,,,,6280,80976.1
1334115900,70.5,71,68.400002,70,72.59386092199387,71.98812021535896,0,0,0,76.599998,45,,,,1,1,1,1,,,,7715,80949.4
1334202300,70,72.949997,69.099998,69.599998,71.99508833759509,71.77101819578087,0,0,0,76.599998,45,,,,1,1,1,1,,,,4016,80802.4
1334288700,69.599998,71,67.050003,67.75,71.14607067007607,71.40547108707352,0,0,0,76.599998,45,,,,1,1,1,1,,,,11107,78744.45
1334547900,68.5,69.5,67.25,67.949997,70.50685593606086,71.09133707915775,0,0,0,76.599998,45,,,,1,1,1,1,,,,872,31370.2
1334634300,69.75,69.75,66.800003,68.800003,70.16548534884869,70.8830339810525,0,0,0,76.599998,45,,,,1,1,1,1,,,,6257,31031.95
1334720700,68.5,70.5,68.5,70,70.13238827907895,70.80275816459319,0,0,0,76.599998,45,,,,1,1,1,1,,,,5679,31141.15
1334807100,71.300003,71.699997,70,71.050003,70.31591122326316,70.825234967812,0,0,0,76.599998,45,,,,1,1,1,1,,,,5158,30675.15
1334893500,70,74.25,69.050003,72.550003,70.76272957861053,70.98203206164727,0,0,0,76.599998,45,,,,1,1,1,1,,,,10027,30924.35
1335152700,72.199997,73,70.599998,71.199997,70.85018306288842,71.00184705604298,0,0,0,76.599998,45,,,,1,1,1,1,,,,2421,30381
1335239100,72,72.5,70.050003,70.75,70.83014645031074,70.97895186912997,0,0,0,76.599998,45,,,,1,1,1,1,,,,4809,29349.05
1335325500,70,70.150002,68.199997,68.449997,70.35411656024858,70.74904688102724,0,0,0,76.599998,45,,,,1,1,1,1,,,,2012,8807.95
1335411900,69,71.300003,69,69.800003,70.24329384819887,70.66277016457022,0,0,0,76.599998,45,,,,1,1,1,1,,,,1830,8171.9
1335498300,70,71.800003,67.550003,70.400002,70.2746354785591,70.63888214960929,0,0,0,76.599998,45,,,,1,1,1,1,,,,6065,8101.7
1335757500,69.599998,71,69.599998,70.150002,70.24970878284728,70.59443849964481,0,0,0,76.599998,45,,,,1,1,1,1,,,,7929,7897.95
1335930300,71,71,69.099998,69.199997,70.03976642627782,70.4676710905862,0,0,0,76.599998,45,,,,1,1,1,1,,,,926,6874.35
1336016700,70,70.5,69.5,70,70.03181314102225,70.42515553689654,0,0,0,76.599998,45,,,,1,1,1,1,,,,4163,6110.55
1336103100,69.5,70.949997,69.25,69.25,69.8754505128178,70.3183232153605,0,0,0,76.599998,45,,,,1,1,1,1,,,,13065,5862.5
1336362300,68.900002,68.900002,67,67.5,69.40036041025425,70.06211201396408,0,0,0,76.599998,45,,,,1,1,1,1,,,,2333,5345.7
1336448700,69,70,67,67.5,69.0202883282034,69.82919273996735,0,0,0,76.599998,45,,,,1,1,1,1,,,,1120,5189.2
1336535100,68,68,58.5,60.150002,67.24623106256273,68.94926630906123,1,0,0,76.599998,45,,,,2,1,1,1,1,,,69236,8337
1336621500,60.700001,64.400002,59.5,62.799999,66.35698465005018,68.39024200823748,0,0,0,76.599998,45,,,,2,1,1,1,,,,6321,8267.3
1336707900,62.5,64,61.549999,63.349998,65.75558732004015,67.93203800748861,0,0,0,76.599998,45,,,,2,1,1,1,,,,486,8090.8
1336967100,63,65.099998,63,63.650002,65.33447025603212,67.54276200680783,0,0,0,76.599998,45,,,,2,1,1,1,,,,2569,7663.9
1337053500,62.049999,63.5,59.049999,60.299999,64.3275760048257,66.88432900618893,0,0,0,76.599998,45,,,,2,1,1,1,,,,14157,8328.15
1337139900,59,59.049999,56,57.25,62.91206080386056,66.00848091471721,0,1,0,76.599998,45,,,,3,1,1,1,,1,,10094,8520
1337226300,59.75,60,57.099998,59,62.12964864308845,65.37134628610656,0,0,0,76.599998,45,,,,3,1,1,1,,,,5531,8512.6
1337312700,58,61.299999,58,61.049999,61.91371871447076,64.97849653282414,0,0,0,76.599998,45,,,,3,1,1,1,,,,2762,8392.8
1337571900,60,61,58.75,59.549999,61.440974771576606,64.48499675711285,0,0,0,76.599998,45,,,,3,1,1,1,,,,2381,8010.5
1337658300,59,60,58.75,58.75,60.90277981726128,63.96363341555714,0,0,0,76.599998,45,,,,3,1,1,1,,,,1177,7948.3
1337744700,58,61.700001,57,58,60.32222385380903,63.42148492323376,0,0,0,76.599998,45,,,,3,1,1,1,,,,1725,7794.1
1337831100,58.200001,60.450001,57.5,58.950001,60.04777928304722,63.01498638475797,0,0,0,76.599998,45,,,,3,1,1,1,,,,184838,16935.4
1337917500,59.150002,60,57.5,58.75,59.788223426437774,62.627260349779974,0,0,0,76.599998,45,,,,3,1,1,1,,,,3397,17013.75
1338176700,58.25,59.900002,58.200001,58.849998,59.60057834115022,62.283872863436336,0,0,0,76.599998,45,,,,3,1,1,1,,,,1663,16793.65
1338263100,59,60,57.599998,58.700001,59.420462872920176,61.95806633039667,0,0,0,76.599998,45,,,,3,1,1,1,,,,5297,16662.05
1338349500,58.549999,59.299999,57.650002,58.150002,59.16637069833614,61.61187866399697,0,0,0,76.599998,45,,,,3,1,1,1,,,,1313,16681.4
1338435900,59.299999,59.5,58.150002,58.150002,58.96309695866891,61.29716260363361,0,0,0,76.599998,45,,,,3,1,1,1,,,,1483,16547.4
1338522300,57.049999,60.5,57.049999,58.650002,58.90047796693513,61.056511639666915,0,0,0,76.599998,45,,,,3,1,1,1,,,,3688,16078.55
1338781500,57.099998,61.299999,57.099998,59.549999,59.030382173548105,60.91955594515174,0,0,0,76.599998,45,,,,3,1,1,1,,,,1525,16038.15
1338867900,59.5,59.849998,58.049999,58.799999,58.984305538838484,60.72686895013795,0,0,0,76.599998,45,,,,3,1,1,1,,,,2033,16083.8
1338954300,58.5,59.950001,58.150002,59,58.987444431070784,60.569880863761774,0,0,0,76.599998,45,,,,3,1,1,1,,,,156,12629.8
1339040700,62,62,57.700001,60.299999,59.24995534485663,60.54534614887434,0,0,0,76.599998,45,,,,3,1,1,1,,,,5598,12593.65
1339127100,59.549999,61.349998,59.150002,59.5,59.2999642758853,60.450314680794854,0,0,0,76.599998,45,,,,3,1,1,1,,,,650,12601.85
1339386300,57.5,61.299999,56.549999,58.75,59.18997142070824,60.29574061890441,0,0,0,76.599998,45,,,,3,1,1,1,,,,1837,12565.25
1339472700,59,59,58,58.049999,58.96197693656659,60.0915822899131,0,0,0,76.599998,45,,,,3,1,1,1,,,,827,11898.75
1339559100,59,59.5,58.099998,58.349998,58.83958114925328,59.93325644537554,0,0,0,76.599998,45,,,,3,1,1,1,,,,1182,11453.15
1339645500,58.099998,60.299999,58,58.400002,58.75166531940262,59.793869677614126,0,0,0,76.599998,45,,,,3,1,1,1,,,,7476,11550.4
1339731900,58.5,58.5,55.650002,57.450001,58.4913324555221,59.58079070692193,0,0,0,76.599998,45,,,,3,1,1,1,,,,7014,11763
1339991100,61.700001,61.700001,55.700001,55.799999,57.95306576441768,59.23708236992903,0,0,0,76.599998,45,,,,3,1,1,1,,,,7789,12033.4
1340077500,56.25,57,56.25,56.349998,57.632452211534144,58.97462015448093,0,0,0,76.599998,45,,,,3,1,1,1,,,,3009,12125
1340163900,57,57.900002,57,57.549999,57.615961569227316,58.84510914043721,0,0,0,76.599998,45,,,,3,1,1,1,,,,1441,12110.8
1340250300,57.599998,58.5,57.099998,58.25,57.74276925538185,58.79100830948837,0,0,0,76.599998,45,,,,3,1,1,1,,,,3389,3038.35
1340336700,59,60,58,59.799999,58.15421520430548,58.88273473589852,0,0,0,76.599998,45,,,,3,1,1,1,,,,1654,2951.2
1340595900,61,61,57.150002,59.049999,58.333371963444385,58.89794057808956,0,0,0,76.599998,45,,,,3,1,1,1,,,,6608,3198.45
1340682300,58.75,60.5,56.099998,57.549999,58.176697370755505,58.775400434626874,0,0,0,76.599998,45,,,,3,1,1,1,,,,6639,3265.55
1340768700,60,60,58,58.049999,58.15135769660441,58.709454849660794,0,0,0,76.599998,45,,,,3,1,1,1,,,,1087,3254.25
1340855100,59.450001,59.450001,57.5,57.5,58.02108615728353,58.59950440878254,0,0,0,76.599998,45,,,,3,1,1,1,,,,2060,3283.1
1340941500,60,60,58.5,59,58.21686892582682,58.63591309889322,0,0,0,76.599998,45,,,,3,1,1,1,,,,1082,3152.8
1341200700,60,61.299999,58.549999,61.25,58.82349514066146,58.8735573626302,0,0,0,76.599998,45,,,,3,1,1,1,,,,1953,3174.2
1341287100,59.599998,63.549999,59.599998,63.200001,59.69879631252917,59.26687042057291,0,0,0,76.599998,45,,,,3,1,1,1,,,,10732,3609.15
1341373500,62,62.900002,61.099998,61.200001,59.999037250023335,59.44260956415719,0,0,0,76.599998,45,,,,3,1,1,1,,,,3691,3785.9
1341459900,63,64.199997,62.150002,64.199997,60.839229200018664,59.87509933105199,0,0,0,76.599998,45,,,,3,1,1,1,,,,2817,3646.85
1341546300,63,63.900002,61.700001,62.799999,61.23138316001493,60.14099930095636,0,0,0,76.599998,45,,,,3,1,1,1,,,,1307,3679.7
1341805500,61,63,61,62.099998,61.405106128011944,60.319090091778506,0,0,0,76.599998,45,,,,3,1,1,1,,,,2401,3707.9
1341891900,62,63.75,62,62.5,61.62408490240956,60.51735462888955,0,0,0,76.599998,45,,,,3,1,1,1,,,,4928,3912.95
1341978300,61,63.200001,60.650002,63.200001,61.93926812192765,60.76123157171777,0,0,0,76.599998,45,,,,3,1,1,1,,,,101572,8932.45
1342064700,62.099998,67.800003,62,66.5,62.851414497542116,61.282937792470705,0,0,0,76.599998,45,,,,3,1,1,1,,,,27348,9926.05
1342151100,67,70.25,66.300003,67.949997,63.87113099803369,61.88903408406428,0,0,0,76.599998,45,,,,3,1,1,1,,,,71029,13126.8
1342410300,67,69,65.550003,66.199997,64.33690419842695,62.2809398036948,0,0,0,76.599998,45,,,,3,1,1,1,,,,10694,13272.05
1342496700,68.699997,69.699997,65.400002,65.400002,64.54952375874156,62.56449091244982,0,0,0,76.599998,45,,,,3,1,1,1,,,,30490,14646.1
1342583100,66,68.550003,65.099998,68.050003,65.24961960699325,63.06317382949984,0,0,0,76.599998,45,,,,3,1,1,1,,,,7072,14927.65
1342669500,68.650002,69.699997,67,68.550003,65.9096962855946,63.56197648136349,0,0,0,76.599998,45,,,,3,1,1,1,,,,27652,16140.8
1342755900,68,68.900002,67,68.5,66.42775702847568,64.01088771033044,0,0,0,76.599998,45,,,,3,1,1,1,,,,6183,16367.25
1343015100,68,70.900002,67,68.5,66.84220562278054,64.41898882757313,0,0,0,76.599998,45,,,,3,1,1,1,,,,17927,16933.2
1343101500,67.400002,68.800003,67.400002,68,67.07376449822443,64.74453529779376,0,0,0,76.599998,45,,,,3,1,1,1,,,,6282,16915.35
1343187900,67.550003,67.650002,64.5,67,67.05901159857954,64.94957754344887,0,0,0,76.599998,45,,,,3,1,1,1,,,,12902,17506.1
1343274300,66.550003,68.300003,66,67.400002,67.12720967886364,65.17234340313533,0,0,0,76.599998,45,,,,3,1,1,1,,,,9458,17876
1343360700,68.900002,72,68.650002,69.449997,67.5917671430909,65.5612210028503,0,0,0,76.599998,45,,,,3,1,1,1,,,,13368,18490.3
1343619900,68.5,68.800003,67.5,67.849998,67.64341331447272,65.76929163895483,0,0,0,76.599998,45,,,,3,1,1,1,,,,2726,18528.95
1343706300,68,68,67.050003,67.199997,67.55473005157818,65.8993557626862,0,0,0,76.599998,45,,,,3,1,1,1,,,,535,18019.1
1343792700,66,68.199997,65.5,67.099998,67.46378364126254,66.00850505698746,0,0,0,76.599998,45,,,,3,1,1,1,,,,2728,17970.95
1343879100,67.199997,67.199997,65.5,66.25,67.22102691301004,66.03045914271587,0,0,0,76.599998,45,,,,3,1,1,1,,,,3334,17996.8
1343965500,66.5,67,66,66.5,67.07682153040803,66.07314467519625,0,0,0,76.599998,45,,,,3,1,1,1,,,,1319,17997.4
1344224700,67.599998,67.599998,66,66.099998,66.88145682432642,66.07558588654204,0,0,0,76.599998,45,,,,3,1,1,1,,,,1416,17948.15
1344311100,66.050003,70,66,68.300003,67.16516605946114,66.27780562412913,0,0,0,76.599998,45,,,,3,1,1,1,,,,6226,18013.05
1344397500,68,69,67,67.599998,67.25213244756891,66.39800493102648,0,0,0,76.599998,45,,,,3,1,1,1,,,,554,12962.15
1344483900,67,67.099998,63.450001,65.400002,66.88170635805513,66.30727739184225,0,0,0,76.599998,45,,,,3,1,1,1,,,,8442,12016.85
1344570300,66,67,65,65,66.5053650864441,66.18843399258387,0,0,0,76.599998,45,,,,3,1,1,1,,,,756,8503.2
1344829500,65.800003,66.949997,65.400002,66.25,66.45429206915529,66.19403090234897,0,0,0,76.599998,45,,,,3,1,1,1,,,,2245,8080.75
1344915900,68.199997,68.25,65.5,66.650002,66.49343405532423,66.23548282031724,0,0,0,76.599998,45,,,,3,1,1,1,,,,46430,8877.75
1345088700,66.5,67.5,66,67,66.59474724425938,66.30498438210658,0,0,0,76.599998,45,,,,3,1,1,1,,,,3990,8723.65
1345175100,66.5,67.199997,65.150002,66.550003,66.58579839540751,66.32725880191508,0,0,0,76.599998,45,,,,3,1,1,1,,,,1046,7393.35
1345520700,67.949997,67.949997,66.800003,67.25,66.71863871632601,66.41114436537734,0,0,0,76.599998,45,,,,3,1,1,1,,,,1596,7164
1345607100,66.550003,67.5,66.050003,66.099998,66.59491057306082,66.38285833216122,0,0,0,76.599998,45,,,,3,1,1,1,,,,1085,6321.9
1345693500,65.699997,67.449997,65.699997,67.199997,66.71592785844865,66.45714366560111,0,0,0,76.599998,45,,,,3,1,1,1,,,,917,6053.65
1345779900,69.449997,69.75,65.25,66,66.57274228675892,66.41558515054646,0,0,0,76.599998,45,,,,3,1,1,1,,,,2400,5528.55
1346039100,66.300003,68.199997,65.800003,66.449997,66.54819322940713,66.41871350049678,0,0,0,76.599998,45,,,,3,1,1,1,,,,2006,5155.95
1346125500,66,66,61.700001,63.549999,65.9485543835257,66.15792127317889,0,0,0,76.599998,45,,,,3,1,1,1,,,,5485,4761.8
1346211900,64.449997,64.900002,62,62.900002,65.33884390682056,65.86174679379899,0,0,0,76.599998,45,,,,3,1,1,1,,,,2254,4738.2
1346298300,62.5,66.25,62.5,64.199997,65.11107452545644,65.71067863072635,0,0,0,76.599998,45,,,,3,1,1,1,,,,1525,4787.7
1346384700,63.900002,65.400002,61.599998,62.549999,64.59885942036516,65.42334411884214,0,0,0,76.599998,45,,,,3,1,1,1,,,,4927,4897.65
1346643900,62,64.75,62,64.699997,64.61908693629212,65.35758528985649,0,0,0,76.599998,45,,,,3,1,1,1,,,,1010,4781.45
1346730300,63,65.25,62,65.25,64.7452695490337,65.34780480896045,0,0,0,76.599998,45,,,,3,1,1,1,,,,3500,4890.5
1346816700,65.199997,65.25,63,63.799999,64.55621543922696,65.20709518996404,0,0,0,76.599998,45,,,,3,1,1,1,,,,2709,4955.15
1346903100,64,64.5,63.5,64,64.44497235138157,65.09735926360366,0,0,0,76.599998,45,,,,3,1,1,1,,,,4660,4876.85
1346989500,64.050003,64.949997,63,63.099998,64.17597748110525,64.91578096691242,0,0,0,76.599998,45,,,,3,1,1,1,,,,3216,5009.95
1347248700,64.099998,64.099998,62.549999,62.900002,63.9207823848842,64.73252833355674,0,0,0,76.599998,45,,,,3,1,1,1,,,,2631,4719.4
1347335100,62.799999,64,62.799999,62.849998,63.70662550790736,64.56138921232431,0,0,0,76.599998,45,,,,3,1,1,1,,,,554,4709.3
1347421500,64,64.699997,61.049999,64,63.76530040632589,64.51035382938574,0,0,0,76.599998,45,,,,3,1,1,1,,,,8895,5041.8
1347507900,64,64,60.799999,61.650002,63.34224072506071,64.25032184489612,0,0,0,76.599998,45,,,,3,1,1,1,,,,12574,3349
1347594300,62,71.199997,62,62.299999,63.13379238004857,64.07301976808738,0,0,0,76.599998,45,,,,3,1,1,1,,,,172204,11759.7
1347853500,58.950001,65.5,58.950001,61.849998,62.877033504038856,63.87092688007943,0,0,0,76.599998,45,,,,3,1,1,1,,,,16457,12530.25
1347939900,61.349998,62.650002,60.150002,61.799999,62.661626603231085,63.682660709163116,0,0,0,76.599998,45,,,,3,1,1,1,,,,8835,12892.2
1348112700,61,62.5,60.5,62.150002,62.55930168258487,63.5433280992392,0,0,0,76.599998,45,,,,3,1,1,1,,,,3494,13012.65
1348199100,62.5,67,62.5,66.949997,63.43744074606789,63.85302527203563,0,0,0,76.599998,45,,,,3,1,1,1,,,,13820,13657.8
1348458300,65,65,61.950001,61.950001,63.13995279685432,63.680023065486935,0,0,0,76.599998,45,,,,3,1,1,1,,,,28609,14968.25
1348544700,62.5,64.900002,61.700001,63.900002,63.29196263748345,63.700021150442666,0,0,0,76.599998,45,,,,3,1,1,1,,,,9157,15325.8
1348631100,63,63.900002,62.25,63.150002,63.263570509986764,63.65001940949333,0,0,0,76.599998,45,,,,3,1,1,1,,,,5780,15340.55
1348717500,62.849998,63.049999,61.5,62,63.01085640798941,63.50001764499394,0,0,0,76.599998,45,,,,3,1,1,1,,,,11781,15816.9
1348803900,62.349998,63.900002,62,63.900002,63.188685526391524,63.5363798590854,0,0,0,76.599998,45,,,,3,1,1,1,,,,20479,16764.6
1349063100,63,64.900002,62.5,63.799999,63.31094822111322,63.56034523553218,0,0,0,76.599998,45,,,,3,1,1,1,,,,157963,24416.4
1349235900,65.199997,65.300003,62.700001,63.099998,63.26875817689058,63.518495486847435,0,0,0,76.599998,45,,,,3,1,1,1,,,,44639,26597.85
1349322300,64.849998,67.900002,63.25,66.5,63.91500654151246,63.78954135167949,0,0,0,76.599998,45,,,,3,1,1,1,,,,142348,33540.25
1349408700,67.800003,67.800003,64.150002,64.550003,64.04200583320997,63.858674228799536,0,0,0,76.599998,45,,,,3,1,1,1,,,,18119,34310.75
1349667900,65,65.25,64,65,64.23360466656797,63.96243111709049,0,0,0,76.599998,45,,,,3,1,1,1,,,,40119,36083.7
1349754300,65,65,64.599998,64.599998,64.30688333325438,64.02039174280954,0,0,0,76.599998,45,,,,3,1,1,1,,,,22947,37070.25
1349840700,64.949997,65.300003,64,64.099998,64.2655062666035,64.02762867528139,0,0,0,76.599998,45,,,,3,1,1,1,,,,12752,37576.3
1349927100,63.5,65,63.5,64.800003,64.3724056132828,64.09784452298308,0,0,0,76.599998,45,,,,3,1,1,1,,,,16094,38353.3
1350013500,65,68.75,64.099998,64.5,64.39792449062624,64.1344041118028,0,0,0,76.599998,45,,,,3,1,1,1,,,,112564,43536.75
1350272700,65.949997,65.949997,63.150002,64.199997,64.35833899250099,64.1403671016389,0,0,0,76.599998,45,,,,3,1,1,1,,,,12507,43533.4
1350359100,66.599998,66.599998,63.5,64.449997,64.37667059400079,64.16851527421719,0,0,0,76.599998,45,,,,3,1,1,1,,,,22289,36037.65
1350445500,64,65.25,64,64.650002,64.43133687520063,64.2122867947429,0,0,0,76.599998,45,,,,3,1,1,1,,,,7195,35574.55
1350531900,65.400002,66.75,63.599998,64.150002,64.3750699001605,64.20662454067536,0,0,0,76.599998,45,,,,3,1,1,1,,,,26479,36456.75
1350618300,65.949997,69.5,65.099998,65.599998,64.6200555201284,64.33329485515942,0,0,0,76.599998,45,,,,3,1,1,1,,,,154629,44013.5
1350877500,65.5,66,64.099998,64.800003,64.65604501610272,64.37572286832675,0,0,0,76.599998,45,,,,3,1,1,1,,,,67688,46706.9
1350963900,65,65.25,64.349998,64.900002,64.70483641288217,64.42338460756977,0,0,0,76.599998,45,,,,3,1,1,1,,,,43929,47472.9
1351136700,65,65.150002,61.049999,65,64.76386913030574,64.4758041886998,0,0,0,76.599998,45,,,,3,1,1,1,,,,49949,49512.5
1351223100,64,65,62.700001,62.799999,64.37109510424459,64.32345826245437,0,0,0,76.599998,45,,,,3,1,1,1,,,,10582,49752.6
1351482300,62.650002,63.950001,61.650002,63.25,64.14687608339567,64.2258711476858,0,0,0,76.599998,45,,,,3,1,1,1,,,,41498,51238.45
1351568700,63.549999,63.650002,62.650002,63,63.91750086671654,64.11442831607799,0,0,0,76.599998,45,,,,3,1,1,1,,,,38621,52145.55
1351655100,62.650002,63,62,62.450001,63.62400089337323,63.96311674188908,0,0,0,76.599998,45,,,,3,1,1,1,,,,3849,44439.85
1351741500,62.650002,63.349998,62,63,63.49920071469858,63.87556067444462,0,0,0,76.599998,45,,,,3,1,1,1,,,,9723,42694.05
1351827900,62.75,65,62.5,64.849998,63.76936017175886,63.96414588585875,0,0,0,76.599998,45,,,,3,1,1,1,,,,62300,38691.65
1352087100,65.25,65.800003,62.549999,63,63.61548813740709,63.87649625987159,0,0,0,76.599998,45,,,,3,1,1,1,,,,74975,41534.45
1352173500,63.150002,65.699997,63,64.949997,63.88238990992567,63.974087236246895,0,0,0,76.599998,45,,,,3,1,1,1,,,,228978,50977.4
1352259900,65.75,66.050003,64.800003,65.5,64.20591192794053,64.11280657840626,0,0,0,76.599998,45,,,,3,1,1,1,,,,27730,51216.55
1352346300,66.25,68.900002,65.5,67.300003,64.82473014235242,64.40255170764206,0,0,0,76.599998,45,,,,3,1,1,1,,,,67736,53965.75
1352432700,68,70.5,66.5,67,65.25978411388193,64.63868337058369,0,0,0,76.599998,45,,,,3,1,1,1,,,,58154,56068.75
1352691900,68.199997,68.449997,67.199997,67.349998,65.67782689110555,64.88516651871245,0,0,0,76.599998,45,,,,3,1,1,1,,,,16524,51266.75
1352778300,68.449997,68.449997,66.300003,67.800003,66.10226211288445,65.15015165337496,0,0,0,76.599998,45,,,,3,1,1,1,,,,9178,51100.3
1352951100,68.199997,76.599998,66.300003,75,67.88180969030756,66.04559241215905,0,0,0,76.599998,45,,,,3,1,1,1,,,,298673,64919.5
1353037500,75.900002,79.349998,69.099998,70.099998,68.32544735224604,66.41417473832641,0,0,0,76.599998,45,,,,3,1,1,1,,,,274520,78285.75
1353296700,71.800003,73.599998,67.650002,73,69.26035788179684,67.01288612575128,0,0,0,76.599998,45,,,,3,1,1,1,,,,54908,79707.2
1353383100,72.75,73.400002,71,72.449997,69.89828570543747,67.50716893250116,0,0,0,76.599998,45,,,,3,1,1,1,,,,17745,72863
1353469500,73.400002,74.5,71.150002,73.949997,70.70862796434997,68.09288057500105,0,0,0,76.599998,45,,,,3,1,1,1,,,,24007,70678.95
1353555900,73.900002,74,71.050003,72,70.96690237147997,68.44807325000095,0,0,0,76.599998,45,,,,3,1,1,1,,,,11262,69045.6
1353642300,71,72.050003,69.349998,71.849998,71.14352149718398,68.7573391363645,0,0,0,79.349998,55.650002,45,,,1,1,1,1,,,,8227,66959.5
1353901500,70.650002,72.5,69.099998,70.849998,71.08481679774718,68.94758085124045,0,0,0,79.349998,55.650002,45,,,1,1,1,1,,,,23941,67627.45
1353987900,70.650002,72.400002,69.099998,71.599998,71.18785303819774,69.18870968294586,0,0,0,79.349998,55.650002,45,,,1,1,1,1,,,,15114,66308.25
1354160700,73,73,71,73,71.5502824305582,69.53519062085986,0,0,0,79.349998,55.650002,45,,,1,1,1,1,,,,19553,65354.85
1354247100,72.949997,72.949997,71.099998,72,71.64022594444656,69.7592642007817,0,0,0,79.349998,55.650002,45,,,1,1,1,1,,,,11157,65720.25
1354506300,73.099998,74.900002,71.099998,73.050003,71.92218135555724,70.05842227343791,0,0,0,79.349998,55.650002,45,,,1,1,1,1,,,,44369,67452.55
1354592700,74,74.900002,72.199997,73.150002,72.16774548444579,70.33947497585265,0,0,0,79.349998,55.650002,45,,,1,1,1,1,,,,30843,65879.7
1354679100,73.800003,73.900002,72.099998,73.050003,72.34419698755663,70.5858866144115,0,0,0,79.349998,55.650002,45,,,1,1,1,1,,,,11167,62689.3
1354765500,72.699997,74.300003,72.099998,73.800003,72.63535819004531,70.87807901310137,0,0,0,79.349998,55.650002,45,,,1,1,1,1,,,,42275,53354.15
1354851900,74.449997,76.400002,72.25,73.25,72.75828655203625,71.09370819372852,0,0,0,79.349998,55.650002,45,,,1,1,1,1,,,,37239,53829.6
1355111100,73.900002,75.449997,72.599998,74.5,73.10662924162901,71.40337108520774,0,0,0,79.349998,55.650002,45,,,1,1,1,1,,,,27290,51807.3
1355197500,75.199997,76,71.75,72.949997,73.07530279330321,71.54397344109795,0,0,0,79.349998,55.650002,45,,,1,1,1,1,,,,12901,49544.65
1355283900,72.5,73.949997,72.300003,73.050003,73.07024283464257,71.68088521917996,0,0,0,79.349998,55.650002,45,,,1,1,1,1,,,,6181,49027.5
1355370300,73.699997,76,72.599998,72.800003,73.01619486771406,71.7826231992545,0,0,0,79.349998,55.650002,45,,,1,1,1,1,,,,12744,49205.8
1355456700,72.599998,73.199997,72.349998,73,73.01295589417126,71.89329381750409,0,0,0,79.349998,55.650002,45,,,1,1,1,1,,,,6110,34577.65
1355715900,73.650002,74.800003,72.5,74,73.21036471533701,72.08481256136736,0,0,0,79.349998,55.650002,45,,,1,1,1,1,,,,33278,22515.55
1355802300,74.400002,76.900002,73.699997,76,73.7682917722696,72.44073869215214,0,0,0,79.349998,55.650002,45,,,1,1,1,1,,,,39247,21732.5
1355888700,76.599998,78,73.650002,75.5,74.11463341781568,72.71885335650194,0,0,0,79.349998,55.650002,45,,,1,1,1,1,,,,29631,22326.8
1355975100,76,76.900002,75.099998,76.800003,74.65170733425255,73.0898669604563,0,0,0,79.349998,55.650002,45,,,1,1,1,1,,,,47297,23491.3
1356061500,77,84.400002,76.900002,82.349998,76.19136546740204,73.93169705496028,0,0,0,79.349998,55.650002,45,,,1,1,1,1,,,,280152,36935.8
1356320700,84.400002,84.800003,79.199997,81,77.15309237392162,74.57427004996389,0,0,0,79.349998,55.650002,45,,,1,1,1,1,,,,113235,42186.2
1356493500,81.199997,82.400002,79.050003,80.25,77.7724738991373,75.09024549996717,0,0,0,79.349998,55.650002,45,,,1,1,1,1,,,,77601,44869.2
1356579900,80.949997,81.75,79.75,80,78.21797911930983,75.53658681815197,0,0,0,79.349998,55.650002,45,,,1,1,1,1,,,,25690,45398
1356666300,79.199997,81.400002,77.199997,79.900002,78.55438369544787,75.9332609255927,0,0,0,79.349998,55.650002,45,,,1,1,1,1,,,,32042,46022.45
1356925500,79.599998,81,79.150002,80,78.8435069563583,76.30296447781156,0,0,0,79.349998,55.650002,45,,,1,1,1,1,,,,18241,46376.65
1357011900,81.949997,84.5,80,84.300003,79.93480616508664,77.02996797982868,0,0,0,84.800003,55.650002,45,,,1,1,1,1,,,,53518,46834.1
1357098300,86,86,83.699997,84.599998,80.86784453206931,77.71815252711698,0,0,0,84.800003,55.650002,45,,,1,1,1,1,,,,42049,47394.4
1357184700,84.099998,88.900002,83.949997,87.599998,82.21427522565546,78.61650211556089,0,0,0,84.800003,55.650002,45,,,1,1,1,1,,,,105383,52105.2
1357271100,88,95.449997,87.199997,93.349998,84.44141978052437,79.95591083232809,0,0,0,84.800003,55.650002,45,,,1,1,1,1,,,,310704,65526.65
1357530300,93.699997,94.050003,91,92.599998,86.07313542441949,81.10537330211645,0,0,0,84.800003,55.650002,45,,,1,1,1,1,,,,64670,66898.2
1357616700,92.099998,93.550003,88,90.849998,87.02850793953559,81.99124827465131,0,0,0,84.800003,55.650002,45,,,1,1,1,1,,,,51511,68109.25
1357703100,93.449997,98.5,91,95.75,88.77280635162847,83.24204388604664,0,0,0,84.800003,55.650002,45,,,1,1,1,1,,,,532661,94097.25
1357789500,96.650002,110.5,96.5,102.05,91.42824508130278,84.95185807822422,0,0,0,84.800003,55.650002,45,,,1,1,1,1,,,,966058,142091.1
1357875900,103.5,105.7,96.400002,97.099998,92.56259566504222,86.05623443474929,0,0,0,84.800003,55.650002,45,,,1,1,1,1,,,,208504,151879.1
1358135100,98.349998,102.35,97.199997,99.699997,93.99007593203378,87.29657648613572,0,0,0,84.800003,55.650002,45,,,1,1,1,1,,,,232117,163179.45
1358221500,100.65,100.9,96.5,100,95.19206074562702,88.4514331692143,0,0,0,84.800003,55.650002,45,,,1,1,1,1,,,,68052,164918.15
1358307900,100,103.5,97.300003,97.900002,95.73364899650161,89.310393972013,0,0,0,84.800003,55.650002,45,,,1,1,1,1,,,,98690,167890.3
1358394300,98.75,100.4,93.5,95.849998,95.7569187972013,89.90490342910273,0,0,0,110.5,55.650002,45,26.26,23.95,1,1,1,1,,,,120228,172420.15
1358480700,104.85,104.85,98.349998,99.150002,96.43553543776103,90.74536693554793,0,0,0,110.5,55.650002,45,26.26,23.95,1,1,1,1,,,,425416,191326.1
1358739900,99.199997,101.25,96.050003,97.949997,96.73842775020883,91.40033330504357,0,0,0,110.5,55.650002,45,26.26,23.95,1,1,1,1,,,,156811,185159.05
1358826300,98.900002,99.599998,93.150002,94.650002,96.32074260016707,91.6957577318578,0,0,0,110.5,55.650002,45,26.26,23.95,1,1,1,1,,,,97458,184370.2
1358912700,95,96.400002,94,94.900002,96.03659448013366,91.98705266532527,0,0,0,110.5,55.650002,45,26.26,23.95,1,1,1,1,,,,143479,187664.1
1358999100,95.5,97.5,92.199997,95.300003,95.88927618410693,92.28822996847751,0,0,0,110.5,55.650002,45,26.26,23.95,1,1,1,1,,,,54748,189117
1359085500,96,97,93.25,95.25,95.76142094728554,92.55748178952501,0,0,0,110.5,55.650002,45,26.26,23.95,1,1,1,1,,,,23802,188705
1359344700,96.25,98.25,94.199997,95.199997,95.64913615782844,92.79771044502274,0,0,0,110.5,55.650002,45,26.26,23.95,1,1,1,1,,,,12896,188437.75
1359431100,94,95.800003,92.25,93.099998,95.13930852626275,92.82519113183886,0,0,0,110.5,55.650002,45,26.26,23.95,1,1,1,1,,,,14166,186470.15
1359517500,93.75,94.25,92.150002,93.099998,94.7314464210102,92.85017357439897,0,0,0,110.5,55.650002,45,26.26,23.95,1,1,1,1,,,,24143,185574.85
1359603900,93.949997,93.949997,89.150002,92,94.18515713680816,92.77288506763543,0,0,0,110.5,55.650002,45,26.26,23.95,1,1,1,1,,,,29357,181773.55
1359690300,92,97.699997,90,95.849998,94.51812530944653,93.0526226069413,0,0,0,110.5,55.650002,45,26.26,23.95,1,1,1,1,,,,26785,167577.6
1359949500,96,101,86.099998,88.650002,93.34450064755723,92.65238436994663,1,0,0,110.5,55.650002,45,26.26,23.95,2,1,1,1,1,,,293954,179041.8
1360035900,89,92,86.050003,90.800003,92.83560111804579,92.48398606358785,0,0,0,110.5,55.650002,45,26.26,23.95,2,1,1,1,,,,33889,178160.7
1360122300,92.099998,93.5,90.550003,91.400002,92.54848129443663,92.38544205780714,0,0,0,110.5,55.650002,45,26.26,23.95,2,1,1,1,,,,22284,152641.85
1360208700,91.099998,92.699997,89.550003,90,92.0387850355493,92.16858368891558,0,0,0,110.5,55.650002,45,26.26,23.95,2,1,1,1,,,,20751,105376.5
1360295100,90.949997,90.949997,88.199997,88.25,91.28102802843944,91.81234880810507,0,0,0,110.5,55.650002,45,26.26,23.95,2,1,1,1,,,,17928,95847.7
1360554300,88.050003,90.25,86.5,86.849998,90.39482202275155,91.36122600736824,0,0,0,110.5,55.650002,45,26.26,23.95,2,1,1,1,,,,9641,84723.9
1360640700,87.699997,87.699997,85.099998,86.849998,89.68585721820125,90.95111437033476,0,0,0,110.5,55.650002,45,26.26,23.95,2,1,1,1,,,,22788,82460.7
1360727100,87.5,87.5,84.800003,85,88.748685774561,90.41010397303161,0,0,0,110.5,55.650002,45,26.26,23.95,2,1,1,1,,,,29640,79008.2
1360813500,86,86.5,84.5,85,87.9989486196488,89.91827633911964,0,0,0,110.5,55.650002,45,26.26,23.95,2,1,1,1,,,,11119,73552.75
1360899900,85.050003,86.949997,83.800003,84,87.19915889571904,89.3802512173815,0,0,0,110.5,55.650002,45,26.26,23.95,2,1,1,1,,,,12366,52900.25
1361159100,85.199997,85.199997,83.199997,83.300003,86.41932771657522,88.82750137943772,0,0,0,110.5,55.650002,45,26.26,23.95,2,1,1,1,,,,7337,45426.55
1361245500,84,87,83.599998,84.150002,85.96546257326018,88.4022741631252,0,0,0,110.5,55.650002,45,26.26,23.95,2,1,1,1,,,,43418,42724.55
1361331900,85.849998,86.349998,84.300003,85.400002,85.85237045860815,88.12934033011382,0,0,0,110.5,55.650002,45,26.26,23.95,2,1,1,1,,,,8389,35970.05
1361418300,86.400002,86.5,83.599998,84.650002,85.61189676688652,87.81303684555802,0,0,0,110.5,55.650002,45,26.26,23.95,2,1,1,1,,,,25918,34528.55
1361504700,84.650002,86.949997,83.5,83.75,85.23951741350922,87.4436698595982,0,0,0,110.5,55.650002,45,26.26,23.95,2,1,1,1,,,,12909,33983.9
1361763900,85.550003,86,79.900002,81.5,84.49161393080738,86.90333623599837,0,0,0,110.5,55.650002,45,26.26,23.95,2,1,1,1,,,,34184,35048.3
1361850300,83.5,83.650002,78.25,81.099998,83.8132907446459,86.3757600327258,0,0,0,110.5,55.650002,45,26.26,23.95,2,1,1,1,,,,24209,35550.45
1361936700,81.050003,85,81,84.5,83.95063259571671,86.20523639338708,0,0,0,110.5,55.650002,45,26.26,23.95,2,1,1,1,,,,588304,63758.5
1362023100,85,85.5,81.5,81.900002,83.54050647657337,85.81385144853371,0,0,0,110.5,55.650002,45,26.26,23.95,2,1,1,1,,,,12143,62897.8
1362109500,82,87.25,80.25,85.900002,84.01240558125869,85.82168331684883,0,0,0,110.5,55.650002,45,26.26,23.95,2,1,1,1,,,,82753,65696.2
1362368700,86,86,82.599998,84.5,84.10992446500696,85.7015302880444,0,0,0,110.5,55.650002,45,26.26,23.95,2,1,1,1,,,,15549,51775.95
1362455100,83.300003,86,81.5,84.199997,84.12793897200557,85.56502726185855,0,0,0,110.5,55.650002,45,26.26,23.95,2,1,1,1,,,,7269,50444.95
1362541500,84.5,87,84.5,85.699997,84.44235057760446,85.57729723805322,0,0,0,110.5,55.650002,45,26.26,23.95,2,1,1,1,,,,9116,49786.55
1362627900,85.599998,85.599998,83.099998,83.75,84.30388046208357,85.4111793073211,0,0,0,110.5,55.650002,45,26.26,23.95,2,1,1,1,,,,14195,49458.75
1362714300,84,85,83.300003,84.25,84.29310436966685,85.30561755211009,0,0,0,110.5,55.650002,45,26.26,23.95,2,1,1,1,,,,8840,49004.35
1362973500,85.550003,87.949997,84.099998,87.650002,84.96448389573348,85.51874341100917,0,0,0,110.5,55.650002,45,26.26,23.95,2,1,1,1,,,,21036,49574.1
1363059900,86.5,88,84.300003,85.099998,84.99158671658678,85.48067564637198,0,0,0,110.5,55.650002,45,26.26,23.95,2,1,1,1,,,,7585,48813.95
1363146300,86.25,86.25,83.449997,83.449997,84.68326877326942,85.29606849670179,0,0,0,110.5,55.650002,45,26.26,23.95,2,1,1,1,,,,33711,49017.5
1363232700,85.900002,85.900002,83.300003,84,84.54661501861554,85.17824408791073,0,0,0,110.5,55.650002,45,26.26,23.95,2,1,1,1,,,,1098,48516.45
1363319100,85.349998,85.349998,81.050003,81.5,83.93729201489244,84.84385826173703,0,0,0,110.5,55.650002,45,26.26,23.95,2,1,1,1,,,,5711,48183.7
1363578300,83.949997,85.900002,81,81.599998,83.46983321191395,84.54896187430639,0,0,0,110.5,55.650002,45,26.26,23.95,2,1,1,1,,,,10864,48360.05
1363664700,82,84.349998,82,84.050003,83.58586716953116,84.50360197664217,0,0,0,110.5,55.650002,45,26.26,23.95,2,1,1,1,,,,26310,47504.65
1363751100,82.449997,86.5,82.050003,84.5,83.76869373562492,84.50327452422016,0,0,0,110.5,55.650002,45,26.26,23.95,2,1,1,1,,,,19483,48059.35
1363837500,85,85,82,82.349998,83.48495458849993,84.30752211292742,0,0,0,110.5,55.650002,45,26.26,23.95,2,1,1,1,,,,13437,47435.3
1363923900,82.949997,84.599998,79,81.349998,83.05796327079995,84.03865628447947,0,0,0,110.5,55.650002,45,26.26,23.95,2,1,1,1,,,,19995,47789.6
1364183100,83.949997,85.699997,80.949997,84.25,83.29637061663996,84.0578693495268,0,0,0,110.5,55.650002,45,26.26,23.95,2,1,1,1,,,,105804,51370.6
1364269500,83.949997,84,81,81,82.83709649331198,83.77988122684255,0,0,0,110.5,55.650002,45,26.26,23.95,2,1,1,1,,,,7520,50536.15
1364442300,83.5,83.5,81.400002,82.75,82.81967719464959,83.68625566076595,0,0,0,110.5,55.650002,45,26.26,23.95,2,1,1,1,,,,1881,21215
1364787900,83.949997,83.949997,81.75,83,82.85574175571966,83.6238687825145,0,0,0,110.5,55.650002,45,26.26,23.95,2,1,1,1,,,,8951,21055.4
1364874300,83.949997,86.25,82.75,85.400002,83.36459380457573,83.78533543864955,0,0,0,110.5,55.650002,45,26.26,23.95,2,1,1,1,,,,15374,17686.45
1364960700,86.75,86.75,82.300003,82.349998,83.16167464366059,83.65485021695415,0,0,0,110.5,55.650002,45,26.26,23.95,2,1,1,1,,,,11073,17462.65
1365047100,83.900002,83.900002,79.599998,80,82.52933971492847,83.32259110632195,0,0,0,110.5,55.650002,45,26.26,23.95,2,1,1,1,,,,23931,18295.75
1365133500,81.849998,81.849998,79,80,82.02347177194278,83.02053736938359,0,0,0,110.5,55.650002,45,26.26,23.95,2,1,1,1,,,,12019,18440.9
1365392700,80.900002,80.949997,78,78,81.21877741755422,82.56412488125781,0,0,0,110.5,55.650002,45,26.26,23.95,2,1,1,1,,,,8737,18168
1365479100,80,83.349998,78.300003,78.5,80.67502193404337,82.19465898296164,0,0,0,110.5,55.650002,45,26.26,23.95,2,1,1,1,,,,36024,19527.2
1365565500,78.050003,81.949997,78.050003,79,80.3400175472347,81.90423543905604,0,0,0,110.5,55.650002,45,26.26,23.95,2,1,1,1,,,,57725,21361.65
1365651900,79.949997,83,79.800003,82.800003,80.83201463778775,81.9856688536873,0,0,0,110.5,55.650002,45,26.26,23.95,2,1,1,1,,,,30549,22509.85
1365738300,82.900002,82.900002,79.449997,80.5,80.7656117102302,81.85060804880663,0,0,0,110.5,55.650002,45,26.26,23.95,2,1,1,1,,,,1832,20915.9
1365997500,83.449997,83.449997,77.400002,82.050003,81.02248996818416,81.86873486255149,0,0,0,110.5,55.650002,45,26.26,23.95,2,1,1,1,,,,30209,22371.45
1366083900,82.5,84.900002,81,84.900002,81.79799237454733,82.14430460231954,0,0,0,110.5,55.650002,45,26.26,23.95,2,1,1,1,,,,502575,47214.65
1366170300,83.5,85.949997,82.349998,85.900002,82.61839429963787,82.4857316384723,0,0,0,110.5,55.650002,45,26.26,23.95,2,1,1,1,,,,34596,48401.25
1366256700,85.949997,87.5,85.599998,86.099998,83.3147150397103,82.8143013077021,0,0,0,110.5,55.650002,45,26.26,23.95,2,1,1,1,,,,11896,47680.55
1366602300,88.75,88.75,85,85.900002,83.83177243176823,83.09481955245646,0,0,0,110.5,55.650002,45,26.26,23.95,2,1,1,1,,,,13239,47368.35
1366688700,84.650002,91.099998,83.800003,90.800003,85.22541854541458,83.79529077496042,0,0,0,110.5,55.650002,45,26.26,23.95,2,1,1,1,,,,80395,50716.25
1366861500,90.949997,91,86.650002,91,86.38033483633167,84.4502643408731,0,0,0,110.5,55.650002,45,26.26,23.95,2,1,1,1,,,,51245,52278.75
1366947900,91.5,91.5,89.050003,90,87.10426786906534,84.9547857644301,0,0,0,110.5,55.650002,45,26.26,23.95,2,1,1,1,,,,18691,47923.1
1367207100,91,91,89.099998,90.699997,87.82341369525227,85.47707769493645,0,0,0,110.5,55.650002,45,26.26,23.95,2,1,1,1,,,,18456,48469.9
1367293500,90.900002,91.849998,89.400002,89.5,88.15873095620182,85.84279790448768,0,0,0,110.5,55.650002,45,26.26,23.95,2,1,1,1,,,,10977,48924.7
1367466300,91.449997,91.5,89.150002,91.5,88.82698476496145,86.35708900407971,0,0,0,110.5,55.650002,45,26.26,23.95,2,1,1,1,,,,48245,50889.4
1367552700,90.900002,91,88.150002,88.150002,88.69158821196916,86.52008109461792,0,0,0,110.5,55.650002,45,26.26,23.95,2,1,1,1,,,,53995,52820.45
1367811900,90,90.5,88.050003,89.900002,88.93327096957533,86.82734663147083,0,0,0,110.5,55.650002,45,26.26,23.95,2,1,1,1,,,,6547,52594.15
1367898300,91.449997,91.449997,88.300003,88.599998,88.86661637566027,86.98849675588258,0,0,0,110.5,55.650002,45,26.26,23.95,2,1,1,1,,,,16204,52207.8
1367984700,90,90.900002,87.150002,88.5,88.79329310052822,87.12590614171144,0,0,0,110.5,55.650002,45,26.26,23.95,2,1,1,1,,,,64052,54809.45
1368071100,93,97,91.550003,95.5,90.13463448042258,87.88718740155585,0,0,0,110.5,55.650002,45,26.26,23.95,2,1,1,1,,,,525916,80668.4
1368157500,97.949997,98.900002,95,97.699997,91.64770698433806,88.77926100141441,0,0,1,110.5,55.650002,45,26.26,23.95,1,1,1,1,,,1,110492,84391.8
1368416700,98.449997,98.449997,93.699997,94.5,92.21816558747045,89.29932818310401,0,0,0,110.5,55.650002,45,26.26,23.95,1,1,1,1,,,,26879,82849.5
1368503100,95.699997,96.400002,93.400002,94.400002,92.65453286997636,89.76302580282183,0,0,0,110.5,55.650002,45,26.26,23.95,1,1,1,1,,,,28099,82727
1368589500,94.75,98,94.25,97,93.52362629598109,90.42093254801985,0,0,0,110.5,55.650002,45,26.26,23.95,1,1,1,1,,,,30754,84173.1
1368675900,96.650002,97.5,95.150002,97.150002,94.24890143678488,91.0326661345635,0,0,0,110.5,55.650002,45,26.26,23.95,1,1,1,1,,,,31507,84238
1368762300,97,97.849998,94.099998,95,94.3991211494279,91.39333284960318,0,0,0,110.5,55.650002,45,26.26,23.95,1,1,1,1,,,,21189,60168.7
1369021500,96,96,92.699997,94.800003,94.47929751954231,91.7030301360029,0,0,0,110.5,55.650002,45,26.26,23.95,1,1,1,1,,,,7636,58820.7
1369107900,95.699997,102.9,94,100.45,95.67343801563385,92.49820921454808,0,0,0,110.5,55.650002,45,26.26,23.95,1,1,1,1,,,,95465,62999.15
1369194300,100.5,101,97.400002,100,96.53875041250708,93.1801901950437,0,0,0,110.5,55.650002,45,26.26,23.95,1,1,1,1,,,,34711,64072.75
1369280700,99,100.9,94.099998,98.099998,96.85099993000567,93.62744545003973,0,0,0,110.5,55.650002,45,26.26,23.95,1,1,1,1,,,,31948,61650.4
1369367100,99,99,93,93,96.08079994400454,93.57040495458158,0,0,0,110.5,55.650002,45,26.26,23.95,1,1,1,1,,,,38723,61024.3
1369626300,94,95.400002,91.5,93.5,95.56463995520363,93.56400450416507,0,0,0,110.5,55.650002,45,26.26,23.95,1,1,1,1,,,,13132,60746.35
1369712700,95,96.949997,93.25,94.25,95.3017119641629,93.62636773105915,0,0,0,110.5,55.650002,45,26.26,23.95,1,1,1,1,,,,5296,60088.35
1369799100,96,97.75,94.050003,97,95.64136957133033,93.93306157369014,0,0,0,110.5,55.650002,45,26.26,23.95,1,1,1,1,,,,8955,59987.25
1369885500,96.5,101.05,94.25,97,95.91309565706426,94.21187415790013,0,0,0,110.5,55.650002,45,26.26,23.95,1,1,1,1,,,,850238,100086.9
1369971900,98,98.900002,92.650002,93.050003,95.3404771256514,94.10624950718193,0,0,0,110.5,55.650002,45,26.26,23.95,1,1,1,1,,,,7845,97779.4
1370231100,94.800003,96.800003,92.949997,93.550003,94.98238230052112,94.05568164289267,0,0,0,110.5,55.650002,45,26.26,23.95,1,1,1,1,,,,6644,97784.25
1370317500,97,98.300003,95.099998,96.5,95.2859058404169,94.27789240262969,0,0,0,110.5,55.650002,45,26.26,23.95,1,1,1,1,,,,15481,97748.1
1370403900,97.400002,97.400002,94.900002,94.900002,95.20872507233352,94.33444782057245,0,0,0,110.5,55.650002,45,26.26,23.95,1,1,1,1,,,,3100,94700.5
1370490300,95,96.849998,93.349998,94.449997,95.05697945786682,94.3449522914295,0,0,0,110.5,55.650002,45,26.26,23.95,1,1,1,1,,,,6569,68733.15
1370576700,93.650002,95.349998,92.5,92.5,94.54558356629346,94.177229355845,0,0,0,110.5,55.650002,45,26.26,23.95,1,1,1,1,,,,9818,63699.45
1370835900,94.900002,94.900002,87.349998,88.699997,93.37646625303476,93.67929914167728,1,0,0,110.5,55.650002,45,26.26,23.95,2,1,1,1,1,,,5198372,322274.1
1370922300,88.800003,88.849998,84.099998,86.5,92.0011730024278,93.02663558334298,0,0,0,110.5,55.650002,45,26.26,23.95,2,1,1,1,,,,13936,321565.95
1371008700,88.449997,88.449997,85,85.949997,90.79093780194225,92.38330480303907,0,0,0,110.5,55.650002,45,26.26,23.95,2,1,1,1,,,,4549,320255.7
1371095100,85.25,85.25,82.550003,82.75,89.1827502415538,91.5075498209446,0,0,0,110.5,55.650002,45,26.26,23.95,2,1,1,1,,,,19341,319647.4
1371181500,84.25,86,84,85,88.34620019324305,90.91595438267692,0,0,0,110.5,55.650002,45,26.26,23.95,2,1,1,1,,,,4229,318799.4
1371440700,85.800003,87.900002,84.699997,86.650002,88.00696055459444,90.52814052970629,0,0,0,110.5,55.650002,45,26.26,23.95,2,1,1,1,,,,10835,318959.35
1371527100,88.5,88.5,86.699997,88,88.00556844367556,90.29830957246027,0,0,0,110.5,55.650002,45,26.26,23.95,2,1,1,1,,,,2360,314304.1
1371613500,87.5,89.400002,84.699997,86.099998,87.62445435494044,89.91664488405479,0,0,0,110.5,55.650002,45,26.26,23.95,2,1,1,1,,,,11775,313157.3
1371699900,85.25,86.5,83.150002,83.25,86.74956348395236,89.31058625823162,0,0,0,110.5,55.650002,45,26.26,23.95,2,1,1,1,,,,4072,311763.5
1371786300,83.25,86,83.25,86,86.59965078716189,89.00962387111966,0,0,0,110.5,55.650002,45,26.26,23.95,2,1,1,1,,,,15241,310589.4
1372045500,86,88.900002,84.099998,84.099998,86.09972022972951,88.56329424647241,0,0,0,110.5,55.650002,45,26.26,23.95,2,1,1,1,,,,9069,310386.25
1372131900,86.949997,87,84,85.199997,85.9197755837836,88.25753995133856,0,0,0,110.5,55.650002,45,26.26,23.95,2,1,1,1,,,,4069,310324.9
1372218300,86.949997,86.949997,84,85,85.73582046702688,87.96139995576233,0,0,0,110.5,55.650002,45,26.26,23.95,2,1,1,1,,,,2398,309997.05
1372304700,89,91.900002,88.150002,90,86.5886563736215,88.14672723251121,0,0,0,110.5,55.650002,45,26.26,23.95,2,1,1,1,,,,86332,271801.75
1372391100,91.449997,91.5,88,89.599998,87.1909246988972,88.27884275682837,0,0,0,110.5,55.650002,45,26.26,23.95,2,1,1,1,,,,13274,272073.2
1372650300,94.949997,94.949997,88.150002,92,88.15273975911776,88.61712977893488,0,0,0,110.5,55.650002,45,26.26,23.95,2,1,1,1,,,,4398,271960.9
1372736700,93.099998,96.5,92,94.949997,89.51219120729421,89.1928449808499,0,0,0,110.5,55.650002,45,26.26,23.95,2,1,1,1,,,,925609,317467.3
1372823100,95.900002,95.900002,91.5,92.5,90.10975296583537,89.49349543713627,0,0,0,110.5,55.650002,45,26.26,23.95,2,1,1,1,,,,864005,360512.55
1372909500,91.599998,93.25,89.199997,91,90.2878023726683,89.63045039739661,0,0,0,110.5,55.650002,45,26.26,23.95,2,1,1,1,,,,17765,361072.35
1372995900,92.900002,92.900002,90.099998,90.099998,90.25024149813464,89.67313654308784,0,0,0,110.5,55.650002,45,26.26,23.95,2,1,1,1,,,,2443,360703.6
1373255100,90.150002,92.550003,89.5,90.050003,90.21019379850772,89.70739713007985,0,0,0,110.5,55.650002,45,26.26,23.95,2,1,1,1,,,,2719,100920.95
1373341500,88.050003,93.099998,88.050003,90,90.16815503880618,89.73399739098168,0,0,0,110.5,55.650002,45,26.26,23.95,2,1,1,1,,,,4263,100437.3
1373427900,92.400002,92.400002,89.800003,90,90.13452403104495,89.75817944634699,0,0,0,110.5,55.650002,45,26.26,23.95,2,1,1,1,,,,2056,100312.65
1373514300,89.699997,94.75,89.050003,91,90.30761922483596,89.8710722239518,0,0,0,110.5,55.650002,45,26.26,23.95,2,1,1,1,,,,17153,100203.25
1373600700,93.849998,93.849998,89.050003,90.5,90.34609537986877,89.92824747631981,0,0,0,110.5,55.650002,45,26.26,23.95,2,1,1,1,,,,12017,100592.65
1373859900,92.949997,92.949997,89.949997,90,90.27687630389502,89.93477043301802,0,0,0,110.5,55.650002,45,26.26,23.95,2,1,1,1,,,,9937,100547.75
1373946300,91.849998,91.849998,89.550003,90,90.22150104311602,89.94070039365275,0,0,0,110.5,55.650002,45,26.26,23.95,2,1,1,1,,,,8182,100838.85
1374032700,93.349998,93.349998,89,91,90.37720083449281,90.03700035786613,0,0,0,110.5,55.650002,45,26.26,23.95,2,1,1,1,,,,19361,101218.15
1374119100,90.25,94.650002,89,91,90.50176066759425,90.1245457798783,0,0,0,110.5,55.650002,45,26.26,23.95,2,1,1,1,,,,161093,109069.2
1374205500,94.349998,94.650002,87.199997,87.650002,89.9314089340754,89.89958725443482,0,0,0,110.5,55.650002,45,26.26,23.95,2,1,1,1,,,,62020,111408.15
1374464700,89,89,84,85.949997,89.13512654726033,89.54053359494074,0,0,0,110.5,55.650002,45,26.26,23.95,2,1,1,1,,,,28622,112385.8
1374551100,84.550003,86.449997,82.800003,83,87.90810123780827,88.9459396317643,0,0,0,110.5,55.650002,45,26.26,23.95,2,1,1,1,,,,15085,112936.6
1374637500,83.699997,85,81.150002,82.050003,86.73648159024661,88.31903630160392,0,0,0,110.5,55.650002,45,26.26,23.95,2,1,1,1,,,,11741,113403.75
1374723900,81.5,84,80.099998,81,85.58918527219728,87.65366936509447,0,0,0,110.5,55.650002,45,26.26,23.95,2,1,1,1,,,,22237,110199
1374810300,81.900002,84,76.550003,76.800003,83.83134881775783,86.66697242281316,0,1,0,110.5,55.650002,45,26.26,23.95,3,1,1,1,,1,,13616,110216.1
1375069500,77.5,77.849998,76,76.900002,82.44507945420627,85.77906602073924,0,0,0,110.5,55.650002,45,26.26,23.95,3,1,1,1,,,,6827,110337.55
1375155900,76.75,77.300003,75.050003,76,81.15606356336501,84.89006001885384,0,0,0,110.5,55.650002,45,26.26,23.95,3,1,1,1,,,,4523,64283.25
1375242300,75,80.949997,73.800003,78.050003,80.534851450692,84.2682366535035,0,0,0,110.5,55.650002,45,26.26,23.95,3,1,1,1,,,,110792,26622.6
1375328700,83.349998,83.349998,77.199997,79.5,80.3278811605536,83.83476059409408,0,0,0,110.5,55.650002,45,26.26,23.95,3,1,1,1,,,,7948,26131.75
1375415100,84,84,79.050003,80,80.26230492844289,83.48614599463097,0,0,0,110.5,55.650002,45,26.26,23.95,3,1,1,1,,,,11396,26579.4
1375674300,80.449997,80.449997,80,80.150002,80.23984434275431,83.18286017693725,0,0,0,110.5,55.650002,45,26.26,23.95,3,1,1,1,,,,13239,27105.4
1375760700,83,83,79,80,80.19187547420344,82.89350925176115,0,0,0,110.5,55.650002,45,26.26,23.95,3,1,1,1,,,,29035,28344
1375847100,80.900002,80.900002,79.150002,80.800003,80.31350097936276,82.70319050160104,0,0,0,110.5,55.650002,45,26.26,23.95,3,1,1,1,,,,7882,28635.3
1375933500,80.900002,80.900002,79.099998,80.5,80.3508007834902,82.50290045600094,0,0,0,110.5,55.650002,45,26.26,23.95,3,1,1,1,,,,1183,27836.8
1376279100,80,82.650002,79.199997,82.400002,80.76064102679216,82.49354605090996,0,0,0,110.5,55.650002,45,26.26,23.95,3,1,1,1,,,,2673,27369.6
1376365500,83.800003,83.800003,78.150002,79.800003,80.56851342143372,82.24867850082724,0,0,0,110.5,55.650002,45,26.26,23.95,3,1,1,1,,,,3405,27043
1376451900,81.900002,81.900002,79,79,80.25481073714698,81.95334409166112,0,0,0,110.5,55.650002,45,26.26,23.95,3,1,1,1,,,,2706,26769.2
1376624700,80.900002,80.900002,76.449997,77.099998,79.62384818971759,81.51213081060102,0,0,0,110.5,55.650002,45,26.26,23.95,3,1,1,1,,,,5032,26052.75
1376883900,79.900002,79.900002,76,76,78.89907855177407,81.01102800963729,0,0,0,110.5,55.650002,45,26.26,23.95,3,1,1,1,,,,2267,18111.45
1376970300,76,79.550003,72,74.300003,77.97926344141925,80.40093482694299,0,0,0,110.5,55.650002,45,26.26,23.95,3,1,1,1,,,,12891,15655
1377056700,78.849998,79.5,73,73.800003,77.1434113531354,79.80085011540271,0,0,0,110.5,55.650002,45,26.26,23.95,3,1,1,1,,,,6778,14562.8
1377143100,73.050003,75.050003,72,72.25,76.16472908250833,79.11440919582064,0,0,0,110.5,55.650002,45,26.26,23.95,3,1,1,1,,,,3617,13989.4
1377229500,74.449997,76,73.5,74,75.73178326600666,78.64946290529149,0,0,0,110.5,55.650002,45,26.26,23.95,3,1,1,1,,,,4768,13640.75
1377488700,74.800003,76,74.650002,76,75.78542661280532,78.40860264117408,0,0,0,110.5,55.650002,45,26.26,23.95,3,1,1,1,,,,713,12564.55
1377575100,75.849998,75.849998,72.099998,73,75.22834129024426,77.91691149197644,0,0,0,110.5,55.650002,45,26.26,23.95,3,1,1,1,,,,3822,12074.85
1377661500,73,74,71.099998,71.5,74.48267303219541,77.33355590179676,0,0,0,110.5,55.650002,45,26.26,23.95,3,1,1,1,,,,1292,11798.1
1377747900,71.5,73.5,70.800003,71.199997,73.82613782575632,76.77595963799705,0,0,0,110.5,55.650002,45,26.26,23.95,3,1,1,1,,,,601548,41649.35
1377834300,73.449997,73.5,70,70,73.06091026060506,76.15996330727005,0,0,0,110.5,55.650002,45,26.26,23.95,3,1,1,1,,,,3746,36297.05
1378093500,70.150002,73.099998,69.75,69.75,72.39872820848404,75.5772393702455,0,0,0,110.5,55.650002,45,26.26,23.95,3,1,1,1,,,,3564,36077.85
1378179900,71.949997,71.949997,68.5,68.5,71.61898256678724,74.93385397295044,0,0,0,110.5,55.650002,45,26.26,23.95,3,1,1,1,,,,3036,35659.85
1378266300,69.050003,69.949997,67.900002,68.5,70.99518605342979,74.34895815722767,0,0,0,110.5,55.650002,45,26.26,23.95,3,1,1,1,,,,2438,35119.8
1378352700,71.800003,71.800003,69,70,70.79614884274383,73.95359832475243,0,0,0,110.5,55.650002,45,26.26,23.95,3,1,1,1,,,,1596,33747.85
1378439100,72.5,74.599998,69.800003,73,71.23691907419507,73.86690756795676,0,0,0,110.5,55.650002,45,26.26,23.95,3,1,1,1,,,,10739,33890.7
1378784700,75,75.5,73.349998,74.050003,71.79953585935606,73.88355260723341,0,0,0,110.5,55.650002,45,26.26,23.95,3,1,1,1,,,,1432,33903.15
1378871100,74.5,74.5,72.5,73,72.03962868748485,73.80322964293947,0,0,0,110.5,55.650002,45,26.26,23.95,3,1,1,1,,,,2638,33901.4
1378957500,73,73,71.050003,72.300003,72.09170354998788,73.66657267539952,0,0,0,110.5,55.650002,45,26.26,23.95,3,1,1,1,,,,7892,34125.75
1379043900,72.599998,72.599998,70.699997,71.5,71.9733628399903,73.46961152309048,0,0,0,110.5,55.650002,45,26.26,23.95,3,1,1,1,,,,1271,34054
1379303100,74.300003,74.300003,69.550003,70.050003,71.58869087199224,73.15873802099135,0,0,0,110.5,55.650002,45,26.26,23.95,3,1,1,1,,,,3337,33969.25
1379389500,70.050003,70.050003,67.550003,67.599998,70.79095229759379,72.65339801908304,0,0,0,110.5,55.650002,45,26.26,23.95,3,1,1,1,,,,13196,34515.7
1379475900,69.75,69.75,67.599998,68,70.23276183807504,72.23036183553003,0,0,0,110.5,55.650002,45,26.26,23.95,3,1,1,1,,,,5976,34169.95
1379562300,68,71,68,69.5,70.08620947046003,71.98214712320912,0,0,0,110.5,55.650002,45,26.26,23.95,3,1,1,1,,,,2910,33976.55
1379648700,71,72,69,70.800003,70.22896817636803,71.87467947564465,0,0,0,110.5,55.650002,45,26.26,23.95,3,1,1,1,,,,3291,33960.25
1379907900,69.75,72.099998,67.5,68,69.78317454109443,71.52243588694968,0,0,0,110.5,55.650002,45,26.26,23.95,3,1,1,1,,,,6709,34057.3
1379994300,67.5,68.150002,63.25,64.75,68.77653963287554,70.90675989722698,0,0,0,110.5,55.650002,45,26.26,23.95,3,4,1,1,,,,16318,34837.55
1380080700,65.800003,65.900002,62.599998,63.049999,67.63123150630044,70.19250890656998,0,0,0,110.5,55.650002,45,26.26,23.95,3,4,1,1,,,,24689,35880.9
1380167100,63.549999,65,61.5,62.700001,66.64498540504034,69.51137182415454,0,0,0,110.5,55.650002,45,26.26,23.95,3,4,1,1,,,,38309,37731.75
1380253500,62.5,63.900002,62,63,65.91598832403227,68.91942893104958,0,0,0,110.5,55.650002,45,26.26,23.95,3,4,1,1,,,,10591,8183.9
1380512700,62.799999,65.199997,62.799999,64,65.53279065922581,68.47220811913598,0,0,0,110.5,55.650002,45,26.26,23.95,3,4,1,1,,,,2398,8116.5
1380599100,64.5,71.900002,63.400002,63.849998,65.19623212738065,68.05200719921453,0,0,0,110.5,55.650002,45,26.26,23.95,3,4,1,1,,,,57517,10814.15
1380771900,64.849998,64.949997,63,64.650002,65.08698610190453,67.74273399928593,0,0,0,110.5,55.650002,45,26.26,23.95,3,4,1,1,,,,8152,11069.95
1380858300,64.449997,64.900002,61.700001,63,64.66958888152362,67.31157636298721,0,0,0,110.5,55.650002,45,26.26,23.95,3,4,1,1,,,,32675,12581.8
1381117500,63,63.5,61.799999,62.900002,64.3156715052189,66.9105241481702,0,0,0,110.5,55.650002,45,26.26,23.95,3,4,1,1,,,,13279,13165.95
1381203900,62.950001,66.900002,62.599998,65.5,64.55253720417512,66.78229468015472,0,0,0,110.5,55.650002,45,26.26,23.95,3,4,1,1,,,,19983,13628.15
1381290300,65.5,67.400002,64.5,65.199997,64.6820291633401,66.63844943650429,0,0,0,110.5,55.650002,45,26.26,23.95,3,4,1,1,,,,2421,13677.6
1381376700,65,68.849998,65,66.650002,65.07562373067208,66.63949966954935,0,0,0,110.5,55.650002,45,26.26,23.95,3,4,1,1,,,,3723,13731.85
1381463100,70,70,67,68.5,65.76049898453766,66.80863606322669,0,0,0,110.5,55.650002,45,26.26,23.95,3,4,1,1,,,,7584,13716.45
1381722300,69.949997,70,67.449997,68,66.20839918763014,66.91694187566063,0,0,0,110.5,55.650002,45,26.26,23.95,3,4,1,1,,,,7756,14040.7
1381808700,68.650002,69.5,66.400002,66.800003,66.3267199501041,66.90631106878239,0,0,0,110.5,55.650002,45,26.26,23.95,3,4,1,1,,,,6224,14185.05
1381981500,69.5,69.800003,67.400002,68,66.66137596008329,67.00573733525671,0,0,0,110.5,55.650002,45,26.26,23.95,3,4,1,1,,,,2631,13656.8
1382067900,68,68,66,66.699997,66.66910016806663,66.97794275932428,0,0,0,110.5,55.650002,45,26.26,23.95,3,4,1,1,,,,4599,13587.95
1382327100,68.849998,68.849998,65.099998,67.5,66.83528013445331,67.02540250847662,0,0,0,110.5,55.650002,45,26.26,23.95,3,4,1,1,,,,4206,13652.75
1382413500,68.599998,70,67.650002,68.449997,67.15822350756265,67.1549110986151,0,0,0,110.5,55.650002,45,26.26,23.95,3,4,1,1,,,,36045,15290.45
1382499900,69,69.199997,64.050003,65.25,66.77657880605013,66.98173736237736,0,0,0,110.5,55.650002,45,26.26,23.95,3,4,1,1,,,,10312,15470.6
1382586300,69,69,67,67.900002,67.0012634448401,67.0652159657976,0,0,0,110.5,55.650002,45,26.26,23.95,3,4,1,1,,,,7011,15005.25
1382672700,68.75,68.75,66.5,66.5,66.90101075587208,67.01383269617965,0,0,0,110.5,55.650002,45,26.26,23.95,3,4,1,1,,,,10537,14297.65
1382931900,68.949997,68.949997,66.400002,66.5,66.82080860469766,66.96712063289058,0,0,0,110.5,55.650002,45,26.26,23.95,3,4,1,1,,,,11921,12978.25
1383018300,66.050003,67.550003,65,65.050003,66.46664748375812,66.79283721171872,0,0,0,110.5,55.650002,45,26.26,23.95,3,4,1,1,,,,12061,13051.75
1383104700,65.550003,67,65.550003,66.900002,66.5533183870065,66.80257946519883,0,0,0,110.5,55.650002,45,26.26,23.95,3,4,1,1,,,,4287,13146.2
1383191100,66.800003,76,66.800003,75,68.2426547096052,67.54779951381713,0,0,0,110.5,55.650002,45,26.26,23.95,3,4,1,1,,,,78704,14205.55
1383277500,80.199997,82,74.5,75,69.59412376768417,68.2252722852883,0,0,0,110.5,55.650002,45,26.26,23.95,3,4,1,1,,,,424105,35003.2
1383623100,75.199997,75.199997,69.75,70.400002,69.75529941414733,68.42297498662573,0,0,0,110.5,55.650002,45,26.26,23.95,3,4,1,1,,,,56087,36173.8
1383709500,70.050003,73,69,69.300003,69.66424013131787,68.50270480602339,0,0,0,110.5,55.650002,45,26.26,23.95,3,4,1,1,,,,55876,38303.65
1383795900,70.150002,79.300003,68.75,72.5,70.2313921050543,68.86609527820308,0,0,0,110.5,55.650002,45,26.26,23.95,3,4,1,1,,,,549097,64759.35
1383882300,73.75,73.800003,68.5,68.75,69.93511368404344,68.8555411620028,0,0,0,110.5,55.650002,45,26.26,23.95,3,4,1,1,,,,40714,66674
1384141500,71.5,71.5,67,67.5,69.44809094723476,68.73231014727527,0,0,0,110.5,55.650002,45,26.26,23.95,3,4,1,1,,,,18842,67429.95
1384227900,67.949997,69.449997,65.099998,65.300003,68.6184733577878,68.4202822247957,0,0,0,110.5,55.650002,45,26.26,23.95,3,4,1,1,,,,27937,68447.6
1384314300,66,67,65,65.550003,68.00477928623025,68.15934774981427,0,0,0,110.5,55.650002,45,26.26,23.95,3,4,1,1,,,,24234,69271.5
1384400700,66.400002,67.5,65.099998,66.150002,67.63382382898419,67.9766799543766,0,0,0,110.5,55.650002,45,26.26,23.95,3,4,1,1,,,,17257,69823.15
1384746300,65.050003,68.300003,65.050003,67,67.50705906318736,67.8878908676151,0,0,0,110.5,55.650002,45,26.26,23.95,3,4,1,1,,,,11019,70242.55
1384832700,66,72.5,66,72.400002,68.48564765054988,68.298082788741,0,0,0,110.5,55.650002,45,26.26,23.95,3,4,1,1,,,,107283,75376.75
1384919100,75.199997,75.849998,73.199997,74.550003,69.6985187204399,68.86643917158273,0,0,0,110.5,55.650002,45,26.26,23.95,3,4,1,1,,,,233662,86849.55
1385005500,73.75,73.75,69.150002,70.199997,69.79881437635193,68.98767170143884,0,0,0,110.5,55.650002,45,26.26,23.95,3,4,1,1,,,,46709,87382.75
1385091900,69,71,66.699997,68,69.43905150108154,68.8978833649444,0,0,0,110.5,55.650002,45,26.26,23.95,3,4,1,1,,,,33200,88527.15
1385351100,69.599998,71,66.699997,67.699997,69.09124060086523,68.78898460449491,0,0,0,110.5,55.650002,45,26.26,23.95,3,4,1,1,,,,31369,89745.05
1385437500,68.599998,69.400002,67.300003,68,68.87299248069219,68.71725873135901,0,0,0,110.5,55.650002,45,26.26,23.95,3,4,1,1,,,,15755,90005.95
1385523900,68.650002,68.650002,65.099998,66,68.29839398455375,68.47023521032638,0,0,0,110.5,55.650002,45,26.26,23.95,3,4,1,1,,,,34493,91134.55
1385610300,66.199997,67,65.5,65.800003,67.798715787643,68.22748682756944,0,0,0,110.5,55.650002,45,26.26,23.95,3,4,1,1,,,,24572,91760.1
1385696700,65.199997,66.849998,64.75,65.650002,67.3689730301144,67.99317002506312,0,0,0,110.5,55.650002,45,26.26,23.95,3,4,1,1,,,,25997,92845.6
1385955900,65.900002,66.349998,62.75,64.25,66.74517842409152,67.65288184096647,0,0,0,110.5,55.650002,45,26.26,23.95,3,4,1,1,,,,66487,92234.75
1386042300,64,65.900002,62.5,64.349998,66.26614233927322,67.35261967360589,0,0,0,110.5,55.650002,45,26.26,23.95,3,4,1,1,,,,76121,74835.55
1386128700,64,65,63.299999,64.699997,65.95291327141857,67.11147215782353,0,0,0,110.5,55.650002,45,26.26,23.95,3,4,1,1,,,,48668,74464.6
1386215100,64.599998,68.900002,64.400002,67.5,66.26233061713485,67.14679287074865,0,0,0,110.5,55.650002,45,26.26,23.95,3,4,1,1,,,,49803,74160.95
1386301500,66.5,69.599998,66.199997,66.5,66.30986449370788,67.08799351886242,0,0,0,110.5,55.650002,45,26.26,23.95,3,4,1,1,,,,105529,51982.55
1386560700,67.050003,68.849998,66.650002,67.900002,66.6278919949663,67.16181247169311,0,0,0,110.5,55.650002,45,26.26,23.95,3,4,1,1,,,,34662,51679.95
1386647100,67.550003,68.5,66.5,68,66.90231359597304,67.23801133790283,0,0,0,110.5,55.650002,45,26.26,23.95,3,4,1,1,,,,20975,51786.6
1386733500,69.699997,70.599998,64.800003,66.300003,66.78185147677843,67.15273785263894,0,0,0,110.5,55.650002,45,26.26,23.95,3,4,1,1,,,,142470,57513.25
1386819900,65.849998,65.849998,62,64.75,66.37548118142274,66.93430713876266,0,0,0,110.5,55.650002,45,26.26,23.95,3,4,1,1,,,,204162,66509.65
1386906300,63.299999,64.5,63.150002,63.650002,65.8303853451382,66.63573394432969,0,0,0,110.5,55.650002,45,26.26,23.95,3,4,1,1,,,,8434,66068.5
1387165500,65.75,65.75,64.5,65.449997,65.75430767611056,66.52793967666335,0,0,0,110.5,55.650002,45,26.26,23.95,3,4,1,1,,,,13540,66194.55
1387251900,64.550003,66.300003,64.5,65,65.60344614088845,66.38903606969396,0,0,0,110.5,55.650002,45,26.26,23.95,3,4,1,1,,,,24415,62051.15
1387338300,65.349998,65.849998,64.5,64.900002,65.46275731271076,66.25366933608542,0,0,0,110.5,55.650002,45,26.26,23.95,3,4,1,1,,,,9478,50841.95
1387424700,66,66,64.199997,65,65.37020585016862,66.13969939644129,0,0,0,110.5,55.650002,45,26.26,23.95,3,4,1,1,,,,14932,49253.1
1387511100,64.5,65.199997,64.199997,64.949997,65.2861640801349,66.03154463312845,0,0,0,110.5,55.650002,45,26.26,23.95,3,4,1,1,,,,9425,48064.35
1387770300,65,66.599998,65,65.300003,65.28893186410792,65.96504084829859,0,0,0,110.5,55.650002,45,26.26,23.95,3,4,1,1,,,,34120,48201.9
1387856700,65.150002,68.949997,65.150002,67.5,65.73114549128634,66.10458258936235,0,0,0,110.5,55.650002,45,26.26,23.95,3,4,1,1,,,,66065,50717.4
1388029500,68.949997,73.550003,67,73,67.18491639302907,66.73143871760213,0,0,0,110.5,55.650002,45,26.26,23.95,3,4,1,1,,,,141630,56074.25
1388115900,77.5,78.150002,70.099998,71.400002,68.02793351442325,67.15585356145648,0,0,0,110.5,55.650002,45,26.26,23.95,3,4,1,1,,,,326059,71148.6
1388375100,71.900002,72,69.199997,69.349998,68.2923464115386,67.3553212376877,0,0,0,110.5,55.650002,45,26.26,23.95,3,4,1,1,,,,41520,71924.75
1388461500,69.650002,70.199997,68.099998,68.5,68.33387712923088,67.45938294335245,0,0,0,110.5,55.650002,45,26.26,23.95,3,4,1,1,,,,14721,69336.45
1388547900,68.25,70.5,68.25,69.050003,68.47710230338471,67.60398476668405,0,0,0,110.5,55.650002,45,26.26,23.95,3,4,1,1,,,,12205,66140.65
1388634300,69.849998,70.849998,67.800003,68,68.38168184270776,67.63998615153095,0,0,0,110.5,55.650002,45,26.26,23.95,3,4,1,1,,,,27077,65061.1
1388720700,67.800003,67.949997,66,66.599998,68.02534507416621,67.54544177411904,0,0,0,110.5,55.650002,45,26.26,23.95,3,4,1,1,,,,19887,63565.3
1388979900,68.900002,68.900002,67.599998,68.400002,68.10027645933297,67.62312906738094,0,0,0,110.5,55.650002,45,26.26,23.95,3,4,1,1,,,,9780,58777.85
1389066300,67.150002,70,67.099998,67.099998,67.90022076746638,67.57557169761904,0,0,0,110.5,55.650002,45,26.26,23.95,3,4,1,1,,,,18448,57967.15
1389152700,67.199997,69.5,67,68,67.9201766139731,67.61415608874458,0,0,0,110.5,55.650002,45,26.26,23.95,3,4,1,1,,,,34327,58634.75
1389239100,67.300003,72.75,67.300003,69.650002,68.26614169117848,67.7992329897678,0,0,0,110.5,55.650002,45,26.26,23.95,3,4,1,1,,,,112836,57153.05
1389325500,70,72.599998,67.900002,70,68.61291335294278,67.99930271797074,0,0,0,110.5,55.650002,45,26.26,23.95,3,4,1,1,,,,60349,49962.4
1389584700,71,72.449997,69.550003,69.550003,68.80033128235422,68.14027547088249,0,0,0,110.5,55.650002,45,26.26,23.95,3,4,1,1,,,,23539,50717.65
1389671100,70.5,70.650002,69.050003,69.949997,69.03026442588337,68.30479560989316,0,0,0,110.5,55.650002,45,26.26,23.95,3,4,1,1,,,,8219,50451.6
1389757500,70.949997,74,70,70.099998,69.2442111407067,68.4679958271756,0,0,0,110.5,55.650002,45,26.26,23.95,3,4,1,1,,,,49171,51689.4
1389843900,70.5,70.5,68.199997,68.25,69.04536891256535,68.44817802470509,0,0,0,110.5,55.650002,45,26.26,23.95,3,4,1,1,,,,28629,52646.95
1389930300,68.400002,69.900002,68,68.349998,68.90629473005228,68.43925256791371,0,0,0,110.5,55.650002,45,26.26,23.95,3,4,1,1,,,,11473,52474
1390189500,69,70.849998,67,67.5,68.62503578404183,68.35386597083065,0,0,0,110.5,55.650002,45,26.26,23.95,3,4,1,1,,,,11163,52560.9
1390275900,67.699997,69.400002,65.800003,67.25,68.35002862723346,68.25351451893695,0,0,0,110.5,55.650002,45,26.26,23.95,3,4,1,1,,,,28745,52292.15
1390362300,67.150002,71.900002,65,67.900002,68.26002330178676,68.22137701721542,0,0,0,110.5,55.650002,45,26.26,23.95,3,4,1,1,,,,17301,49853.95
1390448700,69.349998,69.349998,65.400002,67.949997,68.1980180414294,68.19670610655947,0,0,0,110.5,55.650002,45,26.26,23.95,3,4,1,1,,,,16400,43592.45
1390535100,67.449997,68.599998,66.699997,67.25,68.00841443314353,68.11064191505407,0,0,0,110.5,55.650002,45,26.26,23.95,3,4,1,1,,,,33764,28977.7
1390794300,66.5,66.5,64.900002,66,67.60673154651482,67.91876537732189,0,0,0,110.5,55.650002,45,26.26,23.95,3,4,1,1,,,,19089,27856.15
1390880700,66.949997,67.099998,64.5,66.449997,67.37538463721185,67.78524097938353,0,0,0,110.5,55.650002,45,26.26,23.95,3,4,1,1,,,,10274,27633.8
1390967100,67.849998,67.849998,65.5,66.349998,67.17030730976948,67.65476434489412,0,0,0,110.5,55.650002,45,26.26,23.95,3,4,1,1,,,,12295,27638.3
1391053500,65.550003,66.400002,64.199997,66,66.93624584781558,67.50433122263102,0,0,0,110.5,55.650002,45,26.26,23.95,3,4,1,1,,,,9304,26749.65
1391139900,65.050003,68.5,65.050003,67,66.94899667825247,67.45848292966457,0,0,0,110.5,55.650002,45,26.26,23.95,3,4,1,1,,,,9237,26217.15
1391399100,67.25,67.25,64.599998,64.599998,66.47919694260197,67.19862066333143,0,0,0,110.5,55.650002,45,26.26,23.95,3,4,1,1,,,,22162,26836.25
1391485500,65,65,63.200001,64.449997,66.07335695408158,66.94874578484675,0,0,0,110.5,55.650002,45,26.26,23.95,3,4,1,1,,,,21139,26970.8
1391571900,64,65.550003,64,64.599998,65.77868516326527,66.73522325895159,0,0,0,110.5,55.650002,45,26.26,23.95,3,4,1,1,,,,8789,25693.9
1391658300,65,65.400002,63.599998,64,65.42294813061221,66.4865665990469,0,0,0,110.5,55.650002,45,26.26,23.95,3,4,1,1,,,,6991,20401.65
1391744700,64.650002,64.699997,63.799999,63.799999,65.09835830448976,66.24233318095172,0,0,0,110.5,55.650002,45,26.26,23.95,3,4,1,1,,,,8342,17801.3
1392003900,63.5,64.550003,63.5,63.700001,64.8186868435918,66.01121207359247,0,0,0,110.5,55.650002,45,26.26,23.95,3,4,1,1,,,,6790,16963.85
1392090300,63.400002,64.449997,63.099998,63.200001,64.49494967487344,65.75564743053862,0,0,0,110.5,55.650002,45,26.26,23.95,3,4,1,1,,,,5316,16818.7
1392176700,63.200001,64.800003,62.900002,63,64.19595973989875,65.50513402776238,0,0,0,110.5,55.650002,45,26.26,23.95,3,4,1,1,,,,6920,14706.15
1392263100,62.549999,68.550003,62.549999,66.900002,64.736768191919,65.63194020705672,0,0,0,110.5,55.650002,45,26.26,23.95,3,4,1,1,,,,139853,20267.35
1392349500,66.900002,68.449997,65.25,66.75,65.1394145535352,65.73358200641519,0,0,0,110.5,55.650002,45,26.26,23.95,3,4,1,1,,,,24419,20914.65
1392608700,66.800003,67.900002,64.75,65.400002,65.19153204282816,65.70325655128654,0,0,0,110.5,55.650002,45,26.26,23.95,3,4,1,1,,,,14107,21061.85
1392695100,65.300003,66,65.050003,65.25,65.20322563426252,65.66205141026049,0,0,0,110.5,55.650002,45,26.26,23.95,3,4,1,1,,,,5592,19904.2
1392781500,65.449997,69.849998,64.699997,67.099998,65.58258010741002,65.79277382750954,0,0,0,110.5,55.650002,45,26.26,23.95,3,4,1,1,,,,44375,21257.9
1392867900,66.949997,66.949997,65.050003,65.300003,65.52606468592802,65.74797647955413,0,0,0,110.5,55.650002,45,26.26,23.95,3,4,1,1,,,,15176,21196.7
1392954300,65.550003,65.900002,64.25,65.5,65.52085174874242,65.72543316323102,0,0,0,110.5,55.650002,45,26.26,23.95,3,4,1,1,,,,12452,20131.1
1393213500,65.900002,70.800003,65.199997,70.150002,66.44668179899394,66.12766669384638,0,0,0,110.5,55.650002,45,26.26,23.95,3,4,1,1,,,,83304,23341.85
1393299900,72.550003,73.75,71.800003,72.300003,67.61734603919516,66.68878817622398,0,0,0,110.5,55.650002,45,26.26,23.95,3,4,1,1,,,,429758,44316.05
1393386300,70.800003,73.5,68.050003,69.199997,67.93387623135612,66.91707988747635,0,0,0,110.5,55.650002,45,26.26,23.95,3,4,1,1,,,,32892,45345.9
1393559100,71,71,67.300003,67.699997,67.88710038508489,66.98825417043304,0,0,0,110.5,55.650002,45,26.26,23.95,3,4,1,1,,,,18011,45781.25
1393818300,67.300003,68.949997,66.5,66.800003,67.66968090806792,66.9711404276664,0,0,0,110.5,55.650002,45,26.26,23.95,3,4,1,1,,,,15120,46075.4
1393904700,66.5,67.400002,65,66.5,67.43574472645433,66.92830947969672,0,0,0,110.5,55.650002,45,26.26,23.95,3,4,1,1,,,,22514,46093
1393991100,67.400002,67.650002,66.150002,67.400002,67.42859618116347,66.97119061790612,0,0,0,110.5,55.650002,45,26.26,23.95,3,4,1,1,,,,14843,45778.2
1394077500,68,70.150002,66.650002,68.699997,67.68287634493078,67.12835483446011,0,0,0,110.5,55.650002,45,26.26,23.95,3,4,1,1,,,,39779,47327.7
1394163900,68,70.5,67.300003,70.099998,68.16630067594463,67.39850421314556,0,0,0,110.5,55.650002,45,26.26,23.95,3,4,1,1,,,,80371,50996.7
1394423100,70.099998,70.25,68.099998,69.449997,68.4230399407557,67.58500355740505,0,0,0,110.5,55.650002,45,26.26,23.95,3,4,1,1,,,,10154,51087.3
1394509500,69.599998,69.599998,68.300003,68.699997,68.47843135260456,67.68636659764095,0,0,0,110.5,55.650002,45,26.26,23.95,3,4,1,1,,,,15581,51526.85
1394595900,68,69.699997,67.099998,67.25,68.23274508208365,67.64669690694632,0,0,0,110.5,55.650002,45,26.26,23.95,3,4,1,1,,,,15747,52048.4
1394682300,67.199997,68.199997,67.199997,67.849998,68.15619566566693,67.66517882449665,0,0,0,110.5,55.650002,45,26.26,23.95,3,4,1,1,,,,15033,52454.05
1394768700,67.5,68.900002,66.300003,68.699997,68.26495593253354,67.75925320408787,0,0,0,110.5,55.650002,45,26.26,23.95,3,4,1,1,,,,14371,46179.95
1395114300,68.699997,68.849998,67.699997,67.900002,68.19196514602683,67.77204854917079,0,0,0,110.5,55.650002,45,26.26,23.95,3,4,1,1,,,,7028,45310.4
1395200700,68.099998,68.900002,67,68.150002,68.18357251682147,67.80640795379163,0,0,0,110.5,55.650002,45,26.26,23.95,3,4,1,1,,,,16962,45453.15
1395287100,67.5,68.699997,66.550003,66.699997,67.88685741345718,67.70582513981057,0,0,0,110.5,55.650002,45,26.26,23.95,3,4,1,1,,,,7547,45550.9
1395373500,67.75,67.800003,66,66.800003,67.66948653076574,67.62347767255507,0,0,0,110.5,55.650002,45,26.26,23.95,3,4,1,1,,,,17520,44208.15
1395632700,66.5,68.150002,65.25,66.150002,67.3655896246126,67.48952533868642,0,0,0,110.5,55.650002,45,26.26,23.95,3,4,1,1,,,,36040,45251.35
1395719100,66.5,67.599998,65.900002,66.849998,67.26247129969008,67.43138648971492,0,0,0,110.5,55.650002,45,26.26,23.95,3,4,1,1,,,,42173,46737.4
1395805500,70.699997,71.949997,68.25,69.599998,67.72997663975207,67.62853299064993,0,0,0,110.5,55.650002,45,26.26,23.95,3,4,1,1,,,,266118,55878.1
1395891900,70.099998,72.800003,69.050003,71.849998,68.55398091180166,68.01230253695448,0,0,0,110.5,55.650002,45,26.26,23.95,3,4,1,1,,,,77480,38264.2
1395978300,72.300003,73,70.099998,71.349998,69.11318432944132,68.31572939723135,0,0,0,110.5,55.650002,45,26.26,23.95,3,4,1,1,,,,40678,38653.5
1396237500,73.349998,73.349998,69.5,70.199997,69.33054686355305,68.4870264520285,0,0,0,110.5,55.650002,45,26.26,23.95,3,4,1,1,,,,29173,39211.6
1396323900,70.400002,71.300003,69.449997,70.900002,69.64443789084244,68.70638786548045,0,0,0,110.5,55.650002,45,26.26,23.95,3,4,1,1,,,,13049,39108.05
1396410300,71.900002,76,70.099998,75.449997,70.80554971267395,69.31944324134587,0,0,0,110.5,55.650002,45,26.26,23.95,3,4,1,1,,,,316684,53816.55
1396496700,73,73.050003,68,71.800003,71.00444037013916,69.54494867395078,0,0,0,110.5,55.650002,45,26.26,23.95,3,4,1,1,,,,127424,59445.6
1396583100,71.5,72.400002,70.199997,70.75,70.95355229611133,69.65449879450071,0,0,0,110.5,55.650002,45,26.26,23.95,3,4,1,1,,,,71499,61031.6
1396842300,72.300003,72.300003,70,71.050003,70.97284243688907,69.78136281318247,0,0,0,110.5,55.650002,45,26.26,23.95,3,4,1,1,,,,32621,58644.1
1397015100,70.599998,74.300003,70.150002,73.050003,71.38827454951125,70.07851192107498,0,0,0,110.5,55.650002,45,26.26,23.95,3,4,1,1,,,,61874,61230.1
1397101500,72.699997,74.599998,71.300003,74.050003,71.92062023960901,70.43955656461361,0,0,0,110.5,55.650002,45,26.26,23.95,3,4,1,1,,,,165349,68718.5
1397187900,74.099998,83.900002,72.150002,79,73.3364961916872,71.21777869510328,0,0,0,110.5,55.650002,45,26.26,23.95,3,4,1,1,,,,303485,83105.4
1397533500,79.849998,82.400002,77.300003,79.25,74.51919695334976,71.94798063191207,0,0,0,110.5,55.650002,45,26.26,23.95,3,4,1,1,,,,53657,85036.6
1397619900,79.099998,79.800003,75.150002,75.849998,74.78535716267982,72.30270948355643,0,0,0,110.5,55.650002,45,26.26,23.95,3,4,1,1,,,,28796,85757.85
1397706300,75.5,80.900002,73.800003,78.900002,75.60828613014385,72.90246334868766,0,0,0,110.5,55.650002,45,26.26,23.95,3,4,1,1,,,,100814,90447.15
1398051900,80.849998,80.849998,76.849998,77.650002,76.01662930411509,73.33405777153423,0,0,0,110.5,55.650002,45,26.26,23.95,3,4,1,1,,,,27125,90955.3
1398138300,78,79.699997,77,77.949997,76.40330284329207,73.75368861048567,0,0,0,83.900002,61.5,,,,1,1,1,1,,,,21820,91668.95
1398224700,78.599998,82,78,78.949997,76.91264167463365,74.2260802822597,0,0,0,83.900002,61.5,,,,1,1,1,1,,,,120121,96799
1398397500,78.199997,80.599998,77.650002,78.25,77.18011333970692,74.59189116569064,0,0,0,83.900002,61.5,,,,1,1,1,1,,,,20086,96001.3
1398656700,78.199997,79.5,77.699997,78.75,77.49409067176553,74.96990105971877,0,0,0,83.900002,61.5,,,,1,1,1,1,,,,9275,94356.4
1398743100,79.849998,81.900002,78.5,79.25,77.84527253741243,75.3590009633807,0,0,0,83.900002,61.5,,,,1,1,1,1,,,,51482,83624.6
1398829500,79.099998,79.699997,75.5,77.599998,77.79621762992994,75.56272796670972,0,0,0,83.900002,61.5,,,,1,1,1,1,,,,27393,81120.25
1399002300,78,79,75.199997,75.949997,77.42697350394396,75.59793424246338,0,0,0,83.900002,61.5,,,,1,1,1,1,,,,25514,80362.05
1399261500,77.5,78.949997,76.5,78.349998,77.61157840315516,75.84812185678489,0,0,0,83.900002,61.5,,,,1,1,1,1,,,,35119,80659.35
1399347900,77.300003,80.150002,77.300003,78.5,77.78926272252413,76.08920168798626,0,0,0,83.900002,61.5,,,,1,1,1,1,,,,110386,85526.2
1399434300,79,79.599998,77.400002,78.099998,77.8514097780193,76.27200135271478,0,0,0,83.900002,61.5,,,,1,1,1,1,,,,35792,71481.6
1399520700,77.949997,77.949997,72.5,73.349998,76.95112742241544,76.00636468428617,0,0,0,83.900002,61.5,,,,1,1,1,1,,,,78040,69012.4
1399607100,73.5,75.849998,72,74.849998,76.53090153793235,75.90124044026015,0,0,0,83.900002,61.5,,,,1,1,1,1,,,,45959,67735.4
1399866300,75.5,76.400002,74,74.449997,76.11472063034589,75.76930921841831,0,0,0,83.900002,61.5,,,,1,1,1,1,,,,22431,67225.9
1399952700,73.25,76,73.25,74.949997,75.88177590427671,75.6948262894712,0,0,0,83.900002,61.5,,,,1,1,1,1,,,,47225,66493.45
1400039100,75,76,74.150002,75.050003,75.71542132342137,75.63620599042837,0,0,0,83.900002,61.5,,,,1,1,1,1,,,,36345,60043.25
1400125500,76,80,75.5,79.150002,76.4023374587371,75.95564199129852,0,0,0,83.900002,61.5,,,,1,1,1,1,,,,116516,50694.8
1400211900,79,87.300003,79,80.699997,77.26186936698967,76.38694699208956,0,0,0,83.900002,61.5,,,,1,1,1,1,,,,187730,57398.45
1400471100,80,90,80,89.650002,79.73949589359174,77.59267926553596,0,0,0,83.900002,61.5,,,,1,1,1,1,,,,121516,62034.45
1400557500,90,99,90,92.949997,82.38159611487339,78.98879905957814,0,0,0,83.900002,61.5,,,,1,1,1,1,,,,90991,61543.3
1400643900,94.949997,95,90.099998,91.449997,84.19527629189871,80.12163523598012,0,0,0,83.900002,61.5,,,,1,1,1,1,,,,80660,64220.05
1400730300,93.650002,104.5,90.650002,99.800003,87.31622163351896,81.91057775998193,0,0,0,83.900002,61.5,,,,1,1,1,1,,,,220580,74158.05
1400816700,101.5,109,101.5,104.65,90.78297730681517,83.97779796361993,0,0,0,83.900002,61.5,,,,1,1,1,1,,,,544857,95394.85
1401075900,103.55,105,93,97.099998,92.04638144545214,85.17072523965449,0,0,0,83.900002,61.5,,,,1,1,1,1,,,,1448415,166811.3
1401162300,95.550003,98.199997,94.400002,95.900002,92.81710555636171,86.14611403604954,0,0,0,83.900002,61.5,,,,1,1,1,1,,,,52832,168989.15
1401248700,96.5,96.650002,93.099998,94.849998,93.22368404508937,86.93737621459049,0,0,0,83.900002,61.5,,,,1,1,1,1,,,,32470,168038.55
1401335100,95.400002,97,90,90.400002,92.6589476360715,87.25216037690045,0,0,0,83.900002,61.5,,,,1,1,1,1,,,,44449,168891.35
1401421500,90.400002,94.800003,90.150002,92.050003,92.5371587088572,87.68832788809132,0,0,0,109,61.5,,,,1,1,1,1,,,,21781,168704.7
1401680700,92.150002,99.400002,92.099998,98.849998,93.79972656708577,88.7030251709921,0,0,0,109,61.5,,,,1,1,1,1,,,,38945,168896
1401767100,98.949997,100,94.599998,96.050003,94.24978185366862,89.37093224635646,0,0,0,109,61.5,,,,1,1,1,1,,,,51897,165971.55
1401853500,96.050003,101,95.300003,99.650002,95.3298258829349,90.30539313305133,0,0,0,109,61.5,,,,1,1,1,1,,,,84626,168413.25
1401939900,100,112.9,100,108.55,97.97386070634792,91.96399375731939,0,0,0,109,61.5,,,,1,1,1,1,,,,1019173,215469.9
1402026300,109.7,117,109.7,114.1,101.19908856507834,93.97635796119944,0,0,0,109,61.5,,,,1,1,1,1,,,,526137,239478.8
1402285500,112.9,115.2,106.3,109.65,102.88927085206268,95.40123451018131,0,0,0,109,61.5,,,,1,1,1,1,,,,283257,252520.1
1402371900,111.25,111.25,104.9,106.45,103.60141668165015,96.40566773652847,0,0,0,109,61.5,,,,1,1,1,1,,,,95408,254929.25
1402458300,107.9,107.9,97.650002,99.900002,102.86113374532012,96.72333448775315,0,0,0,109,61.5,,,,1,1,1,1,,,,221001,264162.05
1402544700,100,103,97.699997,98.949997,102.07890639625609,96.92575835250287,0,0,0,109,61.5,,,,1,1,1,1,,,,51593,260915.9
1402631100,100,107,97,99.599998,101.58312471700486,97.16887104772988,0,0,0,117,61.5,55.650002,45,28.6,1,1,1,1,,,,244928,263775.8
1402890300,100.05,100.25,95.400002,98.949997,101.0564991736039,97.33079158884534,0,0,0,117,61.5,55.650002,45,28.6,1,1,1,1,,,,30506,259225.3
1402976700,99.25,100.5,97.099998,98.599998,100.56519893888311,97.4461739898594,0,0,0,117,61.5,55.650002,45,28.6,1,1,1,1,,,,50809,257216.2
1403063100,100,103.2,94.150002,95.050003,99.4621597511065,97.22834026350854,0,0,0,117,61.5,55.650002,45,28.6,1,1,1,1,,,,300127,268189.55
1403149500,95.400002,97.300003,91,91.550003,97.8797284008852,96.71212778500777,0,0,0,117,61.5,55.650002,45,28.6,1,1,1,1,,,,112110,262766.05
1403235900,91.550003,95.699997,89.550003,91.300003,96.56378332070815,96.22011644091616,0,0,0,117,61.5,55.650002,45,28.6,1,1,1,1,,,,277143,249380.35
1403495100,91.300003,93.5,90,90.5,95.35102665656652,95.70010585537833,0,0,0,117,61.5,55.650002,45,28.6,1,1,1,1,,,,76075,180763.35
1403581500,90.75,96.5,90.75,93,94.88082132525321,95.45464168670757,0,0,0,117,61.5,55.650002,45,28.6,1,1,1,1,,,,777792,217011.35
1403667900,95.699997,105.35,95,103.15,96.53465706020256,96.1542197151887,0,0,0,117,61.5,55.650002,45,28.6,1,1,1,1,,,,2739815,352378.6
1403754300,102.3,102.9,98.400002,100,97.22772564816205,96.503836104717,0,0,0,117,61.5,55.650002,45,28.6,1,1,1,1,,,,338947,367103.5
1403840700,101.3,101.3,95.849998,98.050003,97.39218111852963,96.6443967315609,0,0,0,117,61.5,55.650002,45,28.6,1,1,1,1,,,,122478,372138.35
1404099900,98.5,102,97.550003,101.05,98.1237448948237,97.04490611960082,0,0,0,117,61.5,55.650002,45,28.6,1,1,1,1,,,,170886,378735.4
1404186300,102.25,107.8,101.65,104.5,99.39899591585896,97.72264192690984,0,0,0,117,61.5,55.650002,45,28.6,1,1,1,1,,,,594737,405877.4
1404272700,106.7,112.4,106.05,110.4,101.59919673268718,98.87512902446349,0,0,0,117,61.5,55.650002,45,28.6,1,1,1,1,,,,720362,437664.2
1404359100,110.8,111.6,104.5,106.5,102.57935738614974,99.56829911314863,0,0,0,117,61.5,55.650002,45,28.6,1,1,1,1,,,,419028,407656.95
1404445500,105.4,111,103.25,108.1,103.68348590891979,100.34390828468057,0,0,0,117,61.5,55.650002,45,28.6,1,1,1,1,,,,521015,407400.85
1404704700,108.45,108.8,105.5,106.2,104.18678872713583,100.87628025880052,0,0,0,117,61.5,55.650002,45,28.6,1,1,1,1,,,,208594,403667.7
1404791100,105.1,107,98.349998,99.849998,103.31943058170867,100.78298187163684,0,0,0,117,61.5,55.650002,45,28.6,1,1,1,1,,,,308679,414331.25
1404877500,99,100,93,95.349998,101.72554406536693,100.28907424694258,0,0,0,117,61.5,55.650002,45,28.6,1,1,1,1,,,,124313,409496.85
1404963900,96.5,104,92.099998,98.449997,101.07043465229354,100.12188540631143,0,0,0,117,61.5,55.650002,45,28.6,1,1,1,1,,,,217566,417795.5
1405050300,99,102.85,91.449997,92.400002,99.33634812183483,99.41989600573767,0,0,0,117,61.5,55.650002,45,28.6,1,1,1,1,,,,134246,412261.4
1405309500,92.650002,98,92.150002,96.650002,98.79907889746787,99.16808745976152,0,0,0,117,61.5,55.650002,45,28.6,1,1,1,1,,,,117415,416606.85
1405395900,98.650002,100,94.5,96.949997,98.4292625179743,98.96644287251047,0,0,0,117,61.5,55.650002,45,28.6,1,1,1,1,,,,71321,417632.45
1405482300,97,102.5,97,98.300003,98.40341061437944,98.90585742955497,0,0,0,117,61.5,55.650002,45,28.6,1,1,1,1,,,,94124,407332.3
1405568700,97.5,102.35,97.199997,100.15,98.75272849150355,99.01896129959543,0,0,0,117,61.5,55.650002,45,28.6,1,1,1,1,,,,78337,405643.65
1405655100,101.4,104.3,98.5,101.6,99.32218279320284,99.25360118145039,0,0,0,117,61.5,55.650002,45,28.6,1,1,1,1,,,,105908,397081.9
1405914300,101.6,106.6,100.2,101.85,99.82774623456227,99.48963743768218,0,0,0,117,61.5,55.650002,45,28.6,1,1,1,1,,,,151919,400874.1
1406000700,101,104,100.55,103.2,100.50219698764981,99.82694312516561,0,0,0,117,61.5,55.650002,45,28.6,1,1,1,1,,,,74032,365686.1
1406087100,102.8,102.8,98,99.25,100.25175759011985,99.77449375015055,0,0,0,117,61.5,55.650002,45,28.6,1,1,1,1,,,,45992,230994.95
1406173500,100.35,104.35,99,102.95,100.79140607209588,100.0631761365005,0,0,0,117,61.5,55.650002,45,28.6,1,1,1,1,,,,91941,218644.65
1406259900,103.65,103.65,96.199997,98.300003,100.29312545767671,99.9028876695459,0,0,0,117,61.5,55.650002,45,28.6,1,1,1,1,,,,66791,215860.3
1406519100,99,100.8,97.050003,97.800003,99.79450096614137,99.71171633595083,0,0,0,117,61.5,55.650002,45,28.6,1,1,1,1,,,,29493,208790.65
1406691900,97.5,101.75,97.5,100.2,99.8756007729131,99.75610575995529,0,0,0,117,61.5,55.650002,45,28.6,1,1,1,1,,,,30645,180586.05
1406778300,99.550003,101.7,96.599998,98.849998,99.67048021833048,99.67373232723209,0,0,0,117,61.5,55.650002,45,28.6,1,1,1,1,,,,153074,152221.65
1406864700,98,98,93.599998,94.599998,98.65638377466439,99.21248375202917,0,0,0,117,61.5,55.650002,45,28.6,1,1,1,1,,,,83757,135458.1
1407123900,96.25,99.699997,96.050003,97.800003,98.48510761973151,99.08407641093561,0,0,0,117,61.5,55.650002,45,28.6,1,1,1,1,,,,48683,111841.5
1407210300,98,99.150002,95.449997,97.5,98.2880860957852,98.94006946448691,0,0,0,117,61.5,55.650002,45,28.6,1,1,1,1,,,,48641,103843.85
1407296700,99.400002,99.949997,97.5,98.400002,98.31046927662817,98.89097242226083,0,0,0,117,61.5,55.650002,45,28.6,1,1,1,1,,,,80707,92445.25
1407383100,99.5,99.5,97.099998,98.449997,98.33837482130254,98.85088374750984,0,0,0,117,61.5,55.650002,45,28.6,1,1,1,1,,,,32933,87876.25
1407469500,97.199997,99,95.349998,97.25,98.12069985704203,98.70534886137258,0,0,0,117,61.5,55.650002,45,28.6,1,1,1,1,,,,107372,82366.55
1407728700,97.199997,99,97.199997,97.849998,98.06655948563362,98.62758969215689,0,0,0,117,61.5,55.650002,45,28.6,1,1,1,1,,,,21322,76720.35
1407815100,98.050003,99.75,97.099998,99.050003,98.26324818850689,98.66599090196081,0,0,0,117,61.5,55.650002,45,28.6,1,1,1,1,,,,56943,73696.75
1407901500,98.5,103.9,98.099998,102.1,99.03059855080551,98.9781735472371,0,0,0,117,61.5,55.650002,45,28.6,1,1,1,1,,,,208804,80570.9
1407987900,103.4,104.35,98,102.6,99.7444788406444,99.30743049748828,0,0,0,117,61.5,55.650002,45,28.6,1,1,1,1,,,,95397,80634.55
1408333500,100.5,107.5,100.15,106.9,101.17558307251552,99.99766408862571,0,0,0,117,61.5,55.650002,45,28.6,1,1,1,1,,,,189122,86173.8
1408419900,104.5,110.4,104,108.35,102.61046645801241,100.7569673532961,0,0,0,117,61.5,55.650002,45,28.6,1,1,1,1,,,,303187,96037.75
1408506300,108.65,123,108.3,121.15,106.31837316640993,102.61087941208737,0,0,0,117,61.5,55.650002,45,28.6,1,1,1,1,,,,1391210,158002.3
1408592700,120.9,120.9,114.25,115.7,108.19469853312795,103.80079946553397,0,0,0,117,61.5,55.650002,45,28.6,1,1,1,1,,,,237117,166156.55
1408679100,117.5,120.8,113.05,117,109.95575882650236,105.00072678684906,0,0,0,117,61.5,55.650002,45,28.6,1,1,1,1,,,,266862,177200.05
1408938300,117.2,122,113.7,114.35,110.8346070612019,105.85066071531732,0,0,0,117,61.5,55.650002,45,28.6,1,1,1,1,,,,124516,178828.8
1409024700,113.5,114.95,110.4,112.1,111.08768564896151,106.41878246847028,0,0,0,117,61.5,55.650002,45,28.6,1,1,1,1,,,,96111,180294.8
1409111100,111.65,122,111.25,117.55,112.38014851916921,107.43071133497298,0,0,0,123,61.5,55.650002,45,28.6,1,1,1,1,,,,366921,197166.2
1409197500,117.5,120,113.5,114.6,112.82411881533537,108.08246484997544,0,0,0,123,61.5,55.650002,45,28.6,1,1,1,1,,,,101620,200714.95
1409543100,114,129.95,112.3,127.5,115.7592950522683,109.8476953181595,0,0,0,123,61.5,55.650002,45,28.6,1,1,1,1,,,,985506,242336.55
1409629500,129.5,129.7,122.6,124.5,117.50743604181464,111.17972301650863,0,0,0,123,61.5,55.650002,45,28.6,1,1,1,1,,,,352559,255776.65
1409715900,125,125.5,120.15,120.7,118.14594883345171,112.04520274228058,0,0,0,123,61.5,55.650002,45,28.6,1,1,1,1,,,,137356,260210.3
1409802300,121.5,123.5,118.2,119.55,118.42675906676136,112.7274570384369,0,0,0,123,61.5,55.650002,45,28.6,1,1,1,1,,,,139364,264746.45
1409888700,119.55,122.3,117.25,119.15,118.57140725340909,113.31132458039718,0,0,0,123,61.5,55.650002,45,28.6,1,1,1,1,,,,48763,263149.25
1410147900,119.6,123.8,119.6,121.6,119.17712580272728,114.0648405276338,0,0,0,129.95,61.5,55.650002,45,28.6,1,1,1,1,,,,57649,264385.05
1410234300,122.25,132,118,130.2,121.38170064218181,115.53167320693983,0,0,0,129.95,61.5,55.650002,45,28.6,1,1,1,1,,,,435834,280808.15
1410320700,140,141,129.05,130.05,123.11536051374546,116.85152109721803,0,0,0,129.95,61.5,55.650002,45,28.6,1,1,1,1,,,,1530490,356266.55
1410407100,130.05,133.8,128,128.60001,124.21229041099636,117.91956554292548,0,0,0,129.95,61.5,55.650002,45,28.6,1,1,1,1,,,,273840,367111.4
1410493500,129,134.7,128.7,128.95,125.15983232879708,118.92233231175044,0,0,0,129.95,61.5,55.650002,45,28.6,1,1,1,1,,,,166449,364993.65
1410752700,128.95,134,125.25,131.89999,126.50786386303767,120.10211937431858,0,0,0,129.95,61.5,55.650002,45,28.6,1,1,1,1,,,,137230,367085.3
1410839100,132,132.95,121.65,122.7,125.74629109043013,120.33829034028962,0,0,0,129.95,61.5,55.650002,45,28.6,1,1,1,1,,,,164230,365840.7
1410925500,125,126.8,120.5,121.8,124.9570328723441,120.47117303662692,0,0,0,141,61.5,55.650002,45,28.6,1,1,1,1,,,,85536,354958.15
1411011900,122.75,129.39999,122.5,128.25,125.61562629787528,121.17833912420629,0,0,0,141,61.5,55.650002,45,28.6,1,1,1,1,,,,146205,292707.9
1411098300,128.55,132.8,126.15,129.5,126.39250103830022,121.93485374927845,0,0,0,141,61.5,55.650002,45,28.6,1,1,1,1,,,,139367,287820.4
1411357500,127.55,131,125,126.5,126.41400083064018,122.34986704479859,0,0,0,141,61.5,55.650002,45,28.6,1,1,1,1,,,,87268,278840.7
1411443900,127.05,131.3,120.7,122,125.53120066451214,122.3180609498169,0,0,0,141,61.5,55.650002,45,28.6,1,1,1,1,,,,200369,282633.35
1411530300,123,125.35,110.1,117.4,123.90496053160972,121.87096449983355,0,0,0,141,61.5,55.650002,45,28.6,1,1,1,1,,,,119517,283803.65
1411616700,117.75,120,113,114.4,122.00396842528778,121.1917859089396,0,0,0,141,61.5,55.650002,45,28.6,1,1,1,1,,,,76582,269286.7
1411703100,114.65,120.4,112,119.25,121.45317474023022,121.01525991721782,0,0,0,141,61.5,55.650002,45,28.6,1,1,1,1,,,,104862,269448.8
1411962300,118.05,121.8,116.7,118.8,120.92253979218418,120.8138726520162,0,0,0,141,61.5,55.650002,45,28.6,1,1,1,1,,,,79591,224153.05
1412048700,118.7,123.85,117.15,118.85,120.50803183374734,120.63533877456018,0,0,0,141,61.5,55.650002,45,28.6,1,1,1,1,,,,65202,209785.2
1412135100,118.05,122.8,117.4,121.65,120.73642546699787,120.72758070414562,0,0,0,141,61.5,55.650002,45,28.6,1,1,1,1,,,,72070,206520.9
1412653500,121.8,123.5,118.8,120.6,120.7091403735983,120.7159824583142,0,0,0,141,61.5,55.650002,45,28.6,1,1,1,1,,,,46706,201888
1412739900,119.4,122.8,119.25,120.45,120.65731229887864,120.69180223483109,0,0,0,141,61.5,55.650002,45,28.6,1,1,1,1,,,,95161,204207.9
1412826300,123,124.35,120.3,121.35,120.79584983910291,120.75163839530099,0,0,0,141,61.5,55.650002,45,28.6,1,1,1,1,,,,79205,205285.7
1412912700,120.5,122.9,119.5,122,121.03667987128233,120.86512581390998,0,0,0,141,61.5,55.650002,45,28.6,1,1,1,1,,,,708463,218917.15
1413171900,120.2,123.6,118.9,119.5,120.72934389702587,120.7410234671909,0,0,0,141,61.5,55.650002,45,28.6,1,1,1,1,,,,29658,143875.55
1413258300,120,120.9,117,117.55,120.0934751176207,120.450930424719,0,0,0,141,61.5,55.650002,45,28.6,1,1,1,1,,,,25578,131462.45
1413431100,117.3,119,110.25,111.7,118.41478009409656,119.6553912951991,0,0,0,141,61.5,55.650002,45,28.6,1,1,1,1,,,,39500,125115
1413517500,113.9,116.4,110.7,114.9,117.71182407527725,119.22308299563554,0,0,0,141,61.5,55.650002,45,28.6,1,1,1,1,,,,37268,120116.9
1413776700,118,123.6,116.25,117,117.5694592602218,119.02098454148685,0,0,0,141,61.5,55.650002,45,28.6,1,1,1,1,,,,24597,113135.25
1413863100,116.3,121.5,116.3,119.85,118.02556740817744,119.09634958316987,0,0,0,141,61.5,55.650002,45,28.6,1,1,1,1,,,,21640,109940.45
1413949500,119.2,121.4,118.55,119.6,118.34045392654195,119.14213598469988,0,0,0,141,61.5,55.650002,45,28.6,1,1,1,1,,,,13446,103302.5
1414035900,120.2,120.4,119,119.85,118.64236314123356,119.20648725881807,0,0,0,141,61.5,55.650002,45,28.6,1,1,1,1,,,,8122,96740.25
1414381500,120,120.4,115.1,115.9,118.09389051298685,118.90589750801642,0,0,0,141,61.5,55.650002,45,28.6,1,1,1,1,,,,29986,93876.15
1414467900,116,117.75,113.15,115.95,117.66511241038948,118.6371795527422,0,0,0,141,61.5,55.650002,45,28.6,1,1,1,1,,,,31695,85442.45
1414554300,117.8,119,116,117.4,117.61208992831159,118.5247086843111,0,0,0,141,61.5,55.650002,45,28.6,1,1,1,1,,,,22588,80596
1414640700,117.75,122.2,116,118.5,117.78967194264928,118.52246244028281,0,0,0,141,61.5,55.650002,45,28.6,1,1,1,1,,,,39628,78748.3
1414727100,121.4,123.2,119,119.9,118.21173755411942,118.64769312752982,0,0,0,141,61.5,55.650002,45,28.6,1,1,1,1,,,,46294,75819.9
1414986300,121.95,125,119.05,123.25,119.21939004329553,119.06608466139075,0,0,0,141,61.5,55.650002,45,28.6,1,1,1,1,,,,45132,74096.95
1415159100,123.1,124.9,119.8,121.95,119.76551203463643,119.3282587830825,0,0,0,141,61.5,55.650002,45,28.6,1,1,1,1,,,,104360,76054.85
1415331900,124.85,124.85,119.05,119.7,119.75240962770914,119.36205343916592,0,0,0,141,61.5,55.650002,45,28.6,1,1,1,1,,,,63025,75602.6
1415591100,119.7,121.95,112.8,113.9,118.58192770216732,118.86550312651447,0,0,0,141,61.5,55.650002,45,28.6,1,1,1,1,,,,80382,77286.4
1415677500,114.2,117.9,113.45,113.95,117.65554216173386,118.41863920592225,0,0,0,141,61.5,55.650002,45,28.6,1,1,1,1,,,,92970,77176.85
1415763900,113.75,115.7,112.3,112.8,116.6844337293871,117.90785382356567,0,0,0,141,61.5,55.650002,45,28.6,1,1,1,1,,,,89855,77709.35
1415850300,114.55,115,110.85,111.95,115.73754698350967,117.36623074869607,0,0,0,141,61.5,55.650002,45,28.6,1,1,1,1,,,,176531,51112.75
1415936700,112.05,112.8,105,108.75,114.34003758680774,116.58293704426916,1,0,0,141,61.5,55.650002,45,28.6,2,1,1,1,1,,,92805,54270.1
1416195900,110.45,110.5,106.55,107.3,112.93203006944618,115.73903367660833,1,0,0,141,61.5,55.650002,45,28.6,2,2,1,1,1,,,75041,56743.25
1416282300,108.8,113.85,107.3,111.9,112.72562405555695,115.39003061509848,0,0,0,141,61.5,55.650002,45,28.6,2,2,1,1,,,,224413,65988.9
1416368700,112.05,118.4,111,116.05,113.39049924444556,115.4500278319077,0,0,0,141,61.5,55.650002,45,28.6,2,2,1,1,,,,321357,80193.35
1416455100,117.95,119.8,114.55,116.3,113.97239939555645,115.527298029007,0,0,0,141,61.5,55.650002,45,28.6,2,2,1,1,,,,124169,85171.95
1416541500,116.05,118.65,113.5,114.7,114.11791951644516,115.45208911727909,0,0,0,141,61.5,55.650002,45,28.6,2,2,1,1,,,,34060,85792.95
1416800700,114.05,116.9,112.25,114,114.09433561315612,115.32008101570825,0,0,0,141,61.5,55.650002,45,28.6,2,2,1,1,,,,59774,88109.35
1416887100,113.3,113.35,106.7,109.75,113.22546849052489,114.81371001428023,0,0,0,141,61.5,55.650002,45,28.6,2,2,1,1,,,,48592,90132.85
1416973500,109.25,109.95,106.8,107.2,112.02037479241991,114.12155455843657,0,0,0,141,61.5,55.650002,45,28.6,2,2,1,1,,,,48700,91068.55
1417059900,107.85,108.75,105.9,106.1,110.83629983393593,113.39232232585142,0,0,0,141,61.5,55.650002,45,28.6,2,2,1,1,,,,71048,93036.2
1417146300,110,114.5,106.6,107.55,110.17903986714875,112.86120211441039,0,0,0,141,61.5,55.650002,45,28.6,2,2,1,1,,,,241956,104004.6
1417405500,108.85,111.7,106.5,110.45,110.233231893719,112.64200192219127,0,0,0,141,61.5,55.650002,45,28.6,2,2,1,1,,,,77239,105885.15
1417491900,110.1,112.9,108.15,109.95,110.1765855149752,112.39727447471934,0,0,0,141,61.5,55.650002,45,28.6,2,2,1,1,,,,42839,105712.4
1417578300,109.95,111.9,108.2,109.65,110.07126841198016,112.14752224974485,0,0,0,141,61.5,55.650002,45,28.6,2,2,1,1,,,,182856,112598.6
1417664700,110.35,111.55,105.85,107.4,109.53701472958413,111.71592931794987,0,0,0,141,61.5,55.650002,45,28.6,2,2,1,1,,,,118976,113329.4
1417751100,107.45,112.8,107.4,108.5,109.3296117836673,111.42357210722716,0,0,0,141,61.5,55.650002,45,28.6,2,2,1,1,,,,144976,117426.95
1418010300,108.35,110.9,107,107.4,108.94368942693384,111.05779282475196,0,0,0,141,61.5,55.650002,45,28.6,2,2,1,1,,,,56808,116248.25
1418096700,107.4,109.9,104,104.8,108.11495154154707,110.48890256795633,0,0,0,141,61.5,55.650002,45,28.6,2,2,1,1,,,,52448,114222.15
1418183100,105.5,106.9,104.8,105.65,107.62196123323766,110.04900233450576,0,0,0,141,61.5,55.650002,45,28.6,2,2,1,1,,,,36200,111539.4
1418269500,105.05,107,103.1,105.05,107.10756898659012,109.59454757682342,0,0,0,141,61.5,55.650002,45,28.6,2,2,1,1,,,,31822,104303.95
1418355900,105.05,106.4,103.3,104.25,106.5360551892721,109.10867961529401,0,0,0,141,61.5,55.650002,45,28.6,2,2,1,1,,,,29799,101153.65
1418615100,103.8,106,101.4,102.7,105.76884415141768,108.52607237754,0,0,0,141,61.5,55.650002,45,28.6,2,2,1,1,,,,39640,99383.6
1418701500,102.75,103.85,95,97.099998,104.03507492113414,107.48733834321818,0,0,0,141,61.5,55.650002,45,28.6,2,2,1,1,,,,66068,91466.35
1418787900,98,98.900002,90.349998,97.199997,102.6680593369073,106.55212549383471,0,1,0,141,61.5,55.650002,45,28.6,3,2,1,1,,1,,45294,77663.2
1418874300,98,100.5,95.800003,96.800003,101.49444806952584,105.6655689034861,0,0,0,141,61.5,55.650002,45,28.6,3,2,1,1,,,,84273,75668.4
1418960700,98.699997,104.5,97.449997,100.75,101.34555845562068,105.21869900316919,0,0,0,141,61.5,55.650002,45,28.6,3,2,1,1,,,,160698,82000.3
1419219900,101.9,103.6,97.300003,98.449997,100.76644616449654,104.60336245742654,0,0,0,141,61.5,55.650002,45,28.6,3,2,1,1,,,,164667,87244.95
1419306300,100.45,101.35,96.25,97.699997,100.15315633159723,103.97578377947868,0,0,0,141,61.5,55.650002,45,28.6,3,2,1,1,,,,78129,88721.8
1419392700,99.349998,101.35,97.699997,100.1,100.14252506527778,103.62343979952607,0,0,0,141,61.5,55.650002,45,28.6,3,2,1,1,,,,43286,88451.1
1419565500,101.4,103,98.5,101.4,100.39402005222223,103.42130890866007,0,0,0,141,61.5,55.650002,45,28.6,3,2,1,1,,,,92154,89506.4
1419824700,101.55,102.8,100.2,100.7,100.45521604177779,103.17391718969097,0,0,0,141,61.5,55.650002,45,28.6,3,2,1,1,,,,12900,78053.6
1419911100,100.05,102.95,99.050003,102.05,100.77417283342223,103.07174289971906,0,0,0,141,61.5,55.650002,45,28.6,3,2,1,1,,,,37362,76059.75
1419997500,102.2,104.7,101.05,103.6,101.33933826673778,103.11976627247186,0,0,0,141,61.5,55.650002,45,28.6,3,2,1,1,,,,32450,75540.3
1420083900,103.6,108,102.45,107.25,102.52147061339022,103.49524206588352,0,0,0,141,61.5,55.650002,45,28.6,3,2,1,1,,,,58902,69342.6
1420170300,109.05,109.25,103.8,104.75,102.96717649071218,103.60931096898501,0,0,0,141,61.5,55.650002,45,28.6,3,2,1,1,,,,139357,70361.65
1420429500,105.7,118,105.05,111.3,104.63374119256974,104.3084645172591,0,0,0,141,61.5,55.650002,45,28.6,3,2,1,1,,,,445290,85377.35
1420515900,110,110,104,105.6,104.8269929540558,104.42587683387191,0,0,0,141,61.5,55.650002,45,28.6,3,2,1,1,,,,124560,88764.95
1420602300,105.55,109,103.75,107.8,105.42159436324464,104.73261530351992,0,0,0,141,61.5,55.650002,45,28.6,3,2,1,1,,,,87466,90515.85
1420688700,108.95,110.85,105.5,106.8,105.69727549059571,104.92055936683629,0,0,0,141,61.5,55.650002,45,28.6,3,2,1,1,,,,151334,96272.55
1420775100,107.65,108.4,106.3,107.45,106.04782039247657,105.15050851530572,0,0,0,141,61.5,55.650002,45,28.6,3,2,1,1,,,,26979,96030.4
1421034300,108.25,108.25,105.25,106.7,106.17825631398125,105.29137137755065,0,0,0,141,61.5,55.650002,45,28.6,3,2,1,1,,,,25430,95811.95
1421120700,108.15,108.15,105.55,106.3,106.202605051185,105.38306488868241,0,0,0,141,61.5,55.650002,45,28.6,3,2,1,1,,,,57287,96694.3
1421207100,106.6,112.9,106.6,108.4,106.642084040948,105.65733171698402,0,0,0,141,61.5,55.650002,45,28.6,3,2,1,1,,,,239666,105374.2
1421293500,110.85,112.2,109.15,111.1,107.5336672327584,106.15211974271274,0,0,0,141,61.5,55.650002,45,28.6,3,2,1,1,,,,148692,110544.1
1421379900,110.1,113.7,108.55,109.35,107.89693378620672,106.44283612973885,0,0,0,141,61.5,55.650002,45,28.6,3,2,1,1,,,,107988,111729.85
1421639100,109.95,112.7,108.6,109.9,108.29754702896537,106.75712375430804,0,0,0,141,61.5,55.650002,45,28.6,3,2,1,1,,,,122523,109821.1
1421725500,109.9,111.75,108.5,109.55,108.54803762317229,107.0110215948255,0,0,0,141,61.5,55.650002,45,28.6,3,2,1,1,,,,50132,104094.35
1421811900,108.6,115,108.6,109.1,108.65843009853783,107.20092872256863,0,0,0,141,61.5,55.650002,45,28.6,3,2,1,1,,,,299216,115148.7
1421898300,110.45,112.25,108.75,111.2,109.16674407883026,107.56448065688058,0,0,0,141,61.5,55.650002,45,28.6,3,2,1,1,,,,101234,118046.1
1421984700,111.2,114,108,109.05,109.1433952630642,107.69952786989143,0,0,0,141,61.5,55.650002,45,28.6,3,2,1,1,,,,468814,136879.1
1422330300,109.05,110.5,108.1,108.8,109.07471621045137,107.79957079081039,0,0,0,141,61.5,55.650002,45,28.6,3,2,1,1,,,,89099,140689.05
1422416700,108.8,109.9,107.3,107.85,108.8297729683611,107.80415526437308,0,0,0,141,61.5,55.650002,45,28.6,3,2,1,1,,,,56352,141638.55
1422503100,108.05,109.15,103.5,105,108.06381837468888,107.54923205852099,0,0,0,141,61.5,55.650002,45,28.6,3,2,1,1,,,,70653,143548.7
1422589500,105.3,106.4,103.7,104.35,107.3210546997511,107.25839278047363,0,0,0,141,61.5,55.650002,45,28.6,3,2,1,1,,,,39924,142599.8
1422848700,104.05,104.05,97.5,98.75,105.60684375980088,106.4849025277033,0,0,0,141,61.5,55.650002,45,28.6,3,2,1,1,,,,157103,143487.1
1422935100,98.75,103.45,96.550003,98.099998,104.1054746078407,105.72263847973026,0,0,0,141,61.5,55.650002,45,28.6,3,2,1,1,,,,85841,125514.65
1423021500,99.050003,99.050003,95.5,96.099998,102.50437928627257,104.84785298157297,0,0,0,141,61.5,55.650002,45,28.6,3,2,1,1,,,,85772,123575.25
1423107900,98.300003,102.5,96.550003,97.599998,101.52350302901806,104.18895707415724,0,0,0,141,61.5,55.650002,45,28.6,3,2,1,1,,,,281885,133296.2
1423194300,97.849998,98.550003,95.050003,95.800003,100.37880302321445,103.4263248855975,0,0,0,141,61.5,55.650002,45,28.6,3,2,1,1,,,,80836,129771.3
1423453500,96.699997,99.800003,95.599998,99.150002,100.13304281857155,103.03756825963409,0,0,0,141,61.5,55.650002,45,28.6,3,2,1,1,,,,77296,132287.15
1423539900,100.5,103.4,98,99.650002,100.03643465485725,102.72960769057644,0,0,0,141,61.5,55.650002,45,28.6,3,2,1,1,,,,134145,137722.9
1423626300,100.95,102.7,99.25,99.599998,99.9491473238858,102.44509771870585,0,0,0,141,61.5,55.650002,45,28.6,3,2,1,1,,,,79903,138853.7
1423712700,101.3,101.3,97,99,99.75931785910863,102.13190701700532,0,0,0,141,61.5,55.650002,45,28.6,3,2,1,1,,,,96310,131685.9
1423799100,99.599998,100.45,99.050003,99.849998,99.77745388728691,101.92446074273211,0,0,0,141,61.5,55.650002,45,28.6,3,2,1,1,,,,126774,130590
1424058300,100.8,100.8,99,99.900002,99.80196350982953,101.74041903884738,0,0,0,141,61.5,55.650002,45,28.6,3,2,1,1,,,,60161,128198.65
1424231100,100.85,100.85,98.599998,99.25,99.69157080786363,101.51401730804307,0,0,0,141,61.5,55.650002,45,28.6,3,2,1,1,,,,58161,124980.55
1424317500,99.949997,100.85,98.699997,99.349998,99.62325624629091,101.31728828003915,0,0,0,141,61.5,55.650002,45,28.6,3,2,1,1,,,,46905,124819.2
1424403900,99.199997,100.35,98.150002,98.449997,99.38860439703272,101.05662543639923,0,0,0,141,61.5,55.650002,45,28.6,3,2,1,1,,,,81621,113939.45
1424663100,99,99.650002,97.75,98.25,99.16088351762617,100.80147766945385,0,0,0,141,61.5,55.650002,45,28.6,3,2,1,1,,,,60476,111901.55
1424749500,99.449997,99.449997,96.099998,97.150002,98.75870721410094,100.46952533586713,0,0,0,141,61.5,55.650002,45,28.6,3,2,1,1,,,,24160,89668.85
1424835900,99.400002,99.699997,97.050003,98,98.60696577128076,100.24502303260648,0,0,0,141,61.5,55.650002,45,28.6,3,2,1,1,,,,45064,87467.1
1424922300,98.849998,99,96.199997,97.050003,98.29557321702461,99.95456666600589,0,0,0,141,61.5,55.650002,45,28.6,3,2,1,1,,,,24937,85896.35
1425008700,98.050003,98.050003,90.25,95.349998,97.7064581736197,99.53596951455081,0,0,0,141,61.5,55.650002,45,28.6,3,2,1,1,,,,54249,85076.15
1425095100,97.400002,98,93.800003,94.599998,97.08516613889576,99.08724483140983,0,0,0,141,61.5,55.650002,45,28.6,3,2,1,1,,,,66674,86413.65
1425267900,96.5,98,93.25,94.800003,96.6281335111166,98.69749557400894,0,0,0,141,61.5,55.650002,45,28.6,3,2,1,1,,,,91708,83143.9
1425354300,96,98.5,94,97.949997,96.89250620889328,98.62954115818995,0,0,0,141,61.5,55.650002,45,28.6,3,2,1,1,,,,101040,83903.85
1425440700,98.699997,100.35,95.5,98.199997,97.15400436711462,98.59049168926359,0,0,0,141,61.5,55.650002,45,28.6,3,2,1,1,,,,152784,87254.45
1425527100,99,100,97,99.349998,97.5932030936917,98.65953771751235,0,0,0,141,61.5,55.650002,45,28.6,3,2,1,1,,,,28837,74602.05
1425872700,99.5,101.1,97.099998,99.75,98.02456247495336,98.75867065228395,0,0,0,141,61.5,55.650002,45,28.6,3,2,1,1,,,,26361,71878.3
1425959100,100,101,98.050003,99.150002,98.24965037996269,98.79424622934904,0,0,0,141,61.5,55.650002,45,28.6,3,2,1,1,,,,45505,70288.75
1426045500,99,100.7,98.150002,99.75,98.54972030397015,98.88113293577186,0,0,0,141,61.5,55.650002,45,28.6,3,2,1,1,,,,33830,65273
1426131900,99.099998,100.95,97.5,98.199997,98.47977564317611,98.81921148706533,0,0,0,141,61.5,55.650002,45,28.6,3,2,1,1,,,,20576,62306.65
1426218300,99.900002,100.25,95.800003,96.900002,98.16382091454089,98.64473789733212,0,0,0,141,61.5,55.650002,45,28.6,3,2,1,1,,,,46767,59829.5
1426477500,96.5,98.699997,90.5,92.099998,96.95105633163271,98.0497615430292,0,0,0,141,61.5,55.650002,45,28.6,3,2,1,1,,,,104040,58692.8
1426563900,93.099998,95.949997,91,93.900002,96.34084546530617,97.67251067548109,0,0,0,141,61.5,55.650002,45,28.6,3,2,1,1,,,,44549,57912.2
1426650300,93.800003,96.099998,92.349998,93.949997,95.86267577224494,97.33410034134644,0,0,0,141,61.5,55.650002,45,28.6,3,2,1,1,,,,40765,57042.4
1426736700,95.5,95.5,93.300003,94.300003,95.55014121779595,97.05827331031495,0,0,0,141,61.5,55.650002,45,28.6,3,2,1,1,,,,33547,56374.5
1426823100,93.900002,95.949997,92.300003,93.550003,95.15011357423677,96.73933964574086,0,0,0,141,61.5,55.650002,45,28.6,3,2,1,1,,,,129397,58763.3
1427082300,93.550003,93.949997,90.300003,91.449997,94.41009025938942,96.25849031430987,0,0,0,141,61.5,55.650002,45,28.6,3,2,1,1,,,,22773,56878.15
1427168700,90.349998,93.400002,90,91.800003,93.88807280751153,95.85317328573625,0,0,0,141,61.5,55.650002,45,28.6,3,2,1,1,,,,39565,57648.4
1427255100,92.099998,92.449997,88.800003,89.699997,93.05045764600922,95.29379362339658,0,0,0,141,61.5,55.650002,45,28.6,3,2,1,1,,,,68696,58830
1427341500,89,89.599998,86.099998,86.949997,91.83036551680738,94.53526665763326,0,1,0,141,61.5,55.650002,45,28.6,3,3,1,1,,1,,35060,59336.15
1427427900,85.400002,87.650002,81.900002,83.400002,90.1442928134459,93.5229698705757,0,0,0,141,61.5,55.650002,45,28.6,3,3,1,1,,,,100086,61628
1427687100,86.699997,97.599998,86.650002,93.400002,90.79543465075672,93.51179097325063,0,0,0,141,61.5,55.650002,45,28.6,3,3,1,1,,,,370593,76823.95
1427773500,97,99.900002,94.099998,94.900002,91.61634812060538,93.63799197568238,0,0,0,141,61.5,55.650002,45,28.6,3,3,1,1,,,,696456,107061.35
1427859900,96.900002,98,95.25,97.699997,92.8330778964843,94.00726515971125,0,0,0,141,61.5,55.650002,45,28.6,3,3,1,1,,,,165772,110297.95
1428291900,98,100.7,97.699997,99.599998,94.18646191718744,94.51569541791932,0,0,0,141,61.5,55.650002,45,28.6,3,3,1,1,,,,154780,110397.75
1428378300,100.9,102.3,97.050003,97.949997,94.93916893374995,94.82790465265393,0,0,0,141,61.5,55.650002,45,28.6,3,3,1,1,,,,115245,114718.15
1428464700,98.050003,101,97.550003,100.15,95.98133514699997,95.31173150241266,0,0,0,141,61.5,55.650002,45,28.6,3,3,1,1,,,,92584,118029.3
1428551100,102,102.4,98.5,99.400002,96.66506851759998,95.68339245673877,0,0,0,141,61.5,55.650002,45,28.6,3,3,1,1,,,,95793,120543.7
1428637500,99.099998,103.8,97.25,101.85,97.70205481407999,96.2439931424898,0,0,0,141,61.5,55.650002,45,28.6,3,3,1,1,,,,111575,124430.95
1428896700,101.6,107.45,101.5,105.1,99.18164385126398,97.04908467499072,0,0,0,141,61.5,55.650002,45,28.6,3,3,1,1,,,,173164,132060.35
1429069500,106.8,108.8,103.2,104.6,100.26531508101118,97.73553152271884,0,0,0,141,61.5,55.650002,45,28.6,3,3,1,1,,,,238654,141654.7
1429155900,104,104,98.900002,100.85,100.38225206480894,98.0186650206535,0,0,0,141,61.5,55.650002,45,28.6,3,3,1,1,,,,261421,149523.75
1429242300,101.1,101.45,97.800003,98.949997,100.09580105184715,98.10333156423046,0,0,0,141,61.5,55.650002,45,28.6,3,3,1,1,,,,44658,149529.2
1429501500,98.900002,99.5,96.599998,96.949997,99.46664024147772,97.99848296748223,0,0,0,141,61.5,55.650002,45,28.6,3,3,1,1,,,,44756,149728.75
1429587900,97.099998,100,95.349998,98.949997,99.36331159318217,98.08498424316566,0,0,0,141,61.5,55.650002,45,28.6,3,3,1,1,,,,39757,150039.25
1429674300,99.900002,99.900002,96,98.099998,99.11064887454575,98.08634913015061,0,0,0,141,61.5,55.650002,45,28.6,3,3,1,1,,,,46519,145895.35
1429760700,99.849998,99.849998,95.849998,96.5,98.5885190996366,97.94213557286419,0,0,0,141,61.5,55.650002,45,28.6,3,3,1,1,,,,21877,145850.55
1429847100,96,96.099998,92.650002,93.25,97.52081527970928,97.5155777935129,0,0,0,141,61.5,55.650002,45,28.6,3,3,1,1,,,,29415,145343.05
1430106300,94.099998,96.900002,90.900002,95.550003,97.12665282376743,97.33688917592082,0,0,0,141,61.5,55.650002,45,28.6,3,3,1,1,,,,85256,146171.05
1430192700,96,96,90.800003,92.949997,96.29132165901395,96.93808079629166,0,0,0,141,61.5,55.650002,45,28.6,3,3,1,1,,,,73033,148069.7
1430279100,92.949997,94,91.5,91.699997,95.37305672721115,96.46189136026514,0,0,0,141,61.5,55.650002,45,28.6,3,3,1,1,,,,48964,145513.6
1430365500,91.699997,93,91,91.449997,94.58844478176891,96.00626460024104,0,0,0,141,61.5,55.650002,45,28.6,3,3,1,1,,,,30166,128492.25
1430711100,92.5,95.900002,92,95.099998,94.69075542541513,95.92387672749186,0,0,0,141,61.5,55.650002,45,28.6,3,3,1,1,,,,40183,95678.6
1430797500,95.900002,95.900002,92.349998,92.75,94.30260434033211,95.63534247953805,0,0,0,141,61.5,55.650002,45,28.6,3,3,1,1,,,,24047,88592.35
1430883900,92.5,94.849998,89.5,90.75,93.59208347226568,95.19122043594369,0,0,0,141,61.5,55.650002,45,28.6,3,3,1,1,,,,39605,82833.6
1430970300,91,91,88.5,89.349998,92.74366637781254,94.66020021449427,0,0,0,141,61.5,55.650002,45,28.6,3,3,1,1,,,,28704,78506.55
1431056700,91.449997,101.6,89.199997,92.400002,92.67493350225004,94.45472764954025,0,0,0,141,61.5,55.650002,45,28.6,3,3,1,1,,,,685325,108143.6
1431315900,93,95.900002,92.150002,93.300003,92.79994740180004,94.34975268140022,0,0,0,141,61.5,55.650002,45,28.6,3,3,1,1,,,,91826,107945.25
1431402300,93.5,94.400002,90.5,91.25,92.48995792144004,94.06795698309111,0,0,0,141,61.5,55.650002,45,28.6,3,3,1,1,,,,34790,104106
1431488700,93.199997,93.25,90.5,91.599998,92.31196593715202,93.84359707553737,0,0,0,141,61.5,55.650002,45,28.6,3,3,1,1,,,,19462,96420.9
1431575100,90.699997,93.25,90.5,91.5,92.14957274972161,93.63054279594307,0,0,0,141,61.5,55.650002,45,28.6,3,3,1,1,,,,35803,86278.35
1431661500,94,95,92,94.099998,92.53965779977729,93.67322054176643,0,0,0,141,61.5,55.650002,45,28.6,3,3,1,1,,,,93346,77874.6
1431920700,94.650002,100,94.050003,98.300003,93.69172683982183,94.09383712887858,0,0,0,141,61.5,55.650002,45,28.6,3,3,1,1,,,,109656,81124.5
1432007100,98.25,101.5,96.150002,100.75,95.10338147185746,94.69894284443507,0,0,0,141,61.5,55.650002,45,28.6,3,3,1,1,,,,67511,82262.25
1432093500,102.45,104,97.400002,98.050003,95.69270577748597,95.00358467675915,0,0,0,141,61.5,55.650002,45,28.6,3,3,1,1,,,,51625,82855.65
1432179900,99.849998,99.849998,96.300003,98.300003,96.21416522198878,95.30325906978105,0,0,0,141,61.5,55.650002,45,28.6,3,3,1,1,,,,12691,81164.25
1432266300,97.550003,104.5,95.400002,102.3,97.43133217759102,95.93932642707368,0,0,0,141,61.5,55.650002,45,28.6,3,3,1,1,,,,95067,84823.75
1432525500,104.95,104.95,99.199997,100.85,98.11506574207282,96.38575129733971,0,0,0,141,61.5,55.650002,45,28.6,3,3,1,1,,,,31724,84939.2
1432611900,101.8,101.85,97.199997,98.849998,98.26205219365825,96.60977372485428,0,0,0,141,61.5,55.650002,45,28.6,3,3,1,1,,,,25489,81950.85
1432698300,98.449997,105,97.099998,101.55,98.9196417549266,97.05888520441297,0,0,0,141,61.5,55.650002,45,28.6,3,3,1,1,,,,187087,87653.55
1432784700,102.45,104.35,98,103.55,99.84571340394128,97.64898654946634,0,0,0,141,61.5,55.650002,45,28.6,3,3,1,1,,,,183800,94395.35
1432871100,103,103,99.099998,100.45,99.96657072315303,97.90362413587849,0,0,0,141,61.5,55.650002,45,28.6,3,3,1,1,,,,45602,95167.15
1433130300,100,101.95,98.599998,99.25,99.82325657852242,98.02602194170771,0,0,0,141,61.5,55.650002,45,28.6,3,3,1,1,,,,42988,95307.4
1433216700,100.9,100.9,96.050003,96.5,99.15860526281793,97.88729267427973,0,0,0,141,61.5,55.650002,45,28.6,3,3,1,1,,,,41113,96160.7
1433303100,98.349998,98.349998,92.599998,93.599998,98.04688381025434,97.49753861298157,0,0,0,141,61.5,55.650002,45,28.6,3,3,1,1,,,,69297,97645.3
1433389500,93.550003,94.699997,91.050003,92.150002,96.86750744820347,97.01139892089233,0,0,0,141,61.5,55.650002,45,28.6,3,3,1,1,,,,71567,99788.45
1433475900,91.800003,93.650002,90.050003,92.5,95.99400595856278,96.60127174626575,0,0,0,141,61.5,55.650002,45,28.6,3,3,1,1,,,,37575,67400.95
1433735100,93.849998,94.300003,89.550003,90.150002,94.82520516685022,96.0147926784234,0,0,0,141,61.5,55.650002,45,28.6,3,3,1,1,,,,63623,65990.8
1433821500,91.099998,92.5,86.5,86.900002,93.24016453348018,95.18617534402128,0,0,0,141,61.5,55.650002,45,28.6,3,3,1,1,,,,79727,68237.65
1433907900,89.25,89.949997,88.300003,89.199997,92.43213102678415,94.64197731274662,0,0,0,141,61.5,55.650002,45,28.6,3,3,1,1,,,,16566,68092.85
1433994300,90.050003,90.900002,86.5,87.349998,91.41570442142732,93.97907010249692,0,0,0,141,61.5,55.650002,45,28.6,3,3,1,1,,,,21783,67391.85
1434080700,87.050003,89.699997,85.300003,89.300003,90.99256413714185,93.5537003659063,0,0,0,141,61.5,55.650002,45,28.6,3,3,1,1,,,,20173,63733.2
1434339900,91.849998,91.849998,86.25,87.300003,90.25405190971348,92.98518242355118,0,0,0,141,61.5,55.650002,45,28.6,3,3,1,1,,,,38761,60188.45
1434426300,87.5,88.400002,84.5,85.75,89.35324152777079,92.32743856686471,0,0,0,141,61.5,55.650002,45,28.6,3,3,1,1,,,,206293,67127.55
1434512700,86.75,87,83.75,84.75,88.43259322221664,91.63858051533155,0,0,0,141,61.5,55.650002,45,28.6,3,3,1,1,,,,119327,70512.65
1434599100,85.349998,86,84.650002,85.25,87.79607457777331,91.05780046848324,0,0,0,141,61.5,55.650002,45,28.6,3,3,1,1,,,,359614,87858.8
1434685500,85.900002,88.849998,85.900002,87.300003,87.69686026221865,90.71618251680295,0,0,0,141,61.5,55.650002,45,28.6,3,3,1,1,,,,26464,84428.65
1434944700,88.800003,90.5,87.800003,89.550003,88.06748880977491,90.61016619709359,0,0,0,141,61.5,55.650002,45,28.6,3,3,1,1,,,,61879,85936.4
1435031100,90.050003,90.550003,87.400002,87.949997,88.04399044781994,90.36833263372145,0,0,0,141,61.5,55.650002,45,28.6,3,3,1,1,,,,548040,112063.95
1435117500,88.150002,90,86.75,87.199997,87.87519175825595,90.08030212156496,0,0,0,141,61.5,55.650002,45,28.6,3,3,1,1,,,,74871,106453.15
1435203900,88.550003,89.650002,86.650002,88.5,88.00015340660477,89.93663829233178,0,0,0,141,61.5,55.650002,45,28.6,3,3,1,1,,,,20491,98287.7
1435290300,88.849998,91.75,88,88.800003,88.16012332528382,89.8333078112107,0,0,0,141,61.5,55.650002,45,28.6,3,3,1,1,,,,51442,98579.7
1435549500,87,88.050003,85,86.650002,87.85809906022706,89.54391637382791,0,0,0,141,61.5,55.650002,45,28.6,3,3,1,1,,,,17349,97297.75
1435635900,87.849998,91.949997,86.199997,90.349998,88.35647884818165,89.61719652166174,0,0,0,141,61.5,55.650002,45,28.6,3,3,1,1,,,,159569,103220.55
1435722300,90.349998,90.349998,88.050003,88.599998,88.40518267854532,89.5247239287834,0,0,0,141,61.5,55.650002,45,28.6,3,3,1,1,,,,36447,101578.05
1435808700,88.849998,90.050003,88,89.25,88.57414614283626,89.49974902616673,0,0,0,141,61.5,55.650002,45,28.6,3,3,1,1,,,,118773,103938.35
1435895100,89.949997,90,88.949997,89.400002,88.739317314269,89.49068111469703,0,0,0,141,61.5,55.650002,45,28.6,3,3,1,1,,,,43300,104224.6
1436154300,88.849998,90.449997,87.25,90,88.9914538514152,89.53698283154274,0,0,0,141,61.5,55.650002,45,28.6,3,3,1,1,,,,47585,103422.7
1436240700,91.650002,96,88,94.349998,90.06316268113216,89.97452966503886,0,0,0,141,61.5,55.650002,45,28.6,3,3,1,1,,,,441154,121494.05
1436327100,93,95.5,90.099998,92.050003,90.46053074490572,90.16320905912623,0,0,0,141,61.5,55.650002,45,28.6,3,3,1,1,,,,79441,124637.8
1436413500,93,94.699997,89.599998,90.5,90.46842459592457,90.19382641738748,0,0,0,141,61.5,55.650002,45,28.6,3,3,1,1,,,,47108,125904.05
1436499900,91.599998,92.800003,88.75,89.699997,90.31473907673966,90.14893283398862,0,0,0,141,61.5,55.650002,45,28.6,3,3,1,1,,,,19454,125868.1
1436759100,89.699997,91.650002,89.099998,90.199997,90.29179066139173,90.15357503089875,0,0,0,141,61.5,55.650002,45,28.6,3,3,1,1,,,,26266,125243.35
1436845500,90.349998,91.400002,88.400002,88.849998,90.00343212911338,90.03506802808977,0,0,0,141,61.5,55.650002,45,28.6,3,3,1,1,,,,81810,119019.2
1436931900,89.75,92.900002,89,91.300003,90.2627463032907,90.15006211644524,0,0,0,141,61.5,55.650002,45,28.6,3,3,1,1,,,,146460,120375.85
1437018300,92.5,94.5,90.599998,91.599998,90.53019664263256,90.28187446949568,0,0,0,141,61.5,55.650002,45,28.6,3,3,1,1,,,,114154,108102.85
1437104700,91.050003,93.5,89.099998,89.75,90.37415731410604,90.23352224499607,0,0,0,141,61.5,55.650002,45,28.6,3,3,1,1,,,,109982,112278.75
1437363900,89.449997,92,89,89.550003,90.20932645128484,90.1713841318146,0,0,0,141,61.5,55.650002,45,28.6,3,3,1,1,,,,96475,114008.55
1437450300,89.599998,91.199997,88.300003,88.550003,89.87746176102787,90.02398584710419,0,0,0,141,61.5,55.650002,45,28.6,3,3,1,1,,,,118603,92536.7
1437536700,88.849998,90.400002,88.550003,89.949997,89.8919688088223,90.01725958827653,0,0,0,141,61.5,55.650002,45,28.6,3,3,1,1,,,,40888,90837.55
1437623100,89.599998,91.400002,89.199997,89.949997,89.90357444705784,90.01114480752412,0,0,0,141,61.5,55.650002,45,28.6,3,3,1,1,,,,61985,92912.25
1437709500,89.650002,90.849998,88.099998,88.5,89.62285955764627,89.87376800684011,0,0,0,141,61.5,55.650002,45,28.6,3,3,1,1,,,,42551,92467.7
1437968700,88.25,90,88.199997,89.099998,89.51828724611701,89.80342527894555,0,0,0,141,61.5,55.650002,45,28.6,3,3,1,1,,,,79392,95569.85
1438055100,89.599998,89.800003,87.699997,88.150002,89.24463019689361,89.65311407176868,0,0,0,141,61.5,55.650002,45,28.6,3,3,1,1,,,,113000,93241.4
1438141500,88.75,91.949997,88.300003,89.150002,89.22570455751489,89.60737661069881,0,0,0,141,61.5,55.650002,45,28.6,3,3,1,1,,,,126219,97730
1438227900,89.900002,90.849998,86.599998,87.699997,88.9205630460119,89.43397846427165,0,0,0,141,61.5,55.650002,45,28.6,3,3,1,1,,,,76050,95593.85
1438314300,89.449997,91.5,88.25,90.75,89.28645043680953,89.5536167857015,0,0,0,141,61.5,55.650002,45,28.6,3,3,1,1,,,,95553,98206.5
1438573500,93.400002,94.900002,90.550003,93,90.02916034944762,89.86692435063772,0,0,0,141,61.5,55.650002,45,28.6,3,3,1,1,,,,291338,110394.15
1438659900,94.949997,107.9,93.199997,103.8,92.78332827955809,91.13356759148883,0,0,0,141,61.5,55.650002,45,28.6,3,3,1,1,,,,1212437,148958.3
1438746300,105,107.4,97.650002,101,94.42666262364648,92.03051599226256,0,0,0,141,61.5,55.650002,45,28.6,3,3,1,1,,,,535020,171737.25
1438832700,102.5,107.6,99.25,102.65,96.07133009891719,92.99592362932961,0,0,0,141,61.5,55.650002,45,28.6,3,3,1,1,,,,399127,189338.2
1438919100,102.9,103.1,100,102.05,97.26706407913375,93.81902148120874,0,0,0,141,61.5,55.650002,45,28.6,3,3,1,1,,,,136940,195212.5
1439178300,102.75,103.9,98.099998,99.449997,97.703650663307,94.33092834655339,0,0,0,141,61.5,55.650002,45,28.6,3,3,1,1,,,,65966,197197.5
1439264700,99.800003,99.900002,94.25,96.199997,97.4029199306456,94.5008436786849,0,0,0,141,61.5,55.650002,45,28.6,3,3,1,1,,,,117094,198961.7
1439351100,95.849998,96.199997,89.849998,91.550003,96.23233654451647,94.23258543516809,0,0,0,141,61.5,55.650002,45,28.6,3,3,1,1,,,,155749,199426.15
1439437500,94.25,96.900002,91,92.050003,95.39586983561318,94.03416885015281,0,0,0,141,61.5,55.650002,45,28.6,3,3,1,1,,,,83844,197910.65
1439523900,93.849998,93.849998,91.150002,92,94.71669586849055,93.84924440922983,0,0,0,141,61.5,55.650002,45,28.6,3,3,1,1,,,,100501,197436.6
1439783100,91.5,96.5,90.400002,94.75,94.72335669479244,93.93113128111803,0,0,0,141,61.5,55.650002,45,28.6,3,3,1,1,,,,74643,196345
1439869500,94.599998,96.550003,93.199997,94.349998,94.64868495583396,93.96921007374367,0,0,0,141,61.5,55.650002,45,28.6,3,3,1,1,,,,39345,192382.1
1439955900,93.800003,93.800003,91.150002,91.900002,94.09894836466717,93.78110024885788,0,0,0,141,61.5,55.650002,45,28.6,3,3,1,1,,,,28989,191787.15
1440042300,91.5,93,88.5,88.800003,93.03915929173374,93.32827322623444,0,0,0,141,61.5,55.650002,45,28.6,3,3,1,1,,,,65755,191975.65
1440128700,88.800003,90.449997,86.25,88.650002,92.16132783338699,92.90297584203131,0,0,0,141,61.5,55.650002,45,28.6,3,3,1,1,,,,94332,194564.7
1440387900,87,87,78.800003,80.25,89.77906226670959,91.75270531093756,0,0,0,141,61.5,55.650002,45,28.6,3,3,1,1,,,,133789,197284.55
1440474300,80.800003,84,73.449997,83.050003,88.43325041336767,90.96155055539778,0,0,0,141,61.5,55.650002,45,28.6,3,3,1,1,,,,53373,194303.2
1440560700,82.400002,84.900002,80.099998,82.099998,87.16659993069413,90.15595486854343,0,0,0,141,61.5,55.650002,45,28.6,3,3,1,1,,,,29228,189453.65
1440647100,82.050003,84.800003,82.050003,83.550003,86.44328054455531,89.55541378958493,0,0,0,141,61.5,55.650002,45,28.6,3,3,1,1,,,,81410,189721.65
1440733500,84.199997,87,83.800003,86.050003,86.36462503564425,89.23674008144084,0,0,0,141,61.5,55.650002,45,28.6,3,3,1,1,,,,198471,194867.55
1440992700,85.650002,87.5,83.699997,86.849998,86.4616996285154,89.01976352858259,0,0,0,141,61.5,55.650002,45,28.6,3,3,1,1,,,,146567,187629
1441079100,86.849998,86.849998,84.5,85,86.16935970281233,88.65433048052962,0,0,0,141,61.5,55.650002,45,28.6,3,3,1,1,,,,498022,151908.25
1441165500,85,85.849998,84.949997,85,85.93548776224986,88.3221186186633,0,0,0,141,61.5,55.650002,45,28.6,3,3,1,1,,,,57143,128014.4
1441251900,85.099998,87.5,84.949997,85.050003,85.75839080979989,88.02465356242118,0,0,0,141,61.5,55.650002,45,28.6,3,3,1,1,,,,72863,111701.2
1441338300,85.5,86.75,83.75,86.199997,85.84671204783992,87.85877569311016,0,0,0,141,61.5,55.650002,45,28.6,3,3,1,1,,,,81648,108936.6
1441597500,85.550003,86.650002,83,85,85.67736963827193,87.59888699373651,0,0,0,141,61.5,55.650002,45,28.6,3,3,1,1,,,,38684,107572.5
1441683900,86.150002,87.550003,85,86.099998,85.76189531061755,87.46262435794229,0,0,0,141,61.5,55.650002,45,28.6,3,3,1,1,,,,59690,104702.3
1441770300,87.050003,88.900002,86.5,87.150002,86.03951664849404,87.4342041435839,0,0,0,141,61.5,55.650002,45,28.6,3,3,1,1,,,,25795,98204.6
1441856700,86.050003,88,85.75,86.550003,86.14161391879523,87.35382222143991,0,0,0,141,61.5,55.650002,45,28.6,3,3,1,1,,,,26780,95351.4
1441943100,87.800003,88.400002,86.949997,87.699997,86.45329053503619,87.38529265585447,0,0,0,141,61.5,55.650002,45,28.6,3,3,1,1,,,,22939,91473.3
1442202300,87.050003,88.349998,82.050003,83.699997,85.90263182802894,87.05026577804952,0,0,0,141,61.5,55.650002,45,28.6,3,3,1,1,,,,78558,91669.05
1442288700,83.699997,88.5,83.699997,85.650002,85.85210586242316,86.92296907095411,0,0,0,141,61.5,55.650002,45,28.6,3,3,1,1,,,,93017,94352.65
1442375100,86.599998,86.599998,84.550003,85.400002,85.76168508993852,86.78451751904919,0,0,0,141,61.5,55.650002,45,28.6,3,3,1,1,,,,23101,94058.25
1442547900,85.25,86.900002,85,85.900002,85.78934847195082,86.70410701731744,0,0,0,141,61.5,55.650002,45,28.6,3,3,1,1,,,,51983,93369.65
1442807100,87.25,87.300003,84.150002,84.900002,85.61147917756065,86.54009747028859,0,0,0,141,61.5,55.650002,45,28.6,3,3,1,1,,,,36932,90499.65
1442893500,86,86,84.25,85,85.48918334204852,86.40008860935326,0,0,0,141,61.5,55.650002,45,28.6,3,3,1,1,,,,53786,86499.5
1442979900,84.349998,85.349998,83.300003,84.800003,85.35134727363882,86.25462628123024,0,0,0,141,61.5,55.650002,45,28.6,3,3,1,1,,,,18691,84765.4
1443066300,85.400002,86.5,85,85.150002,85.31107821891106,86.15420589202749,0,0,0,141,61.5,55.650002,45,28.6,3,3,1,1,,,,27789,84693.45
1443411900,86.949997,86.949997,84.699997,85.050003,85.25886317512885,86.05382381093408,0,0,0,141,61.5,55.650002,45,28.6,3,3,1,1,,,,24022,81824.05
1443498300,84.349998,85.900002,84,85,85.20709054010308,85.9580216463037,0,0,0,141,61.5,55.650002,45,28.6,3,3,1,1,,,,70447,75422.85
1443584700,85.050003,86.699997,84.5,86.099998,85.38567203208247,85.97092858754883,0,0,0,141,61.5,55.650002,45,28.6,3,3,1,1,,,,140876,75138.3
1443671100,86.150002,88.449997,84.5,86.900002,85.68853802566598,86.05538980686256,0,0,0,141,61.5,55.650002,45,28.6,3,3,1,1,,,,57322,53103.3
1444016700,86.949997,94.400002,86.550003,92.900002,87.13083082053278,86.67762727896597,0,0,0,141,61.5,55.650002,45,28.6,3,3,1,1,,,,177754,59133.85
1444103100,96.900002,96.900002,90.199997,90.949997,87.89466405642622,87.0660245263327,0,0,0,141,61.5,55.650002,45,28.6,3,3,1,1,,,,410407,76011.05
1444189500,91.949997,92.699997,89.050003,91.050003,88.52573184514098,87.42820438757518,0,0,0,141,61.5,55.650002,45,28.6,3,3,1,1,,,,61624,75009.85
1444275900,91.900002,92,90,91.449997,89.11058487611278,87.79382189779561,0,0,0,141,61.5,55.650002,45,28.6,3,3,1,1,,,,49275,75539.4
1444362300,90.800003,92.800003,89.650002,90.349998,89.35846750089023,88.02620154345055,0,0,0,141,61.5,55.650002,45,28.6,3,3,1,1,,,,70906,76100.2
1444621500,90.349998,90.5,88.5,89.349998,89.35677360071219,88.14654667586414,0,0,0,141,61.5,55.650002,45,28.6,3,3,1,1,,,,66414,78131.15
1444707900,88.099998,91.25,88.099998,90.25,89.53541888056975,88.33776970533104,0,0,0,141,61.5,55.650002,45,28.6,3,3,1,1,,,,64388,80011.55
1444794300,90.400002,90.900002,89.25,90.400002,89.7083355044558,88.52524536848277,0,0,0,141,61.5,55.650002,45,28.6,3,3,1,1,,,,90605,83394.85
1444880700,90.900002,90.900002,89.599998,90,89.76666840356464,88.65931397134797,0,0,0,141,61.5,55.650002,45,28.6,3,3,1,1,,,,27588,80846.35
1444967100,90.300003,90.650002,88.5,89.150002,89.64333512285171,88.7039219739527,0,0,0,141,61.5,55.650002,45,28.6,3,3,1,1,,,,26165,77503.75
1445226300,89.199997,90,88.75,89.699997,89.65466749828137,88.79447424904791,0,0,0,141,61.5,55.650002,45,28.6,3,3,1,1,,,,18039,77250.65
1445312700,89.900002,94.5,88.699997,90.699997,89.8637333986251,88.96770359004356,0,0,0,141,61.5,55.650002,45,28.6,3,3,1,1,,,,316151,90459.05
1445399100,91,92.5,90,91.599998,90.21098631890008,89.20700308185778,0,0,0,141,61.5,55.650002,45,28.6,3,3,1,1,,,,75595,92392.2
1445571900,91.699997,92.150002,90.050003,90.599998,90.28878865512007,89.33363898350707,0,0,0,141,61.5,55.650002,45,28.6,3,3,1,1,,,,33895,91397.65
1445831100,90.550003,91.550003,89.099998,89.800003,90.19103152409606,89.37603571227916,0,0,0,141,61.5,55.650002,45,28.6,3,3,1,1,,,,27142,91820.2
1445917500,90.400002,90.400002,88.800003,89.900002,90.13282561927684,89.42366901116287,0,0,0,141,61.5,55.650002,45,28.6,3,3,1,1,,,,25280,91694.75
1446003900,89.349998,90.199997,88.5,89.599998,90.02626009542148,89.43969891923898,0,0,0,141,61.5,55.650002,45,28.6,3,3,1,1,,,,44999,92743.6
1446090300,89.349998,90.050003,88.050003,89.75,89.97100807633718,89.46790810839907,0,0,0,141,61.5,55.650002,45,28.6,3,3,1,1,,,,26028,90522.65
1446176700,89.349998,90.300003,89,89.800003,89.93680706106974,89.49809855309006,0,0,0,141,61.5,55.650002,45,28.6,3,3,1,1,,,,160149,91486.3
1446435900,90.849998,92.900002,89.599998,91.400002,90.22944604885579,89.67099886644552,0,0,0,141,61.5,55.650002,45,28.6,3,3,1,1,,,,48612,91050.8
1446522300,90.699997,92.75,90.099998,91.75,90.53355683908464,89.85999896949592,0,0,0,141,61.5,55.650002,45,28.6,3,3,1,1,,,,36969,84011.55
1446608700,91.349998,94.400002,89,89.800003,90.38684607126771,89.85454479045083,0,0,0,141,61.5,55.650002,45,28.6,3,3,1,1,,,,172996,72141
1446695100,90.5,92.099998,89.550003,90.550003,90.41947745701417,89.91776826404622,0,0,0,141,61.5,55.650002,45,28.6,3,3,1,1,,,,98893,74004.45
1446781500,90.300003,91,90,90.050003,90.34558256561134,89.92978960367837,0,0,0,141,61.5,55.650002,45,28.6,3,3,1,1,,,,16456,72363.5
1447040700,88,91.900002,88,90.199997,90.31646545248907,89.95435391243488,0,0,0,141,61.5,55.650002,45,28.6,3,3,1,1,,,,46904,71163.4
1447127100,89.550003,90.75,89,89.800003,90.21317296199126,89.94032201130445,0,0,0,141,61.5,55.650002,45,28.6,3,3,1,1,,,,25142,69099.8
1447213500,91.449997,91.449997,90.050003,90.900002,90.35053876959302,90.02756564664041,0,0,0,141,61.5,55.650002,45,28.6,3,3,1,1,,,,15501,66655.45
1447386300,91.699997,91.699997,89.75,90.050003,90.29043161567441,90.02960540603674,0,0,0,141,61.5,55.650002,45,28.6,3,3,1,1,,,,16599,62955.15
1447645500,89.5,94.449997,88.099998,93.449997,90.92234469253953,90.34055009639704,0,0,0,141,61.5,55.650002,45,28.6,3,3,1,1,,,,197383,71444.9
1447731900,93.349998,95,90.199997,90.949997,90.92787515403163,90.39595436036095,0,0,0,141,61.5,55.650002,45,28.6,3,3,1,1,,,,277055,83989.4
1447818300,90.050003,94.5,90,93,91.3423001232253,90.63268578214631,0,0,0,141,61.5,55.650002,45,28.6,3,3,1,1,,,,132584,89716.65
1447904700,93,93.349998,90.5,90.949997,91.26383949858024,90.66153225649664,0,0,0,141,61.5,55.650002,45,28.6,3,3,1,1,,,,57588,76788.5
1447991100,91.050003,91.900002,89.599998,90.25,91.06107159886419,90.62412023317877,0,0,0,141,61.5,55.650002,45,28.6,3,3,1,1,,,,18824,73949.95
1448250300,90.599998,91.5,89,89.949997,90.83885667909135,90.56283630288979,0,0,0,141,61.5,55.650002,45,28.6,3,3,1,1,,,,46807,74595.55
1448336700,90,91.449997,89.099998,90.949997,90.86108474327308,90.59803272989981,0,0,0,141,61.5,55.650002,45,28.6,3,3,1,1,,,,48171,75647
1448509500,90.599998,96.650002,90.349998,94.650002,91.61886819461847,90.96639357263619,0,0,0,141,61.5,55.650002,45,28.6,3,3,1,1,,,,368721,92819.05
1448595900,94.599998,96,93.25,94.650002,92.22509495569477,91.3012670660329,0,0,0,141,61.5,55.650002,45,28.6,3,3,1,1,,,,103437,95740.95
1448855100,95.650002,96,94,95.550003,92.89007656455581,91.68751578730264,0,0,0,141,61.5,55.650002,45,28.6,3,3,1,1,,,,48816,96880.35
1448941500,95.550003,98.099998,94.300003,95.5,93.41206125164464,92.03410526118422,0,0,0,141,61.5,55.650002,45,28.6,3,3,1,1,,,,215011,99623.45
1449027900,96,101.2,95.800003,99.25,94.57964900131572,92.69009569198566,0,0,0,141,61.5,55.650002,45,28.6,3,3,1,1,,,,228470,108616.35
1449114300,100.05,102.4,98.150002,99.150002,95.49371960105258,93.27735990180514,0,0,0,141,61.5,55.650002,45,28.6,3,3,1,1,,,,307947,122165.25
1449200700,100,100,93.699997,94.599998,95.31497528084206,93.39759972891376,0,0,0,141,61.5,55.650002,45,28.6,3,3,1,1,,,,93847,118207.8
1449459900,95.949997,96.949997,94.900002,95.699997,95.39197962467365,93.60690857173978,0,0,0,141,61.5,55.650002,45,28.6,3,3,1,1,,,,387629,132644.6
1449546300,95.400002,95.650002,94,95,95.31358369973893,93.73355324703617,0,0,0,141,61.5,55.650002,45,28.6,3,3,1,1,,,,144723,139057.95
1449632700,94.300003,95.550003,94,95,95.25086695979114,93.84868477003288,0,0,0,141,61.5,55.650002,45,28.6,3,3,1,1,,,,298092,151617.35
1449719100,94.599998,95.400002,94,94.849998,95.17069316783291,93.93971324548443,0,0,0,102.4,73.449997,,,,1,1,1,1,,,,121194,156419.95
1449805500,94.599998,95.75,93.949997,95,95.13655453426632,94.0361029504404,0,0,0,102.4,73.449997,,,,1,1,1,1,,,,212386,166264.2
1450064700,93.050003,95.550003,93.050003,95,95.10924362741306,94.12372995494582,0,0,0,102.4,73.449997,,,,1,1,1,1,,,,114407,171154.6
1450151100,94.75,96,94.650002,95.050003,95.09739550193045,94.20793659540529,0,0,0,102.4,73.449997,,,,1,1,1,1,,,,117899,167180.4
1450237500,95.300003,97,94.25,94.650002,95.00791680154435,94.24812435945935,0,0,0,102.4,73.449997,,,,1,1,1,1,,,,136270,160141.15
1450323900,94,95.199997,94,94.949997,94.99633284123549,94.31193096314486,0,0,0,102.4,73.449997,,,,1,1,1,1,,,,107711,158897.5
1450410300,95.050003,95.699997,94.5,94.800003,94.95706687298839,94.3563011483135,0,0,0,102.4,73.449997,,,,1,1,1,1,,,,17195,156877.85
1450669500,95,95.650002,95,95.099998,94.98565309839071,94.42390995301228,0,0,0,102.4,73.449997,,,,1,1,1,1,,,,42423,158057.8
1450755900,95,102.85,95,100.7,96.12852247871257,94.99446359364754,0,0,0,102.4,73.449997,,,,1,1,1,1,,,,212532,166344.05
1450842300,101.8,103.4,98.449997,99.849998,96.87281758297006,95.43587581240685,0,0,0,102.4,73.449997,,,,1,1,1,1,,,,105056,169188.3
1450928700,100.2,100.85,97,97.449997,96.98825346637605,95.61897773855168,0,0,0,102.4,73.449997,,,,1,1,1,1,,,,58259,153665.2
1451274300,97.5,100.8,97.5,98.849998,97.36060237310085,95.9127068532288,0,0,0,102.4,73.449997,,,,1,1,1,1,,,,75381,152262.4
1451360700,98.849998,100,94.5,94.650002,96.81848229848067,95.79791550293527,0,0,0,102.4,73.449997,,,,1,1,1,1,,,,94096,154526.4
1451447100,95.400002,95.900002,91.5,92.349998,95.92478543878454,95.48446845721388,0,0,0,102.4,73.449997,,,,1,1,1,1,,,,156818,151616.75
1451533500,92.699997,93.300003,90.150002,91.650002,95.06982875102763,95.13588059746716,0,0,0,103.4,73.449997,,,,1,1,1,1,,,,36204,142003.45
1451619900,91.349998,93,91.349998,91.849998,94.4258626008221,94.83716399769742,0,0,0,103.4,73.449997,,,,1,1,1,1,,,,13340,127273.1
1451879100,92.349998,94.849998,90.5,90.699997,93.68068948065768,94.46105790699765,0,0,0,103.4,73.449997,,,,1,1,1,1,,,,69802,126070.85
1451965500,91.099998,91.5,89.25,89.75,92.89455158452614,94.03277991545241,0,0,0,103.4,73.449997,,,,1,1,1,1,,,,85591,110968.95
1452051900,91,91,88.599998,88.900002,92.09564166762091,93.56616374132037,0,0,0,103.4,73.449997,,,,1,1,1,1,,,,106245,109045.05
1452138300,88.650002,88.650002,83.050003,83.900002,90.45651373409673,92.6874217648367,0,0,0,103.4,73.449997,,,,1,1,1,1,,,,88505,98565.7
1452224700,84.099998,86.800003,84.050003,85.300003,89.42521158727739,92.01583824076063,0,0,0,103.4,73.449997,,,,1,1,1,1,,,,26661,93839.05
1452483900,84.849998,85.150002,80.900002,82.449997,88.0301686698219,91.14621630978239,0,0,0,103.4,73.449997,,,,4,1,1,1,,,,88328,87636.15
1452570300,82.150002,84.75,82.050003,84.150002,87.25413533585753,90.51019682707489,0,0,0,103.4,73.449997,,,,4,1,1,1,,,,27174,83274.5
1452656700,83.5,86.449997,79.150002,79.949997,85.79330766868603,89.55017866097718,0,0,0,103.4,73.449997,,,,4,1,1,1,,,,106332,82696.15
1452743100,79.300003,82.5,76.5,79.900002,84.61464653494882,88.67288987361562,0,0,0,103.4,73.449997,,,,4,1,1,1,,,,31025,77433.9
1452829500,80.849998,80.900002,65.5,69.949997,81.68171662795905,86.97080870328692,0,0,0,103.4,73.449997,,,,4,1,1,1,,,,72276,75662.15
1453088700,70.25,75,68.949997,73.150002,79.97537370236724,85.71437173026084,0,0,0,103.4,73.449997,,,,4,1,1,1,,,,65289,78066.85
1453175100,72,76.949997,69.300003,76.099998,79.20029856189379,84.84033775478258,0,0,0,103.4,73.449997,,,,4,1,1,1,,,,37547,77823.05
1453261500,75.050003,75.5,72,73.699997,78.10023824951503,83.8275795043478,0,0,0,103.4,73.449997,,,,4,1,1,1,,,,35641,68978.5
1453347900,74.949997,77,72.050003,74.25,77.33019059961202,82.956890458498,0,0,0,103.4,73.449997,,,,4,1,1,1,,,,14820,64466.7
1453434300,76.300003,81.599998,73.099998,80.25,77.91415247968962,82.71080950772544,0,0,0,103.4,73.449997,,,,4,1,1,1,,,,95650,66336.25
1453693500,81.550003,83.400002,77.849998,79.349998,78.20132158375169,82.40528118884131,0,0,0,103.4,73.449997,,,,4,1,1,1,,,,18168,63475.6
1453866300,80.449997,80.550003,77.699997,78.150002,78.19105766700136,82.01843762621938,0,0,0,103.4,73.449997,,,,4,1,1,1,,,,10776,59309.6
1453952700,78.199997,79.349998,76.699997,77.5,78.0528461336011,81.60767056929035,0,0,0,103.4,73.449997,,,,4,1,1,1,,,,4107,51674.05
1454039100,78.449997,79.5,73,74.349998,77.31227650688088,80.94788215390032,0,0,0,103.4,73.449997,,,,4,1,1,1,,,,46698,52198.75
1454298300,77,77,74.050003,74.449997,76.7398206055047,80.35716532172756,0,0,0,103.4,73.449997,,,,4,1,1,1,,,,25497,52806.6
1454384700,75.800003,75.849998,71,73.199997,76.03185588440377,79.70651365611597,0,0,0,103.4,73.449997,,,,4,1,1,1,,,,54387,52035.85
1454471100,73.050003,73.300003,63.299999,70.699997,74.96548410752301,78.88773941465088,0,0,0,103.4,73.449997,,,,4,1,1,1,,,,130753,54293.95
1454557500,70.5,72.5,69.150002,71.900002,74.3523876860184,78.25249055877353,0,0,0,103.4,73.449997,,,,4,1,1,1,,,,25335,50248.45
1454643900,72.650002,80.449997,70.050003,78.349998,75.15190974881472,78.2613548716123,0,0,0,103.4,73.449997,,,,4,1,1,1,,,,82848,49965.6
1454903100,78.300003,81,76.150002,79.199997,75.96152719905177,78.346685974193,0,0,0,103.4,73.449997,,,,4,1,1,1,,,,24458,49855.45
1454989500,78,78,75.699997,76.800003,76.12922235924142,78.20607843108453,0,0,0,103.4,73.449997,,,,4,1,1,1,,,,11631,46020.6
1455075900,78.449997,78.449997,75.199997,76.599998,76.22337748739314,78.06007111916776,0,0,0,103.4,73.449997,,,,4,1,1,1,,,,30991,46211.45
1455162300,77,77.949997,72.5,72.75,75.52870198991451,77.5773373810616,0,0,0,103.4,73.449997,,,,4,1,1,1,,,,31816,42485.65
1455248700,73.949997,76,69.199997,75.5,75.5229615919316,77.38848852823781,0,0,0,103.4,73.449997,,,,4,1,1,1,,,,185408,50204.8
1455507900,75.5,81,75.5,80.400002,76.49836967354528,77.6622624802162,0,0,0,103.4,73.449997,,,,4,1,1,1,,,,135342,53358.1
1455594300,79.050003,81,77.599998,78.599998,76.91869533883623,77.74751116383291,0,0,0,103.4,73.449997,,,,4,1,1,1,,,,20987,51143
1455680700,79.949997,85,78.199997,84.349998,78.40495587106898,78.3477372398481,0,0,0,103.4,73.449997,,,,4,1,1,1,,,,134942,56012.75
1455767100,86,86.900002,83.5,85.150002,79.75396509685518,78.96612494531645,0,0,0,103.4,73.449997,,,,4,1,1,1,,,,78655,58163.45
1455853500,84.5,89.849998,82.400002,89,81.60317207748415,79.87829540483314,0,0,0,103.4,73.449997,,,,4,1,1,1,,,,112438,63044.35
1456112700,88,90,86.5,89.400002,83.16253806198732,80.74390509530285,0,0,0,103.4,73.449997,,,,4,1,1,1,,,,142106,65367.15
1456199100,88.949997,88.949997,85.550003,86.75,83.88003044958985,81.28991372300258,0,0,0,103.4,73.449997,,,,4,1,1,1,,,,47657,66841.6
1456285500,88.949997,88.949997,79.199997,82.150002,83.53402475967188,81.36810356636599,0,0,0,103.4,73.449997,,,,4,1,1,1,,,,38270,68216.3
1456371900,83.300003,85.300003,80,83.349998,83.4972194077375,81.54827578760545,0,0,0,103.4,73.449997,,,,4,1,1,1,,,,28346,69428.25
1456458300,83.550003,84.349998,81.099998,82.300003,83.25777612619001,81.61661462509586,0,0,0,103.4,73.449997,,,,4,1,1,1,,,,12651,67725.9
1456717500,83.300003,86.5,81.449997,85.400002,83.68622130095201,81.96055893190533,0,0,0,90,65.5,,,,1,1,1,1,,,,64507,69676.4
1456803900,84.849998,89.849998,84.849998,89.550003,84.85897764076161,82.6505083926412,0,0,0,90,65.5,,,,1,1,1,1,,,,56446,69779.35
1456890300,86.550003,90,86,86.400002,85.16718251260929,82.99137144785564,0,0,0,90,65.5,,,,1,1,1,1,,,,50148,65749.1
1456976700,87.949997,93.449997,86.050003,91.050003,86.34374661008744,83.7239743162324,0,0,0,90,65.5,,,,1,1,1,1,,,,453137,87139.2
1457063100,89.650002,90,86.550003,87.449997,86.56499668806995,84.06270365112036,0,0,0,90,65.5,,,,1,1,1,1,,,,73583,86675.95
1457408700,87.449997,88.699997,84,85.449997,86.34199675045596,84.18882122829123,0,0,0,90,65.5,,,,1,1,1,1,,,,67863,88846.2
1457495100,83.349998,85.849998,83.349998,84.849998,86.04359700036477,84.24892820753749,0,0,0,90,65.5,,,,1,1,1,1,,,,58608,91195.05
1457581500,82.699997,86.400002,82.699997,83.5,85.53487760029182,84.18084382503407,0,0,0,90,65.5,,,,1,1,1,1,,,,85445,93917.75
1457667900,84.349998,85.25,81.550003,82.949997,85.01790148023346,84.06894865912189,0,0,0,93.449997,65.5,,,,1,1,1,1,,,,149081,99781
1457927100,82.550003,84.349998,81.800003,83.349998,84.68432078418677,84.00358950829262,0,0,0,93.449997,65.5,,,,1,1,1,1,,,,120450,96533.1
1458013500,85.849998,85.849998,79.349998,80.400002,83.82745702734941,83.67599064390238,1,0,0,93.449997,65.5,,,,2,1,1,1,1,,,424991,111015.55
1458099900,81.5,82,76.400002,77.449997,82.55196502187952,83.10999122172943,0,0,0,93.449997,65.5,,,,2,1,1,1,,,,267074,123319.9
1458186300,79.800003,81.5,77.650002,77.900002,81.62157241750361,82.63635583793585,0,0,0,93.449997,65.5,,,,2,1,1,1,,,,94410,121293.3
1458272700,78.5,80,77,78.849998,81.06725753400289,82.29214148903259,0,0,0,93.449997,65.5,,,,2,1,1,1,,,,102532,122487.15
1458531900,79.849998,80.650002,77.550003,78.300003,80.51380662720231,81.92921980821144,0,0,0,93.449997,65.5,,,,2,1,1,1,,,,224014,128065.95
1458618300,77.550003,78.849998,77,77.300003,79.87104590176185,81.50838191655586,0,0,0,93.449997,65.5,,,,2,1,1,1,,,,242709,133096.1
1458704700,78.150002,79,77,77.300003,79.35683732140947,81.12580201505078,0,0,0,93.449997,65.5,,,,2,1,1,1,,,,57941,133610.3
1459136700,78.349998,78.349998,74.099998,75.550003,78.59547045712758,80.61891119550071,0,1,0,93.449997,65.5,,,,3,1,1,1,,1,,47294,134061.5
1459223100,76.099998,76.800003,73.800003,74.650002,77.80637676570205,80.07628308681883,0,0,0,93.449997,65.5,,,,3,1,1,1,,,,204641,142876.25
1459309500,76,76.400002,74.5,74.949997,77.23510081256164,79.61025707892621,0,0,0,93.449997,65.5,,,,3,1,1,1,,,,247882,154637.8
1459395900,76,77.849998,73.25,74.800003,76.74808125004931,79.17296125356928,0,0,0,93.449997,65.5,,,,3,1,1,1,,,,288281,165826.5
1459482300,74.050003,78.400002,73.949997,77.949997,76.98846440003945,79.06178268506298,0,0,0,93.449997,65.5,,,,3,1,1,1,,,,99687,167988.55
1459741500,78.550003,79,76.050003,77.099998,77.01077112003156,78.88343862278452,0,0,0,93.449997,65.5,,,,3,1,1,1,,,,96311,170296.7
1459827900,77.150002,78.449997,76.199997,77.349998,77.07861649602525,78.74403492980412,0,0,0,93.449997,65.5,,,,3,1,1,1,,,,123190,153799.35
1459914300,77.550003,80.449997,77.5,79.5,77.5628931968202,78.81275902709466,0,0,0,93.449997,65.5,,,,3,1,1,1,,,,88094,154524.9
1460000700,79.800003,79.800003,77.650002,78.150002,77.68031495745616,78.75250838826787,0,0,0,93.449997,65.5,,,,3,1,1,1,,,,56436,153953.55
1460087100,79,80,78,79.550003,78.05425256596493,78.82500789842534,0,0,0,93.449997,65.5,,,,3,1,1,1,,,,80048,155025.55
1460346300,79.199997,81.800003,78,80.550003,78.55340265277195,78.98182563493212,0,0,0,93.449997,65.5,,,,3,1,1,1,,,,74570,154481.8
1460432700,80.300003,84.5,80,84.099998,79.66272172221755,79.44711403175647,0,0,0,93.449997,65.5,,,,3,1,1,1,,,,116860,152870.75
1460519100,84.949997,89.800003,84.949997,88.699997,81.47017677777404,80.2882852106877,0,0,0,93.449997,65.5,,,,3,1,1,1,,,,270805,160388.5
1460951100,88.900002,91,86.599998,90.25,83.22614142221923,81.19389564607972,0,0,0,93.449997,65.5,,,,3,1,1,1,,,,154466,146862.25
1461123900,90.900002,91,88.099998,88.75,84.33091313777538,81.88081422370884,0,0,0,93.449997,65.5,,,,3,1,1,1,,,,54342,136225.65
1461210300,88.199997,89.900002,88.199997,89.400002,85.3447309102203,82.56437674882622,0,0,0,93.449997,65.5,,,,3,1,1,1,,,,48436,133926.95
1461296700,88.349998,89.75,88.25,89.150002,86.10578512817625,83.16306995347838,0,0,0,93.449997,65.5,,,,3,1,1,1,,,,31652,130382.95
1461555900,90,92.400002,89.300003,91.300003,87.144628702541,83.9027911395258,0,0,0,93.449997,65.5,,,,3,1,1,1,,,,119547,125159.6
1461642300,91.349998,91.75,89.75,91.349998,87.9857025620328,84.57980994502346,0,0,0,93.449997,65.5,,,,3,1,1,1,,,,60049,116026.6
1461728700,92.150002,93.099998,91.599998,92.849998,88.95856164962623,85.33164522274859,0,0,0,93.449997,65.5,,,,3,1,1,1,,,,67985,116528.8
1461815100,92.800003,93.449997,89,90,89.16684931970099,85.75604111158962,0,0,0,93.449997,65.5,,,,3,1,1,1,,,,61106,117219.4
1461901500,90,92.5,87.949997,91.099998,89.55347905576079,86.24185537417239,0,0,0,93.449997,65.5,,,,3,1,1,1,,,,62765,110125.6
1462160700,90.550003,96.75,87.800003,96.300003,90.90278384460863,87.1562324310658,0,0,0,93.449997,65.5,,,,3,1,1,1,,,,464360,120949.5
1462247100,97.550003,98.5,95.349998,97.400002,92.20222747568691,88.08748421005983,0,0,0,93.449997,65.5,,,,3,1,1,1,,,,704522,141761.55
1462333500,97.25,97.849998,93.150002,93.599998,92.48178158054952,88.58862182732712,0,0,0,93.449997,65.5,,,,3,1,1,1,,,,102317,141893.05
1462419900,93.599998,95.849998,90.699997,92.5,92.48542526443961,88.94420166120646,0,0,0,93.449997,65.5,,,,3,1,1,1,,,,113453,142750.15
1462506300,93.150002,93.900002,92,92.949997,92.57833961155168,89.30836487382406,0,0,0,93.449997,65.5,,,,3,1,1,1,,,,50276,139104.45
1462765500,94.599998,94.599998,92,92.900002,92.64267208924134,89.63487733984006,0,0,0,93.449997,65.5,,,,3,1,1,1,,,,166053,143002.4
1462851900,93.449997,93.449997,91.800003,92.349998,92.58413727139308,89.88170649076369,0,0,0,98.5,65.5,,,,1,1,1,1,,,,42014,142281.3
1462938300,92,92.199997,89.349998,90.900002,92.24731021711446,89.97427880978518,0,0,0,98.5,65.5,,,,1,1,1,1,,,,67301,141643.95
1463024700,92.699997,92.699997,89.199997,90.550003,91.90784877369157,90.02661737253197,0,0,0,98.5,65.5,,,,1,1,1,1,,,,54822,140656.55
1463111100,89.800003,91.449997,85.650002,89.349998,91.39627861895326,89.96510652048362,0,0,0,98.5,65.5,,,,1,1,1,1,,,,411473,155387.2
1463370300,89,93.900002,89,91.800003,91.47702349516261,90.13191529134875,0,0,0,98.5,65.5,,,,1,1,1,1,,,,158371,149765.5
1463456700,92.650002,93.699997,90.849998,91.099998,91.40161839613009,90.21992281031704,0,0,0,98.5,65.5,,,,1,1,1,1,,,,98513,146967.85
1463543100,91.800003,92.949997,90,92.550003,91.63129531690407,90.4317482821064,0,0,0,98.5,65.5,,,,1,1,1,1,,,,67443,147622.9
1463629500,91.849998,94,91.099998,91.550003,91.61503685352326,90.5334078019149,0,0,0,98.5,65.5,,,,1,1,1,1,,,,167755,153588.85
1463715900,90.25,92.400002,88.400002,88.949997,91.0820288828186,90.38946136537719,0,0,0,98.5,65.5,,,,1,1,1,1,,,,43621,154187.3
1463975100,92,92,86.75,87.550003,90.37562370625488,90.13132878670653,0,0,0,98.5,65.5,,,,1,1,1,1,,,,40424,150231.15
1464061500,87.349998,88.900002,86.949997,88.400002,89.98049936500391,89.97393544246049,0,0,0,98.5,65.5,,,,1,1,1,1,,,,63122,150384.8
1464147900,88.550003,90.150002,88.25,89.650002,89.91439989200313,89.94448694769135,0,0,0,98.5,65.5,,,,1,1,1,1,,,,35626,148766.85
1464234300,90.550003,92.900002,89.300003,92.150002,90.36152031360251,90.14498831608304,0,0,0,98.5,65.5,,,,1,1,1,1,,,,656421,178532.6
1464320700,92.349998,93,90.550003,91.849998,90.659215850882,90.29998919643913,0,0,0,98.5,65.5,,,,1,1,1,1,,,,637541,207271.4
1464579900,94.449997,94.449997,91.099998,91.849998,90.89737228070561,90.44089908767194,0,0,0,98.5,65.5,,,,1,1,1,1,,,,31952,185651
1464666300,92.150002,92.550003,88.949997,90.550003,90.8278984245645,90.4508176251563,0,0,0,98.5,65.5,,,,1,1,1,1,,,,36177,152233.75
1464752700,91.150002,92.400002,90.5,91.099998,90.88231833965159,90.50983402286937,0,0,0,98.5,65.5,,,,1,1,1,1,,,,44537,149344.75
1464839100,90.599998,93.5,90.599998,93,91.30585467172128,90.73621274806307,0,0,0,98.5,65.5,,,,1,1,1,1,,,,66661,147005.15
1464925500,92.800003,94.699997,91.25,92.75,91.59468373737703,90.91928431642097,0,0,0,98.5,65.5,,,,1,1,1,1,,,,523917,170687.2
1465184700,93.5,96.150002,91,93.400002,91.95574738990162,91.14480410583725,0,0,0,98.5,65.5,,,,1,1,1,1,,,,318366,178302.85
1465271100,93.449997,94,92.550003,93.050003,92.17459851192129,91.31800400530659,0,0,0,98.5,65.5,,,,1,1,1,1,,,,429537,197679
1465357500,92.949997,99.599998,92.599998,98.050003,93.34967940953703,91.93000391391509,0,0,0,98.5,65.5,,,,1,1,1,1,,,,1035818,246104.85
1465443900,99.099998,104.45,97.25,99.900002,94.65974392762962,92.65454919446826,0,0,0,98.5,65.5,,,,1,1,1,1,,,,1750908,330909.15
1465530300,100.1,101.8,95.800003,97.449997,95.21779454210369,93.09049899497114,0,0,0,98.5,65.5,,,,1,1,1,1,,,,366890,328680
1465789500,97,99.400002,95.25,97.5,95.67423563368295,93.49136272270104,0,0,0,98.5,65.5,,,,1,1,1,1,,,,210278,331275.35
1465875900,98,101.4,96.150002,99.800003,96.49938910694637,94.06487547518276,0,0,0,98.5,65.5,,,,1,1,1,1,,,,817620,367230.7
1465962300,99.199997,109.5,99.199997,106.65,98.52951128555709,95.2089777047116,0,0,0,98.5,65.5,,,,1,1,1,1,,,,2094414,468579.25
1466048700,106.5,106.5,101.35,103.7,99.56360902844567,95.98088882246509,0,0,0,98.5,65.5,,,,1,1,1,1,,,,411314,480757.2
1466135100,104.8,105.4,102.5,103.6,100.37088722275654,96.67353529315008,0,0,0,98.5,65.5,,,,1,1,1,1,,,,167835,486967.9
1466394300,104,111.5,104,110.05,102.30670977820523,97.88957753922735,0,0,0,98.5,65.5,,,,1,1,1,1,,,,2373492,603621.3
1466480700,110.5,110.5,104.7,106.9,103.22536782256418,98.70870685384304,0,0,0,98.5,65.5,,,,1,1,1,1,,,,462377,623584.05
1466567100,106.9,111.9,105.75,107.4,104.06029425805134,99.49882441258458,0,0,0,98.5,65.5,,,,1,1,1,1,,,,692373,656421.4
1466653500,107.45,107.5,103.1,103.85,104.01823540644108,99.89438582962235,0,0,0,98.5,65.5,,,,1,1,1,1,,,,266123,636906.5
1466739900,99.900002,103.35,97,102.4,103.69458832515286,100.12216893602032,0,0,0,98.5,65.5,,,,1,1,1,1,,,,374040,623731.45
1466999100,101.15,106.3,101.15,105.15,103.9856706601223,100.57924448729119,0,0,0,98.5,65.5,,,,1,1,1,1,,,,242150,634241.35
1467085500,105.35,107,104.4,104.75,104.13853652809783,100.95840407935563,0,0,0,98.5,65.5,,,,1,1,1,1,,,,174099,641137.45
1467171900,105.7,109.9,105.7,107.8,104.87082922247826,101.58036734486876,0,0,0,111.9,65.5,,,,1,1,1,1,,,,670947,672457.95
1467258300,108.6,110.8,107.95,108.95,105.68666337798261,102.2503339498807,0,0,0,111.9,65.5,,,,1,1,1,1,,,,419513,690100.55
1467344700,109.3,115,108.35,113.9,107.32933070238609,103.30939449989154,0,0,0,111.9,65.5,,,,1,1,1,1,,,,1754219,751615.65
1467603900,114.6,116.1,112,112.55,108.37346456190888,104.14944954535595,0,0,0,111.9,65.5,,,,1,1,1,1,,,,603327,765863.7
1467690300,113.3,113.3,107.8,109.05,108.5087716495271,104.59495413214177,0,0,0,111.9,65.5,,,,1,1,1,1,,,,465771,767675.4
1467863100,109.95,110.85,107.8,108.4,108.48701731962169,104.94086739285615,0,0,0,111.9,65.5,,,,1,1,1,1,,,,176661,724717.55
1467949500,109.3,109.3,103.35,105.35,107.85961385569735,104.97806126623286,0,0,0,111.9,65.5,,,,1,1,1,1,,,,412041,657774.2
1468208700,107.7,109,106,107.3,107.74769108455787,105.18914660566624,0,0,0,111.9,65.5,,,,1,1,1,1,,,,608976,669878.5
1468295100,106.75,107.05,104.2,106.1,107.4181528676463,105.27195145969658,0,0,0,116.1,65.5,,,,1,1,1,1,,,,367252,677727.2
1468381500,106.25,106.25,101.5,102.3,106.39452229411704,105.00177405426962,0,0,0,116.1,65.5,,,,1,1,1,1,,,,168266,645259.5
1468467900,101.95,108.5,101.35,107.9,106.69561783529363,105.2652491402451,0,0,0,116.1,65.5,,,,1,1,1,1,,,,210799,551078.75
1468554300,107.9,107.95,103.65,104.65,106.2864942682349,105.20931740022282,0,0,0,116.1,65.5,,,,1,1,1,1,,,,168908,538958.45
1468813500,105.4,105.5,102.05,102.6,105.54919541458793,104.97210672747529,0,0,0,116.1,65.5,,,,1,1,1,1,,,,183231,539728.25
1468899900,103.45,104.25,102.15,103.2,105.07935633167034,104.81100611588663,0,0,0,116.1,65.5,,,,1,1,1,1,,,,82958,425201.55
1468986300,103.5,103.95,102.25,102.8,104.62348506533627,104.62818737807875,0,0,0,116.1,65.5,,,,1,1,1,1,,,,131317,408648.55
1469072700,102.85,104.4,102.4,103.7,104.43878805226902,104.54380670734432,0,0,0,116.1,65.5,,,,1,1,1,1,,,,102170,379138.4
1469159100,103.85,108.5,101.6,106.5,104.85103044181521,104.7216424612221,0,0,0,116.1,65.5,,,,1,1,1,1,,,,408020,386233.25
1469418300,108,108,103.5,105.8,105.04082435345217,104.81967496474736,0,0,0,116.1,65.5,,,,1,1,1,1,,,,629434,399002.95
1469504700,105,108.85,103.15,103.85,104.80265948276173,104.73152269522488,0,0,0,116.1,65.5,,,,1,1,1,1,,,,723148,423052.85
1469591100,103.25,105.95,100,102.6,104.36212758620938,104.53774790474989,0,0,0,116.1,65.5,,,,1,1,1,1,,,,536018,441148.8
1469677500,104,108.4,103.05,105.5,104.58970206896751,104.62522536795444,0,0,0,116.1,65.5,,,,1,1,1,1,,,,523780,433790.45
1469763900,105.95,110.8,105.3,106.55,104.98176165517401,104.80020487995859,0,0,0,116.1,65.5,,,,1,1,1,1,,,,867656,456197.6
1470023100,106.6,115.2,106.15,112.05,106.39540932413921,105.45927716359871,0,0,0,116.1,65.5,,,,1,1,1,1,,,,2386007,487787
1470109500,112.75,113.1,107.75,108.2,106.75632745931136,105.70843378508974,0,0,0,116.1,65.5,,,,1,1,1,1,,,,390817,477161.5
1470195900,108.95,109.85,104.35,105.9,106.58506196744909,105.72584889553613,0,0,0,116.1,65.5,,,,1,1,1,1,,,,299635,468854.7
1470282300,107.15,107.85,104.6,105.8,106.42804957395927,105.73258990503285,0,0,0,116.1,65.5,,,,1,1,1,1,,,,198164,469929.85
1470368700,108.25,108.25,106,107.15,106.57243965916742,105.86144536821169,0,0,0,116.1,65.5,,,,1,1,1,1,,,,260468,462351.2
1470627900,107.75,110.9,106.7,108.95,107.04795172733394,106.14222306201063,0,0,0,116.1,65.5,,,,1,1,1,1,,,,759462,469875.5
1470714300,109.9,109.9,107.55,108.25,107.28836138186715,106.33383914728239,0,0,0,116.1,65.5,,,,1,1,1,1,,,,209256,461975.7
1470800700,107.75,109,105.4,107.4,107.31068910549372,106.4307628611658,0,0,0,116.1,65.5,,,,1,1,1,1,,,,89976,458061.2
1470887100,106.7,109.3,105,106.3,107.10855128439498,106.41887532833255,0,0,0,116.1,65.5,,,,1,1,1,1,,,,148590,454950.75
1470973500,107.4,109.1,106.75,108,107.28684102751598,106.56261393484777,0,0,0,116.1,65.5,,,,1,1,1,1,,,,304776,461744.15
1471319100,104,106.45,99,101.6,106.14947282201278,106.11146721349797,0,0,0,116.1,65.5,,,,1,1,1,1,,,,375276,471346.4
1471405500,102.95,104.5,101.35,103.6,105.63957825761022,105.88315201227088,0,0,0,116.1,65.5,,,,1,1,1,1,,,,283071,481352.05
1471491900,104.8,104.8,102.4,103.65,105.24166260608818,105.68013819297353,0,0,0,116.1,65.5,,,,1,1,1,1,,,,283550,488963.7
1471578300,106.2,106.7,102.6,103.35,104.86333008487054,105.46830744815776,0,0,0,116.1,65.5,,,,1,1,1,1,,,,500432,508876.8
1471837500,104.4,104.4,101,102.2,104.33066406789644,105.17118858923433,0,0,0,116.1,65.5,,,,1,1,1,1,,,,212087,499080.15
1471923900,102.55,103.65,101.65,103.2,104.10453125431715,104.99198962657667,0,0,0,116.1,65.5,,,,1,1,1,1,,,,149623,475089.6
1472010300,103.7,103.7,100.1,100.5,103.38362500345372,104.58362693325152,0,0,0,116.1,65.5,,,,1,1,1,1,,,,191467,448505.55
1472096700,100.5,102.6,98.099998,99.449997,102.59689940276297,104.11693330295593,0,0,0,116.1,65.5,,,,1,1,1,1,,,,306588,437034.05
1472183100,100.15,101.05,98,98.199997,101.71751892221037,103.5790300026872,0,0,0,116.1,65.5,,,,1,1,1,1,,,,299551,425822.6
1472442300,99,99,96.5,96.949997,100.7640145377683,102.97639063880655,0,0,0,116.1,65.5,,,,1,1,1,1,,,,117383,388308.95
1472528700,96,101.5,95.449997,99.650002,100.54121203021464,102.67399167164231,0,0,0,116.1,65.5,,,,1,1,1,1,,,,352258,286621.5
1472615100,99.849998,100.65,99.150002,100.3,100.4929696241717,102.45817424694755,0,0,0,116.1,65.5,,,,1,1,1,1,,,,137544,273957.85
1472701500,100.9,101.65,99.050003,99.400002,100.27437609933736,102.18015858813413,0,0,0,116.1,65.5,,,,1,1,1,1,,,,95106,263731.4
1472787900,99.300003,100.75,98.949997,99.550003,100.1295014794699,101.94105353466739,0,0,0,116.1,65.5,,,,1,1,1,1,,,,379024,272774.4
1473133500,103.3,103.3,99.599998,100.35,100.17360118357591,101.79641230424308,0,0,0,116.1,65.5,,,,1,1,1,1,,,,835462,301524.1
1473219900,100.9,101.4,99.599998,100.2,100.17888094686073,101.65128391294826,0,0,0,116.1,65.5,,,,1,1,1,1,,,,255621,276332.05
1473306300,100.1,102.9,100.1,101.35,100.41310475748858,101.6238944663166,0,0,0,116.1,65.5,,,,1,1,1,1,,,,584119,295075.2
1473392700,102.2,102.25,98.5,99.050003,100.14048440599086,101.3899043330151,0,0,0,116.1,65.5,,,,1,1,1,1,,,,142272,297690
1473651900,97.400002,97.849998,95.099998,95.650002,99.2423879247927,100.86809503001372,0,0,0,116.1,65.5,,,,1,1,1,1,,,,194691,299995.05
1473824700,95.650002,99.150002,95.650002,98.449997,99.08390973983416,100.64826793637612,0,0,0,116.1,65.5,,,,1,1,1,1,,,,129127,291212.6
1473911100,97.849998,100.9,97,98.5,98.96712779186733,100.45297085125101,0,0,0,116.1,65.5,,,,1,1,1,1,,,,155048,280201.2
1473997500,99.900002,99.900002,96.75,97.199997,98.61370163349386,100.15724595568274,0,0,0,116.1,65.5,,,,1,1,1,1,,,,162168,274156.05
1474256700,97.599998,98.5,95.849998,97,98.29096130679508,99.87022359607522,0,0,0,116.1,65.5,,,,1,1,1,1,,,,197580,269857.55
1474343100,96.300003,100.65,96.300003,99.349998,98.50276864543606,99.82293036006838,0,0,0,116.1,65.5,,,,1,1,1,1,,,,252795,257475.7
1474429500,99.849998,100,97.5,98.400002,98.48221531634886,99.6935732364258,0,0,0,116.1,65.5,,,,1,1,1,1,,,,116617,252702.2
1474515900,99.099998,99.699997,97.550003,98.849998,98.55577185307908,99.61688457856891,0,0,0,116.1,65.5,,,,1,1,1,1,,,,186016,254521.85
1474602300,99.900002,106.7,99.699997,103.2,99.48461748246326,99.94262234415356,0,0,0,116.1,65.5,,,,1,1,1,1,,,,4967285,493312.75
1474861500,103.65,107,103,105.2,100.62769398597061,100.42056576741233,0,0,0,116.1,65.5,,,,1,1,1,1,,,,953384,525652.55
1474947900,105.95,106.7,101.75,103.05,101.11215518877648,100.65960524310212,0,0,0,116.1,65.5,,,,1,1,1,1,,,,282504,524800.2
1475034300,103.45,105.3,102.25,104.1,101.70972415102119,100.97236840282011,0,0,0,116.1,65.5,,,,1,1,1,1,,,,343154,536088.75
1475120700,104.6,110,96.800003,99.349998,101.23777892081695,100.82488018438191,0,0,0,116.1,65.5,,,,1,1,1,1,,,,1578456,597398.65
1475207100,97.199997,103,97.199997,102.55,101.50022313665356,100.98170925852901,0,0,0,116.1,65.5,,,,1,1,1,1,,,,612207,621131.8
1475466300,103.05,106.55,102.55,105.85,102.37017850932284,101.42428114411727,0,0,0,116.1,65.5,,,,1,1,1,1,,,,304249,631588.95
1475552700,106.8,107.5,103,105.75,103.04614280745827,101.81752831283389,0,0,0,116.1,65.5,,,,1,1,1,1,,,,413592,633317.35
1475639100,106,122,106,118.9,106.21691424596662,103.37048028439445,0,0,0,116.1,65.5,,,,1,1,1,1,,,,4169462,800017.35
1475725500,119.9,123.7,114.85,116.25,108.2235313967733,104.54134571308586,0,0,0,116.1,65.5,,,,1,1,1,1,,,,1855306,880001.6
1475811900,115,125,113.35,122.75,111.12882511741864,106.19667792098714,0,0,0,116.1,65.5,,,,1,1,1,1,,,,1917100,946650.65
1476071100,124.15,125.65,117.2,118.15,112.53306009393492,107.28334356453377,0,0,0,116.1,65.5,,,,1,1,1,1,,,,894643,984269.2
1476330300,116.2,116.8,112.5,115.2,113.06644807514793,108.00303960412161,0,0,0,116.1,65.5,,,,1,1,1,1,,,,393855,994227.4
1476416700,116,116.9,113.75,115.45,113.54315846011835,108.68003600374692,0,0,0,116.1,65.5,,,,1,1,1,1,,,,201746,997858.35
1476675900,116.25,116.9,108.8,109.85,112.80452676809468,108.78639636704266,0,0,0,116.1,65.5,,,,1,1,1,1,,,,565967,1018404.3
1476762300,110.9,115.8,110.45,113.35,112.91362141447574,109.20126942458423,0,0,0,116.1,65.5,,,,1,1,1,1,,,,444838,1032537.8
1476848700,114.4,117.5,112.95,115.15,113.3608971315806,109.74206311325838,0,0,0,125.65,65.5,,,,1,1,1,1,,,,307768,1038047.2
1476935100,115.5,116.5,113,113.8,113.44871770526449,110.11096646659853,0,0,0,125.65,65.5,,,,1,1,1,1,,,,194950,1035154.95
1477021500,114,119.3,112.55,117.65,114.2889741642116,110.79633315145321,0,0,0,125.65,65.5,,,,1,1,1,1,,,,629909,1060819.55
1477280700,117.75,123,116.5,119.85,115.40117933136928,111.61939377404838,0,0,0,125.65,65.5,,,,1,1,1,1,,,,994584,1101247.95
1477367100,119.95,124.2,119.9,120.75,116.47094346509542,112.44944888549853,0,0,0,125.65,65.5,,,,1,1,1,1,,,,995436,902655.5
1477453500,119.9,123,115,115.65,116.30675477207633,112.74040807772593,0,0,0,125.65,65.5,,,,1,1,1,1,,,,630534,886513
1477539900,116,118.35,115.95,116.6,116.36540381766106,113.09128007065993,0,0,0,125.65,65.5,,,,1,1,1,1,,,,309706,887873.1
1477626300,116.95,118.75,115.9,116.6,116.41232305412885,113.41025460969085,0,0,0,125.65,65.5,,,,1,1,1,1,,,,237178,882574.3
1477971900,117.05,119.95,116.2,116.75,116.47985844330307,113.71386782699169,0,0,0,125.65,65.5,,,,1,1,1,1,,,,179637,812633.35
1478058300,115,118.8,114.25,117.4,116.66388675464246,114.04897075181063,0,0,0,125.65,65.5,,,,1,1,1,1,,,,402999,802172.95
1478144700,117.8,120.8,113,115.2,116.37110940371397,114.1536097743733,0,0,0,125.65,65.5,,,,1,1,1,1,,,,422987,808109.85
1478231100,114,115,96,101.3,113.35688752297118,112.98509979488482,1,0,0,125.65,65.5,,,,2,1,1,1,1,,,2001355,887498
1478490300,104,105.8,102.45,103.25,111.33551001837694,112.10009072262257,0,0,0,125.65,65.5,,,,2,1,1,1,,,,395230,698786.4
1478576700,104.25,107.2,102.55,106.1,110.28840801470155,111.55462792965687,0,0,0,125.65,65.5,,,,2,1,1,1,,,,313894,621715.8
1478663100,90,102.5,85.5,101.55,108.54072641176124,110.64511629968807,0,1,0,125.65,65.5,,,,3,1,1,1,,1,,1052314,578476.5
1478749500,105.75,108.9,104,105,107.832581129409,110.13192390880734,0,0,0,125.65,65.5,,,,3,1,1,1,,,,1287224,598105.55
1478835900,103,104.8,97.599998,99.349998,106.1360645035272,109.1517488261885,0,0,0,125.65,65.5,,,,3,1,1,1,,,,991530,627989.3
1479181500,99.900002,100,90.449997,91.599998,103.22885120282176,107.55613511471681,0,0,0,125.65,65.5,,,,3,1,1,1,,,,795976,657700.8
1479267900,93.050003,97.400002,91.5,95.349998,101.6530805622574,106.4464862861062,0,0,0,125.65,65.5,,,,3,1,1,1,,,,409220,649863.45
1479354300,93.5,97.5,89.099998,96.349998,100.59246404980593,105.528623714642,0,0,0,125.65,65.5,,,,3,1,1,1,,,,515136,653378.35
1479440700,96.5,97.699997,93.099998,96.699997,99.81397063984474,104.72602128603818,0,0,0,125.65,65.5,,,,3,1,1,1,,,,255846,650782.25
1479699900,97.300003,98,90.75,95.650002,98.98117691187579,103.90092862367106,0,0,0,125.65,65.5,,,,3,1,1,1,,,,323991,657234.3
1479786300,96.050003,96.75,90.25,90.949997,97.37494092950064,102.72357120333733,0,0,0,125.65,65.5,,,,3,1,1,1,,,,204572,635967.45
1479872700,93.650002,95.75,92.050003,95.099998,96.91995234360051,102.03051909394303,0,0,0,125.65,65.5,,,,3,1,1,1,,,,307979,601637.2
1479959100,95.099998,95.099998,87.699997,90.400002,95.61596227488042,100.97319935813003,0,0,0,125.65,65.5,,,,3,1,1,1,,,,152266,559478.7
1480045500,89.349998,98,89.25,97.449997,95.98276921990433,100.65290823466367,0,0,0,125.65,65.5,,,,3,1,1,1,,,,300974,543000.7
1480304700,97,103.9,95.400002,102.1,97.20621537592346,100.78446203151243,0,0,0,125.65,65.5,,,,3,1,1,1,,,,305465,542788.65
1480391100,101.9,104.9,100.25,104.1,98.58497230073877,101.0858745741022,0,0,0,125.65,65.5,,,,3,1,1,1,,,,278096,544834.55
1480477500,103,105.7,100.65,102.5,99.36797784059101,101.21443143100201,0,0,0,125.65,65.5,,,,3,1,1,1,,,,149809,543343.15
1480563900,102.05,103.8,101,102.7,100.03438227247281,101.34948311909274,0,0,0,125.65,65.5,,,,3,1,1,1,,,,125048,529445.6
1480650300,102.95,103,97.599998,100.1,100.04750581797825,101.23589374462976,0,0,0,125.65,65.5,,,,3,1,1,1,,,,381709,527381.7
1480909500,99.900002,102.75,99.099998,102.2,100.4780046543826,101.32353976784523,0,0,0,125.65,65.5,,,,3,1,1,1,,,,42394,429433.65
1480995900,100.6,104.5,100.6,103.75,101.13240372350609,101.54412706167749,0,0,0,125.65,65.5,,,,3,1,1,1,,,,132873,416315.8
1481082300,104.85,105.9,102.5,104.95,101.89592297880488,101.85375187425225,0,0,0,125.65,65.5,,,,3,1,1,1,,,,150457,408143.95
1481168700,103.55,106.5,101.9,105.65,102.6467383830439,102.19886534022932,0,0,0,125.65,65.5,,,,3,1,1,1,,,,149975,363027
1481255100,106.75,111,105.55,108.75,103.86739070643512,102.79442303657211,0,0,0,125.65,65.5,,,,3,1,1,1,,,,213573,309344.45
1481514300,106.4,109.75,103.6,104.05,103.90391256514809,102.90856639688374,0,0,0,125.65,65.5,,,,3,1,1,1,,,,82409,263888.4
1481600700,106.1,106.1,103.45,104.8,104.08313005211848,103.08051490625795,0,0,0,125.65,65.5,,,,3,1,1,1,,,,72188,227699
1481687100,105,105,103.4,103.85,104.03650404169478,103.15046809659813,0,0,0,125.65,65.5,,,,3,1,1,1,,,,31315,208803.75
1481773500,103,108,103,107.5,104.72920323335583,103.54588008781649,0,0,0,125.65,65.5,,,,3,1,1,1,,,,88311,187462.5
1481859900,107.45,107.45,104.3,106.6,105.10336258668467,103.82352735256045,0,0,0,125.65,65.5,,,,3,1,1,1,,,,45628,176951.6
1482119100,106,106.3,103.1,103.75,104.83269006934773,103.81684304778223,0,0,0,125.65,65.5,,,,3,1,1,1,,,,47356,163119.85
1482205500,105.9,105.9,103.45,104.55,104.77615205547819,103.88349367980203,0,0,0,125.65,65.5,,,,3,1,1,1,,,,59750,155878.75
1482291900,104.9,105.55,103.55,104.1,104.64092164438256,103.9031760725473,0,0,0,125.65,65.5,,,,3,1,1,1,,,,51551,143057.35
1482378300,103.25,104.6,101.9,103.65,104.44273731550605,103.88016006595208,0,0,0,125.65,65.5,,,,3,1,1,1,,,,80741,139481.1
1482464700,102.65,104,98.800003,99.449997,103.44418925240484,103.47741796904735,0,0,0,125.65,65.5,,,,3,1,1,1,,,,117742,130319.5
1482723900,99,101,95.849998,99.199997,102.59535080192387,103.08856151731577,0,0,0,125.65,65.5,,,,3,1,1,1,,,,475881,138840.3
1482810300,99.949997,100.2,97.050003,99.900002,102.0562810415391,102.79869247028707,0,0,0,125.65,65.5,,,,3,1,1,1,,,,93827,129626.85
1482896700,100.35,101,95.25,97.449997,101.13502423323128,102.3124474275337,0,0,0,125.65,65.5,,,,3,1,1,1,,,,146468,129459.8
1482983100,97,100,97,99.400002,100.78801978658502,102.04767966139427,0,0,0,125.65,65.5,,,,3,1,1,1,,,,54268,125920.8
1483069500,99.349998,102.6,98.5,100.9,100.81041582926802,101.94334514672207,0,0,0,125.65,65.5,,,,3,1,1,1,,,,163552,115012.95
1483328700,102.4,103.9,101.2,103.15,101.27833266341442,102.0530410424746,0,0,0,125.65,65.5,,,,3,1,1,1,,,,49171,115351.8
1483415100,103.9,104.7,102.8,104.05,101.83266613073154,102.234582765886,0,0,0,125.65,65.5,,,,3,1,1,1,,,,33577,110387
1483501500,104.05,105.45,103.3,104.25,102.31613290458523,102.41780251444182,0,0,0,125.65,65.5,,,,3,1,1,1,,,,106503,108189.3
1483587900,104.2,105.25,104.15,104.55,102.76290632366819,102.61163864949256,0,0,0,125.65,65.5,,,,3,1,1,1,,,,40933,102737.2
1483674300,104.55,105.25,104.1,104.6,103.13032505893455,102.79239877226597,0,0,0,125.65,65.5,,,,3,1,1,1,,,,33809,93749
1483933500,103.4,105.85,99.5,99.650002,102.43426044714764,102.5067263384236,0,0,0,125.65,65.5,,,,3,1,1,1,,,,332964,106276.75
1484019900,101,101.6,99.150002,99.699997,101.88740775771811,102.25156912583964,0,0,0,125.65,65.5,,,,3,1,1,1,,,,137645,109549.6
1484106300,99.699997,101,96.449997,97,100.90992620617449,101.7741537507633,0,0,0,125.65,65.5,,,,3,1,1,1,,,,454246,130696.15
1484192700,97.300003,97.800003,91.900002,92.349998,99.19794056493959,100.91741231887573,0,0,0,125.65,65.5,,,,3,1,1,1,,,,828541,167707.65
1484279100,93.900002,94.849998,92.199997,93.849998,98.12835205195167,100.27492010806886,0,0,0,125.65,65.5,,,,3,1,1,1,,,,174235,174138
1484538300,92.75,96,92.75,94.150002,97.33268204156133,99.71810937097169,0,0,0,125.65,65.5,,,,3,1,1,1,,,,84911,176015.75
1484624700,95.5,98.699997,94,96.650002,97.19614603324906,99.43919051906518,0,0,0,125.65,65.5,,,,3,1,1,1,,,,477744,196915.45
1484711100,97,99,96.900002,98.650002,97.48691722659925,99.36744610824107,0,0,0,125.65,65.5,,,,3,1,1,1,,,,188197,203747.75
1484797500,98.75,99.5,97.150002,98.599998,97.7095333812794,99.29767809840097,0,0,0,125.65,65.5,,,,3,1,1,1,,,,70112,203216.3
1484883900,98,98.75,96.75,97,97.56762670502351,99.0887982712736,0,0,0,125.65,65.5,,,,3,1,1,1,,,,55653,200111.85
1485143100,97.050003,98,95.75,97.25,97.50410136401881,98.92163479206691,0,0,0,125.65,65.5,,,,3,1,1,1,,,,37349,178185.25
1485229500,97.900002,98.449997,96.949997,97.099998,97.42328069121504,98.75603144733356,0,0,0,125.65,65.5,,,,3,1,1,1,,,,61270,176557.4
1485315900,97.849998,101.4,97.599998,99.300003,97.79862515297204,98.80548340666687,0,0,0,125.65,65.5,,,,3,1,1,1,,,,156077,177037.85
1485488700,99.949997,101,98.5,99.599998,98.15889972237763,98.87771200606079,0,0,0,125.65,65.5,,,,3,1,1,1,,,,110924,179870.65
1485747900,99.449997,100.35,97.650002,99.550003,98.4371203779021,98.93882936914618,0,0,0,125.65,65.5,,,,3,1,1,1,,,,84652,175925.65
1485834300,98.800003,99.900002,97.75,98.25,98.39969630232169,98.87620851740562,0,0,0,125.65,65.5,,,,3,1,1,1,,,,140310,180482.6
1485920700,98.199997,103.6,98,102.45,99.20975704185734,99.20109865218693,0,0,0,125.65,65.5,,,,3,1,1,1,,,,188683,188237.9
1486007100,103.4,104.25,99.949997,102.65,99.89780563348587,99.51463513835175,0,0,0,125.65,65.5,,,,3,1,1,1,,,,113621,188593.8
1486093500,103.2,104.9,101.8,104.4,100.7982445067887,99.9587592166834,0,0,0,125.65,65.5,,,,3,1,1,1,,,,380659,205580.1
1486352700,104.3,106.5,101,103,101.23859560543096,100.23523565153037,0,0,0,125.65,65.5,,,,3,1,1,1,,,,207249,214252.1
1486439100,103.45,104.3,101,103.3,101.65087648434476,100.51385059230034,0,0,0,125.65,65.5,,,,3,1,1,1,,,,65123,200860.05
1486525500,103.85,105.9,101.7,102.5,101.8207011874758,100.69440962936395,0,0,0,125.65,65.5,,,,3,1,1,1,,,,112608,199608.2
1486611900,103.7,105.5,98,98.849998,101.22656054998065,100.52673584487631,0,0,0,125.65,65.5,,,,3,1,1,1,,,,353818,194586.8
1486698300,97.650002,101.5,97.25,97.699997,100.52124783998451,100.2697595862512,0,0,0,125.65,65.5,,,,3,1,1,1,,,,211204,163719.95
1486957500,97.349998,100.05,97,98.150002,100.04699867198761,100.07705435113745,0,0,0,125.65,65.5,,,,3,1,1,1,,,,70004,158508.4
1487043900,99.099998,100,97.349998,99.650002,99.96759933759009,100.03823141012495,0,0,0,125.65,65.5,,,,3,1,1,1,,,,67873,157656.5
1487130300,99.150002,99.349998,97,98,99.57407947007206,99.85293764556813,0,0,0,125.65,65.5,,,,3,1,1,1,,,,74002,137469.4
1487216700,98,99,97,98.099998,99.27926317605765,99.69357949597104,0,0,0,125.65,65.5,,,,3,1,1,1,,,,47940,130456.55
1487303100,98.349998,99.300003,97.150002,98.150002,99.05341094084612,99.55325426906458,0,0,0,125.65,65.5,,,,3,1,1,1,,,,120993,133000.6
1487562300,99,100,97.75,98.599998,98.96272835267689,99.46659460824053,0,0,0,125.65,65.5,,,,3,1,1,1,,,,117432,136089.55
1487648700,99.199997,99.900002,98.099998,98.5,98.87018268214152,99.37872237112775,0,0,0,125.65,65.5,,,,3,1,1,1,,,,33281,135886.15
1487735100,98.349998,99,97.599998,97.949997,98.68614554571322,99.24883824647978,0,0,0,125.65,65.5,,,,3,1,1,1,,,,199260,142785.65
1487821500,98.150002,98.150002,95.099998,95.25,97.99891643657057,98.8853074967998,0,0,0,125.65,65.5,,,,3,1,1,1,,,,127066,141335.1
1488167100,95.949997,100,94.25,95.599998,97.51913274925646,98.58664299709072,0,0,0,125.65,65.5,,,,3,1,1,1,,,,335151,152546.45
1488253500,98.349998,101.3,98,98.599998,97.73530579940517,98.58785708826429,0,0,0,125.65,65.5,,,,3,1,1,1,,,,400833,168355.5
1488339900,98.300003,99.900002,98.150002,99.150002,98.01824503952413,98.63896117114935,0,0,0,125.65,65.5,,,,3,1,1,1,,,,109145,166797.25
1488426300,99,99.400002,95.5,96,97.6145960316193,98.39905561013578,0,0,0,125.65,65.5,,,,3,1,1,1,,,,81055,161415.85
1488512700,97.650002,99,95.949997,98.300003,97.75167742529544,98.39005082739617,0,0,0,125.65,65.5,,,,3,1,1,1,,,,68401,159154.85
1488771900,98,98.75,97.150002,98.5,97.90134194023635,98.40004620672379,0,0,0,125.65,65.5,,,,3,1,1,1,,,,51782,142711
1488858300,98.050003,98.449997,96.5,97.849998,97.89107315218908,98.35004182429435,0,0,0,125.65,65.5,,,,3,1,1,1,,,,102278,137462.45
1488944700,98.900002,99.400002,97.5,98.849998,98.08285812175126,98.39549238572214,0,0,0,125.65,65.5,,,,3,1,1,1,,,,182363,143324.45
1489031100,98.5,99.300003,97.5,99.099998,98.286286097401,98.45953835065649,0,0,0,125.65,65.5,,,,3,1,1,1,,,,126965,144042.3
1489117500,98.150002,99.800003,97.449997,99.050003,98.4390294779208,98.51321695514225,0,0,0,125.65,65.5,,,,3,1,1,1,,,,116682,132185.5
1489463100,102,102,97.5,100.45,98.84122358233664,98.68928814103842,0,0,0,125.65,65.5,,,,3,1,1,1,,,,267866,135018.6
1489549500,100.2,103.4,99.199997,101.2,99.31297886586931,98.91753467367128,0,0,0,125.65,65.5,,,,3,1,1,1,,,,206966,141866.7
1489635900,101.15,102.5,98.449997,100.3,99.51038309269545,99.04321333970117,0,0,0,125.65,65.5,,,,3,1,1,1,,,,160382,146492.15
1489722300,100.95,103,98.800003,99.800003,99.56830707415637,99.11201239972833,0,0,0,125.65,65.5,,,,3,1,1,1,,,,198671,152725.6
1489981500,101,108.5,99.949997,104.1,100.47464565932509,99.56546581793485,0,0,0,125.65,65.5,,,,3,1,1,1,,,,970348,198846
1490067900,104.75,106,103.8,104.8,101.33971652746007,100.04133256175895,0,0,0,125.65,65.5,,,,3,1,1,1,,,,369643,211278.5
1490154300,104,105,102.35,103.7,101.81177322196805,100.37393869250813,0,0,0,125.65,65.5,,,,3,1,1,1,,,,95812,210197.5
1490240700,104.4,104.45,101.8,103.8,102.20941857757444,100.68539881137103,0,0,0,125.65,65.5,,,,3,1,1,1,,,,178521,217459.5
1490327100,104.25,104.25,100.4,102.1,102.18753486205955,100.81399891942822,0,0,0,125.65,65.5,,,,3,1,1,1,,,,175858,216289.4
1490586300,102.9,103.9,101.15,103.65,102.48002788964764,101.0718171994802,0,0,0,125.65,65.5,,,,3,1,1,1,,,,210360,220454.1
1490672700,103.7,104,100.8,102.4,102.46402231171811,101.19256109043654,0,0,0,125.65,65.5,,,,3,1,1,1,,,,208084,214100.75
1490759100,102.15,108,102.15,107.45,103.46121784937449,101.76141917312412,0,0,0,125.65,65.5,,,,3,1,1,1,,,,462952,217206.7
1490845500,107,108.9,105.6,107.9,104.3489742794996,102.31947197556738,0,0,0,125.65,65.5,,,,3,1,1,1,,,,251488,224323.85
1490931900,107.8,107.8,105.1,106.05,104.68917942359968,102.65861088687944,0,0,0,125.65,65.5,,,,3,1,1,1,,,,133490,226945.6
1491191100,106.4,109.75,106,108.55,105.46134353887975,103.19419171534494,0,0,0,125.65,65.5,,,,3,1,1,1,,,,299873,238519.2
1491363900,109.35,124.5,107.45,121.95,108.7590748311038,104.89926519576812,0,0,0,125.65,65.5,,,,3,1,1,1,,,,3342142,403037.2
1491450300,121.8,126.45,114.35,122,111.40725986488304,106.4538774506983,0,0,0,125.65,65.5,,,,3,1,1,1,,,,979966,446921.6
1491536700,122.3,128.60001,120,121.4,113.40580789190643,107.81261586427118,0,0,0,125.65,65.5,,,,3,1,1,1,,,,820449,478825.9
1491795900,121.5,125.6,121.25,122.5,115.22464631352514,109.14783260388289,0,0,0,125.65,65.5,,,,3,1,1,1,,,,263901,485672.7
1491882300,122.7,123.45,119.35,121.1,116.39971705082012,110.23439327625717,0,0,0,125.65,65.5,,,,3,1,1,1,,,,200403,489858.75
1491968700,122.25,122.25,114.5,120.95,117.30977364065609,111.20853934205196,0,0,0,125.65,65.5,,,,3,1,1,1,,,,210647,486997.8
1492055100,120.95,123,119,119.7,117.78781891252487,111.98049031095633,0,0,0,125.65,65.5,,,,3,1,1,1,,,,276016,490450.3
1492400700,120,123.1,117.3,118,117.83025513001989,112.52771846450575,0,0,0,128.60001,85.5,65.5,,,1,1,1,1,,,,221985,493530.45
1492487100,118,124,114.4,115.1,117.28420410401591,112.76156224045978,0,0,0,128.60001,85.5,65.5,,,1,1,1,1,,,,523654,509779.6
1492573500,116.7,116.75,113.2,115.2,116.86736328321273,112.98323840041799,0,0,0,128.60001,85.5,65.5,,,1,1,1,1,,,,330293,477776.85
1492659900,115.3,120.2,113.4,116.2,116.73389062657019,113.27567127310726,0,0,0,128.60001,85.5,65.5,,,1,1,1,1,,,,1057538,512171.6
1492746300,116.9,116.9,114,114.4,116.26711250125615,113.37788297555205,0,0,0,128.60001,85.5,65.5,,,1,1,1,1,,,,239718,519366.9
1493005500,115.2,116.7,112.75,113.35,115.68369000100492,113.37534815959278,0,0,0,128.60001,85.5,65.5,,,1,1,1,1,,,,255399,523210.8
1493091900,113.6,122,113.6,120.85,116.71695200080393,114.05486196326616,0,0,0,128.60001,85.5,65.5,,,1,1,1,1,,,,860173,557426.55
1493178300,120.9,123.4,117.5,118.8,117.13356160064315,114.48623814842378,0,0,0,128.60001,85.5,65.5,,,1,1,1,1,,,,527762,573296.65
1493264700,119.85,119.85,116.75,117.1,117.12684928051452,114.72385286220343,0,0,0,128.60001,85.5,65.5,,,1,1,1,1,,,,135336,569659.25
1493351100,116.55,118.2,115.1,116.5,117.00147942441161,114.8853207838213,0,0,0,128.60001,85.5,65.5,,,1,1,1,1,,,,137422,553382.75
1493696700,118.9,118.9,115.55,116.55,116.91118353952929,115.03665525801937,0,0,0,128.60001,85.5,65.5,,,1,1,1,1,,,,144232,548019.95
1493783100,117.35,121,116.45,119.05,117.33894683162343,115.4015047800176,0,0,0,128.60001,85.5,65.5,,,1,1,1,1,,,,192207,550955.8
1493869500,121,124.5,120.8,123.55,118.58115746529874,116.14227707274327,0,0,0,128.60001,85.5,65.5,,,1,1,1,1,,,,508951,561409.7
1493955900,124.4,124.45,117.2,118.25,118.514925972239,116.33388824794842,0,0,0,128.60001,85.5,65.5,,,1,1,1,1,,,,333368,410971
1494215100,119.95,119.95,116.15,117.45,118.3019407777912,116.43535295268039,0,0,0,128.60001,85.5,65.5,,,1,1,1,1,,,,104460,367195.7
1494301500,118.15,129.64999,118.15,127.8,120.20155262223297,117.4685026842549,0,0,0,128.60001,85.5,65.5,,,1,1,1,1,,,,1299226,391134.55
1494387900,128.89999,130.8,125.6,127.95,121.75124209778637,118.42136607659536,0,0,0,128.60001,85.5,65.5,,,1,1,1,1,,,,356900,395784.5
1494474300,127.95,133.8,118.65,126.3,122.6609936782291,119.1376055241776,0,0,0,128.60001,85.5,65.5,,,1,1,1,1,,,,2122484,491888.55
1494560700,130,137.8,124.75,133,124.72879494258328,120.39782320379781,0,0,0,128.60001,85.5,65.5,,,1,1,1,1,,,,2415672,602139.8
1494819900,131.55,135,130.75,131.39999,126.06303395406663,121.39802018527074,0,0,0,128.60001,85.5,65.5,,,1,1,1,1,,,,336337,605155.85
1494906300,130.89999,135.64999,129.85001,131.64999,127.1804251632533,122.33001744115522,0,0,0,128.60001,85.5,65.5,,,1,1,1,1,,,,235905,605851.85
1494992700,131,133.14999,130.10001,131.05,127.95434013060265,123.12274312832292,0,0,0,128.60001,85.5,65.5,,,1,1,1,1,,,,241691,591753.7
1495079100,128.14999,132.75,123.55,124.75,127.31347210448212,123.27067557120266,0,0,0,128.60001,85.5,65.5,,,1,1,1,1,,,,670965,608787.3
1495165500,124.75,131.8,123.95,128.39999,127.53077568358569,123.7369768829115,0,0,0,137.8,85.5,65.5,,,1,1,1,1,,,,373639,574592.35
1495424700,127.15,129.5,124.2,125.2,127.06462054686855,123.869978984465,0,0,0,137.8,85.5,65.5,,,1,1,1,1,,,,116562,568434.55
1495511100,126,126,119.3,123.3,126.31169643749485,123.81816271315,0,0,0,137.8,85.5,65.5,,,1,1,1,1,,,,225234,566926.3
1495597500,124,124.3,119.1,119.6,124.96935714999587,123.43469337559091,0,0,0,137.8,85.5,65.5,,,1,1,1,1,,,,175114,532673.35
1495683900,120,123.5,119.1,122.65,124.5054857199967,123.36335761417355,0,0,0,137.8,85.5,65.5,,,1,1,1,1,,,,157724,514171.45
1495770300,122.2,125.5,121.3,124.95,124.59438857599736,123.50759783106686,0,0,0,137.8,85.5,65.5,,,1,1,1,1,,,,78762,511342.75
1496029500,126,128.45,122.45,124.55,124.58551086079788,123.60236166460624,0,0,0,137.8,85.5,65.5,,,1,1,1,1,,,,81180,508530.65
1496115900,125.5,125.5,122.4,123.65,124.39840868863831,123.6066924223693,0,0,0,137.8,85.5,65.5,,,1,1,1,1,,,,75811,505109.6
1496202300,123.55,129.2,123.4,127.85,125.08872695091065,123.99244765669937,0,0,0,137.8,85.5,65.5,,,1,1,1,1,,,,223269,506662.7
1496288700,127.05,132.39999,125.55,130.10001,126.09098356072852,124.54768059699943,0,0,0,137.8,85.5,65.5,,,1,1,1,1,,,,231721,492801.2
1496375100,131.64999,131.7,127.15,129.64999,126.80278484858282,125.01152690636312,0,0,0,137.8,85.5,65.5,,,1,1,1,1,,,,135104,482888
1496634300,129.05,131.8,128.45,131.5,127.74222787886626,125.60138809669374,0,0,0,137.8,85.5,65.5,,,1,1,1,1,,,,118733,483601.65
1496720700,132,132.45,128.75,128.85001,127.96378430309301,125.89671736063067,0,0,0,137.8,85.5,65.5,,,1,1,1,1,,,,95702,423425.45
1496807100,130.39999,131.35001,126,126.55,127.6810274424744,125.95610669148243,0,0,0,137.8,85.5,65.5,,,1,1,1,1,,,,103782,410769.55
1496893500,128.89999,136.5,128.89999,135,129.14482195397952,126.77827881043858,0,0,0,137.8,85.5,65.5,,,1,1,1,1,,,,510360,330163.35
1496979900,136.25,142.95,136,141.60001,131.6358595631836,128.12570891858053,0,0,0,137.8,85.5,65.5,,,1,1,1,1,,,,863802,252569.85
1497239100,139.8,146.60001,139.5,140.60001,133.4286896505469,129.25973628961867,0,0,0,137.8,85.5,65.5,,,1,1,1,1,,,,619318,266718.9
1497325500,140.95,144.2,138.5,140.64999,134.8729497204375,130.29521389965333,0,0,0,137.8,85.5,65.5,,,1,1,1,1,,,,294078,269627.55
1497411900,142.05,145,141.2,143.64999,136.62835777635001,131.5092844542303,0,0,0,137.8,85.5,65.5,,,1,1,1,1,,,,308339,272959.95
1497498300,143.35001,153.8,143.14999,149.45,139.19268622108,133.14025859475484,0,0,0,137.8,85.5,65.5,,,1,1,1,1,,,,932042,286013.8
1497584700,150.35001,155.14999,150,153.14999,141.984146976864,134.95932508614075,0,0,0,137.8,85.5,65.5,,,1,1,1,1,,,,511645,292914.1
1497843900,156.2,162.95,154,160.85001,145.7573195814912,137.31302371467342,0,0,0,137.8,85.5,65.5,,,1,1,1,1,,,,789554,326563.7
1497930300,162,173.89999,162,169.89999,150.58585366519296,140.27547519515767,0,0,0,137.8,85.5,65.5,,,1,1,1,1,,,,1358035,383203.75
1498016700,171,173.8,162.2,163.95,153.25868293215436,142.4277047228706,0,0,0,137.8,85.5,65.5,,,1,1,1,1,,,,640454,406470.75
1498103100,165,165.39999,154.8,155.64999,153.7369443457235,143.62973065715508,0,0,0,137.8,85.5,65.5,,,1,1,1,1,,,,306379,413903.5
1498189500,155.95,158.39999,148,151.14999,153.2195534765788,144.3133905974137,0,0,0,137.8,85.5,65.5,,,1,1,1,1,,,,343103,427120.55
1498535100,150,150.5,144.10001,148.14999,152.20564078126304,144.66217236128517,0,0,0,137.8,85.5,65.5,,,1,1,1,1,,,,257138,435918.45
1498621500,149,153.39999,145.35001,150.3,151.82451262501044,145.17470214662288,0,0,0,173.89999,85.5,61.5,55.650002,45,1,1,1,1,,,,247828,444519.3
1498707900,151,157,151,155.14999,152.48960810000835,146.0815464969299,0,0,0,173.89999,85.5,61.5,55.650002,45,1,1,1,1,,,,227400,444725.85
1498794300,153.5,165,149.45,162.3,154.45168648000669,147.55595136084534,0,0,0,173.89999,85.5,61.5,55.650002,45,1,1,1,1,,,,382636,452271.6
1499053500,162.25,169.3,162.2,164.05,156.37134918400534,149.05541032804123,0,0,0,173.89999,85.5,61.5,55.650002,45,1,1,1,1,,,,454106,468221.7
1499139900,163.45,167.35001,159.60001,160.55,157.20707934720429,150.10037302549202,0,0,0,173.89999,85.5,61.5,55.650002,45,1,1,1,1,,,,225674,473568.75
1499226300,160.55,167.5,158.14999,165.60001,158.88566547776344,151.50943093226547,0,0,0,173.89999,85.5,61.5,55.650002,45,1,1,1,1,,,,442604,490913.85
1499312700,165,168.3,164.45,165.10001,160.12853438221074,152.74493812024133,0,0,0,173.89999,85.5,61.5,55.650002,45,1,1,1,1,,,,344711,502960.3
1499399100,164,167.8,162.8,166.10001,161.3228295057686,153.95903556385576,0,0,0,173.89999,85.5,61.5,55.650002,45,1,1,1,1,,,,251916,490038.1
1499658300,164,167.5,163,165.85001,162.22826560461488,155.04003323986888,0,0,0,173.89999,85.5,61.5,55.650002,45,1,1,1,1,,,,23780,448037
1499744700,166,170.75,163.7,165.3,162.8426124836919,155.9727574907899,0,0,0,173.89999,85.5,61.5,55.650002,45,1,1,1,1,,,,436372,438889.7
1499831100,165,174.95,164.5,169.14999,164.10408798695352,157.1706877188999,0,0,0,173.89999,85.5,61.5,55.650002,45,1,1,1,1,,,,521182,450244.9
1499917500,171.39999,176.55,170.39999,171.8,165.64327038956282,158.5006251989999,0,0,0,173.89999,85.5,61.5,55.650002,45,1,1,1,1,,,,589087,464282.3
1500003900,170.2,172.45,164.55,169.60001,166.43461831165024,159.509660180909,0,0,0,173.89999,85.5,61.5,55.650002,45,1,1,1,1,,,,402209,437790.65
1500263100,169,171.89999,165.5,170.39999,167.2276926493202,160.49969016446275,0,0,0,173.89999,85.5,61.5,55.650002,45,1,1,1,1,,,,222347,423325.75
1500349500,169.89999,181.3,166.95,172.75,168.33215411945616,161.61335469496615,0,0,0,173.89999,85.5,61.5,55.650002,45,1,1,1,1,,,,513591,409527.6
1500435900,172.5,172.5,167.64999,168.64999,168.39572129556493,162.2530488136056,0,0,0,173.89999,85.5,61.5,55.650002,45,1,1,1,1,,,,139211,348586.4
1500522300,168.89999,173.5,167.10001,170.89999,168.89657503645194,163.03913437600508,0,0,0,173.89999,85.5,61.5,55.650002,45,1,1,1,1,,,,201468,326637.1
1500608700,171.45,171.45,164.55,165.39999,168.19725802916156,163.25375761455007,0,0,0,173.89999,85.5,61.5,55.650002,45,1,1,1,1,,,,163012,319468.75
1500867900,165,171.8,165,170.2,168.59780642332925,163.8852341950455,0,0,0,173.89999,85.5,61.5,55.650002,45,1,1,1,1,,,,291675,316897.35
1500954300,168.45,171.64999,166.95,170,168.8782451386634,164.44112199549593,0,0,0,181.3,85.5,61.5,55.650002,45,1,1,1,1,,,,200330,314056.95
1501040700,169.45,170,165,166,168.30259611093072,164.58283817772357,0,0,0,181.3,85.5,61.5,55.650002,45,1,1,1,1,,,,58962,304613.65
1501127100,166.2,173.5,165.89999,169.55,168.55207688874458,165.03439834338508,0,0,0,181.3,85.5,61.5,55.650002,45,1,1,1,1,,,,217730,304130.15
1501213500,168.60001,172.3,165.25,169.7,168.78166151099566,165.45854394853188,0,0,0,181.3,85.5,61.5,55.650002,45,1,1,1,1,,,,99080,289952.35
1501472700,169.7,174.8,167.3,168.95,168.81532920879653,165.7759490441199,0,0,0,181.3,85.5,61.5,55.650002,45,1,1,1,1,,,,79854,271239.75
1501559100,168.14999,169.39999,165,166.14999,168.28226136703722,165.80995276738173,0,0,0,181.3,85.5,61.5,55.650002,45,1,1,1,1,,,,55478,262729.95
1501645500,167.55,172,166.45,170.2,168.66580909362978,166.20904797034703,0,0,0,181.3,85.5,61.5,55.650002,45,1,1,1,1,,,,386936,259946.55
1501731900,169.8,185.60001,166.45,172.25,169.38264727490383,166.7582254275882,0,0,0,181.3,85.5,61.5,55.650002,45,1,1,1,1,,,,760138,280717.9
1501818300,172.35001,175.8,168.60001,174.55,170.41611781992307,167.46656857053472,0,0,0,181.3,85.5,61.5,55.650002,45,1,1,1,1,,,,108117,273527.95
1502077500,174.55,179.7,172,176.75,171.68289425593846,168.31051688230428,0,0,0,181.3,85.5,61.5,55.650002,45,1,1,1,1,,,,772456,310961.75
1502163900,175.89999,181.55,169.3,173.75,172.09631540475078,168.80501534754936,0,0,0,181.3,85.5,61.5,55.650002,45,1,1,1,1,,,,215845,299935.4
1502250300,173.95,179.85001,169.85001,172.5,172.17705232380064,169.14092304322668,0,0,0,181.3,85.5,61.5,55.650002,45,1,1,1,1,,,,298471,288799.85
1502336700,168,175.89999,168,172.39999,172.22163985904052,169.4372018574788,0,0,0,185.60001,85.5,61.5,55.650002,45,1,1,1,1,,,,517585,285224.75
1502423100,168.5,182.75,168.05,176.14999,173.00730988723242,170.04745532498075,0,0,0,185.60001,85.5,61.5,55.650002,45,1,1,1,1,,,,267494,278489
1502682300,176.5,183.45,173,175.60001,173.52584990978593,170.55223302270977,0,0,0,185.60001,85.5,61.5,55.650002,45,1,1,1,1,,,,256338,280188.55
1502855100,176.89999,179.39999,174,175.89999,174.00067792782875,171.03839274791798,0,0,0,185.60001,85.5,61.5,55.650002,45,1,1,1,1,,,,208253,264921.65
1502941500,176,184.39999,175.25,179.05,175.010542342263,171.76672067992544,0,0,0,185.60001,85.5,61.5,55.650002,45,1,1,1,1,,,,325937,274257.95
1503027900,178.3,183.8,176.45,180,176.0084338738104,172.51520061811405,0,0,0,185.60001,85.5,61.5,55.650002,45,1,1,1,1,,,,302205,279294.8
1503287100,180.5,182.39999,176,177.85001,176.3767490990483,173.00018328919458,0,0,0,185.60001,85.5,61.5,55.650002,45,1,1,1,1,,,,124795,277383.95
1503373500,179.8,180.75,174.7,177.3,176.56139927923866,173.3910757174496,0,0,0,185.60001,85.5,61.5,55.650002,45,1,1,1,1,,,,140068,269803.6
1503459900,177.7,179.8,175,176.14999,176.47911742339093,173.64188610677238,0,0,0,185.60001,85.5,61.5,55.650002,45,1,1,1,1,,,,87200,264147.1
1503546300,176.35001,179.7,171.85001,173.05,175.79329393871274,173.58807827888398,0,0,0,185.60001,85.5,61.5,55.650002,45,1,1,1,1,,,,122807,267339.35
1503891900,173,176.89999,171,175.75,175.7846351509702,173.78461661716725,0,0,0,185.60001,85.5,61.5,55.650002,45,1,1,1,1,,,,141264,263516.05
1503978300,176.8,182.95,173.5,175.2,175.66770812077615,173.91328783378842,0,0,0,185.60001,85.5,61.5,55.650002,45,1,1,1,1,,,,229045,270014.3
1504064700,176.10001,178.2,172.85001,173.64999,175.26416449662094,173.88935166708038,0,0,0,185.60001,85.5,61.5,55.650002,45,1,1,1,1,,,,142659,273154.55
1504151100,174.8,176.39999,172.95,173.8,174.97133159729674,173.8812287882549,0,0,0,185.60001,85.5,61.5,55.650002,45,1,1,1,1,,,,75741,274167.7
1504237500,173,176.2,173,174,174.77706527783738,173.89202617114083,0,0,0,185.60001,85.5,61.5,55.650002,45,1,1,1,1,,,,401541,274897.95
1504496700,172,176,171.89999,174.39999,174.7016502222699,173.9382047010371,0,0,0,185.60001,85.5,61.5,55.650002,45,1,1,1,1,,,,82748,241028.45
1504583100,173.95,188.5,173.95,178.75,175.51132017781592,174.37564063730647,0,0,0,185.60001,85.5,61.5,55.650002,45,1,1,1,1,,,,672281,269236.65
1504669500,177.7,184,176,180.25,176.45905614225273,174.90967330664225,0,0,0,185.60001,85.5,61.5,55.650002,45,1,1,1,1,,,,362388,248733.25
1504755900,181.39999,184,178.39999,182.39999,177.6472429138022,175.59061118785658,0,0,0,185.60001,85.5,61.5,55.650002,45,1,1,1,1,,,,213102,248596.1
1504842300,182.60001,184.8,177.10001,180.8,178.27779433104175,176.06419198896052,0,0,0,185.60001,85.5,61.5,55.650002,45,1,1,1,1,,,,102757,238810.4
1505101500,180.8,184,179.8,181,178.8222354648334,176.51290180814593,0,0,0,185.60001,85.5,61.5,55.650002,45,1,1,1,1,,,,181216,221991.95
1505187900,180.5,183.8,180.5,182.75,179.60778837186672,177.07991073467812,0,0,0,188.5,85.5,61.5,55.650002,45,1,1,1,1,,,,138316,215533.05
1505274300,182.25,189.85001,181.10001,184.95,180.67623069749337,177.79537339516193,0,0,0,188.5,85.5,61.5,55.650002,45,1,1,1,1,,,,743768,239904.55
1505360700,185,187.2,182.5,183.60001,181.2609865579947,178.3230676319654,0,0,0,188.5,85.5,61.5,55.650002,45,1,1,1,1,,,,126040,235793.9
1505447100,183.14999,185,179,180.45,181.09878924639577,178.51642511996855,0,0,0,188.5,85.5,61.5,55.650002,45,1,1,1,1,,,,167697,227881.9
1505706300,181.95,187,180.64999,183.85001,181.64903339711663,179.00129647269867,0,0,0,188.5,85.5,61.5,55.650002,45,1,1,1,1,,,,379516,231747.45
1505792700,184.39999,192,181.10001,183.14999,181.9492247176933,179.37845042972606,0,0,0,188.5,85.5,61.5,55.650002,45,1,1,1,1,,,,263790,238697.2
1505879100,183.7,187.8,179.60001,180.7,181.69937977415464,179.49859129975096,0,0,0,188.5,85.5,61.5,55.650002,45,1,1,1,1,,,,2846672,374027.4
1505965500,181.2,182.10001,168.55,172.95,179.9495038193237,178.9032648179554,0,0,0,188.5,85.5,61.5,55.650002,45,1,1,1,1,,,,460179,392676.35
1506051900,171.7,175.5,168,171.8,178.31960305545897,178.25751347086856,0,0,0,188.5,85.5,61.5,55.650002,45,1,1,1,1,,,,397950,406433.5
1506311100,171.8,174,159,162.85001,175.22568444436718,176.85683133715324,0,0,0,188.5,85.5,61.5,55.650002,45,1,1,1,1,,,,453937,422067.15
1506397500,162.95,168.25,161.45,166.10001,173.40054955549374,175.87893848832113,0,0,0,192,85.5,61.5,55.650002,45,1,1,1,1,,,,313210,426275.4
1506483900,166.5,167.8,164.5,165.25,171.770439644395,174.9126713530192,0,0,0,192,85.5,61.5,55.650002,45,1,1,1,1,,,,368084,437546.65
1506570300,168,169.89999,165.64999,168.10001,171.036353715516,174.29333850274472,0,0,0,192,85.5,61.5,55.650002,45,1,1,1,1,,,,136842,440601.7
1506656700,170.89999,173.35001,168.3,170.3,170.88908297241278,173.93030772976792,0,0,0,192,85.5,61.5,55.650002,45,1,1,1,1,,,,207809,430915.1
1507002300,174,178.8,170.7,177.7,172.25126637793022,174.27300702706174,0,0,0,192,85.5,61.5,55.650002,45,1,1,1,1,,,,235518,438553.6
1507088700,177,177,173,174.89999,172.78101110234417,174.33000547914705,0,0,0,192,85.5,61.5,55.650002,45,1,1,1,1,,,,199704,414924.75
1507175100,175.05,178.7,175.05,177.7,173.76480888187533,174.63636861740642,0,0,0,192,85.5,61.5,55.650002,45,1,1,1,1,,,,152327,404421.7
1507261500,177,180.95,175.89999,177.2,174.45184710550026,174.86942601582402,0,0,0,192,85.5,61.5,55.650002,45,1,1,1,1,,,,233701,405451.65
1507520700,177,177.10001,172.14999,173.39999,174.2414756844002,174.7358409234764,0,0,0,192,85.5,61.5,55.650002,45,1,1,1,1,,,,134900,407058.8
1507607100,172.95,180.95,172,179.55,175.30318054752016,175.1734917486149,0,0,0,192,85.5,61.5,55.650002,45,1,1,1,1,,,,302801,413138.05
1507693500,180,184.89999,177.7,180.25,176.29254443801614,175.63499249874081,0,0,0,192,85.5,61.5,55.650002,45,1,1,1,1,,,,327751,422609.8
1507779900,180,185.7,179.8,183.75,177.7840355504129,176.37272045340075,0,0,0,192,85.5,61.5,55.650002,45,1,1,1,1,,,,334939,402168.35
1507866300,183.05,187.8,174.60001,178.39999,177.90722644033033,176.55701768490977,0,0,0,192,85.5,61.5,55.650002,45,1,1,1,1,,,,225982,407165.45
1508125500,180,181.7,176.5,178.8,178.08578115226427,176.7609251680998,0,0,0,192,85.5,61.5,55.650002,45,1,1,1,1,,,,162918,406926.5
1508211900,179,182.7,177.60001,180.55,178.5786249218114,177.10538651645436,0,0,0,192,85.5,61.5,55.650002,45,1,1,1,1,,,,141851,395043.25
1508298300,182.2,185.89999,174.5,176.5,178.16289993744914,177.05035137859488,0,0,0,192,85.5,61.5,55.650002,45,1,1,1,1,,,,233981,393552.8
1508384700,176.25,178.25,174.14999,175.89999,177.71031794995932,176.9457730714499,0,0,0,192,85.5,61.5,55.650002,45,1,1,1,1,,,,17924,252115.4
1508730300,177.45,177.45,170.75,172.55,176.67825435996747,176.54615733768173,0,0,0,192,85.5,61.5,55.650002,45,1,1,1,1,,,,77064,232959.65
1508816700,172.2,173.10001,169.85001,170.64999,175.47260148797398,176.0101421251652,0,0,0,192,85.5,61.5,55.650002,45,1,1,1,1,,,,52701,215697.2
1508903100,171.5,171.95,164.25,168.3,174.0380811903792,175.30922011378655,0,0,0,192,85.5,61.5,55.650002,45,1,1,1,1,,,,102811,198140.9
1508989500,168,175.39999,167.55,174.2,174.07046495230335,175.20838192162412,0,0,0,192,85.5,61.5,55.650002,45,1,1,1,1,,,,154429,190201.85
1509075900,174.95,178.60001,174.55,175.39999,174.33636996184268,175.22580083784013,0,0,0,192,85.5,61.5,55.650002,45,1,1,1,1,,,,76219,175608.6
1509335100,175.95,177.75,175,176.39999,174.74909396947413,175.3325453071274,0,0,0,192,85.5,61.5,55.650002,45,1,1,1,1,,,,45084,171020.7
1509421500,177.2,177.95,174.89999,175.7,174.9392751755793,175.36595027920671,0,0,0,192,85.5,61.5,55.650002,45,1,1,1,1,,,,53050,163282.75
1509507900,176.2,177.39999,174.95,175.14999,174.98141814046343,175.34631752655156,0,0,0,192,85.5,61.5,55.650002,45,1,1,1,1,,,,36507,153332.2
1509594300,175,181.8,174.95,179.39999,175.86513251237074,175.71483320595596,0,0,0,192,85.5,61.5,55.650002,45,1,1,1,1,,,,54797,146086.85
1509680700,179.5,183,178.55,180.45,176.78210600989658,176.1453029145054,0,0,0,192,85.5,61.5,55.650002,45,1,1,1,1,,,,256629,151301.95
1509939900,180.25,182.95,175.95,177,176.82568480791727,176.22300264955038,0,0,0,192,85.5,61.5,55.650002,45,1,1,1,1,,,,61392,142686.5
1510026300,177.5,178.7,164.25,165.3,174.5205478463338,175.23000240868217,0,0,0,192,85.5,61.5,55.650002,45,1,1,1,1,,,,254034,148643.2
1510112700,166.89999,173,166.8,168.55,173.32643827706704,174.62272946243834,0,0,0,192,85.5,61.5,55.650002,45,1,1,1,1,,,,91940,138100.15
1510199100,169,173,163.35001,168.60001,172.38115262165363,174.07520951130758,0,0,0,192,85.5,61.5,55.650002,45,1,1,1,1,,,,163925,129908.85
1510285500,169.89999,179,165.8,174.89999,172.8849200973229,174.15018955573416,0,0,0,192,85.5,61.5,55.650002,45,1,1,1,1,,,,167797,121551.75
1510544700,174,178,171.39999,174.2,173.1479360778583,174.15471777794014,0,0,0,192,85.5,61.5,55.650002,45,1,1,1,1,,,,190090,119757.15
1510631100,174,175.60001,172,172.8,173.07834886228665,174.0315616163092,0,0,0,192,85.5,61.5,55.650002,45,1,1,1,1,,,,37244,113473.45
1510717500,173,175.3,171.85001,173.39999,173.1426770898293,173.97414601482654,0,0,0,192,85.5,61.5,55.650002,45,1,1,1,1,,,,127736,112767.7
1510803900,175,180.39999,171.85001,173.25,173.16414167186343,173.90831455893323,0,0,0,192,85.5,61.5,55.650002,45,1,1,1,1,,,,237111,112924.2
1510890300,174.7,177,174,175.14999,173.56131133749074,174.02119414448475,0,0,0,192,85.5,61.5,55.650002,45,1,1,1,1,,,,53748,114715.4
1511149500,175.14999,176.25,174.10001,175.89999,174.0290470699926,174.1919937677134,0,0,0,192,85.5,61.5,55.650002,45,1,1,1,1,,,,66785,114201.45
1511235900,178.5,178.5,169,170.45,173.31323765599407,173.85181251610308,0,0,0,192,85.5,61.5,55.650002,45,1,1,1,1,,,,201482,121640.5
1511322300,171,173,167.05,169.64999,172.58058812479527,173.4698286510028,0,0,0,192,85.5,61.5,55.650002,45,1,1,1,1,,,,45079,118753.9
1511408700,170.05,170.05,165,165.95,171.2544704998362,172.786207864548,0,0,0,192,85.5,61.5,55.650002,45,1,1,1,1,,,,54686,113766.75
1511495100,169,172.45,166.2,168.5,170.70357639986895,172.39655260413454,0,0,0,192,85.5,61.5,55.650002,45,1,1,1,1,,,,83455,114128.55
1511754300,170.89999,170.89999,166.2,167.45,170.05286111989517,171.9468660037587,0,0,0,192,85.5,61.5,55.650002,45,1,1,1,1,,,,26258,113187.25
1511840700,166.8,173.8,166.8,173.25,170.69228889591614,172.0653327306897,0,0,0,192,85.5,61.5,55.650002,45,1,1,1,1,,,,141703,117619.9
1511927100,174.89999,177.3,168.55,171.2,170.79383111673292,171.9866661188088,0,0,0,192,85.5,61.5,55.650002,45,1,1,1,1,,,,432920,137440.55
1512013500,171.8,176,168,173.2,171.27506489338634,172.0969691989171,0,0,0,192,85.5,61.5,55.650002,45,1,1,1,1,,,,27012,136051.3
1512099900,173.5,174.75,168.2,169.89999,171.00004991470908,171.89724381719736,0,0,0,192,85.5,61.5,55.650002,45,1,1,1,1,,,,35756,125007.65
1512359100,170,171.95,166.39999,167.8,170.36003993176726,171.52476710654307,0,0,0,192,85.5,61.5,55.650002,45,1,1,1,1,,,,32117,123543.9
1512445500,166.14999,168.7,166,167.89999,169.8680299454138,171.19524191503916,0,0,0,192,85.5,61.5,55.650002,45,1,1,1,1,,,,12564,111470.4
1512531900,166.3,169.85001,166.10001,169.05,169.70442395633106,171.00021992276288,0,0,0,192,85.5,61.5,55.650002,45,1,1,1,1,,,,25819,108164.35
1512618300,168.85001,168.89999,166,166.39999,169.04353716506483,170.5820172025117,0,0,0,192,85.5,61.5,55.650002,45,1,1,1,1,,,,71879,103562.05
1512704700,168.75,168.75,162.55,165.89999,168.41482773205186,170.15637836591972,0,0,0,192,85.5,61.5,55.650002,45,1,1,1,1,,,,74364,98890.4
1512963900,166.89999,166.89999,162.8,163.60001,167.45186418564148,169.56034487810885,0,0,0,192,85.5,61.5,55.650002,45,1,1,1,1,,,,42311,91501.45
1513050300,163.85001,163.89999,159,159.55,165.8714913485132,168.6503135255535,0,0,0,192,85.5,61.5,55.650002,45,1,1,1,1,,,,88574,94067.95
1513136700,159.95,162.7,156.95,161.75,165.04719307881055,168.02301229595773,0,0,0,192,85.5,61.5,55.650002,45,1,1,1,1,,,,49046,90133.45
1513223100,162.7,163.95,157.55,159.10001,163.85775646304845,167.21183026905248,0,0,0,192,85.5,61.5,55.650002,45,1,1,1,1,,,,75922,82074
1513309500,160.85001,162.8,157.64999,162.10001,163.50620717043876,166.74711933550225,0,0,0,192,85.5,61.5,55.650002,45,1,1,1,1,,,,56058,82189.5
1513568700,163,163,156.75,160.60001,162.924967736351,166.18829121409294,0,0,0,192,85.5,61.5,55.650002,45,1,1,1,1,,,,34533,80576.9
1513655100,159.8,162.5,158.2,161.95,162.7299741890808,165.80299201281176,0,0,0,192,85.5,61.5,55.650002,45,1,1,1,1,,,,52714,73138.5
1513741500,163.7,164.05,159.10001,159.95,162.17397935126462,165.27090182982886,0,0,0,192,85.5,61.5,55.650002,45,1,1,1,1,,,,66874,74228.25
1513827900,160.05,167.7,159.85001,166.10001,162.9591854810117,165.34627529984442,0,0,0,192,85.5,61.5,55.650002,45,1,1,1,1,,,,86484,75818.15
1513914300,167.64999,172.5,162.64999,165.3,163.42734838480936,165.34206845440403,0,0,0,192,85.5,61.5,55.650002,45,1,1,1,1,,,,354619,89376.35
1514259900,165.75,167.5,163,165.05,163.75187870784748,165.31551677673093,0,0,0,192,85.5,61.5,55.650002,45,1,1,1,1,,,,55761,90851.5
1514346300,165.45,165.45,162.2,163.39999,163.68150096627798,165.1413779788463,0,0,0,192,85.5,61.5,55.650002,45,1,1,1,1,,,,49067,86219.7
1514432700,163.5,163.5,157.7,159.89999,162.92519877302237,164.66488816258754,0,0,0,192,85.5,61.5,55.650002,45,1,1,1,1,,,,185536,73850.5
1514519100,159.89999,161.8,158.14999,160.55,162.4501590184179,164.29080742053412,0,0,0,192,85.5,61.5,55.650002,45,1,1,1,1,,,,86204,76810.1
1514778300,161.85001,161.89999,158.25,160.45,162.05012721473432,163.94164310957646,0,0,0,192,85.5,61.5,55.650002,45,1,1,1,1,,,,64032,78223.9
1514864700,159.10001,166.75,158.25,163.55,162.35010177178745,163.90603919052407,0,0,0,192,85.5,61.5,55.650002,45,1,1,1,1,,,,151949,84215.5
1514951100,165.95,168.85001,164,167.60001,163.40008341742995,164.24185471865823,0,0,0,192,85.5,61.5,55.650002,45,1,1,1,1,,,,66997,86937.15
1515037500,166.60001,172.39999,164.25,170.45,164.81006673394396,164.80623156241657,0,0,0,192,85.5,61.5,55.650002,45,1,1,1,1,,,,56445,88468.45
1515123900,172.75,174.39999,170,172.25,166.29805338715516,165.48293778401506,0,0,0,192,85.5,61.5,55.650002,45,1,1,1,1,,,,57540,87751.5
1515383100,174.35001,174.35001,166,167.2,166.47844270972413,165.6390343491046,0,0,0,192,85.5,61.5,55.650002,45,1,1,1,1,,,,122676,90167.1
1515469500,168.7,171,166.35001,168.05,166.79275416777932,165.85821304464056,0,0,0,192,85.5,61.5,55.650002,45,1,1,1,1,,,,328068,104454.95
1515555900,169.7,174,168.05,171.60001,167.75420533422346,166.38019458603688,0,0,0,192,85.5,61.5,55.650002,45,1,1,1,1,,,,393155,119684
1515642300,172.5,175.3,171,174.14999,169.03336226737878,167.0865396236699,0,0,0,192,85.5,61.5,55.650002,45,1,1,1,1,,,,132409,123852.15
1515728700,176,183.8,174.8,179.45,171.116689813903,168.21049056697262,0,0,0,192,85.5,61.5,55.650002,45,1,1,1,1,,,,382956,139203.85
1515987900,181.55,182,175.2,178.35001,172.5633538511224,169.1322650608842,0,0,0,192,85.5,61.5,55.650002,45,1,1,1,1,,,,107820,141791.95
1516074300,180.7,180.7,171.10001,175,173.05068308089793,169.66569550989473,0,0,0,192,85.5,61.5,55.650002,45,1,1,1,1,,,,84285,144279.55
1516160700,175,175,168.7,173.39999,173.12054446471834,170.00517682717702,0,0,0,192,85.5,61.5,55.650002,45,1,1,1,1,,,,63843,144836
1516247100,180,181.3,173.45,174.85001,173.46643757177466,170.44561620652456,0,0,0,192,85.5,61.5,55.650002,45,1,1,1,1,,,,299496,156467.1
1516333500,181,181,172,174.7,173.71315005741974,170.83237836956778,0,0,0,192,85.5,61.5,55.650002,45,1,1,1,1,,,,928846,198585.2
1516592700,176.5,176.5,170.14999,171.60001,173.2905220459358,170.90216306324342,0,0,0,192,85.5,61.5,55.650002,45,1,1,1,1,,,,64919,184100.2
1516679100,171.55,173.89999,168.05,169.45,172.52241763674863,170.7701482393122,0,0,0,192,85.5,61.5,55.650002,45,1,1,1,1,,,,71265,184875.4
1516765500,173.5,173.5,160.05,166.89999,171.3979321093989,170.41831567210198,0,0,0,192,85.5,61.5,55.650002,45,1,1,1,1,,,,148531,189848.6
1516851900,164.14999,173.89999,164.14999,169.64999,171.04834368751912,170.34846788372909,0,0,0,192,85.5,61.5,55.650002,45,1,1,1,1,,,,113612,186252.4
1517197500,171,171,165.10001,166.10001,170.0586769500153,169.9622444397537,0,0,0,192,85.5,61.5,55.650002,45,1,1,1,1,,,,39992,183941.8
1517283900,165.10001,168.85001,161.35001,161.95,168.43694156001223,169.23385858159426,0,0,0,192,85.5,61.5,55.650002,45,1,1,1,1,,,,76235,184551.95
1517370300,163.60001,165,157.64999,158.5,166.44955324800978,168.25805325599478,0,0,0,192,85.5,61.5,55.650002,45,1,1,1,1,,,,68460,180377.5
1517456700,158.60001,165,154.8,163.8,165.91964259840782,167.85277568726798,0,0,0,192,85.5,61.5,55.650002,45,1,1,1,1,,,,192740,186664.65
1517543100,160.55,161,155.75,159.35001,164.60571607872626,167.07979698842544,0,0,0,192,85.5,61.5,55.650002,45,1,1,1,1,,,,119835,189834.15
1517802300,154.85001,159.39999,135.95,155.89999,162.864570862981,166.0634508985686,0,0,0,192,85.5,61.5,55.650002,45,1,1,1,1,,,,176442,195779.25
1517888700,152.85001,154,145.05,147.85001,159.8616586903848,164.40768354415326,0,0,0,192,85.5,61.5,55.650002,45,1,1,1,1,,,,148115,197051.2
1517975100,152.8,152.8,145.10001,147.25,157.33932695230783,162.8478941310484,0,0,0,192,85.5,61.5,55.650002,45,1,1,1,1,,,,102440,185769.8
1518061500,147.95,161.8,147.95,159.14999,157.70145956184626,162.51172102822582,0,0,0,192,85.5,61.5,55.650002,45,1,1,1,1,,,,169240,174574.05
1518147900,156,161.8,153,160.2,158.20116764947701,162.30156457111437,0,0,0,192,85.5,61.5,55.650002,45,1,1,1,1,,,,47735,170340.35
1518407100,160.2,168,159.95,167.14999,159.9909321195816,162.7423305191949,0,0,0,192,85.5,61.5,55.650002,45,1,1,1,1,,,,45783,153481.7
1518579900,169.60001,170,159.10001,167.45,161.48274569566527,163.17030047199535,0,0,0,192,85.5,61.5,55.650002,45,1,1,1,1,,,,146769,155429.15
1518666300,169.95,174.45,166.45,168.75,162.93619655653222,163.67754588363212,0,0,0,192,85.5,61.5,55.650002,45,1,1,1,1,,,,138393,158134.55
1518752700,168,168,165,166.85001,163.7189592452258,163.96595171239284,0,0,0,192,85.5,61.5,55.650002,45,1,1,1,1,,,,29027,156393.75
1519011900,167,167,155.2,157.25,162.42516739618063,163.35541064762984,0,0,0,192,85.5,61.5,55.650002,45,1,1,1,1,,,,222102,152524.05
1519098300,156.75,168.45,156,161.45,162.2301339169445,163.1821914978453,0,0,0,192,85.5,61.5,55.650002,45,1,1,1,1,,,,41415,108152.5
1519184700,161.60001,163.8,158,160.5,161.8841071335556,162.9383559071321,0,0,0,192,85.5,61.5,55.650002,45,1,1,1,1,,,,648294,137321.25
1519271100,160.5,161.60001,159.5,160.3,161.56728570684447,162.69850537012007,0,0,0,192,85.5,61.5,55.650002,45,1,1,1,1,,,,47920,136154
1519357500,160.2,163.10001,160.14999,161.89999,161.63382656547557,162.62591306374551,0,0,0,192,85.5,61.5,55.650002,45,1,1,1,1,,,,24290,129941.95
1519616700,162.64999,167,160.25,165,162.30706125238046,162.84173914885955,0,0,0,192,85.5,61.5,55.650002,45,1,1,1,1,,,,34341,125978.4
1519703100,165.10001,165.60001,159.5,161.8,162.20564900190436,162.74703558987233,0,0,0,192,85.5,61.5,55.650002,45,1,1,1,1,,,,45907,126274.15
1519789500,161,162.8,159.25,160.35001,161.8345212015235,162.5291241726112,0,0,0,192,85.5,61.5,55.650002,45,1,1,1,1,,,,23482,123636.5
1519875900,159,163.25,159,162.45,161.9576169612188,162.52193106601018,0,0,0,192,85.5,61.5,55.650002,45,1,1,1,1,,,,46736,122550.3
1520221500,174,174,158,159.45,161.45609356897504,162.2426646054638,0,0,0,192,85.5,61.5,55.650002,45,1,1,1,1,,,,187885,122307.55
1520307900,161.75,162.7,156,158,160.76487485518004,161.85696782314892,0,0,0,192,85.5,61.5,55.650002,45,1,1,1,1,,,,30122,117821.9
1520394300,157,158.95,149,150.60001,158.73190188414404,160.83360802104448,0,0,0,192,85.5,61.5,55.650002,45,1,1,1,1,,,,47784,111389
1520480700,150.5,154.95,148,152.89999,157.56551950731523,160.11237001913136,0,0,0,192,85.5,61.5,55.650002,45,1,1,1,1,,,,57713,106868.9
1520567100,154.75,155,149.3,150.85001,156.22241760585217,159.27033729011941,0,0,0,192,85.5,61.5,55.650002,45,1,1,1,1,,,,45032,103998.5
1520826300,152,159.2,151,157.64999,156.50793208468173,159.12303299101765,0,0,0,192,85.5,61.5,55.650002,45,1,1,1,1,,,,64967,98784.85
1520912700,157.5,164,155,162.10001,157.6263476677454,159.39366726456151,0,0,0,192,85.5,61.5,55.650002,45,1,1,1,1,,,,48977,98846.95
1520999100,162,162,157.14999,160.3,158.16107813419632,159.47606114960138,0,0,0,192,85.5,61.5,55.650002,45,1,1,1,1,,,,39727,98544.15
1521085500,158.55,161.5,156.5,156.89999,157.90886050735705,159.24187286327398,0,0,0,192,85.5,61.5,55.650002,45,1,1,1,1,,,,63496,94380.5
1521171900,157.10001,158.2,153.2,154.89999,157.30708640588563,158.84715623934,0,0,0,192,85.5,61.5,55.650002,45,1,1,1,1,,,,42923,89607
1521431100,154.5,156.14999,150.10001,150.75,155.9956691247085,158.11105112667272,0,0,0,192,85.5,61.5,55.650002,45,1,1,1,1,,,,53650,90838.15
1521517500,151.45,151.5,147,147.55,154.3065352997668,157.15095556970246,0,0,0,192,85.5,61.5,55.650002,45,1,1,1,1,,,,59337,82699.9
1521603900,149.3,151,147,148.05,153.05522823981346,156.3235959724568,0,0,0,192,85.5,61.5,55.650002,45,1,1,1,1,,,,41938,82726.05
1521690300,147.5,150,144.2,145.39999,151.52418059185078,155.33054088405163,0,0,0,192,85.5,61.5,55.650002,45,1,1,1,1,,,,181172,59369.95
1521776700,139.95,147.75,139.95,146.3,150.47934447348064,154.50958262186512,0,0,0,192,85.5,61.5,55.650002,45,1,1,1,1,,,,681077,91027.8
1522035900,146.3,154,145,151.5,150.6834755787845,154.23598420169557,0,0,0,192,85.5,61.5,55.650002,45,1,1,1,1,,,,409937,110310.15
1522122300,151.75,156.75,147.75,151.10001,150.7667824630276,153.95089563790506,0,0,0,192,85.5,61.5,55.650002,45,1,1,1,1,,,,135446,115365.4
1522208700,150,154.95,148.39999,151.5,150.91342597042208,153.72808694355007,0,0,0,192,85.5,61.5,55.650002,45,1,1,1,1,,,,444118,135275.95
1522640700,152.95,161.95,150.3,158.8,152.49074077633767,154.1891699486819,0,0,0,192,85.5,61.5,55.650002,45,1,1,1,1,,,,165811,142392.4
1522727100,160,164,157.60001,162.14999,154.42259062107013,154.91288086243807,0,0,0,192,85.5,61.5,55.650002,45,1,1,1,1,,,,220826,151096.9
1522813500,162.5,164.7,160,161.05,155.7480724968561,155.47080078403462,0,0,0,192,85.5,61.5,55.650002,45,1,1,1,1,,,,93054,146355.35
1522899900,163.45,169,162.10001,166.39999,157.87845599748488,156.46436344003146,0,0,0,192,85.5,61.5,55.650002,45,1,1,1,1,,,,227050,156201.75
1522986300,157.95,165.8,155.55,164.14999,159.1327627979879,157.16305676366497,0,0,0,192,85.5,61.5,55.650002,45,1,1,1,1,,,,4368641,372244.6
1523245500,162.39999,164.39999,159.10001,160.7,159.44621023839034,157.48459705787724,0,0,0,192,85.5,61.5,55.650002,45,1,1,1,1,,,,789948,408856.35
1523331900,161.64999,162,157.85001,160.3,159.61696819071227,157.7405427798884,0,0,0,192,85.5,61.5,55.650002,45,1,1,1,1,,,,292105,421210
1523418300,162,162,157.3,160.39999,159.77357255256982,157.98231070898944,0,0,0,192,85.5,61.5,55.650002,45,1,1,1,1,,,,485954,442259.35
1523504700,160.5,161.95,160,161.55,160.12885804205587,158.30664609908132,0,0,0,192,85.5,61.5,55.650002,45,1,1,1,1,,,,595843,469602.65
1523591100,162.39999,165.89999,161.7,164.60001,161.0230884336447,158.8787700900739,0,0,0,192,85.5,61.5,55.650002,45,1,1,1,1,,,,756716,505452.1
1523850300,164.5,169,162.14999,168.5,162.51847074691574,159.75342735461265,0,0,0,192,85.5,61.5,55.650002,45,1,1,1,1,,,,323110,518432.8
1523936700,169,169,165.64999,167.55,163.5247765975326,160.4622066860115,0,0,0,192,85.5,61.5,55.650002,45,1,1,1,1,,,,345507,533562
1524023100,167.05,171,166.39999,169.35001,164.68982327802607,161.270188805465,0,0,0,192,85.5,61.5,55.650002,45,1,1,1,1,,,,392291,550494.05
1524109500,169.2,171.5,166.89999,170.2,165.79185862242085,162.08198982315,0,0,0,192,85.5,61.5,55.650002,45,1,1,1,1,,,,606041,577829.25
1524195900,171.85001,172.89999,169.89999,172.39999,167.11348489793667,163.01998983922726,0,0,0,192,85.5,61.5,55.650002,45,1,1,1,1,,,,291554,590310.05
1524455100,172,173,170.25,172,168.09078791834935,163.8363543992975,0,0,0,192,85.5,61.5,55.650002,45,1,1,1,1,,,,237434,593123.15
1524541500,172,176.3,168.60001,170.7,168.61263033467947,164.46032218117955,0,0,0,192,85.5,61.5,55.650002,45,1,1,1,1,,,,1238241,620981.35
1524627900,171,172.35001,165.10001,170.5,168.99010426774356,165.00938380107232,0,0,0,192,85.5,61.5,55.650002,45,1,1,1,1,,,,370090,618989
1524714300,171.39999,175.8,169.89999,173.39999,169.87208141419484,165.77216618279303,0,0,0,192,85.5,61.5,55.650002,45,1,1,1,1,,,,520660,638249.7
1524800700,173.39999,173.95,170.45,173.10001,170.51766713135586,166.43833380253912,0,0,0,192,85.5,61.5,55.650002,45,1,1,1,1,,,,399210,636004.3
1525059900,173,174,171,172.39999,170.8941317050847,166.98030254776285,0,0,0,192,85.5,61.5,55.650002,45,1,1,1,1,,,,132762,634351.85
1525232700,171.8,175.89999,171.8,175.2,171.75530536406777,167.7275477706935,0,0,0,192,85.5,61.5,55.650002,45,1,1,1,1,,,,366094,641615.25
1525319100,175.75,176.89999,173,175.14999,172.4342422912542,168.40231524608498,0,0,0,192,85.5,61.5,55.650002,45,1,1,1,1,,,,408679,657396.5
1525405500,175.55,176,170,175.10001,172.96739583300337,169.01119658734999,0,0,0,192,85.5,61.5,55.650002,45,1,1,1,1,,,,277520,659920
1525664700,174.55,178.85001,172,177,173.7739166664027,169.73745144304544,0,0,0,192,85.5,61.5,55.650002,45,1,1,1,1,,,,146540,448814.95
1525751100,176.75,177.75,174.5,175.60001,174.13913533312217,170.2704113118595,0,0,0,192,85.5,61.5,55.650002,45,1,1,1,1,,,,205266,419580.85
1525837500,175.64999,180,171.64999,177.8,174.87130826649775,170.95491937441773,0,0,0,192,85.5,61.5,55.650002,45,1,1,1,1,,,,598899,434920.55
1525923900,177,178.8,166,173.3,174.5570466131982,171.16810852219794,0,0,0,192,85.5,61.5,55.650002,45,1,1,1,1,,,,14158127,1118529.2
1526010300,177.5,178.8,174.10001,177.45,175.13563729055855,171.7391895656345,0,0,0,192,85.5,61.5,55.650002,45,1,1,1,1,,,,572802,1117377.15
1526269500,178.8,185.55,175.64999,180.35001,176.17851183244684,172.5219914233041,0,0,0,192,85.5,61.5,55.650002,45,1,1,1,1,,,,490293,1104056
1526355900,178.10001,192.89999,177,180.05,176.95280946595747,173.20635583936735,0,0,0,192,85.5,61.5,55.650002,45,1,1,1,1,,,,2659708,1220885.9
1526442300,179.5,187.85001,177.14999,184.39999,178.44224557276598,174.2239589448794,0,0,0,192,85.5,61.5,55.650002,45,1,1,1,1,,,,901326,1248676.85
1526528700,185.8,187.89999,182.5,184.55,179.6637964582128,175.16268994989036,0,0,0,192,85.5,61.5,55.650002,45,1,1,1,1,,,,259615,1242043.05
1526615100,186,186.75,179,180.2,179.77103716657024,175.62062722717306,0,0,0,192,85.5,61.5,55.650002,45,1,1,1,1,,,,204320,1221957
1526874300,186,186,178.5,180.60001,179.93683173325618,176.07329838833914,0,0,0,192,85.5,61.5,55.650002,45,1,1,1,1,,,,387995,1226779.05
1526960700,183,193.89999,180,190.75,182.09946538660495,177.40754398939922,0,0,0,192,85.5,61.5,55.650002,45,1,1,1,1,,,,609380,1245376.35
1527047100,191.85001,192.45,180.3,181.7,182.01957230928394,177.7977672630902,0,0,0,192,85.5,61.5,55.650002,45,1,1,1,1,,,,428898,1204909.2
1527133500,181.7,187,181.39999,182,182.01565784742715,178.1797884209911,0,0,0,192,85.5,61.5,55.650002,45,1,1,1,1,,,,306191,1201714.25
1527219900,184.89999,188.39999,182.45,185.3,182.67252627794173,178.82708038271917,0,0,0,192,85.5,61.5,55.650002,45,1,1,1,1,,,,192112,1185286.85
1527479100,188.39999,189.5,185,186.2,183.37802102235338,179.49734580247198,0,0,0,192,85.5,61.5,55.650002,45,1,1,1,1,,,,282106,1179431.65
1527565500,187.39999,187.7,178.25,179.55,182.61241681788272,179.5021325477018,0,0,0,193.89999,135.95,85.5,61.5,55.650002,1,1,1,1,,,,184348,1182010.95
1527651900,178.5,178.85001,170.45,171.8,180.44993345430618,178.8019386797289,0,0,0,193.89999,135.95,85.5,61.5,55.650002,1,1,1,1,,,,300458,1178729.15
1527738300,172.5,177.89999,167.10001,176.35001,179.62994876344493,178.57903607248082,0,0,0,193.89999,135.95,85.5,61.5,55.650002,1,1,1,1,,,,1512542,1233922.3
1527824700,175.55,175.55,170,173.10001,178.32396101075594,178.08094279316438,0,0,0,193.89999,135.95,85.5,61.5,55.650002,1,1,1,1,,,,167255,1228409.05
1528083900,172,173.8,161,161.7,174.99916880860474,176.591766175604,0,0,0,193.89999,135.95,85.5,61.5,55.650002,1,1,1,1,,,,404843,1241324.2
1528170300,160,166,157,158.39999,171.67933304688378,174.93796834145817,0,0,0,193.89999,135.95,85.5,61.5,55.650002,1,1,1,1,,,,354550,1248788.4
1528256700,161.89999,167,157.25,163.64999,170.07346443750703,173.9117884922347,0,0,0,193.89999,135.95,85.5,61.5,55.650002,1,1,1,1,,,,1484743,1293080.6
1528343100,167.3,172.85001,166.35001,171.95,170.44877155000563,173.73344408384972,0,0,0,193.89999,135.95,85.5,61.5,55.650002,1,1,1,1,,,,1484225,659385.5
1528429500,169.39999,172.60001,168.39999,171.64999,170.6890152400045,173.5440391671361,0,0,0,193.89999,135.95,85.5,61.5,55.650002,1,1,1,1,,,,68835,634187.15
1528688700,172.3,173.64999,165.75,166.85001,169.9212141920036,172.93549106103282,0,0,0,193.89999,135.95,85.5,61.5,55.650002,1,1,1,1,,,,120467,615695.85
1528775100,166.60001,172,166.60001,167.95,169.52697135360287,172.48226460093892,0,0,0,193.89999,135.95,85.5,61.5,55.650002,1,1,1,1,,,,122049,488812.9
1528861500,168.75,173,167.85001,172,170.0215770828823,172.43842236448992,0,0,0,193.89999,135.95,85.5,61.5,55.650002,1,1,1,1,,,,238708,455682
1528947900,170.7,175,169.39999,172.60001,170.53726366630582,172.45311214953628,0,0,0,193.89999,135.95,85.5,61.5,55.650002,1,1,1,1,,,,123854,448893.95
1529034300,173,175.89999,168.35001,169.64999,170.35980893304466,172.1982828632148,0,0,0,193.89999,135.95,85.5,61.5,55.650002,1,1,1,1,,,,141355,445745.7
1529293500,169.89999,170.89999,164.14999,165.3,169.34784714643573,171.57116623928619,0,0,0,193.89999,135.95,85.5,61.5,55.650002,1,1,1,1,,,,205713,436631.6
1529379900,164.25,166.25,163.2,164.60001,168.39827971714857,170.93742476298743,0,0,0,193.89999,135.95,85.5,61.5,55.650002,1,1,1,1,,,,715303,441927.75
1529466300,165.85001,169.75,162.55,164.14999,167.54862177371885,170.32038523907949,0,0,0,193.89999,135.95,85.5,61.5,55.650002,1,1,1,1,,,,111491,426057.4
1529552700,165.39999,166.5,164.25,165.85001,167.20889941897508,169.91398749007226,0,0,0,193.89999,135.95,85.5,61.5,55.650002,1,1,1,1,,,,78304,414663.05
1529639100,168.60001,168.60001,164,165.2,166.80711953518005,169.48544317279297,0,0,0,193.89999,135.95,85.5,61.5,55.650002,1,1,1,1,,,,110698,410592.35
1529898300,164,166.5,162.60001,164.5,166.34569562814403,169.03222106617542,0,0,0,193.89999,135.95,85.5,61.5,55.650002,1,1,1,1,,,,42402,398607.15
1529984700,164.10001,166.60001,164.10001,165.10001,166.09655850251522,168.67474733288674,0,0,0,193.89999,135.95,85.5,61.5,55.650002,1,1,1,1,,,,129166,395848.05
1530071100,168.39999,168.39999,159.5,162.25,165.32724680201218,168.0906793935334,0,0,0,193.89999,135.95,85.5,61.5,55.650002,1,1,1,1,,,,207546,391202.45
1530157500,162.89999,164.95,153.55,155.64999,163.39179544160976,166.95970763048493,0,0,0,193.89999,135.95,85.5,61.5,55.650002,1,1,1,1,,,,213751,326262.9
1530243900,156.05,165.55,156.05,162.75,163.2634363532878,166.57700693680448,0,0,0,193.89999,135.95,85.5,61.5,55.650002,1,1,1,1,,,,76258,321713.05
1530503100,163.64999,166,162.60001,163.35001,163.28075108263025,166.28364357891317,0,0,0,193.89999,135.95,85.5,61.5,55.650002,1,1,1,1,,,,31465,303044.15
1530589500,163,164.14999,160.55,161.64999,162.9545988661042,165.86240234446652,0,0,0,193.89999,135.95,85.5,61.5,55.650002,1,1,1,1,,,,32674,286950.35
1530675900,161.7,167.45,161.3,166.10001,163.58368109288335,165.88400304042412,0,0,0,193.89999,135.95,85.5,61.5,55.650002,1,1,1,1,,,,98481,217637.25
1530762300,166,167.75,161.55,163.35001,163.5369468743067,165.6536400367492,0,0,0,193.89999,135.95,85.5,61.5,55.650002,1,1,1,1,,,,57694,146310.7
1530848700,163.89999,165,161,162.14999,163.25955549944536,165.33512639704475,0,0,0,193.89999,135.95,85.5,61.5,55.650002,1,1,1,1,,,,117390,148738.45
1531107900,163.64999,165,161.55,162.14999,163.0376423995563,165.04556854276794,0,0,0,193.89999,135.95,85.5,61.5,55.650002,1,1,1,1,,,,62256,145827.9
1531194300,163,163,160.10001,162.25,162.88011391964503,164.79142594797085,0,0,0,193.89999,135.95,85.5,61.5,55.650002,1,1,1,1,,,,115924,145521.65
1531280700,162.95,163,159,159.8,162.26409113571603,164.33765995270076,0,0,0,193.89999,135.95,85.5,61.5,55.650002,1,1,1,1,,,,82328,137702.65
1531367100,159,162,155.60001,156.95,161.20127290857283,163.66605450245524,0,0,0,193.89999,135.95,85.5,61.5,55.650002,1,1,1,1,,,,121816,137600.75
1531453500,156.95,158.75,152.10001,153.95,159.75101832685826,162.78277682041386,0,0,0,193.89999,135.95,85.5,61.5,55.650002,4,1,1,1,,,,70769,134071.45
1531712700,153.10001,153.95,149.10001,149.39999,157.6808126614866,161.56615983673987,0,0,0,193.89999,135.95,85.5,61.5,55.650002,4,1,1,1,,,,54469,126509.25
1531799100,150.55,151.8,137.25,141.14999,154.3746481291893,159.71014439703626,1,0,0,193.89999,135.95,85.5,61.5,55.650002,4,1,2,1,1,,,2573645,219426.35
1531885500,143.7,144.7,137.64999,141.64999,151.82971650335145,158.06831217912386,0,0,0,193.89999,135.95,85.5,61.5,55.650002,4,1,2,1,,,,530555,240379.55
1531971900,143,144.85001,135.8,137.35001,148.93377520268115,156.1848301628399,1,0,0,193.89999,135.95,85.5,61.5,55.650002,4,1,2,2,1,,,509831,261955.9
1532058300,136.45,139.7,134.3,135.64999,146.2770181621449,154.31802651167263,0,0,0,193.89999,135.95,85.5,61.5,55.650002,4,1,2,2,,,,163461,264594.05
1532317500,135.64999,143,135.45,141.5,145.32161452971593,153.15275137424786,0,0,0,193.89999,135.95,85.5,61.5,55.650002,4,1,2,2,,,,284849,276716.4
1532403900,144,144.7,140.75,143.10001,144.87729362377274,152.2388657947708,0,0,0,193.89999,135.95,85.5,61.5,55.650002,4,1,2,2,,,,299038,285210
1532490300,143.8,144.7,139.64999,141.05,144.1118348990182,151.22169617706436,0,0,0,193.89999,135.95,85.5,61.5,55.650002,4,1,2,2,,,,193751,284520.25
1532576700,143.45,153.95,140.14999,152.35001,145.75946991921455,151.3242701609676,0,0,0,193.89999,135.95,85.5,61.5,55.650002,4,1,2,2,,,,384378,293051.6
1532663100,152.5,161.05,149.55,159.64999,148.53757393537165,152.0811537826978,0,0,0,193.89999,135.95,85.5,61.5,55.650002,4,1,2,2,,,,295939,304035.65
1532922300,158,160.2,155,155.64999,149.96005714829732,152.4055934388162,0,0,0,193.89999,135.95,85.5,61.5,55.650002,4,1,2,2,,,,78301,306377.45
1533008700,154,155.25,147.95,149.8,149.92804571863786,152.16872130801474,1,0,0,193.89999,135.95,85.5,61.5,55.650002,4,2,2,2,1,,,1160207,362754.1
1533095100,150,154.85001,146.55,148.55,149.6524365749103,151.83974664364976,0,0,0,193.89999,135.95,85.5,61.5,55.650002,4,2,2,2,,,,274359,371548
1533181500,148.95,151.45,145.25,148.25,149.37194925992824,151.5134060396816,0,0,0,193.89999,135.95,85.5,61.5,55.650002,4,2,2,2,,,,84027,372864.65
1533267900,148.8,151.89999,146.14999,146.95,148.8875594079426,151.0985509451651,0,0,0,193.89999,135.95,85.5,61.5,55.650002,4,2,2,2,,,,130552,373522.75
1533527100,147.8,153.10001,147.10001,148.60001,148.8300495263541,150.871410859241,0,0,0,193.89999,135.95,85.5,61.5,55.650002,4,2,2,2,,,,154102,378115.05
1533613500,149.45,149.55,146.05,147.45,148.55403962108326,150.56037350840091,0,0,0,193.89999,135.95,85.5,61.5,55.650002,4,2,2,2,,,,66698,375653.75
1533699900,147.5,154.95,147.5,150.05,148.8532316968666,150.5139759167281,0,0,0,193.89999,135.95,85.5,61.5,55.650002,4,2,2,2,,,,860579,414566.3
1533786300,151,152.8,148.89999,150.89999,149.26258335749327,150.54906810611647,0,0,0,193.89999,135.95,85.5,61.5,55.650002,4,2,2,2,,,,93009,413125.95
1533872700,150.5,152.35001,147.25,148.10001,149.03006868599462,150.32642646010586,0,0,0,193.89999,135.95,85.5,61.5,55.650002,4,2,2,2,,,,59124,412543.7
1534131900,148.10001,148.10001,143.05,144.10001,148.04405694879569,149.76038860009623,0,0,0,193.89999,135.95,85.5,61.5,55.650002,4,2,2,2,,,,776739,448657.2
1534218300,143.10001,145.05,138.10001,139.95,146.42524555903654,148.86853509099657,0,0,0,193.89999,135.95,85.5,61.5,55.650002,4,2,2,2,,,,748448,357397.35
1534391100,140.35001,140.35001,135.10001,136.5,144.44019644722923,147.7441228099969,0,0,0,193.89999,135.95,85.5,61.5,55.650002,4,2,2,2,,,,259570,343848.1
1534477500,138.95,143.25,138.10001,141.25,143.80215715778337,147.15374800908808,0,0,0,193.89999,135.95,85.5,61.5,55.650002,4,2,2,2,,,,555714,346142.25
1534736700,146.10001,147,141.2,144.64999,143.97172372622668,146.92613364462554,0,0,0,193.89999,135.95,85.5,61.5,55.650002,4,2,2,2,,,,1340590,404998.7
1534823100,148,148,142.5,144.95,144.16737898098134,146.74648513147775,0,0,0,193.89999,135.95,85.5,61.5,55.650002,4,2,2,2,,,,1316249,456568.7
1534995900,145.5,149.89999,141,142.39999,143.81390118478507,146.35134921043434,0,0,0,193.89999,135.95,85.5,61.5,55.650002,4,2,2,2,,,,1247741,504003.85
1535082300,141.64999,143.45,139,140.3,143.11112094782806,145.8012265549403,0,0,0,193.89999,135.95,85.5,61.5,55.650002,4,2,2,2,,,,453019,516967.25
1535341500,141.35001,145,140.7,141.60001,142.80889875826244,145.41929777721847,0,0,0,193.89999,135.95,85.5,61.5,55.650002,4,2,2,2,,,,193205,507408.6
1535427900,142.5,145,141.05,144.60001,143.16712100660996,145.34481707019862,0,0,0,193.89999,135.95,85.5,61.5,55.650002,4,2,2,2,,,,240465,504634.9
1535514300,144.10001,150.95,144.05,146.95,143.92369680528796,145.49074279108964,0,0,0,193.89999,135.95,85.5,61.5,55.650002,4,2,2,2,,,,452922,523365.95
1535600700,148.05,156,145.7,151.05,145.34895744423036,145.9961298100815,0,0,0,193.89999,135.95,85.5,61.5,55.650002,4,2,2,2,,,,427119,486711.55
1535687100,151.14999,154,150.05,153.05,146.8891659553843,146.63739073643774,0,0,0,193.89999,135.95,85.5,61.5,55.650002,4,2,2,2,,,,367839,491385.55
1535946300,152,152.05,146.8,147.45,147.00133276430745,146.7112643058525,0,0,0,193.89999,135.95,85.5,61.5,55.650002,4,2,2,2,,,,165783,495473.35
1536032700,147.8,149,139.64999,146,146.80106621144597,146.64660391441137,0,0,0,193.89999,135.95,85.5,61.5,55.650002,4,2,2,2,,,,2125964,595243.95
1536119100,144,149.75,141.60001,145.55,146.55085296915678,146.54691264946487,0,0,0,193.89999,135.95,85.5,61.5,55.650002,4,2,2,2,,,,235042,599290.95
1536205500,145.95,146,141.25,142.2,145.68068237532543,146.1517387722408,0,0,0,193.89999,135.95,85.5,61.5,55.650002,4,2,2,2,,,,103364,601124.25
1536291900,142.7,143.55,140.45,141.45,144.83454590026034,145.72430797476437,0,0,0,193.89999,135.95,85.5,61.5,55.650002,4,2,2,2,,,,117908,563990.7
1536551100,142,144.60001,137.45,138.2,143.50763672020827,145.04027997705853,0,0,0,193.89999,135.95,85.5,61.5,55.650002,4,2,2,2,,,,143219,566501.2
1536637500,138.8,143.7,138.2,140.2,142.84610937616662,144.60025452459865,0,0,0,193.89999,135.95,85.5,61.5,55.650002,4,2,2,2,,,,317985,579444.25
1536723900,141,141,134.25,134.8,141.2368875009333,143.7093222950897,0,0,0,193.89999,135.95,85.5,61.5,55.650002,4,2,2,2,,,,438770,562545.8
1536896700,136.95,136.95,135,135.60001,140.10951200074663,142.97211208644518,0,0,0,193.89999,135.95,85.5,61.5,55.650002,4,2,2,2,,,,308409,540543.85
1537155900,135,135.14999,133.2,134.45,138.9776096005973,142.19737462404106,0,0,0,193.89999,135.95,85.5,61.5,55.650002,4,2,2,2,,,,156577,535394.2
1537242300,135,135,130.75,132.25,137.63208768047784,141.29306784003734,0,0,0,193.89999,135.95,85.5,61.5,55.650002,4,2,2,2,,,,220054,518611.2
1537328700,132.35001,133,130,131.7,136.44567014438226,140.4209707636703,0,0,0,193.89999,135.95,85.5,61.5,55.650002,4,2,2,2,,,,69245,455043.95
1537501500,133.7,134.60001,109.25,125.85,134.3265361155058,139.0963370578821,0,1,0,193.89999,135.95,85.5,61.5,55.650002,4,3,3,2,,1,,1158816,447172.3
1537760700,124.8,128,116.15,120.55,131.57122889240463,137.41030641625645,0,0,0,193.89999,135.95,85.5,61.5,55.650002,4,3,3,2,,,,963535,432962
1537847100,121,124,119.4,121.25,129.5069831139237,135.94118765114223,0,0,0,193.89999,135.95,85.5,61.5,55.650002,4,3,3,2,,,,165072,418564.65
1537933500,122,131.64999,121,128.35001,129.27558849113896,135.25108059194747,0,0,0,193.89999,135.95,85.5,61.5,55.650002,4,3,3,2,,,,154008,416604.8
1538019900,126.1,128.75,119,120.05,127.43047079291117,133.8691641744977,0,0,0,193.89999,135.95,85.5,61.5,55.650002,4,3,3,2,,,,343032,421733.15
1538106300,121.05,124.3,114,115.05,124.95437663432894,132.1583310677252,0,0,0,193.89999,135.95,85.5,61.5,55.650002,4,3,3,2,,,,355130,416843.55
1538365500,113.05,124.8,109.5,117.55,123.47350130746315,130.83030097065927,0,0,0,193.89999,135.95,85.5,61.5,55.650002,4,3,3,2,,,,162819,403628.55
1538538300,118.4,121.95,115.7,119.3,122.63880104597052,129.78209179150844,0,0,0,193.89999,135.95,85.5,61.5,55.650002,4,3,3,2,,,,163056,393389.4
1538624700,119.8,123.4,114.75,116,121.31104083677641,128.52917435591675,0,0,0,193.89999,135.95,85.5,61.5,55.650002,4,3,3,2,,,,126932,391446.85
1538711100,116.9,120.95,104,108.35,118.71883266942113,126.69470395992433,0,1,0,193.89999,135.95,85.5,61.5,55.650002,4,3,3,3,,1,,390117,304654.5
1538970300,107.7,107.7,96.5,98.699997,114.71506553553691,124.1497305999312,0,0,0,193.89999,135.95,85.5,61.5,55.650002,4,3,3,3,,,,351089,310456.85
1539056700,97.599998,104.8,97.599998,103.35,112.44205242842952,122.25884599993746,0,0,0,193.89999,135.95,85.5,61.5,55.650002,4,3,3,3,,,,226211,316599.2
1539143100,104,118,104,116.1,113.17364194274361,121.69895090903405,0,0,0,193.89999,135.95,85.5,61.5,55.650002,4,3,3,3,,,,366653,329036.45
1539229500,110,112.65,106.15,107.65,112.06891355419489,120.42177355366732,0,0,0,193.89999,135.95,85.5,61.5,55.650002,4,3,3,3,,,,183047,331027.85
1539315900,109,111.8,106,109.25,111.50513084335591,119.4061577760612,0,0,0,193.89999,135.95,85.5,61.5,55.650002,4,3,3,3,,,,258254,328041.3
1539575100,111.9,111.9,108.25,109.8,111.16410467468474,118.53287070551019,0,0,0,193.89999,135.95,85.5,61.5,55.650002,4,3,3,3,,,,45785,308392.05
1539661500,110.9,113.7,108,109,110.7312837397478,117.66624609591835,0,0,0,193.89999,135.95,85.5,61.5,55.650002,4,3,3,3,,,,67725,296357.85
1539747900,111.6,113,101.3,102.1,109.00502699179823,116.25113281447123,0,0,0,193.89999,135.95,85.5,61.5,55.650002,4,3,3,3,,,,166404,296849.2
1539920700,102,103.05,96.599998,97.550003,106.71402219343858,114.55103010406476,0,0,0,193.89999,135.95,85.5,61.5,55.650002,4,3,3,3,,,,157257,293709.35
1540179900,99,100.25,95,95.699997,104.51121715475087,112.83729982187705,0,0,0,193.89999,135.95,85.5,61.5,55.650002,4,3,3,3,,,,115742,296034.2
1540266300,95,98.650002,95,96,102.80897372380069,111.30663620170641,0,0,0,193.89999,135.95,85.5,61.5,55.650002,4,3,3,3,,,,106947,243440.75
1540352700,97.099998,100.05,97.099998,98.449997,101.93717837904055,110.1378508197331,0,0,0,193.89999,135.95,85.5,61.5,55.650002,4,3,3,3,,,,67876,198657.8
1540439100,97.199997,101,95.550003,96.699997,100.88974210323244,108.91622774521191,0,0,0,193.89999,135.95,85.5,61.5,55.650002,4,3,3,3,,,,204364,200622.4
1540525500,97.400002,98.300003,95.400002,97.550003,100.22179428258595,107.88293458655629,0,0,0,193.89999,135.95,85.5,61.5,55.650002,4,3,3,3,,,,93224,197583.2
1540784700,97.349998,105.5,96.400002,103.65,100.90743542606876,107.4981223514148,0,0,0,193.89999,135.95,85.5,61.5,55.650002,4,3,3,3,,,,79806,184421.9
1540871100,104.75,108.5,102.6,107.45,102.21594834085501,107.49374759219528,0,0,0,193.89999,135.95,85.5,61.5,55.650002,4,3,3,3,,,,63911,169860.95
1540957500,107.05,109.95,105.1,106.5,103.072758672684,107.40340690199571,0,0,0,193.89999,135.95,85.5,61.5,55.650002,4,3,3,3,,,,55297,164484.85
1541043900,107.1,108.75,105.15,106.35,103.7282069381472,107.30764263817791,0,0,0,193.89999,135.95,85.5,61.5,55.650002,4,3,3,3,,,,61601,159412.1
1541130300,107.65,110.9,97.650002,108.05,104.59256555051776,107.37512967107082,0,0,0,193.89999,135.95,85.5,61.5,55.650002,4,3,3,3,,,,349965,170563.75
1541389500,108,115.9,106.35,110.4,105.75405244041421,107.65011788279166,0,0,0,193.89999,135.95,85.5,61.5,55.650002,4,3,3,3,,,,311600,166637.9
1541475900,111.3,114.45,111.3,113.6,107.32324195233137,108.19101625708333,0,0,0,193.89999,135.95,85.5,61.5,55.650002,4,3,3,3,,,,84800,153323.45
1541562300,114,114.8,112.95,113.65,108.5885935618651,108.68728750643939,0,0,0,193.89999,135.95,85.5,61.5,55.650002,4,3,3,3,,,,11391,142582.45
1541735100,114.7,114.7,112.15,114,109.67087484949208,109.17026136949035,0,0,0,193.89999,135.95,85.5,61.5,55.650002,4,3,3,3,,,,25085,125504.05
1541994300,115,124,108.05,110.55,109.84669987959366,109.29569215408213,0,0,0,193.89999,135.95,85.5,61.5,55.650002,4,3,3,3,,,,100763,121389.85
1542080700,111.4,111.45,107.95,109.85,109.84735990367493,109.3460837764383,0,0,0,193.89999,135.95,85.5,61.5,55.650002,4,3,3,3,,,,52331,111093.7
1542167100,109.95,115,109.95,113.9,110.65788792293995,109.76007616039846,0,0,0,193.89999,135.95,85.5,61.5,55.650002,4,3,3,3,,,,79609,112784.9
1542253500,113.8,115,110.6,114.6,111.44631033835196,110.20006923672587,0,0,0,193.89999,135.95,85.5,61.5,55.650002,4,3,3,3,,,,102128,114505.05
1542339900,116.4,116.4,108.9,110.35,111.22704827068156,110.21369930611442,0,0,0,193.89999,135.95,85.5,61.5,55.650002,4,3,3,3,,,,155052,113937.45
1542599100,110.8,112.25,109.7,110.95,111.17163861654525,110.28063573283129,0,0,0,193.89999,135.95,85.5,61.5,55.650002,4,3,3,3,,,,38714,108010.3
1542685500,110.05,115,109.6,113.9,111.7173108932362,110.60966884802845,0,0,0,193.89999,135.95,85.5,61.5,55.650002,4,3,3,3,,,,86857,106566.05
1542771900,114.5,115.5,113.1,114.25,112.22384871458897,110.94060804366222,0,0,0,193.89999,135.95,85.5,61.5,55.650002,4,3,3,3,,,,100538,106245.6
1542858300,114.8,115,109.45,110.75,111.92907897167117,110.92328003969293,0,0,0,193.89999,135.95,85.5,61.5,55.650002,4,3,3,3,,,,55176,105610.6
1543203900,111.7,111.85,108.65,110.85,111.71326317733694,110.91661821790267,0,0,0,193.89999,135.95,85.5,61.5,55.650002,4,3,3,3,,,,47169,97750.85
1543290300,111,112.15,109.45,109.8,111.33061054186955,110.8151074708206,0,0,0,193.89999,135.95,85.5,61.5,55.650002,4,3,3,3,,,,66902,96434.75
1543376700,110,111,108.1,110.25,111.11448843349564,110.76373406438238,0,0,0,193.89999,135.95,85.5,61.5,55.650002,4,3,3,3,,,,52607,95074.8
1543463100,110.5,111.35,108.65,109.5,110.79159074679652,110.64884914943852,0,0,0,193.89999,135.95,85.5,61.5,55.650002,4,3,3,3,,,,161048,99931.65
1543549500,110.15,114,110.15,112.35,111.10327259743721,110.80349922676228,0,0,0,193.89999,135.95,85.5,61.5,55.650002,4,3,3,3,,,,76052,100969.4
1543808700,112.35,114.15,111.2,113.15,111.51261807794977,111.0168174788748,0,0,0,193.89999,135.95,85.5,61.5,55.650002,4,3,3,3,,,,89671,102372.9
1543895100,112.7,117.25,112.1,115.45,112.30009446235981,111.41983407170436,0,0,0,193.89999,135.95,85.5,61.5,55.650002,4,3,3,3,,,,75383,88643.8
1543981500,113.7,116.95,113.7,115.8,113.00007556988784,111.8180309742767,0,0,0,193.89999,135.95,85.5,61.5,55.650002,4,3,3,3,,,,45657,75346.65
1544067900,115.7,116.5,113.3,115.45,113.49006045591027,112.14820997661518,0,0,0,193.89999,135.95,85.5,61.5,55.650002,4,3,3,3,,,,44298,73321.55
1544154300,114.2,115.85,108,108.65,112.52204836472822,111.83019088783198,0,0,0,193.89999,135.95,85.5,61.5,55.650002,4,3,3,3,,,,324037,88953.85
1544413500,107.9,107.9,100.1,101.7,110.35763869178258,110.90926444348361,0,0,0,193.89999,135.95,85.5,61.5,55.650002,4,3,3,3,,,,41884,89793.8
1544499900,103,104.85,101.65,103.25,108.93611095342607,110.21296767589419,0,0,0,193.89999,135.95,85.5,61.5,55.650002,4,3,3,3,,,,47193,87115.3
1544586300,105,111.6,103.3,110.25,109.19888876274085,110.2163342508129,0,0,0,193.89999,135.95,85.5,61.5,55.650002,4,3,3,3,,,,109563,89976.9
1544672700,113.3,115.9,111.55,112.9,109.93911101019268,110.46030386437538,0,0,0,193.89999,135.95,85.5,61.5,55.650002,4,3,3,3,,,,77737,89883.3
1544759100,113.9,113.9,108.3,109.55,109.86128880815414,110.37754896761398,0,0,0,193.89999,135.95,85.5,61.5,55.650002,4,3,3,3,,,,53188,87436.3
1545018300,110.5,112.9,109.15,110.05,109.89903104652332,110.34777178873998,0,0,0,193.89999,135.95,85.5,61.5,55.650002,4,3,3,3,,,,45453,81956.35
1545104700,110.05,113.2,108.9,111.75,110.26922483721866,110.4752470806727,0,0,0,193.89999,135.95,85.5,61.5,55.650002,4,3,3,3,,,,76070,83824.15
1545191100,112.6,116.4,112.6,114.6,111.13537986977492,110.85022461879336,0,0,0,193.89999,135.95,85.5,61.5,55.650002,4,3,3,3,,,,129951,85978.85
1545277500,114,115,109.4,110.3,110.96830389581994,110.80020419890306,0,0,0,193.89999,135.95,85.5,61.5,55.650002,4,3,3,3,,,,157012,88802.55
1545363900,111.5,112.8,109.65,112.15,111.20464311665596,110.92291290809369,0,0,0,193.89999,135.95,85.5,61.5,55.650002,4,3,3,3,,,,88608,90474.15
1545623100,113.4,113.4,108.35,109.95,110.95371449332477,110.83446628008518,0,0,0,193.89999,135.95,85.5,61.5,55.650002,4,3,3,3,,,,87495,92490.45
1545795900,110,110.4,108.2,109.65,110.69297159465981,110.72678752735017,0,0,0,193.89999,135.95,85.5,61.5,55.650002,4,3,3,3,,,,84543,93372.5
1545882300,111.8,111.8,109.35,110.45,110.64437727572785,110.70162502486379,0,0,0,193.89999,135.95,85.5,61.5,55.650002,4,3,3,3,,,,35994,92541.85
1545968700,110.05,111.7,109.3,109.8,110.47550182058228,110.61965911351254,0,0,0,193.89999,135.95,85.5,61.5,55.650002,4,3,3,3,,,,23421,85660.5
1546227900,111,112.6,107.5,110,110.38040145646582,110.56332646682958,0,0,0,193.89999,135.95,85.5,61.5,55.650002,4,3,3,3,,,,33338,83524.8
1546314300,110,111.55,110,110.5,110.40432116517266,110.55756951529962,0,0,0,193.89999,135.95,85.5,61.5,55.650002,4,3,3,3,,,,10572,79569.85
1546400700,113.4,113.5,106.1,106.95,109.71345693213813,110.22960865027238,0,0,0,193.89999,135.95,85.5,61.5,55.650002,4,3,3,3,,,,33655,77483.45
1546487100,108.4,108.95,106.75,108.15,109.4007655457105,110.04055331842945,0,0,0,193.89999,135.95,85.5,61.5,55.650002,4,3,3,3,,,,27978,76599.5
1546573500,107.1,109.7,105.7,109.05,109.3306124365684,109.95050301675404,0,0,0,193.89999,135.95,85.5,61.5,55.650002,4,3,3,3,,,,44903,76629.75
1546832700,109.6,110.9,108.65,109.65,109.39448994925472,109.9231845606855,0,0,0,193.89999,135.95,85.5,61.5,55.650002,4,3,3,3,,,,29850,61920.4
1546919100,109.9,109.95,107.35,107.65,109.04559195940378,109.716531418805,0,0,0,193.89999,135.95,85.5,61.5,55.650002,4,3,3,3,,,,15048,60578.6
1547005500,109.35,110,107.25,107.8,108.79647356752302,109.54230128982273,0,0,0,193.89999,135.95,85.5,61.5,55.650002,4,3,3,3,,,,20756,59256.75
1547091900,107.75,109.05,106.85,107.45,108.52717885401842,109.35209208165703,0,0,0,193.89999,135.95,85.5,61.5,55.650002,4,3,3,3,,,,78827,57719.95
1547178300,107.1,108.4,106,107.8,108.38174308321473,109.21099280150639,0,0,0,193.89999,135.95,85.5,61.5,55.650002,4,3,3,3,,,,62682,56967.2
1547437500,109.25,109.25,105.1,105.8,107.86539446657179,108.900902546824,0,0,0,193.89999,135.95,85.5,61.5,55.650002,4,3,3,3,,,,13428,54979.2
1547523900,105.85,112.25,105.85,108.7,108.03231557325743,108.8826386789309,0,0,0,193.89999,135.95,85.5,61.5,55.650002,4,3,3,3,,,,94004,57406.75
1547610300,109.7,109.7,107.1,107.65,107.95585245860595,108.77058061720992,0,0,0,193.89999,135.95,85.5,61.5,55.650002,4,3,3,3,,,,24800,54843.25
1547696700,109.55,109.55,104.7,105.55,107.47468196688476,108.47780056109993,0,0,0,193.89999,135.95,85.5,61.5,55.650002,4,3,3,3,,,,44352,50563.3
1547783100,106.05,109.8,104.1,106.5,107.27974557350781,108.29800051009084,0,0,0,193.89999,135.95,85.5,61.5,55.650002,4,3,3,3,,,,70184,46221.9
1548042300,106.8,109.7,104.75,105.95,107.01379645880625,108.08454591826441,0,0,0,193.89999,135.95,85.5,61.5,55.650002,4,3,3,3,,,,30838,43333.4
1548128700,106,106.85,104.8,105.45,106.701037167045,107.84504174387673,0,0,0,193.89999,135.95,85.5,61.5,55.650002,4,3,3,3,,,,130891,45503.2
1548215100,106.4,106.9,104.8,105.2,106.400829733636,107.6045834035243,0,0,0,193.89999,135.95,85.5,61.5,55.650002,4,3,3,3,,,,24788,42515.45
1548301500,106,106,100.55,102.6,105.6406637869088,107.14962127593118,0,0,0,193.89999,135.95,85.5,61.5,55.650002,4,3,3,3,,,,59929,43712.2
1548387900,103,104.1,101.5,103.2,105.15253102952704,106.79056479630107,0,0,0,193.89999,135.95,85.5,61.5,55.650002,4,3,3,3,,,,50873,45084.8
1548647100,101.6,102.6,99,99.949997,104.11202422362163,106.16869499663734,0,0,0,193.89999,135.95,85.5,61.5,55.650002,4,3,3,3,,,,62784,46557.1
1548733500,99.099998,101.3,96.800003,97.400002,102.76961977889731,105.37154108785212,0,0,0,193.89999,135.95,85.5,61.5,55.650002,4,3,3,3,,,,52902,48673.6
1548819900,97.400002,100.05,97.400002,98.550003,101.92569642311784,104.75140126168375,0,0,0,193.89999,135.95,85.5,61.5,55.650002,4,3,3,3,,,,25344,48258.05
1548906300,100.95,101,96,97.949997,101.13055653849428,104.13309178334886,0,0,0,193.89999,135.95,85.5,61.5,55.650002,4,3,3,3,,,,301453,61931.8
1548992700,99.75,106.3,99.75,102.95,101.49444523079542,104.0255379848626,0,0,0,193.89999,135.95,85.5,61.5,55.650002,4,3,3,3,,,,209392,70156.25
1549251900,102.95,104,96.849998,98.900002,100.97555658463634,103.55958016805691,0,0,0,193.89999,135.95,85.5,61.5,55.650002,4,3,3,3,,,,60029,71665.2
1549338300,98.900002,100.45,98,98.650002,100.51044566770906,103.11325488005174,0,0,0,193.89999,135.95,85.5,61.5,55.650002,4,3,3,3,,,,55840,73704.8
1549424700,98.949997,99.900002,96,97.5,99.90835653416725,102.60295898186521,0,0,0,193.89999,135.95,85.5,61.5,55.650002,4,3,3,3,,,,43288,74831.4
1549511100,97.900002,101.5,96.599998,97.199997,99.3666846273338,102.11178061987746,0,0,0,193.89999,135.95,85.5,61.5,55.650002,4,3,3,3,,,,33775,72578.8
1549597500,97.599998,98.800003,89.050003,91.349998,97.76334730186704,101.13343674534315,0,0,0,193.89999,135.95,85.5,61.5,55.650002,4,3,3,3,,,,62671,72578.25
1549856700,92.5,92.900002,89,89.800003,96.17067844149364,100.10312458667559,0,0,0,193.89999,135.95,85.5,61.5,55.650002,4,3,3,3,,,,39186,73866.15
1549943100,88.150002,92,85,86.050003,94.14654335319491,98.825568078796,0,0,0,193.89999,135.95,85.5,61.5,55.650002,4,3,3,3,,,,725183,105425.1
1550029500,86.349998,89.949997,85,85.449997,92.40723408255593,97.60960707163272,0,0,0,193.89999,135.95,85.5,61.5,55.650002,4,3,3,3,,,,80234,108196.8
1550115900,86.449997,87.449997,84.900002,85.300003,90.98578786604475,96.49055215602975,0,0,0,193.89999,135.95,85.5,61.5,55.650002,4,3,3,3,,,,53895,108673.95
1550202300,86.050003,86.949997,80.650002,82.25,89.2386302928358,95.19595650548159,0,0,0,193.89999,135.95,85.5,61.5,55.650002,4,3,3,3,,,,160114,113170.45
1550461500,83.900002,85.5,82.199997,85.150002,88.42090463426864,94.28268791407417,0,0,0,193.89999,135.95,85.5,61.5,55.650002,4,3,3,3,,,,53436,114300.35
1550547900,85.199997,89.449997,85.199997,88.650002,88.4667241074149,93.77062555824925,0,0,0,193.89999,135.95,85.5,61.5,55.650002,4,3,3,3,,,,44785,109995.05
1550634300,88.650002,91.300003,87.800003,90,88.77337928593192,93.42784141659023,0,0,0,193.89999,135.95,85.5,61.5,55.650002,4,3,3,3,,,,107202,114115.75
1550720700,90,91.75,85.949997,89.599998,88.93870302874554,93.07985565144565,0,0,0,193.89999,135.95,85.5,61.5,55.650002,4,3,3,3,,,,44177,113328.15
1550807100,89.900002,99.699997,88.5,98.25,90.80096242299643,93.5498687740415,0,0,0,193.89999,135.95,85.5,61.5,55.650002,4,3,3,3,,,,931496,157359.3
1551066300,98.849998,108,97.599998,107,94.04076993839715,94.77260797640136,0,0,0,193.89999,135.95,85.5,61.5,55.650002,4,3,3,3,,,,356132,172026.7
1551152700,106,109,101.6,106.8,96.59261595071771,95.86600725127397,0,0,0,193.89999,135.95,85.5,61.5,55.650002,4,3,3,3,,,,116272,175195.2
1551239100,108.05,108.05,103.1,103.85,98.04409276057417,96.59182477388542,0,0,0,193.89999,135.95,85.5,61.5,55.650002,4,3,3,3,,,,81629,178009.45
1551325500,105.5,105.5,101,102.4,98.91527420845934,97.1198407035322,0,0,0,193.89999,135.95,85.5,61.5,55.650002,4,3,3,3,,,,55372,165705.4
1551411900,102.4,115.2,102.4,111.35,101.40221936676747,98.41349154866565,0,0,0,193.89999,135.95,85.5,61.5,55.650002,4,3,3,3,,,,383532,174412.4
1551757500,110.1,115.8,108.95,114.8,104.08177549341397,99.90317413515059,0,0,0,193.89999,135.95,85.5,61.5,55.650002,4,3,3,3,,,,664559,204638.9
1551843900,116.9,117.45,110.3,113.45,105.95542039473118,101.13470375922782,0,0,0,193.89999,135.95,85.5,61.5,55.650002,4,3,3,3,,,,429280,223310.9
1551930300,113.8,117.4,111.8,115.45,107.85433631578495,102.43609432657074,0,0,0,193.89999,135.95,85.5,61.5,55.650002,4,3,3,3,,,,415237,241908.35
1552016700,114.1,116.7,113.25,114.25,109.13346905262796,103.51008575142795,0,0,0,193.89999,135.95,85.5,61.5,55.650002,4,3,3,3,,,,384258,259432.5
1552275900,114.25,123.05,113.8,118.2,110.94677524210236,104.84553250129814,0,0,0,193.89999,135.95,85.5,61.5,55.650002,4,3,3,3,,,,470471,279822.5
1552362300,119.4,121.5,116.35,118.2,112.3974201936819,106.05957500118012,0,0,0,193.89999,135.95,85.5,61.5,55.650002,4,3,3,3,,,,354179,295572.15
1552448700,119.5,123,117.15,118.05,113.52793615494552,107.14961363743647,0,0,0,193.89999,135.95,85.5,61.5,55.650002,4,3,3,3,,,,636946,291160.3
1552535100,119,119.6,116.45,117.3,114.28234892395642,108.07237603403316,0,0,0,193.89999,135.95,85.5,61.5,55.650002,4,3,3,3,,,,411908,307744
1552621500,117.85,119.6,116,117.1,114.84587913916513,108.89306912184833,0,0,0,193.89999,135.95,85.5,61.5,55.650002,4,3,3,3,,,,444397,327269.1
1552880700,115.85,118.05,112.65,113.8,114.63670331133211,109.33915374713484,0,0,0,123.05,80.650002,,,,1,1,1,1,,,,456841,342105.45
1552967100,114.7,115.5,112.1,113.05,114.3193626490657,109.67650340648622,0,0,0,123.05,80.650002,,,,1,1,1,1,,,,380793,358473.3
1553053500,113.6,114,111.5,113.2,114.09549011925256,109.99682127862384,0,0,0,123.05,80.650002,,,,1,1,1,1,,,,315436,372005.85
1553226300,113.25,113.85,110.2,111.15,113.50639209540205,110.10165570783985,0,0,0,123.05,80.650002,,,,1,1,1,1,,,,270763,380183.9
1553485500,110.5,110.5,102.45,108.3,112.46511367632164,109.93786882530895,0,0,0,123.05,80.650002,,,,1,1,1,1,,,,569443,406447.2
1553571900,108.45,108.65,101.5,104.2,110.8120909410573,109.41624438664451,1,0,0,123.05,80.650002,,,,2,1,1,1,1,,,610680,390406.4
1553658300,104.75,123.45,103.25,114.6,111.56967275284585,109.88749489694955,0,0,1,123.05,80.650002,,,,1,1,1,1,,,1,772715,411235.55
1553744700,117.05,121.65,116.6,119.8,113.21573820227668,110.7886317244996,0,0,0,123.05,80.650002,,,,1,1,1,1,,,,605589,435701.4
1553831100,119.5,120.2,114.9,117.8,114.13259056182135,111.42602884045418,0,0,0,123.05,80.650002,,,,1,1,1,1,,,,189059,441072.9
1554090300,119,120.5,117,117.9,114.88607244945707,112.01457167314017,0,0,0,123.05,80.650002,,,,1,1,1,1,,,,58398,441224.2
1554176700,119.6,119.6,116.45,117.55,115.41885795956566,112.51779243012743,0,0,0,123.05,80.650002,,,,1,1,1,1,,,,107917,427443.45
1554263100,118.5,122.5,116.7,120.65,116.46508636765253,113.25708402738857,0,0,0,123.45,80.650002,,,,1,1,1,1,,,,702789,429354.95
1554349500,120.75,122.15,119.65,120.95,117.36206909412202,113.9564400248987,0,0,0,123.45,80.650002,,,,1,1,1,1,,,,667384,441260.15
1554435900,121.4,123.5,120.25,122.7,118.42965527529762,114.75130911354427,0,0,0,123.45,80.650002,,,,1,1,1,1,,,,678957,454446.15
1554695100,123,124,120.65,122.45,119.2337242202381,115.45119010322206,0,0,0,123.45,80.650002,,,,1,1,1,1,,,,863263,478396.4
1554781500,122.95,123,119,121.4,119.66697937619048,115.99199100292914,0,0,0,123.45,80.650002,,,,1,1,1,1,,,,741283,491937
1554867900,120.4,122.15,119.1,121.5,120.03358350095239,116.49271909357195,0,0,0,123.45,80.650002,,,,1,1,1,1,,,,537105,501083.3
1554954300,121.8,122.5,118.05,121.9,120.40686680076192,116.98429008506541,0,0,0,123.45,80.650002,,,,1,1,1,1,,,,521593,495315.65
1555040700,121.95,122.25,120.2,121.6,120.64549344060953,117.4039000773322,0,0,0,123.45,80.650002,,,,1,1,1,1,,,,725502,510995.35
1555299900,122.25,129.5,121,125.9,121.69639475248762,118.17627279757473,0,0,0,123.45,80.650002,,,,1,1,1,1,,,,723055,524928.25
1555386300,126.6,127,121.6,124.4,122.2371158019901,118.74206617961339,0,0,0,123.45,80.650002,,,,1,1,1,1,,,,559180,530045.2
1555559100,124.1,126.5,120.65,124.2,122.62969264159209,119.23824198146671,0,0,0,123.45,80.650002,,,,1,1,1,1,,,,570303,539520.7
1555904700,122.25,126.1,122.25,123.85,122.87375411327366,119.65749271042428,0,0,0,123.45,80.650002,,,,1,1,1,1,,,,598053,553651.55
1555991100,124.9,127.25,123.5,125.3,123.35900329061893,120.17044791856753,0,0,0,123.45,80.650002,,,,1,1,1,1,,,,163929,548309.85
1556077500,125.05,126.85,124.85,125.5,123.78720263249514,120.65495265324321,0,0,0,129.5,80.650002,,,,1,1,1,1,,,,25420,521108.7
1556163900,126.5,126.5,121.45,122.05,123.43976210599611,120.78177513931202,0,0,0,129.5,80.650002,,,,1,1,1,1,,,,70114,494080.4
1556250300,123.1,128.45,121.8,125.2,123.79180968479689,121.18343194482911,0,0,0,129.5,80.650002,,,,1,1,1,1,,,,255403,468214.8
1556595900,126.8,127.2,120.8,124.7,123.97344774783751,121.50311994984465,0,0,0,129.5,80.650002,,,,1,1,1,1,,,,980000,486935.35
1556768700,125,127.6,124,126.9,124.55875819827001,121.99374540894968,0,0,0,129.5,80.650002,,,,1,1,1,1,,,,636994,509332.1
1556855100,127,129.5,125.8,126.75,124.99700655861601,122.42613218995426,0,0,0,129.5,80.650002,,,,1,1,1,1,,,,682606,540542.5
1557114300,125.4,128.60001,124.75,128.14999,125.6276032468928,122.94648289995841,0,0,0,129.5,80.650002,,,,1,1,1,1,,,,556608,562977.05
1557200700,125.9,129,125.9,128.05,126.11208259751425,123.4104389999622,0,0,0,129.5,80.650002,,,,1,1,1,1,,,,452758,550475.5
1557287100,128,129.10001,122.1,127.85,126.4596660780114,123.81403545451109,0,0,0,129.5,80.650002,,,,1,1,1,1,,,,451634,539688
1557373500,125.1,130.89999,125.1,128.75,126.91773286240911,124.26275950410098,0,0,0,129.5,80.650002,,,,1,1,1,1,,,,60733,508776.8
1557459900,128.7,128.7,124.5,127.3,126.99418628992728,124.53887227645544,0,0,0,129.5,80.650002,,,,1,1,1,1,,,,257991,478513.2
1557719100,127.05,128.55,124.5,125.5,126.69534903194183,124.6262475240504,0,0,0,129.5,80.650002,,,,1,1,1,1,,,,513291,467113.6
1557805500,126,128.35001,125.3,127.45,126.84627922555346,124.88295229459128,0,0,0,129.5,80.650002,,,,1,1,1,1,,,,555580,468037.35
1557891900,128.89999,129,126.05,126.65,126.80702338044277,125.04359299508297,0,0,0,129.5,80.650002,,,,1,1,1,1,,,,45644,444239.9
1557978300,128.89999,129.39999,124.3,127.15,126.87561870435422,125.23508454098452,0,0,0,130.89999,80.650002,,,,1,1,1,1,,,,840275,449978.55
1558064700,128.45,129.39999,126.3,127.4,126.98049496348338,125.43189503725866,0,0,0,130.89999,80.650002,,,,1,1,1,1,,,,639887,445820.15
1558323900,130,135.25,128.85001,130,127.5843959707867,125.84717730659878,0,0,0,130.89999,80.650002,,,,1,1,1,1,,,,537130,444717.65
1558410300,129.10001,130.8,127.85,129.45,127.95751677662936,126.17470664236252,0,0,0,130.89999,80.650002,,,,1,1,1,1,,,,358531,434129.05
1558496700,129.8,131.05,129.2,130.5,128.4660134213035,126.56791512942047,0,0,0,130.89999,80.650002,,,,1,1,1,1,,,,473998,427926.3
1558583100,130.5,131.60001,126.6,130,128.7728107370428,126.8799228449277,0,0,0,130.89999,80.650002,,,,1,1,1,1,,,,559301,447694.9
1558669500,132.5,132.5,128.89999,130.64999,129.14824658963423,127.22265622266156,0,0,0,130.89999,80.650002,,,,1,1,1,1,,,,448777,468862.75
1558928700,130.64999,131,129,129.8,129.27859727170738,127.4569602024196,0,0,0,135.25,80.650002,,,,1,1,1,1,,,,639123,497313.2
1559015100,129.8,131.25,129.55,130.60001,129.5428798173659,127.74269200219963,0,0,0,135.25,80.650002,,,,1,1,1,1,,,,446955,506890.8
1559101500,128.10001,133.60001,128.10001,133.10001,130.25430585389273,128.22972091109057,0,0,0,135.25,80.650002,,,,1,1,1,1,,,,807443,498262.95
1559187900,134.64999,134.89999,130.10001,132,130.6034446831142,128.57247355553687,0,0,0,135.25,80.650002,,,,1,1,1,1,,,,2382224,585524.45
1559274300,131.85001,132.05,129.5,131.10001,130.70275774649136,128.8022495959426,0,0,0,135.25,80.650002,,,,1,1,1,1,,,,411026,571945.45
1559533500,130.05,132.75,129.85001,131.39999,130.8422041971931,129.0384078144933,0,0,0,135.25,80.650002,,,,1,1,1,1,,,,560797,572154.9
1559619900,130.10001,132,129.10001,130.14999,130.70376135775447,129.13946074044844,0,0,0,135.25,80.650002,,,,1,1,1,1,,,,991050,599069.5
1559792700,131.14999,131.75,127.55,130.95,130.75300908620358,129.3040552185895,0,0,0,135.25,80.650002,,,,1,1,1,1,,,,433619,598168.75
1559879100,131.7,133.89999,127.8,130.95,130.79240726896285,129.45368656235408,0,0,0,135.25,80.650002,,,,1,1,1,1,,,,548300,622547.1
1560138300,130.5,132,129,131.95,131.0239258151703,129.6806241475946,0,0,0,135.25,80.650002,,,,1,1,1,1,,,,417233,630509.2
1560224700,131.5,132,129.39999,131.85001,131.18914265213624,129.87784104326784,0,0,0,135.25,80.650002,,,,1,1,1,1,,,,599782,634833.75
1560311100,129.25,132,128.95,131.60001,131.271316121709,130.0344018575162,0,0,0,135.25,80.650002,,,,1,1,1,1,,,,584226,636266.05
1560397500,131.60001,131.95,129.5,131.10001,131.2370548973672,130.13127532501474,0,0,0,135.25,80.650002,,,,1,1,1,1,,,,484159,658191.8
1560483900,131,131.39999,129.10001,130.95,131.17964391789374,130.2057048409225,0,0,0,135.25,80.650002,,,,1,1,1,1,,,,625864,647471.25
1560743100,131.10001,132,129.5,131.05,131.153715134315,130.2824589462932,0,0,0,135.25,80.650002,,,,1,1,1,1,,,,519006,641427.2
1560829500,130.60001,132.7,129,129.7,130.862972107452,130.2295081329938,0,0,0,135.25,80.650002,,,,1,1,1,1,,,,763743,652757.85
1560915900,129.95,131.85001,129.3,130.89999,130.87037568596162,130.29046102999436,0,0,0,135.25,80.650002,,,,1,1,1,1,,,,1549143,712288.45
1561002300,130.25,131.2,121.8,126.3,129.9563005487693,129.92769184544943,0,0,0,135.25,80.650002,,,,1,1,1,1,,,,1124595,744818.3
1561088700,125.7,127.6,123.8,126.25,129.21504043901544,129.59335622313586,0,0,0,135.25,80.650002,,,,1,1,1,1,,,,825037,758105.1
1561347900,125.3,127.95,124.55,127.3,128.83203235121235,129.38486929375986,0,0,0,135.25,80.650002,,,,1,1,1,1,,,,866309,778981.7
1561434300,126.4,129,125.2,128.7,128.80562588096987,129.32260844887261,0,0,0,135.25,80.650002,,,,1,1,1,1,,,,854140,789732.55
1561520700,127.85,132,127.6,130.85001,129.2145027047759,129.46146313533873,0,0,0,135.25,80.650002,,,,1,1,1,1,,,,836733,809221.45
1561607100,129.5,132,128.85001,130.95,129.5616021638207,129.59678466848976,0,0,0,135.25,80.650002,,,,1,1,1,1,,,,806898,809194.2
1561693500,131.85001,132,129.5,129.95,129.63928173105657,129.62889515317252,0,0,0,135.25,80.650002,,,,1,1,1,1,,,,977974,738981.7
1561952700,129,132.75,129,131.95,130.10142538484524,129.8399046847023,0,0,0,135.25,80.650002,,,,1,1,1,1,,,,927869,764823.85
1562039100,131.89999,138.3,131.10001,136.10001,131.3011423078762,130.40900516791118,0,0,0,135.25,80.650002,,,,1,1,1,1,,,,1417765,807672.25
1562125500,137,137.35001,130.10001,132.89999,131.62091184630097,130.63545833446472,0,0,0,135.25,80.650002,,,,1,1,1,1,,,,306242,773431.85
1562211900,132.8,133.14999,128.2,129.60001,131.21673147704078,130.5413266676952,0,0,0,135.25,80.650002,,,,1,1,1,1,,,,199636,761732.7
1562298300,127.25,130.14999,122.15,125.25,130.02338518163262,130.06029697063198,0,0,0,135.25,80.650002,,,,1,1,1,1,,,,107728,739704.1
1562557500,125.8,125.8,113.9,116.2,127.2587081453061,128.8002699733018,0,0,0,135.25,80.650002,,,,1,1,1,1,,,,250614,731373.15
1562643900,116,118.5,115.45,117.05,125.21696651624488,127.73206361209255,0,0,0,138.3,80.650002,,,,1,1,1,1,,,,203552,711561.65
1562730300,116.65,119.7,107,108.95,121.96357321299591,126.0246032837205,0,0,0,138.3,80.650002,,,,1,1,1,1,,,,372155,700958.1
1562816700,110.85,110.85,106,107.25,119.02085857039673,124.31782116701864,0,0,0,138.3,80.650002,,,,1,1,1,1,,,,108791,682189.7
1562903100,107,108.4,106.4,107,116.61668685631739,122.74347378819876,0,0,0,138.3,80.650002,,,,1,1,1,1,,,,299028,665847.9
1563162300,105.4,105.4,98.099998,99.949997,113.28334888505391,120.67133953472614,0,0,0,138.3,80.650002,,,,1,1,1,1,,,,499191,664857.15
1563248700,99.699997,102.4,98,99.650002,110.55667950804313,118.76030884975104,0,0,0,138.3,80.650002,,,,1,1,1,1,,,,1504505,701895.25
1563335100,99.650002,101.95,95,95.650002,107.5753440064345,116.65937186341004,0,0,0,138.3,80.650002,,,,4,1,1,1,,,,206481,634762.15
1563421500,95,95.5,86.900002,87.75,103.6102752051476,114.03124714855458,0,0,0,138.3,80.650002,,,,4,1,1,1,,,,317582,594411.5
1563507900,88.449997,89.949997,82.75,83.800003,99.64822076411808,111.28295222595871,0,0,0,138.3,80.650002,,,,4,1,1,1,,,,180082,562163.75
1563767100,84.449997,84.449997,81.75,82.599998,96.23857621129446,108.67541093268973,0,0,0,138.3,80.650002,,,,4,1,1,1,,,,81750,522935.8
1563853500,83.949997,84.800003,81.400002,83.050003,93.60086156903557,106.3458283933543,0,0,0,138.3,80.650002,,,,4,1,1,1,,,,137609,487109.25
1563939900,83.25,84,80,80.699997,91.02068865522845,104.01438917577663,0,0,0,138.3,80.650002,,,,4,1,1,1,,,,205750,455560.1
1564026300,80,83,76.199997,77.349998,88.28655052418276,101.59035361434239,0,0,0,138.3,80.650002,,,,4,1,1,1,,,,185769,424503.65
1564112700,77,80.650002,76.699997,78.800003,86.3892410193462,99.51850355849308,0,0,0,138.3,80.650002,,,,4,1,1,1,,,,101017,380655.8
1564371900,79.5,79.5,77.050003,78.050003,84.72139341547697,97.56682168953917,0,0,0,138.3,80.650002,,,,4,1,1,1,,,,93275,338926.1
1564458300,76.599998,78.900002,72.349998,74.400002,82.65711513238158,95.46074717230833,0,0,0,138.3,80.650002,,,,4,1,1,1,,,,135731,274824.4
1564544700,73,81.800003,70.099998,79.5,82.02569210590526,94.00977015664394,0,0,0,138.3,80.650002,,,,4,1,1,1,,,,255577,272291.15
1564631100,80,86,71.550003,73.800003,80.38055428472421,92.17251859694903,0,0,0,138.3,80.650002,,,,4,1,1,1,,,,721813,298400
1564717500,71.449997,71.949997,66.449997,66.75,77.65444342777937,89.86138054268093,0,0,0,138.3,80.650002,,,,4,1,1,1,,,,318902,308958.7
1564976700,65.449997,73,63.400002,72,76.5235547422235,88.23761867516448,0,0,0,138.3,80.650002,,,,4,1,1,1,,,,119164,302386.2
1565063100,70,72,69.5,71.349998,75.4888433937788,86.70238043196771,0,0,0,138.3,80.650002,,,,4,1,1,1,,,,264939,305455.55
1565149500,70.349998,74.349998,67.900002,69.800003,74.35107531502304,85.1658006654252,0,0,0,138.3,80.650002,,,,4,1,1,1,,,,69643,290329.95
1565235900,70.699997,75,67,71.300003,73.74086085201843,83.90527360493199,0,0,0,138.3,80.650002,,,,4,1,1,1,,,,40742,286927.5
1565322300,75,75.099998,69,70.550003,73.10268928161474,82.69115809539272,0,0,0,138.3,80.650002,,,,4,1,1,1,,,,199432,281947.7
1565667900,71.699997,73,67.5,70.099998,72.5021510252918,81.54650717762975,0,0,0,138.3,80.650002,,,,4,1,1,1,,,,162903,265133.3
1565754300,69.199997,72.849998,68.699997,70.75,72.15172082023344,80.56500652511795,0,0,0,138.3,80.650002,,,,4,1,1,1,,,,113933,195604.7
1565927100,70.75,71.300003,67.199997,69.550003,71.63137725618675,79.56364256828904,0,0,0,138.3,80.650002,,,,4,1,1,1,,,,45546,187557.95
1566186300,70,72,69,71.550003,71.6151024049494,78.83512988026277,0,0,0,138.3,80.650002,,,,4,1,1,1,,,,33972,173377.45
1566272700,71.900002,71.900002,69.099998,70.349998,71.36208152395952,78.06375425478434,0,0,0,138.3,80.650002,,,,4,1,1,1,,,,15263,165136.5
1566359100,70.699997,70.699997,66,67.900002,70.66966561916762,77.13977677707668,0,0,0,138.3,80.650002,,,,4,1,1,1,,,,28382,162468.1
1566445500,67.949997,68.699997,65.199997,66.550003,69.8457330953341,76.1770700700697,0,0,0,138.3,80.650002,,,,4,1,1,1,,,,15304,156352.85
1566531900,66.849998,69,63,67.849998,69.44658607626728,75.42006351824519,0,0,0,138.3,80.650002,,,,4,1,1,1,,,,38669,147998.8
1566791100,73,74.599998,68.099998,69.900002,69.53726926101382,74.91823974385926,0,0,0,138.3,80.650002,,,,4,1,1,1,,,,53616,141391.15
1566877500,69.900002,71,68.5,68.949997,69.41981480881105,74.37567222169024,0,0,0,138.3,80.650002,,,,4,1,1,1,,,,56153,139147.95
1566963900,68,70,67.75,68.449997,69.22585124704884,73.83697447426385,0,0,0,138.3,80.650002,,,,4,1,1,1,,,,26400,135804.2
1567050300,68.449997,68.5,66.099998,66.949997,68.77068039763907,73.21088561296715,0,0,0,138.3,80.650002,,,,4,1,1,1,,,,10234,129529.35
1567136700,66.650002,67.349998,63.099998,65.199997,68.05654371811126,72.48262301178832,0,0,0,138.3,80.650002,,,,4,1,1,1,,,,68571,120179.05
1567482300,65.599998,66.699997,62.099998,63.849998,67.215234574489,71.69783891980757,0,0,0,138.3,80.650002,,,,4,1,1,1,,,,28711,85523.95
1567568700,64.449997,64.599998,58.599998,59.599998,65.69218725959121,70.59803519982506,0,0,0,138.3,80.650002,,,,4,1,1,1,,,,148351,76996.4
1567655100,60.099998,65.449997,56.200001,57.150002,63.98375020767297,69.3754867271137,0,0,0,138.3,80.650002,,,,4,1,1,1,,,,117455,76910.95
1567741500,57.150002,59.349998,57,58.75,62.937000166138375,68.40953338828518,0,0,0,138.3,80.650002,,,,4,1,1,1,,,,106376,68982.8
1568000700,57.849998,60,57.849998,58.549999,62.0595999329107,67.51321208025925,0,0,0,138.3,80.650002,,,,4,1,1,1,,,,237225,77361.9
1568173500,58.549999,64.400002,58.150002,62.150002,62.07768034632856,67.02564752750841,0,0,0,138.3,80.650002,,,,4,1,1,1,,,,799629,115306.25
1568259900,62.299999,65.349998,62.299999,63.900002,62.44214467706285,66.74149793409856,0,0,0,138.3,80.650002,,,,4,1,1,1,,,,113890,111029.15
1568346300,64.599998,65,60.099998,62.75,62.50371574165028,66.37863448554414,0,0,0,138.3,80.650002,,,,4,1,1,1,,,,83679,107067.95
1568605500,64.400002,64.400002,61.200001,62.950001,62.59297279332023,66.06694053231286,0,0,0,138.3,80.650002,,,,4,1,1,1,,,,32237,102983.15
1568691900,62.5,64,58.849998,59.950001,62.064378434656184,65.51085512028442,0,0,0,138.3,80.650002,,,,4,1,1,1,,,,52338,103322.75
1568778300,60.75,61.799999,60,60.700001,61.79150294772495,65.07350474571311,0,0,0,138.3,80.650002,,,,4,1,1,1,,,,67297,104989
1568864700,60,60.599998,59,59.150002,61.26320275817996,64.53500449610283,0,0,0,138.3,80.650002,,,,4,1,1,1,,,,25199,105485.8
1568951100,59.200001,63,56.650002,58.900002,60.790562606543965,64.02273154191167,0,0,0,138.3,80.650002,,,,4,1,1,1,,,,577199,132926.65
1569210300,59,61.950001,59,60.5,60.73245008523517,63.7024832199197,0,0,0,138.3,80.650002,,,,4,1,1,1,,,,184687,141395.8
1569296700,61.349998,61.349998,58.599998,59.349998,60.455959668188136,63.306802745381546,0,0,0,138.3,80.650002,,,,4,1,1,1,,,,130827,146003.7
1569383100,60.599998,60.799999,56.099998,56.650002,59.69476813455051,62.70163904125595,0,0,0,138.3,80.650002,,,,4,1,1,1,,,,118246,149235.2
1569469500,56.900002,58.099998,55.299999,55.849998,58.925814107640406,62.07876258295995,0,0,0,138.3,80.650002,,,,4,1,1,1,,,,99715,151413.3
1569555900,56.200001,56.950001,54.400002,55.5,58.240651286112325,61.48069325723632,0,0,0,138.3,80.650002,,,,4,1,1,1,,,,83608,154273.7
1569815100,56,56.349998,49.950001,51.700001,56.93252122888986,60.59153941566938,0,0,0,138.3,80.650002,,,,4,1,1,1,,,,190539,163288.95
1569901500,52.5,52.5,48.5,49.349998,55.41601658311189,59.56958110515398,0,0,0,138.3,80.650002,,,,4,1,1,1,,,,82027,163961.75
1570074300,47.049999,50.950001,47.049999,48.950001,54.12281346648951,58.604164731958164,0,0,0,138.3,80.650002,,,,4,1,1,1,,,,50513,165051.85
1570160700,49.150002,52,48.900002,49.950001,53.28825097319161,57.817422574507425,0,0,0,138.3,80.650002,,,,4,1,1,1,,,,96513,162459.95
1570419900,50.150002,50.799999,49.25,49.650002,52.560601178553284,57.07492979500675,0,0,0,138.3,80.650002,,,,4,1,1,1,,,,60316,159603
1570592700,49.900002,50,49.099998,49.950001,52.03848114284263,56.42720899546068,0,0,0,138.3,80.650002,,,,4,1,1,1,,,,40292,156298.8
1570679100,48.5,49.950001,45,45.799999,50.7907847142741,55.46109899587335,0,0,0,138.3,80.650002,,,,4,1,1,1,,,,104809,149678
1570765500,46.700001,49.099998,45.400002,45.849998,49.802627371419284,54.587362541703044,0,0,0,138.3,80.650002,,,,4,1,1,1,,,,67102,113051.65
1571024700,47.400002,49.900002,46.049999,47.099998,49.262101497135426,53.90669303791186,0,0,0,138.3,80.650002,,,,4,1,1,1,,,,70171,110865.7
1571111100,47.150002,48.150002,47.049999,47.5,48.90968119770834,53.32426639810169,0,0,0,138.3,80.650002,,,,4,1,1,1,,,,19336,107648.55
1571197500,48,48.599998,45.099998,46.049999,48.33774475816667,52.662969361910626,0,0,0,138.3,80.650002,,,,4,1,1,1,,,,22738,107173.6
1571283900,46.849998,50.650002,45.849998,50.450001,48.760196006533334,52.46179041991875,0,0,0,138.3,80.650002,,,,4,1,1,1,,,,95727,109343.05
1571370300,50.650002,53.549999,49,52.099998,49.428156405226666,52.42890019992613,0,0,0,138.3,80.650002,,,,4,1,1,1,,,,119179,111937.15
1571715900,54,55,51.5,53.299999,50.20252492418133,52.50809099993285,0,0,0,138.3,80.650002,,,,4,1,1,1,,,,52258,113290.1
1571802300,53,55.299999,51.349998,52.349998,50.632019539345066,52.49371890902986,0,0,0,138.3,80.650002,,,,4,1,1,1,,,,43869,86623.6
1571888700,53.450001,53.900002,50.5,51.700001,50.84561583147605,52.42156273548169,0,0,0,138.3,80.650002,,,,4,1,1,1,,,,36136,79196.05
1571975100,50.299999,53.049999,49,52.299999,51.136492465180844,52.41051148680154,0,0,0,138.3,80.650002,,,,4,1,1,1,,,,83898,76849.6
1572320700,53.25,54.25,52,53.599998,51.62919357214467,52.51864662436503,0,0,0,138.3,80.650002,,,,4,1,1,1,,,,63582,74116.4
1572407100,53.950001,54.900002,51.75,54.5,52.20335485771574,52.69876965851367,0,0,0,138.3,80.650002,,,,4,1,1,1,,,,74647,72863
1572493500,53.849998,55.150002,52.849998,53.549999,52.47268368617259,52.77615414410334,0,0,0,138.3,80.650002,,,,4,1,1,1,,,,57089,71537.05
1572579900,54,55.799999,53.700001,54.099998,52.79814654893807,52.89650358554849,0,0,0,138.3,80.650002,,,,4,1,1,1,,,,86347,66327.45
1572839100,54.950001,54.950001,52.700001,53.049999,52.84851703915046,52.910457714134985,0,0,0,138.3,80.650002,,,,4,1,1,1,,,,77551,66103.65
1572925500,53.049999,53.400002,51,51.599998,52.598813231320364,52.79132501284999,0,0,0,138.3,80.650002,,,,4,1,1,1,,,,63782,66767.1
1573011900,53.700001,53.700001,48.599998,49.200001,51.91905078505629,52.464841011681806,0,0,0,138.3,80.650002,,,,4,1,1,1,,,,68839,65383.4
1573098300,51.650002,51.650002,47.799999,48.950001,51.32524082804503,52.14531010152891,0,0,0,138.3,80.650002,,,,4,1,1,1,,,,56304,65182.8
1573184700,49.799999,50.299999,45.599998,47.25,50.510192662436026,51.70028191048083,0,0,0,138.3,80.650002,,,,4,1,1,1,,,,142894,70312.9
1573443900,47.450001,51.349998,45,47.700001,49.94815432994882,51.336620009528026,0,0,0,138.3,80.650002,,,,4,1,1,1,,,,297308,79937.85
1573616700,48.5,49.849998,45.099998,45.599998,49.078523063959054,50.81510891775275,0,0,0,138.3,80.650002,,,,4,1,1,1,,,,159610,84563.25
1573703100,45.599998,46.150002,42.400002,43.049999,47.872818251167246,50.10918983432068,0,0,0,138.3,80.650002,,,,4,1,1,1,,,,332995,97704.45
1573789500,43.900002,44.349998,39.900002,41.049999,46.508254400933794,49.28562703120062,0,0,0,138.3,80.650002,,,,4,1,1,1,,,,214011,107438.2
1574048700,41.049999,41.049999,38.299999,39.450001,45.096603720747034,48.39147921018238,0,0,0,138.3,80.650002,,,,4,1,1,1,,,,539599,133281.25
1574135100,40,41.650002,38.049999,39.049999,43.88728277659763,47.54225373652944,0,0,0,138.3,80.650002,,,,4,1,1,1,,,,401115,148550.65
1574221500,39.049999,39.049999,37,37.25,42.5598262212781,46.60659430593585,0,0,0,138.3,80.650002,,,,4,1,1,1,,,,320528,158618.1
1574307900,38.400002,39.099998,35.75,39.049999,41.85786077702248,45.91963109630532,0,0,0,138.3,80.650002,,,,4,1,1,1,,,,1229087,217459.55
1574394300,39.799999,41,38.799999,41,41.68628862161798,45.4723919057321,0,0,0,138.3,80.650002,,,,4,1,1,1,,,,939480,262240.1
1574653500,42.700001,43.049999,42.450001,43.049999,41.95903069729439,45.25217436884736,0,0,0,138.3,80.650002,,,,4,1,1,1,,,,127768,266821.7
1574739900,45.200001,45.200001,44.349998,45.200001,42.60722475783551,45.24743133531579,0,0,0,138.3,80.650002,,,,4,1,1,1,,,,1498374,337545.5
1574826300,47.450001,47.450001,47.450001,47.450001,43.57578000626841,45.44766494119617,0,0,0,138.3,80.650002,,,,4,1,1,1,,,,90171,338874.95
1574912700,49.799999,49.799999,49.799999,49.799999,44.820623805014726,45.8433316738147,0,0,0,138.3,80.650002,,,,4,1,1,1,,,,71371,338711.15
1574999100,52.25,52.25,48.299999,52.25,46.30649904401178,46.425756067104274,0,0,0,138.3,80.650002,,,,4,1,1,1,,,,3969047,534309.05
1575258300,54.849998,54.849998,54.849998,54.849998,48.015198835209425,47.191596242822065,0,0,0,138.3,80.650002,,,,4,1,1,1,,,,64596,533221.5
1575344700,57.549999,57.549999,52.150002,53.25,49.06215906816754,47.74236022074733,0,0,0,138.3,80.650002,,,,4,1,1,1,,,,2428018,650744.85
1575431100,52.599998,53.349998,50.799999,52.650002,49.77972765453403,48.18850947340666,0,0,0,138.3,80.650002,,,,4,1,1,1,,,,409685,668040
1575517500,52.5,54,50.549999,50.950001,50.013782323627225,48.43955415764242,0,0,0,138.3,80.650002,,,,4,1,1,1,,,,193531,674274.6
1575603900,50.099998,50.950001,48.450001,48.900002,49.79102625890178,48.481413052402196,0,0,0,138.3,80.650002,,,,4,1,1,1,,,,395637,691241.25
1575863100,49.299999,51.299999,48,50.200001,49.872821207121426,48.637648320365635,0,0,0,138.3,80.650002,,,,4,1,1,1,,,,475923,707892.7
1575949500,50.349998,51.799999,49.700001,50.75,50.04825696569714,48.82968029124149,0,0,0,57.549999,35.75,,,,1,1,1,1,,,,461676,716111.1
1576035900,52.299999,52.299999,49.900002,50.150002,50.06860597255771,48.94970953749226,0,0,0,57.549999,35.75,,,,1,1,1,1,,,,87858,712523.5
1576122300,50.150002,52.650002,50.150002,52.650002,50.58488517804617,49.2860997613566,0,0,0,57.549999,35.75,,,,1,1,1,1,,,,276067,709677.1
1576208700,55.25,55.25,52.599998,55.25,51.51790814243694,49.82827251032418,0,0,0,57.549999,35.75,,,,1,1,1,1,,,,590684,728510.75
1576467900,56.799999,58,55.5,56,52.41432651394955,50.389338645749255,0,0,0,57.549999,35.75,,,,1,1,1,1,,,,327981,717929.85
1576554300,54.849998,54.849998,53.200001,53.25,52.581461211159635,50.64939876886296,0,0,0,57.549999,35.75,,,,1,1,1,1,,,,205348,708141.5
1576640700,53.099998,54.400002,51.099998,53.25,52.715168968927706,50.88581706260269,0,0,0,57.549999,35.75,,,,1,1,1,1,,,,200730,702151.6
1576727100,54.099998,54.25,52,52.650002,52.702135575142165,51.04619751145699,0,0,0,57.549999,35.75,,,,1,1,1,1,,,,84004,644897.45
1576813500,54.5,54.5,52.150002,53.599998,52.88170806011373,51.278361192233625,0,0,0,57.549999,35.75,,,,1,1,1,1,,,,71198,601483.35
1577072700,52.400002,54.049999,52,52.599998,52.825366048090984,51.39850999293966,0,0,0,58,35.75,,,,1,1,1,1,,,,118136,601001.75
1577159100,52.700001,53.450001,51.599998,52,52.660292838472785,51.45319090267242,0,0,0,58,35.75,,,,1,1,1,1,,,,92213,530693.7
1577331900,53,53.099998,52,52.099998,52.548233870778226,51.511991547884016,0,0,0,58,35.75,,,,1,1,1,1,,,,134278,532899.05
1577418300,52.099998,52.950001,50.150002,52.049999,52.44858689662258,51.560901316258196,0,0,0,58,35.75,,,,1,1,1,1,,,,123150,535488
1577677500,52.200001,54.650002,52.200001,53.650002,52.688869917298064,51.750819560234724,0,0,0,58,35.75,,,,1,1,1,1,,,,153908,344731.05
1577763900,54,54.650002,53.099998,53.849998,52.921095533838454,51.94165396384975,0,0,0,58,35.75,,,,1,1,1,1,,,,52903,344146.4
1577850300,53.950001,54.099998,52.799999,53.150002,52.96687682707076,52.051503785317955,0,0,0,58,35.75,,,,1,1,1,1,,,,43479,224919.45
1577936700,53.950001,55.799999,52.700001,55.150002,53.40350186165661,52.33318544119814,0,0,0,58,35.75,,,,1,1,1,1,,,,646382,236754.3
1578023100,56,57.900002,55.349998,57.900002,54.30280188932529,52.83925967381649,0,0,0,58,35.75,,,,1,1,1,1,,,,781190,266137.25
1578282300,58.950001,59,55.049999,55.049999,54.45224131146023,53.04023597619681,0,0,0,58,35.75,,,,1,1,1,1,,,,376814,265196.1
1578368700,55.900002,57.400002,54.049999,55.599998,54.68179264916818,53.272941614724374,0,0,0,58,35.75,,,,1,1,1,1,,,,112634,247031.65
1578455100,54.099998,56.900002,53.799999,56.049999,54.955433919334546,53.525401377022156,0,0,0,58,35.75,,,,1,1,1,1,,,,133831,230639.4
1578541500,56.549999,57.700001,55.900002,56.099998,55.184346735467635,53.759455615474685,0,0,0,58,35.75,,,,1,1,1,1,,,,115547,232023.85
1578627900,54.5,57.900002,54.5,56.700001,55.487477588374105,54.026777923158804,0,0,0,58,35.75,,,,1,1,1,1,,,,132971,224869.05
1578887100,57,59.5,56.049999,59.349998,56.25998167069928,54.510707021053456,0,0,0,58,35.75,,,,1,1,1,1,,,,209511,205810.4
1578973500,61.200001,62.299999,60.75,62.299999,57.46798513655943,55.21882447368496,0,0,0,58,35.75,,,,1,1,1,1,,,,170795,197951.1
1579059900,65.199997,65.400002,63.099998,65.400002,59.054388509247545,56.14438606698633,0,0,0,58,35.75,,,,1,1,1,1,,,,526512,214009.3
1579146300,67.800003,68.650002,62.150002,68.25,60.89351080739804,57.244896424533025,0,0,0,58,35.75,,,,1,1,1,1,,,,469634,227454.5
1579232700,70.800003,70.800003,67.5,68.599998,62.43480824591843,58.277178385939116,0,0,0,58,35.75,,,,1,1,1,1,,,,209657,233737.15
1579491900,69.050003,70.400002,65.5,67.699997,63.48784599673475,59.13379825994465,0,0,0,58,35.75,,,,1,1,1,1,,,,164454,238399.95
1579578300,67.5,68,65.25,65.449997,63.8802761973878,59.707998145404225,0,0,0,58,35.75,,,,1,1,1,1,,,,263266,245656.45
1579664700,67,67,62.200001,64,63.90422095791024,60.09818013218566,0,0,0,58,35.75,,,,1,1,1,1,,,,133709,247731.25
1579751100,65.900002,67.199997,63.099998,67.050003,64.5333773663282,60.73016402925969,0,0,0,58,35.75,,,,1,1,1,1,,,,213697,251702.2
1579837500,66.5,66.949997,64.050003,64.599998,64.54670149306256,61.08196711750881,0,0,0,70.800003,35.75,,,,1,1,1,1,,,,188517,254970.55
1580096700,65,65.449997,61.75,62.150002,64.06736159445005,61.17906119773528,0,0,0,70.800003,35.75,,,,1,1,1,1,,,,118928,253221.55
1580183100,62.150002,62.150002,59.049999,60.099998,63.27388887556004,61.08096454339571,0,0,0,70.800003,35.75,,,,1,1,1,1,,,,180774,259615.1
1580269500,60.200001,62.599998,60.099998,61.150002,62.84911150044803,61.08724067581428,0,0,0,70.800003,35.75,,,,1,1,1,1,,,,78886,261385.45
1580355900,61.049999,61.799999,59.150002,59.900002,62.25928960035843,60.97930988710389,0,0,0,70.800003,35.75,,,,1,1,1,1,,,,65409,232336.8
1580442300,59,61.650002,57.150002,58,61.40743168028674,60.70846353373081,0,0,0,70.800003,35.75,,,,1,1,1,1,,,,425839,214569.25
1580528700,59.700001,59.700001,55.099998,55.25,60.17594534422939,60.21223957611892,0,0,0,70.800003,35.75,,,,1,1,1,1,,,,137486,202602.85
1580701500,53.349998,57.799999,53.349998,55.400002,59.22075667538351,59.77476343283538,0,0,0,70.800003,35.75,,,,1,1,1,1,,,,91041,201523.2
1580787900,55,58.150002,54.5,56.849998,58.74660494030681,59.50887566621398,0,0,0,70.800003,35.75,,,,1,1,1,1,,,,291591,209411.2
1580874300,58.700001,59.650002,56.700001,59.650002,58.92728435224545,59.521705332921805,0,0,0,70.800003,35.75,,,,1,1,1,1,,,,396127,223440.2
1580960700,61.099998,61.099998,57.549999,59.200001,58.98182768179636,59.49245948447437,0,0,0,70.800003,35.75,,,,1,1,1,1,,,,175342,225558.75
1581047100,59.25,60.299999,58.25,59.200001,59.02546234543709,59.46587234952215,0,0,0,70.800003,35.75,,,,1,1,1,1,,,,100498,220108.1
1581306300,60.650002,60.650002,56,56.799999,58.580369676349676,59.22352022683832,0,0,0,70.800003,35.75,,,,1,1,1,1,,,,96538,216395.25
1581392700,56,58.5,56,56.200001,58.10429594107974,58.94865484258029,0,0,0,70.800003,35.75,,,,1,1,1,1,,,,44384,192288.85
1581479100,56.900002,57.400002,54.849998,55.049999,57.49343655286379,58.5942315841639,0,0,0,70.800003,35.75,,,,1,1,1,1,,,,76316,172622.95
1581565500,55,55.5,54.200001,54.950001,56.98474944229103,58.26293789469445,0,0,0,70.800003,35.75,,,,1,1,1,1,,,,101132,167196.7
1581651900,55,55,51.849998,53.849998,56.35779915383283,57.86176154063132,0,0,0,70.800003,35.75,,,,1,1,1,1,,,,88839,163415.95
1581911100,52.5,53.25,50.150002,51.200001,55.32623952306626,57.25614694602847,0,0,0,70.800003,35.75,,,,1,1,1,1,,,,100754,155290.35
1581997500,51.400002,51.900002,49.900002,50.549999,54.37099141845301,56.646497132753154,0,0,0,70.800003,35.75,,,,1,1,1,1,,,,131252,155167.5
1582083900,51.099998,51.900002,49.549999,50.049999,53.50679293476241,56.04681548432105,0,0,0,70.800003,35.75,,,,1,1,1,1,,,,136954,151330.35
1582170300,49.900002,52.150002,49,50,52.80543434780993,55.49710498574641,0,0,0,70.800003,35.75,,,,1,1,1,1,,,,176611,150735.05
1582515900,50.099998,50.450001,47.5,48.950001,52.03434767824794,54.90191371431492,0,0,0,70.800003,35.75,,,,1,1,1,1,,,,75921,148584.7
1582602300,49,50.049999,48.049999,49.200001,51.467478342598355,54.38355801301356,0,0,0,70.800003,35.75,,,,1,1,1,1,,,,132897,146190.85
1582688700,49.950001,52.5,47.049999,48.099998,50.79398227407869,53.81232528455779,0,0,0,70.800003,35.75,,,,1,1,1,1,,,,87092,146601.15
1582775100,47.099998,47.5,45.299999,46.549999,49.94518561926295,53.15211380414344,0,0,0,70.800003,35.75,,,,4,1,1,1,,,,138893,150275.35
1582861500,46,46,41.700001,43.5,48.65614849541036,52.27464891285767,0,0,0,70.800003,35.75,,,,4,1,1,1,,,,144176,136192.2
1583120700,46.950001,46.950001,41.099998,41.349998,47.19491839632829,51.28149882987061,0,0,0,70.800003,35.75,,,,4,1,1,1,,,,88014,133718.6
1583207100,43,45.099998,41.799999,42.150002,46.185935117062634,50.45136275442783,0,0,0,70.800003,35.75,,,,4,1,1,1,,,,68061,132569.6
1583293500,42.450001,43,38.849998,40.700001,45.088748293650106,49.564875322207115,0,0,0,70.800003,35.75,,,,4,1,1,1,,,,233897,129684.9
1583379900,41.75,42.5,39.150002,40.549999,44.180998434920085,48.745341111097375,0,0,0,70.800003,35.75,,,,4,1,1,1,,,,175534,118655.25
1583466300,36.799999,40,35,38.650002,43.07479914793607,47.827583010088524,0,0,0,70.800003,35.75,,,,4,1,1,1,,,,389836,129379.95
1583725500,38,38,35.150002,35.650002,41.589839718348856,46.72053019098957,0,0,0,70.800003,35.75,,,,4,1,1,1,,,,158639,132287
1583898300,34.900002,36.650002,33.25,34.25,40.121871774679086,45.586845628172334,0,0,0,70.800003,35.75,,,,4,1,1,1,,,,252716,140095.9
1583984700,31.549999,33.799999,27.75,28.15,37.727497419743266,44.00167784379303,0,0,0,70.800003,35.75,,,,4,1,1,1,,,,604687,168111.05
1584071100,26,29.799999,25.35,27.950001,35.77199813579461,42.5424344943573,0,0,0,70.800003,35.75,,,,4,1,1,1,,,,350695,181830
1584330300,26.450001,27.450001,25.25,25.75,33.767598508635686,41.01584954032482,0,0,0,70.800003,35.75,,,,4,1,1,1,,,,140985,183822.65
1584416700,26.950001,26.950001,23.200001,23.200001,31.65407900690855,39.39622694574984,0,0,0,70.800003,35.75,,,,4,1,1,1,,,,369205,197840.95
1584503100,24,24.35,20.9,20.9,29.50326320552684,37.714751768863486,0,0,0,70.800003,35.75,,,,4,1,1,1,,,,286642,207135.35
1584589500,18.85,22.950001,18.85,19.950001,27.592610764421472,36.099774426239534,0,0,0,70.800003,35.75,,,,4,1,1,1,,,,468482,223996.85
1584675900,20.4,20.9,19,20,26.074088611537178,34.63615856930867,0,0,0,70.800003,35.75,,,,4,1,1,1,,,,430077,238653
1584935100,19,19.65,19,19.1,24.67927088922974,33.22378051755334,0,0,0,70.800003,35.75,,,,4,1,1,1,,,,128098,236227.35
1585021500,19.799999,20.049999,18.15,18.15,23.373416711383793,31.853436834139398,0,0,0,70.800003,35.75,,,,4,1,1,1,,,,226282,243745.4
1585107900,18,18,17.25,17.6,22.218733369107035,30.557669849217636,0,0,0,70.800003,35.75,,,,4,1,1,1,,,,280800,251140.55
1585194300,18.299999,18.450001,16.75,18.25,21.42498669528563,29.43879077201603,0,0,0,70.800003,35.75,,,,4,1,1,1,,,,458548,269713.35
1585280700,18.9,19.15,17.450001,17.700001,20.679989556228502,28.371628065469118,0,0,0,70.800003,35.75,,,,4,1,1,1,,,,422438,283890.6
1585539900,17.5,18.5,16.85,17.25,19.993991644982803,27.36057096860829,0,0,0,70.800003,35.75,,,,4,1,1,1,,,,182212,285792.4
1585626300,17.950001,17.950001,16.5,17,19.39519331598624,26.41870088055299,0,0,0,70.800003,35.75,,,,4,1,1,1,,,,371003,299941.85
1585712700,17,17.799999,16.35,17,18.916154652788993,25.562455345957265,0,0,0,70.800003,35.75,,,,4,1,1,1,,,,196680,306372.8
1585885500,17,17.299999,16.700001,16.9,18.512923722231193,24.774959405415697,0,0,0,70.800003,35.75,,,,4,1,1,1,,,,129890,301172.45
1586231100,17.700001,17.700001,16.25,16.950001,18.200339177784954,24.063599550377905,0,0,0,70.800003,35.75,,,,4,1,1,1,,,,283937,306592.6
1586317500,16.9,17.75,16.549999,17.75,18.110271342227964,23.489635954889003,0,0,0,70.800003,35.75,,,,4,1,1,1,,,,413696,307785.6
1586403900,18,18.6,17.65,17.9,18.06821707378237,22.981487231717274,0,0,0,70.800003,35.75,,,,4,1,1,1,,,,365010,318104.15
1586749500,18.549999,18.549999,17.25,17.9,18.034573659025895,22.519533847015705,0,0,0,70.800003,35.75,,,,4,1,1,1,,,,277609,319348.8
1586922300,18.25,18.6,17.4,17.6,17.947658927220715,22.072303497287006,0,0,0,70.800003,35.75,,,,4,1,1,1,,,,365805,307404.7
1587008700,17.6,18,16.9,17,17.758127141776573,21.61118499753364,0,0,0,70.800003,35.75,,,,4,1,1,1,,,,1017309,340735.4
1587095100,17.6,17.799999,16.9,17.1,17.62650171342126,21.20107727048513,0,0,0,70.800003,35.75,,,,4,1,1,1,,,,1645468,415959.55
1587354300,17.65,17.950001,16.950001,17.950001,17.691201570737007,20.905524882259208,0,0,0,70.800003,35.75,,,,4,1,1,1,,,,1861810,490589.8
1587440700,18.799999,18.799999,17.35,18.75,17.902961256589606,20.7095680747811,0,0,0,70.800003,35.75,,,,4,1,1,1,,,,1138663,533190.85
1587527100,19.25,19.65,18.5,19.65,18.252369005271685,20.613243704346456,0,0,0,70.800003,35.75,,,,4,1,1,1,,,,795859,549559.7
1587613500,20.6,20.6,20.200001,20.6,18.721895204217347,20.61203973122405,0,0,0,70.800003,35.75,,,,4,1,1,1,,,,583744,557243.05
1587699900,21.6,21.6,19.6,19.6,18.89751616337388,20.52003611929459,0,0,0,70.800003,35.75,,,,4,1,1,1,,,,1279996,614837.95
1587959100,18.65,18.65,18.65,18.65,18.848012930699102,20.350032835722356,0,0,0,70.800003,35.75,,,,4,1,1,1,,,,156242,611335.95
1588045500,17.75,18.65,17.75,18.1,18.69841034455928,20.145484396111232,0,0,0,70.800003,35.75,,,,4,1,1,1,,,,1170570,655824.45
1588131900,18.200001,18.9,17.75,18.35,18.628728275647426,19.982258541919304,0,0,0,70.800003,35.75,,,,4,1,1,1,,,,620588,663926.45
1588218300,18.799999,19.1,18.4,18.75,18.65298262051794,19.870235038108458,0,0,0,70.800003,35.75,,,,4,1,1,1,,,,621814,673895.25
1588563900,18.4,18.5,17.85,17.85,18.49238609641435,19.686577307371326,0,0,0,70.800003,35.75,,,,4,1,1,1,,,,474599,688514.6
1588650300,17.85,17.85,17,17,18.19390887713148,19.442343006701204,0,0,0,70.800003,35.75,,,,4,1,1,1,,,,506688,695298.85
1588736700,16.299999,16.9,16.15,16.15,17.785127101705186,19.143039097001093,0,0,0,70.800003,35.75,,,,4,1,1,1,,,,1103493,740639.5
1588823100,15.4,16.950001,15.4,16,17.428101681364147,18.857308270000996,0,0,0,70.800003,35.75,,,,4,1,1,1,,,,1538904,811090.2
1588909500,16,16.4,15.2,15.2,16.98248134509132,18.524825700000903,0,0,0,70.800003,35.75,,,,4,1,1,1,,,,1691766,881481.65
1589168700,15.8,15.95,14.45,14.8,16.545985076073055,18.186205181819002,0,0,0,70.800003,35.75,,,,4,1,1,1,,,,1620566,941825.15
1589255100,15,15.2,14.1,14.1,16.056788060858445,17.81473198347182,0,0,0,70.800003,35.75,,,,4,1,1,1,,,,976984,972423.85
1589341500,14.7,14.8,13.85,14.65,15.775430448686755,17.527029075883473,0,0,0,70.800003,35.75,,,,4,1,1,1,,,,3399785,1128532.65
1589427900,15,15.35,15,15.3,15.680344358949405,17.324571887166794,0,0,0,70.800003,35.75,,,,4,1,1,1,,,,3122561,1266370.45
1589514300,15.7,15.7,14.55,15,15.544275487159524,17.11324717015163,0,0,0,70.800003,35.75,,,,4,1,1,1,,,,1245446,1277777.3
1589773500,15.05,15.1,14.25,14.25,15.28542038972762,16.852951972865117,0,0,0,70.800003,35.75,,,,4,1,1,1,,,,701468,1230577.3
1589859900,14.25,14.55,13.6,13.75,14.978336311782096,16.57086542987738,0,0,0,70.800003,35.75,,,,4,1,1,1,,,,1151442,1195058.9
1589946300,13.8,14.2,13.75,14,14.782669049425676,16.337150390797618,0,0,0,70.800003,35.75,,,,4,1,1,1,,,,421180,1159184.75
1590032700,14.05,14.7,13.9,14,14.626135239540542,16.12468217345238,0,0,0,70.800003,35.75,,,,4,1,1,1,,,,610967,1149940.15
1590119100,13.9,14.1,13.3,13.4,14.380908191632434,15.87698379404762,0,0,0,70.800003,35.75,,,,4,1,1,1,,,,1171676,1179336.75
1590464700,13.6,14,13.05,13.25,14.154726553305947,15.638167085497836,0,0,0,70.800003,35.75,,,,4,1,1,1,,,,769160,1153794.95
1590551100,13.5,13.5,12.9,13.35,13.993781242644758,15.430151895907123,0,0,0,70.800003,35.75,,,,4,1,1,1,,,,707542,1181359.95
1590637500,13.35,14,12.95,13.15,13.825024994115806,15.222865359915566,0,0,0,70.800003,35.75,,,,4,1,1,1,,,,1841869,1214924.9
1590723900,13.1,13.8,12.95,13.35,13.730019995292645,15.052604872650514,0,0,0,70.800003,35.75,,,,4,1,1,1,,,,1268755,1247333.25
1590983100,13.5,14,13.45,14,13.784015996234116,14.956913520591376,0,0,0,70.800003,35.75,,,,4,1,1,1,,,,1898829,1311184
1591069500,14.45,14.7,14.3,14.7,13.967212796987292,14.933557745992161,0,0,0,70.800003,35.75,,,,4,1,1,1,,,,3119066,1443407.35
1591155900,15.4,15.4,14.4,14.55,14.083770237589833,14.898688859992873,0,0,0,70.800003,35.75,,,,4,1,1,1,,,,7448379,1790491.9
1591242300,14.75,14.85,13.85,13.95,14.057016190071867,14.812444418175339,0,0,0,70.800003,35.75,,,,4,1,1,1,,,,3564146,1913524.55
1591328700,14,14.6,14,14.6,14.165612952057494,14.793131289250308,0,0,0,70.800003,35.75,,,,4,1,1,1,,,,3008820,1987020.35
1591587900,15.2,15.3,14.8,15.3,14.392490361645995,14.839210262954825,0,0,0,70.800003,35.75,,,,4,1,1,1,,,,4951969,2150030.5
1591674300,15.95,16.049999,14.8,16.049999,14.723992089316797,14.949281966322568,0,0,0,70.800003,35.75,,,,4,1,1,1,,,,3095157,2223760.05
1591760700,16.85,16.85,16.85,16.85,15.149193671453437,15.122074514838697,0,0,0,70.800003,35.75,,,,4,1,1,1,,,,303983,2190110
1591847100,17.65,17.65,17.65,17.65,15.64935493716275,15.351885922580633,0,0,0,70.800003,35.75,,,,4,1,1,1,,,,253542,2032797.85
1591933500,17.85,18.5,16.799999,18.5,16.2194839497302,15.63807811143694,0,0,0,70.800003,35.75,,,,4,1,1,1,,,,6941404,2223740
1592192700,19.4,19.4,18.5,19.4,16.85558715978416,15.980071010397218,0,0,0,70.800003,35.75,,,,4,1,1,1,,,,1125882,2217761.8
1592279100,20.35,20.35,20.35,20.35,17.55446972782733,16.37733728217929,0,0,0,70.800003,35.75,,,,4,1,1,1,,,,367959,2201086.35
1592365500,21.35,21.35,21.35,21.35,18.313575782261864,16.8293975292539,0,0,0,70.800003,35.75,,,,4,1,1,1,,,,241833,2155605.9
1592451900,22.4,22.4,20.5,22.4,19.13086062580949,17.335815935685364,0,0,0,70.800003,35.75,,,,4,1,1,1,,,,9860491,2627571.45
1592538300,22.4,23.5,22,23.5,20.004688500647593,17.896196305168512,0,0,0,70.800003,35.75,,,,4,1,1,1,,,,1267176,2660381.9
1592797500,24.65,24.65,24.65,24.65,20.933750800518073,18.510178459244102,0,0,0,70.800003,35.75,,,,4,1,1,1,,,,163706,2609983.4
1592883900,25.85,25.85,25.85,25.85,21.917000640414457,19.177434962949185,0,0,0,70.800003,35.75,,,,4,1,1,1,,,,61026,2574576.7
1592970300,27.1,27.1,27.1,27.1,22.953600512331565,19.897668148135622,0,0,0,70.800003,35.75,,,,4,1,1,1,,,,169616,2547680.4
1593056700,28,28.450001,25.75,28.450001,24.05288060986525,20.675152952850567,0,0,0,70.800003,35.75,,,,4,1,1,1,,,,3595995,2635386.7
1593143100,29.85,29.85,29,29.85,25.2123044878922,21.509229957136878,0,0,0,70.800003,35.75,,,,4,1,1,1,,,,933903,2618644.1
1593402300,31.299999,31.299999,28.4,28.5,25.86984359031376,22.14475450648807,0,0,0,70.800003,35.75,,,,4,1,1,1,,,,6646827,2856044
1593488700,27.700001,28,27.1,27.1,26.11587487225101,22.59523136953461,0,0,0,70.800003,35.75,,,,4,1,1,1,,,,777190,2738950.2
1593575100,25.75,25.75,25.75,25.75,26.04269989780081,22.882028517758737,0,0,0,70.800003,35.75,,,,4,1,1,1,,,,170808,2375071.65
1593661500,24.5,25,24.5,24.5,25.734159918240646,23.029116834326125,0,0,0,70.800003,35.75,,,,4,1,1,1,,,,1108607,2252294.7
1593747900,23.299999,23.299999,23.299999,23.299999,25.247327734592517,23.053742485751023,0,0,0,70.800003,35.75,,,,4,1,1,1,,,,272512,2115479.3
1594007100,22.15,22.15,22.15,22.15,24.627862187674012,22.971584077955477,0,0,0,31.299999,12.9,,,,1,1,1,1,,,,276187,1881690.2
1594093500,21.700001,23.25,21.700001,23.25,24.35228975013921,22.99689461632316,0,0,0,31.299999,12.9,,,,1,1,1,1,,,,1313550,1792609.85
1594179900,24.4,24.4,24.4,24.4,24.361831800111368,23.124449651202873,0,0,0,31.299999,12.9,,,,1,1,1,1,,,,99913,1782406.35
1594266300,25.6,25.6,23.85,25.6,24.609465440089096,23.349499682911702,0,0,0,31.299999,12.9,,,,1,1,1,1,,,,3831883,1961323.4
1594352700,26.4,26.85,24.549999,26.15,24.917572352071275,23.60409062082882,0,0,0,31.299999,12.9,,,,1,1,1,1,,,,5581827,1893344.55
1594611900,26.450001,27,25.1,26.5,25.23405788165702,23.867355109844382,0,0,0,31.299999,12.9,,,,1,1,1,1,,,,1947838,1934442.35
1594698300,26.6,26.9,25.200001,25.200001,25.227246505325617,23.988504736222165,0,0,0,31.299999,12.9,,,,1,1,1,1,,,,871407,1959614.75
1594784700,24.25,25.9,23.950001,23.950001,24.971797404260492,23.985004396565603,0,0,0,31.299999,12.9,,,,1,1,1,1,,,,1739868,2034516.5
1594871100,23.15,23.75,22.799999,22.799999,24.537437723408395,23.877276633241458,0,0,0,31.299999,12.9,,,,1,1,1,1,,,,629858,1572984.85
1594957500,22.049999,23.9,21.700001,23.9,24.409950178726717,23.87934239385587,0,0,0,31.299999,12.9,,,,1,1,1,1,,,,777414,1548496.75
1595216700,24.450001,25.049999,23.9,25.049999,24.537959942981374,23.985765721687155,0,0,0,31.299999,12.9,,,,1,1,1,1,,,,1573853,1619004.1
1595303100,26.299999,26.299999,25.299999,25.6,24.750367954385098,24.132514292442867,0,0,0,31.299999,12.9,,,,1,1,1,1,,,,4315229,1831714.25
1595389500,25.85,25.950001,24.75,25.200001,24.840294563508078,24.229558538584424,0,0,0,31.299999,12.9,,,,1,1,1,1,,,,870444,1866755.65
1595475900,25.35,26.450001,24.950001,26.450001,25.16223585080646,24.43141694416766,0,0,0,31.299999,12.9,,,,1,1,1,1,,,,1411573,1757534.55
1595562300,26.25,27.65,25.65,26.9,25.50978868064517,24.655833585606963,0,0,0,31.299999,12.9,,,,1,1,1,1,,,,1774626,1799570.7
1595821500,26.25,26.9,25.6,25.75,25.557830944516134,24.755303259642695,0,0,0,31.299999,12.9,,,,1,1,1,1,,,,1395934,1537026.05
1595907900,25.1,26.25,24.799999,25.700001,25.586264955612908,24.84118487240245,0,0,0,31.299999,12.9,,,,1,1,1,1,,,,663756,1531354.35
1595994300,25.700001,26.799999,25.200001,25.799999,25.629011764490325,24.928349793093137,0,0,0,31.299999,12.9,,,,1,1,1,1,,,,860363,1565832.1
1596080700,25.799999,26.65,25.5,26.049999,25.71320921159226,25.03031790281194,0,0,0,31.299999,12.9,,,,1,1,1,1,,,,699979,1545400.7
1596167100,26.65,26.65,25.299999,25.75,25.72056736927381,25.095743548010855,0,0,0,31.299999,12.9,,,,1,1,1,1,,,,1795856,1621567.9
1596426300,25.75,27,25.299999,26.950001,25.966454095419046,25.264312407282596,0,0,0,31.299999,12.9,,,,1,1,1,1,,,,2143041,1714910.6
1596512700,27.299999,28.25,26.299999,28.25,26.423163276335238,25.535738552075088,0,0,0,31.299999,12.9,,,,1,1,1,1,,,,2128307,1755648.45
1596599100,28.450001,29.65,28.450001,29.65,27.06853062106819,25.90976232006826,0,0,0,31.299999,12.9,,,,1,1,1,1,,,,2403102,1870807.9
1596685500,30.700001,31.1,28.85,31.1,27.874824496854554,26.381602109152965,0,0,0,31.299999,12.9,,,,1,1,1,1,,,,3678107,1863119.1
1596771900,30.549999,31.799999,28.700001,28.950001,28.089859797483644,26.615092917411786,0,0,0,31.299999,12.9,,,,1,1,1,1,,,,2132030,1690629.25
1597031100,30.5,31.799999,30,31.799999,28.831887637986917,27.086448015828896,0,0,0,31.299999,12.9,,,,1,1,1,1,,,,1507757,1668625.2
1597117500,33.75,34.900002,31.799999,32.200001,29.505510310389532,27.55131646893536,0,0,0,31.299999,12.9,,,,1,1,1,1,,,,2380364,1744073.05
1597203900,32.75,32.900002,31,32.299999,30.064408048311627,27.98301488085033,0,0,0,31.299999,12.9,,,,1,1,1,1,,,,972364,1705697.85
1597290300,32.900002,33.450001,32.049999,32.25,30.5015264386493,28.370922618954847,0,0,0,31.299999,12.9,,,,1,1,1,1,,,,732550,1710832.45
1597376700,32.299999,32.349998,30.299999,30.65,30.53122115091944,28.578111471777135,0,0,0,31.299999,12.9,,,,1,1,1,1,,,,941055,1719014.5
1597635900,30.450001,31.75,30.1,30.65,30.55497692073555,28.76646497434285,0,0,0,31.299999,12.9,,,,1,1,1,1,,,,540745,1667359.1
1597722300,30.75,31.5,30.700001,31.299999,30.70398133658844,28.99678624940259,0,0,0,34.900002,21.700001,12.9,,,1,1,1,1,,,,441902,1473692.75
1597808700,31.700001,34.400002,31.25,34.299999,31.423184869270752,29.478896499456898,0,0,0,34.900002,21.700001,12.9,,,1,1,1,1,,,,2212109,1540776
1597895100,33.299999,37.450001,33.299999,36.799999,32.498547695416605,30.144451272233542,0,0,0,34.900002,21.700001,12.9,,,1,1,1,1,,,,2808677,1610631.2
1597981500,37.400002,37.400002,35.5,35.799999,33.15883795633329,30.658591974757766,0,0,0,34.900002,21.700001,12.9,,,1,1,1,1,,,,1097758,1576787.8
1598240700,36.5,36.700001,34.75,35.75,33.677070365066626,31.121447249779788,0,0,0,34.900002,21.700001,12.9,,,1,1,1,1,,,,689772,1541479.7
1598327100,36.700001,36.75,35,35.299999,34.0016560920533,31.5013155907089,0,0,0,34.900002,21.700001,12.9,,,1,1,1,1,,,,584321,1537507.95
1598413500,35.299999,38.799999,35.299999,38.349998,34.871324473642645,32.12392308246263,0,0,0,34.900002,21.700001,12.9,,,1,1,1,1,,,,2815646,1635272.1
1598499900,38.700001,41.349998,38.049999,40.25,35.947059578914114,32.8626573476933,0,0,0,34.900002,21.700001,12.9,,,1,1,1,1,,,,3033301,1751938.2
1598586300,41.599998,43,40.25,40.799999,36.91764746313129,33.58423386153937,0,0,0,34.900002,21.700001,12.9,,,1,1,1,1,,,,2037549,1764022.85
1598845500,41.299999,42,36.75,37.400002,37.01411837050503,33.931121874126696,0,0,0,34.900002,21.700001,12.9,,,1,1,1,1,,,,2204503,1767095.95
1598931900,36.799999,38.450001,35,36.25,36.86129469640402,34.141928976478816,0,0,0,34.900002,21.700001,12.9,,,1,1,1,1,,,,1408733,1731117.25
1599018300,36.400002,37.349998,35.299999,35.599998,36.60903535712322,34.274480705889836,0,0,0,34.900002,21.700001,12.9,,,1,1,1,1,,,,980304,1659977.35
1599104700,35.700001,36.799999,35,35.400002,36.36722868569858,34.376800823536215,0,0,0,34.900002,21.700001,12.9,,,1,1,1,1,,,,364995,1494321.75
1599191100,35,35.150002,33.5,34.400002,35.97378334855886,34.37891002139656,0,0,0,43,21.700001,12.9,,,1,1,1,1,,,,833204,1429380.45
1599450300,35,35.450001,33.900002,34.5,35.67902667884709,34.389918201269595,0,0,0,43,21.700001,12.9,,,1,1,1,1,,,,388511,1373418.15
1599536700,34.849998,36.400002,34.349998,35.25,35.59322134307767,34.46810745569963,0,0,0,43,21.700001,12.9,,,1,1,1,1,,,,662221,1287511
1599623100,35.299999,35.75,32.25,33.849998,35.24457667446214,34.41191568699966,0,0,0,43,21.700001,12.9,,,1,1,1,1,,,,520316,1264908.6
1599709500,35,35.5,34.549999,35.25,35.24566133956971,34.48810516999969,0,0,0,43,21.700001,12.9,,,1,1,1,1,,,,417722,1249167.2
1599795900,35.900002,36.650002,35,36,35.39652907165576,34.625550154545174,0,0,0,43,21.700001,12.9,,,1,1,1,1,,,,391871,1221708
1600055100,36.700001,38.75,36.099998,38.25,35.96722325732461,34.955045595041064,0,0,0,43,21.700001,12.9,,,1,1,1,1,,,,966519,1242996.7
1600141500,38.950001,39.25,36.849998,37.25,36.22377860585969,35.163677813673694,0,0,0,43,21.700001,12.9,,,1,1,1,1,,,,327753,1237289.25
1600227900,37.25,38.200001,36.849998,37.799999,36.53902268468775,35.40334337606699,0,0,0,43,21.700001,12.9,,,1,1,1,1,,,,440052,1148686.4
1600314300,38.5,38.5,37,37.650002,36.761218547750204,35.60758506915181,0,0,0,43,21.700001,12.9,,,1,1,1,1,,,,397892,1028147.15
1600400700,38,38.25,37.299999,37.5,36.908974838200166,35.779622790138006,0,0,0,43,21.700001,12.9,,,1,1,1,1,,,,673676,1006943.05
1600659900,36.25,36.950001,34.549999,35.200001,36.567180070560134,35.72692990012546,0,0,0,43,21.700001,12.9,,,1,1,1,1,,,,431003,994004.6
1600746300,34.700001,35.700001,33,34.349998,36.123743656448106,35.601754272841326,0,0,0,43,21.700001,12.9,,,1,1,1,1,,,,616771,995627.1
1600832700,34.099998,35.799999,33.5,34.049999,35.70899472515848,35.46068561167393,0,0,0,43,21.700001,12.9,,,1,1,1,1,,,,391040,874396.8
1600919100,33,33.700001,32.099998,32.5,35.06719578012679,35.19153237424903,0,0,0,43,21.700001,12.9,,,1,1,1,1,,,,381233,741793.4
1601005500,32.599998,34.25,32.599998,33.75,34.80375662410143,35.06048397659003,0,0,0,43,21.700001,12.9,,,1,1,1,1,,,,215719,650701.9
1601264700,34.200001,34.950001,33.799999,34.299999,34.70300509928114,34.99134897871821,0,0,0,43,21.700001,12.9,,,1,1,1,1,,,,176226,549288.05
1601351100,34.900002,34.900002,33.25,33.900002,34.54240447942492,34.89213561701655,0,0,0,43,21.700001,12.9,,,1,1,1,1,,,,249308,491316.8
1601437500,34.049999,34.450001,32.25,32.599998,34.15392318353993,34.68375947001505,0,0,0,43,21.700001,12.9,,,1,1,1,1,,,,229255,453764.35
1601523900,33.099998,33.950001,32,32.450001,33.813138746831946,34.480690518195495,0,0,0,43,21.700001,12.9,,,1,1,1,1,,,,336559,452342.55
1601869500,33.450001,33.450001,32.099998,32.799999,33.61051079746556,34.327900380177724,0,0,0,43,21.700001,12.9,,,1,1,1,1,,,,234959,422430.3
1601955900,33.200001,33.5,32.25,32.549999,33.39840843797245,34.16627298197975,0,0,0,43,21.700001,12.9,,,1,1,1,1,,,,225125,414261
1602042300,33,34.400002,32.900002,34,33.51872675037796,34.15115725634523,0,0,0,43,21.700001,12.9,,,1,1,1,1,,,,431689,402734.4
1602128700,35.25,35.799999,34.5,34.950001,33.80498160030237,34.2237794148593,0,0,0,43,21.700001,12.9,,,1,1,1,1,,,,436599,398548.55
1602215100,34.799999,35.299999,31.65,34.450001,33.933985480241894,34.24434501350846,0,0,0,43,21.700001,12.9,,,1,1,1,1,,,,12639962,1009660.55
1602474300,35.200001,35.25,32.299999,32.650002,33.67718878419352,34.099404739553144,0,0,0,43,21.700001,12.9,,,1,1,1,1,,,,1175288,1048831.4
1602560700,32.900002,34.299999,32.599998,33.400002,33.621751427354816,34.03582267232104,0,0,0,43,21.700001,12.9,,,1,1,1,1,,,,834889,1042249.9
1602647100,33.900002,35.099998,32.75,34.549999,33.807400941883856,34.08256597483731,0,0,0,43,21.700001,12.9,,,1,1,1,1,,,,1065222,1079123.35
1602733500,34.599998,35.25,32.549999,32.799999,33.60592055350708,33.965968977124824,0,0,0,43,21.700001,12.9,,,1,1,1,1,,,,921588,1103200.15
1602819900,33.099998,33.599998,32.400002,32.950001,33.47473664280567,33.87360825193166,0,0,0,43,21.700001,12.9,,,1,1,1,1,,,,386521,1102631.6
1603079100,33.5,37.450001,33.099998,35.950001,33.96978951424453,34.06237122902878,0,0,0,43,21.700001,12.9,,,1,1,1,1,,,,2992548,1218575.2
1603165500,36.25,37.700001,35.799999,37.200001,34.61583181139562,34.34761029911707,0,0,0,43,21.700001,12.9,,,1,1,1,1,,,,2712527,1332651.4
1603251900,37.25,40.450001,37.200001,39.049999,35.5026652491165,34.77510018101552,0,0,0,43,21.700001,12.9,,,1,1,1,1,,,,3932665,1498446.1
1603338300,38.549999,43.299999,38.5,42.450001,36.892132399293196,35.47281843728683,0,0,0,43,21.700001,12.9,,,1,1,1,1,,,,2603519,1609070.05
1603424700,42.450001,42.799999,40.549999,41.299999,37.77370571943456,36.00256212480621,0,0,0,43,21.700001,12.9,,,1,1,1,1,,,,933913,1636704.05
1603683900,40.299999,41.75,37.400002,39,38.01896457554765,36.275056477096555,0,0,0,43,21.700001,12.9,,,1,1,1,1,,,,697736,1660804.9
1603770300,39,39,37.599998,38.049999,38.025171460438116,36.436414888269596,0,0,0,43,21.700001,12.9,,,1,1,1,1,,,,357635,1669875.35
1603856700,38.700001,38.700001,35.75,36.849998,37.79013676835049,36.47401335297236,0,0,0,43,21.700001,12.9,,,1,1,1,1,,,,358314,1675325.65
1603943100,36.150002,37.5,35.5,36.75,37.582109414680396,36.49910304815669,0,0,0,43.299999,31.65,21.700001,12.9,,1,1,1,1,,,,362220,1681973.9
1604029500,37.150002,37.849998,36.099998,36.75,37.41568753174432,36.521911861960625,0,0,0,43.299999,31.65,21.700001,12.9,,1,1,1,1,,,,273875,1678839.7
1604288700,37.900002,37.900002,36.25,37.049999,37.34254982539545,36.56991978360057,0,0,0,43.299999,31.65,21.700001,12.9,,1,1,1,1,,,,236101,1678896.8
1604375100,37.049999,40.700001,37.049999,39.950001,37.86404006031636,36.87719989418233,0,0,0,43.299999,31.65,21.700001,12.9,,1,1,1,1,,,,1660352,1750658.15
1604461500,39.799999,40.25,37.599998,39.849998,38.26123164825309,37.147454267438484,0,0,0,43.299999,31.65,21.700001,12.9,,1,1,1,1,,,,659999,1762073.65
1604547900,39.849998,41.950001,39.599998,41.599998,38.92898491860247,37.55223097039862,0,0,0,43.299999,31.65,21.700001,12.9,,1,1,1,1,,,,1015844,1791035.9
1604634300,41.5,42.599998,41,41.799999,39.503187734881976,37.93839170036238,0,0,0,43.299999,31.65,21.700001,12.9,,1,1,1,1,,,,1235121,1220793.85
1604893500,41.150002,42.799999,39.549999,40.299999,39.66254998790558,38.15308327305671,0,0,0,43.299999,31.65,21.700001,12.9,,1,1,1,1,,,,835639,1203811.4
1604979900,40.5,42.400002,40.049999,41.849998,40.100039590324464,38.489166430051554,0,0,0,43.299999,31.65,21.700001,12.9,,1,1,1,1,,,,1339844,1229059.15
1605066300,42.5,45.099998,41.349998,43.650002,40.810032072259574,38.95833330004687,0,0,0,43.299999,31.65,21.700001,12.9,,1,1,1,1,,,,1267937,1239194.9
1605152700,44,48,42.799999,47.25,42.09802565780766,39.71212118186079,0,0,0,43.299999,31.65,21.700001,12.9,,1,1,1,1,,,,3161747,1351202.85
1605239100,47.5,48.650002,45.599998,47.049999,43.08842032624613,40.379200983509804,0,0,0,43.299999,31.65,21.700001,12.9,,1,1,1,1,,,,966325,1380193.05
1605357000,47.25,48.25,46.900002,47.5,43.9707362609969,41.026546348645276,0,0,0,43.299999,31.65,21.700001,12.9,,1,1,1,1,,,,254683,1243299.8
1605584700,47.5,47.900002,46.049999,46.5,44.47658900879752,41.52413304422298,0,0,0,43.299999,31.65,21.700001,12.9,,1,1,1,1,,,,612244,1138285.65
1605671100,46,47,43.849998,45.299999,44.641271007038014,41.867393585657254,0,0,0,43.299999,31.65,21.700001,12.9,,1,1,1,1,,,,652557,974280.25
1605757500,45.299999,46.75,43.950001,44.299999,44.573016605630414,42.08853953241569,0,0,0,43.299999,31.65,21.700001,12.9,,1,1,1,1,,,,591340,873671.3
1605843900,44,45.25,42.599998,43.25,44.30841328450433,42.19412684765062,0,0,0,48.650002,31.65,21.700001,12.9,,1,1,1,1,,,,539055,853928.4
1606103100,44.049999,45.75,43,45.299999,44.506730427603465,42.47647886150057,0,0,0,48.650002,31.65,21.700001,12.9,,1,1,1,1,,,,791831,858633.15
1606189500,45.900002,49.200001,45,47.450001,45.09538454208277,42.928617237727785,0,0,0,48.650002,31.65,21.700001,12.9,,1,1,1,1,,,,1764621,928982.45
1606275900,48,48.349998,46.099998,46.349998,45.34630723366622,43.2396518524798,0,0,0,48.650002,31.65,21.700001,12.9,,1,1,1,1,,,,896028,955868.15
1606362300,46.349998,47.200001,44.799999,46.25,45.52704578693297,43.51331986589073,0,0,0,48.650002,31.65,21.700001,12.9,,1,1,1,1,,,,281421,951828.2
1606448700,46.950001,47.5,46,46.799999,45.78163642954638,43.81210887808248,0,0,0,48.650002,31.65,21.700001,12.9,,1,1,1,1,,,,489750,962621.95
1606794300,46.150002,47.450001,46.150002,46.849998,45.9953087436371,44.088280616438624,0,0,0,48.650002,31.65,21.700001,12.9,,1,1,1,1,,,,274563,964545.05
1606880700,46.299999,47.400002,46,46.25,46.04624699490968,44.28480056039875,0,0,0,49.200001,31.65,21.700001,12.9,,1,1,1,1,,,,252038,894129.35
1606967100,46.799999,46.950001,45.75,45.849998,46.006997195927745,44.427091236726135,0,0,0,49.200001,31.65,21.700001,12.9,,1,1,1,1,,,,317201,876989.45
1607053500,47,47,44.900002,45.25,45.8555977567422,44.50190112429649,0,0,0,49.200001,31.65,21.700001,12.9,,1,1,1,1,,,,491832,850788.85
1607312700,45.25,45.900002,44.299999,44.900002,45.66447860539376,44.53809211299681,0,0,0,49.200001,31.65,21.700001,12.9,,1,1,1,1,,,,488316,813448.6
1607399100,44.900002,45.5,43,44,45.33158288431501,44.48917464817892,0,0,0,49.200001,31.65,21.700001,12.9,,1,1,1,1,,,,587833,801058.3
1607485500,45.099998,48,44.75,45.150002,45.29526670745201,44.54924986198083,0,0,0,49.200001,31.65,21.700001,12.9,,1,1,1,1,,,,1889845,828558.35
1607571900,46,46.349998,43.349998,44.5,45.13621336596161,44.54477260180076,0,0,0,49.200001,31.65,21.700001,12.9,,1,1,1,1,,,,766794,803501.2
1607658300,44.5,45.75,41.200001,41.5,44.40897069276929,44.267975092546145,1,0,0,49.200001,31.65,21.700001,12.9,,2,1,1,1,1,,,1736096,732218.65
1607917500,42.450001,42.549999,41,41.5,43.82717655421543,44.01634099322377,0,0,0,49.200001,31.65,21.700001,12.9,,2,1,1,1,,,,798496,723827.2
1608003900,41.849998,42.900002,39.849998,42.25,43.51174124337234,43.855764539294334,0,0,0,49.200001,31.65,21.700001,12.9,,2,1,1,1,,,,2147780,818482.05
1608090300,42.5,44.5,42.299999,43.549999,43.51939279469787,43.827967672085755,0,0,0,49.200001,31.65,21.700001,12.9,,2,1,1,1,,,,1168146,846277.15
1608176700,43.5,44,42,42.150002,43.2455146357583,43.67542533825978,0,0,0,49.200001,31.65,21.700001,12.9,,2,1,1,1,,,,540494,840674
1608263100,42.150002,42.450001,40.700001,41.549999,42.90641150860664,43.482204762054344,0,0,0,49.200001,31.65,21.700001,12.9,,2,1,1,1,,,,383828,830298.4
1608522300,41.599998,41.799999,38,38.599998,42.04512880688531,43.038367783685764,0,1,0,49.200001,31.65,21.700001,12.9,,3,1,1,1,,1,,955573,851124.3
1608608700,38.400002,39.900002,35.75,39,41.43610304550825,42.67124343971433,0,0,0,49.200001,31.65,21.700001,12.9,,3,1,1,1,,,,688910,845978.25
1608695100,39.650002,41,39.450001,40.900002,41.3288828364066,42.51022149064939,0,0,0,49.200001,31.65,21.700001,12.9,,3,1,1,1,,,,376910,776592.7
1608781500,41.400002,41.950001,40.099998,41.349998,41.333105869125276,42.404746627863084,0,0,0,49.200001,31.65,21.700001,12.9,,3,1,1,1,,,,497519,756667.25
1609127100,41.799999,43,40.599998,42.599998,41.586484295300224,42.422496752602804,0,0,0,49.200001,31.65,21.700001,12.9,,3,1,1,1,,,,721724,778682.4
1609213500,42.900002,43.299999,41.900002,42.549999,41.779187236240176,42.43408786600255,0,0,0,49.200001,31.65,21.700001,12.9,,3,1,1,1,,,,482052,778297.5
1609299900,42.099998,42.5,41.099998,41.349998,41.69334938899214,42.3355342418205,0,0,0,49.200001,31.65,21.700001,12.9,,3,1,1,1,,,,239964,776567.55
1609386300,41.75,41.900002,38.650002,40.099998,41.374679111193714,42.13230367438227,0,0,0,49.200001,31.65,21.700001,12.9,,3,1,1,1,,,,606086,794269.95
1609472700,40,41.700001,39.900002,40.950001,41.28974348895497,42.02482161307479,0,0,0,49.200001,31.65,21.700001,12.9,,3,1,1,1,,,,359763,796398.05
1609731900,42.299999,42.299999,41,41.349998,41.30179439116397,41.96347401188618,0,0,0,49.200001,31.65,21.700001,12.9,,3,1,1,1,,,,368539,790233.4
1609818300,41,43.349998,40.400002,42.200001,41.48143571293118,41.98497646535107,0,0,0,49.200001,31.65,21.700001,12.9,,3,1,1,1,,,,852871,808461.15
1609904700,42.5,43.349998,41.849998,42.150002,41.61514897034495,41.99997878668279,0,0,0,49.200001,31.65,21.700001,12.9,,3,1,1,1,,,,880125,823075.75
1609991100,42.900002,42.900002,41.900002,42.700001,41.832119376275955,42.06361716971163,0,0,0,49.200001,31.65,21.700001,12.9,,3,1,1,1,,,,508527,754009.85
1610077500,43,45.900002,42.599998,43.200001,42.105695701020764,42.16692479064693,0,0,0,49.200001,31.65,21.700001,12.9,,3,1,1,1,,,,1885985,809969.4
1610336700,43.700001,43.900002,41.900002,42.549999,42.19455636081661,42.20174971876994,0,0,0,49.200001,31.65,21.700001,12.9,,3,1,1,1,,,,432137,744771.45
1610423100,42.599998,48.400002,41.950001,47.5,43.25564508865329,42.6834088352454,0,0,0,49.200001,31.65,21.700001,12.9,,3,1,1,1,,,,4664185,938055.9
1610509500,48.75,48.75,43.549999,45.049999,43.61451587092263,42.89855339567764,0,0,0,49.200001,31.65,21.700001,12.9,,3,1,1,1,,,,2195192,940426.5
1610595900,45.049999,45.900002,43.75,44.099998,43.7116122967381,43.00777563243422,0,0,0,49.200001,31.65,21.700001,12.9,,3,1,1,1,,,,566261,910332.25
1610682300,44.25,44.450001,42.299999,43.099998,43.589289437390484,43.01615948403111,0,0,0,49.200001,31.65,21.700001,12.9,,3,1,1,1,,,,536047,910109.9
1610941500,43.200001,45.799999,41.099998,43.650002,43.60143194991239,43.07378153093737,0,0,0,49.200001,31.65,21.700001,12.9,,3,1,1,1,,,,1113928,946614.9
1611027900,44.25,45.5,43.400002,44,43.68114555992991,43.15798320994306,0,0,0,49.200001,31.65,21.700001,12.9,,3,1,1,1,,,,407150,919193.75
1611114300,44,44.650002,43.299999,43.599998,43.664916047943926,43.19816637267551,0,0,0,49.200001,31.65,21.700001,12.9,,3,1,1,1,,,,421482,905822.35
1611200700,44.400002,44.75,42.950001,43.150002,43.56193323835514,43.19378779334137,0,0,0,49.200001,31.65,21.700001,12.9,,3,1,1,1,,,,442332,909093.45
1611287100,43.900002,45,42.549999,44.200001,43.68954679068411,43.28526172121943,0,0,0,49.200001,31.65,21.700001,12.9,,3,1,1,1,,,,826743,925554.65
1611546300,43.950001,45.150002,42.599998,44.25,43.80163743254729,43.37296520110857,0,0,0,49.200001,31.65,21.700001,12.9,,3,1,1,1,,,,785052,928721.05
1611719100,44.5,47.099998,44,44.400002,43.92131034603783,43.46633218282597,0,0,0,49.200001,31.65,21.700001,12.9,,3,1,1,1,,,,1462178,977727.35
1611805500,44.599998,46,43.099998,45.450001,44.22704847683026,43.64666571165998,0,0,0,49.200001,31.65,21.700001,12.9,,3,1,1,1,,,,651566,998307.45
1611891900,45.5,46.299999,44.700001,45.150002,44.41163918146421,43.783332646963615,0,0,0,49.200001,31.65,21.700001,12.9,,3,1,1,1,,,,591291,997567.7
1612151100,45.150002,47.799999,44.200001,47.150002,44.95931174517137,44.08939349723965,0,0,0,49.200001,31.65,21.700001,12.9,,3,1,1,1,,,,1231279,1041143.5
1612237500,47.650002,54.599998,47.599998,53.25,46.6174493961371,44.9221759065815,0,0,0,49.200001,31.65,21.700001,12.9,,3,1,1,1,,,,5028333,1274133.2
1612323900,53.900002,60,51.299999,56.049999,48.50395931690968,45.93379618780136,0,0,0,49.200001,31.65,21.700001,12.9,,3,1,1,1,,,,3699930,1416486.15
1612410300,56.5,58.900002,56.5,58.150002,50.43316785352774,47.0443603525467,0,0,0,49.200001,31.65,21.700001,12.9,,3,1,1,1,,,,1572761,1451117.95
1612496700,57.150002,60.549999,55.599998,58.650002,52.07653468282219,48.09941868413336,0,0,0,49.200001,31.65,21.700001,12.9,,3,1,1,1,,,,2059677,1528675.45
1612755900,59.299999,70.349998,59.150002,70.349998,55.731227346257754,50.12219862193942,0,0,0,49.200001,31.65,21.700001,12.9,,3,1,1,1,,,,5886808,1728716.6
1612842300,77.349998,77.349998,73,77.349998,60.0549814770062,52.59745311085402,0,0,0,49.200001,31.65,21.700001,12.9,,3,1,1,1,,,,4427443,1928481.9
1612928700,82.800003,85.050003,77,85.050003,65.05398578160496,55.5476849189582,0,0,0,49.200001,31.65,21.700001,12.9,,3,1,1,1,,,,6926558,2041600.55
1613015100,93.550003,93.550003,93.550003,93.550003,70.75318922528398,59.00244110814381,0,0,0,49.200001,31.65,21.700001,12.9,,3,1,1,1,,,,343467,1949014.3
1613101500,98.199997,98.199997,98.199997,98.199997,76.24255078022718,62.56585528013074,0,0,0,49.200001,31.65,21.700001,12.9,,3,1,1,1,,,,684632,1954932.85
1613360700,103.1,103.1,100,103.1,81.61404062418174,66.25077752739158,0,0,0,49.200001,31.65,21.700001,12.9,,3,1,1,1,,,,8472254,2351743.2
1613447100,108.25,108.25,108.25,108.25,86.94123249934539,70.06888866126506,0,0,0,49.200001,31.65,21.700001,12.9,,3,1,1,1,,,,426918,2317392.7
1613533500,113.65,113.65,113.65,113.65,92.28298599947631,74.03080787387734,0,0,0,49.200001,31.65,21.700001,12.9,,3,1,1,1,,,,73292,2300699.8
1613619900,119.3,119.3,119.3,119.3,97.68638879958105,78.14618897625212,0,0,0,49.200001,31.65,21.700001,12.9,,3,1,1,1,,,,740012,2316626.3
1613706300,125.25,125.25,120,125.25,103.19911103966484,82.42835361477465,0,0,0,49.200001,31.65,21.700001,12.9,,3,1,1,1,,,,8386342,2713826.8
1613965500,124.95,125.2,119,119,106.35928883173187,85.75304874070423,0,0,0,49.200001,31.65,21.700001,12.9,,3,1,1,1,,,,3757038,2860341.55
1614051900,114.5,118,113.05,113.05,107.6974310653855,88.23458976427658,0,0,0,49.200001,31.65,21.700001,12.9,,3,1,1,1,,,,728026,2857490.25
1614138300,107.4,113,107.4,107.4,107.63794485230841,89.97689978570598,0,0,0,49.200001,31.65,21.700001,12.9,,3,1,1,1,,,,3731641,2970963.4
1614224700,105,112.75,102.35,112.75,108.66035588184673,92.04718162336907,0,0,0,49.200001,31.65,21.700001,12.9,,3,1,1,1,,,,5439776,3210373.9
1614311100,110.8,118.35,109,117.9,110.50828470547738,94.39743783942643,0,0,0,125.25,35.75,31.65,21.700001,12.9,1,1,1,1,,,,5986685,3480143.6
1614570300,122.4,123.75,118.15,121.6,112.7266277643819,96.87039803584221,0,0,0,125.25,35.75,31.65,21.700001,12.9,1,1,1,1,,,,2761271,3556643.2
1614656700,123.4,127.65,122,123.6,114.90130221150552,99.30036185076565,0,0,0,125.25,35.75,31.65,21.700001,12.9,1,1,1,1,,,,3496344,3480043.75
1614743100,122.5,129.75,119.1,126.65,117.25104176920442,101.78669259160515,0,0,0,125.25,35.75,31.65,21.700001,12.9,1,1,1,1,,,,3596495,3474872
1614829500,125.4,132.5,123.65,126.6,119.12083341536353,104.04244781055013,0,0,0,125.25,35.75,31.65,21.700001,12.9,1,1,1,1,,,,2023256,3497396.75
1614915900,124.2,128.75,123,125.05,120.30666673229082,105.9522252823183,0,0,0,125.25,35.75,31.65,21.700001,12.9,1,1,1,1,,,,1331755,3461000.65
1615175100,129,129.9,123.4,124.9,121.22533338583266,107.674750256653,0,0,0,125.25,35.75,31.65,21.700001,12.9,1,1,1,1,,,,862103,3209765.4
1615261500,126,131.1,125.55,129.05,122.79026670866612,109.61795477877546,0,0,0,125.25,35.75,31.65,21.700001,12.9,1,1,1,1,,,,1716961,3074241.3
1615347900,134.8,135.5,132.2,135.4,125.3122133669329,111.96177707161405,0,0,0,125.25,35.75,31.65,21.700001,12.9,1,1,1,1,,,,4783917,2967109.25
1615520700,140.45,142.15,128.65,133.05,126.85977069354632,113.87888824692186,0,0,0,125.25,35.75,31.65,21.700001,12.9,1,1,1,1,,,,4011342,3150503
1615779900,134.05,134.65,126.4,126.85,126.85781655483706,115.05808022447442,0,0,0,125.25,35.75,31.65,21.700001,12.9,1,1,1,1,,,,1826072,3207575
1615866300,126.4,130,122,127,126.88625324386965,116.14370929497674,0,0,0,125.25,35.75,31.65,21.700001,12.9,1,1,1,1,,,,1321507,2850037.65
1615952700,133,133.25,121.25,123.1,126.12900259509571,116.77609935906976,0,0,0,125.25,35.75,31.65,21.700001,12.9,1,1,1,1,,,,1624787,2909931.1
1616039100,124.4,125.85,117,120,124.90320207607657,117.06918123551796,0,0,0,125.25,35.75,31.65,21.700001,12.9,1,1,1,1,,,,1336107,2973071.85
1616125500,117.1,120.5,114,116.75,123.27256166086126,117.04016475956178,0,0,0,142.15,35.75,31.65,21.700001,12.9,1,1,1,1,,,,1207800,2996461.25
1616384700,117.95,121.4,114.5,117.2,122.05804932868901,117.05469523596526,0,0,0,142.15,35.75,31.65,21.700001,12.9,1,1,1,1,,,,941199,2624204.1
1616471100,118.3,118.4,114,114.55,120.5564394629512,116.82699566905933,0,0,0,142.15,35.75,31.65,21.700001,12.9,1,1,1,1,,,,1187353,2495719.85
1616557500,114.55,120.25,112.3,118.8,120.20515157036097,117.00635969914484,0,0,0,142.15,35.75,31.65,21.700001,12.9,1,1,1,1,,,,1464610,2532549.05
1616643900,119.25,119.45,112.9,113.2,118.80412125628878,116.66032699922258,0,0,0,142.15,35.75,31.65,21.700001,12.9,1,1,1,1,,,,1032837,2397608.85
1616730300,114.05,116,108.65,110.35,117.11329700503103,116.08666090838416,0,0,0,142.15,35.75,31.65,21.700001,12.9,1,1,1,1,,,,647920,2158016.05
1617075900,111.45,113.2,104.85,104.9,114.67063760402482,115.06969173489469,0,0,0,142.15,35.75,31.65,21.700001,12.9,1,1,1,1,,,,1125578,1914960.7
1617162300,101.55,110.1,101.55,110.1,113.75651008321985,114.617901577177,0,0,0,142.15,35.75,31.65,21.700001,12.9,1,1,1,1,,,,908700,1822332.15
1617248700,111.2,115.6,111.2,115.6,114.12520806657588,114.70718325197909,0,0,0,142.15,35.75,31.65,21.700001,12.9,1,1,1,1,,,,249291,1659979.5
1617594300,121.35,121.35,113,117.25,114.7501664532607,114.93834841089009,0,0,0,142.15,35.75,31.65,21.700001,12.9,1,1,1,1,,,,2100535,1585181.5
1617680700,118.25,123,115.2,116.6,115.12013316260857,115.08940764626371,0,0,0,142.15,35.75,31.65,21.700001,12.9,1,1,1,1,,,,592382,1513637.8
1617767100,117,121.75,117,119.25,115.94610653008685,115.46764331478519,0,0,0,142.15,35.75,31.65,21.700001,12.9,1,1,1,1,,,,1059862,1500043.15
1617853500,118,120.25,116.1,118.15,116.38688522406949,115.711493922532,0,0,0,142.15,35.75,31.65,21.700001,12.9,1,1,1,1,,,,526128,1483244.4
1617939900,118.35,119.9,116.05,117.35,116.57950817925558,115.86044902048364,0,0,0,142.15,35.75,31.65,21.700001,12.9,1,1,1,1,,,,341042,1414448.45
1618199100,114.9,117,111.5,111.5,115.56360654340446,115.46404456407603,0,0,0,142.15,35.75,31.65,21.700001,12.9,1,1,1,1,,,,285022,1189503.7
1618285500,112.5,114.9,106.55,107.95,114.04088523472358,114.78094960370548,0,0,0,142.15,35.75,31.65,21.700001,12.9,1,1,1,1,,,,588355,1018354.35
1618458300,108,109,103.1,104.95,112.22270818777886,113.88722691245952,0,0,0,142.15,35.75,31.65,21.700001,12.9,1,1,1,1,,,,564499,955275.7
1618544700,104.95,110.15,104.85,110.15,111.80816655022309,113.54747901132684,0,0,0,142.15,35.75,31.65,21.700001,12.9,1,1,1,1,,,,266153,902508
1618803900,110.8,115.65,105.3,115.65,112.57653324017848,113.7386172830244,0,0,0,142.15,35.75,31.65,21.700001,12.9,1,1,1,1,,,,1423920,892464.65
1618890300,119.4,121.4,116.15,119.2,113.90122659214278,114.23510662093128,0,0,0,142.15,35.75,31.65,21.700001,12.9,1,1,1,1,,,,1111539,881236.25
1619063100,116.5,118.9,116.05,117.7,114.66098127371423,114.55009692811934,0,0,0,142.15,35.75,31.65,21.700001,12.9,1,1,1,1,,,,516910,846691.75
1619149500,118,120.5,114,119.4,115.60878501897139,114.99099720738123,0,0,0,142.15,35.75,31.65,21.700001,12.9,1,1,1,1,,,,579448,828604.2
1619408700,121,121.15,116.2,118.35,116.1570280151771,115.2963610976193,0,0,0,142.15,35.75,31.65,21.700001,12.9,1,1,1,1,,,,521622,795317.65
1619495100,117.8,120,116.85,117.15,116.35562241214168,115.46487372510845,0,0,0,142.15,35.75,31.65,21.700001,12.9,1,1,1,1,,,,622031,753188.7
1619581500,118.5,120.5,115.5,118.7,116.82449792971335,115.75897611373495,0,0,0,142.15,35.75,31.65,21.700001,12.9,1,1,1,1,,,,1358647,769479.2
1619667900,118.8,121.6,116.1,117.55,116.96959834377067,115.92179646703177,0,0,0,142.15,35.75,31.65,21.700001,12.9,1,1,1,1,,,,948977,784532.05
1619754300,117.2,123.4,116.3,118.2,117.21567867501653,116.12890587911978,0,0,0,142.15,35.75,31.65,21.700001,12.9,1,1,1,1,,,,2827442,869625.25
1620013500,117,119.3,112.55,116.8,117.13254294001322,116.18991443556344,0,0,0,142.15,35.75,31.65,21.700001,12.9,1,1,1,1,,,,1826637,915522.1
1620099900,117.2,122.6,111.05,122.55,118.21603435201058,116.7681040323304,0,0,0,142.15,35.75,31.65,21.700001,12.9,1,1,1,1,,,,22446508,2025382.95
1620186300,128.65,128.65,128.65,128.65,120.30282748160846,117.84827639302763,0,0,0,142.15,35.75,31.65,21.700001,12.9,1,1,1,1,,,,459678,1943340.1
1620272700,135.05,135.05,128.9,134.95,123.23226198528677,119.40297853911603,0,0,0,142.15,35.75,31.65,21.700001,12.9,1,1,1,1,,,,16350271,2731234.55
1620359100,132.85,141.65,131.15,141.65,126.91580958822942,121.42543503556003,0,0,0,142.15,35.75,31.65,21.700001,12.9,1,1,1,1,,,,6366480,2996565.45
1620618300,145,147.95,134.6,135.1,128.55264767058353,122.66857730505457,0,0,0,142.15,35.75,31.65,21.700001,12.9,1,1,1,1,,,,5617922,3251155.15
1620704700,130.5,134.7,128.35,129.05,128.6521181364668,123.2487066409587,0,0,0,142.15,35.75,31.65,21.700001,12.9,1,1,1,1,,,,2170843,3342645.2
1620791100,127.9,135.5,125.1,135.5,130.02169450917344,124.36246058268974,0,0,0,142.15,35.75,31.65,21.700001,12.9,1,1,1,1,,,,2368115,3446799.85
1620963900,138.8,138.8,128.75,132,130.41735560733875,125.05678234789976,0,0,0,142.15,35.75,31.65,21.700001,12.9,1,1,1,1,,,,2051724,3519968.3
1621223100,132,137.3,129.5,133.55,131.043884485871,125.82889304354524,0,0,0,142.15,35.75,31.65,21.700001,12.9,1,1,1,1,,,,1051987,3544342.7
1621309500,134,137.9,131.5,133.75,131.5851075886968,126.54899367595021,0,0,0,147.95,101.55,35.75,31.65,21.700001,1,1,1,1,,,,772976,3569683.85
1621395900,134.4,140.4,132.8,137.4,132.74808607095744,127.53544879631838,0,0,0,147.95,101.55,35.75,31.65,21.700001,1,1,1,1,,,,2760395,3636507.6
1621482300,139,139.4,134.4,134.85,133.16846885676594,128.20040799665307,0,0,0,147.95,101.55,35.75,31.65,21.700001,1,1,1,1,,,,1049643,3633412.8
1621568700,137,138.8,135.2,135.55,133.64477508541276,128.86855272423006,0,0,0,147.95,101.55,35.75,31.65,21.700001,1,1,1,1,,,,855440,3650339.3
1621827900,137,137.9,132.5,133.95,133.7058200683302,129.33050247657278,0,0,0,147.95,101.55,35.75,31.65,21.700001,1,1,1,1,,,,900621,3666397.95
1621914300,135.9,136.4,130.25,133,133.56465605466417,129.6640931605207,0,0,0,147.95,101.55,35.75,31.65,21.700001,1,1,1,1,,,,746686,3677651.15
1622000700,133.9,134.9,131,131.65,133.18172484373133,129.8446301459279,0,0,0,147.95,101.55,35.75,31.65,21.700001,1,1,1,1,,,,583718,3675735.5
1622087100,132.95,135.9,131.55,133.05,133.15537987498507,130.136027405389,0,0,0,147.95,101.55,35.75,31.65,21.700001,1,1,1,1,,,,823834,3648994.85
1622173500,133.1,134.9,127.65,129.7,132.46430389998807,130.09638855035362,0,0,0,147.95,101.55,35.75,31.65,21.700001,1,1,1,1,,,,718616,3637476.8
1622432700,130.9,136.15,128.4,136.15,133.20144311999044,130.64671686395783,0,0,0,147.95,101.55,35.75,31.65,21.700001,1,1,1,1,,,,1633147,3577762.05
1622519100,142.95,142.95,142.95,142.95,135.15115449599236,131.76519714905257,0,0,0,147.95,101.55,35.75,31.65,21.700001,1,1,1,1,,,,1037681,3538314.25
1622605500,150.05,150.05,150.05,150.05,138.13092359679388,133.42745195368414,0,0,0,147.95,101.55,35.75,31.65,21.700001,1,1,1,1,,,,497302,2440853.95
1622691900,157.55,157.55,157.55,157.55,142.0147388774351,135.6204108669856,0,0,0,147.95,101.55,35.75,31.65,21.700001,1,1,1,1,,,,228534,2429296.75
1622778300,165.4,165.4,157.25,165.4,146.69179110194807,138.32764624271417,0,0,0,147.95,101.55,35.75,31.65,21.700001,1,1,1,1,,,,8652395,2044402.95
1623037500,172.85,173.65,157.15,161.9,149.73343288155846,140.4705874933765,0,0,0,147.95,101.55,35.75,31.65,21.700001,1,1,1,1,,,,10479558,2250056.85
1623123900,166.95,166.95,153.9,154.9,150.76674630524676,141.7823522667059,0,0,0,147.95,101.55,35.75,31.65,21.700001,1,1,1,1,,,,2389942,2088657.85
1623210300,152.1,162.5,152,155.25,151.6633970441974,143.00668387882357,0,0,0,147.95,101.55,35.75,31.65,21.700001,1,1,1,1,,,,1287412,2044486.3
1623296700,155,163,154,163,153.93071763535792,144.8242580716578,0,0,0,147.95,101.55,35.75,31.65,21.700001,1,1,1,1,,,,945619,1973361.5
1623383100,168.4,169.4,156.6,159.1,154.96457410828634,146.12205279241618,0,0,0,147.95,101.55,35.75,31.65,21.700001,1,1,1,1,,,,1069178,1924234.2
1623642300,160,163.7,154,158.45,155.66165928662906,147.2427752658329,0,0,0,173.65,101.55,35.75,31.65,21.700001,1,1,1,1,,,,343729,1888821.3
1623728700,158,161,155,156.75,155.87932742930326,148.10706842348446,0,0,0,173.65,101.55,35.75,31.65,21.700001,1,1,1,1,,,,327592,1866552.1
1623815100,159,159,152,153.15,155.33346194344261,148.56551674862223,0,0,0,173.65,101.55,35.75,31.65,21.700001,1,1,1,1,,,,293017,1743183.2
1623901500,150,155.8,150,153.4,154.9467695547541,149.00501522602022,0,0,0,173.65,101.55,35.75,31.65,21.700001,1,1,1,1,,,,293492,1705375.65
1623987900,154,154.9,145.75,148.95,153.74741564380327,149.00001384183656,0,0,0,173.65,101.55,35.75,31.65,21.700001,1,1,1,1,,,,539643,1689585.8
1624247100,148.9,155.5,142.5,154.65,153.9279325150426,149.51364894712415,0,0,0,173.65,101.55,35.75,31.65,21.700001,1,1,1,1,,,,488673,1668988.4
1624333500,155,161.75,153,155.55,154.25234601203408,150.06240813374924,0,0,0,173.65,101.55,35.75,31.65,21.700001,1,1,1,1,,,,672589,1665283.55
1624419900,158.5,159,147.8,152.05,153.81187680962728,150.2430983034084,0,0,0,173.65,101.55,35.75,31.65,21.700001,1,1,1,1,,,,918615,1682028.4
1624506300,153,154.9,144.55,146.95,152.43950144770182,149.94372573037128,0,0,0,173.65,101.55,35.75,31.65,21.700001,1,1,1,1,,,,491142,1665393.8
1624592700,147.4,152.95,143.6,151.75,152.30160115816145,150.10793248215572,0,0,0,173.65,101.55,35.75,31.65,21.700001,1,1,1,1,,,,416035,1650264.75
1624851900,152,153.9,147.75,149.55,151.75128092652915,150.0572113474143,0,0,0,173.65,101.55,35.75,31.65,21.700001,1,1,1,1,,,,231320,1580173.4
1624938300,150,150,147,149,151.2010247412233,149.9611012249221,0,0,0,173.65,101.55,35.75,31.65,21.700001,1,1,1,1,,,,138504,1535214.55
1625024700,150.9,150.9,146.5,147,150.36081979297865,149.69191020447462,0,0,0,173.65,101.55,35.75,31.65,21.700001,1,1,1,1,,,,194101,1520054.5
1625111100,149,153.95,144.1,149.1,150.10865583438292,149.63810018588603,0,0,0,173.65,101.55,35.75,31.65,21.700001,1,1,1,1,,,,347993,1526027.45
1625197500,152,155.3,149.5,153.7,150.82692466750632,150.00736380535093,0,0,0,173.65,101.55,35.75,31.65,21.700001,1,1,1,1,,,,406125,1113713.95
1625456700,155.25,159,154.8,156.75,152.01153973400505,150.6203307321372,0,0,0,173.65,101.55,35.75,31.65,21.700001,1,1,1,1,,,,440373,611754.7
1625543100,159.65,162,155.05,157.5,153.10923178720404,151.2457552110338,0,0,0,173.65,101.55,35.75,31.65,21.700001,1,1,1,1,,,,517110,518113.1
1625629500,155.1,160,155.1,158.95,154.27738542976323,151.94614110093983,0,0,0,173.65,101.55,35.75,31.65,21.700001,1,1,1,1,,,,641767,485830.85
1625715900,158.95,163,156.75,159.25,155.2719083438106,152.61012827358167,0,0,0,173.65,101.55,35.75,31.65,21.700001,1,1,1,1,,,,548215,465960.65
1625802300,161.5,161.5,154,156.45,155.50752667504847,152.9592075214379,0,0,0,173.65,101.55,35.75,31.65,21.700001,1,1,1,1,,,,290128,427008.15
1626061500,161,161,156,158.2,156.04602134003878,153.43564320130716,0,0,0,173.65,101.55,35.75,31.65,21.700001,1,1,1,1,,,,323968,426020.1
1626147900,162,162,157,159.5,156.73681707203102,153.98694836482468,0,0,0,173.65,101.55,35.75,31.65,21.700001,1,1,1,1,,,,479546,433617.8
1626234300,159,160,155,158.6,157.1094536576248,154.40631669529517,0,0,0,173.65,101.55,35.75,31.65,21.700001,1,1,1,1,,,,2773556,557644.75
1626320700,159.8,160,154,156.05,156.89756292609985,154.55574245026835,0,0,0,173.65,101.55,35.75,31.65,21.700001,1,1,1,1,,,,282231,557081.7
1626407100,157.75,157.75,153.5,154.85,156.48805034087988,154.58249313660758,0,0,0,173.65,101.55,35.75,31.65,21.700001,1,1,1,1,,,,158865,538042.8
1626666300,152,155.8,149.3,152.05,155.6004402727039,154.35226648782506,0,0,0,173.65,101.55,35.75,31.65,21.700001,1,1,1,1,,,,216883,524453.3
1626752700,154.8,154.8,144.45,144.45,153.37035221816313,153.45206044347734,0,0,0,173.65,101.55,35.75,31.65,21.700001,1,1,1,1,,,,489504,515299.05
1626925500,144.55,148.85,144,144.7,151.63628177453052,152.6564185849794,0,0,0,173.65,101.55,35.75,31.65,21.700001,1,1,1,1,,,,396917,489214.15
1627011900,150,151.9,148,151.9,151.68902541962441,152.5876532590722,0,0,0,173.65,101.55,35.75,31.65,21.700001,1,1,1,1,,,,320975,480705.8
1627271100,159.45,159.45,159.45,159.45,153.24122033569952,153.2115029627929,0,0,0,173.65,101.55,35.75,31.65,21.700001,1,1,1,1,,,,616512,490729.65
1627357500,165.3,167.4,160,167.4,156.07297626855961,154.50136632981173,0,0,0,173.65,101.55,35.75,31.65,21.700001,1,1,1,1,,,,2728080,615567.65
1627443900,171.8,175.75,163,175.3,159.91838101484768,156.39215120891976,0,0,0,173.65,101.55,35.75,31.65,21.700001,1,1,1,1,,,,1940065,705645.7
1627530300,177.8,184.05,177.8,180.15,163.96470481187814,158.5519556444725,0,0,0,173.65,101.55,35.75,31.65,21.700001,1,1,1,1,,,,1694813,780681.3
1627616700,183.45,185,171.15,173.5,165.8717638495025,159.91086876770228,0,0,0,173.65,101.55,35.75,31.65,21.700001,1,1,1,1,,,,2059764,866269.85
1627875900,175.1,178.7,167.5,172.65,167.227411079602,161.06897160700208,0,0,0,173.65,101.55,35.75,31.65,21.700001,1,1,1,1,,,,871536,889540.4
1627962300,169.25,174.05,165.3,172.2,168.2219288636816,162.0808832790928,0,0,0,173.65,101.55,35.75,31.65,21.700001,1,1,1,1,,,,332774,884160.45
1628048700,172.65,174,167,169.5,168.4775430909453,162.7553484355389,0,0,0,173.65,101.55,35.75,31.65,21.700001,1,1,1,1,,,,374322,877021.05
1628135100,172.75,173.7,165,166.64999,168.11203247275623,163.10940675958082,0,0,0,173.65,101.55,35.75,31.65,21.700001,1,1,1,1,,,,340034,861934.4
1628221500,168.89999,169,161.25,164.3,167.34962597820498,163.21764250870984,0,0,0,185,101.55,35.75,31.65,21.700001,1,1,1,1,,,,315560,850301.65
1628480700,166.8,172.5,166,172.5,168.379700782564,164.0614931897362,0,0,0,185,101.55,35.75,31.65,21.700001,1,1,1,1,,,,338685,852729.5
1628567100,175,180,167,175.95,169.89376062605118,165.14226653612383,0,0,0,185,101.55,35.75,31.65,21.700001,1,1,1,1,,,,1373653,905213.75
1628653500,177,177.10001,167.2,174.95,170.90500850084095,166.0338786692035,0,0,0,185,101.55,35.75,31.65,21.700001,1,1,1,1,,,,1817812,972127.05
1628739900,176.89999,177.7,171.05,177,172.12400680067276,167.030798790185,0,0,0,185,101.55,35.75,31.65,21.700001,1,1,1,1,,,,1074082,887153.35
1628826300,177,178,173.05,175.45,172.7892054405382,167.79618071835,0,0,0,185,101.55,35.75,31.65,21.700001,1,1,1,1,,,,1094914,927787.5
1629085500,177.45,184.2,174,184.2,175.07136435243058,169.28743701668182,0,0,0,185,101.55,35.75,31.65,21.700001,1,1,1,1,,,,1712226,1005455.55
1629171900,193.39999,193.39999,180,193.25,178.70709148194447,171.4658518333471,0,0,0,185,101.55,35.75,31.65,21.700001,1,1,1,1,,,,18829939,1936108.35
1629258300,185.3,197.85001,184.3,194.39999,181.84567118555557,173.550773484861,0,0,0,185,101.55,35.75,31.65,21.700001,1,1,1,1,,,,3756246,2099445.45
1629431100,188,195,187.55,188.64999,183.20653494844447,174.92342953169182,0,0,0,185,101.55,35.75,31.65,21.700001,1,1,1,1,,,,6056332,2382416.2
1629690300,191.85001,192.8,179.25,181.55,182.87522795875557,175.52584502881075,0,0,0,185,101.55,35.75,31.65,21.700001,1,1,1,1,,,,2019006,2467317.75
1629776700,181.55,184,173.55,180.5,182.40018236700445,175.9780409352825,0,0,0,185,101.55,35.75,31.65,21.700001,1,1,1,1,,,,946238,2483804.05
1629863100,181,181,171.64999,177.35001,181.39014789360357,176.10276539571137,0,0,0,185,101.55,35.75,31.65,21.700001,1,1,1,1,,,,601186,2377459.35
1629949500,176,182,170.25,178.05,180.72211831488286,176.27978672337397,0,0,0,197.85001,101.55,35.75,31.65,21.700001,1,1,1,1,,,,1314298,2346171
1630035900,181.5,181.5,175.14999,178.2,180.2176946519063,176.45435156670362,0,0,0,197.85001,101.55,35.75,31.65,21.700001,1,1,1,1,,,,445859,2283723.3
1630295100,179.8,182.5,176.2,178,179.77415572152503,176.59486506063965,0,0,0,197.85001,101.55,35.75,31.65,21.700001,1,1,1,1,,,,519067,2206688.45
1630381500,177.10001,179.89999,172.55,172.95,178.40932457722002,176.2635136914906,0,0,0,197.85001,101.55,35.75,31.65,21.700001,1,1,1,1,,,,821552,2204189.25
1630467900,174.39999,177,169.10001,170.95,176.917459661776,175.7804669922642,0,0,0,197.85001,101.55,35.75,31.65,21.700001,1,1,1,1,,,,693882,2222244.65
1630554300,169.10001,179.45,167.7,179.25,177.38396772942082,176.09587908387655,0,0,0,197.85001,101.55,35.75,31.65,21.700001,1,1,1,1,,,,1110783,2259067.7
1630640700,178,180,175.2,177.39999,177.38717218353665,176.21443462170595,0,0,0,197.85001,101.55,35.75,31.65,21.700001,1,1,1,1,,,,388016,2261466.8
1630899900,181.05,186.25,178.60001,183.7,178.64973774682932,176.89494056518723,0,0,0,197.85001,101.55,35.75,31.65,21.700001,1,1,1,1,,,,1201369,2305757.25
1630986300,185,189.8,178.55,185.64999,180.04978819746344,177.6908541501702,0,0,0,197.85001,101.55,35.75,31.65,21.700001,1,1,1,1,,,,959027,2336774.35
1631072700,187,190,182.05,186.45,181.32983055797075,178.48714013651835,0,0,0,197.85001,101.55,35.75,31.65,21.700001,1,1,1,1,,,,724854,2304334.4
1631159100,187.89999,189.2,178,180.2,181.1038644463766,178.64285466956213,0,0,0,197.85001,101.55,35.75,31.65,21.700001,1,1,1,1,,,,2475867,2337237.15
1631504700,183.7,189.2,180.5,185.89999,182.06308955710128,179.30259424505647,0,0,0,197.85001,101.55,35.75,31.65,21.700001,1,1,1,1,,,,3323287,2449697.4
1631591100,184.7,186.60001,179.5,180.14999,181.68046964568103,179.37963022277862,0,0,0,197.85001,101.55,35.75,31.65,21.700001,1,1,1,1,,,,1524942,2471198.8
1631677500,180.89999,184.8,180,180.89999,181.52437371654483,179.51784474798055,0,0,0,197.85001,101.55,35.75,31.65,21.700001,1,1,1,1,,,,997180,2435446.5
1631763900,171.89999,171.89999,171.89999,171.89999,179.59949697323586,178.82531249816412,0,0,0,197.85001,101.55,35.75,31.65,21.700001,1,1,1,1,,,,462654,1517082.25
1631850300,163.35001,180.45,163.35001,176.45,178.9695975785887,178.60937499833102,0,0,0,197.85001,101.55,35.75,31.65,21.700001,1,1,1,1,,,,5861259,1622332.9
1632109500,171.2,176.89999,167.64999,167.64999,176.70567606287096,177.61306727121,0,0,0,197.85001,101.55,35.75,31.65,21.700001,1,1,1,1,,,,951072,1367069.9
1632195900,162,175.64999,159.3,174.5,176.26454085029678,177.33006115564547,0,0,0,197.85001,101.55,35.75,31.65,21.700001,1,1,1,1,,,,2417107,1386974.95
1632282300,173,174,167.75,170.8,175.17163268023742,176.73641923240498,0,0,0,197.85001,101.55,35.75,31.65,21.700001,1,1,1,1,,,,445507,1361938.4
1632368700,170.95,173.3,167,168.75,173.88730614418995,176.01038112036818,0,0,0,197.85001,101.55,35.75,31.65,21.700001,1,1,1,1,,,,530660,1358412.1
1632455100,169,172.7,165.10001,169.35001,172.97984691535197,175.40489283669834,0,0,0,197.85001,101.55,35.75,31.65,21.700001,1,1,1,1,,,,354106,1310402.5
1632714300,174,174,162.75,164.05,171.1938775322816,174.37262985154393,0,0,0,197.85001,101.55,35.75,31.65,21.700001,1,1,1,1,,,,701520,1323185.55
1632800700,166.60001,167.7,159.14999,163.55,169.66510202582526,173.3887544104945,0,0,0,197.85001,101.55,35.75,31.65,21.700001,1,1,1,1,,,,792192,1336841.8
1632887100,160.5,164.8,160.14999,163.60001,168.4520836206602,172.498868554995,0,0,0,197.85001,101.55,35.75,31.65,21.700001,1,1,1,1,,,,474549,1319491.65
1632973500,163.60001,170,162,162.89999,167.34166489652816,171.62624323181365,0,0,0,197.85001,101.55,35.75,31.65,21.700001,1,1,1,1,,,,583474,1313971.25
1633059900,162.5,166.89999,161.10001,163.85001,166.64333391722252,170.9193129380124,0,0,0,197.85001,101.55,35.75,31.65,21.700001,1,1,1,1,,,,422930,1279578.6
1633319100,164.5,170,164.5,167.8,166.87466713377802,170.63573903455674,0,0,0,197.85001,101.55,35.75,31.65,21.700001,1,1,1,1,,,,1618856,1341120.6
1633405500,167.5,169.10001,165.10001,166.25,166.74973370702241,170.23703548596066,0,0,0,197.85001,101.55,35.75,31.65,21.700001,1,1,1,1,,,,481343,1305119.3
1633491900,167,170.5,165,165.75,166.54978696561793,169.82912316905515,0,0,0,197.85001,101.55,35.75,31.65,21.700001,1,1,1,1,,,,1148164,1314576.15
1633578300,167.7,169.89999,165.05,167.55,166.74982957249435,169.6219301536865,0,0,0,197.85001,101.55,35.75,31.65,21.700001,1,1,1,1,,,,838236,1320245.25
1633664700,168.25,169.95,165.45,166.64999,166.72986165799549,169.35175377607862,0,0,0,197.85001,101.55,35.75,31.65,21.700001,1,1,1,1,,,,1041060,1248504.9
1633923900,167.89999,169.25,162.89999,163.64999,166.1138873263964,168.83341161461692,0,0,0,197.85001,101.55,35.75,31.65,21.700001,1,1,1,1,,,,804692,1122575.15
1634010300,163.89999,166.64999,163.10001,164.35001,165.76111186111712,168.42582964965175,0,0,0,197.85001,101.55,35.75,31.65,21.700001,1,1,1,1,,,,611947,1076925.4
1634096700,167.64999,167.7,161.5,162.14999,165.0388874888937,167.8552987724107,0,0,0,197.85001,101.55,35.75,31.65,21.700001,1,1,1,1,,,,808708,1067501.8
1634183100,163.39999,165,161,162.10001,164.45111199111494,167.33209070219155,0,0,0,197.85001,101.55,35.75,31.65,21.700001,1,1,1,1,,,,680816,1078409.9
1634528700,158.7,165.39999,157.60001,160.10001,163.58089159289196,166.67462882017415,1,0,0,197.85001,101.55,35.75,31.65,21.700001,2,1,1,1,1,,,4187207,994707.3
1634615100,162,163.39999,155.2,156.8,162.22471327431356,165.77693529106742,0,0,0,197.85001,101.55,35.75,31.65,21.700001,2,1,1,1,,,,1060063,1000156.85
1634701500,155,159.14999,152.10001,153.3,160.43977061945085,164.64266844642492,0,0,0,197.85001,101.55,35.75,31.65,21.700001,2,1,1,1,,,,834362,921019.6
1634787900,154.39999,156.39999,150.05,151.64999,158.68181449556067,163.4615158603863,0,0,0,197.85001,101.55,35.75,31.65,21.700001,2,1,1,1,,,,641964,930842.45
1634874300,152.5,154.3,146.10001,148,156.54545159644854,162.0559235094421,0,0,0,197.85001,101.55,35.75,31.65,21.700001,2,1,1,1,,,,813391,944979
1635133500,145.3,155.39999,140.75,155.39999,156.31635927715882,161.45083864494737,0,0,0,197.85001,101.55,35.75,31.65,21.700001,2,1,1,1,,,,914068,972977.1
1635219900,158,161.39999,156.8,160.60001,157.17308942172707,161.3734905863158,0,0,0,197.85001,101.55,35.75,31.65,21.700001,2,1,1,1,,,,1057789,990790.55
1635306300,162,165.89999,159,164.64999,158.66846953738167,161.671354169378,0,0,0,197.85001,101.55,35.75,31.65,21.700001,2,1,1,1,,,,1563373,1029349.6
1635392700,167.8,172.85001,160,161.05,159.14477562990533,161.61486742670726,0,0,0,197.85001,101.55,35.75,31.65,21.700001,2,1,1,1,,,,2618621,1136553.2
1635479100,161.39999,167.25,158.05,165.8,160.47582050392427,161.99533402427934,0,0,0,197.85001,101.55,35.75,31.65,21.700001,2,1,1,1,,,,735163,1144137.65
1635738300,168,174.05,164.10001,172.05,162.79065640313942,162.90939456752668,0,0,0,197.85001,101.55,35.75,31.65,21.700001,2,1,1,1,,,,2466164,1246299.35
1635824700,174.2,175.5,170.5,173.14999,164.86252312251153,163.8403577886606,0,0,0,197.85001,101.55,35.75,31.65,21.700001,2,1,1,1,,,,1547020,1242707.55
1635911100,175,176.5,170.5,171.8,166.25001849800924,164.5639616260551,0,0,0,197.85001,101.55,35.75,31.65,21.700001,2,1,1,1,,,,1381970,1287738.9
1636029000,174.75,180.35001,170.39999,178.89999,168.7800127984074,165.86723693277736,0,0,1,197.85001,101.55,35.75,31.65,21.700001,1,1,1,1,,,1,9443622,1702511.8
1636343100,180,187,171.05,173.45,169.7140102387259,166.5565790297976,0,0,0,197.85001,101.55,35.75,31.65,21.700001,1,1,1,1,,,,36763911,3498795.55
1636429500,168,173.2,167.10001,169.8,169.73120819098074,166.85143548163418,0,0,0,197.85001,101.55,35.75,31.65,21.700001,1,1,1,1,,,,9408416,3917163.35
1636515900,169.5,178.25,168.5,178.25,171.4349665527846,167.88766861966744,0,0,0,197.85001,101.55,35.75,31.65,21.700001,1,1,1,1,,,,7712960,4262576.75
1636602300,180,183.2,176.2,179.2,172.98797324222767,168.91606238151584,0,0,0,197.85001,101.55,35.75,31.65,21.700001,1,1,1,1,,,,8187358,4641347.3
1636688700,180,184.95,174.25,184.10001,175.21038059378213,170.2964212559235,0,0,0,197.85001,101.55,35.75,31.65,21.700001,1,1,1,1,,,,6479679,4924895.85
1636947900,186.8,193.3,181.10001,193.3,178.8283044750257,172.38765568720316,0,0,0,197.85001,101.55,35.75,31.65,21.700001,1,1,1,1,,,,9294690,5355589.55
1637034300,196,202.95,194.60001,201.8,183.42264358002058,175.0615051701847,0,0,0,197.85001,101.55,35.75,31.65,21.700001,1,1,1,1,,,,24493491,6370903.75
1637120700,211.85001,211.85001,205.10001,206.85001,188.10811686401647,177.95136924562243,0,0,0,197.85001,101.55,35.75,31.65,21.700001,1,1,1,1,,,,25911456,7613473.4
1637207100,206.85001,207.14999,196.55,196.55,189.79649349121317,179.64215385965676,0,0,0,197.85001,101.55,35.75,31.65,21.700001,1,1,1,1,,,,7812436,7962377.1
1637552700,197.3,197.45,186.75,186.75,189.18719479297053,180.28832169059706,0,0,0,197.85001,101.55,35.75,31.65,21.700001,1,1,1,1,,,,7923755,8326466.65
1637639100,183,196.05,180.85001,196.05,190.55975583437643,181.72120153690642,0,0,0,197.85001,101.55,35.75,31.65,21.700001,1,1,1,1,,,,8409518,8706273
1637725500,197.89999,205,193.10001,198.05,192.05780466750116,183.20563776082403,0,0,0,197.85001,101.55,35.75,31.65,21.700001,1,1,1,1,,,,6309275,8976033.35
1637811900,197.8,202.89999,195.35001,198.89999,193.42624173400094,184.63239705529458,0,0,0,211.85001,140.75,101.55,35.75,31.65,1,1,1,1,,,,4061164,9126202.1
1637898300,194.8,197,189,189,192.54099338720076,185.02945186844963,0,0,0,211.85001,140.75,101.55,35.75,31.65,1,1,1,1,,,,4440655,9270066.2
1638157500,189.25,189.8,179.55,179.55,189.94279470976062,184.53131988040874,0,0,0,211.85001,140.75,101.55,35.75,31.65,1,1,1,1,,,,5750465,9426658.4
1638243900,180,188.5,176.64999,181.3,188.2142357678085,184.2375635276443,0,0,0,211.85001,140.75,101.55,35.75,31.65,1,1,1,1,,,,7294817,9754641.1
1638330300,182.39999,190,180.5,188.3,188.2313886142468,184.6068759342221,0,0,0,211.85001,140.75,101.55,35.75,31.65,1,1,1,1,,,,3718020,9817233.9
1638416700,189.95,197.7,187.25,196.8,189.94511089139746,185.71534175838374,0,0,0,211.85001,140.75,101.55,35.75,31.65,1,1,1,1,,,,6547478,10067256.8
1638503100,196,206.60001,195.39999,205.75,193.10608871311797,187.5366743258034,0,0,0,211.85001,140.75,101.55,35.75,31.65,1,1,1,1,,,,12736111,10634963.85
1638762300,209.5,216,206.5,216,197.6848709704944,190.124249387094,0,0,0,211.85001,140.75,101.55,35.75,31.65,1,1,1,1,,,,5458182,10435691.85
1638848700,219,226.8,209,211.45,200.43789677639552,192.06295398826728,0,0,0,211.85001,140.75,101.55,35.75,31.65,1,1,1,1,,,,11952698,9195131.2
1638935100,214,223.39999,210,217.25,203.8003174211164,194.35268544387935,0,0,0,211.85001,140.75,101.55,35.75,31.65,1,1,1,1,,,,6209150,9035167.9
1639021500,218.55,220.14999,213,214.10001,205.8602559368931,196.14789676716305,0,0,0,211.85001,140.75,101.55,35.75,31.65,1,1,1,1,,,,3721894,8835614.6
1639107900,213.89999,217.10001,210.39999,211.35001,206.9582067495145,197.52990706105732,0,0,0,211.85001,140.75,101.55,35.75,31.65,1,1,1,1,,,,2576918,8555092.6
1639367100,213.3,217.7,209.25,212.75,208.1165653996116,198.91355187368848,0,0,0,211.85001,140.75,101.55,35.75,31.65,1,1,1,1,,,,3944833,8428350.3
1639453500,210.89999,223.7,210.10001,218.35001,210.1632543196893,200.68050261244406,0,0,0,226.8,140.75,101.55,35.75,31.65,1,1,1,1,,,,7870645,8357148.05
1639539900,219.45,220.39999,211.64999,213.10001,210.75060545575144,201.8095487385855,0,0,0,226.8,140.75,101.55,35.75,31.65,1,1,1,1,,,,3439821,7304464.55
1639626300,214.5,215.89999,205.10001,207.7,210.14048436460115,202.345044307805,0,0,0,226.8,140.75,101.55,35.75,31.65,1,1,1,1,,,,3717271,6194755.3
1639712700,206,207.89999,192.55,194.14999,206.9423854916809,201.60003937073182,0,0,0,226.8,140.75,101.55,35.75,31.65,1,1,1,1,,,,5669615,6087614.25
1639971900,190,192.35001,182.45,188.25,203.20390839334473,200.38639942793802,0,0,0,226.8,140.75,101.55,35.75,31.65,1,1,1,1,,,,5201171,5951485.05
1640058300,191,198.7,189.2,193.55,201.27312671467578,199.76490857085275,0,0,0,226.8,140.75,101.55,35.75,31.65,1,1,1,1,,,,3411927,5701605.5
1640144700,195.60001,202.39999,194.3,199.3,200.87850137174064,199.7226441553207,0,0,0,226.8,140.75,101.55,35.75,31.65,1,1,1,1,,,,2539340,5513108.75
1640231100,203.5,204.55,199,202.14999,201.1327990973925,199.94331195938244,0,0,0,226.8,140.75,101.55,35.75,31.65,1,1,1,1,,,,2055805,5412840.8
1640317500,203.39999,203.85001,195.5,196.8,200.266239277914,199.6575563267113,0,0,0,226.8,140.75,101.55,35.75,31.65,1,1,1,1,,,,1850588,5283337.45
1640576700,196.05,202.8,192.8,198.35001,199.8829934223312,199.53868847882845,0,0,0,226.8,140.75,101.55,35.75,31.65,1,1,1,1,,,,1784623,5085045.35
1640663100,199.8,203,197.05,197.95,199.49639473786496,199.3942622534804,0,0,0,226.8,140.75,101.55,35.75,31.65,1,1,1,1,,,,2408423,4840725.65
1640749500,198,217.7,197.95,217.7,203.13711579029197,201.05842023043672,0,0,0,226.8,140.75,101.55,35.75,31.65,1,1,1,1,,,,10494654,5179557.35
1640835900,224.89999,230.7,218.60001,221.05,206.71969263223357,202.8758365731243,0,0,0,226.8,140.75,101.55,35.75,31.65,1,1,1,1,,,,8184491,5261408
1640922300,221.89999,226.7,218.05,219.25,209.22575410578685,204.36439688465845,0,0,0,226.8,140.75,101.55,35.75,31.65,1,1,1,1,,,,3087680,4778986.45
1641181500,220.7,224.89999,219.35001,220.75,211.53060328462948,205.8539971678713,0,0,0,226.8,140.75,101.55,35.75,31.65,1,1,1,1,,,,2939106,4653032.65
1641267900,222.2,234.89999,219,230.8,215.3844826277036,208.12181560715575,0,0,0,226.8,140.75,101.55,35.75,31.65,1,1,1,1,,,,7348445,4422820
1641354300,231.7,234.8,225.64999,228.39999,217.98758410216288,209.96528600650524,0,0,0,226.8,140.75,101.55,35.75,31.65,1,1,1,1,,,,3303220,4277523.5
1641440700,224,251.2,223,249.25,224.24006728173032,213.53662364227748,0,0,0,226.8,140.75,101.55,35.75,31.65,1,1,1,1,,,,19320352,5057446.4
1641527100,251,271.35001,249.5,262.39999,231.87205182538426,217.97874785661588,0,0,0,226.8,140.75,101.55,35.75,31.65,1,1,1,1,,,,16168429,5737021.95
1641786300,264.95001,288.60001,261.25,288.60001,243.21764346030741,224.39886259692352,0,0,0,226.8,140.75,101.55,35.75,31.65,1,1,1,1,,,,15311728,6305366.7
1641872700,296.39999,302.89999,274.20001,274.85001,249.54411676824594,228.98533054265775,0,0,0,226.8,140.75,101.55,35.75,31.65,1,1,1,1,,,,19776318,6900650.35
1641959100,278.39999,284,266.14999,270.95001,253.82529541459675,232.80030140241612,0,0,0,226.8,140.75,101.55,35.75,31.65,1,1,1,1,,,,5946252,7025971.9
1642045500,274.45001,284.45001,268.5,282.75,259.6102363316774,237.34118309310557,0,0,0,226.8,140.75,101.55,35.75,31.65,1,1,1,1,,,,4238997,7052058.2
1642131900,286.5,296.85001,284.5,292.5,266.18818906534193,242.35562099373234,0,0,0,226.8,140.75,101.55,35.75,31.65,1,1,1,1,,,,7682642,7152709.55
1642391100,295.70001,297.39999,283.75,287.89999,270.53054925227354,246.49601817612032,0,0,0,226.8,140.75,101.55,35.75,31.65,1,1,1,1,,,,3863166,7085809.3
1642477500,288.89999,288.89999,276,278.39999,272.1044374018188,249.39637925101846,0,0,0,302.89999,140.75,101.55,35.75,31.65,1,1,1,1,,,,3660573,7098241.6
1642563900,278,288.39999,274.75,281.14999,273.91354792145506,252.2830711372895,0,0,0,302.89999,140.75,101.55,35.75,31.65,1,1,1,1,,,,3964397,7169494.45
1642650300,282,288.70001,280.54999,283.75,275.88083833716405,255.14370103389956,0,0,0,302.89999,140.75,101.55,35.75,31.65,1,1,1,1,,,,3019375,7217672.95
1642736700,281.89999,287.60001,274.64999,278.95001,276.49467266973124,257.3079109399087,0,0,0,302.89999,140.75,101.55,35.75,31.65,1,1,1,1,,,,4227192,7336503.15
1642995900,279,280.75,265.04999,265.04999,274.205736135785,258.0117363090079,0,0,0,302.89999,140.75,101.55,35.75,31.65,1,1,1,1,,,,3274567,7411000.35
1643082300,257,270,252.64999,266.54999,272.674586908628,258.7879411900072,0,0,0,302.89999,140.75,101.55,35.75,31.65,1,1,1,1,,,,4843696,7532764
1643255100,263.64999,279.85001,260,274.04999,272.9496675269024,260.1754001727338,0,0,0,302.89999,140.75,101.55,35.75,31.65,1,1,1,1,,,,6086800,7312371.3
1643341500,276.60001,286.89999,274.20001,276.25,273.6097340215219,261.636727429758,0,0,0,302.89999,140.75,101.55,35.75,31.65,1,1,1,1,,,,3819091,7094101.3
1643600700,279.89999,286.70001,276.5,283.75,275.6377872172175,263.6470249361437,0,0,0,302.89999,140.75,101.55,35.75,31.65,1,1,1,1,,,,3387755,7109105.05
1643687100,286.25,287,277.79999,281.89999,276.89022777377403,265.30638539649425,0,0,0,302.89999,140.75,101.55,35.75,31.65,1,1,1,1,,,,2294012,7076850.35
1643773500,281.89999,288.5,269.39999,272,275.9121822190192,265.9148958149948,0,0,0,302.89999,140.75,101.55,35.75,31.65,1,1,1,1,,,,5177888,6968322.5
1643859900,272.89999,275.45001,261.79999,262.64999,273.2597437752154,265.6180861954498,0,0,0,302.89999,140.75,101.55,35.75,31.65,1,1,1,1,,,,4501597,7028241.35
1643946300,264,271.5,262.10001,264.25,271.4577950201723,265.4937147231362,0,0,0,302.89999,140.75,101.55,35.75,31.65,1,1,1,1,,,,2690918,6196769.65
1644205500,266.29999,267.75,249.14999,251.25,267.4162360161378,264.19883156648746,0,0,0,302.89999,140.75,101.55,35.75,31.65,1,1,1,1,,,,4460803,5611388.35
1644291900,252.5,257.39999,245.5,247.10001,263.35299081291026,262.64439324226134,0,0,0,302.89999,140.75,101.55,35.75,31.65,1,1,1,1,,,,3850964,5038350.15
1644378300,249.39999,267.5,247.5,257.75,262.2323926503282,262.1994484020558,0,0,0,302.89999,140.75,101.55,35.75,31.65,1,1,1,1,,,,5301601,4314614.3
1644464700,259.45001,267.79999,254.05,263.54999,262.4959121202626,262.3222249109598,0,0,0,302.89999,140.75,101.55,35.75,31.65,1,1,1,1,,,,3500626,4192333
1644551100,259.60001,261.70001,253.2,253.89999,260.77672769621006,261.55656719178165,0,0,0,302.89999,140.75,101.55,35.75,31.65,1,1,1,1,,,,2150089,4087887.6
1644810300,244.39999,257.95001,240,242.85001,257.19138415696807,259.85597108343785,0,0,0,302.89999,140.75,101.55,35.75,31.65,1,1,1,1,,,,4058127,3906661.85
1644896700,246.89999,254.89999,240.2,252.55,256.2631073255745,259.1917918940344,0,0,0,302.89999,140.75,101.55,35.75,31.65,1,1,1,1,,,,3397011,3883354.1
1644983100,254.8,264,253.75,255.75,256.1604858604596,258.87890172184945,0,0,0,302.89999,140.75,101.55,35.75,31.65,1,1,1,1,,,,3090538,3854852.35
1645069500,259.70001,259.70001,251,252.35001,255.39839068836767,258.2853661107722,0,0,0,302.89999,140.75,101.55,35.75,31.65,1,1,1,1,,,,1492856,3731275.3
1645155900,251.7,257.75,251.5,254.25,255.16871255069412,257.91851464615655,0,0,0,302.89999,140.75,101.55,35.75,31.65,1,1,1,1,,,,1221447,3641378.9
1645415100,252,254.75,240.10001,243.25,252.7849700405553,256.5850133146878,0,0,0,302.89999,140.75,101.55,35.75,31.65,1,1,1,1,,,,2615641,3560801.35
1645501500,235,241.95,231,235.95,249.41797603244424,254.70910301335252,0,0,0,302.89999,140.75,101.55,35.75,31.65,1,1,1,1,,,,3459221,3570034.05
1645587900,238.45,245.95,238.3,238.95,247.3243808259554,253.27645728486593,0,0,0,302.89999,140.75,101.55,35.75,31.65,1,1,1,1,,,,1547211,3405209.8
1645674300,226,233.2,216.2,217.95,241.44950466076432,250.06496116805994,1,0,0,302.89999,140.75,101.55,35.75,31.65,1,2,1,1,1,,,4711052,3336422.4
1645760700,226.10001,239.7,226.10001,235.10001,240.17960572861145,248.70451106187267,0,0,0,302.89999,140.75,101.55,35.75,31.65,1,2,1,1,,,,3056296,3298282.65
1646019900,231.5,240.39999,226.10001,237.2,239.58368458288916,247.65864641988424,0,0,0,302.89999,140.75,101.55,35.75,31.65,1,2,1,1,,,,3083416,3283065.7
1646192700,231.3,243.75,231.3,239.2,239.50694766631133,246.88967856353113,0,0,0,302.89999,140.75,101.55,35.75,31.65,1,2,1,1,,,,2254235,3281076.85
1646279100,241.8,244.39999,237.5,238.85001,239.37556013304908,246.15879960321013,0,0,0,302.89999,140.75,101.55,35.75,31.65,1,2,1,1,,,,1834435,3113904.2
1646365500,235.8,240,230,231.10001,237.72045010643927,244.78981873019103,0,0,0,302.89999,140.75,101.55,35.75,31.65,1,2,1,1,,,,1849755,2981312.1
1646624700,220.14999,225.8,218.39999,220.3,234.23636008515143,242.56347157290094,0,0,0,302.89999,140.75,101.55,35.75,31.65,1,2,1,1,,,,2873949,2990463.65
1646711100,222,230.39999,216.60001,227.25,232.83908806812116,241.17133779354631,0,0,0,302.89999,140.75,101.55,35.75,31.65,1,2,1,1,,,,3053445,2920095.75
1646797500,229.25,243,227.05,240.45,234.36127045449692,241.10576163049666,0,0,0,302.89999,140.75,101.55,35.75,31.65,1,2,1,1,,,,4109133,2933004.2
1646883900,248.5,250.95,238.89999,240.45,235.57901636359753,241.04614693681515,0,0,0,302.89999,140.75,101.55,35.75,31.65,1,2,1,1,,,,3344449,2835146.6
1646970300,239.95,247,236.95,245.64999,237.59321109087801,241.4646781243774,0,0,0,302.89999,140.75,101.55,35.75,31.65,1,2,1,1,,,,2121247,2766177.65
1647229500,245.64999,247.45,238,239.3,237.9345688727024,241.26788920397945,0,0,0,302.89999,140.75,101.55,35.75,31.65,1,2,1,1,,,,2190097,2768178.05
1647315900,240.95,244.25,229.8,232.64999,236.87765309816194,240.4844438217995,0,0,0,302.89999,140.75,101.55,35.75,31.65,1,2,1,1,,,,2112243,2670883.85
1647402300,237.2,243.5,236.5,239.89999,237.48212047852957,240.43131165618135,0,0,0,302.89999,140.75,101.55,35.75,31.65,1,2,1,1,,,,1981400,2600103.3
1647488700,243.10001,255.39999,243.10001,249.60001,239.90569838282366,241.26482968743758,0,0,0,302.89999,140.75,101.55,35.75,31.65,1,2,1,1,,,,9836843,2937418.55
1647834300,254,260,246.55,256.14999,243.15455670625892,242.61802607948871,0,0,1,302.89999,140.75,101.55,35.75,31.65,1,1,1,1,,,1,3188620,3022206.75
1647920700,257.20001,262.89999,252.45,260.70001,246.66364736500714,244.2618427995352,0,0,0,302.89999,140.75,101.55,35.75,31.65,1,1,1,1,,,,2910343,3106651.55
1648007100,262.04999,268.45001,258,259.29999,249.1909158920057,245.62894709048655,0,0,0,302.89999,140.75,101.55,35.75,31.65,1,1,1,1,,,,3259447,3138841.85
1648093500,259,265,256.25,258.5,251.05273271360457,246.79904280953323,0,0,0,302.89999,140.75,101.55,35.75,31.65,1,1,1,1,,,,1425835,3037172.55
1648179900,260.39999,262.39999,251.60001,253.39999,251.52218417088366,247.39912891775748,0,0,0,302.89999,140.75,101.55,35.75,31.65,1,1,1,1,,,,1533840,3036504
1648439100,254.95,255.45,248,248.95,251.00774733670693,247.54011719796134,0,0,0,302.89999,140.75,101.55,35.75,31.65,1,1,1,1,,,,1918734,2896888.1
1648525500,251.7,266.5,249.64999,264.20001,253.64619986936555,249.05465290723757,0,0,0,302.89999,140.75,101.55,35.75,31.65,1,1,1,1,,,,4308200,2959483.3
1648611900,268,277.95001,265.10001,272.29999,257.3769578954924,251.16786537021596,0,0,0,302.89999,140.75,101.55,35.75,31.65,1,1,1,1,,,,5451451,3077885.05
1648698300,274,278,270.25,271.85001,260.27156831639394,253.04806033655996,0,0,0,302.89999,140.75,101.55,35.75,31.65,1,1,1,1,,,,2734601,3101903.35
1648784700,271,284,269.25,279.60001,264.1372566531152,255.46187394232723,0,0,0,302.89999,140.75,101.55,35.75,31.65,1,1,1,1,,,,4068357,3213599.45
1649043900,281.20001,283.89999,275,278.29999,266.9698033224921,257.5380663112066,0,0,0,302.89999,140.75,101.55,35.75,31.65,1,1,1,1,,,,3028293,3272526.35
1649130300,279.04999,286.79999,277.29999,278.75,269.3258426579937,259.4664239192787,0,0,0,302.89999,140.75,101.55,35.75,31.65,1,1,1,1,,,,3634196,3310538.7
1649216700,281.5,285.79999,279.20001,280.29999,271.52067212639497,261.3603844720716,0,0,0,302.89999,140.75,101.55,35.75,31.65,1,1,1,1,,,,3332262,3324479.55
1649303100,282.79999,318.5,282.79999,307.04999,278.626535701116,265.51398497461054,0,0,0,302.89999,140.75,101.55,35.75,31.65,1,1,1,1,,,,26708409,4454443.35
1649389500,312.39999,318.79999,303.04999,304.35001,283.7712305608928,269.0445327041914,0,0,0,302.89999,140.75,101.55,35.75,31.65,1,1,1,1,,,,8297456,4702093.7
1649648700,305.95001,322.20001,305.10001,306.60001,288.33698644871424,272.4586670038104,0,0,0,302.89999,140.75,101.55,35.75,31.65,1,1,1,1,,,,9545872,5073324.95
1649735100,307,321.89999,298.29999,316.10001,293.88959115897137,276.4260618216458,0,0,0,302.89999,140.75,101.55,35.75,31.65,1,1,1,1,,,,10140611,5470850.65
1649821500,329,343.79999,323.25,331.45001,301.4016749271771,281.4282389287689,0,0,0,302.89999,140.75,101.55,35.75,31.65,1,1,1,1,,,,23815633,6556020.15
1650253500,328.79999,337.89999,323.10001,332.70001,307.6613419417417,286.08930902615356,0,0,0,302.89999,140.75,101.55,35.75,31.65,1,1,1,1,,,,7767499,6845325.1
1650339900,338.5,343.29999,308,321.14999,310.35907155339333,289.2766436601396,0,0,0,302.89999,140.75,101.55,35.75,31.65,1,1,1,1,,,,7570888,6732027.35
1650426300,322,328.70001,312.04999,319.5,312.1872572427147,292.0242215092178,0,0,0,302.89999,140.75,101.55,35.75,31.65,1,1,1,1,,,,5621164,6853654.55
1650512700,322.14999,330,322.10001,326.95001,315.13980779417176,295.199293190198,0,0,0,302.89999,140.75,101.55,35.75,31.65,1,1,1,1,,,,3840977,6900186.25
1650599100,324,335,323.54999,330.54999,318.2218442353374,298.41299290018,0,0,0,343.79999,216.2,140.75,101.55,35.75,1,1,1,1,,,,4834571,6978942.45
1650858300,324,329.45001,315.25,317.20001,318.0174773882699,300.12090354561815,0,0,0,343.79999,216.2,140.75,101.55,35.75,1,1,1,1,,,,4905958,7152948.6
1650944700,322,326.89999,318.04999,324.89999,319.39397991061594,302.3735477687438,0,0,0,343.79999,216.2,140.75,101.55,35.75,1,1,1,1,,,,3126031,7232558.15
1651031100,323.10001,325.89999,317.45001,322.29999,319.97518192849276,304.1850425170398,0,0,0,343.79999,216.2,140.75,101.55,35.75,1,1,1,1,,,,3135879,7293415.4
1651117500,324.29999,324.89999,311.85001,313.45001,318.6701475427942,305.027312288218,0,0,0,343.79999,216.2,140.75,101.55,35.75,1,1,1,1,,,,3071983,7231604.55
1651203900,315.75,319,305,306.45001,316.22612003423535,305.15664844383457,0,0,0,343.79999,216.2,140.75,101.55,35.75,1,1,1,1,,,,2523924,7085228.2
1651463100,302.5,306.70001,291.10001,293.04999,311.5908940273883,304.0560431307587,0,0,0,343.79999,216.2,140.75,101.55,35.75,1,1,1,1,,,,3509058,7123951.05
1651635900,295,296.60001,270,275.5,304.37271522191065,301.46003920978063,0,0,0,343.79999,216.2,140.75,101.55,35.75,1,1,1,1,,,,5457874,7193426.9
1651722300,282,289.70001,271.04999,273.54999,298.20817017752853,298.9227620088915,0,0,0,343.79999,216.2,140.75,101.55,35.75,1,1,1,1,,,,4460622,7265043.35
1651808700,264,270.79999,261.64999,265,291.5665361420228,295.8388745535377,0,0,0,343.79999,216.2,140.75,101.55,35.75,1,1,1,1,,,,4229506,7294808.85
1652067900,263.79999,267.64999,251.35001,253.14999,283.8832269136183,291.95806686685245,0,0,0,343.79999,216.2,140.75,101.55,35.75,4,1,1,1,,,,4315418,7343966.65
1652154300,254.3,261.35001,236.05,239.25,274.9565815308946,287.16642442441133,0,0,0,343.79999,216.2,140.75,101.55,35.75,4,1,1,1,,,,4446998,6230896.1
1652240700,242.39999,246,220.64999,230.2,266.0052652247157,281.9876585676467,0,0,0,343.79999,216.2,140.75,101.55,35.75,4,1,1,1,,,,7073844,6169715.5
1652327100,226,229.7,212.25,216.5,256.10421217977256,276.034235061497,1,0,0,343.79999,216.2,140.75,101.55,35.75,4,1,1,2,1,,,8198381,6102340.95
1652413500,227.05,259.79999,227,248.05,254.49336974381805,273.49021369227,0,0,0,343.79999,216.2,140.75,101.55,35.75,4,1,1,2,,,,20530928,6621856.8
1652672700,250.89999,253,236.75,243.45,252.28469579505443,270.75928517479093,0,0,0,343.79999,216.2,140.75,101.55,35.75,4,1,1,2,,,,6762770,5769213.65
1652759100,247.10001,258,241.60001,255.10001,252.84775863604355,269.3357147043554,0,0,0,343.79999,216.2,140.75,101.55,35.75,4,1,1,2,,,,6172549,5689466.15
1652845500,257.79999,262.70001,250.55,253.60001,252.99820890883484,267.90519609486853,0,0,0,343.79999,216.2,140.75,101.55,35.75,4,1,1,2,,,,5004879,5561165.7
1652931900,243.89999,247.3,236.8,238.89999,250.17856512706788,265.26835917715323,0,0,0,343.79999,216.2,140.75,101.55,35.75,4,1,1,2,,,,3673019,5463758.45
1653018300,245,251.10001,240.8,243.7,248.8828521016543,263.30759925195747,0,0,0,343.79999,216.2,140.75,101.55,35.75,4,1,1,2,,,,4049112,5474165.2
1653277500,244.89999,246.7,236,237.55,246.61628168132344,260.9659993199613,0,0,0,343.79999,216.2,140.75,101.55,35.75,4,1,1,2,,,,2980674,5381470.35
1653363900,237.89999,238.75,229.7,231.2,243.53302534505875,258.259999381783,0,0,0,343.79999,216.2,140.75,101.55,35.75,4,1,1,2,,,,2405321,5256438.5
1653450300,232.5,234.95,218.60001,220.35001,238.896422276047,254.81363671071185,0,0,0,343.79999,216.2,140.75,101.55,35.75,4,1,1,2,,,,3030101,5251642
1653536700,222.7,235.39999,216.45,233.39999,237.79713582083758,252.8669415551926,0,0,0,343.79999,216.2,140.75,101.55,35.75,4,1,1,2,,,,5081907,5348943.4
1653623100,236,247,231.60001,244.89999,239.21770665667006,252.14267323199326,0,0,0,343.79999,216.2,140.75,101.55,35.75,4,1,1,2,,,,4728312,5431759.85
1653882300,248.5,254.85001,246.3,252.25,241.82416532533605,252.15243021090296,0,0,0,343.79999,216.2,140.75,101.55,35.75,4,1,1,2,,,,4063299,5508728.6
1653968700,245.89999,262,245.60001,259.45001,245.34933426026885,252.81584655536633,0,0,0,343.79999,216.2,140.75,101.55,35.75,4,1,1,2,,,,8257749,5746163.15
1654055100,261.45001,267,254.64999,258.95001,248.06946940821507,253.37349777760576,0,0,0,343.79999,216.2,140.75,101.55,35.75,4,1,1,2,,,,4175621,5682050.5
1654141500,258,263.64999,256.25,260.79999,250.61557352657206,254.04863343418705,0,0,0,343.79999,216.2,140.75,101.55,35.75,4,1,1,2,,,,2576938,5587866.3
1654227900,264.39999,268.89999,255.5,258.64999,252.22245682125765,254.4669385765337,0,0,0,343.79999,216.2,140.75,101.55,35.75,4,1,1,2,,,,3317334,5542257.7
1654487100,261.29999,264.64999,255.05,259.35001,253.64796745700613,254.91085416048517,0,0,0,343.79999,216.2,140.75,101.55,35.75,4,1,1,2,,,,3287200,5490846.8
1654573500,257.39999,260.70001,249.10001,251.45,253.2083739656049,254.59623105498653,0,0,0,343.79999,216.2,140.75,101.55,35.75,4,1,1,2,,,,2331486,5385071.2
1654659900,252.75,256.89999,243.89999,245.75,251.7166991724839,253.79202823180594,0,0,0,343.79999,216.2,140.75,101.55,35.75,4,1,1,2,,,,2985796,5180668.8
1654746300,244.7,257.5,241.64999,255.8,252.53335933798712,253.9745711198236,0,0,0,343.79999,216.2,140.75,101.55,35.75,4,1,1,2,,,,3335268,4937513.15
1654832700,251,254.5,248.55,250.60001,252.1466894703897,253.66779283620326,0,0,0,343.79999,216.2,140.75,101.55,35.75,4,1,1,2,,,,2103194,4016126.45
1655091900,243.10001,245.2,232.5,233.25,248.36735157631176,251.81162985109387,0,0,0,343.79999,216.2,140.75,101.55,35.75,4,1,1,2,,,,2673439,3811659.9
1655178300,231.89999,241.39999,231,238.3,246.35388126104942,250.5832998646308,0,0,0,343.79999,216.2,140.75,101.55,35.75,4,1,1,2,,,,2651058,3635585.35
1655264700,240.75,243.55,237.25,238.45,244.77310500883954,249.4802726042098,0,0,0,343.79999,216.2,140.75,101.55,35.75,4,1,1,2,,,,1551555,3462919.15
1655351100,243.8,245.7,224.14999,227.10001,241.23848600707163,247.44570327655435,0,0,0,343.79999,216.2,140.75,101.55,35.75,4,1,1,2,,,,3171400,3437838.2
1655437500,227.39999,234.95,224.5,227.14999,238.42078680565731,245.60063843323124,0,0,0,343.79999,216.2,140.75,101.55,35.75,4,1,1,2,,,,3514797,3411122.45
1655696700,228,229.75,209.14999,216.45,234.02662944452584,242.9505803938466,0,0,0,343.79999,216.2,140.75,101.55,35.75,4,1,1,2,,,,4203339,3472255.7
1655783100,219,226,219,225.2,232.26130355562066,241.33689126713327,0,0,0,343.79999,216.2,140.75,101.55,35.75,4,1,1,2,,,,2793965,3491687.9
1655869500,222.89999,229.60001,218.75,226.35001,231.07904484449654,239.9744475155757,0,0,0,343.79999,216.2,140.75,101.55,35.75,4,1,1,2,,,,3301369,3505251.3
1655955900,225.5,230.3,221.89999,226.75,230.21323587559723,238.77222501415972,0,0,0,343.79999,216.2,140.75,101.55,35.75,4,1,1,2,,,,2321380,3367224.95
1656042300,228.89999,238,228.89999,236.7,231.5105887004778,238.58384092196337,0,0,0,343.79999,216.2,140.75,101.55,35.75,4,1,1,2,,,,3156961,3288657.4
1656301500,240,244.3,237.85001,240.35001,233.27847296038223,238.74440174723944,0,0,0,343.79999,216.2,140.75,101.55,35.75,4,1,1,2,,,,2450627,3208023.8
1656387900,239.5,242.2,236.25,239,234.42277836830579,238.76763795203584,0,0,0,343.79999,216.2,140.75,101.55,35.75,4,1,1,2,,,,1544925,2872382.6
1656474300,235.5,237.5,228.55,230.25,233.58822269464463,237.9933072291235,0,0,0,343.79999,216.2,140.75,101.55,35.75,4,1,1,2,,,,2010780,2764140.55
1656560700,231,232.45,225.10001,227.7,232.4105781557157,237.05755202647592,0,0,0,343.79999,216.2,140.75,101.55,35.75,4,1,1,2,,,,1727704,2721678.85
1656647100,227.5,232,224.10001,231.10001,232.14846452457257,236.5159572967963,0,0,0,343.79999,216.2,140.75,101.55,35.75,4,1,1,2,,,,2033688,2657496.55
1656906300,230.89999,237.39999,228.25,229.60001,231.63877361965805,235.88723481526935,0,0,0,343.79999,216.2,140.75,101.55,35.75,4,1,1,2,,,,2692138,2627743.45
1656992700,231,238.25,227.05,227.89999,230.89101689572644,235.16112165024487,0,0,0,343.79999,216.2,140.75,101.55,35.75,4,1,1,2,,,,3459844,2684161.35
1657079100,229,232.2,227.10001,230.2,230.75281351658114,234.7101105911317,0,0,0,343.79999,216.2,140.75,101.55,35.75,4,1,1,2,,,,2281694,2648956.25
1657165500,232.5,251,232.5,248.60001,234.32225281326492,235.97282871921064,0,0,0,343.79999,216.2,140.75,101.55,35.75,4,1,1,2,,,,11517246,3058055.15
1657251900,251,257.29999,245.3,254.2,238.29780225061194,237.6298442901915,0,0,0,343.79999,216.2,140.75,101.55,35.75,4,1,1,2,,,,7428934,3324342.15
1657511100,252.75,257.89999,250.5,255.2,241.67824180048956,239.22713117290135,0,0,0,343.79999,216.2,140.75,101.55,35.75,4,1,1,2,,,,3284533,3354896.85
1657597500,253.55,256.89999,248.5,250.2,243.38259344039164,240.2246647026376,0,0,0,343.79999,216.2,140.75,101.55,35.75,4,1,1,2,,,,3236901,3384189
1657683900,251.89999,253.35001,243.10001,243.8,243.46607475231332,240.549695184216,0,0,0,343.79999,216.2,140.75,101.55,35.75,4,1,1,2,,,,2712780,3442250.25
1657770300,244.39999,245.89999,235.14999,240.75,242.92285980185065,240.56790471292365,0,0,0,343.79999,216.2,140.75,101.55,35.75,4,1,1,2,,,,2284327,3397896.6
1657856700,241.7,249.89999,238.14999,248.55,244.04828784148052,241.2935497390215,0,0,0,343.79999,216.2,140.75,101.55,35.75,4,1,1,2,,,,2716570,3357985.25
1658115900,250.89999,268.70001,248.60001,266.29999,248.4986282731844,243.56686249001953,0,0,0,343.79999,216.2,140.75,101.55,35.75,4,1,1,2,,,,7957902,3545713.4
1658202300,265,277.29999,263.79999,275.5,253.89890261854754,246.46987499092685,0,0,1,343.79999,216.2,140.75,101.55,35.75,4,1,1,1,,,1,7887063,3800368.3
1658288700,279,280.20001,265.14999,266.95001,256.50912409483806,248.33170544629715,0,0,0,343.79999,216.2,140.75,101.55,35.75,4,1,1,1,,,,5089877,3889793.7
1658375100,267.5,272.39999,264.10001,269.54999,259.11729727587044,250.26064040572467,0,0,0,343.79999,216.2,140.75,101.55,35.75,4,1,1,1,,,,3028622,3925155.8
1658461500,270,272.70001,266.29999,269.85001,261.2638398206964,252.04149218702244,0,0,0,343.79999,216.2,140.75,101.55,35.75,4,1,1,1,,,,2259806,3880298.05
1658720700,268.70001,269.70001,261.60001,263.04999,261.6210698565571,253.04226471547494,0,0,0,343.79999,216.2,140.75,101.55,35.75,4,1,1,1,,,,2028612,3859197.3
1658807100,263.70001,267.79999,260.64999,263.04999,261.90685388524565,253.95205792315903,0,0,0,343.79999,216.2,140.75,101.55,35.75,4,1,1,1,,,,2172469,3890574.5
1658893500,263.89999,274.5,261.79999,271.64999,263.8554811081965,255.5609608392355,0,0,0,343.79999,216.2,140.75,101.55,35.75,4,1,1,1,,,,3844789,3982274.95
1658979900,277.5,279.70001,266.20001,268.54999,264.7943828865572,256.7417816720323,0,0,0,343.79999,216.2,140.75,101.55,35.75,4,1,1,1,,,,4883966,4140088.05
1659066300,271.5,272.60001,265.10001,266.79999,265.19550430924573,257.65616424730206,0,0,0,343.79999,216.2,140.75,101.55,35.75,4,1,1,1,,,,2051028,4140955.05
1659325500,268,286.75,266.79999,284.60001,269.0764054473966,260.1056047702746,0,0,0,343.79999,216.2,140.75,101.55,35.75,4,1,1,1,,,,7419615,4377328.9
1659411900,284.60001,290,282.25,285.60001,272.3811263579173,262.4232779729769,0,0,0,343.79999,216.2,140.75,101.55,35.75,4,1,1,1,,,,5485805,4478626.95
1659498300,285,285.70001,275.04999,279.20001,273.74490308633386,263.948435429979,0,0,0,343.79999,216.2,140.75,101.55,35.75,4,1,1,1,,,,3202109,4524647.7
1659584700,280.39999,282.70001,263.29999,276.45001,274.2859244690671,265.0849422090718,0,0,0,343.79999,216.2,140.75,101.55,35.75,4,1,1,1,,,,3727739,4135172.35
1659671100,276.89999,278.70001,270.64999,271.89999,273.80873757525364,265.7044920082471,0,0,0,343.79999,216.2,140.75,101.55,35.75,4,1,1,1,,,,2224509,3874951.1
1659930300,272.5,275.89999,267.14999,272.20001,273.4869920602029,266.294993643861,0,0,0,343.79999,216.2,140.75,101.55,35.75,4,1,1,1,,,,1902796,3805864.25
1660103100,272.35001,276.89999,270,272.20001,273.22959564816233,266.8318133126009,0,0,0,290,212.25,,,,1,1,1,1,,,,1771215,3732579.95
1660189500,274.79999,287.70001,274.64999,281.95001,274.9736785185299,268.2061948296372,0,0,0,290,212.25,,,,1,1,1,1,,,,5367402,3865311.05
1660275900,281.5,296.10001,280.35001,292.29999,278.4389408148239,270.3965398451247,0,0,0,290,212.25,,,,1,1,1,1,,,,7541806,4128185
1660621500,294.39999,297.29999,287.04999,288.64999,280.48115065185914,272.0559444046588,0,0,0,290,212.25,,,,1,1,1,1,,,,3256758,4155194.4
1660707900,290,297.95001,287.35001,289.64999,282.3149185214873,273.6554030951444,0,0,0,290,212.25,,,,1,1,1,1,,,,4018188,3958208.7
1660794300,290,292.95001,285.04999,288.89999,283.63193281718986,275.0412746319494,0,0,0,290,212.25,,,,1,1,1,1,,,,1899766,3658843.85
1660880700,289.60001,295.75,283.29999,284.25,283.7555462537519,275.87843148359036,0,0,0,290,212.25,,,,1,1,1,1,,,,3687686,3588734.3
1661139900,281.20001,282,273,274,281.8044370030015,275.70766498508215,0,0,0,290,212.25,,,,1,1,1,1,,,,2601298,3567368.1
1661226300,272,281.29999,270.60001,279.29999,281.3035476024012,276.0342399864383,0,0,0,290,212.25,,,,1,1,1,1,,,,1899460,3549350.8
1661312700,280.64999,295,280,291,283.2428380819209,277.39476362403485,0,0,0,297.95001,212.25,,,,1,1,1,1,,,,6579474,3776893.9
1661399100,292.25,294.70001,286.14999,287.25,284.0442704655367,278.29069420366807,0,0,0,297.95001,212.25,,,,1,1,1,1,,,,2503051,3793423
1661485500,289.89999,308.39999,288.54999,303.75,287.98541637242937,280.60517654878913,0,0,0,297.95001,212.25,,,,1,1,1,1,,,,13345924,4268479.75
1661744700,292.64999,312,291.14999,306.25,291.6383330979435,282.93652413526286,0,0,0,297.95001,212.25,,,,1,1,1,1,,,,10427999,4545681.4
1661831100,309,314.25,305.39999,306.85001,294.6806684783548,285.1104773956935,0,0,0,297.95001,212.25,,,,1,1,1,1,,,,4638019,4675030.95
1662003900,304.39999,312.70001,302.45001,305.79999,296.9045327826838,286.9913421779032,0,0,0,297.95001,212.25,,,,1,1,1,1,,,,4164056,4512253
1662090300,308.75,312.70001,303,305.35001,298.5936282261471,288.660311979912,0,0,0,297.95001,212.25,,,,1,1,1,1,,,,3149175,4395421.5
1662349500,306.64999,311.70001,302.25,303.60001,299.59490458091767,290.0184663453746,0,0,0,297.95001,212.25,,,,1,1,1,1,,,,3395666,4405099.35
1662435900,305.14999,307.70001,297.5,299.5,299.57592366473415,290.8804239503405,0,0,0,297.95001,212.25,,,,1,1,1,1,,,,2687613,4353093.05
1662522300,298.89999,307.39999,296.14999,299.64999,299.5907369317873,291.6776572275823,0,0,0,314.25,212.25,,,,1,1,1,1,,,,3279642,4405849.7
1662608700,303.04999,307,300.04999,303.10001,300.29259154542984,292.7160529341657,0,0,0,314.25,212.25,,,,1,1,1,1,,,,2787574,4450088.6
1662695100,305,313.70001,303,305.25,301.2840732363439,293.85550266742337,0,0,0,314.25,212.25,,,,1,1,1,1,,,,5010337,4612044.7
1662954300,306.79999,310.39999,301.85001,303.25,301.6772585890751,294.7095478794758,0,0,0,314.25,212.25,,,,1,1,1,1,,,,2833066,4485327.9
1663040700,304.85001,307.75,300.20001,301.5,301.6418068712601,295.32686170861433,0,0,0,314.25,212.25,,,,1,1,1,1,,,,2260029,4221239.05
1663127100,296,304,295.5,296.54999,300.62344349700805,295.4380551896494,0,0,0,314.25,212.25,,,,1,1,1,1,,,,3764325,4246617.4
1663213500,299.20001,316.60001,299.10001,314.79999,303.45875279760645,297.19823108149944,0,0,0,314.25,212.25,,,,1,1,1,1,,,,10948097,4593112.85
1663299900,315.79999,329.79999,310,313.60001,305.48700423808515,298.6893018922722,0,0,0,314.25,212.25,,,,1,1,1,1,,,,16669714,5331610.25
1663559100,315,329.95001,314.20001,325.89999,309.5696013904681,301.16300081115656,0,0,0,314.25,212.25,,,,1,1,1,1,,,,11402727,5717362.3
1663645500,328,333.70001,321.29999,323.04999,312.26567911237447,303.1527271010514,0,0,0,314.25,212.25,,,,1,1,1,1,,,,5862084,5880401.6
1663731900,325.20001,326.95001,316.04999,319.45001,313.7025452898996,304.6342982736831,0,0,0,314.25,212.25,,,,1,1,1,1,,,,4157691,5993313.15
1663818300,319.45001,323.5,312.20001,317.64999,314.49203423191966,305.8175429760756,0,0,0,314.25,212.25,,,,1,1,1,1,,,,3905305,5859604.7
1663904700,319.29999,319.29999,302.25,306.35001,312.8636293855357,305.8659490691596,0,0,0,314.25,212.25,,,,1,1,1,1,,,,5200758,5994490.05
1664163900,301.79999,301.79999,283.54999,285.20001,307.3309055084286,303.98722733559964,0,0,0,314.25,212.25,,,,1,1,1,1,,,,5452600,5599823.85
1664250300,286.39999,296.39999,281.04999,290.54999,303.9747224067429,302.7656603050906,0,0,0,333.70001,212.25,,,,1,1,1,1,,,,4688786,5312863.2
1664336700,288,295.39999,284.25,289.60001,301.09977992539433,301.5687830046278,0,0,0,333.70001,212.25,,,,1,1,1,1,,,,2936049,5227764.7
1664423100,294,299,286.5,292.85001,299.44982594031546,300.77616727693436,0,0,0,333.70001,212.25,,,,1,1,1,1,,,,4115412,5225332.5
1664509500,293.14999,307.70001,292.29999,305.79999,300.7198587522524,301.2328784335767,0,0,0,333.70001,212.25,,,,1,1,1,1,,,,4676916,5301719.55
1664768700,308.54999,317,302.14999,306.54999,301.8858850018019,301.71625221234245,0,0,0,333.70001,212.25,,,,1,1,1,1,,,,5397541,5401813.3
1664855100,314,318.29999,308.60001,315.85001,304.6787100014415,303.0011392839477,0,0,0,333.70001,212.25,,,,1,1,1,1,,,,4076606,5471262.95
1665027900,324,329,320.95001,322.04999,308.15296600115323,304.73285298540696,0,0,0,333.70001,212.25,,,,1,1,1,1,,,,6174863,5616024
1665114300,323.89999,332,321.39999,330.10001,312.5423748009226,307.0389581685518,0,0,0,333.70001,212.25,,,,1,1,1,1,,,,5379515,5745621.05
1665373500,326.60001,329.45001,322.45001,325.70001,315.17390184073804,308.7354174259562,0,0,0,333.70001,212.25,,,,1,1,1,1,,,,3823201,5686264.25
1665459900,326.95001,338,325,326.45001,317.42912347259045,310.34583493268747,0,0,0,333.70001,212.25,,,,1,1,1,1,,,,9309363,6010079.1
1665546300,329.79999,331.29999,321.10001,329.29999,319.80329677807237,312.0689399388068,0,0,0,333.70001,212.25,,,,1,1,1,1,,,,4223879,6108271.6
1665632700,329.29999,330.79999,317.85001,321.60001,320.1626394224579,312.93540085346075,0,0,0,333.70001,212.25,,,,1,1,1,1,,,,2981139,6069112.3
1665719100,328,329,318.5,323,320.7301115379663,313.85036441223707,0,0,0,333.70001,212.25,,,,1,1,1,1,,,,3131668,5678290.85
1665978300,323.5,327.25,321.5,324.70001,321.5240912303731,314.83669582930645,0,0,0,333.70001,212.25,,,,1,1,1,1,,,,2348001,4962205.2
1666064700,328,334.70001,325.54999,327.70001,322.7592749842985,316.0060880266422,0,0,0,338,212.25,,,,1,1,1,1,,,,3547469,4569442.3
1666151100,329.54999,337.70001,327.70001,334.25,325.0574199874388,317.66462547876563,0,0,0,338,212.25,,,,1,1,1,1,,,,7133098,4632993
1666237500,332.20001,336.70001,329.14999,331,326.245935989951,318.8769322534233,0,0,0,338,212.25,,,,1,1,1,1,,,,3247865,4587501.7
1666323900,332.79999,333.45001,313,315.79999,324.1567467919608,318.59721023038486,0,0,0,338,212.25,,,,1,1,1,1,,,,6223525,4703412.7
1666615500,320.39999,322.5,316.35001,319,323.12539743356865,318.63382748216804,0,0,0,338,212.25,,,,1,1,1,1,,,,1335768,4510163.2
1666669500,318.10001,319.79999,307,313.29999,321.1603159468549,318.14893316560733,0,0,0,338,212.25,,,,1,1,1,1,,,,3254362,4400251.3
1666842300,315.10001,319,308.70001,309.89999,318.9082507574839,317.3990292414612,0,0,0,338,212.25,,,,1,1,1,1,,,,2727620,4302193
1666928700,311.45001,314.70001,306.35001,309.89999,317.10659860598713,316.7172984013284,0,0,0,338,212.25,,,,1,1,1,1,,,,1951538,4252967.45
1667187900,311.45001,317.89999,311.14999,314.39999,316.5652768847897,316.5066340012076,0,0,0,338,212.25,,,,1,1,1,1,,,,2109639,4152678.8
1667274300,316,318,313.10001,316.5,316.55222150783175,316.5060309101887,0,0,0,338,212.25,,,,1,1,1,1,,,,1788338,4008249.9
1667360700,317.64999,317.89999,311.45001,312.85001,315.8117792062654,316.1736653728988,0,0,0,338,212.25,,,,1,1,1,1,,,,1940871,3835416.4
1667447100,311,313.70001,305.39999,306.70001,313.9894253650123,315.31242397536255,0,0,0,338,212.25,,,,1,1,1,1,,,,2486751,3755923.65
1667533500,308,316.70001,305.35001,314.10001,314.01154229200984,315.2022045230569,0,0,0,338,212.25,,,,1,1,1,1,,,,2777952,3586078.1
1667792700,316.95001,316.95001,310.04999,310.95001,313.39923583360786,314.81564138459714,0,0,0,338,212.25,,,,1,1,1,1,,,,1694081,3401806.4
1667965500,312.39999,325.79999,309.54999,319.35001,314.5893906668863,315.2278567132701,0,0,0,338,212.25,,,,1,1,1,1,,,,5424064,3481849.55
1668051900,317.79999,322.45001,310.10001,315,314.67151253350903,315.2071424666092,0,0,0,338,212.25,,,,1,1,1,1,,,,2488960,3140829.4
1668138300,318.75,321.75,313.5,314.25,314.5872100268072,315.1201295150993,0,0,0,338,212.25,,,,1,1,1,1,,,,3010732,3080172.05
1668397500,315.5,315.5,309.35001,311.35001,313.9397700214458,314.77739137736296,0,0,0,338,212.25,,,,1,1,1,1,,,,1406468,3001438.5
1668483900,311.79999,314.85001,310.14999,311.95001,313.54181801715663,314.5203567066936,0,0,0,338,212.25,,,,1,1,1,1,,,,1186595,2904184.85
1668570300,312.35001,316.89999,304.10001,306.79999,312.1934524137253,313.81850518790327,0,0,0,338,212.25,,,,1,1,1,1,,,,2545805,2914075.05
1668656700,304.85001,315,304,312.70001,312.29476393098025,313.71682380718477,0,0,0,338,212.25,,,,1,1,1,1,,,,2412538,2857328.5
1668743100,312.20001,313.29999,307.60001,308.35001,311.5058131447842,313.22893164289525,0,0,0,338,212.25,,,,1,1,1,1,,,,1485723,2574959.75
1669002300,307.5,308.85001,304.5,305.85001,310.3746525158274,312.55812058445025,0,0,0,338,212.25,,,,1,1,1,1,,,,1141207,2469626.85
1669088700,306.85001,313.5,305,312.20001,310.7397240126619,312.525565076773,0,0,0,338,212.25,,,,1,1,1,1,,,,1887619,2252831.55
1669175100,313.45001,321.5,310.14999,311.39999,310.8717772101295,312.4232400697936,0,0,0,338,212.25,,,,1,1,1,1,,,,4918983,2431992.3
1669261500,313,314.70001,307.5,309.35001,310.5674237681036,312.1438555179942,0,0,0,338,212.25,,,,1,1,1,1,,,,1917075,2365127.95
1669347900,310.29999,314.64999,309.5,311.89999,310.8339370144829,312.1216859254493,0,0,0,338,212.25,,,,1,1,1,1,,,,1554872,2306490.55
1669607100,310.39999,319.54999,310.39999,314.95001,311.6571516115863,312.378806295863,0,0,0,338,212.25,,,,1,1,1,1,,,,2600373,2338932.3
1669693500,316.5,319.45001,312.10001,313.29999,311.985719289269,312.46255026896637,0,0,0,338,212.25,,,,1,1,1,1,,,,1950340,2330967.35
1669779900,314.10001,314.95001,310.14999,311.04999,311.7985734314152,312.3341356990603,0,0,0,338,212.25,,,,1,1,1,1,,,,1649345,2324017.7
1669866300,312.20001,314.5,306.10001,307.45001,310.92886074513217,311.890124271873,0,0,0,338,212.25,,,,1,1,1,1,,,,2099807,2331964.5
1669952700,308,310,305.45001,307.85001,310.3130905961057,311.52284115624815,0,0,0,338,212.25,,,,1,1,1,1,,,,2104157,2312834.8
1670211900,308.39999,309.5,305.20001,305.70001,309.3904744768846,310.9934928693165,0,0,0,338,212.25,,,,1,1,1,1,,,,1548279,2251351.15
1670298300,305.64999,308.39999,297.45001,298.64999,307.2423775815077,309.8713562448332,0,0,0,338,212.25,,,,1,1,1,1,,,,2648622,2299078.2
1670384700,299.85001,302.89999,291.85001,293.70001,304.5339040652062,308.40123385893924,0,0,0,338,212.25,,,,1,1,1,1,,,,2619569,2158853.45
1670471100,295.20001,302.79999,293,294,302.42712325216496,307.09203078085386,0,0,0,338,212.25,,,,1,1,1,1,,,,4373159,2253063.4
1670557500,296.04999,308.95001,295.20001,299.54999,301.851696601732,306.40639070986714,0,0,0,338,212.25,,,,1,1,1,1,,,,11368519,2670952.75
1670816700,302.10001,308.89999,298.89999,307.29999,302.9413552813856,306.48762700897015,0,0,0,338,212.25,,,,1,1,1,1,,,,4430328,2822145.75
1670903100,308.85001,309.39999,301.04999,303.39999,303.0330822251085,306.2069327354274,0,0,0,338,212.25,,,,1,1,1,1,,,,2943396,2909985.8
1670989500,305,308.79999,300.5,302.04999,302.8364637800868,305.82902885038857,0,0,0,338,212.25,,,,1,1,1,1,,,,2930190,2929205.05
1671075900,305,306.95001,286.04999,288.70001,300.0091730240694,304.27184531853504,1,0,0,338,212.25,,,,2,1,1,1,1,,,8004357,3208796
1671162300,289,293.39999,284.54999,288.85001,297.77734041925555,302.86986028957733,0,0,0,338,212.25,,,,2,1,1,1,,,,3232910,3296155.35
1671421500,290,291.39999,286.10001,287.20001,295.66187433540443,301.4453284450703,0,0,0,338,212.25,,,,2,1,1,1,,,,1522627,3315226.35
1671507900,287.70001,293.54999,287,289.60001,294.44950146832355,300.3684813137003,0,0,0,338,212.25,,,,2,1,1,1,,,,1893234,3315507.1
1671594300,290.89999,291.89999,272.5,274.20001,290.39960317465886,297.9895293760912,0,0,0,338,212.25,,,,2,1,1,1,,,,2998639,3219489.9
1671680700,275,278.54999,263.70001,265.14999,285.3496805397271,295.00411670553746,0,0,0,338,212.25,,,,2,1,1,1,,,,3100308,3278651.55
1671767100,261.39999,263.70001,243,246.10001,277.49974643178166,290.5582888232159,0,1,0,338,212.25,,,,3,1,1,1,,1,,5031969,3452506.4
1672026300,248.85001,284.29999,248,280.45001,278.08979914542533,289.6393543847417,0,0,0,338,212.25,,,,3,1,1,1,,,,10980418,3871508.65
1672112700,282.04999,293.64999,278.20001,292.20001,280.91184131634026,289.87214125885606,0,0,0,338,212.25,,,,3,1,1,1,,,,5465123,4047247.8
1672199100,292.20001,304.79999,290.20001,302.39999,285.2094710530722,291.01103659896006,0,0,0,338,212.25,,,,3,1,1,1,,,,6475767,4288568.9
1672285500,302.39999,308.54999,300.10001,306.70001,289.50757884245775,292.4373069081455,0,0,0,338,212.25,,,,3,1,1,1,,,,5567821,4461969.6
1672371900,308.25,310.89999,305.25,308.29999,293.26606107396617,293.879369007405,0,0,0,338,212.25,,,,3,1,1,1,,,,4365232,4575023.35
1672631100,307,308.95001,300.75,303.45001,295.30285085917296,294.7494272794591,0,0,0,338,212.25,,,,3,1,1,1,,,,2980366,4646627.7
1672717500,304.29999,308,300,303.85001,297.01228268733837,295.5767529813265,0,0,0,338,212.25,,,,3,1,1,1,,,,2433588,4635876
1672803900,304.5,304.5,295.85001,298.35001,297.2798281498707,295.82886725575133,0,0,0,338,212.25,,,,3,1,1,1,,,,1879869,4598891
1672890300,300,302.25,291.20001,292.75,296.37386251989653,295.54897023250123,0,0,0,338,212.25,,,,3,1,1,1,,,,2263047,4493385.4
1672976700,293.79999,294.85001,285.20001,289.25,294.94909001591725,294.97633657500114,0,0,0,338,212.25,,,,3,1,1,1,,,,1668840,4008401.45
1673235900,291.39999,296.39999,289.5,292.39999,294.4392700127338,294.74212325000104,0,0,0,338,212.25,,,,3,1,1,1,,,,1170864,3845428.25
1673322300,293.20001,293.25,287.64999,290.5,293.65141601018706,294.3564756818191,0,0,0,338,212.25,,,,3,1,1,1,,,,1158010,3756158.95
1673408700,291.70001,296.29999,287.64999,295.14999,293.9511308081496,294.4286133471083,0,0,0,338,212.25,,,,3,1,1,1,,,,1447898,3682044.35
1673495100,296.14999,296.39999,287.79999,289.14999,292.9909026465197,293.94873849737115,0,0,0,338,212.25,,,,3,1,1,1,,,,1200091,3341831.05
1673581500,290,291.35001,286.64999,288.04999,292.00272011721574,293.4124886339738,0,0,0,338,212.25,,,,3,1,1,1,,,,1308342,3245602.65
1673840700,289,290.85001,287,287.70001,291.1421780937726,292.8931723945216,0,0,0,338,212.25,,,,3,1,1,1,,,,865068,3212724.7
1673927100,287.70001,297.25,285.10001,293.60001,291.6337444750181,292.95743035865604,0,0,0,338,212.25,,,,3,1,1,1,,,,2444910,3240308.5
1674013500,294,304.89999,292.10001,301.35001,293.57699758001445,293.7203921442328,0,0,0,338,212.25,,,,3,1,1,1,,,,4156141,3298183.6
1674099900,299,304.85001,296.70001,298.89999,294.64159606401154,294.19126467657526,0,0,0,338,212.25,,,,3,1,1,1,,,,2150841,3250710.25
1674186300,299.45001,299.89999,290,291.85001,294.08327885120923,293.97842334234116,0,0,0,338,212.25,,,,3,1,1,1,,,,1318495,3065036.55
1674445500,293.5,296,289.10001,290.79999,293.4266210809674,293.68947485667377,0,0,0,338,212.25,,,,3,1,1,1,,,,990141,2565522.7
1674531900,300,310.39999,299.60001,302.39999,295.2212948647739,294.48133986970345,0,0,0,338,212.25,,,,3,1,1,1,,,,11624892,2873511.15
1674618300,302.39999,303.04999,296,299,295.9770358918191,294.89212715427584,0,0,0,338,212.25,,,,3,1,1,1,,,,2707628,2685104.2
1674791100,300.25,300.75,281.70001,285.85001,293.9516307134553,294.0701165038871,0,0,0,338,212.25,,,,3,1,1,1,,,,2953916,2554408.95
1675050300,289,293.75,284.95001,289.20001,293.00130657076426,293.6273795489883,0,0,0,338,212.25,,,,3,1,1,1,,,,1826313,2427463
1675136700,289.25,300,287.14999,297.39999,293.8810432566114,293.9703441354439,0,0,0,338,212.25,,,,3,1,1,1,,,,1983318,2377610.6
1675223100,299.39999,303,282.10001,290.04999,293.1148326052891,293.613948304949,0,0,0,338,212.25,,,,3,1,1,1,,,,2752373,2393549.85
1675309500,287,293.89999,287,291.14999,292.7218640842313,293.3899520954082,0,0,0,338,212.25,,,,3,1,1,1,,,,1526504,2375881.6
1675395900,292.64999,293.10001,281.14999,290.64999,292.30748926738505,293.1408646321893,0,0,0,338,212.25,,,,3,1,1,1,,,,1936695,2359564
1675655100,290,293.45001,288.64999,292.04999,292.255989413908,293.04169421108116,0,0,0,338,212.25,,,,3,1,1,1,,,,847404,2318492.2
1675741500,292.25,304.20001,291.14999,300.60001,293.9247935311264,293.7288138282556,0,0,0,338,212.25,,,,3,1,1,1,,,,3130033,2416450.65
1675827900,301.35001,305.89999,298.95001,301.25,295.38983482490113,294.4125580256869,0,0,0,338,212.25,,,,3,1,1,1,,,,2368317,2476966
1675914300,301.25,305.64999,300.5,302.29999,296.7718658599209,295.129597296079,0,0,0,338,212.25,,,,3,1,1,1,,,,1660621,2487602.15
1676000700,301.5,303.54999,297.60001,300.85001,297.5874946879367,295.6496348146173,0,0,0,338,212.25,,,,3,1,1,1,,,,988416,2477018.4
1676259900,301,305,300.29999,302.14999,298.4999937503494,296.2405761951066,0,0,0,338,212.25,,,,3,1,1,1,,,,1866527,2504927.65
1676346300,302.39999,315,300.64999,312.70001,301.33999700027954,297.73688835918784,0,0,0,338,212.25,,,,3,1,1,1,,,,6448867,2784117.6
1676432700,313.5,317.89999,311.35001,315.10001,304.09199960022363,299.31535396289803,0,0,0,338,212.25,,,,3,1,1,1,,,,3057270,2814735.6
1676519100,316,322.89999,312.04999,321.25,307.5235996801789,301.30941269354366,0,0,0,338,212.25,,,,3,1,1,1,,,,4187131,2816285.1
1676605500,318.45001,323.29999,313.25,314.29999,308.8788777441431,302.4903742668579,0,0,0,338,212.25,,,,3,1,1,1,,,,1969883,2807237.2
1676864700,315.5,319.60001,310.5,312,309.50310219531445,303.3548856971435,0,0,0,338,212.25,,,,3,1,1,1,,,,1719493,2827287.1
1676951100,312.60001,317.89999,307.20001,308.45001,309.29248375625156,303.818078815585,0,0,0,338,212.25,,,,3,1,1,1,,,,1982167,2876888.4
1677037500,307.89999,310.79999,295.20001,297.10001,306.85398900500127,303.2073452868955,0,0,0,338,212.25,,,,3,1,1,1,,,,2196139,2405450.75
1677123900,298.60001,301.89999,294.14999,299.04999,305.293189204001,302.8294038971777,0,0,0,338,212.25,,,,3,1,1,1,,,,1744820,2357310.35
1677210300,300,303.20001,293.39999,294.70001,303.1745533632008,302.0903680883434,0,0,0,338,212.25,,,,3,1,1,1,,,,1388408,2279034.95
1677469500,295,295.10001,289.04999,291.70001,300.87964469056067,301.14579008031217,0,0,0,338,212.25,,,,3,1,1,1,,,,984103,2236924.45
1677555900,292.45001,293,286.54999,289.10001,298.52371775244853,300.0507191639202,0,0,0,338,212.25,,,,3,1,1,1,,,,1099938,2192755.45
1677642300,290.20001,294.85001,289.14999,292.10001,297.23897620195885,299.32792742174564,0,0,0,338,212.25,,,,3,1,1,1,,,,1519061,2131089.85
1677728700,292.70001,293.39999,287,288.75,295.5411809615671,298.3662976561324,0,0,0,338,212.25,,,,3,1,1,1,,,,852432,2097386.25
1677815100,290.29999,296.45001,290.29999,291.60001,294.75294676925364,297.751180596484,0,0,0,338,212.25,,,,3,1,1,1,,,,1547318,2077917.4
1678074300,293,298.70001,292.64999,297.29999,295.2623554154029,297.71016326953094,0,0,0,338,212.25,,,,3,1,1,1,,,,1714827,2121288.55
1678247100,293.95001,296.20001,293,294.64999,295.1398823323223,297.4319656995736,0,0,0,338,212.25,,,,3,1,1,1,,,,902987,2009936.25
1678333500,295.79999,299.95001,294.04999,298.25,295.76190586585784,297.5063324541578,0,0,0,338,212.25,,,,3,1,1,1,,,,1631183,1973079.55
1678419900,298.25,302.79999,294,295.35001,295.6795266926863,297.31030314014345,0,0,0,338,212.25,,,,3,1,1,1,,,,1866176,1983357.3
1678679100,296.04999,296.29999,284.89999,285.85001,293.71362335414904,296.26845830922133,0,0,0,338,212.25,,,,3,1,1,1,,,,1426946,2005283.8
1678765500,287.29999,289.04999,281.25,282.70001,291.5109006833192,295.03496300838304,0,0,0,338,212.25,,,,3,1,1,1,,,,1087252,1966320.05
1678851900,285.70001,287.60001,277.20001,279.64999,289.13871854665535,293.63632909853004,0,0,0,338,212.25,,,,3,1,1,1,,,,894977,1688625.55
1678938300,279.20001,283.60001,275,281.29999,287.5709728373243,292.5148437259364,0,0,0,338,212.25,,,,3,1,1,1,,,,1294698,1600496.95
1679024700,283.10001,288.54999,283.10001,287.39999,287.53677626985944,292.0498570235785,0,0,0,338,212.25,,,,3,1,1,1,,,,1387483,1460514.55
1679283900,285,286.29999,274.64999,275.70001,285.16942301588756,290.56350729416226,0,0,0,338,212.25,,,,3,1,1,1,,,,1611773,1442609.05
1679370300,277.70001,282.39999,277.20001,281.10001,284.35554041271007,289.7031893583293,0,0,0,338,212.25,,,,3,1,1,1,,,,883264,1400797.6
1679456700,282.5,287.79999,282.10001,285.20001,284.52443433016805,289.293809416663,0,0,0,338,212.25,,,,3,1,1,1,,,,1139651,1358671.8
1679543100,284.70001,287.75,284.39999,286.14999,284.84954546413445,289.00800765151183,0,0,0,338,212.25,,,,3,1,1,1,,,,1050510,1301390.35
1679629500,286.35001,287.89999,277,279.10001,283.69963837130757,288.1072805922835,0,0,0,338,212.25,,,,3,1,1,1,,,,1435645,1285931.6
1679888700,280.79999,282,275,275.64999,282.08970869704604,286.97479962934864,0,0,0,338,212.25,,,,3,1,1,1,,,,1445772,1288799.8
1679975100,277.04999,284.5,274.95001,282.39999,282.15176495763683,286.5589078448624,0,0,0,338,212.25,,,,3,1,1,1,,,,1395099,1309349.6
1680061500,282.04999,290.75,279.54999,288.54999,283.43140996610947,286.7399153135113,0,0,0,338,212.25,,,,3,1,1,1,,,,2037802,1356242.8
1680234300,290,294,288.60001,292.5,285.2451279728876,287.26355937591933,0,0,0,338,212.25,,,,3,1,1,1,,,,1668137,1363696.6
1680493500,293.79999,295,287.45001,291.14999,286.4261003783101,287.61687125083574,0,0,0,338,212.25,,,,3,1,1,1,,,,1362303,1389190.15
1680666300,297.5,302.5,290,291.04999,287.3508783026481,287.9289729553052,0,0,0,338,212.25,,,,3,1,1,1,,,,3750290,1499338.75
1680752700,291.95001,294.5,288,290,287.8807026421185,288.11724814118656,0,0,0,338,212.25,,,,3,1,1,1,,,,2042614,1515728.1
1681098300,292,292.64999,285.25,286.25,287.5545621136948,287.9474983101696,0,0,0,338,212.25,,,,3,1,1,1,,,,1169370,1529047.25
1681184700,287.5,292.10001,287.14999,289.14999,287.8736476909558,288.0568157365178,0,0,0,338,212.25,,,,3,1,1,1,,,,1174258,1506201
1681271100,290.04999,291.89999,288.79999,289.20001,288.1389201527646,288.16074248774345,0,0,0,338,212.25,,,,3,1,1,1,,,,713681,1448576.25
1681357500,289.95001,295.29999,288.35001,292.89999,289.0911341222117,288.59158317067585,0,0,0,338,212.25,,,,3,1,1,1,,,,1773902,1465924.05
1681703100,294.10001,304.70001,292.89999,302.20001,291.7129092977694,289.82871288243257,0,0,0,338,212.25,,,,3,1,1,1,,,,3968840,1610003.45
1681789500,304,312.39999,302.70001,309.39999,295.2503254382155,291.60791989312054,0,0,0,338,212.25,,,,3,1,1,1,,,,5707511,1850630.15
1681875900,311,313.79999,307.10001,311.10001,298.4202623505724,293.37992808465503,0,0,0,338,212.25,,,,3,1,1,1,,,,3346299,1953210.2
1681962300,311.79999,317,311.10001,312.20001,301.1762118804579,295.09084462241367,0,0,0,338,212.25,,,,3,1,1,1,,,,3893157,2078493.9
1682048700,313.35001,314,308.60001,310.20001,302.9809715043663,296.46440511128515,0,0,0,338,212.25,,,,3,1,1,1,,,,1620814,2078945.95
1682307900,311.89999,316.20001,310.85001,315.10001,305.40477920349304,298.1585510102592,0,0,0,338,212.25,,,,3,1,1,1,,,,1721973,2120881.4
1682394300,317.79999,319.70001,314.89999,316.45001,307.61382536279444,299.8214109184175,0,0,0,338,212.25,,,,3,1,1,1,,,,2394669,2183632.3
1682480700,317.39999,321.79999,306.25,307.89999,307.6710582902356,300.55582719856136,0,0,0,338,212.25,,,,3,1,1,1,,,,7561343,2509173.95
1682567100,310.10001,327.70001,310.10001,319.25,309.9868466321885,302.2552974532376,0,0,0,338,212.25,,,,3,1,1,1,,,,11352427,3005013.05
1682653500,321,326.75,318.10001,323.14999,312.61947530575077,304.1548149574887,0,0,0,338,212.25,,,,3,1,1,1,,,,3073260,3086387.45
1682999100,323.04999,324.39999,319.39999,322.45001,314.58558224460063,305.8180145068079,0,0,0,338,212.25,,,,3,1,1,1,,,,2166089,3124936.95
1683085500,320,330.5,318.54999,325.39999,316.7484637956805,307.5981940970981,0,0,0,338,212.25,,,,3,1,1,1,,,,3494097,3197751.7
1683171900,325.70001,334.89999,325.60001,330.85001,319.56877303654437,309.71199554281645,0,0,0,338,212.25,,,,3,1,1,1,,,,4566306,3342660.15
1683258300,331,334.20001,324.45001,325.35001,320.7250204292355,311.13363322074224,0,0,0,338,212.25,,,,3,1,1,1,,,,2261425,3387616.25
1683517500,326.70001,329.70001,323.5,326.25,321.83001634338837,312.50784838249297,0,0,0,338,212.25,,,,3,1,1,1,,,,1217957,3260999.6
1683603900,323,328.35001,318.54999,323.35001,322.1340150747107,313.49349943862995,0,0,0,338,212.25,,,,3,1,1,1,,,,2401768,3278957.3
1683690300,324.89999,325.79999,319.64999,323.14999,322.33721005976855,314.37136221693635,0,0,0,338,212.25,,,,3,1,1,1,,,,1383438,3289660.7
1683776700,324.20001,327.20001,322.95001,325.25,322.91976804781484,315.360329288124,0,0,0,338,212.25,,,,3,1,1,1,,,,887328,3275314.2
1683863100,323.79999,326.64999,321.70001,325.04999,323.34581243825187,316.24120753465814,0,0,0,338,212.25,,,,3,1,1,1,,,,1021318,3290696.05
1684122300,324.60001,337.70001,324.25,330.29999,324.7366479506015,317.51927866787105,0,0,0,338,212.25,,,,3,1,1,1,,,,4083774,3406189.65
1684208700,331.5,334.70001,324.79999,325.29999,324.84931636048117,318.22661606170095,0,0,0,338,212.25,,,,3,1,1,1,,,,1338533,3274674.3
1684295100,325.29999,332.39999,321.14999,328.54999,325.5894510883849,319.1651046015463,0,0,0,338,212.25,,,,3,1,1,1,,,,1748943,3076745.9
1684381500,330.95001,342.89999,330.25,336,327.67156087070794,320.6955496377694,0,0,0,338,212.25,,,,3,1,1,1,,,,6168031,3217832.5
1684467900,338,340.39999,329.5,334.54999,329.04724669656633,321.95504421615396,0,0,0,338,212.25,,,,3,1,1,1,,,,1988382,3122593.75
1684727100,334.70001,348.79999,331.25,346.60001,332.5577993572531,324.19549565104904,0,0,0,338,212.25,,,,3,1,1,1,,,,4887241,3285915.1
1684813500,348.39999,354.10001,343,346.45001,335.3362414858025,326.2186333191355,0,0,0,338,212.25,,,,3,1,1,1,,,,3784821,3389057.5
1684899900,344.70001,354.60001,343.35001,348.14999,337.89899118864196,328.2123930173959,0,0,0,338,212.25,,,,3,1,1,1,,,,2822100,3410429.05
1684986300,348.14999,350.79999,345,346.89999,339.6991909509136,329.9112654703599,0,0,0,338,212.25,,,,3,1,1,1,,,,1256991,3095211.45
1685072700,347.95001,348.85001,342,346.10001,340.97935476073087,331.382969518509,0,0,0,338,212.25,,,,3,1,1,1,,,,1764796,2615829.9
1685331900,347.89999,349.60001,335.64999,340.85001,340.9534858085847,332.24360956228094,0,0,0,338,212.25,,,,3,1,1,1,,,,1646464,2544490.1
1685418300,341.39999,342.79999,338.5,339.95001,340.75279064686777,332.9441914202554,0,0,0,338,212.25,,,,3,1,1,1,,,,916997,2482035.5
1685504700,339.75,347.14999,339.10001,345.75,341.75223251749424,334.1083558365958,0,0,0,354.60001,243,212.25,140.75,101.55,1,1,1,1,,,,1340461,2374353.7
1685591100,346.04999,347.5,342.5,343.75,342.1517860139954,334.9848689423598,0,0,0,354.60001,243,212.25,140.75,101.55,1,1,1,1,,,,837407,2187908.75
1685677500,345.35001,349.20001,344.20001,347.04999,343.1314268111963,336.081698129418,0,0,0,354.60001,243,212.25,140.75,101.55,1,1,1,1,,,,979973,2123836.15
1685936700,349,349.75,342.14999,343.54999,343.2151394489571,336.76063375401634,0,0,0,354.60001,243,212.25,140.75,101.55,1,1,1,1,,,,656758,2095776.2
1686023100,343.89999,348.45001,342.45001,347.25,344.02211155916564,337.7142125036512,0,0,0,354.60001,243,212.25,140.75,101.55,1,1,1,1,,,,1066494,2029012.5
1686109500,348,352.95001,344.04999,349.14999,345.04768724733253,338.7538286396829,0,0,0,354.60001,243,212.25,140.75,101.55,1,1,1,1,,,,1589437,2039312.45
1686195900,349,360.89999,347.25,353,346.63814979786605,340.0489351269845,0,0,0,354.60001,243,212.25,140.75,101.55,1,1,1,1,,,,3403249,2165108.5
1686282300,353,355.79999,343.60001,345.35001,346.38052183829285,340.53085102453133,0,0,0,354.60001,243,212.25,140.75,101.55,1,1,1,1,,,,1421593,2185122.25
1686541500,347.70001,347.70001,341.54999,342.64999,345.6344154706343,340.7235000223012,0,0,0,354.60001,243,212.25,140.75,101.55,1,1,1,1,,,,979599,2029913.5
1686627900,343.25,349.79999,343.25,347.70001,346.04753437650743,341.357728202092,0,0,0,354.60001,243,212.25,140.75,101.55,1,1,1,1,,,,1305163,2028245
1686714300,348.10001,349.29999,343.25,345.64999,345.96802550120594,341.74793382008363,0,0,0,354.60001,243,212.25,140.75,101.55,1,1,1,1,,,,588838,1970239.75
1686800700,345.14999,348.79999,337.5,339.54999,344.6844184009648,341.5481207455306,0,0,0,360.89999,243,212.25,140.75,101.55,1,1,1,1,,,,1318629,1727769.65
1686887100,340.95001,345.95001,340.79999,345,344.7475347207718,341.86192795048237,0,0,0,360.89999,243,212.25,140.75,101.55,1,1,1,1,,,,1329879,1694844.5
1687146300,345,347.85001,340,341.04999,344.00802577661744,341.78811540952944,0,0,0,360.89999,243,212.25,140.75,101.55,1,1,1,1,,,,1266633,1513814.1
1687232700,341.20001,344.95001,340,341.14999,343.43641862129397,341.73010400866315,0,0,0,360.89999,243,212.25,140.75,101.55,1,1,1,1,,,,901082,1369627.15
1687319100,341.54999,366.14999,341.54999,349.89999,344.7291328970352,342.4728209169665,0,0,0,360.89999,243,212.25,140.75,101.55,1,1,1,1,,,,10514145,1754229.4
1687405500,351,352.70001,344.85001,347.85001,345.35330831762815,342.96165628815135,0,0,0,360.89999,243,212.25,140.75,101.55,1,1,1,1,,,,1347940,1758776.85
1687491900,347.85001,348.64999,339.10001,340.89999,344.4626446541025,342.7742320801376,0,0,0,360.89999,243,212.25,140.75,101.55,1,1,1,1,,,,1080362,1724555.15
1687751100,341.35001,342.60001,332.10001,337.20001,343.010117723282,342.2674846183069,0,0,0,360.89999,243,212.25,140.75,101.55,1,1,1,1,,,,1041217,1694292.8
1687837500,338.04999,343.29999,337.89999,341.29999,342.6680921786256,342.1795305620972,0,0,0,360.89999,243,212.25,140.75,101.55,1,1,1,1,,,,888094,1692847.65
1687923900,342.25,347,342.10001,344.89999,343.1144717429005,342.426845056452,0,0,0,366.14999,243,212.25,140.75,101.55,1,1,1,1,,,,1004133,1676031.25
1688096700,346.10001,347.60001,338.79999,340.89999,342.67157539432037,342.28804005132,0,0,0,366.14999,243,212.25,140.75,101.55,1,1,1,1,,,,1274825,1697902.15
1688355900,342.75,346.29999,338.54999,342.70001,342.6772623154563,342.3254918648364,0,0,0,366.14999,243,212.25,140.75,101.55,1,1,1,1,,,,1224380,1710122.5
1688442300,343,359.79999,343,358.75,345.89180985236504,343.8186289680331,0,0,0,366.14999,243,212.25,140.75,101.55,1,1,1,1,,,,6887119,2021640.55
1688528700,360.04999,376,359,368.39999,350.39344588189203,346.0532981527574,0,0,0,366.14999,243,212.25,140.75,101.55,1,1,1,1,,,,9832018,2459916.75
1688615100,369.95001,374.79999,360.70001,362,352.71475670551365,347.50299832068856,0,0,0,366.14999,243,212.25,140.75,101.55,1,1,1,1,,,,2580486,2509469.2
1688701500,362.95001,364.5,355.5,361.75,354.5218053644109,348.79818029153506,0,0,0,366.14999,243,212.25,140.75,101.55,1,1,1,1,,,,1939890,2436301.25
1688960700,362.89999,365.79999,357.60001,362.89999,356.1974422915287,350.0801629923046,0,0,0,366.14999,243,212.25,140.75,101.55,1,1,1,1,,,,1511120,2440777.6
1689047100,364.70001,367.89999,360.95001,364.79999,357.91795183322296,351.4183290839133,0,0,0,366.14999,243,212.25,140.75,101.55,1,1,1,1,,,,1195616,2451578.45
1689133500,364.89999,371.95001,362.10001,368.20001,359.9743634665784,352.9439364399212,0,0,0,376,243,212.25,140.75,101.55,1,1,1,1,,,,2182295,2495435.05
1689219900,368.89999,374.5,365.04999,369.20001,361.8194927732627,354.42176130901925,0,0,0,376,243,212.25,140.75,101.55,1,1,1,1,,,,2142925,2573139.4
1689306300,371.10001,373.95001,367.20001,369,363.25559421861016,355.74705573547203,0,0,0,376,243,212.25,140.75,101.55,1,1,1,1,,,,1272294,2570822.65
1689565500,370,375.5,365.75,366.85001,363.9744773748881,356.7564152140655,0,0,0,376,243,212.25,140.75,101.55,1,1,1,1,,,,1377706,2573214
1689651900,367.14999,372.39999,363.10001,371,365.3795818999105,358.0512865582414,0,0,0,376,243,212.25,140.75,101.55,1,1,1,1,,,,2231015,2621433.1
1689738300,371.04999,373.20001,367.04999,368.95001,366.0936675199284,359.04207959840124,0,0,0,376,243,212.25,140.75,101.55,1,1,1,1,,,,1045662,2628662.1
1689824700,368.75,376,364.5,372.54999,367.3849320159427,360.27007145309204,0,0,0,376,243,212.25,140.75,101.55,1,1,1,1,,,,1715604,2188735.05
1689911100,372.20001,378.70001,371.14999,375.25,368.95794561275414,361.6318831391746,0,0,0,376,243,212.25,140.75,101.55,1,1,1,1,,,,2189593,2230817.7
1690170300,377.5,385,365.54999,368.45001,368.8563584902033,362.2517128537951,0,0,0,376,243,212.25,140.75,101.55,1,1,1,1,,,,4802825,2416940.85
1690256700,375,380.95001,370.25,379.70001,371.02508879216265,363.83792168526827,0,0,0,376,243,212.25,140.75,101.55,1,1,1,1,,,,2489024,2489331.2
1690343100,381,382.95001,377.10001,378.35001,372.49007303373014,365.15720244115295,0,0,0,376,243,212.25,140.75,101.55,1,1,1,1,,,,1233431,2506598.05
1690429500,380,380.29999,370.25,374.54999,372.90205642698413,366.01109221922997,0,0,0,376,243,212.25,140.75,101.55,1,1,1,1,,,,1585217,2535652.25
1690515900,374.54999,383.89999,373.20001,381.5,374.6216451415873,367.4191747447545,0,0,0,376,243,212.25,140.75,101.55,1,1,1,1,,,,1851378,2564479.9
1690775100,383.25,393.60001,382.79999,391.79999,378.05731411326985,369.6356124952314,0,0,0,376,243,212.25,140.75,101.55,1,1,1,1,,,,3211452,2663833.5
1690861500,393.89999,401.5,391.04999,395.60001,381.5658532906159,371.9960122683922,0,0,0,376,243,212.25,140.75,101.55,1,1,1,1,,,,2335340,2436244.55
1690947900,394.89999,396,383,390.60001,383.37268463249274,373.68728478944746,0,0,0,376,243,212.25,140.75,101.55,1,1,1,1,,,,1823130,2035800.15
1691034300,393.5,422.39999,393.5,418.25,390.34814770599417,377.7384407176795,0,0,0,376,243,212.25,140.75,101.55,1,1,1,1,,,,11227085,2468130.1
1691120700,420.39999,422.60001,411.10001,419.60001,396.19852016479535,381.5440379251632,0,0,0,376,243,212.25,140.75,101.55,1,1,1,1,,,,2311369,2486704.05
1691379900,420.89999,437.95001,420.10001,435.14999,403.9888141318363,386.4173062956029,0,0,0,376,243,212.25,140.75,101.55,1,1,1,1,,,,5164352,2669365.65
1691466300,436.60001,451.5,432,446.54999,412.50104930546905,391.88391390509355,0,0,0,376,243,212.25,140.75,101.55,1,1,1,1,,,,4070316,2813100.65
1691552700,448,450.60001,433.54999,438,417.60083944437525,396.07628536826684,0,0,0,376,243,212.25,140.75,101.55,1,1,1,1,,,,2614149,2834693.35
1691639100,439.60001,444.29999,432.20001,433.10001,420.7006735555002,399.4420785166062,0,0,0,376,243,212.25,140.75,101.55,1,1,1,1,,,,1451927,2800143.45
1691725500,433.70001,445.5,431.79999,437,423.96053884440016,402.85643501509657,0,0,0,376,243,212.25,140.75,101.55,1,1,1,1,,,,1773042,2825180.85
1691984700,437,437.5,421,434.60001,426.08843307552013,405.7422145591787,0,0,0,376,243,212.25,140.75,101.55,1,1,1,1,,,,1716622,2842126.65
1692157500,431,440,427,428.89999,426.6507444604161,407.84746687198066,0,0,0,451.5,243,212.25,140.75,101.55,1,1,1,1,,,,1749568,2818054.3
1692243900,429,435.5,427.10001,428.75,427.07059556833286,409.7476971563461,0,0,0,451.5,243,212.25,140.75,101.55,1,1,1,1,,,,1102890,2820915.7
1692330300,427,432.5,419.39999,420.70001,425.79647845466627,410.74336196031464,0,0,0,451.5,243,212.25,140.75,101.55,1,1,1,1,,,,1349321,2802601.55
1692589500,421.95001,428,416.79999,420.39999,424.71718076373304,411.6212372366497,0,0,0,451.5,243,212.25,140.75,101.55,1,1,1,1,,,,1580915,2772167.65
1692675900,421.04999,441.85001,421,439,427.5737446109864,414.1102156696815,0,0,0,451.5,243,212.25,140.75,101.55,1,1,1,1,,,,2337994,2648926.1
1692762300,440.75,446,432,434.89999,429.0389936887891,416.0001951542559,0,0,0,451.5,243,212.25,140.75,101.55,1,1,1,1,,,,2048884,2626919.1
1692848700,438,449.95001,437.5,441.70001,431.5711969510313,418.33654195841444,0,0,0,451.5,243,212.25,140.75,101.55,1,1,1,1,,,,2160007,2673247.9
1692935100,440.79999,441.95001,427.79999,430.75,431.40695756082505,419.46503814401314,0,0,0,451.5,243,212.25,140.75,101.55,1,1,1,1,,,,1340705,2661022.3
1693194300,433,433.79999,413.04999,416,428.32556604866005,419.1500346763756,0,0,0,451.5,243,212.25,140.75,101.55,1,1,1,1,,,,1678319,2652369.35
1693280700,417.39999,424.45001,409.14999,410.60001,424.78045483892805,418.372759705796,0,0,0,451.5,243,212.25,140.75,101.55,1,1,1,1,,,,2009090,2592251.25
1693367100,413.5,419.60001,401.39999,404.35001,420.69436587114245,417.09796427799637,0,0,0,451.5,243,212.25,140.75,101.55,1,1,1,1,,,,2144341,2582701.3
1693453500,406,418,406,416.85001,419.925494696914,417.0754229799967,0,0,0,451.5,243,212.25,140.75,101.55,1,1,1,1,,,,2012286,2592159.1
1693539900,417,417,407,409.79999,417.90039375753116,416.41401998181516,0,0,0,451.5,243,212.25,140.75,101.55,1,1,1,1,,,,1515086,2106559.15
1693799100,409.89999,410.45001,400.29999,402.5,414.82031500602494,415.1491090743774,0,0,0,451.5,243,212.25,140.75,101.55,1,1,1,1,,,,2983273,2140154.35
1693885500,404,413,404,409.75,413.80625200481995,414.65828097670675,0,0,0,451.5,243,212.25,140.75,101.55,1,1,1,1,,,,1548275,1959350.5
1693971900,410.75,410.75,395.75,398.25,410.695001603856,413.16661906973343,0,0,0,451.5,243,212.25,140.75,101.55,1,1,1,1,,,,2019122,1856790.8
1694058300,399.70001,404.89999,388,388.64999,406.2859992830848,410.93783460884856,0,0,0,451.5,243,212.25,140.75,101.55,1,1,1,1,,,,3526977,1902432.2
1694144700,392.14999,395.60001,388.60001,389.95001,403.0188014264678,409.0298505534987,0,0,0,451.5,243,212.25,140.75,101.55,1,1,1,1,,,,2341740,1946922.85
1694403900,392.79999,399.39999,390.85001,394.04999,401.22503914117425,407.6680450486352,0,0,0,451.5,243,212.25,140.75,101.55,1,1,1,1,,,,1908574,1953699.45
1694490300,396.39999,397.39999,375.70001,377,396.3800313129394,404.88004095330473,0,0,0,451.5,243,212.25,140.75,101.55,1,1,1,1,,,,3000488,2017892.75
1694576700,378,385.20001,367.89999,374.85001,392.07402705035156,402.15003813936795,0,0,0,451.5,243,212.25,140.75,101.55,1,1,1,1,,,,2491607,2054994.7
1694663100,377,386.85001,377,381.89999,390.03921964028126,400.3091246721527,0,0,0,451.5,243,212.25,140.75,101.55,1,1,1,1,,,,1597135,2079706.95
1694749500,383.45001,396.20001,382.29999,388.95001,389.821377712225,399.27647788377516,0,0,0,451.5,243,212.25,140.75,101.55,1,1,1,1,,,,5660858,2295283.8
1695008700,388.54999,390,377,378.14999,387.48710016978,397.35588807615926,0,0,0,451.5,243,212.25,140.75,101.55,1,1,1,1,,,,1981776,2315326.85
1695181500,376.85001,382.10001,373.85001,376.10001,385.209682135824,395.42353552378114,0,0,0,451.5,243,212.25,140.75,101.55,1,1,1,1,,,,1451776,2271015.95
1695267900,373.10001,381.5,373.10001,379.5,384.0677457086592,393.97594138525557,0,0,0,451.5,243,212.25,140.75,101.55,1,1,1,1,,,,1119613,2224552.4
1695354300,381,382.35001,372,373.29999,381.91419456692734,392.09630944114144,0,0,0,451.5,243,212.25,140.75,101.55,1,1,1,1,,,,1401061,2186605.1
1695613500,374.5,376.89999,369.10001,371,379.73135565354187,390.1784631283104,0,0,0,451.5,243,212.25,140.75,101.55,1,1,1,1,,,,1176542,2178396.95
1695699900,374.10001,383.10001,374.10001,378.14999,379.4150825228335,389.0849655711913,0,0,0,451.5,243,212.25,140.75,101.55,1,1,1,1,,,,1666027,2177782.35
1695786300,379,382.85001,374.39999,379.5,379.43206601826677,388.21360506471933,0,0,0,451.5,243,212.25,140.75,101.55,1,1,1,1,,,,1603191,2157487.4
1695872700,380.04999,381.04999,374.5,375.35001,378.61565481461344,387.044187331563,0,0,0,451.5,243,212.25,140.75,101.55,1,1,1,1,,,,618827,2081211.7
1695959100,376.5,384.89999,376.5,380.29999,378.95252185169073,386.4310784832391,0,0,0,451.5,243,212.25,140.75,101.55,1,1,1,1,,,,1617056,2061450.2
1696304700,379,384.89999,377.25,382,379.5620174813526,386.028253166581,0,0,0,451.5,243,212.25,140.75,101.55,1,1,1,1,,,,1443421,2057866.95
1696391100,380.79999,381.39999,373.45001,376.85001,379.01961598508205,385.1938674241646,0,0,0,451.5,243,212.25,140.75,101.55,1,1,1,1,,,,707123,1944059.45
1696477500,381,383,376.10001,378.20001,378.85569478806565,384.558062203786,0,0,0,451.5,243,212.25,140.75,101.55,1,1,1,1,,,,2937006,2013496
1696563900,380,392.29999,380,388.95001,380.87455783045255,384.95733018526,0,0,0,451.5,243,212.25,140.75,101.55,1,1,1,1,,,,3381695,2081624.65
1696823100,384,384,373.04999,374.45001,379.58964826436204,384.0021192593273,0,0,0,451.5,243,212.25,140.75,101.55,1,1,1,1,,,,1641191,1987335.35
1696909500,376.39999,380.95001,373.25,375.45001,378.76172061148964,383.22465478120665,0,0,0,451.5,243,212.25,140.75,101.55,1,1,1,1,,,,1515733,1946035
1696995900,378,386,376.10001,377.60001,378.5293784891917,382.7133234374606,0,0,0,451.5,243,212.25,140.75,101.55,1,1,1,1,,,,1779181,1939565.35
1697082300,379.04999,383.95001,374.10001,374.95001,377.81350479135335,382.0075676704187,0,0,0,451.5,243,212.25,140.75,101.55,1,1,1,1,,,,1468113,1862946.6
1697168700,373.04999,378,373,376.10001,377.4708058330827,381.4705169731079,0,0,0,451.5,243,212.25,140.75,101.55,1,1,1,1,,,,708328,1773782.65
1697427900,377.29999,381,375.54999,377.5,377.47664466646614,381.10956088464354,0,0,0,451.5,243,212.25,140.75,101.55,1,1,1,1,,,,1008065,1744329.15
1697514300,378.35001,381,376,378.10001,377.6013177331729,380.835965349676,0,0,0,451.5,243,212.25,140.75,101.55,1,1,1,1,,,,903257,1506449.1
1697600700,378.85001,380,374,375.14999,377.1110521865383,380.3190584997054,0,0,0,451.5,243,212.25,140.75,101.55,1,1,1,1,,,,878938,1451307.2
1697687100,373,379.29999,372.14999,377.64999,377.21883974923065,380.0764159088231,0,0,0,451.5,243,212.25,140.75,101.55,1,1,1,1,,,,1132018,1435319.3
1697773500,377.70001,382,374.35001,376.70001,377.1150737993845,379.7694699171119,0,0,0,451.5,243,212.25,140.75,101.55,1,1,1,1,,,,1281904,1443433.85
1698032700,382.5,384.54999,346.64999,350.45001,371.7820610395076,377.1040644701017,1,0,0,451.5,243,212.25,140.75,101.55,2,2,1,1,1,,,4683145,1607538.05
1698205500,357,366.79999,351,355.45001,368.5156508316061,375.13551406372886,0,0,0,451.5,243,212.25,140.75,101.55,2,2,1,1,,,,3164806,1706951.25
1698291900,353.85001,358.14999,343,352.04999,365.22251866528484,373.03683005793533,0,0,0,451.5,243,212.25,140.75,101.55,2,2,1,1,,,,2385470,1742923.4
1698378300,355.70001,363.20001,355.70001,359.89999,364.15801293222785,371.8425718708503,0,0,0,451.5,243,212.25,140.75,101.55,2,2,1,1,,,,1855989,1755563.3
1698637500,360,361.45001,350.54999,353.10001,361.9464123457823,370.1387026098639,0,0,0,451.5,243,212.25,140.75,101.55,2,2,1,1,,,,1219465,1785595.2
1698723900,355,358.75,351.20001,352.79999,360.11712787662583,368.5624560089672,0,0,0,451.5,243,212.25,140.75,101.55,2,2,1,1,,,,893829,1749433.85
1698810300,354,356.79999,349.54999,352.95001,358.6837043013007,367.14314273542476,0,0,0,451.5,243,212.25,140.75,101.55,2,2,1,1,,,,1005480,1727536.8
1698896700,356.5,358.89999,349,349.64999,356.8769614410405,365.55285612311343,0,0,0,451.5,243,212.25,140.75,101.55,2,2,1,1,,,,1285684,1756464.85
1698983100,352,354.39999,336.29999,347.70001,355.04157115283243,363.9298701119213,0,0,0,451.5,243,212.25,140.75,101.55,2,2,1,1,,,,5251131,1872171.1
1699242300,351,357,342.54999,349.54999,353.94325492226596,362.6226082835648,0,0,0,451.5,243,212.25,140.75,101.55,2,2,1,1,,,,3766599,1891416.3
1699328700,350.89999,366.89999,350,362.85001,355.7246059378128,362.64328116687705,0,0,0,451.5,243,212.25,140.75,101.55,2,2,1,1,,,,5422832,2080498.35
1699415100,365,391.20001,365,388.95001,362.36968675025025,365.03480196988824,0,0,0,451.5,243,212.25,140.75,101.55,2,2,1,1,,,,8671665,2438294.95
1699501500,389.70001,391.70001,380.29999,385.5,366.9957494002002,366.8952745180802,0,0,0,451.5,243,212.25,140.75,101.55,2,2,1,1,,,,4696368,2584154.3
1699587900,384,394.79999,383,390.10001,371.6166015201602,369.00479592552745,0,0,0,451.5,243,212.25,140.75,101.55,2,2,1,1,,,,3381279,2679812.6
1699793100,392.5,396,392,394.95,376.28328121612816,371.3634508413886,0,0,0,451.5,243,212.25,140.75,101.55,2,2,1,1,,,,1312862,2710039.3
1699847100,392,395.85001,388.39999,393.70001,379.76662697290254,373.3940471285351,0,0,0,451.5,243,212.25,140.75,101.55,2,2,1,1,,,,2103240,2764798.05
1700019900,395.5,399.14999,391.39999,392.70001,382.353303578322,375.1491346623046,0,0,0,451.5,243,212.25,140.75,101.55,2,2,1,1,,,,4768484,2958059.4
1700106300,392.54999,393.70001,382,383.54999,382.5926408626576,375.91284878391326,0,0,0,451.5,243,212.25,140.75,101.55,2,2,1,1,,,,2615663,3044895.65
1700192700,370.45001,373.45001,365.45001,371.14999,380.3041106901261,375.4798616217393,0,0,0,451.5,243,212.25,140.75,101.55,2,2,1,1,,,,7191215,3347855.5
1700451900,367.14999,372.95001,362.5,362.95001,376.8332905521009,374.3407842015812,0,0,0,451.5,243,212.25,140.75,101.55,2,2,1,1,,,,2523410,3409930.8
1700538300,363,369.14999,358.25,360.39999,373.5466304416807,373.07343927416474,0,0,0,451.5,243,212.25,140.75,101.55,2,2,1,1,,,,2457434,3298645.25
1700624700,361.39999,364.64999,359.20001,361.89999,371.21730235334456,372.0576711583316,0,0,0,451.5,243,212.25,140.75,101.55,2,2,1,1,,,,2297875,3255298.7
1700711100,362.89999,367,361.10001,365.04999,369.9838398826756,371.4206092348469,0,0,0,451.5,243,212.25,140.75,101.55,2,2,1,1,,,,826760,3177363.2
1700797500,366.20001,366.70001,356.25,357.95001,367.5770739061405,370.1960093044063,0,0,0,451.5,243,212.25,140.75,101.55,2,2,1,1,,,,1547516,3161939.55
1701143100,359,367.64999,358.20001,363.89999,366.84165712491244,369.6236439130966,0,0,0,451.5,243,212.25,140.75,101.55,2,2,1,1,,,,2842462,3243089.4
1701229500,365,390.39999,364.45001,384.64999,370.40332369992996,370.9896753755424,0,0,0,451.5,243,212.25,140.75,101.55,2,2,1,1,,,,4713330,3434064.45
1701315900,386,411.75,386,409.29999,378.182656959944,374.47243125049306,0,0,1,451.5,243,212.25,140.75,101.55,1,1,1,1,,,1,11752143,3971397.6
1701402300,412,413.70001,401.70001,409.85001,384.5161275679552,377.6885747731755,0,0,0,451.5,243,212.25,140.75,101.55,1,1,1,1,,,,5663153,4190271.05
1701661500,417,420.35001,411.5,419.35001,391.48290405436416,381.4759779756141,0,0,0,451.5,243,212.25,140.75,101.55,1,1,1,1,,,,4241105,4139769.75
1701747900,420.14999,421.20001,408.60001,411.70001,395.5263252434913,384.2236172505583,0,0,0,451.5,243,212.25,140.75,101.55,1,1,1,1,,,,2241660,4063522.8
1701834300,414.10001,415.45001,408.5,410.79999,398.58105819479306,386.6396511368712,0,0,0,451.5,243,212.25,140.75,101.55,1,1,1,1,,,,1361165,3860439.45
1701920700,411.85001,423.79999,410.10001,421.35001,403.1348485558344,389.79513830624654,0,0,0,451.5,243,212.25,140.75,101.55,1,1,1,1,,,,3521425,3602927.45
1702007100,423.29999,425.25,415.60001,418.45001,406.19788084466757,392.4001266420423,0,0,0,451.5,243,212.25,140.75,101.55,1,1,1,1,,,,2281411,3482179.6
1702266300,418.5,427.64999,415.04999,425.10001,409.9783066757341,395.3728433109476,0,0,0,451.5,243,212.25,140.75,101.55,1,1,1,1,,,,2457571,3435994.2
1702352700,426.20001,428.60001,414.60001,416.04999,411.19264334058727,397.2525839190433,0,0,0,451.5,243,212.25,140.75,101.55,1,1,1,1,,,,6643295,3702515.85
1702439100,416.04999,423.39999,412.10001,421.75,413.30411467246984,399.4796217445848,0,0,0,451.5,243,212.25,140.75,101.55,1,1,1,1,,,,2071663,3700937
1702525500,421,437.14999,420,434.85001,417.6132937379759,402.6951115859862,0,0,0,451.5,243,212.25,140.75,101.55,1,1,1,1,,,,7465029,3835764.25
1702611900,435,443.54999,432.5,439.64999,422.0206329903807,406.0546459872602,0,0,0,451.5,243,212.25,140.75,101.55,1,1,1,1,,,,7638657,4086913.95
1702871100,438.14999,443,436.54999,440.54999,425.72650439230455,409.1905863520547,0,0,0,451.5,243,212.25,140.75,101.55,1,1,1,1,,,,2418357,3848271.05
1702957500,440.54999,450,434.14999,444.5,429.48120351384364,412.4005330473225,0,0,0,451.5,243,212.25,140.75,101.55,1,1,1,1,,,,4033277,3923764.4
1703043900,444.5,452.35001,436.75,439.85001,431.5549648110749,414.89594004302046,0,0,0,451.5,243,212.25,140.75,101.55,1,1,1,1,,,,4819973,4041891.35
1703130300,428.64999,441.89999,425,440.35001,433.3139738488599,417.20994640274586,0,0,0,451.5,243,212.25,140.75,101.55,1,1,1,1,,,,3149864,4084490.8
1703216700,442,451,440.20001,442.35001,435.12118107908793,419.49540672976894,0,0,0,451.5,243,212.25,140.75,101.55,1,1,1,1,,,,2958143,4191059.95
1703562300,441.39999,446.70001,439,440.25,436.14694486327033,421.38218793615357,0,0,0,451.5,243,212.25,140.75,101.55,1,1,1,1,,,,1166415,4172004.9
1703648700,443.20001,444,430.29999,434.10001,435.73755789061624,422.53835357832145,0,0,0,451.5,243,212.25,140.75,101.55,1,1,1,1,,,,1522872,4106025.4
1703735100,435.39999,437.95001,430,430.20001,434.630048312493,423.23486779847406,0,0,0,452.35001,336.29999,243,212.25,140.75,1,1,1,1,,,,821029,3911410.35
1703821500,430.5,447.5,428,435.54999,434.81403664999436,424.3544243622491,0,0,0,452.35001,336.29999,243,212.25,140.75,1,1,1,1,,,,1386162,3393111.3
1704080700,440,442.85001,437,438,435.4512293199955,425.59493123840826,0,0,0,452.35001,336.29999,243,212.25,140.75,1,1,1,1,,,,607106,3140308.95
1704167100,437,439,429.10001,431,434.5609834559964,426.0863011258257,0,0,0,452.35001,336.29999,243,212.25,140.75,1,1,1,1,,,,720168,2964262.1
1704253500,432.70001,437.64999,430,431.10001,433.8687887647971,426.5420928416597,0,0,0,452.35001,336.29999,243,212.25,140.75,1,1,1,1,,,,972813,2900819.75
1704339900,441,454,433.79999,450.39999,437.1750290118377,428.710992583327,0,0,0,452.35001,336.29999,243,212.25,140.75,1,1,1,1,,,,4730223,3069272.65
1704426300,450.39999,462.89999,443.35001,458.89999,441.52002120947014,431.45544689393364,0,0,0,452.35001,336.29999,243,212.25,140.75,1,1,1,1,,,,5327387,3159570.75
1704685500,461,467,457.10001,459.29999,445.0760149675761,433.98676899448515,0,0,0,452.35001,336.29999,243,212.25,140.75,1,1,1,1,,,,3834220,3237211.2
1704771900,463.60001,477.20001,461.5,474.79999,451.02080997406085,437.6970618131683,0,0,0,452.35001,336.29999,243,212.25,140.75,1,1,1,1,,,,4386128,3333639.05
1704858300,476.75,486.60001,472,481.35001,457.0866499792487,441.6655116483348,0,0,0,452.35001,336.29999,243,212.25,140.75,1,1,1,1,,,,3475217,3175235.15
1704944700,483,495.85001,483,491.39999,463.94931798339894,446.1868278621226,0,0,0,452.35001,336.29999,243,212.25,140.75,1,1,1,1,,,,3172332,3230268.6
1705031100,491,500,487.04999,496.25,470.4094543867192,450.73802532920234,0,0,0,452.35001,336.29999,243,212.25,140.75,1,1,1,1,,,,2341469,2974090.6
1705290300,496.04999,504.60001,491.45001,501.54999,476.63756150937536,455.3572948447294,0,0,0,452.35001,336.29999,243,212.25,140.75,1,1,1,1,,,,2439830,2714149.25
1705376700,499.60001,503.5,478.10001,492.64999,479.8400472075003,458.7475398588449,0,0,0,452.35001,336.29999,243,212.25,140.75,1,1,1,1,,,,1899013,2688182.05
1705463100,487,491.54999,481.39999,483.54999,480.5820357660002,461.00230805349537,0,0,0,452.35001,336.29999,243,212.25,140.75,1,1,1,1,,,,1071918,2540114.1
1705549500,481,496.75,465,490.39999,482.54562661280016,463.6748245940867,0,0,0,452.35001,336.29999,243,212.25,140.75,1,1,1,1,,,,2222443,2410237.6
1705635900,509.89999,519.70001,493.20001,503.64999,486.7664992902401,467.30893054007885,0,0,0,452.35001,336.29999,243,212.25,140.75,1,1,1,1,,,,8111094,2658299.1
1705722300,514.5,514.5,486.54999,490.35001,487.4832014321921,469.4035741273444,0,0,0,452.35001,336.29999,243,212.25,140.75,1,1,1,1,,,,2642071,2642495.5
1705981500,493.5,496.79999,476.20001,482.75,486.5365611457537,470.6168855703131,0,0,0,452.35001,336.29999,243,212.25,140.75,1,1,1,1,,,,3389030,2753626.25
1706067900,483,494.04999,473.25,477.85001,484.79925091660294,471.2744423366483,0,0,0,452.35001,336.29999,243,212.25,140.75,1,1,1,1,,,,3836411,2869303.2
1706154300,481.79999,484.79999,473.10001,477.70001,483.37940273328235,471.85858485149845,0,0,0,452.35001,336.29999,243,212.25,140.75,1,1,1,1,,,,1346996,2895601.55
1706499900,477.64999,484.60001,473.75,482.89999,483.2835201866259,472.8623489559077,0,0,0,519.70001,336.29999,243,212.25,140.75,1,1,1,1,,,,1467086,2899647.75
1706586300,482.89999,484.79999,473,474.04999,481.4368141493007,472.9703163235524,0,0,0,519.70001,336.29999,243,212.25,140.75,1,1,1,1,,,,1159685,2927276.7
1706672700,472,480,471.25,478.29999,480.80944931944055,473.4548321123204,0,0,0,519.70001,336.29999,243,212.25,140.75,1,1,1,1,,,,1217574,2952147
1706759100,480.5,480.5,472.79999,476.10001,479.86756145555245,473.6953028293822,0,0,0,519.70001,336.29999,243,212.25,140.75,1,1,1,1,,,,815087,2944260.7
1706845500,476,478.95001,466,467.70001,477.43405116444194,473.15027620852925,0,0,0,519.70001,336.29999,243,212.25,140.75,1,1,1,1,,,,1480438,2781771.45
1707104700,473,487.79999,471.5,480.10001,477.9672429315535,473.78207018957204,0,0,0,519.70001,336.29999,243,212.25,140.75,1,1,1,1,,,,1907034,2610753.8
1707191100,481.35001,490.39999,477.5,488.54999,480.08379234524284,475.1246083541564,0,0,0,519.70001,336.29999,243,212.25,140.75,1,1,1,1,,,,1445892,2491337.4
1707277500,489.60001,495,485.39999,494,482.8670338761943,476.8405530492331,0,0,0,519.70001,336.29999,243,212.25,140.75,1,1,1,1,,,,1326732,2338367.6
1707363900,496.89999,496.89999,484.04999,488.60001,484.0136291009554,477.9095945902119,0,0,0,519.70001,336.29999,243,212.25,140.75,1,1,1,1,,,,1234193,2226316.4
1707450300,489.20001,493.85001,473.70001,480.85001,483.38090528076435,478.1769050820108,0,0,0,519.70001,336.29999,243,212.25,140.75,1,1,1,1,,,,1059212,2120660.4
1707709500,480.64999,482.60001,467.29999,470.54999,480.8147222246115,477.48354916546435,0,0,0,519.70001,336.29999,243,212.25,140.75,1,1,1,1,,,,871750,2047174.45
1707795900,470.54999,486.10001,468.79999,483.60001,481.3717797796892,478.03959105951304,0,0,0,519.70001,336.29999,243,212.25,140.75,1,1,1,1,,,,1003112,1975338.55
1707882300,474.14999,490,471,486,482.29742382375133,478.7632645995573,0,0,0,519.70001,336.29999,243,212.25,140.75,1,1,1,1,,,,1306435,1945709.65
1707968700,488.5,499.85001,486.64999,492.10001,484.25794105900104,479.9756959995976,0,0,0,519.70001,336.29999,243,212.25,140.75,1,1,1,1,,,,1980414,1991134.45
1708055100,493.10001,498.64999,448,468.10001,481.0263548472008,478.89608818145234,0,0,0,519.70001,336.29999,243,212.25,140.75,1,1,1,1,,,,2787125,2019368.55
1708314300,465.95001,477.89999,462.39999,473.20001,479.46108587776064,478.37826289222943,0,0,0,519.70001,336.29999,243,212.25,140.75,1,1,1,1,,,,1868674,1707247.55
1708400700,469.79999,474.95001,467.04999,468.85001,477.3388707022085,477.5120580838449,0,0,0,519.70001,336.29999,243,212.25,140.75,1,1,1,1,,,,708630,1610575.5
1708487100,469.04999,471.54999,451.10001,459.14999,473.7010945617668,475.84277916713177,0,0,0,519.70001,336.29999,243,212.25,140.75,1,1,1,1,,,,1044281,1493338.05
1708573500,461,469,456.45001,466.04999,472.17087364941347,474.95252560648345,0,0,0,519.70001,336.29999,243,212.25,140.75,1,1,1,1,,,,934223,1348228.65
1708659900,468,468.39999,457.70001,459.79999,469.6966969195308,473.5750223695304,0,0,0,519.70001,336.29999,243,212.25,140.75,1,1,1,1,,,,703939,1316075.8
1708919100,460.95001,476.10001,460.60001,472.85001,470.3273595356246,473.50911215411855,0,0,0,519.70001,336.29999,243,212.25,140.75,1,1,1,1,,,,1222473,1303845.15
1709005500,474.79999,482,470.45001,473.25,470.9118876284997,473.48555650374414,0,0,0,519.70001,336.29999,243,212.25,140.75,1,1,1,1,,,,1400189,1315870.35
1709091900,475.79999,475.95001,454.04999,456,467.9295101027998,471.89596045794923,0,0,0,519.70001,336.29999,243,212.25,140.75,1,1,1,1,,,,1085561,1309269.7
1709178300,454.5,471.70001,447.75,467,467.7436080822398,471.45087314359023,0,0,0,519.70001,336.29999,243,212.25,140.75,1,1,1,1,,,,1239426,1330486.65
1709264700,469.79999,470,458.75,462.75,466.74488646579186,470.6598846759911,0,0,0,519.70001,336.29999,243,212.25,140.75,1,1,1,1,,,,973148,1305122.15
1709351100,464.70001,470,460.10001,465.39999,466.47590717263347,470.1817124327192,0,0,0,519.70001,336.29999,243,212.25,140.75,1,1,1,1,,,,135396,1216540.25
1709523900,462.29999,466.54999,459.04999,460.79999,465.34072373810676,469.3288285751993,0,0,0,519.70001,336.29999,243,212.25,140.75,1,1,1,1,,,,898228,1189157.05
1709610300,456.5,465.79999,455.39999,457.79999,463.8325769904854,468.28075234109025,0,0,0,519.70001,336.29999,243,212.25,140.75,1,1,1,1,,,,1115926,1178616.75
1709696700,459,461.20001,439.45001,442.39999,459.5460595923883,465.9279557646275,1,0,0,519.70001,336.29999,243,212.25,140.75,2,1,1,1,1,,,2391746,1236494.4
1709783100,440,446.85001,431.20001,432.70001,454.1768496739106,462.90723342238863,0,0,0,519.70001,336.29999,243,212.25,140.75,2,1,1,1,,,,2481071,1307587.35
1710128700,434.79999,458.45001,433.5,453.5,454.0414797391285,462.0520303839897,0,0,0,519.70001,336.29999,243,212.25,140.75,2,1,1,1,,,,3714533,1449726.5
1710215100,455.45001,480,445,471.95001,457.6231857913028,462.9518467127179,0,0,0,519.70001,336.29999,243,212.25,140.75,2,1,1,1,,,,5844105,1691776.15
1710301500,478,489,447.04999,465.35001,459.16855063304223,463.16986155701625,0,0,0,519.70001,336.29999,243,212.25,140.75,2,1,1,1,,,,6444844,1948696.6
1710387900,462.29999,474,455.29999,459.60001,459.25484250643376,462.8453295972875,0,0,0,519.70001,336.29999,243,212.25,140.75,2,1,1,1,,,,2242715,1961811.65
1710474300,461.70001,471.20001,452.14999,462.89999,459.983872005147,462.8502987248068,0,0,0,519.70001,336.29999,243,212.25,140.75,2,1,1,1,,,,4640731,2054491.95
1710733500,463.95001,484.64999,457.10001,471.54999,462.2970956041176,463.64117974982435,0,0,0,519.70001,336.29999,243,212.25,140.75,2,1,1,1,,,,4228652,2172490.85
1710819900,477,487.39999,461.64999,464.60001,462.75767848329406,463.7283461362039,0,0,0,519.70001,336.29999,243,212.25,140.75,2,1,1,1,,,,4509634,2362541.05
1710906300,467.70001,472.95001,457.10001,465.5,463.30614278663523,463.8894055783672,0,0,0,519.70001,336.29999,243,212.25,140.75,2,1,1,1,,,,1219013,2371277.65
1710992700,468,476.5,468,469.04999,464.4549122293082,464.3585496166974,0,0,0,519.70001,336.29999,243,212.25,140.75,2,1,1,1,,,,1405954,2394864.2
1711079100,464,469.89999,460.5,463,464.1639297834466,464.23504510608853,0,0,0,519.70001,336.29999,243,212.25,140.75,2,1,1,1,,,,909462,2405140.35
1711424700,464.79999,484.5,464,478.29999,466.99114182675726,465.5136764600805,0,0,1,519.70001,336.29999,243,212.25,140.75,1,1,1,1,,,1,2394858,2463759.6
1711511100,481,481.5,472.5,475.25,468.6429134614058,466.39879678189135,0,0,0,519.70001,336.29999,243,212.25,140.75,1,1,1,1,,,,1176943,2452597.3
1711597500,478.95001,478.95001,462.29999,465.60001,468.0343327691246,466.32617980171943,0,0,0,519.70001,336.29999,243,212.25,140.75,1,1,1,1,,,,912126,2443925.55
1711943100,470,481.5,468.25,475,469.42746621529966,467.11470891065403,0,0,0,519.70001,336.29999,243,212.25,140.75,1,1,1,1,,,,1286977,2446303.1
1712029500,479.29999,479.29999,471.39999,474.54999,470.45197097223974,467.79064355514004,0,0,0,519.70001,336.29999,243,212.25,140.75,1,1,1,1,,,,936571,2444474.25
1712115900,475,497,474.79999,494.60001,475.28157877779176,470.22785868649095,0,0,0,519.70001,336.29999,243,212.25,140.75,1,1,1,1,,,,4762208,2675814.85
1712202300,503,506.5,492,493.70001,478.96526502223344,472.36169062408266,0,0,0,519.70001,336.29999,243,212.25,140.75,1,1,1,1,,,,3016476,2781727.25
1712288700,494.10001,503,491.10001,497.39999,482.65221001778673,474.63789965825697,0,0,0,519.70001,336.29999,243,212.25,140.75,1,1,1,1,,,,1978252,2824843.55
1712547900,500,501,485.04999,488.70001,483.86177001422936,475.91627332568817,0,0,0,519.70001,336.29999,243,212.25,140.75,1,1,1,1,,,,1565940,2783553.25
1712634300,491.29999,495.04999,483.14999,491.29999,485.3494140113835,477.3147930233529,0,0,0,519.70001,336.29999,243,212.25,140.75,1,1,1,1,,,,1156430,2717321.2
1712720700,490.95001,497.5,486.39999,494.70001,487.21953320910677,478.89526729395715,0,0,0,519.70001,336.29999,243,212.25,140.75,1,1,1,1,,,,947568,2578972.95
1712893500,492.70001,494.95001,488.35001,493.25,488.4256265672854,480.2002429945065,0,0,0,519.70001,336.29999,243,212.25,140.75,1,1,1,1,,,,1290165,2351275.95
1713152700,484.25,485.29999,472.39999,481.10001,486.96050325382834,480.2820399950059,0,0,0,519.70001,336.29999,243,212.25,140.75,1,1,1,1,,,,1245053,2091286.4
1713239100,477,493.39999,475.20001,489.25,487.41840260306265,481.097309086369,0,0,0,519.70001,336.29999,243,212.25,140.75,1,1,1,1,,,,936278,2025964.55
1713411900,491.89999,505,490.5,500.5,490.0347220824501,482.86119007851727,0,0,0,519.70001,336.29999,243,212.25,140.75,1,1,1,1,,,,3221632,1955009.6
1713498300,490,506,484.89999,498.79999,491.7877756659601,484.31017188956116,0,0,0,519.70001,336.29999,243,212.25,140.75,1,1,1,1,,,,1712524,1829203.2
1713757500,500.20001,514,491.5,493.64999,492.1602185327681,485.15924626323743,0,0,0,519.70001,336.29999,243,212.25,140.75,1,1,1,1,,,,3754624,1791452.7
1713843900,493,499.39999,492.35001,494.14999,492.5581728262145,485.97658660294314,0,0,0,519.70001,336.29999,243,212.25,140.75,1,1,1,1,,,,1734671,1817235.6
1713930300,497.39999,499.5,491.60001,493.75,492.7965382609716,486.68326054813014,0,0,0,519.70001,336.29999,243,212.25,140.75,1,1,1,1,,,,3223755,1908125.65
1714016700,493.75,498.75,487.5,493,492.8372306087773,487.25750958920923,0,0,0,519.70001,336.29999,243,212.25,140.75,1,1,1,1,,,,1104525,1917878.8
1714103100,495.5,496.89999,484,484.95001,491.25978648702187,487.0477368992811,0,0,0,519.70001,336.29999,243,212.25,140.75,1,1,1,1,,,,1866738,1891472.8
1714362300,489.89999,495.04999,483.25,488.95001,490.7978311896175,487.2206708175283,0,0,0,519.70001,336.29999,243,212.25,140.75,1,1,1,1,,,,2272725,1946261.9
1714448700,507.79999,507.79999,487,490.64999,490.768262951694,487.5324271068439,0,0,0,519.70001,336.29999,243,212.25,140.75,1,1,1,1,,,,7599283,2280619.75
1714621500,494.89999,496,482.10001,492.25,491.0646103613552,487.9612973698581,0,0,0,519.70001,336.29999,243,212.25,140.75,1,1,1,1,,,,4441977,2438369.75
1714707900,494,496,481.5,483.70001,489.59169028908417,487.57390760896186,0,0,0,519.70001,336.29999,243,212.25,140.75,1,1,1,1,,,,1246656,2453874
1714967100,491,492,475.54999,478.14999,487.30335023126736,486.71718782632894,0,0,0,519.70001,336.29999,243,212.25,140.75,1,1,1,1,,,,1111781,2271352.65
1715053500,478.14999,480.79999,468.54999,471.54999,484.1526781850139,485.33835166029905,0,0,0,519.70001,336.29999,243,212.25,140.75,1,1,1,1,,,,993072,2170182.45
1715139900,472.64999,474,463,468.79999,481.0821405480111,483.8348642366355,0,0,0,519.70001,336.29999,243,212.25,140.75,1,1,1,1,,,,1006758,2121607.75
1715226300,470,471.29999,450,452.20001,475.3057144384089,480.9589683969414,0,0,0,519.70001,336.29999,243,212.25,140.75,1,1,1,1,,,,713992,2079010.35
1715312700,453.39999,466.60001,453.04999,462.85001,472.8145735507271,479.3126994517649,0,0,0,519.70001,336.29999,243,212.25,140.75,1,1,1,1,,,,795421,2060959.9
1715571900,457.29999,461,451.20001,456.70001,469.5916608405817,477.25700041069535,0,0,0,519.70001,336.29999,243,212.25,140.75,1,1,1,1,,,,894662,2058314.6
1715658300,465,469.64999,459.14999,468.64999,469.40332667246537,476.47454491881393,0,0,0,519.70001,336.29999,243,212.25,140.75,1,1,1,1,,,,765118,2032062.25
1715744700,471.45001,474.54999,464.39999,465.95001,468.7126633379723,475.5177690171036,0,0,0,519.70001,336.29999,243,212.25,140.75,1,1,1,1,,,,742619,2006940.55
1715831100,469.29999,478.79999,464.60001,467.95001,468.5601326703778,474.82979092463967,0,0,0,519.70001,336.29999,243,212.25,140.75,1,1,1,1,,,,867804,2003516.85
1715917500,469.85001,470.04999,462,463.5,467.54810613630224,473.7998099314906,0,0,0,519.70001,336.29999,243,212.25,140.75,1,1,1,1,,,,966353,1890752.9
1716003900,466.89999,468.89999,462.95001,465.20001,467.07848690904177,473.0180099377187,0,0,0,519.70001,336.29999,243,212.25,140.75,1,1,1,1,,,,128899,1811571.65
1716263100,465.95001,465.95001,457,458.64999,465.3927875272334,471.711826307017,0,0,0,519.70001,336.29999,243,212.25,140.75,1,1,1,1,,,,790413,1663361.1
1716349500,460,465,454.35001,455.39999,463.3942280217867,470.2289320972882,0,0,0,519.70001,336.29999,243,212.25,140.75,1,1,1,1,,,,768197,1615037.4
1716435900,458,464.25,457.60001,460.85001,462.88538441742935,469.37630281571654,0,0,0,519.70001,336.29999,243,212.25,140.75,1,1,1,1,,,,573107,1482505
1716522300,460.54999,462.89999,453.04999,458.25,461.95830753394347,468.3648207415605,0,0,0,519.70001,336.29999,243,212.25,140.75,1,1,1,1,,,,1090975,1481827.5
1716781500,460.14999,460.85001,448.10001,449.04999,459.3766440271548,466.6089270377823,0,0,0,519.70001,336.29999,243,212.25,140.75,1,1,1,1,,,,733100,1425145.6
1716867900,451,451.85001,441,444.89999,456.48131322172384,464.6353873070748,0,0,0,519.70001,336.29999,243,212.25,140.75,1,1,1,1,,,,819864,1352502.55
1716954300,444.75,450.85001,441,449.5,455.0850505773791,463.25944300643164,0,0,0,519.70001,336.29999,243,212.25,140.75,1,1,1,1,,,,576547,1001365.75
1717040700,448.89999,451.70001,441.04999,448.54999,453.7780384619033,461.92222000584695,0,0,0,519.70001,336.29999,243,212.25,140.75,1,1,1,1,,,,591478,808840.8
1717127100,448,452.39999,441.10001,449.10001,452.84243276952265,460.75656455076995,0,0,0,519.70001,336.29999,243,212.25,140.75,1,1,1,1,,,,803797,786697.85
1717386300,469,469,446.70001,450.95001,452.46394821561813,459.86505959160905,0,0,0,519.70001,336.29999,243,212.25,140.75,1,1,1,1,,,,1405699,801393.75
1717472700,455,455,396.79999,423.04999,446.5811565724945,456.51823508328096,1,0,0,519.70001,336.29999,243,212.25,140.75,2,1,1,1,1,,,2213122,862396.25
1717559100,432.20001,439.70001,410.54999,435.10001,444.2849272579956,454.5711237120736,0,0,0,519.70001,336.29999,243,212.25,140.75,2,1,1,1,,,,1168974,870507.05
1717645500,438,455.70001,438,451.75,445.7779418063965,454.3146579200669,0,0,0,519.70001,336.29999,243,212.25,140.75,2,1,1,1,,,,1268179,898216.4
1717731900,453.64999,472.39999,452.5,465.5,449.72235344511716,455.3315072000608,0,0,0,519.70001,336.29999,243,212.25,140.75,2,1,1,1,,,,3066255,1011758.1
1717991100,467.64999,470.39999,423.04999,426.35001,445.0478847560937,452.6968256364189,0,0,0,519.70001,336.29999,243,212.25,140.75,2,1,1,1,,,,14735029,1703776.45
1718077500,436,448,435.14999,439.60001,443.95830980487494,451.50620603310807,0,0,0,519.70001,336.29999,243,212.25,140.75,2,1,1,1,,,,6557336,1993387.35
1718163900,442,447.79999,439.04999,442.20001,443.60664984389996,450.6601882119164,0,0,0,519.70001,336.29999,243,212.25,140.75,2,1,1,1,,,,1814528,2046982.8
1718250300,442.10001,446.95001,434.04999,436.10001,442.10532187511996,449.33653564719674,0,0,0,519.70001,336.29999,243,212.25,140.75,2,1,1,1,,,,1508922,2079038.7
1718336700,439.70001,441.54999,434.20001,437.35001,441.154259500096,448.2468514974516,0,0,0,519.70001,336.29999,243,212.25,140.75,2,1,1,1,,,,1084141,2084928.1
1718682300,440.10001,441,432,433.54999,439.6334056000768,446.91077317950146,0,0,0,519.70001,336.29999,243,212.25,140.75,2,1,1,1,,,,2174311,2187198.7
1718768700,435.75,435.75,423.10001,423.89999,436.4867224800614,444.81888379954677,0,0,0,519.70001,336.29999,243,212.25,140.75,2,1,1,1,,,,6385757,2466965.9
1718855100,423.04999,430.70001,421.60001,422.39999,433.6693759840491,442.7808025450425,0,0,0,519.70001,336.29999,243,212.25,140.75,2,1,1,1,,,,1855484,2521330.25
1718941500,424,428.04999,417.5,421.14999,431.1654987872393,440.81436504094773,0,0,0,519.70001,336.29999,243,212.25,140.75,2,1,1,1,,,,1848212,2585085.5
1719200700,419,423.25,412.04999,417.25,428.38239902979143,438.6721500372252,0,0,0,519.70001,336.29999,243,212.25,140.75,2,1,1,1,,,,1532660,2607169.75
1719287100,419.79999,432.89999,419.45001,424.70001,427.64592122383317,437.40195548838653,0,0,0,519.70001,336.29999,243,212.25,140.75,2,1,1,1,,,,3256740,2733351.75
1719373500,424.5,426.20001,415.5,416.60001,425.43673897906655,435.51086953489687,0,0,0,519.70001,336.29999,243,212.25,140.75,2,1,1,1,,,,1214112,2753064.15
1719459900,417.5,420.70001,401,406.35001,421.61939318325324,432.8598823044517,0,1,0,519.70001,336.29999,243,212.25,140.75,3,1,1,1,,1,,2427956,2845634.6
1719546300,410,417.14999,407,409.10001,419.1155165466026,430.6998939131379,0,0,0,519.70001,336.29999,243,212.25,140.75,3,1,1,1,,,,1941946,2913158
1719805500,415,422.64999,413,422,419.69241323728204,429.908994466489,0,0,0,519.70001,336.29999,243,212.25,140.75,3,1,1,1,,,,1931325,2969534.4
1719891900,422,425.5,418.20001,419.64999,419.68392858982565,428.9763576968082,0,0,0,519.70001,336.29999,243,212.25,140.75,3,1,1,1,,,,1368657,2967682.3
1719978300,420.79999,425.79999,414,416.85001,419.11714487186055,427.8739624516438,0,0,0,519.70001,336.29999,243,212.25,140.75,3,1,1,1,,,,4853719,3099712.15
1720064700,419,422.89999,414,419.25,419.14371589748845,427.08996586513075,0,0,0,519.70001,336.29999,243,212.25,140.75,3,1,1,1,,,,3958118,3239169.35
1720151100,420.89999,434.5,417.29999,428.70001,421.0549747179908,427.23633351375526,0,0,0,519.70001,336.29999,243,212.25,140.75,3,1,1,1,,,,6125954,3482058.1
1720410300,434,436.95001,421,423.04999,421.4539777743926,426.8557568306866,0,0,0,519.70001,336.29999,243,212.25,140.75,3,1,1,1,,,,6016488,3629569.75
1720496700,425.10001,426.5,416,417.20001,420.6031842195141,425.97796166426053,0,0,0,519.70001,336.29999,243,212.25,140.75,3,1,1,1,,,,10202686,3402952.6
1720583100,418,420.39999,403.89999,406,417.6825473756113,424.16178333114595,1,0,0,519.70001,336.29999,243,212.25,140.75,3,2,1,1,1,,,7832047,3466688.15
1720669500,407.89999,411,403.54999,405,415.14603790048903,422.4198030283145,0,0,0,519.70001,336.29999,243,212.25,140.75,3,2,1,1,,,,5944357,3673179.6
1720755900,406,410.45001,403.20001,404.35001,412.9868323203912,420.777094571195,0,0,0,519.70001,336.29999,243,212.25,140.75,3,2,1,1,,,,3075252,3751496.1
1721015100,406.39999,408.64999,399.35001,400.60001,410.509467856313,418.9428141556318,0,0,0,519.70001,336.29999,243,212.25,140.75,3,2,1,1,,,,1756731,3785125.6
1721101500,402,417.39999,402,415.29999,411.4675722850504,418.61164832330167,0,0,0,519.70001,336.29999,243,212.25,140.75,3,2,1,1,,,,4365562,3894688.15
1721274300,415.60001,417.79999,407.64999,413.25,411.8240578280403,418.12422574845607,0,0,0,519.70001,336.29999,243,212.25,140.75,3,2,1,1,,,,1687514,3659776
1721360700,413.29999,415,401.39999,411.79999,411.8192442624322,417.5492952258692,0,0,0,519.70001,336.29999,243,212.25,140.75,3,2,1,1,,,,2025916,3668297.6
1721619900,408.95001,413,401.54999,404.04999,410.2653934099458,416.32208565988105,0,0,0,519.70001,336.29999,243,212.25,140.75,3,2,1,1,,,,2616626,3706718.3
1721706300,405,407.39999,383,391.25,406.4623147279566,414.0428051453464,0,0,0,519.70001,336.29999,243,212.25,140.75,3,2,1,1,,,,2480211,3754095.85
1721792700,392.79999,397.04999,379.35001,380.54999,401.27984978236526,410.99800376849674,0,0,0,519.70001,336.29999,243,212.25,140.75,3,2,1,1,,,,3679219,3775219.8
1721879100,380.54999,385.5,364.25,365.64999,394.1538778258922,406.8754570622698,1,0,0,519.70001,336.29999,243,212.25,140.75,3,2,1,2,1,,,4951635,3962095.95
1721965500,370,379.39999,365.95001,375.70001,390.46310426071375,404.04132551115435,0,0,0,519.70001,336.29999,243,212.25,140.75,3,2,1,2,,,,5381537,4109775
1722224700,380,384.85001,377.54999,381.04999,388.580481408571,401.9512041010494,0,0,0,519.70001,336.29999,243,212.25,140.75,3,2,1,2,,,,2199811,4122668.25
1722311100,382.70001,385.5,369.70001,370.85001,385.0343871268568,399.12382281913585,0,0,0,519.70001,336.29999,243,212.25,140.75,3,2,1,2,,,,2799935,4166098.75
1722397500,373.75,376.45001,368,369.04999,381.83750770148544,396.38983801739624,0,0,0,519.70001,336.29999,243,212.25,140.75,3,2,1,2,,,,2730874,4234209.6
1722483900,370,372.70001,358.39999,359.79999,377.4300041611883,393.0634881976329,0,0,0,519.70001,336.29999,243,212.25,140.75,3,2,1,2,,,,3179246,4150485.95
1722570300,357.89999,364.85001,351,362.5,374.44400332895066,390.2849892705754,0,0,0,519.70001,336.29999,243,212.25,140.75,3,2,1,2,,,,2952287,4100194.4
1722829500,351,355.54999,343.5,345.75,368.70520266316055,386.2363538823413,0,1,0,519.70001,336.29999,243,212.25,140.75,3,3,1,2,,1,,2764797,3932136.55
1722915900,350.60001,354.5,341,342.5,363.46416213052845,382.2603217112194,0,0,0,519.70001,336.29999,243,212.25,140.75,3,3,1,2,,,,1996941,3731159.2
1723002300,348,354.29999,343.29999,351.85001,361.1413317044228,379.49574791929035,0,0,0,519.70001,336.29999,243,212.25,140.75,3,3,1,2,,,,1945243,3318287.05
1723088700,353,376.89999,350.10001,368.79999,362.67306336353823,378.52340629026395,0,0,0,519.70001,336.29999,243,212.25,140.75,3,3,1,2,,,,7646376,3309003.5
1723175100,372.89999,374.89999,362.5,365.79999,363.2984486908306,377.36673208205815,0,0,0,519.70001,336.29999,243,212.25,140.75,3,3,1,2,,,,2070301,3115300.7
1723434300,366,366.35001,356.35001,363.20001,363.27876095266447,376.0788482564165,0,0,0,519.70001,336.29999,243,212.25,140.75,3,3,1,2,,,,2077861,3065431.15
1723520700,363.20001,364.75,354.70001,356.14999,361.8530067621316,374.26713386946955,0,0,0,519.70001,336.29999,243,212.25,140.75,3,3,1,2,,,,1197247,3037456.95
1723607100,356.25,357.5,349.60001,354.35001,360.3524074097053,372.4564862449723,0,0,0,519.70001,336.29999,243,212.25,140.75,3,3,1,2,,,,1162325,2877295.1
1723779900,357.5,368.95001,356.60001,362.35001,360.7519279277642,371.53771567724755,0,0,0,519.70001,336.29999,243,212.25,140.75,3,3,1,2,,,,1513508,2868594.8
1724039100,364.10001,373.35001,361.60001,371,362.80154234221135,371.48883243386143,0,0,0,519.70001,336.29999,243,212.25,140.75,3,3,1,2,,,,1881962,2861397.1
1724125500,372.89999,402,371.39999,399.75,370.1912338737691,374.0580294853286,0,0,0,519.70001,336.29999,243,212.25,140.75,3,3,1,2,,,,12254894,3343310.5
1724211900,403,408,395,399.95001,376.14298909901527,376.41184589575323,0,0,0,519.70001,336.29999,243,212.25,140.75,3,3,1,2,,,,4622175,3450408.7
1724298300,403,407,392.64999,403,381.5143912792122,378.8289508143211,0,0,0,519.70001,336.29999,243,212.25,140.75,3,3,1,2,,,,2820365,3407466
1724384700,403,403.89999,398.79999,400.39999,385.29151102336976,380.78995437665554,0,0,0,519.70001,336.29999,243,212.25,140.75,3,3,1,2,,,,1458865,3232827.5
1724643900,402,409.5,396.10001,406.45001,389.5232108186958,383.1226867060505,0,0,0,519.70001,336.29999,243,212.25,140.75,3,3,1,2,,,,3122374,3119869.35
1724730300,407,407,399.79999,402.54999,392.12856665495667,384.8888051873186,0,0,0,519.70001,336.29999,243,212.25,140.75,3,3,1,2,,,,1258005,3072779.05
1724816700,402.39999,414,398.5,399.70001,393.64285532396536,386.23527835210785,0,0,0,519.70001,336.29999,243,212.25,140.75,3,3,1,2,,,,2706349,3068099.75
1724903100,399.10001,402.64999,390.10001,392.54999,393.4242822591723,386.80934304737076,0,0,0,519.70001,336.29999,243,212.25,140.75,3,3,1,2,,,,1575322,3010322.15
1724989500,393.89999,395.64999,387,387.29999,392.19942380733784,386.8539473157916,0,0,0,519.70001,336.29999,243,212.25,140.75,3,3,1,2,,,,2160953,2959407.5
1725248700,388,393.64999,385.75,388.20001,391.39954104587025,386.97631665071964,0,0,0,519.70001,336.29999,243,212.25,140.75,3,3,1,2,,,,1256973,2874641.8
1725335100,390,394.70001,383.5,384.39999,389.9996308366962,386.74210513701786,0,0,0,519.70001,336.29999,243,212.25,140.75,3,3,1,2,,,,1300302,2801417.05
1725421500,381.5,388,380.10001,385.25,389.04970466935697,386.6064592154708,0,0,0,519.70001,336.29999,243,212.25,140.75,3,3,1,2,,,,1169948,2760067.4
1725507900,386.95001,394.45001,385.25,390.10001,389.2597657354856,386.9240547413371,0,0,0,519.70001,336.29999,243,212.25,140.75,3,3,1,2,,,,1393848,2732497.65
1725594300,389,390.25,381.85001,385.29999,388.4678105883885,386.7764124921246,0,0,0,519.70001,336.29999,243,212.25,140.75,3,3,1,2,,,,1262695,2413313.6
1725853500,385,385.6,373.6,380.25,386.8242484707108,386.1831022655678,0,0,0,519.70001,336.29999,243,212.25,140.75,3,3,1,2,,,,1323190,2375958.05
1725939900,381,395.6,381,392.2,387.89939877656866,386.730092968698,0,0,0,519.70001,336.29999,243,212.25,140.75,3,3,1,2,,,,2125594,2378344.7
1726026300,393,401,391.25,394,389.1195190212549,387.39099360790726,0,0,0,519.70001,336.29999,243,212.25,140.75,3,3,1,2,,,,2277793,2432372
1726112700,396,404,393.5,396.75,390.6456152170039,388.2418123708248,0,0,0,519.70001,336.29999,243,212.25,140.75,3,3,1,2,,,,1863513,2467431.4
1726199100,398.95,405.5,395.95,400.6,392.63649217360313,389.36528397347706,0,0,0,519.70001,336.29999,243,212.25,140.75,3,3,1,2,,,,1949107,2489211.35
1726458300,401.8,405.9,392,394,392.9091937388825,389.7866217940701,0,0,0,519.70001,336.29999,243,212.25,140.75,3,3,1,2,,,,1232435,2456735
1726544700,394,403.95,389.6,400.2,394.36735499110597,390.7332925400637,0,0,0,519.70001,336.29999,243,212.25,140.75,3,3,1,2,,,,2160007,1951990.65
1726631100,402,406.3,393.95,396.35,394.76388399288476,391.24390230914884,0,0,0,519.70001,336.29999,243,212.25,140.75,3,3,1,2,,,,2369346,1839349.2
1726717500,398.5,403.5,390.15,397.4,395.2911071943078,391.8035475537717,0,0,0,519.70001,336.29999,243,212.25,140.75,3,3,1,2,,,,1595675,1778114.7
1726803900,397.3,405.9,393.55,405.15,397.26288575544623,393.01686141251975,0,0,0,519.70001,336.29999,243,212.25,140.75,3,3,1,2,,,,2977088,1854025.85
1727063100,405.5,409,399.05,400.9,397.990308604357,393.73351037501794,0,0,0,519.70001,336.29999,243,212.25,140.75,3,3,1,2,,,,1615114,1778662.85
1727149500,403.05,403.9,395.15,397.45,397.8822468834856,394.0713730681981,0,0,0,519.70001,336.29999,243,212.25,140.75,3,3,1,2,,,,1043492,1767937.2
1727235900,396.9,406.8,392.65,404.1,399.1257975067885,394.98306642563466,0,0,0,519.70001,336.29999,243,212.25,140.75,3,3,1,2,,,,2406766,1752958.05
1727322300,404.1,405,396.35,399.6,399.2206380054308,395.40278765966787,0,0,0,519.70001,336.29999,243,212.25,140.75,3,3,1,2,,,,1458774,1747130.65
1727408700,399.45,400.55,394.25,395.8,398.53651040434465,395.43889787242534,0,0,0,519.70001,336.29999,243,212.25,140.75,3,3,1,2,,,,1682338,1723199.9
1727667900,396,397.1,391.8,394.45,397.7192083234757,395.3489980658412,0,0,0,519.70001,336.29999,243,212.25,140.75,3,3,1,2,,,,1012736,1710988.05
1727754300,394,407.65,393.1,400.9,398.35536665878055,395.8536346053102,0,0,0,519.70001,336.29999,243,212.25,140.75,3,3,1,2,,,,2133464,1752646.15
1727927100,397.95,399.4,388.8,393.35,397.35429332702444,395.62603145937294,0,0,0,519.70001,336.29999,243,212.25,140.75,3,3,1,2,,,,1481737,1768235.6
1728013500,392,398,382.85,394.95,396.87343466161957,395.5645740539754,0,0,0,519.70001,336.29999,243,212.25,140.75,3,3,1,2,,,,2441727,1820629.55
1728272700,399,399.95,377.45,379.95,393.48874772929565,394.1450673217958,0,0,0,519.70001,336.29999,243,212.25,140.75,3,3,1,2,,,,1623683,1838678.95
1728359100,375,381.7,371.25,374.25,389.6409981834365,392.33642483799616,0,0,0,519.70001,336.29999,243,212.25,140.75,3,3,1,2,,,,1683333,1856686.1
1728445500,377.1,391.65,376.55,390.25,389.7627985467492,392.14674985272376,0,0,0,519.70001,336.29999,243,212.25,140.75,3,3,1,2,,,,1961176,1848465.2
1728531900,392.25,392.95,386.05,388.1,389.4302388373994,391.77886350247616,0,0,0,519.70001,336.29999,243,212.25,140.75,3,3,1,2,,,,866102,1777880.65
1728618300,386.4,388,380.05,380.7,387.6841910699195,390.77169409316014,0,0,0,519.70001,336.29999,243,212.25,140.75,3,3,1,2,,,,752564,1722333.2
1728877500,381.05,383.3,378.6,380.3,386.2073528559356,389.81972190287286,0,0,0,519.70001,336.29999,243,212.25,140.75,3,3,1,2,,,,548028,1652279.25
1728963900,381.2,381.5,377.95,379.9,384.94588228474845,388.9179290026117,0,0,0,519.70001,336.29999,243,212.25,140.75,3,3,1,2,,,,519600,1616637.5
1729050300,379.8,386.05,379.4,381,384.15670582779876,388.19811727510154,0,0,0,519.70001,336.29999,243,212.25,140.75,3,3,1,2,,,,553697,1536322
1729136700,382.6,383.85,373.6,376.45,382.615364662239,387.1301066137287,0,0,0,519.70001,336.29999,243,212.25,140.75,3,3,1,2,,,,741726,1454941
1729223100,377.4,378.45,370.35,376,381.2922917297912,386.11827873975335,0,0,0,519.70001,336.29999,243,212.25,140.75,3,3,1,2,,,,615531,1405933.8
1729482300,378.4,382.25,374.6,376.7,380.37383338383296,385.26207158159394,0,0,0,519.70001,336.29999,243,212.25,140.75,3,3,1,2,,,,1900112,1352085
1729568700,378,379.35,360.7,363.3,376.95906670706637,383.2655196196309,0,0,0,519.70001,336.29999,243,212.25,140.75,3,3,1,2,,,,2312880,1386973.3
1729655100,361.55,365.05,355.95,360.65,373.69725336565307,381.2095632905735,0,0,0,519.70001,336.29999,243,212.25,140.75,3,3,1,2,,,,1152526,1392425
1729741500,360.65,365.95,356.3,358.7,370.69780269252243,379.1632393550668,0,0,0,519.70001,336.29999,243,212.25,140.75,3,3,1,2,,,,686774,1306425.4
1729827900,358.9,360.2,287,297.05,355.96824215401796,371.69839941369713,0,0,0,519.70001,336.29999,243,212.25,140.75,3,3,4,2,,,,12657285,1866350.95
1730087100,290,326.25,270.05,319.65,348.7045937232144,366.96672673972466,0,1,0,519.70001,336.29999,243,212.25,140.75,3,3,4,3,,1,,20132899,2788879
1730173500,316.2,349.4,305.15,339.55,346.8736749785715,364.47429703611334,0,0,0,519.70001,336.29999,243,212.25,140.75,3,3,4,3,,,,19594115,3717947.95
1730259900,336.5,379,335,376,352.6989399828572,365.5220882146485,0,0,0,519.70001,336.29999,243,212.25,140.75,3,3,4,3,,,,25962408,4909395.15
1730346300,370,382.95,358.25,374.5,357.05915198628577,366.3382620133168,0,0,0,519.70001,336.29999,243,212.25,140.75,3,3,4,3,,,,6166440,5143630.3
1730464200,375.1,383.7,375.1,378.25,361.2973215890286,367.42114728483347,0,0,0,519.70001,336.29999,243,212.25,140.75,3,3,4,3,,,,922708,5067679.35
1730691900,374,381.8,361.05,375.8,364.1978572712229,368.1828611680304,0,0,0,519.70001,336.29999,243,212.25,140.75,3,3,4,3,,,,4435322,5208261.3
1730778300,379,379,364.9,369.85,365.32828581697834,368.334419243664,0,0,0,519.70001,336.29999,243,212.25,140.75,3,3,4,3,,,,1455043,5196846.8
1730864700,362.2,382,362.2,379.4,368.1426286535827,369.34038113060365,0,0,0,519.70001,336.29999,243,212.25,140.75,3,3,4,3,,,,2556751,5226625.55
1730951100,379.5,380,372.85,376.05,369.72410292286617,369.95034648236697,0,0,0,519.70001,336.29999,243,212.25,140.75,3,3,4,3,,,,855791,5226110
1731037500,370.65,374.25,364,365.9,368.95928233829295,369.58213316578815,0,0,0,383.7,270.05,,,,1,1,1,1,,,,1143999,5245681.75
1731296700,365.1,367.15,340.05,360.95,367.35742587063436,368.7973937870801,0,0,0,383.7,270.05,,,,1,1,1,1,,,,1068749,5271717.8
1731383100,362.35,371.9,359.55,361.65,366.21594069650746,368.1476307155274,0,0,0,383.7,270.05,,,,1,1,1,1,,,,1248305,5308153.05
1731469500,361.65,363.3,345.4,347.45,362.462752557206,366.2660279232067,0,0,0,383.7,270.05,,,,1,1,1,1,,,,1021221,5331529.25
1731555900,346,362.5,344.55,355.95,361.1602020457648,365.32820720291517,0,0,0,383.7,270.05,,,,1,1,1,1,,,,1456921,5367289
1731901500,355.95,360,351.4,356.3,360.1881616366118,364.50746109355924,0,0,0,383.7,270.05,,,,1,1,1,1,,,,746307,5373827.8
1731987900,359.5,364,355.55,358.3,359.81052930928945,363.94314644869024,0,0,0,383.7,270.05,,,,1,1,1,1,,,,733962,5315520.3
1732160700,356.4,362.75,350.15,360.2,359.88842344743153,363.6028604079002,0,0,0,383.7,270.05,,,,1,1,1,1,,,,854194,5242586
1732247100,360,363,353.85,355.65,359.04073875794523,362.8798730980911,0,0,0,383.7,270.05,,,,1,1,1,1,,,,727375,5221328.45
1732506300,359.95,366,355.65,360.05,359.2425910063562,362.6226119073555,0,0,0,383.7,270.05,,,,1,1,1,1,,,,1727891,5273384.3
1732592700,360.05,367,359.8,363.6,360.11407280508496,362.7114653703232,0,0,0,383.7,270.05,,,,1,1,1,1,,,,1735884,4727314.25
1732679100,363.65,365.6,361,362.65,360.621258244068,362.70587760938474,0,0,0,383.7,270.05,,,,1,1,1,1,,,,840331,3762685.85
1732765500,362.65,377,362.35,372.7,363.03700659525435,363.61443419034975,0,0,0,383.7,270.05,,,,1,1,1,1,,,,1845388,2875249.5
1732851900,373.2,374.9,343.95,354.45,361.3196052762035,362.7813038094089,0,0,0,383.7,270.05,,,,1,1,1,1,,,,6774182,1915838.2
1733111100,354.45,359.65,343.15,344.3,357.9156842209628,361.1011852812808,0,0,0,383.7,270.05,,,,1,1,1,1,,,,2667475,1740889.95
1733197500,345,351.7,340.7,348.55,356.04254737677024,359.96016843752795,0,0,0,383.7,270.05,,,,1,1,1,1,,,,2038867,1796697.9
1733283900,350,361.6,350,358.6,356.5540379014162,359.8365167613891,0,0,0,383.7,270.05,,,,1,1,1,1,,,,2617234,1705793.5
1733370300,360.8,361.4,355.5,358.45,356.93323032113295,359.71046978308095,0,0,0,383.7,270.05,,,,1,1,1,1,,,,1099527,1688017.7
1733456700,359,362.75,352,353.3,356.20658425690635,359.12769980280086,0,0,0,383.7,270.05,,,,1,1,1,1,,,,1688591,1644609.7
1733715900,351.75,362.9,341.6,359.85,356.9352674055251,359.1933634570917,0,0,0,383.7,270.05,,,,1,1,1,1,,,,4126996,1808169.95
1733802300,360.75,367,354.85,358.9,357.3282139244201,359.1666940519016,0,0,0,383.7,270.05,,,,1,1,1,1,,,,3009520,1901446
1733888700,357.05,373.3,356.7,364.35,358.73257113953605,359.6379036835469,0,0,0,383.7,270.05,,,,1,1,1,1,,,,3921844,2044100.75
1733975100,365,366.15,357.2,358.25,358.6360569116288,359.51173062140623,0,0,0,383.7,270.05,,,,1,1,1,1,,,,962688,2029819.9
1734061500,357.95,357.95,344.3,349.95,356.89884552930306,358.6424823830966,0,0,0,383.7,270.05,,,,1,1,1,1,,,,1895116,2073514.65
1734320700,350,351.35,343.1,344.95,354.5090764234424,357.3977112573605,0,0,0,383.7,270.05,,,,1,1,1,1,,,,1567587,2079047.95
1734407100,344,348.6,339.5,340.8,351.76726113875395,355.8888284157823,0,0,0,383.7,270.05,,,,1,1,1,1,,,,2455792,2164522.2
1734493500,339.9,339.9,327.1,329.85,347.38380891100314,353.5216621961657,1,0,0,383.7,270.05,,,,2,1,1,1,1,,,2916011,2273624.65
1734579900,325,328.8,321.8,324.4,342.7870471288025,350.8742383601506,0,0,0,383.7,270.05,,,,2,1,1,1,,,,1410699,2301449.9
1734666300,322,326.75,316.2,318.85,337.999637703042,347.9629439637733,0,0,0,383.7,270.05,,,,2,1,1,1,,,,1943922,2362277.25
1734925500,318.85,321.85,315.35,318.3,334.05971016243365,345.2663126943394,0,0,0,383.7,270.05,,,,2,1,1,1,,,,1170407,2334403.05
1735011900,316.4,327.55,315.5,321.95,331.6377681299469,343.1466479039449,0,0,0,383.7,270.05,,,,2,1,1,1,,,,2007306,2347974.15
1735184700,321,323.8,316.25,320.45,329.4002145039575,341.08331627631355,0,0,0,383.7,270.05,,,,2,1,1,1,,,,1046250,2358270.1
1735271100,319.95,323,318,320.65,327.650171603166,339.22574206937594,0,0,0,383.7,270.05,,,,2,1,1,1,,,,821868,2307094.1
1735530300,320.8,323.45,314.2,315.35,325.19013728253276,337.05522006306904,0,0,0,383.7,270.05,,,,2,1,1,1,,,,897685,2013269.25
1735616700,313.75,316.5,311.75,314.35,323.0221098260262,334.99110914824456,0,1,0,383.7,270.05,,,,3,1,1,1,,1,,698205,1914805.75
1735703100,314.9,318.75,313.25,314.1,321.237687860821,333.09191740749503,0,0,0,383.7,270.05,,,,3,1,1,1,,,,665442,1846134.5
1735789500,314.65,322.45,312.5,321.45,321.2801502886568,332.03356127954095,0,0,0,383.7,270.05,,,,3,1,1,1,,,,1566609,1793603.25
1735875900,324.35,326.25,318.05,319.6,320.9441202309254,330.90323752685543,0,0,0,383.7,270.05,,,,3,1,1,1,,,,1487335,1812993.65
1736135100,320.5,329.5,312,313.3,319.4152961847403,329.3029432062322,0,0,0,383.7,270.05,,,,3,1,1,1,,,,2254867,1841307.45
1736221500,314,319.5,312.6,316.6,318.8522369477923,328.14813018748384,0,0,0,383.7,270.05,,,,3,1,1,1,,,,4706192,1870267.25
1736307900,316,325.5,315.95,321.8,319.44178955823384,327.5710274431671,0,0,0,383.7,270.05,,,,3,1,1,1,,,,8264965,2133039.5
1736394300,320.5,322.75,312.6,313.45,318.24343164658706,326.28729767560645,0,0,0,383.7,270.05,,,,3,1,1,1,,,,1948953,2034394.95
1736480700,313.45,313.7,303.5,308.25,316.24474531726963,324.6475433414604,0,0,0,383.7,270.05,,,,3,1,1,1,,,,1790508,2075785.95
1736739900,301,308.95,300.15,302.25,313.44579625381573,322.6114030376913,0,0,0,383.7,270.05,,,,3,1,1,1,,,,2124362,2087248.25
1736826300,303.5,310.7,302.05,308.85,312.5266370030526,321.36036639790115,0,0,0,383.7,270.05,,,,3,1,1,1,,,,1363728,2077055.3
1736912700,311,314,307,310.25,312.07130960244206,320.350333089001,0,0,0,383.7,270.05,,,,3,1,1,1,,,,889244,1998727.9
1736999100,314.5,320.15,310.5,311.25,311.90704768195366,319.52303008091,0,0,0,383.7,270.05,,,,3,1,1,1,,,,1672061,1936530.4
1737085500,311.25,315.1,310,314.05,312.33563814556294,319.0254818917364,0,0,0,383.7,270.05,,,,3,1,1,1,,,,889751,1910483
1737344700,312.5,320.55,311.45,319.25,313.71851051645035,319.0458926288513,0,0,0,383.7,270.05,,,,3,1,1,1,,,,1539466,1890260.2
1737431100,319.5,330.95,318.05,323.85,315.7448084131603,319.48262966259205,0,0,0,383.7,270.05,,,,3,1,1,1,,,,4411476,2052313.65
1737517500,322.85,327.8,316.8,327.1,318.0158467305282,320.1751178750837,0,0,0,383.7,270.05,,,,3,1,1,1,,,,1516812,2027788.95
1737603900,328,334.25,327,332.8,320.9726773844226,321.32283443189425,0,0,0,383.7,270.05,,,,3,1,1,1,,,,1396610,2045306.95
1737690300,331,336.35,316,317,320.1781419075381,320.92984948354024,0,0,0,383.7,270.05,,,,3,1,1,1,,,,1065326,2057479.85
1737949500,314,319.95,307,309.55,318.05251352603045,319.8953177123093,0,0,0,383.7,270.05,,,,3,1,1,1,,,,1714757,2098333.45
1738035900,313.95,316.9,304.6,308.7,316.18201082082436,318.8775615566448,0,0,0,383.7,270.05,,,,3,1,1,1,,,,1387371,2132791.75
1738122300,309.2,327.75,306.65,314.9,315.9256086566595,318.5159650514953,0,0,0,383.7,270.05,,,,3,1,1,1,,,,2374589,2218249.1
1738208700,316.05,319.3,305.35,308.6,314.4604869253276,317.61451368317756,0,0,0,383.7,270.05,,,,3,1,1,1,,,,2505973,2265217.3
1738295100,308.5,313.75,305.4,310.4,313.6483895402621,316.9586488028887,0,0,0,383.7,270.05,,,,3,1,1,1,,,,1851313,2283416.2
1738381500,303,315.8,301.95,308.6,312.63871163220966,316.19877163898974,0,0,0,383.7,270.05,,,,3,1,1,1,,,,3610224,2351184.05
1738554300,305.15,312.5,303.05,308,311.7109693057677,315.4534287627179,0,0,0,383.7,270.05,,,,3,1,1,1,,,,2010682,2216408.55
1738640700,309.9,318.85,309.5,312.95,311.95877544461416,315.22584432974355,0,0,0,383.7,270.05,,,,3,1,1,1,,,,1359023,1871111.45
1738727100,315,318.55,313,317.2,313.00702035569134,315.4053130270396,0,0,0,383.7,270.05,,,,3,1,1,1,,,,1104992,1828913.4
1738813500,317.2,320.8,313.95,318.7,314.14561628455306,315.70483002458144,0,0,0,383.7,270.05,,,,3,1,1,1,,,,1813885,1830082.25
1738899900,320.15,326.4,313.6,316.7,314.65649302764245,315.79530002234674,0,0,0,383.7,270.05,,,,3,1,1,1,,,,1927372,1820232.75
1739159100,314.95,315.7,306.6,309.4,313.605194422114,315.2139091112243,0,0,0,383.7,270.05,,,,3,1,1,1,,,,1151699,1809631.3
1739245500,309.8,309.8,296.6,299.65,310.8141555376912,313.7990082829312,0,0,0,383.7,270.05,,,,3,1,1,1,,,,2054091,1867873.65
1739331900,300,301.25,287.9,291.5,306.95132443015297,311.77182571175564,0,0,0,383.7,270.05,,,,3,1,1,1,,,,1865540,1877547.6
1739418300,292,307.5,290.3,298.7,305.3010595441224,310.58347791977786,0,0,0,383.7,270.05,,,,3,1,1,1,,,,1909739,1928547
1739504700,299,300.75,284.9,286.55,301.5508476352979,308.39861629070714,0,0,0,383.7,270.05,,,,3,1,1,1,,,,1726981,1937922.75
1739763900,289.5,293,282.15,285.3,298.3006781082383,306.29874208246105,0,0,0,383.7,270.05,,,,3,1,1,1,,,,1304830,1782590.45
1739850300,286.05,291.65,279.6,290.6,296.7605424865906,304.87158371132824,0,0,0,383.7,270.05,,,,3,1,1,1,,,,1770214,1795260.55
1739936700,288.7,293,282.75,285.6,294.5284339892725,303.11962155575293,0,0,0,383.7,270.05,,,,3,1,1,1,,,,1336296,1792244.85
1740023100,286,291.45,283.45,290.35,293.692747191418,301.9587468688663,0,0,0,383.7,270.05,,,,3,1,1,1,,,,851069,1781532
1740109500,291.85,301.7,288.2,290.6,293.0741977531344,300.9261335171512,0,0,0,383.7,270.05,,,,3,1,1,1,,,,2513441,1821466.2
1740368700,286.45,287.1,280.2,282.95,291.0493582025075,299.29193956104655,0,0,0,383.7,270.05,,,,3,1,1,1,,,,1324006,1818297.95
1740455100,283.2,288.7,275,276.2,288.079486562006,297.19267232822415,0,0,0,383.7,270.05,,,,3,1,1,1,,,,1159971,1757567.05
1740627900,277.3,291.95,277.2,282.95,287.05358924960484,295.89788393474925,0,0,0,383.7,270.05,,,,3,1,1,1,,,,4415013,1853019.05
1740714300,280,284,270,281.3,285.9028713996839,294.5708035770448,0,0,0,383.7,270.05,,,,3,1,1,1,,,,2130052,1866956
1740973500,280.95,283.55,268.1,273.8,283.4822971197471,292.68254870640436,0,0,0,383.7,270.05,,,,3,1,1,1,,,,1658996,1769394.6
1741059900,268,280,267.2,276.25,282.0358376957977,291.1886806421858,0,0,0,383.7,270.05,,,,3,1,1,1,,,,2001924,1768956.7
1741146300,276,287,271.95,285.25,282.67867015663813,290.64880058380527,0,0,0,383.7,270.05,,,,3,1,1,1,,,,1681550,1785083.05
1741232700,287.45,291.25,284.7,286.25,283.3929361253105,290.24890962164113,0,0,0,383.7,270.05,,,,3,1,1,1,,,,1389075,1799287.2
1741319100,286.5,290.35,285.05,288.45,284.4043489002484,290.08537238331013,0,0,0,383.7,270.05,,,,3,1,1,1,,,,973843,1757285.1
1741578300,290,294.8,287.5,289.05,285.3334791201987,289.991247621191,0,0,0,383.7,270.05,,,,3,1,1,1,,,,1518219,1736827.45
1741664700,288,293,280.8,283.85,285.036783296159,289.4329523829009,0,0,0,383.7,270.05,,,,3,1,1,1,,,,1406069,1749545.95
1741751100,282.95,286,277.6,282.85,284.5994266369272,288.8345021662736,0,0,0,383.7,270.05,,,,3,1,1,1,,,,1293480,1711515.4
1741837500,282.85,285,280.05,281.35,283.94954130954176,288.1540928784305,0,0,0,383.7,270.05,,,,3,1,1,1,,,,1525731,1694524.95
1742183100,282,291,281.35,289.65,285.0896330476334,288.29008443493683,0,0,0,383.7,270.05,,,,3,1,1,1,,,,2066710,1702373.5
1742269500,291.8,306.9,290.7,306.25,289.32170643810673,289.92280403176073,0,0,0,383.7,270.05,,,,3,1,1,1,,,,3354882,1783768.55
1742355900,309.9,325,309.15,323.6,296.1773651504854,292.9843673016007,0,0,0,383.7,270.05,,,,3,1,1,1,,,,3086897,1872871.9
1742442300,326,326.65,317.15,318.2,300.5818921203883,295.2766975469097,0,0,0,383.7,270.05,,,,3,1,1,1,,,,1579465,1863334.45
1742528700,318.1,337.9,318,334.8,307.42551369631065,298.8697250426452,0,0,0,383.7,270.05,,,,3,1,1,1,,,,5791649,2086102.1
1742787900,338,354.35,337.25,347.3,315.4004109570485,303.27247731149566,0,0,0,383.7,270.05,,,,3,1,1,1,,,,5717226,2329409.95
1742874300,347.8,352.45,342,346.55,321.6303287656388,307.20679755590515,0,0,0,383.7,270.05,,,,3,1,1,1,,,,2323159,2319895.85
1742960700,347,356.95,339.75,342.25,325.75426301251105,310.39254323264106,0,0,0,383.7,270.05,,,,3,1,1,1,,,,6508185,2579104.8
1743047100,341.35,348.4,335,338.6,328.3234104100088,312.95685748421914,0,0,0,383.7,270.05,,,,3,1,1,1,,,,4136101,2727911.3
1743133500,339.25,352.9,338.35,350.45,332.7487283280071,316.3653249856538,0,0,0,383.7,270.05,,,,3,1,1,1,,,,4197052,2717013.25
1743479100,350.45,354,341.05,349.4,336.0789826624057,319.3684772596853,0,0,0,383.7,270.05,,,,3,1,1,1,,,,2057895,2713405.4
1743565500,349.05,351,343,348.25,338.5131861299245,321.9940702360775,0,0,0,383.7,270.05,,,,3,1,1,1,,,,1021391,2681525.15
1743651900,346.2,364.7,346.1,362.5,343.3105489039396,325.6764274873432,0,0,0,383.7,270.05,,,,3,1,1,1,,,,3181587,2740508.3
1743738300,362.05,362.45,349.15,353.05,345.2584391231517,328.1649340794029,0,0,0,383.7,270.05,,,,3,1,1,1,,,,1916704,2752266
1743997500,318,349,318,345.6,345.32675129852134,329.7499400721844,0,0,0,383.7,270.05,,,,3,1,1,1,,,,2985731,2832098.8
1744083900,354.9,356.75,346.3,354.5,347.1614010388171,331.99994552016767,0,0,0,383.7,270.05,,,,3,1,1,1,,,,1475422,2857177.75
1744170300,353,354.45,346.75,352.25,348.17912083105364,333.8408595637888,0,0,0,383.7,270.05,,,,3,1,1,1,,,,1114918,2837012.7
1744343100,356,367.9,356,366.3,351.8032966648429,336.7916905125353,0,0,0,383.7,270.05,,,,3,1,1,1,,,,1813078,2857363.15
1744688700,374.5,384.9,369.65,382.25,357.8926373318743,340.9242641023048,0,0,0,383.7,270.05,,,,3,1,1,1,,,,2721886,2928783.45
1744775100,386,386.8,379.4,383.8,363.07410986549945,344.82205827482255,0,0,0,383.7,270.05,,,,3,1,1,1,,,,1807101,2942851.95
1744861500,385.7,391,383.25,384.65,367.3892878923996,348.4427802498387,0,0,0,383.7,270.05,,,,3,1,1,1,,,,1642443,2921638.6
1745207100,386.55,399.6,384.1,396.65,373.24143031391964,352.8252547725806,0,0,0,383.7,270.05,,,,3,1,1,1,,,,1931086,2850448.8
1745293500,396.65,408.4,393.25,407.65,380.1231442511357,357.8093225205278,0,0,0,383.7,270.05,,,,3,1,1,1,,,,2802135,2836210.7
1745379900,408.8,416.75,397.6,402.7,384.6385154009086,361.89029320047985,0,0,0,383.7,270.05,,,,3,1,1,1,,,,2622945,2888384.7
1745466300,403,405.7,394.05,396.35,386.9808123207269,365.02299381861803,0,0,0,383.7,270.05,,,,3,1,1,1,,,,2720935,2734849
1745552700,397.9,398.9,378,380.4,385.6646498565815,366.4209034714709,0,0,0,383.7,270.05,,,,3,1,1,1,,,,2847797,2591377.55
1745811900,369,387,363.5,385.65,385.6617198852652,368.16900315588265,0,0,0,383.7,270.05,,,,3,1,1,1,,,,4331799,2691809.55
1745898300,385.6,391,381.2,383.8,385.28937590821215,369.59000286898424,0,0,0,383.7,270.05,,,,3,1,1,1,,,,2550064,2493903.5
1745984700,385,388.45,372.35,375.25,383.28150072656973,370.1045480627129,0,0,0,416.75,267.2,,,,1,1,1,1,,,,1284119,2351304.4
1746157500,375.25,384,374.45,378.15,382.2552005812558,370.8359527842845,0,0,0,416.75,267.2,,,,1,1,1,1,,,,1122249,2197564.25
1746416700,379,395.55,379,387.9,383.38416046500464,372.38722980389497,0,0,0,416.75,267.2,,,,1,1,1,1,,,,1707299,2180034.45
1746503100,387,388.2,368,369.55,380.6173283720037,372.1292998217227,0,0,0,416.75,267.2,,,,1,1,1,1,,,,1173717,2187650.75
1746589500,373.45,387.7,371,383.25,381.14386269760297,373.14027256520245,0,0,0,416.75,267.2,,,,1,1,1,1,,,,3153446,2186243.7
1746675900,384.6,388.2,368.1,371.2,379.1550901580824,372.9638841501841,0,0,0,416.75,267.2,,,,1,1,1,1,,,,716648,2126240.9
1746762300,362.15,373.5,362.15,372,377.7240721264659,372.87625831834913,0,0,0,416.75,267.2,,,,1,1,1,1,,,,1604197,2057164.2
1747021500,377.1,389.4,377.05,385.55,379.28925770117274,374.02841665304464,0,0,0,416.75,267.2,,,,1,1,1,1,,,,1626182,2064702.2
1747107900,386.1,390,379.05,383.3,380.0914061609382,374.8712878664042,0,0,0,416.75,267.2,,,,1,1,1,1,,,,1205463,2069229.45
1747194300,385,393.6,383.3,390.35,382.1431249287506,376.2784435149129,0,0,0,416.75,267.2,,,,1,1,1,1,,,,1504573,2053804.2
1747280700,392,395.9,389.1,389.9,383.69449994300044,377.516766831739,0,0,0,416.75,267.2,,,,1,1,1,1,,,,1007934,1968106.6
1747367100,391,397.1,388.8,395.15,385.98559995440036,379.11978802885363,0,0,0,416.75,267.2,,,,1,1,1,1,,,,1189194,1937211.25
1747626300,395.15,398.8,391.6,395.25,387.8384799635203,380.5861709353215,0,0,0,416.75,267.2,,,,1,1,1,1,,,,920982,1901138.2
1747712700,395.3,397.7,388,392.05,388.6807839708162,381.6283372139286,0,0,0,416.75,267.2,,,,1,1,1,1,,,,1531198,1881143.8
1747799100,394.5,398,388.9,397.2,390.38462717665294,383.0439429217533,0,0,0,416.75,267.2,,,,1,1,1,1,,,,845767,1783325.4
1747885500,395.9,397.9,389.1,395.55,391.41770174132233,384.1808572015939,0,0,0,416.75,267.2,,,,1,1,1,1,,,,1036720,1704014.15
1747971900,394.5,400.95,391.65,397,392.53416139305784,385.3462338196308,0,0,0,416.75,267.2,,,,1,1,1,1,,,,987526,1617343.7
1748231100,397,404.55,395,396.3,393.28732911444627,386.3420307451189,0,0,0,416.75,267.2,,,,1,1,1,1,,,,1018903,1525899
1748317500,395.15,401.8,392.75,400.25,394.679863291557,387.6063915864717,0,0,0,416.75,267.2,,,,1,1,1,1,,,,816786,1350148.35
1748403900,402.6,402.7,395.25,401.1,395.9638906332456,388.83308326042885,0,0,0,416.75,267.2,,,,1,1,1,1,,,,975467,1271418.5
1748490300,403,407.3,401.1,403.65,397.5011125065965,390.18007569129895,0,0,0,416.75,267.2,,,,1,1,1,1,,,,1469015,1280663.3
1748576700,404,406,397,403.75,398.7508900052772,391.4137051739081,0,0,0,416.75,267.2,,,,1,1,1,1,,,,788870,1263994.35
1748835900,404.35,411.8,402,407.3,400.46071200422176,392.8579137944619,0,0,0,416.75,267.2,,,,1,1,1,1,,,,1125342,1234896.5
1748922300,409,413.8,401.35,402.45,400.8585696033774,393.72992163132903,0,0,0,416.75,267.2,,,,1,1,1,1,,,,1054216,1228921.45
1749008700,403,404.25,396.7,401.65,401.01685568270193,394.44992875575366,0,0,0,416.75,267.2,,,,1,1,1,1,,,,549955,1098746.9
1749095100,401.75,406.9,399.5,405,401.81348454616153,395.4090261415942,0,0,0,416.75,267.2,,,,1,1,1,1,,,,773750,1101602
1749181500,404.9,423.75,402.85,421.1,405.6707876369292,397.7445692196311,0,0,0,416.75,267.2,,,,1,1,1,1,,,,3648823,1203833.3
1749440700,426.9,433.7,424.35,431.25,410.78663010954335,400.7905174723919,0,0,0,416.75,267.2,,,,1,1,1,1,,,,3375077,1291278.05
1749527100,432,434.05,425,426.75,413.97930408763466,403.1504704294472,0,0,0,416.75,267.2,,,,1,1,1,1,,,,1283872,1295198.5
1749613500,426.9,431.5,421.8,426.4,416.46344327010775,405.26406402677014,0,0,0,416.75,267.2,,,,1,1,1,1,,,,1045875,1272263.6
1749699900,424,429.4,419.95,422.8,417.7307546160862,406.8582400243365,0,0,0,416.75,267.2,,,,1,1,1,1,,,,1422843,1293009.05
1749786300,409.2,420.05,407.95,416.6,417.50460369286895,407.74385456757864,0,0,0,416.75,267.2,,,,1,1,1,1,,,,882218,1277660.25
1750045500,414.05,421.9,409.2,420.15,418.03368295429516,408.871685970526,0,0,0,416.75,267.2,,,,1,1,1,1,,,,547751,1258998.7
1750131900,420,424.15,418,420.9,418.6069463634361,409.96516906411455,0,0,0,434.05,267.2,,,,1,1,1,1,,,,700477,1217462.65
1750218300,420.85,425.95,417.1,419,418.6855570907489,410.7865173310132,0,0,0,434.05,267.2,,,,1,1,1,1,,,,492064,1199777.5
1750304700,419,421.9,410.55,411.7,417.2884456725991,410.869561210012,0,0,0,434.05,267.2,,,,1,1,1,1,,,,1102359,1203059.45
1750391100,411.75,420.8,407.7,414.9,416.81075653807926,411.23596473637457,0,0,0,434.05,267.2,,,,1,1,1,1,,,,1990017,1253184
1750650300,409.1,439.5,409.1,437.55,420.95860523046343,413.62814976034053,0,0,0,434.05,267.2,,,,1,1,1,1,,,,4847503,1444614
1750736700,437.5,454.35,434.35,444.05,425.5768841843707,416.3937725094005,0,0,0,434.05,267.2,,,,1,1,1,1,,,,6949587,1751254.05
1750823100,444.5,447.5,433.2,438.7,428.2015073474966,418.42161137218227,0,0,0,434.05,267.2,,,,1,1,1,1,,,,2615905,1833275.95
1750909500,442.9,451.5,436.1,449.65,432.4912058779973,421.26055579289294,0,0,0,434.05,267.2,,,,1,1,1,1,,,,2485005,1884075.45
1750995900,449.2,458.05,446.8,455.75,437.1429647023978,424.39595981172084,0,0,0,434.05,267.2,,,,1,1,1,1,,,,2082063,1948735.1
1751255100,451.65,467.55,451.65,466.05,442.9243717619183,428.18269073792806,0,0,0,434.05,267.2,,,,1,1,1,1,,,,2589703,2021953.15
1751341500,464.1,469,460.35,464.05,447.1494974095346,431.44335521629824,0,0,0,434.05,267.2,,,,1,1,1,1,,,,1960276,2067256.15
1751427900,464.1,467.4,458.35,464.55,450.6295979276277,434.45305019663476,0,0,0,434.05,267.2,,,,1,1,1,1,,,,950547,2087285.75
1751514300,462,468.65,462,466.4,453.7836783421021,437.35731836057704,0,0,0,434.05,267.2,,,,1,1,1,1,,,,811777,2089187.1
1751600700,468,483.4,467,472.55,457.5369426736817,440.55665305507006,0,0,0,434.05,267.2,,,,1,1,1,1,,,,4180934,2115792.65
1751859900,472.4,472.4,462.7,468.3,459.68955413894537,443.07877550460915,0,0,0,434.05,267.2,,,,1,1,1,1,,,,1016015,1997839.55
1751946300,466.1,472.75,466.1,470.15,461.7816433111563,445.53979591328107,0,0,0,434.05,267.2,,,,1,1,1,1,,,,1912376,2029264.75
1752032700,471.9,473.2,466.2,468.75,463.17531464892505,447.64981446661915,0,0,0,434.05,267.2,,,,1,1,1,1,,,,1294233,2041682.65
1752119100,469.1,471.9,466.1,467.3,464.00025171914007,449.4361949696538,0,0,0,434.05,267.2,,,,1,1,1,1,,,,538504,1997465.7
1752205500,464.05,467.8,450.05,454.8,462.16020137531206,449.9238136087762,0,0,0,483.4,267.2,,,,1,1,1,1,,,,807991,1993754.35
1752464700,453.25,456.8,445.4,454.55,460.63816110024965,450.3443760079783,0,0,0,483.4,267.2,,,,1,1,1,1,,,,1201028,2026418.2
1752551100,455.8,457.7,451.3,454.1,459.3305288801997,450.68579637088936,0,0,0,483.4,267.2,,,,1,1,1,1,,,,509586,2016873.65
1752637500,454.1,456.9,448.3,453.4,458.1444231041598,450.932542155354,0,0,0,483.4,267.2,,,,1,1,1,1,,,,455356,2015038.25
1752723900,456,456,445.65,447.8,456.0755384833278,450.6477655957764,0,0,0,483.4,267.2,,,,1,1,1,1,,,,460208,1982930.7
1752810300,449.2,457.3,446.45,452.2,455.3004307866623,450.7888778143422,0,0,0,483.4,267.2,,,,1,1,1,1,,,,1464478,1956653.75
1753069500,453.5,465.9,453.5,458.85,456.01034462932984,451.52170710394745,0,0,0,483.4,267.2,,,,1,1,1,1,,,,2683674,1848462.3
1753155900,461.5,465.3,451,452.4,455.28827570346385,451.6015519126795,0,0,0,483.4,267.2,,,,1,1,1,1,,,,813900,1541677.95
1753242300,454.9,456.15,442.5,446.45,453.52062056277106,451.1332290115268,0,0,0,483.4,267.2,,,,1,1,1,1,,,,763033,1449034.35
1753328700,446.45,446.45,430.2,432.45,449.30649645021686,449.4347536468425,0,0,0,483.4,267.2,,,,1,1,1,1,,,,1609705,1405269.35
1753415100,431,431,406.8,413.3,442.1051971601735,446.1497760425841,0,0,0,483.4,267.2,,,,1,1,1,1,,,,3003450,1451338.7
1753674300,421.65,444.9,417.1,420.65,437.81415772813875,443.83161458416737,0,0,0,483.4,267.2,,,,1,1,1,1,,,,13211757,1982441.4
1753760700,421.7,421.7,401.1,415.65,433.381326182511,441.26964962197036,0,0,0,483.4,267.2,,,,1,1,1,1,,,,3715939,2070224.55
1753847100,413.9,426.4,411.9,414,429.50506094600877,438.7905905654276,0,0,0,483.4,267.2,,,,1,1,1,1,,,,1349554,2090174.9
1753933500,409.6,430.6,409.25,422.25,428.054048756807,437.2869005140251,0,0,0,483.4,267.2,,,,1,1,1,1,,,,2267648,2162968.45
1754019900,424.3,424.85,411,419.35,426.3132390054456,435.65627319456826,0,0,0,483.4,267.2,,,,1,1,1,1,,,,1833701,2045606.8
1754279100,418.65,432.5,414.05,431.1,427.2705912043565,435.2420665405166,0,0,0,483.4,267.2,,,,1,1,1,1,,,,1392947,2064453.4
1754365500,430,440.5,424.2,438.4,429.4964729634852,435.52915140046963,0,0,0,483.4,267.2,,,,1,1,1,1,,,,1309339,2034301.55
1754451900,438,443.55,432.45,440.4,431.67717837078817,435.97195581860876,0,0,0,483.4,267.2,,,,1,1,1,1,,,,1112061,2025192.95
1754538300,440,446,436.5,444.5,434.2417426966305,436.7472325623716,0,0,0,483.4,267.2,,,,1,1,1,1,,,,977142,2047124.85
1754624700,444.5,445,432.6,434.3,434.2533941573044,436.5247568748833,0,0,0,483.4,267.2,,,,1,1,1,1,,,,587328,2036091.7
1754883900,434.3,443.4,432.6,442.45,435.89271532584354,437.063415340803,0,0,0,483.4,267.2,,,,1,1,1,1,,,,570685,2004574.55
1754970300,442.75,450.9,440.65,446.75,438.0641722606748,437.9440139461845,0,0,0,483.4,267.2,,,,1,1,1,1,,,,841062,2021148.35
1755056700,448.05,457.25,448.05,451.75,440.80133780853987,439.19910358744045,0,0,0,483.4,267.2,,,,1,1,1,1,,,,1117629,2054262
1755143100,452.05,461,452.05,455.75,443.7910702468319,440.70373053403677,0,0,0,483.4,267.2,,,,1,1,1,1,,,,841917,2073347.45
1755488700,458,474.25,458,467.9,448.61285619746553,443.1761186673061,0,0,0,483.4,267.2,,,,1,1,1,1,,,,1666630,2083455.05
1755575100,469,470.4,461.7,469.75,452.8402849579724,445.5919260611874,0,0,0,483.4,267.2,,,,1,1,1,1,,,,727061,1985624.4
1755661500,469.2,469.2,461.75,462.8,454.83222796637796,447.15629641926125,0,0,0,483.4,267.2,,,,1,1,1,1,,,,459875,1967923.15
1755747900,463,466.3,449.45,450.75,454.01578237310235,447.48299674478295,0,0,0,483.4,267.2,,,,1,1,1,1,,,,756245,1967583.75
1755834300,451,467,449.55,465.5,456.3126258984819,449.12090613162087,0,0,0,483.4,267.2,,,,1,1,1,1,,,,1707005,1972448.75
1756093500,465.9,470.95,462.9,467.7,458.5901007187855,450.8099146651099,0,0,0,483.4,267.2,,,,1,1,1,1,,,,1338551,1889203.8
1756179900,466.95,469.9,450.65,452.7,457.41208057502837,450.9817406046453,0,0,0,483.4,267.2,,,,1,1,1,1,,,,1161972,1286714.55
1756352700,452.95,455.2,421.4,429.6,451.8496644600227,449.03794600422304,0,0,0,483.4,267.2,,,,1,1,1,1,,,,3079415,1254888.35
1756439100,428.45,433.5,423.05,431.55,447.78973156801817,447.44813273111185,0,0,0,483.4,267.2,,,,1,1,1,1,,,,989138,1236867.55
1756698300,431.65,433.2,426.1,428.7,443.97178525441456,445.7437570282835,0,0,0,483.4,267.2,,,,1,1,1,1,,,,758691,1161419.7
1756784700,431,433.05,424.4,425.75,440.32742820353167,443.92614275298496,0,0,0,483.4,267.2,,,,1,1,1,1,,,,957757,1117622.5
1756871100,425.95,445,424,442.95,440.85194256282534,443.8374025027136,0,0,0,483.4,267.2,,,,1,1,1,1,,,,974022,1096676.25
1756957500,444.05,452.8,430.6,432.75,439.2315540502603,442.8294568206487,0,0,0,483.4,267.2,,,,1,1,1,1,,,,1042845,1083351.55
1757043900,436.3,438.25,430.6,431.6,437.70524324020823,441.80859710968065,0,0,0,483.4,267.2,,,,1,1,1,1,,,,378565,1046676.75
1757303100,432.85,435,427.05,428.9,435.9441945921666,440.6350882815279,0,0,0,483.4,267.2,,,,1,1,1,1,,,,269428,1011291.05
1757389500,430,435,426.6,430.9,434.9353556737333,439.75008025593445,0,0,0,483.4,267.2,,,,1,1,1,1,,,,424106,1003129.95
1757475900,430.4,453,430.4,450.45,438.0382845389866,440.7228002326677,0,0,0,483.4,267.2,,,,1,1,1,1,,,,1900526,1069622
1757562300,449,452.45,436.9,438.4,438.1106276311893,440.5116365751524,0,0,0,483.4,267.2,,,,1,1,1,1,,,,620172,1058577.5
1757648700,441.9,444.35,437.4,439.45,438.37850210495145,440.41512415922944,0,0,0,483.4,267.2,,,,1,1,1,1,,,,575155,1031453.8
1757907900,437.5,447.5,435.7,439.15,438.53280168396117,440.3001128720268,0,0,0,483.4,267.2,,,,1,1,1,1,,,,792558,1028985.85
1757994300,439.2,447.7,438.5,441.85,439.19624134716895,440.4410117018425,0,0,0,483.4,267.2,,,,1,1,1,1,,,,3223407,1106824.7
1758080700,443.55,456.75,442.8,447.1,440.77699307773514,441.0463742744023,0,0,0,483.4,267.2,,,,1,1,1,1,,,,1850309,1162987.1
1758167100,453,513.35,451,502.1,453.04159446218813,446.59670388582026,0,0,0,483.4,267.2,,,,1,1,1,1,,,,66654495,4472718.1
1758253500,502.1,509,493.45,500.25,462.4832755697505,451.4742762598366,0,0,0,483.4,267.2,,,,1,1,1,1,,,,9163262,4893068.95
1758512700,498,501.35,482.3,484.45,466.8766204558004,454.4720693271242,0,0,0,483.4,267.2,,,,1,1,1,1,,,,3312490,4973343.2
1758599100,485.95,489.4,478.45,482.95,470.0912963646403,457.06097211556744,0,0,0,483.4,267.2,,,,1,1,1,1,,,,1123046,4962567.95
1758685500,482.95,493.9,480,485.5,473.1730370917122,459.6463382868795,0,0,0,483.4,267.2,,,,1,1,1,1,,,,2014592,5005198.95
1758771900,484.9,501,481,493.45,477.22842967336976,462.7193984426177,0,0,0,513.35,267.2,,,,1,1,1,1,,,,2930030,4997729.7
1758858300,488.65,492.5,481.55,485.25,478.8327437386958,464.76763494783427,0,0,0,513.35,267.2,,,,1,1,1,1,,,,870181,4991781.85
1759117500,490.25,506.2,487.25,501.5,483.3661949909566,468.1069408616675,0,0,0,513.35,267.2,,,,1,1,1,1,,,,4087102,5158202.4
1759203900,502,503.7,487.25,497.6,486.2129559927653,470.7881280560614,0,0,0,513.35,267.2,,,,1,1,1,1,,,,1562738,5188451.45
1759290300,501.1,506,489.35,502.25,489.4203647942122,473.6482982327831,0,0,0,513.35,267.2,,,,1,1,1,1,,,,1534963,5216498.5
1759463100,505,528.8,499.35,524.4,496.41629183536975,478.26208930253006,0,0,0,513.35,267.2,,,,1,1,1,1,,,,5528559,5440784.2
1759722300,530,570.4,511.5,531.45,503.4230334682958,483.09735391139094,0,0,0,513.35,267.2,,,,1,1,1,1,,,,23134466,6578579.25
1759808700,531.5,545,526.75,537,510.1384267746366,487.9975944649008,0,0,0,513.35,267.2,,,,1,1,1,1,,,,4003402,6765277.95
1759895100,534.9,535.95,516.9,526.55,513.4207414197093,491.5023586044553,0,0,0,513.35,267.2,,,,1,1,1,1,,,,2234852,6855815.25
1759981500,526.55,533.9,524.2,530.85,516.9065931357675,495.0794169131412,0,0,0,513.35,267.2,,,,1,1,1,1,,,,1023794,6811978.65
1760067900,530.85,533.35,527.1,529.15,519.355274508614,498.17674264831015,0,0,0,513.35,267.2,,,,1,1,1,1,,,,614025,6811671.3
1760327100,526.55,532.7,523.25,528.35,521.1542196068912,500.91976604391834,0,0,0,570.4,267.2,243,212.25,140.75,1,1,1,1,,,,954531,6830640.1
1760413500,531.4,535.5,514.1,517.2,520.3633756855129,502.399787312653,0,0,0,570.4,267.2,243,212.25,140.75,1,1,1,1,,,,1168976,6849461
1760499900,514.05,544.1,514.05,542.5,524.7907005484103,506.0452611933209,0,0,0,570.4,267.2,243,212.25,140.75,1,1,1,1,,,,2424636,6809522.45
1760586300,544.8,544.8,534.5,539.4,527.7125604387282,509.0775101757463,0,0,0,570.4,267.2,243,212.25,140.75,1,1,1,1,,,,958609,6764937.45
1760672700,539.4,539.4,524.25,526.4,527.4500483509826,510.6522819779512,0,0,0,570.4,267.2,243,212.25,140.75,1,1,1,1,,,,1198367,3492131.05
1760931900,530,531.7,503.25,511.9,524.340038680786,510.76571088904655,0,0,0,570.4,267.2,243,212.25,140.75,1,1,1,1,,,,3060397,3186987.8
1761034500,516,518.9,512,514.9,522.4520309446289,511.14155535367865,0,0,0,570.4,267.2,243,212.25,140.75,1,1,1,1,,,,275387,3035132.65
1761191100,516,517.9,487,489.65,515.8916247557031,509.1877775942533,0,0,0,570.4,267.2,243,212.25,140.75,1,1,1,1,,,,1719301,3064945.4
1761277500,492.05,493,483.15,484.55,509.62329980456246,506.9479796311394,0,0,0,570.4,267.2,243,212.25,140.75,1,1,1,1,,,,958487,3012140.15
1761536700,486,512.5,481.5,490.4,505.77863984364996,505.4436178464903,0,0,0,570.4,267.2,243,212.25,140.75,1,1,1,1,,,,6105370,3170907.15
1761623100,491.05,503.6,489.15,493.45,503.31291187491996,504.35328895135484,0,0,0,570.4,267.2,243,212.25,140.75,1,1,1,1,,,,1727764,3213786.3
1761709500,493.45,493.9,480,487.8,500.210329499936,502.84844450123165,0,0,0,570.4,267.2,243,212.25,140.75,1,1,1,1,,,,1654852,3092173.8
1761795900,487.8,488.35,480.4,483.05,496.7782635999488,501.0485859102106,0,0,0,570.4,267.2,243,212.25,140.75,1,1,1,1,,,,681219,3048097.85
1761882300,484.4,492.85,478.8,481.85,493.79261087995906,499.30325991837327,0,0,0,570.4,267.2,243,212.25,140.75,1,1,1,1,,,,1169566,3029828
1762141500,479,487.9,472.85,474.6,489.9540887039673,497.05750901670297,0,0,0,570.4,267.2,243,212.25,140.75,1,1,1,1,,,,1429196,2824859.85
1762227900,475,487.8,470,472.65,486.4932709631738,494.83864456063907,0,0,0,570.4,267.2,243,212.25,140.75,1,1,1,1,,,,1481997,1742236.4
1762400700,472.65,474,460,462.9,481.77461677053907,491.9351314187628,0,0,0,570.4,267.2,243,212.25,140.75,1,1,1,1,,,,932409,1588686.75
1762487100,463.4,466.05,457.6,463.6,478.13969341643127,489.35921038069347,0,0,0,570.4,267.2,243,212.25,140.75,1,1,1,1,,,,786396,1516263.95
1762746300,463.6,467.8,456.7,458.55,474.221754733145,486.5583730733577,0,0,0,570.4,267.2,243,212.25,140.75,1,1,1,1,,,,718497,1500999.1
1762832700,459.9,471.7,453.55,468.45,473.067403786516,484.91215733941607,0,0,0,570.4,267.2,243,212.25,140.75,1,1,1,1,,,,1210511,1530823.4
1762919100,470.8,491,462.8,489.3,476.31392302921284,485.31105212674186,0,0,0,570.4,267.2,243,212.25,140.75,1,1,1,1,,,,2241542,1595173.95
1763005500,490.05,494.4,477.6,478.95,476.8411384233703,484.7327746606744,0,0,0,570.4,267.2,243,212.25,140.75,1,1,1,1,,,,1048846,1589167.45
1763091900,475,475.2,465.2,469.2,475.31291073869625,483.3207042369767,0,0,0,570.4,267.2,243,212.25,140.75,1,1,1,1,,,,1154143,1525642.8
1763351100,467,470.3,465.4,469,474.050328590957,482.0188220336152,0,0,0,570.4,267.2,243,212.25,140.75,1,1,1,1,,,,595412,1507482.95
1763437500,469,469,463.5,465.5,472.3402628727656,480.5171109396502,0,0,0,570.4,267.2,243,212.25,140.75,1,1,1,1,,,,436502,1469389.7
1763523900,465,473.5,462.2,468.6,471.5922102982125,479.43373721786384,0,0,0,570.4,267.2,243,212.25,140.75,1,1,1,1,,,,856101,1359174.9
1763610300,468.6,470.1,464.55,468.45,470.96376823856997,478.43521565260346,0,0,0,570.4,267.2,243,212.25,140.75,1,1,1,1,,,,442595,1367535.3
1763696700,466.1,474.9,462.85,470.2,470.81101459085596,477.68655968418494,0,0,0,570.4,267.2,243,212.25,140.75,1,1,1,1,,,,760343,1319587.4
1763955900,470.2,470.4,451.5,456.4,467.9288116726848,475.7514178947136,0,0,0,570.4,267.2,243,212.25,140.75,1,1,1,1,,,,825778,1312951.95
1764042300,459.75,464,457.25,459.75,466.29304933814785,474.2967435406487,0,0,0,570.4,267.2,243,212.25,140.75,1,1,1,1,,,,737865,1044576.7
1764128700,459,473,459,469.35,466.9044394705183,473.84703958240794,0,0,0,570.4,267.2,243,212.25,140.75,1,1,1,1,,,,584519,987414.45
1764215100,473,473,464.5,465.6,466.64355157641467,473.09730871127994,0,0,0,570.4,267.2,243,212.25,140.75,1,1,1,1,,,,348992,922121.45
1764301500,469.1,489,466.95,480.3,469.37484126113173,473.7520988284363,0,0,0,570.4,267.2,243,212.25,140.75,1,1,1,1,,,,6019124,1189016.7
1764560700,481.5,503.8,479.15,484.75,472.4498730089054,474.7519080258512,0,0,0,570.4,267.2,243,212.25,140.75,1,1,1,1,,,,4059184,1333497.6
1764647100,485,485.65,473.5,475.35,473.02989840712434,474.8062800235011,0,0,0,570.4,267.2,243,212.25,140.75,1,1,1,1,,,,763578,1300216.7
1764733500,476,476,459.45,462.5,470.9239187256995,473.68752729409186,0,0,0,570.4,267.2,243,212.25,140.75,1,1,1,1,,,,636625,1257948.1
1764819900,461.25,469,458.7,463.95,469.5291349805596,472.8022975400835,0,0,0,570.4,267.2,243,212.25,140.75,1,1,1,1,,,,590000,1240827.65
1764906300,464.05,473.1,457,470.65,469.7533079844477,472.6066341273486,0,0,0,570.4,267.2,243,212.25,140.75,1,1,1,1,,,,962629,1249639.3
1765165500,469,469.8,441.55,446.65,465.13264638755817,470.24694011577145,0,0,0,570.4,267.2,243,212.25,140.75,1,1,1,1,,,,1484364,1287932.65
1765251900,447,459,441.3,455.3,463.1661171100465,468.88812737797406,0,0,0,570.4,267.2,243,212.25,140.75,1,1,1,1,,,,1095234,1282168.8
1765338300,455.3,459.9,446,449.2,460.3728936880372,467.09829761634006,0,0,0,570.4,267.2,243,212.25,140.75,1,1,1,1,,,,560763,1198129.85
1765424700,449.5,454.9,446.9,449.25,458.1483149504298,465.4757251057637,0,0,0,570.4,267.2,243,212.25,140.75,1,1,1,1,,,,373581,1164366.6
1765511100,453,457.5,449.15,451.45,456.8086519603438,464.2006591870579,0,0,0,570.4,267.2,243,212.25,140.75,1,1,1,1,,,,676642,1140491.55
1765770300,446.05,450.55,441.65,443.1,454.06692156827506,462.28241744277994,0,0,0,570.4,267.2,243,212.25,140.75,1,1,1,1,,,,796345,1150538.2
1765856700,443,445.25,438.05,442.1,451.67353725462004,460.447652220709,0,0,0,570.4,267.2,243,212.25,140.75,1,1,1,1,,,,517393,1154582.75
1765943100,442.1,445,436.35,441.85,449.70882980369606,458.7569565642809,0,0,0,570.4,267.2,243,212.25,140.75,1,1,1,1,,,,424407,1132998.05
1766029500,443.95,445.4,433.15,444,448.5670638429568,457.4154150584372,0,0,0,570.4,267.2,243,212.25,140.75,1,1,1,1,,,,820421,1151889.35
1766115900,443.2,452.2,440.2,448.8,448.61365107436546,456.6321955076702,0,0,0,570.4,267.2,243,212.25,140.75,1,1,1,1,,,,658856,1146815
1766375100,452.9,473,450.35,470.35,452.9609208594924,457.87926864333656,0,0,0,570.4,267.2,243,212.25,140.75,1,1,1,1,,,,1613422,1186197.2
1766461500,471,474.75,466.75,470.9,456.5487366875939,459.0629714939423,0,0,0,570.4,267.2,243,212.25,140.75,1,1,1,1,,,,488054,1173706.65
1766547900,470.3,482.5,468,469.15,459.06898935007507,459.9799740854021,0,0,0,570.4,267.2,243,212.25,140.75,1,1,1,1,,,,850172,1186989.3
1766720700,469.95,477.3,466,473,461.85519148006006,461.163612804911,0,0,0,570.4,267.2,243,212.25,140.75,1,1,1,1,,,,881629,1213621.15
1766979900,473,479.45,468.95,476.2,464.724153184048,462.53055709537364,0,0,0,570.4,267.2,243,212.25,140.75,1,1,1,1,,,,622367,943783.3
1767066300,476.2,486.9,471,483.8,468.53932254723844,464.464142813976,0,0,0,570.4,267.2,243,212.25,140.75,1,1,1,1,,,,1458174,813732.8
1767152700,484.9,486.9,479.3,482.95,471.4214580377907,466.14467528543275,0,0,0,570.4,267.2,243,212.25,140.75,1,1,1,1,,,,615029,806305.35
1767239100,485.85,490,481,483.2,473.77716643023257,467.6951593503934,0,0,0,570.4,267.2,243,212.25,140.75,1,1,1,1,,,,740840,811516.1
1767325500,484.7,489,478.3,480.55,475.13173314418606,468.86378122763034,0,0,0,570.4,267.2,243,212.25,140.75,1,1,1,1,,,,704071,817219.65
1767584700,484,497.4,476.4,485.1,477.12538651534885,470.33980111602756,0,0,0,570.4,267.2,243,212.25,140.75,1,1,1,1,,,,2435095,890842.95
1767671100,485.9,490.5,477.5,479.25,477.5503092122791,471.1498191963887,0,0,0,570.4,267.2,243,212.25,140.75,1,1,1,1,,,,755474,854398.45
1767757500,478,481.95,466.65,470.4,476.1202473698233,471.0816538148988,0,0,0,570.4,267.2,243,212.25,140.75,1,1,1,1,,,,844875,841880.5
1767843900,471,471,456.3,460.5,472.99619789585864,470.11968528627165,0,0,0,570.4,267.2,243,212.25,140.75,1,1,1,1,,,,612870,844485.85
1767930300,460.55,467.55,457.5,462.4,470.8769583166869,469.4178957147924,0,0,0,570.4,267.2,243,212.25,140.75,1,1,1,1,,,,1202762,885944.9
1768189500,459,460.1,446.35,450.5,466.80156665334954,467.6980870134476,0,0,0,570.4,267.2,243,212.25,140.75,1,1,1,1,,,,661597,885192.65
1768275900,453.5,463.35,449.3,461.15,465.6712533226796,467.10280637586146,0,0,0,570.4,267.2,243,212.25,140.75,1,1,1,1,,,,569642,873857.5
1768362300,459,474,456.35,471.25,466.7870026581437,467.4798239780559,0,0,0,570.4,267.2,243,212.25,140.75,1,1,1,1,,,,715687,883772.2
1768535100,474.6,482,460.3,463.95,466.219602126515,467.15893088914174,0,0,0,570.4,267.2,243,212.25,140.75,1,1,1,1,,,,1375896,931346.65
1768794300,476.5,492.6,462.1,473,467.575681701212,467.68993717194707,0,0,0,570.4,267.2,243,212.25,140.75,1,1,1,1,,,,5874846,1184067.9
1768880700,473.7,474,443,448,463.6605453609696,465.89994288358827,0,0,0,570.4,267.2,243,212.25,140.75,1,1,1,1,,,,1445050,1223377.6
1768967100,448,448.2,430.7,439.6,458.8484362887757,463.5090389850802,0,0,0,570.4,267.2,243,212.25,140.75,1,1,1,1,,,,1202626,1202837.8
1769053500,444,449,437,447.7,456.61874903102057,462.0718536228002,0,0,0,570.4,267.2,243,212.25,140.75,1,1,1,1,,,,1168503,1236860.25
1769139900,448.65,448.65,410.5,414.4,448.1749992248165,457.73804874800015,1,0,0,570.4,267.2,243,212.25,140.75,1,2,2,1,1,,,2494967,1319100
1769485500,416,416,393.05,404.4,439.41999937985315,452.8891352254547,1,0,0,570.4,267.2,243,212.25,140.75,1,2,2,2,1,,,2164966,1383266.85
1769571900,409.15,411.75,393.85,406.3,432.7959995038825,448.6537592958679,0,0,0,570.4,267.2,243,212.25,140.75,1,2,2,2,,,,1380940,1421195.5
1769658300,406.3,407,396.9,399.9,426.216799603106,444.2215993598799,0,0,0,570.4,267.2,243,212.25,140.75,1,2,2,2,,,,1029766,1399775.1
1769744700,394.85,401.95,390.25,399,420.77343968248476,440.1105448726181,0,0,0,570.4,267.2,243,212.25,140.75,1,2,2,2,,,,847134,1411380.35
1769917500,400.7,402,373.05,389.9,414.5987517459878,435.54594988419825,0,0,0,570.4,267.2,243,212.25,140.75,1,2,2,2,,,,937330,1421204.85
1770003900,386.3,396,373.8,394.25,410.52900139679025,431.7917726219984,0,0,0,570.4,267.2,243,212.25,140.75,1,2,2,2,,,,1513670,1461684.8
1770090300,409.05,415,400,409.4,410.3032011174322,429.75615692908946,0,0,0,570.4,267.2,243,212.25,140.75,1,2,2,2,,,,1428970,1411378.55
1770176700,411,422.5,403.75,420.2,412.28256089394574,428.88741539008134,0,0,0,570.4,267.2,243,212.25,140.75,1,2,2,2,,,,1191232,1433166.45
1770263100,418.1,418.2,396,410.05,411.8360487151566,427.17492308189213,0,0,0,570.4,267.2,243,212.25,140.75,1,2,2,2,,,,1950285,1488436.95
1770349500,410.3,442.4,402.75,431.5,415.7688389721253,427.5681118926292,0,0,0,570.4,267.2,243,212.25,140.75,1,2,2,2,,,,2140087,1564797.8
1770608700,430.7,471.75,427.2,465.85,425.7850711777003,431.0482835387538,0,0,0,570.4,267.2,243,212.25,140.75,1,2,2,2,,,,7288269,1869073.15
1770695100,460,494,457.15,485.9,437.8080569421602,436.03480321704893,0,0,1,570.4,267.2,243,212.25,140.75,1,2,1,1,,,1,4126476,2042317.1
1770781500,484,503,478.7,489.3,448.1064455537282,440.8770938336809,0,0,0,570.4,267.2,243,212.25,140.75,1,2,1,1,,,,4915353,2259602.65
1770867900,484.45,489.8,470,472.65,453.0151564429825,443.7655398488008,0,0,0,570.4,267.2,243,212.25,140.75,1,2,1,1,,,,1410022,2294319.4
1770954300,471.95,472.8,460,464.15,455.24212515438603,445.6186725898189,0,0,0,570.4,267.2,243,212.25,140.75,1,2,1,1,,,,769227,2263985.95
1771213500,462,479.6,458.6,460.7,456.33370012350883,446.9897023543808,0,0,0,570.4,267.2,243,212.25,140.75,1,2,1,1,,,,1446943,2042590.8
1771299900,460.75,486.5,459.1,475.95,460.25696009880704,449.6224566858007,0,0,0,570.4,267.2,243,212.25,140.75,1,2,1,1,,,,2592232,2099949.9
1771386300,477.45,493,475.5,490.4,466.2855680790456,453.32950607800063,0,0,0,570.4,267.2,243,212.25,140.75,1,2,1,1,,,,2329178,2156277.5
1771472700,490.35,493.8,471.1,474.8,467.9884544632365,455.28136916181876,0,0,0,570.4,267.2,243,212.25,140.75,1,2,1,1,,,,1433197,2169512.2
1771559100,474.8,479.7,468,471.15,468.6207635705892,456.72397196528976,0,0,0,570.4,267.2,243,212.25,140.75,1,2,1,1,,,,990063,2094267
1771818300,473.1,480.5,467,473,469.49661085647136,458.20361087753616,0,0,0,570.4,267.2,243,212.25,140.75,1,2,1,1,,,,1311512,2051594.3
1771904700,471,472.25,465.65,468.1,469.2172886851771,459.10328261594196,0,0,0,570.4,267.2,243,212.25,140.75,1,2,1,1,,,,478965,2006495.55
1771991100,470,472.9,454.6,461.05,467.58383094814167,459.2802569235836,0,0,0,570.4,267.2,243,212.25,140.75,1,2,1,1,,,,1082759,2009145.2
1772077500,473,475.55,461.25,464.2,466.90706475851334,459.7275062941669,0,0,0,570.4,267.2,243,212.25,140.75,1,2,1,1,,,,3087474,2121162.2
1772163900,464,464,450,454.8,464.48565180681067,459.2795511765154,0,0,0,570.4,267.2,243,212.25,140.75,1,2,1,1,,,,946390,2121615.2
1772423100,440,452.7,433,438.45,459.2785214454485,457.385955615014,0,0,0,570.4,267.2,243,212.25,140.75,1,2,1,1,,,,1191394,2105501.4
1772595900,432,433.7,420.35,425.85,452.5928171563588,454.5190505591036,1,0,0,570.4,267.2,243,212.25,140.75,1,2,2,1,1,,,2745648,2171335.3
1772682300,429,435.5,425,433.6,448.79425372508706,452.6173186900942,0,0,0,570.4,267.2,243,212.25,140.75,1,2,2,1,,,,533394,2138443.4
1772768700,431,435.7,421,423.5,443.73540298006964,449.97028971826745,0,0,0,570.4,267.2,243,212.25,140.75,1,2,2,1,,,,408658,2061362.05
1773027900,415,416.95,404.15,413.65,437.7183223840557,446.66844519842493,0,0,0,570.4,267.2,243,212.25,140.75,1,2,2,1,,,,580988,1983407.1
1773114300,416.95,426.5,412.3,424.25,435.02465790724455,444.63040472584083,0,0,0,570.4,267.2,243,212.25,140.75,1,2,2,1,,,,823564,1660171.85
1773200700,425.15,428,414.1,417.7,431.5597263257956,442.18218611440074,0,0,0,570.4,267.2,243,212.25,140.75,1,2,2,1,,,,736097,1490652.9
1773287100,411,415.8,405,410.95,427.4377810606365,439.34289646763705,0,0,0,570.4,267.2,243,212.25,140.75,1,2,2,1,,,,804676,1285119.05
1773373500,409.1,410.6,400.15,408.35,423.6202248485092,436.5253604251246,0,0,0,570.4,267.2,243,212.25,140.75,1,2,2,1,,,,1081386,1268687.25
1773632700,407.8,426.7,402.55,423.4,423.57617987880735,435.33214584102234,0,0,0,570.4,267.2,243,212.25,140.75,1,2,2,1,,,,2036962,1332074
1773719100,427,427,404.6,406,420.0609439030459,432.6655871282021,1,0,0,570.4,267.2,243,212.25,140.75,1,2,2,2,1,,,1976263,1358540
1773805500,408,416,406.2,412.05,418.4587551224367,430.7914428438201,0,0,0,570.4,267.2,243,212.25,140.75,1,2,2,2,,,,2263414,1342099.1
1773891900,406,406,398,400.25,414.81700409794934,428.01494803983644,0,0,0,570.4,267.2,243,212.25,140.75,1,2,2,2,,,,714833,1261381.85
1773978300,404.95,409.5,391.2,393.6,410.5736032783595,424.8863163998513,0,0,0,570.4,267.2,243,212.25,140.75,1,2,2,2,,,,2014796,1290461.8
1774237500,389.9,389.9,369.2,376.2,403.69888262268756,420.46028763622843,0,0,0,570.4,267.2,243,212.25,140.75,1,2,2,2,,,,1464914,1314204.35
1774323900,388,388.3,371.8,381.45,399.24910609815004,416.91389785111676,0,0,0,570.4,267.2,243,212.25,140.75,1,2,2,2,,,,916089,1294433.2
1774410300,385.25,396,382.15,390.65,397.52928487852,414.5262707737425,0,0,0,570.4,267.2,243,212.25,140.75,1,2,2,2,,,,740297,1307499.8
1774583100,388.55,389,377,384.55,394.933427902816,411.80115524885684,0,0,0,570.4,267.2,243,212.25,140.75,1,2,2,2,,,,1716532,1339188.45
1774842300,377.05,383.95,361.2,368.4,389.62674232225277,407.85559568077895,0,1,0,570.4,267.2,243,212.25,140.75,1,3,2,2,,1,,1085105,1239070
1775015100,373,387.85,373,382.65,388.23139385780223,405.56417789161725,0,0,0,570.4,267.2,243,212.25,140.75,1,3,2,2,,,,663831,1224942.05
1775101500,379.7,395.9,366.7,393.3,389.2451150862418,404.44925262874295,0,0,0,570.4,267.2,243,212.25,140.75,1,3,2,2,,,,1026499,1216697.3
1775447100,394,406,385.5,395.5,390.49609206899345,403.63568420794815,0,0,0,570.4,267.2,243,212.25,140.75,1,3,2,2,,,,1162773,1137553.55
1775533500,397,411.9,396.6,404.75,393.34687365519477,403.7369856435892,0,0,0,570.4,267.2,243,212.25,140.75,1,3,2,2,,,,2348923,1228330
1775619900,416,429.95,413.1,414.8,397.6374989241558,404.7427142214447,0,0,0,570.4,267.2,243,212.25,140.75,1,3,2,2,,,,2278099,1321802.05
1775706300,418,421.85,396.6,401.75,398.4599991393246,404.47064929222245,0,0,0,570.4,267.2,243,212.25,140.75,1,3,2,2,,,,4830863,1534295.8
1775792700,395,413.4,394,400.25,398.8179993114597,404.0869539020204,0,0,0,570.4,267.2,243,212.25,140.75,1,3,2,2,,,,5800292,1783132.2
1776051900,394,411,387.35,408.75,400.80439944916776,404.5108671836549,0,0,0,570.4,267.2,243,212.25,140.75,1,3,2,2,,,,4188411,1955747.9
1776224700,414.1,418.8,408.65,414.4,403.5235195593342,405.4098792578681,0,0,0,570.4,267.2,243,212.25,140.75,1,3,2,2,,,,2035643,2017296.25
1776311100,416,416,400.1,407.15,404.2488156474674,405.56807205260736,0,0,0,570.4,267.2,243,212.25,140.75,1,3,2,2,,,,5836499,2255051.9
1776397500,407.75,417.4,401.85,413.75,406.1490525179739,406.3118836841885,0,0,0,570.4,267.2,243,212.25,140.75,1,3,2,2,,,,2687668,2287587.2
1776656700,414,421.8,404.9,418.2,408.55924201437915,407.39262153108047,0,0,0,570.4,267.2,243,212.25,140.75,1,3,2,2,,,,2927314,2335139.75
1776743100,420.85,426.4,417.25,422.5,411.3473936115033,408.7660195737095,0,0,0,570.4,267.2,243,212.25,140.75,1,3,2,2,,,,4575565,2450747.3
1776829500,420,433.4,419.7,424.1,413.89791488920264,410.1600177942814,0,0,0,570.4,267.2,243,212.25,140.75,1,3,2,2,,,,2719870,2550999.15
1776915900,420,428.4,417.4,420.15,415.1483319113621,411.06819799480127,0,0,0,570.4,267.2,243,212.25,140.75,1,3,2,2,,,,1311394,2515829.05
1777002300,422.2,423.85,412,416.55,415.4286655290897,411.5665436316375,0,0,0,570.4,267.2,243,212.25,140.75,1,3,2,2,,,,1261407,2505653.7
1777261500,419.3,423.75,416.8,420,416.34293242327175,412.33322148330683,0,0,0,570.4,267.2,243,212.25,140.75,1,3,2,2,,,,1417594,2530728.95
1777347900,420,424.5,413.35,415.9,416.2543459386174,412.6574740757335,0,0,0,570.4,267.2,243,212.25,140.75,1,3,2,2,,,,1711414,2579284.8
1777434300,417.15,424,408.7,421.25,417.2534767508939,413.43861279612133,0,0,0,570.4,267.2,243,212.25,140.75,1,3,2,2,,,,2935359,2640226.15
1777520700,420,421.35,411.2,417.2,417.24278140071516,413.78055708738304,0,0,0,570.4,267.2,243,212.25,140.75,1,3,2,2,,,,949983,2633470.05
1777866300,423.05,444.3,420.55,437.1,421.2142251205721,415.90050644307547,0,0,0,570.4,267.2,243,212.25,140.75,1,3,2,2,,,,3402859,2770421.45
1777952700,440.35,442.55,433.8,439,424.7713800964577,418.0004604027959,0,0,0,570.4,267.2,243,212.25,140.75,1,3,2,2,,,,2081437,2823168.35
1778039100,459,465,441,451.7,430.15710407716614,421.06405491163264,0,0,0,570.4,267.2,243,212.25,140.75,1,3,2,2,,,,14067710,3468415.2
1778125500,455.9,461.5,449.05,455.7,435.26568326173293,424.21277719239333,0,0,0,570.4,267.2,243,212.25,140.75,1,3,2,2,,,,2322118,3467074.95
1778211900,457.75,468.3,451.8,462.3,440.67254660938636,427.6752519930848,0,0,0,570.4,267.2,243,212.25,140.75,1,3,2,2,,,,3051588,3505749.4
1778471100,459.5,461.45,439.7,441.95,440.9280372875091,428.97295635734986,0,0,0,570.4,267.2,243,212.25,140.75,1,3,2,2,,,,1610021,3344707.3
1778557500,443,444,420.2,422.05,437.1524298300073,428.3435966884999,0,0,0,570.4,267.2,243,212.25,140.75,1,3,2,2,,,,1247259,3117055.65
1778643900,424.95,427,415.55,419.2,433.56194386400585,427.51236062590897,0,0,0,570.4,267.2,243,212.25,140.75,1,3,2,2,,,,1203015,2967785.85
1778730300,423.2,425.85,412.05,420.7,430.9895550912047,426.8930551144627,0,0,0,570.4,267.2,243,212.25,140.75,1,3,2,2,,,,741233,2903065.35
1778816700,421.5,423.1,412.25,413.35,427.46164407296374,425.6618682858752,0,0,0,570.4,267.2,243,212.25,140.75,1,3,2,2,,,,1266334,2674557.1
1779075900,410,416.25,404.1,415.15,424.999315258371,424.70624389625016,0,0,0,570.4,267.2,243,212.25,140.75,1,3,2,2,,,,804490,2580398.2
1779162300,416,416.7,398.5,404.5,420.89945220669676,422.8693126329547,0,0,0,570.4,267.2,243,212.25,140.75,1,3,2,2,,,,1287269,2498395.95
1779248700,399,402.3,394.3,400.1,416.7395617653574,420.7993751208679,0,0,0,570.4,267.2,243,212.25,140.75,1,3,2,2,,,,1670115,2353123.45
1779335100,405,405,395,396.3,412.6516494122859,418.57215920078903,0,0,0,570.4,267.2,243,212.25,140.75,1,3,2,2,,,,954628,2264861.35
1779421500,397,404.45,394.4,399.75,410.0713195298287,416.8610538188991,0,0,0,570.4,267.2,243,212.25,140.75,1,3,2,2,,,,1437363,2271159.8
1779680700,405,407,397.15,398.9,407.83705562386297,415.22823074445375,0,0,0,570.4,267.2,243,212.25,140.75,1,3,2,2,,,,1386495,2277414.2
1779767100,400.95,405,393.45,396.55,405.57964449909036,413.5302097676852,0,0,0,570.4,267.2,243,212.25,140.75,1,3,2,2,,,,1259333,2269501.15
1779853500,397.9,400.2,393.7,394.5,403.36371559927227,411.80019069789563,0,0,0,570.4,267.2,243,212.25,140.75,1,3,2,2,,,,802782,2224069.55
1780026300,396,398.9,379.05,382.85,399.26097247941783,409.1683551799051,0,0,0,570.4,267.2,243,212.25,140.75,1,3,2,2,,,,2142714,2184437.3
1780285500,383.95,398.65,383.95,392.25,397.85877798353425,407.6303228908228,0,0,0,570.4,267.2,243,212.25,140.75,1,3,2,2,,,,1598190,2216847.65
1780371900,392,399.9,385.25,397.8,397.8470223868274,406.7366571734753,0,0,0,570.4,267.2,243,212.25,140.75,1,3,2,2,,,,1019730,2097691.2
1780458300,399.7,403.3,388.8,399.3,398.13761790946194,406.0605974304321,0,0,0,570.4,267.2,243,212.25,140.75,1,3,2,2,,,,1515836,2069411.15
1780544700,398,401.55,391.5,393.35,397.1800943275696,404.9050885731201,0,0,0,570.4,267.2,243,212.25,140.75,1,3,2,2,,,,1670262,1449538.75
1780631100,396,397.4,388.25,389.85,395.7140754620557,403.53644415738194,0,0,0,570.4,267.2,243,212.25,140.75,1,3,2,2,,,,1464016,1406633.65
1780890300,385.85,388.45,378.2,381.05,392.78126036964454,401.4922219612563,0,0,0,570.4,267.2,243,212.25,140.75,1,3,2,2,,,,663325,1287220.5
1780976700,384.85,386.6,381.45,383.7,390.9650082957156,399.87474723750574,0,0,0,570.4,267.2,243,212.25,140.75,1,3,2,2,,,,835780,1248508.45
1781063100,384.95,385.8,378.2,380.2,388.8120066365725,398.08613385227795,0,0,0,570.4,267.2,243,212.25,140.75,1,3,2,2,,,,543144,1213302.7
1781149500,380,380.6,370.05,372.5,385.549605309258,395.76012168388905,0,0,0,570.4,267.2,243,212.25,140.75,1,3,2,2,,,,787522,1192528.05
1781235900,376,393.45,375.75,391.9,386.8196842474064,395.4092015308082,0,0,0,570.4,267.2,243,212.25,140.75,1,3,2,2,,,,2079603,1259446.55
1781495100,400,408.3,398.05,399.5,389.35574739792514,395.78109230073477,0,0,0,570.4,267.2,243,212.25,140.75,1,3,2,2,,,,1353924,1263826.05
1781581500,403.05,406.65,398.45,403.45,392.1745979183401,396.4782657279407,0,0,0,570.4,267.2,243,212.25,140.75,1,3,2,2,,,,1263523,1286777.7
1781667900,400.5,406.7,400.5,405.25,394.7896783346721,397.27569611630975,0,0,0,570.4,267.2,243,212.25,140.75,1,3,2,2,,,,1830789,1313953.7
1781754300,406.55,413.4,401.6,404.5,396.73174266773765,397.93245101482705,0,0,0,570.4,267.2,243,212.25,140.75,1,3,2,2,,,,2261516,1343523.75
1781840700,403.7,436,400.7,426.7,402.72539413419014,400.54768274075184,0,0,0,570.4,267.2,243,212.25,140.75,1,3,2,2,,,,11450981,1868341.4
1782099900,429,430.8,422.05,424.7,407.1203153073521,402.74334794613804,0,0,0,570.4,267.2,243,212.25,140.75,1,3,2,2,,,,1070917,1850019.1
1782186300,426,431.9,419.5,425.9,410.8762522458817,404.84849813285274,0,0,0,570.4,267.2,243,212.25,140.75,1,3,2,2,,,,874617,1824425.2
1782272700,427,429.95,416.25,428.15,414.3310017967053,406.9668164844116,0,0,0,570.4,267.2,243,212.25,140.75,1,3,2,2,,,,1176442,1820280.65
1782359100,432,442.65,428.15,440.3,419.52480143736426,409.9971058949196,0,0,0,570.4,267.2,243,212.25,140.75,1,3,2,2,,,,2527049,1906494
1782704700,440,442.35,425,428.45,421.3098411498914,411.6746417226542,0,0,0,570.4,267.2,243,212.25,140.75,1,3,2,2,,,,2451602,1921938.4
1782791100,432,442.5,432,441.05,425.2578729199131,414.34512883877653,0,0,0,570.4,267.2,243,212.25,140.75,1,3,2,2,,,,1409502,1912504
1782877500,441.1,447.3,434.4,442.15,428.63629833593046,416.87284439888776,0,0,0,570.4,267.2,243,212.25,140.75,1,3,2,2,,,,1181400,1920587.5
1782963900,443.3,459,436.9,456.9,434.28903866874435,420.5116767262616,0,0,0,570.4,267.2,243,212.25,140.75,1,3,2,2,,,,2003278,1944959.6
1783050300,458,466.1,453.7,460.95,439.6212309349955,424.1878879329651,0,0,0,570.4,267.2,243,212.25,140.75,1,3,2,2,,,,1697203,1946306.65
1783309500,464,480.9,461.05,476.35,446.9669847479964,428.9298981208774,0,0,1,570.4,267.2,243,212.25,140.75,1,3,2,1,,,1,2773077,2011759.7