time,open,high,low,close,EMA 9,EMA 21,Entry,TP,SL,B,A0,A1,A2,A3,ST0,ST1,ST2,ST3,ENTRY,TP,SL,Volume,VolAvg
1765515600,59325.9,59352.95,59259.55,59274.5,59340.70600724638,59288.145166913695,0,0,0,60114.3,58649.5,57157.85,55821,54226.6,3,1,1,1,,,,3507686,3953453.85
1765516500,59276.1,59312.35,59224.85,59239.1,59320.384805797104,59283.68651537609,0,0,0,60114.3,58649.5,57157.85,55821,54226.6,3,1,1,1,,,,3653617,3948610.85
1765517400,59240.65,59326.8,59231.25,59285.4,59313.387844637684,59283.842286705534,0,0,0,60114.3,58649.5,57157.85,55821,54226.6,3,1,1,1,,,,2300335,3929251.65
1765518300,59291.45,59440.6,59282.6,59415.7,59333.850275710145,59295.829351550485,0,0,0,60114.3,58649.5,57157.85,55821,54226.6,3,1,1,1,,,,2943865,3962898.6
1765519200,59416.8,59443.9,59391.8,59405.75,59348.23022056812,59305.82213777317,0,0,0,60114.3,58649.5,57157.85,55821,54226.6,3,1,1,1,,,,1950701,3923643.35
1765520100,59404.2,59441,59383.15,59409.9,59360.56417645449,59315.28376161197,0,0,0,60114.3,58649.5,57157.85,55821,54226.6,3,1,1,1,,,,5404460,4026777.25
1765521000,59406.65,59434.55,59328.3,59382.25,59364.9013411636,59321.37160146543,0,0,0,60114.3,58649.5,57157.85,55821,54226.6,3,1,1,1,,,,2352668,4030115.3
1765521900,59380.95,59418.4,59353.55,59398.4,59371.60107293088,59328.37418315039,0,0,0,60114.3,58649.5,57157.85,55821,54226.6,3,1,1,1,,,,3251334,4079857.45
1765522800,59398.05,59411.9,59352.9,59369.45,59371.1708583447,59332.108348318536,0,0,0,60114.3,58649.5,57157.85,55821,54226.6,3,1,1,1,,,,2308828,4096300.7
1765523700,59370.75,59387.9,59350,59369.6,59370.85668667576,59335.51668028958,0,0,0,60114.3,58649.5,57157.85,55821,54226.6,3,1,1,1,,,,2296393,4104078.15
1765524600,59369.95,59382.45,59315.9,59378.7,59372.42534934061,59339.44243662689,0,0,0,60114.3,58649.5,57157.85,55821,54226.6,3,1,1,1,,,,3321149,4126285.85
1765525500,59378.4,59381.2,59319.95,59319.95,59361.930279472486,59337.670396933536,0,0,0,60114.3,58649.5,57157.85,55821,54226.6,3,1,1,1,,,,2128835,4042865.6
1765526400,59325.65,59353.45,59310.6,59343.65,59358.27422357799,59338.213997212304,0,0,0,60114.3,58649.5,57157.85,55821,54226.6,3,1,1,1,,,,2200842,3932134.05
1765527300,59344.85,59376.05,59328.15,59353.95,59357.40937886239,59339.64454292028,0,0,0,60114.3,58649.5,57157.85,55821,54226.6,3,1,1,1,,,,3133866,3777543.95
1765528200,59354.4,59439.95,59349.05,59389.15,59363.75750308991,59344.14503901843,0,0,0,60114.3,58649.5,57157.85,55821,54226.6,3,1,1,1,,,,9601531,3891312.8
1765529100,59388.1,59407.5,59363.1,59373.1,59365.62600247193,59346.77730819857,0,0,0,60114.3,58649.5,57157.85,55821,54226.6,3,1,1,1,,,,3845395,3705643.75
1765530000,59375.6,59395.7,59336.45,59358.55,59364.21080197755,59347.84755290779,0,0,0,60114.3,58649.5,57157.85,55821,54226.6,3,1,1,1,,,,3897240,3653397.3
1765530900,59358.8,59360.35,59335.65,59343.3,59360.02864158204,59347.434139007084,0,0,0,60114.3,58649.5,57157.85,55821,54226.6,3,1,1,1,,,,3381105,3534625.5
1765531800,59340.8,59418.75,59340.8,59408.1,59369.64291326563,59352.949217279165,0,0,0,60114.3,58649.5,57157.85,55821,54226.6,3,1,1,1,,,,7721722,3753032.95
1765532700,59405.45,59426.15,59367.15,59396.8,59375.0743306125,59356.93565207197,0,0,0,60114.3,58649.5,57157.85,55821,54226.6,3,1,1,1,,,,10279034,3974030.3
1765770300,59053.35,59357.3,59052.3,59178.3,59335.71946449,59340.696047338155,0,0,0,60114.3,58649.5,57157.85,55821,54226.6,3,1,1,1,,,,10466828,4321987.4
1765771200,59180,59195.55,59103.4,59120.35,59292.645571592,59320.664588489235,0,0,0,60114.3,58649.5,57157.85,55821,54226.6,3,1,1,1,,,,4693215,4373967.3
1765772100,59115.6,59203.35,59097.55,59195.95,59273.306457273604,59309.326898626576,0,0,0,60114.3,58649.5,57157.85,55821,54226.6,3,1,1,1,,,,3159725,4416936.8
1765773000,59196.15,59214.9,59149.8,59212.25,59261.095165818886,59300.50172602416,0,0,0,60114.3,58649.5,57157.85,55821,54226.6,3,1,1,1,,,,3208481,4430167.6
1765773900,59213.85,59251.55,59199.4,59247.8,59258.43613265511,59295.71066002196,0,0,0,60114.3,58649.5,57157.85,55821,54226.6,3,1,1,1,,,,2626705,4463967.8
1765774800,59246.75,59263.15,59138.2,59182.1,59243.16890612408,59285.382418201785,0,0,0,60114.3,58649.5,57157.85,55821,54226.6,3,1,1,1,,,,2767863,4332137.95
1765775700,59183.15,59299,59179.15,59254.8,59245.495124899266,59282.60219836526,0,0,0,60114.3,58649.5,57157.85,55821,54226.6,3,1,1,1,,,,2964569,4362733
1765776600,59258.35,59271.65,59236.95,59258.35,59248.066099919415,59280.397453059326,0,0,0,60114.3,58649.5,57157.85,55821,54226.6,3,1,1,1,,,,4136608,4406996.7
1765777500,59257.55,59312.1,59233.25,59300.1,59258.47287993553,59282.1885936903,0,0,0,60114.3,58649.5,57157.85,55821,54226.6,3,1,1,1,,,,5993655,4591238.05
1765778400,59296.75,59305.7,59223.8,59254.35,59257.64830394842,59279.65781244572,0,0,0,60114.3,58649.5,57157.85,55821,54226.6,3,1,1,1,,,,2650460,4608941.4
1765779300,59252.6,59454.4,59247.8,59451.5,59296.41864315874,59295.27982949611,0,0,0,60114.3,58649.5,57157.85,55821,54226.6,3,1,1,1,,,,9024461,4894107
1765780200,59451.05,59516.85,59437.2,59459.75,59329.08491452699,59310.23166317828,0,0,0,60114.3,58649.5,57157.85,55821,54226.6,3,1,1,1,,,,8881764,5231753.45
1765781100,59462.6,59489.7,59439.65,59463.15,59355.89793162159,59324.133330162076,0,0,0,60114.3,58649.5,57157.85,55821,54226.6,3,1,1,1,,,,4055525,5324487.6
1765782000,59460.55,59501.95,59432.55,59438.3,59372.37834529727,59334.51211832916,0,0,0,60114.3,58649.5,57157.85,55821,54226.6,3,1,1,1,,,,5248583,5430223.45
1765782900,59438.1,59468.8,59413.5,59452.05,59388.312676237816,59345.197380299236,0,0,0,60114.3,58649.5,57157.85,55821,54226.6,3,1,1,1,,,,3018621,5101077.95
1765783800,59450.45,59533,59433.45,59527.1,59416.070140990254,59361.73398209021,0,0,0,60114.3,58649.5,57157.85,55821,54226.6,3,1,1,1,,,,3536334,5085624.9
1765784700,59527.75,59528.35,59468.05,59482.65,59429.38611279221,59372.726347354735,0,0,0,60114.3,58649.5,57157.85,55821,54226.6,3,1,1,1,,,,3492190,5065372.4
1765785600,59482.5,59500.7,59449,59455.9,59434.68889023377,59380.2875885043,0,0,0,60114.3,58649.5,57157.85,55821,54226.6,3,1,1,1,,,,3041350,5048384.65
1765786500,59454.15,59473.35,59437.8,59455.3,59438.81111218702,59387.106898640275,0,0,0,60114.3,58649.5,57157.85,55821,54226.6,3,1,1,1,,,,2722967,4798446.9
1765787400,59454.35,59507.25,59405.9,59436.8,59438.40888974961,59391.62445330934,0,0,0,60114.3,58649.5,57157.85,55821,54226.6,3,1,1,1,,,,4527561,4510873.25
1765788300,59437.4,59488.1,59430.9,59481.2,59446.96711179969,59399.76768482667,0,0,0,60114.3,58649.5,57157.85,55821,54226.6,3,1,1,1,,,,3354586,4155261.15
1765789200,59478.3,59516.45,59457.4,59513.15,59460.20368943975,59410.07516802425,0,0,0,60114.3,58649.5,57157.85,55821,54226.6,3,1,1,1,,,,3658986,4103549.7
1765790100,59515.15,59528.9,59482.75,59500.75,59468.3129515518,59418.3183345675,0,0,0,60114.3,58649.5,57157.85,55821,54226.6,3,1,1,1,,,,5162387,4203682.8
1765791000,59496.7,59505.8,59454.7,59469.9,59468.63036124144,59423.00757687954,0,0,0,60114.3,58649.5,57157.85,55821,54226.6,3,1,1,1,,,,8534753,4469996.4
1765791900,59469.8,59473.1,59414.55,59444.7,59463.844288993154,59424.97961534504,0,0,0,60114.3,58649.5,57157.85,55821,54226.6,3,1,1,1,,,,11987031,4938012.7
1765856700,59312,59335.25,59146.7,59169.2,59404.915431194524,59401.726923040944,0,0,0,60114.3,58649.5,57157.85,55821,54226.6,3,1,1,1,,,,9726441,5285941.6
1765857600,59165.6,59198.25,59087.3,59176.85,59359.30234495562,59381.28356640086,0,0,0,60114.3,58649.5,57157.85,55821,54226.6,3,1,1,1,,,,4461331,5360779.7
1765858500,59174.9,59179.6,59084.75,59100.9,59307.6218759645,59355.79415127351,0,0,0,60114.3,58649.5,57157.85,55821,54226.6,3,1,1,1,,,,3664622,5337180.4
1765859400,59099.45,59138.3,59041.1,59128.7,59271.837500771595,59335.14922843046,0,0,0,60114.3,58649.5,57157.85,55821,54226.6,3,1,1,1,,,,8406644,5457829.85
1765860300,59122.7,59158.45,59086.6,59118.4,59241.15000061728,59315.4447531186,0,0,0,60114.3,58649.5,57157.85,55821,54226.6,3,1,1,1,,,,2367427,5443678.2
1765861200,59119.25,59165.9,59098.95,59148.7,59222.66000049382,59300.28613919873,0,0,0,60114.3,58649.5,57157.85,55821,54226.6,3,1,1,1,,,,2582412,5121575.75
1765862100,59147.1,59147.1,59090.25,59103.8,59198.88800039506,59282.423762907936,0,0,0,60114.3,58649.5,57157.85,55821,54226.6,3,1,1,1,,,,2321474,4793561.25
1765863000,59103.05,59104.9,59068.3,59084.35,59175.980400316046,59264.417057189035,0,0,0,60114.3,58649.5,57157.85,55821,54226.6,3,1,1,1,,,,3612760,4771423
1765863900,59081.8,59119.75,59058.95,59105.15,59161.81432025284,59249.938233808214,0,0,0,60114.3,58649.5,57157.85,55821,54226.6,3,1,1,1,,,,4996729,4758830.3
1765864800,59106.15,59112.25,58998.75,59008.7,59131.19145620227,59228.00748528019,0,0,0,60114.3,58649.5,57157.85,55821,54226.6,3,1,1,1,,,,3576450,4786721.75
1765865700,59009.25,59083.8,58983.05,59076.5,59120.25316496182,59214.23407752745,0,0,0,60114.3,58649.5,57157.85,55821,54226.6,3,1,1,1,,,,4621243,4840967.2
1765866600,59078.8,59104.8,59048.85,59072.85,59110.77253196945,59201.38097957041,0,0,0,60114.3,58649.5,57157.85,55821,54226.6,3,1,1,1,,,,2864729,4809594.15
1765867500,59072.1,59138.25,59050.95,59120.15,59112.64802557556,59193.996345064006,0,0,0,60114.3,58649.5,57157.85,55821,54226.6,3,1,1,1,,,,3226811,4818867.2
1765868400,59116,59128.85,59071.25,59111.15,59112.34842046045,59186.4648591491,0,0,0,60114.3,58649.5,57157.85,55821,54226.6,3,1,1,1,,,,3832863,4874362
1765869300,59109.6,59112.7,59035.05,59083.35,59106.54873636836,59177.09078104464,0,0,0,60114.3,58649.5,57157.85,55821,54226.6,3,1,1,1,,,,4719084,4883938.15
1765870200,59085.35,59086.3,59025.55,59053.6,59095.95898909469,59165.86434640422,0,0,0,60114.3,58649.5,57157.85,55821,54226.6,3,1,1,1,,,,2561576,4844287.65
1765871100,59053.5,59080.4,59025.05,59049.65,59086.69719127575,59155.299405822014,0,0,0,60114.3,58649.5,57157.85,55821,54226.6,3,1,1,1,,,,2482561,4785466.4
1765872000,59049.85,59124.95,59048.5,59097.15,59088.7877530206,59150.01309620183,0,0,0,60114.3,58649.5,57157.85,55821,54226.6,3,1,1,1,,,,4847164,4769705.25
1765872900,59094.35,59169,59072.9,59083.3,59087.69020241648,59143.94826927439,0,0,0,60114.3,58649.5,57157.85,55821,54226.6,3,1,1,1,,,,3816425,4533788.85
1765873800,59083,59092.2,59018.5,59032.3,59076.61216193318,59133.79842661308,0,0,0,60114.3,58649.5,57157.85,55821,54226.6,3,1,1,1,,,,3750567,4121965.65
1765874700,59034.6,59093.95,58991.65,59080.4,59077.369729546546,59128.94402419371,0,0,0,60114.3,58649.5,57157.85,55821,54226.6,3,1,1,1,,,,4926193,3881953.25
1765875600,59082.75,59083.55,59025.2,59053.8,59072.65578363724,59122.11274926701,0,0,0,60114.3,58649.5,57157.85,55821,54226.6,3,1,1,1,,,,3465330,3832153.2
1765876500,59055.95,59107.65,59030,59075.5,59073.22462690979,59117.875226606375,0,0,0,60114.3,58649.5,57157.85,55821,54226.6,3,1,1,1,,,,7775612,4037702.7
1765877400,59074.8,59117.25,59017.9,59018.8,59062.33970152783,59108.868387823975,0,0,0,60114.3,58649.5,57157.85,55821,54226.6,3,1,1,1,,,,11158874,4175314.2
1765878300,59021.35,59030.5,58966.35,59010.6,59051.99176122226,59099.9348980218,0,0,0,60114.3,58649.5,57157.85,55821,54226.6,3,1,1,1,,,,12650407,4689463.2
1765943100,59059.15,59121.05,58930.65,59036.9,59048.973408977814,59094.204452747086,0,0,0,60114.3,58649.5,57157.85,55821,54226.6,3,1,1,1,,,,11742771,5147481.15
1765944000,59042.4,59127.2,58960,58969.45,59033.06872718225,59082.86313886099,1,0,0,60114.3,58649.5,57157.85,55821,54226.6,3,2,1,1,1,,,7082103,5385512.6
1765944900,58970.9,59014.5,58893.95,58986.85,59023.824981745805,59074.134671691805,0,0,0,60114.3,58649.5,57157.85,55821,54226.6,3,2,1,1,,,,5399004,5474824.8
1765945800,58987.1,58994.15,58905.95,58956,59010.259985396646,59063.39515608346,0,0,0,60114.3,58649.5,57157.85,55821,54226.6,3,2,1,1,,,,5090739,5479525.3
1765946700,58959.1,58989.35,58872.55,58878.05,58983.817988317314,59046.54559643951,0,0,0,60114.3,58649.5,57157.85,55821,54226.6,3,2,1,1,,,,5022740,5551839.8
1765947600,58877.7,58923.9,58864.4,58892.5,58965.55439065385,59032.54145130864,0,0,0,60114.3,58649.5,57157.85,55821,54226.6,3,2,1,1,,,,4161994,5528877.35
1765948500,58891.3,58943.85,58874.9,58932,58958.84351252308,59023.40131937149,0,0,0,60114.3,58649.5,57157.85,55821,54226.6,3,2,1,1,,,,3730052,5572143.5
1765949400,58933.65,58978.05,58904.05,58970.85,58961.24481001846,59018.62392670136,0,0,0,60114.3,58649.5,57157.85,55821,54226.6,3,2,1,1,,,,6863237,5753964.8
1765950300,58969.8,59010.3,58906.4,58911.1,58951.21584801477,59008.849024273964,0,0,0,60114.3,58649.5,57157.85,55821,54226.6,3,2,1,1,,,,6098011,5867222.2
1765951200,58915.85,58958.65,58897.6,58943.65,58949.70267841181,59002.92184024906,0,0,0,60114.3,58649.5,57157.85,55821,54226.6,3,2,1,1,,,,3894033,5825969.65
1765952100,58943.35,59020.5,58933.25,58939.6,58947.68214272945,58997.16530931732,0,0,0,60114.3,58649.5,57157.85,55821,54226.6,3,2,1,1,,,,3917191,5893750.4
1765953000,58939.1,58947.2,58889.95,58899.55,58938.05571418356,58988.29119028847,0,0,0,60114.3,58649.5,57157.85,55821,54226.6,3,2,1,1,,,,3808879,5960066.3
1765953900,58901,58941.25,58879.05,58886.3,58927.70457134685,58979.01926389861,0,0,0,60114.3,58649.5,57157.85,55821,54226.6,3,2,1,1,,,,3279791,5881697.65
1765954800,58885.3,58904.2,58868.35,58896.05,58921.37365707748,58971.47660354419,0,0,0,60114.3,58649.5,57157.85,55821,54226.6,3,2,1,1,,,,3685898,5875171.3
1765955700,58898.3,58951.7,58846.55,58860.6,58909.21892566198,58961.396912312906,0,0,0,60114.3,58649.5,57157.85,55821,54226.6,3,2,1,1,,,,3590620,5867173.95
1765956600,58865.3,58906.6,58840.1,58847.85,58896.945140529584,58951.074465739,0,0,0,60114.3,58649.5,57157.85,55821,54226.6,3,2,1,1,,,,3480471,5794887.85
1765957500,58847,58945.8,58837,58897.45,58897.04611242367,58946.19951430818,0,0,0,60114.3,58649.5,57157.85,55821,54226.6,3,2,1,1,,,,3854810,5814361.85
1765958400,58897.25,58912,58815.2,58832.85,58884.206889938934,58935.89501300744,0,0,0,60114.3,58649.5,57157.85,55821,54226.6,3,2,1,1,,,,4289681,5640065.3
1765959300,58834.6,58856.15,58801.4,58849.85,58877.33551195115,58928.07273909767,0,0,0,60114.3,58649.5,57157.85,55821,54226.6,3,2,1,1,,,,3222847,5243263.95
1765960200,58852.5,58867.75,58833.95,58863.9,58874.64840956092,58922.23885372515,0,0,0,60114.3,58649.5,57157.85,55821,54226.6,3,2,1,1,,,,2824581,4751972.65
1765961100,58865.6,58933.05,58855.85,58878.1,58875.338727648734,58918.22623065923,0,0,0,60114.3,58649.5,57157.85,55821,54226.6,3,2,1,1,,,,4241629,4376915.55
1765962000,58880.6,58954.3,58857.2,58890.05,58878.28098211899,58915.66475514475,0,0,0,60114.3,58649.5,57157.85,55821,54226.6,3,2,1,1,,,,5404333,4293027.05
1765962900,58888.4,58953,58874.85,58926.75,58887.97478569519,58916.67250467705,0,0,0,60114.3,58649.5,57157.85,55821,54226.6,3,2,1,1,,,,5015688,4273861.25
1765963800,58927.8,58949.4,58912.05,58921.65,58894.70982855615,58917.125004251866,0,0,0,60114.3,58649.5,57157.85,55821,54226.6,3,2,1,1,,,,9967598,4517704.2
1765964700,58921.05,58988.85,58892.95,58961.5,58908.067862844924,58921.159094774426,0,0,0,60114.3,58649.5,57157.85,55821,54226.6,3,2,1,1,,,,11850556,4859095
1766029500,58811.75,58895.05,58767.6,58830.25,58892.50429027594,58912.89463161311,0,0,0,60114.3,58649.5,57157.85,55821,54226.6,3,2,1,1,,,,9795703,5140780.45
1766030400,58820.05,58863.5,58770.55,58780.95,58870.19343222075,58900.89966510283,0,0,0,60114.3,58649.5,57157.85,55821,54226.6,3,2,1,1,,,,4664400,5187497.85
1766031300,58782.8,58855.8,58737.65,58836.75,58863.504745776605,58895.06787736621,0,0,0,60114.3,58649.5,57157.85,55821,54226.6,3,2,1,1,,,,4450478,5066859.9
1766032200,58838.4,59003.8,58794.35,58989.8,58888.763796621286,58903.67988851474,0,0,0,60114.3,58649.5,57157.85,55821,54226.6,3,2,1,1,,,,3775631,4950740.9
1766033100,58992.45,59092.4,58980.1,59078.7,58926.75103729703,58919.59080774067,0,0,0,60114.3,58649.5,57157.85,55821,54226.6,3,2,1,1,,,,3272281,4919653.3
1766034000,59078.05,59173.95,59074.4,59143.85,58970.170829837625,58939.978007036974,0,0,0,60114.3,58649.5,57157.85,55821,54226.6,3,2,1,1,,,,2200308,4833809.15
1766034900,59144.65,59174.95,59099.2,59123.4,59000.8166638701,58956.65273366998,0,0,0,60114.3,58649.5,57157.85,55821,54226.6,3,2,1,1,,,,2297745,4758252.45
1766035800,59123.55,59127.55,59058.25,59099.4,59020.53333109608,58969.6297578818,0,0,0,60114.3,58649.5,57157.85,55821,54226.6,3,2,1,1,,,,1929245,4690725.15
1766036700,59096.75,59134.25,59049.25,59132.05,59042.836664876864,58984.395234438,0,0,0,60114.3,58649.5,57157.85,55821,54226.6,3,2,1,1,,,,2001082,4606484.35
1766037600,59132.25,59147.05,59073.95,59081.2,59050.50933190149,58993.19566767091,0,0,0,60114.3,58649.5,57157.85,55821,54226.6,3,2,1,1,,,,2479433,4550925
1766038500,59084.4,59148.3,59068.8,59109.9,59062.38746552119,59003.805152428096,0,0,0,60114.3,58649.5,57157.85,55821,54226.6,3,2,1,1,,,,2823358,4518069.35
1766039400,59111.55,59176.2,59092.35,59166.65,59083.23997241695,59018.60922948009,0,0,0,60114.3,58649.5,57157.85,55821,54226.6,3,2,1,1,,,,4363790,4543518.35
1766040300,59166.3,59195.3,59105.4,59166.45,59099.88197793356,59032.04929952735,0,0,0,60114.3,58649.5,57157.85,55821,54226.6,3,2,1,1,,,,5558976,4606983.1
1766041200,59168.45,59201.35,59155.4,59185.3,59116.96558234685,59045.9811813885,0,0,0,60114.3,58649.5,57157.85,55821,54226.6,3,2,1,1,,,,3267369,4609209.2
1766042100,59186.8,59211,59115.75,59138.65,59121.30246587748,59054.40561944409,0,0,0,60114.3,58649.5,57157.85,55821,54226.6,3,2,1,1,,,,3701462,4653053.25
1766043000,59137.35,59141.15,59103.05,59112.2,59119.481972701986,59059.659654040086,0,0,0,60114.3,58649.5,57157.85,55821,54226.6,3,2,1,1,,,,2613686,4571656.1
1766043900,59114.75,59126.4,59068.65,59094.2,59114.42557816159,59062.79968549099,0,0,0,60114.3,58649.5,57157.85,55821,54226.6,3,2,1,1,,,,2826359,4442757.4
1766044800,59097.8,59102.65,59039,59040.45,59099.63046252927,59060.7678959009,0,0,0,60114.3,58649.5,57157.85,55821,54226.6,3,2,1,1,,,,3351006,4359523.3
1766045700,59041.25,59092,59015.55,59056.85,59091.074370023416,59060.41172354627,0,0,0,60114.3,58649.5,57157.85,55821,54226.6,3,2,1,1,,,,2733307,3997808.75
1766046600,59058,59060.2,58950.75,58961.95,59065.24949601873,59051.460657769334,0,0,0,60114.3,58649.5,57157.85,55821,54226.6,3,2,1,1,,,,2805021,3545532
1766047500,58962.95,59001.9,58890,58927.55,59037.70959681499,59040.196052517575,0,0,0,60114.3,58649.5,57157.85,55821,54226.6,3,2,1,1,,,,3309402,3221216.95
1766048400,58944.75,58991.75,58888.05,58925.45,59015.25767745199,59029.7645931978,0,0,0,60114.3,58649.5,57157.85,55821,54226.6,3,2,1,1,,,,3767655,3176379.7
1766049300,58926.9,58960.65,58882.15,58899.9,58992.186141961596,59017.95872108891,0,0,0,60114.3,58649.5,57157.85,55821,54226.6,3,2,1,1,,,,3712366,3139474.1
1766050200,58901.5,58959.45,58888.25,58933.9,58980.52891356928,59010.317019171736,0,0,0,60114.3,58649.5,57157.85,55821,54226.6,3,2,1,1,,,,7286443,3315014.7
1766051100,58932.95,58938.7,58877.55,58905.25,58965.473130855426,59000.76547197431,0,0,0,60114.3,58649.5,57157.85,55821,54226.6,3,2,1,1,,,,7285526,3515676.95
1766115900,58998.95,59096,58947,59094.35,58991.24850468434,59009.27315634028,0,0,0,60114.3,58649.5,57157.85,55821,54226.6,3,2,1,1,,,,8568999,3834111.5
1766116800,59098.05,59134.75,59056.35,59075.75,59008.14880374748,59015.31650576389,0,0,0,60114.3,58649.5,57157.85,55821,54226.6,3,2,1,1,,,,4080996,3923274.05
1766117700,59077.55,59094.65,59006.85,59066.3,59019.77904299798,59019.95136887627,0,0,0,60114.3,58649.5,57157.85,55821,54226.6,3,2,1,1,,,,3577360,4005679.8
1766118600,59064.65,59092.7,58979.15,59018.05,59019.433234398384,59019.778517160245,0,0,0,60114.3,58649.5,57157.85,55821,54226.6,3,2,1,1,,,,3370407,4074146.05
1766119500,59018.15,59082.65,59003.95,59075.7,59030.68658751871,59024.862288327495,0,0,0,60114.3,58649.5,57157.85,55821,54226.6,3,2,1,1,,,,2748808,4087614.8
1766120400,59076.3,59121.15,59057.8,59095.8,59043.709270014966,59031.31117120681,0,0,0,60114.3,58649.5,57157.85,55821,54226.6,3,2,1,1,,,,2791110,4086002.4
1766121300,59097.95,59113.7,59050.1,59058.1,59046.58741601197,59033.746519278924,0,0,0,60114.3,58649.5,57157.85,55821,54226.6,3,2,1,1,,,,5088301,4122227.95
1766122200,59058.2,59072.45,58977.95,59009.6,59039.189932809575,59031.55138116266,0,0,0,60114.3,58649.5,57157.85,55821,54226.6,3,2,1,1,,,,6794269,4183992.6
1766123100,59009.5,59030.25,58958.6,58975.6,59026.47194624766,59026.464891966054,0,0,0,60114.3,58649.5,57157.85,55821,54226.6,3,2,1,1,,,,3242771,4182762.7
1766124000,58974.6,59009.9,58938.05,58944.95,59010.16755699812,59019.05444724187,0,0,0,60114.3,58649.5,57157.85,55821,54226.6,3,2,1,1,,,,3573983,4176388.75
1766124900,58941.8,58950.05,58897.5,58938.75,58995.8840455985,59011.754042947156,0,0,0,60114.3,58649.5,57157.85,55821,54226.6,3,2,1,1,,,,3083726,4199890.75
1766125800,58936,59042.35,58933.4,59007.5,58998.2072364788,59011.36731177014,0,0,0,60114.3,58649.5,57157.85,55821,54226.6,3,2,1,1,,,,4253491,4271247.35
1766126700,59010.15,59021.95,58974.8,58984.75,58995.51578918304,59008.94755615467,0,0,0,60114.3,58649.5,57157.85,55821,54226.6,3,2,1,1,,,,6535738,4430483.95
1766127600,58986.55,59029.05,58980.9,59018,59000.01263134643,59009.77050559516,0,0,0,60114.3,58649.5,57157.85,55821,54226.6,3,2,1,1,,,,3881508,4487894
1766128500,59021.55,59035.65,58990.2,59022.15,59004.44010507714,59010.89591417742,0,0,0,60114.3,58649.5,57157.85,55821,54226.6,3,2,1,1,,,,3728123,4534049.1
1766129400,59021.1,59023.15,58924.5,58952.15,58993.98208406171,59005.55537652493,0,0,0,60114.3,58649.5,57157.85,55821,54226.6,3,2,1,1,,,,7507827,4743970.35
1766130300,58949.75,59037.25,58935.85,59020.25,58999.23566724937,59006.891251386296,0,0,0,60114.3,58649.5,57157.85,55821,54226.6,3,2,1,1,,,,5844304,4847802.8
1766131200,59016.65,59096.6,59016.65,59096.6,59018.708533799494,59015.04659216936,0,0,0,60114.3,58649.5,57157.85,55821,54226.6,3,2,1,1,,,,4938395,4909104.25
1766132100,59094.65,59124.6,59087.9,59109.05,59036.7768270396,59023.5923565176,0,0,0,60114.3,58649.5,57157.85,55821,54226.6,3,2,1,1,,,,3472965,4718430.35
1766133000,59114.2,59125.25,59058.95,59070.25,59043.47146163168,59027.83396047055,0,0,0,60114.3,58649.5,57157.85,55821,54226.6,3,2,1,1,,,,4152903,4561799.2
1766133900,59069.55,59134.05,59063,59075.55,59049.887169305344,59032.171782245954,0,0,0,60114.3,58649.5,57157.85,55821,54226.6,3,2,1,1,,,,5077969,4387247.7
1766134800,59077.45,59115,59064.8,59113.75,59062.65973544428,59039.58798385996,0,0,0,60114.3,58649.5,57157.85,55821,54226.6,3,2,1,1,,,,3658431,4366119.45
1766135700,59113.1,59140.55,59081.7,59081.7,59066.467788355425,59043.4163489636,0,0,0,60114.3,58649.5,57157.85,55821,54226.6,3,2,1,1,,,,6028028,4488652.85
1766136600,59082.4,59091.3,59047.45,59080,59069.17423068434,59046.74213542145,0,0,0,60114.3,58649.5,57157.85,55821,54226.6,3,2,1,1,,,,36830180,6161641.5
1766137500,59080.8,59083,59026.7,59046.8,59064.69938454747,59046.74739583769,0,0,0,60114.3,58649.5,57157.85,55821,54226.6,3,2,1,1,,,,35308526,7789627.4
1766375100,59248,59371.2,59155.5,59343.3,59120.41950763798,59073.70672348881,0,0,0,60114.3,58649.5,57157.85,55821,54226.6,3,2,1,1,,,,7663781,8033260.95
1766376000,59339.7,59361.85,59270.95,59293.65,59155.06560611038,59093.701566808006,0,0,0,60114.3,58649.5,57157.85,55821,54226.6,3,2,1,1,,,,5114397,8034565.75
1766376900,59291.55,59346.45,59275.65,59336.4,59191.332484888306,59115.76506073455,0,0,0,60114.3,58649.5,57157.85,55821,54226.6,3,2,1,1,,,,6286286,8009166.6
1766377800,59336.75,59352.75,59292.4,59307.85,59214.635987910646,59133.2273279405,0,0,0,60114.3,58649.5,57157.85,55821,54226.6,3,2,1,1,,,,4764025,8085229.3
1766378700,59307.4,59318.85,59256.7,59285.6,59228.828790328516,59147.079389036815,0,0,0,60114.3,58649.5,57157.85,55821,54226.6,3,2,1,1,,,,4322047,8122632.5
1766379600,59282.45,59289,59226.8,59263,59235.66303226281,59157.61762639711,0,0,0,60114.3,58649.5,57157.85,55821,54226.6,3,2,1,1,,,,4815663,8209229.35
1766380500,59263.3,59310.45,59251.8,59306.15,59249.76042581025,59171.120569451916,0,0,0,60114.3,58649.5,57157.85,55821,54226.6,3,2,1,1,,,,4653892,8229249.4
1766381400,59307.1,59316.15,59228,59239.45,59247.6983406482,59177.33233586538,0,0,0,60114.3,58649.5,57157.85,55821,54226.6,3,2,1,1,,,,4859216,8145423.3
1766382300,59238.2,59289,59232.75,59278.8,59253.918672518565,59186.55666896853,0,0,0,60114.3,58649.5,57157.85,55821,54226.6,3,2,1,1,,,,4615901,8182142.95
1766383200,59284.2,59294.3,59235.6,59264.9,59256.11493801485,59193.67878997139,0,0,0,60114.3,58649.5,57157.85,55821,54226.6,3,2,1,1,,,,4093685,8200421.05
1766384100,59262.9,59293.05,59246.55,59285.55,59262.00195041188,59202.03071815581,0,0,0,60114.3,58649.5,57157.85,55821,54226.6,3,2,1,1,,,,3350943,7992576.85
1766385000,59285.6,59312.9,59270.95,59281.2,59265.84156032951,59209.22792559619,0,0,0,60114.3,58649.5,57157.85,55821,54226.6,3,2,1,1,,,,2805429,7840633.1
1766385900,59280.2,59312.45,59268.5,59282.85,59269.24324826361,59215.92084145108,0,0,0,60114.3,58649.5,57157.85,55821,54226.6,3,2,1,1,,,,3494917,7768459.2
1766386800,59280.75,59293.55,59214.65,59215.65,59258.524598610886,59215.89621950098,0,0,0,60114.3,58649.5,57157.85,55821,54226.6,3,2,1,1,,,,2794265,7734524.2
1766387700,59216.65,59274.15,59183.6,59238.05,59254.42967888871,59217.91019954635,0,0,0,60114.3,58649.5,57157.85,55821,54226.6,3,2,1,1,,,,4115683,7732663.2
1766388600,59238.5,59276.45,59228.45,59265.6,59256.66374311096,59222.24563595123,0,0,0,60114.3,58649.5,57157.85,55821,54226.6,3,2,1,1,,,,2232065,7590368
1766389500,59273.8,59293.45,59249.95,59289.25,59263.18099448877,59228.33694177384,0,0,0,60114.3,58649.5,57157.85,55821,54226.6,3,2,1,1,,,,2288768,7521884.85
1766390400,59289.35,59313.05,59255.45,59278,59266.14479559102,59232.851765248946,0,0,0,60114.3,58649.5,57157.85,55821,54226.6,3,2,1,1,,,,2484520,7344709.45
1766391300,59282.65,59311.45,59268.35,59302.35,59273.385836472815,59239.16978658995,0,0,0,60114.3,58649.5,57157.85,55821,54226.6,3,2,1,1,,,,2222518,5614326.35
1766392200,59301.2,59324.5,59250.85,59283.15,59275.33866917825,59243.16798780904,0,0,0,60114.3,58649.5,57157.85,55821,54226.6,3,2,1,1,,,,3478931,4022846.6
1766393100,59284.2,59323.6,59245.45,59319.15,59284.1009353426,59250.07544346277,0,0,0,60114.3,58649.5,57157.85,55821,54226.6,3,2,1,1,,,,2915025,3785408.8
1766394000,59318.65,59339.45,59279.35,59291.2,59285.52074827408,59253.814039511606,0,0,0,60114.3,58649.5,57157.85,55821,54226.6,3,2,1,1,,,,3457894,3702583.65
1766394900,59291.8,59306.75,59270.3,59291.45,59286.70659861926,59257.23549046509,0,0,0,60114.3,58649.5,57157.85,55821,54226.6,3,2,1,1,,,,3306880,3553613.35
1766395800,59296.8,59330.25,59296.3,59313.5,59292.06527889541,59262.35044587736,0,0,0,60114.3,58649.5,57157.85,55821,54226.6,3,2,1,1,,,,7934152,3712119.7
1766396700,59314.05,59316.05,59274.25,59284.1,59290.472223116325,59264.32767807033,0,0,0,60114.3,58649.5,57157.85,55821,54226.6,3,2,1,1,,,,15558312,4273932.95
1766461500,59330.35,59402.35,59287.5,59311.7,59294.71777849306,59268.63425279121,0,0,0,60114.3,58649.5,57157.85,55821,54226.6,3,2,1,1,,,,7283979,4397348.75
1766462400,59310.6,59316.55,59219.7,59231.55,59282.08422279445,59265.26295708292,0,0,0,60114.3,58649.5,57157.85,55821,54226.6,3,2,1,1,,,,3467411,4338024.7
1766463300,59232.55,59322.55,59216.75,59314.9,59288.64737823556,59269.77541552993,0,0,0,60114.3,58649.5,57157.85,55821,54226.6,3,2,1,1,,,,2931177,4241622.75
1766464200,59315.4,59377.9,59313.45,59361.5,59303.21790258845,59278.114014118124,0,0,0,60114.3,58649.5,57157.85,55821,54226.6,3,2,1,1,,,,5471167,4284386.05
1766465100,59364.9,59368.05,59278.85,59312.5,59305.07432207076,59281.240012834656,0,0,0,60114.3,58649.5,57157.85,55821,54226.6,3,2,1,1,,,,2749204,4217162
1766466000,59313.95,59338.5,59286.2,59320.25,59308.10945765661,59284.78637530423,0,0,0,60114.3,58649.5,57157.85,55821,54226.6,3,2,1,1,,,,1956330,4147431.35
1766466900,59322.55,59352.5,59307.35,59315,59309.48756612529,59287.5330684584,0,0,0,60114.3,58649.5,57157.85,55821,54226.6,3,2,1,1,,,,3239619,4169140.85
1766467800,59316.2,59352.8,59289,59319.9,59311.57005290023,59290.47551678036,0,0,0,60114.3,58649.5,57157.85,55821,54226.6,3,2,1,1,,,,2886361,4138713.05
1766468700,59321.9,59338.25,59298.75,59315.15,59312.286042320186,59292.71865161851,0,0,0,60114.3,58649.5,57157.85,55821,54226.6,3,2,1,1,,,,1824779,4090238.75
1766469600,59312.1,59312.1,59247,59255.75,59300.97883385615,59289.35786510773,0,0,0,60114.3,58649.5,57157.85,55821,54226.6,3,2,1,1,,,,3013784,4035143.8
1766470500,59259.3,59287.05,59230.8,59272.55,59295.29306708492,59287.82987737067,0,0,0,60114.3,58649.5,57157.85,55821,54226.6,3,2,1,1,,,,3764769,4111779
1766471400,59272.15,59303.8,59262.2,59275,59291.23445366793,59286.663524882424,0,0,0,60114.3,58649.5,57157.85,55821,54226.6,3,2,1,1,,,,1881377,4091409.45
1766472300,59278.2,59286.45,59253.5,59261.85,59285.35756293435,59284.407749893115,0,0,0,60114.3,58649.5,57157.85,55821,54226.6,3,2,1,1,,,,2238386,4079102.75
1766473200,59265.6,59267.65,59230.4,59255.95,59279.476050347475,59281.820681721016,0,0,0,60114.3,58649.5,57157.85,55821,54226.6,3,2,1,1,,,,3067979,4121375.8
1766474100,59256.15,59305.9,59251.75,59285.25,59280.63084027798,59282.132437928194,0,0,0,60114.3,58649.5,57157.85,55821,54226.6,3,2,1,1,,,,2883950,4091626.75
1766475000,59290.85,59325.55,59285.8,59303.15,59285.13467222239,59284.04312538927,0,0,0,60114.3,58649.5,57157.85,55821,54226.6,3,2,1,1,,,,1545198,4023135.4
1766475900,59303.45,59341.75,59292.95,59336,59295.30773777791,59288.76647762661,0,0,0,60114.3,58649.5,57157.85,55821,54226.6,3,2,1,1,,,,1626913,3931586.35
1766476800,59336.4,59346,59302,59305.95,59297.43619022233,59290.32861602419,0,0,0,60114.3,58649.5,57157.85,55821,54226.6,3,2,1,1,,,,2127820,3872633.35
1766477700,59307.5,59335.55,59290.3,59325.9,59303.12895217787,59293.56237820381,0,0,0,60114.3,58649.5,57157.85,55821,54226.6,3,2,1,1,,,,1783371,3565094.3
1766478600,59323.85,59343.35,59292.15,59329.95,59308.49316174229,59296.87034382165,0,0,0,60114.3,58649.5,57157.85,55821,54226.6,3,2,1,1,,,,2381964,2906276.9
1766479500,59330.85,59370.15,59313.7,59331.15,59313.024529393835,59299.9866762015,0,0,0,60114.3,58649.5,57157.85,55821,54226.6,3,2,1,1,,,,4703005,2777228.2
1766480400,59332.35,59342.85,59263.85,59263.85,59303.18962351507,59296.701523819545,0,0,0,60114.3,58649.5,57157.85,55821,54226.6,3,2,1,1,,,,5602108,2883963.05
1766481300,59263.4,59328.6,59255.2,59310.5,59304.65169881206,59297.95593074504,0,0,0,60114.3,58649.5,57157.85,55821,54226.6,3,2,1,1,,,,4969946,2985901.5
1766482200,59307.95,59340.85,59266.6,59328.7,59309.461359049645,59300.75084613186,0,0,0,60114.3,58649.5,57157.85,55821,54226.6,3,2,1,1,,,,9363860,3180536.15
1766483100,59325.45,59331.25,59255.4,59276.55,59302.879087239715,59298.55076921078,0,0,0,60114.3,58649.5,57157.85,55821,54226.6,3,2,1,1,,,,8271413,3456646.6
1766547900,59366,59427.3,59251.65,59407.3,59323.76326979177,59308.43706291889,0,0,0,60114.3,58649.5,57157.85,55821,54226.6,3,2,1,1,,,,5533206,3635490.4
1766548800,59408.25,59478.15,59405.95,59446.95,59348.400615833416,59321.029148108086,0,0,1,60114.3,58649.5,57157.85,55821,54226.6,3,1,1,1,,,1,3578915,3652455.2
1766549700,59452.85,59468.85,59384.75,59412.35,59361.190492666734,59329.33104373462,0,0,0,60114.3,58649.5,57157.85,55821,54226.6,3,1,1,1,,,,3514347,3683854.5
1766550600,59411.7,59426.3,59370.55,59416.7,59372.29239413339,59337.273676122386,0,0,0,60114.3,58649.5,57157.85,55821,54226.6,3,1,1,1,,,,2428377,3714034.4
1766551500,59413.15,59452.7,59403.05,59433.2,59384.473915306706,59345.99425102035,0,0,0,60114.3,58649.5,57157.85,55821,54226.6,3,1,1,1,,,,2480108,3687350.6
1766552400,59432.25,59441.65,59379.25,59379.25,59383.429132245365,59349.01750092759,0,0,0,60114.3,58649.5,57157.85,55821,54226.6,3,1,1,1,,,,3478885,3673056.4
1766553300,59386.6,59415.5,59359.25,59410.45,59388.83330579629,59354.60227357054,0,0,0,60114.3,58649.5,57157.85,55821,54226.6,3,1,1,1,,,,4214026,3789688.85
1766554200,59409.75,59422.1,59366.9,59398.55,59390.77664463703,59358.597521427764,0,0,0,60114.3,58649.5,57157.85,55821,54226.6,3,1,1,1,,,,2986744,3827106.75
1766555100,59396.9,59411.95,59363.1,59399.2,59392.461315709625,59362.28865584342,0,0,0,60114.3,58649.5,57157.85,55821,54226.6,3,1,1,1,,,,1900740,3768744.8
1766556000,59403.35,59408.75,59338.35,59346.45,59383.2590525677,59360.84877803947,0,0,0,60114.3,58649.5,57157.85,55821,54226.6,3,1,1,1,,,,1729724,3711033.5
1766556900,59347.3,59357.75,59319.1,59348.2,59376.24724205416,59359.69888912679,0,0,0,60114.3,58649.5,57157.85,55821,54226.6,3,1,1,1,,,,2572535,3762400.35
1766557800,59351.05,59363.35,59324.8,59343.35,59369.667793643326,59358.2126264789,0,0,0,60114.3,58649.5,57157.85,55821,54226.6,3,1,1,1,,,,2305910,3796350.2
1766558700,59336.8,59364.5,59322,59332.65,59362.26423491466,59355.88875134445,0,0,0,60114.3,58649.5,57157.85,55821,54226.6,3,1,1,1,,,,2230289,3801473.65
1766559600,59335.7,59356.35,59305.45,59308.85,59351.58138793173,59351.612501222226,0,0,0,60114.3,58649.5,57157.85,55821,54226.6,3,1,1,1,,,,1738476,3799228.9
1766560500,59309.15,59336.3,59300.35,59328.95,59347.05511034538,59349.55227383839,0,0,0,60114.3,58649.5,57157.85,55821,54226.6,3,1,1,1,,,,1646970,3762479.2
1766561400,59328.35,59328.8,59239.5,59251.45,59327.934088276306,59340.63388530762,0,0,0,60114.3,58649.5,57157.85,55821,54226.6,3,1,1,1,,,,2648661,3659762
1766562300,59252.75,59254,59196.85,59223.3,59307.00727062105,59329.96716846147,0,0,0,60114.3,58649.5,57157.85,55821,54226.6,3,1,1,1,,,,3325431,3545928.15
1766563200,59227.95,59227.95,59158.55,59199.25,59285.45581649684,59318.08378951043,0,0,0,60114.3,58649.5,57157.85,55821,54226.6,3,1,1,1,,,,1720029,3383432.3
1766564100,59197.6,59234,59184.8,59190.9,59266.544653197474,59306.52162682766,0,0,0,60114.3,58649.5,57157.85,55821,54226.6,3,1,1,1,,,,1481978,2989338.2
1766565000,59192.85,59212.15,59163.75,59201.55,59253.54572255798,59296.97875166151,0,0,0,60114.3,58649.5,57157.85,55821,54226.6,3,1,1,1,,,,3464970,2749016.05
1766565900,59207.8,59226.7,59162.7,59197.35,59242.30657804639,59287.92159241955,0,0,0,60114.3,58649.5,57157.85,55821,54226.6,3,1,1,1,,,,2821281,2613419.8
1766566800,59199.1,59230.75,59178.1,59213.6,59236.56526243711,59281.165084017775,0,0,0,60114.3,58649.5,57157.85,55821,54226.6,3,1,1,1,,,,4261490,2647548.55
1766567700,59217.55,59240.9,59175.5,59232.9,59235.83220994969,59276.77734910707,0,0,0,60114.3,58649.5,57157.85,55821,54226.6,3,1,1,1,,,,3526192,2648140.8
1766568600,59235.5,59255.55,59161.75,59201.75,59229.01576795975,59269.95668100643,0,0,0,60114.3,58649.5,57157.85,55821,54226.6,3,1,1,1,,,,8351483,2944296.1
1766569500,59202.3,59211,59118.25,59150.8,59213.3726143678,59259.12425546039,0,0,0,60114.3,58649.5,57157.85,55821,54226.6,3,1,1,1,,,,8092553,3224918.35
1766720700,59091.1,59180.65,59072.45,59169.55,59204.60809149424,59250.981141327626,0,0,0,60114.3,58649.5,57157.85,55821,54226.6,3,1,1,1,,,,4379023,3269925.25
1766721600,59175.7,59178.3,59081.85,59091.2,59181.926473195395,59236.45558302511,0,0,0,60114.3,58649.5,57157.85,55821,54226.6,3,1,1,1,,,,2916218,3205034.85
1766722500,59091.4,59154.6,59088.3,59135,59172.54117855632,59227.23234820465,0,0,0,60114.3,58649.5,57157.85,55821,54226.6,3,1,1,1,,,,4059776,3258686.45
1766723400,59135.8,59154.1,59101,59115.3,59161.092942845054,59217.05668018605,0,0,0,60114.3,58649.5,57157.85,55821,54226.6,3,1,1,1,,,,2979627,3312630.8
1766724300,59110.7,59133.95,59097.05,59119.6,59152.79435427604,59208.19698198732,0,0,0,60114.3,58649.5,57157.85,55821,54226.6,3,1,1,1,,,,3086637,3380476.45
1766725200,59122.35,59163.25,59113.8,59154.95,59153.22548342083,59203.3563472612,0,0,0,60114.3,58649.5,57157.85,55821,54226.6,3,1,1,1,,,,2633864,3383542.9
1766726100,59156.05,59165.3,59094.7,59110.25,59144.630386736666,59194.89213387382,0,0,0,60114.3,58649.5,57157.85,55821,54226.6,3,1,1,1,,,,2311563,3383825.55
1766727000,59119.1,59121.5,59070.8,59078.75,59131.45430938933,59184.333758067114,0,0,0,60114.3,58649.5,57157.85,55821,54226.6,3,1,1,1,,,,3320287,3438325.45
1766727900,59078.7,59086.3,59050.75,59067.9,59118.743447511464,59173.74887097011,0,0,0,60114.3,58649.5,57157.85,55821,54226.6,3,1,1,1,,,,2745339,3488668.6
1766728800,59064.9,59075.2,58994.05,59017.45,59098.484758009174,59159.5398827001,0,0,0,60114.3,58649.5,57157.85,55821,54226.6,3,1,1,1,,,,3703380,3591489.1
1766729700,59017.15,59051.55,59011.2,59043.5,59087.48780640734,59148.99080245463,0,0,0,60114.3,58649.5,57157.85,55821,54226.6,3,1,1,1,,,,1558490,3536980.55
1766730600,59042.25,59054.65,59008,59045.85,59079.16024512587,59139.61436586785,0,0,0,60114.3,58649.5,57157.85,55821,54226.6,3,1,1,1,,,,3449457,3543181.85
1766731500,59043.8,59073.3,59023.9,59031.05,59069.5381961007,59129.74487806168,0,0,0,60114.3,58649.5,57157.85,55821,54226.6,3,1,1,1,,,,3396865,3627023.65
1766732400,59032.5,59038.55,58983.2,59007.25,59057.08055688056,59118.60898005607,0,0,0,60114.3,58649.5,57157.85,55821,54226.6,3,1,1,1,,,,1841723,3645010.9
1766733300,59000,59020.9,58976.35,59020.25,59049.71444550445,59109.66725459643,0,0,0,60114.3,58649.5,57157.85,55821,54226.6,3,1,1,1,,,,2364878,3590006.3
1766734200,59014.1,59036.3,59001.4,59034.15,59046.601556403555,59102.80204963312,0,0,0,60114.3,58649.5,57157.85,55821,54226.6,3,1,1,1,,,,1650100,3531447.25
1766735100,59033.25,59065,59024.75,59047.55,59046.79124512285,59097.77913603011,0,0,0,60114.3,58649.5,57157.85,55821,54226.6,3,1,1,1,,,,1590944,3397919.95
1766736000,59046.9,59065.05,59029,59047.95,59047.022996098276,59093.24921457283,0,0,0,60114.3,58649.5,57157.85,55821,54226.6,3,1,1,1,,,,1820099,3312615.3
1766736900,59045.35,59058.9,59025.85,59045.05,59046.62839687862,59088.86746779348,0,0,0,60114.3,58649.5,57157.85,55821,54226.6,3,1,1,1,,,,1777266,2983904.45
1766737800,59040.65,59052.7,58998.65,59011.85,59039.6727175029,59081.865879812256,0,0,0,60114.3,58649.5,57157.85,55821,54226.6,3,1,1,1,,,,3267866,2742670.1
1766738700,59009.5,59024,58947.05,58976.2,59026.97817400232,59072.259890738416,0,0,0,60114.3,58649.5,57157.85,55821,54226.6,3,1,1,1,,,,2585458,2652991.85
1766739600,58982.55,58986.15,58956.85,58973.15,59016.21253920186,59063.24990067129,0,0,0,60114.3,58649.5,57157.85,55821,54226.6,3,1,1,1,,,,2248340,2619597.95
1766740500,58970.25,59020.95,58952.9,59017.9,59016.55003136148,59059.12718242845,0,0,0,60114.3,58649.5,57157.85,55821,54226.6,3,1,1,1,,,,3042990,2568758.65
1766741400,59019.2,59039.5,59004.7,59011.55,59015.550025089186,59054.801984025864,0,0,0,60114.3,58649.5,57157.85,55821,54226.6,3,1,1,1,,,,3985997,2619077.15
1766742300,59014.5,59033,58970.45,58994.45,59011.33002007135,59049.315440023514,0,0,0,60114.3,58649.5,57157.85,55821,54226.6,3,1,1,1,,,,5932438,2761367.2
1766979900,59013.25,59140.4,58976.05,59061.85,59021.43401605708,59050.454945475925,0,0,0,60114.3,58649.5,57157.85,55821,54226.6,3,1,1,1,,,,12571317,3258239.85
1766980800,59064.45,59092.15,59033.7,59062.45,59029.637212845664,59051.54540497811,0,0,0,60114.3,58649.5,57157.85,55821,54226.6,3,1,1,1,,,,4277262,3356524.8
1766981700,59059.95,59084.85,58929.55,58944.95,59012.69977027653,59041.854913616466,1,0,0,60114.3,58649.5,57157.85,55821,54226.6,3,2,1,1,1,,,4435265,3412273.7
1766982600,58942.65,58979.7,58916.65,58979.55,59006.06981622122,59036.19083056042,0,0,0,60114.3,58649.5,57157.85,55821,54226.6,3,2,1,1,,,,3285922,3439302.85
1766983500,58971.65,58986.65,58943.7,58953.95,58995.64585297697,59028.714391418565,0,0,0,60114.3,58649.5,57157.85,55821,54226.6,3,2,1,1,,,,2717894,3390028.55
1766984400,58957.8,58965.8,58896.25,58909.25,58978.36668238158,59017.853992198696,0,0,0,60114.3,58649.5,57157.85,55821,54226.6,3,2,1,1,,,,2597099,3441959
1766985300,58904.7,58934.8,58891.55,58917.1,58966.113345905265,59008.69453836245,0,0,0,60114.3,58649.5,57157.85,55821,54226.6,3,2,1,1,,,,2322232,3385597.75
1766986200,58914.25,58930.85,58856.3,58869.6,58946.81067672421,58996.0495803295,0,0,0,60114.3,58649.5,57157.85,55821,54226.6,3,2,1,1,,,,2333264,3332417.7
1766987100,58871.05,58880.4,58815.5,58838.4,58925.128541379374,58981.71780029954,0,0,0,60114.3,58649.5,57157.85,55821,54226.6,3,2,1,1,,,,1876320,3334147.55
1766988000,58836.2,58860.65,58824.15,58853.05,58910.7128331035,58970.02072754504,0,0,0,60114.3,58649.5,57157.85,55821,54226.6,3,2,1,1,,,,3050829,3368445.1
1766988900,58855.15,58877.7,58826.25,58836.45,58895.8602664828,58957.87793413185,0,0,0,60114.3,58649.5,57157.85,55821,54226.6,3,2,1,1,,,,2467834,3409331.8
1766989800,58842.7,58855.45,58810.35,58841.95,58885.078213186236,58947.339031028954,0,0,0,60114.3,58649.5,57157.85,55821,54226.6,3,2,1,1,,,,3460237,3502796.45
1766990700,58838.1,58847.6,58813.6,58832.85,58874.63257054899,58936.93093729905,0,0,0,60114.3,58649.5,57157.85,55821,54226.6,3,2,1,1,,,,1972644,3510423.7
1766991600,58831.05,58858.25,58821.1,58840.9,58867.88605643919,58928.20085209004,0,0,0,60114.3,58649.5,57157.85,55821,54226.6,3,2,1,1,,,,1732659,3508193.35
1766992500,58841.5,58862.45,58819.45,58834.85,58861.27884515135,58919.71441099095,0,0,0,60114.3,58649.5,57157.85,55821,54226.6,3,2,1,1,,,,2454155,3467507.8
1766993400,58835.45,58893.8,58829.7,58855.5,58860.123076121075,58913.8767372645,0,0,0,60114.3,58649.5,57157.85,55821,54226.6,3,2,1,1,,,,3812641,3528866.95
1766994300,58858.1,58868.05,58809.55,58844.95,58857.08846089686,58907.61067024046,0,0,0,60114.3,58649.5,57157.85,55821,54226.6,3,2,1,1,,,,3325751,3582737.5
1766995200,58845.8,58886.7,58825,58876.45,58860.96076871749,58904.77788203678,0,0,0,60114.3,58649.5,57157.85,55821,54226.6,3,2,1,1,,,,3719615,3616568.75
1766996100,58876.7,58910.95,58865.3,58891.75,58867.11861497399,58903.593529124344,0,0,0,60114.3,58649.5,57157.85,55821,54226.6,3,2,1,1,,,,5195536,3677045.7
1766997000,58888.45,58968.1,58883.55,58917.15,58877.12489197919,58904.825935567584,0,0,0,60114.3,58649.5,57157.85,55821,54226.6,3,2,1,1,,,,6027066,3681777.1
1766997900,58909.9,58997.1,58872.2,58983.45,58898.38991358335,58911.97357778871,0,0,0,60114.3,58649.5,57157.85,55821,54226.6,3,2,1,1,,,,4789894,3292705.95
1766998800,58984.5,58993.9,58946.2,58964.1,58911.53193086668,58916.712343444284,0,0,0,60114.3,58649.5,57157.85,55821,54226.6,3,2,1,1,,,,3458450,3251765.35
1766999700,58965.55,58974.4,58904.35,58937.05,58916.635544693345,58918.561221312986,0,0,0,60114.3,58649.5,57157.85,55821,54226.6,3,2,1,1,,,,5641892,3312096.7
1767000600,58934.8,58969.4,58887.35,58928.5,58919.00843575467,58919.46474664817,0,0,0,60114.3,58649.5,57157.85,55821,54226.6,3,2,1,1,,,,7355811,3515591.15
1767001500,58923.5,58963.4,58916.75,58953.95,58925.996748603735,58922.59976968016,0,0,0,60114.3,58649.5,57157.85,55821,54226.6,3,2,1,1,,,,11461621,3952777.5
1767066300,58904.6,58961.45,58746,58757.95,58892.38739888299,58907.63160880014,0,0,0,60114.3,58649.5,57157.85,55821,54226.6,3,2,1,1,,,,8047035,4225274.3
1767067200,58757.85,58855.3,58737.6,58844.75,58882.85991910639,58901.915098909216,0,0,0,60114.3,58649.5,57157.85,55821,54226.6,3,2,1,1,,,,3641523,4291238.85
1767068100,58844.55,58892.95,58767.85,58858.3,58877.94793528511,58897.95008991747,0,0,0,60114.3,58649.5,57157.85,55821,54226.6,3,2,1,1,,,,3554260,4352288.65
1767069000,58858.75,58964.35,58831.85,58944.65,58891.28834822809,58902.19553628861,0,0,0,60114.3,58649.5,57157.85,55821,54226.6,3,2,1,1,,,,5973823,4557163.8
1767069900,58943.05,59035.65,58937.3,59020.05,58917.040678582474,58912.90957844419,0,0,0,60114.3,58649.5,57157.85,55821,54226.6,3,2,1,1,,,,6267213,4717983
1767070800,59023.4,59076.1,58932.2,58934.2,58920.47254286598,58914.8450713129,0,0,0,60114.3,58649.5,57157.85,55821,54226.6,3,2,1,1,,,,4906435,4839913.05
1767071700,58935.85,58985.7,58887.4,58914.7,58919.31803429278,58914.83188301173,0,0,0,60114.3,58649.5,57157.85,55821,54226.6,3,2,1,1,,,,3676186,4850710.5
1767072600,58917.2,58945.55,58883.35,58924.4,58920.33442743422,58915.70171182884,0,0,0,60114.3,58649.5,57157.85,55821,54226.6,3,2,1,1,,,,4310429,4967599.75
1767073500,58925.15,58978.45,58910.9,58960.05,58928.27754194738,58919.733374389856,0,0,0,60114.3,58649.5,57157.85,55821,54226.6,3,2,1,1,,,,6024470,5182190.3
1767074400,58959.2,58984,58899.85,58982.7,58939.1620335579,58925.457613081686,0,0,0,60114.3,58649.5,57157.85,55821,54226.6,3,2,1,1,,,,5163815,5317673.3
1767075300,58981.05,58993.6,58908.2,58920.55,58935.43962684632,58925.0114664379,0,0,0,60114.3,58649.5,57157.85,55821,54226.6,3,2,1,1,,,,3262438,5290163.15
1767076200,58927.5,58938.45,58860.55,58872.05,58922.76170147705,58920.196787670815,0,0,0,60114.3,58649.5,57157.85,55821,54226.6,3,2,1,1,,,,4640903,5355920.75
1767077100,58875.45,58927.5,58864.8,58909.65,58920.13936118164,58919.23798879165,0,0,0,60114.3,58649.5,57157.85,55821,54226.6,3,2,1,1,,,,3543208,5347100.4
1767078000,58911.2,58960.15,58893.25,58932.05,58922.52148894531,58920.402717083314,0,0,0,60114.3,58649.5,57157.85,55821,54226.6,3,2,1,1,,,,5049083,5339777.75
1767078900,58931.6,58976.15,58899.1,58908.05,58919.62719115625,58919.27974280301,0,0,0,60114.3,58649.5,57157.85,55821,54226.6,3,2,1,1,,,,5065551,5291702
1767079800,58908.35,58933.2,58883.2,58922.9,58920.281752925,58919.60885709365,0,0,0,60114.3,58649.5,57157.85,55821,54226.6,3,2,1,1,,,,5367657,5320590.15
1767080700,58923.95,58968.3,58914.75,58950.1,58926.24540234,58922.38077917604,0,0,0,60114.3,58649.5,57157.85,55821,54226.6,3,2,1,1,,,,4902131,5392774.2
1767081600,58949.25,59063.5,58942.8,59057.5,58952.496321872,58934.66434470549,0,0,0,60114.3,58649.5,57157.85,55821,54226.6,3,2,1,1,,,,5637629,5392561.05
1767082500,59053.35,59116.2,59023.9,59041.5,58970.2970574976,58944.37667700499,0,0,0,60114.3,58649.5,57157.85,55821,54226.6,3,2,1,1,,,,7890875,5419314.25
1767083400,59041.6,59096.9,59037,59087.75,58993.787645998076,58957.410615459085,0,0,0,60114.3,58649.5,57157.85,55821,54226.6,3,2,1,1,,,,5566090,5124537.7
1767084300,59087.35,59135.35,59018.55,59031.4,59001.310116798464,58964.13692314462,0,0,0,60114.3,58649.5,57157.85,55821,54226.6,3,2,1,1,,,,6894491,5066910.5
1767085200,59030.3,59121.6,59022.55,59115.3,59024.10809343877,58977.879021040564,0,0,0,60114.3,58649.5,57157.85,55821,54226.6,3,2,1,1,,,,6386763,5204172.5
1767086100,59119.2,59182.5,59088.85,59137.05,59046.69647475102,58992.34911003688,0,0,0,60114.3,58649.5,57157.85,55821,54226.6,3,2,1,1,,,,12048948,5628906.9
1767087000,59133.6,59251.45,59064.1,59196,59076.55717980082,59010.86282730625,0,0,0,60114.3,58649.5,57157.85,55821,54226.6,3,2,1,1,,,,91429746,9901703.05
1767087900,59198.1,59272.7,59156.4,59253.95,59112.03574384065,59032.9616611875,0,0,0,60114.3,58649.5,57157.85,55821,54226.6,3,2,1,1,,,,76004758,13388580.3
1767152700,59205.4,59414.05,59187.1,59386.25,59166.87859507252,59065.078782897726,0,0,0,60114.3,58649.5,57157.85,55821,54226.6,3,2,1,1,,,,9442250,13615371.05
1767153600,59382.7,59382.7,59242.8,59253.2,59184.14287605802,59082.1807117252,0,0,0,60114.3,58649.5,57157.85,55821,54226.6,3,2,1,1,,,,5304018,13696762.65
1767154500,59247.7,59330.5,59243.15,59310.8,59209.474300846414,59102.96428338655,0,0,0,60114.3,58649.5,57157.85,55821,54226.6,3,2,1,1,,,,3693522,13665917.3
1767155400,59306.6,59354.05,59274.1,59347.1,59236.99944067713,59125.15843944232,0,0,0,60114.3,58649.5,57157.85,55821,54226.6,3,2,1,1,,,,5075756,13618481.6
1767156300,59349.4,59378.8,59313.7,59357.55,59261.109552541704,59146.28494494756,0,0,0,60114.3,58649.5,57157.85,55821,54226.6,3,2,1,1,,,,3956449,13558113.3
1767157200,59353.35,59450.1,59340.8,59439.65,59296.81764203336,59172.95449540688,0,0,1,60114.3,58649.5,57157.85,55821,54226.6,3,1,1,1,,,1,5873096,13688646.2
1767158100,59443.05,59481.45,59394.3,59470.4,59331.53411362669,59199.99499582443,0,0,0,60114.3,58649.5,57157.85,55821,54226.6,3,1,1,1,,,,5133131,13713257.6
1767159000,59463.7,59496.65,59436,59453.2,59355.86729090135,59223.013632567665,0,0,0,60114.3,58649.5,57157.85,55821,54226.6,3,1,1,1,,,,5423909,13807292.65
1767159900,59450.85,59490.85,59408.45,59417.05,59368.10383272108,59240.65330233424,0,0,0,60114.3,58649.5,57157.85,55821,54226.6,3,1,1,1,,,,2981509,13703913.95
1767160800,59415.35,59485.45,59400.35,59457.6,59386.00306617686,59260.375729394764,0,0,0,60114.3,58649.5,57157.85,55821,54226.6,3,1,1,1,,,,3435916,13622432.2
1767161700,59456.75,59499.75,59447.9,59461.2,59401.04245294149,59278.63248126797,0,0,0,60114.3,58649.5,57157.85,55821,54226.6,3,1,1,1,,,,4317335,13569916.1
1767162600,59458.4,59527.1,59445,59514.6,59423.75396235319,59300.08407387997,0,0,0,60114.3,58649.5,57157.85,55821,54226.6,3,1,1,1,,,,3644411,13507030.1
1767163500,59514.1,59572.6,59511.1,59565.25,59452.05316988255,59324.1900671636,0,0,0,60114.3,58649.5,57157.85,55821,54226.6,3,1,1,1,,,,3983968,13424347.05
1767164400,59567.3,59625.75,59544.15,59619.2,59485.48253590604,59351.009151966915,0,0,0,60114.3,58649.5,57157.85,55821,54226.6,3,1,1,1,,,,2665861,13163096.35
1767165300,59621.5,59742.35,59615.65,59722.3,59532.84602872483,59384.76286542447,0,0,0,60114.3,58649.5,57157.85,55821,54226.6,3,1,1,1,,,,3569772,13063280.45
1767166200,59717.6,59739.05,59692,59703.8,59567.03682297986,59413.76624129497,0,0,0,60114.3,58649.5,57157.85,55821,54226.6,3,1,1,1,,,,3676603,12902386.05
1767167100,59705.5,59734.8,59668.1,59723.6,59598.34945838389,59441.932946631794,0,0,0,60114.3,58649.5,57157.85,55821,54226.6,3,1,1,1,,,,2596677,12712881.75
1767168000,59721.35,59734.35,59616.7,59675.25,59613.729566707116,59463.14358784709,0,0,0,60114.3,58649.5,57157.85,55821,54226.6,3,1,1,1,,,,3827330,12301800.85
1767168900,59670.65,59748.05,59670.45,59721.75,59635.33365336569,59486.653261679174,0,0,0,60114.3,58649.5,57157.85,55821,54226.6,3,1,1,1,,,,2851014,7872864.25
1767169800,59725.65,59748.6,59681.45,59729.95,59654.256922692555,59508.77114698107,0,0,0,60114.3,58649.5,57157.85,55821,54226.6,3,1,1,1,,,,4156328,4280442.75
1767170700,59727.25,59732.8,59658.35,59696.95,59662.795538154045,59525.87831543733,0,0,0,60114.3,58649.5,57157.85,55821,54226.6,3,1,1,1,,,,3230034,3969831.95
1767171600,59700.95,59766.2,59685.4,59752.9,59680.816430523235,59546.51665039757,0,0,0,60114.3,58649.5,57157.85,55821,54226.6,3,1,1,1,,,,4171157,3913188.9
1767172500,59756.45,59757.45,59702.6,59716.85,59688.023144418585,59562.001500361424,0,0,0,60114.3,58649.5,57157.85,55821,54226.6,3,1,1,1,,,,5303316,3993678.6
1767173400,59719.2,59719.2,59541.85,59584.55,59667.32851553487,59564.05136396493,0,0,0,60114.3,58649.5,57157.85,55821,54226.6,3,1,1,1,,,,11301133,4304947.45
1767174300,59587,59637.2,59557.8,59619.35,59657.732812427894,59569.07851269539,0,0,0,60114.3,58649.5,57157.85,55821,54226.6,3,1,1,1,,,,12384411,4726345.55
1767239100,59672.2,59716.8,59569.65,59668.1,59659.80624994232,59578.08046608672,0,0,0,60114.3,58649.5,57157.85,55821,54226.6,3,1,1,1,,,,5685022,4716941.85
1767240000,59664.4,59720,59599.55,59706,59669.044999953854,59589.709514624294,0,0,0,59766.2,58737.6,,,,1,1,1,1,,,,2431979,4581884.25
1767240900,59707.8,59713.5,59635.55,59640.7,59663.375999963086,59594.34501329481,0,0,0,59766.2,58737.6,,,,1,1,1,1,,,,3040683,4462722.95
1767241800,59640.25,59702.6,59631.65,59658.2,59662.340799970465,59600.1500120862,0,0,0,59766.2,58737.6,,,,1,1,1,1,,,,4331658,4530230.4
1767242700,59661.05,59689.55,59573.1,59685.95,59667.06263997637,59607.95001098745,0,0,0,59766.2,58737.6,,,,1,1,1,1,,,,2727712,4494820.2
1767243600,59689.4,59739.15,59660.75,59716.75,59677.0001119811,59617.8409190795,0,0,0,59766.2,58737.6,,,,1,1,1,1,,,,2277177,4392812.3
1767244500,59719,59743.2,59686.35,59698.6,59681.32008958488,59625.18265370864,0,0,0,59766.2,58737.6,,,,1,1,1,1,,,,2444951,4332839.3
1767245400,59698.65,59722.8,59666.6,59714.85,59688.026071667904,59633.334230644214,0,0,0,59766.2,58737.6,,,,1,1,1,1,,,,3017962,4284539
1767246300,59714.9,59738.3,59691.35,59712.6,59692.940857334324,59640.54020967656,0,0,0,59766.2,58737.6,,,,1,1,1,1,,,,2483156,4275403.75
1767247200,59713.85,59730.3,59687.05,59690.3,59692.41268586746,59645.063826978694,0,0,0,59766.2,58737.6,,,,1,1,1,1,,,,2376698,4215750.05
1767248100,59691.8,59701.3,59655.25,59685.7,59691.070148693965,59648.75802452608,0,0,0,59766.2,58737.6,,,,1,1,1,1,,,,2252862,4144563
1767249000,59683.25,59704.1,59624.45,59628.4,59678.53611895517,59646.90729502371,0,0,0,59766.2,58737.6,,,,1,1,1,1,,,,5435455,4286501.9
1767249900,59628,59698.8,59600.9,59693.05,59681.43889516414,59651.10208638519,0,0,0,59766.2,58737.6,,,,1,1,1,1,,,,2445812,4217426
1767250800,59691.25,59697.25,59611.45,59660.6,59677.27111613131,59651.96553307744,0,0,0,59766.2,58737.6,,,,1,1,1,1,,,,3346426,4242196.6
1767251700,59660.85,59690.15,59643.05,59680.7,59677.95689290505,59654.577757343126,0,0,0,59766.2,58737.6,,,,1,1,1,1,,,,3985321,4233646.25
1767252600,59681.55,59699.6,59659.85,59680.4,59678.44551432404,59656.9252339483,0,0,0,59766.2,58737.6,,,,1,1,1,1,,,,1856820,4164985.55
1767253500,59680.8,59703.5,59628.35,59685.75,59679.90641145923,59659.54566722573,0,0,0,59766.2,58737.6,,,,1,1,1,1,,,,4166207,4164738.05
1767254400,59687.8,59696.95,59661.35,59678.95,59679.71512916739,59661.30969747793,0,0,0,59766.2,58737.6,,,,1,1,1,1,,,,2260927,4012618.6
1767255300,59681.3,59712,59666.9,59696.7,59683.11210333391,59664.52699770721,0,0,0,59766.2,58737.6,,,,1,1,1,1,,,,2068594,3550991.65
1767256200,59695.7,59727.1,59689.8,59712.8,59689.04968266713,59668.9154524611,0,0,0,59766.2,58737.6,,,,1,1,1,1,,,,3076367,3085589.45
1767257100,59711.95,59730.5,59679.3,59681.85,59687.609746133705,59670.09132041918,0,0,0,59766.2,58737.6,,,,1,1,1,1,,,,3355305,2969103.6
1767258000,59681.3,59705.45,59669.05,59686.4,59687.36779690696,59671.5739276538,0,0,0,59766.2,58737.6,,,,1,1,1,1,,,,2515475,2973278.4
1767258900,59690.45,59731.15,59683.5,59719.4,59693.77423752557,59675.92175241255,0,0,0,59766.2,58737.6,,,,1,1,1,1,,,,4447018,3043595.15
1767259800,59719.1,59735.8,59668.5,59691.1,59693.239390020455,59677.30159310232,0,0,0,59766.2,58737.6,,,,1,1,1,1,,,,7545938,3204309.15
1767260700,59686.6,59721.75,59670.2,59707.55,59696.101512016365,59680.05144827483,0,0,0,59766.2,58737.6,,,,1,1,1,1,,,,13614164,3748631.75
1767325500,59758.8,59950.6,59738.25,59934.25,59743.73120961309,59703.16040752258,0,0,0,59766.2,58737.6,,,,1,1,1,1,,,,15439735,4406759.65
1767326400,59937.65,60047.55,59902.5,60046,59804.184967690475,59734.32764320234,0,0,0,59766.2,58737.6,,,,1,1,1,1,,,,8445103,4706767.25
1767327300,60040.55,60062.75,59993.05,60000.85,59843.51797415238,59758.55694836577,0,0,0,59766.2,58737.6,,,,1,1,1,1,,,,8535831,4982660.7
1767328200,59999.95,60042.7,59985.3,60015.65,59877.9443793219,59781.92904396888,0,0,0,59766.2,58737.6,,,,1,1,1,1,,,,10543148,5385660.3
1767329100,60013.85,60033.7,59978.05,59989.25,59900.205503457524,59800.77640360807,0,0,0,59766.2,58737.6,,,,1,1,1,1,,,,8443931,5689021.95
1767330000,59990.8,60032.75,59979.65,60030.15,59926.19440276602,59821.62854873461,0,0,0,59766.2,58737.6,,,,1,1,1,1,,,,7896431,5971200.4
1767330900,60030.7,60031.85,59999.5,60015.75,59944.10552221282,59839.2759533951,0,0,0,59766.2,58737.6,,,,1,1,1,1,,,,10735181,6236186.7
1767331800,60019.25,60028,59979.75,60015.05,59958.29441777026,59855.255412177365,0,0,0,60062.75,58737.6,,,,1,1,1,1,,,,22125691,7220180.65
1767332700,60011.05,60037,59994.85,60022.05,59971.04553421621,59870.41855652488,0,0,0,60062.75,58737.6,,,,1,1,1,1,,,,10927347,7599226.7
1767333600,60020,60111.5,60020,60093.3,59995.49642737297,59890.680505931705,0,0,0,60062.75,58737.6,,,,1,1,1,1,,,,10567684,7928344.85
1767334500,60092.25,60118.1,60071.1,60079.65,60012.32714189838,59907.859550847,0,0,0,60062.75,58737.6,,,,1,1,1,1,,,,10650843,8368046
1767335400,60079.95,60147.2,60079.1,60145.4,60038.9417135187,59929.45413713364,0,0,0,60062.75,58737.6,,,,1,1,1,1,,,,8504899,8584980.6
1767336300,60143.9,60152.35,60083.65,60116.85,60054.52337081496,59946.49012466695,0,0,0,60062.75,58737.6,,,,1,1,1,1,,,,7056354,8824751.95
1767337200,60117.65,60141.65,60096.1,60106.65,60064.94869665197,59961.050113333586,0,0,0,60062.75,58737.6,,,,1,1,1,1,,,,6896138,9066129.15
1767338100,60099.1,60108.45,60066.75,60099.3,60071.81895732158,59973.618284848715,0,0,0,60062.75,58737.6,,,,1,1,1,1,,,,6136571,9219139.35
1767339000,60098.75,60130.15,60092.65,60106.25,60078.70516585726,59985.67571349883,0,0,0,60062.75,58737.6,,,,1,1,1,1,,,,5396307,9321189.45
1767339900,60106.3,60150.6,60102.1,60119,60086.76413268581,59997.79610318076,0,0,0,60062.75,58737.6,,,,1,1,1,1,,,,7002231,9545527.25
1767340800,60116.65,60138.55,60094.2,60106.95,60090.80130614864,60007.71918470978,0,0,0,60152.35,58649.5,57157.85,55821,54226.6,1,1,1,1,,,,5379489,9592150.8
1767341700,60103.05,60126,60084.7,60096.7,60091.98104491891,60015.80834973616,0,0,0,60152.35,58649.5,57157.85,55821,54226.6,1,1,1,1,,,,3978315,9413769.65
1767342600,60093.25,60119.75,60078.85,60104.9,60094.564835935125,60023.90759066924,0,0,0,60152.35,58649.5,57157.85,55821,54226.6,1,1,1,1,,,,4080670,8937094.95
1767343500,60105.95,60133.15,60091.25,60103,60096.2518687481,60031.097809699306,0,0,0,60152.35,58649.5,57157.85,55821,54226.6,1,1,1,1,,,,6829453,8506580.85
1767344400,60101.05,60101.75,60002.1,60006.55,60078.31149499848,60028.86619063573,0,0,0,60152.35,58649.5,57157.85,55821,54226.6,1,1,1,1,,,,6605714,8414611.4
1767345300,60007.45,60068.65,59978.15,60063.35,60075.31919599878,60032.00108239612,0,0,0,60152.35,58649.5,57157.85,55821,54226.6,1,1,1,1,,,,10751299,8525384.8
1767346200,60063.85,60126.15,60047.65,60110.85,60082.42535679902,60039.16916581465,0,0,0,60152.35,58649.5,57157.85,55821,54226.6,1,1,1,1,,,,15946457,8795550.25
1767347100,60107.35,60203.75,60102.35,60174.75,60100.89028543922,60051.494696195135,0,0,0,60152.35,58649.5,57157.85,55821,54226.6,1,1,1,1,,,,30659407,9906324.05
1767584700,60378.85,60437.35,60132.75,60221.3,60124.97222835138,60066.931541995575,0,0,0,60152.35,58649.5,57157.85,55821,54226.6,1,1,1,1,,,,40701738,11546589.4
1767585600,60220.7,60264.6,60122.35,60222.7,60144.5177826811,60081.09231090507,0,0,0,60152.35,58649.5,57157.85,55821,54226.6,1,1,1,1,,,,14234350,11721547.85
1767586500,60224.5,60299.65,60176.05,60295.4,60174.69422614488,60100.574828095516,0,0,0,60152.35,58649.5,57157.85,55821,54226.6,1,1,1,1,,,,11159709,11173248.75
1767587400,60297.15,60354.45,60224.6,60345.6,60208.8753809159,60122.8498437232,0,0,0,60152.35,58649.5,57157.85,55821,54226.6,1,1,1,1,,,,12241247,11238943.75
1767588300,60341.95,60357,60308.3,60337.15,60234.530304732725,60142.331676112,0,0,0,60152.35,58649.5,57157.85,55821,54226.6,1,1,1,1,,,,6487032,11034911.15
1767589200,60333.1,60354.4,60276.5,60317.35,60251.09424378618,60158.242432829094,0,0,0,60437.35,58649.5,57157.85,55821,54226.6,1,1,1,1,,,,16780074,11341372.7
1767590100,60317.05,60331.2,60290.75,60305.85,60262.045395028945,60171.661302571905,0,0,0,60437.35,58649.5,57157.85,55821,54226.6,1,1,1,1,,,,7912727,11311764.1
1767591000,60305,60353.9,60270.8,60314.55,60272.54631602316,60184.651184156275,0,0,0,60437.35,58649.5,57157.85,55821,54226.6,1,1,1,1,,,,9454484,11431670.6
1767591900,60314.65,60319.75,60184.5,60209.8,60259.99705281853,60186.93744014207,0,0,0,60437.35,58649.5,57157.85,55821,54226.6,1,1,1,1,,,,9303576,11552042.5
1767592800,60209.7,60268.1,60192.35,60266.8,60261.35764225482,60194.197672856426,0,0,0,60437.35,58649.5,57157.85,55821,54226.6,1,1,1,1,,,,6121942,11551311.05
1767593700,60267.85,60278.8,60200.5,60236.65,60256.416113803854,60198.05697532403,0,0,0,60437.35,58649.5,57157.85,55821,54226.6,1,1,1,1,,,,9772398,11770115.6
1767594600,60233.9,60265.1,60210.15,60250.55,60255.24289104308,60202.829068476385,0,0,0,60437.35,58649.5,57157.85,55821,54226.6,1,1,1,1,,,,6120187,11726013.4
1767595500,60253.25,60272.2,60228.2,60241.95,60252.584312834464,60206.38551679671,0,0,0,60437.35,58649.5,57157.85,55821,54226.6,1,1,1,1,,,,4325269,11673302.4
1767596400,60241.1,60264.55,60196.6,60208.35,60243.737450267574,60206.56410617883,0,0,0,60437.35,58649.5,57157.85,55821,54226.6,1,1,1,1,,,,7344324,11841602.85
1767597300,60208.15,60243.9,60195.75,60199.8,60234.94996021406,60205.9491874353,0,0,0,60437.35,58649.5,57157.85,55821,54226.6,1,1,1,1,,,,12813824,12278260.55
1767598200,60200.5,60208,60127.15,60131.95,60214.34996817124,60199.22198857754,0,0,0,60437.35,58649.5,57157.85,55821,54226.6,1,1,1,1,,,,15538291,12713702.45
1767599100,60127.6,60151.6,60070.9,60109.65,60193.409974537,60191.079080525036,0,0,0,60437.35,58649.5,57157.85,55821,54226.6,1,1,1,1,,,,10589725,12912903
1767600000,60110.95,60114.7,60023.65,60067,60168.1279796296,60179.79916411367,0,0,0,60437.35,58649.5,57157.85,55821,54226.6,1,1,1,1,,,,8317483,12791212.2
1767600900,60065.7,60065.7,59927.5,59943.8,60123.26238370368,60158.34469464879,0,0,0,60437.35,58649.5,57157.85,55821,54226.6,1,1,1,1,,,,8872490,12437513.85
1767601800,59940.55,59942.6,59859.8,59907.2,60080.049906962944,60135.51335877163,0,0,0,60437.35,58649.5,57157.85,55821,54226.6,1,1,1,1,,,,10249718,11417029.4
1767602700,59908.4,59961.55,59887.2,59912.45,60046.52992557036,60115.23487161057,0,0,0,60437.35,58649.5,57157.85,55821,54226.6,1,1,1,1,,,,19604930,10362189
1767603600,59911.45,60061.85,59911.45,60055.35,60048.293940456286,60109.79079237324,0,0,0,60437.35,58649.5,57157.85,55821,54226.6,1,1,1,1,,,,11986756,10249809.3
1767604500,60056,60108.9,60020.75,60100.75,60058.78515236503,60108.968902157496,0,0,0,60437.35,58649.5,57157.85,55821,54226.6,1,1,1,1,,,,12015064,10292577.05
1767605400,60100.55,60125.1,60037.4,60051.25,60057.27812189203,60103.72172923409,0,0,0,60437.35,58649.5,57157.85,55821,54226.6,1,1,1,1,,,,17931213,10577075.35
1767606300,60052.55,60056.05,59988.45,60055.5,60056.922497513624,60099.337935667354,0,0,0,60437.35,58649.5,57157.85,55821,54226.6,1,1,1,1,,,,25647553,11535101.4
1767671100,59996.55,60188.85,59834.3,60129.65,60071.4679980109,60102.093577879416,0,0,0,60437.35,58649.5,57157.85,55821,54226.6,1,1,1,1,,,,46463093,13019252.35
1767672000,60126.65,60252.85,60106.05,60165.35,60090.24439840872,60107.84416170856,0,0,0,60437.35,58649.5,57157.85,55821,54226.6,1,1,1,1,,,,19129271,13580079.55
1767672900,60167.3,60255.6,60159.15,60249.05,60122.005518726975,60120.68105609869,0,0,0,60437.35,58649.5,57157.85,55821,54226.6,1,1,1,1,,,,18413878,14028049.25
1767673800,60252.4,60303.15,60234.75,60276.75,60152.95441498158,60134.869141907904,0,0,0,60437.35,58649.5,57157.85,55821,54226.6,1,1,1,1,,,,15872924,14356516.65
1767674700,60274.85,60305,60207.7,60271.2,60176.60353198526,60147.262856279915,0,0,0,60437.35,58649.5,57157.85,55821,54226.6,1,1,1,1,,,,12193018,14660070.45
1767675600,60268.25,60301.35,60193.45,60252.75,60191.83282558821,60156.852596618104,0,0,0,60437.35,58649.5,57157.85,55821,54226.6,1,1,1,1,,,,11165310,14729716.05
1767676500,60249.95,60278.25,60227.25,60227.25,60198.91626047056,60163.25236056191,0,0,0,60437.35,58649.5,57157.85,55821,54226.6,1,1,1,1,,,,7857591,14816586.25
1767677400,60230.85,60280.3,60204.55,60226.75,60204.483008376454,60169.0248732381,0,0,0,60437.35,58649.5,57157.85,55821,54226.6,1,1,1,1,,,,6092711,14904958.35
1767678300,60226.7,60231.15,60090.4,60183.8,60200.34640670117,60170.36806658009,0,0,0,60437.35,58649.5,57157.85,55821,54226.6,1,1,1,1,,,,10165353,15046009.8
1767679200,60184.2,60238.5,60168.4,60229.55,60206.187125360935,60175.74824234554,0,0,0,60437.35,58649.5,57157.85,55821,54226.6,1,1,1,1,,,,8134724,14812054.8
1767680100,60229,60260.6,60184.3,60192.5,60203.44970028875,60177.27112940503,0,0,0,60437.35,58649.5,57157.85,55821,54226.6,1,1,1,1,,,,6449837,14357632.1
1767681000,60193.45,60243.6,60171.25,60230,60208.759760231,60182.06466309548,0,0,0,60437.35,58649.5,57157.85,55821,54226.6,1,1,1,1,,,,7920190,14224155.35
1767681900,60228.3,60251.8,60172.85,60189.7,60204.9478081848,60182.75878463226,0,0,0,60437.35,58649.5,57157.85,55821,54226.6,1,1,1,1,,,,6919181,14154240.25
1767682800,60193.8,60222,60158.3,60176.7,60199.29824654784,60182.20798602932,0,0,0,60437.35,58649.5,57157.85,55821,54226.6,1,1,1,1,,,,5924207,14006826.1
1767683700,60177.25,60208.25,60121.1,60202.85,60200.00859723827,60184.08453275393,0,0,0,60437.35,58649.5,57157.85,55821,54226.6,1,1,1,1,,,,6049503,13796815.35
1767684600,60202.65,60241.2,60173.1,60197.15,60199.43687779062,60185.272302503574,0,0,0,60437.35,58649.5,57157.85,55821,54226.6,1,1,1,1,,,,6219175,13127527.6
1767685500,60193.7,60198.05,60091.25,60127.25,60184.999502232495,60179.99754773052,0,0,0,60437.35,58649.5,57157.85,55821,54226.6,1,1,1,1,,,,4735834,12764981.5
1767686400,60131.3,60145,60076.35,60138.85,60175.76960178599,60176.2568615732,0,0,0,60437.35,58649.5,57157.85,55821,54226.6,1,1,1,1,,,,7230576,12525757.1
1767687300,60137.6,60175.6,60106.2,60134.8,60167.575681428796,60172.488055975635,0,0,0,60437.35,58649.5,57157.85,55821,54226.6,1,1,1,1,,,,5977705,11928081.7
1767688200,60136.75,60170.6,60053.8,60076.6,60149.38054514304,60163.770959977846,0,0,0,60437.35,58649.5,57157.85,55821,54226.6,1,1,1,1,,,,10352884,11163348.25
1767689100,60076.45,60084.7,60032,60071.45,60133.79443611443,60155.378145434406,0,0,0,60437.35,58649.5,57157.85,55821,54226.6,1,1,1,1,,,,8525170,9266452.1
1767690000,60068,60091.75,60006.15,60076.7,60122.37554889155,60148.22558675855,0,0,0,60437.35,58649.5,57157.85,55821,54226.6,1,1,1,1,,,,9131740,8766575.55
1767690900,60081.5,60117.3,60070.15,60112.65,60120.43043911324,60144.99144250777,0,0,0,60437.35,58649.5,57157.85,55821,54226.6,1,1,1,1,,,,9128649,8302314.1
1767691800,60111.55,60143,60094.8,60136.8,60123.704351290595,60144.246765916156,0,0,0,60437.35,58649.5,57157.85,55821,54226.6,1,1,1,1,,,,18945545,8455945.15
1767692700,60134.9,60141.35,60100.65,60115.85,60122.13348103248,60141.66524174196,0,0,0,60437.35,58649.5,57157.85,55821,54226.6,1,1,1,1,,,,22827735,8987681
1767757500,60046.75,60052.85,59892.1,59957.6,60089.22678482598,60124.932037947234,0,0,0,60437.35,58649.5,57157.85,55821,54226.6,1,1,1,1,,,,40280020,10443416.5
1767758400,59952.85,59989.4,59895.7,59900.55,60051.49142786078,60104.53367086112,0,0,0,60437.35,58649.5,57157.85,55821,54226.6,1,1,1,1,,,,13304545,10715764.2
1767759300,59901.45,59947.9,59861.35,59909.9,60023.17314228863,60086.83970078284,0,0,0,60437.35,58649.5,57157.85,55821,54226.6,1,1,1,1,,,,17812844,11301770.85
1767760200,59906.7,59922.65,59864.05,59912.45,60001.028513830905,60070.98609162076,0,0,0,60437.35,58649.5,57157.85,55821,54226.6,1,1,1,1,,,,11495578,11368282.1
1767761100,59910.4,59984.05,59864.6,59889.35,59978.69281106472,60054.47371965524,0,0,0,60437.35,58649.5,57157.85,55821,54226.6,1,1,1,1,,,,10827241,11502907.95
1767762000,59892.8,59965.35,59881.5,59952.6,59973.47424885177,60045.212472413856,0,0,0,60437.35,58649.5,57157.85,55821,54226.6,1,1,1,1,,,,6590073,11509919.75
1767762900,59952.7,60027.9,59919.5,59992.95,59977.36939908142,60040.46133855805,0,0,0,60437.35,58649.5,57157.85,55821,54226.6,1,1,1,1,,,,8796525,11553736.5
1767763800,59994.75,60024.9,59944.4,59987.05,59979.30551926514,60035.605762325504,0,0,0,60437.35,58649.5,57157.85,55821,54226.6,1,1,1,1,,,,7885114,11602033.15
1767764700,59989.3,60021.3,59962.9,59983.2,59980.08441541211,60030.841602114095,0,0,0,60437.35,58649.5,57157.85,55821,54226.6,1,1,1,1,,,,23188588,12465252.2
1767765600,59983.9,60065.4,59983.6,59998.15,59983.69753232969,60027.86963828554,0,0,0,60437.35,58649.5,57157.85,55821,54226.6,1,1,1,1,,,,15323219,12928938
1767766500,59999,60022.6,59926.95,59936.2,59974.19802586375,60019.53603480504,0,0,0,60437.35,58649.5,57157.85,55821,54226.6,1,1,1,1,,,,19280443,13582001.4
1767767400,59936.65,59945.15,59896.1,59906.8,59960.718420691,60009.28730436822,0,0,0,60437.35,58649.5,57157.85,55821,54226.6,1,1,1,1,,,,13204472,14005433.3
1767768300,59908.1,59937.85,59894.6,59906.35,59949.844736552805,59999.929367607474,0,0,0,60437.35,58649.5,57157.85,55821,54226.6,1,1,1,1,,,,9810701,14134439.55
1767769200,59903.1,59938.6,59849.9,59858.1,59931.495789242246,59987.035788734065,0,0,0,60437.35,58649.5,57157.85,55821,54226.6,1,1,1,1,,,,6743210,14172714.8
1767770100,59859,59885.8,59841.05,59882.05,59921.6066313938,59977.491626121875,0,0,0,60437.35,58649.5,57157.85,55821,54226.6,1,1,1,1,,,,14382222,14374181.7
1767771000,59880.2,59896.65,59860.35,59895.2,59916.32530511504,59970.0105692017,0,0,0,60437.35,58649.5,57157.85,55821,54226.6,1,1,1,1,,,,8965418,14396194.1
1767771900,59895.05,59900.4,59781.1,59789.4,59890.94024409203,59953.591426547006,0,0,0,60437.35,58649.5,57157.85,55821,54226.6,1,1,1,1,,,,10581155,14468664.85
1767772800,59788.45,59816.3,59760.65,59800.15,59872.78219527363,59939.64220595182,0,0,0,60437.35,58649.5,57157.85,55821,54226.6,1,1,1,1,,,,11564977,14590481.25
1767773700,59801.45,59851.25,59770,59851.25,59868.475756218904,59931.60655086529,0,0,0,60437.35,58649.5,57157.85,55821,54226.6,1,1,1,1,,,,13498477,14318127.85
1767774600,59851.1,59866.6,59826.3,59834.55,59861.69060497513,59922.78322805936,0,0,0,60437.35,58649.5,57157.85,55821,54226.6,1,1,1,1,,,,10638611,13708671.65
1767775500,59833.8,59875.4,59822.2,59872.3,59863.8124839801,59918.19384369032,0,0,0,60437.35,58649.5,57157.85,55821,54226.6,1,1,1,1,,,,9518256,12170583.45
1767776400,59871.6,59944.5,59849.2,59930.3,59877.109987184085,59919.29440335484,0,0,0,60437.35,58649.5,57157.85,55821,54226.6,1,1,1,1,,,,9928855,12001798.95
1767777300,59932.1,59947.35,59894.7,59937.95,59889.277989747265,59920.990366686216,0,0,0,60437.35,58649.5,57157.85,55821,54226.6,1,1,1,1,,,,14199577,11821135.6
1767778200,59943.95,60026,59943.25,60017.5,59914.92239179781,59929.76396971474,0,0,0,60437.35,58649.5,57157.85,55821,54226.6,1,1,1,1,,,,31091972,12800955.3
1767779100,60017.9,60026,59959.8,59976.85,59927.30791343825,59934.04451792249,0,0,0,60437.35,58649.5,57157.85,55821,54226.6,1,1,1,1,,,,35211790,14020182.75
1767843900,59872.8,60005.6,59777.6,59895.45,59920.9363307506,59930.53592538408,0,0,0,60437.35,58649.5,57157.85,55821,54226.6,1,1,1,1,,,,30254483,15203403.25
1767844800,59897.4,60112.85,59866.35,60054.55,59947.65906460048,59941.80993216734,0,0,0,60437.35,58649.5,57157.85,55821,54226.6,1,1,1,1,,,,24498491,15988501.55
1767845700,60054.8,60060.8,59944.6,59966,59951.327251680385,59944.00902924304,0,0,0,60437.35,58649.5,57157.85,55821,54226.6,1,1,1,1,,,,9924016,16090446.65
1767846600,59961.75,59984.25,59926.15,59959.55,59952.971801344305,59945.4218447664,0,0,0,60437.35,58649.5,57157.85,55821,54226.6,1,1,1,1,,,,17662571,15814145.8
1767847500,59961.75,60022.6,59909.7,60006.25,59963.62744107544,59950.951677060366,0,0,0,60437.35,58649.5,57157.85,55821,54226.6,1,1,1,1,,,,21490146,16122492.15
1767848400,60008.1,60011.7,59930.05,59957.8,59962.46195286035,59951.57425187306,0,0,0,60437.35,58649.5,57157.85,55821,54226.6,1,1,1,1,,,,10077535,15662346.75
1767849300,59956.45,59994,59892.3,59905.15,59950.99956228828,59947.353865339144,0,0,0,60437.35,58649.5,57157.85,55821,54226.6,1,1,1,1,,,,12601916,15632218.95
1767850200,59901.3,59905.05,59749.5,59783.6,59917.519649830625,59932.467150308315,0,0,0,60437.35,58649.5,57157.85,55821,54226.6,1,1,1,1,,,,15132770,15898322.4
1767851100,59786.3,59805.15,59689.7,59737.45,59881.5057198645,59914.73831846211,0,0,0,60437.35,58649.5,57157.85,55821,54226.6,1,1,1,1,,,,11414723,16131898.05
1767852000,59738.85,59783.1,59712.1,59763.1,59857.8245758916,59900.95301678374,0,0,0,60437.35,58649.5,57157.85,55821,54226.6,1,1,1,1,,,,12004198,16012996.85
1767852900,59764.25,59770.75,59686.45,59696.15,59825.48966071328,59882.33456071249,0,0,0,60437.35,58649.5,57157.85,55821,54226.6,1,1,1,1,,,,8932410,16011346.45
1767853800,59699.85,59712.15,59564.8,59701.15,59800.62172857063,59865.86323701135,0,0,0,60437.35,58649.5,57157.85,55821,54226.6,1,1,1,1,,,,14348806,16199729
1767854700,59697.45,59745.65,59649,59707.4,59781.9773828565,59851.457488192136,0,0,0,60437.35,58649.5,57157.85,55821,54226.6,1,1,1,1,,,,8663417,16054651
1767855600,59706.25,59712.7,59661.5,59679.35,59761.4519062852,59835.81135290194,0,0,0,60437.35,58649.5,57157.85,55821,54226.6,1,1,1,1,,,,4752405,15617347.4
1767856500,59680.55,59692.6,59608.3,59660.65,59741.29152502816,59819.88759354722,0,0,0,60437.35,58649.5,57157.85,55821,54226.6,1,1,1,1,,,,6190958,15394964.75
1767857400,59662.85,59732.2,59634.6,59716.75,59736.38322002253,59810.51144867929,0,0,0,60437.35,58649.5,57157.85,55821,54226.6,1,1,1,1,,,,6523263,15245215.1
1767858300,59713.65,59717.45,59649.15,59649.9,59719.086576018024,59795.91040789026,0,0,0,60437.35,58649.5,57157.85,55821,54226.6,1,1,1,1,,,,5253344,15011439.55
1767859200,59650.1,59694.5,59635.45,59683.1,59711.889260814416,59785.65491626387,0,0,0,60437.35,58649.5,57157.85,55821,54226.6,1,1,1,1,,,,4673381,14535129.75
1767860100,59681.95,59779.2,59679,59735.75,59716.66140865153,59781.118105694426,0,0,0,60437.35,58649.5,57157.85,55821,54226.6,1,1,1,1,,,,5747472,13267904.75
1767861000,59734.75,59781.75,59712.45,59779.25,59729.179126921226,59780.948277904026,0,0,0,60437.35,58649.5,57157.85,55821,54226.6,1,1,1,1,,,,7017518,11858191.15
1767861900,59777.95,59827.6,59708.65,59724.55,59728.253301536985,59775.821161730935,0,0,0,60437.35,58649.5,57157.85,55821,54226.6,1,1,1,1,,,,7488052,10719869.6
1767862800,59725.35,59796.5,59719.05,59779.4,59738.48264122959,59776.14651066449,0,0,0,60437.35,58649.5,57157.85,55821,54226.6,1,1,1,1,,,,7687913,9879340.7
1767863700,59783.15,59793.15,59727.6,59740.8,59738.94611298367,59772.93319151317,0,0,0,60437.35,58649.5,57157.85,55821,54226.6,1,1,1,1,,,,11735983,9969939.05
1767864600,59738.55,59760.45,59670.1,59688.3,59728.81689038694,59765.23926501197,0,0,0,60437.35,58649.5,57157.85,55821,54226.6,1,1,1,1,,,,19770323,10075326.65
1767865500,59688.35,59691.6,59621.9,59676.7,59718.39351230955,59757.190240919976,0,0,0,60437.35,58649.5,57157.85,55821,54226.6,1,1,1,1,,,,26929896,10347314.15
1767930300,59572.15,59739.65,59471.85,59486.75,59672.06480984764,59732.60476447271,0,0,0,60437.35,58649.5,57157.85,55821,54226.6,1,1,1,1,,,,28251439,11256009.35
1767931200,59487.35,59525.05,59409.05,59512,59640.05184787811,59712.54978588428,0,0,0,60437.35,58649.5,57157.85,55821,54226.6,1,1,1,1,,,,12732834,11262555.25
1767932100,59516.8,59598.95,59465.15,59588.85,59629.81147830249,59701.30435080389,0,0,0,60437.35,58649.5,57157.85,55821,54226.6,1,1,1,1,,,,18867401,11449286.8
1767933000,59587.25,59619.5,59525.55,59542.75,59612.39918264199,59686.89031891263,0,0,0,60437.35,58649.5,57157.85,55821,54226.6,1,1,1,1,,,,31567644,12456932.85
1767933900,59544.6,59625.15,59493.8,59611.85,59612.28934611359,59680.068471738756,0,0,0,60437.35,58649.5,57157.85,55821,54226.6,1,1,1,1,,,,8845808,12299013.35
1767934800,59612.3,59614.1,59491.45,59542.55,59598.34147689087,59667.56679248978,0,0,0,60437.35,58649.5,57157.85,55821,54226.6,1,1,1,1,,,,8408386,12272812.15
1767935700,59543.45,59580.95,59420.15,59460.1,59570.693181512695,59648.70617499071,0,0,0,60437.35,58649.5,57157.85,55821,54226.6,1,1,1,1,,,,7908633,11950803.5
1767936600,59460.35,59472.95,59424.7,59428.5,59542.254545210155,59628.68743180973,0,0,0,60437.35,58649.5,57157.85,55821,54226.6,1,1,1,1,,,,8866520,11960958.65
1767937500,59427.1,59452.6,59365.9,59431,59520.00363616813,59610.71584709976,0,0,0,60437.35,58649.5,57157.85,55821,54226.6,1,1,1,1,,,,7500981,12098387.45
1767938400,59433.55,59486.25,59363.55,59390.75,59494.1529089345,59590.71895190887,0,0,0,60437.35,58649.5,57157.85,55821,54226.6,1,1,1,1,,,,6580775,12117878.3
1767939300,59390.9,59415.2,59351.3,59366.8,59468.6823271476,59570.36268355352,0,0,0,60437.35,58649.5,57157.85,55821,54226.6,1,1,1,1,,,,7829896,12183209.95
1767940200,59368.95,59387.85,59343.55,59352.5,59445.44586171808,59550.55698504865,0,0,0,60437.35,58649.5,57157.85,55821,54226.6,1,1,1,1,,,,6909561,12266020.8
1767941100,59353.05,59388.4,59316.05,59330.25,59422.40668937446,59530.529077316954,0,0,0,60437.35,58649.5,57157.85,55821,54226.6,1,1,1,1,,,,6061329,12335418.2
1767942000,59331,59333.65,59229,59263.85,59390.69535149957,59506.2855248336,0,0,0,60437.35,58649.5,57157.85,55821,54226.6,1,1,1,1,,,,7480660,12422077.6
1767942900,59262.45,59333.4,59230.55,59290.45,59370.64628119965,59486.66411348509,0,0,0,60437.35,58649.5,57157.85,55821,54226.6,1,1,1,1,,,,8289239,12485663.65
1767943800,59296.55,59319.6,59268.6,59273.95,59351.30702495972,59467.326466804625,0,0,0,60437.35,58649.5,57157.85,55821,54226.6,1,1,1,1,,,,6881980,12455360.05
1767944700,59272.8,59329.1,59255.15,59298,59340.64561996778,59451.933151640565,0,0,0,60437.35,58649.5,57157.85,55821,54226.6,1,1,1,1,,,,5768616,12359395.2
1767945600,59299.6,59320.05,59234.6,59253.15,59323.14649597422,59433.861956036875,0,0,0,60437.35,58649.5,57157.85,55821,54226.6,1,1,1,1,,,,5194185,12032305.3
1767946500,59254.75,59272.5,59211.55,59250.05,59308.52719677938,59417.15177821534,0,0,0,60437.35,58649.5,57157.85,55821,54226.6,1,1,1,1,,,,8130717,11450325
1767947400,59251.15,59261.3,59197.25,59205.6,59287.941757423505,59397.91979837758,0,0,0,60437.35,58649.5,57157.85,55821,54226.6,4,1,1,1,,,,7866615,10497160.95
1767948300,59208.75,59238.1,59157.35,59210.9,59272.533405938804,59380.917998525074,0,0,0,60437.35,58649.5,57157.85,55821,54226.6,4,1,1,1,,,,9389273,9554052.65
1767949200,59213.5,59233.8,59154.2,59211.85,59260.396724751045,59365.54818047734,0,0,0,60437.35,58649.5,57157.85,55821,54226.6,4,1,1,1,,,,10020325,9418427.2
1767950100,59211.65,59242.35,59191.95,59217.9,59251.89737980084,59352.12561861576,0,0,0,60437.35,58649.5,57157.85,55821,54226.6,4,1,1,1,,,,11422858,9046200.05
1767951000,59221.7,59309.7,59214.4,59268.45,59255.20790384067,59344.518744196146,0,0,0,60437.35,58649.5,57157.85,55821,54226.6,4,1,1,1,,,,11926774,8064156.55
1767951900,59270.6,59273.15,59215.45,59269.35,59258.036323072534,59337.68522199649,0,0,0,60437.35,58649.5,57157.85,55821,54226.6,4,1,1,1,,,,18428584,8543295.35
1768189500,59223.55,59322.15,58985.75,58996.25,59205.67905845803,59306.64565636045,1,0,0,60437.35,58649.5,57157.85,55821,54226.6,4,2,1,1,1,,,22898904,9267821.25
1768190400,58998.45,59131.95,58982.75,59046.1,59173.76324676642,59282.95968760041,0,0,0,60437.35,58649.5,57157.85,55821,54226.6,4,2,1,1,,,,16166211,9680700.15
1768191300,59047.3,59147.95,59022.65,59035.55,59146.12059741314,59260.467897818555,0,0,0,60437.35,58649.5,57157.85,55821,54226.6,4,2,1,1,,,,12271299,9850939.1
1768192200,59036.25,59103.35,59025.75,59043.25,59125.54647793051,59240.720816198685,0,0,0,60437.35,58649.5,57157.85,55821,54226.6,4,2,1,1,,,,8611564,9906468.25
1768193100,59043.05,59169.3,59036.65,59146.7,59129.777182344405,59232.17346927153,0,0,0,60437.35,58649.5,57157.85,55821,54226.6,4,2,1,1,,,,9868978,10070878.4
1768194000,59146.2,59177.7,59063.7,59087.6,59121.34174587552,59219.03042661049,0,0,0,60437.35,58649.5,57157.85,55821,54226.6,4,2,1,1,,,,5651229,9961945.05
1768194900,59082.9,59125.1,59037.75,59054.35,59107.943396700415,59204.0594787368,0,0,0,60437.35,58649.5,57157.85,55821,54226.6,4,2,1,1,,,,8002730,10016603.5
1768195800,59056.15,59073,59009.85,59013.45,59089.04471736033,59186.73134430619,0,0,0,60437.35,58649.5,57157.85,55821,54226.6,4,2,1,1,,,,6099454,10018509.75
1768196700,59014.65,59023.2,58931.25,58969.05,59065.04577388827,59166.94213118744,0,0,0,60437.35,58649.5,57157.85,55821,54226.6,4,2,1,1,,,,8013577,10045155.6
1768197600,58968.55,58970.9,58874.65,58886.1,59029.256619110616,59141.41102835222,0,0,0,60437.35,58649.5,57157.85,55821,54226.6,4,2,1,1,,,,11392373,10200312.3
1768198500,58886.85,58947.5,58864.2,58939.3,59011.2652952885,59123.037298502015,0,0,0,60437.35,58649.5,57157.85,55821,54226.6,4,2,1,1,,,,13176198,10515023.2
1768199400,58938.8,59072.85,58918.65,59072,59023.4122362308,59118.39754409274,0,0,0,60437.35,58649.5,57157.85,55821,54226.6,4,2,1,1,,,,11309736,10792079.2
1768200300,59074.55,59350.1,59046.75,59299.45,59078.61978898464,59134.856858266125,0,0,0,60437.35,58649.5,57157.85,55821,54226.6,4,2,1,1,,,,19211646,11492952.25
1768201200,59300.7,59540.95,59294,59498.15,59162.52583118771,59167.883507514656,0,0,0,60437.35,58649.5,57157.85,55821,54226.6,4,2,1,1,,,,11577887,11665310.75
1768202100,59498.45,59536,59443.15,59450.1,59220.04066495017,59193.53955228605,0,0,0,60437.35,58649.5,57157.85,55821,54226.6,4,2,1,1,,,,10268687,11785414.35
1768203000,59451.45,59513.35,59357.3,59498.35,59275.70253196013,59221.24959298732,0,0,0,60437.35,58649.5,57157.85,55821,54226.6,4,2,1,1,,,,9385558,11785228.6
1768203900,59494.3,59519.1,59397.05,59398,59300.162025568105,59237.31781180665,0,0,0,60437.35,58649.5,57157.85,55821,54226.6,4,2,1,1,,,,4392870,11503855.85
1768204800,59397.25,59521.6,59396.3,59450.65,59330.25962045448,59256.711647096956,0,0,0,60437.35,58649.5,57157.85,55821,54226.6,4,2,1,1,,,,4032892,11134357.55
1768205700,59451.35,59484.9,59425.3,59455.95,59355.39769636359,59274.824224633594,0,0,0,60437.35,58649.5,57157.85,55821,54226.6,4,2,1,1,,,,4242712,10750154.45
1768206600,59457.7,59459.3,59394.15,59408.8,59366.07815709087,59287.00384057599,0,0,0,60437.35,58649.5,57157.85,55821,54226.6,4,2,1,1,,,,4363213,10046885.9
1768207500,59409.2,59477.15,59381.3,59415.3,59375.9225256727,59298.667127796354,0,0,0,60437.35,58649.5,57157.85,55821,54226.6,4,2,1,1,,,,7075488,9255715.1
1768208400,59414.65,59432.85,59303.75,59388.95,59378.52802053816,59306.874661633046,0,0,0,60437.35,58649.5,57157.85,55821,54226.6,4,2,1,1,,,,9220256,8908417.35
1768209300,59388.3,59507,59380.3,59488,59400.42241643053,59323.34060148459,0,0,0,60437.35,58649.5,57157.85,55821,54226.6,4,2,1,1,,,,10189895,8804347.15
1768210200,59486.6,59487.85,59392.7,59424.05,59405.14793314442,59332.496001349624,0,0,0,60437.35,58649.5,57157.85,55821,54226.6,4,2,1,1,,,,14441828,9095860.35
1768211100,59423.25,59541.1,59422.9,59534.05,59430.92834651554,59350.81909213602,0,0,0,60437.35,58649.5,57157.85,55821,54226.6,4,2,1,1,,,,19202040,9562513.45
1768275900,59756.05,59763.55,59610.05,59622.55,59469.25267721243,59375.52190194184,0,0,0,60437.35,58649.5,57157.85,55821,54226.6,4,2,1,1,,,,19508134,10255358.7
1768276800,59616.95,59661.3,59463.75,59529.5,59481.30214176995,59389.519910856216,0,0,0,60437.35,58649.5,57157.85,55821,54226.6,4,2,1,1,,,,11533398,10431892.1
1768277700,59529.1,59635.25,59464.9,59487.5,59482.54171341596,59398.42719168747,0,0,0,60437.35,58649.5,57157.85,55821,54226.6,4,2,1,1,,,,10751572,10664498
1768278600,59489.5,59617.65,59476.8,59552.85,59496.603370732766,59412.46562880679,0,0,0,60437.35,58649.5,57157.85,55821,54226.6,4,2,1,1,,,,6841234,10605880.85
1768279500,59548.6,59668.45,59530.15,59656.4,59528.56269658621,59434.64148073345,0,0,0,60437.35,58649.5,57157.85,55821,54226.6,4,2,1,1,,,,6796889,10376106.65
1768280400,59656,59697.75,59560.15,59591.15,59541.08015726897,59448.8695279395,0,0,0,59763.55,58864.2,,,,1,1,1,1,,,,7133461,10073969.8
1768281300,59592.05,59640,59553.95,59617.4,59556.34412581517,59464.190479945006,0,0,0,59763.55,58864.2,,,,1,1,1,1,,,,7457091,9881337.55
1768282200,59617.05,59681.85,59591.45,59663.1,59577.695300652136,59482.27316358637,0,0,0,59763.55,58864.2,,,,1,1,1,1,,,,7566019,9299056.2
1768283100,59663.25,59684.55,59622.4,59666.2,59595.39624052171,59498.99378507851,0,0,0,59763.55,58864.2,,,,1,1,1,1,,,,3499371,8895130.4
1768284000,59662.2,59728.65,59649.8,59684.15,59613.146992417365,59515.826168253196,0,0,0,59763.55,58864.2,,,,1,1,1,1,,,,7520092,8757700.65
1768284900,59681.75,59693.2,59578.8,59615.85,59613.68759393389,59524.91924386654,0,0,0,59763.55,58864.2,,,,1,1,1,1,,,,6492190,8613032.25
1768285800,59615.5,59630.95,59537.45,59541.85,59599.320075147116,59526.45840351504,0,0,0,59763.55,58864.2,,,,1,1,1,1,,,,6521848,8719481.15
1768286700,59538.9,59606.85,59523.65,59603.7,59600.19606011769,59533.48036683186,0,0,0,59763.55,58864.2,,,,1,1,1,1,,,,8071557,8921414.4
1768287600,59599.5,59604.1,59511.95,59541.3,59588.41684809415,59534.191242574416,0,0,0,59763.55,58864.2,,,,1,1,1,1,,,,5014837,8960020.65
1768288500,59539.4,59541.55,59368,59373.35,59545.403478475324,59519.56931143129,0,0,0,59763.55,58864.2,,,,1,1,1,1,,,,7264731,9105096.55
1768289400,59369.35,59451.95,59324.55,59403.4,59517.00278278026,59509.008464937535,0,0,0,59763.55,58864.2,,,,1,1,1,1,,,,6381771,9070410.7
1768290300,59404.6,59457.3,59364.7,59406.4,59494.88222622421,59499.680422670484,0,0,0,59763.55,58864.2,,,,1,1,1,1,,,,5791039,8898949.85
1768291200,59408,59454.35,59362.05,59437.2,59483.34578097937,59494.0003842459,0,0,0,59763.55,58864.2,,,,1,1,1,1,,,,6356864,8707298.3
1768292100,59437.1,59495.2,59409.85,59462.85,59479.2466247835,59491.16853113264,0,0,0,59763.55,58864.2,,,,1,1,1,1,,,,4554316,8212922.7
1768293000,59459.1,59461.6,59313,59343.3,59452.057299826796,59477.725937393305,0,0,0,59763.55,58864.2,,,,1,1,1,1,,,,7907479,7648194.65
1768293900,59343.2,59393.05,59315.55,59329.5,59427.545839861436,59464.25085217573,0,0,0,59763.55,58864.2,,,,1,1,1,1,,,,6953899,7020482.9
1768294800,59328.55,59506.65,59312.05,59481.3,59438.29667188915,59465.80077470521,0,0,0,59763.55,58864.2,,,,1,1,1,1,,,,11405464,7014086.2
1768295700,59481.55,59590.55,59475.4,59561.7,59462.977337511315,59474.51888609565,0,0,0,59763.55,58864.2,,,,1,1,1,1,,,,12227097,7087862.45
1768296600,59555.9,59652.8,59513.05,59575.9,59485.56187000905,59483.735350996045,0,0,0,59763.55,58864.2,,,,1,1,1,1,,,,19270089,7709305.2
1768297500,59574.4,59607.75,59535.7,59542.35,59496.91949600724,59489.06395545095,0,0,0,59763.55,58864.2,,,,1,1,1,1,,,,18872288,8313075.15
1768362300,59327.6,59657.1,59324.2,59601.6,59517.85559680579,59499.294504955404,0,0,0,59763.55,58864.2,,,,1,1,1,1,,,,24586363,9185720.25
1768363200,59599.9,59667.3,59514.2,59527.85,59519.854477444635,59501.890459050366,0,0,0,59763.55,58864.2,,,,1,1,1,1,,,,12024283,9414079.85
1768364100,59524.7,59623.4,59484.6,59527.3,59521.343581955705,59504.20041731851,0,0,0,59763.55,58864.2,,,,1,1,1,1,,,,8959177,9483737.75
1768365000,59532.9,59549.8,59479.1,59483.85,59513.84486556456,59502.35037938046,0,0,0,59763.55,58864.2,,,,1,1,1,1,,,,8582653,9737901.85
1768365900,59483.3,59504.6,59385.3,59467.9,59504.65589245165,59499.21852670951,0,0,0,59763.55,58864.2,,,,1,1,1,1,,,,10266190,9875206.75
1768366800,59468.8,59470.1,59366.65,59395.9,59482.90471396132,59489.82593337228,0,0,0,59763.55,58864.2,,,,1,1,1,1,,,,8036812,9952437.85
1768367700,59401.85,59523.85,59364.95,59523.85,59491.09377116906,59492.91903033844,0,0,0,59763.55,58864.2,,,,1,1,1,1,,,,9158378,10084264.35
1768368600,59526.5,59596.05,59480.2,59575,59507.87501693524,59500.38093667131,0,0,0,59763.55,58864.2,,,,1,1,1,1,,,,8845074,10122940.2
1768369500,59577.1,59699.15,59553.5,59680.05,59542.310013548195,59516.71448788301,0,0,0,59763.55,58864.2,,,,1,1,1,1,,,,7347295,10239563.1
1768370400,59681.25,59708.6,59617.55,59617.55,59557.35801083856,59525.88135262092,0,0,0,59763.55,58864.2,,,,1,1,1,1,,,,6205021,10186577.6
1768371300,59616.5,59655.95,59598.05,59611.55,59568.19640867085,59533.669411473566,0,0,0,59763.55,58864.2,,,,1,1,1,1,,,,6162055,10175591.8
1768372200,59616.2,59661,59567.4,59577,59569.95712693668,59537.60855588506,0,0,0,59763.55,58864.2,,,,1,1,1,1,,,,5341578,10153118.75
1768373100,59578.2,59656.9,59549.05,59607.35,59577.435701549344,59543.94868716824,0,0,0,59763.55,58864.2,,,,1,1,1,1,,,,5976932,10134122.15
1768374000,59613.65,59670.45,59600.85,59606.35,59583.218561239475,59549.62153378931,0,0,0,59763.55,58864.2,,,,1,1,1,1,,,,5366419,10174727.3
1768374900,59608.9,59677.1,59601.55,59666.1,59599.79484899158,59560.21048526301,0,0,0,59763.55,58864.2,,,,1,1,1,1,,,,18302823,10694494.5
1768375800,59668.8,59752.25,59629.35,59734.9,59626.815879193266,59576.0913502391,0,0,0,59763.55,58864.2,,,,1,1,1,1,,,,30640787,11878838.9
1768376700,59730.75,59796.65,59674.85,59701.5,59641.752703354614,59587.492136581,0,0,0,59763.55,58864.2,,,,1,1,1,1,,,,22593803,12438255.85
1768377600,59702.3,59714.85,59623.9,59630,59639.40216268369,59591.35648780091,0,0,0,59763.55,58864.2,,,,1,1,1,1,,,,18300600,12741931
1768378500,59631.5,59658.8,59543.85,59577.25,59626.97173014695,59590.07407981901,0,0,0,59763.55,58864.2,,,,1,1,1,1,,,,14406422,12498747.65
1768379400,59579.6,59631.25,59557.65,59627.3,59627.03738411756,59593.458254380916,0,0,0,59763.55,58864.2,,,,1,1,1,1,,,,11527623,12131514.4
1768380300,59629.9,59639.1,59457,59504.75,59602.57990729405,59585.393867619016,0,0,0,59763.55,58864.2,,,,1,1,1,1,,,,14533382,11628865.35
1768381200,59505,59627.65,59481.2,59612.1,59604.48392583524,59587.82169783547,0,0,0,59796.65,58864.2,,,,1,1,1,1,,,,11759776,11615640
1768382100,59612.4,59717,59611,59639.7,59611.527140668186,59592.53790712315,0,0,0,59796.65,58864.2,,,,1,1,1,1,,,,17991260,12067244.15
1768383000,59642.05,59660.45,59558,59564.7,59602.16171253455,59590.00718829377,0,0,0,59796.65,58864.2,,,,1,1,1,1,,,,22546517,12765437.35
1768383900,59580.6,59586.25,59546.3,59575.8,59596.88937002764,59588.71562572161,0,0,0,59796.65,58864.2,,,,1,1,1,1,,,,29911105,13747683.1
1768535100,59593.05,59793.25,59510.5,59763.65,59630.241496022114,59604.61875065601,0,0,0,59796.65,58864.2,,,,1,1,1,1,,,,43649778,15528331.4
1768536000,59764.45,59854.15,59702.6,59849.65,59674.123196817694,59626.89431877819,0,0,0,59796.65,58864.2,,,,1,1,1,1,,,,26283034,16384564.2
1768536900,59851.5,59985.05,59843.35,59935.15,59726.32855745416,59654.91756252563,0,0,0,59796.65,58864.2,,,,1,1,1,1,,,,27707510,17327686
1768537800,59936.4,60026.7,59924.4,60008.45,59782.752845963325,59687.0568750233,0,0,0,59796.65,58864.2,,,,1,1,1,1,,,,31944691,18557555.8
1768538700,60006.85,60155.95,60004.5,60143.25,59854.85227677066,59728.52897729391,0,0,0,59796.65,58864.2,,,,1,1,1,1,,,,17128294,19103719.45
1768539600,60145.7,60160.85,60048.4,60064.8,59896.84182141653,59759.09907026719,0,0,0,59796.65,58864.2,,,,1,1,1,1,,,,14469808,19519107.1
1768540500,60064.15,60112.1,60042.3,60051.45,59927.763457133224,59785.67642751563,0,0,0,59796.65,58864.2,,,,1,1,1,1,,,,12606523,19882354.35
1768541400,60049.25,60077.5,59993,60022.9,59946.79076570658,59807.242206832394,0,0,0,59796.65,58864.2,,,,1,1,1,1,,,,9830644,20075039.95
1768542300,60021.15,60081.45,60005.5,60079.45,59973.322612565265,59831.98836984763,0,0,0,59796.65,58864.2,,,,1,1,1,1,,,,12001701,20406804.05
1768543200,60078.3,60118.7,60021.1,60026.45,59983.94809005221,59849.66669986148,0,0,0,59796.65,58864.2,,,,1,1,1,1,,,,15539106,20268618.2
1768544100,60026.1,60063.55,59998.45,60007.65,59988.688472041766,59864.02881805589,0,0,0,60160.85,58864.2,,,,1,1,1,1,,,,11878068,19330482.25
1768545000,60014,60096.6,60012.1,60084.35,60007.82077763341,59884.05801641445,0,0,0,60160.85,58864.2,,,,1,1,1,1,,,,10815972,18741590.7
1768545900,60085.1,60094.85,59899.1,59972.1,60000.67662210673,59892.061833104046,0,0,0,60160.85,58864.2,,,,1,1,1,1,,,,13737399,18513430.65
1768546800,59968,60065.15,59948.75,60047.3,60010.00129768538,59906.17439373095,0,0,0,60160.85,58864.2,,,,1,1,1,1,,,,18511016,18718660.35
1768547700,60050.65,60055.7,59961.85,59989.65,60005.93103814831,59913.763085209954,0,0,0,60160.85,58864.2,,,,1,1,1,1,,,,17347503,19009654.35
1768548600,59989.6,60000.2,59927.85,59980.5,60000.84483051865,59919.83007746359,0,0,0,60160.85,58864.2,,,,1,1,1,1,,,,14615937,19013782.1
1768549500,59981,60035.8,59916.75,60034,60007.47586441492,59930.20916133054,0,0,0,60160.85,58864.2,,,,1,1,1,1,,,,15194747,19185530.65
1768550400,60033.8,60079.8,60006.6,60033.85,60012.75069153193,59939.63105575503,0,0,0,60160.85,58864.2,,,,1,1,1,1,,,,14701194,19021027.35
1768551300,60031.5,60083.4,60006.7,60039.55,60018.110553225546,59948.71459614094,0,0,0,60160.85,58864.2,,,,1,1,1,1,,,,11018506,18444626.8
1768552200,60042.95,60051.8,59969.35,60035.75,60021.638442580435,59956.62690558267,0,0,0,60160.85,58864.2,,,,1,1,1,1,,,,14204482,17659295.65
1768553100,60036.9,60094.3,59999.7,60057.1,60028.730754064345,59965.76082325698,0,0,0,60160.85,58864.2,,,,1,1,1,1,,,,12439714,16098792.45
1768554000,60059.6,60112.45,60036.7,60092.45,60041.474603251474,59977.27802114271,0,0,0,60160.85,58864.2,,,,1,1,1,1,,,,16273036,15598292.55
1768554900,60093.05,60115.5,60056.85,60102.5,60053.67968260118,59988.66183740246,0,0,0,60160.85,58864.2,,,,1,1,1,1,,,,19544323,15190133.2
1768555800,60099.35,60120.5,60046.85,60074.7,60057.883746080945,59996.483488547696,0,0,0,60160.85,58864.2,,,,1,1,1,1,,,,31057287,15145763
1768556700,60075.7,60235.15,60058.5,60110.5,60068.40699686475,60006.84862595245,0,0,0,60160.85,58864.2,,,,1,1,1,1,,,,38674815,16223089.05
1768794300,60107.5,60107.5,59781.75,59864.4,60027.605597491805,59993.89875086586,0,0,0,60160.85,58864.2,,,,1,1,1,1,,,,77033880,19351292.65
1768795200,59867.65,59915.95,59744.2,59744.2,59970.924477993445,59971.19886442351,0,0,0,60160.85,58864.2,,,,1,1,1,1,,,,35704285,20506180.75
1768796100,59748.4,59814.05,59649.45,59660.55,59908.84958239476,59942.95805856683,1,0,0,60160.85,58864.2,,,,2,1,1,1,1,,,27653175,21397307.3
1768797000,59666.85,59704.7,59594.6,59668.85,59860.849665915805,59918.03914415166,0,0,0,60160.85,58864.2,,,,2,1,1,1,,,,22211714,21907807.95
1768797900,59664.5,59750.35,59655.85,59720.4,59832.759732732644,59900.07194922878,0,0,0,60235.15,58864.2,,,,1,1,1,1,,,,18652806,22063492.95
1768798800,59721.3,59770.95,59664.45,59690.3,59804.267786186116,59881.00177202617,0,0,0,60235.15,58864.2,,,,1,1,1,1,,,,12455520,22092365.55
1768799700,59688.8,59780.95,59677.85,59773.75,59798.164228948895,59871.25161093288,0,0,0,60235.15,58864.2,,,,1,1,1,1,,,,13332306,22218182.25
1768800600,59774.3,59809.3,59678,59726.75,59783.88138315912,59858.115100848074,0,0,0,60235.15,58864.2,,,,1,1,1,1,,,,11823799,22122502.25
1768801500,59727.1,59765.2,59681.15,59718.7,59770.8451065273,59845.441000770974,0,0,0,60235.15,58864.2,,,,1,1,1,1,,,,8811858,21637544.35
1768802400,59714.9,59767.5,59706.25,59755.5,59767.776085221834,59837.26454615543,0,0,0,60235.15,58864.2,,,,1,1,1,1,,,,7484264,21144382.4
1768803300,59761.85,59802.3,59704.35,59730.5,59760.32086817747,59827.55867832312,0,0,0,60235.15,58864.2,,,,1,1,1,1,,,,8801222,20853646.65
1768804200,59733.85,59773.95,59700.5,59769.65,59762.186694541975,59822.29425302102,0,0,0,60235.15,58864.2,,,,1,1,1,1,,,,6960030,20441910.8
1768805100,59770.1,59855.7,59766.15,59816.5,59773.04935563358,59821.767502746385,0,0,0,60235.15,58864.2,,,,1,1,1,1,,,,10912400,20252471.1
1768806000,59815.4,59832.3,59781.3,59826.5,59783.73948450686,59822.19772976944,0,0,0,60235.15,58864.2,,,,1,1,1,1,,,,8271128,20115102.2
1768806900,59826.3,59895.95,59783.3,59876.9,59802.37158760549,59827.17066342676,0,0,0,60235.15,58864.2,,,,1,1,1,1,,,,14959690,20152862.6
1768807800,59877.25,59903.45,59801.85,59857.65,59813.427270084394,59829.94151220615,0,0,0,60235.15,58864.2,,,,1,1,1,1,,,,8282512,19945002.5
1768808700,59852.7,59911.6,59834.4,59855,59821.741816067515,59832.21955655104,0,0,0,60235.15,58864.2,,,,1,1,1,1,,,,6019370,19432319.2
1768809600,59857.05,59869.45,59774.1,59818.95,59821.18345285401,59831.013233228216,0,0,0,60235.15,58864.2,,,,1,1,1,1,,,,17026867,19306446.4
1768810500,59819.6,59989.25,59806.35,59861.2,59829.18676228321,59833.757484752925,0,0,0,60235.15,58864.2,,,,1,1,1,1,,,,33281009,19417632.5
1768811400,59863.15,59925.3,59840.35,59849.1,59833.169409826565,59835.15225886629,0,0,0,60235.15,58864.2,,,,1,1,1,1,,,,30057936,18986788.55
1768812300,59848.55,59915.95,59834.25,59850.05,59836.54552786125,59836.506598969354,0,0,0,60235.15,58864.2,,,,1,1,1,1,,,,17131430,15991666.05
1768813200,59848.15,59935.85,59848.15,59920.05,59853.246422289,59844.101453608506,0,0,0,60235.15,58864.2,,,,1,1,1,1,,,,14504287,14931666.15
1768814100,59918.4,59974.8,59907.25,59947.95,59872.1871378312,59853.54223055319,0,0,0,60235.15,58864.2,,,,1,1,1,1,,,,21021715,14600093.15
1768815000,59948.15,59971,59888.55,59910.5,59879.849710264956,59858.72020959381,0,0,0,60235.15,58864.2,,,,1,1,1,1,,,,22242601,14601637.5
1768815900,59910.8,59919.4,59798.45,59829.9,59869.859768211965,59856.10019053983,0,0,0,60235.15,58864.2,,,,1,1,1,1,,,,31726605,15255327.45
1768880700,59852.65,59993.5,59768.8,59806.05,59857.09781456957,59851.55017321803,0,0,0,60235.15,58864.2,,,,1,1,1,1,,,,45754973,16920300.1
1768881600,59807.85,59864.95,59694.65,59722.7,59830.21825165566,59839.836521107296,0,0,0,60235.15,58864.2,,,,1,1,1,1,,,,32586096,17882989.6
1768882500,59723.95,59734.25,59621.95,59678.7,59799.914601324526,59825.187746461175,1,0,0,60235.15,58864.2,,,,2,1,1,1,1,,,24989945,18541296.9
1768883400,59678.65,59747.15,59660.45,59666.65,59773.26168105962,59810.775224055615,0,0,0,60235.15,58864.2,,,,2,1,1,1,,,,20069849,19104196.45
1768884300,59672.6,59760.95,59652.9,59708.75,59760.3593448477,59801.50020368692,0,0,0,60235.15,58864.2,,,,2,1,1,1,,,,11316457,19295806.1
1768885200,59707.9,59746.95,59657.35,59693.1,59746.90747587816,59791.64563971538,0,0,0,60235.15,58864.2,,,,2,1,1,1,,,,14710557,19591272.85
1768886100,59695.3,59711.9,59639.4,59676.9,59732.905980702526,59781.21421792307,0,0,0,60235.15,58864.2,,,,2,1,1,1,,,,7916550,19639098.85
1768887000,59677.7,59702.8,59630.5,59697.9,59725.90478456202,59773.64019811188,0,0,0,60235.15,58864.2,,,,2,1,1,1,,,,9223383,19554648
1768887900,59696.6,59723.9,59667.25,59710.15,59722.75382764962,59767.86836191989,0,0,0,60235.15,58864.2,,,,2,1,1,1,,,,11761154,19729149.3
1768888800,59711.65,59739.05,59695.25,59728.05,59723.8130621197,59764.24851083627,0,0,0,60235.15,58864.2,,,,2,1,1,1,,,,7671970,19364763.3
1768889700,59729.3,59840.1,59714.6,59769.9,59733.03044969576,59764.76228257843,0,0,0,60235.15,58864.2,,,,2,1,1,1,,,,7226168,19311946.1
1768890600,59770.85,59774.7,59673.65,59702.1,59726.84435975661,59759.06571143493,0,0,0,60235.15,58864.2,,,,2,1,1,1,,,,11896384,19605796.8
1768891500,59706.2,59727.1,59671.1,59709.35,59723.34548780529,59754.546101304484,0,0,0,60235.15,58864.2,,,,2,1,1,1,,,,14668788,19487892.85
1768892400,59711.5,59721.85,59629.7,59634.1,59705.49639024423,59743.59645573135,0,0,0,60235.15,58864.2,,,,2,1,1,1,,,,8613016,18254493.2
1768893300,59633.05,59695.8,59623.1,59686.5,59701.69711219538,59738.40586884668,0,0,0,60235.15,58864.2,,,,2,1,1,1,,,,6176421,17060417.45
1768894200,59684.85,59702.95,59659.4,59674.95,59696.34768975631,59732.63715349699,0,0,0,60235.15,58864.2,,,,2,1,1,1,,,,6018843,16504788.1
1768895100,59674.8,59721.25,59648.4,59683.95,59693.86815180504,59728.211048633624,0,0,0,60235.15,58864.2,,,,2,1,1,1,,,,9459314,16252539.45
1768896000,59684.5,59688.2,59561.25,59590.3,59673.154521444034,59715.67368057602,0,0,0,60235.15,58864.2,,,,2,1,1,1,,,,9063864,15654646.9
1768896900,59589.5,59604.4,59536.95,59568.15,59652.15361715523,59702.26243688729,0,0,0,60235.15,58864.2,,,,2,1,1,1,,,,9325103,15008772
1768897800,59570,59597.05,59482.6,59488.1,59619.342893724184,59682.79312444299,0,0,0,60235.15,58864.2,,,,2,1,1,1,,,,13545770,14099730.25
1768898700,59488.65,59584.8,59474.65,59575.4,59610.554314979345,59673.03011312999,0,0,0,60235.15,58864.2,,,,2,1,1,1,,,,13512152,12487589.2
1768899600,59574.9,59600.85,59500.35,59524.2,59593.28345198347,59659.50010284545,0,0,0,60235.15,58864.2,,,,2,1,1,1,,,,15561386,11636353.7
1768900500,59523.95,59553.1,59492.85,59505.6,59575.74676158678,59645.50918440495,0,0,0,60235.15,58864.2,,,,2,1,1,1,,,,14434490,11108580.95
1768901400,59505.7,59520,59382.6,59385.5,59537.69740926942,59621.87198582268,0,1,0,60235.15,58864.2,,,,3,1,1,1,,1,,28190029,11514589.95
1768902300,59388.45,59452,59283.95,59372.3,59504.61792741554,59599.18362347517,0,0,0,60235.15,58864.2,,,,3,1,1,1,,,,40159212,12956727.7
1768967100,59123.95,59447.35,59122.65,59251.55,59454.00434193243,59567.58056679561,0,0,0,60235.15,58864.2,,,,3,1,1,1,,,,45082606,14475330.15
1768968000,59251.4,59342.75,59189.3,59210.05,59405.21347354594,59535.07778799601,0,0,0,60235.15,58864.2,,,,3,1,1,1,,,,26758778,15417441.55
1768968900,59207.8,59239.3,59104.15,59112.65,59346.700778836755,59496.675261814555,0,0,0,60235.15,58864.2,,,,3,1,1,1,,,,18330379,15872791.35
1768969800,59103.95,59107.65,58970.3,58983.25,59274.01062306941,59450.00023801323,0,0,0,60235.15,58864.2,,,,3,1,1,1,,,,11595694,15864518.35
1768970700,58976.6,58992.3,58914.8,58950.4,59209.28849845553,59404.58203455748,0,0,0,60235.15,58864.2,,,,3,1,1,1,,,,9258699,15943854.8
1768971600,58950.15,58955.15,58759.4,58762,59119.83079876442,59346.16548596135,0,0,0,60235.15,58864.2,,,,3,1,1,1,,,,11774912,16171292
1768972500,58757.85,58765,58278.6,58535.25,59002.914639011535,59272.4458963285,0,0,0,60235.15,58864.2,,,,3,1,1,1,,,,19094032,16531174.4
1768973400,58529.15,58687.1,58458.3,58627.1,58927.751711209225,59213.778087571365,0,0,0,60235.15,58864.2,,,,3,1,1,1,,,,14360865,16515778.25
1768974300,58629.4,58651.75,58514.45,58528.4,58847.88136896738,59151.47098870124,0,0,0,60235.15,58864.2,,,,3,1,1,1,,,,9123235,16541289.2
1768975200,58526.2,58643.45,58519,58539.95,58786.295095173904,59095.87817154658,0,0,0,60235.15,58864.2,,,,3,1,1,1,,,,6842740,16574605.15
1768976100,58541.15,58644.9,58539.35,58593.3,58747.696076139124,59050.18924686053,0,0,0,60235.15,58864.2,,,,3,1,1,1,,,,6107740,16579050
1768977000,58591.95,58778.2,58577.55,58773.75,58752.9068609113,59025.05840623684,0,0,0,60235.15,58864.2,,,,3,1,1,1,,,,10572112,16634689.9
1768977900,58773.65,58853.65,58671,58695.75,58741.47548872904,58995.12127839713,0,0,0,60235.15,58864.2,,,,3,1,1,1,,,,7944494,16578721.4
1768978800,58698.3,59005.3,58696.55,58951.75,58783.53039098323,58991.17843490648,0,0,0,60235.15,58864.2,,,,3,1,1,1,,,,9809130,16602922.75
1768979700,58954.35,59178.1,58948.25,59147.5,58856.324312786586,59005.38948627862,0,0,0,60235.15,58864.2,,,,3,1,1,1,,,,10542768,16452772.65
1768980600,59146.75,59270.2,58997.15,59019.9,58889.03945022927,59006.70862388965,0,0,0,60235.15,58864.2,,,,3,1,1,1,,,,12325314,16393430.75
1768981500,59027.3,59065.9,58960.65,58975.7,58906.37156018341,59003.8896580815,0,0,0,60235.15,58864.2,,,,3,1,1,1,,,,6504361,15940579.5
1768982400,58973.4,59049.25,58859.1,58914.05,58907.90724814673,58995.722416437726,0,0,0,60235.15,58864.2,,,,3,1,1,1,,,,9904086,15714059.3
1768983300,58913.65,58940.6,58771,58785.95,58883.51579851739,58976.65219676157,0,0,0,60235.15,58864.2,,,,3,1,1,1,,,,6757725,14642444.1
1768984200,58784.85,58815.55,58735.2,58764.05,58859.62263881391,58957.3247243287,0,0,0,60235.15,58864.2,,,,3,1,1,1,,,,6080922,12938529.6
1768985100,58768.35,58922.55,58732.3,58751.55,58838.00811105113,58938.617931207904,0,0,0,59270.2,58278.6,,,,1,1,1,1,,,,6531303,11010964.45
1768986000,58752.75,58884.8,58745.7,58854.85,58841.376488840906,58931.00266473446,0,0,0,59270.2,58278.6,,,,1,1,1,1,,,,10497835,10197917.3
1768986900,58851.55,58896.5,58780.95,58791.2,58831.34119107272,58918.29333157678,0,0,0,59270.2,58278.6,,,,1,1,1,1,,,,8569724,9709884.55
1768987800,58794.5,58900.45,58763.95,58778.45,58820.762952858175,58905.58030143344,0,0,0,59270.2,58278.6,,,,1,1,1,1,,,,19000952,10080147.45
1768988700,58776.35,58821,58728.1,58741.2,58804.85036228654,58890.636637666765,0,0,0,59270.2,58278.6,,,,1,1,1,1,,,,25043230,10869374
1769053500,59237.3,59492.3,59087.3,59462.4,58936.36028982923,58942.615125151606,0,0,0,59270.2,58278.6,,,,1,1,1,1,,,,32223662,11891811.5
1769054400,59455.45,59573.1,59455.45,59490.9,59047.26823186338,58992.45920468328,0,0,0,59270.2,58278.6,,,,1,1,1,1,,,,21119390,11993079.4
1769055300,59486.25,59533.15,59336.8,59388.75,59115.564585490705,59028.48564062116,0,0,0,59270.2,58278.6,,,,1,1,1,1,,,,14488528,11999462.55
1769056200,59388.5,59433.95,59299.2,59333.3,59159.111668392565,59056.196036928326,0,0,0,59270.2,58278.6,,,,1,1,1,1,,,,10565511,12071576.35
1769057100,59332.75,59353.2,59133.3,59138.55,59154.999334714055,59063.682760843934,0,0,0,59270.2,58278.6,,,,1,1,1,1,,,,12842580,12371568.35
1769058000,59139.55,59198.7,58944.25,59105.7,59145.139467771245,59067.502509858125,0,0,0,59270.2,58278.6,,,,1,1,1,1,,,,12771014,12704732.05
1769058900,59107.4,59114.95,58915.95,58919.1,59099.93157421699,59054.011372598296,0,0,0,59573.1,58278.6,,,,1,1,1,1,,,,8979557,12625104.3
1769059800,58911.4,58968.3,58862.45,58904.5,59060.84525937359,59040.419429634814,0,0,0,59573.1,58278.6,,,,1,1,1,1,,,,7843078,12620033.5
1769060700,58904.15,59067.25,58897.9,58982.6,59045.19620749888,59035.16311784983,0,0,0,59573.1,58278.6,,,,1,1,1,1,,,,7751105,12517132.25
1769061600,58980.15,59012.1,58875.15,58891.85,59014.5269659991,59022.13465259075,0,0,0,59573.1,58278.6,,,,1,1,1,1,,,,8655870,12422787.35
1769062500,58889.1,58966.65,58823.05,58880.55,58987.73157279928,59009.263320537044,0,0,0,59573.1,58278.6,,,,1,1,1,1,,,,7514002,12182221.75
1769063400,58882.3,59009.9,58863.4,58989.65,58988.11525823943,59007.48029139731,0,0,0,59573.1,58278.6,,,,1,1,1,1,,,,5924628,12153235.1
1769064300,58990.7,59127.4,58945.8,59083.6,59007.21220659154,59014.400264906646,0,0,0,59573.1,58278.6,,,,1,1,1,1,,,,7913294,12053695.5
1769065200,59082.3,59151.55,58996.6,59088.3,59023.429765273235,59021.11842264241,0,0,0,59573.1,58278.6,,,,1,1,1,1,,,,9287459,12180182.2
1769066100,59093.6,59127.15,58949.35,58963.7,59011.48381221859,59015.89856603855,0,0,0,59573.1,58278.6,,,,1,1,1,1,,,,9579540,12355113.1
1769067000,58959,58997.9,58899,58957.2,59000.62704977487,59010.56233276232,0,0,0,59573.1,58278.6,,,,1,1,1,1,,,,6719029,12364499.4
1769067900,58956.4,59005.55,58927.25,58976.75,58995.8516398199,59007.48848432938,0,0,0,59573.1,58278.6,,,,1,1,1,1,,,,7974036,12238309.45
1769068800,58972,59079.8,58947.15,59032,59003.081311855916,59009.7168039358,0,0,0,59573.1,58278.6,,,,1,1,1,1,,,,8300069,12224826.7
1769069700,59030.65,59132.65,58994.1,59072.95,59017.055049484734,59015.46527630527,0,0,0,59573.1,58278.6,,,,1,1,1,1,,,,10296731,11789615.65
1769070600,59070.75,59127,59012.85,59015.65,59016.774039587785,59015.48206936843,0,0,0,59573.1,58278.6,,,,1,1,1,1,,,,7141844,10894546.35
1769071500,59015.05,59131.6,58979.65,59128.9,59039.19923167023,59025.792790334934,0,0,0,59573.1,58278.6,,,,1,1,1,1,,,,8874803,9727103.4
1769072400,59123.55,59238.05,59119.7,59174.5,59066.25938533618,59039.31162757721,0,0,0,59573.1,58278.6,,,,1,1,1,1,,,,13313344,9336801.1
1769073300,59173.8,59228.25,59106.2,59175,59088.007508268944,59051.6469341611,0,0,0,59573.1,58278.6,,,,1,1,1,1,,,,12572337,9240991.55
1769074200,59174.2,59230.05,59058.55,59215,59113.40600661516,59066.49721287373,0,0,0,59573.1,58278.6,,,,1,1,1,1,,,,22846992,9855065.6
1769075100,59211.95,59310.35,59207.55,59257.55,59142.23480529213,59083.865648067025,0,0,0,59573.1,58278.6,,,,1,1,1,1,,,,23652751,10395574.15
1769139900,59327.5,59400.15,59101.9,59250.55,59163.8978442337,59099.018770970026,0,0,0,59573.1,58278.6,,,,1,1,1,1,,,,25109395,11012493.2
1769140800,59247.35,59249.95,59090.25,59098.95,59150.90827538696,59099.01251906366,0,0,0,59573.1,58278.6,,,,1,1,1,1,,,,10655755,11096303.1
1769141700,59100.35,59160.2,59045.95,59083.65,59137.45662030957,59097.61592642151,0,0,0,59573.1,58278.6,,,,1,1,1,1,,,,9043932,11156345.8
1769142600,59085.7,59134.45,59027.1,59082,59126.365296247655,59096.19629674683,0,0,0,59573.1,58278.6,,,,1,1,1,1,,,,6394378,11088509.45
1769143500,59086.45,59134.35,59032.8,59123.65,59125.82223699812,59098.69208795166,0,0,0,59573.1,58278.6,,,,1,1,1,1,,,,9522985,11131865.2
1769144400,59123.1,59211.25,59111.95,59140.75,59128.8077895985,59102.51553450151,0,0,0,59573.1,58278.6,,,,1,1,1,1,,,,10423084,11277319.3
1769145300,59139.7,59162.35,59081.2,59145.9,59132.2262316788,59106.45957681955,0,0,0,59573.1,58278.6,,,,1,1,1,1,,,,8217107,11391943.25
1769146200,59147.05,59242.8,59123.45,59209.2,59147.620985343034,59115.7996152905,0,0,0,59573.1,58278.6,,,,1,1,1,1,,,,8070270,11399792.05
1769147100,59207.9,59215.35,59064.05,59114.85,59141.066788274424,59115.71328662773,0,0,0,59573.1,58278.6,,,,1,1,1,1,,,,7008643,11285851.25
1769148000,59115.55,59122.85,58956.15,58987.85,59110.423430619536,59104.08935147976,0,0,0,59573.1,58278.6,,,,1,1,1,1,,,,8049627,11209355.6
1769148900,58988.2,59008.35,58915.65,58968.7,59082.07874449563,59091.78122861796,0,0,0,59573.1,58278.6,,,,1,1,1,1,,,,8404985,11293653.4
1769149800,58966.05,58999.05,58895.5,58931.65,59051.992995596505,59077.223844198146,0,0,0,59573.1,58278.6,,,,1,1,1,1,,,,7490477,11269475.45
1769150700,58927.85,59050.45,58927.85,58965.95,59034.784396477204,59067.10804018013,0,0,0,59573.1,58278.6,,,,1,1,1,1,,,,10910445,11399994.25
1769151600,58961.7,59073.55,58947.65,59054,59038.62751718176,59065.916400163755,0,0,0,59573.1,58278.6,,,,1,1,1,1,,,,10250657,11397690.55
1769152500,59053.05,59124.65,58978.65,58985.8,59028.06201374541,59058.633091057956,0,0,0,59573.1,58278.6,,,,1,1,1,1,,,,10447182,11562957.45
1769153400,58990.45,59020.5,58933.45,58986.7,59019.789610996326,59052.093719143595,0,0,0,59573.1,58278.6,,,,1,1,1,1,,,,18183332,12028383.9
1769154300,58987.35,58993.95,58781.1,58788,58973.43168879706,59028.08519922145,0,0,0,59573.1,58278.6,,,,1,1,1,1,,,,10490150,11887224.2
1769155200,58787.6,58789.75,58580.85,58585,58895.74535103765,58987.80472656496,0,0,0,59573.1,58278.6,,,,4,1,1,1,,,,17344922,12125853.45
1769156100,58585.15,58621.9,58522.9,58553.6,58827.31628083012,58948.33156960451,0,0,0,59573.1,58278.6,,,,4,1,1,1,,,,8986286,11432818.15
1769157000,58555.65,58592.7,58515.6,58537.2,58769.2930246641,58910.95597236774,0,0,0,59573.1,58278.6,,,,4,1,1,1,,,,10321026,10766231.9
1769157900,58539.9,58620.05,58445.9,58517.75,58718.98441973128,58875.20997487976,0,0,0,59573.1,58278.6,,,,4,1,1,1,,,,17299520,10375738.15
1769158800,58524.35,58655.4,58520.85,58616.85,58698.557535785025,58851.72270443615,0,0,0,59573.1,58278.6,,,,4,1,1,1,,,,17187844,10702342.6
1769159700,58620.15,58651.7,58530.8,58604.05,58679.65602862802,58829.20700403286,0,0,0,59573.1,58278.6,,,,4,1,1,1,,,,12875251,10893908.55
1769160600,58613.35,58645.1,58485.7,58517.05,58647.134822902415,58800.82909457533,0,0,0,59573.1,58278.6,,,,4,1,1,1,,,,18314444,11489911.85
1769161500,58518.5,58554.1,58346.25,58501.1,58617.927858321935,58773.580995068485,0,0,0,59573.1,58278.6,,,,4,1,1,1,,,,40518841,13039704.65
1769485500,58451.8,58591.35,58150,58191.85,58532.712286657545,58720.69635915317,0,0,0,59573.1,58278.6,,,,4,1,1,1,,,,52818573,15159479.1
1769486400,58193.05,58649.3,58121.6,58647.95,58555.75982932604,58714.083053775605,0,0,0,59573.1,58278.6,,,,4,1,1,1,,,,22434693,15870358.4
1769487300,58645.3,58699.35,58512.25,58561.5,58556.90786346083,58700.211867068734,0,0,0,59573.1,58278.6,,,,4,1,1,1,,,,15802776,16256983.7
1769488200,58562.25,58701.1,58526.5,58680.95,58581.716290768665,58698.4607882443,0,0,0,59573.1,58278.6,,,,4,1,1,1,,,,11194788,16466290.95
1769489100,58683.8,58780.05,58617.95,58619.3,58589.23303261493,58691.264352949365,0,0,0,59573.1,58278.6,,,,4,1,1,1,,,,9372687,16532443.95
1769490000,58620.8,58720.2,58438.1,58455.1,58562.40642609195,58669.79486631761,0,0,0,59573.1,58278.6,,,,4,1,1,1,,,,11504650,16687427.2
1769490900,58454.9,58492.35,58375.55,58429.45,58535.81514087356,58647.945333016,0,0,0,59573.1,58278.6,,,,4,1,1,1,,,,10060831,16815944.9
1769491800,58429.25,58613.4,58424.75,58561.35,58540.92211269885,58640.07303001455,0,0,0,59573.1,58278.6,,,,4,1,1,1,,,,10819562,16811400.75
1769492700,58562.05,58654.8,58534.65,58624.6,58557.65769015908,58638.66639092232,0,0,0,59573.1,58278.6,,,,4,1,1,1,,,,11202756,16859005.7
1769493600,58626.3,58856.75,58619,58843.9,58614.90615212727,58657.323991747566,0,0,0,59573.1,58278.6,,,,4,1,1,1,,,,10935098,16883401.5
1769494500,58835.7,58859.2,58618,58670.7,58626.064921701814,58658.53999249779,0,0,0,59573.1,58278.6,,,,4,1,1,1,,,,8487190,16398594.4
1769495400,58670.8,58780.25,58643.4,58741.05,58649.06193736145,58666.04090227072,0,0,0,59573.1,58278.6,,,,4,1,1,1,,,,6523005,16200237.15
1769496300,58743.4,58793.25,58664.5,58686.65,58656.57954988916,58667.914456609746,0,0,0,59573.1,58278.6,,,,4,1,1,1,,,,8434703,15754726.2
1769497200,58686.3,58728.7,58631.6,58666.75,58658.61363991133,58667.80859691795,0,0,0,59573.1,58278.6,,,,4,1,1,1,,,,8145678,15712695.8
1769498100,58668.7,58766.6,58589.25,58739.7,58674.830911929064,58674.34417901632,0,0,0,59573.1,58278.6,,,,4,1,1,1,,,,8432856,15618287.3
1769499000,58745.3,58755.25,58672.05,58723.95,58684.654729543254,58678.853799105746,0,0,0,59573.1,58278.6,,,,4,1,1,1,,,,7503351,15128478.85
1769499900,58719.6,58812.2,58692.2,58794.6,58706.6437836346,58689.376181005224,0,0,0,59573.1,58278.6,,,,4,1,1,1,,,,8228131,14680493.2
1769500800,58799.65,58824.15,58620.75,58684.8,58702.27502690768,58688.960164550204,0,0,0,59573.1,58278.6,,,,4,1,1,1,,,,12798211,14676641.2
1769501700,58687.65,58765.7,58669.8,58734.9,58708.80002152614,58693.13651322746,0,0,0,59573.1,58278.6,,,,4,1,1,1,,,,10560800,14288959
1769502600,58731.2,58788.95,58634.7,58724.45,58711.93001722091,58695.983193843145,0,0,0,59573.1,58278.6,,,,4,1,1,1,,,,9456219,12735827.9
1769503500,58724.8,58757.95,58683.55,58729.05,58715.35401377673,58698.989267130135,0,0,0,59573.1,58278.6,,,,4,1,1,1,,,,9694680,10579633.25
1769504400,58733.05,58933.15,58714.1,58892.05,58750.69321102138,58716.54024284558,0,0,0,59573.1,58278.6,,,,4,1,1,1,,,,16497108,10282754
1769505300,58892.75,59093.65,58892.75,59067.2,58813.99456881711,58748.41840258689,0,0,0,59573.1,58278.6,,,,4,1,1,1,,,,23008430,10643036.7
1769506200,59075.3,59220.3,58983.4,59153.45,58881.88565505369,58785.23945689717,0,0,0,59573.1,58278.6,,,,4,1,1,1,,,,38827023,12024648.45
1769507100,59150.8,59436.8,59148.25,59348.25,58975.15852404295,58836.422233542886,0,0,0,59573.1,58278.6,,,,4,1,1,1,,,,40764286,13594228.4
1769571900,59547.55,59659.15,59445.7,59622.35,59104.59681923436,58907.87021231171,0,0,0,59573.1,58278.6,,,,4,1,1,1,,,,44768922,15257442
1769572800,59616.15,59644.3,59455,59482.6,59180.19745538748,58960.11837482883,0,0,0,59573.1,58278.6,,,,4,1,1,1,,,,15054423,15507121.6
1769573700,59485.4,59532.2,59448.2,59531.65,59250.487964309985,59012.07579529894,0,0,0,59573.1,58278.6,,,,4,1,1,1,,,,9835919,15457939.45
1769574600,59529.05,59575.3,59401.9,59446.75,59289.74037144799,59051.59163208994,0,0,0,59573.1,58278.6,,,,4,1,1,1,,,,10176174,15406610.35
1769575500,59447.45,59518.35,59408.05,59447.2,59321.23229715839,59087.55602917267,0,0,0,59573.1,58278.6,,,,4,1,1,1,,,,10614055,15390558.2
1769576400,59447.55,59564.85,59390.3,59522.95,59361.57583772671,59127.13729924789,0,0,0,59659.15,58121.6,,,,1,1,1,1,,,,10582572,15495327.3
1769577300,59523.95,59612.15,59501.6,59590.1,59407.28067018137,59169.22481749808,0,0,0,59659.15,58121.6,,,,1,1,1,1,,,,8707683,15604561.2
1769578200,59590.25,59626.6,59531.25,59568.85,59439.594536145094,59205.554379543704,0,0,0,59659.15,58121.6,,,,1,1,1,1,,,,6584791,15512065.6
1769579100,59570.25,59699.9,59569.55,59647.5,59481.17562891608,59245.73125413064,0,0,0,59659.15,58121.6,,,,1,1,1,1,,,,10250125,15617287.95
1769580000,59650.7,59663.5,59555.25,59560.8,59497.10050313286,59274.37386739149,0,0,0,59659.15,58121.6,,,,1,1,1,1,,,,5048006,15448045.45
1769580900,59559.85,59623.1,59546.55,59579.6,59513.60040250629,59302.12169762863,0,0,0,59659.15,58121.6,,,,1,1,1,1,,,,6535015,15399628.65
1769581800,59575.5,59619.7,59532.2,59554.85,59521.850322005026,59325.09699784421,0,0,0,59659.15,58121.6,,,,1,1,1,1,,,,6109281,15293686.15
1769582700,59553.4,59570.35,59463.45,59471.55,59511.79025760402,59338.410907131096,0,0,0,59659.15,58121.6,,,,1,1,1,1,,,,6862979,14996924.55
1769583600,59471.75,59526.6,59467.3,59523.2,59514.07220608322,59355.20991557372,0,0,0,59699.9,58121.6,,,,1,1,1,1,,,,5671535,14752461.3
1769584500,59524.05,59537.15,59459.15,59460,59503.257764866576,59364.7362868852,0,0,0,59699.9,58121.6,,,,1,1,1,1,,,,4962149,14527757.8
1769585400,59459.6,59525.75,59438.4,59512.7,59505.14621189326,59378.187533532,0,0,0,59699.9,58121.6,,,,1,1,1,1,,,,9116083,14498827.95
1769586300,59514.5,59563.15,59352.25,59392.2,59482.55696951461,59379.46139412,0,0,0,59699.9,58121.6,,,,1,1,1,1,,,,9146477,14131296.4
1769587200,59388.6,59420.85,59287.8,59297.25,59445.49557561169,59371.98763101818,0,0,0,59699.9,58121.6,,,,1,1,1,1,,,,10010174,13481383.6
1769588100,59295.2,59359.05,59245.75,59353.1,59427.01646048935,59370.27057365289,0,0,0,59699.9,58121.6,,,,1,1,1,1,,,,9898778,12034971.35
1769589000,59354.5,59383.8,59294.45,59304.4,59402.493168391484,59364.28233968445,0,0,0,59699.9,58121.6,,,,1,1,1,1,,,,6742314,10333872.75
1769589900,59304.25,59343,59240.1,59333.65,59388.72453471319,59361.497581531316,0,0,0,59699.9,58121.6,,,,1,1,1,1,,,,6191149,8404984.1
1769590800,59333.1,59421.85,59326.1,59411,59393.17962777055,59365.997801392106,0,0,0,59699.9,58121.6,,,,1,1,1,1,,,,6919484,7998237.15
1769591700,59411.75,59592,59411.75,59582.45,59431.03370221644,59385.67527399283,0,0,0,59699.9,58121.6,,,,1,1,1,1,,,,14302391,8221560.75
1769592600,59581.9,59624.25,59565.7,59574.35,59459.69696177315,59402.82752181166,0,0,0,59699.9,58121.6,,,,1,1,1,1,,,,22658516,8845677.85
1769593500,59571.7,59619.75,59551.7,59574.8,59482.71756941852,59418.461383465146,0,0,0,59699.9,58121.6,,,,1,1,1,1,,,,29647447,9797347.45
1769658300,59468.45,59498.35,59339,59435.1,59473.19405553482,59419.97398496832,0,0,0,59699.9,58121.6,,,,1,1,1,1,,,,30161696,10776303.65
1769659200,59433.9,59504.55,59402.4,59478.15,59474.185244427856,59425.26271360756,0,0,0,59699.9,58121.6,,,,1,1,1,1,,,,16376074,11159723.2
1769660100,59477.8,59604.8,59405.1,59465.05,59472.358195542285,59428.879739643235,0,0,0,59699.9,58121.6,,,,1,1,1,1,,,,21252997,11893133.5
1769661000,59469.35,59565.15,59412.35,59558.95,59489.67655643383,59440.70430876657,0,0,0,59699.9,58121.6,,,,1,1,1,1,,,,12693524,12015303.45
1769661900,59560,59603.35,59493.75,59548.5,59501.44124514706,59450.50391706052,0,0,0,59699.9,58121.6,,,,1,1,1,1,,,,11241353,12324970.8
1769662800,59547.85,59602.65,59501.5,59523.75,59505.90299611765,59457.1626518732,0,0,0,59699.9,58121.6,,,,1,1,1,1,,,,7445282,12370484.15
1769663700,59530.7,59678.85,59518.3,59644.65,59533.65239689412,59474.20695624837,0,0,0,59699.9,58121.6,,,,1,1,1,1,,,,10592847,12594662.45
1769664600,59646.45,59717.55,59606.6,59697.65,59566.4519175153,59494.519960225785,0,0,0,59699.9,58121.6,,,,1,1,1,1,,,,8998088,12701417.9
1769665500,59696.4,59746.45,59675.1,59714.2,59596.00153401223,59514.49087293253,0,0,0,59699.9,58121.6,,,,1,1,1,1,,,,7298960,12782789.15
1769666400,59719.05,59765.7,59635.85,59679.4,59612.68122720979,59529.482611756845,0,0,0,59699.9,58121.6,,,,1,1,1,1,,,,8516741,12960518.75
1769667300,59680.3,59710.65,59611.4,59654.3,59621.00498176783,59540.82964705168,0,0,0,59699.9,58121.6,,,,1,1,1,1,,,,8905653,12949997.25
1769668200,59655.95,59737.55,59639.55,59718.1,59640.423985414265,59556.945133683344,0,0,0,59699.9,58121.6,,,,1,1,1,1,,,,10608557,13023101.25
1769669100,59718.75,59780.9,59705.85,59764.25,59665.18918833141,59575.79103062122,0,0,0,59699.9,58121.6,,,,1,1,1,1,,,,8938659,12969525.5
1769670000,59765.8,59819.7,59742,59742,59680.551350665126,59590.90093692838,0,0,0,59699.9,58121.6,,,,1,1,1,1,,,,7262375,12837705.35
1769670900,59742.6,59881,59727.45,59835.15,59711.4710805321,59613.10539720762,0,0,0,59699.9,58121.6,,,,1,1,1,1,,,,7845581,12892868.7
1769671800,59837.5,59921.1,59827.9,59864.4,59742.05686442568,59635.950361097835,0,0,0,59699.9,58121.6,,,,1,1,1,1,,,,29341105,14050366.5
1769672700,59870.05,59881.15,59778.55,59795.6,59752.765491540544,59650.46396463439,0,0,0,59699.9,58121.6,,,,1,1,1,1,,,,19867869,14697785.75
1769673600,59799.05,59917.25,59783.3,59915.25,59785.262393232435,59674.5354223949,0,0,0,59699.9,58121.6,,,,1,1,1,1,,,,15706776,14768005
1769674500,59920.3,59977.35,59908.5,59962.2,59820.64991458595,59700.68674763173,0,0,0,59699.9,58121.6,,,,1,1,1,1,,,,15183730,14394265.7
1769675400,59957.6,59972.75,59872.2,59942.3,59844.97993166876,59722.65158875612,0,0,0,59699.9,58121.6,,,,1,1,1,1,,,,21010577,13962422.2
1769676300,59943,59980.6,59899.95,59975.65,59871.113945335004,59745.65144432375,0,0,0,59699.9,58121.6,,,,1,1,1,1,,,,12003506,13054512.7
1769677200,59976.5,60016.05,59964.95,60000.6,59897.011156268,59768.82858574886,0,0,0,59699.9,58121.6,,,,1,1,1,1,,,,13933859,12932401.95
1769678100,59999.25,60060.7,59966,59991.2,59915.848925014405,59789.0441688626,0,0,0,59699.9,58121.6,,,,1,1,1,1,,,,16375651,12688534.65
1769679000,59989.55,60019.5,59884,59909.05,59914.48914001152,59799.95378987509,0,0,0,59699.9,58121.6,,,,1,1,1,1,,,,149591328,19533424.85
1769679900,59903.9,60017.2,59883.45,59980.4,59927.67131200922,59816.35799079554,0,0,0,59699.9,58121.6,,,,1,1,1,1,,,,142851463,26113930.35
1769744700,59603.25,59791.4,59535.4,59607.3,59863.59704960737,59797.35271890504,0,0,0,59699.9,58121.6,,,,1,1,1,1,,,,27492742,27116303.35
1769745600,59610.2,59761.5,59564.9,59731.2,59837.117639685894,59791.33883536822,0,0,0,59699.9,58121.6,,,,1,1,1,1,,,,12404615,27206891.75
1769746500,59728.85,59895.5,59710.5,59800.6,59829.81411174872,59792.18075942565,0,0,0,60060.7,58121.6,,,,1,1,1,1,,,,15594982,27536736.45
1769747400,59803.65,59894.7,59749.4,59894.6,59842.771289398974,59801.491599477864,0,0,0,60060.7,58121.6,,,,1,1,1,1,,,,8760411,27609809
1769748300,59895.95,59906.9,59765.5,59795.3,59833.27703151918,59800.92872679806,0,0,0,60060.7,58121.6,,,,1,1,1,1,,,,11761011,27772022.5
1769749200,59794.4,59861.35,59786.85,59832.15,59833.05162521535,59803.76702436188,0,0,0,60060.7,58121.6,,,,1,1,1,1,,,,6853970,27669438.35
1769750100,59829.85,59859.7,59806.4,59852,59836.84130017228,59808.15184032898,0,0,0,60060.7,58121.6,,,,1,1,1,1,,,,8548903,27566455.65
1769751000,59852.25,59879.7,59731.85,59752.75,59820.02304013782,59803.115309389985,0,0,0,60060.7,58121.6,,,,1,1,1,1,,,,7422978,27490671.6
1769751900,59754.4,59853.25,59685.7,59795.8,59815.17843211026,59802.45028126362,0,0,0,60060.7,58121.6,,,,1,1,1,1,,,,11970285,27726067.1
1769752800,59792.4,59823.8,59734.4,59804.9,59813.12274568821,59802.67298296693,0,0,0,60060.7,58121.6,,,,1,1,1,1,,,,6915079,27679542
1769753700,59801,59818.3,59699.8,59730.85,59796.66819655057,59796.143620879026,0,0,0,60060.7,58121.6,,,,1,1,1,1,,,,7835207,26604247.1
1769754600,59731.45,59818.3,59702.8,59815.2,59800.37455724046,59797.87601898093,0,0,0,60060.7,58121.6,,,,1,1,1,1,,,,7416777,25981692.5
1769755500,59814.65,59864.5,59773.55,59797.95,59799.88964579237,59797.88274452812,0,0,0,60060.7,58121.6,,,,1,1,1,1,,,,7951248,25593916.1
1769756400,59795.4,59839.35,59759.45,59773.5,59794.611716633895,59795.666131389204,0,0,0,60060.7,58121.6,,,,1,1,1,1,,,,8284712,25248965.2
1769757300,59772.85,59793.7,59721.95,59767.1,59789.10937330712,59793.069210353824,0,0,0,60060.7,58121.6,,,,1,1,1,1,,,,6440634,24520468.05
1769758200,59769.9,59770.35,59602.7,59604.25,59752.137498645694,59775.90382759438,0,0,0,60060.7,58121.6,,,,1,1,1,1,,,,9496675,24395126.5
1769759100,59603.2,59607.95,59501.8,59521.6,59706.02999891656,59752.785297813076,0,0,0,60060.7,58121.6,,,,1,1,1,1,,,,9657281,24181297.6
1769760000,59517.3,59743.9,59512.65,59725.05,59709.83399913325,59750.263907102795,0,0,0,60060.7,58121.6,,,,1,1,1,1,,,,7204975,23722763.8
1769760900,59728.15,59778.1,59665.3,59737.2,59715.3071993066,59749.07627918436,0,0,0,60060.7,58121.6,,,,1,1,1,1,,,,6362384,16561316.6
1769761800,59733.35,59804.6,59702.85,59777.75,59727.795759445275,59751.68298107669,0,0,0,60060.7,58121.6,,,,1,1,1,1,,,,6231298,9730308.35
1769762700,59777.9,59782.55,59710.3,59722.6,59726.75660755622,59749.03907370608,0,0,0,60060.7,58121.6,,,,1,1,1,1,,,,7843921,8747867.3
1769763600,59718.55,59773,59661.2,59678.1,59717.02528604498,59742.59006700553,0,0,0,60060.7,58121.6,,,,1,1,1,1,,,,8673314,8561302.25
1769764500,59671.9,59775.85,59620.25,59732.55,59720.13022883598,59741.67733364139,0,0,0,60060.7,58121.6,,,,1,1,1,1,,,,10180060,8290556.15
1769765400,59737.4,59737.4,59579.05,59614.05,59698.91418306879,59730.0748487649,0,0,0,60060.7,58121.6,,,,1,1,1,1,,,,44833522,10094211.7
1769766300,59612.4,59687.9,59557.65,59557.65,59670.66134645503,59714.39986251355,0,0,0,60060.7,58121.6,,,,1,1,1,1,,,,49777569,11995039.6
1769917500,59623.4,59638.7,59524.75,59583.05,59653.13907716403,59702.45896592141,0,0,0,60060.7,58121.6,,,,1,1,1,1,,,,15373272,12421004.7
1769918400,59576,59611.55,59514.9,59591.2,59640.751261731224,59692.34451447401,0,0,0,60060.7,58121.6,,,,1,1,1,1,,,,5348575,12260988.3
1769919300,59590,59622.3,59390.5,59571.15,59626.83100938498,59681.32683134001,0,0,0,60060.7,58121.6,,,,1,1,1,1,,,,9937299,12386704.35
1769920200,59575.35,59632.75,59553,59606.1,59622.68480750798,59674.488028490916,0,0,0,60060.7,58121.6,,,,1,1,1,1,,,,4007582,11988569.2
1769921100,59603.95,59728.9,59591.95,59708.2,59639.78784600639,59677.55275317356,0,0,0,60060.7,58121.6,,,,1,1,1,1,,,,5125503,11899090.4
1769922000,59707.75,59796.35,59655.25,59714.95,59654.82027680511,59680.952502885055,0,0,0,60060.7,58121.6,,,,1,1,1,1,,,,4211142,11717887.15
1769922900,59716.05,59768.15,59713.85,59732.35,59670.32622144409,59685.62500262278,0,0,0,60060.7,58121.6,,,,1,1,1,1,,,,2725374,11483317
1769923800,59734.5,59838.1,59671.4,59725.5,59681.36097715527,59689.250002384346,0,0,0,60060.7,58121.6,,,,1,1,1,1,,,,4383265,11304917.85
1769924700,59727.35,59865.7,59634.95,59758.8,59696.84878172422,59695.57272944031,0,0,0,60060.7,58121.6,,,,1,1,1,1,,,,5298430,11155603.75
1769925600,59761.15,59786.05,59514.25,59531.45,59663.76902537938,59680.65248130937,0,0,0,60060.7,58121.6,,,,1,1,1,1,,,,6309170,11149030.55
1769926500,59530.5,59537.35,59248,59378.3,59606.6752203035,59653.16589209943,0,0,0,60060.7,58121.6,,,,1,1,1,1,,,,9881180,11168255.8
1769927400,59373.3,59564.9,59197.1,59261.15,59537.5701762428,59617.52808372676,0,0,0,60060.7,58121.6,,,,1,1,1,1,,,,11503874,11260585.45
1769928300,59265.15,59273.95,58703.6,58705.8,59371.21614099424,59534.64371247887,0,0,0,60060.7,58121.6,,,,4,1,1,1,,,,13857468,11593210.1
1769929200,58695.15,59053,57783.2,58856.8,59268.33291279539,59473.02155679897,0,0,0,60060.7,58121.6,,,,4,1,1,1,,,,23933057,12471743.75
1769930100,58842.85,59009.55,58707.1,58983.75,59211.416330236316,59428.5423243627,0,0,0,60060.7,58121.6,,,,4,1,1,1,,,,8313054,12575831.55
1769931000,58976.15,59025.3,58802.2,58958.6,59160.853064189054,59385.820294875186,0,0,0,60060.7,58121.6,,,,4,1,1,1,,,,7165693,12541920.15
1769931900,58960.55,59053.8,58859.9,58869.3,59102.54245135124,59338.863904431986,0,0,0,60060.7,58121.6,,,,4,1,1,1,,,,6384123,12427460.6
1769932800,58865.15,58878.25,58749.1,58826.4,59047.313961080996,59292.276276756354,0,0,0,60060.7,58121.6,,,,4,1,1,1,,,,5980467,12217480.95
1769933700,58828.1,58885.75,58700.55,58822.95,59002.441168864796,59249.610251596685,0,0,0,60060.7,58121.6,,,,4,1,1,1,,,,4406500,10196129.85
1769934600,58820.25,58867.55,58696.1,58758.8,58953.71293509184,59204.99113781517,0,0,0,60060.7,58121.6,,,,4,1,1,1,,,,4379637,7926233.25
1769935500,58754.45,58893.3,58711.3,58858,58934.570348073474,59173.44648892288,0,0,0,60060.7,58121.6,,,,4,1,1,1,,,,4705946,7392866.95
1769936400,58857.85,58919.55,58773.3,58779.95,58903.64627845878,59137.67408083898,0,0,0,60060.7,58121.6,,,,4,1,1,1,,,,4188553,7334865.85
1769937300,58780.65,58826.55,58584.55,58604.5,58843.81702276702,59089.20370985362,0,0,0,60060.7,58121.6,,,,4,1,1,1,,,,7296398,7202820.8
1769938200,58604.3,58702.05,58465.75,58482.4,58771.533618213616,59034.03973623056,0,0,0,60060.7,58121.6,,,,4,1,1,1,,,,10275118,7516197.6
1769939100,58481.15,58485.7,58248.75,58353.75,58687.97689457089,58972.195214755055,0,0,0,60060.7,58121.6,,,,4,1,1,1,,,,18381974,8179021.15
1770003900,58279.75,58499.8,57916.2,58382.8,58626.94151565671,58918.6138315955,0,0,0,60060.7,58121.6,,,,4,1,1,1,,,,30554472,9496187.65
1770004800,58384.45,58519.95,58292.7,58292.7,58560.09321252537,58861.71257417773,0,0,0,60060.7,58121.6,,,,4,1,1,1,,,,14798551,10099846.5
1770005700,58297.65,58477.1,58262.7,58276.9,58503.454570020294,58808.547794707025,0,0,0,60060.7,58121.6,,,,4,1,1,1,,,,13565600,10558963.25
1770006600,58277.6,58296.05,58100.2,58254.05,58453.57365601623,58758.13890427911,0,0,0,60060.7,58121.6,,,,4,1,1,1,,,,13918793,10989981.4
1770007500,58251.3,58320.65,58178.95,58281.6,58419.178924812986,58714.817185708285,0,0,0,60060.7,58121.6,,,,4,1,1,1,,,,9285014,11138773.6
1770008400,58282.6,58315.65,58172.2,58174.05,58370.15313985039,58665.656532462075,0,0,0,60060.7,58121.6,,,,4,1,1,1,,,,7258181,11007623.65
1770009300,58174.85,58209.15,57971.85,57995.1,58295.14251188031,58604.696847692794,0,0,0,60060.7,58121.6,,,,4,1,1,1,,,,11347529,10999806.4
1770010200,57999.1,58020.75,57829.85,57974.45,58231.00400950425,58547.40167972072,0,0,0,60060.7,58121.6,,,,4,1,1,1,,,,12377123,10925789.15
1770011100,57971.9,57978.35,57848.5,57954.15,58175.6332076034,58493.46970883702,0,0,0,60060.7,58121.6,,,,4,1,1,1,,,,11077702,10283021.4
1770012000,57948.25,58170.5,57895.45,58146.95,58169.89656608272,58461.967917124566,0,0,0,60060.7,58121.6,,,,4,1,1,1,,,,15204684,10627602.9
1770012900,58148.15,58254.7,58077.65,58181.45,58172.20725286618,58436.46628829506,0,0,0,60060.7,58121.6,,,,4,1,1,1,,,,11293025,10833969.5
1770013800,58181.8,58261.25,58086.3,58250.1,58187.78580229294,58419.523898450054,0,0,0,60060.7,58121.6,,,,4,1,1,1,,,,7724155,10900971.1
1770014700,58251.2,58343.25,58174.3,58224.35,58195.09864183435,58401.78081677278,0,0,0,60060.7,58121.6,,,,4,1,1,1,,,,7936777,10998786.6
1770015600,58225.1,58231.75,58115.85,58139.85,58184.04891346748,58377.968924338886,0,0,0,60060.7,58121.6,,,,4,1,1,1,,,,6279940,11092458.6
1770016500,58141.8,58286,58117.95,58256.7,58198.579130773986,58366.94447667171,0,0,0,60060.7,58121.6,,,,4,1,1,1,,,,5865492,11166751.35
1770017400,58256.85,58289.4,58205.5,58207.65,58200.39330461919,58352.46316061065,0,0,0,60060.7,58121.6,,,,4,1,1,1,,,,6451945,11254051.3
1770018300,58206.4,58224.3,58004.5,58155.25,58191.36464369535,58334.53469146423,0,0,0,60060.7,58121.6,,,,4,1,1,1,,,,7474139,11418330.6
1770019200,58149.35,58324.65,58075.15,58319.85,58217.06171495628,58333.19971951294,0,0,0,60060.7,58121.6,,,,4,1,1,1,,,,6219399,11364480.65
1770020100,58316.65,58438,58291.25,58340.55,58241.759371965025,58333.867926829946,0,0,0,60060.7,58121.6,,,,4,1,1,1,,,,6810483,11191248.9
1770021000,58341.1,58370.35,58232.65,58317.15,58256.83749757202,58332.34811529995,0,0,0,60060.7,58121.6,,,,4,1,1,1,,,,5262011,10535250.75
1770021900,58317.9,58364.75,58239.3,58361.15,58277.699998057615,58334.9664684545,0,0,0,60060.7,58121.6,,,,4,1,1,1,,,,5607760,9287915.15
1770022800,58361.25,58382.25,58232.2,58282.15,58278.58999844609,58330.16497132227,0,0,0,60060.7,58121.6,,,,4,1,1,1,,,,7281816,8912078.4
1770023700,58278.8,58479.65,58267.65,58465.65,58316.001998756874,58342.48179211115,0,0,0,60060.7,58121.6,,,,4,1,1,1,,,,9533311,8710463.95
1770024600,58459.55,58635.9,58459.55,58604.6,58373.7215990055,58366.31072010105,0,0,0,60060.7,58121.6,,,,4,1,1,1,,,,22591115,9144080.05
1770025500,58609.7,58687.05,58552.7,58602.5,58419.477279204395,58387.78247281913,0,0,0,60060.7,58121.6,,,,4,1,1,1,,,,24873759,9923517.3
1770090300,61417,61764.85,60015.3,60136.4,58762.86182336351,58546.74770256285,0,0,0,60060.7,58121.6,,,,4,1,1,1,,,,87279354,13924575.95
1770091200,60139.25,60197.3,59932.2,59946.6,58999.60945869081,58674.00700232986,0,0,0,60060.7,58121.6,,,,4,1,1,1,,,,25252634,14619831.2
1770092100,59944.2,60124.45,59793.2,60020.8,59203.847566952645,58796.44272939079,0,0,0,60060.7,58121.6,,,,4,1,1,1,,,,17541976,14878073.85
1770093000,60022.95,60059.15,59885.4,59891.8,59341.43805356212,58896.020663082534,0,0,0,60060.7,58121.6,,,,4,1,1,1,,,,15244470,15086412.25
1770093900,59896.3,60097.55,59896.3,60053.9,59483.93044284969,59001.28242098412,0,0,0,60060.7,58121.6,,,,4,1,1,1,,,,11610442,14906700.15
1770094800,60054.15,60205.7,60053.7,60142.3,59615.604354279756,59105.01129180375,0,0,0,61764.85,57783.2,57157.85,55821,54226.6,1,1,1,1,,,,11078406,14895969.2
1770095700,60143.7,60187.1,60098.45,60157.95,59724.0734834238,59200.73299254886,0,0,0,61764.85,57783.2,57157.85,55821,54226.6,1,1,1,1,,,,6533204,14836421.65
1770096600,60158.05,60228.8,60081.35,60131.45,59805.54878673904,59285.34362958987,0,0,0,61764.85,57783.2,57157.85,55821,54226.6,1,1,1,1,,,,10090975,14944131.55
1770097500,60129.9,60203.45,60116.15,60166.8,59877.79902939123,59365.47602689989,0,0,0,61764.85,57783.2,57157.85,55821,54226.6,1,1,1,1,,,,5525423,14906405.7
1770098400,60166.65,60264.15,60146.25,60215.7,59945.37922351298,59442.76911536353,0,0,0,61764.85,57783.2,57157.85,55821,54226.6,1,1,1,1,,,,5438405,14885051.35
1770099300,60215.8,60232.85,60138.85,60194.1,59995.123378810385,59511.07192305775,0,0,0,61764.85,57783.2,57157.85,55821,54226.6,1,1,1,1,,,,6152529,14870080.55
1770100200,60196.25,60210.75,60160.5,60165.15,60029.12870304831,59570.53356641614,0,0,0,61764.85,57783.2,57157.85,55821,54226.6,1,1,1,1,,,,6860253,14839386.25
1770101100,60164.85,60185.55,60049.65,60073.45,60037.99296243864,59616.25324219649,0,0,0,61764.85,57783.2,57157.85,55821,54226.6,1,1,1,1,,,,5215597,14789196.15
1770102000,60071.4,60150.65,60050.25,60113.1,60053.01436995091,59661.42112926954,0,0,0,61764.85,57783.2,57157.85,55821,54226.6,1,1,1,1,,,,7233441,14810344.05
1770102900,60115.8,60149,60087.8,60124.15,60067.241495960734,59703.487390245034,0,0,0,61764.85,57783.2,57157.85,55821,54226.6,1,1,1,1,,,,8218641,14958175.55
1770103800,60125.7,60158.4,60118.1,60136.55,60081.103196768585,59742.856718404575,0,0,0,61764.85,57783.2,57157.85,55821,54226.6,1,1,1,1,,,,5499840,14952779.55
1770104700,60134.15,60174.6,60030.85,60110,60086.882557414865,59776.2333803678,0,0,0,61764.85,57783.2,57157.85,55821,54226.6,1,1,1,1,,,,7271392,14952258.35
1770105600,60110.3,60191.85,60030.95,60175.1,60104.52604593189,59812.49398215254,0,0,0,61764.85,57783.2,57157.85,55821,54226.6,1,1,1,1,,,,9003843,14925784.95
1770106500,60175.8,60189.2,60096.55,60106.4,60104.90083674551,59839.21271104777,0,0,0,61764.85,57783.2,57157.85,55821,54226.6,1,1,1,1,,,,7626841,14177571.25
1770107400,60107.2,60179.65,60072.7,60165.7,60117.06066939641,59868.893373679784,0,0,0,61764.85,57783.2,57157.85,55821,54226.6,1,1,1,1,,,,9016453,13384705.95
1770108300,60168.8,60184.75,60123.5,60128.2,60119.288535517124,59892.46670334526,0,0,0,61764.85,57783.2,57157.85,55821,54226.6,1,1,1,1,,,,12489592,9645217.85
1770109200,60126.2,60180.95,60071.9,60097.65,60114.9608284137,59911.11973031387,0,0,0,61764.85,57783.2,57157.85,55821,54226.6,1,1,1,1,,,,9697847,8867478.5
1770110100,60097.8,60161.1,60085.6,60136.6,60119.288662730956,59931.617936648974,0,0,0,61764.85,57783.2,57157.85,55821,54226.6,1,1,1,1,,,,10812409,8531000.15
1770111000,60138.15,60150.35,59973.95,60035.2,60102.47093018476,59941.0344878627,0,0,0,61764.85,57783.2,57157.85,55821,54226.6,1,1,1,1,,,,30349510,9286252.15
1770111900,60031.8,60107.95,59972.4,59986.7,60079.31674414781,59945.185898057,0,0,0,61764.85,57783.2,57157.85,55821,54226.6,1,1,1,1,,,,31023997,10256929.9
1770176700,60094.4,60274.65,59891.75,60221.75,60107.803395318246,59970.32808914273,0,0,0,61764.85,57783.2,57157.85,55821,54226.6,1,1,1,1,,,,34543956,11430207.4
1770177600,60222.55,60287.95,60209.05,60267.4,60139.7227162546,59997.334626493386,0,0,0,61764.85,57783.2,57157.85,55821,54226.6,1,1,1,1,,,,13467702,11776932.3
1770178500,60268.45,60327.1,60203.85,60262.45,60164.26817300368,60021.4360240849,0,0,0,61764.85,57783.2,57157.85,55821,54226.6,1,1,1,1,,,,11828989,11863833
1770179400,60257.95,60312.65,60233.25,60264.4,60184.294538402944,60043.523658259,0,0,0,61764.85,57783.2,57157.85,55821,54226.6,1,1,1,1,,,,7453950,11960259.35
1770180300,60265.85,60283.5,60197,60213.15,60190.065630722354,60058.94423478091,0,0,0,61764.85,57783.2,57157.85,55821,54226.6,1,1,1,1,,,,8630962,12119887.2
1770181200,60214.6,60233.45,60137.55,60190.8,60190.21250457788,60070.9311225281,0,0,0,61764.85,57783.2,57157.85,55821,54226.6,1,1,1,1,,,,9505797,12287550.6
1770182100,60189,60250.4,60174.9,60234.9,60199.150003662304,60085.83738411645,0,0,0,61764.85,57783.2,57157.85,55821,54226.6,1,1,1,1,,,,7936784,12341377.15
1770183000,60238.45,60278.75,60172.6,60200.7,60199.460002929845,60096.27944010586,0,0,0,61764.85,57783.2,57157.85,55821,54226.6,1,1,1,1,,,,6280514,12394623
1770183900,60201.4,60219.05,60136.3,60178.3,60195.22800234388,60103.735854641694,0,0,0,61764.85,57783.2,57157.85,55821,54226.6,1,1,1,1,,,,6777069,12371804.4
1770184800,60176.25,60214.05,60152.35,60181.35,60192.4524018751,60110.791686037905,0,0,0,61764.85,57783.2,57157.85,55821,54226.6,1,1,1,1,,,,6604014,12291073.05
1770185700,60184.45,60213.65,60143.5,60199.25,60193.811921500084,60118.83335094355,0,0,0,61764.85,57783.2,57157.85,55821,54226.6,1,1,1,1,,,,6101706,12321166.35
1770186600,60196.25,60247.85,60167,60235.9,60202.229537200066,60129.47577358504,0,0,0,61764.85,57783.2,57157.85,55821,54226.6,1,1,1,1,,,,7927481,12353970.8
1770187500,60235.35,60254.4,60168.1,60218.2,60205.42362976005,60137.54161235004,0,0,0,61764.85,57783.2,57157.85,55821,54226.6,1,1,1,1,,,,5283157,12167936.5
1770188400,60215.7,60217.15,60152.8,60161.3,60196.598903808044,60139.70146577276,0,0,0,61764.85,57783.2,57157.85,55821,54226.6,1,1,1,1,,,,6429220,12108055.45
1770189300,60160.05,60172.7,60111.95,60124.95,60182.26912304643,60138.36042342978,0,0,0,61764.85,57783.2,57157.85,55821,54226.6,1,1,1,1,,,,6326218,11973543.7
1770190200,60118.5,60208.95,60102,60196.3,60185.07529843715,60143.62765766344,0,0,0,61764.85,57783.2,57157.85,55821,54226.6,1,1,1,1,,,,5187230,11608425.6
1770191100,60197.2,60271.7,60176.95,60262.5,60200.56023874972,60154.43423423949,0,0,0,61764.85,57783.2,57157.85,55821,54226.6,1,1,1,1,,,,5518153,11399440.9
1770192000,60264.35,60304.5,60242.75,60262.5,60212.94819099978,60164.25839476317,0,0,0,61764.85,57783.2,57157.85,55821,54226.6,1,1,1,1,,,,6194618,11168551.35
1770192900,60263.6,60304.85,60256.55,60281.3,60226.618552799824,60174.89854069379,0,0,0,61764.85,57783.2,57157.85,55821,54226.6,1,1,1,1,,,,6420382,9972094.95
1770193800,60279.05,60330.3,60218.5,60329,60247.09484223986,60188.90776426708,0,0,0,61764.85,57783.2,57157.85,55821,54226.6,1,1,1,1,,,,8226146,8832202.4
1770194700,60325.45,60389.4,60321.5,60339.35,60265.54587379189,60202.58433115189,0,0,0,61764.85,57783.2,57157.85,55821,54226.6,1,1,1,1,,,,9786403,7594324.75
1770195600,60338.6,60374.65,60314.25,60363.2,60285.07669903351,60217.185755592625,0,0,0,61764.85,57783.2,57157.85,55821,54226.6,1,1,1,1,,,,10401054,7440992.35
1770196500,60364.85,60369.1,60285.8,60289.5,60285.96135922681,60223.75977781148,0,0,0,61764.85,57783.2,57157.85,55821,54226.6,1,1,1,1,,,,12068702,7452978
1770197400,60295.8,60326.2,60242.6,60269.9,60282.749087381446,60227.95434346498,0,0,0,61764.85,57783.2,57157.85,55821,54226.6,1,1,1,1,,,,19024883,8031524.65
1770198300,60271.35,60288.5,60135.3,60148.1,60255.81926990516,60220.69485769544,1,0,0,61764.85,57783.2,57157.85,55821,54226.6,2,1,1,1,1,,,26285264,8914239.75
1770263100,60275.45,60328.3,60157.6,60185.55,60241.76541592413,60217.499870632215,0,0,0,61764.85,57783.2,57157.85,55821,54226.6,2,1,1,1,,,,21626433,9520271.55
1770264000,60186.2,60211.7,60098.85,60132.2,60219.852332739305,60209.74533693838,0,0,0,61764.85,57783.2,57157.85,55821,54226.6,2,1,1,1,,,,14917593,9869312
1770264900,60131.25,60140.65,60064,60107.25,60197.331866191445,60200.42757903489,0,0,0,61764.85,57783.2,57157.85,55821,54226.6,2,1,1,1,,,,11305243,10120548.45
1770265800,60107.8,60182,60073.15,60170.55,60191.975492953155,60197.711435486264,0,0,0,61764.85,57783.2,57157.85,55821,54226.6,2,1,1,1,,,,9845658,10273977.9
1770266700,60170.05,60250.9,60127,60147.45,60183.07039436253,60193.14221407842,0,0,0,61764.85,57783.2,57157.85,55821,54226.6,2,1,1,1,,,,7898265,10338690.45
1770267600,60146.55,60154.85,60018,60021.15,60150.68631549002,60177.50655825311,0,0,0,61764.85,57783.2,57157.85,55821,54226.6,2,1,1,1,,,,7763127,10421761.5
1770268500,60019.05,60047.05,59991.35,60023.25,60125.19905239202,60163.48323477555,0,0,0,61764.85,57783.2,57157.85,55821,54226.6,2,1,1,1,,,,7987082,10424741.55
1770269400,60025.75,60103.55,59990.8,60072.95,60114.74924191361,60155.252940705046,0,0,0,61764.85,57783.2,57157.85,55821,54226.6,2,1,1,1,,,,6865247,10503846.05
1770270300,60070.05,60081.95,60012.9,60044.05,60100.60939353089,60145.14358245913,0,0,0,61764.85,57783.2,57157.85,55821,54226.6,2,1,1,1,,,,4212779,10393024
1770271200,60043.7,60107.7,60021.2,60095.4,60099.56751482471,60140.62143859921,0,0,0,61764.85,57783.2,57157.85,55821,54226.6,2,1,1,1,,,,4402776,10296851.9
1770272100,60096.75,60097.75,60021.85,60086.4,60096.93401185977,60135.69221690838,0,0,0,61764.85,57783.2,57157.85,55821,54226.6,2,1,1,1,,,,4853898,10280185.3
1770273000,60085.75,60107.75,60006.35,60013.4,60080.22720948781,60124.57474264398,0,0,0,61764.85,57783.2,57157.85,55821,54226.6,2,1,1,1,,,,3955210,10202038.15
1770273900,60015.75,60021.15,59963.35,60001.4,60064.46176759025,60113.377038767256,0,0,0,61764.85,57783.2,57157.85,55821,54226.6,2,1,1,1,,,,4886248,10136619.65
1770274800,60007.7,60039.8,59971.25,59998.65,60051.2994140722,60102.94730797023,0,0,0,61764.85,57783.2,57157.85,55821,54226.6,2,1,1,1,,,,4334344,10032317.75
1770275700,60000.95,60049.15,59973.6,60033.2,60047.67953125776,60096.6066436093,0,0,0,61764.85,57783.2,57157.85,55821,54226.6,2,1,1,1,,,,4534592,9847740.05
1770276600,60034.2,60037.7,59991.2,60005.4,60039.223625006205,60088.315130553914,0,0,0,61764.85,57783.2,57157.85,55821,54226.6,2,1,1,1,,,,2983242,9507582
1770277500,60005.8,60069.15,59975.95,59980.35,60027.448900004965,60078.50011868538,0,0,0,61764.85,57783.2,57157.85,55821,54226.6,2,1,1,1,,,,4269714,9201015
1770278400,59980.25,60044.65,59978.55,60032.65,60028.48912000397,60074.33192607762,0,0,0,61764.85,57783.2,57157.85,55821,54226.6,2,1,1,1,,,,4662715,8830715.65
1770279300,60034.75,60048.95,59970.25,60010.1,60024.81129600318,60068.492660070566,0,0,0,61764.85,57783.2,57157.85,55821,54226.6,2,1,1,1,,,,5524999,8155721.45
1770280200,60014.3,60027.75,59912.05,59950.7,60009.989036802544,60057.78423642779,1,0,0,61764.85,57783.2,57157.85,55821,54226.6,2,2,1,1,1,,,13065184,7494717.45
1770281100,59951.15,59953.95,59881.05,59930.05,59994.00122944204,60046.17203311617,0,0,0,61764.85,57783.2,57157.85,55821,54226.6,2,2,1,1,,,,11304459,6978618.75
1770282000,59931.85,59981.65,59920.1,59949.35,59985.07098355363,60037.37003010561,0,0,0,61764.85,57783.2,57157.85,55821,54226.6,2,2,1,1,,,,9230660,6694272.1
1770282900,59950.5,60067.3,59942.35,60055.75,59999.20678684291,60039.04093645964,0,0,0,61764.85,57783.2,57157.85,55821,54226.6,2,2,1,1,,,,14134952,6835757.55
1770283800,60054.1,60121.55,60012.6,60082.45,60015.85542947432,60042.98721496331,0,0,0,61764.85,57783.2,57157.85,55821,54226.6,2,2,1,1,,,,22387953,7462872.3
1770284700,60083.55,60087.15,60007,60055.25,60023.73434357946,60044.102013603006,0,0,0,61764.85,57783.2,57157.85,55821,54226.6,2,2,1,1,,,,22917191,8213818.6
1770349500,60019.85,60119.95,59924.15,60065.7,60032.12747486357,60046.06546691182,0,0,0,61764.85,57783.2,57157.85,55821,54226.6,2,2,1,1,,,,19822770,8816800.75
1770350400,60069.85,60075.3,59934.9,59955.2,60016.74197989085,60037.80496991984,0,0,0,61764.85,57783.2,57157.85,55821,54226.6,2,2,1,1,,,,10468216,8940857.45
1770351300,59951.55,60032.35,59946.25,59995.95,60012.58358391268,60033.9999726544,0,0,0,61764.85,57783.2,57157.85,55821,54226.6,2,2,1,1,,,,7914297,8993309.95
1770352200,59994.25,60022.95,59873.45,59915.85,59993.236867130145,60023.25906604945,0,0,0,61764.85,57783.2,57157.85,55821,54226.6,2,2,1,1,,,,7289575,9147149.75
1770353100,59916.95,60002.1,59822.65,59825.8,59959.74949370412,60005.30824186314,0,0,0,61764.85,57783.2,57157.85,55821,54226.6,2,2,1,1,,,,9559242,9404973.05
1770354000,59827.4,59828.65,59644.55,59677.9,59903.3795949633,59975.543856239216,0,0,0,61764.85,57783.2,57157.85,55821,54226.6,2,2,1,1,,,,9284709,9626513.6
1770354900,59680.95,59713.15,59659.25,59698.65,59862.43367597064,59950.371687490195,0,0,0,61764.85,57783.2,57157.85,55821,54226.6,2,2,1,1,,,,6405828,9749044.5
1770355800,59699.65,59821.45,59692.55,59818.9,59853.72694077651,59938.41971590018,0,0,0,61764.85,57783.2,57157.85,55821,54226.6,2,2,1,1,,,,7548473,9882155.75
1770356700,59817.85,59874.2,59769.95,59826.1,59848.20155262121,59928.20883263653,0,0,0,61764.85,57783.2,57157.85,55821,54226.6,2,2,1,1,,,,6529135,9991895.3
1770357600,59827.3,60011.7,59815.95,59941.55,59866.87124209697,59929.42166603321,0,0,0,61764.85,57783.2,57157.85,55821,54226.6,2,2,1,1,,,,6195563,10074943.85
1770358500,59939.7,59988.6,59910.65,59940.4,59881.576993677576,59930.41969639383,0,0,0,61764.85,57783.2,57157.85,55821,54226.6,2,2,1,1,,,,4426684,10147115.95
1770359400,59938.2,59994.8,59827.35,59887.55,59882.77159494206,59926.52245126712,0,0,0,61764.85,57783.2,57157.85,55821,54226.6,2,2,1,1,,,,5117246,10189492.55
1770360300,59890.55,59897.95,59781,59804.95,59867.207275953646,59915.47041024284,0,0,0,61764.85,57783.2,57157.85,55821,54226.6,2,2,1,1,,,,4673427,10190028.15
1770361200,59806,59809.95,59717.9,59799.7,59853.705820762916,59904.94582749349,0,0,0,61764.85,57783.2,57157.85,55821,54226.6,2,2,1,1,,,,6570101,10242283.25
1770362100,59802.8,59865.95,59785.95,59847.15,59852.39465661033,59899.69166135772,0,0,0,61764.85,57783.2,57157.85,55821,54226.6,2,2,1,1,,,,6623550,9920201.55
1770363000,59848.65,59859.25,59782.7,59795.95,59841.10572528827,59890.26060123429,0,0,0,61764.85,57783.2,57157.85,55821,54226.6,2,2,1,1,,,,5481292,9629043.2
1770363900,59796.65,59834.6,59776.8,59829.1,59838.70458023062,59884.70054657663,0,0,0,61764.85,57783.2,57157.85,55821,54226.6,2,2,1,1,,,,4732243,9404122.35
1770364800,59830.55,59876.4,59768.25,59831.1,59837.18366418449,59879.82776961511,0,0,0,61764.85,57783.2,57157.85,55821,54226.6,2,2,1,1,,,,6311253,9012937.4
1770365700,59834.15,59961.55,59819.7,59950.45,59859.83693134759,59886.24797237737,0,0,0,61764.85,57783.2,57157.85,55821,54226.6,2,2,1,1,,,,6268724,8206975.95
1770366600,59950.5,60004.5,59924,59946.15,59877.099545078076,59891.69361125216,0,0,0,61764.85,57783.2,57157.85,55821,54226.6,2,2,1,1,,,,4903636,7306298.2
1770367500,59946.6,59999.75,59927.65,59960.95,59893.86963606246,59897.98964659287,0,0,0,61764.85,57783.2,57157.85,55821,54226.6,2,2,1,1,,,,4240342,6527176.8
1770368400,59960.15,60019.65,59941.65,59998.5,59914.79570884997,59907.12695144806,0,0,0,61764.85,57783.2,57157.85,55821,54226.6,2,2,1,1,,,,6054910,6306511.5
1770369300,59999.2,60080.1,59974.45,60064.05,59944.64656707997,59921.392683134596,0,0,0,61764.85,57783.2,57157.85,55821,54226.6,2,2,1,1,,,,9323545,6376973.9
1770370200,60064.9,60143.3,60064.9,60132.4,59982.19725366398,59940.575166486,0,0,0,61764.85,57783.2,57157.85,55821,54226.6,2,2,1,1,,,,16127325,6818861.4
1770371100,60130.8,60149.9,60078.5,60112.8,60008.31780293118,59956.231969532724,0,0,0,61764.85,57783.2,57157.85,55821,54226.6,2,2,1,1,,,,20467288,7364263.7
1770608700,60876.2,60876.2,60495.7,60664,60139.454242344946,60020.57451775702,0,0,0,61764.85,57783.2,57157.85,55821,54226.6,2,2,1,1,,,,40448305,8922443.5
1770609600,60665.05,60729.55,60597.7,60617.75,60235.11339387596,60074.86319796093,0,0,0,61764.85,57783.2,57157.85,55821,54226.6,2,2,1,1,,,,14388507,9321577.45
1770610500,60617.05,60657.35,60593.8,60653.85,60318.86071510077,60127.49836178266,0,0,0,61764.85,57783.2,57157.85,55821,54226.6,2,2,1,1,,,,13342892,9611298.4
1770611400,60652.1,60695.35,60630,60643.85,60383.858572080615,60174.43941980242,0,0,0,61764.85,57783.2,57157.85,55821,54226.6,2,2,1,1,,,,11272627,9848473
1770612300,60638.9,60676.2,60580.95,60590.4,60425.166857664495,60212.2540180022,0,0,0,61764.85,57783.2,57157.85,55821,54226.6,2,2,1,1,,,,10355192,10056454.45
1770613200,60587.85,60691.3,60572.65,60676.6,60475.4534861316,60254.46728909291,0,0,0,60876.2,59644.55,,,,1,1,1,1,,,,8853268,10277783.65
1770614100,60679.95,60712.7,60657.7,60695.7,60519.50278890528,60294.57935372082,0,0,0,60876.2,59644.55,,,,1,1,1,1,,,,8481273,10445985
1770615000,60695.5,60709.7,60633.8,60654,60546.40223112422,60327.25395792802,0,0,0,60876.2,59644.55,,,,1,1,1,1,,,,7242207,10574424
1770615900,60654.65,60677.15,60636.1,60652.05,60567.53178489938,60356.78087084366,0,0,0,60876.2,59644.55,,,,1,1,1,1,,,,7672993,10629568.6
1770616800,60653.65,60677.8,60616,60646.45,60583.3154279195,60383.11442803969,0,0,0,60876.2,59644.55,,,,1,1,1,1,,,,6381193,10617450.75
1770617700,60644,60654.4,60604.75,60621.5,60590.9523423356,60404.78584367245,0,0,0,60876.2,59644.55,,,,1,1,1,1,,,,4873341,10587053.2
1770618600,60621.1,60653.85,60608.85,60629.7,60598.70187386848,60425.23258515677,0,0,0,60876.2,59644.55,,,,1,1,1,1,,,,9959298,10848405.95
1770619500,60630.85,60650.15,60616.15,60620.75,60603.11149909478,60443.006895597064,0,0,0,60876.2,59644.55,,,,1,1,1,1,,,,6118041,10838745.35
1770620400,60623.55,60626.9,60564.8,60582.35,60598.95919927583,60455.674450542785,0,0,0,60876.2,59644.55,,,,1,1,1,1,,,,6572384,10853928.35
1770621300,60581.9,60594.3,60516.2,60558.1,60590.78735942066,60464.985864129805,0,0,0,60876.2,59644.55,,,,1,1,1,1,,,,5965267,10907009.9
1770622200,60560.15,60631.7,60550.95,60587.85,60590.19988753653,60476.1553310271,0,0,0,60876.2,59644.55,,,,1,1,1,1,,,,4760790,10933032.3
1770623100,60588.75,60615.9,60554.85,60558,60583.75991002923,60483.59575547918,0,0,0,60876.2,59644.55,,,,1,1,1,1,,,,5558340,10908203.8
1770624000,60559.7,60615.7,60543.9,60604.1,60587.827928023384,60494.55068679926,0,0,0,60876.2,59644.55,,,,1,1,1,1,,,,6848600,10784456.55
1770624900,60605.5,60616.65,60563.25,60571.45,60584.552342418705,60501.54153345387,0,0,0,60876.2,59644.55,,,,1,1,1,1,,,,5271152,10241647.9
1770625800,60573.65,60614.15,60560.3,60593.5,60586.341873934965,60509.901394048975,0,0,0,60876.2,59644.55,,,,1,1,1,1,,,,5333862,9484976.6
1770626700,60593.8,60674.65,60584.1,60653.95,60599.86349914797,60522.996721862706,0,0,0,60876.2,59644.55,,,,1,1,1,1,,,,8475837,7886353.2
1770627600,60657.7,60659.95,60581.7,60594.75,60598.84079931838,60529.51974714791,0,0,0,60876.2,59644.55,,,,1,1,1,1,,,,7615582,7547706.95
1770628500,60591.45,60672.75,60591.45,60655.15,60610.1026394547,60540.94067922537,0,0,0,60876.2,59644.55,,,,1,1,1,1,,,,10492998,7405212.25
1770629400,60656.65,60685.2,60614.65,60665.75,60621.23211156376,60552.286981113975,0,0,0,60876.2,59644.55,,,,1,1,1,1,,,,19838473,7833504.55
1770630300,60665.85,60700.35,60638.25,60666.8,60630.34568925101,60562.69725555816,0,0,0,60876.2,59644.55,,,,1,1,1,1,,,,24701371,8550813.5
1770695100,60751.9,60760.6,60608.8,60687.9,60641.85655140081,60574.07932323469,0,0,0,60876.2,59644.55,,,,1,1,1,1,,,,25518560,9384078.1
1770696000,60686.7,60737.1,60656.25,60699.3,60653.345241120645,60585.46302112245,0,0,0,60876.2,59644.55,,,,1,1,1,1,,,,7735422,9346785.55
1770696900,60702.2,60709.15,60597.95,60671.85,60657.046192896516,60593.31638283859,0,0,0,60876.2,59644.55,,,,1,1,1,1,,,,6081590,9288754.7
1770697800,60675.45,60732.6,60663.4,60682.45,60662.12695431721,60601.41943894417,0,0,0,60876.2,59644.55,,,,1,1,1,1,,,,9005177,9355363.9
1770698700,60682.8,60733.7,60673.7,60721.55,60674.011563453765,60612.34039904016,0,0,0,60876.2,59644.55,,,,1,1,1,1,,,,5649295,9318769
1770699600,60724.15,60787.95,60715.9,60760.45,60691.29925076301,60625.80490821832,0,0,0,60876.2,59644.55,,,,1,1,1,1,,,,4737155,9311959.7
1770700500,60759.8,60774.3,60735.45,60748.8,60702.79940061041,60636.98628019847,0,0,0,60876.2,59644.55,,,,1,1,1,1,,,,3892716,9008630.6
1770701400,60747.8,60768.2,60719.4,60751.15,60712.46952048833,60647.364800180425,0,0,0,60876.2,59644.55,,,,1,1,1,1,,,,4333830,8919420.05
1770702300,60753.15,60763.4,60711.25,60728,60715.57561639066,60654.695272891295,0,0,0,60876.2,59644.55,,,,1,1,1,1,,,,6687208,8925161.25
1770703200,60730.5,60744.2,60701.7,60737.5,60719.96049311253,60662.222975355726,0,0,0,60876.2,59644.55,,,,1,1,1,1,,,,4575756,8855685.7
1770704100,60739.45,60745.95,60705.15,60739.75,60723.91839449002,60669.27088668702,0,0,0,60876.2,59644.55,,,,1,1,1,1,,,,5068717,8871082.05
1770705000,60736,60739.4,60704.2,60732.4,60725.61471559202,60675.0098969882,0,0,0,60876.2,59644.55,,,,1,1,1,1,,,,4108415,8798585.8
1770705900,60732.3,60757.45,60712.8,60741.8,60728.851772473616,60681.08172453473,0,0,0,60876.2,59644.55,,,,1,1,1,1,,,,4386687,8675490.15
1770706800,60741.2,60755.5,60717.15,60752.65,60733.61141797889,60687.58793139521,0,0,0,60876.2,59644.55,,,,1,1,1,1,,,,4252156,8624540.35
1770707700,60748.7,60797.55,60745.75,60759.25,60738.73913438311,60694.102664904734,0,0,0,60876.2,59644.55,,,,1,1,1,1,,,,8450994,8780396.95
1770708600,60760.75,60777.9,60726.35,60771.5,60745.291307506486,60701.13878627703,0,0,0,60876.2,59644.55,,,,1,1,1,1,,,,8644449,8788827.55
1770709500,60769.75,60781.9,60672.6,60698.75,60735.98304600519,60700.92162388821,0,0,0,60876.2,59644.55,,,,1,1,1,1,,,,7471831,8781640
1770710400,60690.3,60693.35,60622.2,60663.35,60721.456436804154,60697.50602171655,0,0,0,60876.2,59644.55,,,,1,1,1,1,,,,6509496,8582464.9
1770711300,60666.5,60672.15,60568.6,60574.4,60692.04514944332,60686.314565196866,0,0,0,60876.2,59644.55,,,,1,1,1,1,,,,6353581,7908220.3
1770712200,60572.8,60654.9,60531.55,60645.1,60682.65611955466,60682.567786542604,0,0,0,60876.2,59644.55,,,,1,1,1,1,,,,7016470,7023975.25
1770713100,60647.05,60695,60643.9,60659.4,60678.00489564373,60680.46162412964,0,0,0,60876.2,59644.55,,,,1,1,1,1,,,,5465655,6021330
1770714000,60656.7,60668.85,60617.3,60641.25,60670.65391651499,60676.896931026946,0,0,0,60876.2,59644.55,,,,1,1,1,1,,,,6417220,5955419.9
1770714900,60642.2,60678.75,60635.2,60667.3,60669.983133211994,60676.02448275177,0,0,0,60876.2,59644.55,,,,1,1,1,1,,,,10199297,6161305.25
1770715800,60668.85,60709.45,60607.2,60634.4,60662.8665065696,60672.24043886524,0,0,0,60876.2,59644.55,,,,1,1,1,1,,,,26386579,7030375.35
1770716700,60633.3,60655.15,60550.85,60568.25,60643.94320525568,60662.78676260477,0,0,0,60876.2,59644.55,,,,1,1,1,1,,,,23552159,7925518.55
1770781500,60727.1,60727.1,60511.15,60573,60629.754564204544,60654.6243296407,0,0,0,60876.2,59644.55,,,,1,1,1,1,,,,21475764,8762449
1770782400,60576.7,60581.15,60444.65,60467.8,60597.36365136364,60637.64029967336,0,0,0,60876.2,59644.55,,,,1,1,1,1,,,,11780443,9156835.35
1770783300,60466.35,60595.55,60451.4,60545.3,60586.95092109091,60629.24572697578,0,0,0,60876.2,59644.55,,,,1,1,1,1,,,,10179307,9449109.2
1770784200,60546.05,60547.45,60473.3,60504.6,60570.48073687273,60617.91429725071,0,0,0,60876.2,59644.55,,,,1,1,1,1,,,,8069322,9518214.9
1770785100,60503.05,60639.55,60493.35,60629.95,60582.374589498184,60619.0084520461,0,0,0,60876.2,59644.55,,,,1,1,1,1,,,,9415911,9760222.65
1770786000,60631.75,60691.4,60613.35,60656.35,60597.169671598545,60622.40313822373,0,0,0,60876.2,59644.55,,,,1,1,1,1,,,,12996332,10156603.4
1770786900,60648.05,60675.85,60635.5,60656.2,60608.97573727884,60625.47558020339,0,0,0,60876.2,59644.55,,,,1,1,1,1,,,,7514467,10326906
1770787800,60656.25,60695.65,60581.25,60671.1,60621.40058982307,60629.62325473035,0,0,0,60876.2,59644.55,,,,1,1,1,1,,,,8136248,10514384.05
1770788700,60673.75,60703.75,60637,60690.1,60635.14047185845,60635.121140663956,0,0,0,60876.2,59644.55,,,,1,1,1,1,,,,7871997,10695376.1
1770789600,60689,60751,60675.95,60675.95,60643.30237748676,60638.83285514905,0,0,0,60876.2,59644.55,,,,1,1,1,1,,,,6899563,10617804.55
1770790500,60679.55,60715.35,60676.55,60686.15,60651.87190198941,60643.13441377186,0,0,0,60876.2,59644.55,,,,1,1,1,1,,,,5292428,10450203.5
1770791400,60687.85,60706.2,60638.6,60651,60651.69752159153,60643.84946706533,0,0,0,60876.2,59644.55,,,,1,1,1,1,,,,5822406,10367732.25
1770792300,60650.95,60666.05,60625.9,60648.9,60651.138017273224,60644.30860642303,0,0,0,60876.2,59644.55,,,,1,1,1,1,,,,7449319,10414723.4
1770793200,60649.8,60675.2,60613.8,60637.1,60648.33041381858,60643.65327856639,0,0,0,60876.2,59644.55,,,,1,1,1,1,,,,6700843,10432086.5
1770794100,60637.5,60704.55,60616.9,60680.95,60654.85433105486,60647.043889605804,0,0,0,60876.2,59644.55,,,,1,1,1,1,,,,7378166,10450171.3
1770795000,60679.8,60684.35,60637.45,60660.75,60656.03346484389,60648.28989964164,0,0,0,60876.2,59644.55,,,,1,1,1,1,,,,6239530,10488865.05
1770795900,60663.35,60703.65,60655.35,60697,60664.22677187511,60652.71809058331,0,0,0,60876.2,59644.55,,,,1,1,1,1,,,,4908396,10413423.85
1770796800,60697.55,60752.2,60691.15,60712.75,60673.93141750009,60658.17553689392,0,0,0,60876.2,59644.55,,,,1,1,1,1,,,,7730205,10289969.25
1770797700,60714.5,60722.2,60682.1,60704.25,60679.99513400007,60662.36412444902,0,0,0,60876.2,59644.55,,,,1,1,1,1,,,,5710495,9256165.05
1770798600,60703.65,60747.25,60696,60736.35,60691.266107200056,60669.09011313548,0,0,0,60876.2,59644.55,,,,1,1,1,1,,,,8099974,8483555.8
1770799500,60740.5,60766.15,60709.1,60718.55,60696.72288576004,60673.5864664868,0,0,0,60876.2,59644.55,,,,1,1,1,1,,,,8498343,7834684.75
1770800400,60717.5,60735.6,60679.95,60723.55,60702.088308608036,60678.12860589709,0,0,0,60876.2,59644.55,,,,1,1,1,1,,,,8525116,7671918.4
1770801300,60723.3,60746.95,60713.7,60719.65,60705.60064688643,60681.90327808826,0,0,0,60876.2,59644.55,,,,1,1,1,1,,,,9814287,7653667.4
1770802200,60715.9,60779.95,60715.9,60773.65,60719.21051750914,60690.24388917115,0,0,0,60876.2,59644.55,,,,1,1,1,1,,,,16806572,8090529.9
1770803100,60777.3,60777.3,60717.4,60743.95,60724.15841400731,60695.12626288286,0,0,0,60876.2,59644.55,,,,1,1,1,1,,,,18855297,8562499.2
1770867900,60764.55,60796.4,60678.75,60723.65,60724.05673120585,60697.71932989351,0,0,0,60876.2,59644.55,,,,1,1,1,1,,,,23907809,9108073.05
1770868800,60720.9,60829.85,60712.3,60789.7,60737.18538496468,60706.081208994096,0,0,0,60876.2,59644.55,,,,1,1,1,1,,,,15695358,9517117.6
1770869700,60787,60826.4,60763.75,60808.1,60751.368307971745,60715.35564454009,0,0,0,60876.2,59644.55,,,,1,1,1,1,,,,10906365,9655623.45
1770870600,60808.9,60856.75,60778.7,60843.05,60769.704646377395,60726.96422230917,0,0,0,60876.2,59644.55,,,,1,1,1,1,,,,12004378,9862242.5
1770871500,60852.35,60862.5,60809.85,60840.7,60783.903717101915,60737.30383846288,0,0,0,60876.2,59644.55,,,,1,1,1,1,,,,9551219,9994825.3
1770872400,60845.05,60860.55,60777.65,60791.85,60785.49297368153,60742.2625804208,0,0,0,60876.2,59644.55,,,,1,1,1,1,,,,8966461,10178526.95
1770873300,60792.15,60832.85,60772.1,60826.45,60793.684378945225,60749.91598220073,0,0,0,60876.2,59644.55,,,,1,1,1,1,,,,7999284,10287370.85
1770874200,60827.75,60864.4,60807.5,60819.15,60798.77750315618,60756.209983818844,0,0,0,60876.2,59644.55,,,,1,1,1,1,,,,10226240,10426216.9
1770875100,60816.7,60819.8,60754.05,60766.7,60792.36200252495,60757.1636216535,0,0,0,60876.2,59644.55,,,,1,1,1,1,,,,11059459,10644147.7
1770876000,60778.9,60795.45,60717.95,60794,60792.68960201996,60760.51238332136,0,0,0,60876.2,59644.55,,,,1,1,1,1,,,,9744524,10762465.6
1770876900,60792.4,60797.55,60703.3,60759.5,60786.051681615965,60760.42034847396,0,0,0,60876.2,59644.55,,,,1,1,1,1,,,,8001759,10850577.05
1770877800,60754.9,60757.55,60685.9,60711.05,60771.05134529277,60755.93213497633,0,0,0,60876.2,59644.55,,,,1,1,1,1,,,,7875850,10998949.75
1770878700,60711.8,60754.1,60707.45,60723.65,60761.57107623421,60752.99739543303,0,0,0,60876.2,59644.55,,,,1,1,1,1,,,,5426534,10883766.2
1770879600,60726.1,60774.3,60703.65,60727.3,60754.71686098737,60750.66126857548,0,0,0,60876.2,59644.55,,,,1,1,1,1,,,,5605519,10878517.4
1770880500,60730.75,60795.85,60727,60778.75,60759.5234887899,60753.214789614074,0,0,0,60876.2,59644.55,,,,1,1,1,1,,,,5275084,10737272.9
1770881400,60778.55,60827.5,60762.5,60782.45,60764.10879103192,60755.872536012794,0,0,0,60876.2,59644.55,,,,1,1,1,1,,,,5084182,10566564.85
1770882300,60784.65,60844.8,60772.4,60786.55,60768.597032825535,60758.66139637527,0,0,0,60876.2,59644.55,,,,1,1,1,1,,,,10073587,10643988.4
1770883200,60788.6,60827.7,60771.7,60799.55,60774.787626260426,60762.378542159335,0,0,0,60876.2,59644.55,,,,1,1,1,1,,,,7141310,10510339.55
1770884100,60800.6,60823.1,60728.6,60785.4,60776.91010100834,60764.471401963034,0,0,0,60876.2,59644.55,,,,1,1,1,1,,,,8276774,10083849.65
1770885000,60781.5,60804.6,60751.6,60779.4,60777.40808080667,60765.82854723912,0,0,0,60876.2,59644.55,,,,1,1,1,1,,,,6566216,9469395.6
1770885900,60784.75,60785.7,60719.05,60727.7,60767.46646464534,60762.362315671926,0,0,0,60876.2,59644.55,,,,1,1,1,1,,,,6123737,8580192
1770886800,60730.85,60759.6,60678.4,60690.1,60751.99317171627,60755.7930142472,0,0,0,60876.2,59644.55,,,,1,1,1,1,,,,8389309,8214889.55
1770887700,60687.9,60698.8,60597.65,60698.8,60741.354537373016,60750.61183113382,0,0,0,60876.2,59644.55,,,,1,1,1,1,,,,11145589,8226850.75
1770888600,60695.75,60818.55,60694.35,60750.6,60743.20362989841,60750.6107555762,0,0,0,60876.2,59644.55,,,,1,1,1,1,,,,27097470,8981505.35
1770889500,60749.55,60761.95,60696.35,60707.8,60736.12290391873,60746.71886870563,0,0,0,60876.2,59644.55,,,,1,1,1,1,,,,23429637,9675426.25
1770954300,60523.5,60621.9,60444.8,60532.95,60695.48832313498,60727.28533518694,0,0,0,60876.2,59644.55,,,,1,1,1,1,,,,21749831,10314594.75
1770955200,60532.4,60534.5,60436.8,60511,60658.59065850799,60707.62303198813,0,0,0,60876.2,59644.55,,,,1,1,1,1,,,,18343049,10831783
1770956100,60511.15,60544.05,60457.65,60467.9,60620.45252680639,60685.83002908012,0,0,0,60876.2,59644.55,,,,1,1,1,1,,,,8276024,10734272.2
1770957000,60468.55,60511.3,60415.95,60421,60580.56202144511,60661.75457189102,0,0,0,60876.2,59644.55,,,,1,1,1,1,,,,8295657,10596082.1
1770957900,60420.7,60446.65,60359.7,60418.95,60548.23961715609,60639.68142899183,0,0,0,60876.2,59644.55,,,,1,1,1,1,,,,8934356,10555573.7
1770958800,60418.9,60462.1,60399.25,60434,60525.39169372487,60620.9831172653,0,0,0,60876.2,59644.55,,,,1,1,1,1,,,,7366270,10523799.25
1770959700,60430.25,60431.45,60318.95,60365.15,60493.3433549799,60597.72556115027,0,0,0,60876.2,59644.55,,,,1,1,1,1,,,,5711590,10415586.25
1770960600,60367.25,60380.15,60271.85,60314.6,60457.59468398392,60571.98687377297,0,0,0,60876.2,59644.55,,,,1,1,1,1,,,,6234550,10455987.05
1770961500,60315,60324.85,60253.35,60318.9,60429.85574718714,60548.97897615725,0,0,0,60876.2,59644.55,,,,1,1,1,1,,,,6468916,10499156.9
1770962400,60320.05,60321.7,60264,60299.95,60403.87459774971,60526.339978324766,0,0,0,60876.2,59644.55,,,,1,1,1,1,,,,5094995,10490152.45
1770963300,60303.4,60319.9,60256.25,60280.85,60379.269678199766,60504.02270756797,0,0,0,60876.2,59644.55,,,,1,1,1,1,,,,4993012,10485593.95
1770964200,60284.55,60315.25,60271.3,60301.95,60363.80574255981,60485.65246142543,0,0,0,60876.2,59644.55,,,,1,1,1,1,,,,6909066,10327367.9
1770965100,60301.3,60409.4,60288.35,60358.7,60362.784594047844,60474.11132856857,0,0,0,60876.2,59644.55,,,,1,1,1,1,,,,6912571,10315930.95
1770966000,60362.4,60386.7,60331.25,60343.6,60358.947675238276,60462.24666233506,0,0,0,60876.2,59644.55,,,,1,1,1,1,,,,4714026,10137793.55
1770966900,60341.9,60374.75,60276.75,60287.9,60344.738140190624,60446.39696575915,0,0,0,60876.2,59644.55,,,,1,1,1,1,,,,8325886,10225777.05
1770967800,60287.55,60382.9,60271.15,60352.05,60346.2005121525,60437.819968871954,0,0,0,60876.2,59644.55,,,,1,1,1,1,,,,4916283,10165404.35
1770968700,60351.15,60360.5,60281.7,60288.6,60334.680409722,60424.254517156325,0,0,0,60876.2,59644.55,,,,1,1,1,1,,,,5004222,9996150
1770969600,60290.65,60336.4,60252.2,60301.45,60328.0343277776,60413.09047014212,0,0,0,60876.2,59644.55,,,,1,1,1,1,,,,6600667,9768903.9
1770970500,60300.6,60308.75,60233.75,60292.1,60320.847462222075,60402.091336492835,0,0,0,60876.2,59644.55,,,,1,1,1,1,,,,5446855,8686373.15
1770971400,60296,60320.45,60264.6,60297.15,60316.10796977766,60392.55121499349,0,0,0,60876.2,59644.55,,,,1,1,1,1,,,,6485415,7839162.05
1770972300,60300.95,60311.95,60274,60287.6,60310.406375822124,60383.01019544862,0,0,0,60876.2,59644.55,,,,1,1,1,1,,,,5449726,7024156.8
1770973200,60284.75,60307.3,60267.3,60284.75,60305.2751006577,60374.077450407836,0,0,0,60876.2,59644.55,,,,1,1,1,1,,,,13237850,6768896.85
1770974100,60280.8,60304.3,60260.45,60290.45,60302.310080526164,60366.474954916215,0,0,0,60876.2,59644.55,,,,1,1,1,1,,,,11886109,6949401.1
1770975000,60287.15,60296.45,60242.85,60247.85,60291.418064420934,60355.69086810565,0,0,0,60876.2,59644.55,,,,1,1,1,1,,,,16875760,7378406.25
1770975900,60242.35,60263.25,60073.55,60169.7,60267.07445153675,60338.782607368776,0,0,0,60876.2,59644.55,,,,1,1,1,1,,,,31370440,8500210.45
1771213500,59962.5,60266.5,59861.1,60195.65,60252.7895612294,60325.77055215343,0,0,0,60876.2,59644.55,,,,1,1,1,1,,,,16040352,8933914.55
1771214400,60198.4,60319.05,60194.3,60220.95,60246.42164898352,60316.24141104857,0,0,0,60876.2,59644.55,,,,1,1,1,1,,,,7505334,9023601.75
1771215300,60222,60323.3,60154.45,60304.9,60258.11731918682,60315.210373680515,0,0,0,60876.2,59644.55,,,,1,1,1,1,,,,6298867,9026817.6
1771216200,60306.6,60440.15,60302.45,60440.15,60294.52385534946,60326.56852152774,0,0,0,60876.2,59644.55,,,,1,1,1,1,,,,5814537,8994098.65
1771217100,60441.15,60472.15,60364.4,60407.45,60317.10908427957,60333.92138320704,0,0,0,60876.2,59644.55,,,,1,1,1,1,,,,4525309,8965614.35
1771218000,60412.05,60430.3,60353.75,60367.05,60327.097267423655,60336.93307564276,0,0,0,60876.2,59644.55,,,,1,1,1,1,,,,4114418,8921684.65
1771218900,60368.95,60435.4,60360.1,60427.45,60347.167813938926,60345.161886947964,0,0,0,60876.2,59644.55,,,,1,1,1,1,,,,3958549,8774158.8
1771219800,60430.7,60475.5,60410.4,60429.2,60363.57425115114,60352.80171540724,0,0,0,60876.2,59644.55,,,,1,1,1,1,,,,3923345,8624697.5
1771220700,60431.35,60489.1,60397.35,60405.6,60371.979400920914,60357.60155946112,0,0,0,60876.2,59644.55,,,,1,1,1,1,,,,5401961,8659094.25
1771221600,60407.45,60439.1,60374,60419.1,60381.403520736734,60363.19232678284,0,0,0,60876.2,59644.55,,,,1,1,1,1,,,,7118404,8598720.15
1771222500,60417.75,60459.2,60394.1,60459.2,60396.96281658939,60371.92029707531,0,0,0,60876.2,59644.55,,,,1,1,1,1,,,,4716226,8588717.3
1771223400,60460.6,60498.5,60445.3,60477.3,60413.030253271514,60381.50027006846,0,0,0,60876.2,59644.55,,,,1,1,1,1,,,,4664630,8571737.7
1771224300,60478.35,60624.6,60457.9,60622.6,60454.94420261721,60403.41842733497,0,0,0,60876.2,59644.55,,,,1,1,1,1,,,,4307791,8457093.9
1771225200,60626.9,60751.1,60625.2,60701.35,60504.22536209377,60430.503115759064,0,0,0,60876.2,59644.55,,,,1,1,1,1,,,,7424909,8555996.6
1771226100,60702.15,60715.75,60629.9,60650,60533.38028967501,60450.45737796278,0,0,0,60876.2,59644.55,,,,1,1,1,1,,,,3068267,8385139.2
1771227000,60650.1,60733,60646.15,60703.5,60567.40423174001,60473.461252693436,0,0,0,60876.2,59644.55,,,,1,1,1,1,,,,3548427,8290074.25
1771227900,60705.4,60733.35,60668.4,60727.25,60599.373385392006,60496.53295699403,0,0,0,60876.2,59644.55,,,,1,1,1,1,,,,3127564,7784559.95
1771228800,60733.7,60801.85,60691.2,60788.85,60637.268708313604,60523.10723363094,0,0,0,60876.2,59644.55,,,,1,1,1,1,,,,5284141,7454461.55
1771229700,60791.6,60807.55,60678.1,60726.95,60655.20496665088,60541.63839420994,0,0,0,60876.2,59644.55,,,,1,1,1,1,,,,6903631,6955855.1
1771230600,60726,60789.25,60702.25,60782.8,60680.72397332071,60563.56217655449,0,0,0,60876.2,59644.55,,,,1,1,1,1,,,,7146240,5744645.1
1771231500,60777.65,60834.7,60771.65,60811,60706.779178656565,60586.05652414045,0,0,0,60876.2,59644.55,,,,1,1,1,1,,,,5680548,5226654.9
1771232400,60808.75,60849.25,60789.15,60848.7,60735.163342925254,60609.93320376404,0,0,0,60876.2,59644.55,,,,1,1,1,1,,,,7326110,5217693.7
1771233300,60848.85,60928.15,60831.1,60910.5,60770.2306743402,60637.25745796731,0,0,0,60876.2,59644.55,,,,1,1,1,1,,,,8008053,5303153
1771234200,60910.35,60990.75,60890.2,60931.5,60802.48453947216,60664.00677997028,0,0,0,60876.2,59644.55,,,,1,1,1,1,,,,13797165,5702284.4
1771235100,60933.95,61011.3,60913.65,60993.85,60840.75763157773,60693.99252724571,0,0,0,60876.2,59644.55,,,,1,1,1,1,,,,17800078,6366022.85
1771299900,60839.95,60886.1,60560,60667.7,60806.14610526219,60691.6022974961,0,0,0,60876.2,59644.55,,,,1,1,1,1,,,,15885597,6954581.8
1771300800,60667.9,60750.5,60591.25,60748.65,60794.64688420975,60696.78845226918,0,0,0,60876.2,59644.55,,,,1,1,1,1,,,,9254259,7219367.3
1771301700,60746.45,60775.65,60669.7,60761.7,60788.057507367805,60702.689502062894,0,0,0,60876.2,59644.55,,,,1,1,1,1,,,,8612834,7453841.75
1771302600,60761.55,60879.65,60740.7,60878.2,60806.08600589424,60718.64500187536,0,0,0,60876.2,59644.55,,,,1,1,1,1,,,,6913747,7529431.05
1771303500,60878.65,61097,60863.6,61085.2,60861.90880471539,60751.96818352305,0,0,0,60876.2,59644.55,,,,1,1,1,1,,,,14935623,7920292
1771304400,61088.45,61177.2,60937.95,60967.65,60883.057043772315,60771.57562138459,0,0,0,60876.2,59644.55,,,,1,1,1,1,,,,20437024,8706331.9
1771305300,60968.3,61016.35,60924.45,61008.1,60908.065635017854,60793.07783762235,0,0,0,60876.2,59644.55,,,,1,1,1,1,,,,10260072,8986104
1771306200,61008.65,61058.15,60947.25,61029.9,60932.43250801428,60814.60712511123,0,0,0,60876.2,59644.55,,,,1,1,1,1,,,,9109044,9226166.65
1771307100,61029.55,61073.05,61000.85,61050.95,60956.13600641143,60836.092841010206,0,0,0,60876.2,59644.55,,,,1,1,1,1,,,,10711037,9390473.05
1771308000,61051.2,61145.95,61024.45,61060.95,60977.09880512914,60856.53440091837,0,0,0,60876.2,59644.55,,,,1,1,1,1,,,,9506224,9712370.9
1771308900,61062.8,61151.25,61059.45,61131.9,61008.05904410331,60881.56763719852,0,0,0,61177.2,59861.1,59644.55,,,1,1,1,1,,,,13225414,10196220.25
1771309800,61129.55,61162.85,61103.9,61137.5,61033.94723528265,60904.83421563502,0,0,0,61177.2,59861.1,59644.55,,,1,1,1,1,,,,6888615,10384272.8
1771310700,61138.1,61185.45,61117.55,61127.6,61052.677788226116,60925.08565057729,0,0,0,61177.2,59861.1,59644.55,,,1,1,1,1,,,,7743311,10507231.3
1771311600,61123.85,61179.45,61080.05,61162.05,61074.55223058089,60946.62786416117,0,0,0,61177.2,59861.1,59644.55,,,1,1,1,1,,,,6820589,10503079.2
1771312500,61162.75,61196.35,61136.95,61153.7,61090.38178446471,60965.452603782884,0,0,0,61177.2,59861.1,59644.55,,,1,1,1,1,,,,6874198,10489477.1
1771313400,61152.55,61193.3,61102.75,61151.45,61102.59542757177,60982.361457984436,0,0,0,61177.2,59861.1,59644.55,,,1,1,1,1,,,,12067520,10808825.7
1771314300,61151.85,61186,61115.35,61177.15,61117.506342057415,61000.06950725858,0,0,0,61177.2,59861.1,59644.55,,,1,1,1,1,,,,9760273,10930533.85
1771315200,61182.9,61241.6,61177.9,61188.4,61131.68507364593,61017.190461144164,0,0,0,61177.2,59861.1,59644.55,,,1,1,1,1,,,,7087667,10884514.55
1771316100,61189.6,61202.85,61083.5,61089.8,61123.308058916744,61023.79132831288,0,0,0,61177.2,59861.1,59644.55,,,1,1,1,1,,,,6843632,10536837.9
1771317000,61090.65,61175.25,61044.4,61054.25,61109.496447133395,61026.560298466255,0,0,0,61177.2,59861.1,59644.55,,,1,1,1,1,,,,8329357,10063301.85
1771317900,61052.3,61148.5,61034.75,61107.3,61109.05715770672,61033.90027133296,0,0,0,61177.2,59861.1,59644.55,,,1,1,1,1,,,,6158825,9576963.25
1771318800,61112.2,61191.55,61091.8,61162.45,61119.735726165374,61045.58661030269,0,0,0,61177.2,59861.1,59644.55,,,1,1,1,1,,,,9032645,9565882.55
1771319700,61161.85,61166.2,61094.8,61131.3,61122.0485809323,61053.37873663881,0,0,0,61241.6,59861.1,59644.55,,,1,1,1,1,,,,7861663,9528324
1771320600,61138.65,61206.75,61109.1,61158.15,61129.26886474584,61062.90339694438,0,0,0,61241.6,59861.1,59644.55,,,1,1,1,1,,,,18433003,10104286.8
1771321500,61158.1,61200.35,61133.05,61144.15,61132.24509179667,61070.28945176762,0,0,0,61241.6,59861.1,59644.55,,,1,1,1,1,,,,20550543,10385032.8
1771386300,61259.6,61271.7,61100.9,61169.25,61139.64607343734,61079.28586524329,0,0,0,61241.6,59861.1,59644.55,,,1,1,1,1,,,,19996302,10362996.7
1771387200,61170.15,61309.3,61150.2,61291.55,61170.02685874987,61098.58260476663,0,0,0,61241.6,59861.1,59644.55,,,1,1,1,1,,,,10754040,10387695.1
1771388100,61293.5,61293.5,61156.9,61167.9,61169.6014869999,61104.88418615148,0,0,0,61241.6,59861.1,59644.55,,,1,1,1,1,,,,10757307,10470108.25
1771389000,61170.95,61268.9,61149.5,61222.35,61180.15118959992,61115.562896501346,0,0,0,61241.6,59861.1,59644.55,,,1,1,1,1,,,,13752097,10622161.25
1771389900,61228.35,61260.55,61194.45,61228.7,61189.86095167993,61125.8480877285,0,0,0,61241.6,59861.1,59644.55,,,1,1,1,1,,,,9589515,10626325.8
1771390800,61232.9,61252.9,61186.2,61187.8,61189.44876134395,61131.48007975318,0,0,0,61241.6,59861.1,59644.55,,,1,1,1,1,,,,7183532,10324231.7
1771391700,61186.15,61272.15,61177.25,61267.9,61205.13900907516,61143.88189068471,0,0,0,61309.3,59861.1,59644.55,,,1,1,1,1,,,,5672766,10263439.25
1771392600,61266,61278.4,61204.15,61229.3,61209.971207260125,61151.64717334974,0,0,0,61309.3,59861.1,59644.55,,,1,1,1,1,,,,4016982,10077122.8
1771393500,61230.6,61261.35,61174.65,61246.1,61217.1969658081,61160.23379395431,0,0,0,61309.3,59861.1,59644.55,,,1,1,1,1,,,,5266401,9999413.4
1771394400,61249.6,61292,61236.6,61265.15,61226.78757264648,61169.77163086755,0,0,0,61309.3,59861.1,59644.55,,,1,1,1,1,,,,5455666,9928486.8
1771395300,61268.45,61274.85,61245.85,61269.7,61235.37005811718,61178.85602806141,0,0,0,61309.3,59861.1,59644.55,,,1,1,1,1,,,,3870753,9518648.45
1771396200,61273.1,61295.9,61253.65,61285.2,61245.33604649374,61188.52366187401,0,0,0,61309.3,59861.1,59644.55,,,1,1,1,1,,,,4128652,9237067.4
1771397100,61284.6,61308,61253.45,61278.5,61251.968837194996,61196.70332897637,0,0,0,61309.3,59861.1,59644.55,,,1,1,1,1,,,,3682467,9066807.4
1771398000,61276.65,61356.8,61262.55,61336.1,61268.79506975599,61209.375753614884,0,0,0,61309.3,59861.1,59644.55,,,1,1,1,1,,,,5504932,8999872.4
1771398900,61333.95,61353.7,61305.9,61330.35,61281.1060558048,61220.373412377165,0,0,0,61309.3,59861.1,59644.55,,,1,1,1,1,,,,4375218,8802165.45
1771399800,61331.1,61356.3,61305.8,61342.5,61293.384844643835,61231.47582943379,0,0,0,61309.3,59861.1,59644.55,,,1,1,1,1,,,,7291745,8858811.45
1771400700,61343.45,61382,61295.85,61313.55,61297.417875715066,61238.93711766708,0,0,0,61309.3,59861.1,59644.55,,,1,1,1,1,,,,7755042,8794931.3
1771401600,61321.4,61336,61294.5,61329.7,61303.87430057205,61247.18828878826,0,0,0,61309.3,59861.1,59644.55,,,1,1,1,1,,,,4919058,8647801.05
1771402500,61323.15,61363.15,61246.3,61320.35,61307.16944045764,61253.83935344387,0,0,0,61309.3,59861.1,59644.55,,,1,1,1,1,,,,6316348,8041968.3
1771403400,61316.7,61377.65,61299.1,61374.95,61320.725552366115,61264.8494122217,0,0,0,61309.3,59861.1,59644.55,,,1,1,1,1,,,,5981847,7313533.5
1771404300,61375.1,61514.8,61361.65,61486.5,61353.88044189289,61284.999465656096,0,0,0,61309.3,59861.1,59644.55,,,1,1,1,1,,,,5630608,6595248.8
1771405200,61484.9,61509.8,61461.95,61496.55,61382.414353514316,61304.23133241463,0,0,0,61309.3,59861.1,59644.55,,,1,1,1,1,,,,8682634,6491678.5
1771406100,61498.65,61542.05,61471.55,61539.55,61413.841482811455,61325.623938558754,0,0,0,61309.3,59861.1,59644.55,,,1,1,1,1,,,,7422529,6324939.6
1771407000,61538.1,61596.85,61518.5,61554.3,61441.93318624917,61346.41267141705,0,0,0,61309.3,59861.1,59644.55,,,1,1,1,1,,,,21615104,6718089.95
1771407900,61552.9,61571.85,61520.4,61520.4,61457.62654899933,61362.229701288226,0,0,0,61309.3,59861.1,59644.55,,,1,1,1,1,,,,27321728,7604700.6
1771472700,61672.25,61678.8,61433.1,61453.9,61456.881239199465,61370.56336480748,0,0,0,61309.3,59861.1,59644.55,,,1,1,1,1,,,,17798936,8135470.8
1771473600,61453.45,61523.7,61414.4,61461.2,61457.74499135957,61378.80305891589,0,0,0,61309.3,59861.1,59644.55,,,1,1,1,1,,,,9614650,8332565
1771474500,61461.35,61519.65,61437.6,61448.9,61455.97599308765,61385.175508105356,0,0,0,61309.3,59861.1,59644.55,,,1,1,1,1,,,,6325045,8447968.15
1771475400,61451.15,61464.4,61369.8,61378.35,61440.450794470125,61384.55500736851,0,0,0,61309.3,59861.1,59644.55,,,1,1,1,1,,,,7468279,8558062.05
1771476300,61378.9,61403.65,61334.85,61367.65,61425.8906355761,61383.01818851683,0,0,0,61309.3,59861.1,59644.55,,,1,1,1,1,,,,4064045,8488481
1771477200,61366.7,61390.95,61255.25,61326.3,61405.97250846088,61377.861989560755,0,0,0,61678.8,59861.1,59644.55,,,1,1,1,1,,,,8287659,8709326.3
1771478100,61326.75,61377.4,61279.75,61367.25,61398.2280067687,61376.89726323705,0,0,0,61678.8,59861.1,59644.55,,,1,1,1,1,,,,5317330,8768760.2
1771479000,61367.1,61378.75,61312.1,61322.15,61383.012405414964,61371.92023930641,0,0,0,61678.8,59861.1,59644.55,,,1,1,1,1,,,,4095679,8789420.8
1771479900,61321.6,61341.1,61224.7,61244,61355.20992433197,61360.291126642194,0,0,0,61678.8,59861.1,59644.55,,,1,1,1,1,,,,3389040,8683626.2
1771480800,61245.25,61254.4,61210.75,61234.7,61331.107939465575,61348.8737514929,0,0,0,61678.8,59861.1,59644.55,,,1,1,1,1,,,,3078616,8618796.1
1771481700,61237.25,61237.85,61179.1,61213.2,61307.52635157246,61336.53977408446,0,0,0,61678.8,59861.1,59644.55,,,1,1,1,1,,,,3389189,8423668.3
1771482600,61214.85,61219.1,61066.55,61069.8,61259.98108125797,61312.290703713144,0,0,0,61678.8,59861.1,59644.55,,,1,1,1,1,,,,4773496,8274591
1771483500,61066.5,61156.6,61022,61118.55,61231.69486500637,61294.6779124665,0,0,0,61678.8,59861.1,59644.55,,,1,1,1,1,,,,5948525,8326064.35
1771484400,61113.35,61123.05,60959.6,60994.3,61184.2158920051,61267.370829515,0,0,0,61678.8,59861.1,59644.55,,,1,1,1,1,,,,9628428,8491668.35
1771485300,60986.4,61106.3,60963.6,61031.25,61153.62271360408,61245.90529955909,0,0,0,61678.8,59861.1,59644.55,,,1,1,1,1,,,,4340420,8409597
1771486200,61034.45,61125.3,60998.5,61098.65,61142.62817088327,61232.51845414463,0,0,0,61678.8,59861.1,59644.55,,,1,1,1,1,,,,4299827,8343057.95
1771487100,61096.65,61116.5,61025.4,61056.8,61125.46253670662,61216.54404922239,0,0,0,61678.8,59861.1,59644.55,,,1,1,1,1,,,,4519751,8134913.8
1771488000,61060.7,61067.75,60996.1,61040.75,61108.520029365296,61200.562772020356,0,0,0,61678.8,59861.1,59644.55,,,1,1,1,1,,,,4185382,7973056.45
1771488900,61041.55,61056.55,60967.9,60969.5,61080.716023492234,61179.55706547305,0,0,0,61678.8,59861.1,59644.55,,,1,1,1,1,,,,3787014,7081651.95
1771489800,60973.3,60986.85,60911.05,60986.3,61061.83281879379,61161.98824133913,0,0,0,61678.8,59861.1,59644.55,,,1,1,1,1,,,,4646173,5947874.2
1771490700,60988.3,61061,60933.25,60933.25,61036.11625503503,61141.193855762845,1,0,0,61678.8,59861.1,59644.55,,,2,1,1,1,1,,,6591047,5387479.75
1771491600,60932.2,61014.45,60877.6,60878.9,61004.67300402802,61117.3489597844,1,0,0,61678.8,59861.1,59644.55,,,2,2,1,1,1,,,7064108,5259952.65
1771492500,60876.95,60887.65,60806.25,60864.15,60976.568403222416,61094.330872531275,0,0,0,61678.8,59861.1,59644.55,,,2,2,1,1,,,,10698041,5478602.45
1771493400,60858.45,60899.15,60710.6,60723.65,60925.98472257793,61060.632611392066,0,0,0,61678.8,59861.1,59644.55,,,2,2,1,1,,,,24541119,6332244.45
1771494300,60729.1,60741.15,60592.9,60660.75,60872.93777806235,61024.27964672006,0,0,0,61678.8,59861.1,59644.55,,,2,2,1,1,,,,21580483,7208066.35
1771559100,60681.25,60949.75,60562.35,60788.3,60856.01022244988,61002.82695156369,0,0,0,61678.8,59861.1,59644.55,,,2,2,1,1,,,,23566084,7971987.6
1771560000,60787.95,61000.5,60774.05,60983.4,60881.4881779599,61001.0608650579,0,0,0,61678.8,59861.1,59644.55,,,2,2,1,1,,,,12873389,8349790.55
1771560900,60982.8,61112.75,60979.95,61083.75,60921.94054236792,61008.57805914355,0,0,0,61678.8,59861.1,59644.55,,,2,2,1,1,,,,8741995,8582106.35
1771561800,61082.1,61098.2,60983,61006.6,60938.872433894336,61008.398235585046,0,0,0,61678.8,59861.1,59644.55,,,2,2,1,1,,,,5963368,8710822.75
1771562700,61006.45,61166.15,61003.1,61120.35,60975.16794711547,61018.575668713675,0,0,0,61678.8,59861.1,59644.55,,,2,2,1,1,,,,4496460,8781714.95
1771563600,61124.75,61201.5,61102.05,61177.85,61015.704357692375,61033.055153376066,0,0,0,61678.8,59861.1,59644.55,,,2,2,1,1,,,,4911801,8857845.55
1771564500,61185.2,61214.5,61147.1,61181.1,61048.7834861539,61046.513775796426,0,0,0,61678.8,59861.1,59644.55,,,2,2,1,1,,,,6333816,8935861.55
1771565400,61183.6,61190.95,61094.8,61106.85,61060.39678892312,61051.99888708766,0,0,0,61678.8,59861.1,59644.55,,,2,2,1,1,,,,5239831,8900426.85
1771566300,61116.35,61204.1,61116.35,61179.95,61084.3074311385,61063.63080644333,0,0,0,61678.8,59861.1,59644.55,,,2,2,1,1,,,,9197752,8878893.05
1771567200,61180.4,61224.8,61167.3,61185.85,61104.6159449108,61074.74164222121,0,0,0,61678.8,59861.1,59644.55,,,2,2,1,1,,,,7512965,9037520.3
1771568100,61182.2,61224.1,61146.85,61195.8,61122.852755928645,61085.74694747383,0,0,0,61678.8,59861.1,59644.55,,,2,2,1,1,,,,4726289,9058843.4
1771569000,61199.3,61211.75,61161.15,61176.55,61133.59220474292,61094.001770430754,0,0,0,61678.8,59861.1,59644.55,,,2,2,1,1,,,,5268680,9096289.85
1771569900,61178.05,61360.5,61176.35,61328.25,61172.523763794336,61115.29706402796,0,0,1,61678.8,59861.1,59644.55,,,1,1,1,1,,,1,11174296,9445735.55
1771570800,61332.2,61348.95,61229.1,61233.55,61184.729011035466,61126.04733093451,0,0,0,61678.8,59861.1,59644.55,,,1,1,1,1,,,,6032642,9558016.95
1771571700,61231.15,61254.75,61097.1,61133.15,61174.41320882837,61126.69302812228,0,0,0,61678.8,59861.1,59644.55,,,1,1,1,1,,,,6301396,9640778.1
1771572600,61129.35,61164.85,60961.25,61030.3,61145.590567062696,61117.93002556571,0,0,0,61678.8,59861.1,59644.55,,,1,1,1,1,,,,7424235,9682437.5
1771573500,61029.55,61158.75,60987.3,61144,61145.272453650156,61120.30002324155,0,0,0,61678.8,59861.1,59644.55,,,1,1,1,1,,,,5240990,9591281.6
1771574400,61149.35,61231,61109.65,61160.1,61148.237962920124,61123.918202946865,0,0,0,61678.8,59861.1,59644.55,,,1,1,1,1,,,,5548042,9333781.65
1771575300,61165.85,61248.5,61154.05,61247.05,61168.0003703361,61135.112002678965,0,0,0,61678.8,59861.1,59644.55,,,1,1,1,1,,,,3730663,8293258.85
1771576200,61249.2,61263.4,61189.6,61245.45,61183.49029626888,61145.14272970815,0,0,0,61678.8,59861.1,59644.55,,,1,1,1,1,,,,5036070,7466038.2
1771577100,61248.15,61287.7,61165.85,61168.65,61180.5222370151,61147.279754280135,0,0,0,61678.8,59861.1,59644.55,,,1,1,1,1,,,,7252742,6650371.1
1771578000,61176.95,61261.1,61165.9,61232.85,61190.98778961208,61155.0588675274,0,0,0,61678.8,59861.1,59644.55,,,1,1,1,1,,,,6683830,6340893.15
1771578900,61234.75,61320.65,61228.6,61301.9,61213.17023168966,61168.408061388545,0,0,0,61678.8,59861.1,59644.55,,,1,1,1,1,,,,7183693,6262978.05
1771579800,61308.8,61317.05,61136.15,61176.35,61205.80618535173,61169.13005580777,0,0,0,61678.8,59861.1,59644.55,,,1,1,1,1,,,,22097307,7069675
1771580700,61176.15,61204.45,61096.15,61140.35,61192.714948281384,61166.51368709798,0,0,0,61678.8,59861.1,59644.55,,,1,1,1,1,,,,25820258,8135864.9
1771818300,61160.4,61495.9,61067.7,61481.05,61250.381958625105,61195.1078973618,0,0,0,61678.8,59861.1,59644.55,,,1,1,1,1,,,,33707435,9575646.6
1771819200,61482.35,61517.8,61238.6,61241.85,61248.675566900085,61199.357179419814,0,0,0,61678.8,59861.1,59644.55,,,1,1,1,1,,,,51680527,11842982.15
1771820100,61244.95,61304.3,61161.1,61273.8,61253.70045352007,61206.12470856347,0,0,0,61678.8,59861.1,59644.55,,,1,1,1,1,,,,301982544,26680117.8
1771821000,61275.95,61337.25,61237.55,61300.4,61263.04036281606,61214.69518960315,0,0,0,61678.8,59861.1,59644.55,,,1,1,1,1,,,,54874383,28963949.35
1771821900,61301.4,61360.75,61253.75,61279,61266.23229025285,61220.54108145741,0,0,0,61678.8,59861.1,59644.55,,,1,1,1,1,,,,42830524,30729827.3
1771822800,61280,61287.4,61165.75,61168.4,61246.66583220228,61215.800983143105,0,0,0,61678.8,59861.1,59644.55,,,1,1,1,1,,,,40431087,32515067.2
1771823700,61168.85,61252.7,61116.15,61231.55,61243.64266576182,61217.23271194828,0,0,0,61517.8,60562.35,,,,1,1,1,1,,,,26116546,33557460.5
1771824600,61231.65,61294.35,61175.75,61284.1,61251.734132609454,61223.31155631662,0,0,0,61517.8,60562.35,,,,1,1,1,1,,,,30708725,34534181.95
1771825500,61278.25,61287.5,61170.8,61211.8,61243.74730608756,61222.265051196926,0,0,0,61517.8,60562.35,,,,1,1,1,1,,,,18799544,35172527.05
1771826400,61210.7,61219.05,61164.75,61183.25,61231.64784487005,61218.71822836084,0,0,0,61517.8,60562.35,,,,1,1,1,1,,,,14970972,35606005.85
1771827300,61183.05,61202.2,61101.65,61154.1,61216.13827589604,61212.8438439644,0,0,0,61517.8,60562.35,,,,1,1,1,1,,,,16431760,36056382.1
1771828200,61156.6,61210.1,61134.6,61152.6,61203.430620716834,61207.36713087673,0,0,0,61517.8,60562.35,,,,1,1,1,1,,,,10854632,36337064.2
1771829100,61152.7,61192.5,61093.4,61093.4,61181.42449657347,61197.00648261521,0,0,0,61517.8,60562.35,,,,1,1,1,1,,,,18762806,36997802.4
1771830000,61089.8,61180.15,61052.85,61180.15,61181.16959725878,61195.474075104736,0,0,0,61517.8,60562.35,,,,1,1,1,1,,,,15024142,37562476.35
1771830900,61181.15,61208.9,61089.2,61089.5,61162.83567780702,61185.84006827703,0,0,0,61517.8,60562.35,,,,1,1,1,1,,,,13527101,37987027.9
1771831800,61086.9,61154.45,61075.9,61075.9,61145.44854224562,61175.84551661548,0,0,0,61517.8,60562.35,,,,1,1,1,1,,,,11091173,38178949.45
1771832700,61080.2,61152.75,61029.15,61144.9,61145.33883379649,61173.032287832255,0,0,0,61517.8,60562.35,,,,1,1,1,1,,,,13013220,38495418.95
1771833600,61144.85,61194.55,61072.5,61149.1,61146.091067037196,61170.85662530205,0,0,0,61517.8,60562.35,,,,1,1,1,1,,,,10037830,38638125.8
1771834500,61147.65,61155.8,61101.2,61106.85,61138.24285362976,61165.03784118368,0,0,0,61517.8,60562.35,,,,1,1,1,1,,,,9332662,37999893.55
1771835400,61108.9,61131.1,61044.1,61081.8,61126.95428290381,61157.47076471244,0,0,0,61517.8,60562.35,,,,1,1,1,1,,,,10804275,37249094.4
1771836300,61078.9,61167.45,61060.75,61167.45,61135.05342632305,61158.377967920394,0,0,0,61517.8,60562.35,,,,1,1,1,1,,,,15401597,36333802.5
1771837200,61163.9,61279.15,61137.95,61161.65,61140.37274105844,61158.67542538218,0,0,0,61517.8,60562.35,,,,1,1,1,1,,,,12829897,34391271
1771838100,61165.6,61222.3,61158.05,61184.9,61149.27819284675,61161.05947762016,0,0,0,61517.8,60562.35,,,,1,1,1,1,,,,10145108,19799399.2
1771839000,61192.6,61291.35,61192.6,61268.75,61173.1725542774,61170.84952510924,0,0,0,61517.8,60562.35,,,,1,1,1,1,,,,24195075,18265433.8
1771839900,61269.25,61305.85,61242.5,61275,61193.53804342192,61180.31775009931,0,0,0,61517.8,60562.35,,,,1,1,1,1,,,,31733678,17710591.5
1771904700,61275.3,61308.25,61109.15,61210.45,61196.920434737534,61183.057045544825,0,0,0,61517.8,60562.35,,,,1,1,1,1,,,,60980282,18738051.25
1771905600,61211.35,61230.2,61165.25,61212.3,61199.99634779003,61185.715495949844,0,0,0,61517.8,60562.35,,,,1,1,1,1,,,,28703094,18867378.65
1771906500,61212.9,61337.1,61211.15,61269.1,61213.81707823202,61193.29590540895,0,0,0,61517.8,60562.35,,,,1,1,1,1,,,,23004749,18482179.85
1771907400,61269.5,61309.85,61206.45,61211.2,61213.29366258562,61194.92355037177,0,0,0,61517.8,60562.35,,,,1,1,1,1,,,,16445584,18364481.85
1771908300,61204.85,61292.05,61188.35,61277.75,61226.18493006849,61202.4532276107,0,0,0,61517.8,60562.35,,,,1,1,1,1,,,,14094862,18320676.35
1771909200,61276.85,61316.85,61254.5,61261.15,61233.17794405479,61207.789297827905,0,0,0,61517.8,60562.35,,,,1,1,1,1,,,,10359842,18017080.45
1771910100,61266.45,61268.85,61175.35,61182.35,61223.01235524383,61205.47663438901,0,0,0,61517.8,60562.35,,,,1,1,1,1,,,,9227335,17935715.6
1771911000,61187,61297.45,61182.7,61286.45,61235.69988419506,61212.83784944455,0,0,0,61517.8,60562.35,,,,1,1,1,1,,,,13008093,17647979.95
1771911900,61288.65,61396.6,61262.25,61375.25,61263.60990735605,61227.60259040414,0,0,0,61517.8,60562.35,,,,1,1,1,1,,,,15258370,17659691.35
1771912800,61371,61435.65,61325.5,61329.6,61276.80792588484,61236.87508218558,0,0,0,61517.8,60562.35,,,,1,1,1,1,,,,14857690,17726220.8
1771913700,61325.2,61329.25,61204.5,61204.5,61262.34634070787,61233.931892895984,0,0,0,61517.8,60562.35,,,,1,1,1,1,,,,16959621,18019643.2
1771914600,61209.05,61257.3,61184.45,61222.7,61254.41707256629,61232.910811723625,0,0,0,61517.8,60562.35,,,,1,1,1,1,,,,13292288,18033596.6
1771915500,61225.35,61225.45,61054.6,61086.4,61220.81365805303,61219.59164702148,0,0,0,61517.8,60562.35,,,,1,1,1,1,,,,18409727,18452191.45
1771916400,61090.6,61093.9,60995.8,61015.4,61179.730926442426,61201.028770019526,0,0,0,61517.8,60562.35,,,,1,1,1,1,,,,15159342,18743525.45
1771917300,61017.15,61025.15,60925.05,60956.2,61135.02474115394,61178.77160910866,0,0,0,61517.8,60562.35,,,,1,1,1,1,,,,12546152,18830619.3
1771918200,60957.2,61076.7,60938.05,61047.05,61117.429792923154,61166.79691737151,0,0,0,61517.8,60562.35,,,,1,1,1,1,,,,9531699,18537124.4
1771919100,61047.15,61048.55,60924.4,60931.85,61080.31383433852,61145.438106701375,0,0,0,61517.8,60562.35,,,,1,1,1,1,,,,10228236,18407041.35
1771920000,60930.45,60939,60801.85,60924.35,61049.12106747082,61125.339187910344,0,0,0,61517.8,60562.35,,,,1,1,1,1,,,,14282263,18613899.1
1771920900,60925.4,61046.25,60893.85,61039.65,61047.22685397666,61117.549261736676,0,0,0,61517.8,60562.35,,,,1,1,1,1,,,,11132763,17960783.5
1771921800,61043.05,61120.1,60947.15,61118.85,61061.55148318133,61117.66751066971,0,0,0,61517.8,60562.35,,,,1,1,1,1,,,,13152848,17031742
1771922700,61118.8,61156.65,61013.95,61054.95,61060.23118654506,61111.96591879064,0,0,0,61517.8,60562.35,,,,1,1,1,1,,,,79560160,17960735.9
1771923600,61049.7,61087.75,60980.6,60981.8,61044.54494923605,61100.13265344604,0,0,0,61517.8,60562.35,,,,1,1,1,1,,,,36571179,18354140.15
1771924500,60982.6,61109.6,60939.1,61093,61054.23595938884,61099.48423040549,0,0,0,61517.8,60562.35,,,,1,1,1,1,,,,36756366,19041721
1771925400,61096.3,61134.7,61003.05,61024.45,61048.278767511074,61092.66293673227,0,0,0,61517.8,60562.35,,,,1,1,1,1,,,,47760902,20607486.9
1771926300,61025.5,61117.65,61018.45,61072.45,61053.11301400886,61090.82539702934,0,0,0,61517.8,60562.35,,,,1,1,1,1,,,,42156932,22010590.4
1771991100,61181.4,61305.4,61145.2,61240.25,61090.54041120708,61104.409451844855,0,0,0,61517.8,60562.35,,,,1,1,1,1,,,,42471172,23616156.9
1771992000,61244.4,61317.55,61204.55,61206.5,61113.73232896566,61113.69041076805,0,0,0,61517.8,60562.35,,,,1,1,1,1,,,,22350093,24272294.8
1771992900,61213.3,61245.7,61166.85,61199.3,61130.84586317253,61121.47310069823,0,0,0,61517.8,60562.35,,,,1,1,1,1,,,,11019855,24172882.9
1771993800,61199.55,61275,61185.55,61231.45,61150.96669053802,61131.47100063476,0,0,0,61517.8,60562.35,,,,1,1,1,1,,,,8508399,23835384.35
1771994700,61231.85,61300.25,61217.8,61223.25,61165.423352430415,61139.8145460316,0,0,0,61517.8,60562.35,,,,1,1,1,1,,,,8972943,23541147
1771995600,61221.45,61275.3,61181.45,61184.7,61169.27868194433,61143.89504184691,0,0,0,61517.8,60562.35,,,,1,1,1,1,,,,8091376,23097734.75
1771996500,61185.7,61192.65,61083.55,61131.65,61161.75294555546,61142.781856224465,0,0,0,61517.8,60562.35,,,,1,1,1,1,,,,16486462,23257443.45
1771997400,61139.1,61165.05,61106.15,61130.9,61155.58235644437,61141.70168747679,0,0,0,61517.8,60562.35,,,,1,1,1,1,,,,6603614,22667137.8
1771998300,61129.8,61156.95,61091.2,61155.1,61155.4858851555,61142.91971588799,0,0,0,61517.8,60562.35,,,,1,1,1,1,,,,10142296,22416285.5
1771999200,61157.05,61160.1,61081.6,61106.7,61145.7287081244,61139.62701444363,0,0,0,61517.8,60562.35,,,,1,1,1,1,,,,6058905,22091923.15
1772000100,61114.95,61157.7,61069.9,61087.85,61134.15296649952,61134.92001313057,0,0,0,61517.8,60562.35,,,,1,1,1,1,,,,10228006,22126738.5
1772001000,61088.95,61119.35,61067.05,61087.35,61124.79237319961,61130.59546648234,0,0,0,61517.8,60562.35,,,,1,1,1,1,,,,5236359,21877144.65
1772001900,61085.3,61151.7,61083.6,61103.9,61120.61389855969,61128.168605893035,0,0,0,61517.8,60562.35,,,,1,1,1,1,,,,6185019,21472282.45
1772002800,61102.85,61117.25,60940.2,60978.15,61092.121118847754,61114.53055081185,0,0,0,61517.8,60562.35,,,,1,1,1,1,,,,9542163,21392752.45
1772003700,60978.35,60980.15,60881.55,60901.25,61053.9468950782,61095.14140982895,0,0,0,61517.8,60562.35,,,,1,1,1,1,,,,8477055,21158962.8
1772004600,60900.5,60937.4,60834.15,60891.45,61021.44751606256,61076.62400893541,0,0,0,61517.8,60562.35,,,,1,1,1,1,,,,10749308,17718420.2
1772005500,60894.7,60952.8,60849.85,60922.85,61001.72801285005,61062.644553577644,0,0,0,61517.8,60562.35,,,,1,1,1,1,,,,12527811,16516251.8
1772006400,60926.95,60977.45,60870.85,60884.45,60978.27241028004,61046.44504870695,0,0,0,61517.8,60562.35,,,,1,1,1,1,,,,7263405,15041603.75
1772007300,60885.8,60945.95,60849.35,60945.15,60971.64792822403,61037.23640791541,0,0,0,61517.8,60562.35,,,,1,1,1,1,,,,7962081,13051662.7
1772008200,60942.9,60944.8,60816.75,60897.5,60956.81834257922,61024.53309810491,0,0,0,61517.8,60562.35,,,,1,1,1,1,,,,8674881,11377560.15
1772009100,60898.65,61020.4,60886.6,60889.8,60943.41467406338,61012.284634640826,0,0,0,61517.8,60562.35,,,,1,1,1,1,,,,10243370,9766170.05
1772010000,60887.3,60977.4,60887.3,60962.35,60947.201739250704,61007.74512240075,0,0,0,61517.8,60562.35,,,,1,1,1,1,,,,8046037,9050967.25
1772010900,60960.8,61026.95,60933.6,61022.9,60962.341391400565,61009.122838546136,0,0,0,61517.8,60562.35,,,,1,1,1,1,,,,11001503,9050049.65
1772011800,61026.4,61103.75,61016.4,61039.75,60977.82311312045,61011.90712595103,0,0,0,61517.8,60562.35,,,,1,1,1,1,,,,28401411,10044700.25
1772012700,61039.4,61067.6,60997.1,61012.35,60984.72849049636,61011.94738722821,0,0,0,61517.8,60562.35,,,,1,1,1,1,,,,33855193,11288812.75
1772077500,61199.2,61218.35,61061.3,61107.2,61009.222792397086,61020.60671566201,0,0,0,61517.8,60562.35,,,,1,1,1,1,,,,41932451,12980866.5
1772078400,61112.75,61249.7,61079.85,61206.05,61048.58823391767,61037.46519605637,0,0,0,61517.8,60562.35,,,,1,1,1,1,,,,20286269,13170856.85
1772079300,61210.85,61222.6,61098.95,61139,61066.67058713413,61046.69563277852,0,0,0,61517.8,60562.35,,,,1,1,1,1,,,,19844787,13832915.5
1772080200,61140.7,61202.45,61133.85,61159.3,61085.196469707305,61056.93239343502,0,0,0,61517.8,60562.35,,,,1,1,1,1,,,,15826260,14117113.7
1772081100,61160,61170.4,61050.75,61061.4,61080.437175765845,61057.33853948638,0,0,0,61517.8,60562.35,,,,1,1,1,1,,,,9697246,14299030.75
1772082000,61062.05,61116.6,61038.55,61094.55,61083.25974061267,61060.721399533075,0,0,0,61517.8,60562.35,,,,1,1,1,1,,,,13171811,14446221
1772082900,61096.85,61147.7,61073.8,61080,61082.60779249014,61062.47399957552,0,0,0,61517.8,60562.35,,,,1,1,1,1,,,,14739925,14921399.3
1772083800,61071.75,61111.5,61027.15,61088.75,61083.836233992115,61064.86272688684,0,0,0,61517.8,60562.35,,,,1,1,1,1,,,,16561914,15440244.05
1772084700,61088.95,61146.6,61056.65,61086.3,61084.328987193694,61066.81156989712,0,0,0,61517.8,60562.35,,,,1,1,1,1,,,,15938911,15760081.45
1772085600,61085.55,61092.5,61000.7,61023.2,61072.103189754955,61062.846881724654,0,0,0,61517.8,60562.35,,,,1,1,1,1,,,,13454175,16008937.45
1772086500,61021.25,61098.4,60978.75,60994.6,61056.60255180396,61056.642619749684,0,0,0,61517.8,60562.35,,,,1,1,1,1,,,,13515707,16147257.4
1772087400,60994.55,61031.3,60954.85,60957.35,61036.75204144317,61047.61601795426,0,0,0,61517.8,60562.35,,,,1,1,1,1,,,,9182072,15979970.45
1772088300,60966.2,60985,60813.3,60875.45,61004.49163315454,61031.9645617766,0,0,0,61517.8,60562.35,,,,1,1,1,1,,,,16728191,16453209.75
1772089200,60874.65,60961.15,60845.75,60948.6,60993.31330652363,61024.38596525145,0,0,0,61517.8,60562.35,,,,1,1,1,1,,,,10481465,16579178.95
1772090100,60946.8,60959.45,60850.05,60871.8,60969.01064521891,61010.51451386495,0,0,0,61517.8,60562.35,,,,1,1,1,1,,,,8533128,16572091.3
1772091000,60869.35,60924.2,60860,60888.8,60952.968516175126,60999.44955805905,0,0,0,61517.8,60562.35,,,,1,1,1,1,,,,6895772,16404711.4
1772091900,60889.5,60989.2,60862.75,60958,60953.9748129401,60995.68141641732,0,0,0,61517.8,60562.35,,,,1,1,1,1,,,,13612919,16683055.5
1772092800,60953.5,60975.4,60920.3,60956.8,60954.53985035208,60992.14674219756,0,0,0,61517.8,60562.35,,,,1,1,1,1,,,,14421251,16854042.9
1772093700,60960.3,60978.65,60912.5,60932.1,60950.05188028166,60986.68794745233,0,0,0,61517.8,60562.35,,,,1,1,1,1,,,,11843105,16026127.6
1772094600,60928.9,60978.75,60863.4,60958.1,60951.661504225325,60984.08904313848,0,0,0,61517.8,60562.35,,,,1,1,1,1,,,,9773278,14822031.85
1772095500,60964.25,60985.75,60932.1,60966.6,60954.64920338026,60982.49913012589,0,0,0,61517.8,60562.35,,,,1,1,1,1,,,,8831694,13166994
1772096400,60965.85,61141.5,60938.85,61141.5,60992.0193627042,60996.9537546599,0,0,0,61517.8,60562.35,,,,1,1,1,1,,,,15734807,12939420.9
1772097300,61141.7,61196.25,61127.1,61178.05,61029.225490163364,61013.41704969082,0,0,0,61517.8,60562.35,,,,1,1,1,1,,,,20644827,12979422.9
1772098200,61178.2,61284.75,61130.55,61187.3,61060.84039213069,61029.224590628015,0,0,0,61517.8,60562.35,,,,1,1,1,1,,,,126591290,18517674.4
1772099100,61190.05,61219.95,61064.3,61097,61068.07231370455,61035.38599148001,0,0,0,61517.8,60562.35,,,,1,1,1,1,,,,132975610,24681592.6
1772163900,61085.55,61086.45,60855.3,60899.7,61034.397850963636,61023.050901345465,0,0,0,61517.8,60562.35,,,,1,1,1,1,,,,24977069,25271855.5
1772164800,60896.75,60935.9,60839,60849.65,60997.44828077091,61007.287183041335,0,0,0,61517.8,60562.35,,,,4,1,1,1,,,,11819534,25125835.95
1772165700,60854.55,60854.55,60710.75,60713.8,60940.718624616726,60980.60653003758,0,0,0,61517.8,60562.35,,,,4,1,1,1,,,,12491411,24922310.8
1772166600,60715.85,60759.45,60684.7,60717.45,60896.06489969338,60956.68320912507,0,0,0,61517.8,60562.35,,,,4,1,1,1,,,,8130507,24531890.6
1772167500,60714.05,60775.3,60664.45,60771.1,60871.07191975471,60939.812008295514,0,0,0,61517.8,60562.35,,,,4,1,1,1,,,,8676404,24293002.05
1772168400,60770.95,60838,60733.6,60737.3,60844.31753580377,60921.401825723195,0,0,0,61517.8,60562.35,,,,4,1,1,1,,,,8865850,24060509.2
1772169300,60739.4,60764.8,60696,60700,60815.45402864301,60901.27438702108,0,0,0,61517.8,60562.35,,,,4,1,1,1,,,,7623679,23982589.55
1772170200,60699,60774.95,60693.05,60773,60806.96322291441,60889.61307911007,0,0,0,61517.8,60562.35,,,,4,1,1,1,,,,8714207,23581890.35
1772171100,60776.7,60790,60690.35,60703.9,60786.35057833153,60872.730071918246,0,0,0,61517.8,60562.35,,,,4,1,1,1,,,,9788480,23547241.1
1772172000,60706.55,60706.55,60633.6,60696.5,60768.38046266522,60856.70915628931,0,0,0,61517.8,60562.35,,,,4,1,1,1,,,,8852153,23563192.35
1772172900,60696.55,60758.65,60695.8,60730.1,60760.72437013218,60845.199232990286,0,0,0,61517.8,60562.35,,,,4,1,1,1,,,,5584878,23497647.65
1772173800,60730.4,60818,60716.4,60719.15,60752.40949610574,60833.74021180935,0,0,0,61517.8,60562.35,,,,4,1,1,1,,,,7962675,23215135.45
1772174700,60716.95,60765.95,60675.6,60741.95,60750.31759688459,60825.39564709941,0,0,0,61517.8,60562.35,,,,4,1,1,1,,,,6933815,22840763.65
1772175600,60742.25,60776.3,60696.25,60704.85,60741.22407750767,60814.43695190855,0,0,0,61517.8,60562.35,,,,4,1,1,1,,,,8154115,22656314.15
1772176500,60708.5,60754.25,60690.05,60711.35,60735.24926200614,60805.065410825955,0,0,0,61517.8,60562.35,,,,4,1,1,1,,,,5593787,22447339.6
1772177400,60712,60770.45,60693.85,60715.65,60731.329409604914,60796.936737114505,0,0,0,61517.8,60562.35,,,,4,1,1,1,,,,6821474,22346828.6
1772178300,60715.5,60745.15,60680.9,60712.75,60727.613527683934,60789.28339737682,0,0,0,61517.8,60562.35,,,,4,1,1,1,,,,6037331,21861954.8
1772179200,60710.25,60743.2,60661.5,60723,60726.690822147146,60783.25763397893,0,0,0,61517.8,60562.35,,,,4,1,1,1,,,,6824799,21170953.4
1772180100,60724.05,60846.9,60724.05,60841.5,60749.652657717714,60788.5523945263,0,0,0,61517.8,60562.35,,,,4,1,1,1,,,,7007041,15191740.95
1772181000,60839.2,60864.7,60771.55,60780.55,60755.83212617417,60787.824904114816,0,0,0,61517.8,60562.35,,,,4,1,1,1,,,,8751834,8980552.15
1772181900,60777.85,60811.25,60735.25,60739.5,60752.56570093934,60783.43173101347,0,0,0,61517.8,60562.35,,,,4,1,1,1,,,,7012845,8082340.95
1772182800,60739.05,60789.85,60720.6,60764.1,60754.87256075147,60781.67430092134,0,0,0,61517.8,60562.35,,,,4,1,1,1,,,,8428716,7912800.05
1772183700,60765.4,60820.35,60759.15,60799.55,60763.808048601175,60783.29936447395,0,0,0,61517.8,60562.35,,,,4,1,1,1,,,,12349515,7905705.25
1772184600,60791.45,60791.45,60439,60526.1,60716.26643888094,60759.917604067225,0,0,0,61517.8,60562.35,,,,4,1,1,1,,,,82596591,11629009.45
1772185500,60526,60558.6,60438.95,60482.45,60669.50315110476,60734.69327642475,0,0,0,61517.8,60562.35,,,,4,1,1,1,,,,77084989,15049438.7
1772423100,59430.75,60167.15,59148,60105.65,60556.73252088381,60677.5075240225,0,0,0,61517.8,60562.35,,,,4,1,1,1,,,,65911775,17901734.95
1772424000,60104.2,60177.5,60071.9,60111.8,60467.746016707046,60626.07956729318,0,0,0,61517.8,60562.35,,,,4,1,1,1,,,,21644311,18602766.55
1772424900,60115.1,60122.05,59959.7,60029.35,60380.066813365636,60571.83142481198,0,0,0,61517.8,60562.35,,,,4,1,1,1,,,,10751690,18704640.7
1772425800,60027.95,60037.9,59853.1,59907.2,60285.493450692506,60511.41038619271,0,0,0,61517.8,60562.35,,,,4,1,1,1,,,,11368342,18783633.8
1772426700,59906.35,59922.8,59809.4,59824.2,60193.234760554005,60448.93671472064,0,0,0,61517.8,60562.35,,,,4,1,1,1,,,,10915377,18886795
1772427600,59819.7,59879.3,59736.8,59740.7,60102.727808443204,60384.551558836945,0,0,0,61517.8,60562.35,,,,4,1,1,1,,,,7834022,18999252.2
1772428500,59736,59834.3,59723.35,59818.2,60045.822246754564,60333.065053488135,0,0,0,61517.8,60562.35,,,,4,1,1,1,,,,9379459,19070091.4
1772429400,59815.65,59884.15,59804.55,59836.25,60003.90779740365,60287.900048625575,0,0,0,61517.8,60562.35,,,,4,1,1,1,,,,7993541,19123077.7
1772430300,59839.85,59871.75,59801.05,59806.6,59964.446237922915,60244.14549875052,0,0,0,61517.8,60562.35,,,,4,1,1,1,,,,7359097,19083326.8
1772431200,59806.15,59867.95,59797.55,59854.6,59942.476990338335,60208.73227159138,0,0,0,61517.8,60562.35,,,,4,1,1,1,,,,10612981,19334286.5
1772432100,59854.3,59887,59759.55,59766,59907.18159227067,60168.4838832649,0,0,0,61517.8,60562.35,,,,4,1,1,1,,,,20835954,20035010.5
1772433000,59764.75,59791.5,59721.3,59723.65,59870.47527381653,60128.04443933172,0,0,0,61517.8,60562.35,,,,4,1,1,1,,,,14268519,20446569.9
1772433900,59719.6,59786.2,59666.15,59761.05,59848.59021905323,60094.681308483385,0,0,0,61517.8,60562.35,,,,4,1,1,1,,,,12045585,20707609.2
1772434800,59759.3,59762.65,59630.65,59635.2,59805.912175242585,60052.91028043944,0,0,0,61517.8,60562.35,,,,4,1,1,1,,,,11443047,20929409.5
1772435700,59629.5,59719.8,59594.95,59665.55,59777.83974019407,60017.6957094904,0,0,0,61517.8,60562.35,,,,4,1,1,1,,,,13349454,21159290.5
1772436600,59673.1,59696.95,59619.7,59628.6,59747.991792155255,59982.323372264,0,0,0,61517.8,60562.35,,,,4,1,1,1,,,,7608554,21189075.95
1772437500,59625.85,59655,59569.75,59587.1,59715.8134337242,59946.39397478545,0,0,0,61517.8,60562.35,,,,4,1,1,1,,,,8830004,21209140.35
1772438400,59587.25,59597.1,59503.6,59544.05,59681.46074697936,59909.81724980496,0,0,0,61517.8,60562.35,,,,4,1,1,1,,,,7775615,20980445.35
1772439300,59545,59561.35,59368.15,59382.05,59621.57859758349,59861.8384089136,0,0,0,61517.8,60562.35,,,,4,1,1,1,,,,12175998,17459415.7
1772440200,59381.7,59764.5,59345.3,59723.25,59641.91287806679,59849.23946264873,0,0,0,61517.8,60562.35,,,,4,1,1,1,,,,19930720,14601702.25
1772441100,59724.8,59749.2,59623.3,59636.35,59640.800302453434,59829.88587513521,0,0,0,61517.8,60562.35,,,,4,1,1,1,,,,9927485,11802487.75
1772442000,59638.95,59870.3,59615.5,59826.2,59677.88024196275,59829.55079557746,0,0,0,61517.8,60562.35,,,,4,1,1,1,,,,14229805,11431762.45
1772442900,59826.55,59888.2,59747.3,59764.1,59695.1241935702,59823.60072325224,0,0,0,61517.8,60562.35,,,,4,1,1,1,,,,9950256,11391690.75
1772443800,59769.8,59909.7,59709.75,59907.2,59737.539354856155,59831.200657502035,0,0,0,61517.8,60562.35,,,,4,1,1,1,,,,26347322,12140639.75
1772444700,59906.85,59956.7,59838.7,59856.05,59761.24148388492,59833.45968863821,0,0,0,61517.8,60562.35,,,,4,1,1,1,,,,29404677,13065104.75
1772595900,58565.35,58996.95,58393.55,58756.35,59560.263187107936,59735.54062603474,0,0,0,61517.8,60562.35,,,,4,1,1,1,,,,53070432,15326925.25
1772596800,58751.75,58821.95,58655.15,58747.85,59397.78054968635,59645.75056912249,0,0,0,61517.8,60562.35,,,,4,1,1,1,,,,23415111,16028707.85
1772597700,58747.95,58753.6,58540.35,58550.2,59228.26443974908,59546.155062838625,0,0,0,61517.8,60562.35,,,,4,1,1,1,,,,17315353,16494798.45
1772598600,58545.8,58726,58508.6,58717.45,59126.101551799264,59470.8182389442,0,0,0,61517.8,60562.35,,,,4,1,1,1,,,,14923555,16873021.35
1772599500,58720.3,58753.9,58631.55,58651.7,59031.22124143941,59396.35294449473,0,0,0,61517.8,60562.35,,,,4,1,1,1,,,,13314555,17008100.05
1772600400,58652.4,58670.55,58537.2,58589.7,58942.91699315153,59323.02085863157,0,0,0,61517.8,60562.35,,,,4,1,1,1,,,,11667890,16549696.85
1772601300,58591.9,58633.65,58452.95,58484.55,58851.24359452122,59246.79623511961,0,0,0,61517.8,60562.35,,,,4,1,1,1,,,,9756869,16324114.35
1772602200,58501.95,58686.55,58496.1,58633.4,58807.674875616976,59191.03294101783,0,0,0,61517.8,60562.35,,,,4,1,1,1,,,,8815906,16162630.4
1772603100,58631.9,58641.35,58509.1,58512.05,58748.549900493585,59129.30721910712,0,0,0,61517.8,60562.35,,,,4,1,1,1,,,,8071768,15994066.45
1772604000,58511.55,58576.95,58484.55,58523,58703.43992039487,59074.18838100647,0,0,0,61517.8,60562.35,,,,4,1,1,1,,,,10331387,15843163.1
1772604900,58521.6,58560.35,58506.5,58522.85,58667.32193631589,59024.06671000588,0,0,0,61517.8,60562.35,,,,4,1,1,1,,,,10432025,15984336.65
1772605800,58526.45,58547.2,58479.25,58482,58630.257549052716,58974.78791818716,0,0,0,61517.8,60562.35,,,,4,1,1,1,,,,10420806,16063876.75
1772606700,58484.65,58557.9,58468.25,58520.05,58608.21603924217,58933.44810744288,0,0,0,61517.8,60562.35,,,,4,1,1,1,,,,8602439,16105217.95
1772607600,58520.8,58585.5,58519.6,58536.75,58593.922831393735,58897.38464312989,0,0,0,61517.8,60562.35,,,,4,1,1,1,,,,6929532,15842894.65
1772608500,58534.7,58603.35,58511.95,58589.9,58593.11826511499,58869.43149375444,0,0,0,61517.8,60562.35,,,,4,1,1,1,,,,7527102,15222713.75
1772609400,58589.3,58754,58585.4,58739.4,58622.37461209199,58857.61044886767,0,0,0,61517.8,60562.35,,,,4,1,1,1,,,,8705217,15161600.35
1772610300,58737.35,58756.1,58639.85,58694.65,58636.82968967359,58842.795862606974,0,0,0,61517.8,60562.35,,,,4,1,1,1,,,,10132726,14956746.4
1772611200,58691.55,58711.2,58609,58708.15,58651.093751738874,58830.5553296427,0,0,0,61517.8,60562.35,,,,4,1,1,1,,,,9682176,14943342.4
1772612100,58709.2,58710.6,58622.35,58669.35,58654.7450013911,58815.90029967518,0,0,0,61517.8,60562.35,,,,4,1,1,1,,,,7802620,14016107.3
1772613000,58672,58971.2,58661.6,58965.45,58716.88600111288,58829.49572697744,0,0,0,61517.8,60562.35,,,,4,1,1,1,,,,14080677,13249907.3
1772613900,58965.8,59034.75,58834.6,58874.5,58748.408800890305,58833.587024524946,0,0,0,61517.8,60562.35,,,,4,1,1,1,,,,12672350,11230003.2
1772614800,58874.15,58988.85,58829.55,58974.35,58793.597040712244,58846.38365865904,0,0,0,61517.8,60562.35,,,,4,1,1,1,,,,11333657,10625930.5
1772615700,58973.8,59058.4,58896.25,58965.95,58828.06763256979,58857.25332605367,0,0,0,61517.8,60562.35,,,,4,1,1,1,,,,12812256,10400775.65
1772616600,58969.45,58978.85,58679.1,58723.95,58807.244106055834,58845.13484186697,0,0,0,61517.8,60562.35,,,,4,1,1,1,,,,26465440,10977869.9
1772617500,58723.45,58777,58657.6,58759.65,58797.725284844666,58837.36349260634,0,0,0,61517.8,60562.35,,,,4,1,1,1,,,,26601374,11642210.85
1772682300,59022.15,59088.7,58809.7,58927.05,58823.590227875735,58845.51681146031,0,0,0,61517.8,60562.35,,,,4,1,1,1,,,,23556915,12236662.1
1772683200,58942.6,59005.35,58850.25,58997.65,58858.40218230059,58859.347101327556,0,0,0,61517.8,60562.35,,,,4,1,1,1,,,,10971362,12297386.75
1772684100,59000.1,59046.1,58884.25,58888.8,58864.48174584047,58862.0246375705,0,0,0,61517.8,60562.35,,,,4,1,1,1,,,,8673615,12290272.2
1772685000,58888.75,58993.65,58882.15,58957.25,58883.03539667238,58870.68148870046,0,0,0,61517.8,60562.35,,,,4,1,1,1,,,,6319927,12202680.15
1772685900,58954.85,58992.85,58846.1,58919.4,58890.308317337905,58875.110444273145,0,0,0,61517.8,60562.35,,,,4,1,1,1,,,,6893480,12030784.8
1772686800,58921.85,59002,58853.3,58988.8,58910.006653870325,58885.44585843013,0,0,0,61517.8,60562.35,,,,4,1,1,1,,,,6695203,11843943.7
1772687700,58987.95,59004.8,58904.05,58992.55,58926.51532309626,58895.18259857285,0,0,0,61517.8,60562.35,,,,4,1,1,1,,,,7709589,11708382.85
1772688600,58994.9,59141,58992,59093.05,58959.82225847701,58913.17054415714,0,0,0,61517.8,60562.35,,,,4,1,1,1,,,,12048017,11880661.75
1772689500,59087.85,59120.15,58965.8,58976.7,58963.19780678161,58918.94594923376,0,0,0,61517.8,60562.35,,,,4,1,1,1,,,,6194590,11843914.65
1772690400,58975.9,58975.9,58852.95,58862.9,58943.13824542529,58913.850862939784,0,0,0,61517.8,60562.35,,,,4,1,1,1,,,,7766395,11855879.3
1772691300,58864.2,58864.2,58686.3,58724,58899.310596340234,58896.59169358162,0,0,0,61517.8,60562.35,,,,4,1,1,1,,,,8924769,11866856.9
1772692200,58725.75,58810.6,58709.25,58781,58875.64847707219,58886.08335780147,0,0,0,61517.8,60562.35,,,,4,1,1,1,,,,9169132,11818677.2
1772693100,58781.4,58865.45,58716.95,58854.7,58871.45878165775,58883.23032527407,0,0,0,61517.8,60562.35,,,,4,1,1,1,,,,6594656,11664301.2
1772694000,58854.1,58908.55,58793.5,58812.95,58859.757025326195,58876.841204794604,0,0,0,61517.8,60562.35,,,,4,1,1,1,,,,3815026,11464921.5
1772694900,58812.9,58915,58748.2,58859.9,58859.785620260955,58875.30109526782,0,0,0,61517.8,60562.35,,,,4,1,1,1,,,,4595865,10990680.9
1772695800,58860,58888.95,58812.25,58850.95,58858.018496208766,58873.087359334386,0,0,0,61517.8,60562.35,,,,4,1,1,1,,,,4329738,10573550.3
1772696700,58854.25,58890.1,58792.45,58884.7,58863.35479696701,58874.14305394035,0,0,0,61517.8,60562.35,,,,4,1,1,1,,,,4384416,10226088.25
1772697600,58885.25,58897.05,58664.05,58686.15,58827.91383757361,58857.052776309414,0,0,0,61517.8,60562.35,,,,4,1,1,1,,,,6686336,9919792.25
1772698500,58686.05,58727.6,58550.9,58587.3,58779.79107005888,58832.52979664492,0,0,0,61517.8,60562.35,,,,4,1,1,1,,,,8613771,9027208.8
1772699400,58581,58643.8,58544.75,58559.5,58735.73285604711,58807.70890604084,0,0,0,61517.8,60562.35,,,,4,1,1,1,,,,7037824,8049031.3
1772700300,58561.4,58767.05,58506.4,58734.25,58735.436284837684,58801.03082367349,0,0,0,61517.8,60562.35,,,,4,1,1,1,,,,11975399,7469955.5
1772701200,58734.85,58961.15,58570.8,58878.75,58764.09902787015,58808.09620333954,0,0,0,61517.8,60562.35,,,,4,1,1,1,,,,18759653,7859370.05
1772702100,58875.85,59274.35,58846.2,59257.7,58862.81922229612,58848.96927576322,0,0,0,61517.8,60562.35,,,,4,1,1,1,,,,29392708,8895324.7
1772703000,59259.05,59265.5,58917,58926.55,58875.5653778369,58856.02206887566,0,0,0,61517.8,60562.35,,,,4,1,1,1,,,,27605260,9959591.35
1772703900,58930.7,59040.25,58885.1,58970.25,58894.502302269524,58866.4064262506,0,0,0,61517.8,60562.35,,,,4,1,1,1,,,,23322198,10781027.25
1772768700,58807.15,58807.15,58495.25,58571.45,58829.89184181562,58839.59220568236,0,0,0,61517.8,60562.35,,,,4,1,1,1,,,,30361117,11964322.95
1772769600,58570.15,58614.05,58456.7,58605.55,58785.02347345249,58818.31564152942,0,0,0,61517.8,60562.35,,,,4,1,1,1,,,,12265525,12192119.75
1772770500,58602.9,58666.8,58487.35,58496,58727.21877876199,58789.0142195722,0,0,0,59274.35,58393.55,,,,4,1,1,1,,,,12162068,12197822.3
1772771400,58495.25,58518.2,58406.85,58445.65,58670.905023009596,58757.79929052018,0,0,0,59274.35,58393.55,,,,4,1,1,1,,,,8570773,12316631.45
1772772300,58441.55,58480.9,58382.2,58405.6,58617.844018407675,58725.781173200165,0,0,0,59274.35,58393.55,,,,4,1,1,1,,,,7192100,12287916.7
1772773200,58404,58427,58336.25,58413.25,58576.92521472614,58697.369248363786,0,0,0,59274.35,58393.55,,,,4,1,1,1,,,,8391647,12261260.6
1772774100,58413.7,58431.25,58332.7,58372.4,58536.02017178092,58667.826589421624,0,0,0,59274.35,58393.55,,,,4,1,1,1,,,,7443254,12174966.7
1772775000,58378.9,58468.7,58350.7,58368.75,58502.566137424736,58640.637808565116,0,0,0,59274.35,58393.55,,,,4,1,1,1,,,,5208645,12105666.15
1772775900,58369.15,58386.9,58303.6,58353.35,58472.72290993979,58614.520735059195,0,0,0,59274.35,58393.55,,,,4,1,1,1,,,,5210740,12175451.85
1772776800,58350.25,58456.1,58329.8,58375.4,58453.25832795183,58592.78248641745,0,0,0,59274.35,58393.55,,,,4,1,1,1,,,,5883826,12239849.9
1772777700,58376.9,58406.15,58333.3,58337.9,58430.18666236146,58569.611351288586,0,0,0,59274.35,58393.55,,,,4,1,1,1,,,,8297449,12438235.45
1772778600,58337.4,58382.45,58289.5,58331.75,58410.49932988917,58547.987592080535,0,0,0,59274.35,58393.55,,,,4,1,1,1,,,,8970623,12667545.8
1772779500,58336.05,58364.2,58235.35,58237.8,58375.959463911335,58519.788720073215,0,0,0,59274.35,58393.55,,,,4,1,1,1,,,,5992089,12632833.45
1772780400,58239.15,58317.8,58239.05,58303.85,58361.53757112907,58500.157927339285,0,0,0,59274.35,58393.55,,,,4,1,1,1,,,,4603457,12432317.75
1772781300,58304.1,58321.4,58261,58296.3,58348.490056903254,58481.62538849026,0,0,0,59274.35,58393.55,,,,4,1,1,1,,,,6158281,12388340.6
1772782200,58296.2,58322.85,58242.95,58264.85,58331.762045522606,58461.91853499115,0,0,0,59274.35,58393.55,,,,4,1,1,1,,,,4268274,12002984.35
1772783100,58262.95,58322.5,58246.45,58279.2,58321.249636418084,58445.30775908286,0,0,0,59274.35,58393.55,,,,4,1,1,1,,,,7265349,11428269.15
1772784000,58279.15,58346.75,58223.2,58260.1,58309.01970913447,58428.47069007533,0,0,0,59274.35,58393.55,,,,4,1,1,1,,,,4874457,10202356.6
1772784900,58262,58286.1,58195.1,58201.5,58287.515767307574,58407.83699097757,0,0,0,59274.35,58393.55,,,,4,1,1,1,,,,7647423,9204464.75
1772785800,58202.35,58287.9,58156.25,58240,58278.01261384606,58392.579082706885,0,0,0,59274.35,58393.55,,,,4,1,1,1,,,,7293302,8403019.95
1772786700,58241.25,58295.4,58221.15,58231.85,58268.78009107685,58377.96734791535,0,0,0,59274.35,58393.55,,,,4,1,1,1,,,,8668126,7318370.4
1772787600,58230.9,58245.8,58053.55,58068.5,58228.72407286148,58349.83395265032,0,0,0,59274.35,58393.55,,,,4,1,1,1,,,,9871235,7198655.9
1772788500,58067.7,58134.45,57871.05,57930.9,58169.15925828918,58311.74904786392,0,0,0,59274.35,58393.55,,,,4,1,1,1,,,,14044129,7292758.95
1772789400,57932.2,57947.75,57727.8,57750.95,58085.51740663135,58260.76731623993,0,0,0,59274.35,58393.55,,,,4,1,1,1,,,,22164907,7972465.65
1772790300,57747.55,57798.8,57696.4,57782.4,58024.89392530508,58217.27937839994,0,0,0,59274.35,58393.55,,,,4,1,1,1,,,,31222936,9174007.45
1773027900,56123.8,56274.15,55272.75,55409.3,57501.77514024406,57962.00852581813,0,0,0,59274.35,58393.55,,,,4,1,1,1,,,,68064151,12157632.65
1773028800,55410.25,55627.75,55370.3,55370.3,57075.48011219525,57726.39865983466,0,0,0,59274.35,58393.55,,,,4,1,1,1,,,,29619120,13266425.95
1773029700,55372.55,55503.25,55270.6,55432.3,56746.844089756196,57517.84423621333,0,0,0,59274.35,58393.55,,,,4,1,1,1,,,,16558009,13833894.15
1773030600,55432.2,55586.8,55323.7,55522.4,56501.95527180496,57336.44021473939,0,0,0,59274.35,58393.55,,,,4,1,1,1,,,,14748080,14310761.15
1773031500,55518.05,55518.05,55346.85,55414,56284.36421744397,57161.672922490354,0,0,0,59274.35,58393.55,,,,4,1,1,1,,,,10718957,14552517.7
1773032400,55414.45,55432.35,55276.4,55366.85,56100.86137395517,56998.50720226396,0,0,0,59274.35,58393.55,,,,4,1,1,1,,,,12631301,14769210.3
1773033300,55364.45,55832.15,55297.25,55772.7,56035.229099164135,56887.07018387633,0,0,0,59274.35,58393.55,,,,4,1,1,1,,,,18756434,15258500.85
1773034200,55788.1,55805.55,55499,55605.45,55949.273279331304,56770.559258069385,0,0,0,59274.35,58393.55,,,,4,1,1,1,,,,11186863,15518239.55
1773035100,55607,55847.2,55542.7,55816.9,55922.798623465045,56683.862961881256,0,0,0,59274.35,58393.55,,,,4,1,1,1,,,,10803692,15828251.3
1773036000,55821.3,55952.75,55790.85,55826.4,55903.51889877204,56605.91178352841,0,0,0,59274.35,58393.55,,,,4,1,1,1,,,,10948362,16067755.35
1773036900,55824.3,55845,55734.45,55746.5,55872.11511901763,56527.783439571285,0,0,0,59274.35,58393.55,,,,4,1,1,1,,,,9392004,16323941.85
1773037800,55748.75,55751.7,55635.1,55687.85,55835.26209521411,56451.425854155714,0,0,0,59274.35,58393.55,,,,4,1,1,1,,,,7384365,16329892.65
1773038700,55686.65,55739.1,55629.1,55690.65,55806.33967617129,56382.26441286883,0,0,0,59274.35,58393.55,,,,4,1,1,1,,,,7114427,16441891.15
1773039600,55692.8,55774.05,55627.85,55739.45,55792.961740937026,56323.826738971664,0,0,0,59274.35,58393.55,,,,4,1,1,1,,,,6552038,16387121.9
1773040500,55738.35,55821.85,55660.85,55808.45,55796.05939274962,56276.97430815606,0,0,0,59274.35,58393.55,,,,4,1,1,1,,,,8252088,16435061.2
1773041400,55805.9,55837.25,55653.7,55690.65,55774.9775141997,56223.67209832369,0,0,0,59274.35,58393.55,,,,4,1,1,1,,,,8179072,16410608.5
1773042300,55689.2,55792.05,55642.2,55722.95,55764.57201135976,56178.151907566986,0,0,0,59274.35,58393.55,,,,4,1,1,1,,,,9059496,16370021.55
1773043200,55723.05,55894.9,55723.05,55828.95,55777.44760908781,56146.40627960635,0,0,0,59274.35,58393.55,,,,4,1,1,1,,,,10277199,16181675.05
1773044100,55824.15,55828.65,55694.95,55700.65,55762.08808727025,56105.88298146032,0,0,0,59274.35,58393.55,,,,4,1,1,1,,,,7269552,15436907.3
1773045000,55701.75,55718.55,55642.1,55647.65,55739.2004698162,56064.2254376912,0,0,0,59274.35,58393.55,,,,4,1,1,1,,,,6262545,14188887.75
1773045900,55662,55752,55596.15,55704.15,55732.19037585296,56031.491306992,0,0,0,59274.35,58393.55,,,,4,1,1,1,,,,9401506,11255755.5
1773046800,55701.5,55838.95,55653.9,55792.7,55744.29230068237,56009.78300635637,0,0,0,59274.35,58393.55,,,,4,1,1,1,,,,13311943,10440396.65
1773047700,55791.75,55971.9,55767,55929.65,55781.3638405459,56002.4981875967,0,0,0,59274.35,58393.55,,,,4,1,1,1,,,,18248502,10524921.3
1773048600,55936.25,56094,55858.35,56082.5,55841.59107243672,56009.77107963336,0,0,0,59274.35,58393.55,,,,4,1,1,1,,,,23565975,10965816.05
1773049500,56084.5,56097.5,55987.95,55998.6,55872.99285794938,56008.75552693942,0,0,0,59274.35,58393.55,,,,4,1,1,1,,,,21760776,11517907
1773114300,56695.95,56745.65,56387.85,56568.05,56012.0042863595,56059.600479035835,0,0,0,59274.35,58393.55,,,,4,1,1,1,,,,49811650,13376924.45
1773115200,56575.95,56593,56387.2,56546.85,56118.9734290876,56103.895890032574,0,0,0,59274.35,58393.55,,,,4,1,1,1,,,,20991865,13488696
1773116100,56546.4,56577.7,56429.65,56470.85,56189.34874327008,56137.25535457507,0,0,0,59274.35,58393.55,,,,4,1,1,1,,,,12814601,13570082.9
1773117000,56467.9,56676.35,56460.2,56659,56283.27899461606,56184.686685977336,0,0,0,59274.35,58393.55,,,,4,1,1,1,,,,8978780,13478837.3
1773117900,56658.75,56861.95,56655.15,56737.3,56374.08319569285,56234.924259979394,0,0,0,59274.35,58393.55,,,,4,1,1,1,,,,13102016,13586520
1773118800,56736.5,56905.55,56725.45,56871.5,56473.56655655428,56292.79478179945,0,0,0,59274.35,58393.55,,,,4,1,1,1,,,,11211639,13677501.75
1773119700,56869.7,56941.5,56776.05,56806.2,56540.09324524342,56339.467983454044,0,0,0,59274.35,58393.55,,,,4,1,1,1,,,,14976646,14057115.8
1773120600,56804.95,56875.65,56773.15,56870.05,56606.084596194734,56387.70271223095,0,0,0,59274.35,58393.55,,,,4,1,1,1,,,,7586618,14080725.35
1773121500,56872.6,56935.05,56824.9,56894.9,56663.84767695579,56433.81155657359,0,0,0,59274.35,58393.55,,,,4,1,1,1,,,,8527050,14179475.95
1773122400,56896.8,56990.9,56882.7,56977.65,56726.60814156463,56483.2514150669,0,0,0,59274.35,58393.55,,,,4,1,1,1,,,,7088084,14121275.75
1773123300,56974.65,56986.7,56817.95,56888.6,56759.006513251705,56520.101286424455,0,0,0,59274.35,58393.55,,,,4,1,1,1,,,,8953204,14159982.35
1773124200,56887.35,56952.15,56776.7,56780.05,56763.21521060137,56543.73298765859,0,0,0,59274.35,58393.55,,,,4,1,1,1,,,,7229926,14068503.85
1773125100,56778.1,56826.2,56658.65,56701.45,56750.86216848109,56558.07089787145,0,0,0,59274.35,58393.55,,,,4,1,1,1,,,,8600616,13984674.7
1773126000,56699.5,56778.45,56670.05,56710,56742.68973478487,56571.882634428584,0,0,0,59274.35,58393.55,,,,4,1,1,1,,,,9865126,14114453.4
1773126900,56707.5,56932.6,56696.75,56895.65,56773.281787827895,56601.31603129872,0,0,0,56990.9,55270.6,,,,1,1,1,1,,,,12277238,14415188.05
1773127800,56893.4,56929.75,56783.5,56824.35,56783.495430262315,56621.591846635194,0,0,0,56990.9,55270.6,,,,1,1,1,1,,,,11961621,14543193.8
1773128700,56828.5,56853.95,56745.95,56817.3,56790.256344209854,56639.38349694109,0,0,0,56990.9,55270.6,,,,1,1,1,1,,,,7363628,14245778.05
1773129600,56816.95,56955.45,56816.85,56893.15,56810.83507536788,56662.45317903735,0,0,0,56990.9,55270.6,,,,1,1,1,1,,,,10925945,13879650.2
1773130500,56889.8,56957.25,56861.05,56899.05,56828.47806029431,56683.961980943044,0,0,0,56990.9,55270.6,,,,1,1,1,1,,,,6347255,13018714.2
1773131400,56897.45,57086.45,56852.45,57082.9,56879.36244823544,56720.22907358459,0,0,0,56990.9,55270.6,,,,1,1,1,1,,,,13454773,12603414.05
1773132300,57081.5,57097.05,56878.95,56922.4,56887.96995858836,56738.608248713266,0,0,0,56990.9,55270.6,,,,1,1,1,1,,,,8654332,10545548.15
1773133200,56924.35,56932.05,56790.95,56870.65,56884.50596687069,56750.61204428479,0,0,0,56990.9,55270.6,,,,1,1,1,1,,,,11624138,10077161.8
1773134100,56875.1,56960.3,56808.45,56946.1,56896.82477349655,56768.383676622536,0,0,0,56990.9,55270.6,,,,1,1,1,1,,,,13266527,10099758.1
1773135000,56947.15,56976.95,56851.1,56925.55,56902.56981879724,56782.671524202306,0,0,0,56990.9,55270.6,,,,1,1,1,1,,,,27351023,11018370.25
1773135900,56923.2,57071.35,56921.9,57002.1,56922.47585503779,56802.61956745664,0,0,0,56990.9,55270.6,,,,1,1,1,1,,,,30240918,11875315.35
1773200700,56901.2,56938.4,56642.75,56683.95,56874.77068403023,56791.83142496058,0,0,0,57097.05,55270.6,,,,1,1,1,1,,,,22673979,12448432.35
1773201600,56683.25,56690.2,56605.15,56664,56832.616547224185,56780.2103863278,0,0,0,57097.05,55270.6,,,,1,1,1,1,,,,12051109,12302155.5
1773202500,56664.3,56729.45,56583.85,56630.6,56792.213237779346,56766.60944211618,0,0,0,57097.05,55270.6,,,,1,1,1,1,,,,10154792,12430564.2
1773203400,56631.55,56645.4,56517,56542,56742.170590223475,56746.190401923806,0,0,0,57097.05,55270.6,,,,1,1,1,1,,,,8842587,12446341.05
1773204300,56541.7,56584.45,56506.55,56551,56703.93647217878,56728.445819930734,0,0,0,57097.05,55270.6,,,,1,1,1,1,,,,6536191,12418746.4
1773205200,56547.55,56559,56365.95,56386.9,56640.529177743025,56697.39619993703,0,0,0,57097.05,55270.6,,,,1,1,1,1,,,,8202711,12381221.75
1773206100,56386.6,56437.1,56312.25,56425.15,56597.45334219442,56672.6465453973,0,0,0,57097.05,55270.6,,,,1,1,1,1,,,,8095896,12424520.25
1773207000,56424.05,56456.3,56306.9,56335.65,56545.092673755535,56642.010495815724,0,0,0,57097.05,55270.6,,,,1,1,1,1,,,,6004708,12294724.85
1773207900,56337.4,56337.55,56112.6,56165.1,56469.094139004425,56598.654996196114,0,0,0,57097.05,55270.6,,,,1,1,1,1,,,,7640494,12183493.25
1773208800,56166.8,56169.35,56022.15,56107.45,56396.76531120354,56553.99999654192,0,0,0,57097.05,55270.6,,,,1,1,1,1,,,,8376390,11988450.85
1773209700,56109,56119.85,56015.4,56058.2,56329.052248962835,56508.92726958356,0,0,0,57097.05,55270.6,,,,1,1,1,1,,,,5795699,11680154.75
1773210600,56058.6,56141.25,56045.8,56110.45,56285.331799170264,56472.702063257784,0,0,0,57097.05,55270.6,,,,1,1,1,1,,,,5648368,11594391.75
1773211500,56113.2,56139.65,56090.15,56113.75,56251.01543933621,56440.07005750707,0,0,0,57097.05,55270.6,,,,1,1,1,1,,,,4961251,11296157.05
1773212400,56116.7,56165.7,56005.5,56123.05,56225.422351468966,56411.25005227916,0,0,0,57097.05,55270.6,,,,1,1,1,1,,,,6746663,11316127.45
1773213300,56127.7,56138.3,56055.25,56056.55,56191.64788117517,56379.00459298105,0,0,0,57097.05,55270.6,,,,1,1,1,1,,,,4958259,10891301.75
1773214200,56054.7,56087.95,55943.5,55952.25,56143.76830494014,56340.20872089187,0,0,0,57097.05,55270.6,,,,1,1,1,1,,,,10943869,11005778.6
1773215100,55958.3,56064.45,55897.9,56064.45,56127.90464395211,56315.13974626533,0,0,0,57097.05,55270.6,,,,1,1,1,1,,,,7470108,10798077.1
1773216000,56064.4,56125.05,55973.4,55988.6,56100.043715161686,56285.454314786664,0,0,0,57097.05,55270.6,,,,1,1,1,1,,,,6788555,10474178.5
1773216900,55989.45,56031.25,55935.45,56027.1,56085.45497212935,56261.96755889697,0,0,0,57097.05,55270.6,,,,1,1,1,1,,,,6923494,9452802.05
1773217800,56029.2,56034,55926.7,55950.7,56058.50397770348,56233.67050808815,0,0,0,57097.05,55270.6,,,,1,1,1,1,,,,9683206,8424916.45
1773218700,55950.85,56064.8,55845.1,56064.2,56059.643182162785,56218.264098261956,0,0,0,57097.05,55270.6,,,,1,1,1,1,,,,9308095,7756622.25
1773219600,56066.45,56076.85,55903.85,55921.3,56031.97454573023,56191.26736205632,0,0,0,57097.05,55270.6,,,,1,1,1,1,,,,8610954,7584614.5
1773220500,55923.7,55938.35,55796.55,55801.45,55985.86963658418,56155.8294200512,0,0,0,57097.05,55270.6,,,,4,1,1,1,,,,10461465,7599948.15
1773221400,55802.45,55892,55712.15,55745.5,55937.795709267346,56118.52674550109,0,0,0,57097.05,55270.6,,,,4,1,1,1,,,,23140336,8314835.6
1773222300,55741.8,55797.7,55631.95,55666.4,55883.51656741388,56077.4243140919,0,0,0,57097.05,55270.6,,,,4,1,1,1,,,,39090502,9942551.15
1773287100,55047.55,55067.35,54760.55,55009.55,55708.7232539311,55980.34483099264,0,0,0,57097.05,55270.6,,,,4,1,1,1,,,,37393804,11402105.8
1773288000,55014.35,55042.4,54893.8,54964.05,55559.78860314488,55887.95439181149,0,0,0,57097.05,55270.6,,,,4,1,1,1,,,,18898226,11942222.3
1773288900,54971.2,55235.35,54923.75,55232.75,55494.38088251591,55828.39035619226,0,0,0,57097.05,55270.6,,,,4,1,1,1,,,,16584566,12471215.2
1773289800,55236.95,55239.1,54988.75,55013.25,55398.15470601273,55754.286687447515,0,0,0,57097.05,55270.6,,,,4,1,1,1,,,,11922997,12685340.35
1773290700,55013.15,55186.6,54975.25,55182.25,55354.97376481018,55702.283352225015,0,0,0,57097.05,55270.6,,,,4,1,1,1,,,,14933686,13013205.15
1773291600,55180.4,55301.75,55078.3,55190,55321.97901184815,55655.71213838638,0,0,0,57097.05,55270.6,,,,4,1,1,1,,,,8490563,13147948.35
1773292500,55194.8,55308.4,55132.5,55298.85,55317.35320947852,55623.2701258058,0,0,0,57097.05,55270.6,,,,4,1,1,1,,,,8462015,13288630.7
1773293400,55296.65,55372.65,55251.1,55267.7,55307.42256758281,55590.945568914365,0,0,0,57097.05,55270.6,,,,4,1,1,1,,,,9585095,13519822.9
1773294300,55267,55295.95,55053.35,55141.1,55274.15805406625,55550.050517194875,0,0,0,57097.05,55270.6,,,,4,1,1,1,,,,7535047,13559242.1
1773295200,55140.2,55162.15,55071.85,55121,55243.526443252995,55511.04592472262,0,0,0,57097.05,55270.6,,,,4,1,1,1,,,,5365352,13579596.75
1773296100,55121.1,55198.1,55047.5,55183,55231.421154602394,55481.22356792965,0,0,0,57097.05,55270.6,,,,4,1,1,1,,,,7673026,13416054.6
1773297000,55181.35,55240.05,55124.3,55232.95,55231.72692368191,55458.65324357241,0,0,0,57097.05,55270.6,,,,4,1,1,1,,,,6660380,13375568.2
1773297900,55236.25,55335.15,55189.75,55270.4,55239.46153894553,55441.53931233855,0,0,0,57097.05,55270.6,,,,4,1,1,1,,,,11497965,13611038.7
1773298800,55271.1,55285.45,55134.7,55200.9,55231.74923115642,55419.663011216864,0,0,0,57097.05,55270.6,,,,4,1,1,1,,,,6910537,13610390.85
1773299700,55201.6,55237.05,55136.2,55174.3,55220.259384925135,55397.35728292442,0,0,0,57097.05,55270.6,,,,4,1,1,1,,,,5778337,13415147.4
1773300600,55174.75,55205.3,55065.35,55196.25,55215.45750794011,55379.074802658564,0,0,0,57097.05,55270.6,,,,4,1,1,1,,,,6138493,13256667.3
1773301500,55204.45,55427.5,55168.05,55409.65,55254.29600635209,55381.85436605324,0,0,0,57097.05,55270.6,,,,4,1,1,1,,,,10174512,13334845.2
1773302400,55408.75,55636.95,55408.75,55514.4,55306.31680508167,55393.903969139305,0,0,0,57097.05,55270.6,,,,4,1,1,1,,,,13986672,13511105.55
1773303300,55513.75,55548.5,55347.8,55353.25,55315.70344406534,55390.20815376301,0,0,0,57097.05,55270.6,,,,4,1,1,1,,,,8850099,12796593.7
1773304200,55358.2,55444.5,55243.1,55369.55,55326.47275525227,55388.33013978455,0,0,0,57097.05,55270.6,,,,4,1,1,1,,,,9815396,11332838.4
1773305100,55368.3,55429.95,55310.5,55316.4,55324.458204201816,55381.79103616777,0,0,0,57097.05,55270.6,,,,4,1,1,1,,,,7486249,9837460.65
1773306000,55314.75,55372.6,55162.3,55175.1,55294.58656336145,55363.0009419707,0,0,0,57097.05,55270.6,,,,4,1,1,1,,,,11948889,9489993.8
1773306900,55175.9,55205.85,55010.75,55090.1,55253.68925068916,55338.19176542791,0,0,0,55636.95,54760.55,,,,1,1,1,1,,,,13025327,9312031.85
1773307800,55087.5,55213.7,54997,55064.75,55215.90140055133,55313.33342311628,0,0,0,55636.95,54760.55,,,,1,1,1,1,,,,24338412,9932802.6
1773308700,55067.9,55151.95,55062.15,55133.6,55199.441120441064,55296.9940210148,0,0,0,55636.95,54760.55,,,,1,1,1,1,,,,24618372,10417036.9
1773373500,54591.35,54713.75,54361.6,54503.9,55060.332896352855,55224.894564558905,0,0,0,55636.95,54760.55,,,,4,1,1,1,,,,27068500,11345933.75
1773374400,54509.25,54543.6,54407.4,54412.85,54930.836317082285,55151.072331417185,0,0,0,55636.95,54760.55,,,,4,1,1,1,,,,14959425,11670804.25
1773375300,54416.25,54417.5,54132.9,54136.15,54771.89905366583,55058.80666492471,0,0,0,55636.95,54760.55,,,,4,1,1,1,,,,17776514,12080375.2
1773376200,54132.8,54208.45,54115.2,54148.15,54647.14924293267,54976.0196953861,0,0,0,55636.95,54760.55,,,,4,1,1,1,,,,11692966,12288271.15
1773377100,54154.3,54178.05,54009.55,54104.7,54538.659394346134,54896.808813987365,0,0,0,55636.95,54760.55,,,,4,1,1,1,,,,15013876,12770697.35
1773378000,54106.65,54129.5,53990.05,54028.95,54436.71751547691,54817.912558170334,0,0,0,55636.95,54760.55,,,,4,1,1,1,,,,10660815,12920086.8
1773378900,54031.3,54178.95,53962.35,54155.25,54380.424012381525,54757.670507427574,0,0,0,55636.95,54760.55,,,,4,1,1,1,,,,12373699,13205752.75
1773379800,54157.75,54160.45,54050.5,54057.35,54315.80920990522,54694.00500675234,0,0,0,55636.95,54760.55,,,,4,1,1,1,,,,7853884,13023548.7
1773380700,54053.1,54197.7,54014.05,54197.3,54292.10736792418,54648.85000613849,0,0,0,55636.95,54760.55,,,,4,1,1,1,,,,9649668,13160505.25
1773381600,54197.05,54270.2,54158.35,54234.55,54280.59589433935,54611.18636921681,0,0,0,55636.95,54760.55,,,,4,1,1,1,,,,9172180,13330197.4
1773382500,54241.2,54251.4,54118.8,54126.4,54249.75671547148,54567.114881106194,0,0,0,55636.95,54760.55,,,,4,1,1,1,,,,8125358,13429540.65
1773383400,54125.6,54133.8,54049.6,54079.45,54215.69537237718,54522.78171009654,0,0,0,55636.95,54760.55,,,,4,1,1,1,,,,6135490,13227589.55
1773384300,54084.35,54090.75,53872.45,53935.1,54159.576297901745,54469.35610008777,0,0,0,55636.95,54760.55,,,,4,1,1,1,,,,11729005,13114706.2
1773385200,53938.75,53940.8,53765.85,53795.1,54086.681038321396,54408.06009098888,0,0,0,55636.95,54760.55,,,,4,1,1,1,,,,11805905,13262496.5
1773386100,53794.95,53995.25,53780.45,53967.8,54062.90483065712,54368.03644635353,0,0,0,55636.95,54760.55,,,,4,1,1,1,,,,8022248,13172839.1
1773387000,53963.95,53965.2,53817.2,53820.8,54014.4838645257,54318.287678503206,0,0,0,55636.95,54760.55,,,,4,1,1,1,,,,8867142,13241883.75
1773387900,53826.15,53865.5,53733.65,53849.5,53981.487091620555,54275.670616821095,0,0,0,55636.95,54760.55,,,,4,1,1,1,,,,11096737,13199276.15
1773388800,53851.75,53880.25,53685.2,53766.95,53938.579673296445,54229.42328801918,0,0,0,55636.95,54760.55,,,,4,1,1,1,,,,10038172,13049918.4
1773389700,53771.1,53789.7,53675.7,53695.4,53889.94373863716,54180.87571638107,0,0,0,55636.95,54760.55,,,,4,1,1,1,,,,11975157,12431755.65
1773390600,53698.75,53915.1,53691,53909.6,53893.874990909724,54156.21428761916,0,0,0,55636.95,54760.55,,,,4,1,1,1,,,,12556801,11828677.1
1773391500,53913.85,54008.95,53848.4,53946.7,53904.43999272778,54137.16753419923,0,0,0,55636.95,54760.55,,,,4,1,1,1,,,,11412842,11045894.2
1773392400,53943.6,54107,53943.6,54002.75,53924.10199418222,54124.947758362934,0,0,0,55636.95,54760.55,,,,4,1,1,1,,,,14658222,11030834.05
1773393300,54002.55,54011.65,53793.3,53859.15,53911.11159534578,54100.78432578449,0,0,0,55636.95,54760.55,,,,4,1,1,1,,,,12949979,10789507.3
1773394200,53867.7,53904.3,53730.45,53781.3,53885.14927627662,54071.740296167714,0,0,0,55636.95,54760.55,,,,4,1,1,1,,,,22695880,11339653
1773395100,53780.2,53788.15,53684.05,53770.9,53862.2994210213,54044.391178334285,0,0,0,55636.95,54760.55,,,,4,1,1,1,,,,25956351,11886776.75
1773632700,53719.95,53947.3,53630.6,53794.15,53848.66953681704,54021.641980303895,0,0,0,55636.95,54760.55,,,,4,1,1,1,,,,38218063,13264639.15
1773633600,53801.25,54170.5,53801.25,54048.35,53888.60562945363,54024.06998209445,0,0,0,55636.95,54760.55,,,,4,1,1,1,,,,21872870,13739597.7
1773634500,54051.25,54135.85,53875.9,53879.15,53886.71450356291,54010.89543826768,0,0,0,55636.95,54760.55,,,,4,1,1,1,,,,11818010,13937804
1773635400,53880.85,54011.05,53800.9,53829.55,53875.28160285033,53994.409489334255,0,0,0,55636.95,54760.55,,,,4,1,1,1,,,,11644640,14037552.6
1773636300,53824.55,53827.05,53489.55,53493,53798.82528228026,53948.82680848569,0,0,0,55636.95,54760.55,,,,4,1,1,1,,,,15466169,14352252.05
1773637200,53495.55,53635.55,53492.6,53525.5,53744.160225824206,53910.34255316881,0,0,0,55636.95,54760.55,,,,4,1,1,1,,,,12290054,14560486.85
1773638100,53524.3,53567.45,53258.15,53421.65,53679.65818065937,53865.915957426194,0,0,0,55636.95,54760.55,,,,4,1,1,1,,,,15435076,15025466.15
1773639000,53424.35,53618.5,53367.4,53593.55,53662.436544527496,53841.155415842,0,0,0,55636.95,54760.55,,,,4,1,1,1,,,,11191709,14998601.35
1773639900,53595,53897.2,53583.6,53802.75,53690.499235621995,53837.66401440182,0,0,0,55636.95,54760.55,,,,4,1,1,1,,,,12614074,15039009.8
1773640800,53804.95,53923.65,53742.5,53747.15,53701.829388497594,53829.43546763802,0,0,0,55636.95,54760.55,,,,4,1,1,1,,,,9424559,15109125.35
1773641700,53748.9,53785.55,53687.95,53718.95,53705.25351079807,53819.39133421638,0,0,0,55636.95,54760.55,,,,4,1,1,1,,,,6358839,14983710.2
1773642600,53721.7,53813.9,53651.75,53692.3,53702.66280863846,53807.83757656035,0,0,0,55636.95,54760.55,,,,4,1,1,1,,,,6986163,14778181.5
1773643500,53693,53778.9,53661.75,53745.45,53711.220246910765,53802.16597869123,0,0,0,55636.95,54760.55,,,,4,1,1,1,,,,6812137,14616879.75
1773644400,53744.55,53746.55,53569.65,53695.5,53708.076197528615,53792.46907153748,0,0,0,55636.95,54760.55,,,,4,1,1,1,,,,9657038,14500973.8
1773645300,53694.05,53694.05,53530.95,53610.15,53688.49095802289,53775.89461048862,0,0,0,55636.95,54760.55,,,,4,1,1,1,,,,8596874,14302977.45
1773646200,53612,53715.7,53518.55,53579.6,53666.71276641831,53758.04964589875,0,0,0,55636.95,54760.55,,,,4,1,1,1,,,,8679604,14166315.55
1773647100,53578.1,53723.35,53578.1,53638.85,53661.14021313465,53747.21331445341,0,0,0,55636.95,54760.55,,,,4,1,1,1,,,,8129508,13839879.85
1773648000,53638.9,53705.2,53594.3,53609.9,53650.892170507715,53734.73028586674,0,0,0,55636.95,54760.55,,,,4,1,1,1,,,,18721096,14128435.7
1773648900,53608.75,53683.85,53563.3,53653,53651.31373640617,53727.30025987885,0,0,0,55636.95,54760.55,,,,4,1,1,1,,,,8304084,13408845.9
1773649800,53652.05,53783.25,53601.55,53716.35,53664.320989124935,53726.304781708044,0,0,0,55636.95,54760.55,,,,4,1,1,1,,,,8960413,12559049
1773650700,53714.9,54243.45,53670,54193.9,53770.23679129995,53768.813437916404,0,0,0,55636.95,54760.55,,,,4,1,1,1,,,,24070421,11851666.9
1773651600,54194.85,54483.85,54149.8,54416.65,53899.51943303996,53827.70767083309,0,0,0,55636.95,54760.55,,,,4,1,1,1,,,,28619625,12189004.65
1773652500,54426,54664.15,54377,54493.1,54018.23554643197,53888.197882575536,0,0,0,55636.95,54760.55,,,,4,1,1,1,,,,24939548,12845081.55
1773653400,54488.9,54605.25,54330.3,54492.55,54113.09843714558,53943.13898415958,0,0,0,55636.95,54760.55,,,,4,1,1,1,,,,32077355,13866717.3
1773654300,54493.55,54496.1,54228.85,54287.75,54148.02874971646,53974.46725832689,0,0,0,55636.95,54760.55,,,,4,1,1,1,,,,26910022,14438909.95
1773719100,54651,54651,54119.05,54176.95,54153.81299977317,53992.87478029717,0,0,0,55636.95,54760.55,,,,4,1,1,1,,,,26098779,15129346.2
1773720000,54180.45,54366.4,54113.15,54314,54185.85039981853,54022.06798208834,0,0,0,55636.95,54760.55,,,,4,1,1,1,,,,11589569,14937070.85
1773720900,54315.85,54405.1,54249.4,54398.05,54228.29031985483,54056.24816553485,0,0,0,54664.15,53258.15,,,,1,1,1,1,,,,10114542,14883212.5
1773721800,54395.75,54510.5,54395.75,54482.2,54279.07225588386,54094.97105957714,0,0,0,54664.15,53258.15,,,,1,1,1,1,,,,9855550,14745286.3
1773722700,54483.45,54695.4,54453.45,54453.45,54313.94780470709,54127.56005416103,0,0,0,54664.15,53258.15,,,,1,1,1,1,,,,11413477,14844732.2
1773723600,54456.45,54456.45,54292.6,54391.8,54329.51824376567,54151.58186741912,0,0,0,54664.15,53258.15,,,,1,1,1,1,,,,9021647,14977872.6
1773724500,54394.3,54574.55,54373.9,54534.3,54370.474595012536,54186.37442492647,0,0,0,54664.15,53258.15,,,,1,1,1,1,,,,9213871,15089258
1773725400,54533.9,54556.15,54365.25,54368.8,54370.13967601003,54202.95856811498,0,0,0,54664.15,53258.15,,,,1,1,1,1,,,,6473595,15072330.9
1773726300,54369.7,54398.9,54185.65,54225.1,54341.13174080803,54204.971425559066,0,0,0,54664.15,53258.15,,,,1,1,1,1,,,,9018079,15040382.95
1773727200,54227.45,54322.9,54182.8,54294.5,54331.80539264642,54213.11038687188,0,0,0,54695.4,54113.15,53258.15,,,4,1,1,1,,,,7471817,14984130.1
1773728100,54293.45,54375.1,54241.9,54330.8,54331.60431411714,54223.8094426108,0,0,0,54695.4,54113.15,53258.15,,,4,1,1,1,,,,5031933,14801746.55
1773729000,54331.55,54419.9,54293.85,54392.55,54343.79345129371,54239.149493282544,0,0,0,54695.4,54113.15,53258.15,,,4,1,1,1,,,,5379887,14664265.5
1773729900,54393.8,54410.75,54270.85,54323.75,54339.78476103497,54246.84044843868,0,0,0,54695.4,54113.15,53258.15,,,4,1,1,1,,,,5913564,14023888.9
1773730800,54325.75,54443.2,54260.65,54438.55,54359.537808827976,54264.26858948971,0,0,0,54695.4,54113.15,53258.15,,,4,1,1,1,,,,6329900,13925179.7
1773731700,54434.65,54506.9,54416.45,54468.5,54381.33024706238,54282.83508135428,0,0,0,54695.4,54113.15,53258.15,,,4,1,1,1,,,,6078596,13781088.85
1773732600,54471.8,54594.65,54434.4,54592.6,54423.58419764991,54310.99552850389,0,0,0,54695.4,54113.15,53258.15,,,4,1,1,1,,,,9391859,13047160.75
1773733500,54596.75,54665.95,54550,54582.25,54455.31735811992,54335.65502591262,0,0,0,54695.4,54113.15,53258.15,,,4,1,1,1,,,,8686391,12050499.05
1773734400,54583.35,54711.95,54518.75,54575.25,54479.30388649594,54357.436387193295,0,0,0,54695.4,54113.15,53258.15,,,4,1,1,1,,,,8436603,11225351.8
1773735300,54574.9,54686.1,54569.55,54609.1,54505.26310919675,54380.31489744845,0,0,0,54695.4,54113.15,53258.15,,,4,1,1,1,,,,7058059,9974387
1773736200,54609.85,54799.95,54603,54779.05,54560.0204873574,54416.56354313496,0,0,0,54695.4,54113.15,53258.15,,,4,1,1,1,,,,12670950,9262433.4
1773737100,54780,54790.25,54568.4,54653.15,54578.646389885915,54438.071402849964,0,0,0,54695.4,54113.15,53258.15,,,4,1,1,1,,,,11271645,8521076.7
1773738000,54654.3,54810.25,54654.3,54733,54609.51711190873,54464.883093499964,0,0,0,54695.4,54113.15,53258.15,,,4,1,1,1,,,,9457513,8414473.9
1773738900,54735.85,54995.7,54692.7,54994.55,54686.523689526985,54513.03463045452,0,0,0,54695.4,54113.15,53258.15,,,4,1,1,1,,,,16362030,8726848.3
1773739800,54996,54996,54784.4,54961.65,54741.54895162159,54553.81784586774,0,0,0,54695.4,54113.15,53258.15,,,4,1,1,1,,,,27206088,9594375.2
1773740700,54958.9,54960.1,54816,54838.75,54760.98916129727,54579.72076897068,0,0,0,54695.4,54113.15,53258.15,,,4,1,1,1,,,,25690612,10308231.95
1773805500,54961.2,55109.3,54812.8,54974.65,54803.72132903782,54615.62342633698,0,0,0,54695.4,54113.15,53258.15,,,4,1,1,1,,,,24396985,11076998.85
1773806400,54970.3,55046.95,54961.95,54972.85,54837.54706323025,54648.098569397254,0,0,0,54695.4,54113.15,53258.15,,,4,1,1,1,,,,11502788,11191444.7
1773807300,54969.1,55045.55,54804.4,54879.35,54845.9076505842,54669.12142672478,0,0,0,54695.4,54113.15,53258.15,,,4,1,1,1,,,,11441644,11439847.15
1773808200,54879.4,54886.85,54689.1,54787.25,54834.17612046736,54679.860387931614,0,0,0,54695.4,54113.15,53258.15,,,4,1,1,1,,,,8574715,11417678.95
1773809100,54790.5,54985.1,54769.45,54946,54856.54089637389,54704.05489811965,0,0,0,54695.4,54113.15,53258.15,,,4,1,1,1,,,,7423369,11415256.55
1773810000,54945.85,55005.6,54904.85,54919.1,54869.05271709911,54723.60445283604,0,0,0,55109.3,54113.15,53258.15,,,1,1,1,1,,,,6485077,11487913.75
1773810900,54925.15,55044.7,54904.05,55011.9,54897.62217367929,54749.813138941856,0,0,0,55109.3,54113.15,53258.15,,,1,1,1,1,,,,7348649,11586351.85
1773811800,55016.5,55062,54965,55043.4,54926.77773894343,54776.50285358351,0,0,0,55109.3,54113.15,53258.15,,,1,1,1,1,,,,6503780,11615862.65
1773812700,55040.1,55173.5,54985.75,55161.35,54973.69219115474,54811.48895780319,0,0,0,55109.3,54113.15,53258.15,,,1,1,1,1,,,,6307881,11614761.7
1773813600,55158.75,55332.55,55132.35,55286.55,55036.26375292379,54854.67632527563,0,0,0,55109.3,54113.15,53258.15,,,1,1,1,1,,,,9713086,11796486.2
1773814500,55287.55,55308.9,55240.15,55285.45,55086.10100233903,54893.83756843239,0,0,0,55109.3,54113.15,53258.15,,,1,1,1,1,,,,4824690,11568127.75
1773815400,55290.85,55298.1,55195.25,55226.1,55114.100801871224,54924.043244029446,0,0,0,55109.3,54113.15,53258.15,,,1,1,1,1,,,,5934379,11430527.15
1773816300,55226.7,55293.6,55153.5,55176.05,55126.49064149698,54946.95294911768,0,0,0,55109.3,54113.15,53258.15,,,1,1,1,1,,,,7643988,11390896.4
1773817200,55174.5,55244.15,55145.45,55170.95,55135.38251319758,54967.31631737971,0,0,0,55109.3,54113.15,53258.15,,,1,1,1,1,,,,5092452,11292616.05
1773818100,55171.1,55191.5,55123.15,55155.65,55139.43601055806,54984.43756125428,0,0,0,55332.55,54113.15,53258.15,,,1,1,1,1,,,,4292784,10873707.75
1773819000,55152.05,55234.65,55141,55233.95,55158.33880844645,55007.120510231165,0,0,0,55332.55,54113.15,53258.15,,,1,1,1,1,,,,7495414,10684896.2
1773819900,55232.4,55339.7,55219.95,55328.9,55192.45104675716,55036.373191119244,0,0,0,55332.55,54113.15,53258.15,,,1,1,1,1,,,,7772453,10600643.2
1773820800,55326.8,55427.5,55312.2,55426.2,55239.200837405726,55071.81199192659,0,0,0,55332.55,54113.15,53258.15,,,1,1,1,1,,,,6658128,10115448.1
1773821700,55428.15,55456.7,55342.45,55432.6,55277.88066992458,55104.61090175145,0,0,0,55332.55,54113.15,53258.15,,,1,1,1,1,,,,6265622,9068424.8
1773822600,55429.85,55467.15,55343.35,55377.15,55297.734535939664,55129.38718341041,0,0,0,55332.55,54113.15,53258.15,,,1,1,1,1,,,,6687059,8118247.15
1773823500,55375.7,55554.15,55346.85,55470.85,55332.35762875173,55160.429257645825,0,0,0,55332.55,54113.15,53258.15,,,1,1,1,1,,,,8547981,7325796.95
1773824400,55475.5,55492.05,55337.45,55338.75,55333.63610300138,55176.64023422348,0,0,0,55332.55,54113.15,53258.15,,,1,1,1,1,,,,8516407,7176477.9
1773825300,55340.05,55405.9,55312.4,55370.45,55340.9988824011,55194.25930383953,0,0,0,55332.55,54113.15,53258.15,,,1,1,1,1,,,,8038126,7006302
1773826200,55371.95,55397.3,55298.6,55342.8,55341.359105920885,55207.76300349048,0,0,0,55332.55,54113.15,53258.15,,,1,1,1,1,,,,13899583,7272545.4
1773827100,55346.85,55348.05,55229.75,55324.5,55337.98728473671,55218.37545771862,0,0,0,55332.55,54113.15,53258.15,,,1,1,1,1,,,,20621749,7932464.4
1773891900,53573.6,54110.55,53437.25,53996.9,55069.769827789365,55107.33223428966,1,0,0,55554.15,54113.15,53258.15,,,2,2,1,1,1,,,74530411,11334731.1
1773892800,53992.85,53992.85,53788.5,53813.5,54818.51586223149,54989.711122081506,0,1,0,55554.15,54113.15,53258.15,,,3,3,1,1,,1,,23741033,12154350.3
1773893700,53811.4,53815.65,53562.95,53645.4,54583.89268978519,54867.501020074094,0,0,0,55554.15,54113.15,53258.15,,,3,3,1,1,,,,26031592,13130740.9
1773894600,53646.15,53713.8,53600.1,53643.25,54395.76415182815,54756.20547279463,0,0,0,55554.15,54113.15,53258.15,,,3,3,1,1,,,,16118362,13621264.95
1773895500,53639.9,53791.9,53551.85,53741.95,54265.00132146252,54664.0004298133,0,0,0,55554.15,54113.15,53258.15,,,3,3,1,1,,,,15430145,13907117.9
1773896400,53742.9,53905.45,53742.9,53902.8,54192.561057170016,54594.800390739365,0,0,0,55554.15,54113.15,53258.15,,,3,3,1,1,,,,12607091,14296237.95
1773897300,53901.1,53959.15,53827.7,53864,54126.848845736014,54528.36399158124,0,0,0,55554.15,54113.15,53258.15,,,3,3,1,1,,,,9873161,14493177.05
1773898200,53858.1,53872.05,53739.45,53760.6,54053.59907658881,54458.567265073856,0,0,0,55554.15,54113.15,53258.15,,,3,3,1,1,,,,9915563,14606755.8
1773899100,53761.5,53811.8,53675.85,53771.8,53997.239261271054,54396.13387733987,0,0,0,55554.15,54113.15,53258.15,,,3,3,1,1,,,,9872444,14845755.4
1773900000,53772.95,53866.25,53757.9,53851.55,53968.10140901685,54346.62625212715,0,0,0,55554.15,54113.15,53258.15,,,3,3,1,1,,,,6901524,14976192.4
1773900900,53851.35,53953.55,53832.85,53886.75,53951.831127213474,54304.81932011559,0,0,0,55554.15,54113.15,53258.15,,,3,3,1,1,,,,7756029,14989223.15
1773901800,53888.3,54054.7,53864.2,54040.7,53969.60490177078,54280.80847283235,0,0,0,55554.15,54113.15,53258.15,,,3,3,1,1,,,,7810331,14991117.05
1773902700,54042.2,54105.75,53984.2,54024.05,53980.49392141662,54257.46679348396,0,0,0,55554.15,54113.15,53258.15,,,3,3,1,1,,,,6840214,15000221.35
1773903600,54024.85,54126.65,53999.5,54030.2,53990.435137133296,54236.80617589451,0,0,0,55554.15,54113.15,53258.15,,,3,3,1,1,,,,6176270,14995753.75
1773904500,54030.9,54150.3,54017.4,54130.2,54018.38810970663,54227.11470535865,0,0,0,55554.15,54113.15,53258.15,,,3,3,1,1,,,,7874714,15055136.5
1773905400,54128.6,54135.8,53923.95,53933.15,54001.34048776531,54200.390641235135,0,0,0,55554.15,54113.15,53258.15,,,3,3,1,1,,,,10148223,15135148.6
1773906300,53932.2,53985.85,53850.4,53861.2,53973.312390212246,54169.55512839558,0,0,0,55554.15,54113.15,53258.15,,,3,3,1,1,,,,9127331,15165694.8
1773907200,53862.6,53977.2,53854.5,53932.45,53965.1399121698,54148.000116723255,0,0,0,55554.15,54113.15,53258.15,,,3,3,1,1,,,,6425558,15085066.4
1773908100,53930.55,53940.7,53814.3,53824.35,53936.98192973584,54118.57737883932,0,0,0,55554.15,54113.15,53258.15,,,3,3,1,1,,,,6294587,14704816.6
1773909000,53825.7,53852.5,53660.15,53700.3,53889.645543788676,54080.5521625812,0,0,0,55554.15,54113.15,53258.15,,,3,3,1,1,,,,11812578,14264358.05
1773909900,53701.95,53793.35,53680.9,53686.9,53849.096435030944,54044.765602346546,0,0,0,55554.15,54113.15,53258.15,,,3,3,1,1,,,,8360375,10955856.25
1773910800,53691.3,53736.35,53602.95,53698.9,53819.05714802475,54013.32327486049,0,0,0,55554.15,54113.15,53258.15,,,3,3,1,1,,,,13680723,10452840.75
1773911700,53696.85,53742.05,53274.65,53284.85,53712.2157184198,53947.09843169136,0,0,0,55554.15,54113.15,53258.15,,,3,3,1,1,,,,20547408,10178631.55
1773912600,53287.25,53492.85,53240.6,53384.4,53646.65257473584,53895.94402881033,0,0,0,55554.15,54113.15,53258.15,,,3,3,1,1,,,,33293668,11037396.85
1773913500,53382.25,53699.85,53366.2,53693,53655.922059788674,53877.49457164575,0,0,0,55554.15,54113.15,53258.15,,,3,3,1,1,,,,26376587,11584718.95
1773978300,53677.6,54257.75,53657.5,54207.35,53766.20764783094,53907.481428768864,0,0,0,55554.15,54113.15,53258.15,,,3,3,1,1,,,,46892620,13298995.4
1773979200,54211.85,54382.45,54154.3,54157.45,53844.45611826475,53930.20584433533,0,0,0,55554.15,54113.15,53258.15,,,3,3,1,1,,,,19853862,13798030.45
1773980100,54152.75,54216.85,54096,54143.15,53904.1948946118,53949.56440394121,0,0,0,55554.15,54113.15,53258.15,,,3,3,1,1,,,,13768013,13990652.95
1773981000,54142.25,54145.25,54015.45,54015.45,53926.44591568944,53955.55400358292,0,0,0,55554.15,54113.15,53258.15,,,3,3,1,1,,,,9512659,13972663.7
1773981900,54017.1,54047.65,53911.8,54027.9,53946.73673255155,53962.130912348104,0,0,0,55554.15,54113.15,53258.15,,,3,3,1,1,,,,10625157,14158845.35
1773982800,54029,54110,54024.15,54063.1,53970.00938604124,53971.30992031646,0,0,0,55554.15,54113.15,53258.15,,,3,3,1,1,,,,8747652,14208426.5
1773983700,54060.85,54154.2,54031.4,54096.9,53995.38750883299,53982.72720028769,0,0,0,54382.45,53240.6,,,,1,1,1,1,,,,11544889,14395154.4
1773984600,54094.1,54116.25,54032.75,54092.4,54014.79000706639,53992.69745480699,0,0,0,54382.45,53240.6,,,,1,1,1,1,,,,9214063,14513846.85
1773985500,54092.3,54249.3,54076.9,54121.65,54036.16200565311,54004.4204134609,0,0,0,54382.45,53240.6,,,,1,1,1,1,,,,12929184,14851492.55
1773986400,54120.85,54156.05,54010.65,54015.7,54032.06960452249,54005.445830419005,0,0,0,54382.45,53240.6,,,,1,1,1,1,,,,9543213,14934917.5
1773987300,54015.55,54032.45,53887.35,53939.6,54013.57568361799,53999.45984583546,0,0,0,54382.45,53240.6,,,,1,1,1,1,,,,9270622,14891037.45
1773988200,53939.2,53961.35,53770.5,53833.85,53977.6305468944,53984.404405304966,0,0,0,54382.45,53240.6,,,,1,1,1,1,,,,10665433,14967942.55
1773989100,53834.3,53834.3,53575.8,53624.45,53906.99443751552,53951.68127754997,0,0,0,54382.45,53240.6,,,,1,1,1,1,,,,11064642,15199896.75
1773990000,53622.5,53821.7,53509.2,53785,53882.59555001241,53936.52843413634,0,0,0,54382.45,53240.6,,,,1,1,1,1,,,,11956621,15482998.45
1773990900,53787.05,53910.8,53769.2,53797.05,53865.48644000993,53923.84857648758,0,0,0,54382.45,53240.6,,,,1,1,1,1,,,,9849515,15384845.3
1773991800,53795.85,53929.8,53759.05,53850.15,53862.41915200795,53917.1487058978,0,0,0,54382.45,53240.6,,,,1,1,1,1,,,,10516149,15492634
1773992700,53847.05,53966.15,53821.7,53907.1,53871.35532160636,53916.23518717982,0,0,0,54382.45,53240.6,,,,1,1,1,1,,,,9074232,15262309.45
1773993600,53908.8,53925.85,53768.4,53776.6,53852.40425728509,53903.54107925438,0,0,0,54382.45,53240.6,,,,1,1,1,1,,,,9413314,14705604.75
1773994500,53781.5,53785.75,53668.6,53682.55,53818.43340582807,53883.45098114034,0,0,0,54382.45,53240.6,,,,1,1,1,1,,,,7135103,13397676.5
1773995400,53688,53820.25,53647.6,53715.45,53797.836724662455,53868.17816467304,0,0,0,54382.45,53240.6,,,,1,1,1,1,,,,9381561,12547925.2
1773996300,53711.8,53726.75,53547.1,53549,53748.06937972996,53839.16196788458,0,0,0,54382.45,53240.6,,,,4,1,1,1,,,,10904126,10748500.5
1773997200,53547.25,53619.15,53419.15,53421.8,53682.81550378397,53801.219970804166,0,0,0,54382.45,53240.6,,,,4,1,1,1,,,,11281108,10319862.8
1773998100,53423.85,53473,53364.95,53419.7,53630.19240302718,53766.536337094694,0,0,0,54382.45,53240.6,,,,4,1,1,1,,,,12207985,10241861.4
1773999000,53423.1,53621.85,53356.4,53383.85,53580.92392242174,53731.74667008608,0,0,0,54382.45,53240.6,,,,4,1,1,1,,,,61041985,12818327.7
1773999900,53385.35,53457.65,53297.55,53453.85,53555.50913793739,53706.483336441896,0,0,0,54382.45,53240.6,,,,4,1,1,1,,,,50851625,14829651.1
1774237500,52620.6,52665.3,52068.8,52190.2,53282.44731034991,53568.63939676536,0,0,0,54382.45,53240.6,,,,4,1,1,1,,,,42265433,16505540.15
1774238400,52186.75,52266.95,52141.55,52187.5,53063.457848279926,53443.081269786686,0,0,0,54382.45,53240.6,,,,4,1,1,1,,,,19412060,16898898.7
1774239300,52186.75,52192.45,51838.4,51846,52819.96627862394,53297.89206344244,0,0,0,54382.45,53240.6,,,,4,1,1,1,,,,18587503,17367570.7
1774240200,51845.8,51963.15,51796.3,51826.6,52621.29302289915,53164.13823949313,0,0,0,54382.45,53240.6,,,,4,1,1,1,,,,15116290,17476926
1774241100,51825.15,51896.05,51712.65,51718.85,52440.80441831932,53032.74839953921,0,0,0,54382.45,53240.6,,,,4,1,1,1,,,,17307055,17865118.1
1774242000,51717.65,51842.3,51712.2,51770.7,52306.78353465546,52918.01672685383,0,0,0,54382.45,53240.6,,,,4,1,1,1,,,,13741871,18088680.55
1774242900,51772.85,51789.05,51617.45,51654.85,52176.39682772436,52803.183388048936,0,0,0,54382.45,53240.6,,,,4,1,1,1,,,,14300471,18270432.45
1774243800,51658.35,51783.3,51568.4,51746.5,52090.41746217949,52707.12126186267,0,0,0,54382.45,53240.6,,,,4,1,1,1,,,,8731310,18153765.85
1774244700,51748.75,51797.3,51697.9,51783.4,52029.01396974359,52623.146601693334,0,0,0,54382.45,53240.6,,,,4,1,1,1,,,,6827671,17897318.35
1774245600,51786.85,51817.8,51632.05,51665.15,51956.24117579487,52536.05600153939,0,0,0,54382.45,53240.6,,,,4,1,1,1,,,,8865475,17848116.35
1774246500,51662.35,51790.75,51651,51736.35,51912.2629406359,52463.355455944904,0,0,0,54382.45,53240.6,,,,4,1,1,1,,,,6220623,17633340.05
1774247400,51743.05,51780.9,51673.15,51708,51871.41035250872,52394.686778131734,0,0,0,54382.45,53240.6,,,,4,1,1,1,,,,6195856,17489421.25
1774248300,51706.65,51725,51602.5,51717.25,51840.57828200697,52333.10161648339,0,0,0,54382.45,53240.6,,,,4,1,1,1,,,,10442418,17540876.45
1774249200,51714.6,51806.8,51667.8,51729.9,51818.44262560558,52278.265105893995,0,0,0,54382.45,53240.6,,,,4,1,1,1,,,,8715950,17619918.8
1774250100,51730.55,51789.45,51593.9,51648.9,51784.53410048447,52221.05009626727,0,0,0,54382.45,53240.6,,,,4,1,1,1,,,,7990893,17550385.4
1774251000,51647.45,51684.95,51556.45,51605.15,51748.657280387575,52165.05917842479,0,0,0,54382.45,53240.6,,,,4,1,1,1,,,,9266725,17468515.35
1774251900,51607.4,51702.5,51597.35,51664.8,51731.88582431006,52119.58107129526,0,0,0,54382.45,53240.6,,,,4,1,1,1,,,,7590823,17284001.1
1774252800,51664.2,51854.7,51658.95,51847.85,51755.07865944805,52094.878246632055,0,0,0,54382.45,53240.6,,,,4,1,1,1,,,,11797088,17263456.25
1774253700,51841.65,51917.45,51806.9,51849,51773.86292755844,52072.525678756414,0,0,0,54382.45,53240.6,,,,4,1,1,1,,,,14761464,14949430.2
1774254600,51848.4,52041.35,51816.25,51942.1,51807.51034204675,52060.66879886947,0,0,0,54382.45,53240.6,,,,4,1,1,1,,,,13636931,13088695.5
1774255500,51941.75,51992.25,51832.7,51836.1,51813.228273637396,52040.2534535177,0,0,0,54382.45,53240.6,,,,4,1,1,1,,,,11408373,11545842.5
1774256400,51837.25,51839.25,51566.85,51789.6,51808.502618909915,52017.466775925175,0,0,0,54382.45,53240.6,,,,4,1,1,1,,,,22551819,11702830.45
1774257300,51783.4,51868.1,51655.7,51692.8,51785.36209512793,51987.95161447743,0,0,0,54382.45,53240.6,,,,4,1,1,1,,,,21100351,11828472.85
1774258200,51694.4,51696.6,51401.2,51410.75,51710.439676102345,51935.47874043403,0,0,0,54382.45,53240.6,,,,4,1,1,1,,,,35579200,12851618.35
1774259100,51407.05,51491.4,51323.6,51446.15,51657.58174088188,51890.99430948548,0,0,0,54382.45,53240.6,,,,4,1,1,1,,,,40914090,14031970.1
1774323900,52491.75,52491.75,52155.2,52429.95,51812.0553927055,51939.99028135044,0,0,0,54382.45,53240.6,,,,4,1,1,1,,,,41711209,15430437
1774324800,52425.45,52495.7,52155.3,52196,51888.8443141644,51963.26389213676,0,0,0,54382.45,53240.6,,,,4,1,1,1,,,,16262023,15528514.6
1774325700,52194.8,52291.9,52079.15,52240,51959.07545133152,51988.42172012433,0,0,0,54382.45,53240.6,,,,4,1,1,1,,,,14235470,15803722.6
1774326600,52240.4,52244.15,51997.2,52075.25,51982.31036106522,51996.31520011303,0,0,0,54382.45,53240.6,,,,4,1,1,1,,,,9205988,15922638.45
1774327500,52077.3,52248,52062.75,52129.75,52011.79828885217,52008.44563646639,0,0,0,54382.45,53240.6,,,,4,1,1,1,,,,8651761,15911952.75
1774328400,52132.4,52132.95,51864.55,51977.25,52004.88863108174,52005.6096695149,0,0,0,54382.45,53240.6,,,,4,1,1,1,,,,9536850,16077764.1
1774329300,51978.45,52111.1,51827.5,51846.75,51973.26090486539,51991.16788137719,0,0,0,52495.7,51323.6,,,,1,1,1,1,,,,8977340,16216838.3
1774330200,51846.6,52009.35,51846.05,51957.45,51970.09872389231,51988.102619433805,0,0,0,52495.7,51323.6,,,,1,1,1,1,,,,6515024,16020468.6
1774331100,51976.35,52068.6,51924.65,52014.7,51979.01897911385,51990.52056312164,0,0,0,52495.7,51323.6,,,,1,1,1,1,,,,9598707,16064606.45
1774332000,52016.75,52104.6,51992.6,52037.4,51990.69518329108,51994.78233011058,0,0,0,52495.7,51323.6,,,,1,1,1,1,,,,7472436,16038683.6
1774332900,52038.1,52185.65,51993.25,52117.25,52016.00614663286,52005.91575464598,0,0,0,52495.7,51323.6,,,,1,1,1,1,,,,7757127,15963203.7
1774333800,52118.55,52136.25,51989.3,51993.4,52011.48491730629,52004.777958769075,0,0,0,52495.7,51323.6,,,,1,1,1,1,,,,6201284,15893726.75
1774334700,51994.8,52423.6,51972.15,52221.5,52053.487933845034,52024.47996251734,0,0,0,52495.7,51323.6,,,,1,1,1,1,,,,15908249,16099284.8
1774335600,52219.25,52704.85,52218.4,52620.55,52166.90034707603,52078.66814774304,0,0,0,52495.7,51323.6,,,,1,1,1,1,,,,16359772,16179200.2
1774336500,52620.75,52859.55,52617.95,52689.25,52271.370277660826,52134.17558885731,0,0,0,52495.7,51323.6,,,,1,1,1,1,,,,15272159,16260961.6
1774337400,52684.6,52768.75,52516.2,52768.75,52370.84622212866,52191.86417168847,0,0,0,52495.7,51323.6,,,,1,1,1,1,,,,9648736,16172979.75
1774338300,52765.2,52854.3,52691.6,52851.25,52466.926977702926,52251.808337898605,0,0,0,52495.7,51323.6,,,,1,1,1,1,,,,8586189,15474698.25
1774339200,52847.45,52949.15,52780.05,52887.15,52550.97158216234,52309.566670816916,0,0,0,52495.7,51323.6,,,,1,1,1,1,,,,9818655,14910613.45
1774340100,52889.45,52906.6,52676.3,52749.95,52590.76726572987,52349.60151892447,0,0,0,52495.7,51323.6,,,,1,1,1,1,,,,11458947,13704600.8
1774341000,52746.35,52819.35,52694.95,52809.45,52634.50381258389,52391.405926294974,0,0,0,52495.7,51323.6,,,,1,1,1,1,,,,7698794,12043836
1774341900,52814.45,52917.75,52652,52726.45,52652.89305006711,52421.86447844998,0,0,0,52495.7,51323.6,,,,1,1,1,1,,,,10553752,10485963.15
1774342800,52726.9,52728.8,52530.75,52587.65,52639.84444005369,52436.93588949998,0,0,0,52495.7,51323.6,,,,1,1,1,1,,,,14642464,10404985.2
1774343700,52584.25,52717,52550.8,52668.9,52645.655552042954,52458.02353590907,0,0,0,52949.15,51827.5,51323.6,,,1,1,1,1,,,,12529809,10319702.15
1774344600,52671.6,52682.45,52542.8,52548,52626.12444163436,52466.203214462796,0,0,0,52949.15,51827.5,51323.6,,,1,1,1,1,,,,29341614,11326483.45
1774345500,52549.7,52753.1,52493.15,52745.65,52650.02955330749,52491.60746769345,0,0,0,52949.15,51827.5,51323.6,,,1,1,1,1,,,,29834154,12385603.1
1774410300,53026.35,53571.8,53026.35,53545.6,52829.14364264599,52587.42497063041,0,0,0,52949.15,51827.5,51323.6,,,1,1,1,1,,,,35225744,13670047.8
1774411200,53545.75,53695.4,53461.2,53689.05,53001.124914116794,52687.5727005731,0,0,0,52949.15,51827.5,51323.6,,,1,1,1,1,,,,19673494,14204855.5
1774412100,53686.85,53754.2,53605.15,53642.75,53129.449931293435,52774.407000521,0,0,0,52949.15,51827.5,51323.6,,,1,1,1,1,,,,13709452,14564576.9
1774413000,53637,53719.3,53528.9,53718.75,53247.30994503475,52860.25636411,0,0,0,52949.15,51827.5,51323.6,,,1,1,1,1,,,,12056897,14687486.4
1774413900,53713.25,53756.3,53628.05,53720.1,53341.8679560278,52938.42396737273,0,0,0,52949.15,51827.5,51323.6,,,1,1,1,1,,,,9203900,14774059.6
1774414800,53715.55,53867.1,53664.85,53850.3,53443.554364822245,53021.32178852066,0,0,0,52949.15,51827.5,51323.6,,,1,1,1,1,,,,10998042,14936105.35
1774415700,53851,53898.85,53822.8,53893.6,53533.56349185779,53100.61980774606,0,0,0,52949.15,51827.5,51323.6,,,1,1,1,1,,,,8451542,15048618.25
1774416600,53889.95,53990.15,53873.85,53987.2,53624.29079348623,53181.21800704187,0,0,0,52949.15,51827.5,51323.6,,,1,1,1,1,,,,10726817,14789546.65
1774417500,53985.65,54015.7,53839.65,53892.8,53677.992634788985,53245.90727912897,0,0,0,52949.15,51827.5,51323.6,,,1,1,1,1,,,,11522445,14547680.3
1774418400,53892.05,53919.45,53683,53794.15,53701.224107831185,53295.74752648088,0,0,0,52949.15,51827.5,51323.6,,,1,1,1,1,,,,11449457,14356545.2
1774419300,53792.45,54006.35,53773.4,53963.4,53753.65928626495,53356.44320589171,0,0,0,52949.15,51827.5,51323.6,,,1,1,1,1,,,,12616300,14504923.4
1774420200,53962.1,54096.95,53944.35,54090.05,53820.93742901196,53423.13473262882,0,0,0,52949.15,51827.5,51323.6,,,1,1,1,1,,,,10666711,14608949.5
1774421100,54095.3,54104.55,54000.75,54022.45,53861.23994320957,53477.61793875347,0,0,0,52949.15,51827.5,51323.6,,,1,1,1,1,,,,10078775,14621955.5
1774422000,54027,54146.15,53980,54059.85,53900.961954567654,53530.54812613952,0,0,0,52949.15,51827.5,51323.6,,,1,1,1,1,,,,9102719,14504144.1
1774422900,54062.2,54075.6,53839.55,53843.65,53889.49956365412,53559.011932854104,0,0,0,52949.15,51827.5,51323.6,,,1,1,1,1,,,,9596572,14599033
1774423800,53842.05,53986.8,53827.05,53900.8,53891.7596509233,53590.083575321914,0,0,0,52949.15,51827.5,51323.6,,,1,1,1,1,,,,8157289,14479209.85
1774424700,53899.45,53974.9,53830.85,53951.55,53903.71772073864,53622.94415938356,0,0,0,52949.15,51827.5,51323.6,,,1,1,1,1,,,,8401459,14167159.6
1774425600,53950.2,54035.35,53862.35,54027.3,53928.43417659091,53659.703781257784,0,0,0,52949.15,51827.5,51323.6,,,1,1,1,1,,,,11916573,14136497.8
1774426500,54030.5,54111,53996.25,54052.6,53953.26734127273,53695.42161932526,0,0,0,54146.15,51827.5,51323.6,,,1,1,1,1,,,,10036731,13171253.65
1774427400,54057.95,54119.5,53902.9,53907.65,53944.14387301818,53714.71510847751,0,0,0,54146.15,51827.5,51323.6,,,1,1,1,1,,,,13281451,12343618.5
1774428300,53915.7,53927.2,53732.75,53825.6,53920.43509841455,53724.79555316137,0,0,0,54146.15,51827.5,51323.6,,,1,1,1,1,,,,16537349,11409198.75
1774429200,53824.4,53898.25,53763.9,53853.7,53907.08807873164,53736.51413923761,0,0,0,54146.15,51827.5,51323.6,,,1,1,1,1,,,,12940215,11072534.8
1774430100,53851.75,53881.7,53738.5,53763.55,53878.38046298531,53738.97194476146,0,0,0,54146.15,51827.5,51323.6,,,1,1,1,1,,,,11284202,10951272.3
1774431000,53764.5,53859.9,53623.85,53676.15,53837.93437038825,53733.260858874055,0,0,0,54146.15,51827.5,51323.6,,,1,1,1,1,,,,33376387,12017246.8
1774431900,53676.1,53735.95,53653.35,53689.95,53808.337496310596,53729.323508067326,0,0,0,54146.15,51827.5,51323.6,,,1,1,1,1,,,,25350564,12824580
1774583100,53292.5,53292.5,52773.1,52810.7,53608.809997048476,53645.8122800612,1,0,0,54146.15,51827.5,51323.6,,,2,2,1,1,1,,,42852554,14417305.6
1774584000,52813.1,52845.6,52696,52791.45,53445.33799763878,53568.14298187382,0,1,0,54146.15,51827.5,51323.6,,,3,2,1,1,,1,,18160749,14902765.95
1774584900,52783.6,52793.35,52638.95,52681.55,53292.58039811102,53487.54361988529,0,0,0,54146.15,51827.5,51323.6,,,3,2,1,1,,,,15004232,15116636.7
1774585800,52678.5,52774.25,52615.2,52629.1,53159.88431848882,53409.50329080481,0,0,0,54146.15,51827.5,51323.6,,,3,2,1,1,,,,15072351,15294132
1774586700,52632.4,52703.75,52591.15,52691.2,53066.147454791055,53344.202991640734,0,0,0,54146.15,51827.5,51323.6,,,3,2,1,1,,,,12118070,15327562.65
1774587600,52692.2,52761.15,52639.8,52658.5,52984.61796383285,53281.86635603703,0,0,0,54146.15,51827.5,51323.6,,,3,2,1,1,,,,10380907,15215793
1774588500,52656.15,52667.35,52533.1,52584.3,52904.554371066275,53218.45123276094,0,0,0,54146.15,51827.5,51323.6,,,3,2,1,1,,,,9754060,15170160.45
1774589400,52584.7,52625.75,52531.15,52591.95,52842.03349685302,53161.496575237215,0,0,0,54146.15,51827.5,51323.6,,,3,2,1,1,,,,10294623,15180952.85
1774590300,52591.75,52616.55,52434.75,52453.95,52764.416797482416,53097.17415930656,0,0,0,54146.15,51827.5,51323.6,,,3,2,1,1,,,,9935578,15222595.8
1774591200,52455.65,52566.95,52447.5,52528.8,52717.293437985936,53045.503781187785,0,0,0,54146.15,51827.5,51323.6,,,3,2,1,1,,,,10988745,15292204.45
1774592100,52529.75,52559.3,52490.75,52540.55,52681.94475038875,52999.5988919889,0,0,0,54146.15,51827.5,51323.6,,,3,2,1,1,,,,8556166,15312148.3
1774593000,52537.35,52560.4,52457.9,52492.15,52643.985800311,52953.46717453536,0,0,0,54146.15,51827.5,51323.6,,,3,2,1,1,,,,7491570,15266653.85
1774593900,52487.35,52614.4,52427.65,52601.7,52635.5286402488,52921.48834048669,0,0,0,54146.15,51827.5,51323.6,,,3,2,1,1,,,,12138881,15277769.25
1774594800,52605.25,52613.7,52511.85,52613.7,52631.16291219904,52893.50758226063,0,0,0,54146.15,51827.5,51323.6,,,3,2,1,1,,,,7350913,15143478.35
1774595700,52607.45,52668.5,52545.15,52574.35,52619.80032975923,52864.493256600574,0,0,0,54146.15,51827.5,51323.6,,,3,2,1,1,,,,7846487,14871730.15
1774596600,52575.3,52632.45,52556,52615.65,52618.97026380739,52841.87114236416,0,0,0,54146.15,51827.5,51323.6,,,3,2,1,1,,,,6889503,14389337.85
1774597500,52617.15,52707.9,52595.65,52598.9,52614.95621104591,52819.78285669469,0,0,0,54146.15,51827.5,51323.6,,,3,2,1,1,,,,11005208,14292587.5
1774598400,52601.65,52601.65,52528.35,52545.75,52601.11496883673,52794.870778813354,0,0,0,54146.15,51827.5,51323.6,,,3,2,1,1,,,,10150880,14235921.4
1774599300,52546.15,52576,52491,52517,52584.29197506938,52769.60979892123,0,0,0,54146.15,51827.5,51323.6,,,3,2,1,1,,,,9613657,13047784.9
1774600200,52514.9,52555.25,52421.95,52504.6,52568.353580055504,52745.5179990193,0,0,0,54146.15,51827.5,51323.6,,,3,2,1,1,,,,14288858,12494699.6
1774601100,52502.95,52511.35,52404,52422.85,52539.2528640444,52716.184544563,0,0,0,54146.15,51827.5,51323.6,,,3,2,1,1,,,,14912458,11097694.8
1774602000,52421.4,52425.8,52271.75,52306.2,52492.64229123552,52678.913222330004,0,1,0,54146.15,51827.5,51323.6,,,3,3,1,1,,1,,28589158,11619115.25
1774602900,52304.9,52369.95,52278,52293.45,52452.803832988415,52643.8711112091,0,0,0,54146.15,51827.5,51323.6,,,3,3,1,1,,,,20692784,11903542.85
1774603800,52297.85,52332.15,52235.5,52309.4,52424.12306639073,52613.46464655372,0,0,0,54146.15,51827.5,51323.6,,,3,3,1,1,,,,176592094,19979530
1774604700,52308.55,52364.35,52211.2,52364.35,52412.16845311259,52590.81786050338,0,0,0,54146.15,51827.5,51323.6,,,3,3,1,1,,,,157625466,27254899.8
1774842300,51591.75,51624.5,50888.15,51082.55,52146.24476249007,52453.70260045762,0,0,0,54146.15,51827.5,51323.6,,,3,3,1,1,,,,63543931,29913051
1774843200,51085.15,51360.2,51079.6,51212.2,51959.43580999205,52340.838727688744,0,0,0,54146.15,51827.5,51323.6,,,3,3,1,1,,,,25893750,30720035.5
1774844100,51212.95,51272.75,51036.25,51088.35,51785.21864799364,52226.976116080674,0,0,0,54146.15,51827.5,51323.6,,,3,3,1,1,,,,18195839,31115096.3
1774845000,51087.05,51218.5,50993.2,51104.4,51649.05491839491,52124.92374189152,0,0,0,54146.15,51827.5,51323.6,,,3,3,1,1,,,,18222835,31529459.15
1774845900,51101.4,51117.45,50946.9,50948.95,51509.03393471593,52018.0170380832,0,0,0,54146.15,51827.5,51323.6,,,3,3,1,1,,,,15874832,31773763.5
1774846800,50950.8,51029.85,50913.55,50921.45,51391.51714777274,51918.32912553018,0,0,0,54146.15,51827.5,51323.6,,,3,3,1,1,,,,14327480,32062329.2
1774847700,50917.65,50979.05,50839.9,50842.55,51281.72371821819,51820.53102320925,0,0,0,54146.15,51827.5,51323.6,,,3,3,1,1,,,,14474502,32411475.8
1774848600,50841.95,50903.15,50767,50808.45,51187.068974574555,51728.52365746296,0,0,0,54146.15,51827.5,51323.6,,,3,3,1,1,,,,12249003,32416981.9
1774849500,50804.85,50854.25,50773.55,50819.95,51113.645179659645,51645.926052239054,0,0,0,54146.15,51827.5,51323.6,,,3,3,1,1,,,,10941844,32596528.45
1774850400,50818.25,50935.3,50787.4,50807.05,51052.32614372772,51569.664592944595,0,0,0,54146.15,51827.5,51323.6,,,3,3,1,1,,,,11147926,32761600.4
1774851300,50802.1,50847.15,50744.6,50812.4,51004.340914982175,51500.82235722236,0,0,0,54146.15,51827.5,51323.6,,,3,3,1,1,,,,11704779,33002364.2
1774852200,50812.55,50973.5,50806.5,50930.15,50989.50273198574,51448.943052020324,0,0,0,54146.15,51827.5,51323.6,,,3,3,1,1,,,,14831392,33193673.4
1774853100,50931.4,51008.95,50804.3,50830.2,50957.64218558859,51392.69368365484,0,0,0,54146.15,51827.5,51323.6,,,3,3,1,1,,,,12224794,33297369.1
1774854000,50833.7,50939.25,50800.9,50910.65,50948.24374847087,51348.87153059531,0,0,0,54146.15,51827.5,51323.6,,,3,3,1,1,,,,10162328,33324802.65
1774854900,50910.15,50926.45,50766.95,50795.45,50917.6849987767,51298.56048235937,0,0,0,54146.15,51827.5,51323.6,,,3,3,1,1,,,,10268516,33123785.55
1774855800,50792.35,50817.75,50733.2,50774.95,50889.13799902136,51250.9595294176,0,0,0,54146.15,51827.5,51323.6,,,3,3,1,1,,,,12456692,33000997.25
1774856700,50772.55,50811.2,50651.15,50694.8,50850.27039921709,51200.39957219782,0,0,0,54146.15,51827.5,51323.6,,,3,3,1,1,,,,11843587,32163718.7
1774857600,50693.15,50741.6,50646.55,50662.2,50812.656319373666,51151.47233836166,0,0,0,54146.15,51827.5,51323.6,,,3,3,1,1,,,,11294200,31693789.5
1774858500,50665.4,50674.95,50603.15,50611.65,50772.45505549893,51102.39758032878,0,0,0,54146.15,51827.5,51323.6,,,3,3,1,1,,,,19290433,23828706.45
1774859400,50610.3,50708.3,50596.25,50612.25,50740.41404439915,51057.838709389805,0,0,0,54146.15,51827.5,51323.6,,,3,3,1,1,,,,20611768,16978021.55
1774860300,50608.7,50625.45,50455,50466.15,50685.56123551932,51004.048826718004,0,0,0,54146.15,51827.5,51323.6,,,3,3,1,1,,,,16812717,14641460.85
1774861200,50464.65,50539.35,50397.9,50461.65,50640.778988415455,50954.73984247091,0,0,0,54146.15,51827.5,51323.6,,,3,3,1,1,,,,26800509,14686798.8
1774862100,50456.45,50492.95,50337.75,50365.7,50585.76319073237,50901.190765882646,0,0,0,54146.15,51827.5,51323.6,,,3,3,1,1,,,,22214415,14887727.6
1774863000,50367.85,50367.85,50105.25,50297,50528.010552585896,50846.26433262059,0,0,0,54146.15,51827.5,51323.6,,,3,3,1,1,,,,81057418,18029456.75
1774863900,50297.65,50443.6,50262.4,50403.35,50503.07844206872,50805.999393291444,0,0,0,54146.15,51827.5,51323.6,,,3,3,1,1,,,,75360459,21003738.1
1775015100,51483.6,51801.6,51420.2,51767.55,50755.972753654976,50893.4130848104,0,0,0,54146.15,51827.5,51323.6,,,3,3,1,1,,,,51224640,22848596.1
1775016000,51771.45,51806.25,51440.5,51528.35,50910.44820292398,50951.13462255491,0,0,0,54146.15,51827.5,51323.6,,,3,3,1,1,,,,23199049,23284823.45
1775016900,51530.5,51668.75,51484.5,51577.6,51043.87856233918,51008.08602050447,0,0,0,54146.15,51827.5,51323.6,,,3,3,1,1,,,,12901980,23317472.3
1775017800,51576.5,51648.9,51433.75,51451.95,51125.49284987134,51048.4372913677,0,0,0,54146.15,51827.5,51323.6,,,3,3,1,1,,,,8346781,23187719.15
1775018700,51452.55,51474.2,51133.55,51194.95,51139.38427989707,51061.756628516094,0,0,0,54146.15,51827.5,51323.6,,,3,3,1,1,,,,16057197,23433182.7
1775019600,51199.15,51271.3,51176.25,51242.3,51159.96742391766,51078.16966228736,0,0,0,54146.15,51827.5,51323.6,,,3,3,1,1,,,,9155675,23305727.5
1775020500,51243.15,51292.8,51167.4,51185.7,51165.11393913413,51087.94514753396,0,0,0,51806.25,50105.25,,,,1,1,1,1,,,,7755027,22951909.25
1775021400,51188.8,51271.95,51150.6,51226.1,51177.3111513073,51100.50467957633,0,0,0,51806.25,50105.25,,,,1,1,1,1,,,,7129606,22697149.85
1775022300,51225.2,51373.8,51181.7,51372.5,51216.34892104584,51125.23152688757,0,0,0,51806.25,50105.25,,,,1,1,1,1,,,,10287922,22703429.55
1775023200,51370.3,51487.5,51365.65,51455.25,51264.12913683667,51155.23320626142,0,0,0,51806.25,50105.25,,,,1,1,1,1,,,,11535129,22766760.2
1775024100,51454.4,51462.15,51303.55,51412.15,51293.73330946934,51178.58927841947,0,0,0,51806.25,50105.25,,,,1,1,1,1,,,,8400577,22563954.45
1775025000,51409.95,51662.25,51405.5,51644.55,51363.89664757547,51220.9493440177,0,0,0,51806.25,50105.25,,,,1,1,1,1,,,,15720447,22757797.45
1775025900,51644.45,51715.4,51600.15,51667.4,51424.597318060376,51261.53576728882,0,0,0,51806.25,50105.25,,,,1,1,1,1,,,,11514148,22768794.85
1775026800,51666.85,51763.15,51657.95,51717.65,51483.2078544483,51303.00069753529,0,0,0,51806.25,50105.25,,,,1,1,1,1,,,,13417045,22475125.45
1775027700,51719.85,51876.4,51714.6,51837.55,51554.07628355864,51351.59608866844,0,0,0,51806.25,50105.25,,,,1,1,1,1,,,,12259561,22057515.1
1775028600,51839.1,51979.3,51834.9,51975.7,51638.401026846914,51408.3328078804,0,0,0,51806.25,50105.25,,,,1,1,1,1,,,,12087581,21821258.3
1775029500,51977.6,52025.85,51739,51779.9,51666.700821477534,51442.111643527634,0,0,0,51806.25,50105.25,,,,1,1,1,1,,,,10832694,21022867.55
1775030400,51779.95,51784.6,51423.1,51470,51627.36065718203,51444.64694866149,0,0,0,51806.25,50105.25,,,,1,1,1,1,,,,15276114,20675952.5
1775031300,51472.4,51639.65,51418.75,51568.75,51615.63852574562,51455.92904423772,0,0,0,51806.25,50105.25,,,,1,1,1,1,,,,9807807,17113471.95
1775032200,51569.35,51740.65,51527.65,51732.9,51639.090820596495,51481.10822203429,0,0,0,51806.25,50105.25,,,,1,1,1,1,,,,10201783,13855538.15
1775033100,51738.6,51740.3,51607.3,51704.95,51652.26265647719,51501.45747457662,0,0,0,51806.25,50105.25,,,,1,1,1,1,,,,8503675,11719489.9
1775034000,51705.25,51711.45,51436.1,51479.8,51617.770125181756,51499.48861325147,0,0,0,52025.85,50105.25,,,,1,1,1,1,,,,11599409,11139507.9
1775034900,51476.8,51521.6,51369.8,51441.85,51582.5861001454,51494.24873931952,0,0,0,52025.85,50105.25,,,,1,1,1,1,,,,12317595,11110288.65
1775035800,51436.05,51512.5,51389.3,51418.4,51549.74888011632,51487.35339938138,0,0,0,52025.85,50105.25,,,,1,1,1,1,,,,24821829,11934041.05
1775036700,51417.45,51532.75,51411.5,51526.1,51545.01910409306,51490.87581761944,0,0,0,52025.85,50105.25,,,,1,1,1,1,,,,24887516,12375557
1775101500,50645.2,50646.15,50004.3,50104.3,51256.87528327445,51364.823470563126,1,0,0,52025.85,50105.25,,,,2,1,1,1,1,,,33867327,13611139.6
1775102400,50102.8,50347,50096.9,50227.05,51050.91022661956,51261.38951869375,0,1,0,52025.85,50105.25,,,,3,1,1,1,,1,,14346670,13940721.75
1775103300,50228.85,50244.1,50113.85,50121.25,50864.97818129565,51157.74047153977,0,0,0,52025.85,50105.25,,,,3,1,1,1,,,,10995953,14134039.1
1775104200,50125.3,50186.6,50007.3,50172.3,50726.44254503652,51068.154974127065,0,0,0,52025.85,50105.25,,,,3,1,1,1,,,,17160521,14477669.05
1775105100,50173.25,50173.25,50047.9,50081.4,50597.43403602922,50978.44997647915,0,0,0,52025.85,50105.25,,,,3,1,1,1,,,,9200750,14360950.1
1775106000,50080.15,50125.3,50033.45,50092.45,50496.43722882337,50897.90452407195,0,0,0,52025.85,50105.25,,,,3,1,1,1,,,,6574055,14269624
1775106900,50092.6,50112.4,49954.85,50102.55,50417.6597830587,50825.59956733813,0,0,0,52025.85,50105.25,,,,3,1,1,1,,,,7031798,13835191.55
1775107800,50106.05,50161.8,50086.95,50111.15,50356.35782644696,50760.64960667103,0,0,0,52025.85,50105.25,,,,3,1,1,1,,,,8421224,13680545.35
1775108700,50115.85,50148.9,50065.05,50081.15,50301.31626115757,50698.87691515548,0,0,0,52025.85,50105.25,,,,3,1,1,1,,,,7913890,13405387.6
1775109600,50078.65,50151.65,50067.1,50097.55,50260.56300892605,50644.21083195953,0,0,0,52025.85,50105.25,,,,3,1,1,1,,,,7928430,13188831.05
1775110500,50094.2,50254.6,50093.85,50192.3,50246.910407140844,50603.12802905412,0,0,0,52025.85,50105.25,,,,3,1,1,1,,,,7599720,12964438
1775111400,50192.8,50219.65,50054.85,50133.3,50224.188325712676,50560.4163900492,0,0,0,52025.85,50105.25,,,,3,1,1,1,,,,8348339,12840220.25
1775112300,50137.3,50189.5,50030.85,50188.3,50217.010660570144,50526.58762731745,0,0,0,52025.85,50105.25,,,,3,1,1,1,,,,7528924,12452860.75
1775113200,50184.2,50452.45,50182.55,50439.1,50261.42852845611,50518.63420665223,0,0,0,52025.85,50105.25,,,,3,1,1,1,,,,12938968,12609418.8
1775114100,50440,50460.1,50324.6,50442.5,50297.64282276489,50511.712915138385,0,0,0,52025.85,50105.25,,,,3,1,1,1,,,,11110690,12654864.15
1775115000,50445.2,50529.15,50314.4,50398.25,50317.76425821191,50501.39810467126,0,0,0,52025.85,50105.25,,,,3,1,1,1,,,,9590409,12709200.85
1775115900,50398.4,50743.5,50392.4,50739.7,50402.15140656952,50523.06191333751,0,0,0,52025.85,50105.25,,,,3,1,1,1,,,,11347584,12696609.6
1775116800,50745.7,50912,50693,50879.4,50497.60112525562,50555.45628485228,0,0,0,52025.85,50105.25,,,,3,1,1,1,,,,10553289,12608394.3
1775117700,50877.35,50957.95,50773.5,50873.5,50572.780900204496,50584.36934986571,0,0,0,52025.85,50105.25,,,,3,1,1,1,,,,11019911,11918298.4
1775118600,50871.1,51174.85,50863.35,51174.85,50693.1947201636,50638.04940896883,0,0,0,52025.85,50105.25,,,,3,1,1,1,,,,13349979,11341421.55
1775119500,51175.1,51339.8,51166.95,51243.45,50803.245776130876,50693.0858263353,0,0,0,52025.85,50105.25,,,,3,1,1,1,,,,13707652,10333437.8
1775120400,51248.3,51381.55,51013.8,51029.25,50848.4466209047,50723.64620575937,0,0,0,52025.85,50105.25,,,,3,1,1,1,,,,17031194,10467664
1775121300,51035.5,51283.6,50989.85,51251.95,50929.147296723764,50771.67382341761,0,0,0,52025.85,50105.25,,,,3,1,1,1,,,,13684910,10602111.85
1775122200,51254.7,51730.4,51249.3,51674.35,51078.18783737901,50853.735294016005,0,0,0,52025.85,50105.25,,,,3,1,1,1,,,,35460506,11517111.1
1775123100,51674.3,51731.95,51487.45,51556.2,51173.790269903206,50917.59572183273,0,0,0,52025.85,50105.25,,,,3,1,1,1,,,,30639213,12589034.25
1775447100,51782.75,51829.3,51111.1,51344.6,51207.95221592257,50956.41429257521,0,0,0,52025.85,50105.25,,,,3,1,1,1,,,,44654269,14493044.95
1775448000,51341.4,51879.65,51337.3,51593.2,51285.001772738055,51014.3039023411,0,0,0,52025.85,50105.25,,,,3,1,1,1,,,,30279793,15655444.7
1775448900,51592.4,51673.65,51348.2,51348.2,51297.64141819044,51044.65809303736,0,0,0,52025.85,50105.25,,,,3,1,1,1,,,,14138798,15941323.4
1775449800,51348.65,51483.85,51324.9,51474.25,51332.96313455235,51083.711902761235,0,0,0,52025.85,50105.25,,,,3,1,1,1,,,,14041439,16247700.85
1775450700,51490.65,51553.2,51354.35,51444.35,51355.24050764188,51116.49718432839,0,0,0,52025.85,50105.25,,,,3,1,1,1,,,,12297172,16466137.95
1775451600,51441.15,51605.5,51352.55,51603.6,51404.9124061135,51160.779258480354,0,0,0,52025.85,50105.25,,,,3,1,1,1,,,,9581777,16565240.8
1775452500,51604.75,51664.55,51496.4,51603.45,51444.6199248908,51201.02205316396,0,0,0,51879.65,49954.85,,,,1,1,1,1,,,,8821379,16588892.8
1775453400,51604.05,51607.95,51352.95,51417.45,51439.18593991264,51220.69732105814,0,0,0,51879.65,49954.85,,,,1,1,1,1,,,,9220816,16673487.4
1775454300,51418.6,51577.5,51400.7,51561.55,51463.65875193011,51251.68392823468,0,0,0,51879.65,49954.85,,,,1,1,1,1,,,,8552047,16454141.35
1775455200,51568.55,51624.35,51484.1,51597.3,51490.38700154409,51283.10357112243,0,0,0,51879.65,49954.85,,,,1,1,1,1,,,,6459452,16221579.45
1775456100,51595.95,51773.95,51576.1,51662.4,51524.78960123527,51317.585064656756,0,0,0,51879.65,49954.85,,,,1,1,1,1,,,,8420435,16163080.75
1775457000,51661.5,51736.35,51649.75,51659.2,51551.67168098822,51348.640967869775,0,0,0,51879.65,49954.85,,,,1,1,1,1,,,,7404153,15965909.2
1775457900,51659.45,51846.45,51629.25,51809.65,51603.267344790576,51390.550879881615,0,0,0,51879.65,49954.85,,,,1,1,1,1,,,,11304607,16003475.1
1775458800,51807.8,51823.15,51617.75,51723.75,51627.36387583246,51420.84170898329,0,0,0,51879.65,49954.85,,,,1,1,1,1,,,,9459452,15925452.15
1775459700,51724.05,52054.55,51723.5,52044.3,51710.75110066597,51477.51973543935,0,0,0,51879.65,49954.85,,,,1,1,1,1,,,,16899781,16102942.25
1775460600,52049.9,52241.2,51925.85,52224.25,51813.45088053278,51545.40430494487,0,0,0,51879.65,49954.85,,,,1,1,1,1,,,,12598563,16047487.8
1775461500,52224.2,52325.15,52158.45,52220.3,51894.82070442622,51606.758459040786,0,0,0,51879.65,49954.85,,,,1,1,1,1,,,,14261945,15909025.35
1775462400,52226.4,52339.35,52190.7,52203,51956.45656354098,51660.96223549162,0,0,0,51879.65,49954.85,,,,1,1,1,1,,,,11137176,15781638.65
1775463300,52202.65,52282.05,52177.65,52235.65,52012.29525083279,51713.206577719655,0,0,0,51879.65,49954.85,,,,1,1,1,1,,,,9378634,14477545.05
1775464200,52239.7,52397.2,52238.3,52394.55,52088.74620066623,51775.14688883605,0,0,0,51879.65,49954.85,,,,1,1,1,1,,,,9475737,13419371.25
1775465100,52395.45,52479.4,52311.85,52372.3,52145.45696053299,51829.4335353055,0,0,0,51879.65,49954.85,,,,1,1,1,1,,,,11408786,11757097.1
1775466000,52376,52484.15,52373.25,52412.65,52198.89556842639,51882.453213914094,0,0,0,51879.65,49954.85,,,,1,1,1,1,,,,10849461,10785580.5
1775466900,52416.25,52455.35,52322.95,52418.9,52242.896454741116,51931.221103558266,0,0,0,51879.65,49954.85,,,,1,1,1,1,,,,13069635,10732122.35
1775467800,52421.45,52693.9,52405,52676.45,52329.60716379289,51998.96918505297,0,0,0,51879.65,49954.85,,,,1,1,1,1,,,,22385724,11149336.6
1775468700,52675.4,52704.55,52555.95,52572.7,52378.22573103431,52051.126531866335,0,0,0,51879.65,49954.85,,,,1,1,1,1,,,,27057547,11887355.35
1775533500,52281.7,52290.5,51868.45,52227.75,52348.13058482745,52067.183210787574,0,0,0,51879.65,49954.85,,,,1,1,1,1,,,,30389099,12927721.45
1775534400,52230.9,52242.4,52002.55,52020.45,52282.594467861956,52062.93473707961,0,0,0,51879.65,49954.85,,,,1,1,1,1,,,,13889943,13181149.65
1775535300,52023.75,52171,52017.8,52151.8,52256.435574289564,52071.0133973451,0,0,0,51879.65,49954.85,,,,1,1,1,1,,,,9286623,13184440
1775536200,52151.4,52238.65,52127.85,52183.4,52241.82845943165,52081.23036122282,0,0,0,51879.65,49954.85,,,,1,1,1,1,,,,10943063,13303990.8
1775537100,52181.75,52349.1,52163.4,52238.95,52241.25276754532,52095.56851020257,0,0,0,52704.55,49954.85,,,,1,1,1,1,,,,11446686,13553352.5
1775538000,52236.05,52286.7,52100.15,52272.55,52247.51221403625,52111.657736547786,0,0,0,52704.55,49954.85,,,,1,1,1,1,,,,7308824,13497771.95
1775538900,52273.5,52277.75,51979.85,51993.75,52196.759771229,52100.93885140708,0,0,0,52704.55,49954.85,,,,1,1,1,1,,,,10270419,13641085.25
1775539800,51988.7,52075.95,51950.95,51986.7,52154.7478169832,52090.553501279166,0,0,0,52704.55,49954.85,,,,1,1,1,1,,,,9044422,13528076
1775540700,51986.6,52215.6,51962.35,52202.05,52164.20825358656,52100.689546617425,0,0,0,52704.55,49954.85,,,,1,1,1,1,,,,7859234,13448065.1
1775541600,52200.45,52213.55,52111.45,52125.35,52156.43660286925,52102.93140601584,0,0,0,52704.55,49954.85,,,,1,1,1,1,,,,5742711,12890211.6
1775542500,52128.95,52304.25,52098.85,52279.2,52180.9892822954,52118.955823650766,0,0,0,52704.55,49954.85,,,,1,1,1,1,,,,5343025,12527434.7
1775543400,52276.55,52287.55,52111.65,52174.95,52179.78142583632,52124.046203318874,0,0,0,52704.55,49954.85,,,,1,1,1,1,,,,5409891,12084832
1775544300,52175.1,52190.35,52071,52123.45,52168.51514066906,52123.992003017156,0,0,0,52704.55,49954.85,,,,1,1,1,1,,,,6236890,11839817.7
1775545200,52125.95,52176,52106.6,52158.45,52166.50211253524,52127.12454819741,0,0,0,52704.55,49954.85,,,,1,1,1,1,,,,3916639,11566717.95
1775546100,52158.05,52213.05,52088.9,52093.75,52151.951690028196,52124.090498361285,0,0,0,52704.55,49954.85,,,,1,1,1,1,,,,7054038,11445633
1775547000,52095,52186.3,52057,52158.45,52153.251352022555,52127.21408941935,0,0,0,52704.55,49954.85,,,,1,1,1,1,,,,6853114,11217849.4
1775547900,52162.15,52256.1,52162.15,52256.1,52173.82108161804,52138.930990381225,0,0,0,52704.55,49954.85,,,,1,1,1,1,,,,4623018,10906527.25
1775548800,52257.05,52566.05,52257.05,52559,52250.85686529444,52177.11908216475,0,0,0,52704.55,49954.85,,,,1,1,1,1,,,,10627074,10784399.2
1775549700,52560.4,52596.3,52312.45,52360.85,52272.85549223555,52193.821892877044,0,0,0,52704.55,49954.85,,,,1,1,1,1,,,,9144700,10122348
1775550600,52360.25,52480.25,52346.35,52455.1,52309.304393788436,52217.57444807004,0,0,0,52704.55,49954.85,,,,1,1,1,1,,,,8146217,9176781.5
1775551500,52464.9,52494.3,52399.1,52446.5,52336.74351503075,52238.385861881856,0,0,0,52704.55,49954.85,,,,1,1,1,1,,,,7214247,8018038.9
1775552400,52450.75,52513.65,52351.45,52458.9,52361.1748120246,52258.43260171078,0,0,0,52704.55,49954.85,,,,1,1,1,1,,,,8381754,7742629.45
1775553300,52461.1,52687.1,52435,52673.1,52423.559849619676,52296.12963791889,0,0,0,52704.55,49954.85,,,,1,1,1,1,,,,14859607,8021278.65
1775554200,52674.35,52778.2,52638.35,52685.55,52475.95787969574,52331.53148901718,0,0,0,52704.55,49954.85,,,,1,1,1,1,,,,35216521,9234951.55
1775555100,52684.75,52756,52660.55,52706.15,52521.9963037566,52365.58771728835,0,0,0,52704.55,49954.85,,,,1,1,1,1,,,,29387489,10131991.7
1775619900,54921.05,55230.35,54797.5,54956.5,53008.89704300528,52601.125197534864,0,0,0,52704.55,49954.85,,,,1,1,1,1,,,,81403487,13836724.85
1775620800,54951.1,55188.75,54951.1,55180.15,53443.147634404224,52835.58199775897,0,0,0,52704.55,49954.85,,,,1,1,1,1,,,,29237922,14785100
1775621700,55177.95,55315.5,55148.3,55165.2,53787.55810752338,53047.36545250816,0,0,0,52704.55,49954.85,,,,1,1,1,1,,,,27135633,15689660.55
1775622600,55164.7,55293.45,55140.95,55181.05,54066.256486018705,53241.33677500742,0,0,0,52704.55,49954.85,,,,1,1,1,1,,,,16175636,16105480.65
1775623500,55184.65,55328.2,55151.5,55324.4,54317.885188814966,53430.70615909765,0,0,0,52704.55,49954.85,,,,1,1,1,1,,,,18436326,16740161.4
1775624400,55326.3,55385,55273.05,55347.7,54523.84815105197,53604.97832645241,0,0,0,52704.55,49954.85,,,,1,1,1,1,,,,17262794,17336149.85
1775625300,55342.35,55504.15,55322.9,55477.65,54714.608520841575,53775.221205865826,0,0,0,52704.55,49954.85,,,,1,1,1,1,,,,19552515,18043281.05
1775626200,55478.75,55535.3,55459.95,55489.45,54869.57681667326,53931.06018715075,0,0,0,52704.55,49954.85,,,,1,1,1,1,,,,12439097,18353391.4
1775627100,55488.15,55552.25,55447.5,55457.4,54987.141453338605,54069.81835195523,0,0,0,52704.55,49954.85,,,,1,1,1,1,,,,10541861,18684652.5
1775628000,55461.7,55479.95,55396.05,55425.65,55074.843162670884,54193.07577450476,0,0,0,52704.55,49954.85,,,,1,1,1,1,,,,10513862,18857643.7
1775628900,55422.3,55463.85,55279.55,55303,55120.47453013671,54293.977976822505,0,0,0,52704.55,49954.85,,,,1,1,1,1,,,,10849387,19057457.35
1775629800,55303.4,55433.25,55288.6,55419.3,55180.23962410937,54396.27997892955,0,0,0,52704.55,49954.85,,,,1,1,1,1,,,,8283243,19240468.6
1775630700,55422.05,55434.6,55376.2,55381.35,55220.461699287494,54485.83179902687,0,0,0,52704.55,49954.85,,,,1,1,1,1,,,,6694811,19043855.45
1775631600,55380.9,55423.95,55266.3,55402.65,55256.89935943,54569.178908206246,0,0,0,55552.25,51868.45,49954.85,,,1,1,1,1,,,,11205049,19146872.9
1775632500,55401,55491.45,55364.5,55480.15,55301.549487544,54651.99446200568,0,0,0,55552.25,51868.45,49954.85,,,1,1,1,1,,,,6971332,19088128.65
1775633400,55477.8,55483.7,55372.4,55424.55,55326.1495900352,54722.22678364153,0,0,0,55552.25,51868.45,49954.85,,,1,1,1,1,,,,8701619,19162497.25
1775634300,55426.75,55470.15,55393.95,55463.6,55353.63967202816,54789.62434876502,0,0,0,55552.25,51868.45,49954.85,,,1,1,1,1,,,,6984184,19092618.75
1775635200,55465.7,55533.2,55421.7,55433.05,55369.521737622534,54848.11758978638,0,0,0,55552.25,51868.45,49954.85,,,1,1,1,1,,,,8137250,18756500.9
1775636100,55430,55489.55,55397.75,55480.4,55391.69739009803,54905.59780889671,0,0,0,55552.25,51868.45,49954.85,,,1,1,1,1,,,,6973935,17344371.6
1775637000,55480.05,55489.65,55404.55,55422.05,55397.76791207842,54952.54800808792,0,0,0,55552.25,51868.45,49954.85,,,1,1,1,1,,,,10453343,16397664.3
1775637900,55422.9,55574.15,55416.5,55544.9,55427.194329662736,55006.39818917084,0,0,0,55552.25,51868.45,49954.85,,,1,1,1,1,,,,13457967,13000388.3
1775638800,55550.6,55699.8,55531.3,55666.75,55475.105463730186,55066.43017197349,0,0,0,55552.25,51868.45,49954.85,,,1,1,1,1,,,,15978856,12337435
1775639700,55667.35,55754.25,55610.55,55702.2,55520.524370984145,55124.22742906681,0,0,0,55552.25,51868.45,49954.85,,,1,1,1,1,,,,15216633,11741485
1775640600,55699.9,55728.6,55586.15,55678.9,55552.19949678732,55174.65220824255,0,0,0,55552.25,51868.45,49954.85,,,1,1,1,1,,,,27031045,12284255.45
1775641500,55678.55,55778.25,55660.95,55757.75,55593.309597429856,55227.66109840232,0,0,0,55552.25,51868.45,49954.85,,,1,1,1,1,,,,35649050,13144891.65
1775706300,55538.35,55583.1,55247.65,55533.7,55581.38767794389,55255.48281672938,0,0,0,55552.25,51868.45,49954.85,,,1,1,1,1,,,,37764992,14170001.55
1775707200,55537.55,55557.35,55244.55,55267.6,55518.63014235511,55256.58437884489,0,0,0,55552.25,51868.45,49954.85,,,1,1,1,1,,,,15959132,13990332.4
1775708100,55267.9,55328.85,55092.75,55152.15,55445.33411388409,55247.090344404445,0,0,0,55552.25,51868.45,49954.85,,,1,1,1,1,,,,12742400,14005497.55
1775709000,55151.65,55384.45,55078.85,55349.35,55426.137291107276,55256.386676731316,0,0,0,55552.25,51868.45,49954.85,,,1,1,1,1,,,,11951932,14076001.1
1775709900,55349,55481.7,55305.95,55442.2,55429.34983288582,55273.27879702847,0,0,0,55778.25,51868.45,49954.85,,,1,1,1,1,,,,11324023,14116509.15
1775710800,55451.6,55567.8,55284.8,55297.95,55403.06986630865,55275.52163366225,0,0,0,55778.25,51868.45,49954.85,,,1,1,1,1,,,,13570978,14252588.7
1775711700,55297.3,55403.55,55297.3,55370.85,55396.62589304692,55284.18784878386,0,0,0,55778.25,51868.45,49954.85,,,1,1,1,1,,,,7044459,14190649.5
1775712600,55371.65,55478,55351.9,55372,55391.70071443754,55292.17077162169,0,0,0,55778.25,51868.45,49954.85,,,1,1,1,1,,,,6297785,14170798.2
1775713500,55369.45,55385.8,55231.5,55288,55370.96057155003,55291.791610565175,0,0,0,55778.25,51868.45,49954.85,,,1,1,1,1,,,,7448423,13982966.9
1775714400,55287.95,55343.75,55242.35,55269.85,55350.738457240026,55289.79691869561,0,0,0,55778.25,51868.45,49954.85,,,1,1,1,1,,,,6328250,13950812.8
1775715300,55269.25,55294.65,55218.85,55251.15,55330.82076579202,55286.28356245055,0,0,0,55778.25,51868.45,49954.85,,,1,1,1,1,,,,6862051,13858834.4
1775716200,55252.15,55309.2,55182.35,55230.85,55310.82661263362,55281.24414768232,0,0,0,55778.25,51868.45,49954.85,,,1,1,1,1,,,,7074162,13863333.3
1775717100,55230.5,55244.15,55123.8,55188.95,55286.451290106896,55272.85377062029,0,0,0,55778.25,51868.45,49954.85,,,1,1,1,1,,,,5731003,13743020.95
1775718000,55192.65,55233.15,55105.95,55126.65,55254.49103208552,55259.56251874572,0,0,0,55778.25,51868.45,49954.85,,,1,1,1,1,,,,6794689,13734058.65
1775718900,55134.65,55136.7,54982.6,55008.85,55205.36282566842,55236.77047158702,0,0,0,55778.25,51868.45,49954.85,,,1,1,1,1,,,,8906314,13656707.2
1775719800,55010.3,55033.15,54937.65,54961.6,55156.61026053473,55211.75497417002,0,0,0,55778.25,51868.45,49954.85,,,1,1,1,1,,,,7030693,13335343.5
1775720700,54959.45,54962.3,54807.7,54825.15,55090.31820842779,55176.60906742729,0,0,0,55778.25,51868.45,49954.85,,,1,1,1,1,,,,7612786,12917040
1775721600,54823.7,54923.2,54810.55,54829.25,55038.10456674223,55145.03097038845,0,0,0,55778.25,51868.45,49954.85,,,1,1,1,1,,,,6432172,12477816.95
1775722500,54824.2,54902.2,54769.7,54856.95,55001.873653393784,55118.841791262224,0,0,0,55778.25,51868.45,49954.85,,,1,1,1,1,,,,8460567,11549293.05
1775723400,54859.05,54945.95,54810.55,54828.05,54967.10892271503,55092.40617387475,0,0,0,55778.25,51868.45,49954.85,,,1,1,1,1,,,,6583120,10095996.55
1775724300,54826.4,54839.1,54686.7,54720.8,54917.84713817202,55058.62379443159,0,0,0,55778.25,51868.45,49954.85,,,1,1,1,1,,,,9151238,8665308.85
1775725200,54718.75,54777.3,54626.85,54742.4,54882.75771053762,55029.87617675599,0,0,0,55778.25,51868.45,49954.85,,,1,1,1,1,,,,10720155,8403360
1775726100,54742.45,54765,54682,54743.8,54854.966168430095,55003.869251596356,0,0,0,55778.25,51868.45,49954.85,,,1,1,1,1,,,,11852681,8358874.05
1775727000,54740.8,54932.85,54696.3,54884.25,54860.82293474408,54992.99477417851,0,0,0,55778.25,51868.45,49954.85,,,1,1,1,1,,,,36833504,9602952.65
1775727900,54881.65,54887.45,54790.3,54820,54852.658347795266,54977.267976525916,0,0,0,55778.25,51868.45,49954.85,,,1,1,1,1,,,,25588981,10316200.55
1775792700,55208.75,55627.45,55145.25,55625.75,55007.276678236216,55036.22088775083,0,0,0,55778.25,51868.45,49954.85,,,1,1,1,1,,,,33572401,11316271.7
1775793600,55629.55,55742.25,55556.2,55698.75,55145.57134258897,55096.45080704621,0,0,0,55778.25,51868.45,49954.85,,,1,1,1,1,,,,16157999,11771948.7
1775794500,55695.3,55809.65,55686.1,55794.95,55275.44707407118,55159.95073367837,0,0,0,55778.25,51868.45,49954.85,,,1,1,1,1,,,,14057206,12159919.75
1775795400,55795.25,55861.65,55612.4,55849.15,55390.18765925694,55222.605212434886,0,0,0,55778.25,51868.45,49954.85,,,1,1,1,1,,,,15380176,12556507.4
1775796300,55859.85,55930.45,55822.15,55843.4,55480.83012740555,55279.04110221353,0,0,0,55778.25,51868.45,49954.85,,,1,1,1,1,,,,10089985,12744594.15
1775797200,55843.7,55864.6,55739.65,55809.8,55546.62410192444,55327.29191110321,0,0,0,55778.25,51868.45,49954.85,,,1,1,1,1,,,,8215343,12812258.75
1775798100,55809,55835.85,55720.4,55826.1,55602.51928153955,55372.638101002914,0,0,0,55778.25,51868.45,49954.85,,,1,1,1,1,,,,6413186,12779209.95
1775799000,55829.45,55881.7,55802.95,55849.4,55651.89542523164,55415.980091820835,0,0,0,55778.25,51868.45,49954.85,,,1,1,1,1,,,,6756491,12830484.35
1775799900,55848.35,55851.55,55726.05,55732.2,55667.95634018531,55444.72735620076,0,0,0,55778.25,51868.45,49954.85,,,1,1,1,1,,,,10774225,13029461.15
1775800800,55732.55,55841.4,55732.55,55765.4,55687.44507214825,55473.87941472796,0,0,0,55930.45,54626.85,51868.45,49954.85,,1,1,1,1,,,,7419784,12955134.65
1775801700,55763.45,55781.4,55682.1,55758.6,55701.6760577186,55499.763104298145,0,0,0,55930.45,54626.85,51868.45,49954.85,,1,1,1,1,,,,7113630,12959281.5
1775802600,55757.55,55832.85,55733.65,55767.45,55714.83084617488,55524.09827663468,0,0,0,55930.45,54626.85,51868.45,49954.85,,1,1,1,1,,,,6109274,12884105.9
1775803500,55767.35,55848.55,55737.8,55796.35,55731.1346769399,55548.84843330425,0,0,0,55930.45,54626.85,51868.45,49954.85,,1,1,1,1,,,,6813674,12903181
1775804400,55794.7,55808.55,55736.6,55761.65,55737.23774155192,55568.194030276594,0,0,0,55930.45,54626.85,51868.45,49954.85,,1,1,1,1,,,,5737220,12767013.65
1775805300,55754.8,55794.65,55710.05,55788.75,55747.54019324154,55588.24457297872,0,0,0,55930.45,54626.85,51868.45,49954.85,,1,1,1,1,,,,7405052,12808110.25
1775806200,55791.4,55855.1,55783,55808.1,55759.652154593234,55608.23142998065,0,0,0,55930.45,54626.85,51868.45,49954.85,,1,1,1,1,,,,6774342,12689265.45
1775807100,55807.45,55885.9,55787.15,55882.45,55784.21172367458,55633.160390891506,0,0,0,55930.45,54626.85,51868.45,49954.85,,1,1,1,1,,,,5515488,12429032.1
1775808000,55880.5,55903.6,55835.5,55890,55805.369378939664,55656.50944626501,0,0,0,55930.45,54626.85,51868.45,49954.85,,1,1,1,1,,,,7437415,12208268.8
1775808900,55892.95,55935.9,55822.5,55923.2,55828.93550315173,55680.754042059096,0,0,0,55930.45,54626.85,51868.45,49954.85,,1,1,1,1,,,,7823643,10757775.75
1775809800,55926,55969,55828.65,55881.65,55839.47840252139,55699.017310962816,0,0,0,55930.45,54626.85,51868.45,49954.85,,1,1,1,1,,,,9876386,9972146
1775810700,55885.5,55885.5,55668.9,55727.2,55817.02272201711,55701.57937360256,0,0,0,55930.45,54626.85,51868.45,49954.85,,1,1,1,1,,,,13576244,8972338.15
1775811600,55723.85,55800,55649.95,55757.25,55805.068177613684,55706.64033963869,0,0,0,55930.45,54626.85,51868.45,49954.85,,1,1,1,1,,,,11342612,8731568.8
1775812500,55753.6,55798.45,55678.15,55790,55802.05454209095,55714.21849058063,0,0,0,55930.45,54626.85,51868.45,49954.85,,1,1,1,1,,,,10449673,8551192.15
1775813400,55791.65,55978.5,55779,55921.9,55826.02363367276,55733.09862780057,0,0,0,55930.45,54626.85,51868.45,49954.85,,1,1,1,1,,,,19503487,8757357.7
1775814300,55923.4,55957.2,55900.1,55929.4,55846.69890693821,55750.94420709143,0,0,0,55930.45,54626.85,51868.45,49954.85,,1,1,1,1,,,,25012761,9503496.5
1776051900,54698.25,54848.1,54356.2,54614.45,55600.24912555057,55647.6265519013,1,0,0,55930.45,54626.85,51868.45,49954.85,,2,1,1,1,1,,,42871357,11236297.2
1776052800,54608.5,54691.2,54510.4,54677.6,55415.719300440454,55559.442319910275,0,1,0,55930.45,54626.85,51868.45,49954.85,,3,1,1,1,,1,,15846486,11707962.2
1776053700,54679,54789.35,54624.45,54753.2,55283.21544035236,55486.1475635548,0,0,0,55930.45,54626.85,51868.45,49954.85,,3,1,1,1,,,,12789177,12009596.5
1776054600,54755.65,54806.05,54708.55,54741,55174.772352281885,55418.406875958906,0,0,0,55978.5,54626.85,51868.45,49954.85,,4,1,1,1,,,,10956575,12018714
1776055500,54743.75,54944.95,54669.55,54903.1,55120.437881825506,55371.56079632628,0,0,0,55978.5,54626.85,51868.45,49954.85,,4,1,1,1,,,,10810027,12188226.15
1776056400,54902.45,54939.4,54807.6,54911.35,55078.620305460405,55329.72345120571,0,0,0,55978.5,54626.85,51868.45,49954.85,,4,1,1,1,,,,11851350,12425112.15
1776057300,54909.5,55019.8,54902.05,54964.35,55055.76624436832,55296.507682914285,0,0,0,55978.5,54626.85,51868.45,49954.85,,4,1,1,1,,,,10565783,12647937.6
1776058200,54960.85,54978.65,54889.95,54954.05,55035.42299549466,55265.37516628572,0,0,0,55978.5,54626.85,51868.45,49954.85,,4,1,1,1,,,,8650765,12739792.15
1776059100,54953.2,54979.25,54898.85,54908.05,55009.948396395725,55232.891060259746,0,0,0,55978.5,54626.85,51868.45,49954.85,,4,1,1,1,,,,6428957,12774379
1776060000,54911.15,55012.5,54882.55,54953.55,54998.66871711658,55207.49641841795,0,0,0,55978.5,54626.85,51868.45,49954.85,,4,1,1,1,,,,6377118,12722982.3
1776060900,54955.45,55131.8,54948.05,55073.25,55013.584973693265,55195.29219856177,0,0,0,55978.5,54626.85,51868.45,49954.85,,4,1,1,1,,,,8159218,12792226.1
1776061800,55075.65,55213.35,55075.65,55209.8,55052.827978954614,55196.61108960161,0,0,0,55978.5,54626.85,51868.45,49954.85,,4,1,1,1,,,,6378601,12835381.75
1776062700,55208.85,55369.8,55201.05,55368.5,55115.96238316369,55212.237354183286,0,0,0,55978.5,54626.85,51868.45,49954.85,,4,1,1,1,,,,8165578,12871789.9
1776063600,55371.05,55434.85,55326.5,55428.05,55178.37990653096,55231.85668562117,0,0,0,55978.5,54626.85,51868.45,49954.85,,4,1,1,1,,,,7768755,12869045.5
1776064500,55428.5,55444.35,55246.3,55310.85,55204.87392522477,55239.03789601925,0,0,0,55978.5,54626.85,51868.45,49954.85,,4,1,1,1,,,,10069107,12878681.55
1776065400,55312.95,55394,55230.45,55391.3,55242.159140179814,55252.879905472044,0,0,0,55978.5,54626.85,51868.45,49954.85,,4,1,1,1,,,,6630512,12531394.95
1776066300,55394.85,55448.4,55365,55403.65,55274.45731214385,55266.586277701856,0,0,0,55978.5,54626.85,51868.45,49954.85,,4,1,1,1,,,,7328363,12330682.5
1776067200,55407.05,55550.1,55407.05,55492.3,55318.02584971508,55287.10570700169,0,0,0,55978.5,54626.85,51868.45,49954.85,,4,1,1,1,,,,8314124,12223905.05
1776068100,55498.35,55752.65,55469.65,55699.45,55394.31067977206,55324.59155181972,0,0,0,55978.5,54626.85,51868.45,49954.85,,4,1,1,1,,,,12465211,11871991.25
1776069000,55700.2,55717.15,55520.4,55575,55430.44854381765,55347.355956199746,0,0,0,55978.5,54626.85,51868.45,49954.85,,4,1,1,1,,,,10162535,11129479.95
1776069900,55583.15,55664.45,55527,55635.15,55471.38883505412,55373.519051090676,0,0,0,55978.5,54626.85,51868.45,49954.85,,4,1,1,1,,,,7508339,9361329.05
1776070800,55635.45,55737.05,55613.55,55647.05,55506.521068043294,55398.38550099152,0,0,0,55978.5,54626.85,51868.45,49954.85,,4,1,1,1,,,,10054796,9071744.55
1776071700,55647.95,55707.9,55625.9,55673,55539.81685443463,55423.35045544684,0,0,0,55978.5,54626.85,51868.45,49954.85,,4,1,1,1,,,,8086127,8836592.05
1776072600,55674.55,55702.45,55524.95,55639.4,55559.73348354771,55442.99132313349,0,0,0,55752.65,54356.2,,,,1,1,1,1,,,,29031813,9740353.95
1776073500,55640.6,55644.75,55540.75,55571.85,55562.15678683817,55454.70574830317,0,0,0,55752.65,54356.2,,,,1,1,1,1,,,,22915484,10345626.8
1776224700,56389.6,56786.25,56336.35,56490.3,55747.78542947053,55548.85068027561,0,0,0,55752.65,54356.2,,,,1,1,1,1,,,,39852308,11745674.7
1776225600,56492.05,56498.5,56311.55,56448.65,55887.95834357643,55630.65061843237,0,0,0,55752.65,54356.2,,,,1,1,1,1,,,,15981682,12016469.65
1776226500,56447.05,56493.9,56339.6,56447.15,55999.79667486114,55704.877834938525,0,0,0,55752.65,54356.2,,,,1,1,1,1,,,,11048794,12136371.1
1776227400,56445.6,56555.6,56410.3,56503.1,56100.45733988891,55777.44348630775,0,0,0,55752.65,54356.2,,,,1,1,1,1,,,,9668990,12298372.75
1776228300,56502.7,56622,56502.7,56537.4,56187.84587191113,55846.53044209795,0,0,0,55752.65,54356.2,,,,1,1,1,1,,,,10616186,12510326.15
1776229200,56542.25,56583.45,56400,56418.6,56233.996697528906,55898.53676554359,0,0,0,56786.25,54356.2,51868.45,49954.85,,1,1,1,1,,,,8036921,12504211.3
1776230100,56419.45,56453.65,56315.6,56329.1,56253.01735802313,55937.6788777669,0,0,0,56786.25,54356.2,51868.45,49954.85,,1,1,1,1,,,,9035024,12637032.45
1776231000,56333.25,56333.25,56139.9,56143.3,56231.073886418504,55956.37170706082,0,0,0,56786.25,54356.2,51868.45,49954.85,,1,1,1,1,,,,9897665,12723636.8
1776231900,56143.65,56229.2,56109.2,56155.05,56215.8691091348,55974.43337005529,0,0,0,56786.25,54356.2,51868.45,49954.85,,1,1,1,1,,,,7888579,12729628
1776232800,56155.15,56244.3,56142.25,56224.4,56217.57528730784,55997.15760914117,0,0,0,56786.25,54356.2,51868.45,49954.85,,1,1,1,1,,,,6608067,12556576
1776233700,56225.2,56313.9,56192.1,56253.9,56224.84022984627,56020.49782649197,0,0,0,56786.25,54356.2,51868.45,49954.85,,1,1,1,1,,,,7698190,12609959.9
1776234600,56254.55,56357,56254.55,56326.5,56245.17218387702,56048.31620590179,0,0,0,56786.25,54356.2,51868.45,49954.85,,1,1,1,1,,,,7426643,12614873.9
1776235500,56326.05,56345.9,56221,56272.4,56250.61774710161,56068.68745991072,0,0,0,56786.25,54356.2,51868.45,49954.85,,1,1,1,1,,,,5949723,12496653.85
1776236400,56270.2,56276.9,56196.2,56244.65,56249.42419768129,56084.68405446429,0,0,0,56786.25,54356.2,51868.45,49954.85,,1,1,1,1,,,,5133905,12130088.55
1776237300,56247.45,56274.05,56172,56193.65,56238.26935814504,56094.59004951299,0,0,0,56786.25,54356.2,51868.45,49954.85,,1,1,1,1,,,,6209558,11932439.7
1776238200,56192.65,56290.5,56177.85,56288.55,56248.32548651603,56112.222772284535,0,0,0,56786.25,54356.2,51868.45,49954.85,,1,1,1,1,,,,5253045,11819675
1776239100,56291.6,56349.9,56231,56232.2,56245.10038921282,56123.12979298594,0,0,0,56786.25,54356.2,51868.45,49954.85,,1,1,1,1,,,,9485358,11791203.1
1776240000,56232.3,56304.2,56210.8,56280.55,56252.19031137026,56137.44072089631,0,0,0,56786.25,54356.2,51868.45,49954.85,,1,1,1,1,,,,5681128,11670953.15
1776240900,56282.15,56289.8,56210.05,56277.05,56257.1622490962,56150.1324735421,0,0,0,56786.25,54356.2,51868.45,49954.85,,1,1,1,1,,,,7281744,10583449.7
1776241800,56274.5,56337.4,56268.45,56293.85,56264.499799276964,56163.19770322009,0,0,0,56786.25,54356.2,51868.45,49954.85,,1,1,1,1,,,,5801585,9727754.75
1776242700,56291.85,56348.15,56267.75,56316.3,56274.85983942157,56177.11609383644,0,0,0,56786.25,54356.2,51868.45,49954.85,,1,1,1,1,,,,5963147,8033296.7
1776243600,56316.2,56328.95,56249.9,56326.7,56285.22787153726,56190.7146307604,0,0,0,56786.25,54356.2,51868.45,49954.85,,1,1,1,1,,,,8173181,7642871.65
1776244500,56321.4,56430.9,56318.2,56394.2,56307.02229722981,56209.21330069127,0,0,0,56786.25,54356.2,51868.45,49954.85,,1,1,1,1,,,,10123494,7596606.65
1776245400,56408.15,56411.65,56290.95,56291.3,56303.877837783846,56216.67572790116,0,0,0,56786.25,54356.2,51868.45,49954.85,,1,1,1,1,,,,20842219,8155268.1
1776246300,56297.35,56300.95,56223.6,56258.85,56294.872270227075,56220.509752637416,0,0,0,56786.25,54356.2,51868.45,49954.85,,1,1,1,1,,,,24140657,8831491.65
1776311100,56689.35,56834.25,56522.1,56729.55,56381.80781618166,56266.78613876129,0,0,0,56786.25,54356.2,51868.45,49954.85,,1,1,1,1,,,,31941278,10026709.5
1776312000,56730.2,56754.25,56490.8,56507,56406.846252945325,56288.62376251026,0,0,0,56786.25,54356.2,51868.45,49954.85,,1,1,1,1,,,,17928687,10471392.65
1776312900,56509.25,56611,56453.35,56457,56416.87700235626,56303.93069319114,0,0,0,56786.25,54356.2,51868.45,49954.85,,1,1,1,1,,,,12281523,10590585.55
1776313800,56456.35,56615.5,56443.65,56603.35,56454.171601885006,56331.15063017377,0,0,0,56786.25,54356.2,51868.45,49954.85,,1,1,1,1,,,,27714569,11581885.05
1776314700,56604.95,56636.2,56513.75,56539.4,56471.217281508005,56350.08239106706,0,0,0,56786.25,54356.2,51868.45,49954.85,,1,1,1,1,,,,14784303,11990696.85
1776315600,56540.15,56592.3,56491.35,56554.7,56487.9138252064,56368.683991879145,0,0,0,56834.25,56109.2,54356.2,51868.45,49954.85,1,1,1,1,,,,21850391,12698306.9
1776316500,56555.05,56615.95,56550.2,56571.4,56504.61106016512,56387.11271989013,0,0,0,56834.25,56109.2,54356.2,51868.45,49954.85,1,1,1,1,,,,25096184,13581783.95
1776317400,56572.25,56623.95,56498.7,56535.9,56510.8688481321,56400.63883626375,0,0,0,56834.25,56109.2,54356.2,51868.45,49954.85,1,1,1,1,,,,15930264,14080811
1776318300,56536.4,56574.4,56397.15,56439.15,56496.52507850568,56404.139851148866,0,0,0,56834.25,56109.2,54356.2,51868.45,49954.85,1,1,1,1,,,,15854405,14616836
1776319200,56440.25,56461.1,56312.3,56332.35,56463.69006280454,56397.61350104443,0,0,0,56834.25,56109.2,54356.2,51868.45,49954.85,4,1,1,1,,,,9910222,14801869.2
1776320100,56326.4,56326.4,56123.7,56135,56397.952050243635,56373.739546404024,0,0,0,56834.25,56109.2,54356.2,51868.45,49954.85,4,1,1,1,,,,15288528,15303643.35
1776321000,56141.7,56150.2,56052.75,56146.2,56347.60164019491,56353.05413309456,0,0,0,56834.25,56109.2,54356.2,51868.45,49954.85,4,1,1,1,,,,12880433,15473397.1
1776321900,56140.85,56162.1,56011,56052.9,56288.66131215593,56325.76739372233,0,0,0,56834.25,56109.2,54356.2,51868.45,49954.85,4,1,1,1,,,,9087681,15643724.75
1776322800,56050,56078.2,55971.5,55998.35,56230.59904972474,56296.00217611121,0,0,0,56834.25,56109.2,54356.2,51868.45,49954.85,4,1,1,1,,,,9721348,15765704.95
1776323700,56000.05,56022.55,55902.45,55974.75,56179.42923977979,56266.79743282837,0,0,0,56834.25,56109.2,54356.2,51868.45,49954.85,4,1,1,1,,,,8627701,15907010.75
1776324600,55976.45,56039,55898.25,55936.7,56130.88339182383,56236.78857529852,0,0,0,56834.25,56109.2,54356.2,51868.45,49954.85,4,1,1,1,,,,8812008,16049453.8
1776325500,55939.2,56012.55,55912.25,55944.85,56093.67671345906,56210.24870481683,0,0,0,56834.25,56109.2,54356.2,51868.45,49954.85,4,1,1,1,,,,7510254,16016307.45
1776326400,55946.4,56041.4,55942.5,56035.05,56081.95137076725,56194.32154983348,0,0,0,56834.25,56109.2,54356.2,51868.45,49954.85,4,1,1,1,,,,8665697,15943417.6
1776327300,56032.1,56172.3,56030.05,56140.55,56093.671096613805,56189.43322712135,0,0,0,56834.25,56109.2,54356.2,51868.45,49954.85,4,1,1,1,,,,13297819,15566197.6
1776328200,56142.6,56147.9,56021.15,56100.45,56095.02687729104,56181.34384283759,0,0,0,56834.25,56109.2,54356.2,51868.45,49954.85,4,1,1,1,,,,8383812,14778355.35
1776329100,56101.9,56164.85,56073,56163.7,56108.761501832836,56179.73985712508,0,0,0,56834.25,56109.2,54356.2,51868.45,49954.85,4,1,1,1,,,,8422202,13602401.55
1776330000,56165.1,56299.3,56162.9,56256.45,56138.29920146627,56186.71350647735,0,0,0,56834.25,56109.2,54356.2,51868.45,49954.85,4,1,1,1,,,,15180039,13464969.15
1776330900,56259.45,56324,56229.6,56244.45,56159.529361173016,56191.96227861577,0,0,0,56834.25,56109.2,54356.2,51868.45,49954.85,4,1,1,1,,,,16943875,13698086.75
1776331800,56252.5,56267.65,56018.65,56069,56141.42348893841,56180.7838896507,0,0,0,56834.25,56109.2,54356.2,51868.45,49954.85,4,1,1,1,,,,35541521,14089434.35
1776332700,56068.6,56089.15,55998.55,56036.4,56120.418791150725,56167.65808150064,0,0,0,56834.25,56109.2,54356.2,51868.45,49954.85,4,1,1,1,,,,28438358,14772137.1
1776397500,56100.85,56209.3,55841.65,56177.9,56131.91503292058,56168.58916500058,0,0,0,56834.25,56109.2,54356.2,51868.45,49954.85,4,1,1,1,,,,35212705,15440252.8
1776398400,56179.65,56227.85,56056.8,56069.35,56119.402026336465,56159.5674227278,0,0,0,56834.25,56109.2,54356.2,51868.45,49954.85,4,1,1,1,,,,16560166,15013451.9
1776399300,56069.95,56183.9,56067.4,56134.2,56122.36162106917,56157.26129338891,0,0,0,56834.25,56109.2,54356.2,51868.45,49954.85,4,1,1,1,,,,10214242,14727650.8
1776400200,56131.75,56267.25,56054.7,56207.85,56139.45929685533,56161.860266717194,0,0,0,56834.25,56109.2,54356.2,51868.45,49954.85,4,1,1,1,,,,10621247,14465992.9
1776401100,56211.2,56309.15,56209.8,56256.25,56162.817437484264,56170.441151561085,0,0,0,56834.25,56109.2,54356.2,51868.45,49954.85,4,1,1,1,,,,7151330,14328048.3
1776402000,56252.55,56273.15,56152.85,56162.35,56162.72394998741,56169.70559232826,0,0,0,56834.25,56109.2,54356.2,51868.45,49954.85,4,1,1,1,,,,11017061,14114474.95
1776402900,56159.1,56187.5,56139.1,56159.7,56162.11915998993,56168.79599302569,0,0,0,56834.25,56109.2,54356.2,51868.45,49954.85,4,1,1,1,,,,5394385,13740172.55
1776403800,56159.6,56202.2,56106.4,56165.9,56162.87532799195,56168.532720932446,0,0,0,56834.25,56109.2,54356.2,51868.45,49954.85,4,1,1,1,,,,6786547,13625115.85
1776404700,56167.8,56224.95,56165.6,56209.15,56172.130262393555,56172.22520084768,0,0,0,56834.25,56109.2,54356.2,51868.45,49954.85,4,1,1,1,,,,5609436,13419520.25
1776405600,56210.35,56321.35,56206.45,56294.55,56196.61420991484,56183.345637134255,0,0,0,56834.25,56109.2,54356.2,51868.45,49954.85,4,1,1,1,,,,9563012,13466285.8
1776406500,56294.05,56375.5,56250.2,56250.25,56207.34136793188,56189.42785194023,0,0,0,56834.25,56109.2,54356.2,51868.45,49954.85,4,1,1,1,,,,8777986,13464584.7
1776407400,56251.6,56318.05,56201.15,56311.3,56228.1330943455,56200.50713812748,0,0,0,56834.25,56109.2,54356.2,51868.45,49954.85,4,1,1,1,,,,7835949,13480869.45
1776408300,56313.15,56387.7,56308.95,56368.55,56256.2164754764,56215.78376193408,0,0,0,56834.25,56109.2,54356.2,51868.45,49954.85,4,1,1,1,,,,6667621,13380965.65
1776409200,56370.35,56373.3,56312.35,56353.9,56275.75318038112,56228.33978357643,0,0,0,56834.25,56109.2,54356.2,51868.45,49954.85,4,1,1,1,,,,4974653,12964807.35
1776410100,56352.3,56375.2,56313.15,56342.2,56289.042544304895,56238.69071234221,0,0,0,56834.25,56109.2,54356.2,51868.45,49954.85,4,1,1,1,,,,4327684,12762000.95
1776411000,56342.25,56392.8,56322.35,56376.3,56306.49403544392,56251.20064758383,0,0,0,56834.25,56109.2,54356.2,51868.45,49954.85,4,1,1,1,,,,5010189,12591400.3
1776411900,56379.2,56391.75,56328.75,56388.9,56322.975228355135,56263.71877053075,0,0,0,56834.25,56109.2,54356.2,51868.45,49954.85,4,1,1,1,,,,4656405,12065218.6
1776412800,56388.05,56469.6,56388.05,56437.7,56345.92018268411,56279.53524593705,0,0,0,56834.25,56109.2,54356.2,51868.45,49954.85,4,1,1,1,,,,7072910,11571670.35
1776413700,56436,56460.1,56393.45,56401.85,56357.106146147285,56290.65476903368,0,0,0,56834.25,56109.2,54356.2,51868.45,49954.85,4,1,1,1,,,,7330594,10161124
1776414600,56402.45,56451.65,56395.2,56422.5,56370.18491691783,56302.640699121526,0,0,0,56834.25,56109.2,54356.2,51868.45,49954.85,4,1,1,1,,,,7234016,9100906.9
1776415500,56419.15,56491.55,56413.45,56456.4,56387.427933534265,56316.618817383205,0,0,0,56834.25,56109.2,54356.2,51868.45,49954.85,4,1,1,1,,,,7435346,7712038.95
1776416400,56453.55,56590.75,56447,56575.35,56425.01234682741,56340.13983398473,0,0,0,56834.25,56109.2,54356.2,51868.45,49954.85,4,1,1,1,,,,15608638,7664462.55
1776417300,56572.8,56628.7,56539.9,56549.3,56449.869877461926,56359.15439453157,0,0,0,56834.25,56109.2,54356.2,51868.45,49954.85,4,1,1,1,,,,18156447,8061572.8
1776418200,56554.4,56609.25,56495.3,56570.3,56473.955901969544,56378.349449574154,0,0,0,56834.25,56109.2,54356.2,51868.45,49954.85,4,1,1,1,,,,22885249,8674772.9
1776419100,56569.4,56625.6,56541.55,56625.6,56504.284721575634,56400.82677234014,0,0,0,56834.25,56109.2,54356.2,51868.45,49954.85,4,1,1,1,,,,42989621,10466687.45
1776656700,56708.35,56909.5,56356.55,56854.2,56574.26777726051,56442.042520309216,0,0,0,56834.25,56109.2,54356.2,51868.45,49954.85,4,1,1,1,,,,134143256,16622997.2
1776657600,56857.6,56869.6,56629.85,56647.55,56588.92422180841,56460.72501846292,0,0,0,56834.25,56109.2,54356.2,51868.45,49954.85,4,1,1,1,,,,43952094,18550882.65
1776658500,56647.95,56772.05,56599.85,56705.4,56612.21937744673,56482.968198602655,0,0,0,56834.25,56109.2,54356.2,51868.45,49954.85,4,1,1,1,,,,25524022,19487756.4
1776659400,56710.75,56854.85,56685.25,56823.65,56654.505501957385,56513.93927145696,0,0,0,56834.25,56109.2,54356.2,51868.45,49954.85,4,1,1,1,,,,21626300,20288599.6
1776660300,56820.95,56915.85,56799.95,56899.8,56703.564401565905,56549.01751950633,0,0,0,56834.25,56109.2,54356.2,51868.45,49954.85,4,1,1,1,,,,23179241,20969411.05
1776661200,56899.5,57045.2,56898.9,57027.85,56768.42152125273,56592.54774500575,0,0,0,56834.25,56109.2,54356.2,51868.45,49954.85,4,1,1,1,,,,17944575,21427740.5
1776662100,57026.45,57037.95,56943.55,57034.8,56821.69721700218,56632.752495459776,0,0,0,56834.25,56109.2,54356.2,51868.45,49954.85,4,1,1,1,,,,21315721,22101729.1
1776663000,57035.85,57055.25,56905.7,56913.25,56840.00777360175,56658.2522685998,0,0,0,56834.25,56109.2,54356.2,51868.45,49954.85,4,1,1,1,,,,18130552,22674875.65
1776663900,56917.55,57085.1,56914.1,57067.65,56885.536218881396,56695.47024418163,0,0,0,56834.25,56109.2,54356.2,51868.45,49954.85,4,1,1,1,,,,17153407,23283813.35
1776664800,57064.5,57080.35,56989.2,57013.35,56911.09897510512,56724.36840380148,0,0,0,56834.25,56109.2,54356.2,51868.45,49954.85,4,1,1,1,,,,12332029,23684030.6
1776665700,57015,57035.6,56951.7,56996.65,56928.20918008409,56749.12127618317,0,0,0,56834.25,56109.2,54356.2,51868.45,49954.85,4,1,1,1,,,,9842613,23925651.8
1776666600,56996.4,57018.2,56849.2,56868.1,56916.18734406727,56759.93752380288,0,0,0,56834.25,56109.2,54356.2,51868.45,49954.85,4,1,1,1,,,,10990686,24242365.85
1776667500,56868.15,56990.05,56823.1,56981.6,56929.26987525382,56780.08865800262,0,0,0,56834.25,56109.2,54356.2,51868.45,49954.85,4,1,1,1,,,,10067022,24392071.45
1776668400,56982.15,56996.8,56941.6,56952.5,56933.91590020306,56795.762416366015,0,0,0,57085.1,55841.65,54356.2,51868.45,49954.85,1,1,1,1,,,,9511683,24501125.9
1776669300,56953.35,57011,56941.35,56960.7,56939.272720162444,56810.75674215092,0,0,0,57085.1,55841.65,54356.2,51868.45,49954.85,1,1,1,1,,,,8679008,24573375.5
1776670200,56957.6,56963.85,56692.4,56749.2,56901.25817612995,56805.16067468266,0,0,0,57085.1,55841.65,54356.2,51868.45,49954.85,1,1,1,1,,,,18991037,25151160.05
1776671100,56750.25,56774.65,56505.75,56602.8,56841.566540903965,56786.76424971151,1,0,0,57085.1,55841.65,54356.2,51868.45,49954.85,2,1,1,1,1,,,34621596,26101807.95
1776672000,56607.35,56682.3,56562.55,56654.8,56804.213232723174,56774.76749973773,0,0,0,57085.1,55841.65,54356.2,51868.45,49954.85,2,1,1,1,,,,18059660,26096968.6
1776672900,56656.7,56674.25,56608.4,56668.5,56777.07058617854,56765.10681794339,0,0,0,57085.1,55841.65,54356.2,51868.45,49954.85,2,1,1,1,,,,11388002,25522106.25
1776673800,56668,56671.6,56589.85,56652.95,56752.24646894283,56754.9107435849,0,0,0,57085.1,55841.65,54356.2,51868.45,49954.85,2,1,1,1,,,,12221641,23983707.25
1776674700,56649.35,56763.9,56643.1,56734.4,56748.67717515426,56753.04613053173,0,0,0,57085.1,55841.65,54356.2,51868.45,49954.85,2,1,1,1,,,,10319488,17792518.85
1776675600,56736.05,56737.7,56644.55,56669.95,56732.93174012341,56745.49193684703,0,0,0,57085.1,55841.65,54356.2,51868.45,49954.85,2,1,1,1,,,,12706119,16230220.1
1776676500,56672.1,56684.05,56603.75,56673.6,56721.065392098724,56738.95630622457,0,0,0,57085.1,55841.65,54356.2,51868.45,49954.85,2,1,1,1,,,,11491116,15528574.8
1776677400,56674.25,56722,56617.1,56625.15,56701.88231367898,56728.610278385975,0,0,0,57085.1,55841.65,54356.2,51868.45,49954.85,2,1,1,1,,,,27926365,15843578.05
1776678300,56625.05,56625.05,56491.9,56551.3,56671.765850943186,56712.49116216907,0,0,0,57085.1,55841.65,54356.2,51868.45,49954.85,2,1,1,1,,,,47059999,17037615.95
1776743100,56825,57088.4,56696.3,56975.45,56732.50268075455,56736.39651106279,0,0,1,57085.1,55841.65,54356.2,51868.45,49954.85,1,1,1,1,,,1,39825849,18131679.65
1776744000,56977.6,57093.6,56968.55,57072.9,56800.58214460364,56766.98773732981,0,0,0,57085.1,55841.65,54356.2,51868.45,49954.85,1,1,1,1,,,,14972850,17814536.1
1776744900,57073.5,57238.85,57071.7,57194.2,56879.305715682916,56805.82521575437,0,0,0,57085.1,55841.65,54356.2,51868.45,49954.85,1,1,1,1,,,,13312201,17573618.55
1776745800,57195.1,57225.55,57165.9,57174.05,56938.254572546335,56839.300196140335,0,0,0,57085.1,55841.65,54356.2,51868.45,49954.85,1,1,1,1,,,,8195111,17125703.75
1776746700,57174.4,57198.8,57120.65,57142.95,56979.19365803707,56866.90472376394,0,0,0,57085.1,55841.65,54356.2,51868.45,49954.85,1,1,1,1,,,,6984433,16858323.95
1776747600,57140.5,57287.9,57129.75,57277.35,57038.824926429654,56904.21793069449,0,0,0,57085.1,55841.65,54356.2,51868.45,49954.85,1,1,1,1,,,,10415893,16886987.95
1776748500,57273.5,57321.7,57230,57284,57087.859941143724,56938.743573358624,0,0,0,57085.1,55841.65,54356.2,51868.45,49954.85,1,1,1,1,,,,5702084,16622557.85
1776749400,57284.65,57307.8,57243.7,57287.9,57127.86795291498,56970.48506668966,0,0,0,57085.1,55841.65,54356.2,51868.45,49954.85,1,1,1,1,,,,6710028,16454708.15
1776750300,57284.3,57288.8,57243.9,57263.05,57154.90436233199,56997.081878808785,0,0,0,57085.1,55841.65,54356.2,51868.45,49954.85,1,1,1,1,,,,6218909,16290069.45
1776751200,57263.9,57265.15,57193.8,57222.25,57168.37348986559,57017.55170800799,0,0,0,57085.1,55841.65,54356.2,51868.45,49954.85,1,1,1,1,,,,5805716,16146404.85
1776752100,57222.15,57243.15,57160.05,57204.3,57175.55879189247,57034.528825461806,0,0,0,57085.1,55841.65,54356.2,51868.45,49954.85,1,1,1,1,,,,10939941,15743850.05
1776753000,57206.05,57309.5,57204.05,57280.55,57196.55703351398,57056.89438678346,0,0,0,57321.7,56491.9,55841.65,54356.2,51868.45,1,1,1,1,,,,6281450,14326842.75
1776753900,57282.5,57298.95,57203.1,57207.35,57198.71562681118,57070.57216980315,0,0,0,57321.7,56491.9,55841.65,54356.2,51868.45,1,1,1,1,,,,6182190,13732969.25
1776754800,57209.8,57297.3,57209.8,57290,57216.972501448945,57090.520154366495,0,0,0,57321.7,56491.9,55841.65,54356.2,51868.45,1,1,1,1,,,,7118264,13519482.35
1776755700,57288.8,57333.85,57238.35,57322.25,57238.02800115915,57111.58650396954,0,0,0,57321.7,56491.9,55841.65,54356.2,51868.45,1,1,1,1,,,,7670064,13291903.5
1776756600,57325.2,57357.65,57291.5,57330.45,57256.51240092732,57131.483185426856,0,0,0,57321.7,56491.9,55841.65,54356.2,51868.45,1,1,1,1,,,,7204199,13136139.05
1776757500,57332.4,57372.65,57324.7,57357.05,57276.619920741854,57151.98925947896,0,0,0,57321.7,56491.9,55841.65,54356.2,51868.45,1,1,1,1,,,,7062154,12853940.8
1776758400,57356.95,57393.7,57288.95,57320.85,57285.465936593486,57167.34023588997,0,0,0,57321.7,56491.9,55841.65,54356.2,51868.45,1,1,1,1,,,,8297884,12694279.2
1776759300,57317.65,57428.25,57306.5,57400.05,57308.38274927479,57188.49566899088,0,0,0,57321.7,56491.9,55841.65,54356.2,51868.45,1,1,1,1,,,,7381508,11667036.35
1776760200,57400.8,57404.3,57320.1,57362.75,57319.25619941983,57204.33697180989,0,0,0,57321.7,56491.9,55841.65,54356.2,51868.45,1,1,1,1,,,,8031100,9715591.4
1776761100,57360.75,57421.35,57349.65,57383.35,57332.074959535865,57220.61088346354,0,0,0,57321.7,56491.9,55841.65,54356.2,51868.45,1,1,1,1,,,,9958664,8222232.15
1776762000,57382.1,57387.15,57281,57298.25,57325.309967628695,57227.668984966855,0,0,0,57321.7,56491.9,55841.65,54356.2,51868.45,1,1,1,1,,,,8825430,7914861.15
1776762900,57292.05,57418.95,57271.7,57404.6,57341.16797410296,57243.75362269714,0,0,0,57321.7,56491.9,55841.65,54356.2,51868.45,1,1,1,1,,,,10934524,7795977.3
1776763800,57405.5,57456.3,57314.75,57399.6,57352.85437928237,57257.92147517922,0,0,0,57321.7,56491.9,55841.65,54356.2,51868.45,1,1,1,1,,,,28221401,8797291.8
1776764700,57394.8,57429.35,57311.65,57351.8,57352.6435034259,57266.455886526564,0,0,0,57321.7,56491.9,55841.65,54356.2,51868.45,1,1,1,1,,,,27687677,9832454
1776829500,57182.15,57400.25,57055.25,57222.05,57326.52480274072,57262.41898775142,0,0,0,57321.7,56491.9,55841.65,54356.2,51868.45,1,1,1,1,,,,28333435,10728331.1
1776830400,57217.2,57251.8,57162.75,57166,57294.419842192576,57253.653625228566,0,0,0,57321.7,56491.9,55841.65,54356.2,51868.45,1,1,1,1,,,,14856744,11186064.1
1776831300,57167.1,57243.05,57075.7,57078.5,57251.23587375406,57237.730568389605,0,0,0,57321.7,56491.9,55841.65,54356.2,51868.45,1,1,1,1,,,,15603209,11630723.15
1776832200,57081.05,57139.05,57002.15,57121.65,57225.31869900325,57227.17778944509,0,0,0,57456.3,56491.9,55841.65,54356.2,51868.45,1,1,1,1,,,,10117235,11825639.45
1776833100,57117.25,57172.15,57084,57094.95,57199.244959202595,57215.15708131372,0,0,0,57456.3,56491.9,55841.65,54356.2,51868.45,1,1,1,1,,,,8695695,11970138.4
1776834000,57094.4,57309.4,57071,57299.1,57219.21596736208,57222.788255739746,0,0,0,57456.3,56491.9,55841.65,54356.2,51868.45,1,1,1,1,,,,12952232,12070752.95
1776834900,57295.3,57409.1,57284.8,57402.1,57255.79277388966,57239.08932339977,0,0,0,57456.3,56491.9,55841.65,54356.2,51868.45,1,1,1,1,,,,14846706,12499015.75
1776835800,57403.75,57404.15,57298.25,57345.6,57273.75421911173,57248.77211218161,0,0,0,57456.3,56491.9,55841.65,54356.2,51868.45,1,1,1,1,,,,8981861,12638999.3
1776836700,57346.1,57438.2,57343.7,57382.25,57295.453375289384,57260.90646561964,0,0,0,57456.3,56491.9,55841.65,54356.2,51868.45,1,1,1,1,,,,7464938,12656333
1776837600,57384.45,57409.75,57364.35,57370.1,57310.38270023151,57270.83315056331,0,0,0,57456.3,56491.9,55841.65,54356.2,51868.45,1,1,1,1,,,,6393611,12592510.35
1776838500,57370.85,57387.95,57305.45,57384.3,57325.16616018521,57281.14831869392,0,0,0,57456.3,56491.9,55841.65,54356.2,51868.45,1,1,1,1,,,,6776317,12571116.25
1776839400,57383.2,57411.35,57286.55,57317.05,57323.54292814817,57284.41210790357,0,0,0,57456.3,56491.9,55841.65,54356.2,51868.45,1,1,1,1,,,,8025898,12619303.45
1776840300,57320.85,57322.6,57263.5,57318.05,57322.44434251854,57287.470098094156,0,0,0,57456.3,56491.9,55841.65,54356.2,51868.45,1,1,1,1,,,,6073258,12508072.15
1776841200,57315.95,57348.75,57285.55,57318.05,57321.56547401483,57290.25008917651,0,0,0,57456.3,56491.9,55841.65,54356.2,51868.45,1,1,1,1,,,,6302522,12454122.85
1776842100,57321.2,57352.5,57273.25,57343.25,57325.90237921187,57295.06826288773,0,0,0,57456.3,56491.9,55841.65,54356.2,51868.45,1,1,1,1,,,,6487746,12376955.15
1776843000,57342.15,57373.5,57310.45,57334.45,57327.61190336949,57298.64842080703,0,0,0,57456.3,56491.9,55841.65,54356.2,51868.45,1,1,1,1,,,,5842902,12171167.05
1776843900,57333.35,57345.6,57230.9,57316.95,57325.47952269559,57300.312200733664,0,0,0,57456.3,56491.9,55841.65,54356.2,51868.45,1,1,1,1,,,,6365335,12048162.3
1776844800,57317,57361.75,57297.8,57355.9,57331.56361815647,57305.365637030605,0,0,0,57456.3,56491.9,55841.65,54356.2,51868.45,1,1,1,1,,,,5712584,11787065.3
1776845700,57356,57386,57328.9,57370.8,57339.41089452518,57311.314215482365,0,0,0,57456.3,56491.9,55841.65,54356.2,51868.45,1,1,1,1,,,,8520077,10801999.1
1776846600,57374.35,57397.5,57251.8,57278,57327.12871562014,57308.28565043851,0,0,0,57456.3,56491.9,55841.65,54356.2,51868.45,1,1,1,1,,,,8085196,9821875.05
1776847500,57274.15,57288.05,57211.75,57258.15,57313.332972496115,57303.72786403501,0,0,0,57456.3,56491.9,55841.65,54356.2,51868.45,1,1,1,1,,,,7994083,8804907.45
1776848400,57258.2,57315.25,57225.65,57235.85,57297.83637799689,57297.55714912274,0,0,0,57456.3,56491.9,55841.65,54356.2,51868.45,1,1,1,1,,,,9612909,8542715.7
1776849300,57234.85,57242.3,57193.45,57208.95,57280.059102397514,57289.501953747946,0,0,0,57456.3,56491.9,55841.65,54356.2,51868.45,1,1,1,1,,,,9306797,8227895.1
1776850200,57205.25,57209.5,57103.35,57108.4,57245.727281918014,57273.03813977086,0,0,0,57456.3,56491.9,55841.65,54356.2,51868.45,1,1,1,1,,,,16492616,8546664.15
1776851100,57111.15,57127.4,57078.45,57114.9,57219.56182553441,57258.66194524624,0,0,0,57456.3,56491.9,55841.65,54356.2,51868.45,1,1,1,1,,,,20469100,9135334.4
1776915900,56632.05,56751.45,56491.25,56736.85,57123.019460427524,57211.2244956784,1,0,0,57456.3,56491.9,55841.65,54356.2,51868.45,2,2,1,1,1,,,32081488,10091797.2
1776916800,56734.25,56789.5,56639.1,56704.75,57039.36556834202,57165.18135970763,0,1,0,57456.3,56491.9,55841.65,54356.2,51868.45,3,2,1,1,,1,,14318674,10065395.6
1776917700,56706.75,56868.7,56679.55,56810.85,56993.66245467362,57132.96941791603,0,0,0,57456.3,56491.9,55841.65,54356.2,51868.45,3,2,1,1,,,,17005084,10466556.75
1776918600,56807.85,56850.25,56734,56767.7,56948.4699637389,57099.76310719639,0,0,0,57456.3,56491.9,55841.65,54356.2,51868.45,3,2,1,1,,,,9603638,10573491.75
1776919500,56770.5,56808.55,56712.85,56728.4,56904.45597099112,57066.00282472399,0,0,0,57456.3,56491.9,55841.65,54356.2,51868.45,3,2,1,1,,,,10420838,10774853.1
1776920400,56729.95,56737.55,56626,56629.95,56849.554776792895,57026.36165883999,0,0,0,57456.3,56491.9,55841.65,54356.2,51868.45,3,2,1,1,,,,7511048,10811589.65
1776921300,56630.2,56630.25,56522.2,56568,56793.24382143431,56984.69241712726,0,0,0,57456.3,56491.9,55841.65,54356.2,51868.45,3,2,1,1,,,,10852038,10952896.65
1776922200,56570.3,56611.7,56557.5,56557.55,56746.10505714745,56945.861288297514,0,0,0,57456.3,56491.9,55841.65,54356.2,51868.45,3,2,1,1,,,,8223322,11060399.85
1776923100,56561.75,56600.7,56526.6,56568.85,56710.65404571796,56911.587534815924,0,0,0,57456.3,56491.9,55841.65,54356.2,51868.45,3,2,1,1,,,,8624030,11176475.25
1776924000,56570.1,56611.15,56507.75,56513.35,56671.19323657436,56875.38412255993,0,0,0,57456.3,56491.9,55841.65,54356.2,51868.45,3,2,1,1,,,,6788448,11191510.35
1776924900,56510.75,56597.3,56494.2,56567.45,56650.44458925949,56847.39011141812,0,0,0,57456.3,56491.9,55841.65,54356.2,51868.45,3,2,1,1,,,,5312138,11164972.15
1776925800,56568.85,56574.8,56524.6,56569.4,56634.235671407594,56822.11828310738,0,0,0,57456.3,56491.9,55841.65,54356.2,51868.45,3,2,1,1,,,,5478724,11120641.6
1776926700,56570.8,56590.5,56427.25,56436.05,56594.598537126076,56787.02116646126,0,1,0,57456.3,56491.9,55841.65,54356.2,51868.45,3,3,1,1,,1,,7818871,11225955.95
1776927600,56437.9,56488.45,56357.15,56407.1,56557.09882970086,56752.48287860114,0,0,0,57456.3,56491.9,55841.65,54356.2,51868.45,3,3,1,1,,,,22442540,11922079.1
1776928500,56406.25,56406.45,56241.4,56329.8,56511.63906376069,56714.057162364676,0,0,0,57456.3,56491.9,55841.65,54356.2,51868.45,3,3,1,1,,,,21127366,12574187.6
1776929400,56330.65,56400.7,56320.4,56396.95,56488.70125100855,56685.22923851334,0,0,0,57456.3,56491.9,55841.65,54356.2,51868.45,3,3,1,1,,,,13494194,12849193.15
1776930300,56397.4,56510.2,56341.95,56490.75,56489.111000806835,56667.5493077394,0,0,0,57456.3,56491.9,55841.65,54356.2,51868.45,3,3,1,1,,,,14201338,13078614.6
1776931200,56486.85,56491.2,56297.85,56323.35,56455.958800645465,56636.258461581274,0,0,0,57456.3,56491.9,55841.65,54356.2,51868.45,3,3,1,1,,,,11877264,13207137.95
1776932100,56326.55,56379.75,56296.25,56362.55,56437.277040516376,56611.3758741648,0,0,0,57456.3,56491.9,55841.65,54356.2,51868.45,3,3,1,1,,,,12147827,12989898.5
1776933000,56364.15,56364.45,56253.45,56263.35,56402.4916324131,56579.737158331634,0,0,0,57456.3,56491.9,55841.65,54356.2,51868.45,3,3,1,1,,,,9680730,12450480
1776933900,56268.95,56316.85,56244.6,56249.25,56371.84330593048,56549.69287121058,0,0,0,57456.3,56491.9,55841.65,54356.2,51868.45,3,3,1,1,,,,10972723,11395041.75
1776934800,56255.1,56296.25,56217.15,56245.75,56346.624644744385,56522.06170110053,0,0,0,57456.3,56491.9,55841.65,54356.2,51868.45,3,3,1,1,,,,10597398,11208977.95
1776935700,56247.7,56333.65,56233.5,56299.1,56337.11971579551,56501.79245554594,0,0,0,57456.3,56491.9,55841.65,54356.2,51868.45,3,3,1,1,,,,11576468,10937547.15
1776936600,56305.75,56424.15,56270.15,56272.45,56324.18577263641,56480.9431414054,0,0,0,57456.3,56491.9,55841.65,54356.2,51868.45,3,3,1,1,,,,24235809,11669155.7
1776937500,56264.25,56318.5,56248.7,56316,56322.548618109126,56465.94831036854,0,0,0,57456.3,56491.9,55841.65,54356.2,51868.45,3,3,1,1,,,,27519551,12524091.35
1777002300,56159.45,56460.5,56159.45,56168.2,56291.6788944873,56438.88028215322,1,0,0,57456.3,56491.9,55841.65,54356.2,51868.45,3,3,2,1,1,,,28008267,13548952.3
1777003200,56162.75,56176.9,55977.3,55977.3,56228.803115589835,56396.91843832111,0,0,0,57456.3,56491.9,55841.65,54356.2,51868.45,3,3,2,1,,,,15485769,13780638.85
1777004100,55983.45,55985.35,55850.2,55859.4,56154.922492471866,56348.05312574646,0,0,0,57456.3,56491.9,55841.65,54356.2,51868.45,3,3,2,1,,,,9488335,13843889.5
1777005000,55859.25,56075.7,55857.7,56042.1,56132.35799397749,56320.239205224054,0,0,0,57456.3,56491.9,55841.65,54356.2,51868.45,3,3,2,1,,,,13844483,14104912.15
1777005900,56036.15,56037.45,55929.1,55929.1,56091.706395181995,56284.681095658234,0,0,0,57456.3,56491.9,55841.65,54356.2,51868.45,3,3,2,1,,,,5717073,14051343.4
1777006800,55924.65,55977.9,55906.7,55920.65,56057.4951161456,56251.58735968931,0,0,0,57456.3,56491.9,55841.65,54356.2,51868.45,3,3,2,1,,,,7050513,14138262.15
1777007700,55923.15,56019.15,55896.95,55961.6,56038.31609291648,56225.22487244482,0,0,0,57456.3,56491.9,55841.65,54356.2,51868.45,3,3,2,1,,,,11853635,14457007.7
1777008600,55962.7,55991.2,55907.3,55925.55,56015.76287433319,56197.98170222257,0,0,0,57456.3,56491.9,55841.65,54356.2,51868.45,3,3,2,1,,,,7648289,14448478.6
1777009500,55922.6,56011.45,55910.2,55994,56011.41029946655,56179.437911111425,0,0,0,57456.3,56491.9,55841.65,54356.2,51868.45,3,3,2,1,,,,5026757,13577689.45
1777010400,55991.55,56045.15,55970.7,55983.05,56005.73823957324,56161.58446464675,0,0,0,57456.3,56491.9,55841.65,54356.2,51868.45,3,3,2,1,,,,5495035,12796072.9
1777011300,55982.6,56008.3,55938.3,55986.25,56001.84059165859,56145.64496786068,0,0,0,57456.3,56491.9,55841.65,54356.2,51868.45,3,3,2,1,,,,6948007,12468763.55
1777012200,55987.25,56127.25,55970,56115.5,56024.57247332687,56142.90451623698,0,0,0,57456.3,56491.9,55841.65,54356.2,51868.45,3,3,2,1,,,,6298375,12073615.4
1777013100,56115.25,56139.5,55942.75,55942.75,56008.2079786615,56124.70865112453,0,0,0,57456.3,56491.9,55841.65,54356.2,51868.45,3,3,2,1,,,,5249827,11742243.55
1777014000,55941.75,56028.1,55939.95,55947.2,55996.0063829292,56108.5715010223,0,0,0,57456.3,56491.9,55841.65,54356.2,51868.45,3,3,2,1,,,,5288393,11399271.85
1777014900,55942.9,56029.3,55940.45,56012.95,55999.395106343356,56099.878637293,0,0,0,57456.3,56491.9,55841.65,54356.2,51868.45,3,3,2,1,,,,4064719,11118471.3
1777015800,56012.3,56017.6,55880.45,55917.45,55983.00608507468,56083.2942157209,0,0,0,57456.3,56491.9,55841.65,54356.2,51868.45,3,3,2,1,,,,6220462,10880858.25
1777016700,55917.4,55945.65,55891.25,55945.65,55975.534868059745,56070.78110520082,0,0,0,57456.3,56491.9,55841.65,54356.2,51868.45,3,3,2,1,,,,4660690,10584022.85
1777017600,55944.1,55944.6,55760.1,55766.4,55933.7078944478,56043.11009563711,0,0,0,57456.3,56491.9,55841.65,54356.2,51868.45,3,3,2,1,,,,8361149,10423256.9
1777018500,55765.25,55849.15,55763.45,55822.55,55911.47631555824,56023.059177851916,0,0,0,57456.3,56491.9,55841.65,54356.2,51868.45,3,3,2,1,,,,6250063,9523969.6
1777019400,55822.7,55867.7,55750.4,55833.5,55895.881052446595,56005.82652531992,0,0,0,57456.3,56491.9,55841.65,54356.2,51868.45,3,3,2,1,,,,8575059,8576745
1777020300,55832.75,55977.7,55830.85,55966.7,55910.04484195728,56002.26956847266,0,0,0,57456.3,56491.9,55841.65,54356.2,51868.45,3,3,2,1,,,,8545129,7603588.1
1777021200,55962.75,56163.95,55958.4,56160.45,55960.12587356582,56016.64960770241,0,0,0,57456.3,56491.9,55841.65,54356.2,51868.45,3,3,2,1,,,,12357512,7447175.25
1777022100,56158.4,56172.75,56057.8,56124.2,55992.94069885265,56026.4269160931,0,0,0,57456.3,56491.9,55841.65,54356.2,51868.45,3,3,2,1,,,,8691127,7407314.85
1777023000,56125.6,56125.6,55976.1,56074.55,56009.262559082126,56030.80174190282,0,0,0,57456.3,56491.9,55841.65,54356.2,51868.45,3,3,2,1,,,,16444801,7537330.75
1777023900,56071,56191.45,56064,56097,56026.8100472657,56036.8197653662,0,0,0,57456.3,56491.9,55841.65,54356.2,51868.45,3,3,2,1,,,,21036159,8303285.05
1777261500,56222.25,56474.95,56138.4,56308.15,56083.078037812564,56061.48615033291,0,0,0,57456.3,56491.9,55841.65,54356.2,51868.45,3,3,2,1,,,,31962388,9548878.8
1777262400,56312.2,56352.7,56142.3,56237.45,56113.95243025005,56077.48286393901,0,0,0,57456.3,56491.9,55841.65,54356.2,51868.45,3,3,2,1,,,,14713990,9691896.55
1777263300,56235.15,56348.8,56225.55,56326.3,56156.42194420004,56100.10260358092,0,0,0,57456.3,56491.9,55841.65,54356.2,51868.45,3,3,2,1,,,,10688835,9843923.85
1777264200,56320.9,56336.15,56212.85,56234,56171.93755536003,56112.27509416447,0,0,0,57456.3,56491.9,55841.65,54356.2,51868.45,3,3,2,1,,,,10981465,10141659.25
1777265100,56231.55,56327.1,56085,56135.95,56164.740044288024,56114.42735833133,0,0,0,57456.3,56491.9,55841.65,54356.2,51868.45,3,3,2,1,,,,9572047,10345509.85
1777266000,56133.05,56139.65,55968.4,56057.45,56143.28203543042,56109.24759848303,0,0,0,57456.3,56491.9,55841.65,54356.2,51868.45,3,3,2,1,,,,7818953,10389057.15
1777266900,56055,56214.65,56017,56135.45,56141.71562834433,56111.62963498457,0,0,0,57456.3,56491.9,55841.65,54356.2,51868.45,3,3,2,1,,,,5467254,10347501.1
1777267800,56130.8,56170.05,56070.2,56112,56135.77250267546,56111.66330453143,0,0,0,57456.3,56491.9,55841.65,54356.2,51868.45,3,3,2,1,,,,8400711,10505045.3
1777268700,56113.35,56163.95,56017.35,56023.6,56113.33800214037,56103.657549574025,0,0,0,57456.3,56491.9,55841.65,54356.2,51868.45,3,3,2,1,,,,5170118,10499131.55
1777269600,56023.7,56055.05,55911.1,55982.2,56087.1104017123,56092.6159541582,0,0,0,57456.3,56491.9,55841.65,54356.2,51868.45,3,3,2,1,,,,7913247,10691557.95
1777270500,55978.55,56100.05,55966.65,56100.05,56089.69832136984,56093.29177650746,0,0,0,57456.3,56491.9,55841.65,54356.2,51868.45,3,3,2,1,,,,6005881,10680828.9
1777271400,56094.1,56103,56014.2,56065.4,56084.838657095876,56090.75616046133,0,0,0,57456.3,56491.9,55841.65,54356.2,51868.45,3,3,2,1,,,,4636787,10679633.75
1777272300,56064.45,56086.6,56036.15,56063.45,56080.5609256767,56088.27378223757,0,0,0,57456.3,56491.9,55841.65,54356.2,51868.45,3,3,2,1,,,,5117936,10517473.1
1777273200,56058.65,56167.9,56047.15,56087.4,56081.928740541356,56088.1943474887,0,0,0,57456.3,56491.9,55841.65,54356.2,51868.45,3,3,2,1,,,,5370879,10473513.9
1777274100,56084.7,56109.6,56058.2,56086.15,56082.772992433085,56088.008497717005,0,0,0,57456.3,56491.9,55841.65,54356.2,51868.45,3,3,2,1,,,,5856260,10337573.95
1777275000,56084.85,56271.45,56084.85,56269.95,56120.208393946465,56104.548634288185,0,0,0,57456.3,56491.9,55841.65,54356.2,51868.45,3,3,2,1,,,,6588135,10239724.25
1777275900,56272.7,56355.7,56222.85,56325.25,56161.21671515717,56124.61239480744,0,0,0,57456.3,56491.9,55841.65,54356.2,51868.45,3,3,2,1,,,,9143357,10079016.5
1777276800,56325.1,56412.6,56313.6,56356.05,56200.183372125735,56145.65217709767,0,0,0,57456.3,56491.9,55841.65,54356.2,51868.45,3,3,2,1,,,,8925676,10090743.95
1777277700,56355.55,56407.55,56322.5,56347,56229.546697700585,56163.956524634246,0,0,0,57456.3,56491.9,55841.65,54356.2,51868.45,3,3,2,1,,,,6219977,9579502.75
1777278600,56344.9,56359.9,56287.95,56349.55,56253.54735816047,56180.82865875841,0,0,0,57456.3,56491.9,55841.65,54356.2,51868.45,3,3,2,1,,,,5297332,8792561.4
1777279500,56347.3,56374.35,56313.7,56324.7,56267.777886528376,56193.90787159855,0,0,0,57456.3,56491.9,55841.65,54356.2,51868.45,3,3,2,1,,,,9463348,7667609.4
1777280400,56325.4,56326.1,56226.75,56274.6,56269.1423092227,56201.24351963505,0,0,0,57456.3,56491.9,55841.65,54356.2,51868.45,3,3,2,1,,,,8279010,7345860.4
1777281300,56277.45,56336.75,56260.85,56307.7,56276.85384737816,56210.921381486405,0,0,0,57456.3,56491.9,55841.65,54356.2,51868.45,3,3,2,1,,,,9085387,7265688
1777282200,56304.95,56312,56242.3,56294.55,56280.393077902525,56218.523983169456,0,0,0,57456.3,56491.9,55841.65,54356.2,51868.45,3,3,2,1,,,,12942969,7363763.2
1777283100,56294.7,56307.7,56241,56302.1,56284.73446232202,56226.121802881324,0,0,0,57456.3,56491.9,55841.65,54356.2,51868.45,3,3,2,1,,,,18014082,7785864.95
1777347900,55864.75,56054.75,55851.8,56036.75,56235.137569857616,56208.90618443757,0,0,0,57456.3,56491.9,55841.65,54356.2,51868.45,3,3,2,1,,,,37144919,9252163.25
1777348800,56041.35,56124.25,55987.75,56031.2,56194.35005588609,56192.75107676142,0,0,0,57456.3,56491.9,55841.65,54356.2,51868.45,3,3,2,1,,,,13438984,9650749.75
1777349700,56039,56103.2,55967.95,56096.8,56174.84004470887,56184.028251601296,0,0,0,57456.3,56491.9,55841.65,54356.2,51868.45,3,3,2,1,,,,11883199,9824874.15
1777350600,56094.7,56138.05,56036.4,56036.4,56147.152035767096,56170.60750145572,0,0,0,57456.3,56491.9,55841.65,54356.2,51868.45,3,3,2,1,,,,12328637,10182800.1
1777351500,56035.8,56099.25,56020.4,56045.25,56126.77162861368,56159.211364959745,0,0,0,57456.3,56491.9,55841.65,54356.2,51868.45,3,3,2,1,,,,7440601,10159167.8
1777352400,56045.65,56069.95,55939.6,55963.3,56094.077302890946,56141.401240872496,0,0,0,57456.3,56491.9,55841.65,54356.2,51868.45,3,3,2,1,,,,8762017,10296974.6
1777353300,55963,56045.1,55956.25,56037.75,56082.81184231276,56131.97840079318,0,0,0,57456.3,56491.9,55841.65,54356.2,51868.45,3,3,2,1,,,,5813779,10355824.2
1777354200,56039.3,56044.45,55901.35,55932.6,56052.76947385021,56113.85309163017,0,0,0,57456.3,56491.9,55841.65,54356.2,51868.45,3,3,2,1,,,,5858940,10392874.4
1777355100,55934.4,55934.4,55740.75,55742.05,55990.625579080166,56080.05281057288,0,0,0,57456.3,56491.9,55841.65,54356.2,51868.45,3,3,2,1,,,,7560810,10502370.95
1777356000,55742.6,55791.2,55685.25,55773.85,55947.27046326413,56052.21619142989,0,0,0,57456.3,56491.9,55841.65,54356.2,51868.45,3,3,2,1,,,,7868210,10602968.45
1777356900,55776.6,55788.55,55679.25,55683.7,55894.5563706113,56018.71471948172,0,0,0,57456.3,56491.9,55841.65,54356.2,51868.45,3,3,2,1,,,,7200411,10633582.25
1777357800,55686.75,55689.5,55614,55666.5,55848.94509648904,55986.69519952884,0,0,0,57456.3,56491.9,55841.65,54356.2,51868.45,3,3,2,1,,,,9249300,10638879.4
1777358700,55667.95,55739.9,55623.55,55641.5,55807.45607719124,55955.31381775349,0,0,0,57456.3,56491.9,55841.65,54356.2,51868.45,3,3,2,1,,,,8800419,10632616.55
1777359600,55640.5,55705.55,55619.6,55703.35,55786.63486175299,55932.40801613954,0,0,0,57456.3,56491.9,55841.65,54356.2,51868.45,3,3,2,1,,,,6695955,10656415.45
1777360500,55704.85,55727.8,55600.25,55605.4,55750.38788940239,55902.68001467231,0,0,0,57456.3,56491.9,55841.65,54356.2,51868.45,3,3,2,1,,,,7135472,10748322.45
1777361400,55605.75,55659.55,55589.6,55610.2,55722.35031152191,55876.09092242937,0,0,0,57456.3,56491.9,55841.65,54356.2,51868.45,3,3,2,1,,,,7409292,10645619.65
1777362300,55609.45,55696.25,55609.25,55610.4,55699.960249217525,55851.93720220852,0,0,0,57456.3,56491.9,55841.65,54356.2,51868.45,3,3,2,1,,,,8657387,10664538.5
1777363200,55612.1,55618.45,55490.65,55570.25,55674.01819937402,55826.32927473502,0,1,0,57456.3,56491.9,55841.65,54356.2,51868.45,3,3,3,1,,1,,8168412,10618689.75
1777364100,55569.3,55640.7,55529.35,55559.85,55651.18455949921,55802.10388612274,0,0,0,57456.3,56491.9,55841.65,54356.2,51868.45,3,3,3,1,,,,6480863,10295584.45
1777365000,55561.85,55565.35,55478.9,55482.95,55617.53764759937,55773.08989647522,0,0,0,57456.3,56491.9,55841.65,54356.2,51868.45,3,3,3,1,,,,8574587,9823609.7
1777365900,55486.6,55536.9,55451.6,55471.65,55588.360118079494,55745.68626952293,0,0,0,57456.3,56491.9,55841.65,54356.2,51868.45,3,3,3,1,,,,9584875,8445607.5
1777366800,55473.35,55587.65,55471.3,55564.15,55583.518094463594,55729.18297229357,0,0,0,57456.3,56491.9,55841.65,54356.2,51868.45,3,3,3,1,,,,12293414,8388329
1777367700,55563,55589.7,55535.1,55563.35,55579.48447557088,55714.107247539614,0,0,0,57456.3,56491.9,55841.65,54356.2,51868.45,3,3,3,1,,,,12732436,8430790.85
1777368600,55564.7,55565.4,55364.9,55385.6,55540.7075804567,55684.24295230874,0,0,0,57456.3,56491.9,55841.65,54356.2,51868.45,3,3,3,1,,,,27294899,9179103.95
1777369500,55386.65,55450.35,55263.75,55415.35,55515.63606436536,55659.798138462495,0,0,0,57456.3,56491.9,55841.65,54356.2,51868.45,3,3,3,1,,,,31379765,10376062.15
1777434300,55645.25,55688.35,55378.85,55516.9,55515.88885149229,55646.807398602265,0,0,0,57456.3,56491.9,55841.65,54356.2,51868.45,3,3,3,1,,,,18532558,10864589.2
1777435200,55518.45,55549.3,55332.2,55540.8,55520.87108119383,55637.170362365694,0,0,0,57456.3,56491.9,55841.65,54356.2,51868.45,3,3,3,1,,,,9620967,11054948.6
1777436100,55544.4,55656.7,55544.4,55642,55545.09686495506,55637.60942033245,0,0,0,57456.3,56491.9,55841.65,54356.2,51868.45,3,3,3,1,,,,9932333,11258618.25
1777437000,55647.15,55819.3,55643.55,55812.6,55598.59749196405,55653.51765484768,0,0,0,57456.3,56491.9,55841.65,54356.2,51868.45,3,3,3,1,,,,13761014,11568628.45
1777437900,55820.4,55931.2,55818.35,55904.15,55659.70799357124,55676.30241349789,0,0,0,57456.3,56491.9,55841.65,54356.2,51868.45,3,3,3,1,,,,14843626,11917399.25
1777438800,55908.3,55909.9,55794.85,55814.4,55690.646394856994,55688.85673954354,0,0,0,57456.3,56491.9,55841.65,54356.2,51868.45,3,3,3,1,,,,6934926,11904125
1777439700,55816.5,55916.6,55795,55887.75,55730.0671158856,55706.93794503958,0,0,0,57456.3,56491.9,55841.65,54356.2,51868.45,3,3,3,1,,,,11316196,12007469.8
1777440600,55883.45,55916.5,55772.2,55855.4,55755.13369270848,55720.434495490525,0,0,0,57456.3,56491.9,55841.65,54356.2,51868.45,3,3,3,1,,,,8072631,11971080.4
1777441500,55863.3,55993.55,55856.1,55910.8,55786.266954166786,55737.740450445934,0,0,0,57456.3,56491.9,55841.65,54356.2,51868.45,3,3,3,1,,,,23930518,12832808.55
1777442400,55915.35,55965.85,55884.85,55885.7,55806.15356333343,55751.19131858721,0,0,0,57456.3,56491.9,55841.65,54356.2,51868.45,3,3,3,1,,,,11630007,13057535.3
1777443300,55887.85,55904.65,55856.25,55895.85,55824.09285066674,55764.34210780656,0,0,0,57456.3,56491.9,55841.65,54356.2,51868.45,3,3,3,1,,,,8006206,13087381
1777444200,55898.95,55998.35,55880.15,55992.5,55857.77428053339,55785.0837343696,0,0,0,57456.3,56491.9,55841.65,54356.2,51868.45,3,3,3,1,,,,8548170,13081920.15
1777445100,55995.7,56110.25,55988.25,56081.15,55902.44942442671,55811.998849426906,0,0,0,57456.3,56491.9,55841.65,54356.2,51868.45,3,3,3,1,,,,14038534,13375426.25
1777446000,56089.2,56178.75,56081.7,56143.3,55950.61953954137,55842.11713584264,0,0,0,57456.3,56491.9,55841.65,54356.2,51868.45,3,3,3,1,,,,10505657,13576665.95
1777446900,56142.4,56162.5,56079.15,56083.25,55977.145631633095,55864.03830531149,0,0,0,57456.3,56491.9,55841.65,54356.2,51868.45,3,3,3,1,,,,8138637,13554868.45
1777447800,56091.5,56134.55,56049.6,56069,55995.51650530648,55882.67118664681,0,0,0,57456.3,56491.9,55841.65,54356.2,51868.45,3,3,3,1,,,,6993464,13425297.9
1777448700,56071.6,56086.9,56010.4,56011.6,55998.73320424518,55894.391987860734,0,0,0,57456.3,56491.9,55841.65,54356.2,51868.45,3,3,3,1,,,,6111818,13116218.1
1777449600,56014.05,56044.3,55906.2,55943.9,55987.766563396144,55898.89271623703,0,0,0,57456.3,56491.9,55841.65,54356.2,51868.45,3,3,3,1,,,,11627110,13060951.8
1777450500,55945.8,55988.75,55861.75,55861.75,55962.563250716914,55895.51610567003,0,0,0,56178.75,55263.75,,,,1,1,1,1,,,,8683331,12130373.4
1777451400,55861.25,55868.05,55590.65,55663.4,55902.73060057353,55874.41464151821,1,0,0,56178.75,55263.75,,,,2,1,1,1,1,,,13945849,11258677.6
1777452300,55662.55,55671.1,55451.85,55489.2,55820.02448045882,55839.39512865292,0,1,0,56178.75,55263.75,,,,3,1,1,1,,1,,17124194,11188259.4
1777453200,55496.35,55613.55,55464.45,55604.35,55776.889584367054,55818.027389684474,0,0,0,56178.75,55263.75,,,,3,1,1,1,,,,11141946,11264308.35
1777454100,55607.6,55620.25,55485.3,55487.95,55719.10166749364,55788.02035425861,0,0,0,56178.75,55263.75,,,,3,1,1,1,,,,9909289,11263156.15
1777455000,55485.85,55548.5,55391.65,55395.95,55654.47133399491,55752.377594780555,0,0,0,56178.75,55263.75,,,,3,1,1,1,,,,20833821,11616796.5
1777455900,55393.55,55402.5,55290.5,55329.85,55589.54706719593,55713.96599525505,0,0,0,56178.75,55263.75,,,,3,1,1,1,,,,27719582,12260594.3
1777520700,54896,54896,54509.1,54529,55377.437653756744,55606.241813868226,0,0,0,56178.75,55263.75,,,,3,1,1,1,,,,31360960,13481896
1777521600,54522.8,54722.1,54503,54714.1,55244.77012300539,55525.13801260748,0,0,0,56178.75,55263.75,,,,3,1,1,1,,,,14091791,13620675.75
1777522500,54713.05,54769.45,54574,54597.3,55115.27609840431,55440.789102370436,0,0,0,56178.75,55263.75,,,,3,1,1,1,,,,11573201,13795704.25
1777523400,54595.3,54599.5,54507.1,54544.5,55001.12087872345,55359.30827488221,0,0,0,56178.75,55263.75,,,,3,1,1,1,,,,13674107,13282883.7
1777524300,54544.05,54592.8,54440.25,54463.95,54893.68670297876,55277.91206807474,0,0,0,56178.75,55263.75,,,,3,1,1,1,,,,12392805,13321023.6
1777525200,54465.95,54602.05,54443.5,54577.25,54830.39936238301,55214.21551643158,0,0,0,56178.75,55263.75,,,,3,1,1,1,,,,8776982,13359562.4
1777526100,54581.7,54581.7,54474.55,54517.5,54767.81948990641,55150.87774221053,0,0,0,56178.75,55263.75,,,,3,1,1,1,,,,7633681,13313837.95
1777527000,54519.1,54551.1,54486.5,54489.8,54712.21559192513,55090.77976564594,0,0,0,56178.75,55263.75,,,,3,1,1,1,,,,6630942,12943458.35
1777527900,54489.85,54554.5,54477.1,54553,54680.372473540105,55041.89069604176,0,0,0,56178.75,55263.75,,,,3,1,1,1,,,,6195882,12727969.6
1777528800,54553.6,54631.95,54521.65,54521.65,54648.62797883208,54994.59608731069,0,0,0,56178.75,55263.75,,,,3,1,1,1,,,,7896743,12715874.9
1777529700,54523.55,54558.75,54485.35,54497.1,54618.322383065664,54949.36917028244,0,0,0,56178.75,55263.75,,,,3,1,1,1,,,,7798826,12756143
1777530600,54494.7,54682.5,54464.85,54678.45,54630.34790645253,54924.740154802224,0,0,0,56178.75,55263.75,,,,3,1,1,1,,,,12046418,13052873
1777531500,54685.85,54757.5,54620.6,54734,54651.07832516202,54907.400140729296,0,0,0,56178.75,55263.75,,,,3,1,1,1,,,,7842632,12863649.1
1777532400,54736.05,54779.55,54687.35,54709.15,54662.69266012962,54889.377400663,0,0,0,56178.75,55263.75,,,,3,1,1,1,,,,6754167,12767190.9
1777533300,54712.35,54830.3,54710.25,54815,54693.1541281037,54882.61581878454,0,0,0,56178.75,55263.75,,,,3,1,1,1,,,,4974470,12318621.95
1777534200,54814.7,54844.6,54752.85,54816.35,54717.79330248296,54876.5916534405,0,0,0,56178.75,55263.75,,,,3,1,1,1,,,,6014108,11763117.65
1777535100,54814.05,54914.25,54769.4,54887.45,54751.724641986366,54877.578775855,0,0,0,56178.75,55263.75,,,,3,1,1,1,,,,6721326,11542086.65
1777536000,54887.6,55080.65,54844.85,55070.85,54815.54971358909,54895.14888714091,0,0,0,56178.75,55263.75,,,,3,1,1,1,,,,9327555,11512999.95
1777536900,55069.4,55111.6,54941.7,55012.35,54854.90977087127,54905.80353376446,0,0,0,56178.75,55263.75,,,,3,1,1,1,,,,8365248,10889571.3
1777537800,55013.15,55033.75,54896.55,54942.15,54872.35781669702,54909.10775796769,0,0,0,56178.75,55263.75,,,,3,1,1,1,,,,6301594,9818671.9
1777538700,54945.2,54971.75,54860.45,54933.95,54884.67625335761,54911.366143606996,0,0,0,56178.75,55263.75,,,,3,1,1,1,,,,8967034,8698975.6
1777539600,54935.15,55068.7,54898.45,55042.55,54916.25100268609,54923.29194873363,0,0,0,56178.75,55263.75,,,,3,1,1,1,,,,8918127,8440292.4
1777540500,55043.25,55054.25,54877.45,55013.1,54935.62080214887,54931.45631703058,0,0,0,56178.75,55263.75,,,,3,1,1,1,,,,13766383,8549951.5
1777541400,55017.8,55017.8,54724.6,54818.85,54912.2666417191,54921.21937911871,0,0,0,56178.75,55263.75,,,,3,1,1,1,,,,32383428,9485417.55
1777542300,54823.25,55026.7,54809.5,55003.25,54930.46331337528,54928.676708289735,0,0,0,56178.75,55263.75,,,,3,1,1,1,,,,36463225,10688938.55
1777866300,54929.6,55344.85,54929.6,55339.35,55012.24065070022,54966.01064389976,0,0,0,56178.75,55263.75,,,,3,1,1,1,,,,33652749,11932726.9
1777867200,55343.75,55602.3,55343.25,55519.85,55113.76252056018,55016.35967627251,0,0,0,56178.75,55263.75,,,,3,1,1,1,,,,19573577,12529721.7
1777868100,55522.85,55555.05,55314.9,55438.8,55178.77001644814,55054.76334206592,0,0,0,56178.75,55263.75,,,,3,1,1,1,,,,12812520,12838800.6
1777869000,55441.45,55460.45,55304.85,55307.1,55204.43601315851,55077.70303824174,0,0,0,56178.75,55263.75,,,,3,1,1,1,,,,10711414,13064577.2
1777869900,55309.25,55364.4,55251.4,55353.95,55234.33881052681,55102.816398401585,0,0,0,56178.75,55263.75,,,,3,1,1,1,,,,8914336,13115456.85
1777870800,55357.05,55418.9,55302,55360.05,55259.48104842145,55126.20127127417,0,0,0,56178.75,55263.75,,,,3,1,1,1,,,,7924734,13121752.25
1777871700,55363.7,55417.35,55277.05,55283.15,55264.214838737156,55140.46933752197,0,0,0,55602.3,54440.25,,,,1,1,1,1,,,,6663724,12852617.55
1777872600,55281.5,55409.5,55246.35,55407.05,55292.781870989726,55164.70394320179,0,0,0,55602.3,54440.25,,,,1,1,1,1,,,,7834733,12852222.6
1777873500,55407.6,55419.6,55365.45,55408.15,55315.85549679178,55186.83540291072,0,0,0,55602.3,54440.25,,,,1,1,1,1,,,,19339767,13481502.6
1777874400,55406.2,55448.7,55361.35,55400.15,55332.714397433425,55206.22763900975,0,0,0,55602.3,54440.25,,,,1,1,1,1,,,,10851026,13775330.4
1777875300,55400.8,55431.5,55338.8,55356.85,55337.54151794674,55219.920580917955,0,0,0,55602.3,54440.25,,,,1,1,1,1,,,,6860801,13817665.05
1777876200,55358.45,55377.1,55070.35,55073.45,55284.72321435739,55206.605073561775,0,0,0,55602.3,54440.25,,,,1,1,1,1,,,,8735149,13918356.2
1777877100,55077.25,55162.05,55040.2,55114.95,55250.76857148591,55198.272794147066,0,0,0,55602.3,54440.25,,,,1,1,1,1,,,,8678852,13885921.05
1777878000,55114.25,55119.35,54953.2,54957.05,55192.02485718873,55176.34344922461,0,0,0,55602.3,54440.25,,,,1,1,1,1,,,,9299947,13932656
1777878900,54960.15,54992.85,54897.45,54930.2,55139.65988575098,55153.96677202237,0,0,0,55602.3,54440.25,,,,1,1,1,1,,,,8927795,14063966.05
1777879800,54930.5,54982.2,54898.15,54946.45,55101.017908600785,55135.10161092943,0,0,0,55602.3,54440.25,,,,1,1,1,1,,,,5562477,13893738.2
1777880700,54945.85,54949.35,54781.3,54785.6,55037.934326880626,55103.32873720857,0,0,0,55602.3,54440.25,,,,4,1,1,1,,,,9089271,13902295.4
1777881600,54780.5,54897.95,54727.45,54888.65,55008.0774615045,55083.812488371426,0,0,0,55602.3,54440.25,,,,4,1,1,1,,,,9239968,13675974.65
1777882500,54887.25,54939.5,54781.75,54824.45,54971.3519692036,55060.23408033766,0,0,0,55602.3,54440.25,,,,4,1,1,1,,,,5859511,12349778.8
1777883400,54827,54943.3,54799.95,54922.05,54961.49157536288,55047.67189121605,0,0,0,55602.3,54440.25,,,,4,1,1,1,,,,5372519,10795243.5
1777884300,54921.4,55017.6,54914.15,54950.8,54959.35326029031,55038.86535565095,0,0,0,55602.3,54440.25,,,,4,1,1,1,,,,7849854,9505098.75
1777885200,54946.8,54970.2,54778.05,54820,54931.48260823225,55018.96850513723,0,0,0,55602.3,54440.25,,,,4,1,1,1,,,,9483284,9000584.1
1777886100,54820.8,54842.5,54742.8,54760.65,54897.3160865858,54995.485004670205,0,0,0,55602.3,54440.25,,,,4,1,1,1,,,,8089840,8764450.1
1777887000,54764.3,54923.05,54723.5,54892.8,54896.41286926864,54986.15000424564,0,0,0,55602.3,54440.25,,,,4,1,1,1,,,,14999340,8978846.4
1777887900,54896.8,54947.95,54854.95,54896.45,54896.420295414915,54977.99545840512,0,0,0,55602.3,54440.25,,,,4,1,1,1,,,,23731393,9719699.25
1777952700,54703.2,54718.55,54438.15,54529.85,54823.10623633193,54937.254962186475,0,0,0,55602.3,54440.25,,,,4,1,1,1,,,,14809566,10063940.85
1777953600,54527.1,54649.95,54488.85,54568.9,54772.264989065545,54903.76814744225,0,0,0,55602.3,54440.25,,,,4,1,1,1,,,,9646376,10213073.45
1777954500,54572.8,54672.3,54538.5,54663.85,54750.58199125244,54881.95740676568,0,0,0,55602.3,54440.25,,,,4,1,1,1,,,,6236738,10133173.7
1777955400,54661.85,54682.6,54469.7,54489.7,54698.40559300195,54846.297642514255,0,0,0,55602.3,54440.25,,,,4,1,1,1,,,,7737983,9553084.5
1777956300,54487.6,54530.1,54422.7,54439.85,54646.694474401564,54809.34785683114,0,0,0,55602.3,54440.25,,,,4,1,1,1,,,,6987809,9359923.65
1777957200,54438.1,54493.2,54410.55,54444.8,54606.31557952125,54776.20714257377,0,0,0,55602.3,54440.25,,,,4,1,1,1,,,,6379495,9335858.35
1777958100,54438.75,54480.35,54346.45,54373.9,54559.832463617,54739.63376597615,0,0,0,55602.3,54440.25,,,,4,1,1,1,,,,6853810,9241791.4
1777959000,54375.5,54460,54333.65,54425.35,54532.9359708936,54711.06251452377,0,0,0,55602.3,54440.25,,,,4,1,1,1,,,,9097148,9262706.2
1777959900,54423.45,54492.65,54373.3,54383.05,54502.958776714884,54681.24319502161,0,0,0,55602.3,54440.25,,,,4,1,1,1,,,,5527948,9074106.25
1777960800,54381.3,54414.6,54307.15,54317.45,54465.85702137191,54648.171086383285,0,0,0,55602.3,54440.25,,,,4,1,1,1,,,,7091094,8982271.2
1777961700,54318.3,54320.5,54240.4,54241.7,54421.025617097526,54611.21916943935,0,0,0,55602.3,54440.25,,,,4,1,1,1,,,,8988820,9153588.35
1777962600,54241.25,54320.5,54221.65,54316.65,54400.15049367802,54584.44015403577,0,0,0,55602.3,54440.25,,,,4,1,1,1,,,,8271193,9112684.45
1777963500,54315.05,54431.65,54314.15,54360.35,54392.190394942416,54564.068321850704,0,0,0,55602.3,54440.25,,,,4,1,1,1,,,,7307592,9016065.65
1777964400,54364.35,54417.55,54330.9,54342.75,54382.30231595393,54543.94847440973,0,0,0,55602.3,54440.25,,,,4,1,1,1,,,,6463546,9046267.4
1777965300,54340.05,54628.3,54336.7,54591.65,54424.171852763146,54548.28497673612,0,0,0,55602.3,54440.25,,,,4,1,1,1,,,,31461827,10350732.8
1777966200,54593.65,54812.15,54565.5,54807.1,54500.757482210516,54571.813615214654,0,0,0,55602.3,54440.25,,,,4,1,1,1,,,,66261432,13271311.7
1777967100,54813.3,54888.55,54712,54786.8,54557.96598576842,54591.357832013324,0,0,0,55602.3,54440.25,,,,4,1,1,1,,,,37816558,14687975.4
1777968000,54787.25,54793.7,54676.3,54772.4,54600.852788614735,54607.816210921206,0,0,0,55602.3,54440.25,,,,4,1,1,1,,,,26503118,15608639.3
1777968900,54767.95,54801.55,54695.55,54755.45,54631.77223089179,54621.23746447382,0,0,0,55602.3,54440.25,,,,4,1,1,1,,,,16530460,15685195.3
1777969800,54752.65,54779.65,54614.25,54649.5,54635.31778471343,54623.806785885296,0,0,0,55602.3,54440.25,,,,4,1,1,1,,,,14208193,15209035.3
1777970700,54652,54827.9,54638,54814.45,54671.14422777074,54641.13798716845,0,0,0,55602.3,54440.25,,,,4,1,1,1,,,,11509472,15044030.6
1777971600,54819,54824.4,54701.95,54731.75,54683.26538221659,54649.37544288041,0,0,0,55602.3,54440.25,,,,4,1,1,1,,,,9960340,15059728.8
1777972500,54728.45,54742.15,54574.5,54598.05,54666.22230577327,54644.70949352765,0,0,0,55602.3,54440.25,,,,4,1,1,1,,,,11214571,15308620.45
1777973400,54603.55,54608.15,54501.1,54605.55,54654.08784461862,54641.149539570586,0,0,0,55602.3,54440.25,,,,4,1,1,1,,,,16809365,15762189.55
1777974300,54602.2,54626.95,54521.55,54558.75,54635.02027569489,54633.6586723369,0,0,0,55602.3,54440.25,,,,4,1,1,1,,,,25243105,16674954.35
1778039100,55128.5,55344.95,55109.05,55219.6,54751.936220555915,54686.92606576082,0,0,0,55602.3,54440.25,,,,4,1,1,1,,,,63611246,19536541.9
1778040000,55227.9,55260.8,55115.75,55125.55,54826.658976444734,54726.80096887347,0,0,0,55602.3,54440.25,,,,4,1,1,1,,,,37661874,21076945.1
1778040900,55125.25,55208.75,55099.4,55102.15,54881.75718115579,54760.92360806679,0,0,0,55602.3,54440.25,,,,4,1,1,1,,,,29308381,22087506.75
1778041800,55101.7,55104.7,55007.55,55087.25,54922.85574492463,54790.58964369708,0,0,0,55602.3,54440.25,,,,4,1,1,1,,,,15030691,22562643.9
1778042700,55085.3,55141.85,55036.25,55091.4,54956.5645959397,54817.93603972462,0,0,0,55602.3,54440.25,,,,4,1,1,1,,,,15405729,22978375.65
1778043600,55083.6,55190.7,55034.5,55159.05,54997.061676751764,54848.94639974966,0,0,0,55344.95,54221.65,,,,1,1,1,1,,,,38965473,24477208.3
1778044500,55154.9,55158.35,55030.55,55072.55,55012.15934140141,54869.27399977241,0,0,0,55344.95,54221.65,,,,1,1,1,1,,,,25810093,25354153.3
1778045400,55064.5,55079.85,54944.4,54975.5,55004.82747312113,54878.93090888401,0,0,0,55344.95,54221.65,,,,1,1,1,1,,,,17430255,25860286.45
1778046300,54967.2,54996.55,54899.25,54995.85,55003.0319784969,54889.55991716728,0,0,0,55344.95,54221.65,,,,1,1,1,1,,,,14961026,26285160.45
1778047200,54988.45,55022.45,54881.8,54918.8,54986.18558279752,54892.21810651571,0,0,0,55344.95,54221.65,,,,1,1,1,1,,,,13067882,25365463.2
1778048100,54909.9,54947.2,54881.4,54903.4,54969.62846623802,54893.23464228701,0,0,0,55344.95,54221.65,,,,1,1,1,1,,,,8861312,22495457.2
1778049000,54901.3,54910.8,54833.5,54857.1,54947.12277299041,54889.949674806376,0,0,0,55344.95,54221.65,,,,1,1,1,1,,,,9478550,21078556.8
1778049900,54854.6,54859.95,54710.35,54774.05,54912.50821839233,54879.41334073307,0,0,0,55344.95,54221.65,,,,1,1,1,1,,,,12711084,20388955.1
1778050800,54769.65,54773.5,54678.25,54690.95,54868.19657471386,54862.280309757334,0,0,0,55344.95,54221.65,,,,1,1,1,1,,,,8170156,19970939.9
1778051700,54691.2,54696.8,54620.6,54679.5,54830.45725977109,54845.66391796121,0,0,0,55344.95,54221.65,,,,1,1,1,1,,,,12377687,19879414.6
1778052600,54670.8,54713.85,54587.2,54709,54806.16580781687,54833.23992541928,0,0,0,55344.95,54221.65,,,,1,1,1,1,,,,18318731,20219877.55
1778053500,54703.5,54869.95,54703,54861.65,54817.2626462535,54835.82265947207,0,0,0,55344.95,54221.65,,,,1,1,1,1,,,,17114456,20577583.35
1778054400,54860.6,54961.9,54860.6,54919.7,54837.7501170028,54843.447872247336,0,0,0,55344.95,54221.65,,,,1,1,1,1,,,,19191749,20976442.25
1778055300,54910.7,55033.15,54900.9,54991.5,54868.50009360224,54856.90715658849,0,0,0,55344.95,54221.65,,,,1,1,1,1,,,,14428624,20857405.2
1778056200,54989,55079.15,54968.45,55075.5,54909.90007488179,54876.77923326226,0,0,0,55344.95,54221.65,,,,1,1,1,1,,,,15340083,20362254.1
1778057100,55083.45,55787.25,55083.45,55749.35,55077.790059905434,54956.103848420236,0,0,0,55344.95,54221.65,,,,1,1,1,1,,,,58028359,20083109.75
1778058000,55761.1,55865.25,55703.95,55830.2,55228.27204792434,55035.567134927485,0,0,0,55344.95,54221.65,,,,1,1,1,1,,,,32067260,19803379.05
1778058900,55832.7,55964.45,55794.75,55960.3,55374.677638339475,55119.63375902499,0,0,0,55344.95,54221.65,,,,1,1,1,1,,,,41427787,20409349.35
1778059800,55964.95,56020.55,55884.75,55940.8,55487.90211067158,55194.28523547726,0,0,0,55344.95,54221.65,,,,1,1,1,1,,,,55397684,22427699
1778060700,55940.45,56078.8,55933.1,56039.3,55598.18168853727,55271.10475952479,0,0,0,55344.95,54221.65,,,,1,1,1,1,,,,55450519,24429938.5
1778125500,56121.8,56148.45,55822.65,55900.15,55658.575350829815,55328.29069047708,0,0,0,55344.95,54221.65,,,,1,1,1,1,,,,69123519,25937840.8
1778126400,55900.05,56081.3,55854.2,56057.5,55738.36028066385,55394.582445888256,0,0,0,55344.95,54221.65,,,,1,1,1,1,,,,38980655,26596368.9
1778127300,56055.95,56065.35,55909.7,55957.35,55782.15822453108,55445.743132625685,0,0,0,55344.95,54221.65,,,,1,1,1,1,,,,21903485,26820030.4
1778128200,55957.95,56100,55877.15,55903.8,55806.48657962486,55487.38466602335,0,0,0,55344.95,54221.65,,,,1,1,1,1,,,,19052778,27024618
1778129100,55904.7,56035.75,55898.35,56002.95,55845.77926369989,55534.25424183941,0,0,0,55344.95,54221.65,,,,1,1,1,1,,,,22323195,27487383.65
1778130000,56003,56102.45,55974.8,56088.95,55894.41341095991,55584.68112894492,0,0,0,56148.45,54587.2,54221.65,,,1,1,1,1,,,,12665891,27677612.6
1778130900,56086.95,56120.35,55980.3,56030,55921.53072876793,55625.1646626772,0,0,0,56148.45,54587.2,54221.65,,,1,1,1,1,,,,12455286,27826449.4
1778131800,56030.65,56036,55912.55,55922.6,55921.74458301435,55652.20423879745,0,0,0,56148.45,54587.2,54221.65,,,1,1,1,1,,,,11643526,27773071.5
1778132700,55922.65,55943.7,55845.8,55873.85,55912.16566641148,55672.35385345223,0,0,0,56148.45,54587.2,54221.65,,,1,1,1,1,,,,9430773,27836102.35
1778133600,55874.65,55941.6,55794.8,55803.25,55890.38253312918,55684.25350313839,0,0,0,56148.45,54587.2,54221.65,,,1,1,1,1,,,,12583512,27846393.6
1778134500,55804.75,55910.4,55783.2,55900.85,55892.47602650335,55703.94409376217,0,0,0,56148.45,54587.2,54221.65,,,1,1,1,1,,,,9799597,27420436.9
1778135400,55900.75,56001,55900.7,55984.35,55910.85082120268,55729.43553978379,0,0,0,56148.45,54587.2,54221.65,,,1,1,1,1,,,,9569293,27043178.75
1778136300,55987.9,56063.65,55985.35,55990.3,55926.740656962145,55753.15049071254,0,0,0,56148.45,54587.2,54221.65,,,1,1,1,1,,,,9077050,26537443.8
1778137200,55994.95,56334.15,55949.15,56289.55,55999.302525569714,55801.91408246595,0,0,0,56148.45,54587.2,54221.65,,,1,1,1,1,,,,15652902,26598657.7
1778138100,56285.95,56327.4,56082.2,56135.1,56026.46202045577,55832.20371133268,0,0,0,56148.45,54587.2,54221.65,,,1,1,1,1,,,,12348116,26449059.35
1778139000,56136.9,56178.55,56051.6,56068.9,56034.94961636462,55853.72155575698,0,0,0,56148.45,54587.2,54221.65,,,1,1,1,1,,,,9238313,24009557.05
1778139900,56068.05,56109.1,55921.45,56029.05,56033.76969309169,55869.660505233616,0,0,0,56148.45,54587.2,54221.65,,,1,1,1,1,,,,10748369,22943612.5
1778140800,56029.5,56095.85,55996.7,56026.5,56032.315754473355,55883.91864112147,0,0,0,56148.45,54587.2,54221.65,,,1,1,1,1,,,,9511101,21347778.2
1778141700,56022.75,56105.3,55992.35,56079.55,56041.76260357868,55901.703310110424,0,0,0,56334.15,54587.2,54221.65,,,1,1,1,1,,,,8871598,19021473.9
1778142600,56077.6,56138.3,56038.4,56086.65,56050.74008286295,55918.51664555493,0,0,0,56334.15,54587.2,54221.65,,,1,1,1,1,,,,9876492,16742772.55
1778143500,56088.95,56137.45,56033.8,56121.4,56064.87206629036,55936.960586868125,0,0,0,56334.15,54587.2,54221.65,,,1,1,1,1,,,,14703568,14021775
1778144400,56118.95,56152.85,56042.55,56054.85,56062.867653032285,55947.67780624375,0,0,0,56334.15,54587.2,54221.65,,,1,1,1,1,,,,11897477,12667616.1
1778145300,56048.95,56129.55,56016.3,56120.55,56074.404122425825,55963.393460221596,0,0,0,56334.15,54587.2,54221.65,,,1,1,1,1,,,,11107382,12127810.95
1778146200,56115.6,56150.55,55943.05,55963.85,56052.29329794066,55963.43496383781,0,0,0,56334.15,54587.2,54221.65,,,1,1,1,1,,,,45220604,13436202.25
1778147100,55964.35,56111.25,55959.7,56093.9,56060.61463835253,55975.29542167074,0,0,0,56334.15,54587.2,54221.65,,,1,1,1,1,,,,40863372,14363211.1
1778211900,55796.55,55797.7,55507.45,55720.15,55992.52171068202,55952.100383337034,0,0,0,56334.15,54587.2,54221.65,,,1,1,1,1,,,,34596288,15459730.95
1778212800,55719.15,55724.2,55585.55,55596.85,55913.38736854561,55919.80489394276,0,0,0,56334.15,54587.2,54221.65,,,1,1,1,1,,,,16186759,15646304.6
1778213700,55593.55,55687.8,55524.6,55654.15,55861.53989483649,55895.65444903888,0,0,0,56334.15,54587.2,54221.65,,,1,1,1,1,,,,11853889,15656822.75
1778214600,55652.5,55656.85,55549.5,55654.45,55820.12191586919,55873.72677185352,0,0,0,56334.15,54587.2,54221.65,,,1,1,1,1,,,,8819822,15626275.2
1778215500,55659.55,55694.05,55570.8,55662.35,55788.56753269535,55854.51070168502,0,0,0,56334.15,54587.2,54221.65,,,1,1,1,1,,,,6785849,15336392.05
1778216400,55663.25,55680.2,55588.75,55606.45,55752.14402615628,55831.95972880457,0,0,0,56334.15,54587.2,54221.65,,,1,1,1,1,,,,5684957,15130660.05
1778217300,55606.9,55626.85,55532.5,55540.8,55709.87522092502,55805.49066254961,0,0,0,56334.15,54587.2,54221.65,,,1,1,1,1,,,,6555365,14979963.65
1778218200,55539.8,55648.15,55517.55,55634.15,55694.73017674002,55789.914238681464,0,0,0,56334.15,54587.2,54221.65,,,1,1,1,1,,,,9574607,15004841.5
1778219100,55633.25,55662.35,55540.05,55557.45,55667.274141392016,55768.78112607406,0,0,0,56334.15,54587.2,54221.65,,,1,1,1,1,,,,8759459,14660169.35
1778220000,55556.55,55601.95,55504.95,55561.9,55646.19931311361,55749.973750976416,0,0,0,56334.15,54587.2,54221.65,,,1,1,1,1,,,,10596683,14572597.7
1778220900,55563.15,55588.55,55521.35,55588.55,55634.66945049089,55735.29886452402,0,0,0,56334.15,54587.2,54221.65,,,1,1,1,1,,,,11059503,14663657.2
1778221800,55582.15,55610.85,55478,55505.25,55608.78556039271,55714.38533138547,0,0,0,56334.15,54587.2,54221.65,,,1,1,1,1,,,,10021176,14627297.55
1778222700,55503.85,55559.95,55440.65,55551.2,55597.268448314164,55699.55030125952,0,0,0,56334.15,54587.2,54221.65,,,1,1,1,1,,,,9387025,14621093.75
1778223600,55554.35,55558.15,55419.9,55421.85,55562.18475865133,55674.30481932684,0,0,0,56334.15,54587.2,54221.65,,,1,1,1,1,,,,6547765,14504902.1
1778224500,55424.5,55444.05,55376.2,55395.15,55528.77780692107,55648.92710847894,0,0,0,56334.15,54587.2,54221.65,,,1,1,1,1,,,,7342506,14378202.8
1778225400,55397.8,55460.95,55368.5,55416.3,55506.28224553686,55627.779189526314,0,0,0,56334.15,54587.2,54221.65,,,1,1,1,1,,,,8491188,14067583.8
1778226300,55420.8,55542.85,55386.4,55540.75,55513.17579642949,55619.86744502392,0,0,0,56334.15,54587.2,54221.65,,,1,1,1,1,,,,9498964,13947658.15
1778227200,55543.8,55562.55,55440.55,55481.1,55506.76063714359,55607.25222274902,0,0,0,56334.15,54587.2,54221.65,,,1,1,1,1,,,,8321996,13808388.85
1778228100,55467.1,55485.55,55218.6,55269.7,55459.34850971487,55576.565657044564,0,0,0,56334.15,54587.2,54221.65,,,1,1,1,1,,,,14641770,12279447.15
1778229000,55263.55,55268.2,55076.1,55080.5,55383.5788077719,55531.46877913142,0,0,0,56334.15,54587.2,54221.65,,,4,1,1,1,,,,29533303,11712943.7
1778229900,55071.45,55230.25,55062.5,55212.55,55349.373046217515,55502.476162846746,0,0,0,56334.15,54587.2,54221.65,,,4,1,1,1,,,,59391951,12952726.85
1778230800,55213,55416.65,55206.65,55369.3,55353.35843697401,55490.369238951585,0,0,0,56334.15,54587.2,54221.65,,,4,1,1,1,,,,28516786,13569228.2
1778231700,55369.4,55400.15,55321.6,55334.55,55349.596749579214,55476.20385359235,0,0,0,56334.15,54587.2,54221.65,,,4,1,1,1,,,,19134908,13933279.15
1778232600,55340.15,55351.95,55274.15,55322.75,55344.227399663374,55462.25350326577,0,0,0,56334.15,54587.2,54221.65,,,4,1,1,1,,,,35315221,15258049.1
1778233500,55323.35,55369.85,55256.15,55324,55340.1819197307,55449.68500296888,0,0,0,56334.15,54587.2,54221.65,,,4,1,1,1,,,,48502359,17343874.6
1778471100,54829.85,54922.55,54600.25,54860.3,55244.20553578456,55396.104548153526,0,0,0,56334.15,54587.2,54221.65,,,4,4,1,1,,,,67757720,20447512.75
1778472000,54853.35,54868.35,54442.1,54446.8,55084.72442862765,55309.80413468502,0,0,0,56334.15,54587.2,54221.65,,,4,4,1,1,,,,31272888,21683388.9
1778472900,54447.75,54495.4,54392.75,54404,54948.57954290212,55227.45830425911,0,0,0,56334.15,54587.2,54221.65,,,4,4,1,1,,,,21691568,22289236.95
1778473800,54407.35,54527.15,54402.4,54473,54853.46363432169,55158.8711856901,0,0,0,56334.15,54587.2,54221.65,,,4,4,1,1,,,,24210044,23061766.2
1778474700,54472.9,54503.2,54365.6,54480.8,54778.930907457354,55097.22835062736,0,0,0,56334.15,54587.2,54221.65,,,4,4,1,1,,,,14658743,23264869.2
1778475600,54482.35,54488.25,54411.35,54447.2,54712.584725965884,55038.13486420669,0,0,0,56334.15,54587.2,54221.65,,,4,4,1,1,,,,9436155,23183701.8
1778476500,54448.8,54584.45,54422.85,54566.45,54683.357780772705,54995.25442200608,0,0,0,56334.15,54587.2,54221.65,,,4,4,1,1,,,,11708658,23268075.9
1778477400,54567.55,54649.35,54534.85,54647.45,54676.17622461816,54963.63583818734,0,0,0,56334.15,54587.2,54221.65,,,4,4,1,1,,,,9951773,23296313.3
1778478300,54646.75,54748.3,54643.45,54682.4,54677.42097969453,54938.06894380668,0,0,0,56334.15,54587.2,54221.65,,,4,4,1,1,,,,10515463,23494698.2
1778479200,54679.9,54824.45,54658.25,54806.95,54703.32678375562,54926.14903982425,0,0,0,56334.15,54587.2,54221.65,,,4,4,1,1,,,,9249642,23590055
1778480100,54805.4,54826.95,54725.65,54740.85,54710.831427004494,54909.303672567505,0,0,0,56334.15,54587.2,54221.65,,,4,4,1,1,,,,11997912,23765391.2
1778481000,54739.4,54821,54735.2,54805.55,54729.7751416036,54899.87152051592,0,0,0,56334.15,54587.2,54221.65,,,4,4,1,1,,,,11688882,23874887.1
1778481900,54803.95,54815.45,54738.45,54747.65,54733.350113282875,54886.03320046901,0,0,0,56334.15,54587.2,54221.65,,,4,4,1,1,,,,10973203,24007447.45
1778482800,54746.3,54798.5,54681.25,54792.95,54745.2700906263,54877.57109133546,0,0,0,56334.15,54587.2,54221.65,,,4,4,1,1,,,,11101647,23830441.3
1778483700,54791.35,54879.15,54787.95,54875.55,54771.32607250104,54877.387355759514,0,0,0,56334.15,54587.2,54221.65,,,4,4,1,1,,,,9798769,22843714.6
1778484600,54873.05,55002.45,54753.25,54958.3,54808.72085800083,54884.74305069047,0,0,0,56334.15,54587.2,54221.65,,,4,4,1,1,,,,23554222,21051828.15
1778485500,54960.55,54967.85,54746.3,54798.4,54806.65668640067,54876.89368244588,0,0,0,56334.15,54587.2,54221.65,,,4,4,1,1,,,,24486368,20850307.25
1778486400,54798.2,54952.7,54775.35,54831.9,54811.70534912054,54872.80334767807,0,0,0,56334.15,54587.2,54221.65,,,4,4,1,1,,,,15839640,20685543.85
1778487300,54833.5,54968.9,54829.7,54903.5,54830.06427929643,54875.59395243461,0,0,0,56334.15,54587.2,54221.65,,,4,4,1,1,,,,15719761,19705770.85
1778488200,54904.95,54955.65,54821.65,54834.55,54830.96142343714,54871.86268403146,0,0,0,56334.15,54587.2,54221.65,,,4,4,1,1,,,,25268512,18544078.5
1778489100,54837.25,54872.9,54776.3,54809.9,54826.749138749714,54866.22971275587,0,0,0,56334.15,54587.2,54221.65,,,4,4,1,1,,,,12752293,15793807.15
1778490000,54809.6,54834.9,54709.25,54723.15,54806.02931099977,54853.2224661417,0,0,0,56334.15,54587.2,54221.65,,,4,4,1,1,,,,12991188,14879722.15
1778490900,54717.45,54734.9,54602.8,54608.7,54766.56344879982,54830.99315103791,0,0,0,56334.15,54587.2,54221.65,,,4,4,1,1,,,,17859579,14688122.7
1778491800,54608.4,54611.5,54360.7,54382.8,54689.81075903986,54790.24831912537,0,0,0,56334.15,54587.2,54221.65,,,4,4,1,1,,,,30604143,15007827.65
1778492700,54382.05,54484.8,54379.5,54476.1,54647.068607231886,54761.68938102306,0,0,0,56334.15,54587.2,54221.65,,,4,4,1,1,,,,38736242,16211702.6
1778557500,54179,54365.45,54003.3,54054.5,54528.55488578551,54697.399437293694,0,0,0,56334.15,54587.2,54221.65,,,4,4,1,1,,,,39954745,17737632.1
1778558400,54053.3,54117.3,53979.35,54068.95,54436.633908628406,54640.26767026699,0,0,0,56334.15,54587.2,54221.65,,,4,4,1,1,,,,20982440,18201321.2
1778559300,54064.55,54214.9,54049.1,54140.45,54377.397126902724,54594.82970024272,0,0,0,56334.15,54587.2,54221.65,,,4,4,1,1,,,,17909210,18599193.05
1778560200,54140.9,54217.5,54112.55,54200.55,54342.02770152218,54558.986091129744,0,0,0,56334.15,54587.2,54221.65,,,4,4,1,1,,,,19245789,19035709.35
1778561100,54203.25,54285.65,54069.6,54093.15,54292.252161217744,54516.63735557249,0,0,0,56334.15,54587.2,54221.65,,,4,4,1,1,,,,10036385,19075046.5
1778562000,54091,54129.3,54015.35,54063.95,54246.59172897419,54475.48395961136,0,0,0,56334.15,54587.2,54221.65,,,4,4,1,1,,,,7514774,18850889.6
1778562900,54064.45,54067.15,53918.15,53946.15,54186.503383179355,54427.36269055578,0,0,0,56334.15,54587.2,54221.65,,,4,4,1,1,,,,8963311,18714611.05
1778563800,53944.2,53951.9,53853.1,53863.55,54121.91270654349,54376.10699141435,0,0,0,56334.15,54587.2,54221.65,,,4,4,1,1,,,,11305979,18731249.85
1778564700,53861.15,53923.25,53838.65,53863.7,54070.27016523479,54329.52453764941,0,0,0,56334.15,54587.2,54221.65,,,4,4,1,1,,,,9064794,18629407.2
1778565600,53858.45,53932.85,53836.5,53908.8,54037.97613218783,54291.276852408555,0,0,0,56334.15,54587.2,54221.65,,,4,4,1,1,,,,10766023,18677769.9
1778566500,53908.9,53926.15,53865.15,53874.1,54005.200905750266,54253.35168400778,0,0,0,56334.15,54587.2,54221.65,,,4,4,1,1,,,,8239757,17912046.65
1778567400,53871.1,53916.05,53816.65,53857,53975.56072460021,54217.319712734345,0,0,0,56334.15,54587.2,54221.65,,,4,4,1,1,,,,14956969,17435576.7
1778568300,53858.35,53921.65,53806.05,53821.85,53944.81857968017,54181.36792066759,0,0,0,56334.15,54587.2,54221.65,,,4,4,1,1,,,,7378900,17012539.7
1778569200,53823.95,53828.65,53667.6,53711.95,53898.244863744134,54138.69356424326,0,0,0,56334.15,54587.2,54221.65,,,4,4,1,1,,,,10694315,16761267.4
1778570100,53714.15,53724.25,53628.95,53667.55,53852.105890995306,54095.862331130236,0,0,0,56334.15,54587.2,54221.65,,,4,4,1,1,,,,8519937,15923838.65
1778571000,53666.3,53765.15,53653.95,53765.15,53834.714712796245,54065.79757375476,0,0,0,56334.15,54587.2,54221.65,,,4,4,1,1,,,,8342199,15703333.95
1778571900,53764.6,53851.8,53756.5,53796.35,53827.041770236996,54041.30233977705,0,0,0,56334.15,54587.2,54221.65,,,4,4,1,1,,,,9932632,15550406.15
1778572800,53796.8,53846.65,53682.05,53705.8,53802.7934161896,54010.80212707005,0,0,0,56334.15,54587.2,54221.65,,,4,4,1,1,,,,7743994,15044626.9
1778573700,53706.5,53780.75,53660.3,53662.35,53774.70473295168,53979.12466097277,0,0,0,56334.15,54587.2,54221.65,,,4,4,1,1,,,,8109867,13919913.1
1778574600,53664.5,53700.45,53593.25,53617.4,53743.243786361345,53946.24060088433,0,0,0,56334.15,54587.2,54221.65,,,4,4,1,1,,,,12588846,12612543.3
1778575500,53618.85,53719.7,53601.05,53686.75,53731.945029089075,53922.65054625848,0,0,0,56334.15,54587.2,54221.65,,,4,4,1,1,,,,10743459,11151979
1778576400,53689.45,53753.1,53620.85,53708.9,53727.33602327126,53903.2186784168,0,0,0,56334.15,54587.2,54221.65,,,4,4,1,1,,,,14446169,10825165.45
1778577300,53709.85,53748.75,53588.6,53594.55,53700.77881861701,53875.15788946982,0,0,0,56334.15,54587.2,54221.65,,,4,4,1,1,,,,16931237,10776266.8
1778578200,53596.25,53600.2,53457.5,53502.65,53661.153054893606,53841.293535881654,0,0,0,56334.15,54587.2,54221.65,,,4,4,1,1,,,,35833992,11605676.95
1778579100,53505.05,53713.4,53503,53705.1,53669.942443914886,53828.91230534696,0,0,0,56334.15,54587.2,54221.65,,,4,4,1,1,,,,31931848,12700450.1
1778643900,53692.55,53930,53447.75,53450.5,53626.05395513191,53794.511186679054,0,0,0,56334.15,54587.2,54221.65,,,4,4,1,1,,,,32285858,13939004.3
1778644800,53454,53495.25,53194.25,53338.95,53568.63316410553,53753.09653334459,0,0,0,56334.15,54587.2,54221.65,,,4,4,1,1,,,,22127733,14597225.4
1778645700,53341.2,53485.3,53255.65,53406.75,53536.25653128442,53721.61048485872,0,0,0,56334.15,54587.2,54221.65,,,4,4,1,1,,,,15881729,14826012.9
1778646600,53406.7,53589.35,53380.05,53510.2,53531.04522502754,53702.39134987156,0,0,0,56334.15,54587.2,54221.65,,,4,4,1,1,,,,11107010,14928123.7
1778647500,53510.45,53778.45,53496.8,53699.95,53564.826180022035,53702.16940897415,0,0,0,56334.15,54587.2,54221.65,,,4,4,1,1,,,,14167045,15098174.8
1778648400,53692.45,53800.45,53657.9,53764.9,53604.840944017626,53707.8721899765,0,0,0,56334.15,54587.2,54221.65,,,4,4,1,1,,,,11331093,15252741.6
1778649300,53762.05,53789.5,53502,53510.2,53585.9127552141,53689.90199088773,0,0,0,56334.15,54587.2,54221.65,,,4,4,1,1,,,,8538091,14931797.7
1778650200,53507.65,53599.85,53492.1,53598.5,53588.43020417128,53681.592718988846,0,0,0,56334.15,54587.2,54221.65,,,4,4,1,1,,,,7593214,14942513.4
1778651100,53596.1,53639.4,53564.6,53591,53588.94416333702,53673.357017262584,0,0,0,56334.15,54587.2,54221.65,,,4,4,1,1,,,,5423577,14678976.5
1778652000,53588.9,53962.8,53575.15,53935.3,53658.21533066962,53697.17001569326,0,0,0,56334.15,54587.2,54221.65,,,4,4,1,1,,,,17981760,15152067.65
1778652900,53939.9,54018.45,53844.6,53875.95,53701.7622645357,53713.422741539325,0,0,0,56334.15,54587.2,54221.65,,,4,4,1,1,,,,13669721,15418443.75
1778653800,53874.65,54029.8,53874.65,54027.75,53766.959811628556,53741.99794685393,0,0,0,56334.15,54587.2,54221.65,,,4,4,1,1,,,,10787431,15461183.7
1778654700,54025,54065.25,53943.05,53992.9,53812.14784930285,53764.80722441267,0,0,0,56334.15,54587.2,54221.65,,,4,4,1,1,,,,11759636,15661965.8
1778655600,53988.9,53993,53697.25,53755.65,53800.84827944228,53763.97474946606,0,0,0,56334.15,54587.2,54221.65,,,4,4,1,1,,,,10882866,15800615.75
1778656500,53754.75,54103.9,53742.6,54092.9,53859.258623553826,53793.87704496915,0,0,0,56334.15,54587.2,54221.65,,,4,4,1,1,,,,12852965,15813821.7
1778657400,54088.5,54097.55,53933.55,53941.95,53875.79689884306,53807.338222699225,0,0,0,56334.15,54587.2,54221.65,,,4,4,1,1,,,,8968494,15725073.45
1778658300,53945.1,53952.25,53791.35,53817.15,53864.067519074444,53808.230202453844,0,0,0,56334.15,54587.2,54221.65,,,4,4,1,1,,,,5760180,15290774
1778659200,53807.1,53932.15,53806.55,53858.15,53862.88401525956,53812.76836586713,0,0,0,56334.15,54587.2,54221.65,,,4,4,1,1,,,,5485284,14718476.35
1778660100,53856.15,53889.65,53755.35,53798.1,53849.92721220764,53811.43487806103,0,0,0,56334.15,54587.2,54221.65,,,4,4,1,1,,,,7025599,13278056.7
1778661000,53797.05,53893.8,53755.2,53872.5,53854.44176976611,53816.98625278276,0,0,0,54103.9,53194.25,,,,1,1,1,1,,,,7113333,12037130.95
1778661900,53868.3,53888.45,53743.05,53801.05,53843.76341581289,53815.537502529776,0,0,0,54103.9,53194.25,,,,1,1,1,1,,,,6397867,10742731.4
1778662800,53801.2,53839.75,53703.75,53712.7,53817.550732650314,53806.188638663436,0,0,0,54103.9,53194.25,,,,1,1,1,1,,,,7655793,10019134.4
1778663700,53713.25,53750.8,53646.8,53663.6,53786.760586120254,53793.226035148575,0,0,0,54103.9,53194.25,,,,1,1,1,1,,,,8791063,9664601.1
1778664600,53664.3,53670.2,53404.75,53511.4,53731.6884688962,53767.6054864987,0,0,0,54103.9,53194.25,,,,1,1,1,1,,,,19293651,10073933.15
1778665500,53508.45,53512.45,53385.45,53475.8,53680.51077511696,53741.07771499882,0,0,0,54103.9,53194.25,,,,4,1,1,1,,,,20268644,10379013.1
1778730300,53677.55,53968.65,53639.15,53924.4,53729.28862009357,53757.743377271654,0,0,0,54103.9,53194.25,,,,4,1,1,1,,,,22585283,10941722.6
1778731200,53928.7,53933.9,53637.5,53640.85,53711.60089607485,53747.11670661059,0,0,0,54103.9,53194.25,,,,4,1,1,1,,,,12907348,11160185.45
1778732100,53644.2,53716.7,53484.6,53544.55,53678.190716859885,53728.701551464175,0,0,0,54103.9,53194.25,,,,4,1,1,1,,,,15437343,11552391.9
1778733000,53551.55,53623.6,53510.45,53587.35,53660.022573487906,53715.85141042198,0,0,0,54103.9,53194.25,,,,4,1,1,1,,,,10433746,11802900.35
1778733900,53593.25,53669.25,53527.65,53580.65,53644.14805879033,53703.56037311089,0,0,0,54103.9,53194.25,,,,4,1,1,1,,,,7976857,11302655.2
1778734800,53580.6,53640.6,53454.4,53455.05,53606.32844703226,53680.968521009905,0,0,0,54103.9,53194.25,,,,4,1,1,1,,,,7005277,10969433
1778735700,53419.6,53436.95,53191.6,53193.6,53523.782757625806,53636.66229182719,0,0,0,54103.9,53194.25,,,,4,1,1,1,,,,14935917,11176857.3
1778736600,53200.65,53402.25,53197.55,53386.4,53496.30620610064,53613.911174388355,0,0,0,54103.9,53194.25,,,,4,1,1,1,,,,8613032,11019527.1
1778737500,53389.1,53753.25,53386.05,53695.2,53536.084964880516,53621.301067625776,0,0,0,54103.9,53194.25,,,,4,1,1,1,,,,13383777,11144572.65
1778738400,53694.55,54139.3,53694.55,54130.45,53654.95797190441,53667.58733420525,0,0,0,54103.9,53194.25,,,,4,1,1,1,,,,18544154,11429132.1
1778739300,54129.1,54219.9,54010.25,54205.1,53764.98637752353,53716.452122004775,0,0,0,54103.9,53194.25,,,,4,1,1,1,,,,19397682,11950591.5
1778740200,54203.95,54217,54064.05,54163.85,53844.75910201882,53757.124656367974,0,0,0,54103.9,53194.25,,,,4,1,1,1,,,,9624150,12143790
1778741100,54163.9,54369.95,54157.35,54278.2,53931.44728161505,53804.4951421527,0,0,0,54103.9,53194.25,,,,4,1,1,1,,,,19563767,12847714.15
1778742000,54273.05,54323.3,54237.75,54313.7,54007.89782529204,53850.78649286609,0,0,0,54103.9,53194.25,,,,4,1,1,1,,,,10465599,13019714.15
1778742900,54313.9,54359.65,54211,54242.15,54054.74826023363,53886.36499351463,0,0,0,54103.9,53194.25,,,,4,1,1,1,,,,11933157,13260705.35
1778743800,54244.95,54393.75,54237.8,54302.9,54104.378608186904,53924.23181228603,0,0,0,54103.9,53194.25,,,,4,1,1,1,,,,7432329,13312428.45
1778744700,54306.5,54336.25,54269.8,54285.05,54140.51288654952,53957.03346571457,0,0,0,54103.9,53194.25,,,,4,1,1,1,,,,9798480,13419562.8
1778745600,54283.35,54388.8,54266.8,54362.05,54184.820309239614,53993.853150649615,0,0,0,54103.9,53194.25,,,,4,1,1,1,,,,7232350,13341627.15
1778746500,54357.5,54385.5,54236.4,54330.8,54214.01624739169,54024.48468240874,0,0,0,54103.9,53194.25,,,,4,1,1,1,,,,8727438,12813316.5
1778747400,54331.5,54386.55,54310.35,54338.15,54238.84299791336,54052.999711280674,0,0,0,54103.9,53194.25,,,,4,1,1,1,,,,7511952,12175481.9
1778748300,54335.2,54377.85,54250.75,54363.75,54263.82439833069,54081.24973752788,0,0,0,54393.75,53191.6,,,,1,1,1,1,,,,7205997,11406517.6
1778749200,54365,54391.55,54280.25,54299.45,54270.94951866455,54101.08612502535,0,0,0,54393.75,53191.6,,,,1,1,1,1,,,,8132301,11167765.25
1778750100,54298.7,54305,54175.6,54238.95,54264.54961493164,54113.6192045685,0,0,0,54393.75,53191.6,,,,1,1,1,1,,,,10178963,10904846.25
1778751000,54236.1,54238.35,54025.4,54078.3,54227.299691945314,54110.40836778955,0,0,0,54393.75,53191.6,,,,1,1,1,1,,,,20440783,11405198.1
1778751900,54082.25,54247.05,54044.35,54217.7,54225.37975355625,54120.16215253595,0,0,0,54393.75,53191.6,,,,1,1,1,1,,,,21135089,12063109.7
1778816700,54237.95,54301.1,53773.5,54237.95,54227.893802845,54130.870138669045,0,0,0,54393.75,53191.6,,,,1,1,1,1,,,,28695837,13147637.7
1778817600,54241,54286.75,54081.45,54286.75,54239.665042276,54145.04103515368,0,0,0,54393.75,53191.6,,,,1,1,1,1,,,,17703122,13285997.95
1778818500,54285.55,54313.75,54175.45,54191.25,54229.9820338208,54149.241850139704,0,0,0,54393.75,53191.6,,,,1,1,1,1,,,,10998513,13405272
1778819400,54191.15,54195.75,54088.65,54177.3,54219.445627056644,54151.792591036094,0,0,0,54393.75,53191.6,,,,1,1,1,1,,,,9231058,13197636.05
1778820300,54179.55,54296.35,54175.15,54248.8,54225.31650164531,54160.61144639645,0,0,0,54393.75,53191.6,,,,1,1,1,1,,,,7962299,12668543.3
1778821200,54248.45,54267.7,54189.5,54233.8,54227.01320131625,54167.2649512695,0,0,0,54393.75,53191.6,,,,1,1,1,1,,,,7371909,12067254.65
1778822100,54234.9,54325.45,54220.65,54274.5,54236.510561053,54177.01359206318,0,0,0,54393.75,53191.6,,,,1,1,1,1,,,,10317222,12101908.25
1778823000,54278.25,54287.65,53989.8,54027.55,54194.7184488424,54163.42599278471,0,0,0,54393.75,53191.6,,,,1,1,1,1,,,,14768508,11862145.3
1778823900,54027.85,54051.55,53935.45,53942.65,54144.30475907392,54143.3554479861,0,0,0,54393.75,53191.6,,,,1,1,1,1,,,,12258927,11951811.7
1778824800,53943.9,54023.5,53872.05,54002.75,54115.99380725914,54130.57313453282,0,0,0,54393.75,53191.6,,,,1,1,1,1,,,,12333178,11971812.75
1778825700,54001.85,54055.35,53974.5,54012.75,54095.34504580731,54119.86194048438,0,0,0,54393.75,53191.6,,,,1,1,1,1,,,,16096066,12404999.6
1778826600,54015.7,54162.1,53977.15,54098.8,54096.03603664585,54117.94721862216,0,0,0,54393.75,53191.6,,,,1,1,1,1,,,,8361362,12333143.7
1778827500,54099.15,54103.25,53969.1,53972.65,54071.358829316676,54104.7383805656,0,0,0,54393.75,53191.6,,,,1,1,1,1,,,,6485594,12295805.9
1778828400,53975.15,54162.9,53954,54145.7,54086.22706345334,54108.462164150544,0,0,0,54393.75,53191.6,,,,1,1,1,1,,,,8094283,12264148.15
1778829300,54152.05,54229.7,54134.7,54217.25,54112.43165076267,54118.35196740959,0,0,0,54393.75,53191.6,,,,1,1,1,1,,,,7285007,12252800.9
1778830200,54216.4,54265.6,54205.6,54246.15,54139.175320610135,54129.96997037235,0,0,0,54393.75,53191.6,,,,1,1,1,1,,,,6552268,12220114.45
1778831100,54248.8,54319.5,54231.35,54281.15,54167.57025648811,54143.71360942941,0,0,0,54393.75,53191.6,,,,1,1,1,1,,,,10336232,12330311
1778832000,54277.8,54289.1,54071.2,54135.75,54161.20620519049,54142.98964493583,0,0,0,54393.75,53191.6,,,,1,1,1,1,,,,13757890,12509257.35
1778832900,54137.5,54174.75,54031.15,54083.35,54145.63496415239,54137.56785903257,0,0,0,54393.75,53191.6,,,,1,1,1,1,,,,7294333,11851934.85
1778833800,54080.85,54100.85,54020.15,54088.1,54134.12797132191,54133.0707809387,0,0,0,54393.75,53191.6,,,,1,1,1,1,,,,6989006,11144630.7
1778834700,54087.3,54099.05,53949.85,53972.65,54101.83237705753,54118.48707358064,0,0,0,54393.75,53191.6,,,,1,1,1,1,,,,9362314,10177954.55
1778835600,53979.8,53986.25,53902.3,53931.3,54067.72590164602,54101.47006689149,1,0,0,54393.75,53191.6,,,,2,1,1,1,1,,,12864504,9936023.65
1778836500,53932.4,53933.3,53700.05,53796,54013.38072131682,54073.70006081044,0,0,0,54393.75,53191.6,,,,2,1,1,1,,,,20385306,10405363.3
1778837400,53796.25,53803.6,53678.65,53712.35,53953.174577053454,54040.85005528222,0,0,0,54393.75,53191.6,,,,2,1,1,1,,,,21402200,11013920.4
1778838300,53712.45,53802.5,53628.3,53782.3,53918.99966164277,54017.34550480202,0,1,0,54393.75,53191.6,,,,3,1,1,1,,1,,27079722,11969791.55
1779075900,53308.4,53308.4,52919.8,52946.4,53724.47972931421,53919.98682254729,0,0,0,54393.75,53191.6,,,,3,1,1,1,,,,27368182,12969605.2
1779076800,52947.2,53068.25,52909.1,52952.1,53570.00378345137,53831.99711140663,0,0,0,54393.75,53191.6,,,,3,1,1,1,,,,17898457,13348666.95
1779077700,52949.15,52960.05,52783.45,52877.1,53431.4230267611,53745.18828309693,0,0,0,54393.75,53191.6,,,,3,1,1,1,,,,16708398,13445661.45
1779078600,52875.35,52895.85,52840.75,52884.25,53321.98842140888,53666.92116645176,0,0,0,54393.75,53191.6,,,,3,1,1,1,,,,8539663,13259698.25
1779079500,52891.05,52979.55,52858.5,52882.35,53234.0607371271,53595.596514956145,0,0,0,54393.75,53191.6,,,,3,1,1,1,,,,9013659,13093722.3
1779080400,52884.7,52981.55,52806.75,52917,53170.64858970168,53533.9059226874,0,0,0,54393.75,53191.6,,,,3,1,1,1,,,,10298107,12803824.35
1779081300,52917.95,53069.5,52871.45,53066.2,53149.75887176135,53491.38720244309,0,0,0,54393.75,53191.6,,,,3,1,1,1,,,,8155577,12793535.1
1779082200,53065.35,53108.1,53020.35,53082.8,53136.36709740908,53454.2429113119,0,0,0,54393.75,53191.6,,,,3,1,1,1,,,,10542530,12996381.9
1779083100,53082.15,53155.7,53067.8,53091.65,53127.42367792726,53421.27991937446,0,0,0,54393.75,53191.6,,,,3,1,1,1,,,,5894813,12886408.4
1779084000,53091.4,53290.8,53090.2,53181.35,53138.20894234181,53399.46810852223,0,0,0,54393.75,53191.6,,,,3,1,1,1,,,,10383831,13041349.6
1779084900,53183.55,53184.8,52974.2,52975.6,53105.68715387345,53360.93464411112,0,0,0,54393.75,53191.6,,,,3,1,1,1,,,,7360928,13081782.6
1779085800,52979.9,53115.4,52956.7,53111.45,53106.83972309876,53338.2542219192,0,0,0,54393.75,53191.6,,,,3,1,1,1,,,,7502815,12940111.75
1779086700,53113.65,53208.1,53069.5,53189.1,53123.29177847901,53324.69474719927,0,0,0,54393.75,53191.6,,,,3,1,1,1,,,,7331322,12618783.35
1779087600,53190.5,53333,53190.5,53264.65,53151.56342278321,53319.23613381752,0,0,0,54393.75,53191.6,,,,3,1,1,1,,,,14029387,12955536.05
1779088500,53265.75,53478.6,53235.25,53478.6,53216.97073822657,53333.72375801593,0,0,0,54393.75,53191.6,,,,3,1,1,1,,,,16255318,13418851.65
1779089400,53481.8,53585.15,53354.2,53440.2,53261.61659058125,53343.40341637812,0,0,0,54393.75,53191.6,,,,3,1,1,1,,,,15834524,13742462.15
1779090300,53437.25,53521.55,53403.8,53498.05,53308.903272465,53357.46219670738,0,0,0,54393.75,53191.6,,,,3,1,1,1,,,,6774538,13437963.85
1779091200,53504.35,53555.9,53448.7,53499.65,53347.052617972004,53370.388360643075,0,0,0,54393.75,53191.6,,,,3,1,1,1,,,,9479182,12892657.65
1779092100,53498.7,53613.05,53443.25,53572.05,53392.05209437761,53388.72123694825,0,0,0,54393.75,53191.6,,,,3,1,1,1,,,,8299678,12237531.55
1779093000,53571.55,53619.2,53488.95,53535.45,53420.73167550209,53402.0602154075,0,0,0,54393.75,53191.6,,,,3,1,1,1,,,,12507363,11508913.6
1779093900,53535.25,53537.1,53441,53514.95,53439.57534040167,53412.32292309773,0,0,0,54393.75,53191.6,,,,3,1,1,1,,,,9211199,10601064.45
1779094800,53512.3,53527.75,53363.35,53443.7,53440.400272321334,53415.1753846343,0,0,0,54393.75,53191.6,,,,3,1,1,1,,,,8540762,10133179.7
1779095700,53443.8,53452.25,53358.05,53379.45,53428.210217857064,53411.92762239482,0,0,0,54393.75,53191.6,,,,3,1,1,1,,,,10315584,9813539
1779096600,53378.8,53667.55,53378.8,53509.2,53444.40817428565,53420.77056581347,0,0,0,54393.75,53191.6,,,,3,1,1,1,,,,28642754,10818693.55
1779097500,53507.8,53546.5,53440.6,53527.55,53461.03653942852,53430.477787103155,0,0,0,54393.75,53191.6,,,,3,1,1,1,,,,23393424,11537681.8
1779162300,53607.7,53770.65,53455.9,53642.1,53497.24923154282,53449.71617009378,0,0,0,54393.75,53191.6,,,,3,1,1,1,,,,21886768,12117114.85
1779163200,53644.95,53682.65,53366,53649.95,53527.78938523425,53467.9192455398,0,0,0,54393.75,53191.6,,,,3,1,1,1,,,,15188001,12468736.05
1779164100,53654.5,53662.2,53433.85,53433.85,53509.0015081874,53464.82204139982,0,0,0,54393.75,53191.6,,,,3,1,1,1,,,,28605536,13371886.35
1779165000,53436.6,53624.75,53436.6,53602.3,53527.66120654992,53477.3200376362,0,0,0,54393.75,53191.6,,,,3,1,1,1,,,,7396009,13446946.15
1779165900,53600.4,53651,53535.95,53603.85,53542.89896523994,53488.822761487456,0,0,0,54393.75,53191.6,,,,3,1,1,1,,,,5474103,13201459.75
1779166800,53607.6,53643.25,53569.75,53640,53562.31917219195,53502.56614680678,0,0,0,53770.65,52783.45,,,,1,1,1,1,,,,6896108,13178218.75
1779167700,53638.65,53706.65,53577.45,53676.2,53585.09533775356,53518.351042551614,0,0,0,53770.65,52783.45,,,,1,1,1,1,,,,9028995,13254527.75
1779168600,53675.65,53691.7,53519.75,53523.75,53572.82627020285,53518.8418568651,0,0,0,53770.65,52783.45,,,,1,1,1,1,,,,6101423,13193032.8
1779169500,53526.45,53529.1,53471.05,53526.7,53563.60101616228,53519.55623351373,0,0,0,53770.65,52783.45,,,,1,1,1,1,,,,6265639,12804845.4
1779170400,53527.25,53609.25,53469.1,53583.8,53567.64081292983,53525.39657592157,0,0,0,53770.65,52783.45,,,,1,1,1,1,,,,6738281,12328993.55
1779171300,53584.95,53631.2,53563.5,53584.3,53570.972650343865,53530.751432655976,0,0,0,53770.65,52783.45,,,,1,1,1,1,,,,6117850,11843159.85
1779172200,53586.25,53656.45,53542.35,53647.95,53586.36812027509,53541.40584786907,0,0,0,53770.65,52783.45,,,,1,1,1,1,,,,11922619,12100563.9
1779173100,53648.1,53677.95,53579.55,53668.4,53602.774496220074,53552.95077079006,0,0,0,53770.65,52783.45,,,,1,1,1,1,,,,7728391,12013024.35
1779174000,53673.9,53682.55,53579.55,53598.4,53601.89959697606,53557.08251890006,0,0,0,53770.65,52783.45,,,,1,1,1,1,,,,6210575,11908569.2
1779174900,53601.15,53617.75,53558.2,53588.25,53599.169677580845,53559.915926272784,0,0,0,53770.65,52783.45,,,,1,1,1,1,,,,8063167,11686359.4
1779175800,53591.35,53629.7,53562,53583.5,53596.035742064676,53562.05993297526,0,0,0,53770.65,52783.45,,,,1,1,1,1,,,,4509470,11451272.95
1779176700,53583.65,53639.35,53560.35,53623.45,53601.51859365174,53567.640848159324,0,0,0,53770.65,52783.45,,,,1,1,1,1,,,,5879923,11318231
1779177600,53621.55,53683.9,53558.25,53584.65,53598.14487492139,53569.18713469029,0,0,0,53770.65,52783.45,,,,1,1,1,1,,,,7600177,11182460.65
1779178500,53580.8,53628.15,53484.35,53530.4,53584.595899937114,53565.66103153663,0,0,0,53770.65,52783.45,,,,1,1,1,1,,,,7419195,10121282.7
1779179400,53532.55,53610.65,53523.05,53603.1,53588.29671994969,53569.064574124204,0,0,0,53770.65,52783.45,,,,1,1,1,1,,,,7817546,9342488.8
1779180300,53602,53681,53584.8,53588.65,53588.36737595975,53570.84506738564,0,0,0,53770.65,52783.45,,,,1,1,1,1,,,,9552778,8725789.3
1779181200,53587.8,53612.2,53439.85,53453.25,53561.3439007678,53560.15460671422,0,0,0,53770.65,52783.45,,,,1,1,1,1,,,,11684029,8550590.7
1779182100,53451.95,53468.85,53370.45,53454.8,53540.035120614244,53550.576915194746,0,0,0,53770.65,52783.45,,,,1,1,1,1,,,,11701110,7705369.4
1779183000,53453.05,53478.35,53337.05,53430.2,53518.06809649139,53539.63355926795,0,0,0,53770.65,52783.45,,,,1,1,1,1,,,,23320814,8501609.65
1779183900,53427.9,53455.8,53367.15,53421.25,53498.70447719311,53528.87141751632,0,0,0,53770.65,52783.45,,,,1,1,1,1,,,,23245350,9390172
1779248700,53016.05,53020.5,52836.1,52955.25,53390.01358175449,53476.72401592392,1,0,0,53770.65,52783.45,,,,2,1,1,1,1,,,21043980,10097565.6
1779249600,52954.9,53041.95,52913.35,52987.15,53309.44086540359,53432.217287203566,0,1,0,53770.65,52783.45,,,,3,1,1,1,,1,,11013415,10196786.6
1779250500,52985.5,53061.05,52942.2,53050.5,53257.65269232287,53397.51571563961,0,0,0,53770.65,52783.45,,,,3,1,1,1,,,,7950385,10289234.7
1779251400,53049.3,53060.3,52899.75,52968.45,53199.81215385829,53358.509741490554,0,0,0,53770.65,52783.45,,,,3,1,1,1,,,,6873121,10319608.8
1779252300,52966.85,52992,52885.7,52988.7,53157.58972308663,53324.89067408232,0,0,0,53770.65,52783.45,,,,3,1,1,1,,,,6335591,10299474.3
1779253200,52990.1,53127.55,52984.3,53011.35,53128.34177846931,53296.38697643847,0,0,0,53770.65,52783.45,,,,3,1,1,1,,,,10121547,10499659.15
1779254100,53012.75,53078.4,52925.5,53070.25,53116.723422775445,53275.82906948952,0,0,0,53770.65,52783.45,,,,3,1,1,1,,,,5178264,10162441.4
1779255000,53071.55,53254.65,53071.55,53196.75,53132.72873822036,53268.640063172286,0,0,0,53770.65,52783.45,,,,3,1,1,1,,,,9788296,10265436.65
1779255900,53194.9,53304.35,53185.25,53297.05,53165.59299057629,53271.22278470208,0,0,0,53770.65,52783.45,,,,3,1,1,1,,,,6286553,10269235.55
1779256800,53297.85,53344.05,53267.7,53283,53189.07439246103,53272.29344063825,0,0,0,53770.65,52783.45,,,,3,1,1,1,,,,6398366,10185995.5
1779257700,53281.8,53410.65,53281.8,53312.8,53213.819513968825,53275.97585512568,0,0,0,53770.65,52783.45,,,,3,1,1,1,,,,8307814,10375912.7
1779258600,53314.9,53331.1,53228.15,53233.9,53217.83561117506,53272.15077738698,0,0,0,53770.65,52783.45,,,,3,1,1,1,,,,5393219,10351577.5
1779259500,53236.35,53344.25,53232.9,53263.4,53226.94848894005,53271.35525216998,0,0,0,53770.65,52783.45,,,,3,1,1,1,,,,5099710,10226554.15
1779260400,53262.95,53301.55,53248.15,53254.4,53232.43879115204,53269.813865609074,0,0,0,53770.65,52783.45,,,,3,1,1,1,,,,4342668,10072727.8
1779261300,53257.85,53295.35,53225.2,53268.05,53239.56103292163,53269.65351419007,0,0,0,53770.65,52783.45,,,,3,1,1,1,,,,3636520,9863676.5
1779262200,53264.55,53279.4,53163.6,53210.7,53233.7888263373,53264.29410380915,0,0,0,53770.65,52783.45,,,,3,1,1,1,,,,6248229,9698449.05
1779263100,53211.1,53221.6,53069.25,53082.35,53203.501061069845,53247.753730735596,0,0,0,53770.65,52783.45,,,,3,1,1,1,,,,6723771,9450436.15
1779264000,53081.15,53222.4,53074.55,53148.95,53192.59084885588,53238.771573396,0,0,0,53770.65,52783.45,,,,3,1,1,1,,,,5087680,9119764.65
1779264900,53150.4,53252.7,53120.4,53252.7,53204.612679084705,53240.037793996366,0,0,0,53770.65,52783.45,,,,3,1,1,1,,,,3908338,8149140.85
1779265800,53266.55,53434.2,53266.55,53382.3,53240.15014326776,53252.970721814876,0,0,0,53770.65,52783.45,,,,3,1,1,1,,,,9415785,7457662.6
1779266700,53383.35,53516.6,53366.5,53490.45,53290.21011461421,53274.55974710443,0,0,0,53770.65,52783.45,,,,3,1,1,1,,,,9835820,6897254.6
1779267600,53487.5,53563.4,53446.45,53520.05,53336.17809169137,53296.87704282221,0,0,0,53770.65,52783.45,,,,3,1,1,1,,,,9322669,6812717.3
1779268500,53517.65,53606.3,53509.35,53570.5,53383.042473353096,53321.7518571111,0,0,0,53770.65,52783.45,,,,3,1,1,1,,,,9974958,6913945.95
1779269400,53567.25,53640.9,53461.6,53594.55,53425.343978682475,53346.551688282816,0,0,0,53770.65,52783.45,,,,3,1,1,1,,,,19820847,7561332.25
1779270300,53594.25,53621.7,53548.55,53576.45,53455.56518294598,53367.45153480256,0,0,0,53770.65,52783.45,,,,3,1,1,1,,,,21851294,8337117.4
1779335100,53964.55,54109.15,53797.15,53810.1,53526.472146356784,53407.69230436596,0,0,0,53770.65,52783.45,,,,3,1,1,1,,,,24763933,9069236.7
1779336000,53810.85,53871,53707.7,53860.7,53593.317717085425,53448.87482215087,0,0,0,53770.65,52783.45,,,,3,1,1,1,,,,10613119,9340979.45
1779336900,53856.5,53904.95,53806.85,53820.2,53638.69417366834,53482.631656500795,0,0,0,53770.65,52783.45,,,,3,1,1,1,,,,7905332,9246831.25
1779337800,53816.15,53872.7,53746.85,53796.5,53670.25533893467,53511.16514227345,0,0,0,53770.65,52783.45,,,,3,1,1,1,,,,6840729,9274540.05
1779338700,53801.85,53882.8,53794.95,53855,53707.20427114774,53542.422856612226,0,0,0,53770.65,52783.45,,,,3,1,1,1,,,,5726489,9240946.2
1779339600,53852.7,53893.15,53753.8,53824.1,53730.58341691819,53568.02986964748,0,0,0,54109.15,52783.45,,,,1,1,1,1,,,,6371748,9144142.9
1779340500,53823.25,53858.3,53729.8,53761.3,53736.72673353455,53585.59988149771,0,0,0,54109.15,52783.45,,,,1,1,1,1,,,,5191774,9134070.65
1779341400,53763.7,53765.65,53654.85,53664.1,53722.20138682764,53592.736255907,0,0,0,54109.15,52783.45,,,,1,1,1,1,,,,4895628,9123866.55
1779342300,53668.6,53765.1,53530.75,53753.95,53728.55110946211,53607.39205082455,0,0,0,54109.15,52783.45,,,,1,1,1,1,,,,9831418,9398304.05
1779343200,53757.2,53759.5,53661.85,53699.45,53722.73088756969,53615.760955295045,0,0,0,54109.15,52783.45,,,,1,1,1,1,,,,5308470,9481901.55
1779344100,53697.7,53713.55,53623.4,53637.8,53705.744710055755,53617.76450481368,0,0,0,54109.15,52783.45,,,,1,1,1,1,,,,6035029,9471241.55
1779345000,53640.35,53704,53600.4,53605.6,53685.7157680446,53616.658640739704,0,0,0,54109.15,52783.45,,,,1,1,1,1,,,,4922628,9381184.4
1779345900,53604.15,53613.95,53447.1,53477.15,53644.00261443568,53603.9760370361,0,0,0,54109.15,52783.45,,,,1,1,1,1,,,,9295217,9591561.25
1779346800,53479.2,53489.7,53327.65,53395.9,53594.38209154855,53585.06003366918,0,0,0,54109.15,52783.45,,,,1,1,1,1,,,,14771191,10134703.9
1779347700,53399.9,53399.9,53244.25,53274,53530.305673238836,53556.78184879016,0,0,0,54109.15,52783.45,,,,1,1,1,1,,,,22276971,10777763.2
1779348600,53276.25,53306.85,53156.15,53290.2,53482.28453859107,53532.54713526378,0,0,0,54109.15,52783.45,,,,1,1,1,1,,,,22172555,11394599.95
1779349500,53288.75,53335.3,53247.5,53262.45,53438.31763087286,53507.9928502398,0,0,0,54109.15,52783.45,,,,1,1,1,1,,,,12201678,11538550.4
1779350400,53263.15,53403.75,53239.95,53382.4,53427.134104698285,53496.575318399824,0,0,0,54109.15,52783.45,,,,1,1,1,1,,,,7595248,11419564.9
1779351300,53383.25,53444,53289.4,53349.5,53411.607283758625,53483.20483490893,0,0,0,54109.15,52783.45,,,,1,1,1,1,,,,7728065,10814925.8
1779352200,53350,53360.7,53272.55,53334.15,53396.1158270069,53469.654395371756,0,0,0,54109.15,52783.45,,,,1,1,1,1,,,,8914895,10168105.85
1779353100,53337.4,53421.35,53303.85,53355.1,53387.91266160552,53459.24035942887,0,0,0,54109.15,52783.45,,,,1,1,1,1,,,,7643949,9312106.65
1779354000,53355.05,53509.35,53353.7,53450.6,53400.450129284414,53458.454872208065,0,0,0,54109.15,52783.45,,,,1,1,1,1,,,,12331527,9398027.05
1779354900,53450.1,53521.55,53440.3,53466.6,53413.680103427534,53459.19533837097,0,0,0,54109.15,52783.45,,,,1,1,1,1,,,,10669622,9536241.55
1779355800,53464.5,53534.9,53400.4,53408.55,53412.654082742025,53454.59121670088,0,0,0,54109.15,52783.45,,,,1,1,1,1,,,,24394849,10413947.55
1779356700,53408.05,53480.65,53370.95,53480.65,53426.25326619362,53456.9601970008,0,0,0,54109.15,52783.45,,,,1,1,1,1,,,,25802902,11417768.2
1779421500,53600.15,53914.9,53483.55,53860.4,53513.082612954895,53493.636542728,0,0,0,54109.15,52783.45,,,,1,1,1,1,,,,26287794,12413570.5
1779422400,53858.85,53999,53858.15,53960.15,53602.496090363915,53536.04685702546,0,0,0,54109.15,52783.45,,,,1,1,1,1,,,,14233897,12865676.65
1779423300,53956.65,54020.1,53920.85,53958.8,53673.75687229113,53574.47896093224,0,0,0,54109.15,52783.45,,,,1,1,1,1,,,,8120009,13026895.7
1779424200,53963.55,54100.1,53940.7,54085.75,53756.15549783291,53620.95814630204,0,0,0,54109.15,52783.45,,,,1,1,1,1,,,,7552505,12912950.05
1779425100,54085.45,54099.5,54003.7,54016.35,53808.19439826633,53656.90286027458,0,0,0,54109.15,52783.45,,,,1,1,1,1,,,,7024836,12998768.35
1779426000,54014.85,54057.65,53979.9,54057.4,53858.03551861306,53693.31169115871,0,0,0,54109.15,52783.45,,,,1,1,1,1,,,,6369683,13015501.05
1779426900,54060.15,54064.95,54011.15,54037.55,53893.93841489045,53724.606082871556,0,0,0,54109.15,52783.45,,,,1,1,1,1,,,,5671012,13052920.25
1779427800,54036.55,54038,53973.35,53982.45,53911.64073191236,53748.04643897414,0,0,0,54109.15,52783.45,,,,1,1,1,1,,,,5259442,12851131.5
1779428700,53976.2,54026.45,53924.95,53933.1,53915.93258552989,53764.86948997649,0,0,0,54100.1,53156.15,,,,1,1,1,1,,,,5716037,12398373.8
1779429600,53928.8,54024.9,53910.85,54021.05,53936.95606842391,53788.15862725135,0,0,0,54100.1,53156.15,,,,1,1,1,1,,,,3930437,11481047.1
1779430500,54019.85,54076.2,54010,54048,53959.16485473913,53811.780570228504,0,0,0,54100.1,53156.15,,,,1,1,1,1,,,,4943943,10619616.5
1779431400,54049.8,54074.3,54015.65,54042.75,53975.881883791306,53832.77779111682,0,0,0,54100.1,53156.15,,,,1,1,1,1,,,,4479452,10233505.2
1779432300,54046.95,54065.7,53967.05,53992.05,53979.11550703304,53847.25708283348,0,0,0,54100.1,53156.15,,,,1,1,1,1,,,,5605465,10134016.05
1779433200,53991.6,54049.35,53939.7,54035.3,53990.352405626436,53864.35189348498,0,0,0,54100.1,53156.15,,,,1,1,1,1,,,,6373205,10066273.05
1779434100,54037.25,54213.05,54031.25,54168.65,54026.01192450115,53892.015357713615,0,0,0,54100.1,53156.15,,,,1,1,1,1,,,,14339839,10337520.25
1779435000,54174,54195.8,54143.75,54163.4,54053.48953960092,53916.68668883056,0,0,0,54100.1,53156.15,,,,1,1,1,1,,,,6412217,10275933.65
1779435900,54163.5,54185.6,54110.65,54148.1,54072.41163168074,53937.72426257323,0,0,0,54100.1,53156.15,,,,1,1,1,1,,,,7832389,10050976.75
1779436800,54145.2,54162.35,54115.9,54142.35,54086.399305344596,53956.3266023393,0,0,0,54100.1,53156.15,,,,1,1,1,1,,,,9401564,9987573.85
1779437700,54143.1,54196.55,54079.6,54124.2,54093.95944427568,53971.58782030846,0,0,0,54100.1,53156.15,,,,1,1,1,1,,,,8984268,9217044.8
1779438600,54129,54135,53976.25,54063,54087.76755542054,53979.898018462234,0,0,0,54213.05,53156.15,52783.45,,,1,1,1,1,,,,5495875,8201693.45
1779439500,54064.45,54080.25,53975.4,53981.15,54066.44404433644,53980.01183496567,0,0,0,54213.05,53156.15,52783.45,,,1,1,1,1,,,,5561057,7165356.6
1779440400,53980.9,54007.5,53880.55,53885.45,54030.24523546915,53971.415304514245,0,0,0,54213.05,53156.15,52783.45,,,1,1,1,1,,,,8382030,6872763.25
1779441300,53899.85,53988.1,53888,53984.2,54021.03618837532,53972.5775495584,0,0,0,54213.05,53156.15,52783.45,,,1,1,1,1,,,,7457708,6839648.2
1779442200,53982.1,54068.7,53942.15,54064.05,54029.63895070026,53980.893226871274,0,0,0,54213.05,53156.15,52783.45,,,1,1,1,1,,,,22325429,7578294.4
1779443100,54066.7,54193,54061.5,54152.2,54054.151160560206,53996.46656988298,0,0,0,54213.05,53156.15,52783.45,,,1,1,1,1,,,,20956378,8274871.5
1779680700,54621.55,54974.4,54590.7,54938.5,54231.02092844817,54082.10597262089,0,0,0,54213.05,53156.15,52783.45,,,1,1,1,1,,,,35348306,9723802.65
1779681600,54939.35,54947.75,54863.25,54913.6,54367.53674275854,54157.69633874627,0,0,0,54213.05,53156.15,52783.45,,,1,1,1,1,,,,19647055,10422604.8
1779682500,54918.55,54919.5,54825.75,54867.6,54467.54939420683,54222.23303522388,0,0,0,54213.05,53156.15,52783.45,,,1,1,1,1,,,,11989639,10759114.65
1779683400,54867.9,54962.75,54858.75,54961.15,54566.269515365464,54289.40730474898,0,0,0,54213.05,53156.15,52783.45,,,1,1,1,1,,,,10820651,11014345.35
1779684300,54960.1,54994.35,54936.35,54951.15,54643.24561229237,54349.56573158998,0,0,0,54213.05,53156.15,52783.45,,,1,1,1,1,,,,8040741,11219860.55
1779685200,54952.2,55082.1,54952.15,55057.35,54726.066489833895,54413.90975599089,0,0,0,54213.05,53156.15,52783.45,,,1,1,1,1,,,,9194445,11432385.65
1779686100,55058.5,55085.8,55016.85,55044.05,54789.66319186712,54471.195232718994,0,0,0,54213.05,53156.15,52783.45,,,1,1,1,1,,,,6635087,11540167.4
1779687000,55048.45,55093.75,55019.05,55084.65,54848.6605534937,54526.96384792636,0,0,0,54213.05,53156.15,52783.45,,,1,1,1,1,,,,9330462,11726417.25
1779687900,55084.45,55088,55048.9,55082.75,54895.478442794956,54577.48986175124,0,0,0,54213.05,53156.15,52783.45,,,1,1,1,1,,,,7305559,11773034.95
1779688800,55080.75,55113.55,55047.3,55093.1,54935.00275423597,54624.363510682946,0,0,0,54213.05,53156.15,52783.45,,,1,1,1,1,,,,6356683,11373877.15
1779689700,55096.1,55122.15,55086.6,55103.85,54968.77220338878,54667.95319152995,0,0,0,54213.05,53156.15,52783.45,,,1,1,1,1,,,,8490133,11477772.95
1779690600,55102.1,55102.1,54998.3,55017.55,54978.52776271102,54699.73471957268,0,0,0,54213.05,53156.15,52783.45,,,1,1,1,1,,,,4782325,11325269.75
1779691500,55020.1,55050.5,54978.7,54982,54979.22221016882,54725.39519961153,0,0,0,54213.05,53156.15,52783.45,,,1,1,1,1,,,,3757480,11043065.55
1779692400,54980.45,55002.7,54962.7,54974.3,54978.237768135055,54748.02290873775,0,0,0,54213.05,53156.15,52783.45,,,1,1,1,1,,,,3296222,10758663.25
1779693300,54975.15,54988.75,54908.65,54957.15,54974.02021450805,54767.03446248887,0,0,0,54213.05,53156.15,52783.45,,,1,1,1,1,,,,5750325,10771385.75
1779694200,54958.55,55038.45,54949.3,55020.35,54983.286171606436,54790.063147717156,0,0,0,55122.15,53156.15,52783.45,,,1,1,1,1,,,,5310032,10758834.5
1779695100,55019.2,55034.35,55005.95,55018.35,54990.29893728515,54810.81649792469,0,0,0,55122.15,53156.15,52783.45,,,1,1,1,1,,,,3809215,10530193.75
1779696000,55021.45,55026.1,54944.05,54958.15,54983.86914982812,54824.21045265881,0,0,0,55122.15,53156.15,52783.45,,,1,1,1,1,,,,4042049,10359410.8
1779696900,54959.2,55019.6,54954.3,54975.5,54982.1953198625,54837.96404787165,0,0,0,55122.15,53156.15,52783.45,,,1,1,1,1,,,,3533453,9419812
1779697800,54979.4,55026.25,54973.4,54982.55,54982.26625589,54851.10822533786,0,0,0,55122.15,53156.15,52783.45,,,1,1,1,1,,,,4794824,8611734.3
1779698700,54983,55013.7,54960.2,55002.75,54986.363004711995,54864.89384121624,0,0,0,55122.15,53156.15,52783.45,,,1,1,1,1,,,,7271045,7207871.25
1779699600,55002.95,55114.7,54999.55,55107.15,55010.520403769595,54886.9171283784,0,0,0,55122.15,53156.15,52783.45,,,1,1,1,1,,,,14112285,6931132.75
1779700500,55104.95,55258.8,55104.95,55240.7,55056.55632301568,54919.07920761673,0,0,0,55122.15,53156.15,52783.45,,,1,1,1,1,,,,16905193,7176910.45
1779701400,55247.5,55312.5,55234,55295.85,55104.41505841254,54953.33109783339,0,0,0,55122.15,53156.15,52783.45,,,1,1,1,1,,,,21280316,7699893.7
1779702300,55301.5,55405.2,55266.95,55390.3,55161.59204673003,54993.0555434849,0,0,0,55122.15,53156.15,52783.45,,,1,1,1,1,,,,28838839,8739798.6
1779767100,55377.7,55454.85,55190.25,55409.95,55211.26363738402,55030.95503953173,0,0,0,55122.15,53156.15,52783.45,,,1,1,1,1,,,,26959379,9628045.3
1779768000,55410.4,55536.8,55373.9,55459,55260.81090990722,55069.86821775611,0,0,0,55122.15,53156.15,52783.45,,,1,1,1,1,,,,13071926,9949887.25
1779768900,55457.2,55463.95,55235.7,55286.4,55265.92872792578,55089.55292523283,0,0,0,55122.15,53156.15,52783.45,,,1,1,1,1,,,,9204844,9943606.35
1779769800,55285.35,55403.75,55259.4,55396.45,55292.03298234062,55117.45265930257,0,0,0,55122.15,53156.15,52783.45,,,1,1,1,1,,,,9627836,10059720.2
1779770700,55396.85,55455.05,55320.1,55425.8,55318.786385872496,55145.484235729615,0,0,0,55122.15,53156.15,52783.45,,,1,1,1,1,,,,9758669,10229819.5
1779771600,55421.15,55481.45,55386.15,55444.8,55343.989108698,55172.694759754195,0,0,0,55122.15,53156.15,52783.45,,,1,1,1,1,,,,8361180,10223371.85
1779772500,55448,55509.8,55435.55,55470.6,55369.3112869584,55199.777054321996,0,0,0,55536.8,53156.15,52783.45,,,1,1,1,1,,,,10151952,10491853.2
1779773400,55465.8,55500.5,55397,55401.5,55375.74902956672,55218.11550392909,0,0,0,55536.8,53156.15,52783.45,,,1,1,1,1,,,,9247568,10766357.6
1779774300,55397.4,55406.45,55308.45,55319.8,55364.55922365338,55227.35954902645,0,0,0,55536.8,53156.15,52783.45,,,1,1,1,1,,,,8118771,11007485.05
1779775200,55320.4,55411.05,55277.7,55377.15,55367.0773789227,55240.97686275132,0,0,0,55536.8,53156.15,52783.45,,,1,1,1,1,,,,8838564,11161897
1779776100,55373.7,55384,55271.75,55276.85,55349.03190313816,55244.238057046656,0,0,0,55536.8,53156.15,52783.45,,,1,1,1,1,,,,7749282,11283859.5
1779777000,55273.3,55288.75,55203.7,55209,55321.02552251053,55241.03459731514,0,0,0,55536.8,53156.15,52783.45,,,1,1,1,1,,,,7374171,11462107.3
1779777900,55208.05,55250.3,55145.45,55163.8,55289.58041800842,55234.013270286494,0,0,0,55536.8,53156.15,52783.45,,,1,1,1,1,,,,6013960,11560702.85
1779778800,55162.95,55200.75,55125.7,55142.9,55260.244334406736,55225.73024571499,0,0,0,55536.8,53156.15,52783.45,,,1,1,1,1,,,,6834181,11725739.25
1779779700,55143.15,55147.9,55064.8,55122.1,55232.615467525386,55216.30931428636,0,0,0,55536.8,53156.15,52783.45,,,1,1,1,1,,,,9217573,11946876.7
1779780600,55117.15,55136.1,55018.2,55076.4,55201.372374020306,55203.59028571487,0,0,0,55536.8,53156.15,52783.45,,,1,1,1,1,,,,7962065,11981427.7
1779781500,55074.95,55160.3,55049.7,55143.6,55189.81789921624,55198.136623377155,0,0,0,55536.8,53156.15,52783.45,,,1,1,1,1,,,,8488438,11700235.35
1779782400,55143.5,55169.65,55054.35,55058.6,55163.574319372994,55185.45147579741,0,0,0,55536.8,53156.15,52783.45,,,1,1,1,1,,,,13759038,11542927.6
1779783300,55051.65,55109.05,55032.55,55041.55,55139.1694554984,55172.369523452195,0,0,0,55536.8,53156.15,52783.45,,,1,1,1,1,,,,8499750,10903899.3
1779784200,55041.5,55085.3,54979.75,55037.75,55118.88556439872,55160.13138495654,0,0,0,55536.8,53156.15,52783.45,,,1,1,1,1,,,,11678341,10045874.4
1779785100,55041.6,55127.25,54992,55088.95,55112.89845151897,55153.66034996049,0,0,0,55536.8,53156.15,52783.45,,,1,1,1,1,,,,12694010,9332605.95
1779786000,55090.15,55139.05,54987.65,55004.65,55091.24876121518,55140.113954509536,0,0,0,55536.8,53156.15,52783.45,,,1,1,1,1,,,,17681285,9563073.9
1779786900,55001.55,55093.75,54986.7,55075.1,55088.01900897214,55134.20359500867,0,0,0,55536.8,53156.15,52783.45,,,1,1,1,1,,,,20035211,10104592.25
1779787800,55081.8,55133.85,55046.2,55098.7,55090.15520717771,55130.97599546243,0,0,0,55536.8,53156.15,52783.45,,,1,1,1,1,,,,39551914,11600796.15
1779788700,55098.45,55204.95,55082.1,55180.6,55108.244165742166,55135.48726860221,0,0,0,55536.8,53156.15,52783.45,,,1,1,1,1,,,,28621056,12543915.5
1779853500,54999.6,55153.8,54908.85,54980.4,55082.67533259373,55121.38842600201,0,0,0,55536.8,53156.15,52783.45,,,1,1,1,1,,,,27695017,13510607.35
1779854400,54966.7,55036.3,54900.7,55015.2,55069.18026607498,55111.7349327291,0,0,0,55536.8,53156.15,52783.45,,,1,1,1,1,,,,13384800,13672249.75
1779855300,55014,55014.05,54884.8,54906.3,55036.60421285999,55093.05902975373,0,0,0,55536.8,53156.15,52783.45,,,1,1,1,1,,,,9834984,13701620.55
1779856200,54904.05,55128.6,54852.7,55119.5,55053.18337028799,55095.46275432157,0,0,0,55536.8,53156.15,52783.45,,,1,1,1,1,,,,8904626,13740913.3
1779857100,55118.2,55221.7,55100.9,55176.75,55077.89669623039,55102.8525039287,0,0,0,55536.8,53156.15,52783.45,,,1,1,1,1,,,,9653463,13781658.25
1779858000,55176.5,55184.8,55059.3,55068.9,55076.09735698431,55099.76591266245,0,0,0,55536.8,53156.15,52783.45,,,1,1,1,1,,,,6923736,13740380.95
1779858900,55072.35,55162.1,55023.45,55124.3,55085.73788558745,55101.996284238594,0,0,0,55536.8,53156.15,52783.45,,,1,1,1,1,,,,6999807,13721662.75
1779859800,55128.7,55133.2,55046.7,55066.35,55081.86030846996,55098.75571294418,0,0,0,55536.8,53156.15,52783.45,,,1,1,1,1,,,,6406032,13741266.35
1779860700,55071.35,55152.2,55054.9,55120.7,55089.62824677597,55100.75064813107,0,0,0,55536.8,53156.15,52783.45,,,1,1,1,1,,,,10373855,13918250.05
1779861600,55121.9,55136.9,55030.85,55041.65,55080.03259742077,55095.37786193733,0,0,0,55536.8,53156.15,52783.45,,,1,1,1,1,,,,6627010,13788721.9
1779862500,55040.25,55074.55,54994.3,55028.9,55069.80607793662,55089.33441994303,0,0,0,55536.8,53156.15,52783.45,,,1,1,1,1,,,,6535169,13717377.1
1779863400,55028.4,55051.5,54977.45,54995.2,55054.884862349296,55080.776745402756,0,0,0,55536.8,53156.15,52783.45,,,1,1,1,1,,,,6881690,13637039.7
1779864300,54992.4,55112.2,54992.4,55022.85,55048.47788987944,55075.51067763887,0,0,0,55536.8,53156.15,52783.45,,,1,1,1,1,,,,10193681,13458771.85
1779865200,55019.25,55079.25,54999,55061.3,55051.042311903555,55074.21879785352,0,0,0,55536.8,53156.15,52783.45,,,1,1,1,1,,,,7720581,13419813.4
1779866100,55061.15,55062.35,54953.5,54958.95,55032.623849522846,55063.739816230474,0,0,0,55536.8,53156.15,52783.45,,,1,1,1,1,,,,4589988,13065395.75
1779867000,54966.35,54988.05,54907.6,54922.75,55010.64907961828,55050.922560209525,0,0,0,55536.8,53156.15,52783.45,,,1,1,1,1,,,,9704613,12915925.9
1779867900,54920,54941.25,54859.9,54874.2,54983.35926369462,55034.85687291775,0,0,0,55536.8,53156.15,52783.45,,,1,1,1,1,,,,5936849,12328704.1
1779868800,54873.75,54909.05,54830.65,54847.9,54956.2674109557,55017.86079356159,0,0,0,55536.8,53156.15,52783.45,,,1,1,1,1,,,,11989080,11926397.55
1779869700,54847.1,54886.85,54811.4,54873.9,54939.79392876456,55004.77344869235,0,0,0,55536.8,53156.15,52783.45,,,1,1,1,1,,,,5388825,10218243.1
1779870600,54872.6,54914.15,54833.5,54838.2,54919.475143011645,54989.630407902136,0,0,0,55536.8,53156.15,52783.45,,,1,1,1,1,,,,9285716,9251476.1
1779871500,54833.25,54938.65,54822.8,54854.65,54906.51011440931,54977.35946172921,0,0,0,55536.8,53156.15,52783.45,,,1,1,1,1,,,,10114469,8372448.7
1779872400,54848.3,54854.9,54772.7,54785.3,54882.268091527454,54959.89951066292,0,0,0,55536.8,53156.15,52783.45,,,1,1,1,1,,,,10159052,8211161.3
1779873300,54784.9,54820.55,54744.25,54798.3,54865.47447322196,54945.2086460572,0,0,0,55536.8,53156.15,52783.45,,,1,1,1,1,,,,10996402,8269232.2
1779874200,54800.3,54867.25,54738.6,54846.15,54861.60957857757,54936.20331459746,0,0,0,55536.8,53156.15,52783.45,,,1,1,1,1,,,,19089263,8778464.05
1779875100,54842.7,54915.45,54833.8,54871.7,54863.627662862054,54930.33937690678,0,0,0,55536.8,53156.15,52783.45,,,1,1,1,1,,,,29364985,9764040.15
1780026300,54863.8,55179.3,54847.85,54894.1,54869.72213028964,54927.04488809707,0,0,0,55536.8,53156.15,52783.45,,,1,1,1,1,,,,41636157,11499661.2
1780027200,54895.4,55025.15,54766.95,54767.2,54849.21770423171,54912.513534633705,0,0,0,55536.8,53156.15,52783.45,,,1,1,1,1,,,,24340918,12366716.75
1780028100,54766.85,54873.7,54761.6,54842.95,54847.96416338537,54906.18957693973,0,0,0,55536.8,53156.15,52783.45,,,1,1,1,1,,,,31907104,13641770.35
1780029000,54839.8,55062.8,54782.2,55049.9,54888.3513307083,54919.2541608543,0,0,0,55536.8,53156.15,52783.45,,,1,1,1,1,,,,16438138,13944984.5
1780029900,55051.3,55184.45,55032.55,55103.55,54931.39106456664,54936.00832804936,0,0,0,55536.8,53156.15,52783.45,,,1,1,1,1,,,,17388809,14483074.45
1780030800,55103.6,55122.25,54995.9,55003.15,54945.74285165331,54942.11211640851,0,0,0,55536.8,53156.15,52783.45,,,1,1,1,1,,,,12944315,14803531.75
1780031700,55003.9,55062.05,54968.6,55055.35,54967.66428132265,54952.40646946229,0,0,0,55536.8,53156.15,52783.45,,,1,1,1,1,,,,9121242,14915509.35
1780032600,55056.55,55080,54986.9,54998.45,54973.82142505812,54956.592244965716,0,0,0,55536.8,53156.15,52783.45,,,1,1,1,1,,,,14174461,15114548.35
1780033500,54997.4,55059.5,54974.7,54982.85,54975.6271400465,54958.979313605196,0,0,0,55536.8,53156.15,52783.45,,,1,1,1,1,,,,12953683,15376203.45
1780034400,54983.85,55026.8,54947.3,55022.95,54985.091712037196,54964.79483055018,0,0,0,55536.8,53156.15,52783.45,,,1,1,1,1,,,,11427821,15718095.1
1780035300,55020.65,55162.85,55011.75,55101,55008.27336962976,54977.17711868198,0,0,0,55536.8,53156.15,52783.45,,,1,1,1,1,,,,21050562,16285392.55
1780036200,55103.9,55103.9,54822.95,54859.85,54978.58869570381,54966.51101698362,0,0,0,55536.8,53156.15,52783.45,,,1,1,1,1,,,,12750038,16626052
1780037100,54861.65,54889.45,54779.45,54881.6,54959.19095656305,54958.79183362147,0,0,0,55536.8,53156.15,52783.45,,,1,1,1,1,,,,10648864,16559041.2
1780038000,54880.8,54900.45,54824.6,54838.3,54935.01276525044,54947.83803056498,0,0,0,55536.8,53156.15,52783.45,,,1,1,1,1,,,,7474204,16663310.15
1780038900,54835.65,54840.75,54726.1,54768.55,54901.72021220035,54931.53911869544,0,0,0,55536.8,53156.15,52783.45,,,1,1,1,1,,,,11269464,16762497.55
1780039800,54767.5,54768,54591.05,54592.05,54839.78616976028,54900.67647154131,0,0,0,55536.8,53156.15,52783.45,,,1,1,1,1,,,,10022835,16757915.85
1780040700,54588.65,54629.55,54538.5,54601.1,54792.04893580822,54873.44224685573,0,0,0,55536.8,53156.15,52783.45,,,1,1,1,1,,,,11900790,16845002.75
1780041600,54598.25,54632.75,54494.95,54522.8,54738.19914864658,54841.565678959756,0,0,0,55536.8,53156.15,52783.45,,,1,1,1,1,,,,9515884,16770976.85
1780042500,54527.95,54556.85,54458.95,54517.7,54694.09931891726,54812.123344508866,0,0,0,55536.8,53156.15,52783.45,,,1,1,1,1,,,,11727977,16402912.55
1780043400,54516.9,54546.05,54476.6,54512.05,54657.689455133805,54784.84394955351,0,0,0,55536.8,53156.15,52783.45,,,1,1,1,1,,,,6902291,15279777.85
1780044300,54510.3,54590.1,54458.15,54579.05,54641.96156410704,54766.13540868501,0,0,0,55536.8,53156.15,52783.45,,,1,1,1,1,,,,8599862,13627963.1
1780045200,54579.35,54693.45,54577.8,54647.45,54643.05925128563,54755.34582607728,0,0,0,55536.8,53156.15,52783.45,,,1,1,1,1,,,,13711127,13096473.55
1780046100,54649.35,54692.6,54554.8,54620.45,54638.5374010285,54743.08256916117,1,0,0,55536.8,53156.15,52783.45,,,2,1,1,1,1,,,16727262,12337481.45
1780047000,54619.2,54628.65,54151.3,54198.3,54550.4899208228,54693.55688105561,1,0,0,55536.8,53156.15,52783.45,,,2,2,1,1,1,,,371172197,30074184.4
1780047900,54191.75,54389.7,54116.15,54364.6,54513.31193665824,54663.65171005055,0,0,0,55536.8,53156.15,52783.45,,,2,2,1,1,,,,321866896,45298088.75
1780285500,54454.25,54582.75,54170.65,54337.5,54478.14954932659,54634.001554591414,0,0,0,55536.8,53156.15,52783.45,,,2,2,1,1,,,,40341383,46667942.15
1780286400,54338.55,54420.4,54178.8,54189.8,54420.47963946127,54593.6195950831,0,0,0,55536.8,53156.15,52783.45,,,2,2,1,1,,,,22567295,47340244.8
1780287300,54191,54272.55,54062.2,54077.05,54351.793711569015,54546.65872280282,0,1,0,55536.8,53156.15,52783.45,,,3,2,1,1,,1,,19399852,47601514.35
1780288200,54077.8,54104.25,53982.2,54032.8,54287.99496925521,54499.94429345711,0,0,0,55536.8,53156.15,52783.45,,,3,2,1,1,,,,12060908,47556875.6
1780289100,54034.15,54073.8,53886.75,53893.5,54209.09597540417,54444.81299405192,0,0,0,55536.8,53156.15,52783.45,,,3,2,1,1,,,,7924802,47381724.65
1780290000,53887.4,53970.2,53841.55,53916.2,54150.516780323334,54396.757267319925,0,0,0,55536.8,53156.15,52783.45,,,3,2,1,1,,,,9606281,46809510.6
1780290900,53915.4,54109.1,53913.95,54034.95,54127.403424258664,54363.86569756357,0,0,0,55536.8,53156.15,52783.45,,,3,2,1,1,,,,9410244,46642520.9
1780291800,54038.2,54176.65,54038.2,54154.15,54132.75273940693,54344.8006341487,0,0,0,55536.8,53156.15,52783.45,,,3,2,1,1,,,,6904065,46455280.95
1780292700,54155.05,54234.55,54024.55,54026.7,54111.54219152554,54315.88239468064,0,0,0,55536.8,53156.15,52783.45,,,3,2,1,1,,,,9395990,46551370.25
1780293600,54029.9,54061.4,53955.95,54029.6,54095.15375322043,54289.85672243694,0,0,0,55536.8,53156.15,52783.45,,,3,2,1,1,,,,7154226,46345608.35
1780294500,54030.75,54085,53881.6,53881.95,54052.51300257634,54252.774293124494,0,0,0,55536.8,53156.15,52783.45,,,3,2,1,1,,,,5076795,46098306.35
1780295400,53882.65,53964.7,53861.4,53938.35,54029.68040206107,54224.19026647681,0,0,0,55536.8,53156.15,52783.45,,,3,2,1,1,,,,7614556,45883994.65
1780296300,53935.25,53953.1,53862.45,53873.25,53998.394321648855,54192.28660588801,0,0,0,55536.8,53156.15,52783.45,,,3,2,1,1,,,,5240597,45670230.3
1780297200,53874.7,53900.45,53827.6,53864.05,53971.52545731908,54162.446914443644,0,1,0,55536.8,53156.15,52783.45,,,3,3,1,1,,1,,6222744,45394968.65
1780298100,53864.65,53927.85,53798.6,53840.7,53945.36036585527,54133.19719494877,0,0,0,55536.8,53156.15,52783.45,,,3,3,1,1,,,,5069003,45303304.25
1780299000,53836.15,53858.95,53644.45,53659.2,53888.12829268421,54090.10654086252,0,0,0,55536.8,53156.15,52783.45,,,3,3,1,1,,,,10146913,45380656.8
1780299900,53659.35,53756.15,53654.15,53755,53861.50263414737,54059.64230987502,0,0,0,55536.8,53156.15,52783.45,,,3,3,1,1,,,,5957286,44992964.75
1780300800,53753.7,53797.35,53705.55,53707.1,53830.6221073179,54027.59300897729,0,0,0,55536.8,53156.15,52783.45,,,3,3,1,1,,,,5234970,44418350.15
1780301700,53707.35,53709.35,53661.75,53687.5,53801.997685854316,53996.675462706626,0,0,0,55536.8,53156.15,52783.45,,,3,3,1,1,,,,5218556,26120668.1
1780302600,53687.2,53695.4,53558.05,53577.75,53757.14814868345,53958.591329733295,0,0,0,55536.8,53156.15,52783.45,,,3,3,1,1,,,,7427656,10398706.1
1780303500,53577.95,53609.2,53492.7,53538.9,53713.49851894676,53920.437572484814,0,0,0,55536.8,53156.15,52783.45,,,3,3,1,1,,,,9227743,8843024.1
1780304400,53538.5,53633.35,53497.95,53619.4,53694.67881515741,53893.07052044074,0,0,0,55536.8,53156.15,52783.45,,,3,3,1,1,,,,9046376,8166978.15
1780305300,53618.3,53673.35,53470,53493.85,53654.51305212593,53856.77774585522,0,0,0,55536.8,53156.15,52783.45,,,3,3,1,1,,,,12735448,7833757.95
1780306200,53495.1,53775.6,53494.8,53665.55,53656.720441700745,53839.39340532293,0,0,0,55536.8,53156.15,52783.45,,,3,3,1,1,,,,41228928,9292158.95
1780307100,53665.25,53693.15,53591.65,53658.9,53657.156353360595,53822.98491392994,0,0,0,55536.8,53156.15,52783.45,,,3,3,1,1,,,,40677846,10929811.15
1780371900,53384.5,53385.65,53121.85,53298.1,53585.34508268847,53775.26810357267,0,0,0,55536.8,53156.15,52783.45,,,3,3,1,1,,,,38225482,12360771.2
1780372800,53302.55,53421.55,53210.05,53345.05,53537.28606615078,53736.15736688425,0,0,0,55536.8,53156.15,52783.45,,,3,3,1,1,,,,17352399,12757878.95
1780373700,53343.8,53463.75,53286.5,53435.55,53516.938852920626,53708.82942444023,0,0,0,55536.8,53156.15,52783.45,,,3,3,1,1,,,,14915730,13158462.2
1780374600,53442.25,53511.35,53226.3,53229.6,53459.4710823365,53665.26311312748,0,0,0,55536.8,53156.15,52783.45,,,3,3,1,1,,,,18300093,13603667.35
1780375500,53230.2,53486.3,53188.95,53445.15,53456.6068658692,53645.252830115896,0,0,0,55536.8,53156.15,52783.45,,,3,3,1,1,,,,15919058,14041908.95
1780376400,53446.45,53453.65,53287.15,53335.95,53432.47549269536,53617.13439101445,0,0,0,55536.8,53156.15,52783.45,,,3,3,1,1,,,,12395322,14407835.3
1780377300,53329.6,53352.15,53187.3,53282.75,53402.53039415629,53586.73581001314,0,0,0,55536.8,53156.15,52783.45,,,3,3,1,1,,,,16483910,14851303
1780378200,53282.95,53350.55,53232.9,53317.35,53385.49431532503,53562.24619092103,0,0,0,55536.8,53156.15,52783.45,,,3,3,1,1,,,,9553668,15066956.55
1780379100,53313.75,53448.2,53243.5,53339.5,53376.29545226002,53541.99653720094,0,0,0,55536.8,53156.15,52783.45,,,3,3,1,1,,,,12035038,15357571.25
1780380000,53341.4,53378.3,53232.15,53266.85,53354.40636180802,53516.983215637214,0,0,0,55536.8,53156.15,52783.45,,,3,3,1,1,,,,9938907,15601066.45
1780380900,53267.95,53297.5,53212.6,53232.45,53330.01508944642,53491.1165596702,0,0,0,55536.8,53156.15,52783.45,,,3,3,1,1,,,,13066476,15747044.6
1780381800,53231.8,53303.95,53209.7,53242.5,53312.51207155713,53468.51505424563,0,0,0,55536.8,53156.15,52783.45,,,3,3,1,1,,,,8171778,15857769.2
1780382700,53245.6,53313.55,53139.65,53156,53281.20965724571,53440.10459476876,0,0,0,55536.8,53156.15,52783.45,,,3,3,1,1,,,,12465891,16219315.25
1780383600,53153,53466.8,53135.8,53461.65,53317.29772579657,53442.0632679716,0,0,0,55536.8,53156.15,52783.45,,,3,3,1,1,,,,16329882,16774881.55
1780384500,53463.75,53824.05,53460.4,53787.25,53411.28818063725,53473.443879974184,0,0,0,55536.8,53156.15,52783.45,,,3,3,1,1,,,,23587859,17582891.7
1780385400,53784.35,53906,53718.25,53820.85,53493.200544509804,53505.02625452199,0,0,0,55536.8,53156.15,52783.45,,,3,3,1,1,,,,16912486,17967128.85
1780386300,53823.6,53883.2,53759.1,53872.2,53569.00043560784,53538.40568592908,0,0,0,55536.8,53156.15,52783.45,,,3,3,1,1,,,,13519457,18190782.9
1780387200,53872.9,53933.3,53795.85,53819.35,53619.070348486275,53563.94607811735,0,0,0,55536.8,53156.15,52783.45,,,3,3,1,1,,,,10051622,18056591.6
1780388100,53821.25,53903.7,53782.6,53827.35,53660.72627878902,53587.89188919759,0,0,0,55536.8,53156.15,52783.45,,,3,3,1,1,,,,11638507,16577070.55
1780389000,53830.5,53911.45,53822.85,53867.3,53702.04102303122,53613.29262654327,0,0,0,55536.8,53156.15,52783.45,,,3,3,1,1,,,,11393792,15112867.85
1780389900,53870.45,53933.55,53804.9,53839.15,53729.462818424974,53633.82511503933,0,0,0,55536.8,53156.15,52783.45,,,3,3,1,1,,,,15825963,13992891.9
1780390800,53838.4,53873.1,53644,53660.2,53715.61025473998,53636.22283185394,0,0,0,55536.8,53156.15,52783.45,,,3,3,1,1,,,,14249986,13837771.25
1780391700,53659,53722.6,53600.8,53631.15,53698.718203791985,53635.76166532176,0,0,0,55536.8,53156.15,52783.45,,,3,3,1,1,,,,10967190,13640344.25
1780392600,53627.6,53777.35,53587.7,53749.75,53708.924563033586,53646.1242412016,0,0,0,55536.8,53156.15,52783.45,,,3,3,1,1,,,,27773763,14114027.75
1780393500,53752.85,53823.55,53737.85,53813.6,53729.85965042687,53661.34931018327,0,0,0,55536.8,53156.15,52783.45,,,3,3,1,1,,,,33022104,14969180.05
1780458300,53638.85,53638.85,53169.9,53232.95,53630.4777203415,53622.40391834843,1,0,0,53933.55,53121.85,,,,2,1,1,1,1,,,28055404,15752184.15
1780459200,53230.8,53247.7,53127.5,53211.95,53546.772176273196,53585.089925771295,0,1,0,53933.55,53121.85,,,,3,1,1,1,,1,,15289997,15692488.5
1780460100,53214.25,53317.3,53139.7,53213.05,53480.02774101856,53551.268114337545,0,0,0,53933.55,53121.85,,,,3,1,1,1,,,,14166730,15923141.6
1780461000,53212.9,53302.3,53165.35,53185.15,53421.052192814845,53517.98464939777,0,0,0,53933.55,53121.85,,,,3,1,1,1,,,,7512655,15697022.45
1780461900,53182.05,53274.9,53169.85,53208.2,53378.48175425187,53489.82240854343,0,0,0,53933.55,53121.85,,,,3,1,1,1,,,,9779202,15689037.2
1780462800,53209.8,53220.6,53091.45,53140.95,53330.9754034015,53458.10673503948,0,0,0,53933.55,53121.85,,,,3,1,1,1,,,,5557239,15313575.35
1780463700,53142.4,53171.85,53101.65,53131.85,53291.1503227212,53428.44703185407,0,0,0,53933.55,53121.85,,,,3,1,1,1,,,,5301616,15170067.25
1780464600,53135.7,53174.85,53070.05,53090.5,53251.02025817696,53397.724574412794,0,0,0,53933.55,53121.85,,,,3,1,1,1,,,,4365682,14765056.8
1780465500,53091.8,53236.6,53087.6,53195.4,53239.89620654157,53379.33143128436,0,0,0,53933.55,53121.85,,,,3,1,1,1,,,,5477575,14222441.45
1780466400,53199.05,53245.7,53126.3,53151,53222.116965233254,53358.57402844032,0,0,0,53933.55,53121.85,,,,3,1,1,1,,,,6058516,13345974.3
1780467300,53151.7,53213,53142.55,53148.9,53207.4735721866,53339.512753127565,0,0,0,53933.55,53121.85,,,,3,1,1,1,,,,7459861,12873343.05
1780468200,53151.1,53187.25,53027.15,53093.45,53184.66885774928,53317.14341193415,0,0,0,53933.55,53121.85,,,,3,1,1,1,,,,11345499,12764645.15
1780469100,53092.25,53295.35,53067,53295.35,53206.80508619943,53315.16219266741,0,0,0,53933.55,53121.85,,,,3,1,1,1,,,,9399772,12732052.65
1780470000,53298.05,53724.2,53296.85,53661.9,53297.82406895954,53346.68381151583,0,0,0,53933.55,53121.85,,,,3,1,1,1,,,,32253650,13762809.8
1780470900,53662.4,53733.45,53540,53572.35,53352.72925516763,53367.19891955984,0,0,0,53933.55,53121.85,,,,3,1,1,1,,,,10633851,13724812.75
1780471800,53577.15,53652.8,53525.25,53606.65,53403.5134041341,53388.96719959986,0,0,0,53933.55,53121.85,,,,3,1,1,1,,,,6893678,13278198.5
1780472700,53623.95,53834.5,53622.4,53795.3,53481.87072330728,53425.90654509078,0,0,0,53933.55,53121.85,,,,3,1,1,1,,,,16462870,13388842.7
1780473600,53806.6,53828.65,53689.9,53698.5,53525.196578645824,53450.687768264346,0,0,0,53933.55,53121.85,,,,3,1,1,1,,,,9296704,13305318.4
1780474500,53702.35,53951.5,53694.7,53882.65,53596.68726291666,53489.9570620585,0,0,0,53933.55,53121.85,,,,3,1,1,1,,,,11748211,12504040.8
1780475400,53886.25,54003.2,53860.3,53941.45,53665.63981033333,53531.00187459864,0,0,0,53933.55,53121.85,,,,3,1,1,1,,,,11275826,11416726.9
1780476300,53937.15,54048.9,53909,53935.45,53719.60184826666,53567.769885998765,0,0,0,53933.55,53121.85,,,,3,1,1,1,,,,9126163,10470264.85
1780477200,53938.2,54155.9,53926.6,54095.85,53794.85147861333,53615.777169089786,0,0,0,53933.55,53121.85,,,,3,1,1,1,,,,12891316,10350330.8
1780478100,54096.15,54257.85,54086.1,54199.65,53875.81118289066,53668.856517354354,0,0,0,53933.55,53121.85,,,,3,1,1,1,,,,20729370,10678462.8
1780479000,54204.6,54299.35,54049.25,54149.55,53930.55894631253,53712.55592486759,0,0,0,53933.55,53121.85,,,,3,1,1,1,,,,35138662,12059763.15
1780479900,54156.6,54271.2,54150.75,54247.05,53993.85715705002,53761.146295334176,0,0,0,53933.55,53121.85,,,,3,1,1,1,,,,31195518,13130578.95
1780544700,53977.5,54138.85,53829.4,53972.1,53989.50572564002,53780.323904849254,0,0,0,53933.55,53121.85,,,,3,1,1,1,,,,25998667,14152650.35
1780545600,53970.35,54077.3,53879.6,54040.95,53999.79458051201,53804.01718622659,0,0,0,53933.55,53121.85,,,,3,1,1,1,,,,12225198,14498829.45
1780546500,54040.7,54333.7,54040.7,54232.15,54046.265664409606,53842.93835111508,0,0,0,53933.55,53121.85,,,,3,1,1,1,,,,12647881,14912939.4
1780547400,54233.85,54342.15,54215.6,54257,54088.41253152768,53880.58031919553,0,0,0,53933.55,53121.85,,,,3,1,1,1,,,,10943915,15186256.4
1780548300,54253.85,54307,54198.25,54207.1,54112.150025222145,53910.26392654139,0,0,0,53933.55,53121.85,,,,3,1,1,1,,,,7132966,15239978.9
1780549200,54205.85,54235.5,54107.65,54235.35,54136.790020177716,53939.81720594672,0,0,0,53933.55,53121.85,,,,3,1,1,1,,,,8085547,15271263.2
1780550100,54236.75,54396.4,54229.8,54357.9,54181.01201614217,53977.82473267883,0,0,0,53933.55,53121.85,,,,3,1,1,1,,,,10067410,15207358.75
1780551000,54358.15,54387.75,54198.95,54257.4,54196.28961291374,54003.240666071666,0,0,0,53933.55,53121.85,,,,3,1,1,1,,,,9197272,15197233.75
1780551900,54254.6,54271.8,54173.7,54203.1,54197.65169033099,54021.40969642879,0,0,0,53933.55,53121.85,,,,3,1,1,1,,,,6469135,13908008
1780552800,54202.6,54356.55,54110.3,54299.75,54218.07135226479,54046.71336038981,0,0,0,53933.55,53121.85,,,,3,1,1,1,,,,8150206,13783825.75
1780553700,54302.35,54310.7,54140.2,54225.2,54219.49708181183,54062.93941853619,0,0,0,53933.55,53121.85,,,,3,1,1,1,,,,7608583,13819571
1780554600,54224,54355.1,54196.2,54308.25,54237.24766544947,54085.24038048744,0,0,0,54396.4,53027.15,,,,1,1,1,1,,,,12395250,13616190
1780555500,54307.55,54350.75,54255.45,54344.6,54258.71813235957,54108.818527715855,0,0,0,54396.4,53027.15,,,,1,1,1,1,,,,8904262,13596567.9
1780556400,54341.2,54344.65,54202.5,54245.9,54256.15450588766,54121.28047974169,0,0,0,54396.4,53027.15,,,,1,1,1,1,,,,7061122,13362213.45
1780557300,54243.95,54315,54235.85,54287.8,54262.48360471013,54136.41861794699,0,0,0,54396.4,53027.15,,,,1,1,1,1,,,,6170282,13106936.25
1780558200,54288.8,54310.8,54032.15,54045.05,54218.9968837681,54128.11237995181,0,0,0,54396.4,53027.15,,,,1,1,1,1,,,,9873511,13144303.65
1780559100,54050.75,54112.05,53995.2,54048.6,54184.91750701448,54120.88398177437,0,0,0,54396.4,53027.15,,,,1,1,1,1,,,,10994667,13049471.2
1780560000,54051.6,54095.9,54014.35,54056.9,54159.31400561158,54115.06725615852,0,0,0,54396.4,53027.15,,,,1,1,1,1,,,,5229531,12274479.25
1780560900,54058.15,54111.4,54026.45,54093.25,54146.10120448926,54113.08386923502,0,0,0,54396.4,53027.15,,,,1,1,1,1,,,,6244079,10829750.1
1780561800,54088.5,54271.95,54079.75,54226.6,54162.20096359141,54123.40351748638,0,0,0,54396.4,53027.15,,,,1,1,1,1,,,,9271707,9733559.55
1780562700,54229.85,54287.75,54208.05,54265.6,54182.880770873126,54136.33047044217,0,0,0,54396.4,53027.15,,,,1,1,1,1,,,,6710182,8769135.3
1780563600,54268.3,54398.2,54251.55,54381.1,54222.5246166985,54158.582245856516,0,0,0,54396.4,53027.15,,,,1,1,1,1,,,,9631916,8639471.2
1780564500,54381.5,54461,54241.45,54270.6,54232.139693358804,54168.76567805138,0,0,0,54396.4,53027.15,,,,1,1,1,1,,,,9641293,8489141.8
1780565400,54270,54339.65,54229.95,54308.75,54247.46175468704,54181.49152550125,0,0,0,54396.4,53027.15,,,,1,1,1,1,,,,26704627,9277177.4
1780566300,54306.95,54360.95,54276.45,54330.6,54264.08940374963,54195.046841364776,0,0,0,54396.4,53027.15,,,,1,1,1,1,,,,24001192,10120588.7
1780631100,54393,54520.2,54316.4,54475.9,54306.451522999705,54220.57894669525,0,0,0,54396.4,53027.15,,,,1,1,1,1,,,,19525549,10692588.8
1780632000,54478,54546.3,54423.95,54499.7,54345.10121839977,54245.95358790477,0,0,0,54396.4,53027.15,,,,1,1,1,1,,,,11345562,10756496.4
1780632900,54500.95,54629.2,54436.5,54535.65,54383.21097471981,54272.28962536797,0,0,0,54396.4,53027.15,,,,1,1,1,1,,,,25617883,11577526.95
1780633800,54531.35,54703.05,54485.7,54494.1,54405.38877977585,54292.45420487998,0,0,0,54396.4,53027.15,,,,1,1,1,1,,,,14822916,11995216
1780634700,54496.05,54732.2,54461.85,54616.3,54447.57102382068,54321.89473170907,0,0,0,54396.4,53027.15,,,,1,1,1,1,,,,14300182,12302714.8
1780635600,54621.3,54635.95,54206.3,54274.75,54413.00681905654,54317.60884700825,0,0,0,54396.4,53027.15,,,,1,1,1,1,,,,11934712,12519021.25
1780636500,54271.2,54492.3,54171.6,54478.9,54426.185455245235,54332.271679098405,0,0,0,54396.4,53027.15,,,,1,1,1,1,,,,12470207,12522769.1
1780637400,54485.6,54865.5,54471.6,54701.8,54481.308364196186,54365.865162816735,0,0,0,54396.4,53027.15,,,,1,1,1,1,,,,34126003,13783856.15
1780638300,54702.45,54767.25,54555.45,54583.4,54501.72669135695,54385.64105710612,0,0,0,54396.4,53027.15,,,,1,1,1,1,,,,15062375,14183918.8
1780639200,54579.5,54656.75,54497.2,54569.65,54515.311353085555,54402.36914282374,0,0,0,54396.4,53027.15,,,,1,1,1,1,,,,16156367,14683223.05
1780640100,54573.1,54647.65,54497.1,54500.2,54512.289082468444,54411.262857112495,0,0,0,54396.4,53027.15,,,,1,1,1,1,,,,9854564,14682275.7
1780641000,54497.95,54646.85,54496.95,54625.3,54534.89126597476,54430.72077919318,0,0,0,54396.4,53027.15,,,,1,1,1,1,,,,8229360,14544010.35
1780641900,54627.95,54684.3,54588.5,54622.55,54552.42301277981,54448.15979926653,0,0,0,54865.5,53027.15,,,,1,1,1,1,,,,7960126,14680540.1
1780642800,54625.2,54627.5,54441.65,54456.15,54533.16841022384,54448.886181151385,0,0,0,54865.5,53027.15,,,,1,1,1,1,,,,8524927,14794582.5
1780643700,54456.65,54479.55,54365.65,54396.7,54505.87472817907,54444.141982864894,0,0,0,54865.5,53027.15,,,,1,1,1,1,,,,5922926,14627143.45
1780644600,54398.2,54438.2,54345.85,54364.85,54477.66978254326,54436.933620786265,0,0,0,54865.5,53027.15,,,,1,1,1,1,,,,6564768,14619872.75
1780645500,54367.25,54445.65,54259.9,54260.6,54434.255826034605,54420.90329162388,0,0,0,54865.5,53027.15,,,,1,1,1,1,,,,8260092,14551281.55
1780646400,54255.35,54285.4,54140.6,54207.05,54388.81466082769,54401.462083294435,0,0,0,54865.5,53027.15,,,,1,1,1,1,,,,8611105,14499772.15
1780647300,54203.95,54292.8,54185.1,54292.2,54369.49172866215,54391.529166631306,0,0,0,54865.5,53027.15,,,,1,1,1,1,,,,5923970,13460739.3
1780648200,54296,54323.35,54199.25,54210.05,54337.60338292972,54375.031060573914,0,0,0,54865.5,53027.15,,,,1,1,1,1,,,,6312573,12576308.35
1780649100,54208.35,54387.65,54160.25,54369.85,54344.05270634378,54374.560055067195,0,0,0,54865.5,53027.15,,,,1,1,1,1,,,,17558676,12477964.7
1780650000,54369.5,54506.45,54271.65,54500.05,54375.25216507502,54385.96823187927,0,0,0,54865.5,53027.15,,,,1,1,1,1,,,,18449570,12833165.1
1780650900,54502,54576.9,54406,54470.5,54394.30173206002,54393.65293807206,0,0,0,54865.5,53027.15,,,,1,1,1,1,,,,20256357,12565088.8
1780651800,54474.8,54510.2,54359.8,54496.5,54414.74138564801,54403.0026709746,0,0,0,54865.5,53027.15,,,,1,1,1,1,,,,21606304,12904258.2
1780652700,54495.65,54564.9,54467.25,54519.7,54435.73310851841,54413.61151906782,0,0,0,54865.5,53027.15,,,,1,1,1,1,,,,38108952,14094696.7
1780890300,53874.7,54385.95,53843.3,54357.85,54420.15648681473,54408.542290061654,0,0,0,54865.5,53027.15,,,,1,1,1,1,,,,44916121,15743767.15
1780891200,54358.65,54455.2,54239.95,54304.55,54397.03518945179,54399.08844551059,0,0,0,54865.5,53027.15,,,,1,1,1,1,,,,18849999,16062756.75
1780892100,54310.1,54361.85,54175.8,54331.4,54383.90815156143,54392.93495046417,0,0,0,54865.5,53027.15,,,,1,1,1,1,,,,18086598,15260786.5
1780893000,54330.6,54335.8,54124.05,54170.05,54341.136521249144,54372.672682240154,0,0,0,54865.5,53027.15,,,,1,1,1,1,,,,18462294,15430782.45
1780893900,54170.9,54238.65,54106.45,54166.35,54306.17921699931,54353.91607476378,0,0,0,54865.5,53027.15,,,,1,1,1,1,,,,14175591,15331743.65
1780894800,54166.25,54291.45,54163.7,54190.9,54283.123373599454,54339.09643160344,0,0,0,54865.5,53027.15,,,,1,1,1,1,,,,8803711,15279201
1780895700,54193.35,54254.4,54151.95,54234.85,54273.468698879566,54329.61948327585,0,0,0,54865.5,53027.15,,,,1,1,1,1,,,,8506925,15293079.25
1780896600,54237.7,54242.6,54144.5,54147.15,54248.204959103656,54313.03134843259,0,0,0,54865.5,53027.15,,,,1,1,1,1,,,,7387217,15264433.8
1780897500,54150.3,54157,54017.65,54052,54208.96396728292,54289.301225847805,0,0,0,54865.5,53027.15,,,,1,1,1,1,,,,12643859,15470380.4
1780898400,54052.7,54131.35,54038.8,54114.2,54190.01117382634,54273.38293258892,0,0,0,54865.5,53027.15,,,,1,1,1,1,,,,6234659,15485967.05
1780899300,54115.4,54181.15,54100.8,54147.25,54181.45893906107,54261.91630235356,0,0,0,54865.5,53027.15,,,,1,1,1,1,,,,5601739,15437815.6
1780900200,54148.15,54257.45,54135.65,54239,54192.96715124886,54259.833002139596,0,0,0,54865.5,53027.15,,,,1,1,1,1,,,,5995372,15324579.6
1780901100,54240.5,54297.2,54226.05,54264.4,54207.253720999084,54260.248183763266,0,0,0,54865.5,53027.15,,,,1,1,1,1,,,,6140552,15201051.95
1780902000,54264.8,54376.45,54256,54350.1,54235.82297679927,54268.41653069388,0,0,0,54865.5,53027.15,,,,1,1,1,1,,,,6388687,15224287.8
1780902900,54351.6,54421.85,54306.1,54311.8,54251.01838143941,54272.36048244898,0,0,0,54865.5,53027.15,,,,1,1,1,1,,,,6285133,15222915.8
1780903800,54309.8,54338.75,54252.15,54285.15,54257.84470515153,54273.52316586271,0,0,0,54865.5,53027.15,,,,1,1,1,1,,,,6636350,14676799.5
1780904700,54290.45,54293.85,54212.35,54265.65,54259.40576412123,54272.80742351156,0,0,0,54865.5,53027.15,,,,1,1,1,1,,,,7463526,14127497.3
1780905600,54262.75,54280.95,54153.8,54154.65,54238.454611296984,54262.06583955596,0,0,0,54865.5,53027.15,,,,1,1,1,1,,,,6918062,13460582.55
1780906500,54154.6,54166.25,54082.7,54147.4,54220.24368903759,54251.641672323596,0,0,0,54865.5,53027.15,,,,1,1,1,1,,,,8582233,12809379
1780907400,54148.65,54233.15,54103.8,54108.15,54197.824951230075,54238.59697483963,0,0,0,54865.5,53027.15,,,,1,1,1,1,,,,11463941,11477128.45
1780908300,54107.5,54163.1,54078.3,54098.3,54177.91996098406,54225.84270439966,0,0,0,54865.5,53027.15,,,,1,1,1,1,,,,6573764,9560010.6
1780909200,54099.75,54189.2,54085.05,54185.2,54179.375968787244,54222.1479130906,0,0,0,54865.5,53027.15,,,,1,1,1,1,,,,8549383,9044979.8
1780910100,54189.35,54234.8,54132.65,54206.45,54184.790775029796,54220.72083008236,0,0,0,54865.5,53027.15,,,,1,1,1,1,,,,10469974,8664148.6
1780911000,54214.6,54214.6,54020.1,54107.25,54169.282620023834,54210.405300074875,1,0,0,54865.5,53027.15,,,,2,1,1,1,1,,,18882254,8685146.6
1780911900,54107.45,54117.55,53949.9,54007.35,54136.89609601907,54191.9457273408,0,0,0,54865.5,53027.15,,,,2,1,1,1,,,,22343483,9093541.2
1780976700,54279.3,54711.2,54242.3,54653.05,54240.12687681525,54233.86429758254,0,0,1,54865.5,53027.15,,,,1,1,1,1,,,1,36528171,10479764.2
1780977600,54653,54799.95,54653,54695.5,54331.201501452204,54275.831179620494,0,0,0,54865.5,53027.15,,,,1,1,1,1,,,,32175541,11663195
1780978500,54696,54776.9,54639.8,54708.05,54406.571201161765,54315.123799655,0,0,0,54865.5,53027.15,,,,1,1,1,1,,,,20338449,12310756.6
1780979400,54709.2,54713.3,54631.85,54698,54464.85696092941,54349.930726959086,0,0,0,54865.5,53027.15,,,,1,1,1,1,,,,13406215,12348874.4
1780980300,54697.95,54754.2,54666.9,54697.3,54511.345568743534,54381.509751780985,0,0,0,54865.5,53027.15,,,,1,1,1,1,,,,10724297,12573356.3
1780981200,54697.6,54724.1,54623.25,54667.5,54542.57645499483,54407.50886525544,0,0,0,54865.5,53027.15,,,,1,1,1,1,,,,8121591,12699348.9
1780982100,54666.85,54706.4,54582.3,54677.2,54569.50116399586,54432.026241141306,0,0,0,54799.95,53843.3,,,,1,1,1,1,,,,10794435,12939302.05
1780983000,54675.65,54707.05,54626.3,54630.75,54581.750931196686,54450.092037401184,0,0,0,54799.95,53843.3,,,,1,1,1,1,,,,13408680,13302708.45
1780983900,54629.3,54673.65,54502.95,54567.4,54578.88074495735,54460.75639763744,0,0,0,54799.95,53843.3,,,,1,1,1,1,,,,11146919,13540620.05
1780984800,54563.35,54673.9,54550.05,54641.15,54591.33459596588,54477.155816034036,0,0,0,54799.95,53843.3,,,,1,1,1,1,,,,13973871,13925056.95
1780985700,54639.8,54793.95,54622.6,54780.25,54629.11767677271,54504.70983275821,0,0,0,54799.95,53843.3,,,,1,1,1,1,,,,17726780,14479578.45
1780986600,54778.4,54890.35,54770.85,54852.05,54673.704141418166,54536.28621159837,0,0,0,54799.95,53843.3,,,,1,1,1,1,,,,14376186,14825211.45
1780987500,54847.3,54935.6,54841.75,54911.8,54721.32331313453,54570.4238287258,0,0,0,54799.95,53843.3,,,,1,1,1,1,,,,9682247,14963420.7
1780988400,54907.3,55002.25,54907.3,54953.15,54767.688650507625,54605.21711702345,0,0,0,54799.95,53843.3,,,,1,1,1,1,,,,13631404,15215879.25
1780989300,54948.85,54997.05,54901.35,54928.7,54799.8909204061,54634.6246518395,0,0,0,54799.95,53843.3,,,,1,1,1,1,,,,11715894,15228476.9
1780990200,54927.95,55081.3,54927.95,55066.8,54853.27273632488,54673.91331985409,0,0,0,54799.95,53843.3,,,,1,1,1,1,,,,14652255,15632401.45
1780991100,55067.8,55108.3,55040.85,55101.7,54902.9581890599,54712.80301804917,0,0,0,54799.95,53843.3,,,,1,1,1,1,,,,13239047,15866884.65
1780992000,55100.95,55134.6,55044.85,55124.95,54947.35655124792,54750.270925499244,0,0,0,54799.95,53843.3,,,,1,1,1,1,,,,11990542,15942913.05
1780992900,55123.3,55128.8,55019.95,55060.45,54969.975240998334,54778.46902318113,0,0,0,54799.95,53843.3,,,,1,1,1,1,,,,9975398,15497570.25
1780993800,55060.9,55134.75,55033.85,55080.95,54992.170192798665,54805.967293801026,0,0,0,54799.95,53843.3,,,,1,1,1,1,,,,12090554,14984923.8
1780994700,55082,55106.05,54998.35,55105.8,55014.89615423893,54833.22481254639,0,0,0,54799.95,53843.3,,,,1,1,1,1,,,,10302361,13673633.3
1780995600,55103.95,55297.15,55063.65,55284.4,55068.79692339114,54874.240738678534,0,0,0,54799.95,53843.3,,,,1,1,1,1,,,,15198814,12824796.95
1780996500,55285.85,55318.35,55235.95,55277.35,55110.50753871291,54910.887035162305,0,0,0,54799.95,53843.3,,,,1,1,1,1,,,,16460267,12630887.85
1780997400,55277.8,55277.8,55159.6,55209.1,55130.22603097033,54937.997304693,0,0,0,54799.95,53843.3,,,,1,1,1,1,,,,32596839,13590419.05
1780998300,55207.95,55270.15,55148.4,55249.15,55154.01082477626,54966.28391335728,0,0,0,54799.95,53843.3,,,,1,1,1,1,,,,33002973,14704352.85
1781063100,55193.7,55397.7,55086.85,55320.25,55187.25865982101,54998.46264850662,0,0,0,54799.95,53843.3,,,,1,1,1,1,,,,37192044,16157875.5
1781064000,55322,55372.4,55274.1,55366.45,55223.09692785681,55031.91604409693,0,0,0,54799.95,53843.3,,,,1,1,1,1,,,,15889755,16412641.5
1781064900,55364.2,55382.05,55297.5,55317.3,55241.93754228545,55057.86004008812,0,0,0,54799.95,53843.3,,,,1,1,1,1,,,,16844330,16584424
1781065800,55318.95,55334.25,55213.8,55213.8,55236.31003382836,55072.036400080106,0,0,0,54799.95,53843.3,,,,1,1,1,1,,,,12257261,16639941.1
1781066700,55213.5,55280.9,55173.35,55236.1,55236.26802706269,55086.9512728001,0,0,0,54799.95,53843.3,,,,1,1,1,1,,,,9218915,16402193.3
1781067600,55236.95,55376.5,55232.35,55326.2,55254.25442165015,55108.701157090996,0,0,0,55397.7,53843.3,53027.15,,,1,1,1,1,,,,10010436,16016376.1
1781068500,55326.8,55482.45,55309.7,55466.5,55296.70353732012,55141.22832462818,0,0,0,55397.7,53843.3,53027.15,,,1,1,1,1,,,,11574347,15876284.15
1781069400,55466.1,55484.95,55380.65,55386.85,55314.7328298561,55163.5575678438,0,0,0,55397.7,53843.3,53027.15,,,1,1,1,1,,,,7730089,15778676.25
1781070300,55385.65,55436.75,55346.95,55431.95,55338.176263884874,55187.956879858,0,0,0,55397.7,53843.3,53027.15,,,1,1,1,1,,,,13091408,15751676.45
1781071200,55432.3,55513.95,55395.95,55506.35,55371.8110111079,55216.90170896182,0,0,0,55397.7,53843.3,53027.15,,,1,1,1,1,,,,9535506,15642657.05
1781072100,55507.8,55508.2,55450.15,55489.45,55395.33880888632,55241.67882632893,0,0,0,55397.7,53843.3,53027.15,,,1,1,1,1,,,,7771271,15298607.85
1781073000,55491.75,55495.1,55419.2,55482.05,55412.68104710906,55263.53075120811,0,0,0,55397.7,53843.3,53027.15,,,1,1,1,1,,,,7352450,15004278
1781073900,55481.55,55534.65,55429.65,55445.5,55419.24483768725,55280.073410189194,0,0,0,55397.7,53843.3,53027.15,,,1,1,1,1,,,,10193845,14914443.15
1781074800,55449.1,55463.95,55318.75,55318.75,55399.1458701498,55283.589463808356,0,0,0,55397.7,53843.3,53027.15,,,1,1,1,1,,,,11445025,14987924.5
1781075700,55320.45,55455.2,55283.85,55448.1,55408.93669611984,55298.5449670985,0,0,0,55397.7,53843.3,53027.15,,,1,1,1,1,,,,9003165,14833555.05
1781076600,55449.6,55555.85,55436,55506.55,55428.45935689587,55317.454515544094,0,0,0,55397.7,53843.3,53027.15,,,1,1,1,1,,,,10419730,14839423.5
1781077500,55508.45,55526.85,55432.6,55514.6,55445.6874855167,55335.37683231281,0,0,0,55397.7,53843.3,53027.15,,,1,1,1,1,,,,11376249,14648295.25
1781078400,55511.95,55527.75,55419.75,55443.05,55445.15998841336,55345.165302102556,0,0,0,55397.7,53843.3,53027.15,,,1,1,1,1,,,,10856248,14368094.3
1781079300,55441.95,55483.95,55388.9,55416.15,55439.35799073069,55351.61845645687,0,0,0,55397.7,53843.3,53027.15,,,1,1,1,1,,,,7962618,13136383.25
1781080200,55414.8,55457.1,55323.75,55335.6,55418.60639258455,55350.162233142604,0,0,0,55397.7,53843.3,53027.15,,,1,1,1,1,,,,7281279,11850298.55
1781081100,55333.1,55466.6,55313.35,55408.75,55416.63511406764,55355.488393766005,0,0,0,55555.85,53843.3,53027.15,52783.45,,1,1,1,1,,,,8800800,10430736.35
1781082000,55408.1,55413.85,55183.6,55187.15,55370.73809125411,55340.184903423644,0,0,0,55555.85,53843.3,53027.15,52783.45,,1,1,1,1,,,,18363562,10554426.7
1781082900,55187.25,55242.15,55130.15,55217.6,55340.11047300329,55329.04082129422,0,0,0,55555.85,53843.3,53027.15,52783.45,,1,1,1,1,,,,18177713,10621095.85
1781083800,55219.3,55224.25,55052.35,55053.75,55282.83837840263,55304.01438299475,0,0,0,55555.85,53843.3,53027.15,52783.45,,1,1,1,1,,,,25111427,11263804.15
1781084700,55059.1,55126.35,55026.15,55108.85,55248.0407027221,55286.27216635886,0,0,0,55555.85,53843.3,53027.15,52783.45,,1,1,1,1,,,,33285269,12467121.85
1781149500,54795.3,55096.45,54753.15,54996.25,55197.68256217768,55259.90651487169,0,0,0,55555.85,53843.3,53027.15,52783.45,,1,1,1,1,,,,28725786,13402889.35
1781150400,55000.95,55168,54934.1,55152.4,55188.626049742146,55250.1331953379,0,0,0,55555.85,53843.3,53027.15,52783.45,,1,1,1,1,,,,19229731,13785658.55
1781151300,55152.75,55311.85,55070.05,55089.05,55168.71083979372,55235.489268489,0,0,0,55555.85,53843.3,53027.15,52783.45,,1,1,1,1,,,,13844369,14091372.55
1781152200,55086.8,55201.3,55029.15,55119.9,55158.94867183497,55224.981153171815,0,0,0,55555.85,53843.3,53027.15,52783.45,,1,1,1,1,,,,11105316,13992067.95
1781153100,55123.6,55278.6,55120.25,55255.75,55178.30893746798,55227.778321065285,0,0,0,55555.85,53843.3,53027.15,52783.45,,1,1,1,1,,,,10950772,14062831.25
1781154000,55256.2,55271.25,55199.25,55234.1,55189.46714997438,55228.35301915026,0,0,0,55555.85,53843.3,53027.15,52783.45,,1,1,1,1,,,,8212265,14084880.95
1781154900,55237.6,55249.5,55075.15,55125.05,55176.583719979506,55218.961835591144,0,0,0,55555.85,53843.3,53027.15,52783.45,,1,1,1,1,,,,14084126,14421464.75
1781155800,55126.05,55235.95,55058.5,55136.2,55168.506975983604,55211.43803235559,0,0,0,55555.85,53843.3,53027.15,52783.45,,1,1,1,1,,,,16736717,14748608.35
1781156700,55135.75,55284.35,55130.3,55284.35,55191.67558078688,55218.06639305053,0,0,0,55555.85,53843.3,53027.15,52783.45,,1,1,1,1,,,,8287826,14590748.4
1781157600,55284.9,55320.5,55175.05,55297.05,55212.750464629506,55225.24672095503,0,0,0,55555.85,53843.3,53027.15,52783.45,,1,1,1,1,,,,9665572,14623868.75
1781158500,55298.55,55458.8,55290.6,55408.55,55251.910371703605,55241.91065541367,0,0,0,55555.85,53843.3,53027.15,52783.45,,1,1,1,1,,,,8703497,14538057.1
1781159400,55408.95,55459.65,55401.35,55456,55292.72829736288,55261.37332310333,0,0,0,55555.85,53843.3,53027.15,52783.45,,1,1,1,1,,,,8250483,14381768.8
1781160300,55457.9,55497.45,55372.6,55487.65,55331.712637890305,55281.94393009394,0,0,0,55555.85,53843.3,53027.15,52783.45,,1,1,1,1,,,,10045365,14341224.65
1781161200,55490.05,55574.15,55488.55,55564.35,55378.24011031225,55307.61720917631,0,0,0,55555.85,53843.3,53027.15,52783.45,,1,1,1,1,,,,12103221,14548254.8
1781162100,55566.15,55584.75,55470.15,55555.15,55413.622088249795,55330.120190160276,0,0,0,55555.85,53843.3,53027.15,52783.45,,1,1,1,1,,,,9227561,14645568.9
1781163000,55556.05,55600.15,55342.95,55357.65,55402.427670599835,55332.6229001457,0,0,0,55555.85,53843.3,53027.15,52783.45,,1,1,1,1,,,,10787658,14744911.8
1781163900,55358.1,55377.95,55219.55,55277.85,55377.51213647987,55327.643545587,0,0,0,55555.85,53843.3,53027.15,52783.45,,1,1,1,1,,,,12184447,14435956.05
1781164800,55277.65,55359.2,55187.3,55209.8,55343.9697091839,55316.930495988185,0,0,0,55555.85,53843.3,53027.15,52783.45,,1,1,1,1,,,,8659885,13960064.65
1781165700,55216.45,55317.85,55186.1,55259.2,55327.01576734712,55311.68226908017,0,0,0,55555.85,53843.3,53027.15,52783.45,,1,1,1,1,,,,7902558,13099621.2
1781166600,55258.4,55297.75,55199.7,55257.6,55313.13261387769,55306.76569916379,0,0,0,55555.85,53843.3,53027.15,52783.45,,1,1,1,1,,,,7990277,11834871.6
1781167500,55256.95,55401.1,55239.6,55373.65,55325.23609110215,55312.8460901489,0,0,0,55600.15,54753.15,53843.3,53027.15,52836.1,1,1,1,1,,,,14513028,11124233.7
1781168400,55374.25,55374.25,55232.3,55254.5,55311.08887288172,55307.541900135366,1,0,0,55600.15,54753.15,53843.3,53027.15,52836.1,2,1,1,1,1,,,13232393,10824366.8
1781169300,55259.2,55286.6,55154.75,55191.8,55287.231098305376,55297.01990921397,0,0,0,55600.15,54753.15,53843.3,53027.15,52836.1,2,1,1,1,,,,16683825,10966339.6
1781170200,55192.35,55230.35,55097.6,55193.9,55268.5648786443,55287.645372012696,0,0,0,55600.15,54753.15,53843.3,53027.15,52836.1,2,1,1,1,,,,26737643,11747955.95
1781171100,55191.05,55244.15,55159.35,55214.65,55257.78190291544,55281.00942910245,0,0,0,55600.15,54753.15,53843.3,53027.15,52836.1,2,1,1,1,,,,30259712,12713402.95
1781235900,55885.25,56016.8,55832.45,55918.65,55389.955522332355,55338.9767537295,0,0,1,55600.15,54753.15,53843.3,53027.15,52836.1,1,1,1,1,,,1,34170761,14011327.75
1781236800,55918.85,55942.55,55813.55,55843.75,55480.714417865885,55384.86523066318,0,0,0,55600.15,54753.15,53843.3,53027.15,52836.1,1,1,1,1,,,,14118260,14013034.45
1781237700,55844.05,55890.95,55826.65,55845.9,55553.75153429271,55426.77748242107,0,0,0,55600.15,54753.15,53843.3,53027.15,52836.1,1,1,1,1,,,,9543518,13653374.5
1781238600,55847.65,55881.1,55760.1,55783.05,55599.611227434165,55459.16589311007,0,0,0,55600.15,54753.15,53843.3,53027.15,52836.1,1,1,1,1,,,,10640288,13770997.6
1781239500,55787.8,55908.05,55726.55,55856.4,55650.968981947335,55495.27808464551,0,0,0,55600.15,54753.15,53843.3,53027.15,52836.1,1,1,1,1,,,,9719880,13773713
1781240400,55855.75,55909.15,55841.5,55857.65,55692.30518555787,55528.22098604138,0,0,0,56016.8,54753.15,53843.3,53027.15,52836.1,1,1,1,1,,,,8287696,13752922.95
1781241300,55858.8,55963.55,55806.9,55963.55,55746.554148446296,55567.79635094671,0,0,0,56016.8,54753.15,53843.3,53027.15,52836.1,1,1,1,1,,,,8490298,13764913.7
1781242200,55965.95,55967.25,55866.75,55960.8,55789.40331875704,55603.5239554061,0,0,0,56016.8,54753.15,53843.3,53027.15,52836.1,1,1,1,1,,,,7534383,13639364.6
1781243100,55964.05,55980.05,55881.9,55933.65,55818.25265500563,55633.53541400554,0,0,0,56016.8,54753.15,53843.3,53027.15,52836.1,1,1,1,1,,,,12250906,13646748.85
1781244000,55934.75,55978.85,55910.5,55958.8,55846.3621240045,55663.10492182322,0,0,0,56016.8,54753.15,53843.3,53027.15,52836.1,1,1,1,1,,,,6866579,13528699.75
1781244900,55956.35,55987.05,55922.5,55931.6,55863.4096992036,55687.51356529384,0,0,0,56016.8,54753.15,53843.3,53027.15,52836.1,1,1,1,1,,,,6054522,13292042.95
1781245800,55933.7,55955.6,55813.1,55826.65,55856.05775936288,55700.16233208531,0,0,0,56016.8,54753.15,53843.3,53027.15,52836.1,1,1,1,1,,,,5871375,12976389.35
1781246700,55824.7,55949.65,55815.85,55946.45,55874.1362074903,55722.552120077555,0,0,0,56016.8,54753.15,53843.3,53027.15,52836.1,1,1,1,1,,,,8833916,12985090.9
1781247600,55945.95,55948.5,55858.05,55864.9,55872.288965992244,55735.49283643414,0,0,0,56016.8,54753.15,53843.3,53027.15,52836.1,1,1,1,1,,,,6076489,12893787.45
1781248500,55866.65,55903.7,55827.1,55884.25,55874.6811727938,55749.01621494013,0,0,0,56016.8,54753.15,53843.3,53027.15,52836.1,1,1,1,1,,,,7581601,12873353.65
1781249400,55883.9,55941.15,55873.55,55923.8,55884.50493823504,55764.90564994557,0,0,0,56016.8,54753.15,53843.3,53027.15,52836.1,1,1,1,1,,,,8288780,12562141.25
1781250300,55925.65,56090.2,55910.35,56083.35,55924.27395058803,55793.85513631415,0,0,0,56016.8,54753.15,53843.3,53027.15,52836.1,1,1,1,1,,,,7618148,12281429
1781251200,56083.5,56318.5,56080.8,56311.6,56001.739160470424,55840.922851194686,0,0,0,56016.8,54753.15,53843.3,53027.15,52836.1,1,1,1,1,,,,14147458,12154610.65
1781252100,56311.4,56398.45,56272.95,56384.9,56078.37132837634,55890.3753192679,0,0,0,56016.8,54753.15,53843.3,53027.15,52836.1,1,1,1,1,,,,12479221,11441689.55
1781253000,56383.8,56507.6,56354.6,56504.7,56163.63706270108,55946.22301751627,0,0,0,56016.8,54753.15,53843.3,53027.15,52836.1,1,1,1,1,,,,11297181,10493563
1781253900,56509.85,56617.15,56504,56606.55,56252.21965016086,56006.25274319661,0,0,0,56016.8,54753.15,53843.3,53027.15,52836.1,1,1,1,1,,,,15045808,9537315.35
1781254800,56606,56715.55,56566.75,56703.35,56342.44572012869,56069.62522108782,0,0,0,56016.8,54753.15,53843.3,53027.15,52836.1,1,1,1,1,,,,17556263,9709215.5
1781255700,56704.85,56848.35,56693.8,56819.6,56437.87657610296,56137.80474644348,0,0,0,56016.8,54753.15,53843.3,53027.15,52836.1,1,1,1,1,,,,19192790,10191679.1
1781256600,56816.25,56867.1,56745.75,56829.35,56516.171260882365,56200.6724967668,0,0,0,56016.8,54753.15,53843.3,53027.15,52836.1,1,1,1,1,,,,28343282,11076828.8
1781257500,56828.65,56839.4,56758,56805.5,56574.03700870589,56255.656815242546,0,0,0,56016.8,54753.15,53843.3,53027.15,52836.1,1,1,1,1,,,,44377709,12809720.25
1781495100,57767.2,57804.5,57445.55,57479.4,56755.10960696471,56366.906195675045,0,0,0,56016.8,54753.15,53843.3,53027.15,52836.1,1,1,1,1,,,,47126072,14751639.05
1781496000,57480.55,57490.9,57384.9,57439.45,56891.977685571765,56464.410177886406,0,0,0,56016.8,54753.15,53843.3,53027.15,52836.1,1,1,1,1,,,,16381057,15146177
1781496900,57442.8,57482.05,57364,57387.95,56991.17214845741,56548.3683435331,0,0,0,56016.8,54753.15,53843.3,53027.15,52836.1,1,1,1,1,,,,11296827,15334299.2
1781497800,57390.1,57454.85,57343.2,57388.9,57070.717718765925,56624.78031230281,0,0,0,56016.8,54753.15,53843.3,53027.15,52836.1,1,1,1,1,,,,9281436,15185825.7
1781498700,57388.05,57464.4,57374.4,57444,57145.37417501274,56699.2548293662,0,0,0,56016.8,54753.15,53843.3,53027.15,52836.1,1,1,1,1,,,,12023819,15443687.7
1781499600,57449.05,57503.95,57439.5,57479.15,57212.12934001019,56770.15439033291,0,0,0,57804.5,54753.15,53843.3,53027.15,52836.1,1,1,1,1,,,,7925513,15537237.25
1781500500,57479.6,57590.6,57473.75,57499.95,57269.693472008155,56836.49944575719,0,0,0,57804.5,54753.15,53843.3,53027.15,52836.1,1,1,1,1,,,,7287585,15608047.75
1781501400,57500.7,57525.85,57460.05,57490.1,57313.77477760652,56895.91767796108,0,0,0,57804.5,54753.15,53843.3,53027.15,52836.1,1,1,1,1,,,,14518100,15892256.95
1781502300,57488.95,57503.9,57422.2,57461.4,57343.29982208522,56947.3251617828,0,0,0,57804.5,54753.15,53843.3,53027.15,52836.1,1,1,1,1,,,,9448945,16060879.75
1781503200,57448.65,57469.8,57415.85,57430.8,57360.79985766817,56991.27741980254,0,0,0,57804.5,54753.15,53843.3,53027.15,52836.1,1,1,1,1,,,,5964935,15980046.45
1781504100,57433.2,57492.75,57402.55,57458.15,57380.269886134534,57033.720381638675,0,0,0,57804.5,54753.15,53843.3,53027.15,52836.1,1,1,1,1,,,,13095715,16220393.2
1781505000,57456.35,57477.85,57322.35,57350.55,57374.32590890763,57062.52307421698,0,0,0,57804.5,54753.15,53843.3,53027.15,52836.1,1,1,1,1,,,,9009391,16289955.35
1781505900,57342.3,57356.95,57229.15,57236.65,57346.79072712611,57078.35279474271,0,0,0,57804.5,54753.15,53843.3,53027.15,52836.1,1,1,1,1,,,,7040057,15934585.3
1781506800,57241.85,57343.55,57220.65,57336.8,57344.79258170089,57101.84799522064,0,0,0,57804.5,54753.15,53843.3,53027.15,52836.1,1,1,1,1,,,,4728972,15547072.85
1781507700,57331.5,57339,57263.55,57290.9,57334.01406536071,57119.03454110967,0,0,0,57804.5,54753.15,53843.3,53027.15,52836.1,1,1,1,1,,,,3429275,15153677.55
1781508600,57295.65,57377.75,57254.9,57344.6,57336.131252288564,57139.54049191788,0,0,0,57804.5,54753.15,53843.3,53027.15,52836.1,1,1,1,1,,,,5663366,14684555.45
1781509500,57337.85,57377.85,57285.15,57305,57329.90500183085,57154.5822653799,0,0,0,57804.5,54753.15,53843.3,53027.15,52836.1,1,1,1,1,,,,4507947,14032139.65
1781510400,57298.45,57309.8,57212.45,57242.8,57312.484001464676,57162.60205943627,0,0,0,57804.5,54753.15,53843.3,53027.15,52836.1,1,1,1,1,,,,4883494,13316674.85
1781511300,57243.6,57284.35,57136.7,57253.45,57300.67720117174,57170.86096312388,0,0,0,57804.5,54753.15,53843.3,53027.15,52836.1,1,1,1,1,,,,7845595,12291790.5
1781512200,57250.35,57272,57164.35,57205.1,57281.561760937395,57173.97360283989,0,0,0,57804.5,54753.15,53843.3,53027.15,52836.1,1,1,1,1,,,,7603247,10453067.4
1781513100,57207.8,57311.55,57185.05,57279.25,57281.09940874991,57183.5441843999,0,0,0,57804.5,54753.15,53843.3,53027.15,52836.1,1,1,1,1,,,,18459422,9019734.9
1781514000,57277.3,57399.2,57275.05,57356.3,57296.139526999934,57199.249258545366,0,0,0,57804.5,54753.15,53843.3,53027.15,52836.1,1,1,1,1,,,,12000237,8800693.9
1781514900,57359.2,57390.45,57248.6,57290.95,57295.10162159995,57207.5856895867,0,0,0,57804.5,54753.15,53843.3,53027.15,52836.1,1,1,1,1,,,,11005888,8786146.95
1781515800,57289.5,57320.6,57119.2,57186,57273.28129727996,57205.62335416972,0,0,0,57804.5,54753.15,53843.3,53027.15,52836.1,1,1,1,1,,,,70709644,11857557.35
1781516700,57186.6,57236.5,57127.1,57162.85,57251.19503782396,57201.73486742702,0,0,0,57804.5,54753.15,53843.3,53027.15,52836.1,1,1,1,1,,,,26424549,12577593.85
1781581500,57302.7,57399.7,57177,57317.55,57264.46603025917,57212.263515842744,0,0,0,57804.5,54753.15,53843.3,53027.15,52836.1,1,1,1,1,,,,27388885,13550762.45
1781582400,57316.8,57321.6,57132.2,57138.65,57239.30282420734,57205.57137803886,0,0,0,57804.5,54753.15,53843.3,53027.15,52836.1,1,1,1,1,,,,32869308,14829848.6
1781583300,57139.6,57248.95,57136.4,57222.95,57236.03225936587,57207.151252762604,0,0,0,57804.5,54753.15,53843.3,53027.15,52836.1,1,1,1,1,,,,21364778,15172182.5
1781584200,57228.15,57258.05,57101.2,57144.35,57217.695807492695,57201.442047966004,0,0,0,57804.5,54753.15,53843.3,53027.15,52836.1,1,1,1,1,,,,29575890,16178529.75
1781585100,57147.35,57231.9,57134.35,57211.9,57216.53664599416,57202.392770878185,0,0,0,57804.5,54753.15,53843.3,53027.15,52836.1,1,1,1,1,,,,19579858,16859275.9
1781586000,57212.1,57321.35,57203.35,57260.9,57225.409316795325,57207.71160988926,0,0,0,57804.5,54753.15,53843.3,53027.15,52836.1,1,1,1,1,,,,12532976,16831138.95
1781586900,57260.55,57307.8,57186.15,57190.45,57218.41745343626,57206.1423726266,0,0,0,57804.5,54753.15,53843.3,53027.15,52836.1,1,1,1,1,,,,12010715,16981205.15
1781587800,57191.75,57200.7,57106.9,57148.35,57204.403962749006,57200.888520569635,0,0,0,57804.5,54753.15,53843.3,53027.15,52836.1,1,1,1,1,,,,14236376,17341021.1
1781588700,57147.8,57214.5,57120.35,57154.75,57194.473170199206,57196.69410960876,0,0,0,57804.5,54753.15,53843.3,53027.15,52836.1,1,1,1,1,,,,8176726,17513408.8
1781589600,57155.6,57200.5,57118.95,57179.2,57191.41853615936,57195.103736007964,0,0,0,57804.5,54753.15,53843.3,53027.15,52836.1,1,1,1,1,,,,11270703,17905480.2
1781590500,57177.8,57231.85,57109.15,57169.1,57186.95482892749,57192.73976000724,0,0,0,57804.5,54753.15,53843.3,53027.15,52836.1,1,1,1,1,,,,10714564,18158040.1
1781591400,57165.9,57177.25,57087.85,57128.2,57175.20386314199,57186.87250909749,0,0,0,57804.5,54753.15,53843.3,53027.15,52836.1,1,1,1,1,,,,7650045,18315145
1781592300,57131.85,57161.85,57076.25,57152.75,57170.71309051359,57183.770462815904,0,0,0,57804.5,54753.15,53843.3,53027.15,52836.1,1,1,1,1,,,,6843955,18413168.05
1781593200,57152.65,57187.95,57106.2,57129.35,57162.440472410875,57178.82314801446,0,0,0,57804.5,54753.15,53843.3,53027.15,52836.1,1,1,1,1,,,,9441740,18492975.3
1781594100,57131.2,57148.6,57077.85,57128.45,57155.6423779287,57174.243770922236,0,0,0,57804.5,54753.15,53843.3,53027.15,52836.1,1,1,1,1,,,,5975528,18411589.35
1781595000,57127.95,57170.1,57094.75,57166.25,57157.76390234296,57173.51706447476,0,0,0,57804.5,54753.15,53843.3,53027.15,52836.1,1,1,1,1,,,,9370819,17957159.2
1781595900,57165.1,57275.4,57141.35,57257.85,57177.78112187437,57181.18369497706,0,0,0,57804.5,54753.15,53843.3,53027.15,52836.1,1,1,1,1,,,,11042401,17909267.4
1781596800,57260.7,57287.35,57191.2,57206.7,57183.56489749949,57183.503359070055,0,0,0,57804.5,54753.15,53843.3,53027.15,52836.1,1,1,1,1,,,,27051608,18711553.4
1781597700,57205.05,57265.5,57153.05,57176.55,57182.16191799959,57182.87123551823,0,0,0,57804.5,54753.15,53843.3,53027.15,52836.1,1,1,1,1,,,,13054026,15828772.5
1781598600,57177.6,57301,57153,57290.25,57203.77953439967,57192.63294138021,0,0,0,57804.5,54753.15,53843.3,53027.15,52836.1,1,1,1,1,,,,11240714,15069580.75
1781599500,57291.75,57291.75,57210.65,57221.35,57207.293627519735,57195.243583072915,0,0,0,57804.5,54753.15,53843.3,53027.15,52836.1,1,1,1,1,,,,8258746,14113073.8
1781600400,57218.7,57294.6,57201.75,57201.75,57206.18490201579,57195.83507552083,0,0,0,57804.5,54753.15,53843.3,53027.15,52836.1,1,1,1,1,,,,10737676,13006492.2
1781601300,57196.45,57289.55,57195.15,57269.1,57218.767921612634,57202.495523200756,0,0,0,57804.5,54753.15,53843.3,53027.15,52836.1,1,1,1,1,,,,11655274,12521017
1781602200,57262.35,57338.75,57249.9,57314.2,57237.854337290104,57212.65047563705,0,0,0,57804.5,54753.15,53843.3,53027.15,52836.1,1,1,1,1,,,,20150410,12049743
1781603100,57317.35,57320.7,57285.85,57293.65,57249.01346983208,57220.01406876095,0,0,0,57804.5,54753.15,53843.3,53027.15,52836.1,1,1,1,1,,,,21583365,12149918.35
1781667900,57439.2,57440.85,57222.4,57286.65,57256.540775865666,57226.07188069177,0,0,0,57804.5,54753.15,53843.3,53027.15,52836.1,1,1,1,1,,,,35650169,13305778
1781668800,57288.1,57334.65,57242.65,57325.4,57270.31262069253,57235.10170971979,0,0,0,57804.5,54753.15,53843.3,53027.15,52836.1,1,1,1,1,,,,20084349,13709459.7
1781669700,57324.55,57365.8,57280.55,57361.45,57288.540096554025,57246.587917927085,0,0,0,57804.5,54753.15,53843.3,53027.15,52836.1,1,1,1,1,,,,35037001,14749490.95
1781670600,57362.55,57364.1,57256,57327.05,57296.24207724322,57253.90265266099,0,0,0,57804.5,54753.15,53843.3,53027.15,52836.1,1,1,1,1,,,,35477347,16114522
1781671500,57328.55,57557.95,57322.35,57457.45,57328.48366179458,57272.406956964536,0,0,0,57804.5,54753.15,53843.3,53027.15,52836.1,1,1,1,1,,,,73532776,19227625.65
1781672400,57458.25,57539.95,57446.9,57524.75,57367.73692943566,57295.34723360412,0,0,0,57804.5,54753.15,53843.3,53027.15,52836.1,1,1,1,1,,,,35811840,20482489.45
1781673300,57523.1,57574.5,57498.85,57531.65,57400.51954354853,57316.82930327648,0,0,0,57804.5,54753.15,53843.3,53027.15,52836.1,1,1,1,1,,,,20036871,21101830.75
1781674200,57534.3,57621,57507.4,57613.9,57443.19563483883,57343.83573025135,0,0,0,57804.5,54753.15,53843.3,53027.15,52836.1,1,1,1,1,,,,23493731,21934319.55
1781675100,57614.55,57622.05,57547.2,57614.4,57477.43650787106,57368.43248204668,0,0,0,57804.5,54753.15,53843.3,53027.15,52836.1,1,1,1,1,,,,17765953,22350530.2
1781676000,57615.7,57646.15,57524.35,57596.1,57501.16920629685,57389.129529133344,0,0,0,57804.5,54753.15,53843.3,53027.15,52836.1,1,1,1,1,,,,19474595,23025483.55
1781676900,57595.75,57636.1,57525.4,57529.45,57506.82536503748,57401.88593557577,0,0,0,57804.5,54753.15,53843.3,53027.15,52836.1,1,1,1,1,,,,18536964,23483790.8
1781677800,57529.75,57612.75,57520.6,57545.75,57514.61029202999,57414.96448688706,0,0,0,57804.5,54753.15,53843.3,53027.15,52836.1,1,1,1,1,,,,20805623,23971951.9
1781678700,57544.55,57565.6,57497.3,57525.35,57516.758233623994,57424.99953353369,0,0,0,57804.5,54753.15,53843.3,53027.15,52836.1,1,1,1,1,,,,14273157,23333029.35
1781679600,57528.6,57543.5,57477.95,57518.05,57517.0165868992,57433.45866684881,0,0,0,57804.5,54753.15,53843.3,53027.15,52836.1,1,1,1,1,,,,13492555,23354955.8
1781680500,57521.05,57569.65,57478.75,57482.55,57510.12326951936,57437.9215153171,0,0,0,57804.5,54753.15,53843.3,53027.15,52836.1,1,1,1,1,,,,16742832,23630061.7
1781681400,57481.6,57576.8,57472.55,57487.95,57505.68861561549,57442.469559379184,0,0,0,57804.5,54753.15,53843.3,53027.15,52836.1,1,1,1,1,,,,14518694,23943059.1
1781682300,57488.1,57535.5,57471.35,57498.95,57504.340892492386,57447.60414489017,0,0,0,57804.5,54753.15,53843.3,53027.15,52836.1,1,1,1,1,,,,11883529,24000351.75
1781683200,57500,57576.75,57493.05,57533.55,57510.18271399391,57455.41740444561,0,0,0,57804.5,54753.15,53843.3,53027.15,52836.1,1,1,1,1,,,,14220659,24128621
1781684100,57532.85,57590.65,57516.8,57589.45,57526.03617119513,57467.60218585964,0,0,0,57804.5,54753.15,53843.3,53027.15,52836.1,1,1,1,1,,,,11054734,23673837.2
1781685000,57588.3,57609.65,57534.95,57586.55,57538.1389369561,57478.415623508765,0,0,0,57804.5,54753.15,53843.3,53027.15,52836.1,1,1,1,1,,,,13449549,23267146.4
1781685900,57584.4,57600.8,57479.6,57501.7,57530.85114956488,57480.532385007966,0,0,0,57804.5,54753.15,53843.3,53027.15,52836.1,1,1,1,1,,,,22952529,22632264.4
1781686800,57500.35,57560.55,57481,57522.1,57529.1009196519,57484.31125909815,0,0,0,57804.5,54753.15,53843.3,53027.15,52836.1,1,1,1,1,,,,12709467,22263520.3
1781687700,57526.25,57547.75,57460.95,57546.2,57532.52073572152,57489.93750827104,0,0,0,57804.5,54753.15,53843.3,53027.15,52836.1,1,1,1,1,,,,18243396,21423840.05
1781688600,57541.3,57603.7,57521.2,57581.8,57542.376588577215,57498.28864388276,0,0,0,57804.5,54753.15,53843.3,53027.15,52836.1,1,1,1,1,,,,26690053,20984475.35
1781689500,57581.65,57613.3,57533.7,57571.25,57548.151270861774,57504.92149443887,0,0,0,57804.5,54753.15,53843.3,53027.15,52836.1,1,1,1,1,,,,35923488,19104010.95
1781754300,57592.9,57823,57583.2,57776.3,57593.78101668942,57529.5922676717,0,0,0,57804.5,54753.15,53843.3,53027.15,52836.1,1,1,1,1,,,,60803730,20353605.45
1781755200,57777.85,57817.55,57674.05,57795.2,57634.064813351535,57553.738425156094,0,0,0,57804.5,54753.15,53843.3,53027.15,52836.1,1,1,1,1,,,,45337293,21618626.55
1781756100,57799.45,57887.3,57783.75,57831.5,57673.55185068123,57578.98947741463,0,0,0,57804.5,54753.15,53843.3,53027.15,52836.1,1,1,1,1,,,,30777073,21982793.65
1781757000,57836.45,57871.65,57798.55,57861.3,57711.10148054498,57604.654070376935,0,0,0,57804.5,54753.15,53843.3,53027.15,52836.1,1,1,1,1,,,,17010923,21945042.15
1781757900,57863,57881,57780.85,57787.65,57726.41118443599,57621.29006397903,0,0,0,57804.5,54753.15,53843.3,53027.15,52836.1,1,1,1,1,,,,18775887,21910106.75
1781758800,57788.1,57795.3,57659.3,57703.85,57721.89894754879,57628.79551270821,0,0,0,57804.5,54753.15,53843.3,53027.15,52836.1,1,1,1,1,,,,12153072,21590912.15
1781759700,57705.05,57789.75,57693.6,57782.25,57733.969158039035,57642.74592064383,0,0,0,57804.5,54753.15,53843.3,53027.15,52836.1,1,1,1,1,,,,11546414,21127951.7
1781760600,57785.65,57787.95,57707.25,57718.25,57730.82532643123,57649.60992785803,0,0,0,57887.3,57076.25,54753.15,53843.3,53027.15,1,1,1,1,,,,11461881,20987387.9
1781761500,57718.8,57761.5,57681.6,57734.8,57731.620261144984,57657.35447987093,0,0,0,57887.3,57076.25,54753.15,53843.3,53027.15,1,1,1,1,,,,12229610,20924240.65
1781762400,57740.35,57817.2,57722.6,57816.1,57748.516208915986,57671.785890791754,0,0,0,57887.3,57076.25,54753.15,53843.3,53027.15,1,1,1,1,,,,10301548,20602176.45
1781763300,57814.65,57851.35,57780.3,57817.65,57762.34296713279,57685.04626435614,0,0,0,57887.3,57076.25,54753.15,53843.3,53027.15,1,1,1,1,,,,11569948,20454739.15
1781764200,57816.6,57906.6,57814.1,57844.2,57778.71437370623,57699.51478577831,0,0,0,57887.3,57076.25,54753.15,53843.3,53027.15,1,1,1,1,,,,7875267,20254326.05
1781765100,57844.55,57896.1,57814.3,57893.35,57801.641498964986,57717.136168889374,0,0,0,57887.3,57076.25,54753.15,53843.3,53027.15,1,1,1,1,,,,10436172,20065101.7
1781766000,57896.9,57934.95,57872.2,57907.45,57822.80319917199,57734.437426263066,0,0,0,57887.3,57076.25,54753.15,53843.3,53027.15,1,1,1,1,,,,11028250,20063777.5
1781766900,57905.35,57937.1,57885.3,57907.85,57839.812559337595,57750.2022056937,0,0,0,57887.3,57076.25,54753.15,53843.3,53027.15,1,1,1,1,,,,4748012,19628700.65
1781767800,57912,57942,57893.1,57940.2,57859.89004747008,57767.47473244882,0,0,0,57887.3,57076.25,54753.15,53843.3,53027.15,1,1,1,1,,,,6530722,18807610.3
1781768700,57944.05,57954.55,57838.4,57912.9,57870.492037976066,57780.69521131711,0,0,0,57887.3,57076.25,54753.15,53843.3,53027.15,1,1,1,1,,,,7791777,18561725.8
1781769600,57917.05,57951.65,57886,57912.35,57878.86363038085,57792.6638284701,0,0,0,57887.3,57076.25,54753.15,53843.3,53027.15,1,1,1,1,,,,6892087,17994160.35
1781770500,57917.25,57937.7,57887.1,57895.7,57882.230904304684,57802.030753154635,0,0,0,57887.3,57076.25,54753.15,53843.3,53027.15,1,1,1,1,,,,5687417,16944028.55
1781771400,57898.1,57922.45,57873.05,57886.85,57883.154723443746,57809.74159377694,0,0,0,57887.3,57076.25,54753.15,53843.3,53027.15,1,1,1,1,,,,7938997,15544804
1781772300,57887.55,57910.65,57833.2,57840.45,57874.613778754996,57812.53326706994,0,0,0,57887.3,57076.25,54753.15,53843.3,53027.15,1,1,1,1,,,,9000060,12954620.5
1781773200,57842.9,57870.4,57792.2,57827.05,57865.101023004,57813.852970063585,0,0,0,57954.55,57076.25,54753.15,53843.3,53027.15,1,1,1,1,,,,14998098,11437660.75
1781774100,57829.8,57913.95,57814.75,57910.05,57874.0908184032,57822.598154603256,0,0,0,57954.55,57076.25,54753.15,53843.3,53027.15,1,1,1,1,,,,11910891,10494351.65
1781775000,57913.65,58021.25,57888.5,57995.65,57898.40265472256,57838.330140548416,0,0,0,57954.55,57076.25,54753.15,53843.3,53027.15,1,1,1,1,,,,28949259,11091268.45
1781775900,57996.05,58014,57957.05,57987.25,57916.172123778044,57851.86830958947,0,0,0,57954.55,57076.25,54753.15,53843.3,53027.15,1,1,1,1,,,,31392059,11722077.05
1781840700,57712.25,57804.9,57620.15,57627.65,57858.46769902243,57831.48482689951,0,0,0,57954.55,57076.25,54753.15,53843.3,53027.15,1,1,1,1,,,,32289862,12728916.55
1781841600,57629.85,57673.1,57562.4,57615.65,57809.90415921795,57811.863478999556,1,0,0,57954.55,57076.25,54753.15,53843.3,53027.15,2,1,1,1,1,,,16710936,12987142.65
1781842500,57618.85,57648.2,57575.2,57622.45,57772.41332737436,57794.64407181778,0,0,0,57954.55,57076.25,54753.15,53843.3,53027.15,2,1,1,1,,,,13101626,13069129.9
1781843400,57622.2,57640.3,57548.4,57639.75,57745.880661899486,57780.56279256161,0,0,0,58021.25,57076.25,54753.15,53843.3,53027.15,1,1,1,1,,,,9761055,12945702.15
1781844300,57636.2,57662.8,57598.3,57601.55,57717.01452951959,57764.28890232874,0,0,0,58021.25,57076.25,54753.15,53843.3,53027.15,1,1,1,1,,,,6767941,12769021.8
1781845200,57600.2,57635.3,57565.55,57617.65,57697.14162361567,57750.95809302613,0,0,0,58021.25,57076.25,54753.15,53843.3,53027.15,1,1,1,1,,,,10897857,12735417.25
1781846100,57617.8,57627.25,57508.7,57543.55,57666.423298892536,57732.102811841934,0,0,0,58021.25,57076.25,54753.15,53843.3,53027.15,1,1,1,1,,,,7878160,12735561.9
1781847000,57543.2,57625.95,57528.55,57619.95,57657.12863911403,57721.907101674486,0,0,0,58021.25,57076.25,54753.15,53843.3,53027.15,1,1,1,1,,,,7509802,12589243.4
1781847900,57619.8,57626.55,57537.75,57600,57645.70291129123,57710.8246378859,0,0,0,58021.25,57076.25,54753.15,53843.3,53027.15,1,1,1,1,,,,6103049,12342983.35
1781848800,57606.3,57645.2,57563.6,57585.3,57633.62232903298,57699.413307168994,0,0,0,58021.25,57076.25,54753.15,53843.3,53027.15,1,1,1,1,,,,8556360,12533400.75
1781849700,57586.55,57587.15,57533.7,57571.65,57621.227863226384,57687.798461062725,0,0,0,58021.25,57076.25,54753.15,53843.3,53027.15,1,1,1,1,,,,6243906,12519059.95
1781850600,57575.55,57580.4,57546.75,57563.95,57609.77229058111,57676.539510057024,0,0,0,58021.25,57076.25,54753.15,53843.3,53027.15,1,1,1,1,,,,5528666,12405904.4
1781851500,57566,57633.95,57548.25,57600.2,57607.857832464884,57669.59955459729,0,0,0,58021.25,57076.25,54753.15,53843.3,53027.15,1,1,1,1,,,,4541920,12288396.05
1781852400,57601.85,57622.4,57487.2,57552.85,57596.85626597191,57658.98595872481,0,0,0,58021.25,57076.25,54753.15,53843.3,53027.15,1,1,1,1,,,,6006554,12304352.9
1781853300,57552.8,57587.5,57499.25,57519.7,57581.42501277753,57646.32359884073,0,0,0,58021.25,57076.25,54753.15,53843.3,53027.15,1,1,1,1,,,,4202262,12117516.15
1781854200,57520.95,57536.1,57464.55,57525.7,57570.28001022202,57635.35781712794,0,0,0,58021.25,57076.25,54753.15,53843.3,53027.15,1,1,1,1,,,,6807880,12007907.15
1781855100,57520.95,57545.35,57499.05,57541,57564.424008177615,57626.77983375267,0,0,0,58021.25,57076.25,54753.15,53843.3,53027.15,1,1,1,1,,,,4172581,11466631.3
1781856000,57541.35,57608.75,57531.5,57594.25,57570.389206542095,57623.82257613879,0,0,0,58021.25,57076.25,54753.15,53843.3,53027.15,1,1,1,1,,,,5474771,11144825.3
1781856900,57595.15,57632.6,57572.7,57632.6,57582.83136523367,57624.62052376253,0,0,0,58021.25,57076.25,54753.15,53843.3,53027.15,1,1,1,1,,,,4184558,9906590.25
1781857800,57635.6,57716.4,57633.1,57688,57603.86509218694,57630.382294329575,0,0,0,58021.25,57076.25,54753.15,53843.3,53027.15,1,1,1,1,,,,10272789,8850626.75
1781858700,57688.45,57709.25,57624.65,57699.35,57622.96207374955,57636.65208575416,0,0,0,58021.25,57076.25,54753.15,53843.3,53027.15,1,1,1,1,,,,8189199,7645593.6
1781859600,57696.45,57789.9,57683,57707,57639.76965899964,57643.0473506856,0,0,0,58021.25,57076.25,54753.15,53843.3,53027.15,1,1,1,1,,,,10424982,7331295.9
1781860500,57704.65,57722.85,57536.2,57556.2,57623.05572719971,57635.15213698691,1,0,0,58021.25,57076.25,54753.15,53843.3,53027.15,2,1,1,1,1,,,11047609,7228595.05
1781861400,57555.65,57762.75,57513.45,57686.8,57635.80458175977,57639.847397260826,0,0,0,58021.25,57076.25,54753.15,53843.3,53027.15,2,1,1,1,,,,37720786,8626581.6
1781862300,57690.35,57724.1,57645.85,57714.85,57651.613665407815,57646.66581569166,0,0,0,58021.25,57076.25,54753.15,53843.3,53027.15,2,1,1,1,,,,39353167,10255842.9
1782099900,57859.25,57931.25,57773.05,57820.9,57685.47093232625,57662.50528699242,0,0,1,58021.25,57076.25,54753.15,53843.3,53027.15,1,1,1,1,,,1,23453834,10883641.75
1782100800,57818.65,57830.5,57720.1,57726.5,57693.676745861,57668.32298817493,0,0,0,58021.25,57076.25,54753.15,53843.3,53027.15,1,1,1,1,,,,17599957,11369731.6
1782101700,57728.15,57811.2,57721.35,57806.05,57716.1513966888,57680.84362561357,0,0,0,58021.25,57076.25,54753.15,53843.3,53027.15,1,1,1,1,,,,10498682,11519175.6
1782102600,57807.45,57841.5,57747.65,57820.75,57737.07111735104,57693.562386921425,0,0,0,58021.25,57076.25,54753.15,53843.3,53027.15,1,1,1,1,,,,8237110,11625878.65
1782103500,57823.75,57872.85,57801.85,57864.8,57762.61689388083,57709.12944265584,0,0,0,58021.25,57076.25,54753.15,53843.3,53027.15,1,1,1,1,,,,6364333,11516277.3
1782104400,57863.05,57915,57849.25,57886.7,57787.43351510467,57725.27222059621,0,0,0,58021.25,57076.25,54753.15,53843.3,53027.15,1,1,1,1,,,,8182613,11613212.65
1782105300,57885.15,57898.7,57839.1,57876.95,57805.33681208373,57739.06110963292,0,0,0,58021.25,57076.25,54753.15,53843.3,53027.15,1,1,1,1,,,,6731467,11673352.7
1782106200,57880.25,57905.05,57859.4,57878.85,57820.03944966698,57751.76919057538,0,0,0,58021.25,57076.25,54753.15,53843.3,53027.15,1,1,1,1,,,,7101721,11801342.75
1782107100,57875.9,57914.75,57869.9,57904.1,57836.851559733586,57765.61744597762,0,0,0,58021.25,57076.25,54753.15,53843.3,53027.15,1,1,1,1,,,,9882450,11995137.55
1782108000,57904.8,57963.7,57891.7,57907.15,57850.91124778687,57778.48404179784,0,0,0,58021.25,57076.25,54753.15,53843.3,53027.15,1,1,1,1,,,,9033506,12236699.75
1782108900,57910.8,57918.9,57876.55,57896.35,57859.998998229494,57789.19912890713,0,0,0,58021.25,57076.25,54753.15,53843.3,53027.15,1,1,1,1,,,,7526847,12272648.1
1782109800,57893.35,57900.75,57861.7,57883.4,57864.679198583595,57797.76284446103,0,0,0,58021.25,57076.25,54753.15,53843.3,53027.15,1,1,1,1,,,,8715410,12499789.55
1782110700,57880.55,57925.65,57878,57894.1,57870.56335886688,57806.52076769184,0,0,0,58021.25,57076.25,54753.15,53843.3,53027.15,1,1,1,1,,,,6066047,12529353.35
1782111600,57893.4,57908.9,57855.55,57861.65,57868.7806870935,57811.53251608349,0,0,0,58021.25,57076.25,54753.15,53843.3,53027.15,1,1,1,1,,,,6638883,12652069.6
1782112500,57862.35,57884.4,57845.3,57872.85,57869.5945496748,57817.106832803176,0,0,0,58021.25,57076.25,54753.15,53843.3,53027.15,1,1,1,1,,,,17524228,13014641.55
1782113400,57871.8,57875.3,57810.8,57824.75,57860.62563973984,57817.80166618471,0,0,0,58021.25,57076.25,54753.15,53843.3,53027.15,1,1,1,1,,,,12307189,13220541.05
1782114300,57828.9,57869.65,57815.95,57815.95,57851.69051179187,57817.63333289519,0,0,0,58021.25,57076.25,54753.15,53843.3,53027.15,1,1,1,1,,,,9603158,13179449.85
1782115200,57819.9,57864.8,57800.65,57844.3,57850.2124094335,57820.057575359264,0,0,0,58021.25,57076.25,54753.15,53843.3,53027.15,1,1,1,1,,,,7445877,12999363.25
1782116100,57846,57918.6,57834.5,57895.3,57859.2299275468,57826.89779578115,0,0,0,58021.25,57076.25,54753.15,53843.3,53027.15,1,1,1,1,,,,11276034,11677125.65
1782117000,57894.65,57914.85,57854.95,57858.75,57859.13394203744,57829.79345071014,0,0,0,58021.25,57076.25,54753.15,53843.3,53027.15,1,1,1,1,,,,8960250,10157479.8
1782117900,57860.25,57942.3,57844.2,57922.8,57871.86715362995,57838.24859155467,0,0,0,58021.25,57076.25,54753.15,53843.3,53027.15,1,1,1,1,,,,9276264,9448601.3
1782118800,57922.6,57966.9,57899.6,57946.05,57886.70372290396,57848.04871959516,0,0,0,58021.25,57076.25,54753.15,53843.3,53027.15,1,1,1,1,,,,13031903,9220198.6
1782119700,57945.85,58001.4,57939.15,57982.9,57905.94297832317,57860.30792690469,0,0,0,58021.25,57076.25,54753.15,53843.3,53027.15,1,1,1,1,,,,16011640,9495846.5
1782120600,57988.2,58009.1,57916.05,57949.9,57914.734382658535,57868.45266082244,0,0,0,58021.25,57076.25,54753.15,53843.3,53027.15,1,1,1,1,,,,21549261,10161454.05
1782121500,57950.5,57956.45,57870.95,57890.75,57909.93750612683,57870.479691656765,0,0,0,58021.25,57076.25,54753.15,53843.3,53027.15,1,1,1,1,,,,28379031,11262188.95
1782186300,57933.25,57970.9,57781.25,57880.4,57904.03000490146,57871.381537869784,0,0,0,58021.25,57076.25,54753.15,53843.3,53027.15,1,1,1,1,,,,20122453,11859180.95
1782187200,57880.95,57958.55,57861.9,57926,57908.42400392117,57876.34685260889,0,0,0,58021.25,57076.25,54753.15,53843.3,53027.15,1,1,1,1,,,,10678230,12056519.1
1782188100,57925.05,57957.5,57885.55,57951.85,57917.10920313694,57883.21077509899,0,0,0,58021.25,57076.25,54753.15,53843.3,53027.15,1,1,1,1,,,,13562369,12379551.5
1782189000,57946.75,57953.9,57868.6,57880.15,57909.71736250955,57882.93252281726,0,0,0,58021.25,57076.25,54753.15,53843.3,53027.15,1,1,1,1,,,,10945851,12432721.55
1782189900,57884.95,57934.5,57870.1,57902.6,57908.29389000764,57884.72047528842,0,0,0,58021.25,57076.25,54753.15,53843.3,53027.15,1,1,1,1,,,,8556797,12408886.1
1782190800,57903.2,57933,57874.8,57880.15,57902.665112006114,57884.30497753493,0,0,0,58021.25,57076.25,54753.15,53843.3,53027.15,1,1,1,1,,,,6062493,12335668.4
1782191700,57880.35,57910.85,57860.75,57888,57899.73208960489,57884.64088866812,0,0,0,58021.25,57076.25,54753.15,53843.3,53027.15,1,1,1,1,,,,5172867,12158541.25
1782192600,57886.8,57906,57854,57899.35,57899.65567168391,57885.978080607376,0,0,0,58021.25,57076.25,54753.15,53843.3,53027.15,1,1,1,1,,,,5540370,12132257.4
1782193500,57901.1,57931.2,57861.95,57869,57893.524537347126,57884.434618733976,0,0,0,58021.25,57076.25,54753.15,53843.3,53027.15,1,1,1,1,,,,5598156,12080221.05
1782194400,57871.65,57873.6,57738.75,57762.6,57867.3396298777,57873.358744303616,0,0,0,58021.25,57076.25,54753.15,53843.3,53027.15,1,1,1,1,,,,8213994,11614709.35
1782195300,57760.95,57761.75,57517.5,57544.7,57802.81170390216,57843.48067663965,1,0,0,58021.25,57076.25,54753.15,53843.3,53027.15,2,1,1,1,1,,,18672183,11932959.05
1782196200,57543.9,57562.7,57463.55,57518.7,57745.98936312173,57813.9551605815,0,0,0,58021.25,57076.25,54753.15,53843.3,53027.15,2,1,1,1,,,,11212226,12013412.45
1782197100,57519.05,57562.75,57368,57458.15,57688.421490497385,57781.60923689227,0,1,0,58021.25,57076.25,54753.15,53843.3,53027.15,3,1,1,1,,1,,11267752,12204506.2
1782198000,57456.5,57496.3,57430.15,57469.55,57644.64719239791,57753.24021535661,0,0,0,58021.25,57076.25,54753.15,53843.3,53027.15,3,1,1,1,,,,7336457,12007527.35
1782198900,57470.4,57474.45,57385.45,57412.75,57598.26775391833,57722.2865594151,0,0,0,58021.25,57076.25,54753.15,53843.3,53027.15,3,1,1,1,,,,5621623,11840596
1782199800,57412.7,57479.55,57366.8,57436.05,57565.82420313466,57696.265054013726,0,0,0,58021.25,57076.25,54753.15,53843.3,53027.15,3,1,1,1,,,,9270040,11840284.8
1782200700,57440.4,57462.85,57359.35,57393.85,57531.429362507726,57668.772776376114,0,0,0,58021.25,57076.25,54753.15,53843.3,53027.15,3,1,1,1,,,,7640487,11570714
1782201600,57397.7,57399.7,57264.45,57326.65,57490.47349000618,57637.67070579647,0,0,0,58021.25,57076.25,54753.15,53843.3,53027.15,3,1,1,1,,,,8958698,11218066.9
1782202500,57327.75,57353.6,57236.55,57259.85,57444.348792004945,57603.323368905876,0,0,0,58021.25,57076.25,54753.15,53843.3,53027.15,3,1,1,1,,,,7884158,10534811.75
1782203400,57263.55,57394.35,57242.2,57375.15,57430.50903360396,57582.58033536898,0,0,0,58021.25,57076.25,54753.15,53843.3,53027.15,3,1,1,1,,,,6724162,9452068.3
1782204300,57376.7,57395.85,57314.8,57353.1,57415.02722688317,57561.71848669907,0,0,0,58021.25,57076.25,54753.15,53843.3,53027.15,3,1,1,1,,,,6827750,8787333.15
1782205200,57354.85,57398.6,57301.65,57387.35,57409.491781506535,57545.86680609007,0,0,0,58021.25,57076.25,54753.15,53843.3,53027.15,3,1,1,1,,,,9090663,8707954.8
1782206100,57388,57412.05,57316.75,57345.85,57396.76342520523,57527.68346008188,0,0,0,58021.25,57076.25,54753.15,53843.3,53027.15,3,1,1,1,,,,10002833,8529978
1782207000,57354.9,57373.55,57181.5,57210.7,57359.55074016418,57498.86678189261,0,0,0,58021.25,57076.25,54753.15,53843.3,53027.15,3,1,1,1,,,,24603573,9212864.1
1782207900,57211.75,57215.8,57078.45,57102.65,57308.17059213135,57462.847074447825,0,0,0,58021.25,57076.25,54753.15,53843.3,53027.15,3,1,1,1,,,,25908708,10080459.65
1782272700,57174.85,57544.8,57098.35,57535.8,57353.69647370508,57469.47915858893,0,0,0,58021.25,57076.25,54753.15,53843.3,53027.15,3,1,1,1,,,,29962834,11275476.7
1782273600,57534.4,57567.25,57455.25,57479,57378.757178964064,57470.344689626305,0,0,0,58021.25,57076.25,54753.15,53843.3,53027.15,3,1,1,1,,,,12530026,11643334.65
1782274500,57479.8,57508,57309.95,57396.7,57382.34574317125,57463.6497178421,0,0,0,58021.25,57076.25,54753.15,53843.3,53027.15,3,1,1,1,,,,15202355,12126433.9
1782275400,57398.1,57676.5,57396.2,57658.35,57437.546594537,57481.349743492814,0,0,0,58021.25,57076.25,54753.15,53843.3,53027.15,3,1,1,1,,,,12468938,12469973
1782276300,57657.65,57716.6,57634.4,57683.05,57486.6472756296,57499.68613044801,0,0,0,58021.25,57076.25,54753.15,53843.3,53027.15,3,1,1,1,,,,7865427,12452544.65
1782277200,57688,57715.45,57644.25,57649,57519.11782050368,57513.2601185891,0,0,0,58021.25,57076.25,54753.15,53843.3,53027.15,3,1,1,1,,,,5643153,11801093.15
1782278100,57651.05,57747.85,57647.3,57714.9,57558.27425640294,57531.59101689918,0,0,0,58021.25,57076.25,54753.15,53843.3,53027.15,3,1,1,1,,,,7386296,11609796.65
1782279000,57713.95,57882.9,57713.55,57860.7,57618.75940512235,57561.510015362896,0,0,0,58021.25,57076.25,54753.15,53843.3,53027.15,3,1,1,1,,,,9310094,11511913.75
1782279900,57862.95,57930.15,57830.15,57912.1,57677.42752409788,57593.38183214809,0,0,0,58021.25,57076.25,54753.15,53843.3,53027.15,3,1,1,1,,,,7802891,11535235.45
1782280800,57915.4,58041.25,57881.35,58035.5,57749.042019278306,57633.5743928619,0,0,0,58021.25,57076.25,54753.15,53843.3,53027.15,3,1,1,1,,,,8688525,11688580.55
1782281700,58034.75,58128.65,58031.1,58073.15,57813.86361542265,57673.535811692636,0,0,0,58021.25,57076.25,54753.15,53843.3,53027.15,3,1,1,1,,,,14659191,11958038.1
1782282600,58071.8,58100.85,58017.15,58022.8,57855.65089233812,57705.28710153876,0,0,0,58021.25,57076.25,54753.15,53843.3,53027.15,3,1,1,1,,,,9514084,12051717.95
1782283500,58026.3,58140.75,58023.95,58081.45,57900.810713870495,57739.4837286716,0,0,0,58021.25,57076.25,54753.15,53843.3,53027.15,3,1,1,1,,,,6306019,11919084
1782284400,58081.5,58084.6,57961.55,58045.45,57929.73857109639,57767.29884424691,0,0,0,58021.25,57076.25,54753.15,53843.3,53027.15,3,1,1,1,,,,7154822,11882617.2
1782285300,58045.7,58096.65,58011.6,58096.5,57963.09085687711,57797.22622204264,0,0,0,58021.25,57076.25,54753.15,53843.3,53027.15,3,1,1,1,,,,6003545,11846586.35
1782286200,58095.05,58114.3,57995.45,58062.95,57983.06268550169,57821.38292912967,0,0,0,58021.25,57076.25,54753.15,53843.3,53027.15,3,1,1,1,,,,8376850,11924041.35
1782287100,58063.8,58172.65,58043.1,58152.65,58016.98014840135,57851.49811739061,0,0,0,58021.25,57076.25,54753.15,53843.3,53027.15,3,1,1,1,,,,8744477,11906732.05
1782288000,58152.75,58223.8,58141.55,58188.4,58051.26411872108,57882.12556126419,0,0,0,58021.25,57076.25,54753.15,53843.3,53027.15,3,1,1,1,,,,6500587,11731619.75
1782288900,58191.55,58233.65,58160.85,58185.55,58078.12129497687,57909.70960114926,0,0,0,58021.25,57076.25,54753.15,53843.3,53027.15,3,1,1,1,,,,6711793,10837030.75
1782289800,58185.8,58190.9,58097,58154.55,58093.407035981494,57931.9678192266,0,0,0,58021.25,57076.25,54753.15,53843.3,53027.15,3,1,1,1,,,,10061442,10044667.45
1782290700,58155.1,58216.15,58138.35,58169.75,58108.6756287852,57953.58438111509,0,0,0,58021.25,57076.25,54753.15,53843.3,53027.15,3,1,1,1,,,,8694412,8981246.35
1782291600,58170.4,58195.45,58115.35,58170.5,58121.040503028154,57973.3039828319,0,0,0,58021.25,57076.25,54753.15,53843.3,53027.15,3,1,1,1,,,,10790934,8894291.75
1782292500,58172.4,58256.35,58120.65,58191.85,58135.202402422525,57993.171802574456,0,0,0,58021.25,57076.25,54753.15,53843.3,53027.15,3,1,1,1,,,,11903540,8729351
1782293400,58193.05,58202.15,58096,58111.35,58130.43192193802,58003.91527506769,0,0,0,58021.25,57076.25,54753.15,53843.3,53027.15,3,1,1,1,,,,23256586,9268733.4
1782294300,58109.05,58196.3,58093.95,58172.7,58138.88553755041,58019.259340970624,0,0,0,58021.25,57076.25,54753.15,53843.3,53027.15,3,1,1,1,,,,26587811,10204852.6
1782359100,58500.35,58505.1,58358.65,58437.3,58198.56843004033,58057.26303724602,0,0,0,58021.25,57076.25,54753.15,53843.3,53027.15,3,1,1,1,,,,29205664,11382978.15
1782360000,58434.9,58475.65,58387.85,58457.7,58250.394744032266,58093.66639749638,0,0,0,58021.25,57076.25,54753.15,53843.3,53027.15,3,1,1,1,,,,15171604,11772243.55
1782360900,58464.9,58526.15,58459.35,58469.35,58294.185795225814,58127.81945226944,0,0,0,58021.25,57076.25,54753.15,53843.3,53027.15,3,1,1,1,,,,15430436,12078260.65
1782361800,58468.6,58478.5,58380.3,58473,58329.94863618065,58159.19950206313,0,0,0,58021.25,57076.25,54753.15,53843.3,53027.15,3,1,1,1,,,,12520202,12314126.2
1782362700,58471.8,58494.4,58389.3,58420.8,58348.11890894452,58182.981365511936,0,0,0,58021.25,57076.25,54753.15,53843.3,53027.15,3,1,1,1,,,,6624250,12210912.45
1782363600,58423,58463.65,58408.9,58442.1,58366.91512715561,58206.53760501085,0,0,0,58021.25,57076.25,54753.15,53843.3,53027.15,3,1,1,1,,,,7072262,11831566
1782364500,58442.25,58477.5,58385.4,58419.25,58377.38210172449,58225.87509546441,0,0,0,58021.25,57076.25,54753.15,53843.3,53027.15,3,1,1,1,,,,5857909,11648757.25
1782365400,58419.15,58466.85,58389.25,58448.15,58391.535681379595,58246.08190496765,0,0,0,58526.15,57076.25,54753.15,53843.3,53027.15,1,1,1,1,,,,11330192,11899965.9
1782366300,58448.35,58455.9,58408.15,58436.95,58400.61854510367,58263.43354997059,0,0,0,58526.15,57076.25,54753.15,53843.3,53027.15,1,1,1,1,,,,6137306,11849090.1
1782367200,58434.6,58466.6,58418.75,58462.8,58413.05483608294,58281.55777270054,0,0,0,58526.15,57076.25,54753.15,53843.3,53027.15,1,1,1,1,,,,6176939,11857759.8
1782368100,58464.4,58570.7,58460.05,58566.4,58443.72386886636,58307.45252063685,0,0,0,58526.15,57076.25,54753.15,53843.3,53027.15,1,1,1,1,,,,7415835,11809709.05
1782369000,58568.6,58700.8,58565.3,58673.35,58489.64909509308,58340.71592785168,0,0,0,58526.15,57076.25,54753.15,53843.3,53027.15,1,1,1,1,,,,13259843,12035477.35
1782369900,58673.8,58706.05,58508.85,58532,58498.11927607447,58358.10538895607,0,0,0,58526.15,57076.25,54753.15,53843.3,53027.15,1,1,1,1,,,,11805448,12300720.4
1782370800,58533.25,58576.6,58476.1,58530.45,58504.58542085957,58373.773080869156,0,0,0,58526.15,57076.25,54753.15,53843.3,53027.15,1,1,1,1,,,,7846889,12357475.2
1782371700,58533.15,58568.8,58498.8,58557.1,58515.08833668766,58390.439164426505,0,0,0,58526.15,57076.25,54753.15,53843.3,53027.15,1,1,1,1,,,,5041626,12106484.4
1782372600,58557.85,58615.35,58488.5,58498.2,58511.71066935013,58400.23560402409,0,0,0,58526.15,57076.25,54753.15,53843.3,53027.15,1,1,1,1,,,,7261232,12034825.4
1782373500,58498.4,58541.25,58473.5,58494.2,58508.2085354801,58408.777821840085,0,0,0,58526.15,57076.25,54753.15,53843.3,53027.15,1,1,1,1,,,,6433912,11816974.3
1782374400,58496.45,58574.6,58465.2,58547,58515.96682838408,58421.34347440008,0,0,0,58706.05,57076.25,54753.15,53843.3,53027.15,1,1,1,1,,,,6674706,11555532.6
1782375300,58548.4,58563.25,58433,58444.55,58501.68346270727,58423.453158545526,0,0,0,58706.05,57076.25,54753.15,53843.3,53027.15,1,1,1,1,,,,7641882,10774797.4
1782376200,58447.7,58460.05,58273,58276.55,58456.65677016581,58410.09832595048,0,0,0,58706.05,57076.25,54753.15,53843.3,53027.15,1,1,1,1,,,,8577149,9874264.3
1782377100,58276.7,58286,58201.05,58263.4,58418.00541613265,58396.76211450044,0,0,0,58706.05,57076.25,54753.15,53843.3,53027.15,1,1,1,1,,,,9859297,8906945.95
1782378000,58263.2,58324.25,58159.1,58165.9,58367.58433290612,58375.774649545856,0,0,0,58706.05,57076.25,54753.15,53843.3,53027.15,1,1,1,1,,,,10968112,8696771.35
1782378900,58170.45,58273.05,58140.1,58195.45,58333.15746632489,58359.38149958714,0,0,0,58706.05,57076.25,54753.15,53843.3,53027.15,1,1,1,1,,,,10130518,8431775.45
1782379800,58198.65,58208.9,58109.85,58193.7,58305.26597305991,58344.31954507922,0,0,0,58706.05,57076.25,54753.15,53843.3,53027.15,1,1,1,1,,,,28584649,9234997.8
1782380700,58190.55,58230.9,58152.85,58187.3,58281.67277844793,58330.04504098111,0,0,0,58706.05,57076.25,54753.15,53843.3,53027.15,1,1,1,1,,,,38387142,10823142.4
1782704700,58205,58318.05,57993.3,58038.1,58232.958222758345,58303.5045827101,1,0,0,58706.05,57076.25,54753.15,53843.3,53027.15,2,1,1,1,1,,,48292291,12884143.85
1782705600,58040.9,58120.2,57888.25,58111.5,58208.66657820668,58286.04962064554,0,0,0,58706.05,57076.25,54753.15,53843.3,53027.15,2,1,1,1,,,,24159978,13799247.3
1782706500,58108.65,58120.95,58018.9,58045.45,58176.023262565344,58264.17692785958,0,0,0,58706.05,57076.25,54753.15,53843.3,53027.15,2,1,1,1,,,,11995517,13832513.55
1782707400,58046.15,58104.4,57980.6,58022.2,58145.258610052275,58242.17902532689,0,0,0,58706.05,57076.25,54753.15,53843.3,53027.15,2,1,1,1,,,,12607817,14156039.1
1782708300,58022.85,58226.15,57975.2,58206.35,58157.47688804182,58238.92184120626,0,0,0,58706.05,57076.25,54753.15,53843.3,53027.15,2,1,1,1,,,,13725173,14533450.8
1782709200,58208.2,58252.35,58150.85,58245.3,58175.04151043345,58239.50167382388,0,0,0,58706.05,57076.25,54753.15,53843.3,53027.15,2,1,1,1,,,,14535889,14889453.5
1782710100,58250.2,58253.8,58053.1,58116.15,58163.26320834676,58228.287885294434,0,0,0,58706.05,57076.25,54753.15,53843.3,53027.15,2,1,1,1,,,,12380844,14845503.55
1782711000,58116.05,58188.8,58082.5,58121.1,58154.83056667741,58218.54353208585,0,0,0,58706.05,57076.25,54753.15,53843.3,53027.15,2,1,1,1,,,,8832396,14696850.95
1782711900,58120.35,58153,58065.6,58083.1,58140.48445334193,58206.23048371441,0,0,0,58706.05,57076.25,54753.15,53843.3,53027.15,2,1,1,1,,,,8560534,14732533.2
1782712800,58080.2,58094.6,57943.8,57972.5,58106.887562673546,58184.982257922195,0,0,0,58706.05,57076.25,54753.15,53843.3,53027.15,2,1,1,1,,,,9610791,14960991.45
1782713700,57973.8,57993.2,57870.35,57911.7,58067.85005013883,58160.1384162929,0,0,0,58706.05,57076.25,54753.15,53843.3,53027.15,2,1,1,1,,,,9984202,15097139.95
1782714600,57910.05,57945,57843.45,57860.2,58026.320040111066,58132.871287539005,0,0,0,58706.05,57076.25,54753.15,53843.3,53027.15,2,1,1,1,,,,11292175,15340053.1
1782715500,57862.3,57866.85,57730.5,57739.3,57968.916032088855,58097.092079580914,0,0,0,58706.05,57076.25,54753.15,53843.3,53027.15,2,1,1,1,,,,10850682,15548851.9
1782716400,57741.9,57763.45,57637.25,57693.2,57913.77282567108,58060.37461780083,0,1,0,58706.05,57076.25,54753.15,53843.3,53027.15,3,1,1,1,,1,,13335240,15833519.8
1782717300,57693.15,57729.25,57641.35,57720.05,57875.02826053687,58029.436016182575,0,0,0,58706.05,57076.25,54753.15,53843.3,53027.15,3,1,1,1,,,,13910598,16100192.25
1782718200,57723.15,57813.2,57696.4,57790.3,57858.0826084295,58007.6963783478,0,0,0,58706.05,57076.25,54753.15,53843.3,53027.15,3,1,1,1,,,,15112640,16362859.4
1782719100,57792.25,57816.8,57717.15,57805.75,57847.6160867436,57989.33761667982,0,0,0,58706.05,57076.25,54753.15,53843.3,53027.15,3,1,1,1,,,,9220895,16275498.55
1782720000,57807.75,57847.2,57733.4,57787.65,57835.62286939488,57971.002378799836,0,0,0,58706.05,57076.25,54753.15,53843.3,53027.15,3,1,1,1,,,,14888997,16513422.5
1782720900,57791.8,57862.7,57751.35,57828,57834.098295515905,57958.00216254531,0,0,0,58706.05,57076.25,54753.15,53843.3,53027.15,3,1,1,1,,,,15152557,15841817.9
1782721800,57823.9,57916.6,57816.55,57898.5,57846.97863641272,57952.59287504119,0,0,0,58706.05,57076.25,54753.15,53843.3,53027.15,3,1,1,1,,,,11543317,14499626.65
1782722700,57900.1,57939.3,57864.8,57893.65,57856.312909130174,57947.23443185563,0,0,0,58706.05,57076.25,54753.15,53843.3,53027.15,3,1,1,1,,,,10004198,12585222
1782723600,57890.7,57963.75,57869.45,57942.75,57873.60032730414,57946.82675623239,0,0,0,58706.05,57076.25,54753.15,53843.3,53027.15,3,1,1,1,,,,12358236,11995134.9
1782724500,57943.85,57943.85,57757.8,57778.6,57854.60026184331,57931.53341475672,0,0,0,58706.05,57076.25,54753.15,53843.3,53027.15,3,1,1,1,,,,28127567,12801737.4
1782725400,57782.85,57869.5,57648.55,57716.05,57826.89020947465,57911.9440134152,0,0,0,58706.05,57076.25,54753.15,53843.3,53027.15,3,1,1,1,,,,94590147,16900853.9
1782726300,57715.9,57896.75,57684.2,57828.05,57827.12216757972,57904.31728492291,0,0,0,58706.05,57076.25,54753.15,53843.3,53027.15,3,1,1,1,,,,90567328,20742961.65
1782791100,57977.9,58001.65,57722.55,57739.35,57809.56773406378,57889.320259020824,0,0,0,58706.05,57076.25,54753.15,53843.3,53027.15,3,1,1,1,,,,30750480,21553691.2
1782792000,57742.4,57790.6,57662.9,57696.85,57787.02418725102,57871.822962746206,0,0,0,58706.05,57076.25,54753.15,53843.3,53027.15,3,1,1,1,,,,20211708,21945234.4
1782792900,57699.2,57825.75,57602,57793.95,57788.409349800815,57864.74360249655,0,0,0,58706.05,57076.25,54753.15,53843.3,53027.15,3,1,1,1,,,,15855797,22296404.45
1782793800,57790.35,57909.45,57735.3,57835.05,57797.73747984065,57862.044184087776,0,0,0,58706.05,57076.25,54753.15,53843.3,53027.15,3,1,1,1,,,,10713411,22404048.3
1782794700,57831.4,57838,57685.95,57758.65,57789.919983872525,57852.64471280707,0,0,0,58706.05,57076.25,54753.15,53843.3,53027.15,3,1,1,1,,,,10836849,22465351.2
1782795600,57754.85,57823.35,57705.55,57752,57782.33598709802,57843.49519346098,0,0,0,58706.05,57076.25,54753.15,53843.3,53027.15,3,1,1,1,,,,10222955,22477288.85
1782796500,57754.55,57798.15,57658.9,57658.9,57757.64878967842,57826.713812237256,0,0,0,58706.05,57076.25,54753.15,53843.3,53027.15,3,1,1,1,,,,9740312,22399695.7
1782797400,57658.45,57822.8,57632.9,57808.25,57767.76903174273,57825.03528385205,0,0,0,58706.05,57076.25,54753.15,53843.3,53027.15,3,1,1,1,,,,12989602,22506641.7
1782798300,57813.6,57917.7,57756.95,57856,57785.41522539419,57827.850258047314,0,0,0,58706.05,57076.25,54753.15,53843.3,53027.15,3,1,1,1,,,,13277687,22503764.05
1782799200,57855.9,57868.35,57724.95,57734,57775.13218031535,57819.31841640665,0,0,0,58706.05,57076.25,54753.15,53843.3,53027.15,3,1,1,1,,,,14671165,22541792.4
1782800100,57733.9,57778.2,57704.5,57767.35,57773.57574425228,57814.594014915136,0,0,0,58706.05,57076.25,54753.15,53843.3,53027.15,3,1,1,1,,,,12748880,22423604.4
1782801000,57765.9,57771.25,57663.05,57704.45,57759.75059540183,57804.58092265012,0,0,0,58706.05,57076.25,54753.15,53843.3,53027.15,3,1,1,1,,,,11658057,22545462.5
1782801900,57700.3,57740.7,57672.3,57720.05,57751.810476321465,57796.89629331829,0,0,0,58706.05,57076.25,54753.15,53843.3,53027.15,3,1,1,1,,,,6251354,22113580.35
1782802800,57719.75,57790.85,57618.7,57761.35,57753.71838105717,57793.66481210754,0,0,0,58706.05,57076.25,54753.15,53843.3,53027.15,3,1,1,1,,,,9331565,21822530.75
1782803700,57760.8,57795.55,57722.15,57758.75,57754.724704845736,57790.49073827959,0,0,0,58706.05,57076.25,54753.15,53843.3,53027.15,3,1,1,1,,,,10695839,21780156.85
1782804600,57758.2,57762.15,57670.75,57688.2,57741.41976387659,57781.19158025417,0,0,0,58706.05,57076.25,54753.15,53843.3,53027.15,3,1,1,1,,,,8351817,21697537.8
1782805500,57687.05,57711.65,57592.2,57660.75,57725.285811101276,57770.24234568561,0,0,0,58706.05,57076.25,54753.15,53843.3,53027.15,3,1,1,1,,,,12400086,21699630.3
1782806400,57657.9,57715.1,57635,57653.2,57710.86864888102,57759.60213244147,0,0,0,58706.05,57076.25,54753.15,53843.3,53027.15,3,1,1,1,,,,9844378,20785470.85
1782807300,57651.2,57676.65,57564.8,57596.9,57688.074919104816,57744.811029492244,0,0,0,58706.05,57076.25,54753.15,53843.3,53027.15,3,1,1,1,,,,7749772,16443452.1
1782808200,57594,57608.55,57463.55,57528.15,57656.08993528385,57725.11457226568,0,0,0,58706.05,57076.25,54753.15,53843.3,53027.15,3,1,1,1,,,,8999022,12365036.8
1782809100,57527.45,57770.55,57497.5,57716.1,57668.091948227084,57724.295065696075,0,0,0,58706.05,57076.25,54753.15,53843.3,53027.15,3,1,1,1,,,,14264796,11540752.6
1782810000,57715.05,57756.95,57672.2,57704.05,57675.283558581665,57722.45460517825,0,0,0,58706.05,57076.25,54753.15,53843.3,53027.15,3,1,1,1,,,,12792234,11169778.9
1782810900,57703.45,57719.65,57598.25,57626.85,57665.59684686533,57713.76327743477,0,0,0,58706.05,57076.25,54753.15,53843.3,53027.15,3,1,1,1,,,,12954277,11024702.9
1782811800,57625.65,57627.6,57456.65,57560.45,57644.567477492266,57699.825706758886,0,0,0,58706.05,57076.25,54753.15,53843.3,53027.15,3,1,1,1,,,,49788309,12978447.8
1782812700,57557.65,57714.4,57517.9,57690.6,57653.773981993814,57698.98700614444,0,0,0,58706.05,57076.25,54753.15,53843.3,53027.15,3,1,1,1,,,,59430700,15408140.35
1782877500,57601.15,57664.75,57487.85,57523.1,57627.63918559505,57682.99727831312,0,0,0,58706.05,57076.25,54753.15,53843.3,53027.15,3,1,1,1,,,,28233345,16308659.85
1782878400,57518.4,57671.6,57505.75,57667,57635.51134847604,57681.542980284656,0,0,0,58706.05,57076.25,54753.15,53843.3,53027.15,3,1,1,1,,,,11030385,16373163.5
1782879300,57668.1,57721.9,57577.45,57654.05,57639.21907878083,57679.0436184406,0,0,0,58706.05,57076.25,54753.15,53843.3,53027.15,3,1,1,1,,,,9654570,16206411.9
1782880200,57655.8,57744.95,57579.95,57731.75,57657.725263024666,57683.83510767327,0,0,0,58706.05,57076.25,54753.15,53843.3,53027.15,3,1,1,1,,,,11299736,16107514.35
1782881100,57731.05,57877.9,57725.1,57826.75,57691.53021041973,57696.82737061207,0,0,0,58706.05,57076.25,54753.15,53843.3,53027.15,3,1,1,1,,,,11189505,15933431.35
1782882000,57824,57845.45,57673.6,57694.6,57692.144168335784,57696.62488237461,0,0,0,58706.05,57076.25,54753.15,53843.3,53027.15,3,1,1,1,,,,6303007,15611137.7
1782882900,57697.65,57755.05,57688.3,57731.9,57700.09533466863,57699.831711249644,0,0,0,58706.05,57076.25,54753.15,53843.3,53027.15,3,1,1,1,,,,4046777,15230573.7
1782883800,57733.45,57885.25,57728.35,57883,57736.6762677349,57716.48337386331,0,0,0,58706.05,57076.25,54753.15,53843.3,53027.15,3,1,1,1,,,,4452680,15140640
1782884700,57882.35,57927.7,57846.25,57868.65,57763.071014187924,57730.3167035121,0,0,0,58706.05,57076.25,54753.15,53843.3,53027.15,3,1,1,1,,,,11636486,15255886.05
1782885600,57869.4,57887.2,57815.75,57884.4,57787.33681135034,57744.324275920095,0,0,0,58706.05,57076.25,54753.15,53843.3,53027.15,3,1,1,1,,,,6214788,15031833.5
1782886500,57884.75,57986.25,57880.85,57984,57826.66944908027,57766.11297810918,0,0,0,58706.05,57076.25,54753.15,53843.3,53027.15,3,1,1,1,,,,6903689,14959427.1
1782887400,57985.55,57994.65,57932.35,57975.9,57856.51555926422,57785.1845255538,0,0,0,58706.05,57076.25,54753.15,53843.3,53027.15,3,1,1,1,,,,8848063,14781825.95
1782888300,57972.6,58065,57926.85,57934.35,57872.082447411376,57798.745023230724,0,0,0,58706.05,57076.25,54753.15,53843.3,53027.15,3,1,1,1,,,,8164318,14697822.95
1782889200,57934.8,58037.95,57934.8,57963.7,57890.4059579291,57813.74093020975,0,0,0,58706.05,57076.25,54753.15,53843.3,53027.15,3,1,1,1,,,,4839482,14552308.45
1782890100,57964.35,57979.45,57941.15,57968,57905.924766343276,57827.76448200887,0,0,0,58706.05,57076.25,54753.15,53843.3,53027.15,3,1,1,1,,,,4474927,14326103.7
1782891000,57966.25,58011.8,57926.05,58002.5,57925.23981307462,57843.64952909897,0,0,0,58706.05,57076.25,54753.15,53843.3,53027.15,3,1,1,1,,,,5267573,13876242.55
1782891900,58008,58018.2,57951.85,57955.85,57931.361850459696,57853.849571908155,0,0,0,58706.05,57076.25,54753.15,53843.3,53027.15,3,1,1,1,,,,5968256,13535043.65
1782892800,57956.5,58070.1,57919.5,58016.25,57948.33948036776,57868.613247189234,0,0,0,58706.05,57076.25,54753.15,53843.3,53027.15,3,1,1,1,,,,6982101,13236434.85
1782893700,58013.25,58019.9,57954.5,57965.85,57951.841584294205,57877.45295199021,0,0,0,58706.05,57076.25,54753.15,53843.3,53027.15,3,1,1,1,,,,5637152,11028877
1782894600,57962.5,58039.95,57931.9,58019.6,57965.393267435364,57890.3754109002,0,0,0,58706.05,57076.25,54753.15,53843.3,53027.15,3,1,1,1,,,,10548540,8584769
1782895500,58020.5,58026,57952.75,57959.05,57964.12461394829,57896.61855536381,0,0,0,58706.05,57076.25,54753.15,53843.3,53027.15,3,1,1,1,,,,6631501,7504676.8
1782896400,57959.2,57973.25,57850.65,57918.65,57955.029691158634,57898.62141396711,0,0,0,58706.05,57076.25,54753.15,53843.3,53027.15,3,1,1,1,,,,8753429,7390829
1782897300,57916.95,58122.95,57902.6,58107.9,57985.60375292691,57917.6467399701,0,0,0,58706.05,57076.25,54753.15,53843.3,53027.15,3,1,1,1,,,,20120531,7914127.05
1782898200,58112.55,58134.15,58022.95,58037,57995.88300234153,57928.497036336455,0,0,0,58706.05,57076.25,54753.15,53843.3,53027.15,3,1,1,1,,,,25200697,8609175.1
1782899100,58040.3,58046.55,57896.35,57918.3,57980.36640187322,57927.57003303314,0,0,0,58706.05,57076.25,54753.15,53843.3,53027.15,3,1,1,1,,,,26373012,9368350.45
1782963900,58153.45,58209,58074.7,58157.5,58015.79312149858,57948.47275730285,0,0,0,58706.05,57076.25,54753.15,53843.3,53027.15,3,1,1,1,,,,32520327,10679216.45
1782964800,58157.35,58396.1,58142.35,58361.95,58085.024497198865,57986.06159754805,0,0,0,58706.05,57076.25,54753.15,53843.3,53027.15,3,1,1,1,,,,15030162,11228385.7
1782965700,58360.45,58387.3,58206.75,58241.5,58116.319597759095,58009.28327049822,0,0,0,58706.05,57076.25,54753.15,53843.3,53027.15,3,1,1,1,,,,9790250,11495264.2
1782966600,58239.55,58252.85,58108.1,58108.1,58114.67567820728,58018.26660954384,0,0,0,58706.05,57076.25,54753.15,53843.3,53027.15,3,1,1,1,,,,7155740,11271226.9
1782967500,58107.6,58168.9,58077.6,58144.35,58120.610542565824,58029.72873594894,0,0,0,58706.05,57076.25,54753.15,53843.3,53027.15,3,1,1,1,,,,6191410,11270058
1782968400,58141.15,58194.35,58097.35,58185.1,58133.50843405266,58043.85339631722,0,0,0,58706.05,57076.25,54753.15,53843.3,53027.15,3,1,1,1,,,,5334273,11191587.2
1782969300,58184.3,58201.95,58108.15,58140.35,58134.876747242124,58052.62581483384,0,0,0,58396.1,57456.65,,,,1,1,1,1,,,,4571004,10977734.25
1782970200,58142.05,58147.15,58032.15,58084.35,58124.7713977937,58055.50983166713,0,0,0,58396.1,57456.65,,,,1,1,1,1,,,,5799091,10859472.9
1782971100,58084,58090.65,58005.65,58035.9,58106.99711823496,58053.72711969739,0,0,0,58396.1,57456.65,,,,1,1,1,1,,,,7141669,10974582.25
1782972000,58036.2,58052.65,57930.15,57969.7,58079.53769458797,58046.08829063399,0,0,0,58396.1,57456.65,,,,1,1,1,1,,,,7706978,11136184.8
1782972900,57969.85,58072.2,57964.2,58014.25,58066.480155670375,58043.193900576356,0,0,0,58396.1,57456.65,,,,1,1,1,1,,,,8429834,11294297.85
1782973800,58017.5,58058.35,58001.5,58042.85,58061.7541245363,58043.162636887595,0,0,0,58396.1,57456.65,,,,1,1,1,1,,,,9180667,11454918.4
1782974700,58041.6,58184.25,58004.95,58168.4,58083.08329962904,58054.54785171599,0,0,0,58396.1,57456.65,,,,1,1,1,1,,,,7574759,11484551.3
1782975600,58170.9,58172.5,58080.55,58094.9,58085.44663970323,58058.21622883272,0,0,0,58396.1,57456.65,,,,1,1,1,1,,,,6990551,11552221.25
1782976500,58092.8,58118.1,58037.05,58056.75,58079.707311762584,58058.082935302475,0,0,0,58396.1,57456.65,,,,1,1,1,1,,,,6255280,11337558.25
1782977400,58055.65,58111.7,58044.5,58094.2,58082.605849410065,58061.36630482043,0,0,0,58396.1,57456.65,,,,1,1,1,1,,,,5848849,11298425.65
1782978300,58084.35,58114.4,58054.45,58057.05,58077.494679528056,58060.97391347312,0,0,0,58396.1,57456.65,,,,1,1,1,1,,,,7442960,11232902.2
1782979200,58059.05,58082.55,58014.15,58032.5,58068.49574362244,58058.38537588465,0,0,0,58396.1,57456.65,,,,1,1,1,1,,,,6782436,10565997.45
1782980100,58032.05,58042.1,57984.3,58006.3,58056.05659489796,58053.65034171332,0,0,0,58396.1,57456.65,,,,1,1,1,1,,,,8511873,9731556.25
1782981000,58006.65,58066.4,57892.15,57910.3,58026.90527591837,58040.61849246665,0,0,0,58396.1,57456.65,,,,1,1,1,1,,,,12370863,9031448.8
1782981900,57912.4,57994.1,57884.6,57932.15,58007.9542207347,58030.757720424226,0,0,0,58396.1,57456.65,,,,1,1,1,1,,,,15223864,8166625.65
1782982800,57934.1,58066.55,57922.05,58012.35,58008.833376587754,58029.08429129475,0,0,0,58396.1,57456.65,,,,1,1,1,1,,,,14567833,8143509.2
1782983700,58011.1,58097.8,58004.15,58091.15,58025.29670127021,58034.726628449775,0,0,0,58396.1,57456.65,,,,1,1,1,1,,,,14323206,8370157
1782984600,58093.45,58107.35,58033,58042.85,58028.80736101617,58035.465116772524,0,0,0,58396.1,57456.65,,,,1,1,1,1,,,,19534718,8989105.9
1782985500,58043.7,58057.7,57948.45,57967.85,58016.615888812936,58029.318287975024,1,0,0,58396.1,57456.65,,,,2,1,1,1,1,,,27123834,10035727.1
1783050300,58296.1,58313.5,57978.55,58110.5,58035.39271105035,58036.698443613655,0,0,0,58396.1,57456.65,,,,2,1,1,1,,,,37896590,11663842.95
1783051200,58111.15,58170.1,58036.2,58044.4,58037.19416884028,58037.39858510332,0,0,0,58396.1,57456.65,,,,2,1,1,1,,,,29255145,12898050
1783052100,58044.8,58117.25,58015.85,58075.7,58044.89533507222,58040.88053191211,0,0,0,58396.1,57456.65,,,,2,1,1,1,,,,19115230,13563856.95
1783053000,58077.35,58151.1,58055.85,58075.85,58051.08626805778,58044.05957446555,0,0,0,58396.1,57456.65,,,,2,1,1,1,,,,20931878,14253367.4
1783053900,58081.15,58193.85,58065.4,58141.25,58069.11901444622,58052.89506769596,0,0,0,58396.1,57456.65,,,,2,1,1,1,,,,19124831,14824260.05
1783054800,58143.9,58148.65,58072.1,58084,58072.09521155698,58055.722788814506,0,0,0,58396.1,57456.65,,,,2,1,1,1,,,,9820354,14893786.05
1783055700,58085.4,58100.8,58021.45,58025,58062.676169245584,58052.929808013185,0,0,0,58396.1,57456.65,,,,2,1,1,1,,,,7654338,14817469.6
1783056600,58025.4,58055.45,57953.15,57956.8,58041.50093539647,58044.190734557444,0,0,0,58396.1,57456.65,,,,2,1,1,1,,,,7135621,14795512.7
1783057500,57956.95,57991.95,57916.6,57988.35,58030.870748317175,58039.11430414313,0,0,0,58396.1,57456.65,,,,2,1,1,1,,,,15162857,15204128
1783058400,57992.05,58052.3,57961.2,58035.75,58031.84659865374,58038.808458311934,0,0,0,58396.1,57456.65,,,,2,1,1,1,,,,12392574,15510992.7
1783059300,58035.05,58100.15,58020.45,58038.1,58033.09727892299,58038.74405301085,0,0,0,58396.1,57456.65,,,,2,1,1,1,,,,9909235,15714012
1783060200,58044.25,58052.6,57985.65,58023.05,58031.0878231384,58037.317320918955,0,0,0,58396.1,57456.65,,,,2,1,1,1,,,,6408924,15662310.2
1783061100,58019.55,58049.6,57983.45,58004.9,58025.85025851072,58034.370291744504,0,0,0,58396.1,57456.65,,,,2,1,1,1,,,,6988295,15672603.15
1783062000,58005.6,58015.45,57957.95,57971.5,58014.98020680858,58028.654810676824,0,0,0,58396.1,57456.65,,,,2,1,1,1,,,,9269745,15710496.75
1783062900,57973.45,57979,57929.3,57951.35,58002.25416544686,58021.6271006153,0,0,0,58396.1,57456.65,,,,2,1,1,1,,,,7062121,15445059.65
1783063800,57953.7,57961.95,57837.65,57897.95,57981.39333235749,58010.383727832086,0,0,0,58396.1,57456.65,,,,2,1,1,1,,,,7625275,15065130.2
1783064700,57898.9,57898.9,57843.4,57880.2,57961.15466588599,57998.54884348372,0,0,0,58396.1,57456.65,,,,2,1,1,1,,,,5740648,14623770.95
1783065600,57881.85,57889.4,57799.05,57869.1,57942.74373270879,57986.78076680338,0,1,0,58396.1,57456.65,,,,3,1,1,1,,1,,7090895,14262155.4
1783066500,57871.9,57909.75,57854.5,57860.6,57926.31498616703,57975.30978800307,0,0,0,58396.1,57456.65,,,,3,1,1,1,,,,4945422,13532690.6
1783067400,57857.6,57910.8,57825.7,57900.85,57921.22198893363,57968.54071636643,0,0,0,58396.1,57456.65,,,,3,1,1,1,,,,6955588,12524278.3
1783068300,57901.35,57924.05,57832.55,57880.95,57913.1675911469,57960.57792396948,0,0,0,58396.1,57456.65,,,,3,1,1,1,,,,9579112,11108404.4
1783069200,57883.05,57962,57875,57924.6,57915.45407291752,57957.30720360862,0,0,0,58396.1,57456.65,,,,3,1,1,1,,,,13479687,10319631.5
1783070100,57927,57960.65,57863.85,57878.2,57908.003258334014,57950.1156396442,0,0,0,58396.1,57456.65,,,,3,1,1,1,,,,10755587,9901649.35
1783071000,57878.95,57962.4,57878.95,57947.95,57915.99260666721,57949.91876331291,0,0,0,58396.1,57456.65,,,,3,1,1,1,,,,17660217,9738066.3
1783071900,57947.55,57977.55,57928.9,57973.2,57927.43408533377,57952.03523937537,0,0,0,58396.1,57456.65,,,,3,1,1,1,,,,21958085,9879729
1783309500,57998.35,58352.75,57938.65,58143.1,57970.56726826702,57969.404763068516,0,0,0,58396.1,57456.65,,,,3,1,1,1,,,,34304159,11103919.25
1783310400,58137.4,58226.95,58131.05,58171.6,58010.77381461362,57987.78614824411,0,0,0,58396.1,57456.65,,,,3,1,1,1,,,,18866762,11664540.45
1783311300,58173.35,58326.55,58163.8,58298.95,58068.40905169089,58016.07377113101,0,0,0,58396.1,57456.65,,,,3,1,1,1,,,,21227053,12369112.05
1783312200,58300.55,58376.35,58270.3,58278.05,58110.33724135271,58039.889791937276,0,0,0,58396.1,57456.65,,,,3,1,1,1,,,,11382460,12180092.2
1783313100,58279.2,58374.25,58268.9,58338.1,58155.88979308217,58066.99981085207,0,0,0,58396.1,57456.65,,,,3,1,1,1,,,,12875234,12204225.2
1783314000,58339.85,58359.4,58248.85,58290.05,58182.72183446574,58087.277100774605,0,0,0,58396.1,57456.65,,,,3,1,1,1,,,,10839030,12250714.95
1783314900,58291.5,58355.45,58248.9,58323.05,58210.78746757259,58108.711000704185,0,0,0,58396.1,57456.65,,,,3,1,1,1,,,,10482715,12454404.5
1783315800,58325.55,58334.85,58284.15,58285.2,58225.66997405807,58124.75545518562,0,0,0,58396.1,57456.65,,,,3,1,1,1,,,,8669647,12538472.1
1783316700,58287.9,58388.8,58255,58329.6,58246.45597924646,58143.37768653238,0,0,0,58396.1,57456.65,,,,3,1,1,1,,,,6343457,12392157.7
1783317600,58328.7,58332.95,58219.4,58222.1,58241.584783397164,58150.53426048398,0,0,0,58396.1,57456.65,,,,3,1,1,1,,,,8260050,12452054.15
1783318500,58221.9,58283.6,58213.55,58282.4,58249.74782671773,58162.52205498544,0,0,0,58396.1,57456.65,,,,3,1,1,1,,,,7382822,12439931.5
1783319400,58284.45,58472.65,58265.45,58453.55,58290.50826137418,58188.979140895855,0,0,0,58396.1,57456.65,,,,3,1,1,1,,,,8391602,12572479.2
1783320300,58451.9,58473.35,58419.4,58425.7,58317.54660909934,58210.49921899623,0,0,0,58396.1,57456.65,,,,3,1,1,1,,,,7839234,12609896.15
1783321200,58430.2,58477.3,58383.3,58417.15,58337.467287279476,58229.285653632935,0,0,0,58396.1,57456.65,,,,3,1,1,1,,,,9220314,12823640.75
1783322100,58417.75,58418.25,58339.25,58412.9,58352.553829823584,58245.97786693903,0,0,0,58396.1,57456.65,,,,3,1,1,1,,,,7642245,12857973.6
1783323000,58411.15,58463.1,58372.7,58449.15,58371.87306385887,58264.44806085366,0,0,0,58396.1,57456.65,,,,3,1,1,1,,,,8562012,12807118.6
1783323900,58450.35,58458.2,58381.1,58416.7,58380.8384510871,58278.2891462306,0,0,0,58396.1,57456.65,,,,3,1,1,1,,,,5859675,12426118
1783324800,58408.05,58454.15,58387.9,58389.9,58382.65076086968,58288.43558748237,0,0,0,58396.1,57456.65,,,,3,1,1,1,,,,6331300,12204903.65
1783325700,58391.9,58412.95,58350.25,58361.15,58378.35060869574,58295.04598862033,0,0,0,58477.3,57799.05,57456.65,,,1,1,1,1,,,,8312492,11737517.4
1783326600,58361.7,58404.5,58319.65,58327.45,58368.170486956595,58297.99180783667,0,0,0,58477.3,57799.05,57456.65,,,1,1,1,1,,,,6965233,10987874.8
1783327500,58326.15,58355.95,58301.85,58311.7,58356.876389565274,58299.238007124244,0,0,0,58477.3,57799.05,57456.65,,,1,1,1,1,,,,6187303,9582032
1783328400,58314.8,58346.4,58285.2,58290.5,58343.60111165222,58298.44364284022,0,0,0,58477.3,57799.05,57456.65,,,1,1,1,1,,,,8302665,9053827.15
1783329300,58295,58309.85,58244.85,58281.3,58331.140889321774,58296.885129854745,0,0,0,58477.3,57799.05,57456.65,,,1,1,1,1,,,,8949542,8439951.6
1783330200,58279.5,58335.75,58275.35,58309.55,58326.82271145742,58298.03648168613,0,0,0,58477.3,57799.05,57456.65,,,1,1,1,1,,,,15559461,8648801.65
1783331100,58309.45,58312.15,58234.15,58263,58314.05816916593,58294.851346987394,0,0,0,58477.3,57799.05,57456.65,,,1,1,1,1,,,,23483924,9179236.15