time,open,high,low,close,EMA 9,EMA 21,Entry,TP,SL,B,A0,A1,A2,A3,ST0,ST1,ST2,ST3,ENTRY,TP,SL,Volume,VolAvg
1666151100,195.326,195.326,185.5597,185.5597,,,0,0,0,,,,,,0,0,0,0,,,,5524064.38466973,
1666237500,176.281715,176.281715,176.281715,176.281715,,,0,0,0,,,,,,0,0,0,0,,,,1710746.13722699,
1666323900,167.492045,167.492045,167.492045,167.492045,,,0,0,0,,,,,,0,0,0,0,,,,292711.67176925,
1666615500,165.538785,175.35391948,159.14185552,161.04628104,,,0,0,0,,,,,,0,0,0,0,,,,2016599.94061211,
1666669500,153.037921,169.05466277,153.037921,167.39437223,,,0,0,0,,,,,,0,0,0,0,,,,10417741.62169911,
1666842300,162.26706473,165.92942723,159.04420527,159.04420527,,,0,0,0,,,,,,0,0,0,0,,,,7691078.50465376,
1666928700,152.8914265,158.897701,151.1334925,154.7470235,,,0,0,0,,,,,,0,0,0,0,,,,11045572.01806211,
1667187900,147.47113,162.46241027,147.47113,161.04627723,,,0,0,0,,,,,,0,0,0,0,,,,8405710.45329347,
1667274300,159.53252027,168.664001,153.8680565,155.28417,165.32175436333333,,0,0,0,,,,,,0,0,0,0,,,,51119717.80510531,
1667360700,159.19069,163.0483785,158.4582175,163.0483785,164.86707919066666,,0,0,0,,,,,,0,0,0,0,,,,10427453.59040783,
1667447100,162.99953723,174.7679385,156.60263027,170.91025,166.0757133525333,,0,0,0,,,,,,0,0,0,0,,,,24034634.40606985,
1667533500,170.91025,173.44949777,164.41567027,165.63645777,165.98786223602664,,0,0,0,,,,,,0,0,0,0,,,,5856949.91962156,
1667792700,167.296719,167.98036,157.33510277,160.06964723,164.80421923482132,,0,0,0,,,,,,0,0,0,0,,,,6930448.58339392,
1667965500,152.35428,157.23743,151.6218075,152.94026777,162.43142894185706,,0,0,0,,,,,,0,0,0,0,,,,6532126.80339535,
1668051900,151.37765,153.72155223,132.82168,139.6092585,157.86699485348566,,0,0,0,,,,,,0,0,0,0,,,,15604888.23812498,
1668138300,141.5625185,143.17396777,134.87261277,137.411841,153.77596408278853,,0,0,0,,,,,,0,0,0,0,,,,4242680.44192785,
1668397500,138.68146,140.341731,135.0190975,136.239885,150.26874826623083,,0,0,0,,,,,,0,0,0,0,,,,2646490.48257784,
1668483900,137.2653465,138.388471,135.263255,135.9957275,147.41414411298467,,0,0,0,,,,,,0,0,0,0,,,,2242631.29332501,
1668570300,136.09340027,137.509504,130.1359475,130.673094,144.06593409038774,,0,0,0,,,,,,0,0,0,0,,,,4183981.65118827,
1668656700,130.72193527,131.84505,122.274076,123.6901895,139.99078517231018,,0,0,0,,,,,,0,0,0,0,,,,5379031.97730973,9315262.996221703
1668743100,124.8621455,135.9957275,123.05538,132.8705115,138.56673043784815,154.14244273999998,0,0,0,,,,,,0,0,0,0,,,,7236602.39804225,9400889.896890327
1669002300,133.7494785,137.11884223,130.184779,130.8195885,137.01730205027852,152.02218326363635,0,0,0,,,,,,0,0,0,0,,,,4529584.38712716,9541831.809385337
1669088700,131.552061,132.138039,125.2527975,125.7411125,134.7620641402228,149.6329950123967,0,0,0,,,,,,0,0,0,0,,,,3131122.32882463,9683752.342238106
1669175100,126.473585,130.6242625,126.37591223,130.03827473,133.81730625817823,147.85165680490607,0,0,0,,,,,,0,0,0,0,,,,2455474.43760687,9705696.067087844
1669261500,130.86842,131.94272277,128.81748723,129.54995973,132.96383695254258,146.18786616173279,0,0,0,,,,,,0,0,0,0,,,,1200412.64347808,9244829.618176792
1669347900,129.89179,134.579614,129.4523065,130.47777777,132.46662511603407,144.7596763079389,0,0,0,,,,,,0,0,0,0,,,,2125571.60849042,8966554.273368625
1669607100,131.45440777,133.3588265,128.57332973,129.01283277,131.77586664682724,143.32814507721716,0,0,0,,,,,,0,0,0,0,,,,2812968.06364744,8554924.07564789
1669693500,129.403475,137.11884223,129.403475,132.528691,131.9264315174618,142.34637652474288,0,0,0,,,,,,0,0,0,0,,,,4370608.11156733,8353168.958561584
1669779900,132.67519527,133.309995,130.4289365,131.161409,131.77342701396944,141.3295612952208,0,0,0,,,,,,0,0,0,0,,,,2516355.22152709,5923000.829382673
1669866300,131.84505,142.392654,130.72193527,134.7261085,132.36396331117555,140.7292474047462,0,0,0,,,,,,0,0,0,0,,,,10227433.11182331,5912999.805453448
1669952700,135.40973973,138.974449,133.7494785,137.509504,133.39307144894045,140.43654345886017,0,0,0,,,,,,0,0,0,0,,,,2354770.9982286,4829006.635061385
1670211900,138.29081777,140.48823527,137.2653465,138.7302915,134.46051545915236,140.28142964441832,0,0,0,,,,,,0,0,0,0,,,,2321715.49102526,4652244.9136315705
1670298300,138.7302915,140.04873223,133.7494785,133.94479473,134.3573713133219,139.70537192492574,0,0,0,,,,,,0,0,0,0,,,,3107455.22869459,4461095.245896604
1670384700,134.579614,135.2144235,130.184779,131.4055665,133.7670103506575,138.9508441590234,0,0,0,,,,,,0,0,0,0,,,,1784671.7794866,4223722.494701167
1670471100,131.69856527,133.505321,128.91516,129.6476325,132.943134780526,138.10509764456674,0,0,0,,,,,,0,0,0,0,,,,2632059.22406643,3575081.0439982386
1670557500,129.89179,132.040376,128.03620277,128.6710025,132.0887083244208,137.2474526314243,0,0,0,,,,,,0,0,0,0,,,,1894518.90685316,3457672.9672445036
1670816700,128.8663285,132.23569223,127.93853,131.1125775,131.89348215953663,136.68973671038572,0,0,0,,,,,,0,0,0,0,,,,1650069.11522276,3407851.898876749
1670903100,131.25906223,131.7962185,128.81748723,129.01283277,131.3173522816293,135.99183635216883,0,0,0,,,,,,0,0,0,0,,,,1555328.01572755,3373486.7349968767
1670989500,129.403475,130.673094,128.426845,128.719834,130.79784862530343,135.3307452292444,0,0,0,,,,,,0,0,0,0,,,,1853215.64973429,3256948.434924178
1671075900,129.110486,129.89179,126.37591223,126.86422723,130.01112434624275,134.56106177476764,0,0,0,,,,,,0,0,0,0,,,,2824546.65533518,3129224.1688254504
1671162300,127.35254223,127.35254223,124.129673,124.7644825,128.9617959769942,133.67046365887967,0,0,0,,,,,,0,0,0,0,,,,1733900.2488148,2854089.0613640784
1671421500,125.00864,125.7411125,123.05538,123.641358,127.89770838159536,132.7587267807997,0,0,0,,,,,,0,0,0,0,,,,1235831.37933506,2689401.410974474
1671507900,124.1785045,124.422662,121.6392665,122.469402,126.81204710527629,131.8233336189088,0,0,0,,,,,,0,0,0,0,,,,1848968.39130479,2625293.7140984824
1671594300,123.1042115,124.9598085,118.6117135,118.9047025,125.23057818422103,130.64891260809893,0,0,0,,,,,,0,0,0,0,,,,3690046.38399394,2687022.311417836
1671680700,119.14886,122.957717,118.17223,118.562882,123.89703894737683,129.5501825528172,0,0,0,,,,,,0,0,0,0,,,,2714330.91344726,2762718.224916295
1671767100,118.17223,119.930164,110.4080215,111.824135,121.48245815790146,127.93872368437928,0,0,0,,,,,,0,0,0,0,,,,3016580.48595681,2807268.668789615
1672026300,112.31245,115.4864975,111.3846515,113.875058,119.96097812632117,126.66020862216298,0,0,0,,,,,,0,0,0,0,,,,2348773.84475185,2784058.9578448357
1672112700,114.8028565,115.828318,112.996091,113.3379115,118.63636480105693,125.44909070196636,0,0,0,,,,,,0,0,0,0,,,,1852083.18401032,2658132.711466985
1672199100,113.9238895,113.9238895,111.628809,111.824135,117.27391884084554,124.21045836542396,0,0,0,,,,,,0,0,0,0,,,,1614565.39324002,2613043.2200526316
1672285500,111.8729665,114.949351,110.554516,113.8262265,116.58438037267643,123.26643728674905,0,0,0,,,,,,0,0,0,0,,,,2568738.41680063,2230108.4853014946
1672371900,114.4122045,115.9748125,111.726472,111.9706295,115.66163019814115,122.23954566977187,0,0,0,,,,,,0,0,0,0,,,,2269769.51353123,2225858.411066626
1672631100,112.7519335,120.3696475,111.9706295,119.637175,116.45673915851292,122.00296651797443,0,0,0,,,,,,0,0,0,0,,,,4101418.14197803,2314843.5436142646
1672717500,121.395109,123.641358,120.5649735,121.004457,117.36628272681034,121.9121929254313,0,0,0,,,,,,0,0,0,0,,,,3952563.40681732,2357098.952520401
1672803900,120.9556255,120.9556255,115.9748125,117.097937,117.31261358144828,121.47453329584664,0,0,0,,,,,,0,0,0,0,,,,3043166.80831021,2420023.703961582
1672890300,117.683915,117.976904,115.24234,115.925981,117.03528706515861,120.97011945076967,0,0,0,,,,,,0,0,0,0,,,,1702057.07381506,2373523.5964490133
1672976700,116.414296,116.4631275,111.921798,112.996091,116.22744785212689,120.24520777342697,0,0,0,,,,,,0,0,0,0,,,,2301592.20994645,2393877.2616036776
1673235900,113.484406,116.21897,113.484406,114.070384,115.7960350817015,119.68386015766089,0,0,0,,,,,,0,0,0,0,,,,2475169.71626921,2435132.291656
1673322300,114.461036,117.683915,114.1192155,116.2678015,115.8903883653612,119.37330937060081,0,0,0,,,,,,0,0,0,0,,,,5372014.99032387,2625966.640385817
1673408700,116.9514425,118.074567,113.5332375,113.972721,115.50685489228897,118.88234679145528,0,0,0,,,,,,0,0,0,0,,,,3626044.66379284,2714608.0910887443
1673495100,113.9238895,114.9005195,112.5566075,113.191417,115.04376731383118,118.36498953768661,0,0,0,,,,,,0,0,0,0,,,,2083766.62605081,2677569.0896245255
1673581500,113.6309005,115.632992,113.28908,114.656362,114.96628625106494,118.0278415797151,0,0,0,,,,,,0,0,0,0,,,,1331976.28579913,2657472.891473742
1673840700,114.558699,116.609622,112.703102,113.7285635,114.71874170085195,117.63699811792281,0,0,0,,,,,,0,0,0,0,,,,1981502.7185321,2694756.458433594
1673927100,113.9238895,114.656362,111.7753035,112.7519335,114.32538006068157,117.19290133447528,0,0,0,,,,,,0,0,0,0,,,,1003077.93125339,2652461.9354310245
1674013500,113.3379115,113.875058,112.31245,112.605439,113.98139184854526,116.77585930406843,0,0,0,,,,,,0,0,0,0,,,,941614.53160358,2515040.3428115062
1674099900,112.019461,112.703102,110.066201,110.652179,113.3155492788362,116.21916109460767,0,0,0,,,,,,0,0,0,0,,,,1551969.52786623,2456922.273532455
1674186300,109.577886,113.4355745,109.577886,110.261527,112.70474482306896,115.67755799509789,0,0,0,,,,,,0,0,0,0,,,,1771178.44014622,2394652.171241925
1674445500,110.7986735,111.1893255,107.526963,108.698919,111.90357965845517,115.0431362682708,0,0,0,,,,,,0,0,0,0,,,,1853261.72654946,2369876.565331806
1674531900,108.9430765,109.577886,106.2085125,107.3804685,110.99895742676414,114.34653010751892,0,0,0,,,,,,0,0,0,0,,,,1856711.3441119,2370107.9733368848
1674618300,106.45267,107.4293,104.401747,105.769029,109.9529717414113,113.56675727956265,0,0,0,,,,,,0,0,0,0,,,,1318938.59496432,2355326.6334231
1674791100,105.769029,105.769029,99.518597,100.4463955,108.05165649312904,112.37399711778423,0,0,0,,,,,,0,0,0,0,,,,2741242.84529453,2363951.854847795
1675050300,100.299901,102.7903075,99.030282,99.61626,106.36457719450324,111.2142028343493,0,0,0,,,,,,0,0,0,0,,,,3467810.73692186,2423853.9160173265
1675136700,99.61626,104.987725,99.61626,102.4973185,105.5911254556026,110.4217588039539,0,0,0,,,,,,0,0,0,0,,,,5244721.1328753,2481019.0655621896
1675223100,103.229791,103.327454,97.46767693,98.1024835,104.09339706448208,109.30182468541264,0,0,0,,,,,,0,0,0,0,,,,2012004.54624576,2383991.1225336115
1675309500,98.1024835,101.56952,96.78403105,97.663,102.80731765158566,108.24374971401149,0,0,0,,,,,,0,0,0,0,,,,2042377.35887695,2333951.6500619487
1675395900,97.760663,100.885879,95.02610193,98.248978,101.89564972126853,107.33513410364681,0,0,0,,,,,,0,0,0,0,,,,2239628.10890511,2360830.2018164513
1675655100,98.737293,100.0557435,96.9305275,97.955989,101.10771757701482,106.48248454876983,0,0,0,,,,,,0,0,0,0,,,,2194118.55052579,2355456.518845418
1675741500,98.151315,98.5907985,95.02610193,95.75857443,100.03788894761186,105.50758362888166,0,0,0,,,,,,0,0,0,0,,,,1997180.09891156,2331557.0379775357
1675827900,96.24688943,97.37000807,95.41674807,96.88169307,99.4066497720895,104.72341175989241,0,0,0,,,,,,0,0,0,0,,,,2193418.1829352,2172627.197608102
1675914300,92.77985,92.77985,85.50395943,87.26188855,96.9776975276716,103.1360005589931,0,0,0,,,,,,0,0,0,0,,,,12460797.84565291,2614364.8567011054
1676000700,87.31072395,90.63126693,80.66963605,86.33409395,94.84897681213728,101.60855450363009,0,0,0,,,,,,0,0,0,0,,,,18788315.94360198,3449592.322578664
1676259900,88.04319645,89.1174875,83.35536855,83.84368355,92.64791815970982,99.99356623511827,0,0,0,,,,,,0,0,0,0,,,,4285368.05136029,3597261.9108567224
1676346300,83.99018,84.77148693,82.57406943,83.69718807,90.85777214176785,98.51207731101661,0,0,0,,,,,,0,0,0,0,,,,2414537.74715092,3618913.6622876627
1676432700,83.55069943,85.6992825,83.501865,84.7226525,89.63074821341428,97.25849323728782,0,0,0,,,,,,0,0,0,0,,,,1882760.10362164,3662897.770906075
1676519100,85.35746395,90.14295193,82.72055807,89.26398395,89.55739536073142,96.5317196657162,0,0,0,,,,,,0,0,0,0,,,,6933848.02842428,3962509.44574711
1676605500,89.26398395,92.68218895,88.1408575,89.21514855,89.48894599858514,95.86657683701472,0,0,0,,,,,,0,0,0,0,,,,5051384.86427818,4137480.212567708
1676864700,88.92216443,89.55696807,86.23643193,86.6759125,88.92633929886811,95.03106189728611,0,0,0,,,,,,0,0,0,0,,,,1938854.01841025,4145863.9914809093
1676951100,87.01773105,87.06656645,83.69718807,84.52732943,88.04653732509449,94.07617712753283,0,0,0,,,,,,0,0,0,0,,,,2603835.63888064,4183392.6870974684
1677037500,83.99018,84.18550307,81.93925895,82.13458105,86.86414607007559,92.99057748412075,0,0,0,,,,,,0,0,0,0,,,,2285940.42779763,4204854.141281755
1677123900,82.13458105,82.62289605,80.3278175,81.10912443,85.71314174206047,91.91044538829159,0,0,0,,,,,,0,0,0,0,,,,1567213.7861831,4217267.900842694
1677210300,81.548605,81.93925895,79.79066807,80.42547855,84.65560910364837,90.86635749390145,0,0,0,,,,,,0,0,0,0,,,,1542827.8877364,4157347.152964787
1677469500,80.37665193,80.37665193,77.15377,77.93507693,83.31150266891869,89.69078653354677,0,0,0,,,,,,0,0,0,0,,,,3825966.84517166,4175254.958377277
1677555900,78.17923443,78.76521145,76.47013193,76.95844693,82.04089152113495,88.53330111504252,0,0,0,,,,,,0,0,0,0,,,,1721629.48097028,3999100.3757820255
1677642300,77.05610895,79.40002193,76.4212975,78.08156557,81.24902633090797,87.58314333822047,0,0,0,,,,,,0,0,0,0,,,,2359569.13058169,4016478.6049988223
1677728700,78.17923443,78.96053355,76.4212975,76.95844693,80.39091045072637,86.61726184656406,0,0,0,,,,,,0,0,0,0,,,,1962484.25708815,4012483.9499093825
1677815100,77.34909307,77.59325057,76.03064355,76.37246307,79.58722097458109,85.68591650324005,0,0,0,,,,,,0,0,0,0,,,,2943875.36733461,4047696.312830857
1678074300,76.71428943,77.44676193,76.07947895,76.32363645,78.93450406966487,84.83480013476368,0,0,0,,,,,,0,0,0,0,,,,2832358.21140043,4079608.295874589
1678247100,76.27480105,76.27480105,74.22388,74.37037645,78.02167854573189,83.88348889069425,0,0,0,,,,,,0,0,0,0,,,,3875396.00462816,4173519.091160419
1678333500,74.712195,74.85869145,72.66127395,72.90543145,76.9984291265855,82.88548366881295,0,0,0,,,,,,0,0,0,0,,,,4246532.46367611,4276174.805197464
1678419900,72.5147775,72.5147775,70.31736,70.5615175,75.71104680126841,81.76512310801178,0,0,0,,,,,,0,0,0,0,,,,4450671.18560765,3875668.4721952016
1678679100,70.21969895,72.56361193,67.97344605,68.26643895,74.22212523101473,80.53797000273798,0,0,0,,,,,,0,0,0,0,,,,8001702.79430286,3336337.8147302456
1678765500,68.6082575,70.26852557,66.06902145,67.09447807,72.79659579881178,79.31583437248906,0,0,0,,,,,,0,0,0,0,,,,5793452.99652888,3411742.061988675
1678851900,68.3641,71.00099807,67.38747,67.77812395,71.79290142904942,78.26695160680823,0,0,0,,,,,,0,0,0,0,,,,11698173.3102608,3875923.84014417
1678938300,67.38747,68.51059645,66.60616307,67.28980895,70.89228293323954,77.2690295470984,0,0,0,,,,,,0,0,0,0,,,,3962297.90196902,3979900.7300615394
1679024700,67.82695057,69.0965725,65.04355605,65.48304443,69.81043523259163,76.1975763546349,0,0,0,,,,,,0,0,0,0,,,,4856812.71310527,3876048.9642955894
1679283900,66.80149395,66.80149395,64.65290307,65.72720193,68.9937885720733,75.24572413421355,0,0,0,,,,,,0,0,0,0,,,,3507501.30550976,3798854.786357168
1679370300,66.11784807,69.24306895,66.02018605,67.09447807,68.61392647165864,74.5047017647396,0,0,0,,,,,,0,0,0,0,,,,5392775.15538126,3971550.843205719
1679456700,67.43630443,68.80358057,66.60616307,66.85032057,68.26120529132692,73.80884892885418,0,0,0,,,,,,0,0,0,0,,,,3851250.72954957,4033921.597739165
1679543100,67.04565145,68.75475395,65.97135943,68.21760355,68.25248494306153,73.30055389441289,0,0,0,,,,,,0,0,0,0,,,,4706036.06278734,4154926.3794886507
1679629500,68.26643895,68.70591855,65.97135943,66.1666825,67.83532445444922,72.65202013128444,0,0,0,,,,,,0,0,0,0,,,,2247181.6348054,4188924.7719197655
1679888700,66.41084,66.41084,62.69964307,63.43211557,66.95468267755938,71.8138469893495,0,0,0,,,,,,0,0,0,0,,,,3894410.3703552,4306503.896050705
1679975100,63.57861105,63.92043057,61.62535105,62.45548948,66.0548440380475,70.96308721577228,0,0,0,,,,,,0,0,0,0,,,,5012135.60918669,4365812.334251457
1680061500,62.7484775,66.31317895,61.72301698,65.48304443,65.940484116438,70.4649015079748,0,0,0,,,,,,0,0,0,0,,,,5167323.34661028,4538097.027533457
1680234300,66.06902145,69.14540693,66.06902145,66.85032057,66.1224514071504,70.13630324088618,0,0,0,,,,,,0,0,0,0,,,,6224759.63261419,4731356.552635082
1680493500,67.6316275,71.00099807,67.58279307,70.21969895,66.94190091572031,70.14388466898744,0,0,0,,,,,,0,0,0,0,,,,5564253.6067907,4911445.020120209
1680666300,71.0498325,71.5381475,68.852415,69.34073,67.42166673257624,70.0708706081704,0,0,0,,,,,,0,0,0,0,,,,3894183.05806703,4958960.40465683
1680752700,68.95007605,68.99891145,67.92461943,68.3641,67.61015338606099,69.91570964379127,0,0,0,,,,,,0,0,0,0,,,,2518497.28146791,4943267.358160205
1681098300,68.3641,68.75475395,67.43630443,68.26643895,67.7414104988488,69.76577594435571,0,0,0,,,,,,0,0,0,0,,,,3393724.33777377,4919183.774817486
1681184700,68.6082575,69.14540693,67.09447807,67.58279307,67.70968701307903,69.56732295577791,0,0,0,,,,,,0,0,0,0,,,,2991941.67699129,4856454.235483245
1681271100,67.875785,72.61243855,67.43630443,70.95217145,68.35818390046323,69.69321827343447,0,0,0,,,,,,0,0,0,0,,,,7940873.20684394,5030964.336545059
1681357500,71.29399,71.782305,69.48722645,69.829045,68.65235612037058,69.7055661576677,0,0,0,,,,,,0,0,0,0,,,,2596038.41782456,4760681.117721145
1681703100,70.0732025,70.70801395,69.34073,69.829045,68.88769389629647,69.71679150697064,0,0,0,,,,,,0,0,0,0,,,,1712199.09279871,4556618.422534635
1681789500,70.12203693,71.19632895,69.53605307,70.17086355,69.14432782703717,69.75807078360967,0,0,0,,,,,,0,0,0,0,,,,3477931.25339177,4145606.319691184
1681875900,71.83113943,77.3979275,71.83113943,75.73765943,70.46299414762974,70.30166975146334,0,0,0,,,,,,0,0,0,0,,,,25753918.06518334,5235187.327851901
1681962300,76.51895855,76.81195145,71.97762807,72.46594307,70.8635839321038,70.49842187133031,0,0,0,,,,,,0,0,0,0,,,,7464408.22010383,5365567.103201829
1682048700,72.36828105,73.93088807,71.00099807,72.41711645,71.17429043568303,70.67284865120936,0,0,0,,,,,,0,0,0,0,,,,5324309.10375475,5456407.493114078
1682307900,72.71010057,72.758935,69.829045,69.97554145,70.93454063854642,70.60945708746306,0,0,0,,,,,,0,0,0,0,,,,4053853.5576421,5389461.41322712
1682394300,70.26852557,70.36619443,68.65709193,68.99891145,70.54741480083713,70.46304384769368,0,0,0,,,,,,0,0,0,0,,,,3292871.40472851,5361542.446986067
1682480700,69.0965725,69.63372193,67.92461943,68.07110807,70.0521534546697,70.24559514063063,0,0,0,,,,,,0,0,0,0,,,,3285693.66085416,5290525.326889409
1682567100,68.6082575,68.95007605,67.92461943,68.3641,69.71454276373576,70.07455012784602,0,0,0,,,,,,0,0,0,0,,,,2065655.36590111,5281449.013444195
1682653500,68.75475395,69.92670605,68.75475395,69.14540693,69.6007155969886,69.99008256440547,0,0,0,,,,,,0,0,0,0,,,,3633317.6330852,5268394.376580692
1682999100,69.34073,71.14749355,69.34073,70.46385645,69.77334376759089,70.03315291764133,0,0,0,,,,,,0,0,0,0,,,,3272806.48761558,5181427.920502136
1683085500,70.46385645,70.95217145,69.0965725,69.48722645,69.7161203040727,69.98352323876485,0,0,0,,,,,,0,0,0,0,,,,2171604.39470424,5031641.972906834
1683171900,69.78021057,71.97762807,69.48722645,71.48931307,70.07075885725816,70.12041322342259,0,0,0,,,,,,0,0,0,0,,,,4007269.89750468,4920767.486151359
1683258300,71.19632895,72.07529693,69.34073,69.63372193,69.98335147180653,70.07616856038418,0,0,0,,,,,,0,0,0,0,,,,3529449.22846933,4819027.267235291
1683517500,69.92670605,73.05192693,69.14540693,72.22178557,70.43103829144522,70.27122465216743,0,0,0,,,,,,0,0,0,0,,,,5466446.86319282,4897640.45749158
1683603900,72.80776943,74.56569855,71.44048645,73.0030925,70.94544913315617,70.51957627469767,0,0,0,,,,,,0,0,0,0,,,,5954447.43659318,5069437.965247843
1683690300,73.24725,74.85869145,71.87996605,74.07738355,71.57183601652494,70.84301329972516,0,0,0,,,,,,0,0,0,0,,,,6777383.45125585,5238620.920921948
1683776700,74.41920307,75.78648605,72.85659605,75.20051,72.29757081321995,71.2391493633865,0,0,0,,,,,,0,0,0,0,,,,4160274.61781842,5297037.567963304
1683863100,75.00518693,75.88414807,72.95425807,73.29608443,72.49727353657596,71.42614346035137,0,0,0,,,,,,0,0,0,0,,,,4157221.26086645,5107854.9706644295
1684122300,73.44257307,73.58906855,71.97762807,72.31945443,72.46170971526077,71.50735354850124,0,0,0,,,,,,0,0,0,0,,,,1702056.04988583,5063155.8522674935
1684208700,72.27062,73.24725,70.70801395,71.00099807,72.16956738620861,71.46132123227386,0,0,0,,,,,,0,0,0,0,,,,2836500.00511965,5119370.89788354
1684295100,70.90333605,71.83113943,70.21969895,70.70801395,71.87725669896689,71.39283875206715,0,0,0,,,,,,0,0,0,0,,,,1929419.53452177,5041945.3119400395
1684381500,71.14749355,71.68464395,70.21969895,70.65917855,71.6336410691735,71.32614237006105,0,0,0,,,,,,0,0,0,0,,,,1776424.02957108,3843070.610159428
1684467900,71.19632895,71.58698193,69.97554145,71.34282443,71.5754777413388,71.3276589209646,0,0,0,,,,,,0,0,0,0,,,,1638951.29168672,3551797.7637385717
1684727100,73.29608443,74.51687193,72.41711645,73.735565,72.00749519307104,71.54655947360418,0,0,0,,,,,,0,0,0,0,,,,6864157.35744345,3628790.1764230067
1684813500,73.9797225,75.00518693,73.0030925,73.93088807,72.39217376845683,71.76331661873107,0,0,0,,,,,,0,0,0,0,,,,4526318.05289618,3652413.401185711
1684899900,73.83322605,75.10284895,71.782305,72.22178557,72.35809612876547,71.80499561430096,0,0,0,,,,,,0,0,0,0,,,,4546154.63379171,3715077.5626388714
1684986300,75.20051,81.98808557,75.20051,76.665455,73.21956790301238,72.24685555845542,0,0,0,,,,,,0,0,0,0,,,,48865212.00454625,5994053.479823475
1685072700,76.61662057,80.96262895,76.12830557,80.62080943,74.6998162084099,73.00812409223221,0,0,0,,,,,,0,0,0,0,,,,20317178.4606248,6906629.634559659
1685331900,82.03692,82.67173145,79.69300605,80.18132105,75.79611717672792,73.66023290657473,0,0,0,,,,,,0,0,0,0,,,,12157228.42837103,7332825.174323951
1685418300,80.66963605,83.01355,79.64417943,82.03692,77.04427774138233,74.42174991506793,0,0,0,,,,,,0,0,0,0,,,,9584371.76822338,7648403.438354341
1685504700,82.42757395,82.42757395,78.91170693,79.44884855,77.52519190310586,74.87875888187995,0,0,0,,,,,,0,0,0,0,,,,7658165.32361283,7922731.484799771
1685591100,79.98599895,80.571975,78.81403807,79.10703,77.84155952248469,75.2631471653454,0,0,0,,,,,,0,0,0,0,,,,5604473.54678845,8002591.66726396
1685677500,79.64417943,80.86496693,79.44884855,80.03482557,78.28021273198775,75.6969361112231,0,0,0,,,,,,0,0,0,0,,,,3730606.26849472,8012649.519265229
1685936700,80.8161325,87.8967,80.23015645,87.21306193,80.0667825715902,76.74385664020281,0,0,0,,,,,,0,0,0,0,,,,27084753.69382468,9093564.860796822
1686023100,87.8967,88.23851855,84.7226525,85.16213307,81.08585267127215,77.5091544974571,0,0,0,,,,,,0,0,0,0,,,,11464903.80184922,9369087.679059625
1686109500,85.74811693,86.77357355,84.62499145,86.04110105,82.07690234701772,78.28478600223373,0,0,0,,,,,,0,0,0,0,,,,8843031.64965238,9472370.088979451
1686195900,86.57825145,87.26188855,84.86914895,85.94344,82.85020987761418,78.98102727475793,0,0,0,,,,,,0,0,0,0,,,,7144130.32571189,9621562.874374125
1686282300,86.13876307,86.77357355,84.18550307,85.65044807,83.41025751609133,79.58733825614358,0,0,0,,,,,,0,0,0,0,,,,5990128.29833202,9713208.226247404
1686541500,86.08993645,87.60370807,85.84577895,86.48058943,84.02432389887306,80.2139974537669,0,0,0,,,,,,0,0,0,0,,,,4599595.54795573,9858085.201150898
1686627900,87.01773105,91.21724395,86.57825145,89.6058025,85.14061961909844,81.06779791251536,0,0,0,,,,,,0,0,0,0,,,,17047374.13349989,10568628.907569911
1686714300,89.75229895,91.314905,88.09202307,89.06865307,85.92622630927876,81.7951483813776,0,0,0,,,,,,0,0,0,0,,,,9707944.66686463,10957555.164187053
1686800700,89.26398395,90.68009355,88.67800693,89.99645645,86.74027233742301,82.54072184216146,0,0,0,,,,,,0,0,0,0,,,,8018835.17811249,11269675.721614124
1686887100,91.85205443,95.4655825,90.63126693,92.38919605,87.8700570799384,83.43603767923769,0,0,0,,,,,,0,0,0,0,,,,61663188.72039565,14270887.59304957
1687146300,92.68218895,94.09829855,89.75229895,91.80322,88.65668966395073,84.1966906174888,0,0,0,,,,,,0,0,0,0,,,,9280439.8799955,14391701.719177175
1687232700,91.99854307,92.43803145,90.53359807,91.0707475,89.13950123116058,84.82160487953527,0,0,0,,,,,,0,0,0,0,,,,5924206.71083215,14461596.15207397
1687319100,91.99854307,95.07492855,91.99854307,92.58452693,89.82850637092847,85.52732506594116,0,0,0,,,,,,0,0,0,0,,,,9276063.60648352,14698091.600708563
1687405500,92.92634645,93.07284193,89.45930605,90.43593605,89.94999230674277,85.97356242812832,0,0,0,,,,,,0,0,0,0,,,,5121816.86001864,12510921.843482181
1687491900,91.5590625,91.5590625,88.04319645,88.58033807,89.67606145939422,86.21054203193484,0,0,0,95.4655825,61.62535105,,,,1,1,1,1,,,,6448571.1067651,11817491.475789197
1687751100,88.67800693,88.87333,87.21306193,87.75020355,89.29088987751537,86.35051126084986,0,0,0,95.4655825,61.62535105,,,,1,1,1,1,,,,3862630.67896747,11402761.588319018
1687837500,88.1408575,89.75229895,87.8967,88.18969193,89.07065028801229,86.51770950349987,0,0,0,95.4655825,61.62535105,,,,1,1,1,1,,,,3353912.9455372,11091238.64718471
1687923900,88.58033807,89.06865307,87.99436105,88.6291725,88.98235473040982,86.70966068499989,0,0,0,95.4655825,61.62535105,,,,1,1,1,1,,,,3175930.49568414,10867126.905788274
1688096700,89.06865307,91.90088105,88.92216443,90.28944057,89.24377189832786,87.0350952199999,0,0,0,95.4655825,61.62535105,,,,1,1,1,1,,,,8779565.44443648,11025881.500670675
1688355900,91.21724395,91.314905,89.55696807,90.0941175,89.4138410186623,87.31318815454537,0,0,0,95.4655825,61.62535105,,,,1,1,1,1,,,,5100202.73798675,11094361.324145276
1688442300,89.45930605,90.63126693,88.48267605,89.1174875,89.35457031492983,87.47721536776852,0,0,0,95.4655825,61.62535105,,,,1,1,1,1,,,,4058817.5665298,9943064.517780531
1688528700,89.80112557,90.87542443,88.82449557,90.43593605,89.57084346194387,87.7461899752441,0,0,0,95.4655825,61.62535105,,,,1,1,1,1,,,,4266006.57362563,9583119.656369353
1688615100,90.72892895,93.70764557,90.338275,92.14503855,90.08568247955509,88.14608530022191,0,0,0,95.4655825,61.62535105,,,,1,1,1,1,,,,15698181.5016946,9925877.148971464
1688701500,92.291535,92.48685807,89.06865307,89.75229895,90.01900577364407,88.29210472292901,0,0,0,95.4655825,61.62535105,,,,1,1,1,1,,,,5708525.23473578,9854096.894422658
1688960700,90.04528307,90.92425105,88.97099105,89.16632193,89.84846900491526,88.37157901448091,0,0,0,95.4655825,61.62535105,,,,1,1,1,1,,,,3105948.0048739,9709887.879749753
1689047100,89.50814145,90.72892895,89.31281057,89.65463693,89.8097025899322,88.48822064316447,0,0,0,95.4655825,61.62535105,,,,1,1,1,1,,,,3288984.56938656,9644357.330821294
1689133500,90.53359807,91.60789693,90.338275,90.87542443,90.02284695794576,88.70523916924043,0,0,0,95.4655825,61.62535105,,,,1,1,1,1,,,,7200175.09189765,9151997.378741182
1689219900,91.21724395,91.99854307,89.1174875,89.70346355,89.95897027635661,88.79598684021857,0,0,0,95.4655825,61.62535105,,,,1,1,1,1,,,,3751148.33662697,8854157.5622293
1689306300,90.24061395,90.72892895,89.26398395,90.43593605,90.05436343108529,88.94507313201689,0,0,0,95.4655825,61.62535105,,,,1,1,1,1,,,,3219134.16544648,8614172.511596
1689565500,90.48477145,100.59289,90.338275,98.737293,91.79094934486824,89.83527493819717,0,0,0,95.4655825,61.62535105,,,,1,1,1,1,,,,32519133.14151726,7156969.73265208
1689651900,99.0791135,101.081205,95.90506307,97.7118315,92.9751257758946,90.5513255347247,0,0,0,95.4655825,61.62535105,,,,1,1,1,1,,,,11607833.05857899,7273339.391581255
1689738300,98.63963,100.104575,97.22351943,98.8837875,94.15685812071568,91.30882207702246,0,0,0,95.4655825,61.62535105,,,,1,1,1,1,,,,6642230.93699763,7309240.60288953
1689824700,99.3721025,99.909249,97.37000807,97.760663,94.87761909657254,91.89535307002042,0,0,0,95.4655825,61.62535105,,,,1,1,1,1,,,,6193343.4361017,7155104.594370438
1689911100,97.32118145,103.0832965,96.34455145,101.960172,96.29412967725804,92.81033660910947,0,0,0,95.4655825,61.62535105,,,,1,1,1,1,,,,16172926.28733502,7707660.065736258
1690170300,102.936802,105.573703,101.960172,102.5949815,97.55430004180643,93.69984978100861,0,0,0,95.4655825,61.62535105,,,,1,1,1,1,,,,9776983.09492848,7874080.665144426
1690256700,103.3762855,103.913432,99.909249,101.5206885,98.34757773344515,94.41083511909873,0,0,0,95.4655825,61.62535105,,,,1,1,1,1,,,,6299022.14758916,7995900.238575511
1690343100,102.155498,102.839139,101.1300365,101.960172,99.07009658675612,95.09713847190794,0,0,0,95.4655825,61.62535105,,,,1,1,1,1,,,,6485285.11309298,8152468.8469533
1690429500,102.741476,107.4293,102.155498,106.0131865,100.4587145694049,96.08950647446176,0,0,0,95.4655825,61.62535105,,,,1,1,1,1,,,,13690774.39767363,8678211.042052774
1690515900,104.890062,104.890062,102.350824,103.2786225,101.02269615552392,96.74306247678342,0,0,0,95.4655825,61.62535105,,,,1,1,1,1,,,,7474980.2893624,8612981.784299072
1690775100,103.327454,103.815769,100.6417215,101.960172,101.21019132441913,97.2173451607122,0,0,0,95.4655825,61.62535105,,,,1,1,1,1,,,,6410620.1939322,8678502.657096343
1690861500,102.448487,105.2318825,102.155498,103.9622635,101.76060575953531,97.83051955519291,0,0,0,95.4655825,61.62535105,,,,1,1,1,1,,,,8997630.62777101,8925443.310158402
1690947900,103.5,104.9,100.55,102.95,101.99848460762824,98.29592686835718,0,0,0,95.4655825,61.62535105,,,,1,1,1,1,,,,6183231,9021304.53147712
1691034300,102.95,108.2,101.5,105.75,102.74878768610259,98.97356988032472,0,0,0,95.4655825,61.62535105,,,,1,1,1,1,,,,7246298,8598710.35639239
1691120700,103.2,104.75,102.25,103.2,102.83903014888207,99.35779080029519,0,0,0,95.4655825,61.62535105,,,,1,1,1,1,,,,7064393,8666503.7446556
1691379900,104.05,104.45,101.1,101.6,102.59122411910566,99.56162800026836,0,0,0,95.4655825,61.62535105,,,,1,1,1,1,,,,3540320,8688222.344411906
1691466300,102.05,102.55,98.050003,98.449997,101.76297869528453,99.4605706366076,0,0,0,95.4655825,61.62535105,,,,1,1,1,1,,,,6274551,8837500.665942578
1691552700,99.400002,101.8,98.75,99.349998,101.28038255622762,99.45051857873418,0,0,0,95.4655825,61.62535105,,,,1,1,1,1,,,,5788549,8766919.361347696
1691639100,99.400002,101.3,99.099998,99.550003,100.9343066449821,99.45956261703107,0,0,0,108.2,61.62535105,,,,1,1,1,1,,,,5773917,8868057.79451635
1691725500,99.900002,100.35,98,98.199997,100.38744471598568,99.34505665184642,0,0,0,108.2,61.62535105,,,,1,1,1,1,,,,2141193,8814160.736244025
1691984700,98.449997,98.599998,95.050003,96.5,99.60995577278854,99.0864151380422,0,0,0,108.2,61.62535105,,,,1,1,1,1,,,,2824795,7329443.829168161
1692157500,96.449997,101.5,95.199997,101.1,99.90796461823084,99.26946830731109,0,0,0,108.2,61.62535105,,,,1,1,1,1,,,,7155133,7106808.8262392115
1692243900,101.7,102.3,98.650002,99.550003,99.83637229458466,99.29497146119189,0,0,0,108.2,61.62535105,,,,1,1,1,1,,,,3069616,6928178.079389329
1692330300,99.300003,100.9,98.050003,98.800003,99.62909843566773,99.24997432835626,0,0,0,108.2,61.62535105,,,,1,1,1,1,,,,2497865,6743404.157584245
1692589500,99.150002,100.5,98.900002,99.900002,99.68327914853418,99.30906775305114,0,0,0,108.2,61.62535105,,,,1,1,1,1,,,,2051546,6037335.143217494
1692675900,99.300003,100.9,99.099998,99.699997,99.68662271882735,99.34460677550103,0,0,0,108.2,61.62535105,,,,1,1,1,1,,,,3409258,5718948.88847107
1692762300,99.5,102.1,99,101.05,99.95929817506187,99.49964252318276,0,0,0,108.2,61.62535105,,,,1,1,1,1,,,,4631995,5635597.531091613
1692848700,100.95,102.6,99.75,100.1,99.9874385400495,99.55422047562068,0,0,0,108.2,61.62535105,,,,1,1,1,1,,,,4853481,5554007.325436963
1692935100,99.849998,100.4,98.699997,99.400002,99.8699512320396,99.54020061420061,0,0,0,108.2,61.62535105,,,,1,1,1,1,,,,3277207,5033328.955553281
1693194300,99.599998,102.25,99.5,100.8,100.05596098563167,99.65472783109146,0,0,0,108.2,61.62535105,,,,1,1,1,1,,,,4469200,4883039.941085162
1693280700,101.5,102.05,99.400002,99.550003,99.95476938850534,99.64520739190134,0,0,0,108.2,61.62535105,,,,1,1,1,1,,,,2382931,4681655.481388551
1693367100,100.3,100.8,99.5,100.3,100.02381551080427,99.70473399263759,0,0,0,108.2,61.62535105,,,,1,1,1,1,,,,2807816,4372164.75
1693453500,101,104.15,100.55,102.5,100.51905240864342,99.95884908421598,0,0,0,108.2,61.62535105,,,,1,1,1,1,,,,7535394,4439772.9
1693539900,102.85,104.6,101.85,103.95,101.20524192691474,100.3216809856509,0,0,0,108.2,61.62535105,,,,1,1,1,1,,,,5413456,4348130.8
1693799100,104.3,105.6,104,104.5,101.86419354153179,100.70152816877355,0,0,0,108.2,61.62535105,,,,1,1,1,1,,,,3878813,4188851.8
1693885500,104.95,104.95,102.2,103.1,102.11135483322543,100.91957106252141,0,0,0,108.2,61.62535105,,,,1,1,1,1,,,,3451957,4184433.65
1693971900,103.3,104.9,103.2,103.7,102.42908386658034,101.17233732956493,0,0,0,108.2,61.62535105,,,,1,1,1,1,,,,3883161,4064864.15
1694058300,104.65,108.9,103.9,107.15,103.37326709326427,101.71576120869538,0,0,0,108.2,61.62535105,,,,1,1,1,1,,,,12008797,4375876.549999999
1694144700,108.15,108.75,105.4,105.75,103.84861367461141,102.08251018972308,0,0,0,108.2,61.62535105,,,,1,1,1,1,,,,5054988,4339930.099999999
1694403900,106.35,106.7,104.1,105,104.07889093968913,102.3477365361119,0,0,0,108.2,61.62535105,,,,1,1,1,1,,,,2989571,4382348.999999998
1694490300,105.3,105.9,99.300003,100.3,103.32311275175131,102.16157866919264,0,0,0,108.2,61.62535105,,,,1,1,1,1,,,,6566148,4569416.649999999
1694576700,99,103.25,98.800003,103,103.25849020140105,102.23779879017512,0,0,0,108.2,61.62535105,,,,1,1,1,1,,,,4940446,4458682.299999999
1694663100,103.35,104.4,101.95,102.2,103.04679216112083,102.23436253652284,0,0,0,108.9,61.62535105,,,,1,1,1,1,,,,3098969,4460149.949999999
1694749500,102.5,103.6,101.5,101.7,102.77743372889667,102.18578412411168,0,0,0,108.9,61.62535105,,,,1,1,1,1,,,,5351540,4602833.699999999
1695008700,101.75,103.8,100.55,101.05,102.43194698311733,102.0825310219197,0,0,0,108.9,61.62535105,,,,1,1,1,1,,,,4781937,4739353.249999999
1695181500,100.9,101.2,99.199997,99.75,101.89555758649387,101.87048274719973,0,0,0,108.9,61.62535105,,,,1,1,1,1,,,,2984202,4718100.449999999
1695267900,99.75,100.8,96.199997,96.650002,100.84644646919509,101.39589358836339,0,0,0,108.9,61.62535105,,,,1,1,1,1,,,,5306384,4751819.8999999985
1695354300,96.949997,98.800003,95.849998,98.150002,100.30715757535607,101.10081253487581,0,0,0,108.9,61.62535105,,,,1,1,1,1,,,,3624966,4690394.1499999985
1695613500,98.400002,99.150002,96.650002,97,99.64572606028486,100.72801139534165,0,0,0,108.9,61.62535105,,,,1,1,1,1,,,,2413916,4647229.6
1695699900,97,97.75,94.800003,95.25,98.76658084822789,100.2300103594015,0,0,0,108.9,61.62535105,,,,1,1,1,1,,,,4390006,4643269.899999999
1695786300,95.400002,97.25,95.099998,96.849998,98.38326427858232,99.92273650854682,0,0,0,108.9,61.62535105,,,,1,1,1,1,,,,3382417,4693244.2
1695872700,96.849998,97.900002,95.75,97.550003,98.21661202286586,99.7070334623153,0,0,0,108.9,61.62535105,,,,1,1,1,1,,,,2456669,4675686.85
1695959100,96.5,102.6,96.349998,102.05,98.98328961829269,99.92003042028664,0,0,0,108.9,61.62535105,,,,1,1,1,1,,,,10091452,4803489.75
1696304700,102.2,102.65,100.75,102.05,99.59663169463415,100.11366401844239,0,0,0,108.9,61.62535105,,,,1,1,1,1,,,,2510898,4658361.85
1696391100,101.35,102.35,99.900002,100.05,99.68730535570732,100.10787638040217,0,0,0,108.9,61.62535105,,,,1,1,1,1,,,,2601853,4594513.85
1696477500,100.3,101.05,99.900002,100.25,99.79984428456586,100.12079670945653,0,0,0,108.9,61.62535105,,,,1,1,1,1,,,,1550950,4499463.5
1696563900,100.5,100.75,99.599998,99.949997,99.82987482765269,100.10526946314229,0,0,0,108.9,61.62535105,,,,1,1,1,1,,,,1813824,4395996.65
1696823100,99.599998,99.699997,96.900002,97.449997,99.35389926212216,99.86388105740208,0,0,0,108.9,61.62535105,,,,1,1,1,1,,,,1837002,3887406.9
1696909500,97.550003,101.25,97.550003,99.75,99.43311940969772,99.8535282340019,0,0,0,108.9,61.62535105,,,,1,1,1,1,,,,2559901,3762652.55
1696995900,100.3,101,98,98.550003,99.25649612775818,99.73502594000173,0,0,0,108.9,61.62535105,,,,1,1,1,1,,,,2176459,3721996.9499999993
1697082300,99.199997,100.3,97.300003,98.150002,99.03519730220654,99.59093285454703,0,0,0,108.9,61.62535105,,,,1,1,1,1,,,,3561269,3571752.999999999
1697168700,97.900002,98.150002,96.849998,97.099998,98.64815744176524,99.3644842314064,0,0,0,108.9,61.62535105,,,,1,1,1,1,,,,2594413,3454451.349999999
1697427900,97.349998,98.400002,96.599998,96.949997,98.3085253534122,99.14498539218764,0,0,0,108.9,61.62535105,,,,1,1,1,1,,,,2382878,3418646.7999999993
1697514300,99.050003,100.8,98.150002,99.099998,98.46681988272975,99.1408956292615,0,0,0,108.9,61.62535105,,,,1,1,1,1,,,,5733207,3437730.1499999994
1697600700,99.300003,101.3,98.849998,99.449997,98.6634553061838,99.16899575387409,0,0,0,108.9,61.62535105,,,,1,1,1,1,,,,4971717,3447219.15
1697687100,98.849998,100.25,98.5,99.099998,98.75076384494704,99.16272323079463,0,0,0,108.9,61.62535105,,,,1,1,1,1,,,,2541002,3425059.15
1697773500,99.050003,100.4,98.699997,99.449997,98.89061047595763,99.18883902799512,0,0,0,108.9,61.62535105,,,,1,1,1,1,,,,2838000,3301639.9499999997
1698032700,99.449997,100.3,92.849998,93.800003,97.87248898076611,98.69894484363192,0,0,0,108.9,61.62535105,,,,1,1,1,1,,,,4371037,3338943.499999999
1698205500,94.900002,95.650002,89.949997,91.300003,96.55799178461288,98.02631376693812,0,0,0,108.9,61.62535105,,,,1,1,1,1,,,,4086047,3422550.0499999993
1698291900,91,91,87.5,89.650002,95.1763938276903,97.26483087903465,0,0,0,108.9,61.62535105,,,,1,1,1,1,,,,3186920,3362395.749999999
1698378300,90,93.449997,90,92.5,94.64111506215224,96.83166443548605,0,0,0,108.9,61.62535105,,,,1,1,1,1,,,,2790959,3332822.8499999996
1698637500,98,100.4,94.699997,95.449997,94.80289144972178,96.70605830498731,0,0,0,108.9,61.62535105,,,,1,1,1,1,,,,22924321,4356205.45
1698723900,96.199997,109.4,95.099998,104.5,96.74231315977742,97.41459845907937,0,0,0,108.9,61.62535105,,,,1,1,1,1,,,,55864867,6644876.2
1698810300,103,107.2,102.45,106.6,98.71385052782193,98.24963496279943,0,0,0,108.9,61.62535105,,,,1,1,1,1,,,,20239054,7531284
1698896700,107.55,108.25,105.8,106.55,100.28108042225755,99.00421360254494,0,0,0,108.9,61.62535105,,,,1,1,1,1,,,,9163347,7859358.7
1698983100,107,108.2,104.1,104.65,101.15486433780603,99.51746691140448,0,0,0,108.9,61.62535105,,,,1,1,1,1,,,,6558232,8109722.8
1699242300,106,110.9,104.35,108.5,102.62389147024483,100.33406082854953,0,0,0,108.9,61.62535105,,,,1,1,1,1,,,,14099282,8723995.7
1699328700,108.75,116.6,108.75,113.05,104.70911317619586,101.49005529868138,0,0,0,108.9,61.62535105,,,,1,1,1,1,,,,31919318,10228111.5
1699415100,114.8,120.95,95.300003,115.6,106.88729054095668,102.7727775442558,0,0,0,108.9,61.62535105,,,,1,1,1,1,,,,30546978,11627465.35
1699501500,117.95,120.4,116.1,117.6,109.02983243276535,104.12070685841437,0,0,0,108.9,61.62535105,,,,1,1,1,1,,,,15565507,12296917.75
1699587900,117,119.3,116.4,118.1,110.84386594621228,105.3915516894676,0,0,0,108.9,61.62535105,,,,1,1,1,1,,,,5636909,12400699.75
1699793100,119.4,121.7,119.3,121.35,112.94509275696981,106.84231971769782,0,0,0,108.9,61.62535105,,,,1,1,1,1,,,,3888289,12465393.55
1699847100,121.35,122.85,119.6,120.2,114.39607420557586,108.0566542888162,0,0,0,108.9,61.62535105,,,,1,1,1,1,,,,8577054,12775102.35
1700019900,122.2,122.25,117.85,118.25,115.16685936446069,108.983322080742,0,0,0,108.9,61.62535105,,,,1,1,1,1,,,,5755334,12776208.7
1700106300,118.25,120.4,116.05,116.85,115.50348749156855,109.69847461885637,0,0,0,108.9,61.62535105,,,,1,1,1,1,,,,4757812,12765513.45
1700192700,117,119,115.8,116.75,115.75278999325484,110.33952238077852,0,0,0,108.9,61.62535105,,,,1,1,1,1,,,,2878297,12782378.2
1700451900,117.1,121.2,116.85,119.6,116.52223199460387,111.18138398252593,0,0,0,108.9,61.62535105,,,,1,1,1,1,,,,9615823,13121269.35
1700538300,120,120.8,118.75,119.9,117.1977855956831,111.97398543865994,0,0,0,122.85,61.62535105,,,,1,1,1,1,,,,6484172,13226926.1
1700624700,120,123.4,118.7,119.1,117.57822847654649,112.6218049442363,0,0,0,122.85,61.62535105,,,,1,1,1,1,,,,7792598,13412253.65
1700711100,119.8,125.3,119.7,124.1,118.88258278123719,113.665277222033,0,0,0,122.85,61.62535105,,,,1,1,1,1,,,,18788150,14192315.15
1700797500,125,126.8,121.95,122.95,119.69606622498975,114.5093429291209,0,0,0,122.85,61.62535105,,,,1,1,1,1,,,,10227902,14564162.3
1701143100,123.9,124.7,121.5,122,120.1568529799918,115.19031175374627,0,0,0,122.85,61.62535105,,,,1,1,1,1,,,,4545906,13645241.55
1701229500,122.9,124.7,122,123.6,120.84548238399344,115.95482886704207,0,0,0,122.85,61.62535105,,,,1,1,1,1,,,,4241044,11064050.4
1701315900,123.45,127.55,122.5,126.6,121.99638590719475,116.92257169731097,0,0,0,122.85,61.62535105,,,,1,1,1,1,,,,10657017,10584948.55
1701402300,126.45,128.2,124.2,126.2,122.8371087257558,117.7659742702827,0,0,0,122.85,61.62535105,,,,1,1,1,1,,,,7239820,10488772.2
1701661500,128,128.45,125,125.45,123.35968698060464,118.46452206389336,0,0,0,122.85,61.62535105,,,,1,1,1,1,,,,5645726,10443146.899999999
1701747900,126,126.7,123.35,126,123.88774958448371,119.14956551263032,0,0,0,122.85,61.62535105,,,,1,1,1,1,,,,5233867,9999876.149999999
1701834300,126.5,127.8,125.6,126.35,124.38019966758696,119.80415046602756,0,0,0,122.85,61.62535105,,,,1,1,1,1,,,,4277399,8617780.199999997
1701920700,126.45,128.3,125.15,126.4,124.78415973406958,120.40377315093416,0,0,0,122.85,61.62535105,,,,1,1,1,1,,,,4684044,7324633.499999998
1702007100,126.1,129.25,125.9,126.75,125.17732778725566,120.9807028644856,0,0,0,122.85,61.62535105,,,,1,1,1,1,,,,5295295,6811122.899999997
1702266300,127.05,131.85001,125.25,127.4,125.62186222980453,121.56427533135054,0,0,0,122.85,61.62535105,,,,1,1,1,1,,,,18623248,7460439.849999997
1702352700,129,130.8,126.8,127.2,125.93748978384363,122.0766139375914,0,0,0,122.85,61.62535105,,,,1,1,1,1,,,,5246709,7528360.849999997
1702439100,127.45,128.05,125.7,126.55,126.05999182707491,122.48328539781036,0,0,0,122.85,61.62535105,,,,1,1,1,1,,,,3297294,7264372.849999997
1702525500,128,130.2,127.2,128.7,126.58799346165992,123.04844127073669,0,0,0,122.85,61.62535105,,,,1,1,1,1,,,,8946285,7423920.399999997
1702611900,129.39999,129.95,125.6,125.9,126.45039476932794,123.3076738824879,0,0,0,122.85,61.62535105,,,,1,1,1,1,,,,3634165,7367738.049999997
1702871100,125.9,128.95,124.25,126.6,126.48031581546235,123.60697625680719,0,0,0,131.85001,61.62535105,,,,1,1,1,1,,,,4701061,7458876.249999997
1702957500,128,132.35001,127,129.3,127.04425265236988,124.12452386982471,0,0,0,131.85001,61.62535105,,,,1,1,1,1,,,,8671463,7411658.249999997
1703043900,129.89999,132.14999,122,124.3,126.4954021218959,124.14047624529519,0,0,0,131.85001,61.62535105,,,,1,1,1,1,,,,8980565,7536477.899999997
1703130300,123.35,130.5,120.6,128.89999,126.97631969751673,124.57315931390472,0,0,0,131.85001,61.62535105,,,,1,1,1,1,,,,5905873,7442141.649999997
1703216700,130.5,141.8,130.05,140.5,129.68105575801337,126.02105392173156,0,0,0,131.85001,61.62535105,,,,1,1,1,1,,,,37708807,8388174.5
1703562300,141.2,141.89999,138.05,138.60001,131.4648466064107,127.16459538339232,0,0,0,131.85001,61.62535105,,,,1,1,1,1,,,,7999633,8276761.05
1703648700,139.39999,142.5,138,138.2,132.81187728512856,128.16781398490212,0,0,0,131.85001,61.62535105,,,,1,1,1,1,,,,5187370,8308834.25
1703735100,138.75,140.05,137.7,138.14999,133.87949982810284,129.0752845317292,0,0,0,131.85001,61.62535105,,,,1,1,1,1,,,,3597693,8276666.700000001
1703821500,138.45,139.7,137.05,138.85001,134.87360186248227,129.96389593793563,0,0,0,131.85001,61.62535105,,,,1,1,1,1,,,,4558412,7971736.450000001
1704080700,138.89999,139.60001,137.8,138.55,135.60888148998583,130.74445085266876,0,0,0,131.85001,61.62535105,,,,1,1,1,1,,,,3223669,7770928.900000003
1704167100,138.60001,143.8,138.3,140.5,136.58710519198866,131.6313189569716,0,0,0,131.85001,61.62535105,,,,1,1,1,1,,,,12577983,8117541.750000003
1704253500,140.89999,142.39999,139.64999,140.25,137.3196841535909,132.4148354154287,0,0,0,131.85001,61.62535105,,,,1,1,1,1,,,,4697766,8090736.700000003
1704339900,140.64999,142.95,140.14999,142.10001,138.27574932287274,133.29530583220793,0,0,0,131.85001,61.62535105,,,,1,1,1,1,,,,5720391,8162886.300000003
1704426300,143.5,145.8,143,144.8,139.5805994582982,134.34118712018903,0,0,0,131.85001,61.62535105,,,,1,1,1,1,,,,11990936,8528230.900000002
1704685500,143.3,144.60001,141.2,142.75,140.21447956663854,135.1056246547173,0,0,0,131.85001,61.62535105,,,,1,1,1,1,,,,4470919,8487012.100000003
1704771900,143.25,145.25,141.89999,143.2,140.81158365331083,135.8414769588339,0,0,0,131.85001,61.62535105,,,,1,1,1,1,,,,3547930,7733246.200000003
1704858300,143,145.45,142.3,143.39999,141.32926492264866,136.5286145080308,0,0,0,131.85001,61.62535105,,,,1,1,1,1,,,,4688868,7705354.150000003
1704944700,144.2,145.2,142.7,143.5,141.76341193811894,137.16237682548257,0,0,0,131.85001,61.62535105,,,,1,1,1,1,,,,2654145,7673196.700000003
1705031100,143.89999,144.45,141.60001,142.05,141.82072955049514,137.60670620498416,0,0,0,145.8,61.62535105,,,,1,1,1,1,,,,6517763,7551770.600000003
1705290300,142.7,142.8,139.39999,141.2,141.6965836403961,137.93336927725832,0,0,0,145.8,61.62535105,,,,1,1,1,1,,,,3395536,7539839.150000003
1705376700,141.14999,141.8,136.10001,138.2,140.9972669123169,137.9576084338712,0,0,0,145.8,61.62535105,,,,1,1,1,1,,,,3475195,7478545.850000003
1705463100,138,140,136.2,137.85001,140.36781552985352,137.94782675806474,0,0,0,145.8,61.62535105,,,,1,1,1,1,,,,3934936,7241719.500000005
1705549500,137.8,140.7,133.25,139.95,140.2842524238828,138.12984250733157,0,0,0,145.8,61.62535105,,,,1,1,1,1,,,,3704604,6977921.450000005
1705635900,141.25,144.89999,139.55,143.45,140.91740193910624,138.61349318848326,0,0,0,145.8,61.62535105,,,,1,1,1,1,,,,7472800,7056267.8000000045
1705722300,144.2,144.95,142.5,143.60001,141.453923551285,139.06681289862115,0,0,0,145.8,61.62535105,,,,1,1,1,1,,,,1384689,5240061.900000004
1705981500,144.5,148.7,142,143.2,141.803138841028,139.44255718056468,0,0,0,145.8,61.62535105,,,,1,1,1,1,,,,9384401,5309300.300000004
1706067900,143.2,145.3,141.85001,143.7,142.1825110728224,139.82959743687698,0,0,0,145.8,61.62535105,,,,1,1,1,1,,,,4011362,5250499.900000003
1706154300,144,146.75,141.64999,142.8,142.3060088582579,140.09963403352452,0,0,0,145.8,61.62535105,,,,1,1,1,1,,,,3281960,5234713.250000003
1706499900,143.75,145,141.25,142.10001,142.26480908660633,140.28148639411322,0,0,0,145.8,61.62535105,,,,1,1,1,1,,,,2199440,5116764.650000003
1706586300,142.85001,142.95,138.3,139,141.61184726928508,140.16498763101202,0,0,0,145.8,61.62535105,,,,1,1,1,1,,,,2472573,5079209.850000003
1706672700,146.55,149,142.3,144.25,142.13947781542805,140.53635239182913,0,0,0,145.8,61.62535105,,,,1,1,1,1,,,,15294020,5215011.700000005
1706759100,144.8,144.8,137,138.35001,141.38158425234244,140.33759399257193,0,0,0,145.8,61.62535105,,,,1,1,1,1,,,,6307396,5295493.200000005
1706845500,139.95,140.85001,136.7,137.64999,140.63526540187394,140.09326635688356,0,0,0,145.8,61.62535105,,,,1,1,1,1,,,,4776019,5248274.600000005
1707104700,138,141.25,137.60001,139.55,140.41821232149914,140.04387850625778,0,0,0,145.8,61.62535105,,,,1,1,1,1,,,,3761905,4836823.050000006
1707191100,140.14999,143.39999,139.10001,140.89999,140.51456785719932,140.1217068238707,0,0,0,145.8,61.62535105,,,,1,1,1,1,,,,7522050,4989379.600000006
1707277500,142,143.75,139,139.35001,140.28165628575945,140.0515525671552,0,0,0,149,61.62535105,,,,1,1,1,1,,,,2962975,4960131.850000006
1707363900,133.25,139.75,132.3,138.7,139.96532502860757,139.92868415195926,0,0,0,149,61.62535105,,,,1,1,1,1,,,,5649628,5008169.850000006
1707450300,139,139.45,134.14999,135.75,139.12226002288605,139.54880377450843,0,0,0,149,61.62535105,,,,1,1,1,1,,,,5389744,5144949.800000006
1707709500,135.75,136.55,132.64999,133.60001,138.01781001830884,139.0080043404622,0,0,0,149,61.62535105,,,,1,1,1,1,,,,3016345,4969878.900000006
1707795900,133.60001,135.64999,129.2,134.75,137.36424801464707,138.62091303678383,0,0,0,149,61.62535105,,,,1,1,1,1,,,,2484783,4924341.250000006
1707882300,133.95,136.35001,133.10001,136.05,137.10139841171767,138.38719366980348,0,0,0,149,61.62535105,,,,1,1,1,1,,,,1717767,4836469.850000005
1707968700,136.60001,137.7,135.10001,136.10001,136.90112072937413,138.17926788163953,0,0,0,149,61.62535105,,,,1,1,1,1,,,,2242533,4751849.700000005
1708055100,136,137,133.89999,134.5,136.4208965834993,137.84478898330866,0,0,0,149,61.62535105,,,,1,1,1,1,,,,3018981,4717568.550000005
1708314300,136.25,136.25,133.8,134.45,136.02671726679944,137.53617180300787,0,0,0,149,61.62535105,,,,1,1,1,1,,,,3033765,4495616.800000006
1708400700,134.8,135.2,132.05,132.35001,135.29137581343954,137.064702548189,0,0,0,149,61.62535105,,,,1,1,1,1,,,,1405039,4496634.300000006
1708487100,132.39999,136.8,132.05,134.89999,135.21309865075165,136.86791049835364,0,0,0,149,61.62535105,,,,1,1,1,1,,,,4110360,4232932.250000006
1708573500,135.8,136,132.45,134.60001,135.09048092060132,136.66173772577602,0,0,0,149,61.62535105,,,,1,1,1,1,,,,2426675,4153697.900000006
1708659900,135,137.3,134.2,136.5,135.37238473648105,136.64703429616003,0,0,0,149,61.62535105,,,,1,1,1,1,,,,1931814,4086190.600000006
1708919100,135.8,139.2,134.8,136,135.49790778918484,136.58821299650913,0,0,0,149,61.62535105,,,,1,1,1,1,,,,3327668,4142602.000000006
1709005500,136,137.89999,135.14999,136.2,135.63832623134786,136.55292090591738,0,0,0,149,61.62535105,,,,1,1,1,1,,,,4616286,4249787.650000006
1709091900,137,137.7,129.3,130.2,134.55066098507828,135.97538264174307,0,0,0,149,61.62535105,,,,1,1,1,1,,,,3145788,3642376.050000006
1709178300,130.2,132.95,129.14999,131.89999,134.02052678806263,135.6048924015846,0,0,0,149,61.62535105,,,,1,1,1,1,,,,2428677,3448440.100000005
1709264700,132.45,135.2,130.5,131.14999,133.4464194304501,135.19990127416781,0,0,0,149,61.62535105,,,,1,1,1,1,,,,3663445,3392811.400000005
1709351100,132.10001,133.89999,131.39999,132.5,133.2571355443601,134.9544557037889,0,0,0,149,61.62535105,,,,1,1,1,1,,,,269615,3218196.900000005
1709523900,132.45,133.60001,129.55,130.05,132.61570843548807,134.50859609435355,0,0,0,149,61.62535105,,,,1,1,1,1,,,,2097373,2946963.0500000054
1709610300,130,132.75,127.6,127.95,131.68256674839046,133.91236008577596,0,0,0,149,61.62535105,,,,1,1,1,1,,,,9696522,3283640.400000006
1709696700,127.95,128.39999,125,127.2,130.78605339871237,133.3021455325236,0,0,0,149,61.62535105,,,,1,1,1,1,,,,2535734,3127945.700000006
1709783100,128.14999,128.14999,126.05,126.9,130.0088427189699,132.7201323022942,0,0,0,149,61.62535105,,,,1,1,1,1,,,,1239139,2920415.450000006
1710128700,127,127.45,124,124.6,128.92707417517593,131.98193845663107,0,0,0,149,61.62535105,,,,1,1,1,1,,,,2575262,2898361.300000006
1710215100,124.6,124.95,122.1,123.45,127.83165934014075,131.20630768784642,0,0,0,149,61.62535105,,,,1,1,1,1,,,,2806515,2914447.9000000064
1710301500,123.6,124.25,116.65,118.7,126.0053274721126,130.06937062531492,0,0,0,149,61.62535105,,,,1,1,1,1,,,,7352552,3196187.150000007
1710387900,117.75,120.5,116.1,119.45,124.69426197769008,129.10397329574084,0,0,0,149,61.62535105,,,,1,1,1,1,,,,3910078,3279564.4000000064
1710474300,119.45,119.95,114.35,115.5,122.85540958215206,127.8672484506735,0,0,0,149,61.62535105,,,,1,1,1,1,,,,3190860,3288158.350000006
1710733500,116.95,117.4,115,116.85,121.65432766572165,126.86568040970319,0,0,0,149,61.62535105,,,,1,1,1,1,,,,2815527,3277246.4500000062
1710819900,119.25,125.65,119,120.35,121.39346213257733,126.2733458270029,0,0,0,149,61.62535105,,,,1,1,1,1,,,,14148068,3914397.9
1710906300,120.9,122,118.45,120.95,121.30476970606186,125.78940529727537,0,0,0,149,61.62535105,,,,1,1,1,1,,,,5757544,3996757.1
1710992700,121.5,126,120.7,123.5,121.74381576484949,125.5812775429776,0,0,0,149,61.62535105,,,,1,1,1,1,,,,6545532,4202699.95
1711079100,123.55,123.65,121,121.25,121.64505261187959,125.18752503907055,0,0,0,149,61.62535105,,,,1,1,1,1,,,,3422379,4277228.2
1711424700,121.25,121.95,118.25,118.7,121.05604208950368,124.59775003551869,0,0,0,149,61.62535105,,,,1,1,1,1,,,,3620043,4291846.95
1711511100,119.85,125.4,119.35,122.35,121.31483367160294,124.39340912319881,0,0,0,149,61.62535105,,,,1,1,1,1,,,,9815339,4551799.600000001
1711597500,123.35,129.39999,123.2,128.89999,122.83186493728235,124.8030982938171,0,0,0,149,61.62535105,,,,1,1,1,1,,,,5924097,4690715.050000001
1711943100,132.95,132.95,129.10001,129.89999,124.24548994982588,125.26645208528828,0,0,0,149,61.62535105,,,,1,1,1,1,,,,3962672,4767414.800000001
1712029500,131.14999,135.39999,129.55,133.45,126.0863919598607,126.0104109866257,0,0,0,149,61.62535105,,,,1,1,1,1,,,,4280399,4798262.500000001
1712115900,133.39999,135.89999,132.64999,135.25,127.91911356788856,126.85037362420518,0,0,0,149,61.62535105,,,,1,1,1,1,,,,3015637,4935563.600000001
1712202300,135.75,138,132.39999,136.10001,129.55529285431084,127.69124965836833,0,0,0,149,61.62535105,,,,1,1,1,1,,,,4378355,5049612.700000001
1712288700,136,141.45,133.55,140.35001,131.71423628344866,128.84204605306212,0,0,0,149,61.62535105,,,,1,1,1,1,,,,5694776,4849525.4
1712547900,140.75,140.95,137.8,139,133.17138902675893,129.76549641187466,0,0,0,149,61.62535105,,,,1,1,1,1,,,,2298179,4837647.65
1712634300,139.7,142.3,138.60001,141.39999,134.81710922140715,130.8231776471588,0,0,0,149,61.62535105,,,,1,1,1,1,,,,4768167,5014099.050000001
1712720700,141.85001,147.7,141.14999,145.10001,136.87368937712571,132.1210714974171,0,0,0,149,61.62535105,,,,1,1,1,1,,,,7718720,5271271.950000001
1712893500,143.89999,143.89999,138.10001,138.75,137.24895150170056,132.72370136128828,0,0,0,149,61.62535105,,,,1,1,1,1,,,,4245577,5343225.050000001
1713152700,135.95,143.25,133.7,140,137.79916120136045,133.38518305571662,0,0,0,149,61.62535105,,,,1,1,1,1,,,,5299574,5240576.150000001
1713239100,138.95,142.45,138.60001,141.5,138.53932896108836,134.1228936870151,0,0,0,149,61.62535105,,,,1,1,1,1,,,,2136351,5151889.800000001
1713411900,145,147.39999,141.14999,141.85001,139.2014651688707,134.82535880637738,0,0,0,149,61.62535105,,,,1,1,1,1,,,,5136823,5249187.950000001
1713498300,139.85001,141.05,137.85001,139.45,139.25117213509657,135.24578073307035,0,0,0,149,61.62535105,,,,1,1,1,1,,,,1922825,5204552.8500000015
1713757500,140.64999,142.35001,140.10001,141.3,139.66093770807726,135.79616430279123,0,0,0,149,61.62535105,,,,1,1,1,1,,,,1488262,4571562.550000002
1713843900,141.85001,143.39999,140.60001,142.05,140.13875016646182,136.3646948207193,0,0,0,149,61.62535105,,,,1,1,1,1,,,,2182261,4392798.400000001
1713930300,142.05,143.95,138.10001,138.75,139.86100013316945,136.58154074610846,0,0,0,149,61.62535105,,,,1,1,1,1,,,,2992953,4215169.450000001
1714016700,139,142.3,138.5,141.95,140.27880010653556,137.06958249646223,0,0,0,149,61.62535105,,,,1,1,1,1,,,,2203137,4154207.3500000015
1714103100,142.39999,143.5,140.10001,142.25,140.67304008522845,137.5405295422384,0,0,0,149,61.62535105,,,,1,1,1,1,,,,2286342,4087522.3000000017
1714362300,142.8,146,141.5,143.3,141.19843206818277,138.06411776567128,0,0,0,149,61.62535105,,,,1,1,1,1,,,,3241028,3758806.7500000014
1714448700,143.75,146.39999,143.05,143.64999,141.68874365454622,138.57192433242844,0,0,0,149,61.62535105,,,,1,1,1,1,,,,3126412,3618922.5000000014
1714621500,143.64999,144.39999,141.35001,143.35001,142.02099692363697,139.00629575675313,0,0,0,149,61.62535105,,,,1,1,1,1,,,,1306760,3486126.9000000013
1714707900,144.5,153.89999,143.25,151.05,143.82679753890957,140.10117796068468,0,0,0,149,61.62535105,,,,1,1,1,1,,,,26693218,4606767.85
1714967100,155.10001,161.45,154.25,156,146.26143803112765,141.54652541880426,0,0,0,149,61.62535105,,,,1,1,1,1,,,,26463550,5779163.5
1715053500,156.85001,157.2,148.10001,150,147.00915042490212,142.31502310800388,0,0,0,149,61.62535105,,,,1,1,1,1,,,,5867321,5853611.8
1715139900,149.89999,156.10001,148.3,153.8,148.3673203399217,143.35911191636717,0,0,0,149,61.62535105,,,,1,1,1,1,,,,4798100,5808778
1715226300,154.95,156.89999,146.39999,148,148.29385627193736,143.78101083306106,0,0,0,149,61.62535105,,,,1,1,1,1,,,,4128485,5900293.299999999
1715312700,148.95,151.8,144.25,150.45,148.72508501754987,144.38728257551006,0,0,0,149,61.62535105,,,,1,1,1,1,,,,4607243,5892247.1
1715571900,157,166.7,153,154.2,149.8200680140399,145.27934779591823,0,0,0,149,61.62535105,,,,1,1,1,1,,,,54670126,8239817.4
1715658300,155.45,155.7,147.8,148.89999,149.6360524112319,145.6084970871984,0,0,0,149,61.62535105,,,,1,1,1,1,,,,10803194,8567698.25
1715744700,150,152.60001,148.10001,149.5,149.60884192898553,145.96227007927126,0,0,0,149,61.62535105,,,,1,1,1,1,,,,5047225,8555080.8
1715831100,150.8,151.39999,148.14999,149.14999,149.51707154318842,146.25206279933752,0,0,0,149,61.62535105,,,,1,1,1,1,,,,3119342,8604230.35
1715917500,149.95,151.5,149.14999,149.85001,149.58365923455074,146.57914890848866,0,0,0,149,61.62535105,,,,1,1,1,1,,,,3530608,8523919.6
1716003900,150.55,150.85001,149.14999,149.5,149.5669273876406,146.8446808258988,0,0,0,166.7,61.62535105,,,,1,1,1,1,,,,374869,8446521.8
1716263100,150.25,151.5,146.2,147,149.05354191011247,146.8588007508171,0,0,0,166.7,61.62535105,,,,1,1,1,1,,,,3084254,8526321.4
1716349500,147.89999,149.75,146.55,147,148.64283352808997,146.87163704619735,0,0,0,166.7,61.62535105,,,,1,1,1,1,,,,2567855,8545601.1
1716435900,148.5,156.7,148.14999,149.55,148.82426682247197,147.11512458745213,0,0,0,166.7,61.62535105,,,,1,1,1,1,,,,10055149,8898710.9
1716522300,150.25,151.75,146.5,147.64999,148.58941145797758,147.16374871586558,0,0,0,166.7,61.62535105,,,,1,1,1,1,,,,3328942,8955001.15
1716781500,149.5,151.05,147.89999,149.7,148.81152916638206,147.39431701442325,0,0,0,166.7,61.62535105,,,,1,1,1,1,,,,4422073,9061787.7
1716867900,149.7,150.45,148.60001,150,149.04922333310566,147.6311972858393,0,0,0,166.7,61.62535105,,,,1,1,1,1,,,,3518065,9075639.55
1716954300,149.95,150.45,148.14999,149.95,149.22937866648454,147.8419975325812,0,0,0,166.7,61.62535105,,,,1,1,1,1,,,,2250492,9031843.55
1717040700,149.89999,150.39999,145.2,145.7,148.52350293318761,147.64727048416472,0,0,0,166.7,61.62535105,,,,1,1,1,1,,,,1991282,9066069.65
1717127100,146.25,149.25,146.25,148.05,148.4288023465501,147.68388225833158,0,0,0,166.7,61.62535105,,,,1,1,1,1,,,,3816461,7922231.8
1717386300,151.10001,152.60001,148.05,149.60001,148.66304387724009,147.85807568939234,0,0,0,166.7,61.62535105,,,,1,1,1,1,,,,5128758,6855492.2
1717472700,149,149,136.10001,144.8,147.89043510179206,147.5800688085385,0,0,0,166.7,61.62535105,,,,1,1,1,1,,,,8914511,7007851.7
1717559100,144.89999,148.95,140.5,145.89999,147.49234608143365,147.42733437139864,0,0,0,166.7,61.62535105,,,,1,1,1,1,,,,2360504,6885971.9
1717645500,145.89999,148.64999,145.75,148.10001,147.61387886514692,147.48848670127148,0,0,0,166.7,61.62535105,,,,1,1,1,1,,,,2761991,6817647.2
1717731900,149,152.45,148.45,150,148.09110309211752,147.71680609206499,0,0,0,166.7,61.62535105,,,,1,1,1,1,,,,4155462,6795058.15
1717991100,151.00999,158.39999,150.05,157.14999,149.902880473694,148.5743682655136,0,0,0,166.7,61.62535105,,,,1,1,1,1,,,,9308866,4526995.15
1718077500,158,161.66,153.8,154.11,150.7443043789552,149.07760751410328,0,0,0,166.7,61.62535105,,,,1,1,1,1,,,,5327435,4253207.2
1718163900,154.89999,155.89999,153.61,153.92,151.37944350316417,149.51782501282116,0,0,0,166.7,61.62535105,,,,1,1,1,1,,,,2260871,4113889.500000001
1718250300,154.53999,154.53999,152.14999,153.39999,151.78355280253135,149.8707491025647,0,0,0,166.7,61.62535105,,,,1,1,1,1,,,,1708373,4043341.0500000007
1718336700,153.49001,158,152.89999,157.86,152.9988422420251,150.5970446386952,0,0,0,166.7,61.62535105,,,,1,1,1,1,,,,3997135,4066667.400000001
1718682300,158.8,158.8,154.63,155.91,153.58107379362008,151.080040580632,0,0,0,166.7,61.62535105,,,,1,1,1,1,,,,3060724,4200960.15
1718768700,156.44,156.44,152.25999,153.95,153.65485903489605,151.34094598239272,0,0,0,166.7,61.62535105,,,,1,1,1,1,,,,2227312,4158113.05
1718855100,154.53,157.17,153.31,155.25999,153.97588522791685,151.6972227112661,0,0,0,166.7,61.62535105,,,,1,1,1,1,,,,2511487,4155294.6499999994
1718941500,155.28999,158.10001,153.39999,156.60001,154.50071018233348,152.14293064660555,0,0,0,166.7,61.62535105,,,,1,1,1,1,,,,7686534,4036863.8999999994
1719200700,156.59,160.47,154.5,156.99001,154.99857014586678,152.58357422418686,0,0,0,166.7,61.62535105,,,,1,1,1,1,,,,4488354,4094834.4999999986
1719287100,157,161.00999,156.2,159.75,155.94885611669343,153.23506747653352,0,0,0,166.7,61.62535105,,,,1,1,1,1,,,,5219061,4134683.8999999985
1719373500,160,162.5,155.00999,156.89,156.13708489335474,153.56733406957594,0,0,0,166.7,61.62535105,,,,1,1,1,1,,,,9354585,4426509.899999999
1719459900,157.5,159.25,156.71001,157.47,156.40366791468378,153.92212188143267,0,0,0,166.7,61.62535105,,,,1,1,1,1,,,,3091207,4468545.65
1719546300,157.50999,159.89999,156.8,157.24001,156.57093633174702,154.22374807402971,0,0,0,166.7,61.62535105,,,,1,1,1,1,,,,1570740,4447518.55
1719805500,156.8,159.09,156.27,158.31,156.9187490653976,154.5952255218452,0,0,0,166.7,61.62535105,,,,1,1,1,1,,,,1600946,4336742.800000002
1719891900,158.98,161.5,157.21001,160.84,157.70299925231808,155.16293229258656,0,0,0,166.7,61.62535105,,,,1,1,1,1,,,,3901449,4275377.3500000015
1719978300,161.83,162.39999,158.17,159.37,158.03639940185445,155.54539299326052,0,0,0,166.7,61.62535105,,,,1,1,1,1,,,,3486844,4003994.000000001
1720064700,160.5,160.5,157,157.36,157.90111952148357,155.71035726660048,0,0,0,166.7,61.62535105,,,,1,1,1,1,,,,3002330,4036085.3000000017
1720151100,157.35001,159.25,157.13,157.99001,157.91889761718684,155.91759842418224,0,0,0,166.7,61.62535105,,,,1,1,1,1,,,,2485293,4022250.4000000013
1720410300,158,159.5,153.52,154.02,157.1391180937495,155.7450894765293,0,0,0,166.7,61.62535105,,,,1,1,1,1,,,,2829342,3955944.4000000013
1720496700,154.49001,156.60001,153.12,155.77,156.8652944749996,155.74735406957208,0,0,0,166.7,61.62535105,,,,1,1,1,1,,,,1826344,3581818.3000000017
1720583100,156.35001,156.92999,149.82001,152.5,155.99223557999966,155.45214006324736,0,0,0,166.7,61.62535105,,,,1,1,1,1,,,,2143256,3422609.3500000015
1720669500,152.98,154,151.2,151.59,155.11178846399972,155.10103642113395,0,0,0,166.7,61.62535105,,,,1,1,1,1,,,,1337060,3376418.8000000017
1720755900,151.89,152.45,150,151.10001,154.30943277119977,154.73730674648542,0,0,0,166.7,61.62535105,,,,1,1,1,1,,,,1755145,3378757.4000000013
1721015100,155,158.03999,151.11,152.10001,153.86754821695982,154.49755249680493,0,0,0,166.7,61.62535105,,,,1,1,1,1,,,,3834885,3370644.9000000013
1721101500,152.3,155.60001,152.10001,152.75,153.64403857356785,154.33868408800447,0,0,0,166.7,61.62535105,,,,1,1,1,1,,,,3765750,3405896.2000000016
1721274300,153,153.7,149.05,149.50999,152.8172288588543,153.89971189818587,0,0,0,166.7,61.62535105,,,,1,1,1,1,,,,1618019,3375431.5500000007
1721360700,149.88,149.94,146.16,147.89999,151.83378108708342,153.35428263471442,0,0,0,166.7,61.62535105,,,,1,1,1,1,,,,2060317,3352873.0500000007
1721619900,148.10001,152.85001,145.25,151.42,151.75102486966674,153.1784387588313,0,0,0,166.7,61.62535105,,,,1,1,1,1,,,,2117956,3074444.1500000013
1721706300,154.49001,156.5,147.11,156.17999,152.6368178957334,153.451307053483,0,0,0,166.7,61.62535105,,,,1,1,1,1,,,,6350723,3167562.6000000006
1721792700,157.5,168,156.00999,166.55,155.41945431658672,154.6420973213482,0,0,0,166.7,61.62535105,,,,1,1,1,1,,,,13612003,3587209.7
1721879100,165.5,169.7,163.53999,166.3,157.5955634532694,155.70190665577107,0,0,0,166.7,61.62535105,,,,1,1,1,1,,,,6029781,3420969.5
1721965500,168,172.25,161.14999,166.50999,159.3784487626155,156.68445968706462,0,0,0,166.7,61.62535105,,,,1,1,1,1,,,,20366797,4284749
1722224700,168,171,164.14999,170.28,161.55875901009242,157.92041789733148,0,0,0,166.7,61.62535105,,,,1,1,1,1,,,,7186024,4565513.2
1722311100,170.28,177.2,169.05,173.82001,164.01100920807394,159.36583536121043,0,0,0,166.7,61.62535105,,,,1,1,1,1,,,,7558541,4863392.95
1722397500,174.55,176.98,172.08,176.05,166.41880736645916,160.8825776011004,0,0,0,166.7,61.62535105,,,,1,1,1,1,,,,3390204,4837830.7
1722483900,176.5,176.60001,171.05,173.25,167.78504589316734,162.00688872827308,0,0,0,166.7,61.62535105,,,,1,1,1,1,,,,2376522,4782314.6
1722570300,172.8,177.2,170.25,174.27,169.08203671453387,163.1217170257028,0,0,0,166.7,61.62535105,,,,1,1,1,1,,,,3975037,4830949.95
1722829500,170,173.46001,166,168.36,168.9376293716271,163.59792456882073,0,0,0,166.7,61.62535105,,,,1,1,1,1,,,,4268134,4920092
1722915900,169.53999,172.8,166.05,167.73,168.6961034973017,163.97356778983703,0,0,0,177.2,61.62535105,,,,1,1,1,1,,,,2217228,4889486.3
1723002300,169.7,180.89999,169.00999,179.34,170.82488279784135,165.37051617257913,0,0,0,177.2,61.62535105,,,,1,1,1,1,,,,9216354,5258986.799999999
1723088700,179.89999,191.5,179.53999,185.05,173.6699062382731,167.1595601568901,0,0,0,177.2,61.62535105,,,,1,1,1,1,,,,13376633,5820655.649999999
1723175100,186.25,187.10001,180.5,181.52,175.23992499061848,168.46505468808192,0,0,0,177.2,61.62535105,,,,1,1,1,1,,,,3626092,5935107.249999999
1723434300,182.83,191,181.95,185.84,177.3599399924948,170.04459517098357,0,0,0,177.2,61.62535105,,,,1,1,1,1,,,,7044287,6199564.35
1723520700,187.10001,193.25,185.60001,186.75999,179.23994999399582,171.56417651907597,0,0,0,177.2,61.62535105,,,,1,1,1,1,,,,6075593,6311599.749999999
1723607100,188,188.60001,181.67999,182.73,179.93795999519665,172.57925138097815,0,0,0,177.2,61.62535105,,,,1,1,1,1,,,,9473530,6596988.749999999
1723779900,182.91,186.45,181.5,182.08,180.36636799615732,173.44295580088922,0,0,0,177.2,61.62535105,,,,1,1,1,1,,,,2493977,6640786.649999999
1724039100,183.89999,185.95,182.85001,183.42,180.97709439692585,174.34995981899021,0,0,0,177.2,61.62535105,,,,1,1,1,1,,,,1341932,6604867.399999999
1724125500,184.47,187.3,183.05,185.19,181.81967551754067,175.33541801726383,0,0,0,177.2,61.62535105,,,,1,1,1,1,,,,1937001,6595819.649999999
1724211900,185.49001,188,184.78999,187.53,182.96174041403253,176.44401637933075,0,0,0,193.25,61.62535105,,,,1,1,1,1,,,,2337341,6395150.55
1724298300,188.08,191,187.14999,188.63,184.09539233122604,177.55183307211885,0,0,0,193.25,61.62535105,,,,1,1,1,1,,,,2399820,5834541.4
1724384700,189.10001,193.5,185.60001,186.58,184.59231386498084,178.37257552010806,0,0,0,193.25,61.62535105,,,,1,1,1,1,,,,4178973,5742000.999999999
1724643900,187,189.78999,183.41,187.23,185.11985109198466,179.17779592737097,0,0,0,193.25,61.62535105,,,,1,1,1,1,,,,3134653,4880393.8
1724730300,188.5,188.60001,184.25,184.87,185.06988087358772,179.6952690248827,0,0,0,193.25,61.62535105,,,,1,1,1,1,,,,1460220,4594103.6
1724816700,185.8,187.44,183.11,183.7,184.79590469887017,180.0593354771661,0,0,0,193.25,61.62535105,,,,1,1,1,1,,,,2311321,4331742.6
1724903100,184,187.2,181.62,182.50999,184.33872175909613,180.28212225196916,0,0,0,193.25,61.62535105,,,,1,1,1,1,,,,1493643,4236914.55
1724989500,184.25,191,182.3,188.98,185.2669774072769,181.07283841088105,0,0,0,193.5,61.62535105,,,,1,1,1,1,,,,6121873,4424182.1
1725248700,189.89999,196.5,186.53,194.97,187.20758192582153,182.3362167371646,0,0,0,193.5,61.62535105,,,,1,1,1,1,,,,6402203,4545540.399999999
1725335100,196.45,196.7,192.06,193.10001,188.38606754065722,183.31474339742235,0,0,0,193.5,61.62535105,,,,1,1,1,1,,,,4019311,4533099.249999999
1725421500,190,216.58,189.10001,213.03,193.31485403252577,186.01613036129305,0,0,0,193.5,61.62535105,,,,1,1,1,1,,,,66190740,7731774.85
1725507900,215,221.7,211.17999,219.59,198.5698832260206,189.06830032844823,0,0,0,193.5,61.62535105,,,,1,1,1,1,,,,35402343,9041074.3
1725594300,218.61,228,218.36,226.31,204.11790658081648,192.4539093894984,0,0,0,193.5,61.62535105,,,,1,1,1,1,,,,31783605,9961422.9
1725853500,225,226.74,214.75,217.34,206.76232526465319,194.71628126318035,0,0,0,193.5,61.62535105,,,,1,1,1,1,,,,13710460,10465641.3
1725939900,217.29,239.8,216.51,231.44,211.69786021172254,198.05480114834577,0,0,0,193.5,61.62535105,,,,1,1,1,1,,,,27435684,11485211.15
1726026300,240.01,243.99,232.2,235.31,216.42028816937804,201.44163740758708,0,0,0,193.5,61.62535105,,,,1,1,1,1,,,,36967413,13029802.15
1726112700,238.1,239.9,230.5,232.67,219.67023053550244,204.2805794614428,0,0,0,193.5,61.62535105,,,,1,1,1,1,,,,10475944,13079922.85
1726199100,233.7,234.99,224.93,228.11,221.35818442840196,206.44689041949346,0,0,0,193.5,61.62535105,,,,1,1,1,1,,,,6725148,13291481.4
1726458300,227.72,233.65,227.47,228.71,222.82854754272157,208.47080947226678,0,0,0,193.5,61.62535105,,,,1,1,1,1,,,,6841446,13566457.1
1726544700,229,233.7,225.4,232.5,224.76283803417726,210.65528133842434,0,0,0,193.5,61.62535105,,,,1,1,1,1,,,,7194419,13829328
1726631100,233.3,233.3,228,229.39,225.68827042734182,212.35843758038575,0,0,0,243.99,61.62535105,,,,1,1,1,1,,,,4167038,13920812.85
1726717500,230,232.4,219.12,223.87,225.32461634187345,213.40494325489615,0,0,0,243.99,61.62535105,,,,1,1,1,1,,,,5406148,14071129.25
1726803900,225,226.45,217.7,218.87,224.03369307349877,213.90176659536013,0,0,0,243.99,61.62535105,,,,1,1,1,1,,,,3696048,14046983
1727063100,219.69,223.25,218.23,221.55,223.53695445879902,214.5970605412365,0,0,0,243.99,61.62535105,,,,1,1,1,1,,,,2752923,14027896.5
1727149500,221.45,221.5,217,217.67,222.36356356703922,214.87641867385136,0,0,0,243.99,61.62535105,,,,1,1,1,1,,,,2125232,14061147.1
1727235900,229.99,235.42,224.63,226.31,223.15285085363138,215.9158351580467,0,0,0,243.99,61.62535105,,,,1,1,1,1,,,,37286547,15809908.4
1727322300,228.5,232.17,225.35,226.29,223.7802806829051,216.85894105276972,0,0,0,243.99,61.62535105,,,,1,1,1,1,,,,9899653,16230208.9
1727408700,226.29,228.89,221.55,223.1,223.64422454632407,217.42631004797246,0,0,0,243.99,61.62535105,,,,1,1,1,1,,,,4406449,16144437.7
1727667900,225,229.75,219.02,229.01,224.71737963705925,218.47937277088405,0,0,0,243.99,61.62535105,,,,1,1,1,1,,,,8019641,16225309.6
1727754300,230.61,231.35,227.6,228.81,225.5359037096474,219.4185207008037,0,0,0,243.99,61.62535105,,,,1,1,1,1,,,,4532552,16250971.65
1727927100,217.15,227.3,217.01,221.96,224.82072296771793,219.6495642734579,0,0,0,243.99,61.62535105,,,,1,1,1,1,,,,4513567,13167113
1728013500,221,230,216.3,229.23,225.70257837417435,220.52051297587082,0,0,0,243.99,61.62535105,,,,1,1,1,1,,,,8110697,11802530.7
1728272700,229,229,215.75,218.02,224.16606269933948,220.29319361442802,0,0,0,243.99,61.62535105,,,,1,1,1,1,,,,5412203,10483960.6
1728359100,218,225.4,217.06,224.14,224.16085015947158,220.64290328584366,0,0,0,243.99,61.62535105,,,,1,1,1,1,,,,3743067,9985590.95
1728445500,225,226.49,220.92,224.11,224.15068012757726,220.9580938962215,0,0,0,243.99,61.62535105,,,,1,1,1,1,,,,7506606,8989137.05
1728531900,224.2,226.4,217.4,218.29,222.97854410206182,220.7155399056559,0,0,0,243.99,61.62535105,,,,1,1,1,1,,,,2639663,7272749.55
1728618300,219.15,221.99,217.85,221.3,222.64283528164947,220.76867264150536,0,0,0,243.99,61.62535105,,,,1,1,1,1,,,,3076044,6902754.55
1728877500,221.7,224.82,218.52,219.92,222.09826822531957,220.6915205831867,0,0,0,243.99,61.62535105,,,,1,1,1,1,,,,2489550,6690974.65
1728963900,220.84,234.5,219.65,231.52,223.98261458025567,221.675927802897,0,0,0,243.99,61.62535105,,,,1,1,1,1,,,,16939280,7195866.35
1729050300,230.99,233.5,227.26,232.38,225.66209166420452,222.6490252753609,0,0,0,243.99,61.62535105,,,,1,1,1,1,,,,5314991,7101894.95
1729136700,233.79,235.99,222.6,224.22,225.37367333136362,222.79184115941902,0,0,0,243.99,61.62535105,,,,1,1,1,1,,,,4231489,7105117.500000002
1729223100,224,228.3,218.01,225.39,225.3769386650909,223.02803741765365,0,0,0,243.99,61.62535105,,,,1,1,1,1,,,,4138095,7041714.8500000015
1729482300,226.5,229.6,223.5,228.1,225.92155093207273,223.4891249251397,0,0,0,243.99,61.62535105,,,,1,1,1,1,,,,4094750,7061649.950000001
1729568700,227.41,227.41,213.25,215.11,223.7592407456582,222.72738629558154,0,0,0,243.99,61.62535105,,,,1,1,1,1,,,,4850028,7166505.200000001
1729655100,215.45,221.7,209.5,217.99,222.60539259652654,222.29671481416503,0,0,0,243.99,61.62535105,,,,1,1,1,1,,,,4011621,7260824.65
1729741500,227.8,259.9,224.01,255.84,229.25231407722123,225.34610437651367,0,0,0,243.99,61.62535105,,,,1,1,1,1,,,,95844092,10188701.9
1729827900,250.5,251.69,241.51,244.43,232.28785126177698,227.0810039786488,0,0,0,243.99,61.62535105,,,,1,1,1,1,,,,19515319,10669485.2
1730087100,246,249.45,243.8,246.41,235.1122810094216,228.83818543513527,0,0,0,243.99,61.62535105,,,,1,1,1,1,,,,8164710,10857398.25
1730173500,246.79,263.9,246.78,251.07,238.30382480753727,230.85925948648662,0,0,0,243.99,61.62535105,,,,1,1,1,1,,,,21351682,11524000.3
1730259900,251,254.91,247.03,252.49,241.1410598460298,232.82569044226057,0,0,0,243.99,61.62535105,,,,1,1,1,1,,,,5112353,11552990.35
1730346300,250.05,274.74,250.05,268.47,246.60684787682385,236.0660822202369,0,0,0,243.99,61.62535105,,,,1,1,1,1,,,,44170710,13535847.5
1730464200,272.85,284.5,271.45,281.95,253.67547830145907,240.23734747294262,0,0,0,243.99,61.62535105,,,,1,1,1,1,,,,10920318,13676328.55
1730691900,284,284.5,271.15,275.8,258.10038264116724,243.4703158844933,0,0,0,243.99,61.62535105,,,,1,1,1,1,,,,16417445,14226590.65
1730778300,275.3,279.95,268.75,273.5,261.1803061129338,246.20028716772117,0,0,0,243.99,61.62535105,,,,1,1,1,1,,,,8327733,14455823.95
1730864700,275,307.9,272.1,293.55,267.65424489034706,250.50480651611016,0,0,0,243.99,61.62535105,,,,1,1,1,1,,,,58450322,17003009.75
1730951100,294.45,303.15,289.1,292.25,272.57339591227765,254.2998241055547,0,0,0,243.99,61.62535105,,,,1,1,1,1,,,,20218812,17881967.2
1731037500,292.25,293.65,279,281.55,274.3687167298221,256.77711282323156,0,0,0,243.99,61.62535105,,,,1,1,1,1,,,,6423785,18049354.25
1731296700,281.45,282.4,268.45,269.7,273.43497338385765,257.95192074839235,0,0,0,243.99,61.62535105,,,,1,1,1,1,,,,6123389,18231046.2
1731383100,268.2,269.4,248.7,250.6,268.86797870708614,257.28356431672034,0,0,0,243.99,61.62535105,,,,1,1,1,1,,,,9251904,17846677.4
1731469500,250,277,244.6,259.7,267.0343829656689,257.5032402879276,0,0,0,307.9,61.62535105,,,,1,1,1,1,,,,38049068,19483381.25
1731555900,263.55,267.45,254.45,258.45,265.3175063725351,257.5893093526615,0,0,0,307.9,61.62535105,,,,1,1,1,1,,,,11280342,19835823.9
1731901500,260.1,262.5,244.1,251.75,262.6040050980281,257.05846304787406,0,0,0,307.9,61.62535105,,,,1,1,1,1,,,,7666402,20012239.25
1731987900,255.05,260,248.55,250.6,260.20320407842246,256.47133004352185,0,0,0,307.9,61.62535105,,,,1,1,1,1,,,,4256286,20020316.05
1732160700,250,253.9,244.9,245.9,257.34256326273794,255.51030003956532,0,0,0,307.9,61.62535105,,,,1,1,1,1,,,,3993749,19977502.1
1732247100,248.3,253.3,245.1,250.15,255.90405061019035,255.02300003596847,0,0,0,307.9,61.62535105,,,,1,1,1,1,,,,3345822,19944212.15
1732506300,255,257.25,247.05,250.3,254.78324048815227,254.59363639633497,0,0,0,307.9,61.62535105,,,,1,1,1,1,,,,4047444,15354379.75
1732592700,251,254,248,248.85,253.5965923905218,254.07148763303178,0,0,0,307.9,61.62535105,,,,1,1,1,1,,,,2365119,14496869.75
1732679100,249.8,252.3,247.5,249,252.67727391241743,253.61044330275615,0,0,0,307.9,61.62535105,,,,1,1,1,1,,,,2338308,14205549.65
1732765500,249,252.4,245,245.45,251.23181912993394,252.8685848206874,0,0,0,307.9,61.62535105,,,,1,1,1,1,,,,2787717,13277351.4
1732851900,247.65,275,247,268.75,254.73545530394716,254.31234983698855,0,0,0,307.9,61.62535105,,,,1,1,1,1,,,,24796691,14261568.3
1733111100,271.3,283.9,268.4,273.45,258.4783642431577,256.05213621544414,0,0,0,307.9,61.62535105,,,,1,1,1,1,,,,21778665,13141966.05
1733197500,274.45,277.6,266,268.55,260.49269139452616,257.1883056504038,0,0,0,307.9,61.62535105,,,,1,1,1,1,,,,5810824,12886491.35
1733283900,270.2,270.4,263.15,264.65,261.3241531156209,257.86664150036705,0,0,0,307.9,61.62535105,,,,1,1,1,1,,,,5247210,12327979.6
1733370300,265.45,279.25,262.35,274.15,263.8893224924967,259.3469468185155,0,0,0,307.9,61.62535105,,,,1,1,1,1,,,,10247702,12423978.05
1733456700,274.15,274.85,266,267.05,264.5214579939974,260.04722438046866,0,0,0,307.9,61.62535105,,,,1,1,1,1,,,,4439975,9723460.7
1733715900,267.05,267.8,254.4,255.6,262.7371663951979,259.64293125497153,0,0,0,307.9,61.62535105,,,,1,1,1,1,,,,5986653,9011852.75
1733802300,256.95,263.7,250.05,259,261.98973311615833,259.58448295906504,0,0,0,307.9,61.62535105,,,,1,1,1,1,,,,5080429,8944684.950000001
1733888700,259,260.9,254,258.35,261.26178649292666,259.47225723551367,0,0,0,307.9,61.62535105,,,,1,1,1,1,,,,3066950,8791863.000000002
1733975100,258.35,258.5,251,251.8,259.3694291943413,258.77477930501243,0,0,0,307.9,61.62535105,,,,1,1,1,1,,,,2048010,8431668.300000003
1734061500,251,252.4,246.55,249.1,257.31554335547304,257.89525391364765,0,0,0,307.9,61.62535105,,,,1,1,1,1,,,,2165414,6637485.600000003
1734320700,248.9,254.7,245.85,251.25,256.1024346843784,257.29113992149786,0,0,0,307.9,61.62535105,,,,1,1,1,1,,,,4360381,6291487.550000004
1734407100,257.05,272,256.05,260.6,257.00194774750275,257.59194538317985,0,0,0,307.9,61.62535105,,,,1,1,1,1,,,,26831770,7249755.950000003
1734493500,262,270,256.75,264.7,258.5415581980022,258.2381321665271,0,0,0,307.9,61.62535105,,,,1,1,1,1,,,,10627087,7568296.000000003
1734579900,259.8,264.8,256.6,261.6,259.15324655840175,258.54375651502465,0,0,0,307.9,61.62535105,,,,1,1,1,1,,,,3955408,7566378.950000001
1734666300,264.4,268.8,249.7,252.2,257.7625972467214,257.96705137729515,0,0,0,307.9,61.62535105,,,,1,1,1,1,,,,5274467,7662811.200000001
1734925500,253.95,257.4,252.45,255.4,257.2900777973771,257.73368307026834,0,0,0,307.9,61.62535105,,,,1,1,1,1,,,,3250112,7622944.6
1735011900,256.15,257.4,250.65,255,256.83206223790165,257.4851664275167,0,0,0,307.9,61.62535105,,,,1,1,1,1,,,,1997936,7604585.45
1735184700,255.9,260.8,252.25,257.35,256.93564979032135,257.47287857046973,0,0,0,307.9,61.62535105,,,,1,1,1,1,,,,3223147,7648827.4
1735271100,255.05,257.35,253.85,254.55,256.4585198322571,257.20716233679065,0,0,0,307.9,61.62535105,,,,1,1,1,1,,,,2019507,7610416.9
1735530300,254.6,269.75,248.35,265.3,258.2268158658057,257.94287485162783,0,0,0,307.9,61.62535105,,,,1,1,1,1,,,,6841137,6712639.2
1735616700,264,273.35,259.25,266.25,259.8314526926446,258.6980680469344,0,0,0,307.9,61.62535105,,,,1,1,1,1,,,,8164550,6031933.45
1735703100,265,267.65,256.5,258.25,259.51516215411567,258.6573345881222,0,0,0,307.9,61.62535105,,,,1,1,1,1,,,,3750638,5928924.15
1735789500,260,262.7,253,257.3,259.07212972329256,258.53394053465655,0,0,0,307.9,61.62535105,,,,1,1,1,1,,,,3443797,5838753.5
1735875900,257.9,260.8,254.05,254.85,258.22770377863407,258.1990368496878,0,0,0,307.9,61.62535105,,,,1,1,1,1,,,,2651163,5458926.55
1736135100,255,255.65,244.2,247.65,256.1121630229072,257.24003349971616,0,0,0,307.9,61.62535105,,,,1,1,1,1,,,,2690880,5371471.8
1736221500,248.1,253.35,248.1,250.5,254.9897304183258,256.62730318156014,0,0,0,307.9,61.62535105,,,,1,1,1,1,,,,2470327,5195655.5
1736307900,252,252.5,245,245.7,253.13178433466064,255.6339119832365,0,0,0,307.9,61.62535105,,,,1,1,1,1,,,,1668051,5025036.6
1736394300,245.55,251.15,233.3,237.15,249.93542746772852,253.9535563483968,0,0,0,307.9,61.62535105,,,,1,1,1,1,,,,4058189,5074598.55
1736480700,237.15,238.95,218,221.25,244.19834197418282,250.98050577126983,0,0,0,307.9,61.62535105,,,,1,1,1,1,,,,10003146,5472355.350000001
1736739900,215.05,242.5,215,232.65,241.88867357934626,249.31409615569984,0,0,0,307.9,61.62535105,,,,1,1,1,1,,,,34819521,7105060.7
1736826300,236.95,241.1,224.5,234.95,240.50093886347702,248.0082692324544,0,0,0,307.9,61.62535105,,,,1,1,1,1,,,,9381857,7356134.5
1736912700,236.9,237.45,229.25,230.7,238.5407510907816,246.4347902113222,0,0,0,307.9,61.62535105,,,,1,1,1,1,,,,2351991,6132145.55
1736999100,233.9,236.9,232.75,234.4,237.7126008726253,245.34071837392926,0,0,0,307.9,61.62535105,,,,1,1,1,1,,,,1747164,5688149.4
1737085500,233.95,234,228.8,230.7,236.31008069810025,244.00974397629932,0,0,0,307.9,61.62535105,,,,1,1,1,1,,,,1840302,5582394.1
1737344700,232.05,244.45,229.4,242.05,237.4580645584802,243.8315854329994,0,0,0,307.9,61.62535105,,,,1,1,1,1,,,,4120307,5524686.1
1737431100,242.05,247.1,238,240.9,238.14645164678416,243.5650776663631,0,0,0,307.9,61.62535105,,,,1,1,1,1,,,,3425953,5533478.1499999985
1737517500,241.6,244.15,236.65,242.3,238.97716131742732,243.45007060578465,0,0,0,307.9,61.62535105,,,,1,1,1,1,,,,3339280,5600545.349999999
1737603900,242.3,251.95,238.6,239.7,239.12172905394186,243.10915509616785,0,0,0,307.9,61.62535105,,,,1,1,1,1,,,,4851245,5681950.249999998
1737690300,239.7,240.45,230.35,233.05,237.9073832431535,242.1946864510617,0,0,0,307.9,61.62535105,,,,1,1,1,1,,,,1615546,5661752.199999997
1737949500,232.05,233.6,221.9,223.9,235.1059065945228,240.5315331373288,0,0,0,307.9,61.62535105,,,,1,1,1,1,,,,2536538,5446522.249999998
1738035900,226.45,227.15,211.3,218.55,231.79472527561825,238.5332119430262,0,0,0,307.9,61.62535105,,,,1,1,1,1,,,,4809678,5278778.649999998
1738122300,205.25,245,205.25,239.3,233.2957802204946,238.60291994820565,0,0,0,307.9,61.62535105,,,,1,1,1,1,,,,14548125,5818652.999999997
1738208700,236.45,241.35,229.75,231.25,232.88662417639569,237.93447268018696,0,0,0,307.9,61.62535105,,,,1,1,1,1,,,,4982728,5895599.549999997
1738295100,231.2,238.95,231,232.9,232.88929934111655,237.47679334562451,0,0,0,307.9,61.62535105,,,,1,1,1,1,,,,2773955,5901739.149999997
1738381500,235,238.23,227.92,229.41,232.19343947289323,236.7434484960223,0,0,0,307.9,61.62535105,,,,1,1,1,1,,,,1810042,5857697.249999997
1738554300,228,235.99,225.88,231.67,232.08875157831457,236.2822259054748,0,0,0,307.9,61.62535105,,,,1,1,1,1,,,,3318667,5900114.249999998
1738640700,233,235,225.15,227.02,231.07500126265165,235.44020536861345,0,0,0,307.9,61.62535105,,,,1,1,1,1,,,,2038241,5918623.749999998
1738727100,229.11,237.48,228.3,230.53,230.96600101012132,234.99382306237587,0,0,0,307.9,61.62535105,,,,1,1,1,1,,,,2951508,5863289.699999997
1738813500,232,233.29,226.9,229.76,230.72480080809706,234.51802096579624,0,0,0,307.9,61.62535105,,,,1,1,1,1,,,,1860413,5456153.049999998
1738899900,230.4,233,224.01,226.46,229.87184064647764,233.78547360526932,0,0,0,307.9,61.62535105,,,,1,1,1,1,,,,2155188,3822936.3999999976
1739159100,228,228.01,219.05,221.24,228.1454725171821,232.6449760047903,0,0,0,307.9,61.62535105,,,,1,1,1,1,,,,1857059,3446696.4999999977
1739245500,220.8,221.3,203,204.28,223.37237801374567,230.06634182253663,1,0,0,307.9,61.62535105,,,,2,1,1,1,1,,,7342608,3696227.3499999987
1739331900,204,204.79,195.21,200.25,218.74790241099655,227.35576529321511,0,0,0,307.9,61.62535105,,,,2,1,1,1,,,,5044344,3861086.3499999987
1739418300,201.65,208.28,198.95,200.56,215.11032192879725,224.91978663019555,0,0,0,307.9,61.62535105,,,,2,1,1,1,,,,5317424,4034942.4499999983
1739504700,201.1,201.85,181.73,184.9,209.0682575430378,221.28162420926867,0,0,0,307.9,61.62535105,,,,2,1,1,1,,,,11557786,4406816.3999999985
1739763900,184.6,202.36,183.43,199.88,207.23060603443022,219.33602200842606,0,0,0,307.9,61.62535105,,,,2,1,1,1,,,,26392638,5555150.65
1739850300,199.9,205.37,192.61,197.66,205.31648482754417,217.3654745531146,0,0,0,307.9,61.62535105,,,,2,1,1,1,,,,11873240,5981848.65
1739936700,190,203.8,187.01,200.41,204.33518786203533,215.82406777555875,0,0,0,307.9,61.62535105,,,,2,1,1,1,,,,9558625,6217217.65
1740023100,200,227.7,198.04,218.51,207.17015028962825,216.06824343232614,0,0,0,307.9,61.62535105,,,,2,1,1,1,,,,52563821,8764631.4
1740109500,216.77,222.5,206.31,209.05,207.54612023170262,215.4302213021147,0,0,0,307.9,61.62535105,,,,2,1,1,1,,,,16365410,9456075
1740368700,206.55,213.3,202.91,209.01,207.8388961853621,214.84656482010425,0,0,0,307.9,61.62535105,,,,2,1,1,1,,,,10490706,9740126.4
1740455100,209.3,219.5,206.01,210.72,208.4151169482897,214.47142256373112,0,0,0,307.9,61.62535105,,,,2,1,1,1,,,,13065159,9665978.1
1740627900,211.65,212.89,203.55,204.62,207.65609355863177,213.575838694301,0,0,0,307.9,61.62535105,,,,2,1,1,1,,,,4967687,9665226.05
1740714300,201.82,204.4,188.01,189.89,204.10287484690542,211.42258063118274,0,0,0,307.9,61.62535105,,,,2,1,1,1,,,,16574546,10355255.6
1740973500,190,196.49,184.29,190.75,201.43229987752434,209.54325511925703,0,0,0,307.9,61.62535105,,,,2,1,1,1,,,,9012495,10715378.25
1741059900,189,196.3,187.31,194.81,200.10783990201946,208.20386829023366,0,0,0,307.9,61.62535105,,,,2,1,1,1,,,,5176385,10808264.15
1741146300,195.15,200.07,193,197.62,199.61027192161558,207.24169844566697,0,0,0,307.9,61.62535105,,,,2,1,1,1,,,,7097184,11061211.3
1741232700,199,207.29,199,200.36,199.76021753729248,206.61608949606088,0,0,0,307.9,61.62535105,,,,2,1,1,1,,,,8104339,11318852.85
1741319100,200.95,204.73,200,201.46,200.100174029834,206.14735408732807,0,0,0,307.9,61.62535105,,,,2,1,1,1,,,,5336750,11492669.7
1741578300,203.05,208.92,199.8,200.55,200.1901392238672,205.6385037157528,0,0,0,307.9,61.62535105,,,,2,1,1,1,,,,6959133,11732866.95
1741664700,199.99,206.99,198.21,201.41,200.43411137909376,205.254094287048,0,0,0,307.9,61.62535105,,,,2,1,1,1,,,,9962095,12138118.75
1741751100,203.9,205.39,193.17,201.82,200.71128910327502,204.94190389731637,0,0,0,307.9,61.62535105,,,,2,1,1,1,,,,7229340,12132455.35
1741837500,202.5,205.21,199.6,201.84,200.93703128262,204.65991263392397,0,0,0,307.9,61.62535105,,,,2,1,1,1,,,,4387080,12099592.15
1742183100,202.93,207.55,202.35,205.93,201.935625026096,204.77537512174905,0,0,0,307.9,61.62535105,,,,2,1,1,1,,,,4758366,12071639.249999998
1742269500,206.2,213.74,205.35,212.85,204.1185000208768,205.50943192886277,0,0,0,307.9,61.62535105,,,,2,1,1,1,,,,4124963,11699998.099999998
1742355900,213,219.65,211.91,218.5,206.99480001670145,206.6903926626025,0,0,0,307.9,61.62535105,,,,2,1,1,1,,,,3616913,10561211.849999998
1742442300,220,223.3,217.73,221.29,209.85384001336115,208.017629693275,0,0,0,307.9,61.62535105,,,,2,1,1,1,,,,3183533,10126726.499999998
1742528700,227,233.51,223.01,226.83,213.24907201068893,209.72784517570454,0,0,0,307.9,61.62535105,,,,2,1,1,1,,,,11034038,10200497.149999999
1742787900,229,229,217.1,219.04,214.40725760855113,210.57440470518594,0,0,0,307.9,61.62535105,,,,2,1,1,1,,,,4331605,7788886.35
1742874300,221.59,237.7,220.35,226.72,216.8698060868409,212.04218609562358,0,0,0,307.9,61.62535105,,,,2,1,1,1,,,,50941245,9517678.1
1742960700,226.72,227.7,217.15,219,217.29584486947272,212.67471463238508,0,0,0,307.9,61.62535105,,,,2,1,1,1,,,,6081700,9297227.799999999
1743047100,218.8,221.35,215.38,218.79,217.59467589557818,213.2306496658046,0,0,0,307.9,61.62535105,,,,2,1,1,1,,,,4892533,8888596.5
1743133500,219.93,225.5,218.71,224.75,219.02574071646254,214.27786333254963,0,0,0,307.9,61.62535105,,,,2,1,1,1,,,,4694328,8874928.55
1743479100,224,226.44,220.3,225.53,220.32659257317002,215.30078484777238,0,0,0,307.9,61.62535105,,,,2,1,1,1,,,,3146079,8203505.2
1743565500,226.1,229.4,223.95,228,221.86127405853603,216.45525895252035,0,0,0,307.9,61.62535105,,,,2,1,1,1,,,,3362966,7921028.750000002
1743651900,234.4,240.95,227.5,230.11,223.51101924682882,217.69659904774576,0,0,0,307.9,61.62535105,,,,2,1,1,1,,,,10763989,8200408.950000001
1743738300,229,230.24,217,222.32,223.27281539746306,218.11690822522343,0,0,0,307.9,61.62535105,,,,2,1,1,1,,,,6645000,8177799.750000002
1743997500,187.3,220,187.3,216.89,221.99625231797046,218.0053711138395,0,0,0,307.9,61.62535105,,,,2,1,1,1,,,,5267940,8035979.800000002
1744083900,224.25,225.5,220.15,221.56,221.90900185437636,218.32851919439955,0,0,0,307.9,61.62535105,,,,2,1,1,1,,,,3781107,7958197.650000003
1744170300,221.5,221.5,207,208.37,219.20120148350108,217.42319926763597,0,0,0,307.9,61.62535105,,,,2,1,1,1,,,,6114703,7915976.150000003
1744343100,216.67,222.8,212.35,219.83,219.32696118680087,217.64199933421452,0,0,0,307.9,61.62535105,,,,2,1,1,1,,,,7564025,7796072.650000004
1744688700,224,225.89,220.75,222.52,219.9655689494407,218.085453940195,0,0,0,307.9,61.62535105,,,,2,1,1,1,,,,2425182,7555864.750000005
1744775100,223,223.62,220.09,221.84,220.34045515955256,218.42677630926818,0,0,0,307.9,61.62535105,,,,2,1,1,1,,,,1843619,7428691.700000006
1744861500,221.79,223.13,219.2,220.41,220.35436412764204,218.60706937206197,0,0,0,307.9,61.62535105,,,,2,1,1,1,,,,1650492,7273298.000000005
1745207100,221.9,222.4,217.95,220.76,220.43549130211363,218.80279033823817,0,0,0,307.9,61.62535105,,,,2,1,1,1,,,,3207094,7227404.5500000045
1745293500,221.05,226.8,219.7,224.46,221.2403930416909,219.31708212567105,0,0,0,307.9,61.62535105,,,,2,1,1,1,,,,5712173,7332167.550000003
1745379900,226.45,228.45,221.01,223.62,221.71631443335272,219.70825647788277,0,0,0,307.9,61.62535105,,,,2,1,1,1,,,,2475855,7296783.650000003
1745466300,224.1,228.15,219.51,219.87,221.34705154668217,219.72296043443887,0,0,0,307.9,61.62535105,,,,2,1,1,1,,,,4924400,6991301.750000003
1745552700,220.3,222,212.58,216.25,220.32764123734574,219.4072367585808,0,0,0,307.9,61.62535105,,,,2,1,1,1,,,,3966837,6973063.350000003
1745811900,215.3,219.95,213.31,214.81,219.2241129898766,218.98930614416437,0,0,0,307.9,61.62535105,,,,2,1,1,1,,,,4065651,4629283.650000004
1745898300,215.3,218.24,208.71,211.96,217.7712903919013,218.3502783128767,0,0,0,307.9,61.62535105,,,,2,1,1,1,,,,3353557,4492876.500000004
1745984700,212,216.37,209.26,211.05,216.42703231352104,217.68661664806973,0,0,0,307.9,61.62535105,,,,2,1,1,1,,,,3050996,4400799.650000004
1746157500,212.1,216.65,208.87,211.04,215.34962585081684,217.08237877097247,0,0,0,307.9,61.62535105,,,,2,1,1,1,,,,3253694,4328767.950000005
1746416700,211.04,213.16,208.5,212.25,214.72970068065348,216.64307160997498,0,0,0,307.9,61.62535105,,,,2,1,1,1,,,,3299944,4336461.200000005
1746503100,212.25,213.88,205.78,206.72,213.12776054452277,215.74097419088633,0,0,0,307.9,61.62535105,,,,2,1,1,1,,,,2024597,4269542.750000006
1746589500,203.38,215,202.14,213.64,213.2302084356182,215.54997653716939,0,0,0,307.9,61.62535105,,,,2,1,1,1,,,,3541202,3908403.400000005
1746675900,215.5,217,204.6,206.01,211.78616674849457,214.68270594288126,0,0,0,307.9,61.62535105,,,,2,1,1,1,,,,3196036,3735955.2000000044
1746762300,201.89,209.4,200.6,207.77,210.98293339879567,214.05427812989205,0,0,0,307.9,61.62535105,,,,2,1,1,1,,,,3347904,3639953.4000000036
1747021500,210.59,213.87,207.2,212,211.18634671903652,213.86752557262915,0,0,0,307.9,61.62535105,,,,2,1,1,1,,,,5657952,3733795.6500000046
1747107900,215,221.25,213.75,214.84,211.9170773752292,213.95593233875377,0,0,0,307.9,61.62535105,,,,2,1,1,1,,,,5750541,3715587.5500000035
1747194300,215.87,220,214.22,219.04,213.34166190018337,214.41812030795796,0,0,0,307.9,61.62535105,,,,2,1,1,1,,,,3544279,3514600.2500000047
1747280700,223.3,226,207.95,208.61,212.3953295201467,213.89010937087087,0,0,0,307.9,61.62535105,,,,2,1,1,1,,,,14433985,4115040.4000000046
1747367100,210,210.5,204.44,204.87,210.89026361611735,213.07009942806442,0,0,0,307.9,61.62535105,,,,2,1,1,1,,,,7184164,4382067.650000005
1747626300,207,210.05,204.66,205.43,209.79821089289388,212.37554493460402,0,0,0,307.9,61.62535105,,,,2,1,1,1,,,,4935306,4546308.350000004
1747712700,206.15,207.37,202,205.78,208.9945687143151,211.7759499405491,0,0,0,307.9,61.62535105,,,,2,1,1,1,,,,3465186,4559212.950000005
1747799100,206.4,208.28,204.7,206.15,208.42565497145208,211.26449994595373,0,0,0,307.9,61.62535105,,,,2,1,1,1,,,,2415290,4394368.8000000045
1747885500,206.15,207.49,204.6,206.32,208.00452397716165,210.81499995086702,0,0,0,307.9,61.62535105,,,,2,1,1,1,,,,1669892,4354070.650000004
1747971900,200.5,206.2,200.5,205.33,207.4696191817293,210.3163635916973,0,0,0,307.9,61.62535105,,,,2,1,1,1,,,,3515998,4283650.5500000045
1748231100,206.7,208.2,204.75,205.27,207.02969534538346,209.85760326517936,0,0,0,307.9,61.62535105,,,,2,1,1,1,,,,2335413,4202079.350000003
1748317500,205.2,206.4,202.05,203.33,206.28975627630678,209.2641847865267,0,0,0,307.9,61.62535105,,,,2,1,1,1,,,,2985572,4148075.4000000046
1748403900,204.49,206.81,202.4,202.88,205.6078050210454,208.68380435138792,0,0,0,307.9,61.62535105,,,,2,1,1,1,,,,3508875,4155841.3000000045
1748490300,203.99,206.3,202.9,205.09,205.50424401683634,208.3570948648981,0,0,0,307.9,61.62535105,,,,2,1,1,1,,,,4525357,4229559.350000004
1748576700,206,209.7,205.5,206.3,205.66339521346907,208.17008624081646,0,0,0,307.9,61.62535105,,,,2,1,1,1,,,,5979728,4365861.0500000045
1748835900,207.4,209.4,205.1,205.68,205.66671617077526,207.9437147643786,0,0,0,307.9,61.62535105,,,,2,1,1,1,,,,3723404,4387034.0500000045
1748922300,205.68,206.69,203.2,203.76,205.2853729366202,207.563377058526,0,0,0,307.9,61.62535105,,,,2,1,1,1,,,,1828784,4377243.400000004
1749008700,204.49,206.55,201.51,205.94,205.41629834929617,207.41579732593272,0,0,0,307.9,61.62535105,,,,2,1,1,1,,,,3136340,4357000.3000000045
1749095100,206.8,210.28,204.61,208.08,205.94903867943694,207.47617938721157,0,0,0,307.9,61.62535105,,,,2,1,1,1,,,,5231463,4458771.650000004
1749181500,208.08,209.5,205.8,206.33,206.02523094354956,207.37198126110144,0,0,0,307.9,61.62535105,,,,2,1,1,1,,,,2940969,4438424.900000004
1749440700,208.75,213.65,207.85,211.03,207.02618475483965,207.70452841918313,0,0,0,307.9,61.62535105,,,,2,1,1,1,,,,7755912,4543322.900000004
1749527100,212.99,213.33,205.7,206.07,206.83494780387173,207.5559349265301,0,0,0,307.9,61.62535105,,,,2,1,1,1,,,,6061624,4558877.0500000045
1749613500,207.07,207.08,203,204.5,206.36795824309738,207.27812266048193,0,0,0,307.9,61.62535105,,,,2,1,1,1,,,,5448063,4654066.250000005
1749699900,205.48,208.25,198.91,199.93,205.0803665944779,206.61011150952902,0,0,0,307.9,61.62535105,,,,2,1,1,1,,,,8886792,4376706.600000004
1749786300,197,201.7,195.56,200.22,204.10829327558233,206.02919228139,0,0,0,307.9,61.62535105,,,,2,1,1,1,,,,3333522,4184174.5000000047
1750045500,200.92,201.83,197.5,199.25,203.13663462046586,205.41290207399092,0,0,0,307.9,61.62535105,,,,2,1,1,1,,,,2579820,4066400.2000000044
1750131900,199.49,200.38,194.2,195.26,201.5613076963727,204.4899109763554,0,0,0,307.9,61.62535105,,,,2,1,1,1,,,,4667640,4126522.9000000046
1750218300,193,196.86,191.75,193.37,199.92304615709816,203.4790099785049,0,0,0,307.9,61.62535105,,,,2,1,1,1,,,,4346671,4223091.950000005
1750304700,193.8,194.69,190,192.03,198.34443692567854,202.4381908895499,0,0,0,307.9,61.62535105,,,,2,1,1,1,,,,4491628,4364178.750000005
1750391100,192.49,195.84,191.25,195.1,197.69554954054283,201.77108262686355,0,0,0,307.9,61.62535105,,,,2,1,1,1,,,,3919764,4384367.0500000045
1750650300,193.7,195.62,192.49,194.29,197.01443963243426,201.0909842062396,0,0,0,307.9,61.62535105,,,,2,1,1,1,,,,1436059,4339399.350000004
1750736700,196.88,202.75,195.5,199.97,197.60555170594742,200.9890765511269,0,0,0,307.9,61.62535105,,,,2,1,1,1,,,,4767220,4428481.750000006
1750823100,201.99,203,200.11,201.95,198.47444136475792,201.0764332282972,0,0,0,307.9,61.62535105,,,,2,1,1,1,,,,2364235,4371249.750000006
1750909500,203,203.5,199,200.99,198.97755309180633,201.06857566208836,0,0,0,307.9,61.62535105,,,,2,1,1,1,,,,2511821,4270572.950000005
1750995900,203.2,204.46,200.93,202.83,199.74804247344505,201.22870514735305,0,0,0,307.9,61.62535105,,,,2,1,1,1,,,,5458728,4244522.950000005
1751255100,203.5,205.37,202.34,203.38,200.47443397875605,201.42427740668458,0,0,0,307.9,61.62535105,,,,2,1,1,1,,,,3623730,4239539.250000006
1751341500,204.1,205.5,201.12,204.73,201.32554718300483,201.72479764244054,0,0,0,307.9,61.62535105,,,,2,1,1,1,,,,2748819,4285541.000000006
1751427900,205.5,206.28,202.24,204.27,201.91443774640388,201.95617967494593,0,0,0,307.9,61.62535105,,,,2,1,1,1,,,,3961099,4326778.950000005
1751514300,204.5,204.9,201.65,202.43,202.01755019712311,201.99925424995084,0,0,0,307.9,61.62535105,,,,2,1,1,1,,,,2670187,4198715.150000004
1751600700,199.85,204.72,197.25,203.66,202.3460401576985,202.15023113631895,0,0,0,307.9,61.62535105,,,,2,1,1,1,,,,5934188,4348376.100000004
1751859900,204.7,204.89,200.58,202.49,202.3748321261588,202.1811192148354,0,0,0,307.9,61.62535105,,,,2,1,1,1,,,,2618323,4091496.6500000046
1751946300,200.5,202.99,199.05,201.27,202.15386570092704,202.0982901953049,0,0,0,307.9,61.62535105,,,,2,1,1,1,,,,2212595,3899045.2000000053
1752032700,200.2,205.9,200.11,201.45,202.01309256074163,202.03935472300446,0,0,0,307.9,61.62535105,,,,2,1,1,1,,,,5196954,3886489.750000005
1752119100,202.4,203,198.11,200.64,201.7384740485933,201.91214065727678,0,0,0,307.9,61.62535105,,,,2,1,1,1,,,,2856887,3584994.500000005
1752205500,200.6,202.6,198.7,200.98,201.58677923887464,201.82740059752433,0,0,0,307.9,61.62535105,,,,2,1,1,1,,,,2372159,3536926.350000005
1752464700,201.18,208.45,198.51,207.88,202.8454233910997,202.3776369068403,0,0,0,307.9,61.62535105,,,,2,1,1,1,,,,11733938,3994632.250000005
1752551100,208.9,217.9,208.89,216.22,205.52033871287975,203.636033551673,0,0,0,307.9,61.62535105,,,,2,1,1,1,,,,18359436,4679222.050000005
1752637500,217.7,220.85,213.4,214.86,207.3882709703038,204.65639413788455,0,0,0,307.9,61.62535105,,,,2,1,1,1,,,,7836537,4853715.350000004
1752723900,214.01,220.85,214.01,216.88,209.28661677624305,205.76763103444048,0,0,0,307.9,61.62535105,,,,2,1,1,1,,,,7265462,4992407.0500000045
1752810300,217.1,217.6,209.5,211.18,209.66529342099443,206.25966457676407,0,0,0,307.9,61.62535105,,,,2,1,1,1,,,,4266011,5009719.400000004
1753069500,211.16,215.04,209.31,211.7,210.07223473679554,206.75424052433098,0,0,0,307.9,61.62535105,,,,2,1,1,1,,,,7454147,5310623.8000000045
1753155900,211.56,212.39,204.63,205.3,209.11778778943642,206.6220368403009,0,0,0,307.9,61.62535105,,,,2,1,1,1,,,,4683335,5306429.5500000045
1753242300,203.8,207.36,203.06,205.04,208.30223023154915,206.47821530936446,0,0,0,307.9,61.62535105,,,,2,1,1,1,,,,3515720,5364003.8000000045
1753328700,206,206,202.2,203.19,207.27978418523932,206.17928664487678,0,0,0,307.9,61.62535105,,,,2,1,1,1,,,,2835284,5380176.950000005
1753415100,202,203.78,201.35,202.23,206.26982734819146,205.8202605862516,0,0,0,307.9,61.62535105,,,,2,1,1,1,,,,2141439,5214312.500000006
1753674300,202.3,205.8,201.78,204.35,205.88586187855316,205.686600532956,0,0,0,307.9,61.62535105,,,,2,1,1,1,,,,6888450,5377548.500000006
1753760700,197,210.5,193.25,205.61,205.83068950284252,205.67963684814183,0,0,0,307.9,61.62535105,,,,2,1,1,1,,,,15371658,6008690.450000005
1753847100,204.58,206,199.5,201.37,204.938551602274,205.28785168012894,0,0,0,307.9,61.62535105,,,,2,1,1,1,,,,4287597,6025015.350000005
1753933500,198.71,199.99,196.01,197.03,203.35684128181921,204.5371378910263,0,0,0,307.9,61.62535105,,,,2,1,1,1,,,,2930496,6038030.800000005
1754019900,198,198,190,190.65,200.81547302545536,203.2746708100239,0,0,0,307.9,61.62535105,,,,2,1,1,1,,,,5047984,5993720.600000004
1754279100,191.05,196.9,189.43,195.02,199.6563784203643,202.52424619093082,0,0,0,307.9,61.62535105,,,,2,1,1,1,,,,3223158,6023962.350000004
1754365500,195.25,195.64,193.08,193.53,198.43110273629142,201.70658744630074,0,0,0,307.9,61.62535105,,,,2,1,1,1,,,,3421969,6084431.0500000045
1754451900,193.5,193.52,185.12,186.33,196.01088218903314,200.3087158602734,0,0,0,307.9,61.62535105,,,,2,1,1,1,,,,7493393,6199253.000000005
1754538300,186.31,192.8,186.1,191.85,195.17870575122652,199.53974169115764,0,0,0,307.9,61.62535105,,,,2,1,1,1,,,,4941675,6303492.400000004
1754624700,191.86,196.52,189.1,190.07,194.1569646009812,198.6788560828706,0,0,0,307.9,61.62535105,,,,2,1,1,1,,,,3557025,6362735.700000005
1754883900,190.07,191.11,188,189.94,193.31357168078497,197.88441462079146,0,0,0,307.9,61.62535105,,,,2,1,1,1,,,,1608219,5856449.750000005
1754970300,190.24,191.24,188.6,189.41,192.53285734462798,197.1140132916286,0,0,0,307.9,61.62535105,,,,2,1,1,1,,,,2451853,5061070.600000004
1755056700,191,193.9,190.45,192.13,192.4522858757024,196.6609211742078,0,0,0,307.9,61.62535105,,,,2,1,1,1,,,,2520715,4795279.500000005
1755143100,192.88,193.79,189.55,190.04,191.96982870056192,196.05901924927983,0,0,0,307.9,61.62535105,,,,2,1,1,1,,,,2050350,4534523.900000004
1755488700,192,194.47,190.38,192.87,192.14986296044952,195.7691084084362,0,0,0,307.9,61.62535105,,,,2,1,1,1,,,,2440499,4443248.300000004
1755575100,192.87,195.64,192.24,194.21,192.56189036835963,195.62737128039655,0,0,0,307.9,61.62535105,,,,2,1,1,1,,,,1933761,4167229.0000000037
1755661500,194.59,194.99,191.63,191.79,192.4075122946877,195.27851934581503,0,0,0,307.9,61.62535105,,,,2,1,1,1,,,,1718399,4018982.200000004
1755747900,190,196.25,190,192.05,192.33600983575016,194.98501758710458,0,0,0,307.9,61.62535105,,,,2,1,1,1,,,,3366635,4011527.950000004
1755834300,192.5,195.1,192.43,192.75,192.41880786860014,194.78183417009507,0,0,0,307.9,61.62535105,,,,2,1,1,1,,,,2780076,4008767.5500000035
1756093500,194.85,197.2,192.33,192.82,192.49904629488012,194.60348560917734,0,0,0,307.9,61.62535105,,,,2,1,1,1,,,,2768270,4040109.100000004
1756179900,192.8,192.8,188.5,189.36,191.8712370359041,194.12680509925212,0,0,0,307.9,61.62535105,,,,2,1,1,1,,,,2699421,3830657.6500000036
1756352700,189.6,190.33,186.01,186.3,190.7569896287233,193.4152773629565,0,0,0,307.9,61.62535105,,,,2,1,1,1,,,,2217846,3172967.0500000035
1756439100,186.51,188.17,182.8,183.44,189.29359170297863,192.50843396632408,0,0,0,307.9,61.62535105,,,,2,1,1,1,,,,2182619,3067718.150000003
1756698300,183.45,188.2,182,187.81,188.9968733623829,192.08130360574916,0,0,0,307.9,61.62535105,,,,2,1,1,1,,,,1469588,2994672.7500000037
1756784700,188.74,189.27,185.73,186.71,188.5394986899063,191.59300327795378,0,0,0,307.9,61.62535105,,,,2,1,1,1,,,,2026785,2843612.8000000035
1756871100,186.99,202.2,186.99,201.16,191.06359895192506,192.46273025268525,0,0,0,307.9,61.62535105,,,,2,1,1,1,,,,26784180,4021663.9
1756957500,203.4,203.5,197.2,198.98,192.64687916154006,193.05520932062296,0,0,0,307.9,61.62535105,,,,2,1,1,1,,,,5162404,4108685.65
1757043900,200.39,202.49,199.76,200.65,194.24750332923205,193.74564483692996,0,0,0,307.9,61.62535105,,,,2,1,1,1,,,,2738839,3870957.9499999993
1757303100,202,202,198.5,198.94,195.18600266338564,194.21785894266358,0,0,0,307.9,61.62535105,,,,2,1,1,1,,,,1532805,3700514.4499999993
1757389500,199.93,199.99,197.53,198.17,195.78280213070852,194.57714449333054,0,0,0,307.9,61.62535105,,,,2,1,1,1,,,,1512574,3598291.8999999994
1757475900,200.02,202.34,198.7,199.2,196.4662417045668,194.99740408484595,0,0,0,307.9,61.62535105,,,,2,1,1,1,,,,2964835,3666122.6999999993
1757562300,199.2,203.35,199.05,200.16,197.20499336365344,195.46673098622358,0,0,0,307.9,61.62535105,,,,2,1,1,1,,,,3774879,3732273.999999999
1757648700,201,201.96,199.65,200.67,197.89799469092276,195.93975544202144,0,0,0,307.9,61.62535105,,,,2,1,1,1,,,,1722552,3692365.849999999
1757907900,201.71,205.71,198.81,203.69,199.0563957527382,196.6443231291104,0,0,0,307.9,61.62535105,,,,2,1,1,1,,,,4134481,3796572.3999999994
1757994300,204.9,205.94,202.21,205.63,200.37111660219057,197.4612028446458,0,0,0,307.9,61.62535105,,,,2,1,1,1,,,,3130431,3831068.999999999
1758080700,206.39,207.14,201,203.13,200.92289328175247,197.9765480405871,0,0,0,307.9,61.62535105,,,,2,1,1,1,,,,4145507,3941656.2999999993
1758167100,204.07,204.4,201.65,203.33,201.40431462540198,198.4632254914428,0,0,0,307.9,61.62535105,,,,2,1,1,1,,,,1747374,3943105.0499999984
1758253500,203.33,209.44,203.33,208.28,202.77945170032157,199.35565953767528,0,0,0,307.9,61.62535105,,,,2,1,1,1,,,,7287332,4139139.8999999994
1758512700,208.34,208.67,201.6,202.71,202.76556136025727,199.6605995797048,0,0,0,307.9,61.62535105,,,,2,1,1,1,,,,3253102,4162791.1999999983
1758599100,202.6,203.42,199.51,200.03,202.2184490882058,199.69418143609528,0,0,0,307.9,61.62535105,,,,2,1,1,1,,,,2198637,4134309.5499999984
1758685500,200.45,200.93,195.8,196.34,201.04275927056463,199.3892558509957,0,0,0,307.9,61.62535105,,,,2,1,1,1,,,,1955674,4097122.1999999983
1758771900,199.1,201,194.8,195.2,199.8742074164517,199.0084144099961,0,0,0,307.9,61.62535105,,,,2,1,1,1,,,,2712002,4121829.9999999986
1758858300,195.06,195.06,187,187.73,197.44536593316136,197.98310400908736,0,0,0,307.9,61.62535105,,,,2,1,1,1,,,,6704368,4347917.449999998
1759117500,189.9,193.3,187.94,191.64,196.28429274652908,197.4064581900794,0,0,0,307.9,61.62535105,,,,2,1,1,1,,,,5569677,4552921.8999999985
1759203900,192.48,192.9,188.9,191.16,195.25943419722327,196.83859835461763,0,0,0,307.9,61.62535105,,,,2,1,1,1,,,,2115708,4557368.049999999
1759290300,191.07,200.2,190.52,199.04,196.01554735777862,197.0387257769251,0,0,0,307.9,61.62535105,,,,2,1,1,1,,,,5460929,3491205.4999999986
1759463100,199.06,201.59,196.15,198.47,196.5064378862229,197.16884161538647,0,0,0,307.9,61.62535105,,,,2,1,1,1,,,,2576009,3361885.7499999986
1759722300,198.99,199.26,193.7,195.61,196.32715030897833,197.02712874126044,0,0,0,307.9,61.62535105,,,,2,1,1,1,,,,1599560,3304921.799999999
1759808700,196.51,198,193.75,195.56,196.17372024718267,196.89375340114586,0,0,0,307.9,61.62535105,,,,2,1,1,1,,,,1432184,3299890.749999999
1759895100,194.61,197.79,193.32,193.8,195.69897619774613,196.61250309195077,0,0,0,307.9,61.62535105,,,,2,1,1,1,,,,1784235,3313473.7999999993
1759981500,195,198.64,195,197.67,196.0931809581969,196.7086391745007,0,0,0,307.9,61.62535105,,,,2,1,1,1,,,,4277668,3379115.4499999993
1760067900,197.67,206.6,195.5,201.69,197.21254476655753,197.16149015863698,0,0,0,307.9,61.62535105,,,,2,1,1,1,,,,7412470,3560994.999999999
1760327100,201.52,201.85,197,197.58,197.28603581324603,197.1995365078518,0,0,0,307.9,61.62535105,,,,2,1,1,1,,,,2074076,3578571.1999999993
1760413500,197.58,198.19,190.72,192.26,196.28082865059682,196.75048773441074,0,0,0,307.9,61.62535105,,,,2,1,1,1,,,,4445505,3594122.3999999994
1760499900,192.26,194.81,191.58,193.5,195.72466292047744,196.4549888494643,0,0,0,307.9,61.62535105,,,,2,1,1,1,,,,2274935,3551347.599999999
1760586300,194.1,195.4,193.22,194.16,195.41173033638196,196.24635349951302,0,0,0,307.9,61.62535105,,,,2,1,1,1,,,,2039432,3446043.849999999
1760672700,194.9,195.36,191.13,192.64,194.85738426910558,195.91850318137548,0,0,0,307.9,61.62535105,,,,2,1,1,1,,,,1774622,3447406.249999999
1760931900,193.5,196.23,191.58,195.56,194.99790741528446,195.8859119830686,0,0,0,307.9,61.62535105,,,,2,1,1,1,,,,4545499,3310314.599999999
1761034500,196.89,198.4,195.4,197.28,195.45432593222756,196.0126472573351,0,0,0,307.9,61.62535105,,,,2,1,1,1,,,,919086,3193613.799999999
1761191100,198.99,204.95,197,203.6,197.08346074578205,196.70240659757735,0,0,0,307.9,61.62535105,,,,2,1,1,1,,,,6187004,3393032.1499999985
1761277500,204.9,206.5,201.77,202.37,198.14076859662563,197.21764236143395,0,0,0,307.9,61.62535105,,,,2,1,1,1,,,,3169076,3453702.2499999986
1761536700,203.45,204.76,202.65,203.14,199.1406148773005,197.7560385103945,0,0,0,307.9,61.62535105,,,,2,1,1,1,,,,1806019,3408403.0999999987
1761623100,203.1,205.28,200.28,202.1,199.7324919018404,198.15094410035863,0,0,0,307.9,61.62535105,,,,2,1,1,1,,,,2176419,3182005.649999998
1761709500,203.15,205.9,202.5,204.13,200.61199352147233,198.69449463668965,0,0,0,307.9,61.62535105,,,,2,1,1,1,,,,2317936,3019418.599999998
1761795900,204.13,204.44,200.1,201.9,200.86959481717787,198.9859042151724,0,0,0,307.9,61.62535105,,,,2,1,1,1,,,,2496546,3038460.499999998
1761882300,202.2,202.9,198.82,199.63,200.6216758537423,199.04445837742946,0,0,0,307.9,61.62535105,,,,2,1,1,1,,,,1740300,2852429.049999998
1762141500,199.76,203.74,199.76,201.56,200.80934068299382,199.27314397948132,0,0,0,307.9,61.62535105,,,,2,1,1,1,,,,3926935,2919975.349999998
1762227900,201.49,202.74,198.24,200.42,200.73147254639505,199.37740361771029,0,0,0,307.9,61.62535105,,,,2,1,1,1,,,,4528048,3066399.749999998
1762400700,196.5,209.25,196.5,199.33,200.45117803711605,199.37309419791845,0,0,0,307.9,61.62535105,,,,2,1,1,1,,,,14705456,3730063.35
1762487100,198.6,201.08,196,199.15,200.19094242969285,199.3528129071986,0,0,0,307.9,61.62535105,,,,2,1,1,1,,,,3105483,3796125.75
1762746300,199.25,199.85,194.4,195.45,199.24275394375428,198.9980117338169,0,0,0,307.9,61.62535105,,,,2,1,1,1,,,,2888782,3726681.45
1762832700,195.4,196.43,192.9,194.22,198.23820315500342,198.56364703074263,0,0,0,307.9,61.62535105,,,,2,1,1,1,,,,1904002,3451258.05
1762919100,195,196.59,193.67,195.64,197.71856252400272,198.29786093703876,0,0,0,307.9,61.62535105,,,,2,1,1,1,,,,2142816,3454695.05
1763005500,195.9,196.6,193.4,193.84,196.94285001920218,197.89260085185342,0,0,0,307.9,61.62535105,,,,2,1,1,1,,,,2144573,3339648.45
1763091900,193.84,197.99,193.1,194.03,196.36028001536175,197.54145531986674,0,0,0,307.9,61.62535105,,,,2,1,1,1,,,,2531346,3352469.0000000005
1763351100,194.99,197.16,192.65,195.47,196.1822240122894,197.35314119987885,0,0,0,307.9,61.62535105,,,,2,1,1,1,,,,1619560,3331475.4000000004
1763437500,195.47,195.88,191.6,192.13,195.37177920983152,196.87831018170803,0,0,0,307.9,61.62535105,,,,2,1,1,1,,,,2356015,3360545.0500000007
1763523900,192.95,192.99,188.07,188.8,194.05742336786523,196.14391834700731,0,0,0,307.9,61.62535105,,,,2,1,1,1,,,,3241928,3295366.500000001
1763610300,190,192,189.11,189.64,193.1739386942922,195.5526530427339,0,0,0,307.9,61.62535105,,,,2,1,1,1,,,,1601706,3329497.500000001
1763696700,190.15,190.15,187.5,188.38,192.21515095543376,194.90059367521263,0,0,0,307.9,61.62535105,,,,2,1,1,1,,,,2106643,3125479.45
1763955900,188.38,189.91,185.25,186.33,191.038120764347,194.12144879564784,0,0,0,307.9,61.62535105,,,,2,1,1,1,,,,3111398,3122595.5500000003
1764042300,186,187.75,184.2,184.87,189.80449661147762,193.2804079960435,0,0,0,307.9,61.62535105,,,,2,1,1,1,,,,2048124,3134700.8000000007
1764128700,185.5,189.07,184.63,187.38,189.3195972891821,192.74400726913044,0,0,0,307.9,61.62535105,,,,2,1,1,1,,,,2454457,3148602.7
1764215100,188.75,188.82,185.84,186.4,188.73567783134567,192.1672793355731,0,0,0,307.9,61.62535105,,,,2,1,1,1,,,,1641129,3114762.3500000006
1764301500,186.4,190.8,186.11,187.21,188.43054226507653,191.71661757779373,0,0,0,307.9,61.62535105,,,,2,1,1,1,,,,3572225,3168546.3000000007
1764560700,187.9,189.2,184.15,184.87,187.71843381206122,191.0941977979943,0,0,0,307.9,61.62535105,,,,2,1,1,1,,,,2221428,3192602.7000000007
1764647100,184.6,185.9,182.5,185.27,187.22874704964897,190.56472527090392,0,0,0,307.9,61.62535105,,,,2,1,1,1,,,,2016737,3097092.8000000007
1764733500,184.56,187.7,181.29,182.05,186.19299763971918,189.7906593371854,0,0,0,307.9,61.62535105,,,,2,1,1,1,,,,2687250,3005052.900000001
1764819900,182.48,182.5,179.6,180.85,185.12439811177535,188.977872124714,0,0,0,307.9,61.62535105,,,,2,1,1,1,,,,4307960,2485178.1000000006
1764906300,181.62,181.62,177.44,179.85,184.0695184894203,188.1480655679218,0,0,0,307.9,61.62535105,,,,2,1,1,1,,,,2246077,2442207.8000000007
1765165500,180.3,180.3,173.4,174.65,182.18561479153624,186.92096869811073,0,0,0,307.9,61.62535105,,,,2,1,1,1,,,,3033632,2449450.3000000007
1765251900,174.65,174.69,170.4,173.34,180.416491833229,185.68633518010066,0,0,0,307.9,61.62535105,,,,2,1,1,1,,,,3116307,2510065.5500000007
1765338300,173.42,174.45,170.1,170.99,178.5311934665832,184.3503047091824,0,0,0,307.9,61.62535105,,,,2,1,1,1,,,,1936247,2499737.1000000006
1765424700,170.9,173.62,169.58,171.79,177.18295477326657,183.20845882652947,0,0,0,307.9,61.62535105,,,,2,1,1,1,,,,5375581,2661287.500000001
1765511100,172.39,176.28,170.65,174.45,176.63636381861326,182.41223529684495,0,0,0,307.9,61.62535105,,,,2,1,1,1,,,,7177114,2893575.900000001
1765770300,174.45,174.5,171.16,171.7,175.64909105489062,181.4383957244045,0,0,0,307.9,61.62535105,,,,2,1,1,1,,,,2418081,2933501.9500000007
1765856700,171.75,171.85,167.55,168.6,174.2392728439125,180.27126884036772,0,0,0,307.9,61.62535105,,,,2,1,1,1,,,,3642796,2997841.000000001
1765943100,169,170.95,167.29,167.9,172.97141827513,179.14660803669793,0,0,0,307.9,61.62535105,,,,2,1,1,1,,,,2597044,2965596.800000001
1766029500,168.8,168.8,165.12,166.52,171.681134620104,177.9987345788163,0,0,0,307.9,61.62535105,,,,2,1,1,1,,,,2649342,3017978.600000001
1766115900,166.55,171.9,166.55,171.28,171.6009076960832,177.38794052619664,0,0,0,307.9,61.62535105,,,,2,1,1,1,,,,3929834,3109138.1500000013
1766375100,171.97,179,170.87,177.7,172.82072615686656,177.41630956926969,0,0,0,307.9,61.62535105,,,,2,1,1,1,,,,6094697,3258303.100000001
1766461500,177.74,179.44,176.16,178.01,173.85858092549324,177.4702814266088,0,0,0,307.9,61.62535105,,,,2,1,1,1,,,,3267359,3319264.850000001
1766547900,178,180.99,176.31,177.31,174.5488647403946,177.4557103878262,0,0,0,307.9,61.62535105,,,,2,1,1,1,,,,2751002,3334092.100000001
1766720700,177.31,177.4,173.85,174.22,174.4830917923157,177.1615548980238,0,0,0,307.9,61.62535105,,,,2,1,1,1,,,,1575785,3330824.900000001
1766979900,174.3,175.2,171.6,172.85,174.15647343385254,176.76959536183983,0,0,0,307.9,61.62535105,,,,2,1,1,1,,,,1991534,3251790.350000001
1767066300,173.3,174.06,170.61,171.3,173.58517874708204,176.27235941985438,0,0,0,307.9,61.62535105,,,,2,1,1,1,,,,1795282,3230483.050000001
1767152700,172.6,173.49,171.09,172.21,173.31014299766562,175.90305401804943,0,0,0,307.9,61.62535105,,,,2,1,1,1,,,,1455932,3202442.800000001
1767239100,172.75,173.34,169.36,169.88,172.6241143981325,175.3555036527722,0,0,0,307.9,61.62535105,,,,2,1,1,1,,,,2136651,3174912.850000001
1767325500,170.1,179.1,170.1,178.48,173.795291518506,175.63954877524745,0,0,0,307.9,61.62535105,,,,2,1,1,1,,,,4960834,3207556.550000001
1767584700,179.2,182.93,177.98,178.86,174.8082332148048,175.93231706840677,0,0,0,307.9,61.62535105,,,,2,1,1,1,,,,5009603,3345732.850000001
1767671100,179.28,181.85,177.55,180,175.84658657184383,176.30210642582435,0,0,0,307.9,61.62535105,,,,2,1,1,1,,,,3010285,3344565.5000000014
1767757500,180.9,185.04,179.88,180.81,176.83926925747505,176.7119149325676,0,0,0,307.9,61.62535105,,,,2,1,1,1,,,,6506808,3514090.5500000017
1767843900,180.81,181.48,172,172.71,176.01341540598006,176.34810448415237,0,0,0,307.9,61.62535105,,,,2,1,1,1,,,,3119826,3573269.5000000014
1767930300,172.8,173.71,167.81,168.53,174.51673232478404,175.6373677128658,0,0,0,307.9,61.62535105,,,,2,1,1,1,,,,2463860,3427683.4500000016
1768189500,168.68,168.99,163.64,167.73,173.15938585982724,174.91851610260528,0,0,0,307.9,61.62535105,,,,2,1,1,1,,,,2962445,3216950.000000001
1768275900,168.45,169.43,165.38,168.36,172.1995086878618,174.32228736600482,0,0,0,307.9,61.62535105,,,,2,1,1,1,,,,3404750,3266283.450000001
1768362300,168.3,169.17,166.71,168.02,171.36360695028944,173.74935215091347,0,0,0,307.9,61.62535105,,,,2,1,1,1,,,,1416806,3154983.9500000007
1768535100,168.4,169.08,165.18,166.28,170.34688556023156,173.07032013719407,0,0,0,307.9,61.62535105,,,,2,1,1,1,,,,1376825,3093973.000000001
1768794300,166,166.3,163.5,164.34,169.14550844818524,172.27665467017644,0,0,0,307.9,61.62535105,,,,2,1,1,1,,,,3317687,3127390.250000001
1768880700,163.61,164,157.2,157.81,166.87840675854818,170.96150424561495,0,0,0,307.9,61.62535105,,,,2,1,1,1,,,,2841483,3072972.7000000007
1768967100,157.8,160.3,154.3,155.11,164.52472540683854,169.5204584051045,0,1,0,307.9,61.62535105,,,,3,1,1,1,,1,,3373270,2936901.350000001
1769053500,157.33,159.9,155.18,156.5,162.91978032547084,168.33678036827683,0,0,0,307.9,61.62535105,,,,3,1,1,1,,,,1947868,2870926.800000001
1769139900,157,157.15,150.21,151.41,160.61782426037666,166.79798215297893,0,0,0,307.9,61.62535105,,,,3,1,1,1,,,,2745484,2870650.9000000013
1769485500,152.78,154.3,150.1,152.45,158.98425940830134,165.49362013907177,0,0,0,307.9,61.62535105,,,,3,1,1,1,,,,4639402,3023831.750000001
1769571900,154,155,151.55,153.96,157.97940752664107,164.44510921733797,0,0,0,307.9,61.62535105,,,,3,1,1,1,,,,3472060,3097858.050000001
1769658300,150,163.24,148.31,153.69,157.12152602131286,163.46737201576178,0,0,0,307.9,61.62535105,,,,3,1,1,1,,,,17726569,3894422.4
1769744700,152.46,156.76,150.4,154.68,156.6332208170503,162.6685200143289,0,0,0,307.9,61.62535105,,,,3,1,1,1,,,,3231653,3983208.45
1769917500,153.86,158.62,151,151.73,155.65257665364024,161.67410910393536,0,0,0,307.9,61.62535105,,,,3,1,1,1,,,,2262904,3989521.1
1770003900,152.4,156.09,149.76,155.06,155.53406132291218,161.07282645812305,0,0,0,307.9,61.62535105,,,,3,1,1,1,,,,2194812,3851220
1770090300,165,166.56,160.02,161.23,156.67324905832973,161.08711496193004,0,0,0,307.9,61.62535105,,,,3,1,1,1,,,,3831082,3792293.95
1770176700,161.41,163.16,158.53,162.16,157.77059924666378,161.18464996539095,0,0,0,307.9,61.62535105,,,,3,1,1,1,,,,2360341,3759796.75
1770263100,160.91,160.91,157.51,158.6,157.93647939733103,160.94968178671905,0,0,0,307.9,61.62535105,,,,3,1,1,1,,,,1926539,3530783.3000000007
1770349500,158.89,159.18,154.63,158.75,158.09918351786482,160.74971071519914,0,0,0,307.9,61.62535105,,,,3,1,1,1,,,,2018940,3475739.000000001
1770608700,160,163.2,158.65,162.84,159.04734681429184,160.9397370138174,0,0,0,307.9,61.62535105,,,,3,1,1,1,,,,1894781,3447285.0500000007
1770695100,162,165.48,161.25,163.42,159.92187745143346,161.16521546710672,0,0,0,307.9,61.62535105,,,,3,1,1,1,,,,6187075,3608516.5500000007
1770781500,163.8,164.6,162.1,164.36,160.80950196114676,161.45565042464247,0,0,0,307.9,61.62535105,,,,3,1,1,1,,,,1632632,3519910.650000001
1770867900,164.36,165.11,161.48,163.31,161.3096015689174,161.62422765876588,0,0,0,307.9,61.62535105,,,,3,1,1,1,,,,1949079,3546524.3000000007
1770954300,162.5,167.88,159,165.95,162.2376812551339,162.01747968978717,0,0,0,307.9,61.62535105,,,,3,1,1,1,,,,4647771,3710071.6000000006
1771213500,166.78,169.54,163.39,164.05,162.60014500410713,162.20225426344288,0,0,0,307.9,61.62535105,,,,3,1,1,1,,,,3946154,3741494.9500000007
1771299900,161.99,165.3,161.87,164.66,163.0121160032857,162.42568569403898,0,0,0,307.9,61.62535105,,,,3,1,1,1,,,,1640770,3681459.3
1771386300,165,166.46,164.2,166.04,163.61769280262857,162.7542597218536,0,0,0,307.9,61.62535105,,,,3,1,1,1,,,,2453587,3635475.150000001
1771472700,166.04,167.85,162.01,163.05,163.50415424210286,162.7811452016851,0,0,0,307.9,61.62535105,,,,3,1,1,1,,,,1388727,3607518.1000000006
1771559100,163,164.03,159.93,160.53,162.90932339368229,162.57649563789553,0,0,0,307.9,61.62535105,,,,3,1,1,1,,,,1989983,3569743.0500000007
1771818300,161.7,163.14,160.5,162.14,162.75545871494583,162.53681421626865,0,0,0,307.9,61.62535105,,,,3,1,1,1,,,,2218043,3448675.1000000006
1771904700,162.14,162.14,157.92,159.48,162.10036697195667,162.25892201478968,0,0,0,307.9,61.62535105,,,,3,1,1,1,,,,2663225,3408233.3500000006
1771991100,159.99,162.5,159.35,161.06,161.89229357756534,162.14992910435424,0,0,0,307.9,61.62535105,,,,3,1,1,1,,,,1292223,2586516.0500000003
1772077500,161.19,164.59,159.8,162.42,161.99783486205226,162.1744810039584,0,0,0,307.9,61.62535105,,,,3,1,1,1,,,,3340011,2591933.95
1772163900,162.4,162.4,155.5,156.13,160.82426788964182,161.62498273087127,0,0,0,307.9,61.62535105,,,,3,1,1,1,,,,2789207,2618249.1
1772423100,152.62,154.96,150.91,152.81,159.22141431171346,160.82362066442843,0,0,0,307.9,61.62535105,,,,3,1,1,1,,,,2046239,2610820.45
1772595900,150.5,154.2,150.01,152.31,157.83913144937077,160.0496551494804,0,0,0,307.9,61.62535105,,,,3,1,1,1,,,,1921293,2515331
1772682300,152.4,154.2,151.01,153.3,156.93130515949662,159.43605013589126,0,0,0,307.9,61.62535105,,,,3,1,1,1,,,,1231271,2458877.4999999995
1772768700,153,154.81,151.37,151.87,155.9190441275973,158.74822739626478,0,0,0,307.9,61.62535105,,,,3,1,1,1,,,,1038728,2414486.9499999997
1773027900,149,152.38,147.11,151.4,155.01523530207783,158.08020672387707,0,0,0,307.9,61.62535105,,,,3,1,1,1,,,,2499028,2438491.3499999996
1773114300,152.3,156.11,151.21,155.37,155.08618824166226,157.8338242944337,0,0,0,307.9,61.62535105,,,,3,1,1,1,,,,1451421,2416323.3499999996
1773200700,155.63,160.54,155,155.42,155.1529505933298,157.61438572221246,0,0,0,307.9,61.62535105,,,,3,1,1,1,,,,2689734,2241456.3
1773287100,155.2,155.2,144.96,145.54,153.23036047466383,156.51671429292043,0,0,0,307.9,61.62535105,,,,3,1,1,1,,,,8629241,2591286.75
1773373500,142.6,145.19,139.08,139.81,150.54628837973107,154.99792208447312,0,0,0,307.9,61.62535105,,,,3,1,1,1,,,,4462538,2716959.7
1773632700,140.02,141.1,134.6,138.72,148.18103070378484,153.51811098588465,0,0,0,307.9,61.62535105,,,,3,1,1,1,,,,4065908,2687866.55
1773719100,138.98,140.67,137.4,139.05,146.35482456302788,152.20282816898603,0,0,0,307.9,61.62535105,,,,3,1,1,1,,,,2373716,2609244.6500000004
1773805500,140,144.13,139.57,143.12,145.7078596504223,151.37711651726002,0,0,0,307.9,61.62535105,,,,3,1,1,1,,,,2833292,2668870.75
1773891900,140.96,141.18,135.14,135.72,143.71028772033785,149.9537422884182,0,0,0,307.9,61.62535105,,,,3,1,1,1,,,,3130633,2702723.0500000003
1773978300,137.83,139.71,136.79,138.35,142.63823017627027,148.89885662583472,0,0,0,307.9,61.62535105,,,,3,1,1,1,,,,3742561,2820414.7500000005
1774237500,137,137.01,132.3,133.27,140.76458414101623,147.47805147803157,0,0,0,307.9,61.62535105,,,,3,1,1,1,,,,3582231,2900027.150000001
1774323900,136.09,136.65,132.53,136.08,139.827667312813,146.4418649800287,0,0,0,307.9,61.62535105,,,,3,1,1,1,,,,3569541,2967602.0500000007
1774410300,136.08,145,135.76,141.07,140.0761338502504,145.9535136182079,0,0,0,307.9,61.62535105,,,,3,1,1,1,,,,4258183,3047349.9500000007
1774583100,140.6,144.77,138.87,143.56,140.7729070802003,145.7359214710981,0,0,0,307.9,61.62535105,,,,3,1,1,1,,,,7986934,3382085.500000001
1774842300,141.01,142.95,136.05,136.54,139.92632566416023,144.89992861008918,0,0,0,307.9,61.62535105,,,,3,1,1,1,,,,4589871,3444578.500000001
1775015100,140,144.18,139.62,142.51,140.44306053132817,144.68266237280835,0,0,0,307.9,61.62535105,,,,3,1,1,1,,,,2094474,3409841.8500000006
1775101500,140,142.7,136.26,142.18,140.79044842506255,144.45514761164395,0,0,0,307.9,61.62535105,,,,3,1,1,1,,,,2299147,3422487.250000001
1775447100,141.19,145,137.3,141.54,140.94035874005004,144.1901341924036,0,0,0,307.9,61.62535105,,,,3,1,1,1,,,,2796146,3466229.900000001
1775533500,141.25,142.74,139.8,141.04,140.96028699204004,143.90375835673055,0,0,0,307.9,61.62535105,,,,3,1,1,1,,,,1869299,3498131.3000000007
1775619900,145.9,146.33,143.22,143.77,141.52222959363203,143.89159850611867,0,0,0,307.9,61.62535105,,,,3,1,1,1,,,,2989219,3595655.8500000006
1775706300,143.77,145.78,142.11,142.95,141.80778367490564,143.80599864192607,0,0,0,307.9,61.62535105,,,,3,1,1,1,,,,1581920,3549800.4500000007
1775792700,143.65,147.19,143.25,145.98,142.6422269399245,144.0036351290237,0,0,0,307.9,61.62535105,,,,3,1,1,1,,,,2366991,3595578.9500000007
1776051900,144.25,147.49,140.96,146.47,143.40778155193962,144.22785011729428,0,0,0,307.9,61.62535105,,,,3,1,1,1,,,,2705316,3596358.0500000007
1776224700,149.4,150.28,147.2,148.5,144.4262252415517,144.61622737935843,0,0,0,307.9,61.62535105,,,,3,1,1,1,,,,3597862,3344789.100000001
1776311100,150.78,150.78,145.65,147.5,145.04098019324135,144.8783885266895,0,0,0,307.9,61.62535105,,,,3,1,1,1,,,,3638305,3303577.450000001
1776397500,148,149.69,146.85,148.85,145.80278415459307,145.23944411517226,0,0,0,307.9,61.62535105,,,,3,1,1,1,,,,2165684,3208566.250000001
1776656700,149.49,150.05,146.02,148.79,146.40022732367444,145.56222192288388,0,0,0,307.9,61.62535105,,,,3,1,1,1,,,,1754749,3177617.9000000013
1776743100,149,151.99,148.9,150.81,147.28218185893957,146.03929265716715,0,0,0,307.9,61.62535105,,,,3,1,1,1,,,,2299744,3150940.500000001
1776829500,150.71,154.98,150,153.81,148.58774548715166,146.74572059742468,0,0,0,307.9,61.62535105,,,,3,1,1,1,,,,2825757,3135696.7000000016
1776915900,153.81,168.5,153.3,163.87,151.64419638972134,148.30247327038606,0,0,0,307.9,61.62535105,,,,3,1,1,1,,,,52438256,5570481.45
1777002300,164.68,167.9,163.6,165.47,154.40935711177707,149.86315751853277,0,0,0,307.9,61.62535105,,,,3,1,1,1,,,,12840803,6033410.05
1777261500,166.29,171.65,165.08,168.78,157.28348568942167,151.58287047139342,0,0,0,307.9,61.62535105,,,,3,1,1,1,,,,9489285,6329397.25
1777347900,170,171.47,163.5,164.47,158.72078855153734,152.75442770126674,0,0,0,307.9,61.62535105,,,,3,1,1,1,,,,6015652,6417270.7
1777434300,163.25,168.67,159.36,160.15,159.00663084122988,153.42675245569703,0,0,0,307.9,61.62535105,,,,3,1,1,1,,,,6591301,6347489.05
1777520700,161.47,162.9,156.14,161.87,159.5793046729839,154.19432041427004,0,0,0,307.9,61.62535105,,,,3,1,1,1,,,,3440783,6290034.65
1777866300,163.34,163.96,159.45,160.3,159.72344373838712,154.74938219479094,0,0,0,307.9,61.62535105,,,,3,1,1,1,,,,1744074,6272514.65
1777952700,160.5,161.65,157.77,159.92,159.76275499070968,155.21943835890085,0,0,0,307.9,61.62535105,,,,3,1,1,1,,,,2332817,6274198.15
1778039100,161.2,167,159.52,165.19,160.84820399256773,156.12585305354622,0,0,0,307.9,61.62535105,,,,3,1,1,1,,,,5528707,6410826.200000001
1778125500,166.7,196.44,165.1,183.73,165.42456319405417,158.6353209577693,0,0,0,307.9,61.62535105,,,,3,1,1,1,,,,51282284,8881475.45
1778211900,183.5,185.47,178.3,179.85,168.30965055524334,160.56392814342664,0,0,0,307.9,61.62535105,,,,3,1,1,1,,,,6184773,9041253.15
1778471100,177.8,188.4,176.04,184.15,171.47772044419466,162.7081164940242,0,0,0,307.9,61.62535105,,,,3,1,1,1,,,,13884083,9656361.3
1778557500,184.15,184.7,175.1,176.56,172.49417635535573,163.9673786309311,0,0,0,307.9,61.62535105,,,,3,1,1,1,,,,5993063,9837664.9
1778643900,177.5,181.34,176.07,177.39,173.47334108428458,165.1876169372101,0,0,0,307.9,61.62535105,,,,3,1,1,1,,,,3511299,9877964.05
1778730300,178.15,179.06,173.41,174.56,173.69067286742768,166.0396517611001,0,0,0,196.44,132.3,,,,1,1,1,1,,,,5724358,9984288.85
1778816700,174.71,179.36,171.52,174.87,173.92653829394214,166.84241069190918,0,0,0,196.44,132.3,,,,1,1,1,1,,,,3271327,9965939.95
1779075900,174,176.27,170.3,175.08,174.15723063515372,167.59128244719017,0,0,0,196.44,132.3,,,,1,1,1,1,,,,2393928,9977352.15
1779162300,176.07,178.9,172.32,173.23,173.97178450812297,168.10389313380924,0,0,0,196.44,132.3,,,,1,1,1,1,,,,2700402,10024634.8
1779248700,172.8,177,170.2,176.35,174.44742760649837,168.85353921255384,0,0,0,196.44,132.3,,,,1,1,1,1,,,,2796890,10049492.1
1779335100,177.39,178,174.52,176.08,174.77394208519868,169.51049019323077,0,0,0,196.44,132.3,,,,1,1,1,1,,,,1983146,10007361.55
1779421500,176.5,177.55,174.6,175.63,174.94515366815895,170.06680926657342,0,0,0,196.44,132.3,,,,1,1,1,1,,,,1458574,7458377.45
1779680700,176.1,180.7,175.25,179.46,175.84812293452717,170.92073569688492,0,0,0,196.44,132.3,,,,1,1,1,1,,,,2936240,6963149.3
1779767100,180,180.72,175.4,178.86,176.45049834762173,171.6424869971681,0,0,0,196.44,132.3,,,,1,1,1,1,,,,2124352,6594902.65
1779853500,178.9,179.58,173.8,174.24,176.0083986780974,171.8786245428801,0,0,0,196.44,132.3,,,,1,1,1,1,,,,2480547,6418147.4
1780026300,174.51,175.88,171.25,172.79,175.3647189424779,171.96147685716372,0,0,0,196.44,132.3,,,,1,1,1,1,,,,2626463,6219905.499999999
1780285500,172.99,175.95,170.36,170.9,174.47177515398232,171.86497896105791,0,0,0,196.44,132.3,,,,1,1,1,1,,,,1692993,6132516
1780371900,170.11,170.44,164.5,166.92,172.96142012318586,171.41543541914356,0,0,0,196.44,132.3,,,,1,1,1,1,,,,2440644,6167344.5
1780458300,168,169.3,164.71,167.01,171.77113609854868,171.0149412901305,0,0,0,196.44,132.3,,,,1,1,1,1,,,,2300391,6165723.2
1780544700,165.24,173.6,165.24,169.58,171.33290887883894,170.88449208193683,0,0,0,196.44,132.3,,,,1,1,1,1,,,,2374262,6008000.95
1780631100,169.9,170.9,165.99,166.77,170.42032710307114,170.5104473472153,0,0,0,196.44,132.3,,,,1,1,1,1,,,,1725777,3530175.6
1780890300,165,167.98,164.01,165.34,169.4042616824569,170.04040667928663,0,0,0,196.44,132.3,,,,1,1,1,1,,,,1524101,3297142
1780976700,166.3,173.25,165.6,168.87,169.29740934596552,169.93400607207874,0,0,0,196.44,132.3,,,,1,1,1,1,,,,3787557,2792315.7
1781063100,169,170.36,162.15,164.07,168.2519274767724,169.40091461098066,0,0,0,196.44,132.3,,,,1,1,1,1,,,,1299547,2557639.9000000004
1781149500,164.21,165.17,160.7,161.31,166.86354198141794,168.66537691907334,0,0,0,196.44,132.3,,,,1,1,1,1,,,,2353297,2499739.8000000007
1781235900,162.35,166.39,162.2,163.85,166.26083358513435,168.22761538097575,0,0,0,196.44,132.3,,,,1,1,1,1,,,,2616390,2344341.4000000013
1781495100,166.45,170.85,165.39,167.2,166.44866686810747,168.13419580088706,0,0,0,196.44,132.3,,,,1,1,1,1,,,,6199940,2490772.050000001
1781581500,168.35,168.45,161.51,163.67,165.89293349448596,167.72835981898822,0,0,0,196.44,132.3,,,,1,1,1,1,,,,2449825,2493566.9000000013
1781667900,164.05,165.34,161.72,163.35,165.38434679558875,167.3303271081711,0,0,0,196.44,132.3,,,,1,1,1,1,,,,2330467,2475070.150000002
1781754300,163.6,165.28,159.65,160.2,164.347477436471,166.68211555288283,0,0,0,196.44,132.3,,,,1,1,1,1,,,,3637750,2517113.1500000022
1781840700,160.4,162.08,158.15,158.9,163.2579819491768,165.97465050262076,0,0,0,196.44,132.3,,,,1,1,1,1,,,,4540136,2644962.6500000022
1782099900,159.2,161.7,158.1,158.51,162.30838555934145,165.2960459114734,0,0,0,196.44,132.3,,,,1,1,1,1,,,,2709985,2707533.200000002
1782186300,158.99,175.45,158.99,168.89,163.62470844747315,165.62276901043037,0,0,0,196.44,132.3,,,,1,1,1,1,,,,93345987,7228020.55
1782272700,170.45,175.88,168.59,172.44,165.3877667579785,166.24251728220943,0,0,0,196.44,132.3,,,,1,1,1,1,,,,29677137,8605659.8
1782359100,173,173.31,166.13,167.69,165.8482134063828,166.3741066201904,0,0,0,196.44,132.3,,,,1,1,1,1,,,,5222873,8742776.1
1782704700,168.68,169.79,165.19,166.72,166.02257072510625,166.40555147290036,0,0,0,196.44,132.3,,,,1,1,1,1,,,,3501309,8786518.4
1782791100,167.48,169.77,166.22,168.09,166.436056580085,166.55868315718214,0,0,0,196.44,132.3,,,,1,1,1,1,,,,4054434,8904590.45
1782877500,168.68,173.1,167.15,168.54,166.856845264068,166.73880287016559,0,0,0,196.44,132.3,,,,1,1,1,1,,,,4753909,9020253.700000001
1782963900,169.51,170.59,166.76,168.29,167.1434762112544,166.87982079105961,0,0,0,196.44,132.3,,,,1,1,1,1,,,,4501575,9130312.900000002
1783050300,169.01,179.25,168.1,175.95,168.90478096900353,167.70438253732692,0,0,0,196.44,132.3,,,,1,1,1,1,,,,33416572,10682428.400000002
1783309500,176,180.72,172.2,177.88,170.6998247752028,168.6294386702972,0,0,0,196.44,132.3,,,,1,1,1,1,,,,10149770,11103628.05