time,open,high,low,close,EMA 9,EMA 21,Entry,TP,SL,B,A0,A1,A2,A3,ST0,ST1,ST2,ST3,ENTRY,TP,SL,Volume,VolAvg
1340682300,111.6,113.880004,111.409998,112.2,110.49969019441698,108.75152344201801,0,0,0,126.390002,66.2,,,,1,1,1,1,,,,26780,30726.5
1340768700,113.980004,113.980004,111.4,111.45,110.68975215553358,108.99683949274365,0,0,0,126.390002,66.2,,,,1,1,1,1,,,,6540,29184
1340855100,113.2,113.2,110.019996,111.6,110.87180172442686,109.23349044794877,0,0,0,126.390002,66.2,,,,1,1,1,1,,,,10230,28430.25
1340941500,112.980004,114.790002,111.459998,113.509998,111.39944097954148,109.6222638617716,0,0,0,126.390002,66.2,,,,1,1,1,1,,,,40670,30217
1341200700,113.8,117.169996,112.630004,114.819996,112.08355198363319,110.09478496524692,0,0,0,126.390002,66.2,,,,1,1,1,1,,,,44385,31187.25
1341287100,115.4,116.7,114.4,116.3,112.92684158690655,110.65889542295174,0,0,0,126.390002,66.2,,,,1,1,1,1,,,,20425,30362.5
1341373500,117.8,120.65,115.2,115.85,113.51147326952524,111.13081402086522,0,0,0,126.390002,66.2,,,,1,1,1,1,,,,121125,35349
1341459900,117.480004,119.8,116.25,118.290002,114.46717901562019,111.78164929169566,0,0,0,126.390002,66.2,,,,1,1,1,1,,,,31190,36062.5
1341546300,119,119,115.4,116,114.77374321249616,112.16513571972332,0,0,0,126.390002,66.2,,,,1,1,1,1,,,,9065,35011.5
1341805500,115.040002,116.4,114,114.380004,114.69499536999693,112.36648738156666,0,0,0,126.390002,66.2,,,,1,1,1,1,,,,8875,33994.25
1341891900,113.890002,116.6,113.890002,115.109998,114.77799589599755,112.61589743778786,0,0,0,126.390002,66.2,,,,1,1,1,1,,,,18115,29070.75
1341978300,116.480004,120.6,115.009998,118.240002,115.47039711679804,113.12717967071625,0,0,0,126.390002,66.2,,,,1,1,1,1,,,,76600,30837.25
1342064700,119.2,123.780004,117.4,120.919996,116.56031689343843,113.83561751883295,0,0,0,126.390002,66.2,,,,1,1,1,1,,,,313405,45368
1342151100,121.980004,125.4,119.609998,120.909998,117.43025311475074,114.47874301712086,0,0,0,126.390002,66.2,,,,1,1,1,1,,,,174190,53331.75
1342410300,122,123.659998,117.4,118.959998,117.73620209180059,114.88612983374624,0,0,0,126.390002,66.2,,,,1,1,1,1,,,,39875,54488
1342496700,120,120.4,114.519996,115.6,117.30896167344048,114.95102712158749,0,0,0,126.390002,66.2,,,,1,1,1,1,,,,38055,55527
1342583100,115.409998,117.2,115.059998,117,117.24716933875239,115.13729738326136,0,0,0,126.390002,66.2,,,,1,1,1,1,,,,40570,55589.5
1342669500,118,118,115.25,116.1,117.01773547100191,115.22481580296487,0,0,0,126.390002,66.2,,,,1,1,1,1,,,,12275,54129.75
1342755900,116.2,118.4,114.419996,116.769996,116.96818757680153,115.36528672996806,0,0,0,126.390002,66.2,,,,1,1,1,1,,,,33320,54442.5
1343015100,114.8,117.209998,114.8,116.359998,116.84654966144122,115.4557150272437,0,0,0,126.390002,66.2,,,,1,1,1,1,,,,37305,55149.75
1343101500,116,118.990002,115.4,116.259998,116.72923932915297,115.52883166113064,0,0,0,126.390002,66.2,,,,1,1,1,1,,,,17405,54681
1343187900,117,117,112.509998,115,116.38339146332238,115.48075605557331,0,0,0,126.390002,66.2,,,,1,1,1,1,,,,33165,56012.25
1343274300,114,114,108,108.330004,114.7727139706579,114.83068768688483,0,0,0,126.390002,66.2,,,,1,1,1,1,,,,22915,56646.5
1343360700,109,111,105.409998,106.75,113.16817117652633,114.09607971534984,0,0,0,126.390002,66.2,,,,1,1,1,1,,,,17180,55472
1343619900,107,110.75,106.319996,110.019996,112.53853614122106,113.72552665031805,0,0,0,126.390002,66.2,,,,1,1,1,1,,,,24530,54479.25
1343706300,110.869996,110.980004,107.509998,109.5,111.93082891297685,113.34138786392549,0,0,0,126.390002,66.2,,,,1,1,1,1,,,,13565,54136.25
1343792700,110.2,114.4,108.4,111.259998,111.79666273038148,113.15217060356862,0,0,0,126.390002,66.2,,,,1,1,1,1,,,,35475,49853.75
1343879100,111.8,113.4,109.2,109.609998,111.35932978430519,112.8301549123351,0,0,0,126.390002,66.2,,,,1,1,1,1,,,,16375,49113
1343965500,110.769996,113.4,108.219996,111.519996,111.39146302744415,112.71104955666827,0,0,0,126.390002,66.2,,,,1,1,1,1,,,,17335,49526.5
1344224700,110.019996,113.4,110.019996,111.990002,111.51117082195532,112.64549977878934,0,0,0,126.390002,66.2,,,,1,1,1,1,,,,59450,52055.25
1344311100,112.6,116.980004,112.2,114.230004,112.05493745756425,112.78954561708122,0,0,0,126.390002,66.2,,,,1,1,1,1,,,,111360,56717.5
1344397500,115.290002,115.290002,110.4,111.2,111.8839499660514,112.64504147007383,0,0,0,126.390002,66.2,,,,1,1,1,1,,,,17380,53756.5
1344483900,111.959998,112.8,108.5,111,111.70715997284113,112.49549224552167,0,0,0,126.390002,66.2,,,,1,1,1,1,,,,66615,41417
1344570300,110.790002,110.790002,108.2,108.590002,111.0837283782729,112.14044767774698,0,0,0,126.390002,66.2,,,,1,1,1,1,,,,27535,34084.25
1344829500,109.4,109.4,105.6,107.25,110.31698270261832,111.69586152522453,0,0,0,126.390002,66.2,,,,1,1,1,1,,,,36350,33908
1344915900,110.419996,110.419996,106.2,106.75,109.60358616209466,111.24623775020412,0,0,0,126.390002,66.2,,,,1,1,1,1,,,,18970,32953.75
1345088700,108.6,110.780004,106.880004,107.280004,109.13886972967573,110.88567104564011,0,0,0,126.390002,66.2,,,,1,1,1,1,,,,28475,32349
1345175100,107.019996,108.8,106.4,108,108.91109578374059,110.62333731421828,0,0,0,126.390002,66.2,,,,1,1,1,1,,,,17250,32597.75
1345520700,110,110,106.25,106.490002,108.42687702699247,110.24757955838025,0,0,0,126.390002,66.2,,,,1,1,1,1,,,,7880,31325.75
1345607100,107.880004,115,106.640002,109.059998,108.55350122159398,110.13961759852751,0,0,0,126.390002,66.2,,,,1,1,1,1,,,,159215,37421.25
1345693500,110,111.6,108.2,109.3,108.70280097727517,110.0632887259341,0,0,0,126.390002,66.2,,,,1,1,1,1,,,,13280,37215
1345779900,108.080004,108.080004,104.059998,105.169996,107.99623998182014,109.61844393266736,0,0,0,126.390002,66.2,,,,1,1,1,1,,,,34670,37290.25
1346039100,107.590002,107.95,100.4,104.190002,107.23499238545611,109.12494921151578,0,0,0,126.390002,66.2,,,,1,1,1,1,,,,30745,37681.75
1346125500,105.559998,108,103.2,106.480004,107.08399470836488,108.88449964683252,0,0,0,126.390002,66.2,,,,1,1,1,1,,,,24250,38035.25
1346211900,106,106.969996,103.409998,103.790002,106.4251961666919,108.42136349712048,0,0,0,126.390002,66.2,,,,1,1,1,1,,,,4510,37034.25
1346298300,104,104.669996,101.129998,103.340002,105.80815733335352,107.95942154283681,0,0,0,126.390002,66.2,,,,1,1,1,1,,,,3810,36546.5
1346384700,103,106.95,102.1,105.990002,105.84452626668282,107.78038340257892,0,0,0,126.390002,66.2,,,,1,1,1,1,,,,14070,35476.25
1346643900,106.530004,106.740002,103.209998,103.569996,105.38962021334626,107.39762091143538,0,0,0,126.390002,66.2,,,,1,1,1,1,,,,22860,35800.5
1346730300,103.409998,103.880004,101.3,102,104.71169617067702,106.9069281013049,0,0,0,126.390002,66.2,,,,1,1,1,1,,,,15425,35705
1346816700,102.2,103,98.8,102.009998,104.17135653654161,106.4617526375499,0,0,0,126.390002,66.2,,,,1,1,1,1,,,,27300,34097.5
1346903100,103.4,104,100.4,102.509998,103.83908482923329,106.10250221595446,0,0,0,126.390002,66.2,,,,1,1,1,1,,,,3195,28689.25
1346989500,103.2,104.990002,103.190002,103.209998,103.71326746338663,105.83954728723133,0,0,0,126.390002,66.2,,,,1,1,1,1,,,,7855,28213
1347248700,103.990002,104.35,102.3,103.019996,103.5746131707093,105.58322444293756,0,0,0,126.390002,66.2,,,,1,1,1,1,,,,13615,25563
1347335100,103.8,103.8,101.3,101.879998,103.23569013656744,105.2465674935796,0,0,0,126.390002,66.2,,,,1,1,1,1,,,,12180,24795.25
1347421500,103.990002,104,101.109998,101.759998,102.94055170925395,104.92960663052692,0,0,0,126.390002,66.2,,,,1,1,1,1,,,,7745,23365
1347507900,103.2,104.8,102.009998,102.229998,102.79844096740317,104.68418766411538,0,0,0,126.390002,66.2,,,,1,1,1,1,,,,10875,22960.25
1347594300,104.790002,105.009998,102.6,104.5,103.13875277392253,104.66744333101398,0,0,0,126.390002,66.2,,,,1,1,1,1,,,,17735,22423.25
1347853500,106.790002,106.8,102.530004,105.069996,103.52500141913802,104.70403902819453,0,0,0,126.390002,66.2,,,,1,1,1,1,,,,51540,24137.75
1347939900,106.980004,106.980004,103.6,105.6,103.94000113531041,104.78549002563139,0,0,0,126.390002,66.2,,,,1,1,1,1,,,,6265,24057
1348112700,104.809998,105.959998,103.380004,105.309998,104.21400050824833,104.83317256875581,0,0,0,126.390002,66.2,,,,1,1,1,1,,,,4260,16309.25
1348199100,105.8,106.4,103.6,106,104.57120040659866,104.93924778977801,0,0,0,126.390002,66.2,,,,1,1,1,1,,,,7565,16023.5
1348458300,104.45,106.009998,104.019996,104.940002,104.64496072527893,104.93931635434365,0,0,0,126.390002,66.2,,,,1,1,1,1,,,,8960,14738
1348544700,104.409998,107.2,104.409998,106.530004,105.02196938022315,105.08392432213058,0,0,0,126.390002,66.2,,,,1,1,1,1,,,,11255,13763.5
1348631100,106.4,110.8,106.4,109.369996,105.89157470417852,105.4735672019369,0,0,0,126.390002,66.2,,,,1,1,1,1,,,,56035,15352.75
1348717500,110.6,111,106.440002,106.940002,106.10126016334281,105.60687945630627,0,0,0,126.390002,66.2,,,,1,1,1,1,,,,16115,15933
1348803900,107.990002,110.319996,107.25,109.190002,106.71900853067426,105.93261786936934,0,0,0,126.390002,66.2,,,,1,1,1,1,,,,45495,18017.25
1349063100,109,110.8,108.319996,110,107.3752068245394,106.30237988124485,0,0,0,126.390002,66.2,,,,1,1,1,1,,,,12735,17950.5
1349235900,109.619996,113.859998,109.619996,111.809998,108.26216505963153,106.80307243749532,0,0,0,126.390002,66.2,,,,1,1,1,1,,,,36070,18611
1349322300,112,116.4,111.019996,112.790002,109.16773244770522,107.34733876135938,0,0,0,126.390002,66.2,,,,1,1,1,1,,,,96285,22654
1349408700,112.059998,116.6,108.219996,116.4,110.61418595816417,108.17030796487217,0,0,0,126.390002,66.2,,,,1,1,1,1,,,,77515,25164.75
1349667900,115.959998,118.580004,114.6,114.990002,111.48934916653134,108.79028014988378,0,0,0,126.390002,66.2,,,,1,1,1,1,,,,55945,27802.25
1349754300,116.009998,120.8,115.219996,116.590002,112.50947973322508,109.49934577262162,0,0,0,126.390002,66.2,,,,1,1,1,1,,,,93340,32076.5
1349840700,115.4,117.590002,113.2,113.9,112.78758378658006,109.89940524783783,0,0,0,126.390002,66.2,,,,1,1,1,1,,,,21395,32465.5
1349927100,112.819996,114.4,112.8,113.780004,112.98606782926404,110.25218695257985,0,0,0,126.390002,66.2,,,,1,1,1,1,,,,10880,32400.5
1350013500,112.209998,115,112.019996,113,112.98885426341124,110.50198813870895,0,0,0,126.390002,66.2,,,,1,1,1,1,,,,22790,33152.75
1350272700,115,115,112,112.409998,112.87308301072899,110.6754435806445,0,0,0,126.390002,66.2,,,,1,1,1,1,,,,5950,32906.5
1350359100,113,118.2,112.5,114.940002,113.2864668085832,111.06313070967681,0,0,0,126.390002,66.2,,,,1,1,1,1,,,,89075,36473.5
1350445500,115,118.659998,114,114.540002,113.53717384686657,111.379209917888,0,0,0,126.390002,66.2,,,,1,1,1,1,,,,51700,36481.5
1350531900,114.080004,116.8,114.080004,114.969996,113.82373827749325,111.70564501626183,0,0,0,126.390002,66.2,,,,1,1,1,1,,,,19550,37145.75
1350618300,115,115.780004,113.209998,113.990002,113.8569910219946,111.9133138329653,0,0,0,126.390002,66.2,,,,1,1,1,1,,,,7460,37305.75
1350877500,113.219996,115.4,112.030004,114.45,113.97559281759568,112.14392166633209,0,0,0,126.390002,66.2,,,,1,1,1,1,,,,4275,37141.25
1350963900,112,115.95,112,112.7,113.72047425407655,112.19447424212008,0,0,0,126.390002,66.2,,,,1,1,1,1,,,,13075,37347
1351136700,113.790002,114.6,111.2,111.609998,113.29837900326125,112.14134003829098,0,0,0,126.390002,66.2,,,,1,1,1,1,,,,13045,37436.5
1351223100,112.6,112.6,108.65,110.469996,112.732702402609,111.98939967117362,0,0,0,126.390002,66.2,,,,1,1,1,1,,,,17440,35506.75
1351482300,112,114.4,109.4,110.780004,112.3421627220872,111.87945461015784,0,0,0,126.390002,66.2,,,,1,1,1,1,,,,43335,36867.75
1351568700,111.990002,113,109.430004,110.1,111.89373017766975,111.7176860092344,0,0,0,126.390002,66.2,,,,1,1,1,1,,,,19885,35587.25
1351655100,109.8,115,109.8,114.4,112.3949841421358,111.96153273566763,0,0,0,126.390002,66.2,,,,1,1,1,1,,,,52195,37560.25
1351741500,114.4,118.8,114.4,118.269996,113.56998651370864,112.53502939606149,0,0,0,126.390002,66.2,,,,1,1,1,1,,,,105090,41011.25
1351827900,118.6,121.8,118.3,120.5,114.95598921096692,113.25911763278317,0,0,0,126.390002,66.2,,,,1,1,1,1,,,,161265,44260.25
1352087100,114.590002,120.580004,103.859998,115.469996,115.05879056877353,113.46010657525743,0,0,0,126.390002,66.2,,,,1,1,1,1,,,,59480,43358.5
1352173500,116.95,120.780004,116.4,119.869996,116.02103165501883,114.04282379568858,0,0,0,126.390002,66.2,,,,1,1,1,1,,,,123705,46746.5
1352259900,120,124.740002,119.609998,121.880004,117.19282612401507,114.75529472335324,0,0,0,126.390002,66.2,,,,1,1,1,1,,,,193985,51778.75
1352346300,122.5,122.5,117.2,118.6,117.47426089921206,115.10481338486659,0,0,0,126.390002,66.2,,,,1,1,1,1,,,,37706,52594.3
1352432700,119.55,120.95,114.15,114.75,116.92940871936965,115.07255762260598,0,0,0,126.390002,66.2,,,,1,1,1,1,,,,27442,53422.4
1352691900,114.8,114.8,107.65,112.25,115.99352697549571,114.81596147509634,0,0,0,126.390002,66.2,,,,1,1,1,1,,,,22068,53386.3
1352778300,112,113.9,112,113.3,115.45482158039657,114.67814679554213,0,0,0,126.390002,66.2,,,,1,1,1,1,,,,5980,53387.8
1352951100,112.45,121.3,111.05,115.85,115.53385726431725,114.7846789050383,0,0,0,126.390002,66.2,,,,1,1,1,1,,,,96059,53737
1353037500,115,137.45,113,124.55,117.3370858114538,115.67243536821664,0,0,0,126.390002,66.2,,,,1,1,1,1,,,,783206,90312.3
1353296700,126.8,131.39999,121.8,123.2,118.50966864916305,116.35675942565149,0,0,0,126.390002,66.2,,,,1,1,1,1,,,,351853,106927.45
1353383100,124.35,125.2,117,119.25,118.65773491933044,116.61978129604681,0,0,0,126.390002,66.2,,,,1,1,1,1,,,,71565,110132.7
1353469500,119.7,126.4,118.25,124,119.72618793546435,117.29071026913347,0,0,0,126.390002,66.2,,,,1,1,1,1,,,,124919,116164.9
1353555900,125.15,125.5,121.7,123.55,120.49095034837148,117.85973660830315,0,0,0,126.390002,66.2,,,,1,1,1,1,,,,48676,117944.95
1353642300,124.2,129.75,122.5,123.1,121.01276027869719,118.3361241893665,0,0,0,137.45,94.470002,66.2,59.3,42.4,1,1,1,1,,,,54807,120033.05
1353901500,124.25,127.9,121.5,124.2,121.65020822295774,118.869203808515,0,0,0,137.45,94.470002,66.2,59.3,42.4,1,1,1,1,,,,79172,123119.65
1353987900,125,127,121.6,125.2,122.36016657836619,119.44473073501364,0,0,0,137.45,94.470002,66.2,59.3,42.4,1,1,1,1,,,,115733,126739.55
1354160700,124,126.4,122.1,123.2,122.52813326269295,119.7861188500124,0,0,0,137.45,94.470002,66.2,59.3,42.4,1,1,1,1,,,,71815,129336.05
1354247100,124.75,126.4,121.6,122.55,122.53250661015436,120.03738077273854,0,0,0,137.45,94.470002,66.2,59.3,42.4,1,1,1,1,,,,71790,130315.8
1354506300,123.2,124.9,122.2,123.25,122.67600528812349,120.32943706612595,0,0,0,137.45,94.470002,66.2,59.3,42.4,1,1,1,1,,,,45553,127338.95
1354592700,124,134.7,121.75,128.75,123.89080423049879,121.09494278738723,0,0,0,137.45,94.470002,66.2,59.3,42.4,1,1,1,1,,,,369306,137741
1354679100,129.8,132,127.6,129.05,124.92264338439904,121.81812980671566,0,0,0,137.45,94.470002,66.2,59.3,42.4,1,1,1,1,,,,98071,139670.55
1354765500,130.25,131.39999,126,130.10001,125.95811670751922,122.57102800610515,0,0,0,137.45,94.470002,66.2,59.3,42.4,1,1,1,1,,,,83685,137669.55
1354851900,131.45,132.45,127.7,128.5,126.46649336601538,123.1100254600956,0,0,0,137.45,94.470002,66.2,59.3,42.4,1,1,1,1,,,,65351,131237.85
1355111100,128.7,128.95,126.4,127.55,126.68319469281231,123.51365950917781,0,0,0,137.45,94.470002,66.2,59.3,42.4,1,1,1,1,,,,27310,130718.05
1355197500,128,128.45,123.7,124.75,126.29655575424985,123.62605409925256,0,0,0,137.45,94.470002,66.2,59.3,42.4,1,1,1,1,,,,26594,130675.65
1355283900,125.6,125.6,121.55,121.95,125.42724460339988,123.47368554477505,0,0,0,137.45,94.470002,66.2,59.3,42.4,1,1,1,1,,,,27823,130963.4
1355370300,122,124.7,119.35,119.6,124.2617956827199,123.12153231343187,0,0,0,137.45,94.470002,66.2,59.3,42.4,1,1,1,1,,,,125663,136947.55
1355456700,119.6,122.85,119,121.15,123.63943654617593,122.94230210311989,0,0,0,137.45,94.470002,66.2,59.3,42.4,1,1,1,1,,,,28930,133591.1
1355715900,120.2,121.9,118.4,119.8,122.87154923694074,122.65663827556354,0,0,0,137.45,94.470002,66.2,59.3,42.4,1,1,1,1,,,,26863,95773.95
1355802300,120.1,122.4,119,121.6,122.6172393895526,122.5605802505123,0,0,0,137.45,94.470002,66.2,59.3,42.4,1,1,1,1,,,,20000,79181.3
1355888700,123,124,117.6,118.95,121.88379151164207,122.2323456822839,0,0,0,137.45,94.470002,66.2,59.3,42.4,1,1,1,1,,,,22944,76750.25
1355975100,118.65,121.1,118.5,120.2,121.54703320931365,122.04758698389446,0,0,0,137.45,94.470002,66.2,59.3,42.4,1,1,1,1,,,,21591,71583.85
1356061500,121.3,121.3,117.1,120.05,121.24762656745092,121.86598816717678,0,0,0,137.45,94.470002,66.2,59.3,42.4,1,1,1,1,,,,36637,70981.9
1356320700,123,124.7,120.1,120.8,121.15810125396074,121.7690801519789,0,0,0,137.45,94.470002,66.2,59.3,42.4,1,1,1,1,,,,38089,70146
1356493500,122.45,122.65,119,121.3,121.1864810031686,121.726436501799,0,0,0,137.45,94.470002,66.2,59.3,42.4,1,1,1,1,,,,21279,67251.35
1356579900,124.7,124.7,118.15,118.85,120.71918480253487,121.46494227436273,0,0,0,137.45,94.470002,66.2,59.3,42.4,1,1,1,1,,,,13080,62118.7
1356666300,119.8,122.35,117.6,120.9,120.7553478420279,121.41358388578429,0,0,0,137.45,94.470002,66.2,59.3,42.4,1,1,1,1,,,,40726,60564.25
1356925500,121.6,130.75,119.15,128.2,122.24427827362231,122.03053080525845,0,0,0,137.45,94.470002,66.2,59.3,42.4,1,1,1,1,,,,147031,64326.3
1357011900,129.5,131,126.25,127.15,123.22542261889785,122.4959370956895,0,0,0,137.45,94.470002,66.2,59.3,42.4,1,1,1,1,,,,26780,63387.65
1357098300,127.3,131.7,125.6,128.45,124.27033809511828,123.0372155415359,0,0,0,137.45,94.470002,66.2,59.3,42.4,1,1,1,1,,,,65146,48179.65
1357184700,127.7,131.7,127.15,127.65,124.94627047609463,123.45655958321446,0,0,0,137.45,94.470002,66.2,59.3,42.4,1,1,1,1,,,,44566,45504.4
1357271100,128,128.8,125,126.15,125.1870163808757,123.70141780292224,0,0,0,137.45,94.470002,66.2,59.3,42.4,1,1,1,1,,,,27732,42706.75
1357530300,127,129,124.4,124.8,125.10961310470056,123.80128891174749,0,0,0,137.45,94.470002,66.2,59.3,42.4,1,1,1,1,,,,27575,40817.95
1357616700,125.1,125.8,122.55,123.95,124.87769048376045,123.81480810158862,0,0,0,137.45,94.470002,66.2,59.3,42.4,1,1,1,1,,,,23016,40603.25
1357703100,123.6,135.85001,121.65,130.75,126.05215238700836,124.4452800923533,0,0,0,137.45,94.470002,66.2,59.3,42.4,1,1,1,1,,,,190113,48779.2
1357789500,133.85001,156.89999,129,153.39999,131.5217199096067,127.07752644759391,0,0,0,137.45,94.470002,66.2,59.3,42.4,1,1,1,1,,,,1753887,135082.4
1357875900,155.25,159.2,137.10001,140.8,133.37737592768536,128.3250240432672,0,0,0,137.45,94.470002,66.2,59.3,42.4,1,1,1,1,,,,1096909,183644.7
1358135100,140,151.8,140,148.39999,136.38189874214828,130.15002094842473,0,0,0,137.45,94.470002,66.2,59.3,42.4,1,1,1,1,,,,483540,206375.2
1358221500,149.39999,157.5,146.10001,150.64999,139.23551699371862,132.01365449856794,0,0,0,137.45,94.470002,66.2,59.3,42.4,1,1,1,1,,,,552099,232637
1358307900,151,156.5,146.8,147.95,140.97841359497488,133.4624131805163,0,0,0,137.45,94.470002,66.2,59.3,42.4,1,1,1,1,,,,348906,249082.3
1358394300,149.39999,151.3,146.05,146.7,142.1227308759799,134.66583016410573,0,0,0,137.45,94.470002,66.2,59.3,42.4,1,1,1,1,,,,117092,253789.7
1358480700,148,150.5,141.25,142.55,142.20818470078393,135.38257287645976,0,0,0,159.2,94.470002,66.2,59.3,42.4,1,1,1,1,,,,71658,256293.05
1358739900,140,143.89999,136.10001,139.45,141.65654776062715,135.7523389785998,0,0,0,159.2,94.470002,66.2,59.3,42.4,1,1,1,1,,,,60987,257510.55
1358826300,139.75,144.5,138,138.75,141.07523820850173,136.0248536169089,0,0,0,159.2,94.470002,66.2,59.3,42.4,1,1,1,1,,,,66758,258944
1358912700,139.7,139.85001,129,133.45,139.55019056680138,135.79077601537173,0,0,0,159.2,94.470002,66.2,59.3,42.4,1,1,1,1,,,,69100,261335.05
1358999100,134.85001,134.95,124.85,125.9,136.8201524534411,134.89161455942886,0,0,0,159.2,94.470002,66.2,59.3,42.4,1,1,1,1,,,,31183,262240.2
1359085500,126,133.60001,124.05,131.95,135.84612196275287,134.62419505402625,0,0,0,159.2,94.470002,66.2,59.3,42.4,1,1,1,1,,,,55673,262987.55
1359344700,131.14999,135.85001,131.14999,133.05,135.2868975702023,134.48108641275113,0,0,0,159.2,94.470002,66.2,59.3,42.4,1,1,1,1,,,,17409,256506.45
1359431100,132.85001,136.8,131,132,134.62951805616186,134.25553310250103,0,0,0,159.2,94.470002,66.2,59.3,42.4,1,1,1,1,,,,35862,256960.55
1359517500,131.7,136,129.39999,130.95,133.89361444492948,133.95503009318276,0,0,0,159.2,94.470002,66.2,59.3,42.4,1,1,1,1,,,,22015,254804
1359603900,130.75,131.85001,128.10001,128.95,132.90489155594358,133.50002735743888,0,0,0,159.2,94.470002,66.2,59.3,42.4,1,1,1,1,,,,16158,253383.6
1359690300,129.5,134.3,128.25,131.45,132.61391324475485,133.31366123403535,0,0,0,159.2,94.470002,66.2,59.3,42.4,1,1,1,1,,,,37484,253871.2
1359949500,131.95,132.60001,126.65,127.35,131.5611305958039,132.7715102127594,0,0,0,159.2,94.470002,66.2,59.3,42.4,1,1,1,1,,,,19297,253457.3
1360035900,126.1,127.1,119.9,125.7,130.38890447664312,132.1286456479631,0,0,0,159.2,94.470002,66.2,59.3,42.4,1,1,1,1,,,,39526,254282.8
1360122300,126,129.7,124.1,125.15,129.3411235813145,131.4942233163301,0,0,0,159.2,94.470002,66.2,59.3,42.4,1,1,1,1,,,,14854,245519.85
1360208700,124.25,125,120.3,120.75,127.6228988650516,130.51747574211828,0,0,0,159.2,94.470002,66.2,59.3,42.4,1,1,1,1,,,,17903,158720.65
1360295100,121.5,127,120.2,122.15,126.52831909204127,129.75679612919845,0,0,0,159.2,94.470002,66.2,59.3,42.4,1,1,1,1,,,,46026,106176.5
1360554300,122.55,123.9,119.2,121.55,125.53265527363301,129.01072375381676,0,0,0,159.2,94.470002,66.2,59.3,42.4,1,1,1,1,,,,21256,83062.3
1360640700,121.95,122,110.2,120.9,124.60612421890642,128.27338523074252,1,0,0,159.2,94.470002,66.2,59.3,42.4,1,1,2,1,1,,,76367,59275.7
1360727100,140,140,119.15,120.35,123.75489937512513,127.5530774824932,0,0,0,159.2,94.470002,66.2,59.3,42.4,1,1,2,1,,,,53103,44485.55
1360813500,124,124,115.6,117.5,122.50391950010011,126.63916134772109,0,0,0,159.2,94.470002,66.2,59.3,42.4,1,1,2,1,,,,55027,41382.3
1360899900,118,118.3,114.1,114.5,120.90313560008009,125.53560122520099,0,0,0,159.2,94.470002,66.2,59.3,42.4,4,1,2,1,,,,16332,38616
1361159100,114.5,118,114,117,120.12250848006407,124.75963747745544,0,0,0,159.2,94.470002,66.2,59.3,42.4,4,1,2,1,,,,19400,36536.65
1361245500,116.25,118.5,116.2,118.3,119.75800678405126,124.17239770677767,0,0,0,159.2,94.470002,66.2,59.3,42.4,4,1,2,1,,,,9651,33681.3
1361331900,118.5,122.6,118.3,120.4,119.88640542724102,123.82945246070697,0,0,0,159.2,94.470002,66.2,59.3,42.4,4,1,2,1,,,,19311,31191.85
1361418300,119.1,119.65,115.2,116.2,119.14912434179281,123.13586587336998,0,0,0,159.2,94.470002,66.2,59.3,42.4,4,1,2,1,,,,14464,30355.9
1361504700,117.45,117.5,115.7,116.05,118.52929947343425,122.49169624851817,0,0,0,159.2,94.470002,66.2,59.3,42.4,4,1,2,1,,,,3413,27742.9
1361763900,118.9,118.9,113.75,114.5,117.7234395787474,121.76517840774379,0,0,0,159.2,94.470002,66.2,59.3,42.4,4,1,2,1,,,,8381,27291.5
1361850300,114,114.9,98.5,105.3,115.23875166299793,120.26834400703981,0,0,0,159.2,94.470002,66.2,59.3,42.4,4,1,2,1,,,,70884,29042.6
1361936700,106.15,118.9,99.949997,112.65,114.72100133039834,119.5757672791271,0,0,0,159.2,94.470002,66.2,59.3,42.4,4,1,2,1,,,,104917,33187.7
1362023100,113.85,114.85,104.1,105.1,112.79680106431867,118.2597884355701,0,0,0,159.2,94.470002,66.2,59.3,42.4,4,1,2,1,,,,20623,33410.95
1362109500,104.1,108,102,105.4,111.31744085145493,117.09071675960918,0,0,0,159.2,94.470002,66.2,59.3,42.4,4,1,2,1,,,,9885,32031
1362368700,104,106.5,102.1,103.3,109.71395268116395,115.83701523600834,0,0,0,159.2,94.470002,66.2,59.3,42.4,4,1,2,1,,,,10994,31615.85
1362455100,103.5,110.15,103.3,107.85,109.34116214493116,115.11092294182576,0,0,0,159.2,94.470002,66.2,59.3,42.4,4,1,2,1,,,,52273,32253.2
1362541500,108.9,114.5,108.9,112.6,109.99292971594492,114.8826572198416,0,0,0,159.2,94.470002,66.2,59.3,42.4,4,1,2,1,,,,91760,36098.5
1362627900,112.85,120.35,112.5,117.2,111.43434377275594,115.09332474531055,0,0,0,159.2,94.470002,66.2,59.3,42.4,4,1,2,1,,,,99745,40190.6
1362714300,118.2,119.5,115.2,118.75,112.89747501820474,115.42574976846414,0,0,0,159.2,94.470002,66.2,59.3,42.4,4,1,2,1,,,,23206,39049.6
1362973500,118.85,124.7,117.05,122.55,114.82798001456379,116.07340888042195,0,0,0,159.2,94.470002,66.2,59.3,42.4,4,1,2,1,,,,44540,40213.8
1363059900,124,127.1,121.1,121.65,116.19238401165103,116.5803717094745,0,0,0,159.2,94.470002,66.2,59.3,42.4,4,1,2,1,,,,50651,38928
1363146300,120.3,121.5,116.2,116.75,116.30390720932083,116.59579246315865,0,0,0,159.2,94.470002,66.2,59.3,42.4,4,1,2,1,,,,9943,36770
1363232700,117,119.25,114.9,118.05,116.65312576745666,116.72799314832604,0,0,0,159.2,94.470002,66.2,59.3,42.4,4,1,2,1,,,,14039,34720.6
1363319100,118.95,119.9,116.4,118.3,116.98250061396533,116.87090286211458,0,0,0,159.2,94.470002,66.2,59.3,42.4,4,1,2,1,,,,17971,34802.55
1363578300,117,118.7,115.9,117,116.98600049117226,116.88263896555871,0,0,0,159.2,94.470002,66.2,59.3,42.4,4,1,2,1,,,,8691,34267.1
1363664700,116.4,120.85,111.05,113.3,116.24880039293781,116.55694451414428,0,0,0,159.2,94.470002,66.2,59.3,42.4,4,1,2,1,,,,28643,35216.7
1363751100,111.55,114.75,105.15,107.75,114.54904031435025,115.75631319467662,0,0,0,159.2,94.470002,66.2,59.3,42.4,4,1,2,1,,,,15289,35015.6
1363837500,108.25,112,105,105.6,112.7592322514802,114.83301199516056,0,0,0,159.2,94.470002,66.2,59.3,42.4,4,1,2,1,,,,57276,37156.2
1363923900,105.1,106.7,103,104,111.00738580118416,113.84819272287324,0,0,0,159.2,94.470002,66.2,59.3,42.4,4,1,2,1,,,,16038,37787.45
1364183100,105.45,109.9,105.05,107.85,110.37590864094733,113.30290247533931,0,0,0,159.2,94.470002,66.2,59.3,42.4,4,1,2,1,,,,17312,38234
1364269500,108,111.9,106,109.45,110.19072691275787,112.95263861394483,0,0,0,159.2,94.470002,66.2,59.3,42.4,4,1,2,1,,,,21941,35786.85
1364442300,107,115.65,106,112.95,110.7425815302063,112.95239873994984,0,0,0,159.2,94.470002,66.2,59.3,42.4,4,1,2,1,,,,17192,31400.6
1364787900,113,115.8,110.65,114,111.39406522416503,113.04763521813622,0,0,0,159.2,94.470002,66.2,59.3,42.4,4,1,2,1,,,,10776,30908.25
1364874300,115.75,121.7,113,120.95,113.30525217933203,113.76603201648747,0,0,0,159.2,94.470002,66.2,59.3,42.4,4,1,2,1,,,,33679,32097.95
1364960700,120.85,121,115.4,120,114.64420174346563,114.33275637862498,0,0,0,159.2,94.470002,66.2,59.3,42.4,4,1,2,1,,,,30935,33095
1365047100,117,118.7,111.7,116.65,115.0453613947725,114.54341488965908,0,0,0,159.2,94.470002,66.2,59.3,42.4,4,1,2,1,,,,19657,31464.2
1365133500,116,116,111.8,112.3,114.496289115818,114.33946808150824,0,0,0,159.2,94.470002,66.2,59.3,42.4,4,1,2,1,,,,11435,27447.95
1365392700,111.1,115,111.1,113.95,114.3870312926544,114.30406189228022,0,0,0,159.2,94.470002,66.2,59.3,42.4,4,1,2,1,,,,3187,22620.05
1365479100,114,116.3,110.1,111.5,113.80962503412351,114.0491471748002,0,0,0,159.2,94.470002,66.2,59.3,42.4,4,1,2,1,,,,5508,21735.15
1365565500,112,115.4,109,113,113.64770002729881,113.95377015890926,0,0,0,159.2,94.470002,66.2,59.3,42.4,4,1,2,1,,,,16705,20343.4
1365651900,113,114,111,112.15,113.34816002183905,113.78979105355388,0,0,0,159.2,94.470002,66.2,59.3,42.4,4,1,2,1,,,,6960,18158.85
1365738300,110.3,112.05,108.05,110.5,112.77852801747125,113.49071913959445,0,0,0,159.2,94.470002,66.2,59.3,42.4,4,1,2,1,,,,6578,17990.6
1365997500,109.6,113,109,113,112.822822413977,113.44610830872223,0,0,0,159.2,94.470002,66.2,59.3,42.4,4,1,2,1,,,,11046,17840.95
1366083900,111.25,116.85,111,112.4,112.7382579311816,113.35100755338385,0,0,0,159.2,94.470002,66.2,59.3,42.4,4,1,2,1,,,,77099,20797.35
1366170300,112.1,114.1,111.2,111.5,112.49060634494528,113.18273413943986,0,0,0,159.2,94.470002,66.2,59.3,42.4,4,1,2,1,,,,17273,21226.45
1366256700,111,113,111,111.55,112.30248507595623,113.03430376312714,0,0,0,159.2,94.470002,66.2,59.3,42.4,4,1,2,1,,,,12575,20423.05
1366602300,111.1,121.95,111,121,114.04198806076498,113.75845796647921,0,0,0,159.2,94.470002,66.2,59.3,42.4,4,1,2,1,,,,61422,22729.7
1366688700,118.5,123.85,114.9,116.6,114.55359044861198,114.01677996952655,0,0,0,159.2,94.470002,66.2,59.3,42.4,4,1,2,1,,,,29315,21331.65
1366861500,117.95,118.9,114.25,114.55,114.55287235888959,114.06525451775141,0,0,0,159.2,94.470002,66.2,59.3,42.4,4,1,2,1,,,,12369,21148.2
1366947900,115.5,125,113.7,124.35,116.51229788711167,115.00023137977401,0,0,0,159.2,94.470002,66.2,59.3,42.4,4,1,2,1,,,,201069,30336.05
1367207100,127.45,130.39999,125.1,126.8,118.56983830968933,116.07293761797636,0,0,0,159.2,94.470002,66.2,59.3,42.4,4,1,2,1,,,,346523,46565.15
1367293500,126.95,127,123.65,125.15,119.88587064775146,116.89812510725125,0,0,0,159.2,94.470002,66.2,59.3,42.4,4,1,2,1,,,,36043,47507.7
1367466300,124.95,126.5,121,126,121.10869651820117,117.72556827931932,0,0,0,159.2,94.470002,66.2,59.3,42.4,4,1,2,1,,,,28740,48405.9
1367552700,124,127,121.2,122.75,121.43695721456093,118.1823347993812,0,0,0,159.2,94.470002,66.2,59.3,42.4,4,1,2,1,,,,11040,47273.95
1367811900,123.95,126,121,124.9,122.12956577164874,118.79303163580109,0,0,0,159.2,94.470002,66.2,59.3,42.4,4,1,2,1,,,,44845,47969.45
1367898300,125,131.45,122,126.9,123.08365261731899,119.53002875981917,0,0,0,159.2,94.470002,66.2,59.3,42.4,4,1,2,1,,,,89351,51454.15
1367984700,127,128.64999,122.1,125.6,123.5869220938552,120.08184432710834,0,0,0,159.2,94.470002,66.2,59.3,42.4,4,1,2,1,,,,24755,52120.15
1368071100,125.5,129.95,124.7,128.8,124.62953767508415,120.87440393373485,0,0,0,159.2,94.470002,66.2,59.3,42.4,4,1,2,1,,,,66680,55294.8
1368157500,128.3,133.14999,127.35,129.3,125.56363014006732,121.64036721248623,0,0,0,159.2,94.470002,66.2,59.3,42.4,4,1,2,1,,,,48607,57449.75
1368416700,129,131.5,124.7,125,125.45090411205385,121.94578837498747,0,0,0,159.2,94.470002,66.2,59.3,42.4,4,1,2,1,,,,55624,59395.7
1368503100,126.35,128,123.75,124.6,125.28072328964308,122.18708034089771,0,0,0,159.2,94.470002,66.2,59.3,42.4,4,1,2,1,,,,10054,59550.4
1368589500,125,127.25,124.05,125,125.22457863171446,122.44280030990701,0,0,0,159.2,94.470002,66.2,59.3,42.4,4,1,2,1,,,,12289,59835.95
1368675900,124.5,126.75,123.3,124.45,125.06966290537157,122.62527300900638,0,0,0,159.2,94.470002,66.2,59.3,42.4,4,1,2,1,,,,10354,59801.35
1368762300,124.4,125.8,122.1,123.55,124.76573032429725,122.70933909909671,0,0,0,133.14999,98.5,,,,1,1,1,1,,,,14762,56684.5
1369021500,124.8,126.8,123.75,125,124.8125842594378,122.91758099917882,0,0,0,133.14999,98.5,,,,1,1,1,1,,,,16797,56660.7
1369107900,123.1,126.75,123.1,124,124.65006740755024,123.0159827265262,0,0,0,133.14999,98.5,,,,1,1,1,1,,,,12349,56649.4
1369194300,124,125.4,122.1,122.4,124.2000539260402,122.95998429684201,0,0,0,133.14999,98.5,,,,1,1,1,1,,,,18807,54518.65
1369280700,121,121.9,116.65,121,123.56004314083216,122.78180390622,0,0,0,133.14999,98.5,,,,1,1,1,1,,,,25183,54312.05
1369367100,120.85,120.85,116,119.25,122.69803451266573,122.46073082383637,0,0,0,133.14999,98.5,,,,1,1,1,1,,,,16372,54512.2
1369626300,120,132,118,127.8,123.71842761013258,122.94611893076033,0,0,0,133.14999,98.5,,,,1,1,1,1,,,,101586,49538.05
1369712700,128.5,130.3,125.65,129,124.77474208810607,123.49647175523667,0,0,0,133.14999,98.5,,,,1,1,1,1,,,,59251,35174.45
1369799100,130,131,125.75,125.75,124.96979367048485,123.70133795930606,0,0,0,133.14999,98.5,,,,1,1,1,1,,,,36867,35215.65
1369885500,125.8,126.5,122,123.95,124.76583493638788,123.72394359936915,0,0,0,133.14999,98.5,,,,1,1,1,1,,,,71107,37334
1369971900,124,125,121.3,124,124.6126679491103,123.74903963579014,0,0,0,133.14999,98.5,,,,1,1,1,1,,,,36065,38585.25
1370231100,122.65,125.7,122,122.95,124.28013435928824,123.67639966890013,0,0,0,133.14999,98.5,,,,1,1,1,1,,,,7352,36710.6
1370317500,122.65,124.4,120.1,120.2,123.4641074874306,123.36036333536376,0,0,0,133.14999,98.5,,,,1,1,1,1,,,,7197,32602.9
1370403900,120,122,116.1,122,123.17128598994448,123.23669394123978,0,0,0,133.14999,98.5,,,,1,1,1,1,,,,11394,31934.85
1370490300,121,124.8,120.3,124.05,123.34702879195558,123.31063085567253,0,0,0,133.14999,98.5,,,,1,1,1,1,,,,20543,29628
1370576700,123.5,125.4,121.4,122.7,123.21762303356446,123.2551189597023,0,0,0,133.14999,98.5,,,,1,1,1,1,,,,15051,27950.2
1370835900,120.55,123.45,120.55,122,122.97409842685157,123.141017236093,0,0,0,133.14999,98.5,,,,1,1,1,1,,,,2637,25300.85
1370922300,120.6,124,118,122.5,122.87927874148126,123.08274294190274,0,0,0,133.14999,98.5,,,,1,1,1,1,,,,19338,25765.05
1371008700,125.7,125.7,118.4,118.5,122.00342299318501,122.6661299471843,0,0,0,133.14999,98.5,,,,1,1,1,1,,,,21700,26235.6
1371095100,118.5,119,113.6,114.95,120.59273839454801,121.96466358834937,0,0,0,133.14999,98.5,,,,1,1,1,1,,,,10671,26251.45
1371181500,116,118,115.75,117.5,119.9741907156384,121.5587850803176,0,0,0,133.14999,98.5,,,,1,1,1,1,,,,10917,26059.2
1371440700,116.65,118,114.8,117,119.37935257251073,121.144350073016,0,0,0,133.14999,98.5,,,,1,1,1,1,,,,3429,25390.8
1371527100,117.95,117.95,112.3,113.8,118.26348205800858,120.47668188456,0,0,0,133.14999,98.5,,,,1,1,1,1,,,,11993,25373
1371613500,115,115,111.1,112.55,117.12078564640686,119.75607444050908,0,0,0,133.14999,98.5,,,,1,1,1,1,,,,5584,24711.85
1371699900,111.8,112,109,110.3,115.75662851712549,118.8964313095537,0,0,0,133.14999,98.5,,,,1,1,1,1,,,,12458,24075.6
1371786300,110,111.9,107.3,109,114.40530281370039,117.99675573595792,0,0,0,133.14999,98.5,,,,4,1,1,1,,,,19629,24238.45
1372045500,108.9,111,101.6,107,112.9242422509603,116.99705066905265,0,0,0,133.14999,98.5,,,,4,1,1,1,,,,15543,19936.3
1372131900,106.5,107.9,103.2,103.3,110.99939380076825,115.75186424459332,0,0,0,133.14999,98.5,,,,4,1,1,1,,,,10758,17511.65
1372218300,103.5,103.75,100.65,102,109.1995150406146,114.50169476781211,0,0,0,133.14999,98.5,,,,4,1,1,1,,,,17295,16533.05
1372304700,103,105.55,100.2,103,107.95961203249168,113.45608615255647,0,0,0,133.14999,98.5,,,,4,1,1,1,,,,16322,13793.8
1372391100,103.85,107.45,103.5,107.3,107.82768962599334,112.89644195686951,0,0,0,133.14999,98.5,,,,4,1,1,1,,,,10922,12536.65
1372650300,107.4,110.6,105,108.5,107.96215170079468,112.49676541533591,0,0,0,133.14999,98.5,,,,4,1,1,1,,,,22318,13284.95
1372736700,108.95,109.7,107.5,107.95,107.95972136063574,112.08342310485084,0,0,0,133.14999,98.5,,,,4,1,1,1,,,,7554,13302.8
1372823100,108.9,110.4,106.8,108.25,108.0177770885086,111.73493009531894,0,0,0,133.14999,98.5,,,,4,1,1,1,,,,18849,13675.55
1372909500,109,109,106.8,107,107.81422167080687,111.3044819048354,0,0,0,133.14999,98.5,,,,4,1,1,1,,,,6069,12951.85
1372995900,107.1,108.3,106.2,106.55,107.56137733664549,110.87225627712309,0,0,0,133.14999,98.5,,,,4,1,1,1,,,,9791,12688.85
1373255100,106,106.2,104.15,104.7,106.9891018693164,110.3111420701119,0,0,0,133.14999,98.5,,,,4,1,1,1,,,,5355,12824.75
1373341500,105.5,106.8,104.7,106.8,106.95128149545312,109.99194733646536,0,0,0,133.14999,98.5,,,,4,1,1,1,,,,3068,12011.25
1373427900,106.7,108,104.8,107,106.9610251963625,109.71995212405942,0,0,0,133.14999,98.5,,,,4,1,1,1,,,,21320,11992.25
1373514300,106.7,108.5,106.6,107.55,107.07882015709,109.52268374914493,0,0,0,133.14999,98.5,,,,4,1,1,1,,,,5171,11717.25
1373600700,107.5,107.5,105.65,106.4,106.943056125672,109.23880340831357,0,0,0,133.14999,98.5,,,,4,1,1,1,,,,3446,11343.7
1373859900,106,108.3,103.6,108.3,107.2144449005376,109.15345764392143,0,0,0,133.14999,98.5,,,,4,1,1,1,,,,4897,11417.1
1373946300,107,110.2,105,110.05,107.78155592043008,109.23496149447402,0,0,0,133.14999,98.5,,,,4,1,1,1,,,,22455,11940.2
1374032700,110.45,116.4,108.1,114,109.02524473634406,109.6681468131582,0,0,0,133.14999,98.5,,,,4,1,1,1,,,,27218,13021.9
1374119100,113.65,117,111.05,113.9,110.00019578907525,110.05286073923473,0,0,0,133.14999,98.5,,,,4,1,1,1,,,,5999,12698.95
1374205500,114.5,115.6,109.4,115.5,111.1001566312602,110.54805521748612,0,0,0,133.14999,98.5,,,,4,1,1,1,,,,15094,12472.2
1374464700,115,117,113,116.5,112.18012530500816,111.08914110680557,0,0,0,133.14999,98.5,,,,4,1,1,1,,,,4545,11922.3
1374551100,115,117.5,111.2,117,113.14410024400652,111.6264919152778,0,0,0,133.14999,98.5,,,,4,1,1,1,,,,9549,11861.85
1374637500,115,115,102.25,106.05,111.72528019520522,111.119538104798,0,0,0,133.14999,98.5,,,,4,1,1,1,,,,50780,13536.1
1374723900,102.6,103.5,101,102.75,109.93022415616417,110.35867100436181,0,0,0,133.14999,98.5,,,,4,1,1,1,,,,5621,13001.05
1374810300,102.5,103.8,95.699997,100.45,108.03417932493134,109.45788273123802,0,0,0,133.14999,98.5,,,,4,1,1,1,,,,16093,13259.6
1375069500,100,100.95,97.599998,99.099998,106.24734305994508,108.51625684658002,0,0,0,133.14999,98.5,,,,4,1,1,1,,,,4710,12379.2
1375155900,99.5,99.5,93.849998,97,104.39787444795607,107.46932440598184,0,0,0,133.14999,98.5,,,,4,1,1,1,,,,12321,12617.55
1375242300,94,95.800003,86,95.800003,102.67830015836486,106.40847700543803,0,0,0,133.14999,98.5,,,,4,1,1,1,,,,50987,14224.45
1375328700,93.650002,98.449997,83.650002,90,100.14264012669189,104.91679727767094,0,0,0,133.14999,98.5,,,,4,1,1,1,,,,36166,15729.3
1375415100,88.5,91.949997,85.5,90.800003,98.27411270135352,103.63345234333721,0,0,0,133.14999,98.5,,,,4,1,1,1,,,,20091,16244.3
1375674300,90,91.800003,87.25,90.5,96.71929016108281,102.43950213030655,0,0,0,133.14999,98.5,,,,4,1,1,1,,,,37262,17839.65
1375760700,91.949997,91.949997,86,87,94.77543212886624,101.0359110275514,0,0,0,133.14999,98.5,,,,4,1,1,1,,,,34901,19431.3
1375847100,86.300003,88.949997,86.050003,88,93.42034570309299,99.85082820686492,0,0,0,133.14999,98.5,,,,4,1,1,1,,,,23275,19529.05
1375933500,86.050003,92.800003,86.050003,88,92.3362765624744,98.77348018805901,0,0,0,133.14999,98.5,,,,4,1,1,1,,,,21333,20337.15
1376279100,89.949997,102,88.199997,95,92.86902124997951,98.4304365345991,0,0,0,133.14999,98.5,,,,4,1,1,1,,,,64795,23404.6
1376365500,96,99.300003,95.5,97.599998,93.81521659998361,98.35494212236281,0,0,0,133.14999,98.5,,,,4,1,1,1,,,,14303,23874.9
1376451900,96.599998,103.5,96.599998,100.5,95.1521732799869,98.5499473839662,0,0,0,133.14999,98.5,,,,4,1,1,1,,,,42600,24882.15
1376624700,100,102.7,94,94,94.92173862398951,98.13631580360564,0,0,0,133.14999,98.5,,,,4,1,1,1,,,,15309,24286.7
1376883900,94.5,95.849998,90,91,94.13739089919162,97.48755982145967,0,0,0,133.14999,98.5,,,,4,1,1,1,,,,11643,24568.9
1376970300,90,93.5,87.699997,92,93.7099127193533,96.98869074678151,0,0,0,133.14999,98.5,,,,4,1,1,1,,,,7711,24199.75
1377056700,90.300003,94.550003,89.150002,90.150002,92.99793057548264,96.36699176980137,0,0,0,133.14999,98.5,,,,4,1,1,1,,,,8524,24398.7
1377143100,89.199997,96,85.599998,95.599998,93.51834406038611,96.2972650634558,0,0,0,133.14999,98.5,,,,4,1,1,1,,,,18858,24864.15
1377229500,97.900002,97.900002,95.25,95.849998,93.98467484830888,96.25660442132344,0,0,0,133.14999,98.5,,,,4,1,1,1,,,,14892,23069.75
1377488700,96,97.699997,94,94.150002,94.01774027864711,96.06509511029404,0,0,0,133.14999,98.5,,,,4,1,1,1,,,,3658,22971.6
1377575100,93.699997,94,90.5,90.5,93.31419222291768,95.55917737299458,0,0,0,133.14999,98.5,,,,4,1,1,1,,,,4494,22391.65
1377661500,89.699997,90.800003,82.900002,85.150002,91.68135417833415,94.61288870272234,0,0,0,133.14999,98.5,,,,4,1,1,1,,,,21134,23212.85
1377747900,85,87.75,84.900002,85.5,90.44508334266732,93.78444427520213,0,0,0,133.14999,98.5,,,,4,1,1,1,,,,10674,23130.5
1377834300,85.349998,87.900002,82.300003,87,89.75606667413385,93.16767661382012,0,0,0,133.14999,98.5,,,,4,1,1,1,,,,4653,20813.8
1378093500,87.5,91.699997,86.5,90.75,89.95485333930708,92.94788783074556,0,0,0,133.14999,98.5,,,,4,1,1,1,,,,14530,19732
1378179900,90,90.5,88,88.199997,89.60388207144567,92.51626139158687,0,0,0,133.14999,98.5,,,,4,1,1,1,,,,7936,19124.25
1378266300,88,91.900002,87,91.349998,89.95310525715654,92.41023744689716,0,0,0,133.14999,98.5,,,,4,1,1,1,,,,4165,17469.4
1378352700,92.099998,92.099998,90.25,90.699997,90.10248360572523,92.25476104263377,0,0,0,133.14999,98.5,,,,4,1,1,1,,,,6493,16049
1378439100,92.349998,93.050003,88.599998,92.099998,90.50198648458019,92.24069167512161,0,0,0,133.14999,98.5,,,,4,1,1,1,,,,55983,17684.4
1378784700,89.699997,93.449997,89.699997,91,90.60158918766415,92.12790152283783,0,0,0,133.14999,98.5,,,,4,1,1,1,,,,22414,17738.45
1378871100,91.75,98.449997,89.150002,97.5,91.98127135013132,92.61627411167076,0,0,0,133.14999,98.5,,,,4,1,1,1,,,,26216,15809.5
1378957500,96,97.5,92.699997,95,92.58501708010506,92.83297646515524,0,0,0,133.14999,98.5,,,,4,1,1,1,,,,14625,15825.6
1379043900,95.699997,102.05,95,99.25,93.91801366408404,93.41634224105022,0,0,0,133.14999,98.5,,,,4,1,1,1,,,,18377,14614.45
1379303100,99.300003,102,93.599998,94.199997,93.97441033126724,93.48758358277293,0,0,0,133.14999,98.5,,,,4,1,1,1,,,,13870,14542.5
1379389500,94.300003,97,94.300003,95.550003,94.28952886501379,93.6750762570663,0,0,0,133.14999,98.5,,,,4,1,1,1,,,,2616,14091.15
1379475900,97,97,92,94.099998,94.25162269201104,93.7137055064239,0,0,0,133.14999,98.5,,,,4,1,1,1,,,,4055,13908.35
1379562300,97.400002,99.400002,95.599998,99.400002,95.28129855360883,94.23064155129445,0,0,0,133.14999,98.5,,,,4,1,1,1,,,,5581,13761.2
1379648700,100.4,101.25,96.5,97,95.62503884288707,94.48240141026768,0,0,0,133.14999,98.5,,,,4,1,1,1,,,,29927,14314.65
1379907900,96.199997,98,93,97.050003,95.91003167430965,94.71581973660699,0,0,0,133.14999,98.5,,,,4,1,1,1,,,,16942,14417.15
1379994300,94.699997,96.599998,94.699997,95,95.72802533944773,94.74165430600635,0,0,0,133.14999,98.5,,,,4,1,1,1,,,,3045,14386.5
1380080700,93.300003,98.900002,93.300003,98.900002,96.36242067155818,95.11968591455123,0,0,0,133.14999,98.5,,,,4,1,1,1,,,,5692,14446.4
1380167100,100,101,97.550003,99.900002,97.06993693724655,95.55426010413748,0,0,0,133.14999,98.5,,,,4,1,1,1,,,,20258,14402.6
1380253500,101,101.3,98.5,98.599998,97.37594914979724,95.83114536739771,0,0,0,133.14999,98.5,,,,4,1,1,1,,,,10857,14411.75
1380512700,99.099998,99.650002,94.599998,95.599998,97.02075891983779,95.81013197036155,0,0,0,133.14999,98.5,,,,4,1,1,1,,,,55462,16952.2
1380599100,96,97,95.599998,96.050003,96.82660773587023,95.83193842760141,0,0,0,133.14999,98.5,,,,4,1,1,1,,,,7831,16617.25
1380771900,97.300003,100.9,96.300003,98.650002,97.19128658869619,96.0881260250922,0,0,0,133.14999,98.5,,,,4,1,1,1,,,,10646,16752.75
1380858300,100.4,102.65,99.099998,100,97.75302927095694,96.44375093190199,0,0,0,133.14999,98.5,,,,4,1,1,1,,,,14495,17269.25
1381117500,106,111.3,103.7,105.75,99.35242341676556,97.28977357445635,0,0,0,133.14999,98.5,,,,4,1,1,1,,,,257085,29798.85
1381203900,105.45,108.7,103,104.2,100.32193873341245,97.9179759767785,0,0,0,133.14999,98.5,,,,4,1,1,1,,,,39888,28994.1
1381290300,104,107.8,102,107,101.65755098672996,98.74361452434408,0,0,0,133.14999,98.5,,,,4,1,1,1,,,,20069,28876.85
1381376700,107.4,108,104.75,106,102.52604078938397,99.40328593122189,0,0,0,133.14999,98.5,,,,4,1,1,1,,,,9513,28041.7
1381463100,106,107,104.75,105.25,103.07083263150717,99.9348053920199,0,0,0,133.14999,98.5,,,,4,1,1,1,,,,33225,28971.7
1381722300,105.25,107.35,104,104.8,103.41666610520573,100.37709581092717,0,0,0,111.3,82.300003,,,,1,1,1,1,,,,26528,29379.25
1381808700,105.65,105.65,101,102.75,103.2833328841646,100.59281437357016,0,0,0,111.3,82.300003,,,,1,1,1,1,,,,6678,29019.65
1381981500,102,105,102,102.35,103.09666630733167,100.75255852142742,0,0,0,111.3,82.300003,,,,1,1,1,1,,,,13886,29583.15
1382067900,103.7,103.7,102.4,103,103.07733304586534,100.95687138311584,0,0,0,111.3,82.300003,,,,1,1,1,1,,,,15945,30177.65
1382327100,104,105.5,103,104.05,103.27186643669228,101.23806489374167,0,0,0,111.3,82.300003,,,,1,1,1,1,,,,10749,30436.05
1382413500,105,115.35,103.8,111,104.81749314935382,102.12551353976515,0,0,0,111.3,82.300003,,,,1,1,1,1,,,,98060,33842.7
1382499900,111,123.75,108.6,120.5,107.95399451948306,103.79592139978651,0,0,0,111.3,82.300003,,,,1,1,1,1,,,,279858,46988.5
1382586300,123.9,126.9,122.5,124.3,111.22319561558645,105.65992854526046,0,0,0,111.3,82.300003,,,,1,1,1,1,,,,406871,67179.8
1382672700,124.1,124.1,118,118,112.57855649246916,106.78175322296406,0,0,0,111.3,82.300003,,,,1,1,1,1,,,,45310,69160.7
1382931900,118.15,119.5,111.6,112.5,112.56284519397533,107.30159383905823,0,0,0,111.3,82.300003,,,,1,1,1,1,,,,31848,69740.2
1383018300,112.05,118.7,108.1,116.55,113.36027615518027,108.14235803550748,0,0,0,111.3,82.300003,,,,1,1,1,1,,,,34408,70917.75
1383104700,115.5,117.5,113.65,114.3,113.54822092414422,108.70214366864317,0,0,0,111.3,82.300003,,,,1,1,1,1,,,,16473,68968.3
1383191100,114.35,115.8,112,113.55,113.54857673931538,109.1428578805847,0,0,0,126.9,82.300003,,,,1,1,1,1,,,,27510,69952.25
1383277500,113.15,120.85,113.15,119,114.63886139145231,110.03896170962246,0,0,0,126.9,82.300003,,,,1,1,1,1,,,,53183,72079.1
1383623100,118.25,118.9,114.75,117.9,115.29108911316185,110.75360155420223,0,0,0,126.9,82.300003,,,,1,1,1,1,,,,11374,71923.05
1383709500,117,123,115.6,120,116.23287129052947,111.59418323109294,0,0,0,126.9,82.300003,,,,1,1,1,1,,,,53774,61757.5
1383795900,120.85,120.9,115.5,115.65,116.11629703242357,111.96289384644813,0,0,0,126.9,82.300003,,,,1,1,1,1,,,,15566,60541.4
1383882300,116,121.4,112.5,115.95,116.08303762593886,112.32535804222557,0,0,0,126.9,82.300003,,,,1,1,1,1,,,,33464,61211.15
1384141500,115,117.8,113.5,114,115.66643010075109,112.47759822020507,0,0,0,126.9,82.300003,,,,1,1,1,1,,,,26690,62070
1384227900,114.9,118.8,112.6,113.85,115.30314408060087,112.60236201836824,0,0,0,126.9,82.300003,,,,1,1,1,1,,,,23345,61576
1384314300,113.95,116.85,109.5,110.55,114.3525152644807,112.41578365306204,0,0,0,126.9,82.300003,,,,1,1,1,1,,,,16394,61069.3
1384400700,112,115.5,111.2,112.5,113.98201221158456,112.42343968460185,0,0,0,126.9,82.300003,,,,1,1,1,1,,,,12702,61370.5
1384746300,113.75,115.65,112.35,112.8,113.74560976926765,112.45767244054713,0,0,0,126.9,82.300003,,,,1,1,1,1,,,,12371,61294.75
1384832700,112.3,113.8,111.6,112.65,113.52648781541411,112.47515676413376,0,0,0,126.9,82.300003,,,,1,1,1,1,,,,8132,60904.1
1384919100,113.8,119.5,113.6,114.9,113.8011902523313,112.69559705830342,0,0,0,126.9,82.300003,,,,1,1,1,1,,,,66566,63694.95
1385005500,116.45,122,113,117,114.44095220186503,113.08690641663948,0,0,0,126.9,82.300003,,,,1,1,1,1,,,,71783,62381.1
1385091900,117.45,120.5,116.1,117,114.95276176149203,113.44264219694499,0,0,0,126.9,82.300003,,,,1,1,1,1,,,,45394,50657.9
1385351100,117.9,119.5,116,116.7,115.30220940919362,113.73876563358635,0,0,0,126.9,82.300003,,,,1,1,1,1,,,,16466,31137.65
1385437500,116,119.1,112.3,112.4,114.7217675273549,113.61705966689668,0,0,0,126.9,82.300003,,,,1,1,1,1,,,,45780,31161.15
1385523900,113.7,120,110.8,119.35,115.64741402188392,114.13823606081516,0,0,0,126.9,82.300003,,,,1,1,1,1,,,,71704,33153.95
1385610300,123.4,129.89999,122.1,123.35,117.18793121750713,114.9756691461956,0,0,0,126.9,82.300003,,,,1,1,1,1,,,,703051,66586.1
1385696700,123.9,123.9,119.5,120.45,117.8403449740057,115.47333558745055,0,0,0,126.9,82.300003,,,,1,1,1,1,,,,71494,69337.15
1385955900,121.85,126.3,120.2,122.55,118.78227597920456,116.11666871586414,0,0,0,126.9,82.300003,,,,1,1,1,1,,,,76522,71787.75
1386042300,122,124.8,121,121.9,119.40582078336365,116.64242610533104,0,0,0,126.9,82.300003,,,,1,1,1,1,,,,34795,70868.35
1386128700,121.4,121.9,116.6,117.5,119.02465662669093,116.72038736848276,0,0,0,126.9,82.300003,,,,1,1,1,1,,,,29179,71758.6
1386215100,119.65,121.85,113.7,114.7,118.15972530135274,116.53671578952978,0,0,0,129.89999,82.300003,,,,1,1,1,1,,,,34837,70811.75
1386301500,115.4,117,113.45,115.5,117.62778024108219,116.44246889957253,0,0,0,129.89999,82.300003,,,,1,1,1,1,,,,26903,71378.6
1386560700,116.25,117.7,112.2,113.35,116.77222419286575,116.16133536324776,0,0,0,129.89999,82.300003,,,,1,1,1,1,,,,15633,70487.05
1386647100,113.15,114.5,112.8,113,116.0177793542926,115.87394123931614,0,0,0,129.89999,82.300003,,,,1,1,1,1,,,,13585,69831.8
1386733500,112.3,113.5,111.5,112.05,115.22422348343407,115.52631021756012,0,0,0,129.89999,82.300003,,,,1,1,1,1,,,,12349,69282
1386819900,112,120.25,111.25,114,114.97937878674726,115.38755474323648,0,0,0,129.89999,82.300003,,,,1,1,1,1,,,,76390,72281.8
1386906300,114,115.7,110.55,111.4,114.26350302939781,115.02504976657862,0,0,0,129.89999,82.300003,,,,1,1,1,1,,,,19983,72645.85
1387165500,112,113,110,110.7,113.55080242351825,114.63186342416238,0,0,0,129.89999,82.300003,,,,1,1,1,1,,,,9949,72524.75
1387251900,111.85,112.25,108.85,110.9,113.0206419388146,114.29260311287489,0,0,0,129.89999,82.300003,,,,1,1,1,1,,,,17060,72971.15
1387338300,111.05,112,110,110,112.41651355105168,113.9023664662499,0,0,0,129.89999,82.300003,,,,1,1,1,1,,,,29196,71102.65
1387424700,111.45,111.45,109.1,109.85,111.90321084084134,113.53396951477264,0,0,0,129.89999,82.300003,,,,1,1,1,1,,,,8900,67958.5
1387511100,110.05,115.2,108.6,114.85,112.49256867267307,113.6536086497933,0,0,0,129.89999,82.300003,,,,1,1,1,1,,,,103893,70883.45
1387770300,116.6,116.6,111.65,112.15,112.42405493813845,113.51691695435754,0,0,0,129.89999,82.300003,,,,1,1,1,1,,,,41813,72150.8
1387856700,112.25,119.35,111.4,116,113.13924395051076,113.74265177668867,0,0,0,129.89999,82.300003,,,,1,1,1,1,,,,110772,75400.4
1388029500,116.65,118.35,114.1,114.75,113.46139516040861,113.83422888789879,0,0,0,129.89999,82.300003,,,,1,1,1,1,,,,40481,73839.25
1388115900,114.05,118.05,113.35,115.85,113.93911612832689,114.01748080718072,0,0,0,129.89999,82.300003,,,,1,1,1,1,,,,56437,41508.55
1388375100,116.85,121.4,116,118,114.7512929026615,114.37952800652792,0,0,0,129.89999,82.300003,,,,1,1,1,1,,,,149985,45433.1
1388461500,118,119.4,115.1,115.3,114.8610343221292,114.46320727866174,0,0,0,129.89999,82.300003,,,,1,1,1,1,,,,26771,42945.55
1388547900,115.2,117.35,114.8,115.95,115.07882745770335,114.59837025332885,0,0,0,129.89999,82.300003,,,,1,1,1,1,,,,16209,42016.25
1388634300,115.3,117.3,111,112.95,114.65306196616268,114.44851841211714,0,0,0,129.89999,82.300003,,,,1,1,1,1,,,,24541,41784.35
1388720700,112.05,113.4,108.7,113.3,114.38244957293014,114.34410764737922,0,0,0,129.89999,82.300003,,,,1,1,1,1,,,,39607,42022.85
1388979900,112.5,115.6,111.5,111.8,113.86595965834411,114.1128251339811,0,0,0,129.89999,82.300003,,,,1,1,1,1,,,,17192,41537.3
1389066300,113,113.3,109.5,110.55,113.20276772667529,113.78893193998282,0,0,0,129.89999,82.300003,,,,1,1,1,1,,,,21305,41820.9
1389152700,112,113.35,109.75,110,112.56221418134024,113.44448358180256,0,0,0,129.89999,82.300003,,,,1,1,1,1,,,,34903,42886.8
1389239100,111.7,111.75,107.5,108,111.6497713450722,112.94953052891141,0,0,0,129.89999,82.300003,,,,1,1,1,1,,,,26686,43603.65
1389325500,109,111.6,107.9,110.1,111.33981707605776,112.69048229901037,0,0,0,129.89999,82.300003,,,,1,1,1,1,,,,33836,41475.95
1389584700,110,111.5,107.4,108.1,110.6918536608462,112.27316572637307,0,0,0,129.89999,82.300003,,,,1,1,1,1,,,,14848,41219.2
1389671100,107,109.45,106,108,110.15348292867697,111.8846961148846,0,0,0,129.89999,82.300003,,,,1,1,1,1,,,,10825,41263
1389757500,107,112.5,106.3,110,110.12278634294157,111.71336010444055,0,0,0,129.89999,82.300003,,,,1,1,1,1,,,,37544,42287.2
1389843900,109.55,111.7,107.6,107.6,109.61822907435325,111.33941827676414,0,0,0,129.89999,82.300003,,,,1,1,1,1,,,,28214,42238.1
1389930300,108.3,109.75,106.3,106.8,109.0545832594826,110.92674388796739,0,0,0,129.89999,82.300003,,,,1,1,1,1,,,,23722,42979.2
1390189500,106.8,108.5,106.8,107.35,108.71366660758608,110.60158535269763,0,0,0,129.89999,82.300003,,,,1,1,1,1,,,,9193,38244.2
1390275900,108.15,109.4,107,107.1,108.39093328606886,110.2832594115433,0,0,0,129.89999,82.300003,,,,1,1,1,1,,,,13002,36803.65
1390362300,106.5,108.5,106.5,106.8,108.07274662885509,109.96659946503937,0,0,0,129.89999,82.300003,,,,1,1,1,1,,,,6865,31608.3
1390448700,107.3,107.45,106.2,106.3,107.71819730308407,109.63327224094488,0,0,0,129.89999,82.300003,,,,1,1,1,1,,,,5212,29844.85
1390535100,105,106,102.15,102.75,106.72455784246725,109.0075202190408,0,0,0,129.89999,82.300003,,,,1,1,1,1,,,,17951,27920.55
1390794300,104.5,104.5,97.650002,98.800003,105.1396468739738,108.0795641082189,0,0,0,129.89999,82.300003,,,,1,1,1,1,,,,10623,20952.45
1390880700,101.6,101.6,98.5,99.150002,103.94171789917904,107.26778573474446,0,0,0,129.89999,82.300003,,,,1,1,1,1,,,,13250,20276.4
1390967100,100.95,101,99.599998,99.699997,103.09337371934323,106.57980494067678,0,0,0,129.89999,82.300003,,,,1,1,1,1,,,,7849,19858.4
1391053500,98.650002,99.900002,95.5,96.449997,101.76469837547458,105.65891330970616,0,0,0,129.89999,82.300003,,,,4,1,1,1,,,,8125,19037.6
1391139900,96,99.5,96,98.099998,101.03175830037966,104.97173919064197,0,0,0,129.89999,82.300003,,,,4,1,1,1,,,,5203,17317.4
1391399100,98.550003,99.900002,96.25,97,100.22540664030373,104.24703562785633,0,0,0,129.89999,82.300003,,,,4,1,1,1,,,,6916,16803.6
1391485500,96,98.400002,94.099998,98,99.78032531224298,103.67912329805121,0,0,0,129.89999,82.300003,,,,4,1,1,1,,,,7900,16133.35
1391571900,97.5,99.400002,96.099998,99,99.62426024979439,103.25374845277382,0,0,0,129.89999,82.300003,,,,4,1,1,1,,,,11499,14963.15
1391658300,99,103.9,98.599998,101.25,99.94940819983552,103.07158950252166,0,0,0,129.89999,82.300003,,,,4,1,1,1,,,,19216,14589.65
1391744700,103,110,100.6,101.5,100.25952655986842,102.92871772956515,0,0,0,129.89999,82.300003,,,,4,1,1,1,,,,185918,22193.75
1392003900,102.6,103.4,100.05,101.4,100.48762124789474,102.78974339051378,0,0,0,129.89999,82.300003,,,,4,1,1,1,,,,15122,22207.45
1392090300,100.95,109.45,99.25,109,102.1900969983158,103.35431217319434,0,0,0,129.89999,82.300003,,,,4,1,1,1,,,,132387,28285.55
1392176700,108.9,109.8,104.8,106.15,102.98207759865264,103.60846561199486,0,0,0,129.89999,82.300003,,,,4,1,1,1,,,,135907,33203.7
1392263100,105,105.5,100.05,100.6,102.50566207892211,103.33496873817714,0,0,0,129.89999,82.300003,,,,4,1,1,1,,,,32654,33425.7
1392349500,101,102.6,96,97.449997,101.49452906313769,102.79997130743376,0,0,0,129.89999,82.300003,,,,4,1,1,1,,,,31755,33827.35
1392608700,98.099998,99.75,96.800003,97.25,100.64562325051016,102.29542846130342,0,0,0,129.89999,82.300003,,,,4,1,1,1,,,,28777,34806.55
1392695100,97.150002,99.050003,97.099998,97.599998,100.03649820040812,101.86857114663947,0,0,0,129.89999,82.300003,,,,4,1,1,1,,,,29764,35644.65
1392781500,96.800003,99.400002,96.400002,96.949997,99.4191979603265,101.42142804239951,0,0,0,129.89999,82.300003,,,,4,1,1,1,,,,18421,36222.45
1392867900,96.800003,96.949997,95,96.300003,98.7953589682612,100.95584394763593,0,0,0,129.89999,82.300003,,,,4,1,1,1,,,,20872,37005.45
1392954300,98.849998,99.900002,96.150002,97,98.43628717460896,100.59622177057811,0,0,0,129.89999,82.300003,,,,4,1,1,1,,,,152859,43750.85
1393213500,96.099998,97.449997,95.949997,96.25,97.99902973968717,100.20111070052556,0,0,0,129.89999,82.300003,,,,4,1,1,1,,,,6037,43521.55
1393299900,95.699997,97,95,95.199997,97.43922319174973,99.74646400047779,0,0,0,129.89999,82.300003,,,,4,1,1,1,,,,14562,43587.15
1393386300,95.699997,95.75,94.300003,94.800003,96.91137915339979,99.29678572770707,0,0,0,129.89999,82.300003,,,,4,1,1,1,,,,13098,43849.6
1393559100,95.699997,96.5,92.349998,93.75,96.27910332271983,98.79253247973371,0,0,0,129.89999,82.300003,,,,4,1,1,1,,,,33353,45111
1393818300,94,94.050003,91.550003,92.050003,95.43328325817586,98.17957525430337,0,0,0,129.89999,82.300003,,,,4,1,1,1,,,,16982,45699.95
1393904700,91.349998,95,91.25,93,94.94662660654069,97.70870477663944,0,0,0,129.89999,82.300003,,,,4,1,1,1,,,,27200,46714.15
1393991100,91.199997,96.800003,91.199997,94.400002,94.83730168523255,97.40791361512676,0,0,0,129.89999,82.300003,,,,4,1,1,1,,,,56712,49154.75
1394077500,95.349998,97.400002,95,96,95.06984134818603,97.27992146829705,0,0,0,129.89999,82.300003,,,,4,1,1,1,,,,23486,49754.1
1394163900,95.25,98.349998,95.25,96.150002,95.28587347854882,97.17720151663367,0,0,0,129.89999,82.300003,,,,4,1,1,1,,,,34138,50500.2
1394423100,96.849998,96.849998,95,95.400002,95.30869918283906,97.01563792421243,0,0,0,129.89999,82.300003,,,,4,1,1,1,,,,12835,41846.05
1394509500,96.699997,97,93.650002,94.25,95.09695934627125,96.76421629473857,0,0,0,129.89999,82.300003,,,,4,1,1,1,,,,27000,42439.95
1394595900,94.75,95.75,93.699997,94.650002,95.007567877017,96.57201499521689,0,0,0,129.89999,82.300003,,,,4,1,1,1,,,,22219,36931.55
1394682300,95.449997,99,93.599998,94.599998,94.9260539016136,96.39274072292444,0,0,0,129.89999,82.300003,,,,4,1,1,1,,,,66967,33484.55
1394768700,94.099998,94.900002,88.949997,93.800003,94.70084372129088,96.15703729356768,0,0,0,129.89999,82.300003,,,,4,1,1,1,,,,17088,32706.25
1395114300,94.699997,96.25,94.300003,95.25,94.8106749770327,96.0745793577888,0,0,0,129.89999,82.300003,,,,4,1,1,1,,,,12599,31748.45
1395200700,95.699997,98.050003,95.349998,96,95.04853998162616,96.06779941617164,0,0,0,129.89999,82.300003,,,,4,1,1,1,,,,25262,31572.7
1395287100,95.550003,96.400002,95,95.150002,95.06883238530094,95.98436328742876,0,0,0,129.89999,82.300003,,,,4,1,1,1,,,,8565,30512.75
1395373500,96,96.699997,94.699997,95.300003,95.11506650824074,95.92214871584433,0,0,0,129.89999,82.300003,,,,4,1,1,1,,,,18982,30540.8
1395632700,94.550003,96,94,94.900002,95.07205360659259,95.8292262871312,0,0,0,129.89999,82.300003,,,,4,1,1,1,,,,16813,30337.85
1395719100,94.800003,94.949997,92.5,92.75,94.60764288527407,95.54929662466473,0,0,0,129.89999,82.300003,,,,4,1,1,1,,,,26335,24011.65
1395805500,92.900002,94.5,92.5,92.699997,94.22611370821926,95.29026938605885,0,0,0,129.89999,82.300003,,,,4,1,1,1,,,,24065,24913.05
1395891900,93.400002,96.5,93.050003,95.949997,94.57089036657541,95.35024462368986,0,0,0,129.89999,82.300003,,,,4,1,1,1,,,,82231,28296.5
1395978300,96.25,97,95.099998,96.199997,94.89671169326033,95.42749483971805,0,0,0,129.89999,82.300003,,,,4,1,1,1,,,,11518,28217.5
1396237500,96.5,99.300003,95.5,98.150002,95.54736975460827,95.67499549065278,0,0,0,129.89999,82.300003,,,,4,1,1,1,,,,33430,28221.35
1396323900,98.25,109.7,97.5,107,97.83789580368662,96.70454135513889,0,0,0,129.89999,82.300003,,,,4,1,1,1,,,,182648,36504.65
1396410300,109.5,110.5,104.15,106.85,99.6403166429493,97.62685577739899,0,0,0,129.89999,82.300003,,,,4,1,1,1,,,,111249,40707.1
1396496700,105,106,101.6,102.95,100.30225331435945,98.11077797945363,0,0,0,129.89999,82.300003,,,,4,1,1,1,,,,51052,40424.1
1396583100,103.95,109.2,101,106.6,101.56180265148755,98.88252543586694,0,0,0,129.89999,82.300003,,,,4,1,1,1,,,,48667,41683.15
1396842300,108.2,108.2,102.5,104.25,102.09944212119004,99.37047766896994,0,0,0,129.89999,82.300003,,,,4,1,1,1,,,,29141,41433.3
1397015100,102.5,110,102.5,107.75,103.22955369695202,100.13225242633631,0,0,0,129.89999,82.300003,,,,4,1,1,1,,,,65891,44086.1
1397101500,108.8,113.75,107,107.9,104.16364295756162,100.83841129666938,0,0,0,129.89999,82.300003,,,,4,1,1,1,,,,116116,48541.9
1397187900,107.95,113,107.3,110.05,105.34091436604929,101.67582845151762,0,0,0,129.89999,82.300003,,,,4,1,1,1,,,,73137,51087.8
1397533500,110.55,111,105.1,105.85,105.44273149283943,102.05529859228874,0,0,0,129.89999,82.300003,,,,4,1,1,1,,,,27698,49124.35
1397619900,106.45,106.5,102.8,103,104.95418519427155,102.1411805384443,0,0,0,129.89999,82.300003,,,,4,1,1,1,,,,17836,49161.75
1397706300,104.05,106.4,102,103.7,104.70334815541723,102.28289139858573,0,0,0,129.89999,82.300003,,,,4,1,1,1,,,,42407,50652.15
1398051900,104.25,106.3,103.55,104.65,104.69267852433379,102.49808308962339,0,0,0,129.89999,82.300003,,,,4,1,1,1,,,,25894,50683.75
1398138300,104.9,109.7,104.2,105.95,104.94414281946703,102.81189371783945,0,0,0,129.89999,82.300003,,,,4,1,1,1,,,,70658,53788.4
1398224700,106.7,113.7,106.1,112.45,106.44531425557362,103.68808519803586,0,0,0,129.89999,82.300003,,,,4,1,1,1,,,,175948,61636.7
1398397500,112.45,115.9,108.15,109.25,107.0062514044589,104.19371381639624,0,0,0,129.89999,82.300003,,,,4,1,1,1,,,,111741,66383.1
1398656700,109.85,111,107.4,108.45,107.29500112356712,104.58064892399658,0,0,0,129.89999,82.300003,,,,4,1,1,1,,,,28537,66493.2
1398743100,109.05,109.5,106.3,106.85,107.20600089885369,104.78695356726962,0,0,0,129.89999,82.300003,,,,4,1,1,1,,,,24193,66499.6
1398829500,106.5,107.7,102.15,103.85,106.53480071908295,104.70177597024511,0,0,0,129.89999,82.300003,,,,4,1,1,1,,,,23176,63546.85
1399002300,104,104.7,101.65,102.55,105.73784057526636,104.5061599729501,0,0,0,129.89999,82.300003,,,,4,1,1,1,,,,12189,63580.4
1399261500,101.55,103.95,101.5,102.2,105.03027246021308,104.29650906631828,0,0,0,129.89999,82.300003,,,,4,1,1,1,,,,11339,62475.85
1399347900,101.5,105.35,101.5,102.15,104.45421796817047,104.10137187847117,0,0,0,129.89999,82.300003,,,,4,1,1,1,,,,19373,54312.1
1399434300,103,103.25,101.1,101.5,103.86337437453638,103.86488352588289,0,0,0,129.89999,82.300003,,,,4,1,1,1,,,,14253,49462.3
1399520700,101.6,102.85,101,101.4,103.3706994996291,103.64080320534808,0,0,0,129.89999,82.300003,,,,4,1,1,1,,,,8922,47355.8
1399607100,101.4,102.7,100.1,102.1,103.11655959970328,103.50073018668007,0,0,0,129.89999,82.300003,,,,4,1,1,1,,,,13881,45616.5
1399866300,101.4,103.95,101.4,103,103.09324767976263,103.45520926061825,0,0,0,129.89999,82.300003,,,,4,1,1,1,,,,12549,44786.9
1399952700,102.05,104.95,102.05,103.9,103.2545981438101,103.49564478238023,0,0,0,129.89999,82.300003,,,,4,1,1,1,,,,12476,42116.15
1400039100,103.75,109.4,103.75,107,104.00367851504808,103.81422252943656,0,0,0,129.89999,82.300003,,,,4,1,1,1,,,,41167,38368.7
1400125500,107,108.2,102.7,103.1,103.82294281203846,103.74929320857869,0,0,0,129.89999,82.300003,,,,4,1,1,1,,,,27110,36067.35
1400211900,106.9,110,103,108.7,104.79835424963078,104.19935746234427,0,0,0,129.89999,82.300003,,,,4,1,1,1,,,,55940,37479.45
1400471100,108.7,114,106.35,113.15,106.46868339970462,105.0130522384948,0,0,0,129.89999,82.300003,,,,4,1,1,1,,,,94736,41324.45
1400557500,114.85,119.8,113.7,117.5,108.6749467197637,106.14822930772254,0,0,0,129.89999,82.300003,,,,4,1,1,1,,,,138070,46107.6
1400643900,116.15,124,116.1,119.85,110.90995737581096,107.39384482520231,0,0,0,129.89999,82.300003,,,,4,1,1,1,,,,158915,52758.65
1400730300,121,133.39999,121,126.7,114.06796590064877,109.14894984109301,0,0,0,129.89999,82.300003,,,,4,1,1,1,,,,324244,65437.95
1400816700,127,134.25,127,130,117.25437272051902,111.0444998555391,0,0,0,129.89999,82.300003,,,,4,1,1,1,,,,137793,63530.2
1401075900,130.5,132.5,115.1,119.25,117.65349817641521,111.79045441412646,0,0,0,129.89999,82.300003,,,,4,1,1,1,,,,85000,62193.15
1401162300,118.5,123.75,113.75,121.3,118.38279854113217,112.65495855829678,0,0,0,129.89999,82.300003,,,,4,1,1,1,,,,58735,63703.05
1401248700,123.95,129.5,121.65,122.4,119.18623883290574,113.54087141663344,0,0,0,129.89999,82.300003,,,,4,1,1,1,,,,81156,66551.2
1401335100,122.4,122.4,114.65,116.95,118.7389910663246,113.8507921969395,0,0,0,129.89999,82.300003,,,,4,1,1,1,,,,43653,67575.05
1401421500,116.95,124.4,116.05,120.55,119.10119285305969,114.45981108812681,0,0,0,134.25,82.300003,,,,1,1,1,1,,,,51882,69559.7
1401680700,124.55,144.64999,123.05,144.64999,124.21095228244775,117.20437280738801,0,0,0,134.25,82.300003,,,,1,1,1,1,,,,474562,92720.85
1401767100,153,156.14999,143,149.8,129.3287618259582,120.16761164308001,0,0,0,134.25,82.300003,,,,1,1,1,1,,,,926171,138060.75
1401853500,150.8,154.64999,140,148.14999,133.09300746076656,122.71146422098182,0,0,0,134.25,82.300003,,,,1,1,1,1,,,,415145,158105.35
1401939900,149,149.60001,144,148.60001,136.19440796861323,125.06496838271075,0,0,0,134.25,82.300003,,,,1,1,1,1,,,,86645,161991.5
1402026300,148.45,151.55,143.55,145.10001,137.9755283748906,126.88633580246432,0,0,0,134.25,82.300003,,,,1,1,1,1,,,,161434,169369.15
1402285500,146.35001,149.35001,143,145.39999,139.46042069991248,128.56939527496755,0,0,0,134.25,82.300003,,,,1,1,1,1,,,,123226,174903
1402371900,146.39999,164.7,141.5,157.75,143.11833655993,131.22217752269776,0,0,0,134.25,82.300003,,,,1,1,1,1,,,,473865,197972.45
1402458300,159.75,164.7,151.35001,154.55,145.40466924794399,133.34288865699796,0,0,0,134.25,82.300003,,,,1,1,1,1,,,,305324,211180.3
1402544700,155,160,151.64999,152.8,146.88373539835518,135.11171696090724,0,0,0,134.25,82.300003,,,,1,1,1,1,,,,105125,215081.05
1402631100,153,154.95,141.25,143.10001,146.12699031868414,135.83792541900658,0,0,0,134.25,82.300003,,,,1,1,1,1,,,,83464,216457.25
1402890300,143.3,154.39999,138.64999,147.45,146.3915922549473,136.89356856273326,0,0,0,134.25,82.300003,,,,1,1,1,1,,,,137391,218590
1402976700,148.89999,155.95,146,152.95,147.70327380395784,138.35324414793934,0,0,0,164.7,82.300003,66.2,59.3,42.4,1,1,1,1,,,,149381,219155.55
1403063100,151.3,153.95,145.05,146.7,147.50261904316628,139.11204013449031,0,0,0,164.7,82.300003,66.2,59.3,42.4,1,1,1,1,,,,66965,214558.05
1403149500,145.5,151,145.5,146.95,147.39209523453303,139.82458194044574,0,0,0,164.7,82.300003,66.2,59.3,42.4,1,1,1,1,,,,36271,200159.4
1403235900,146.10001,150.95,145,145.55,147.02367618762642,140.3450744913143,0,0,0,164.7,82.300003,66.2,59.3,42.4,1,1,1,1,,,,70781,196808.8
1403495100,146,148.39999,141,145.3,146.67894095010115,140.7955222648312,0,0,0,164.7,82.300003,66.2,59.3,42.4,1,1,1,1,,,,34046,194261.1
1403581500,145.10001,148.8,143.85001,145.14999,146.37315076008093,141.19138296802836,0,0,0,164.7,82.300003,66.2,59.3,42.4,1,1,1,1,,,,46228,193635.75
1403667900,146.39999,156.75,143.10001,153,147.69852060806474,142.26489360729852,0,0,0,164.7,82.300003,66.2,59.3,42.4,1,1,1,1,,,,287747,203965.3
1403754300,152,154.55,145.3,146,147.3588164864518,142.60444873390773,0,0,0,164.7,82.300003,66.2,59.3,42.4,1,1,1,1,,,,96408,206603.05
1403840700,146,149,144,145.10001,146.90705518916144,142.83131793991612,0,0,0,164.7,82.300003,66.2,59.3,42.4,1,1,1,1,,,,55321,206775
1404099900,145.14999,149.3,145.14999,146.75,146.87564415132914,143.1875617635601,0,0,0,164.7,82.300003,66.2,59.3,42.4,1,1,1,1,,,,70708,186582.3
1404186300,147.8,151.45,146,149.25,147.3505153210633,143.73869251232736,0,0,0,164.7,82.300003,66.2,59.3,42.4,1,1,1,1,,,,70839,143815.7
1404272700,149.25,155.8,147.64999,151.60001,148.20041425685065,144.4533577384794,0,0,0,164.7,82.300003,66.2,59.3,42.4,1,1,1,1,,,,261730,136144.95
1404359100,152.89999,152.89999,145.64999,146.35001,147.83033340548053,144.62578067134493,0,0,0,164.7,82.300003,66.2,59.3,42.4,1,1,1,1,,,,80148,135820.1
1404445500,146.7,149.7,142.95,145.75,147.41426672438442,144.72798242849538,0,0,0,164.7,82.300003,66.2,59.3,42.4,1,1,1,1,,,,75562,131526.5
1404704700,147.45,148.64999,145.75,146.35001,147.20141537950752,144.87543948045035,0,0,0,164.7,82.300003,66.2,59.3,42.4,1,1,1,1,,,,31400,126935.2
1404791100,147.45,149.39999,136.2,137.35001,145.231134303606,144.19130952768214,0,0,0,164.7,82.300003,66.2,59.3,42.4,1,1,1,1,,,,53053,105894.6
1404877500,139.39999,139.39999,127.6,128.39999,141.8649054428848,142.7557350251656,0,0,0,164.7,82.300003,66.2,59.3,42.4,1,1,1,1,,,,81267,94691.75
1404963900,131.45,136.8,125,131.3,139.75192435430785,141.71430456833235,0,0,0,164.7,82.300003,66.2,59.3,42.4,1,1,1,1,,,,46488,91759.9
1405050300,131,134.2,122.1,124.55,136.71153948344627,140.1539132439385,0,0,0,164.7,82.300003,66.2,59.3,42.4,1,1,1,1,,,,37984,89485.9
1405309500,123.5,127.35,117.65,123.15,133.99923158675702,138.608102949035,0,0,0,164.7,82.300003,66.2,59.3,42.4,1,1,1,1,,,,31033,84168
1405395900,124.4,139.3,124.4,137.5,134.6993852694056,138.50736631730453,0,0,0,164.7,82.300003,66.2,59.3,42.4,1,1,1,1,,,,118278,82612.85
1405482300,143.85001,146.89999,141.35001,143.75,136.50950821552448,138.98396937936775,0,0,0,164.7,82.300003,66.2,59.3,42.4,1,1,1,1,,,,285783,93553.75
1405568700,143,143,139.14999,141.35001,137.47760857241957,139.1990639812434,0,0,0,164.7,82.300003,66.2,59.3,42.4,1,1,1,1,,,,38532,93666.8
1405655100,140.2,154.8,139.5,148.35001,139.65208885793567,140.03096816476673,0,0,0,164.7,82.300003,66.2,59.3,42.4,1,1,1,1,,,,217737,101014.6
1405914300,148.5,150.60001,146.75,147.45,141.21167108634853,140.70542560433339,0,0,0,164.7,82.300003,66.2,59.3,42.4,1,1,1,1,,,,31430,100883.8
1406000700,148.64999,154.45,147,147.85001,142.53933886907882,141.3549332766667,0,0,0,164.7,82.300003,66.2,59.3,42.4,1,1,1,1,,,,70134,102079.1
1406087100,148,150,139.7,142.5,142.53147109526304,141.4590302515152,0,0,0,164.7,82.300003,66.2,59.3,42.4,1,1,1,1,,,,47495,90066.5
1406173500,142.5,148.8,142.5,143.64999,142.75517487621045,141.65820841046838,0,0,0,164.7,82.300003,66.2,59.3,42.4,1,1,1,1,,,,39130,87202.6
1406259900,144.75,168.8,138.89999,161.85001,146.57414190096836,143.49382673678943,0,0,0,164.7,82.300003,66.2,59.3,42.4,1,1,1,1,,,,948793,131876.2
1406519100,162.39999,194.2,160.64999,194.2,156.09931352077467,148.10347885162676,0,0,0,164.7,82.300003,66.2,59.3,42.4,1,1,1,1,,,,1892125,222947.05
1406691900,204,228.5,204,212.10001,167.29945281661975,153.9213453196607,0,0,0,164.7,82.300003,66.2,59.3,42.4,1,1,1,1,,,,3137057,376257.95
1406778300,209.7,222.35001,190,215,176.8395622532958,159.47395029060064,0,0,0,164.7,82.300003,66.2,59.3,42.4,1,1,1,1,,,,1569166,441629.75
1406864700,209.55,220.8,202.3,203.7,182.21164980263666,163.4945002641824,0,0,0,164.7,82.300003,66.2,59.3,42.4,1,1,1,1,,,,606210,467932.85
1407123900,207,212.2,201.75,204.3,186.62931984210934,167.20409114925673,0,0,0,164.7,82.300003,66.2,59.3,42.4,1,1,1,1,,,,182043,473256.9
1407210300,204.3,213.7,200.10001,206.45,190.59345587368747,170.77190104477884,0,0,0,164.7,82.300003,66.2,59.3,42.4,1,1,1,1,,,,362566,489815.2
1407296700,207.45,213.55,203,204.45,193.36476469894998,173.8335464043444,0,0,0,228.5,117.65,82.300003,66.2,59.4,1,1,1,1,,,,256814,500003.25
1407383100,204.8,209.8,197,198.10001,194.31181375915997,176.039588549404,0,0,0,228.5,117.65,82.300003,66.2,59.4,1,1,1,1,,,,178245,504852.15
1407469500,196.5,197.89999,188.10001,189.64999,193.379449007328,177.27689777218544,0,0,0,228.5,117.65,82.300003,66.2,59.4,1,1,1,1,,,,162449,510650.2
1407728700,190.64999,199.45,190.60001,194.39999,193.5835572058624,178.83354252016858,0,0,0,228.5,117.65,82.300003,66.2,59.4,1,1,1,1,,,,231865,520344.25
1407815100,194.5,200.39999,193.05,197.60001,194.38684776468992,180.53958501833506,0,0,0,228.5,117.65,82.300003,66.2,59.4,1,1,1,1,,,,168423,527213.75
1407901500,195.60001,209.95,195.10001,197.39999,194.98947621175193,182.07234910757734,0,0,0,228.5,117.65,82.300003,66.2,59.4,1,1,1,1,,,,389220,540760.85
1407987900,193.75,196,186,193.10001,194.61158296940155,183.07486373416123,0,0,0,228.5,117.65,82.300003,66.2,59.4,1,1,1,1,,,,145237,533733.55
1408333500,193.2,203.39999,193.2,198.05,195.29926637552126,184.43623975832838,0,0,0,228.5,117.65,82.300003,66.2,59.4,1,1,1,1,,,,194318,541522.85
1408419900,199.5,204.8,195,197.25,195.689413100417,185.6011270530258,0,0,0,228.5,117.65,82.300003,66.2,59.4,1,1,1,1,,,,228664,542069.2
1408506300,197.5,200,193.3,194.5,195.4515304803336,186.41011550275073,0,0,0,228.5,117.65,82.300003,66.2,59.4,1,1,1,1,,,,114657,546230.55
1408592700,195.10001,203.3,190.25,196.89999,195.74122238426688,187.3637404570461,0,0,0,228.5,117.65,82.300003,66.2,59.4,1,1,1,1,,,,399923,562720
1408679100,197.89999,198.95,192.55,193.39999,195.2729759074135,187.91249041549645,0,0,0,228.5,117.65,82.300003,66.2,59.4,1,1,1,1,,,,88011,564745.8
1408938300,194,196.5,186.5,188.89999,193.9983787259308,188.00226310499679,0,0,0,228.5,117.65,82.300003,66.2,59.4,1,1,1,1,,,,96693,567623.95
1409024700,188,197.60001,186.14999,193.39999,193.87870098074464,188.49296554999708,0,0,0,228.5,117.65,82.300003,66.2,59.4,1,1,1,1,,,,205493,530458.95
1409111100,193.05,204,193.05,198.14999,194.73295878459572,189.3708768636337,0,0,0,228.5,117.65,82.300003,66.2,59.4,1,1,1,1,,,,321362,451920.8
1409197500,199.45,213.8,198.5,207.5,197.2863670276766,191.01897896693973,0,0,0,228.5,117.65,82.300003,66.2,59.4,1,1,1,1,,,,681355,329135.7
1409543100,210.8,216.89999,208.5,212.3,200.28909362214128,192.9536172426725,0,0,0,228.5,117.65,82.300003,66.2,59.4,1,1,1,1,,,,295294,265442.1
1409629500,212.7,214.25,206,206.8,201.59127489771302,194.21237931152044,0,0,0,228.5,117.65,82.300003,66.2,59.4,1,1,1,1,,,,93553,239809.25
1409715900,207,211.89999,204.5,205.89999,202.45301791817042,195.27488937410948,0,0,0,228.5,117.65,82.300003,66.2,59.4,1,1,1,1,,,,153765,238395.35
1409802300,204.64999,205.89999,198.14999,203.35001,202.63241633453634,196.00899124919044,0,0,0,228.5,117.65,82.300003,66.2,59.4,1,1,1,1,,,,88810,224707.55
1409888700,202,211.7,202,205.39999,203.18593106762907,196.86271840835494,0,0,0,228.5,117.65,82.300003,66.2,59.4,1,1,1,1,,,,126297,218181.7
1410147900,207.60001,237.60001,207.60001,233.14999,209.17874285410326,200.16156128032267,0,0,0,228.5,117.65,82.300003,66.2,59.4,1,1,1,1,,,,779566,248247.75
1410234300,235,243.89999,229,231.7,213.6829942832826,203.0286920730206,0,0,0,228.5,117.65,82.300003,66.2,59.4,1,1,1,1,,,,378238,259037.2
1410320700,233,251.75,233,245.14999,219.9763934266261,206.85790097547329,0,0,0,228.5,117.65,82.300003,66.2,59.4,1,1,1,1,,,,490350,271961.45
1410407100,247,249.7,236.05,239.64999,223.91111274130088,209.838999977703,0,0,0,228.5,117.65,82.300003,66.2,59.4,1,1,1,1,,,,251578,276119.2
1410493500,240.5,253,238.10001,242.55,227.6388901930407,212.81272725245728,0,0,0,228.5,117.65,82.300003,66.2,59.4,1,1,1,1,,,,322253,272770.85
1410752700,239.89999,256.5,239.25,250.35001,232.18111415443258,216.2252075022339,0,0,0,228.5,117.65,82.300003,66.2,59.4,1,1,1,1,,,,348149,282916.45
1410839100,252.35001,279.79999,245.5,247.85001,235.31489332354607,219.10018954748537,0,0,0,228.5,117.65,82.300003,66.2,59.4,1,1,1,1,,,,936331,320017.1
1410925500,253,271.79999,250,267.39999,241.73191265883685,223.49108049771397,0,0,0,228.5,117.65,82.300003,66.2,59.4,1,1,1,1,,,,459627,331565.25
1411011900,265.04999,285.89999,265,282,249.78553012706948,228.81007317973996,0,0,0,228.5,117.65,82.300003,66.2,59.4,1,1,1,1,,,,688727,360268.75
1411098300,284.79999,291.64999,262.29999,264.25,252.6784241016556,232.0318847088545,0,0,0,228.5,117.65,82.300003,66.2,59.4,1,1,1,1,,,,454349,362990.05
1411357500,264.10001,273.79999,262.75,265.79999,255.30273728132448,235.101712462595,0,0,0,228.5,117.65,82.300003,66.2,59.4,1,1,1,1,,,,227482,369963.6
1411443900,267.5,268.95001,250.10001,251.95,254.63218982505958,236.63337496599544,0,0,0,228.5,117.65,82.300003,66.2,59.4,1,1,1,1,,,,152270,372742.45
1411530300,254,261,242.60001,258.29999,255.36574986004766,238.60306724181405,0,0,0,228.5,117.65,82.300003,66.2,59.4,1,1,1,1,,,,209513,372943.45
1411616700,263,265.10001,250,253.05,254.90259988803814,239.91642476528548,0,0,0,228.5,117.65,82.300003,66.2,59.4,1,1,1,1,,,,187786,366264.65
1411703100,253,253,240,246.5,253.22207991043052,240.51493160480499,0,0,0,291.64999,117.65,82.300003,66.2,59.4,1,1,1,1,,,,156990,340046.4
1411962300,246.10001,257,246.10001,252.05,252.98766392834443,241.56357418618634,0,0,0,291.64999,117.65,82.300003,66.2,59.4,1,1,1,1,,,,157544,333158.9
1412048700,250.3,259.25,248.25,251.60001,252.71013314267555,242.4759774419876,0,0,0,291.64999,117.65,82.300003,66.2,59.4,1,1,1,1,,,,169054,336933.95
1412135100,252.39999,254.05,242.35001,245.10001,251.18810851414042,242.71452585635237,0,0,0,291.64999,117.65,82.300003,66.2,59.4,1,1,1,1,,,,62849,332388.15
1412653500,246,252.10001,238.95,242.55,249.46048681131234,242.69956896032033,0,0,0,291.64999,117.65,82.300003,66.2,59.4,1,1,1,1,,,,54861,330690.7
1412739900,240.60001,244.2,233.95,236.75,246.91838944904987,242.15869905483666,0,0,0,291.64999,117.65,82.300003,66.2,59.4,1,1,1,1,,,,60044,327378.05
1412826300,238.64999,251.5,237.55,248.64999,247.2647095592399,242.74881641348787,0,0,0,291.64999,117.65,82.300003,66.2,59.4,1,1,1,1,,,,156289,296214.2
1412912700,247,250.35001,241,242.3,246.27176764739193,242.7080149213526,0,0,0,291.64999,117.65,82.300003,66.2,59.4,1,1,1,1,,,,115071,283055.85
1413171900,241.89999,247.89999,240,245.14999,246.04741211791355,242.9300126557751,0,0,0,291.64999,117.65,82.300003,66.2,59.4,1,1,1,1,,,,102492,263662.95
1413258300,244.10001,247.85001,241.14999,242.35001,245.30793169433085,242.87728514161373,0,0,0,291.64999,117.65,82.300003,66.2,59.4,1,1,1,1,,,,40038,253085.95
1413431100,240.5,243.7,218,223.05,240.85634535546467,241.0748046741943,0,0,0,291.64999,117.65,82.300003,66.2,59.4,1,1,1,1,,,,105464,242246.5
1413517500,224.2,229.85001,206.95,223.25,237.33507628437172,239.45436788563117,0,0,0,291.64999,117.65,82.300003,66.2,59.4,1,1,1,1,,,,146456,232161.85
1413776700,227.25,251.89999,224.05,249,239.66806102749737,240.32215262330106,0,0,0,291.64999,117.65,82.300003,66.2,59.4,1,1,1,1,,,,395078,205099.2
1413863100,251.89999,257.85001,242.14999,244.45,240.6244488219979,240.69741147572825,0,0,0,291.64999,117.65,82.300003,66.2,59.4,1,1,1,1,,,,251231,194679.4
1413949500,246.7,251.3,242.2,244.89999,241.47955705759833,241.07946406884386,0,0,0,291.64999,117.65,82.300003,66.2,59.4,1,1,1,1,,,,88112,164648.65
1414035900,247.5,247.5,243,246.8,242.54364564607866,241.59951278985807,0,0,0,291.64999,117.65,82.300003,66.2,59.4,1,1,1,1,,,,18177,142840.05
1414381500,248,248,238.8,240.7,242.17491651686294,241.51773889987098,0,0,0,291.64999,117.65,82.300003,66.2,59.4,1,1,1,1,,,,46503,133791.1
1414467900,239,254.45,239,248.05,243.34993321349035,242.11158081806454,0,0,0,291.64999,117.65,82.300003,66.2,59.4,1,1,1,1,,,,179396,135147.4
1414554300,249.5,249.8,242.7,243.45,243.36994657079228,242.23325528914958,0,0,0,291.64999,117.65,82.300003,66.2,59.4,1,1,1,1,,,,58161,127579.8
1414640700,242.89999,251.89999,241.3,245.25,243.74595725663383,242.5075048083178,0,0,0,291.64999,117.65,82.300003,66.2,59.4,1,1,1,1,,,,109546,123667.8
1414727100,246.05,266,245,259,246.79676580530707,244.00682255301618,0,0,0,291.64999,117.65,82.300003,66.2,59.4,1,1,1,1,,,,371816,134409.1
1414986300,261,268,255,263.95001,250.22741464424567,245.81983959365107,0,0,0,291.64999,117.65,82.300003,66.2,59.4,1,1,1,1,,,,154997,134281.75
1415159100,264.60001,291.20001,264.5,286.85001,257.55193371539656,249.54985508513732,0,0,0,291.64999,117.65,82.300003,66.2,59.4,1,1,1,1,,,,638305,157744.3
1415331900,290,318.95001,289.5,304.45001,266.9315489723173,254.54077825921576,0,0,0,291.64999,117.65,82.300003,66.2,59.4,1,1,1,1,,,,903801,199791.9
1415591100,306.89999,306.89999,290.75,293.70001,272.28524117785383,258.10070841746887,0,0,0,291.64999,117.65,82.300003,66.2,59.4,1,1,1,1,,,,149657,204531.7
1415677500,293.89999,304.89999,292.20001,295.54999,276.9381909422831,261.50518856133533,0,0,0,291.64999,117.65,82.300003,66.2,59.4,1,1,1,1,,,,143309,208694.95
1415763900,297.35001,321.39999,294.5,317.64999,285.08055075382646,266.60926141939575,0,0,0,291.64999,117.65,82.300003,66.2,59.4,1,1,1,1,,,,648873,233324.15
1415850300,319,325,294,297.95001,287.65444260306117,269.45842038126887,0,0,0,291.64999,117.65,82.300003,66.2,59.4,1,1,1,1,,,,292697,242205.45
1415936700,296,308.35001,293.20001,301.25,290.37355408244895,272.3485639829717,0,0,0,291.64999,117.65,82.300003,66.2,59.4,1,1,1,1,,,,196819,246921.8
1416195900,306.5,319.89999,306.20001,315.64999,295.42884126595914,276.285057257247,0,0,0,291.64999,117.65,82.300003,66.2,59.4,1,1,1,1,,,,303589,260099.35
1416282300,315.89999,328.60001,313.10001,318.89999,300.1230710127673,280.15914205204274,0,0,0,291.64999,117.65,82.300003,66.2,59.4,1,1,1,1,,,,277660,268709.15
1416368700,318.89999,331.5,315,318.70001,303.83845881021387,283.6628573200389,0,0,0,291.64999,117.65,82.300003,66.2,59.4,1,1,1,1,,,,246468,273709.75
1416455100,317.54999,339.79999,315,334.39999,309.9507650481711,288.2753239273081,0,0,0,291.64999,117.65,82.300003,66.2,59.4,1,1,1,1,,,,338921,270901.9
1416541500,337.5,401.25,327.60001,401.25,328.21061203853685,298.5457490248255,0,0,0,291.64999,117.65,82.300003,66.2,59.4,1,1,1,1,,,,1521157,334398.2
1416800700,410,441.35001,410,441.35001,350.8384916308295,311.5279545680232,0,0,0,291.64999,117.65,82.300003,66.2,59.4,1,1,1,1,,,,995324,379758.8
1416887100,459.70001,480.85001,416.5,423.10001,365.29079530466356,321.67086869820287,0,0,0,291.64999,117.65,82.300003,66.2,59.4,1,1,1,1,,,,2101246,483912.25
1416973500,423.10001,432.95001,405.54999,412.54999,374.74263424373083,329.9326069983662,0,0,0,291.64999,117.65,82.300003,66.2,59.4,1,1,1,1,,,,608293,512001.75
1417059900,412.54999,444.95001,412.54999,433.60001,386.51410939498464,339.35691636215114,0,0,0,291.64999,117.65,82.300003,66.2,59.4,1,1,1,1,,,,991981,552631
1417146300,436.89999,458.5,430,449.85001,399.1812895159877,349.40174305650106,0,0,0,291.64999,117.65,82.300003,66.2,59.4,1,1,1,1,,,,657518,582598.85
1417405500,449.75,453.20001,421.25,424.79999,404.3050296127902,356.25612914227366,0,0,0,291.64999,117.65,82.300003,66.2,59.4,1,1,1,1,,,,323427,593292.9
1417491900,425,467.25,419.45001,457.25,414.89402369023213,365.4373901293397,0,0,0,480.85001,206.95,117.65,82.300003,66.2,1,1,1,1,,,,658205,607612.35
1417578300,473.89999,502.95001,467.25,502.95001,432.5052209521857,377.9385373903088,0,0,0,480.85001,206.95,117.65,82.300003,66.2,1,1,1,1,,,,833870,641556
1417664700,519.45001,538,507.64999,515.04999,449.01417476174856,390.4032149002807,0,0,0,480.85001,206.95,117.65,82.300003,66.2,1,1,1,1,,,,1045957,661938.6
1417751100,518.09998,541.59998,516.40002,520.45001,463.3013418093989,402.22565081843703,0,0,0,480.85001,206.95,117.65,82.300003,66.2,1,1,1,1,,,,484363,640966.7
1418010300,523,534.5,502,505.35001,471.7110754475191,411.60059256221547,0,0,0,480.85001,206.95,117.65,82.300003,66.2,1,1,1,1,,,,238822,645424.95
1418096700,507.35001,526.70001,461.85001,479.29999,473.22885835801526,417.7550832383777,0,0,0,480.85001,206.95,117.65,82.300003,66.2,1,1,1,1,,,,394011,657960.05
1418183100,483,489,463.04999,469.85001,472.5530886864122,422.4909856712525,0,0,0,480.85001,206.95,117.65,82.300003,66.2,1,1,1,1,,,,202084,635620.6
1418269500,474.29999,476.14999,435.10001,443.14999,466.6724689491298,424.3690769738659,0,0,0,480.85001,206.95,117.65,82.300003,66.2,1,1,1,1,,,,316562,636813.85
1418355900,445,459,410,415.29999,456.39797315930383,423.54461452169625,0,0,0,541.59998,206.95,117.65,82.300003,66.2,1,1,1,1,,,,279454,640945.6
1418615100,409.70001,418.5,396.5,403.45001,445.8083805274431,421.71783229245113,0,0,0,541.59998,206.95,117.65,82.300003,66.2,1,1,1,1,,,,233886,637460.45
1418701500,399,403,363.14999,373,431.24670442195446,417.2889384476828,0,0,0,541.59998,206.95,117.65,82.300003,66.2,1,1,1,1,,,,502471,648701
1418787900,370.10001,384.29999,354.35001,354.64999,415.92736153756357,411.59448858880256,0,0,0,541.59998,206.95,117.65,82.300003,66.2,1,1,1,1,,,,569751,664865.15
1418874300,364,372.35001,361.54999,372.35001,407.21189123005087,408.0268087170932,0,0,0,541.59998,206.95,117.65,82.300003,66.2,1,1,1,1,,,,169087,656373.45
1418960700,390.95001,390.95001,373.39999,388,403.3695129840407,406.206189742812,0,0,0,541.59998,206.95,117.65,82.300003,66.2,1,1,1,1,,,,600924,610361.8
1419219900,384.25,402.5,377.14999,394.5,401.59561038723257,405.14199067528364,0,0,0,541.59998,206.95,117.65,82.300003,66.2,1,1,1,1,,,,282564,574723.8
1419306300,391,404.89999,383,386.45001,398.56649030978605,403.4427197048033,0,0,0,541.59998,206.95,117.65,82.300003,66.2,1,1,1,1,,,,170202,478171.6
1419392700,382.60001,389.70001,372.04999,375.25,393.9031922478288,400.87974518618483,0,0,0,541.59998,206.95,117.65,82.300003,66.2,1,1,1,1,,,,96538,452583.85
1419565500,372,385,371,373.35001,389.79255579826304,398.37704198744075,0,0,0,541.59998,206.95,117.65,82.300003,66.2,1,1,1,1,,,,85389,407254.25
1419824700,373.20001,388,373.20001,377.04999,387.24404263861044,396.4382190794916,0,0,0,541.59998,206.95,117.65,82.300003,66.2,1,1,1,1,,,,147198,381738.25
1419911100,374.39999,382,367.20001,369.89999,383.77523211088834,394.0256527995378,0,0,0,541.59998,206.95,117.65,82.300003,66.2,1,1,1,1,,,,91670,370150.4
1419997500,370,379.85001,364.89999,367.20001,380.4601876887107,391.5869579995798,0,0,0,541.59998,206.95,117.65,82.300003,66.2,1,1,1,1,,,,343664,354423.35
1420083900,364.75,385.54999,364.75,385.54999,381.47814815096854,391.0381427268907,0,0,0,541.59998,206.95,117.65,82.300003,66.2,1,1,1,1,,,,149047,320182.2
1420170300,397.35001,424.10001,395,424.10001,390.00252052077485,394.04376702444614,0,0,0,541.59998,206.95,117.65,82.300003,66.2,1,1,1,1,,,,544423,295105.5
1420429500,442,463.70001,439,444.60001,400.9220184166199,398.63978911313285,0,0,0,541.59998,206.95,117.65,82.300003,66.2,1,1,1,1,,,,529171,297345.9
1420515900,440,442.79999,410.29999,420.25,404.7876147332959,400.60435373921166,0,0,0,541.59998,206.95,117.65,82.300003,66.2,1,1,1,1,,,,247704,297790
1420602300,423.54999,462.25,420.5,462.25,416.2800917866367,406.2085033992833,0,0,0,541.59998,206.95,117.65,82.300003,66.2,1,1,1,1,,,,1261920,341185.45
1420688700,478,503.89999,476,484.45001,429.9140754293094,413.3213676357121,0,0,0,541.59998,206.95,117.65,82.300003,66.2,1,1,1,1,,,,969711,379566.8
1420775100,489,501.70001,467,472.29999,438.3912583434475,418.68306057792006,0,0,0,541.59998,206.95,117.65,82.300003,66.2,1,1,1,1,,,,565555,392016.45
1421034300,476,486,472.25,476.10001,445.93300867475796,423.9027832526546,0,0,0,541.59998,206.95,117.65,82.300003,66.2,1,1,1,1,,,,171857,386636.6
1421120700,477,487.89999,465.70001,469.25,450.59640693980634,428.0252575024133,0,0,0,541.59998,206.95,117.65,82.300003,66.2,1,1,1,1,,,,200421,384963.35
1421207100,471.45001,477.5,452,454.75,451.42712555184505,430.45477954764846,0,0,0,541.59998,206.95,117.65,82.300003,66.2,1,1,1,1,,,,163619,368020.75
1421293500,458.60001,474.5,436.14999,464.89999,454.12169844147604,433.58616231604407,0,0,0,541.59998,206.95,117.65,82.300003,66.2,1,1,1,1,,,,510195,365042.95
1421379900,463,481.79999,460.54999,464.89999,456.2773567531808,436.4328739236764,0,0,0,541.59998,206.95,117.65,82.300003,66.2,1,1,1,1,,,,294782,371327.7
1421639100,461,488.10001,460.5,483.75,461.7718854025446,440.73443083970585,0,0,0,541.59998,206.95,117.65,82.300003,66.2,1,1,1,1,,,,462826,364422.8
1421725500,481,489.89999,468.85001,470.79999,463.5775063220357,443.46766349064166,0,0,0,541.59998,206.95,117.65,82.300003,66.2,1,1,1,1,,,,261443,363366.75
1421811900,470.10001,483.89999,465.10001,473.54999,465.57200305762854,446.2024204460379,0,0,0,541.59998,206.95,117.65,82.300003,66.2,1,1,1,1,,,,180705,363891.9
1421898300,472,480,462.5,464.70001,465.39760444610283,447.8840194963981,0,0,0,541.59998,206.95,117.65,82.300003,66.2,1,1,1,1,,,,188009,368465.45
1421984700,469,472.79999,451.25,457.45001,463.80808555688225,448.7536549967255,0,0,0,541.59998,206.95,117.65,82.300003,66.2,1,1,1,1,,,,117947,370093.35
1422330300,458,466,447,450.89999,461.2264664455058,448.94877636065956,0,0,0,541.59998,206.95,117.65,82.300003,66.2,1,1,1,1,,,,115081,368487.5
1422416700,450.89999,462,438.64999,441.95001,457.37117515640466,448.3125248733269,0,0,0,541.59998,206.95,117.65,82.300003,66.2,1,1,1,1,,,,173706,372589.3
1422503100,442,451.25,430,436,453.09694012512375,447.19320443029716,0,0,0,541.59998,206.95,117.65,82.300003,66.2,1,1,1,1,,,,128761,361844.15
1422589500,445.04999,449,427.35001,430.45001,448.567554100099,445.67109584572466,0,0,0,541.59998,206.95,117.65,82.300003,66.2,1,1,1,1,,,,151414,361962.5
1422848700,427,451.95001,427,451.95001,449.2440452800792,446.2419062233861,0,0,0,541.59998,206.95,117.65,82.300003,66.2,1,1,1,1,,,,168794,343181.05
1422935100,463,467,432.20001,435.89999,446.57523422406337,445.3017320212601,0,0,0,541.59998,206.95,117.65,82.300003,66.2,1,1,1,1,,,,299964,331720.7
1423021500,439.79999,446.14999,431,433.10001,443.8801893792507,444.19248456478186,0,0,0,541.59998,206.95,117.65,82.300003,66.2,1,1,1,1,,,,175747,328122.85
1423107900,438,454.75,431.29999,435.20001,442.14415350340056,443.37498687707443,0,0,0,541.59998,206.95,117.65,82.300003,66.2,1,1,1,1,,,,303565,280205.1
1423194300,437.10001,447.70001,410.04999,415.70001,436.8553248027205,440.8590798882495,0,0,0,541.59998,206.95,117.65,82.300003,66.2,1,1,1,1,,,,203506,241894.85
1423453500,380,434.60001,380,416.45001,432.7742618421764,438.6400735347723,0,0,0,541.59998,206.95,117.65,82.300003,66.2,1,1,1,1,,,,204090,223821.6
1423539900,417,429.70001,409.5,414.45001,429.1094114737411,436.440976849793,0,0,0,541.59998,206.95,117.65,82.300003,66.2,1,1,1,1,,,,110080,220732.75
1423626300,418.29999,431.5,416,420.29999,427.3475271789929,434.97361440890273,0,0,0,541.59998,206.95,117.65,82.300003,66.2,1,1,1,1,,,,127201,217071.75
1423712700,423.79999,462.29999,419.60001,462.29999,434.3380197431943,437.45783037172976,0,0,0,541.59998,206.95,117.65,82.300003,66.2,1,1,1,1,,,,716247,244703.15
1423799100,468.04999,471.89999,452.70001,460.04999,439.48041379455543,439.5116630652089,0,0,0,541.59998,206.95,117.65,82.300003,66.2,1,1,1,1,,,,394132,238900
1424058300,463,482.60001,461.10001,470.64999,445.71432903564437,442.3424200592808,0,0,0,541.59998,206.95,117.65,82.300003,66.2,1,1,1,1,,,,318588,240090.3
1424231100,472,481.89999,466,471.04999,450.78146122851547,444.9521991448007,0,0,0,541.59998,206.95,117.65,82.300003,66.2,1,1,1,1,,,,169357,225416.85
1424317500,473.89999,480,461.25,469.45001,454.5151709828124,447.17927285890977,0,0,0,541.59998,206.95,117.65,82.300003,66.2,1,1,1,1,,,,277577,226223.55
1424403900,471.95001,482,461.25,468.25,457.2621367862499,449.09479350809977,0,0,0,541.59998,206.95,117.65,82.300003,66.2,1,1,1,1,,,,214747,227925.65
1424663100,470.04999,474.39999,463,466.75,459.1597094289999,450.6998122800907,0,0,0,541.59998,206.95,117.65,82.300003,66.2,1,1,1,1,,,,126174,224833.9
1424749500,468,470.89999,450,451.79999,457.68776554319993,450.7998284364461,0,0,0,541.59998,206.95,117.65,82.300003,66.2,1,1,1,1,,,,68146,222343.85
1424835900,451.79999,462.75,421.5,426.85001,451.52021443455993,448.622572214951,0,0,0,541.59998,206.95,117.65,82.300003,66.2,1,1,1,1,,,,134093,223294.45
1424922300,429,439,414,423,445.81617154764797,446.2932474681373,0,0,0,541.59998,206.95,117.65,82.300003,66.2,1,1,1,1,,,,115151,220366.7
1425008700,427.64999,432.25,418.04999,422.79999,441.21293523811835,444.1574967892157,0,0,0,541.59998,206.95,117.65,82.300003,66.2,1,1,1,1,,,,122891,220073.2
1425095100,429,433.64999,418,427.14999,438.4003461904947,442.6113598083779,0,0,0,541.59998,206.95,117.65,82.300003,66.2,1,1,1,1,,,,94925,217248.75
1425267900,427.14999,454.75,426,442.39999,439.2002749523958,442.5921443712527,0,0,0,541.59998,206.95,117.65,82.300003,66.2,1,1,1,1,,,,276928,222655.45
1425354300,446.25,486.60001,444.75,485.85001,448.5302219619166,446.52467761022973,0,0,0,541.59998,206.95,117.65,82.300003,66.2,1,1,1,1,,,,779600,246637.25
1425440700,494.70001,502,458,464.54999,451.73417556953325,448.16334237293614,0,0,0,541.59998,206.95,117.65,82.300003,66.2,1,1,1,1,,,,449811,260340.45
1425527100,460.5,489.5,460.5,474.60001,456.3073424556266,450.5666757935783,0,0,0,541.59998,206.95,117.65,82.300003,66.2,1,1,1,1,,,,276965,259010.45
1425872700,479,550,470,503.85001,465.8158759645013,455.4106152668894,0,0,0,541.59998,206.95,117.65,82.300003,66.2,1,1,1,1,,,,1385868,318128.55
1425959100,507.10001,541.79999,505.45001,517.40002,476.132704771601,461.0460156971722,0,0,0,541.59998,206.95,117.65,82.300003,66.2,1,1,1,1,,,,600782,337963.15
1426045500,524.20001,536,511,518.79999,484.6661618172808,466.29637699742926,0,0,0,541.59998,206.95,117.65,82.300003,66.2,1,1,1,1,,,,270227,345970.5
1426131900,523.09998,535.15002,488.20001,499.64999,487.66292745382464,469.3285236340266,0,0,0,541.59998,206.95,117.65,82.300003,66.2,1,1,1,1,,,,413467,360283.8
1426218300,503.89999,504.20001,472,477.79999,485.6903399630597,470.0986569400242,0,0,0,541.59998,206.95,117.65,82.300003,66.2,1,1,1,1,,,,238296,336386.25
1426477500,481.70001,482.89999,458,464.39999,481.4322699704478,469.58059630911293,0,0,0,550,354.35001,206.95,117.65,88.949997,1,1,1,1,,,,131948,323277.05
1426563900,468,479.75,463.5,472,479.54581597635826,469.8005420991936,0,0,0,550,354.35001,206.95,117.65,88.949997,1,1,1,1,,,,171027,315899
1426650300,472.54999,489,466.29999,479.64999,479.5666507810866,470.6959464538124,0,0,0,550,354.35001,206.95,117.65,88.949997,1,1,1,1,,,,240956,319478.95
1426736700,484.39999,494,466.5,468.64999,477.3833186248693,470.5099504125567,0,0,0,550,354.35001,206.95,117.65,88.949997,1,1,1,1,,,,174849,314342.55
1426823100,471.45001,472.29999,445,449.04999,471.7166528998954,468.5590449205061,0,0,0,550,354.35001,206.95,117.65,88.949997,1,1,1,1,,,,120489,309629.65
1427082300,451,466,439,445.89999,466.55332031991634,466.4991308368237,0,0,0,550,354.35001,206.95,117.65,88.949997,1,1,1,1,,,,236983,315170.1
1427168700,445,454.20001,438,442.5,461.74265625593307,464.31739166983976,0,0,0,550,354.35001,206.95,117.65,88.949997,1,1,1,1,,,,135663,318545.95
1427255100,446.79999,450.89999,434.20001,435.60001,456.51412700474646,461.70672060894526,0,0,0,550,354.35001,206.95,117.65,88.949997,1,1,1,1,,,,106721,317177.35
1427341500,432.10001,435,422.20001,425.14999,450.2412996037972,458.3833814626775,0,0,0,550,354.35001,206.95,117.65,88.949997,1,1,1,1,,,,82027,315521.15
1427427900,425,437.79999,412.54999,430.20001,446.23304168303775,455.8212567842523,0,0,0,550,354.35001,206.95,117.65,88.949997,1,1,1,1,,,,175066,318129.9
1427687100,435.79999,457.79999,435.35001,453.14999,447.6164313464302,455.57841434932027,0,0,0,550,354.35001,206.95,117.65,88.949997,1,1,1,1,,,,254811,326124.2
1427773500,456,458.45001,435.35001,440.04999,446.1031430771442,454.16673940847295,0,0,0,550,354.35001,206.95,117.65,88.949997,1,1,1,1,,,,123506,318453.1
1427859900,441,458,431.29999,449.14999,446.71251246171533,453.71067128042995,0,0,0,550,354.35001,206.95,117.65,88.949997,1,1,1,1,,,,141334,286539.8
1428291900,455,479.45001,450.10001,474.35001,452.2400119693723,455.58697480039086,0,0,0,550,354.35001,206.95,117.65,88.949997,1,1,1,1,,,,394669,283782.7
1428378300,477,497.79999,470.54999,479.14999,457.62200757549783,457.7290670912644,0,0,0,550,354.35001,206.95,117.65,88.949997,1,1,1,1,,,,421424,291005.65
1428464700,482,485.75,467,470.25,460.1476060603983,458.86733371933127,0,0,0,550,354.35001,206.95,117.65,88.949997,1,1,1,1,,,,174939,230459.2
1428551100,474.20001,478.39999,462.10001,468.29999,461.7780828483186,459.7248479266648,0,0,0,550,354.35001,206.95,117.65,88.949997,1,1,1,1,,,,117656,206302.9
1428637500,470.85001,482.79999,466,478.04999,465.03246427865486,461.3907699333316,0,0,0,550,354.35001,206.95,117.65,88.949997,1,1,1,1,,,,154691,200526.1
1428896700,482.39999,489.20001,472.54999,475.95001,467.21597342292387,462.7143372121197,0,0,0,550,354.35001,206.95,117.65,88.949997,1,1,1,1,,,,146301,187167.8
1429069500,477.95001,506.20001,470,481.70001,470.1127807383391,464.44030746556336,0,0,0,550,354.35001,206.95,117.65,88.949997,1,1,1,1,,,,409228,195714.4
1429155900,484.79999,485.75,461,467.64999,469.6202225906713,464.7320967868758,0,0,0,550,354.35001,206.95,117.65,88.949997,1,1,1,1,,,,154199,196826.95
1429242300,470.5,476.95001,450,453.75,466.446178072537,463.73372435170523,0,0,0,550,354.35001,206.95,117.65,88.949997,1,1,1,1,,,,147736,195662.4
1429501500,456,456,440,443.64999,461.8869404580296,461.90793031973203,0,0,0,550,354.35001,206.95,117.65,88.949997,1,1,1,1,,,,96105,188419.85
1429587900,447.5,447.5,426.64999,439.14999,457.3395503664237,459.83902665430185,0,0,0,550,354.35001,206.95,117.65,88.949997,1,1,1,1,,,,126194,185987.1
1429674300,440.5,445.39999,425.54999,436.60001,453.19164229313895,457.72638877663803,0,0,0,550,354.35001,206.95,117.65,88.949997,1,1,1,1,,,,86988,184312.05
1429760700,439.5,455.14999,436.10001,440.39999,450.6333118345112,456.15126161512546,0,0,0,550,354.35001,206.95,117.65,88.949997,1,1,1,1,,,,105385,177732.15
1429847100,440.39999,442.95001,415.25,422.85001,445.07665146760894,453.12387510465953,0,0,0,550,354.35001,206.95,117.65,88.949997,1,1,1,1,,,,112159,176556.95
1430106300,424.04999,427.5,396.39999,401.5,436.36132117408715,448.43079554969046,0,0,0,550,354.35001,206.95,117.65,88.949997,4,1,1,1,,,,115133,176977.55
1430192700,401,434.75,392.10001,427.35001,434.55905893926973,446.5143604997186,0,0,0,550,354.35001,206.95,117.65,88.949997,4,1,1,1,,,,181183,181935.35
1430279100,423.89999,432.60001,415.5,421.25,431.8972471514158,444.2176004542896,0,0,0,550,354.35001,206.95,117.65,88.949997,4,1,1,1,,,,98721,178118.1
1430365500,420,425,411.5,419.10001,429.3377997211326,441.93418314026326,0,0,0,550,354.35001,206.95,117.65,88.949997,4,1,1,1,,,,74065,169080.8
1430711100,424.70001,443,423,437.14999,430.9002377769061,441.4992564911484,0,0,0,550,354.35001,206.95,117.65,88.949997,4,1,1,1,,,,139881,169899.55
1430797500,439.39999,454,431.20001,445.64999,433.8501882215249,441.876595901044,0,0,0,550,354.35001,206.95,117.65,88.949997,4,1,1,1,,,,167975,171231.6
1430883900,448.54999,458,420.10001,424.60001,432.0001525772199,440.30599718276727,0,0,0,550,354.35001,206.95,117.65,88.949997,4,1,1,1,,,,158404,159418.35
1430970300,428.70001,432.70001,404.10001,411.5,427.90012206177596,437.6872701661521,0,0,0,550,354.35001,206.95,117.65,88.949997,4,1,1,1,,,,105597,143627
1431056700,425,429,416,419.64999,426.25009564942076,436.0475174237746,0,0,0,550,354.35001,206.95,117.65,88.949997,4,1,1,1,,,,54071,137583.6
1431315900,429.5,433.5,423.25,426.5,426.3000765195366,435.17956129434054,0,0,0,550,354.35001,206.95,117.65,88.949997,4,1,1,1,,,,84298,135915.7
1431402300,427.79999,427.79999,414,415.39999,424.1200592156293,433.3814184494005,0,0,0,550,354.35001,206.95,117.65,88.949997,4,1,1,1,,,,47490,130555.65
1431488700,419,427,414.04999,418,422.8960473725034,431.98310768127317,0,0,0,550,354.35001,206.95,117.65,88.949997,4,1,1,1,,,,69865,126733.85
1431575100,418.75,425,414,419.60001,422.2368398980027,430.8573715284302,0,0,0,550,354.35001,206.95,117.65,88.949997,4,1,1,1,,,,51361,108840.5
1431661500,421,430.60001,419.20001,421.70001,422.12947391840214,430.0248841167547,0,0,0,550,354.35001,206.95,117.65,88.949997,4,1,1,1,,,,93022,105781.65
1431920700,422,434.5,422,430.14999,423.7335771347217,430.0362573788679,0,0,0,550,354.35001,206.95,117.65,88.949997,4,1,1,1,,,,79749,102382.3
1432007100,430.89999,444.79999,427.25,432.79999,425.54685970777734,430.2875057989708,0,0,0,550,354.35001,206.95,117.65,88.949997,4,1,1,1,,,,105786,102866.35
1432093500,437.75,442.20001,430,431.75,426.7874877662219,430.4204598172462,0,0,0,550,354.35001,206.95,117.65,88.949997,4,1,1,1,,,,58313,99472.3
1432179900,431,436,425.10001,427.10001,426.8499922129775,430.11860074295106,0,0,0,550,354.35001,206.95,117.65,88.949997,4,1,1,1,,,,39782,97112
1432266300,434,481.70001,434,467,434.879993770382,433.4714552208646,0,0,0,550,354.35001,206.95,117.65,88.949997,4,1,1,1,,,,956626,139674.05
1432525500,472,478,461.5,470.04999,441.9139930163056,436.7967765644224,0,0,0,550,354.35001,206.95,117.65,88.949997,4,1,1,1,,,,234714,145801.8
1432611900,472.60001,495,468.5,486.10001,450.75119641304445,441.27888869492944,0,0,0,550,354.35001,206.95,117.65,88.949997,4,1,1,1,,,,481557,164123
1432698300,482.39999,505.64999,477.10001,496.79999,459.96095513043554,446.32626154084494,0,0,0,550,354.35001,206.95,117.65,88.949997,4,1,1,1,,,,265617,168344.7
1432784700,505,554.90002,504,524.15002,472.7987681043484,453.4011486734954,0,0,0,550,354.35001,206.95,117.65,88.949997,4,1,1,1,,,,1090938,217955.55
1432871100,524.75,551.5,520.90002,547.29999,487.6990124834787,461.93740697590493,0,0,0,550,354.35001,206.95,117.65,88.949997,4,1,1,1,,,,536598,241082.2
1433130300,546,546,512.54999,516.29999,493.41920798678296,466.8794599780954,0,0,0,550,354.35001,206.95,117.65,88.949997,4,1,1,1,,,,211629,244669.6
1433216700,518.40002,518.40002,481.14999,483.85001,491.5053683894264,468.422237252814,0,0,0,550,354.35001,206.95,117.65,88.949997,4,1,1,1,,,,222616,247401.65
1433303100,483.95001,492,462.5,484.60001,490.1242967115411,469.89294386619457,0,0,0,550,354.35001,206.95,117.65,88.949997,4,1,1,1,,,,191815,249072.2
1433389500,485.89999,511.39999,481.25,497.45001,491.5894393692329,472.39813169654053,0,0,0,554.90002,392.10001,354.35001,206.95,117.65,1,1,1,1,,,,262221,256903.4
1433475900,504.70001,524.29999,502.29999,515.54999,496.3815494953863,476.3210279059459,0,0,0,554.90002,392.10001,354.35001,206.95,117.65,1,1,1,1,,,,416259,275012.8
1433735100,514.40002,522,490,496.89999,496.48523759630905,478.19184264176903,0,0,0,554.90002,392.10001,354.35001,206.95,117.65,1,1,1,1,,,,169800,279287.9
1433821500,492,504,487.14999,490.95001,495.37819207704723,479.35167603797186,0,0,0,554.90002,392.10001,354.35001,206.95,117.65,1,1,1,1,,,,105584,282192.6
1433907900,491,507.5,486.64999,495.70001,495.4425556616378,480.83788821633806,0,0,0,554.90002,392.10001,354.35001,206.95,117.65,1,1,1,1,,,,113856,284392.15
1433994300,498.95001,501.60001,478.20001,480.89999,492.5340425293102,480.8435338330346,0,0,0,554.90002,392.10001,354.35001,206.95,117.65,1,1,1,1,,,,65550,285101.6
1434080700,479.5,487.5,471.20001,473.75,488.77723402344816,480.19866712094057,0,0,0,554.90002,392.10001,354.35001,206.95,117.65,1,1,1,1,,,,141820,287541.5
1434339900,469.5,484,466.70001,472.54999,485.5317852187585,479.5033328372187,0,0,0,554.90002,392.10001,354.35001,206.95,117.65,1,1,1,1,,,,119672,289537.65
1434426300,473.95001,488.29999,463,482.29999,484.8854261750068,479.75757439747156,0,0,0,554.90002,392.10001,354.35001,206.95,117.65,1,1,1,1,,,,108530,289674.85
1434512700,488.20001,503.60001,483,490.60001,486.0283429400054,480.7432503613378,0,0,0,554.90002,392.10001,354.35001,206.95,117.65,1,1,1,1,,,,236685,298593.45
1434599100,491.64999,498.39999,483.20001,486.14999,486.0526723520043,481.2347721466707,0,0,0,554.90002,392.10001,354.35001,206.95,117.65,1,1,1,1,,,,124743,302841.5
1434685500,486.14999,494.79999,485.10001,488.04999,486.45213588160345,481.8543374060643,0,0,0,554.90002,392.10001,354.35001,206.95,117.65,1,1,1,1,,,,61547,258087.55
1434944700,491.75,503.89999,488,498.95001,488.9517107052828,483.40848946005843,0,0,0,554.90002,392.10001,354.35001,206.95,117.65,1,1,1,1,,,,166318,254667.75
1435031100,500,501.70001,487.60001,492.75,489.71136856422623,484.25771769096224,0,0,0,554.90002,392.10001,354.35001,206.95,117.65,1,1,1,1,,,,65241,233851.95
1435117500,494.79999,499.85001,488.29999,491.85001,490.139096851381,484.94792608269296,0,0,0,554.90002,392.10001,354.35001,206.95,117.65,1,1,1,1,,,,118418,226492
1435203900,488.39999,495.5,487.25,491.20001,490.3512794811048,485.5162973479027,0,0,0,554.90002,392.10001,354.35001,206.95,117.65,1,1,1,1,,,,46725,174281.35
1435290300,492.89999,493.5,483.20001,489.10001,490.10102558488387,485.8420894071843,0,0,0,554.90002,392.10001,354.35001,206.95,117.65,1,1,1,1,,,,52025,150052.7
1435549500,475,483.29999,472,479.89999,488.0608184679071,485.30189855198574,0,0,0,554.90002,392.10001,354.35001,206.95,117.65,1,1,1,1,,,,76075,143275
1435635900,475.14999,514.65002,475.14999,507.35001,491.91865677432565,487.30627231998704,0,0,0,554.90002,392.10001,354.35001,206.95,117.65,1,1,1,1,,,,366208,150454.6
1435722300,512,524.90002,509,511.35001,495.8049274194605,489.4920666545337,0,0,0,554.90002,392.10001,354.35001,206.95,117.65,1,1,1,1,,,,154071,148567.4
1435808700,514.5,514.5,499.25,501.89999,497.0239399355684,490.62005968593974,0,0,0,554.90002,392.10001,354.35001,206.95,117.65,1,1,1,1,,,,88423,139877.5
1435895100,504,517,500,503.25,498.26915194845475,491.768236078127,0,0,0,554.90002,392.10001,354.35001,206.95,117.65,1,1,1,1,,,,89795,123554.3
1436154300,497,514.79999,491,510,500.6153215587638,493.4256691619336,0,0,0,554.90002,392.10001,354.35001,206.95,117.65,1,1,1,1,,,,129205,121524.55
1436240700,511,541,509,524.40002,505.37226124701107,496.2415192381215,0,0,0,554.90002,392.10001,354.35001,206.95,117.65,1,1,1,1,,,,485556,140523.15
1436327100,522.5,527.79999,510,515.04999,507.30780699760885,497.9513802164741,0,0,0,554.90002,392.10001,354.35001,206.95,117.65,1,1,1,1,,,,165665,143113.6
1436413500,519.45001,527.09998,515,521.04999,510.05624359808706,500.0512538331583,0,0,0,554.90002,392.10001,354.35001,206.95,117.65,1,1,1,1,,,,95674,144619.8
1436499900,524.90002,528.65002,512.09998,513.95001,510.83499687846967,501.314777121053,0,0,0,554.90002,392.10001,354.35001,206.95,117.65,1,1,1,1,,,,79905,141524.05
1436759100,516,538,516,523,513.2679975027758,503.2861610191391,0,0,0,554.90002,392.10001,354.35001,206.95,117.65,1,1,1,1,,,,207854,145933.15
1436845500,526.5,528.5,517.20001,519.09998,514.4343940022206,504.7237809264901,0,0,0,554.90002,392.10001,354.35001,206.95,117.65,1,1,1,1,,,,101702,145591.75
1436931900,521,526,512,514.40002,514.4275192017765,505.6034390240819,0,0,0,554.90002,392.10001,354.35001,206.95,117.65,1,1,1,1,,,,117325,139623.75
1437018300,515,525,515,516.70001,514.8820173614212,506.6122182037108,0,0,0,554.90002,392.10001,354.35001,206.95,117.65,1,1,1,1,,,,104830,138628.1
1437104700,519.90002,545,515.5,535.65002,519.0356178891369,509.25201836700984,0,0,0,554.90002,392.10001,354.35001,206.95,117.65,1,1,1,1,,,,384401,154770.8
1437363900,540.54999,557,535.15002,539.20001,523.0684963113096,511.97456306091806,0,0,0,554.90002,392.10001,354.35001,206.95,117.65,1,1,1,1,,,,284585,160684.15
1437450300,540.25,543,517.04999,519.15002,522.2848010490477,512.6268773281073,0,0,0,554.90002,392.10001,354.35001,206.95,117.65,1,1,1,1,,,,116009,163222.55
1437536700,521,534.40002,515,528.75,523.5778408392382,514.0926157528248,0,0,0,554.90002,392.10001,354.35001,206.95,117.65,1,1,1,1,,,,118503,163226.8
1437623100,531.65002,536.5,525.25,528.95001,524.6522746713906,515.4432879571135,0,0,0,554.90002,392.10001,354.35001,206.95,117.65,1,1,1,1,,,,72343,164507.7
1437709500,528.84998,534,522.5,526.65002,525.0518237371125,516.4620817791941,0,0,0,554.90002,392.10001,354.35001,206.95,117.65,1,1,1,1,,,,117596,167786.25
1437968700,522,536,506.95001,512,522.44145898969,516.0564379810855,0,0,0,557,392.10001,354.35001,206.95,117.65,1,1,1,1,,,,134878,170726.4
1438055100,514,538,514,525.70001,523.0931691917519,516.9331263464414,0,0,0,557,392.10001,354.35001,206.95,117.65,1,1,1,1,,,,150165,159924.25
1438141500,529.75,533.5,521.54999,524.09998,523.2945313534016,517.584658496765,0,0,0,557,392.10001,354.35001,206.95,117.65,1,1,1,1,,,,69473,155694.35
1438227900,528.84998,616.20001,527,603.65002,539.3656290827213,525.4087822697863,0,0,0,557,392.10001,354.35001,206.95,117.65,1,1,1,1,,,,1406739,221610.15
1438314300,610,632.29999,595.5,608.09998,553.112499266177,532.9261638816239,0,0,0,557,392.10001,354.35001,206.95,117.65,1,1,1,1,,,,758366,255038.7
1438573500,608,623,587,602.79999,563.0499974129416,539.2783298923854,0,0,0,557,392.10001,354.35001,206.95,117.65,1,1,1,1,,,,326316,264894.25
1438659900,603.90002,634.90002,602,620.09998,574.4599939303532,546.6257526294413,0,0,0,557,392.10001,354.35001,206.95,117.65,1,1,1,1,,,,591374,270185.15
1438746300,622,637.70001,599,604.65002,580.4979991442826,551.9006860267648,0,0,0,557,392.10001,354.35001,206.95,117.65,1,1,1,1,,,,371017,280452.75
1438832700,600.29999,612.79999,582.29999,591.79999,582.7583973154261,555.5278954788771,0,0,0,557,392.10001,354.35001,206.95,117.65,1,1,1,1,,,,170810,284209.55
1438919100,585,611,580.5,584.95001,583.196719852341,558.2026331626156,0,0,0,557,392.10001,354.35001,206.95,117.65,1,1,1,1,,,,184445,289436.55
1439178300,586.59998,612,586.59998,594.40002,585.4373798818727,561.4933046932869,0,0,0,557,392.10001,354.35001,206.95,117.65,1,1,1,1,,,,262247,292156.2
1439264700,594.5,605.95001,576,582.5,584.8499039054982,563.4030042666244,0,0,0,557,392.10001,354.35001,206.95,117.65,1,1,1,1,,,,100324,292087.3
1439351100,580,585,557,562.84998,580.4499191243985,563.3527293332949,0,0,0,637.70001,392.10001,354.35001,206.95,117.65,1,1,1,1,,,,129597,292700.9
1439437500,563,588.90002,563,575.40002,579.4399392995189,564.4479375757226,0,0,0,637.70001,392.10001,354.35001,206.95,117.65,1,1,1,1,,,,133038,294111.3
1439523900,577.95001,582.45001,565.04999,574.79999,578.5119494396151,565.3890332506569,0,0,0,637.70001,392.10001,354.35001,206.95,117.65,1,1,1,1,,,,89095,279346
1439783100,577,598.79999,565.5,590.04999,580.8195575516921,567.630938409688,0,0,0,637.70001,392.10001,354.35001,206.95,117.65,1,1,1,1,,,,209990,275616.25
1439869500,600,611,596,599.84998,584.6256420413537,570.5599421906255,0,0,0,637.70001,392.10001,354.35001,206.95,117.65,1,1,1,1,,,,192270,279429.3
1439955900,597.70001,603.90002,590.5,593.84998,586.4705096330829,572.6772183551141,0,0,0,637.70001,392.10001,354.35001,206.95,117.65,1,1,1,1,,,,80165,277512.4
1440042300,592.5,599,573,576.95001,584.5664097064663,573.0656539591946,0,0,0,637.70001,392.10001,354.35001,206.95,117.65,1,1,1,1,,,,80387,277914.6
1440128700,569,571.79999,548.29999,558.09998,579.2731237651731,571.7051381447224,0,0,0,637.70001,392.10001,354.35001,206.95,117.65,1,1,1,1,,,,104984,277284
1440387900,536,537.79999,447,460.79999,555.5784970121384,561.6228519497475,0,0,0,637.70001,392.10001,354.35001,206.95,117.65,4,1,1,1,,,,177938,279437
1440474300,474.45001,492,418,469.5,538.3627976097107,553.2480472270432,0,0,0,637.70001,392.10001,354.35001,206.95,117.65,4,1,1,1,,,,206203,282238.9
1440560700,474.79999,493,451.54999,466.20001,523.9302400877685,545.334589297312,0,0,0,637.70001,392.10001,354.35001,206.95,117.65,4,1,1,1,,,,84705,283000.5
1440647100,483.89999,489,468.14999,477.39999,514.6241900702148,539.15871663392,0,0,0,637.70001,392.10001,354.35001,206.95,117.65,4,1,1,1,,,,89161,217121.6
1440733500,482,498,475,478.25,507.3493520561718,533.6215605762909,0,0,0,637.70001,392.10001,354.35001,206.95,117.65,4,1,1,1,,,,95456,183976.1
1440992700,477.04999,487,470.5,472.60001,500.39948364493745,528.0741468875372,0,0,0,637.70001,392.10001,354.35001,206.95,117.65,4,1,1,1,,,,48974,170109
1441079100,469.89999,476.79999,456.04999,460.35001,492.38958891594996,521.9174071704883,0,0,0,637.70001,392.10001,354.35001,206.95,117.65,4,1,1,1,,,,48739,142977.25
1441165500,466.95001,474.20001,456.60001,460.60001,486.03167313276,516.3430983368075,0,0,0,637.70001,392.10001,354.35001,206.95,117.65,4,1,1,1,,,,49539,126903.35
1441251900,467.10001,479.89999,462.10001,467.04999,482.235336506208,511.86190666982503,0,0,0,637.70001,392.10001,354.35001,206.95,117.65,4,1,1,1,,,,55753,121150.5
1441338300,466,466,437,451.10001,476.0082712049664,506.3380978816591,0,0,0,637.70001,392.10001,354.35001,206.95,117.65,4,1,1,1,,,,81643,116010.4
1441597500,459.64999,461.95001,431,446.85001,470.1766189639731,500.93008989241736,0,0,0,637.70001,392.10001,354.35001,206.95,117.65,4,1,1,1,,,,66484,106222.25
1441683900,442,453.25,428.45001,445,465.1412951711785,495.84553626583397,0,0,0,637.70001,392.10001,354.35001,206.95,117.65,4,4,1,1,,,,65240,104468.05
1441770300,452,461.54999,443.20001,448.89999,461.8930341369428,491.57775933257636,0,0,0,637.70001,392.10001,354.35001,206.95,117.65,4,4,1,1,,,,86936,102335
1441856700,440.14999,453.70001,436.25,445.29999,458.5744253095542,487.3706893932512,0,0,0,637.70001,392.10001,354.35001,206.95,117.65,4,4,1,1,,,,43906,97878.4
1441943100,452,460,448.89999,452.79999,457.41953824764335,484.22789853931926,0,0,0,637.70001,392.10001,354.35001,206.95,117.65,4,4,1,1,,,,48476,95847.45
1442202300,459,462.04999,451.25,454.75,456.8856305981147,481.54808958119935,0,0,0,637.70001,392.10001,354.35001,206.95,117.65,4,4,1,1,,,,38006,87248.25
1442288700,452.60001,473,452.60001,463.29999,458.16850247849175,479.88917143745397,0,0,0,637.70001,392.10001,354.35001,206.95,117.65,4,4,1,1,,,,75826,81426.05
1442375100,465.20001,474,457,462.35001,459.0048039827934,478.29470221586723,0,0,0,637.70001,392.10001,354.35001,206.95,117.65,4,4,1,1,,,,52831,80059.35
1442547900,466.04999,468.89999,456.04999,464.25,460.05384318623476,477.01791110533384,0,0,0,637.70001,392.10001,354.35001,206.95,117.65,4,4,1,1,,,,51596,78619.8
1442807100,467,467.75,461,464.85001,461.0130765489878,475.9117382775762,0,0,0,637.70001,392.10001,354.35001,206.95,117.65,4,4,1,1,,,,36373,75189.25
1442893500,467.95001,473,453.79999,457.79999,460.3704592391902,474.26521570688743,0,0,0,637.70001,392.10001,354.35001,206.95,117.65,4,4,1,1,,,,33474,67966.05
1442979900,455.04999,467,454.10001,459.60001,460.21636939135215,472.9320151880795,0,0,0,637.70001,392.10001,354.35001,206.95,117.65,4,4,1,1,,,,24723,58892.05
1443066300,459.85001,466.20001,456.75,458.60001,459.8930975130817,471.62910562552685,0,0,0,637.70001,392.10001,354.35001,206.95,117.65,4,4,1,1,,,,31288,56221.2
1443411900,459,465.79999,459,463.39999,460.59447601046537,470.8810042050244,0,0,0,637.70001,392.10001,354.35001,206.95,117.65,4,4,1,1,,,,24060,52966.15
1443498300,459,469.5,454.95001,462.89999,461.0555788083723,470.1554574591131,0,0,0,637.70001,392.10001,354.35001,206.95,117.65,4,4,1,1,,,,31311,49758.9
1443584700,463.95001,488,462,481.25,465.0944630466978,471.1640522355574,0,0,0,637.70001,392.10001,354.35001,206.95,117.65,4,4,1,1,,,,135696,54095
1443671100,483,497,478.25,482.39999,468.55556843735826,472.185501123234,0,0,0,637.70001,392.10001,354.35001,206.95,117.65,4,4,1,1,,,,89581,56137.1
1444016700,487.45001,503.85001,483,497.79999,474.4044527498866,474.5140910211218,0,0,0,637.70001,392.10001,354.35001,206.95,117.65,4,4,1,1,,,,106656,58992.95
1444103100,500,502.39999,484.39999,487.60001,477.04356419990927,475.7037200192017,0,0,0,637.70001,392.10001,354.35001,206.95,117.65,4,4,1,1,,,,63125,59361.55
1444189500,489.89999,492,479,482.95001,478.2248533599274,476.36247365381973,0,0,0,637.70001,392.10001,354.35001,206.95,117.65,4,4,1,1,,,,42742,57416.5
1444275900,482.04999,504.95001,481.5,487.60001,480.09988468794194,477.38406786710885,0,0,0,637.70001,392.10001,354.35001,206.95,117.65,4,4,1,1,,,,92243,58704.45
1444362300,488.39999,529,486.10001,519.29999,487.93990575035355,481.19460624282624,0,0,0,637.70001,392.10001,354.35001,206.95,117.65,4,4,1,1,,,,357374,73311.15
1444621500,523.90002,524.40002,507,514.65002,493.28192860028287,484.2360074934784,0,0,0,637.70001,392.10001,354.35001,206.95,117.65,4,4,1,1,,,,106698,74299.25
1444707900,510,519.70001,505,510.79999,496.7855408802263,486.65091499407123,0,0,0,637.70001,392.10001,354.35001,206.95,117.65,4,4,1,1,,,,78880,76047.95
1444794300,510,521.59998,508.25,516.59998,500.74842870418104,489.3735572673375,0,0,0,637.70001,392.10001,354.35001,206.95,117.65,4,4,1,1,,,,42511,75749.7
1444880700,516.95001,533.75,516.95001,524.54999,505.50874096334485,492.57141478848865,0,0,0,637.70001,392.10001,354.35001,206.95,117.65,4,4,1,1,,,,125981,80148.45
1444967100,522,527.84998,513.5,515.59998,507.52698877067587,494.66492071680784,0,0,0,637.70001,392.10001,354.35001,206.95,117.65,4,4,1,1,,,,60122,79363.25
1445226300,518,524.70001,516,518.75,509.7715910165407,496.8544733789162,0,0,0,637.70001,392.10001,354.35001,206.95,117.65,4,4,1,1,,,,41982,78820.8
1445312700,522.59998,522.95001,510.5,513.20001,510.4572748132326,498.3404312535602,0,0,0,637.70001,392.10001,354.35001,206.95,117.65,4,4,1,1,,,,34064,77944.2
1445399100,517.90002,528.79999,513.29999,517.15002,511.7958238505861,500.0503938668729,0,0,0,637.70001,392.10001,354.35001,206.95,117.65,4,4,1,1,,,,75129,79882
1445571900,519.95001,521.84998,506.20001,509.29999,511.2966570804689,500.8912662426117,0,0,0,637.70001,392.10001,354.35001,206.95,117.65,4,4,1,1,,,,31769,79796.75
1445831100,515.90002,515.90002,498.54999,505.14999,510.0673236643751,501.27842294782886,0,0,0,637.70001,392.10001,354.35001,206.95,117.65,4,4,1,1,,,,34189,80270.05
1445917500,504.04999,509.85001,498.20001,503.10001,508.6738609315001,501.4440217707535,0,0,0,637.70001,392.10001,354.35001,206.95,117.65,4,4,1,1,,,,28314,80121.35
1446003900,501,507.79999,490,501.95001,507.32909074520006,501.490020700685,0,0,0,637.70001,392.10001,354.35001,206.95,117.65,4,4,1,1,,,,37594,80798.05
1446090300,509.85001,509.85001,492.95001,498.60001,505.58327459616004,501.2272924551682,0,0,0,637.70001,392.10001,354.35001,206.95,117.65,4,4,1,1,,,,61754,82320.2
1446176700,495.04999,510.14999,491.5,498.39999,504.14661767692803,500.9702649592438,0,0,0,637.70001,392.10001,354.35001,206.95,117.65,4,4,1,1,,,,50168,78043.8
1446435900,496.04999,502.64999,490.70001,494.45001,502.20729614154243,500.37751450840346,0,0,0,637.70001,392.10001,354.35001,206.95,117.65,4,4,1,1,,,,34971,75313.3
1446522300,491.39999,502.95001,491.39999,498.79999,501.52583491323395,500.2341031894577,0,0,0,637.70001,392.10001,354.35001,206.95,117.65,4,4,1,1,,,,30907,71525.85
1446608700,498.75,539,493.79999,520.29999,505.28066593058713,502.0582747176888,0,0,0,637.70001,392.10001,354.35001,206.95,117.65,4,4,1,1,,,,229189,79829.05
1446695100,519.95001,528,508.04999,511.64999,506.55453074446973,502.93024883426256,0,0,0,637.70001,392.10001,354.35001,206.95,117.65,4,4,1,1,,,,85750,81979.45
1446781500,511.04999,524.79999,498.79999,505.04999,506.2536225955758,503.1229525766023,0,0,0,637.70001,392.10001,354.35001,206.95,117.65,4,4,1,1,,,,36809,79207.75
1447040700,493.5,505.89999,484.10001,499.75,504.95289807646066,502.81632052418394,0,0,0,637.70001,392.10001,354.35001,206.95,117.65,4,4,1,1,,,,53953,64036.7
1447127100,503.95001,508,492.5,494.04999,502.77231646116854,502.0193813856218,0,0,0,637.70001,392.10001,354.35001,206.95,117.65,4,4,1,1,,,,35742,60488.9
1447213500,507,507.95001,500,502.20001,502.6578551689348,502.03580216874707,0,0,0,637.70001,392.10001,354.35001,206.95,117.65,4,4,1,1,,,,22797,57684.75
1447386300,496.10001,498.79999,487.04999,489.20001,499.96628613514787,500.86891197158826,0,0,0,637.70001,392.10001,354.35001,206.95,117.65,4,4,1,1,,,,24280,56773.2
1447645500,490.64999,493.14999,479,481.89999,496.3530269081183,499.14446451962567,0,0,0,637.70001,392.10001,354.35001,206.95,117.65,4,4,1,1,,,,32873,52117.8
1447731900,485.5,503.75,482.5,496.10001,496.30242352649464,498.8676959269324,0,0,0,637.70001,392.10001,354.35001,206.95,117.65,4,4,1,1,,,,141065,56164.95
1447818300,497.95001,505.95001,492.89999,493.79999,495.8019368211957,498.4069953881204,0,0,0,637.70001,392.10001,354.35001,206.95,117.65,4,4,1,1,,,,62385,57185.1
1447904700,500.10001,504.10001,493,495.70001,495.78155145695655,498.16090580738216,0,0,0,637.70001,392.10001,354.35001,206.95,117.65,4,4,1,1,,,,23203,56642.05
1447991100,495,503,491.25,494.39999,495.50523916556523,497.81900437034744,0,0,0,637.70001,392.10001,354.35001,206.95,117.65,4,4,1,1,,,,79324,56851.8
1448250300,497.70001,498.04999,488,494.04999,495.2141893324522,497.47636670031585,0,0,0,637.70001,392.10001,354.35001,206.95,117.65,4,4,1,1,,,,63402,58433.45
1448336700,496,498.89999,484,486.14999,493.40134946596174,496.4466960911962,0,0,0,637.70001,392.10001,354.35001,206.95,117.65,4,4,1,1,,,,49782,59213.1
1448509500,483.29999,493,480.25,485.29999,491.7810775727694,495.4333591738147,0,0,0,637.70001,392.10001,354.35001,206.95,117.65,4,4,1,1,,,,58451,60719.95
1448595900,485.60001,492,480.5,484.35001,490.2948640582155,494.4257819761952,0,0,0,637.70001,392.10001,354.35001,206.95,117.65,4,4,1,1,,,,39749,60827.7
1448855100,482.95001,488.39999,480.54999,484.25,489.08589124657243,493.50071088745017,0,0,0,637.70001,392.10001,354.35001,206.95,117.65,4,4,1,1,,,,19955,58737.75
1448941500,486.95001,497.79999,481.10001,489.39999,489.1487109972579,493.12791807950015,0,0,0,637.70001,392.10001,354.35001,206.95,117.65,4,4,1,1,,,,59070,59182.85
1449027900,492.89999,497,485.10001,494.79999,490.27896679780633,493.27992461772743,0,0,0,637.70001,392.10001,354.35001,206.95,117.65,4,4,1,1,,,,69850,60926.8
1449114300,494.79999,517.70001,488,498.14999,491.85317143824506,493.72265783429765,0,0,0,637.70001,392.10001,354.35001,206.95,117.65,4,4,1,1,,,,234589,71110.9
1449200700,490,494.70001,483,485.10001,490.502539150596,492.9387807584524,0,0,0,637.70001,392.10001,354.35001,206.95,117.65,4,4,1,1,,,,56749,62488.9
1449459900,490.04999,492.89999,481.14999,483.20001,489.04203332047683,492.05343796222945,0,0,0,637.70001,392.10001,354.35001,206.95,117.65,4,4,1,1,,,,43876,60395.2
1449546300,482.95001,494.5,465.25,467.45001,484.7236286563815,489.81676269293587,1,0,0,637.70001,392.10001,354.35001,206.95,117.65,4,4,2,1,1,,,85774,62843.45
1449632700,468.95001,469.04999,442.10001,448.14999,477.4089009251052,486.0288742663053,0,0,0,637.70001,392.10001,354.35001,206.95,117.65,4,4,2,1,,,,86684,64480
1449719100,453,454.70001,437,449.04999,471.73711874008416,482.66715751482303,0,0,0,637.70001,392.10001,354.35001,206.95,117.65,4,4,2,1,,,,53577,65371.75
1449805500,452,457,433,438.20001,465.02969699206733,478.62468955893,0,0,0,637.70001,392.10001,354.35001,206.95,117.65,4,4,2,1,,,,39506,66207.2
1450064700,438.20001,445.5,430.10001,441.64999,460.3537555936539,475.2633532353909,0,0,0,637.70001,392.10001,354.35001,206.95,117.65,4,4,2,1,,,,52896,67638
1450151100,445,446.10001,430.20001,443.5,456.9830044749231,472.3757756685372,0,0,0,637.70001,392.10001,354.35001,206.95,117.65,4,4,2,1,,,,26305,67309.6
1450237500,448.5,458,443.10001,444.79999,454.5464015799385,469.86888606230656,0,0,0,637.70001,392.10001,354.35001,206.95,117.65,4,4,2,1,,,,36648,62088.75
1450323900,451.95001,472.20001,444,467.54999,457.1471192639508,469.6580773293696,0,0,0,637.70001,392.10001,354.35001,206.95,117.65,4,4,2,1,,,,105275,64233.25
1450410300,467.95001,476.79999,460.54999,462.39999,458.1976934111606,468.9982512085178,0,0,0,637.70001,392.10001,354.35001,206.95,117.65,4,4,2,1,,,,37188,64932.5
1450669500,458,469.75,458,461.85001,458.9281567289285,468.34841109865255,0,0,0,637.70001,392.10001,354.35001,206.95,117.65,4,4,2,1,,,,16998,61816.2
1450755900,463,484.70001,462.10001,471.04999,461.3525233831428,468.5940091805932,0,0,0,637.70001,392.10001,354.35001,206.95,117.65,4,4,2,1,,,,62285,61760.35
1450842300,475.79999,482,471,473.20001,463.72202070651423,469.012736527812,0,0,0,637.70001,392.10001,354.35001,206.95,117.65,4,4,2,1,,,,28596,60701.05
1450928700,475,479.29999,468.89999,471.25,465.2276165652114,469.21612411619276,0,0,0,637.70001,392.10001,354.35001,206.95,117.65,4,4,2,1,,,,25146,59035.8
1451274300,471.25,481.54999,471.25,475.79999,467.3420912521691,469.814657378357,0,0,0,637.70001,392.10001,354.35001,206.95,117.65,4,4,2,1,,,,26891,58392.9
1451360700,478.5,489,475,485.14999,470.9036710017353,471.2087785257791,0,0,0,637.70001,392.10001,354.35001,206.95,117.65,4,4,2,1,,,,77108,61250.55
1451447100,486,499,486,491.20001,474.96293880138825,473.02616320525374,0,0,0,637.70001,392.10001,354.35001,206.95,117.65,4,4,2,1,,,,85895,62591.8
1451533500,495.79999,501.70001,487,498,479.5703510411106,475.2965120047761,0,0,0,637.70001,392.10001,354.35001,206.95,117.65,4,4,2,1,,,,42814,61240
1451619900,500.95001,506.39999,488.10001,492.75,482.20628083288847,476.88319273161466,0,0,0,637.70001,392.10001,354.35001,206.95,117.65,4,4,2,1,,,,28281,50924.6
1451879100,492.70001,497,479,482.95001,482.3550266663108,477.4347215741951,0,0,0,637.70001,392.10001,354.35001,206.95,117.65,4,4,2,1,,,,26667,49420.5
1451965500,486.95001,496.45001,482,492.25,484.3340213330486,478.7815650674501,0,0,0,637.70001,392.10001,354.35001,206.95,117.65,4,4,2,1,,,,47581,49605.75
1452051900,494.60001,497.75,482,489.45001,485.3572190664389,479.7514236976819,0,0,0,637.70001,392.10001,354.35001,206.95,117.65,4,4,2,1,,,,33777,47005.9
1452138300,488,488,467,469,482.08577525315116,478.7740215433472,0,0,0,637.70001,392.10001,354.35001,206.95,117.65,4,4,2,1,,,,30524,44197.9
1452224700,468,484.89999,468,471.29999,479.9286182025209,478.09456413031563,0,0,0,637.70001,392.10001,354.35001,206.95,117.65,4,4,2,1,,,,35574,43297.75
1452483900,466.54999,473,461,466.95001,477.33289656201674,477.0814228457415,0,0,0,637.70001,392.10001,354.35001,206.95,117.65,4,4,2,1,,,,17417,42193.3
1452570300,470,475,460.25,461.85001,474.2363192496134,475.6967489506741,0,0,0,637.70001,392.10001,354.35001,206.95,117.65,4,4,2,1,,,,20110,40554
1452656700,466.70001,469.95001,431.10001,444.35001,468.25905739969073,472.8470454097037,0,0,0,637.70001,392.10001,354.35001,206.95,117.65,4,4,2,1,,,,31257,40801.6
1452743100,438.95001,449.89999,430.29999,441.25,462.8572459197526,469.9745867360943,0,0,0,637.70001,392.10001,354.35001,206.95,117.65,4,4,2,1,,,,14596,39699
1452829500,445.79999,497,416.5,425.29999,455.3457947358021,465.91325976008574,1,0,0,637.70001,392.10001,354.35001,206.95,117.65,4,4,2,2,1,,,58942,37382.35
1453088700,420.04999,422.60001,401,410.10001,446.29663778864165,460.8393279637143,0,0,0,637.70001,392.10001,354.35001,206.95,117.65,4,4,2,2,,,,83686,39707.25
1453175100,414,419.70001,407.10001,414.20001,439.87731223091333,456.599389967013,0,0,0,637.70001,392.10001,354.35001,206.95,117.65,4,4,2,2,,,,55141,41614.4
1453261500,412,412,391,396.20001,431.14185178473065,451.1085372427391,0,0,0,637.70001,392.10001,354.35001,206.95,117.65,4,4,2,2,,,,72888,42144.55
1453347900,404,412.85001,386,395,423.9134814277845,446.0077611297628,0,0,0,637.70001,392.10001,354.35001,206.95,117.65,4,4,2,2,,,,32309,42330.2
1453434300,400.14999,409.95001,397,403.5,419.8307851422276,442.1434192088753,0,0,0,637.70001,392.10001,354.35001,206.95,117.65,4,4,2,2,,,,19773,42061.55
1453693500,409.54999,411,401,403.60001,416.5846301137821,438.63947291715937,0,0,0,637.70001,392.10001,354.35001,206.95,117.65,4,4,2,2,,,,11653,41299.65
1453866300,408.79999,414,404.14999,406.25,414.5177040910257,435.6949753792358,0,0,0,637.70001,392.10001,354.35001,206.95,117.65,4,4,2,2,,,,6865,37787.5
1453952700,408.35001,409.89999,400.10001,401.85001,411.9841652728205,432.6181603447598,0,0,0,637.70001,392.10001,354.35001,206.95,117.65,4,4,2,2,,,,7010,33843.25
1454039100,404.95001,414,401,407.04999,410.9973302182564,430.2937812225089,0,0,0,637.70001,392.10001,354.35001,206.95,117.65,4,4,2,2,,,,13564,32380.75
1454298300,410,427.39999,408.5,418.70001,412.53786617460514,429.23980202046266,0,0,0,637.70001,392.10001,354.35001,206.95,117.65,4,4,2,2,,,,28288,32381.1
1454384700,415.29999,433.89999,415.29999,417.54999,413.5402909396841,428.17709183678426,0,0,0,637.70001,392.10001,354.35001,206.95,117.65,4,4,2,2,,,,30259,32560.7
1454471100,412,416,405.20001,406.60001,412.1522347517473,426.21553894253117,0,0,0,637.70001,392.10001,354.35001,206.95,117.65,4,4,2,2,,,,15352,30949.25
1454557500,410.10001,418,402,408.45001,411.41178980139784,424.60049085684653,0,0,0,637.70001,392.10001,354.35001,206.95,117.65,4,4,2,2,,,,11913,29856.05
1454643900,409.85001,413,402.35001,407.79999,410.6894298411183,423.07317259713324,0,0,0,637.70001,392.10001,354.35001,206.95,117.65,4,4,2,2,,,,5941,28626.9
1454903100,409.25,421.29999,398.75,402.45001,409.04154587289463,421.1983396337575,0,0,0,637.70001,392.10001,354.35001,206.95,117.65,4,4,2,2,,,,27202,28208.3
1454989500,395.04999,402.04999,389,391.45001,405.5232386983157,418.4939460306886,0,0,0,637.70001,392.10001,354.35001,206.95,117.65,4,4,2,2,,,,13174,27996.15
1455075900,399,400,368.95001,375.04999,399.42858895865254,414.5444954824442,0,1,0,637.70001,392.10001,354.35001,206.95,117.65,4,4,3,2,,1,,41028,29042.05
1455162300,377,377,330.5,335.85001,386.712873166922,407.3904513476765,0,0,0,637.70001,392.10001,354.35001,206.95,117.65,4,4,3,2,,,,52947,30126.55
1455248700,339.79999,344,310,320.70001,373.5103005335376,399.50950213425136,0,1,0,637.70001,392.10001,354.35001,206.95,117.65,4,4,3,3,,1,,24952,30644.35
1455507900,324.04999,359.20001,324.04999,347.95001,368.39824242683005,394.8222755765922,0,0,0,637.70001,392.10001,354.35001,206.95,117.65,4,4,3,3,,,,30576,29226.05
1455594300,349,357.89999,329.70001,331.64999,361.04859194146405,389.0793405241747,0,0,0,637.70001,392.10001,354.35001,206.95,117.65,4,4,3,3,,,,11831,25633.3
1455680700,331,337.79999,318,333.20001,355.47887555317124,383.9994013856134,0,0,0,637.70001,392.10001,354.35001,206.95,117.65,4,4,3,3,,,,15969,23674.7
1455767100,330.5,344.70001,330.5,340.39999,352.463098442537,380.0358185323758,0,0,0,637.70001,392.10001,354.35001,206.95,117.65,4,4,3,3,,,,10578,20559.2
1455853500,340,355.39999,332,352.70001,352.5104807540296,377.55074502943256,0,0,0,637.70001,392.10001,354.35001,206.95,117.65,4,4,3,3,,,,15187,19703.1
1456112700,351,367.85001,345.70001,361.5,354.30838460322366,376.0915863903932,0,0,0,637.70001,392.10001,354.35001,206.95,117.65,4,4,3,3,,,,35196,20474.25
1456199100,364.39999,364.70001,343,346.10001,352.6667096825789,373.365079445812,0,0,0,637.70001,392.10001,354.35001,206.95,117.65,4,4,3,3,,,,13102,20546.7
1456285500,340,342.89999,333.10001,337.14999,349.56336574606314,370.07279858710183,0,0,0,637.70001,392.10001,354.35001,206.95,117.65,4,4,3,3,,,,17810,21093.95
1456371900,339,347.70001,325,328.64999,345.3806905968505,366.30708871554714,0,0,0,637.70001,392.10001,354.35001,206.95,117.65,4,4,3,3,,,,15152,21501.05
1456458300,330.14999,338.60001,325.45001,335.54999,343.4145504774804,363.5109888323156,0,0,0,637.70001,392.10001,354.35001,206.95,117.65,4,4,3,3,,,,7407,21193.2
1456717500,335.79999,342,327.20001,330.20001,340.77164238198435,360.48271802937785,0,0,0,637.70001,392.10001,354.35001,206.95,117.65,4,4,3,3,,,,10876,20322.6
1456803900,334,349,327.29999,343,341.2173139055875,358.8933800267071,0,0,0,637.70001,392.10001,354.35001,206.95,117.65,4,4,3,3,,,,18972,19758.25
1456890300,348,358,345,349.54999,342.88384912447,358.0439809333701,0,0,0,637.70001,392.10001,354.35001,206.95,117.65,4,4,3,3,,,,23845,20182.9
1456976700,354.75,359.95001,350.14999,354.25,345.15707929957597,357.69907357579103,0,0,0,637.70001,392.10001,354.35001,206.95,117.65,4,4,3,3,,,,97723,24473.4
1457063100,359.89999,379.89999,356,373.20001,350.7656654396608,359.1082496143555,0,0,0,637.70001,392.10001,354.35001,206.95,117.65,4,4,3,3,,,,41968,26274.75
1457408700,373,375,358,360.89999,352.7925303517286,359.2711351039595,0,0,0,637.70001,392.10001,354.35001,206.95,117.65,4,4,3,3,,,,30607,26445
1457495100,358,368.04999,356.5,366.75,355.5840242813829,359.9510319126905,0,0,0,637.70001,392.10001,354.35001,206.95,117.65,4,4,3,3,,,,20740,26823.3
1457581500,366.75,374.85001,364,365.89999,357.6472174251063,360.4918462842641,0,0,0,637.70001,392.10001,354.35001,206.95,117.65,4,4,3,3,,,,10324,25288.1
1457667900,360.89999,375,360.89999,367.39999,359.59777194008507,361.119859349331,0,0,0,637.70001,392.10001,354.35001,206.95,117.65,4,4,3,3,,,,9385,23110
1457927100,380,394.89999,377,384.35001,364.5482195520681,363.23169122666457,0,0,0,637.70001,392.10001,354.35001,206.95,117.65,4,4,3,3,,,,96112,26668
1458013500,380,392,367.5,368.64999,365.36857364165445,363.7242638424223,0,0,0,637.70001,392.10001,354.35001,206.95,117.65,4,4,3,3,,,,58283,28053.35
1458099900,371.95001,375,357.20001,366.04999,365.5048569133236,363.9356934931112,0,0,0,637.70001,392.10001,354.35001,206.95,117.65,4,4,3,3,,,,24103,28666.95
1458186300,373.79999,378.39999,361,365.54999,365.51388353065886,364.08244772101017,0,0,0,637.70001,392.10001,354.35001,206.95,117.65,4,4,3,3,,,,18418,28789.4
1458272700,364.5,369.89999,358,361.95001,364.8011088245271,363.8885897463729,0,0,0,637.70001,392.10001,354.35001,206.95,117.65,4,4,3,3,,,,17788,29149.9
1458531900,364.85001,382.5,361.95001,369,365.64088705962166,364.35326340579354,0,0,0,637.70001,392.10001,354.35001,206.95,117.65,4,4,3,3,,,,54166,31098.85
1458618300,372.5,377.85001,368,372.25,366.96270964769735,365.0711485507214,0,0,0,637.70001,392.10001,354.35001,206.95,117.65,4,4,3,3,,,,26364,30657.25
1458704700,372.5,386.10001,366.5,383.10001,370.1901697181579,366.7101359552012,0,0,0,637.70001,392.10001,354.35001,206.95,117.65,4,4,3,3,,,,104442,35224.25
1459136700,386.35001,386.35001,367.70001,370,370.1521357745263,367.0092145047284,0,0,0,637.70001,392.10001,354.35001,206.95,117.65,4,4,3,3,,,,23578,35512.65
1459223100,372.64999,376,360,362.95001,368.71171061962104,366.64019591338945,0,0,0,637.70001,392.10001,354.35001,206.95,117.65,4,4,3,3,,,,28531,36181.6
1459309500,369.89999,381.25,366.20001,372.60001,369.48937049569685,367.1819971939904,0,0,0,637.70001,392.10001,354.35001,206.95,117.65,4,4,3,3,,,,42630,37942.75
1459395900,375.29999,377.95001,364,366.79999,368.95149439655745,367.147269267264,0,0,0,637.70001,392.10001,354.35001,206.95,117.65,4,4,3,3,,,,34660,39131.95
1459482300,366,382.29999,364.20001,376.10001,370.38119751724594,367.9611547884218,0,0,0,637.70001,392.10001,354.35001,206.95,117.65,4,4,3,3,,,,34033,39885
1459741500,378.89999,391,373,383.35001,372.97496001379676,369.360141625838,0,0,0,637.70001,392.10001,354.35001,206.95,117.65,4,4,3,3,,,,32696,40327.55
1459827900,381.39999,394,381.39999,385.25,375.42996801103743,370.8046742053073,0,0,0,637.70001,392.10001,354.35001,206.95,117.65,4,4,3,3,,,,26997,36791.25
1459914300,387,387,380,384,377.14397440882993,372.0042492775521,0,0,0,637.70001,392.10001,354.35001,206.95,117.65,4,4,3,3,,,,15028,35444.25
1460000700,384.25,387,375.29999,379,377.51517952706394,372.64022661595646,0,0,0,637.70001,392.10001,354.35001,206.95,117.65,4,4,3,3,,,,15952,34711.5
1460087100,381,387,374.04999,379.5,377.9121436216511,373.2638423781422,0,0,0,637.70001,392.10001,354.35001,206.95,117.65,4,4,3,3,,,,12932,34321.1
1460346300,383.5,383.5,374.10001,377.79999,377.8897128973209,373.67621943467475,0,0,0,637.70001,392.10001,354.35001,206.95,117.65,4,4,3,3,,,,14696,34539.7
1460432700,376.04999,394.79999,376.04999,392.25,380.76177031785676,375.36474494061343,0,0,0,637.70001,392.10001,354.35001,206.95,117.65,4,4,3,3,,,,67805,37460.7
1460519100,396.75,425.5,392,409.75,386.5594162542854,378.4906772187395,0,0,0,637.70001,392.10001,354.35001,206.95,117.65,4,4,3,3,,,,166772,40993.7
1460951100,413,419.39999,400,413.04999,391.85753100342833,381.6324329261268,0,0,0,637.70001,392.10001,354.35001,206.95,117.65,4,4,3,3,,,,52089,40684
1461123900,413.5,416.85001,406,412,395.88602480274267,384.39312084193347,0,0,0,637.70001,392.10001,354.35001,206.95,117.65,4,4,3,3,,,,27118,40834.75
1461210300,414.95001,417,400,402.14999,397.13881784219416,386.007381674485,0,0,0,637.70001,392.10001,354.35001,206.95,117.65,4,4,3,3,,,,29149,41371.3
1461296700,405.89999,409.04999,400.5,401.45001,398.00105627375535,387.4112569768045,0,0,0,637.70001,392.10001,354.35001,206.95,117.65,4,4,3,3,,,,11889,41076.35
1461555900,406,406,395,397.20001,397.8408470190043,388.3011436152768,0,0,0,425.5,310,,,,1,1,1,1,,,,9591,38847.6
1461642300,400,407.5,390,400.04999,398.2826756152034,389.3692205593426,0,0,0,425.5,310,,,,1,1,1,1,,,,17948,38426.8
1461728700,400,411.85001,399,405.39999,399.7061384921627,390.826563235766,0,0,0,425.5,310,,,,1,1,1,1,,,,30368,34723.1
1461815100,404,423.89999,403.64999,405.60001,400.88491279373017,392.1696038506964,0,0,0,425.5,310,,,,1,1,1,1,,,,51264,36107.4
1461901500,404.29999,412,399.04999,403.20001,401.3479322349841,393.1723680460876,0,0,0,425.5,310,,,,1,1,1,1,,,,15608,35461.25
1462160700,401,416.64999,399.5,403.64999,401.80834378798727,394.12487913280694,0,0,0,425.5,310,,,,1,1,1,1,,,,48272,35743.35
1462247100,404.5,415,400.10001,403.25,402.0966750303898,394.95443557527904,0,0,0,425.5,310,,,,1,1,1,1,,,,30882,35554.45
1462333500,399,406.5,390.29999,392.85001,400.2473420243118,394.76312415934456,0,0,0,425.5,310,,,,1,1,1,1,,,,19717,34838.65
1462419900,395,398.75,386.20001,388.14999,397.82787161944947,394.1619301448587,0,0,0,425.5,310,,,,1,1,1,1,,,,22445,34326.1
1462506300,390,396.54999,385,391.20001,396.50229929555957,393.89266467714424,0,0,0,425.5,310,,,,1,1,1,1,,,,9004,33426.45
1462765500,392.5,401,391,397.45001,396.69184143644765,394.2160597064948,0,0,0,425.5,310,,,,1,1,1,1,,,,26709,34010.5
1462851900,401.95001,402.5,394.79999,395.85001,396.5234751491581,394.364600642268,0,0,0,425.5,310,,,,1,1,1,1,,,,12341,33829.95
1462938300,388,403.79999,388,396.64999,396.54877811932647,394.57236331115274,0,0,0,425.5,310,,,,1,1,1,1,,,,21751,34270.9
1463024700,397,417.79999,397,415,400.2390224954612,396.42942119195703,0,0,0,425.5,310,,,,1,1,1,1,,,,80274,37549.8
1463111100,414,419.39999,408.29999,415.10001,403.211219996369,398.12674744723364,0,0,0,425.5,310,,,,1,1,1,1,,,,32739,35796.5
1463370300,418.95001,419.29999,408.25,415.85001,405.73897799709516,399.73795313384875,0,0,0,425.5,310,,,,1,1,1,1,,,,13411,28128.45
1463456700,416.5,437.39999,414,422.29999,409.05118039767615,401.78904739440793,0,0,0,425.5,310,,,,1,1,1,1,,,,136807,32364.35
1463543100,424.89999,426.14999,414.60001,417.89999,410.8209423181409,403.25367854037086,0,0,0,425.5,310,,,,1,1,1,1,,,,17428,31879.85
1463629500,419.5,422,410,413.95001,411.44675585451273,404.22607230942805,0,0,0,425.5,310,,,,1,1,1,1,,,,23538,31599.3
1463715900,413.95001,419,399.54999,407.95001,410.74740668361017,404.56461209948003,0,0,0,425.5,310,,,,1,1,1,1,,,,37018,32855.75
1463975100,403.54999,403.54999,355.54999,365.35001,401.6679273468881,400.99964827225455,1,0,0,425.5,310,,,,2,1,1,1,1,,,78345,36293.45
1464061500,361,375,352.79999,356.45001,392.6243438775105,396.94968115659503,0,0,0,437.39999,310,,,,1,1,1,1,,,,58701,38331.1
1464147900,363.04999,374,362.14999,367.35001,387.5694771020084,394.25880196054095,0,0,0,437.39999,310,,,,1,1,1,1,,,,29942,38309.8
1464234300,369.70001,371.39999,365,366.85001,383.4255836816067,391.76709360049176,0,0,0,437.39999,310,,,,1,1,1,1,,,,16230,36558.1
1464320700,369,379.70001,363,376.20001,381.9804689452854,390.35190418226523,0,0,0,437.39999,310,,,,1,1,1,1,,,,39887,37772.05
1464579900,370.04999,388,366.79999,375.25,380.6343751562283,388.9790038020593,0,0,0,437.39999,310,,,,1,1,1,1,,,,37532,37235.05
1464666300,377,379.95001,374.10001,375.35001,379.57750212498263,387.74000436550847,0,0,0,437.39999,310,,,,1,1,1,1,,,,14244,36403.15
1464752700,378.95001,387.89999,376,381.10001,379.8820036999861,387.1363685140986,0,0,0,437.39999,310,,,,1,1,1,1,,,,18745,36354.55
1464839100,380.10001,385.5,376.60001,380.64999,380.03560095998887,386.54669774008966,0,0,0,437.39999,310,,,,1,1,1,1,,,,27847,36624.65
1464925500,383.25,384.79999,380,380.60001,380.1484827679911,386.00608976371785,0,0,0,437.39999,310,,,,1,1,1,1,,,,5877,36468.3
1465184700,382.29999,384,378,380.70001,380.2587882143929,385.5237188761071,0,0,0,437.39999,310,,,,1,1,1,1,,,,21087,36187.2
1465271100,380,388,378.39999,383,380.8070305715143,385.2942898873701,0,0,0,437.39999,310,,,,1,1,1,1,,,,13404,36240.35
1465357500,383.95001,399.70001,380,395.64999,383.77562245721145,386.23571717033644,0,0,0,437.39999,310,,,,1,1,1,1,,,,46218,37463.7
1465443900,401.5,407.95001,392.35001,396.75,386.3704979657692,387.19156106394223,0,0,0,437.39999,310,,,,1,1,1,1,,,,28201,34860.05
1465530300,395.04999,413.60001,395.04999,399.35001,388.96640037261534,388.29687460358383,0,0,0,437.39999,310,,,,1,1,1,1,,,,45809,35513.55
1465789500,393,423.89999,390.45001,412.79999,393.7331182980923,390.5244305487126,0,0,0,437.39999,310,,,,1,1,1,1,,,,117347,40710.35
1465875900,413,417.29999,402,403.79999,395.7464926384738,391.73129958973874,0,0,0,437.39999,310,,,,1,1,1,1,,,,34418,35590.9
1465962300,403,415,403,408.10001,398.217196110779,393.21936417248975,0,0,0,437.39999,310,,,,1,1,1,1,,,,29267,36182.85
1466048700,405.54999,408.20001,396.60001,404.25,399.4237568886232,394.22214924771794,0,0,0,437.39999,310,,,,1,1,1,1,,,,31810,36596.45
1466135100,408.45001,412.35001,405,406.20001,400.77900751089857,395.3110456797436,0,0,0,437.39999,310,,,,1,1,1,1,,,,15139,35502.5
1466394300,404.54999,411.70001,398.20001,404.10001,401.44320800871884,396.1100424361305,0,0,0,437.39999,310,,,,1,1,1,1,,,,16153,32392.9
1466480700,400.35001,409.5,396.60001,397.45001,400.64456840697505,396.23185766920955,0,0,0,437.39999,310,,,,1,1,1,1,,,,14403,30178
1466567100,400,411.39999,396.60001,403.64999,401.24565272558004,396.906233335645,0,0,0,437.39999,310,,,,1,1,1,1,,,,79399,32650.85
1466653500,402.25,405.04999,394,396.60001,400.31652418046406,396.8783948505864,0,0,0,437.39999,310,,,,1,1,1,1,,,,10106,32344.65
1466739900,389,390,376.5,387.5,397.75321934437125,396.0258135005331,0,0,0,437.39999,310,,,,1,1,1,1,,,,27953,31747.95
1466999100,387.5,398.95001,384.25,396.25,397.452575475497,396.0461940913937,0,0,0,437.39999,310,,,,1,1,1,1,,,,11825,30462.6
1467085500,395.5,416,395.5,402,398.36206038039757,396.5874491739943,0,0,0,437.39999,310,,,,1,1,1,1,,,,67146,33107.7
1467171900,404.45001,409.89999,399,400.5,398.78964830431806,396.9431356127221,0,0,0,437.39999,310,,,,1,1,1,1,,,,23379,33339.4
1467258300,403.79999,410.89999,401.89999,404.64999,399.96171664345445,397.64375873883824,0,0,0,437.39999,310,,,,1,1,1,1,,,,18287,32861.4
1467344700,404,427.75,400.14999,423,404.56937331476354,399.94887158076205,0,0,0,437.39999,310,,,,1,1,1,1,,,,173649,41250
1467603900,426,426.60001,412.60001,414.95001,406.64550065181083,401.31261143705643,0,0,0,437.39999,310,,,,1,1,1,1,,,,46779,42534.6
1467690300,416.64999,420.70001,405.60001,406.75,406.6664005214487,401.8069194882331,0,0,0,437.39999,310,,,,1,1,1,1,,,,27406,43234.7
1467863100,410.89999,421.29999,405.29999,412.60001,407.85312241715894,402.7881095347574,0,0,0,437.39999,310,,,,1,1,1,1,,,,66833,44265.45
1467949500,416.5,416.5,402.20001,404.5,407.1824979337272,402.94373594068855,0,0,0,437.39999,310,,,,1,1,1,1,,,,22234,43967.1
1468208700,409.95001,416,409,410.79999,407.90599634698174,403.65794085517143,0,0,0,437.39999,310,,,,1,1,1,1,,,,21275,42740.4
1468295100,413.95001,421.79999,411,413.10001,408.9447990775854,404.5163107774286,0,0,0,437.39999,310,,,,1,1,1,1,,,,32720,38509.05
1468381500,413.70001,416,405,405.89999,408.3358372620683,404.64209979766235,0,0,0,437.39999,310,,,,1,1,1,1,,,,15785,37577.4
1468467900,405.89999,412.60001,405.89999,408.20001,408.30867180965464,404.96554617969304,0,0,0,437.39999,310,,,,1,1,1,1,,,,18874,37057.75
1468554300,409.64999,411.70001,401.60001,404.79999,407.6069354477237,404.95049561790273,0,0,0,437.39999,310,,,,1,1,1,1,,,,12323,36083.4
1468813500,404.79999,406.79999,392.5,394.54999,404.99554635817896,404.0049951071843,0,0,0,437.39999,310,,,,1,1,1,1,,,,13460,35999.45
1468899900,391,407.64999,390.60001,399.70001,403.93643908654315,403.613632824713,0,0,0,437.39999,310,,,,1,1,1,1,,,,36102,36996.9
1468986300,402,405.5,399,402.14999,403.5791492692345,403.4805743861028,0,0,0,437.39999,310,,,,1,1,1,1,,,,13804,36966.95
1469072700,403.70001,407.75,400,400.89999,403.0433174153876,403.24597580554797,0,0,0,437.39999,310,,,,1,1,1,1,,,,15860,33790
1469159100,401,407,399.04999,403.20001,403.07465593231007,403.2417970959527,0,0,0,437.39999,310,,,,1,1,1,1,,,,18847,34227.05
1469418300,404.45001,413.70001,399,405.89999,403.6397227458481,403.48345099632064,0,0,0,437.39999,310,,,,1,1,1,1,,,,33040,34481.4
1469504700,406,409,398,400.10001,402.93178019667846,403.1758654512006,0,0,0,437.39999,310,,,,1,1,1,1,,,,16241,34702.2
1469591100,403,406.89999,397.79999,402,402.74542415734277,403.06896859200054,0,0,0,437.39999,310,,,,1,1,1,1,,,,21323,32411.05
1469677500,404.14999,420,403.20001,413.89999,404.9763373258742,404.0536069018187,0,0,0,437.39999,310,,,,1,1,1,1,,,,58577,34170.95
1469763900,416.39999,417.5,407,408.14999,405.6110678606994,404.4260053652897,0,0,0,437.39999,310,,,,1,1,1,1,,,,26419,34577.55
1470023100,408.14999,420,404.39999,407.35001,405.9588562885595,404.6918239684452,0,0,0,437.39999,310,,,,1,1,1,1,,,,30325,27411.35
1470109500,405.04999,412.60001,399.14999,400.45001,404.8570870308476,404.30620451676833,0,0,0,437.39999,310,,,,1,1,1,1,,,,26137,26379.25
1470195900,397.5,401.79999,395.95001,397.95001,403.47567162467806,403.7283686516076,0,0,0,437.39999,310,,,,1,1,1,1,,,,10097,25513.8
1470282300,399,403.79999,396.14999,399.70001,402.7205392997424,403.36215422873414,0,0,0,437.39999,310,,,,1,1,1,1,,,,9233,22633.8
1470368700,400.25,411.89999,400.25,404.29999,403.03642943979395,403.4474120261219,0,0,0,437.39999,310,,,,1,1,1,1,,,,22355,22639.85
1470627900,398.60001,485.14999,395,485.14999,419.45914155183516,410.8749191146563,0,0,0,437.39999,310,,,,1,1,1,1,,,,1242931,83722.65
1470714300,504,517.34998,475.04999,483.04999,432.17731124146815,417.4362891951421,0,0,0,437.39999,310,,,,1,1,1,1,,,,1070616,135617.45
1470800700,479.20001,480,446.20001,449.14999,435.5718469931745,420.31935290467464,0,0,0,437.39999,310,,,,1,1,1,1,,,,328109,151233.65
1470887100,449.14999,511,445.54999,487.14999,445.88747559453964,426.39486536788604,0,0,0,437.39999,310,,,,1,1,1,1,,,,1289886,214784.25
1470973500,479,489.95001,468.64999,472.39999,451.18997847563173,430.57714942535097,0,0,0,437.39999,310,,,,1,1,1,1,,,,208609,224598.55
1471319100,474.79999,510.95001,472.5,491.20001,459.1919847805054,436.0883185685009,0,0,0,437.39999,310,,,,1,1,1,1,,,,311976,239524.35
1471405500,492.75,511,488.60001,502.29999,467.8135858244043,442.10756142590986,0,0,0,517.34998,310,,,,1,1,1,1,,,,240230,249730.75
1471491900,503.29999,513.70001,500,504.14999,475.08086665952345,447.74778220537263,0,0,0,517.34998,310,,,,1,1,1,1,,,,163130,257197.05
1471578300,506,512.40002,489.04999,493.39999,478.74469132761874,451.8979829139751,0,0,0,517.34998,310,,,,1,1,1,1,,,,97158,261261.95
1471837500,487,507.04999,487,497.25,482.445753062095,456.0208935581592,0,0,0,517.34998,310,,,,1,1,1,1,,,,85488,264594
1471923900,499.29999,505.29999,487.5,493.20001,484.59660444967597,459.40081323469013,0,0,0,517.34998,310,,,,1,1,1,1,,,,51428,265513.4
1472010300,495.75,528,493.85001,508.10001,489.29728555974077,463.8280129406274,0,0,0,517.34998,310,,,,1,1,1,1,,,,522270,290814.85
1472096700,511.25,518.09998,498.10001,501.89999,491.81782644779264,467.2891017642067,0,0,0,517.34998,310,,,,1,1,1,1,,,,192335,299365.45
1472183100,501,505.35001,488.5,492.10001,491.8742631582341,469.5446388765515,0,0,0,517.34998,310,,,,1,1,1,1,,,,55456,299209.4
1472442300,491,497,479.10001,483.10001,490.11941252658727,470.77694534231955,0,0,0,517.34998,310,,,,1,1,1,1,,,,54096,300593.25
1472528700,486.35001,500,482.60001,491.29999,490.35552802126983,472.64267667483597,0,0,0,517.34998,310,,,,1,1,1,1,,,,74301,302792.05
1472615100,494,509.5,490.20001,502.10001,492.70442441701584,475.3206160680327,0,0,0,528,310,,,,1,1,1,1,,,,118640,307417.2
1472701500,505,508.70001,488.35001,493.29999,492.8235375336127,476.9551046073024,0,0,0,528,310,,,,1,1,1,1,,,,56925,309758.6
1472787900,495,503.70001,488,498,493.85883002689013,478.8682769157295,0,0,0,528,310,,,,1,1,1,1,,,,63387,312466.3
1473133500,495,518,495,509.39999,496.9670620215121,481.6438871961177,0,0,0,528,310,,,,1,1,1,1,,,,173512,320024.15
1473219900,510.5,598,507,587.15002,515.0036536172097,491.23535381465246,0,0,0,528,310,,,,1,1,1,1,,,,1067882,311271.7
1473306300,583.79999,607.79999,569.65002,581.70001,528.3429248937678,499.4594134678659,0,0,0,528,310,,,,1,1,1,1,,,,376702,276576
1473392700,582,588.84998,560,563.04999,535.2843379150142,505.2403749707872,0,0,0,528,310,,,,1,1,1,1,,,,133881,266864.6
1473651900,555,558,528.95001,534.29999,535.0874683320114,507.88215815526104,0,0,0,528,310,,,,1,1,1,1,,,,121450,208442.8
1473824700,537.40002,613.70001,532.04999,582.75,544.6199746656091,514.6883255956918,0,0,0,528,310,,,,1,1,1,1,,,,801728,238098.75
1473911100,586,591.65002,555,559.79999,547.6559777324873,518.7893859960835,0,0,0,528,310,,,,1,1,1,1,,,,220349,233517.4
1473997500,564,577,543.79999,551.20001,548.3647841859898,521.7358063600759,0,0,0,528,310,,,,1,1,1,1,,,,154602,229236
1474256700,556,596.5,555.29999,571.20001,552.9318293487919,526.2325521455235,0,0,0,528,310,,,,1,1,1,1,,,,375884,239873.7
1474343100,573.70001,575.90002,555.04999,561.75,554.6954634790335,529.4614110413851,0,0,0,528,310,,,,1,1,1,1,,,,103168,240174.2
1474429500,559.15002,586,554,577.40002,559.2363747832268,533.8194664012592,0,0,0,613.70001,310,,,,1,1,1,1,,,,238280,247813.8
1474515900,573.20001,585.90002,565.5,577.54999,562.8990978265814,537.7949685465993,0,0,0,613.70001,310,,,,1,1,1,1,,,,240307,257257.75
1474602300,584.04999,635.59998,584.04999,608.15002,571.9492822612651,544.1908823150903,0,0,0,613.70001,310,,,,1,1,1,1,,,,1236092,292948.85
1474861500,609,624,590.5,608.04999,579.1694238090121,549.9962557409912,0,0,0,613.70001,310,,,,1,1,1,1,,,,345930,300628.6
1474947900,614.90002,625.95001,603,607.34998,584.8055350472097,555.2102306736283,0,0,0,613.70001,310,,,,1,1,1,1,,,,192225,307467.05
1475034300,609,619.90002,601.54999,614.34998,590.7144240377677,560.5865715214803,0,0,0,613.70001,310,,,,1,1,1,1,,,,154446,312484.55
1475120700,618.95001,623,511.5,558.09998,584.1915352302142,560.3605177468003,0,0,0,613.70001,310,,,,1,1,1,1,,,,217616,319650.3
1475207100,564.90002,581.75,560.04999,570.84998,581.5232241841713,561.3141052243639,0,0,0,635.59998,310,,,,1,1,1,1,,,,192538,323345.2
1475466300,575.04999,614.90002,574,602.79999,585.7785773473371,565.0855492948763,0,0,0,635.59998,310,,,,1,1,1,1,,,,266349,333816.4
1475552700,607.70001,620,603.04999,614.45001,591.5128638778697,569.5732275407967,0,0,0,635.59998,310,,,,1,1,1,1,,,,231420,342218.05
1475639100,617.95001,674,616,655.95001,604.4002931022958,577.4256623098152,0,0,0,635.59998,310,,,,1,1,1,1,,,,1276719,397378.4
1475725500,656.34998,661.79999,622.09998,630.79999,609.6802324818366,582.2778739180138,0,0,0,635.59998,310,,,,1,1,1,1,,,,283880,358178.3
1475811900,635,657,620,649.95001,617.7341879854692,588.4298862891035,0,0,0,635.59998,310,,,,1,1,1,1,,,,233219,351004.15
1476071100,653.20001,666.20001,635,651.15002,624.4173543883754,594.1317166264577,0,0,0,635.59998,310,,,,1,1,1,1,,,,305187,359569.45
1476330300,651.90002,651.90002,621,632.65002,626.0638875107004,597.6333805695069,0,0,0,635.59998,310,,,,1,1,1,1,,,,105767,358785.3
1476416700,638.95001,647.95001,628,633.65002,627.5811140085603,600.9076205177336,0,0,0,674,310,206.95,117.65,88.949997,1,1,1,1,,,,103407,323869.25
1476675900,637.95001,646.90002,624.20001,627.95001,627.6548932068483,603.366019561576,0,0,0,674,310,206.95,117.65,88.949997,1,1,1,1,,,,128412,319272.4
1476762300,632.84998,650.75,630.45001,641.75,630.4739145654787,606.8554723287054,0,0,0,674,310,206.95,117.65,88.949997,1,1,1,1,,,,153660,319225.3
1476848700,642.09998,652,635.25,644,633.1791316523829,610.2322475715504,0,0,0,674,310,206.95,117.65,88.949997,1,1,1,1,,,,124508,306656.5
1476935100,643.95001,655,638.09998,640.34998,634.6133013219063,612.970223246864,0,0,0,674,310,206.95,117.65,88.949997,1,1,1,1,,,,86925,305844.35
1477021500,640.34998,647,627.25,629.95001,633.680643057525,614.5138402244218,0,0,0,674,310,206.95,117.65,88.949997,1,1,1,1,,,,85921,298226.4
1477280700,625.09998,643,625,627.70001,632.48451644602,615.7125829312926,0,0,0,674,310,206.95,117.65,88.949997,1,1,1,1,,,,68692,289645.65
1477367100,628.04999,641,624.5,626.25,631.237613156816,616.6705299375387,0,0,0,674,310,206.95,117.65,88.949997,1,1,1,1,,,,58045,230743.3
1477453500,627,630.20001,597.95001,607.79999,626.5500885254528,615.8641172159442,0,0,0,674,310,206.95,117.65,88.949997,1,1,1,1,,,,77561,217324.85
1477539900,607.70001,610,588.5,597.20001,620.6800728203623,614.1673801963129,0,0,0,674,310,206.95,117.65,88.949997,1,1,1,1,,,,57695,210598.35
1477626300,602.5,618.75,600.09998,605.45001,617.6340602562898,613.3748919966481,0,0,0,674,310,206.95,117.65,88.949997,1,1,1,1,,,,75423,206647.2
1477971900,607,626,601.40002,611.20001,616.3472502050319,613.1771754514983,0,0,0,674,310,206.95,117.65,88.949997,1,1,1,1,,,,137217,202627.25
1478058300,600,604,590,591.90002,611.4578041640254,611.2428885922712,0,0,0,674,310,206.95,117.65,88.949997,1,1,1,1,,,,52807,195640.7
1478144700,596,610,575.25,581.65002,605.4962473312204,608.5526278111557,0,0,0,674,310,206.95,117.65,88.949997,1,1,1,1,,,,92766,186961.55
1478231100,586.70001,595,548.15002,564.65002,597.3270018649763,604.5614816465052,0,0,0,674,310,206.95,117.65,88.949997,1,1,1,1,,,,137889,182285
1478490300,573.95001,590,573.90002,576.59998,593.181597491981,602.0195269513683,0,0,0,674,310,206.95,117.65,88.949997,1,1,1,1,,,,66150,121756.55
1478576700,582.59998,583.75,554,559.29999,586.4052759935848,598.1359326830622,0,0,0,674,310,206.95,117.65,88.949997,1,1,1,1,,,,65177,110821.4
1478663100,510,550,492,540.70001,577.2642227948679,592.9144851664201,0,0,0,674,310,206.95,117.65,88.949997,1,1,1,1,,,,120765,105198.7
1478749500,551,570,548.34998,550.95001,572.0013802358943,589.0995328785638,0,0,0,674,310,206.95,117.65,88.949997,1,1,1,1,,,,52203,92549.5
1478835900,551,551,523.59998,529.70001,563.5411061887155,583.6995762532398,0,0,0,674,310,206.95,117.65,88.949997,1,1,1,1,,,,72292,90875.75
1479181500,534,535.5,485,496.20001,550.0728869509724,575.745070230218,0,0,0,674,310,206.95,117.65,88.949997,1,1,1,1,,,,53498,88380.3
1479267900,510.85001,511.20001,480.5,483.45001,536.7483115607779,567.354610209289,0,0,0,674,310,206.95,117.65,88.949997,1,1,1,1,,,,46012,84260.3
1479354300,485,501.89999,473.04999,490.29999,527.4586472486224,560.3496447357173,0,0,0,674,310,206.95,117.65,88.949997,1,1,1,1,,,,62518,79703.2
1479440700,487.39999,495.95001,476.04999,487.5,519.4669177988978,553.726949759743,0,0,0,674,310,206.95,117.65,88.949997,1,1,1,1,,,,46107,75783.15
1479699900,493.39999,493.39999,457,459.60001,507.49353623911827,545.16995523613,0,0,0,674,310,206.95,117.65,88.949997,1,1,1,1,,,,45499,73711.85
1479786300,462.04999,482,441.04999,476.85001,501.36483099129464,538.9590511237545,0,0,0,674,310,206.95,117.65,88.949997,1,1,1,1,,,,45610,71696.3
1479872700,481.70001,493.70001,478.60001,490.79999,499.2518627930357,534.5809546579586,0,0,0,674,310,206.95,117.65,88.949997,1,1,1,1,,,,38002,70161.8
1479959100,485.25,505,480,492.85001,497.9714922344285,530.787232416326,0,0,0,674,310,206.95,117.65,88.949997,1,1,1,1,,,,38347,69176.9
1480045500,501.89999,522.09998,495.04999,510.14999,500.40719178754284,528.9111194693872,0,0,0,674,310,206.95,117.65,88.949997,1,1,1,1,,,,124181,71507.9
1480304700,510.10001,518.90002,499.79999,506.75,501.67575343003426,526.8964722448975,0,0,0,674,310,206.95,117.65,88.949997,1,1,1,1,,,,40037,70625
1480391100,504.54999,520.25,504.54999,510.29999,503.40060074402743,525.387701131725,0,0,0,674,310,206.95,117.65,88.949997,1,1,1,1,,,,41536,68930.65
1480477500,506.79999,518.34998,506.79999,511.39999,505.0004785952219,524.1160910288409,0,0,0,674,310,206.95,117.65,88.949997,1,1,1,1,,,,42001,64169.85
1480563900,515.45001,515.45001,504.25,505.54999,505.11038087617754,522.4282636625826,0,0,0,674,310,206.95,117.65,88.949997,1,1,1,1,,,,25714,62815.2
1480650300,505,508.95001,495.10001,498.54999,503.79830270094203,520.2575115114387,0,0,0,674,310,206.95,117.65,88.949997,1,1,1,1,,,,38269,60090.35
1480909500,495,507.89999,490,500,503.0386421607536,518.4159195558533,0,0,0,674,310,206.95,117.65,88.949997,1,1,1,1,,,,34739,54932.85
1480995900,500.04999,506,499,499.64999,502.3609117286029,516.7099259598666,0,0,0,674,310,206.95,117.65,88.949997,1,1,1,1,,,,19241,52587.4
1481082300,500.5,511.79999,500,501.60001,502.2087313828823,515.3362972362423,0,0,0,674,310,206.95,117.65,88.949997,1,1,1,1,,,,35359,51096.5
1481168700,498.10001,534.40002,498.10001,518.59998,505.48698110630585,515.6329956693112,0,0,0,674,310,206.95,117.65,88.949997,1,1,1,1,,,,190297,54573.1
1481255100,520,528.5,512,517.34998,507.8595808850447,515.7890851539192,0,0,0,674,310,206.95,117.65,88.949997,1,1,1,1,,,,57932,54859.55
1481514300,512,520.04999,505.14999,508,507.88766470803574,515.0809865035629,0,0,0,674,310,206.95,117.65,88.949997,1,1,1,1,,,,32354,52862.65
1481600700,508,517,503.54999,506.79999,507.6701297664286,514.3281686396027,0,0,0,674,310,206.95,117.65,88.949997,1,1,1,1,,,,26998,51537.65
1481687100,512.70001,512.84998,501.10001,502.95001,506.7261058131429,513.2937905814571,0,0,0,674,310,206.95,117.65,88.949997,1,1,1,1,,,,20093,50241.7
1481773500,501,513.90002,494.10001,497.29999,504.84088265051435,511.8398087104155,0,0,0,674,310,206.95,117.65,88.949997,1,1,1,1,,,,15722,47901.9
1481859900,497.35001,504.89999,488,493.95001,502.6627081204115,510.213463373105,0,0,0,674,310,206.95,117.65,88.949997,1,1,1,1,,,,31415,47167.3
1482119100,494,497.95001,484.95001,489.29999,499.99016449632916,508.31223852100453,0,0,0,674,310,206.95,117.65,88.949997,1,1,1,1,,,,18617,45823.2
1482205500,488,493.75,482.25,483.54999,496.70212959706333,506.061125019095,0,0,0,674,310,206.95,117.65,88.949997,1,1,1,1,,,,14494,44267.4
1482291900,483.89999,520,482.25,497.5,496.86170367765067,505.28284092645004,0,0,0,674,310,206.95,117.65,88.949997,1,1,1,1,,,,96261,47180.35
1482378300,492.64999,496.95001,486.5,489.20001,495.32936494212055,503.82076538768183,0,0,0,674,310,206.95,117.65,88.949997,1,1,1,1,,,,13929,45959.45
1482464700,486.25,507.85001,484.5,486.64999,493.59348995369646,502.2597858069835,0,0,0,674,310,206.95,117.65,88.949997,1,1,1,1,,,,49624,42231.6
1482723900,484.29999,489.85001,472.95001,477.39999,490.35478996295717,499.999804369985,0,0,0,674,310,206.95,117.65,88.949997,1,1,1,1,,,,19212,41190.35
1482810300,477.14999,493.79999,473.10001,490.14999,490.31382997036576,499.1043666999864,0,0,0,674,310,206.95,117.65,88.949997,1,1,1,1,,,,25116,40369.35
1482896700,494.79999,534.29999,491.25,505.04999,493.2610619762926,499.6448779090785,0,0,0,674,310,206.95,117.65,88.949997,1,1,1,1,,,,89638,42751.2
1482983100,506,536.40002,504,520.34998,498.67884558103407,501.5271599173441,0,0,0,674,310,206.95,117.65,88.949997,1,1,1,1,,,,144765,48703.75
1483069500,525,529.79999,513.04999,515.29999,502.00307446482725,502.7792353794037,0,0,0,674,310,206.95,117.65,88.949997,1,1,1,1,,,,43137,48947.15
1483328700,536,536,516.29999,524.40002,506.4824635718618,504.7447612540034,0,0,0,674,310,206.95,117.65,88.949997,1,1,1,1,,,,67102,50565.3
1483415100,528,532.70001,519.70001,525.90002,510.36597485748945,506.66796659454855,0,0,0,674,310,206.95,117.65,88.949997,1,1,1,1,,,,43847,51795.6
1483501500,526.25,532.09998,523.25,525.29999,513.3527778859916,508.36178690413504,0,0,0,674,310,206.95,117.65,88.949997,1,1,1,1,,,,35133,51784.3
1483587900,526.40002,542.84998,526.09998,533.20001,517.3222243087932,510.6198071855773,0,0,0,674,310,206.95,117.65,88.949997,1,1,1,1,,,,74596,45999.25
1483674300,538.54999,560,536,544.75,522.8077794470346,513.7225519868884,0,0,0,674,310,206.95,117.65,88.949997,1,1,1,1,,,,208850,53545.15
1483933500,549,553.95001,535.5,539.70001,526.1862255576277,516.0841390789896,0,0,0,674,310,206.95,117.65,88.949997,1,1,1,1,,,,37985,53826.7
1484019900,544,556.95001,538.04999,545.90002,530.1289844461022,518.7946737081724,0,0,0,674,310,206.95,117.65,88.949997,1,1,1,1,,,,87534,56853.5
1484106300,549,554.70001,545,547.84998,533.6731835568818,521.4360651892476,0,0,0,674,310,206.95,117.65,88.949997,1,1,1,1,,,,39607,57829.2
1484192700,549.75,554,542.95001,544.54999,535.8485448455054,523.5373310811342,0,0,0,674,310,206.95,117.65,88.949997,1,1,1,1,,,,34642,58775.2
1484279100,542.95001,567.75,540,549.34998,538.5488318764044,525.8839355283038,0,0,0,674,310,206.95,117.65,88.949997,1,1,1,1,,,,157636,65086.25
1484538300,549.84998,558.90002,548,551.84998,541.2090615011235,528.2444850257308,0,0,0,674,310,206.95,117.65,88.949997,1,1,1,1,,,,57359,67023.35
1484624700,556,556.5,545.04999,549.15002,542.7972532008988,530.1449882052099,0,0,0,674,310,206.95,117.65,88.949997,1,1,1,1,,,,35486,68072.95
1484711100,544,554,544,546.34998,543.507798560719,531.6181692774635,0,0,0,674,310,206.95,117.65,88.949997,1,1,1,1,,,,43705,65445.15
1484797500,549.75,567.75,543.54999,554,545.6062388485752,533.6528811613305,0,0,0,674,310,206.95,117.65,88.949997,1,1,1,1,,,,149518,72224.6
1484883900,556.45001,557,538,541.25,544.7349910788602,534.3435283284822,0,0,0,674,310,206.95,117.65,88.949997,1,1,1,1,,,,35133,71500.05
1485143100,545,552,540,541.45001,544.0779948630882,534.989572116802,0,0,0,674,310,206.95,117.65,88.949997,1,1,1,1,,,,23500,71714.45
1485229500,542,551.65002,542,545.54999,544.3723938904706,535.9496101061836,0,0,0,674,310,206.95,117.65,88.949997,1,1,1,1,,,,16519,71284.6
1485315900,546.29999,554.40002,545.25,546.34998,544.7679111123764,536.8950982783488,0,0,0,674,310,206.95,117.65,88.949997,1,1,1,1,,,,25693,68087.35
1485488700,552,580,547.54999,567.09998,549.2343248899011,539.6409966166807,0,0,0,674,310,206.95,117.65,88.949997,1,1,1,1,,,,116764,66687.3
1485747900,571.04999,619,570,585.15002,556.4174639119209,543.7781805606188,0,0,0,674,310,206.95,117.65,88.949997,1,1,1,1,,,,783188,103689.85
1485834300,587,607,582.90002,599.70001,565.0739731295367,548.8619832369262,0,0,0,674,310,206.95,117.65,88.949997,1,1,1,1,,,,309753,115822.4
1485920700,603,615.90002,597.04999,610.75,574.2091785036293,554.4881665790239,0,0,0,674,310,206.95,117.65,88.949997,1,1,1,1,,,,196840,123472.05
1486007100,612.45001,616.90002,600,604.45001,580.2573448029035,559.0301523445671,0,0,0,674,310,206.95,117.65,88.949997,1,1,1,1,,,,63041,124867.45
1486093500,608.45001,618,599.20001,605.34998,585.2758718423228,563.2410457677883,0,0,0,674,310,206.95,117.65,88.949997,1,1,1,1,,,,119807,127128
1486352700,609.75,619.70001,600,606,589.4206974738582,567.128223425262,0,0,0,674,310,206.95,117.65,88.949997,1,1,1,1,,,,98448,121607.9
1486439100,606,612,599,600.75,591.6865579790866,570.18474856842,0,0,0,674,310,206.95,117.65,88.949997,1,1,1,1,,,,62474,122832.35
1486525500,600,617,600,608.09998,594.9692423832693,573.6315877894727,0,0,0,674,310,206.95,117.65,88.949997,1,1,1,1,,,,106453,123778.3
1486611900,606.45001,614.70001,598.59998,601.25,596.2253939066154,576.1423525358844,0,0,0,674,310,206.95,117.65,88.949997,1,1,1,1,,,,47249,124160.4
1486698300,604.45001,610.04999,598.09998,600.04999,596.9903131252923,578.3157741235312,0,0,0,674,310,206.95,117.65,88.949997,1,1,1,1,,,,62904,125573.5
1486957500,608,618,598.59998,610.04999,599.6022485002338,581.2007028395739,0,0,0,674,310,206.95,117.65,88.949997,1,1,1,1,,,,111439,123263.65
1487043900,610.04999,612.15002,599,600.04999,599.691796800187,582.9142743996126,0,0,0,674,310,206.95,117.65,88.949997,1,1,1,1,,,,51579,122974.65
1487130300,605,607.5,596.59998,603,600.3534374401496,584.7402494541933,0,0,0,674,310,206.95,117.65,88.949997,1,1,1,1,,,,88619,125631.3
1487216700,607,615,603.04999,605.29999,601.3427479521197,586.6093167765393,0,0,0,674,310,206.95,117.65,88.949997,1,1,1,1,,,,43828,125637.45
1487303100,605.29999,644.40002,604.09998,636.25,608.3241983616957,591.1221061604903,0,0,0,674,310,206.95,117.65,88.949997,1,1,1,1,,,,274068,131864.95
1487562300,641.59998,652,625.25,628.95001,612.4493606893566,594.5610065095366,0,0,0,674,310,206.95,117.65,88.949997,1,1,1,1,,,,162537,138235.15
1487648700,633.95001,642.5,626,635.04999,616.9694865514853,598.2418231904878,0,0,0,674,310,206.95,117.65,88.949997,1,1,1,1,,,,66985,140409.4
1487735100,636.59998,676.40002,634,654.25,624.4255892411882,603.3334756277162,0,0,0,674,310,206.95,117.65,88.949997,1,1,1,1,,,,500303,164598.6
1487821500,657,682.79999,646,664.45001,632.4304733929505,608.8895242070147,0,0,0,674,310,206.95,117.65,88.949997,1,1,1,1,,,,394852,183056.55
1488167100,666.95001,683.79999,658.25,676.20001,641.1843807143604,615.0086592791042,0,0,0,674,310,206.95,117.65,88.949997,1,1,1,1,,,,233512,188893.95
1488253500,680.90002,683.79999,669.40002,675.15002,647.9775085714883,620.4760557082766,0,0,0,674,310,206.95,117.65,88.949997,1,1,1,1,,,,149544,157211.75
1488339900,675.65002,712.90002,675.04999,690.45001,656.4720088571906,626.8373242802514,0,0,0,674,310,206.95,117.65,88.949997,1,1,1,1,,,,365655,160006.85
1488426300,694.90002,706.75,682.84998,687.5,662.6776070857525,632.3521129820467,0,0,0,674,310,206.95,117.65,88.949997,1,1,1,1,,,,262425,163286.1
1488512700,683.20001,725,675.90002,717.45001,673.632087668602,640.0882854382243,0,0,0,674,310,206.95,117.65,88.949997,1,1,1,1,,,,485488,184408.45
1488771900,722,824.79999,722,805.45001,699.9956721348816,655.1211694892947,0,0,0,674,310,206.95,117.65,88.949997,1,1,1,1,,,,2198363,288336.25
1488858300,807.95001,822,770.09998,784.15002,716.8265417079053,666.8510649902679,0,0,0,674,310,206.95,117.65,88.949997,1,1,1,1,,,,836709,325249.3
1488944700,785,819.90002,776.40002,792.29999,731.9212313663243,678.2555127184254,0,0,0,674,310,206.95,117.65,88.949997,1,1,1,1,,,,1061615,375206.35
1489031100,792,811,779,783.25,742.1869850930594,687.8004661076594,0,0,0,674,310,206.95,117.65,88.949997,1,1,1,1,,,,375710,388669.2
1489117500,789.45001,797.95001,762,767.25,747.1995880744475,695.0231510069631,0,0,0,674,310,206.95,117.65,88.949997,1,1,1,1,,,,214944,397053.95
1489463100,778.5,786,752,759.04999,749.569668459558,700.8437727336028,0,0,0,824.79999,441.04999,310,206.95,117.65,1,1,1,1,,,,184829,403150.2
1489549500,762,782.40002,758,761.5,751.9557347676464,706.3579752123662,0,0,0,824.79999,441.04999,310,206.95,117.65,1,1,1,1,,,,254008,410278.65
1489635900,766.90002,774,757,761.04999,753.7745858141171,711.3299765566966,0,0,0,824.79999,441.04999,310,206.95,117.65,1,1,1,1,,,,130882,414243.8
1489722300,765,782.09998,758.65002,760.59998,755.1396646512937,715.8090677788151,0,0,0,824.79999,441.04999,310,206.95,117.65,1,1,1,1,,,,194290,419527.35
1489981500,765,778.79999,762.15002,764.04999,756.921729721035,720.1946061625592,0,0,0,824.79999,441.04999,310,206.95,117.65,1,1,1,1,,,,182199,426445.9
1490067900,768,768.90002,746.65002,755.04999,756.547381776828,723.3632774205084,0,0,0,824.79999,441.04999,310,206.95,117.65,1,1,1,1,,,,116459,418565.45
1490154300,749.75,765.90002,732.25,756.70001,756.5779074214624,726.3938894731895,0,0,0,824.79999,441.04999,310,206.95,117.65,1,1,1,1,,,,219338,421405.5
1490240700,760.40002,862.79999,759.25,826.5,770.5623259371699,735.4944449756268,0,0,0,824.79999,441.04999,310,206.95,117.65,1,1,1,1,,,,1692254,502668.95
1490327100,824,869,823.95001,847.04999,785.859858749736,745.6358581596608,0,0,0,824.79999,441.04999,310,206.95,117.65,1,1,1,1,,,,1081041,531705.85
1490586300,848,877.79999,827,863.25,801.3378869997888,756.3280528724189,0,0,0,824.79999,441.04999,310,206.95,117.65,1,1,1,1,,,,673416,545634.05
1490672700,863,885,860.59998,865.95001,814.2603115998311,766.2936853385626,0,0,0,824.79999,441.04999,310,206.95,117.65,1,1,1,1,,,,393275,553622.2
1490759100,871.90002,872,840.09998,845.54999,820.5182472798649,773.4988039441478,0,0,0,824.79999,441.04999,310,206.95,117.65,1,1,1,1,,,,164052,554347.6
1490845500,849.40002,877,848.95001,852.79999,826.974595823892,780.7080026764979,0,0,0,824.79999,441.04999,310,206.95,117.65,1,1,1,1,,,,253062,548717.95
1490931900,858.5,868.90002,848.75,853.34998,832.2496726591136,787.3118187968163,0,0,0,824.79999,441.04999,310,206.95,117.65,1,1,1,1,,,,166482,543920.8
1491191100,854,878,846.45001,850.90002,835.9797421272908,793.0925643607421,0,0,0,824.79999,441.04999,310,206.95,117.65,1,1,1,1,,,,190151,529153.95
1491363900,856,865,843.09998,847.34998,838.2537897018326,798.0250566915837,0,0,0,885,441.04999,310,206.95,117.65,1,1,1,1,,,,114707,424971.15
1491450300,847.09998,856.59998,836,840.5,838.703031761466,801.886415174167,0,0,0,885,441.04999,310,206.95,117.65,1,1,1,1,,,,106024,388436.9
1491536700,842.29999,856.40002,825.59998,827.95001,836.5524274091729,804.2558328856064,0,0,0,885,441.04999,310,206.95,117.65,1,1,1,1,,,,177834,344247.85
1491795900,830,843,821,823.29999,833.9019399273383,805.9871198960059,0,0,0,885,441.04999,310,206.95,117.65,1,1,1,1,,,,91057,330015.2
1491882300,826.59998,839.70001,822,826.04999,832.3315499418707,807.8110171781872,0,0,0,885,441.04999,310,206.95,117.65,1,1,1,1,,,,100042,324270.1
1491968700,830.15002,867.29999,817,842.34998,834.3352359534965,810.950922889261,0,0,0,885,441.04999,310,206.95,117.65,1,1,1,1,,,,323599,331208.6
1492055100,845.70001,892,845.70001,884.54999,844.3781867627972,817.6417471720555,0,0,0,885,441.04999,310,206.95,117.65,1,1,1,1,,,,732044,355110.4
1492400700,891.5,924.20001,876.45001,888.15002,853.1325534102377,824.0515901564141,0,0,0,885,441.04999,310,206.95,117.65,1,1,1,1,,,,484084,372770.5
1492487100,894,896.79999,879,881.45001,858.7960447281902,829.2696283240128,0,0,0,885,441.04999,310,206.95,117.65,1,1,1,1,,,,152036,370657.8
1492573500,881,919.59998,877,899.29999,866.8968337825521,835.6360248400117,0,0,0,885,441.04999,310,206.95,117.65,1,1,1,1,,,,321249,377610.3
1492659900,902.5,931.79999,902.5,911.45001,875.8074690260416,842.5282053091015,0,0,0,885,441.04999,310,206.95,117.65,1,1,1,1,,,,326824,388128.55
1492746300,913.04999,922.95001,882.15002,890.29999,878.7059732208334,846.8710948264559,0,0,0,885,441.04999,310,206.95,117.65,1,1,1,1,,,,196829,387003.1
1493005500,898,915.90002,892.04999,908.29999,884.6247765766667,852.4555398422326,0,0,0,885,441.04999,310,206.95,117.65,1,1,1,1,,,,233924,314086.6
1493091900,915.40002,921.5,902.04999,911.65002,890.0298252613334,857.8368562202114,0,0,0,885,441.04999,310,206.95,117.65,1,1,1,1,,,,144446,267256.85
1493178300,920,937,907.40002,918.34998,895.6938562090667,863.3380492911012,0,0,0,885,441.04999,310,206.95,117.65,1,1,1,1,,,,281976,247684.85
1493264700,920,949,912.25,930.79999,902.7150829672534,869.4709529919102,0,0,0,885,441.04999,310,206.95,117.65,1,1,1,1,,,,346916,245366.9
1493351100,933,958.90002,931,941.29999,910.4320643738026,876.000865447191,0,0,0,885,441.04999,310,206.95,117.65,1,1,1,1,,,,323739,253351.25
1493696700,945,958,932.84998,939.15002,916.1756554990421,881.7416976792646,0,0,0,885,441.04999,310,206.95,117.65,1,1,1,1,,,,131276,247261.95
1493783100,938,944.04999,915,919.5,916.8405243992337,885.1742706175132,0,0,0,885,441.04999,310,206.95,117.65,1,1,1,1,,,,92880,243581.85
1493869500,925.04999,929,895,898,913.0724195193869,886.3402460159211,0,0,0,885,441.04999,310,206.95,117.65,1,1,1,1,,,,84796,238314.1
1493955900,887.04999,903.84998,870,883.65002,907.1879396155095,886.0956800144737,0,0,0,885,441.04999,310,206.95,117.65,1,1,1,1,,,,173037,241230.6
1494215100,882.09998,894.70001,880,881.15002,901.9803556924077,885.6460745586124,0,0,0,958.90002,441.04999,310,206.95,117.65,1,1,1,1,,,,90141,240436.45
1494301500,883.09998,912.70001,883.09998,886.95001,898.9742865539262,885.7646141441932,0,0,0,958.90002,441.04999,310,206.95,117.65,1,1,1,1,,,,243755,243732.5
1494387900,893.45001,899.90002,884.09998,888.09998,896.799425243141,885.9769201310847,0,0,0,958.90002,441.04999,310,206.95,117.65,1,1,1,1,,,,84536,243406.45
1494474300,891.20001,895.70001,880,881.29999,893.6995381945128,885.5517446646224,0,0,0,958.90002,441.04999,310,206.95,117.65,1,1,1,1,,,,68694,241839.05
1494560700,885.09998,890.75,871.04999,881.20001,891.1996325556103,885.1561324223841,0,0,0,958.90002,441.04999,310,206.95,117.65,1,1,1,1,,,,65241,228921.15
1494819900,888.20001,890.5,875.95001,881.79999,889.3197040444882,884.8510285658037,0,0,0,958.90002,441.04999,310,206.95,117.65,1,1,1,1,,,,78669,196252.4
1494906300,885.34998,901,878.20001,880.79999,887.6157612355905,884.4827523325489,0,0,0,958.90002,441.04999,310,206.95,117.65,1,1,1,1,,,,130939,178595.15
1494992700,884.90002,887.95001,877.95001,880.29999,886.1526069884724,884.1025012114081,0,0,0,958.90002,441.04999,310,206.95,117.65,1,1,1,1,,,,63959,174191.3
1495079100,876.95001,882.34998,864.65002,875.15002,883.9520895907779,883.2886392830983,0,0,0,958.90002,441.04999,310,206.95,117.65,1,1,1,1,,,,81501,162203.9
1495165500,881.54999,898,879.09998,881.15002,883.3916756726223,883.0942193482712,0,0,0,958.90002,441.04999,310,206.95,117.65,1,1,1,1,,,,65476,149136.5
1495424700,887.04999,887.95001,875.09998,879.25,882.5633405380979,882.7447448620647,0,0,0,958.90002,441.04999,310,206.95,117.65,1,1,1,1,,,,62708,142430.45
1495511100,872,901.75,855,878.65002,881.7806764304784,882.3724971473316,0,0,0,958.90002,441.04999,310,206.95,117.65,1,1,1,1,,,,160282,138748.35
1495597500,866,889,866,880.04999,881.4345391443827,882.1613601339378,0,0,0,958.90002,441.04999,310,206.95,117.65,1,1,1,1,,,,106046,136828.35
1495683900,874.45001,938.79999,874.45001,909,886.9476313155062,884.601236485398,0,0,0,958.90002,441.04999,310,206.95,117.65,1,1,1,1,,,,376347,141546.9
1495770300,915.79999,923.5,902,905.70001,890.698107052405,886.5193068049073,0,0,0,958.90002,441.04999,310,206.95,117.65,1,1,1,1,,,,51034,126752.8
1496029500,913.20001,913.25,880,881.65002,888.888489641924,886.0766443680975,0,0,0,958.90002,441.04999,310,206.95,117.65,1,1,1,1,,,,50647,113098.2
1496115900,883.95001,904,875.20001,881.79999,887.4707897135393,885.6878576073614,0,0,0,958.90002,441.04999,310,206.95,117.65,1,1,1,1,,,,89450,111006.9
1496202300,882,898,880,882.20001,886.4166337708314,885.3707805521467,0,0,0,958.90002,441.04999,310,206.95,117.65,1,1,1,1,,,,42094,108467.6
1496288700,888.59998,911.79999,883.5,895.34998,888.2033030166651,886.2779805019516,0,0,0,958.90002,441.04999,310,206.95,117.65,1,1,1,1,,,,121341,110294.85
1496375100,896.95001,915,885.5,890.40002,888.6426464133322,886.6527113654105,0,0,0,958.90002,441.04999,310,206.95,117.65,1,1,1,1,,,,98840,106585
1496634300,891,918.40002,890.04999,896.84998,890.2841131306657,887.5797357867368,0,0,0,958.90002,441.04999,310,206.95,117.65,1,1,1,1,,,,149153,109535.6
1496720700,898.40002,907.45001,876,879.65002,888.1572945045325,886.8588525333971,0,0,0,958.90002,441.04999,310,206.95,117.65,1,1,1,1,,,,104065,102551.1
1496807100,886,921,880,885.34998,887.595831603626,886.7216823030883,0,0,0,958.90002,441.04999,310,206.95,117.65,1,1,1,1,,,,241757,110412.15
1496893500,891.90002,902.79999,883.95001,888.75,887.8266652829009,886.9060748209894,0,0,0,958.90002,441.04999,310,206.95,117.65,1,1,1,1,,,,76884,110821.65
1496979900,892,892,878,881.34998,886.5313282263207,886.4009752918085,0,0,0,958.90002,441.04999,310,206.95,117.65,1,1,1,1,,,,55067,110312.95
1497239100,879.95001,888.90002,863.54999,878.70001,884.9650645810566,885.7008875380078,0,0,0,958.90002,441.04999,310,206.95,117.65,1,1,1,1,,,,103466,111552.8
1497325500,880,892.75,875.25,879.20001,883.8120536648453,885.1098986709162,0,0,0,958.90002,441.04999,310,206.95,117.65,1,1,1,1,,,,80273,109019.5
1497411900,886.04999,966,883.45001,929.59998,892.9696389318763,889.1544515190147,0,0,0,958.90002,441.04999,310,206.95,117.65,1,1,1,1,,,,1722112,191927.15
1497498300,940.04999,962,927.5,932.34998,900.845707145501,893.0813177445589,0,0,0,958.90002,441.04999,310,206.95,117.65,1,1,1,1,,,,553155,215509.85
1497584700,938,944.04999,910,919.15002,904.5065697164008,895.4511997677808,0,0,0,958.90002,441.04999,310,206.95,117.65,1,1,1,1,,,,135069,218989.5
1497843900,925.45001,929.15002,904,907.34998,905.0752517731206,896.532907061619,0,0,0,958.90002,441.04999,310,206.95,117.65,1,1,1,1,,,,74290,219568.6
1497930300,909.79999,927,898,909.29999,905.9201994184965,897.6935509651081,0,0,0,958.90002,441.04999,310,206.95,117.65,1,1,1,1,,,,146777,218893.35
1498016700,911.5,926.29999,902,912.29999,907.1961575347972,899.0214090591892,0,0,0,966,441.04999,310,206.95,117.65,1,1,1,1,,,,147299,220956
1498103100,908.09998,920.95001,898.5,901.5,906.0569260278378,899.2467355083538,0,0,0,966,441.04999,310,206.95,117.65,1,1,1,1,,,,66004,205438.85
1498189500,903,909.95001,878,880.75,900.9955408222702,897.5652140985035,0,0,0,966,441.04999,310,206.95,117.65,1,1,1,1,,,,113461,208560.2
1498535100,883.04999,893.70001,879.5,880.84998,896.9664286578161,896.0456473622759,0,0,0,966,441.04999,310,206.95,117.65,1,1,1,1,,,,75868,209821.25
1498621500,875.09998,892.5,873.95001,886.95001,894.9631449262529,895.2187712384326,0,0,0,966,441.04999,310,206.95,117.65,1,1,1,1,,,,53341,208015.8
1498707900,890,901.5,882.45001,887.79999,893.5305139410023,894.5443365803933,0,0,0,966,441.04999,310,206.95,117.65,1,1,1,1,,,,55386,208680.4
1498794300,883.90002,890.95001,876.84998,880.95001,891.0144131528018,893.3084887094484,0,0,0,966,441.04999,310,206.95,117.65,1,1,1,1,,,,63062,205766.45
1499053500,884,898.70001,883,893.15002,891.4415345222415,893.2940824631349,0,0,0,966,441.04999,310,206.95,117.65,1,1,1,1,,,,57813,203715.1
1499139900,899.90002,900,882.29999,884.15002,889.9832316177932,892.4628040573954,0,0,0,966,441.04999,310,206.95,117.65,1,1,1,1,,,,53689,198941.9
1499226300,890,903,885.34998,887.5,889.4865852942346,892.0116400521777,0,0,0,966,441.04999,310,206.95,117.65,1,1,1,1,,,,65478,197012.55
1499312700,890,944.90002,889.09998,912.04999,893.9992662353877,893.8333082292525,0,0,0,966,441.04999,310,206.95,117.65,1,1,1,1,,,,437847,206817.05
1499399100,920,937.95001,891.29999,897.34998,894.6694089883101,894.1530056629567,0,0,0,966,441.04999,310,206.95,117.65,1,1,1,1,,,,263390,216142.35
1499658300,904.90002,904.90002,886.04999,894.40002,894.6155311906481,894.1754615117788,0,0,0,966,441.04999,310,206.95,117.65,1,1,1,1,,,,14117,214094.85
1499744700,899.84998,902.45001,885,886.20001,892.9324269525184,893.4504204652535,0,0,0,966,441.04999,310,206.95,117.65,1,1,1,1,,,,72924,212567.75
1499831100,890,892,881,882.40002,890.8259455620148,892.4458386047759,0,0,0,966,441.04999,310,206.95,117.65,1,1,1,1,,,,40796,210593.9
1499917500,888.84998,906,881.15002,886.45001,889.9507584496118,891.900763277069,0,0,0,966,441.04999,310,206.95,117.65,1,1,1,1,,,,112613,130118.95
1500003900,891.15002,899,879,880.54999,888.0706047596894,890.8688747973355,0,0,0,966,441.04999,310,206.95,117.65,1,1,1,1,,,,123812,108651.8
1500263100,887,890,877.09998,880.20001,886.4964858077516,889.8989779975777,0,0,0,966,441.04999,310,206.95,117.65,1,1,1,1,,,,35667,103681.7
1500349500,881,886,874.84998,880.25,885.2471886462013,889.0217981796161,0,0,0,966,441.04999,310,206.95,117.65,1,1,1,1,,,,31499,101542.15
1500435900,885,896.90002,880,882.29999,884.657748916961,888.4107247087419,0,0,0,966,441.04999,310,206.95,117.65,1,1,1,1,,,,55693,96987.95
1500522300,886,911.95001,884,890.54999,885.8361971335688,888.6052033715836,0,0,0,966,441.04999,310,206.95,117.65,1,1,1,1,,,,246042,101925.1
1500608700,895,898.90002,885,887.04999,886.078955706855,888.4638203378032,0,0,0,966,441.04999,310,206.95,117.65,1,1,1,1,,,,35841,100416.95
1500867900,890,896,881,882.15002,885.293168565484,887.889838488912,0,0,0,966,441.04999,310,206.95,117.65,1,1,1,1,,,,36853,96586.55
1500954300,885.04999,896,880.04999,883.25,884.8845348523872,887.46803498992,0,0,0,966,441.04999,310,206.95,117.65,1,1,1,1,,,,80131,96799.7
1501040700,889.90002,889.90002,879.09998,881.09998,884.1276238819098,886.8891208999273,0,0,0,966,441.04999,310,206.95,117.65,1,1,1,1,,,,39898,96127.55
1501127100,885.59998,888.5,867,878.54999,883.0120971055278,886.131018090843,0,0,0,966,441.04999,310,206.95,117.65,1,1,1,1,,,,56193,96167.9
1501213500,878,885.84998,871.79999,882.75,882.9596776844222,885.8236528098572,0,0,0,966,441.04999,310,206.95,117.65,1,1,1,1,,,,43058,95167.7
1501472700,887.70001,887.70001,873.09998,876.20001,881.6077441475378,884.9487761907793,0,0,0,966,441.04999,310,206.95,117.65,1,1,1,1,,,,34870,94020.55
1501559100,883,889.90002,875,878.95001,881.0761973180303,884.4034338097994,0,0,0,966,441.04999,310,206.95,117.65,1,1,1,1,,,,68918,94782
1501645500,881.04999,883.5,872.25,875.95001,880.0509598544243,883.6349407361812,0,0,0,966,441.04999,310,206.95,117.65,1,1,1,1,,,,30424,93029.3
1501731900,876,890,870,874.04999,878.8507658835395,882.7635815783466,0,0,0,966,441.04999,310,206.95,117.65,1,1,1,1,,,,50298,73651.85
1501818300,865.20001,895.79999,842.34998,882,879.4806127068316,882.6941650712241,0,0,0,966,441.04999,310,206.95,117.65,1,1,1,1,,,,78308,64397.75
1502077500,876,948,876,915.5,886.6844901654653,885.6765137011129,0,0,0,966,441.04999,310,206.95,117.65,1,1,1,1,,,,463346,86859.2
1502163900,919,922,884,886.40002,886.6275961323722,885.7422870010117,0,0,0,966,441.04999,310,206.95,117.65,1,1,1,1,,,,75004,86963.2
1502250300,886.29999,891,871.5,880.29999,885.3620749058978,885.2475327281925,0,0,0,966,441.04999,310,206.95,117.65,1,1,1,1,,,,42604,87053.6
1502336700,878,914,876,880.25,884.3396599247183,884.793211571084,0,0,0,966,441.04999,310,206.95,117.65,1,1,1,1,,,,195282,91187.05
1502423100,874.59998,888,855.5,884.15002,884.3017319397746,884.7347396100764,0,0,0,966,441.04999,310,206.95,117.65,1,1,1,1,,,,85748,89283.85
1502682300,886.40002,897,886,889.20001,885.2813875518198,885.1406732818876,0,0,0,966,441.04999,310,206.95,117.65,1,1,1,1,,,,21517,88576.35
1502855100,897,927,888.04999,919.5,892.1251100414559,888.2642484380797,0,0,0,966,441.04999,310,206.95,117.65,1,1,1,1,,,,163989,95200.85
1502941500,922,927.70001,898.09998,906.59998,895.0200840331647,889.931133125527,0,0,0,966,441.04999,310,206.95,117.65,1,1,1,1,,,,51106,94971.5
1503027900,899,914.79999,890,895.75,895.1660672265318,890.4601210232064,0,0,0,966,441.04999,310,206.95,117.65,1,1,1,1,,,,39020,84620.4
1503287100,902,914.45001,891.29999,895.34998,895.2028497812255,890.9046536574604,0,0,0,966,441.04999,310,206.95,117.65,1,1,1,1,,,,49565,85306.6
1503373500,896.40002,909.70001,890,903.90002,896.9422838249804,892.0860505976913,0,0,0,966,441.04999,310,206.95,117.65,1,1,1,1,,,,42053,85566.6
1503459900,910,920,901.29999,910.20001,899.5938290599844,893.7327741797193,0,0,0,966,441.04999,310,206.95,117.65,1,1,1,1,,,,49805,84050.3
1503546300,907.70001,922.75,895,897.65002,899.2050672479875,894.0888874361084,0,0,0,966,441.04999,310,206.95,117.65,1,1,1,1,,,,54671,84788.95
1503891900,905.95001,919,894,898.5,899.06405379839,894.4898976691894,0,0,0,966,441.04999,310,206.95,117.65,1,1,1,1,,,,44363,84197.45
1503978300,894,904.5,889,891.65002,897.581247038712,894.2317269719904,0,0,0,966,441.04999,310,206.95,117.65,1,1,1,1,,,,22611,83175.1
1504064700,902,952,890,932.70001,904.6049996309696,897.7288436109003,0,0,0,966,441.04999,310,206.95,117.65,1,1,1,1,,,,238722,93367.7
1504151100,935,1029,925.04999,1003.8,924.4439997047757,907.3716760099094,0,0,0,966,441.04999,310,206.95,117.65,1,1,1,1,,,,1088251,144334.35
1504237500,1018.7,1085,1010,1023.35,944.2251997638206,917.9151600090086,0,0,0,966,441.04999,310,206.95,117.65,1,1,1,1,,,,923583,188992.3
1504496700,1024.9,1063.3,975.15002,1034.9,962.3601598110565,928.550145462735,0,0,0,966,441.04999,310,206.95,117.65,1,1,1,1,,,,598171,216385.95
1504583100,1044.25,1092,1036.6,1050,979.8881278488452,939.5910413297592,0,0,0,966,441.04999,310,206.95,117.65,1,1,1,1,,,,503061,237623.6
1504669500,1035,1069.95,1010.35,1053.65,994.6405022790761,949.9600375725083,0,0,0,966,441.04999,310,206.95,117.65,1,1,1,1,,,,339811,231446.85
1504755900,1064,1075.05,1046.2,1052.9,1006.2924018232609,959.3182159750075,0,0,0,966,441.04999,310,206.95,117.65,1,1,1,1,,,,131869,234290.1
1504842300,1062,1065,1028,1037.3,1012.4939214586087,966.4074690681887,0,0,0,966,441.04999,310,206.95,117.65,1,1,1,1,,,,124644,238392.1
1505101500,1047.9,1063.8,1030,1040.35,1018.065137166887,973.129517334717,0,0,0,966,441.04999,310,206.95,117.65,1,1,1,1,,,,121303,234693.15
1505187900,1041.95,1070,1041.95,1054.1,1025.2721097335095,980.4904703042881,0,0,0,1092,441.04999,310,206.95,117.65,1,1,1,1,,,,149702,237890.85
1505274300,1064,1094.6,1044.7,1048.9,1029.9976877868075,986.7095184584438,0,0,0,1092,441.04999,310,206.95,117.65,1,1,1,1,,,,243914,249010.7
1505360700,1055.05,1081.95,1050,1067.05,1037.408150229446,994.0131985985853,0,0,0,1092,441.04999,310,206.95,117.65,1,1,1,1,,,,178633,249742.9
1505447100,1070,1263.8,1060.1,1236.65,1077.2565201835569,1016.0710896350776,0,0,0,1092,441.04999,310,206.95,117.65,1,1,1,1,,,,2139670,354171.1
1505706300,1250.5,1330,1245,1257.25,1113.2552161468454,1037.9964451227977,0,0,0,1092,441.04999,310,206.95,117.65,1,1,1,1,,,,1071806,405810.4
1505792700,1268,1295,1250,1266.4,1143.8841729174765,1058.7604046570889,0,0,0,1092,441.04999,310,206.95,117.65,1,1,1,1,,,,368403,421752.3
1505879100,1270,1318.95,1260.55,1266.1,1168.327338333981,1077.6094587791717,0,0,0,1092,441.04999,310,206.95,117.65,1,1,1,1,,,,588803,449089.8
1505965500,1266.5,1298,1251,1265.65,1187.7918706671849,1094.7040534356106,0,0,0,1092,441.04999,310,206.95,117.65,1,1,1,1,,,,432389,468219
1506051900,1265,1281.85,1231.2,1258.95,1202.023496533748,1109.6355031232824,0,0,0,1092,441.04999,310,206.95,117.65,1,1,1,1,,,,395167,485243.8
1506311100,1279.9,1279.9,1210,1232.15,1208.0487972269984,1120.7731846575296,0,0,0,1330,441.04999,310,206.95,117.65,1,1,1,1,,,,291602,497605.75
1506397500,1231,1259.95,1221,1230.1,1212.4590377815987,1130.7119860522996,0,0,0,1330,441.04999,310,206.95,117.65,1,1,1,1,,,,228439,507897.15
1506483900,1240.1,1252,1172.65,1190.85,1208.137230225279,1136.1790782293633,0,0,0,1330,441.04999,310,206.95,117.65,1,1,1,1,,,,185909,505256.5
1506570300,1210,1210,1152.2,1180.7,1202.6497841802232,1140.2264347539667,0,0,0,1330,441.04999,310,206.95,117.65,1,1,1,1,,,,119041,456796
1506656700,1190,1339,1182,1286.9,1219.4998273441786,1153.5603952308788,0,0,0,1330,441.04999,310,206.95,117.65,1,1,1,1,,,,1186036,469918.65
1507002300,1295.4,1375,1279,1358.3,1247.259861875343,1172.1730865735262,0,0,0,1330,441.04999,310,206.95,117.65,1,1,1,1,,,,1276146,503817.4
1507088700,1353.7,1404,1342,1391.9,1276.1878895002744,1192.1482605213876,0,0,0,1330,441.04999,310,206.95,117.65,1,1,1,1,,,,933576,525343.15
1507175100,1382.65,1439.9,1380.2,1423.15,1305.5803116002196,1213.1484186558068,0,0,0,1330,441.04999,310,206.95,117.65,1,1,1,1,,,,739449,545325.05
1507261500,1398.9,1429.95,1392,1415.1,1327.4842492801756,1231.5076533234608,0,0,0,1330,441.04999,310,206.95,117.65,1,1,1,1,,,,561250,566794.1
1507520700,1414,1419,1323.3,1353.5,1332.6873994241405,1242.5978666576916,0,0,0,1330,441.04999,310,206.95,117.65,1,1,1,1,,,,230015,572062.65
1507607100,1355,1404,1354,1377.35,1341.6199195393124,1254.8480605979014,0,0,0,1330,441.04999,310,206.95,117.65,1,1,1,1,,,,331409,582567.95
1507693500,1387.65,1393,1333.2,1372.1,1347.7159356314498,1265.507327816274,0,0,0,1330,441.04999,310,206.95,117.65,1,1,1,1,,,,238260,586995.85
1507779900,1380,1505,1361,1490.15,1376.20274850516,1285.9293889238854,0,0,0,1330,441.04999,310,206.95,117.65,1,1,1,1,,,,1066138,628107.05
1507866300,1500,1549,1490.05,1528.5,1406.662198804128,1307.9812626580776,0,0,0,1330,441.04999,310,206.95,117.65,1,1,1,1,,,,769539,657652.35
1508125500,1542,1555.55,1510,1544,1434.1297590433023,1329.4375115073433,0,0,0,1330,441.04999,310,206.95,117.65,1,1,1,1,,,,299951,565666.4
1508211900,1545.4,1672,1532,1649.2,1477.1438072346418,1358.5068286430394,0,0,0,1330,441.04999,310,206.95,117.65,1,1,1,1,,,,914822,557817.2
1508298300,1660,1738,1641.05,1725.2,1526.7550457877135,1391.8425714936723,0,0,0,1330,441.04999,310,206.95,117.65,1,1,1,1,,,,980097,588401.9
1508384700,1725,1725,1673.1,1691.85,1559.7740366301707,1419.1159740851565,0,0,0,1330,441.04999,310,206.95,117.65,1,1,1,1,,,,159088,566916.15
1508730300,1689,1729.95,1667,1683.9,1584.5992293041365,1443.1872491683241,0,0,0,1330,441.04999,310,206.95,117.65,1,1,1,1,,,,271482,558870.8
1508816700,1696,1708.45,1607.4,1627.5,1593.1793834433092,1459.9429537893855,0,0,0,1330,441.04999,310,206.95,117.65,1,1,1,1,,,,204580,549341.45
1508903100,1643.95,1673.9,1586.55,1602.15,1594.9735067546474,1472.8708670812596,0,0,0,1330,441.04999,310,206.95,117.65,1,1,1,1,,,,225227,546022.7
1508989500,1609.95,1708,1576.25,1678.95,1611.7688054037178,1491.605333710236,0,0,0,1738,441.04999,310,206.95,117.65,1,1,1,1,,,,558933,562547.4
1509075900,1700,1725.65,1670.15,1680.05,1625.4250443229741,1508.7366670093054,0,0,0,1738,441.04999,310,206.95,117.65,1,1,1,1,,,,244683,565486.1
1509335100,1690,1723.8,1665.2,1679.3,1636.2000354583793,1524.242424553914,0,0,0,1738,441.04999,310,206.95,117.65,1,1,1,1,,,,240778,571572.95
1509421500,1690,1709.95,1670.1,1677.85,1644.5300283667034,1538.2067495944673,0,0,0,1738,441.04999,310,206.95,117.65,1,1,1,1,,,,166120,520577.15
1509507900,1679,1696.8,1640,1649.2,1645.4640226933627,1548.2970450858793,0,0,0,1738,441.04999,310,206.95,117.65,1,1,1,1,,,,121855,462862.6
1509594300,1660.4,1680,1640.05,1647.95,1645.9612181546902,1557.3564046235267,0,0,0,1738,441.04999,310,206.95,117.65,1,1,1,1,,,,115689,421968.25
1509680700,1662.9,1695,1641,1647.3,1646.2289745237522,1565.533095112297,0,0,0,1738,441.04999,310,206.95,117.65,1,1,1,1,,,,257385,397865.05
1509939900,1655,1674.45,1620,1627.15,1642.4131796190018,1571.1346319202698,0,0,0,1738,441.04999,310,206.95,117.65,1,1,1,1,,,,138795,376742.3
1510026300,1639.8,1644.95,1577.05,1595.3,1632.9905436952015,1573.3314835638816,0,0,0,1738,441.04999,310,206.95,117.65,1,1,1,1,,,,129013,371692.2
1510112700,1600,1638.7,1521.35,1558,1617.992434956161,1571.9377123308016,0,0,0,1738,441.04999,310,206.95,117.65,1,1,1,1,,,,102955,360269.5
1510199100,1588,1685,1588,1617.95,1617.9839479649288,1576.120647573456,0,0,0,1738,441.04999,310,206.95,117.65,1,1,1,1,,,,552140,375963.5
1510285500,1620,1657.25,1568.3,1597.6,1613.907158371943,1578.073315975869,0,0,0,1738,441.04999,310,206.95,117.65,1,1,1,1,,,,232435,334278.35
1510544700,1618.3,1625.95,1575.6,1586.75,1608.4757266975544,1578.8621054326081,0,0,0,1738,441.04999,310,206.95,117.65,1,1,1,1,,,,84687,300035.75
1510631100,1594,1605.65,1540,1553.5,1597.4805813580435,1576.5564594841892,0,0,0,1738,441.04999,310,206.95,117.65,1,1,1,1,,,,86669,289371.65
1510717500,1560,1574,1521.35,1530.05,1583.9944650864347,1572.3285995310812,0,0,0,1738,441.04999,310,206.95,117.65,1,1,1,1,,,,71801,247220.6
1510803900,1530,1544,1477,1493.9,1565.9755720691478,1565.1987268464375,0,0,0,1738,441.04999,310,206.95,117.65,1,1,1,1,,,,117260,204078.75
1510890300,1514.05,1523.65,1451,1459.75,1544.7304576553183,1555.6124789513067,0,0,0,1738,441.04999,310,206.95,117.65,1,1,1,1,,,,161155,204182.1
1511149500,1466,1534.5,1425.35,1517.75,1539.3343661242548,1552.1704354102787,0,0,0,1738,441.04999,310,206.95,117.65,1,1,1,1,,,,335211,207368.55
1511235900,1532.7,1557,1502,1510.2,1533.5074928994038,1548.3549412820716,0,0,0,1738,441.04999,310,206.95,117.65,1,1,1,1,,,,188163,206547.7
1511322300,1517.65,1524.85,1481.4,1489.35,1524.675994319523,1542.9908557109743,0,0,0,1738,441.04999,310,206.95,117.65,1,1,1,1,,,,93345,199953.6
1511408700,1490,1510,1452.05,1470.15,1513.7707954556183,1536.3689597372493,0,0,0,1738,441.04999,310,206.95,117.65,1,1,1,1,,,,128517,178432.8
1511495100,1475.05,1540,1450.25,1508.95,1512.8066363644946,1533.876327033863,0,0,0,1738,441.04999,310,206.95,117.65,1,1,1,1,,,,270383,179717.8
1511754300,1500,1539.85,1495,1522.3,1514.7053090915956,1532.8239336671481,0,0,0,1738,441.04999,310,206.95,117.65,1,1,1,1,,,,129973,174177.55
1511840700,1525,1584,1523.05,1535.2,1518.8042472732766,1533.0399396974074,0,0,0,1738,441.04999,310,206.95,117.65,1,1,1,1,,,,393137,185528.4
1511927100,1539,1553.3,1512.05,1519.05,1518.8533978186213,1531.768126997643,0,0,0,1738,441.04999,310,206.95,117.65,1,1,1,1,,,,104899,184680.6
1512013500,1517,1557.4,1486,1527.7,1520.622718254897,1531.3982972705846,0,0,0,1738,441.04999,310,206.95,117.65,1,1,1,1,,,,249745,191383.4
1512099900,1539,1569,1498.55,1516.55,1519.8081746039177,1530.0484520641678,0,0,0,1738,441.04999,310,206.95,117.65,1,1,1,1,,,,226569,189842.6
1512359100,1555,1555,1506.4,1514.5,1518.7465396831342,1528.6349564219706,0,0,0,1738,441.04999,310,206.95,117.65,1,1,1,1,,,,140950,189950.35
1512445500,1521.6,1523.9,1485,1489.4,1512.8772317465073,1525.0681422017915,0,0,0,1738,441.04999,310,206.95,117.65,1,1,1,1,,,,83146,187657
1512531900,1481,1518.3,1465,1480.9,1506.4817853972058,1521.0528565470831,0,0,0,1738,441.04999,310,206.95,117.65,1,1,1,1,,,,105266,187772.55
1512618300,1491,1514.9,1488.3,1500.05,1505.1954283177647,1519.1435059518938,0,0,0,1738,441.04999,310,206.95,117.65,1,1,1,1,,,,98327,165081.9
1512704700,1513.5,1575,1503,1529.9,1510.1363426542118,1520.1213690471761,0,0,0,1738,441.04999,310,206.95,117.65,1,1,1,1,,,,416398,174280.05
1512963900,1543.7,1544.9,1500,1505.8,1509.2690741233694,1518.8194264065237,0,0,0,1738,441.04999,310,206.95,117.65,1,1,1,1,,,,137331,176912.25
1513050300,1510.6,1516,1458.85,1473.35,1502.0852592986955,1514.685842187749,0,0,0,1738,441.04999,310,206.95,117.65,1,1,1,1,,,,100394,177598.5
1513136700,1465.65,1524,1465.65,1471.6,1495.9882074389564,1510.768947443408,0,0,0,1738,441.04999,310,206.95,117.65,1,1,1,1,,,,357532,191885.05
1513223100,1484,1487.5,1445,1448.8,1486.550565951165,1505.1354067667346,0,0,0,1738,441.04999,310,206.95,117.65,1,1,1,1,,,,93735,190708.8
1513309500,1464.8,1478.95,1446.1,1456.45,1480.5304527609321,1500.7094606970315,0,0,0,1738,441.04999,310,206.95,117.65,1,1,1,1,,,,180260,191664.05
1513568700,1454.9,1504.9,1390,1459.55,1476.3343622087457,1496.967691542756,0,0,0,1738,441.04999,310,206.95,117.65,1,1,1,1,,,,263548,188080.9
1513655100,1473.65,1514.65,1465.05,1504.65,1481.9974897669965,1497.6660832206874,0,0,0,1738,441.04999,310,206.95,117.65,1,1,1,1,,,,215179,189431.7
1513741500,1504,1558,1490.55,1536.95,1492.9879918135973,1501.237348382443,0,0,0,1738,441.04999,310,206.95,117.65,1,1,1,1,,,,326856,201107.25
1513827900,1536,1580,1536,1543.45,1503.0803934508779,1505.0748621658574,0,0,0,1738,441.04999,310,206.95,117.65,1,1,1,1,,,,208901,205126.45
1513914300,1558,1668,1555,1627.45,1527.9543147607023,1516.199874696234,0,0,0,1738,441.04999,310,206.95,117.65,1,1,1,1,,,,725565,227885.55
1514259900,1639,1675,1633,1652.3,1552.823451808562,1528.5726133602127,0,0,0,1738,441.04999,310,206.95,117.65,1,1,1,1,,,,329536,237863.7
1514346300,1659.1,1674.2,1609,1630.45,1568.3487614468495,1537.8341939638296,0,0,0,1738,441.04999,310,206.95,117.65,1,1,1,1,,,,198971,228155.4
1514432700,1638.1,1644.7,1612.2,1626.75,1580.0290091574795,1545.917449058027,0,0,0,1738,441.04999,310,206.95,117.65,1,1,1,1,,,,87380,227279.45
1514519100,1638,1757,1632.8,1702.55,1604.5332073259835,1560.1567718709337,0,0,0,1738,441.04999,310,206.95,117.65,1,1,1,1,,,,582715,243927.95
1514778300,1713,1717,1650,1659.8,1615.5865658607868,1569.2152471553943,0,0,0,1738,441.04999,310,206.95,117.65,1,1,1,1,,,,156937,240446.35
1514864700,1675,1693,1620.1,1629.2,1618.3092526886294,1574.668406504904,0,0,0,1738,441.04999,310,206.95,117.65,1,1,1,1,,,,277655,247281.6
1514951100,1637,1656.85,1620.1,1628.55,1620.3574021509035,1579.5667331862762,0,0,0,1738,441.04999,310,206.95,117.65,1,1,1,1,,,,107151,248481.85
1515037500,1639.75,1639.75,1604.05,1613.55,1618.9959217207227,1582.656121078433,0,0,0,1738,441.04999,310,206.95,117.65,1,1,1,1,,,,80842,247260.65
1515123900,1615,1637.95,1593.1,1610.4,1617.2767373765782,1585.1782918894846,0,0,0,1757,441.04999,310,206.95,117.65,1,1,1,1,,,,109023,247795.45
1515383100,1625.95,1724,1594,1701.45,1634.1113899012626,1595.7484471722587,0,0,0,1757,441.04999,310,206.95,117.65,1,1,1,1,,,,579502,255950.65
1515469500,1717,1805,1695,1757.65,1658.81911192101,1610.4667701565988,0,0,0,1757,441.04999,310,206.95,117.65,1,1,1,1,,,,632134,280690.8
1515555900,1769.65,1823.9,1759,1776.1,1682.275289536808,1625.524336505999,0,0,0,1757,441.04999,310,206.95,117.65,1,1,1,1,,,,400880,295715.1
1515642300,1779.45,1807,1710.05,1729.4,1691.7002316294465,1634.9675786418172,0,0,0,1757,441.04999,310,206.95,117.65,1,1,1,1,,,,223954,289036.2
1515728700,1735.9,1759,1690.3,1712.65,1695.8901853035572,1642.0296169471067,0,0,0,1757,441.04999,310,206.95,117.65,1,1,1,1,,,,164433,292571.1
1515987900,1729,1760,1705,1720.7,1700.8521482428457,1649.1814699519152,0,0,0,1757,441.04999,310,206.95,117.65,1,1,1,1,,,,153862,291251.2
1516074300,1735,1735,1638.45,1644,1689.4817185942766,1648.710427229014,0,0,0,1757,441.04999,310,206.95,117.65,1,1,1,1,,,,157450,285946.3
1516160700,1644,1655.85,1496,1636.9,1678.9653748754213,1647.6367520263764,0,0,0,1823.9,441.04999,310,206.95,117.65,1,1,1,1,,,,177340,284054.35
1516247100,1655,1714.45,1542.1,1579.6,1659.092299900337,1641.4515927512512,0,0,0,1823.9,441.04999,310,206.95,117.65,1,1,1,1,,,,254444,280433.75
1516333500,1588.2,1633.9,1561.05,1601.25,1647.5238399202694,1637.7969025011373,0,0,0,1823.9,441.04999,310,206.95,117.65,1,1,1,1,,,,153916,277684.5
1516592700,1600,1627.45,1572,1590.7,1636.1590719362155,1633.5153659101247,0,0,0,1823.9,441.04999,310,206.95,117.65,1,1,1,1,,,,109789,246895.7
1516679100,1600,1626,1573,1580.7,1625.0672575489723,1628.7139690092042,0,0,0,1823.9,441.04999,310,206.95,117.65,1,1,1,1,,,,104013,235619.55
1516765500,1582,1600,1540,1545.25,1609.103806039178,1621.126335462913,0,0,0,1823.9,441.04999,310,206.95,117.65,1,1,1,1,,,,97188,230530.4
1516851900,1549.55,1560,1500,1509.1,1589.1030448313422,1610.9421231481026,0,0,0,1823.9,441.04999,310,206.95,117.65,1,1,1,1,,,,84556,230389.2
1517197500,1515,1526.45,1479.95,1483.15,1567.9124358650738,1599.324657407366,0,0,0,1823.9,441.04999,310,206.95,117.65,1,1,1,1,,,,92293,205868.1
1517283900,1480,1482,1412.15,1423.05,1538.939948692059,1583.2996885521509,0,0,0,1823.9,441.04999,310,206.95,117.65,1,1,1,1,,,,101773,203109.9
1517370300,1413,1423.5,1381.15,1399.95,1511.1419589536472,1566.63153504741,0,0,0,1823.9,441.04999,310,206.95,117.65,1,1,1,1,,,,121189,195286.6
1517456700,1409.7,1448,1361.1,1419.65,1492.8435671629177,1553.2695773158273,0,0,0,1823.9,441.04999,310,206.95,117.65,1,1,1,1,,,,154166,197637.35
1517543100,1407,1407,1274.8,1285.45,1451.364853730334,1528.9223430143884,0,0,0,1823.9,441.04999,310,206.95,117.65,1,1,1,1,,,,193530,203271.75
1517802300,1201.6,1325.15,1185.05,1305.75,1422.2418829842672,1508.6339481948985,0,0,0,1823.9,441.04999,310,206.95,117.65,1,1,1,1,,,,195697,207605.45
1517888700,1215.05,1317,1215.05,1292.3,1396.2535063874138,1488.9672256317258,0,0,0,1823.9,441.04999,310,206.95,117.65,1,1,1,1,,,,213025,189281.6
1517975100,1311,1350.65,1285.25,1300.85,1377.172805109931,1471.8656596652052,0,0,0,1823.9,441.04999,310,206.95,117.65,1,1,1,1,,,,128798,164114.8
1518061500,1312.9,1349.5,1312.85,1331.95,1368.1282440879447,1459.1460542410955,0,0,0,1823.9,441.04999,310,206.95,117.65,1,1,1,1,,,,103188,149230.2
1518147900,1300,1328,1283.05,1313,1357.1025952703558,1445.8600493100869,0,0,0,1823.9,441.04999,310,206.95,117.65,1,1,1,1,,,,99388,143001.9
1518407100,1329.95,1440,1329,1407.5,1367.1820762162847,1442.372772100079,0,0,0,1823.9,441.04999,310,206.95,117.65,1,1,1,1,,,,443405,156950.5
1518579900,1430,1490,1421.6,1430.95,1379.9356609730278,1441.334338272799,0,0,0,1823.9,441.04999,310,206.95,117.65,1,1,1,1,,,,225479,160531.35
1518666300,1445,1469.95,1414.05,1454.75,1394.8985287784221,1442.5539438843628,0,0,0,1823.9,441.04999,310,206.95,117.65,1,1,1,1,,,,207846,163051.15
1518752700,1469.95,1535.6,1460,1522.45,1420.4088230227378,1449.817221713057,0,0,0,1823.9,441.04999,310,206.95,117.65,1,1,1,1,,,,463471,177357.7
1519011900,1537.25,1575,1530.5,1564.35,1449.1970584181902,1460.2292924664155,0,0,0,1823.9,441.04999,310,206.95,117.65,1,1,1,1,,,,327602,181015.6
1519098300,1577.95,1578.6,1541,1557.15,1470.7876467345523,1469.0402658785595,0,0,0,1823.9,441.04999,310,206.95,117.65,1,1,1,1,,,,149282,180783.9
1519184700,1570,1570,1525.1,1533.7,1483.3701173876418,1474.9184235259631,0,0,0,1823.9,441.04999,310,206.95,117.65,1,1,1,1,,,,97659,180177.4
1519271100,1534.9,1535,1504.4,1522.55,1491.2060939101134,1479.2485668417846,0,0,0,1823.9,441.04999,310,206.95,117.65,1,1,1,1,,,,68888,178421.15
1519357500,1537.5,1588.95,1531.2,1551.5,1503.2648751280908,1485.816878947077,0,0,0,1823.9,441.04999,310,206.95,117.65,1,1,1,1,,,,168200,181971.75
1519616700,1565.25,1568.7,1506,1521.35,1506.8819001024726,1489.047162679161,0,0,0,1823.9,441.04999,310,206.95,117.65,1,1,1,1,,,,103517,182919.8
1519703100,1536,1536,1476.2,1490.65,1503.635520081978,1489.1928751628736,0,0,0,1823.9,441.04999,310,206.95,117.65,1,1,1,1,,,,85674,182588.85
1519789500,1470,1470.05,1415,1428.1,1488.5284160655824,1483.6389774207942,0,0,0,1823.9,441.04999,310,206.95,117.65,1,1,1,1,,,,145633,184781.85
1519875900,1429,1476,1398.05,1416.7,1474.162732852466,1477.5536158370855,0,0,0,1823.9,441.04999,310,206.95,117.65,1,1,1,1,,,,306442,194044.5
1520221500,1396.7,1434.95,1388.4,1414.2,1462.1701862819727,1471.7941962155323,0,0,0,1823.9,441.04999,310,206.95,117.65,1,1,1,1,,,,138836,193278
1520307900,1430.7,1445,1410,1416.15,1452.9661490255783,1466.7356329232111,0,0,0,1823.9,441.04999,310,206.95,117.65,1,1,1,1,,,,95538,188378.4
1520394300,1400.1,1413.7,1372.5,1382.75,1438.9229192204625,1459.1005753847373,0,0,0,1823.9,441.04999,310,206.95,117.65,1,1,1,1,,,,115219,184354.5
1520480700,1390,1403.65,1341.5,1352.15,1421.56833537637,1449.3777958043067,0,0,0,1823.9,441.04999,310,206.95,117.65,1,1,1,1,,,,119469,179676.7
1520567100,1359.8,1369,1335,1346.65,1406.584668301096,1440.0389052766425,0,0,0,1823.9,441.04999,310,206.95,117.65,1,1,1,1,,,,132463,179859.95
1520826300,1373,1373.7,1342.55,1349.9,1395.2477346408768,1431.8444593424022,0,0,0,1823.9,441.04999,310,206.95,117.65,1,1,1,1,,,,86354,179018.25
1520912700,1345,1376,1331.5,1346.75,1385.5481877127015,1424.1085994021837,0,0,0,1823.9,441.04999,310,206.95,117.65,1,1,1,1,,,,130101,180553.9
1520999100,1340,1342,1277,1295.5,1367.5385501701612,1412.4169085474398,0,0,0,1823.9,441.04999,310,206.95,117.65,1,1,1,1,,,,165204,166643.85
1521085500,1299,1317.95,1270,1274.6,1348.950840136129,1399.8880986794907,0,0,0,1823.9,441.04999,310,206.95,117.65,1,1,1,1,,,,158188,163279.3
1521171900,1283.7,1310,1170,1214.65,1322.0906721089032,1383.0482715268097,1,0,0,1823.9,441.04999,310,206.95,117.65,1,2,1,1,1,,,795878,192680.9
1521431100,1229.7,1236.95,1180,1187.6,1295.1925376871225,1365.2802468425543,0,0,0,1823.9,441.04999,310,206.95,117.65,1,2,1,1,,,,167965,177905.6
1521517500,1178,1239.5,1155.55,1202.85,1276.724030149698,1350.5138607659585,0,0,0,1823.9,441.04999,310,206.95,117.65,1,2,1,1,,,,323286,177689.8
1521603900,1221,1231.95,1182,1189.5,1259.2792241197583,1335.8762370599622,0,0,0,1823.9,441.04999,310,206.95,117.65,1,2,1,1,,,,169497,178700.55
1521690300,1183.55,1205,1150,1158,1239.0233792958065,1319.705670054511,0,0,0,1823.9,441.04999,310,206.95,117.65,1,2,1,1,,,,164427,182038.95
1521776700,1135,1135,1101.1,1111.2,1213.4587034366452,1300.7506091404646,0,0,0,1823.9,441.04999,310,206.95,117.65,1,2,1,1,,,,182450,187717.05
1522035900,1112.35,1140,1082,1132.75,1197.3169627493162,1285.4778264913314,0,0,0,1823.9,441.04999,310,206.95,117.65,1,2,1,1,,,,243827,191498.4
1522122300,1145,1212,1145,1179.1,1193.673570199453,1275.8071149921195,0,0,0,1823.9,441.04999,310,206.95,117.65,1,2,1,1,,,,408057,206725.4
1522208700,1177.9,1207.7,1156.7,1170.8,1189.0988561595625,1266.2610136291996,0,0,0,1823.9,441.04999,310,206.95,117.65,1,2,1,1,,,,201341,212508.75
1522640700,1196,1276,1187.2,1238,1198.87908492765,1263.6918305719996,0,0,0,1823.9,441.04999,310,206.95,117.65,1,2,1,1,,,,486539,229554.05
1522727100,1248,1309,1231.75,1292.3,1217.5632679421199,1266.2925732472725,0,0,0,1823.9,441.04999,310,206.95,117.65,1,2,1,1,,,,279871,228225.5
1522813500,1302.75,1305,1225,1234.1,1220.8706143536958,1263.3659756793386,0,0,0,1823.9,441.04999,310,206.95,117.65,1,2,1,1,,,,275156,235041.5
1522899900,1258.9,1267.8,1241.5,1257.6,1228.2164914829566,1262.841796072126,0,0,0,1823.9,441.04999,310,206.95,117.65,1,2,1,1,,,,151629,237846.05
1522986300,1260,1305,1251.05,1296.1,1241.7931931863652,1265.8652691564782,0,0,0,1823.9,441.04999,310,206.95,117.65,1,2,1,1,,,,306413,247405.75
1523245500,1300,1325.5,1252,1262.3,1245.8945545490922,1265.5411537786165,0,0,0,1823.9,441.04999,310,206.95,117.65,1,2,1,1,,,,434829,263173.75
1523331900,1273.5,1275.9,1222,1229.85,1242.6856436392736,1262.296503435106,0,0,0,1823.9,441.04999,310,206.95,117.65,1,2,1,1,,,,202494,266675.3
1523418300,1239.9,1268.45,1223.1,1259.4,1246.0285149114188,1262.0331849410054,0,0,0,1823.9,441.04999,310,206.95,117.65,1,2,1,1,,,,179929,271354.05
1523504700,1251,1287,1251,1261.15,1249.052811929135,1261.952895400914,0,0,0,1823.9,441.04999,310,206.95,117.65,1,2,1,1,,,,235477,276622.85
1523591100,1267.9,1329,1265,1290.7,1257.382249543308,1264.5662685462855,0,0,0,1823.9,441.04999,310,206.95,117.65,1,2,1,1,,,,714999,304112.6
1523850300,1279.6,1324.8,1272,1299.8,1265.8657996346465,1267.7693350420777,0,0,0,1823.9,441.04999,310,206.95,117.65,1,2,1,1,,,,486369,320521.65
1523936700,1306,1310.1,1248.05,1270.25,1266.7426397077172,1267.9948500382525,0,0,0,1823.9,441.04999,310,206.95,117.65,1,2,1,1,,,,336129,297534.2
1524023100,1281,1395,1270,1368.95,1287.1841117661738,1277.172590943866,0,0,0,1823.9,441.04999,310,206.95,117.65,1,2,1,1,,,,1414411,359856.5
1524109500,1391.8,1511.7,1382.05,1488.35,1327.417289412939,1296.3705372216964,0,0,1,1823.9,441.04999,310,206.95,117.65,1,1,1,1,,,1,1455540,416469.2
1524195900,1495.05,1568,1456,1536.2,1369.1738315303512,1318.1732156560877,0,0,0,1823.9,441.04999,310,206.95,117.65,1,1,1,1,,,,1084222,462205.45
1524455100,1533,1625,1503.6,1554.3,1406.199065224281,1339.6392869600797,0,0,0,1823.9,441.04999,310,206.95,117.65,1,1,1,1,,,,908959,499432.05
1524541500,1565,1619.9,1550,1594.35,1443.8292521794247,1362.7948063273452,0,0,0,1823.9,441.04999,310,206.95,117.65,1,1,1,1,,,,574094,519014.25
1524627900,1584.5,1624,1512.45,1536.85,1462.4334017435397,1378.618005752132,0,0,0,1823.9,441.04999,310,206.95,117.65,1,1,1,1,,,,647280,539186.9
1524714300,1545.1,1570,1514.9,1560.25,1481.9967213948316,1395.1300052292108,0,0,0,1823.9,441.04999,310,206.95,117.65,1,1,1,1,,,,229383,530253.2
1524800700,1571.2,1620,1552.35,1566.25,1498.8473771158654,1410.6863683901918,0,0,0,1823.9,441.04999,310,206.95,117.65,1,1,1,1,,,,292560,534814.15
1525059900,1583,1640,1553.15,1626.95,1524.4679016926923,1430.346698536538,0,0,0,1823.9,441.04999,310,206.95,117.65,1,1,1,1,,,,503599,535667.15
1525232700,1635,1655,1520,1538.65,1527.304321354154,1440.1924532150347,0,0,0,1823.9,441.04999,310,206.95,117.65,1,1,1,1,,,,476876,545517.4
1525319100,1538.35,1539.9,1480,1494.7,1520.7834570833231,1445.1476847409406,0,0,0,1823.9,441.04999,310,206.95,117.65,1,1,1,1,,,,194341,541476.65
1525405500,1496.1,1526.75,1482.55,1514.55,1519.5367656666585,1451.4569861281277,0,0,0,1823.9,441.04999,310,206.95,117.65,1,1,1,1,,,,229757,545383.05
1525664700,1525,1620,1510,1607.8,1537.1894125333267,1465.669987389207,0,0,0,1823.9,441.04999,310,206.95,117.65,1,1,1,1,,,,506947,555409.75
1525751100,1620,1639,1599.35,1617.45,1553.2415300266614,1479.4681703538247,0,0,0,1823.9,441.04999,310,206.95,117.65,1,1,1,1,,,,256675,546502.05
1525837500,1612,1635,1570,1588.1,1560.213224021329,1489.3437912307497,0,0,0,1655,1082,,,,1,1,1,1,,,,325559,552655.3
1525923900,1585,1598.65,1529.15,1551.1,1558.3905792170633,1494.9579920279543,0,0,0,1655,1082,,,,1,1,1,1,,,,275546,557436.15
1526010300,1552,1575,1544.05,1568.15,1560.3424633736506,1501.6118109345039,0,0,0,1655,1082,,,,1,1,1,1,,,,147022,553013.4
1526269500,1574.8,1574.8,1515.1,1522.3,1552.7339706989205,1503.4925553950036,0,0,0,1655,1082,,,,1,1,1,1,,,,81199,521323.4
1526355900,1533.25,1615,1470.6,1484.1,1539.0071765591365,1501.7295958136397,0,0,0,1655,1082,,,,1,1,1,1,,,,631040,528556.95
1526442300,1486.95,1509.5,1460,1470.9,1525.3857412473092,1498.926905285127,0,0,0,1655,1082,,,,1,1,1,1,,,,215716,522536.3
1526528700,1480,1506.5,1474,1491.3,1518.5685929978474,1498.2335502592064,0,0,0,1655,1082,,,,1,1,1,1,,,,135516,458591.55
1526615100,1499.7,1534.85,1472.6,1514.4,1517.734874398278,1499.7032275083695,0,0,0,1655,1082,,,,1,1,1,1,,,,317712,401700.15
1526874300,1520,1525,1476,1500.1,1514.2078995186223,1499.7392977348813,0,0,0,1655,1082,,,,1,1,1,1,,,,224766,358727.35
1526960700,1455,1525,1421.6,1504.85,1512.3363196148978,1500.2039070317103,0,0,0,1655,1082,,,,1,1,1,1,,,,275694,327064.1
1527047100,1488.6,1558,1480,1491.1,1508.0890556919182,1499.3762791197366,0,0,0,1655,1082,,,,1,1,1,1,,,,470772,321898
1527133500,1505.05,1528,1465,1484.3,1503.3312445535346,1498.0057082906696,0,0,0,1655,1082,,,,1,1,1,1,,,,256374,302352.7
1527219900,1497,1514.65,1480.15,1505.05,1503.6749956428278,1498.6460984460632,0,0,0,1655,1082,,,,1,1,1,1,,,,205144,301140.75
1527479100,1509,1554,1505.25,1532.2,1509.3799965142623,1501.6964531327847,0,0,0,1655,1082,,,,1,1,1,1,,,,199778,296501.65
1527565500,1535,1565.05,1521.75,1537,1514.90399721141,1504.9058664843496,0,0,0,1655,1082,,,,1,1,1,1,,,,154794,279061.4
1527651900,1544.7,1584,1524,1571.95,1526.313197769128,1511.0007877130452,0,0,0,1655,1082,,,,1,1,1,1,,,,345017,272468.45
1527738300,1585.05,1661.3,1562,1612.75,1543.6005582153025,1520.2507161027684,0,0,0,1655,1082,,,,1,1,1,1,,,,724583,298980.55
1527824700,1616.7,1620.85,1530,1539.4,1542.760446572242,1521.9915600934257,0,0,0,1655,1082,,,,1,1,1,1,,,,241257,299555.55
1528083900,1553,1555,1470.6,1479.4,1530.0883572577936,1518.1196000849325,0,0,0,1655,1082,,,,1,1,1,1,,,,252628,286839.6
1528170300,1475,1484,1382,1423.2,1508.710685806235,1509.4905455317569,0,0,0,1655,1082,,,,1,1,1,1,,,,204914,284251.55
1528256700,1416.05,1473.7,1386.4,1464,1499.768548644988,1505.3550413925063,0,0,0,1655,1082,,,,1,1,1,1,,,,185321,277239.65
1528343100,1482,1514.75,1478,1497.25,1499.2648389159904,1504.618219447733,0,0,0,1661.3,1082,,,,1,1,1,1,,,,174419,272183.3
1528429500,1509,1525,1487,1503.95,1500.2018711327923,1504.5574722252118,0,0,0,1661.3,1082,,,,1,1,1,1,,,,146544,272159.4
1528688700,1505,1528.1,1490,1509.3,1502.0214969062338,1504.988611113829,0,0,0,1661.3,1082,,,,1,1,1,1,,,,146505,275424.7
1528775100,1519.15,1553,1504.05,1529.1,1507.437197524987,1507.1805555580263,0,0,0,1661.3,1082,,,,1,1,1,1,,,,173748,252560.1
1528861500,1530,1559.8,1523,1547.75,1515.4997580199895,1510.868686870933,0,0,0,1661.3,1082,,,,1,1,1,1,,,,215797,252564.15
1528947900,1555.95,1555.95,1537,1548,1521.9998064159915,1514.2442607917574,0,0,0,1661.3,1082,,,,1,1,1,1,,,,100872,250831.95
1529034300,1559.95,1579,1520,1541,1525.7998451327933,1516.6766007197793,0,0,0,1661.3,1082,,,,1,1,1,1,,,,222245,246058.6
1529293500,1550,1561,1523.25,1531.4,1526.9198761062346,1518.0150915634358,0,0,0,1661.3,1082,,,,1,1,1,1,,,,82112,238925.9
1529379900,1540.15,1540.15,1466,1481.4,1517.8159008849877,1514.6864468758508,0,0,0,1661.3,1082,,,,1,1,1,1,,,,88590,229570.7
1529466300,1483,1538.9,1483,1528.15,1519.8827207079903,1515.9104062507736,0,0,0,1661.3,1082,,,,1,1,1,1,,,,211775,216620.85
1529552700,1525.1,1525.1,1476,1480.45,1511.9961765663923,1512.6867329552488,0,0,0,1661.3,1082,,,,1,1,1,1,,,,110173,209310.8
1529639100,1480.1,1508,1480.05,1488.85,1507.3669412531137,1510.5197572320444,0,0,0,1661.3,1082,,,,1,1,1,1,,,,74351,202771.15
1529898300,1494.25,1524.95,1480.05,1485.65,1503.023553002491,1508.2588702109495,0,0,0,1661.3,1082,,,,1,1,1,1,,,,176106,201587.55
1529984700,1485,1496.95,1468.25,1477.35,1497.8888424019929,1505.448972919045,0,0,0,1661.3,1082,,,,1,1,1,1,,,,51860,196440.85
1530071100,1484,1509,1407.55,1423.05,1482.9210739215944,1497.9581571991318,0,0,0,1661.3,1082,,,,1,1,1,1,,,,161267,187253.35
1530157500,1420,1429.9,1388.55,1408.65,1468.0668591372755,1489.8392338173926,0,0,0,1661.3,1082,,,,1,1,1,1,,,,99196,155984
1530243900,1419.2,1459.5,1419.2,1443.9,1463.2334873098205,1485.6629398339933,0,0,0,1661.3,1082,,,,1,1,1,1,,,,121000,149971.15
1530503100,1454.9,1454.9,1404,1421.75,1454.9367898478563,1479.8526725763575,0,0,0,1661.3,1082,,,,1,1,1,1,,,,86547,141667.1
1530589500,1429,1439.95,1409.7,1425.15,1448.9794318782851,1474.8797023421432,0,0,0,1661.3,1082,,,,1,1,1,1,,,,72235,135033.15
1530675900,1437.95,1456.95,1412.25,1437.1,1446.603545502628,1471.445183947403,0,0,0,1661.3,1082,,,,1,1,1,1,,,,110263,131280.25
1530762300,1437,1462.6,1426.2,1436.95,1444.6728364021026,1468.3092581340027,0,0,0,1661.3,1082,,,,1,1,1,1,,,,99212,127519.9
1530848700,1437,1459,1423.05,1450.1,1445.7582691216821,1466.6538710309114,0,0,0,1661.3,1082,,,,1,1,1,1,,,,67122,123548.8
1531107900,1464,1532,1446.3,1516.15,1459.8366152973458,1471.1535191190103,0,0,0,1661.3,1082,,,,1,1,1,1,,,,315272,131987.15
1531194300,1540,1594.7,1539.45,1580.35,1483.9392922378765,1481.080471926373,0,0,0,1661.3,1082,,,,1,1,1,1,,,,289631,137781.3
1531280700,1572,1572,1534,1550.45,1497.2414337903012,1487.386792660339,0,0,0,1661.3,1082,,,,1,1,1,1,,,,144548,134218.85
1531367100,1565.7,1572,1492.25,1540,1505.793147032241,1492.169811509399,0,0,0,1661.3,1082,,,,1,1,1,1,,,,104178,134384.15
1531453500,1544.9,1544.9,1497.1,1521.45,1508.9245176257928,1494.8316468267265,0,0,0,1661.3,1082,,,,1,1,1,1,,,,88346,127689.2
1531712700,1511.1,1556,1495,1508.45,1508.8296141006342,1496.0696789333876,0,0,0,1661.3,1082,,,,1,1,1,1,,,,159029,131535.05
1531799100,1511,1535,1493.05,1498.95,1506.8536912805073,1496.3315263030797,0,0,0,1661.3,1082,,,,1,1,1,1,,,,85298,131370.45
1531885500,1508,1514.55,1468,1475,1500.4829530244058,1494.3922966391633,0,0,0,1661.3,1082,,,,1,1,1,1,,,,77989,124681.15
1531971900,1471.05,1481.9,1440,1459.75,1492.3363624195247,1491.242996944694,0,0,0,1661.3,1082,,,,1,1,1,1,,,,178466,128095.8
1532058300,1452.5,1478.9,1439.95,1463.75,1486.6190899356197,1488.7436335860855,0,0,0,1661.3,1082,,,,1,1,1,1,,,,125388,130647.65
1532317500,1473,1483.25,1451.15,1459.25,1481.1452719484957,1486.0623941691686,0,0,0,1661.3,1082,,,,1,1,1,1,,,,39839,123834.3
1532403900,1461,1515,1452.55,1490.15,1482.9462175587967,1486.433994699244,0,0,0,1661.3,1082,,,,1,1,1,1,,,,131719,127827.25
1532490300,1498.9,1525,1485,1498.85,1486.1269740470373,1487.5627224538582,0,0,0,1661.3,1082,,,,1,1,1,1,,,,103361,124931.95
1532576700,1508.3,1521.8,1495,1501.55,1489.2115792376298,1488.834293139871,0,0,0,1661.3,1082,,,,1,1,1,1,,,,54073,122675.8
1532663100,1514,1535.8,1503,1528.2,1497.0092633901038,1492.4129937635191,0,0,0,1661.3,1082,,,,1,1,1,1,,,,93689,121310.25
1532922300,1537.85,1578,1514.45,1555.3,1508.667410712083,1498.1299943304718,0,0,0,1661.3,1082,,,,1,1,1,1,,,,191521,126558.95
1533008700,1564,1568.8,1532.3,1559.05,1518.7439285696664,1503.6681766640654,0,0,0,1661.3,1082,,,,1,1,1,1,,,,75993,126746.85
1533095100,1560,1579,1527.9,1537.45,1522.485142855733,1506.7392515127867,0,0,0,1661.3,1082,,,,1,1,1,1,,,,116328,127050.1
1533181500,1544.4,1568,1525,1546.65,1527.3181142845865,1510.3675013752606,0,0,0,1661.3,1082,,,,1,1,1,1,,,,78072,125993.1
1533267900,1548,1629.9,1548,1614.7,1544.7944914276693,1519.8522739775096,0,0,0,1661.3,1082,,,,1,1,1,1,,,,391427,142208.35
1533527100,1620,1635,1570,1579.6,1551.7555931421355,1525.2838854340996,0,0,0,1661.3,1082,,,,1,1,1,1,,,,212699,137079.7
1533613500,1590,1599,1539.7,1544.35,1550.2744745137084,1527.0171685764542,0,0,0,1661.3,1082,,,,1,1,1,1,,,,135965,129396.4
1533699900,1549,1630,1549,1577.35,1555.6895796109666,1531.5928805240492,0,0,0,1661.3,1082,,,,1,1,1,1,,,,432738,143805.9
1533786300,1552,1598,1552,1565.85,1557.7216636887733,1534.707164112772,0,0,0,1661.3,1082,,,,1,1,1,1,,,,93663,143280.15
1533872700,1568,1579.65,1548.2,1561.15,1558.4073309510186,1537.1110582843382,0,0,0,1661.3,1082,,,,1,1,1,1,,,,68137,142269.7
1534131900,1550.5,1567,1535,1550.1,1556.7458647608148,1538.2918711675802,0,0,0,1661.3,1082,,,,1,1,1,1,,,,76371,138136.8
1534218300,1555.05,1570,1530,1536.75,1552.7466918086518,1538.1517010614366,0,0,0,1661.3,1082,,,,1,1,1,1,,,,65008,137122.3
1534391100,1534,1564.9,1530,1544.3,1551.0573534469215,1538.7106373285787,0,0,0,1661.3,1082,,,,1,1,1,1,,,,106869,138566.3
1534477500,1546,1569,1542.85,1563.6,1553.565882757537,1540.9733066623444,0,0,0,1661.3,1082,,,,1,1,1,1,,,,57887,132537.35
1534736700,1566,1605,1566,1578.45,1558.5427062060296,1544.3802787839495,0,0,0,1661.3,1082,,,,1,1,1,1,,,,151482,133842.05
1534823100,1584,1697,1565.05,1673.6,1581.5541649648237,1556.1275261672267,0,0,0,1661.3,1082,,,,1,1,1,1,,,,583713,161035.75
1534995900,1688,2008.3,1683.05,1954.9,1656.223331971859,1592.3795692429335,0,0,0,1661.3,1082,,,,1,1,1,1,,,,2357185,272309.05
1535082300,1990,2115,1862,1929.95,1710.9686655774872,1623.0677902208486,0,0,0,1661.3,1082,,,,1,1,1,1,,,,2564992,395390.6
1535341500,1940,2029.9,1894.35,1996.7,1768.1149324619898,1657.034354746226,0,0,0,1661.3,1082,,,,1,1,1,1,,,,1087458,447059.85
1535427900,1999,2040,1951.2,1991.85,1812.861945969592,1687.4721406783872,0,0,0,1661.3,1082,,,,1,1,1,1,,,,602100,472480.4
1535514300,1982,2012.7,1945.2,1954.45,1841.1795567756735,1711.7428551621701,0,0,0,1661.3,1082,,,,1,1,1,1,,,,284792,477143.95
1535600700,1960.25,1971.25,1910,1916.05,1856.1536454205389,1730.3162319656092,0,0,0,1661.3,1082,,,,1,1,1,1,,,,185979,482643.25
1535687100,1916,1935,1857.55,1866.3,1858.1829163364312,1742.6783926960084,0,0,0,2115,1082,441.04999,310,206.95,1,1,1,1,,,,208575,487255.6
1535946300,1875.65,1968.9,1842,1879.6,1862.4663330691449,1755.1258115418257,0,0,0,2115,1082,441.04999,310,206.95,1,1,1,1,,,,538975,510300.75
1536032700,1883.55,1934,1821,1839.4,1857.853066455316,1762.7871014016598,0,0,0,2115,1082,441.04999,310,206.95,1,1,1,1,,,,336263,507542.55
1536119100,1829.4,1874.7,1758.5,1854.75,1857.2324531642528,1771.1473649106,0,0,0,2115,1082,441.04999,310,206.95,1,1,1,1,,,,393144,516564.8
1536205500,1860,1882,1812.05,1827.45,1851.2759625314022,1776.2657862823635,0,0,0,2115,1082,441.04999,310,206.95,1,1,1,1,,,,191569,519345
1536291900,1833,1838.4,1783,1799,1840.8207700251219,1778.3325329839668,0,0,0,2115,1082,441.04999,310,206.95,1,1,1,1,,,,187866,507101.4
1536551100,1801,1820,1738,1746.35,1821.9266160200975,1775.4250299854243,0,0,0,2115,1082,441.04999,310,206.95,1,1,1,1,,,,167800,510808.25
1536637500,1755.45,1772.7,1692,1700.6,1797.661292816078,1768.622754532204,0,0,0,2115,1082,441.04999,310,206.95,1,1,1,1,,,,201094,517456.1
1536723900,1701.05,1724.5,1675.35,1693.35,1776.7990342528624,1761.7797768474582,0,0,0,2115,1082,441.04999,310,206.95,1,1,1,1,,,,203613,523818.2
1536896700,1705.15,1744,1680,1726.4,1766.71922740229,1758.5634334976892,0,0,0,2115,1082,441.04999,310,206.95,1,1,1,1,,,,244869,532811.25
1537155900,1709,1709,1660,1668.3,1747.035381921832,1750.357666816081,0,0,0,2115,1082,441.04999,310,206.95,1,1,1,1,,,,171611,536048.35
1537242300,1668,1748,1665,1677.15,1733.0583055374655,1743.7024243782555,0,0,0,2115,1082,441.04999,310,206.95,1,1,1,1,,,,421719,554239.95
1537328700,1696.9,1738.7,1651.25,1661.1,1718.6666444299724,1736.1931130711414,0,0,0,2115,1082,441.04999,310,206.95,1,1,1,1,,,,349649,564148.3
1537501500,1676.9,1688,1328.9,1515.15,1677.9633155439778,1716.0982846101285,0,0,0,2115,1082,441.04999,310,206.95,1,1,1,1,,,,538187,561872
1537760700,1524.35,1530,1356.15,1377.05,1617.7806524351822,1685.275713281935,0,0,0,2115,1082,441.04999,310,206.95,4,1,1,1,,,,347474,461386.45
1537847100,1380,1475.65,1301,1442.8,1582.7845219481458,1663.2324666199409,0,0,0,2115,1082,441.04999,310,206.95,4,1,1,1,,,,759512,371112.45
1537933500,1463.45,1481.75,1411.5,1426.9,1551.6076175585167,1641.747696927219,0,0,0,2115,1082,441.04999,310,206.95,4,1,1,1,,,,270758,330277.45
1538019900,1432.7,1437.15,1362.1,1371.05,1515.4960940468134,1617.1388153883809,0,0,0,2115,1082,441.04999,310,206.95,4,1,1,1,,,,131235,306734.2
1538106300,1379.9,1388.75,1285.6,1312.1,1474.8168752374506,1589.4080139894372,0,0,0,2115,1082,441.04999,310,206.95,4,1,1,1,,,,250920,305040.6
1538365500,1314.1,1330,1251,1314.6,1442.7735001899605,1564.4254672631248,0,0,0,2115,1082,441.04999,310,206.95,4,1,1,1,,,,317241,311603.7
1538538300,1304,1350,1286.55,1311.2,1416.4588001519685,1541.4049702392044,0,0,0,2115,1082,441.04999,310,206.95,4,1,1,1,,,,215818,311965.85
1538624700,1270,1290,1230.95,1248.55,1382.8770401215747,1514.7817911265495,0,0,0,2115,1082,441.04999,310,206.95,4,1,1,1,,,,177651,293899.65
1538711100,1240,1254,1170.2,1182.4,1342.7816320972597,1484.5652646604995,0,0,0,2115,1082,441.04999,310,206.95,4,1,1,1,,,,343757,294274.35
1538970300,1182,1244.7,1160.4,1214.85,1317.1953056778077,1460.0456951459087,0,0,0,2115,1082,441.04999,310,206.95,4,1,1,1,,,,325603,290897.3
1539056700,1286.85,1294,1221.35,1237.5,1301.2562445422461,1439.8142683144624,0,0,0,2115,1082,441.04999,310,206.95,4,1,1,1,,,,278828,295260.25
1539143100,1240,1312.95,1233.5,1288.55,1298.714995633797,1426.062971194966,0,0,0,2115,1082,441.04999,310,206.95,4,1,1,1,,,,250819,298407.9
1539229500,1229,1294.4,1206,1267.25,1292.4219965070374,1411.62542835906,0,0,0,2115,1082,441.04999,310,206.95,4,1,1,1,,,,157926,297914.2
1539315900,1285,1366,1285,1325.6,1299.05759720563,1403.8049348718725,0,0,0,2115,1082,441.04999,310,206.95,4,1,1,1,,,,295654,302642.2
1539575100,1320,1345,1282,1297.9,1298.826077764504,1394.1772135198842,0,0,0,2115,1082,441.04999,310,206.95,4,1,1,1,,,,221139,303518.5
1539661500,1305.25,1331.65,1298.75,1311.85,1301.4308622116032,1386.692921381713,0,0,0,2115,1082,441.04999,310,206.95,4,1,1,1,,,,128481,297699.1
1539747900,1325.3,1336,1252,1262,1293.5446897692825,1375.3572012561026,0,0,0,2115,1082,441.04999,310,206.95,4,1,1,1,,,,143037,296270.4
1539920700,1260,1268.35,1202,1219.5,1278.735751815426,1361.1883647782752,0,0,0,2115,1082,441.04999,310,206.95,4,1,1,1,,,,124864,281427.65
1540179900,1221,1232.45,1203.2,1221.1,1267.2086014523409,1348.453058889341,0,0,0,2115,1082,441.04999,310,206.95,4,1,1,1,,,,85651,268227.75
1540266300,1204.85,1219.7,1176.4,1184.25,1250.6168811618727,1333.5255080812192,0,0,0,2115,1082,441.04999,310,206.95,4,1,1,1,,,,119378,247287.3
1540352700,1200,1215.65,1180,1192.15,1238.9235049294982,1320.6731891647448,0,0,0,2115,1082,441.04999,310,206.95,4,1,1,1,,,,89558,234391.5
1540439100,1184,1210,1160,1187.35,1228.6088039435986,1308.552899240677,0,0,0,2115,1082,441.04999,310,206.95,4,1,1,1,,,,65512,199691.5
1540525500,1187.1,1224,1174.95,1185.2,1219.927043154879,1297.3389993097064,0,0,0,2115,1082,441.04999,310,206.95,4,1,1,1,,,,125624,192434.8
1540784700,1201.3,1222.55,1191.1,1195.25,1214.991634523903,1288.0581811906422,0,0,0,2115,1082,441.04999,310,206.95,4,1,1,1,,,,98013,190773.7
1540871100,1208,1223.55,1185.1,1204.05,1212.8033076191225,1280.4210738096747,0,0,0,2115,1082,441.04999,310,206.95,4,1,1,1,,,,145393,185497.35
1540957500,1206,1304,1205.45,1293.65,1228.972646095298,1281.6237034633407,0,0,0,2115,1082,441.04999,310,206.95,4,1,1,1,,,,349704,187120.5
1541043900,1310,1418.85,1307,1392,1261.5781168762383,1291.6579122394007,0,0,0,2115,1082,441.04999,310,206.95,4,1,1,1,,,,663183,209488.75
1541130300,1409,1440,1352.1,1364.85,1282.2324935009906,1298.3117383994552,0,0,0,2115,1082,441.04999,310,206.95,4,1,1,1,,,,223844,211798.4
1541389500,1363,1376.8,1335,1362.1,1298.2059948007925,1304.110671272232,0,0,0,2115,1082,441.04999,310,206.95,4,1,1,1,,,,84142,198817.65
1541475900,1368,1411,1363,1379.35,1314.434795840634,1310.9506102474836,0,0,0,2115,1082,441.04999,310,206.95,4,1,1,1,,,,211375,193106.25
1541562300,1386,1392,1370,1379.65,1327.4778366725072,1317.1960093158941,0,0,0,2115,1082,441.04999,310,206.95,4,1,1,1,,,,24425,180386.1
1541735100,1384,1397.7,1362.05,1382.9,1338.5622693380058,1323.1690993780855,0,0,0,2115,1082,441.04999,310,206.95,4,1,1,1,,,,73467,171518.5
1541994300,1395.7,1424.9,1395,1411,1353.0498154704046,1331.1537267073504,0,0,0,2115,1082,441.04999,310,206.95,4,1,1,1,,,,203448,173794.6
1542080700,1407.9,1433.7,1371.55,1414.4,1365.3198523763238,1338.721569733955,0,0,0,2115,1082,441.04999,310,206.95,4,1,1,1,,,,186003,168312.05
1542167100,1411,1433,1371,1382.05,1368.665881901059,1342.6605179399592,0,0,0,2115,1082,441.04999,310,206.95,4,1,1,1,,,,124665,163488.35
1542253500,1380,1412.8,1350,1354.9,1365.9127055208473,1343.7731981272357,0,0,0,2115,1082,441.04999,310,206.95,4,1,1,1,,,,128505,163489.55
1542339900,1357.2,1385,1350,1362.2,1365.1701644166778,1345.4483619338507,0,0,0,2115,1082,441.04999,310,206.95,4,1,1,1,,,,95527,161114.05
1542599100,1362.2,1376,1353.8,1369.45,1366.0261315333423,1347.6303290307733,0,0,0,2115,1082,441.04999,310,206.95,4,1,1,1,,,,52947,157518.2
1542685500,1361,1370.35,1328.5,1332.6,1359.3409052266738,1346.2639354825212,0,0,0,2115,1082,441.04999,310,206.95,4,1,1,1,,,,55410,156006.15
1542771900,1334,1366.4,1330,1351.1,1357.6927241813391,1346.7035777113829,0,0,0,2115,1082,441.04999,310,206.95,4,1,1,1,,,,116919,155883.2
1542858300,1359,1372,1337,1342.65,1354.6841793450712,1346.3350706467118,0,0,0,2115,1082,441.04999,310,206.95,4,1,1,1,,,,60502,154430.4
1543203900,1350.85,1350.85,1316,1331.3,1350.007343476057,1344.9682460424651,0,0,0,2115,1082,441.04999,310,206.95,4,1,1,1,,,,54559,153882.75
1543290300,1322,1353,1319,1341.9,1348.3858747808456,1344.6893145840593,0,0,0,2115,1082,441.04999,310,206.95,4,1,1,1,,,,55673,150385.2
1543376700,1345.1,1357.7,1321,1327.1,1344.1286998246765,1343.0902859855084,0,0,0,2115,1082,441.04999,310,206.95,4,1,1,1,,,,47576,147863.35
1543463100,1330.1,1348,1329.25,1332.05,1341.7129598597412,1342.0866236231896,0,0,0,2115,1082,441.04999,310,206.95,4,1,1,1,,,,49582,143072.8
1543549500,1337.9,1385,1331,1380.25,1349.420367887793,1345.556021475627,0,0,0,2115,1082,441.04999,310,206.95,4,1,1,1,,,,155044,133339.8
1543808700,1382,1404.9,1362,1373.25,1354.1862943102344,1348.0736558869337,0,0,0,2115,1082,441.04999,310,206.95,4,1,1,1,,,,113726,105866.95
1543895100,1361,1372,1345,1353.2,1353.9890354481875,1348.5396871699397,0,0,0,2115,1082,441.04999,310,206.95,4,1,1,1,,,,41927,96771.1
1543981500,1345,1346,1322,1327.3,1348.65122835855,1346.608806518127,0,0,0,2115,1082,441.04999,310,206.95,4,1,1,1,,,,43111,94719.55
1544067900,1314,1329.9,1300.35,1308.3,1340.5809826868401,1343.1261877437519,0,0,0,2115,1082,441.04999,310,206.95,4,1,1,1,,,,55122,86906.9
1544154300,1310,1335.85,1301,1308.9,1334.244786149472,1340.0147161306836,0,0,0,2115,1082,441.04999,310,206.95,4,1,1,1,,,,46005,87985.9
1544413500,1270,1286.95,1208.1,1230.25,1313.4458289195777,1330.0361055733488,0,0,0,2115,1082,441.04999,310,206.95,4,1,1,1,,,,66151,87620.1
1544499900,1189.95,1247.75,1182,1236.8,1298.116663135662,1321.5600959757717,0,0,0,2115,1082,441.04999,310,206.95,4,1,1,1,,,,137539,84324.65
1544586300,1244.9,1314,1243,1305.1,1299.5133305085296,1320.063723614338,0,0,0,2115,1082,441.04999,310,206.95,4,1,1,1,,,,177986,83923.8
1544672700,1316,1339,1301.75,1309,1301.4106644068238,1319.057930558489,0,0,0,2115,1082,441.04999,310,206.95,4,1,1,1,,,,99880,82684.55
1544759100,1309,1337,1296,1321.35,1305.398531525459,1319.2663005077172,0,0,0,2115,1082,441.04999,310,206.95,4,1,1,1,,,,84899,80504.25
1545018300,1320.05,1345,1310,1337.35,1311.7888252203672,1320.9102731888338,0,0,0,2115,1082,441.04999,310,206.95,4,1,1,1,,,,73088,79382.3
1545104700,1332,1375,1321.15,1362.9,1322.0110601762938,1324.727521080758,0,0,0,2115,1082,441.04999,310,206.95,4,1,1,1,,,,87895,81129.7
1545191100,1374.95,1383.2,1346,1363.45,1330.298848141035,1328.2477464370527,0,0,0,2115,1082,441.04999,310,206.95,4,1,1,1,,,,80664,82392.4
1545277500,1349.1,1365,1335,1344.05,1333.049078512828,1329.6843149427752,0,0,0,2115,1082,441.04999,310,206.95,4,1,1,1,,,,66863,79889.6
1545363900,1342,1352,1300.05,1305.3,1327.4992628102623,1327.4675590388865,0,0,0,2115,1082,441.04999,310,206.95,4,1,1,1,,,,68238,80276.4
1545623100,1308.9,1317,1271.25,1277.85,1317.5694102482098,1322.9568718535331,0,0,0,2115,1082,441.04999,310,206.95,4,1,1,1,,,,54465,80271.7
1545795900,1280,1286.35,1238,1266.2,1307.2955281985678,1317.7971562304847,0,0,0,2115,1082,441.04999,310,206.95,4,1,1,1,,,,60487,80512.4
1545882300,1272.15,1294.95,1272,1274.8,1300.7964225588541,1313.8883238458952,0,0,0,2115,1082,441.04999,310,206.95,4,1,1,1,,,,38249,80046.05
1545968700,1278,1348.9,1278,1319.45,1304.5271380470833,1314.3939307689957,0,0,0,2115,1082,441.04999,310,206.95,4,1,1,1,,,,268063,90970.1
1546227900,1325,1340,1313.4,1324.1,1308.4417104376666,1315.276300699087,0,0,0,2115,1082,441.04999,310,206.95,4,1,1,1,,,,77870,87111.4
1546314300,1316.2,1332,1308,1323.9,1311.5333683501333,1316.0602733628064,0,0,0,2115,1082,441.04999,310,206.95,4,1,1,1,,,,44727,83661.45
1546400700,1320,1331,1292,1305.25,1310.2766946801066,1315.0775212389149,0,0,0,2115,1082,441.04999,310,206.95,4,1,1,1,,,,57452,84437.7
1546487100,1310,1325.5,1296,1298.65,1307.9513557440853,1313.5841102171953,0,0,0,2115,1082,441.04999,310,206.95,4,1,1,1,,,,43110,84437.65
1546573500,1303,1308.8,1282,1291.65,1304.6910845952682,1311.5901001974503,0,0,0,2115,1082,441.04999,310,206.95,4,1,1,1,,,,47457,84054.4
1546832700,1304.9,1325,1298.75,1312.75,1306.3028676762146,1311.6955456340456,0,0,0,2115,1082,441.04999,310,206.95,4,1,1,1,,,,56622,84585.25
1546919100,1308.05,1324.3,1298,1302.05,1305.4522941409716,1310.8186778491324,0,0,0,2115,1082,441.04999,310,206.95,4,1,1,1,,,,39647,83260.05
1547005500,1307.2,1318,1292.25,1300.65,1304.4918353127773,1309.8942525901205,0,0,0,2115,1082,441.04999,310,206.95,4,1,1,1,,,,39133,78339.75
1547091900,1304.9,1304.9,1288,1293.35,1302.2634682502219,1308.3902296273823,0,0,0,2115,1082,441.04999,310,206.95,4,1,1,1,,,,43482,71614.55
1547178300,1296,1310.7,1280,1285.4,1298.8907746001776,1306.3002087521656,0,0,0,2115,1082,441.04999,310,206.95,4,1,1,1,,,,57015,69471.3
1547437500,1279,1279.95,1260.1,1268.95,1292.9026196801422,1302.9047352292414,0,0,0,2115,1082,441.04999,310,206.95,4,1,1,1,,,,45774,67515.05
1547523900,1275,1298,1266,1280.95,1290.5120957441138,1300.9088502084012,0,0,0,2115,1082,441.04999,310,206.95,4,1,1,1,,,,76271,67674.2
1547610300,1281.95,1307.45,1266.25,1274.7,1287.3496765952912,1298.526227462183,0,0,0,2115,1082,441.04999,310,206.95,4,1,1,1,,,,88548,67706.85
1547696700,1271,1280,1246,1251.35,1280.1497412762328,1294.2374795110754,0,0,0,2115,1082,441.04999,310,206.95,4,1,1,1,,,,61966,66771.95
1547783100,1255,1272,1245,1252.2,1274.5597930209863,1290.415890464614,0,0,0,2115,1082,441.04999,310,206.95,4,1,1,1,,,,54583,66157.95
1548042300,1255.5,1265,1225,1228.05,1265.257834416789,1284.74626405874,0,0,0,2115,1082,441.04999,310,206.95,4,1,1,1,,,,74821,66487.1
1548128700,1215.2,1244.75,1212.15,1221.1,1256.4262675334312,1278.9602400534,0,0,0,2115,1082,441.04999,310,206.95,4,1,1,1,,,,41526,65840.15
1548215100,1226,1289.95,1201.1,1208,1246.741014026745,1272.5093091394544,0,0,0,2115,1082,441.04999,310,206.95,4,1,1,1,,,,1024207,114026.15
1548301500,1221.8,1239.75,1203.55,1209.35,1239.262811221396,1266.7675537631403,0,0,0,2115,1082,441.04999,310,206.95,4,1,1,1,,,,234998,123863.6
1548387900,1219.7,1245,1201.2,1213.95,1234.2002489771169,1261.9659579664913,0,0,0,2115,1082,441.04999,310,206.95,4,1,1,1,,,,156750,118297.95
1548647100,1215,1223.7,1165,1184.6,1224.2801991816934,1254.9326890604466,0,0,0,2115,1082,441.04999,310,206.95,4,1,1,1,,,,116985,120253.7
1548733500,1172,1214.35,1172,1207.7,1220.9641593453548,1250.6388082367696,0,0,0,2115,1082,441.04999,310,206.95,4,1,1,1,,,,156652,125849.95
1548819900,1212,1229.7,1186.2,1195.9,1215.951327476284,1245.6625529425178,0,0,0,2115,1082,441.04999,310,206.95,4,1,1,1,,,,68877,126421.2
1548906300,1207.9,1219,1201.1,1205.25,1213.8110619810273,1241.988684493198,0,0,0,2115,1082,441.04999,310,206.95,4,1,1,1,,,,64027,127467.05
1548992700,1209.9,1223,1189.05,1205.95,1212.2388495848218,1238.7124404483618,0,0,0,2115,1082,441.04999,310,206.95,4,1,1,1,,,,66041,128396.25
1549251900,1207.7,1209.9,1170,1192.3,1208.2510796678573,1234.4931276803288,0,0,0,2115,1082,441.04999,310,206.95,4,1,1,1,,,,111441,131137.2
1549338300,1180.1,1205,1170,1173.4,1201.280863734286,1228.9392069821172,0,0,0,2115,1082,441.04999,310,206.95,4,1,1,1,,,,57040,132006.85
1549424700,1177.3,1190.05,1163.85,1183.55,1197.7346909874288,1224.8129154382884,0,0,0,2115,1082,441.04999,310,206.95,4,1,1,1,,,,51761,132638.25
1549511100,1188.1,1209.9,1178.25,1194.75,1197.137752789943,1222.0799231257167,0,0,0,2115,1082,441.04999,310,206.95,4,1,1,1,,,,51160,133022.15
1549597500,1190,1214.35,1174,1202.35,1198.1802022319544,1220.2862937506516,0,0,0,2115,1082,441.04999,310,206.95,4,1,1,1,,,,89806,134661.7
1549856700,1198,1198,1177.25,1183.45,1195.2341617855634,1216.9375397733197,0,0,0,2115,1082,441.04999,310,206.95,4,1,1,1,,,,41966,134471.3
1549943100,1180.2,1204.75,1180,1198.2,1195.8273294284506,1215.2341270666543,0,0,0,2115,1082,441.04999,310,206.95,4,1,1,1,,,,119430,136629.25
1550029500,1199,1204.8,1184,1187.5,1194.1618635427606,1212.7128427878677,0,0,0,2115,1082,441.04999,310,206.95,4,1,1,1,,,,31793,133791.5
1550115900,1180.35,1205.5,1180,1200.15,1195.3594908342084,1211.5707661707888,0,0,0,2115,1082,441.04999,310,206.95,4,1,1,1,,,,43237,132855.05
1550202300,1191,1212.5,1191,1200.9,1196.4675926673667,1210.600696518899,0,0,0,2115,1082,441.04999,310,206.95,4,1,1,1,,,,44562,132354
1550461500,1191,1200,1176.65,1183.1,1193.7940741338934,1208.100633198999,0,0,0,2115,1082,441.04999,310,206.95,4,1,1,1,,,,24226,129824.25
1550547900,1174.15,1205.4,1174.15,1199.55,1194.9452593071148,1207.323302908181,0,0,0,2115,1082,441.04999,310,206.95,4,1,1,1,,,,55880,130541.95
1550634300,1196.1,1242.25,1196.05,1216.65,1199.2862074456918,1208.1711844619826,0,0,0,2115,1082,441.04999,310,206.95,4,1,1,1,,,,83187,83490.95
1550720700,1225,1237,1207.1,1213.9,1202.2089659565536,1208.6919858745298,0,0,0,2115,1082,441.04999,310,206.95,4,1,1,1,,,,56543,74568.2
1550807100,1214,1225,1195,1200.55,1201.877172765243,1207.9518053404815,0,0,0,2115,1082,441.04999,310,206.95,4,1,1,1,,,,75150,70488.2
1551066300,1208,1247.8,1204,1241.15,1209.7317382121944,1210.9698230368015,0,0,0,2115,1082,441.04999,310,206.95,4,1,1,1,,,,166505,72964.2
1551152700,1241.15,1266,1205,1210.9,1209.9653905697555,1210.9634754880014,0,0,0,2115,1082,441.04999,310,206.95,4,1,1,1,,,,214667,75864.95
1551239100,1219.95,1237.95,1192,1197.75,1207.5223124558045,1209.7622504436376,0,0,0,2115,1082,441.04999,310,206.95,4,1,1,1,,,,120746,78458.4
1551325500,1204.7,1210.95,1185,1192.35,1204.4878499646436,1208.1793185851252,0,0,0,2115,1082,441.04999,310,206.95,4,1,1,1,,,,44937,77503.9
1551411900,1193,1233,1193,1219.55,1207.500279971715,1209.2130168955684,0,0,0,2115,1082,441.04999,310,206.95,4,1,1,1,,,,85912,78497.45
1551757500,1225,1282.5,1202,1275.65,1221.130223977372,1215.252742632335,0,0,0,2115,1082,441.04999,310,206.95,4,1,1,1,,,,222060,84028.4
1551843900,1280.45,1315,1260,1282.2,1233.3441791818975,1221.3388569384863,0,0,0,2115,1082,441.04999,310,206.95,4,1,1,1,,,,246593,93506.05
1551930300,1287.7,1288.95,1263.5,1275.05,1241.685343345518,1226.2216881258967,0,0,0,2115,1082,441.04999,310,206.95,4,1,1,1,,,,68296,94332.8
1552016700,1275.05,1276.7,1244,1251.6,1243.6682746764145,1228.5288073871789,0,0,0,2115,1082,441.04999,310,206.95,4,1,1,1,,,,65025,95026.05
1552275900,1258,1293,1255.1,1284.65,1251.8646197411317,1233.6307339883444,0,0,0,2115,1082,441.04999,310,206.95,4,1,1,1,,,,136508,97361.15
1552362300,1294.7,1374,1289.95,1362.05,1273.9016957929055,1245.3052127166768,0,0,0,2115,1082,441.04999,310,206.95,4,1,1,1,,,,443023,117414
1552448700,1368,1368.85,1326.95,1333.2,1285.7613566343243,1253.2956479242516,0,0,0,2115,1082,441.04999,310,206.95,4,1,1,1,,,,153204,119102.7
1552535100,1338,1347,1317.05,1331.55,1294.9190853074595,1260.4096799311378,0,0,0,2115,1082,441.04999,310,206.95,4,1,1,1,,,,68019,120914
1552621500,1334.95,1343,1304,1311.8,1298.2952682459675,1265.0815272101254,0,0,0,2115,1082,441.04999,310,206.95,4,1,1,1,,,,61121,121808.2
1552880700,1318.85,1355,1301.1,1312.55,1301.146214596774,1269.3968429182958,0,0,0,2115,1082,441.04999,310,206.95,4,1,1,1,,,,91698,124165
1552967100,1316.7,1325.95,1301.1,1308.05,1302.5269716774192,1272.9107662893598,0,0,0,2115,1082,441.04999,310,206.95,4,1,1,1,,,,67647,126336.05
1553053500,1313.95,1314.2,1289.05,1294.45,1300.9115773419353,1274.8688784448725,0,0,0,2115,1082,441.04999,310,206.95,4,1,1,1,,,,31858,125134.95
1553226300,1295,1298.95,1267,1271.55,1295.0392618735482,1274.5671622226114,0,0,0,2115,1082,441.04999,310,206.95,4,1,1,1,,,,54664,123708.8
1553485500,1256.05,1273.95,1238,1247.7,1285.5714094988386,1272.1246929296467,0,0,0,2115,1082,441.04999,310,206.95,4,1,1,1,,,,52516,123507.45
1553571900,1254.25,1265,1238.2,1256.2,1279.6971275990709,1270.676993572406,0,0,0,2115,1082,441.04999,310,206.95,4,1,1,1,,,,91868,124343.35
1553658300,1264,1298,1257.6,1285.85,1280.9277020792567,1272.0563577930964,0,0,0,2115,1082,441.04999,310,206.95,4,1,1,1,,,,288399,130438.05
1553744700,1291.95,1313.9,1265,1283.55,1281.4521616634054,1273.1012343573602,0,0,0,2115,1082,441.04999,310,206.95,4,1,1,1,,,,114341,125421.75
1553831100,1295,1307.85,1275.15,1299.3,1285.0217293307244,1275.482940324873,0,0,0,2115,1082,441.04999,310,206.95,4,1,1,1,,,,73714,123070.15
1554090300,1305,1324.65,1300.1,1303.3,1288.6773834645794,1278.0117639317027,0,0,0,2115,1082,441.04999,310,206.95,4,1,1,1,,,,44642,123055.4
1554176700,1306.5,1311.45,1283.15,1297.75,1290.4919067716635,1279.8061490288208,0,0,0,2115,1082,441.04999,310,206.95,4,1,1,1,,,,45621,121040.85
1554263100,1298,1310.15,1267.15,1278.65,1288.1235254173307,1279.7010445716553,0,0,0,2115,1082,441.04999,310,206.95,4,1,1,1,,,,67877,113331.7
1554349500,1284,1301.85,1273,1293.05,1289.1088203338645,1280.914585974232,0,0,0,2115,1082,441.04999,310,206.95,4,1,1,1,,,,47214,103362.75
1554435900,1295,1300.55,1280.15,1284.6,1288.2070562670915,1281.2496236129382,0,0,0,2115,1082,441.04999,310,206.95,4,1,1,1,,,,46975,102296.7
1554695100,1292,1303.85,1271,1285.15,1287.5956450136732,1281.6042032844894,0,0,0,2115,1082,441.04999,310,206.95,4,1,1,1,,,,45362,101313.55
1554781500,1280,1289.1,1270.6,1285.55,1287.1865160109385,1281.9629120768086,0,0,0,2115,1082,441.04999,310,206.95,4,1,1,1,,,,26623,95819.3
1554867900,1284.8,1294.75,1277,1283.7,1286.4892128087508,1282.1208291607352,0,0,0,2115,1082,441.04999,310,206.95,4,1,1,1,,,,26451,74990.7
1554954300,1290,1290,1270.55,1273.8,1283.9513702470006,1281.3643901461228,0,0,0,2115,1082,441.04999,310,206.95,4,1,1,1,,,,14359,68048.45
1555040700,1273,1291,1273,1283.9,1283.9410961976005,1281.5949001328388,0,0,0,2115,1082,441.04999,310,206.95,4,1,1,1,,,,34287,66361.85
1555299900,1288.55,1337.7,1286.65,1313,1289.7528769580804,1284.4499092116716,0,0,0,2115,1082,441.04999,310,206.95,4,1,1,1,,,,165566,71584.1
1555386300,1316,1374.95,1312,1338.05,1299.4123015664643,1289.3226447378834,0,0,0,2115,1082,441.04999,310,206.95,4,1,1,1,,,,132929,73645.65
1555559100,1347.45,1350,1306,1315.9,1302.7098412531714,1291.7387679435303,0,0,0,2115,1082,441.04999,310,206.95,4,1,1,1,,,,54403,72983.45
1555904700,1315,1329.95,1280.2,1289.05,1299.977873002537,1291.4943344941184,0,0,0,2115,1082,441.04999,310,206.95,4,1,1,1,,,,54682,74124.65
1555991100,1292.75,1302.4,1263,1272.15,1294.4122984020296,1289.7357586310168,0,0,0,2115,1082,441.04999,310,206.95,4,1,1,1,,,,28698,72826.35
1556077500,1276,1286.9,1265.5,1281.15,1291.7598387216237,1288.9552351191062,0,0,0,2115,1082,441.04999,310,206.95,4,1,1,1,,,,21272,71264.15
1556163900,1283,1294.7,1280,1287.1,1290.827870977299,1288.7865773810056,0,0,0,2115,1082,441.04999,310,206.95,4,1,1,1,,,,20223,67681.9
1556250300,1290,1290,1263.15,1271.55,1286.972296781839,1287.2196158009142,0,0,0,2115,1082,441.04999,310,206.95,4,1,1,1,,,,16480,54085.95
1556595900,1276.4,1279.45,1190.35,1246.65,1278.9078374254714,1283.531468909922,0,0,0,2115,1082,441.04999,310,206.95,4,1,1,1,,,,106146,53676.2
1556768700,1250,1273.35,1226.45,1231.25,1269.3762699403771,1278.7786080999292,0,0,0,2115,1082,441.04999,310,206.95,4,1,1,1,,,,50467,52513.85
1556855100,1241.6,1259.95,1223.95,1227.1,1260.9210159523018,1274.0805528181174,0,0,0,2115,1082,441.04999,310,206.95,4,1,1,1,,,,46755,52619.5
1557114300,1201.5,1224.9,1195,1200.05,1248.7468127618415,1267.350502561925,0,0,0,2115,1082,441.04999,310,206.95,4,1,1,1,,,,180293,59353.1
1557200700,1201.5,1219.95,1191,1194.9,1237.9774502094733,1260.7640932381137,0,0,0,2115,1082,441.04999,310,206.95,4,1,1,1,,,,85501,60234.3
1557287100,1191,1195,1175.35,1182.35,1226.8519601675787,1253.6355393073761,0,0,0,2115,1082,441.04999,310,206.95,4,1,1,1,,,,22462,58996.7
1557373500,1180,1200,1171,1178.15,1217.111568134063,1246.77321755216,0,0,0,2115,1082,441.04999,310,206.95,4,1,1,1,,,,45304,58913.15
1557459900,1184.95,1188.9,1170,1173.45,1208.3792545072504,1240.1074705019637,0,0,0,2115,1082,441.04999,310,206.95,4,1,1,1,,,,53056,59297.85
1557719100,1173.45,1182,1156,1162.7,1199.2434036058003,1233.0704277290579,0,0,0,2115,1082,441.04999,310,206.95,4,1,1,1,,,,26030,59268.2
1557805500,1176,1182.65,1136,1160.75,1191.5447228846401,1226.4958433900526,0,0,0,2115,1082,441.04999,310,206.95,4,1,1,1,,,,48960,60393.65
1557891900,1156.5,1184,1151.2,1155.3,1184.295778307712,1220.023493990957,0,0,0,2115,1082,441.04999,310,206.95,4,1,1,1,,,,25796,60965.5
1557978300,1164,1164,1130,1132.5,1173.9366226461696,1212.0668127190518,0,0,0,2115,1082,441.04999,310,206.95,4,1,1,1,,,,23189,60410.6
1558064700,1138,1146.35,1115,1123.75,1163.8992981169356,1204.0380115627743,0,0,0,2115,1082,441.04999,310,206.95,4,1,1,1,,,,42812,54272.9
1558323900,1150,1184.5,1142.4,1159.4,1162.9994384935485,1199.980010511613,0,0,0,2115,1082,441.04999,310,206.95,4,1,1,1,,,,53690,50310.95
1558410300,1163,1178.1,1136.25,1139.85,1158.3695507948387,1194.5136459196483,0,0,0,2115,1082,441.04999,310,206.95,4,1,1,1,,,,31229,49152.25
1558496700,1144.95,1144.95,1115,1119.25,1150.545640635871,1187.6714962905894,0,0,0,2115,1082,441.04999,310,206.95,4,1,1,1,,,,45396,48687.95
1558583100,1150,1197.85,1100.35,1119.45,1144.3265125086969,1181.469542082354,0,0,0,2115,1082,441.04999,310,206.95,4,1,1,1,,,,129899,53748
1558669500,1120,1169.9,1120,1135.9,1142.6412100069574,1177.3268564385037,0,0,0,2115,1082,441.04999,310,206.95,4,1,1,1,,,,166100,60989.4
1558928700,1145,1186,1142,1146.45,1143.402968005566,1174.519869489549,0,0,0,2115,1082,441.04999,310,206.95,4,1,1,1,,,,397828,79869.65
1559015100,1154,1163.9,1115,1127.85,1140.2923744044529,1170.277154081408,0,0,0,2115,1082,441.04999,310,206.95,4,1,1,1,,,,121033,85097.3
1559101500,1134,1162,1116.35,1148.8,1141.9938995235623,1168.324685528553,0,0,0,2115,1082,441.04999,310,206.95,4,1,1,1,,,,236792,91629.6
1559187900,1150,1183,1144.35,1161.4,1145.8751196188498,1167.6951686623208,0,0,0,2115,1082,441.04999,310,206.95,4,1,1,1,,,,152403,96726.4
1559274300,1166,1192,1140,1156.5,1148.0000956950798,1166.6774260566553,0,0,0,2115,1082,441.04999,310,206.95,4,1,1,1,,,,274478,108112.55
1559533500,1162.9,1179.8,1155,1158.5,1150.1000765560639,1165.9340236878686,0,0,0,2115,1082,441.04999,310,206.95,4,1,1,1,,,,89553,103575.55
1559619900,1145.1,1179,1145,1149.15,1149.910061244851,1164.4082033526079,0,0,0,2115,1082,441.04999,310,206.95,4,1,1,1,,,,51708,101885.9
1559792700,1150,1158.8,1130,1132.45,1146.4180489958808,1161.5029121387345,0,0,0,2115,1082,441.04999,310,206.95,4,1,1,1,,,,45637,103044.65
1559879100,1130,1147.95,1118.5,1132.05,1143.5444391967046,1158.8253746715768,0,0,0,2115,1082,441.04999,310,206.95,4,1,1,1,,,,35645,102561.7
1560138300,1139.9,1160,1139.85,1156.7,1146.1755513573637,1158.6321587923426,0,0,0,2115,1082,441.04999,310,206.95,4,1,1,1,,,,87295,104273.65
1560224700,1160,1166.8,1135,1139.65,1144.870441085891,1156.9065079930388,0,0,0,2115,1082,441.04999,310,206.95,4,1,1,1,,,,65126,106228.45
1560311100,1139,1148.75,1130,1135.35,1142.9663528687126,1154.946825448217,0,0,0,2115,1082,441.04999,310,206.95,4,1,1,1,,,,24880,105024.45
1560397500,1134.75,1138.5,1111,1118.95,1138.16308229497,1151.6743867711064,0,0,0,2115,1082,441.04999,310,206.95,4,1,1,1,,,,57437,106606.5
1560483900,1119.7,1124.75,1100,1102.5,1131.030465835976,1147.203987973733,0,0,0,2115,1082,441.04999,310,206.95,4,1,1,1,,,,47057,107799.9
1560743100,1106.9,1109.7,1055,1058.65,1116.5543726687808,1139.1536254306664,0,0,0,2115,1082,441.04999,310,206.95,4,1,1,1,,,,63348,108826.7
1560829500,1063.5,1079,1021,1026.75,1098.5934981350247,1128.9351140278784,0,0,0,2115,1082,441.04999,310,206.95,4,1,1,1,,,,67854,109534.9
1560915900,1034.95,1043.85,940,989.25,1076.7247985080198,1116.2364672980714,0,0,0,2115,1082,441.04999,310,206.95,4,1,1,1,,,,213506,118648.75
1561002300,988.95001,993.45001,965,987.40002,1058.8598428064158,1104.5240629982468,0,0,0,2115,1082,441.04999,310,206.95,4,1,1,1,,,,75934,120175.65
1561088700,988,1029,975,984.65002,1044.0178782451326,1093.6264227256788,0,0,0,2115,1082,441.04999,310,206.95,4,1,1,1,,,,111343,119247.85
1561347900,989,989,957,960.90002,1027.3943065961062,1081.5603861142536,0,0,0,2115,1082,441.04999,310,206.95,4,4,1,1,,,,40791,112982.4
1561434300,960,974,950,955.09998,1012.935441276885,1070.0639855584122,0,0,0,2115,1082,441.04999,310,206.95,4,4,1,1,,,,39595,95070.75
1561520700,955,965.5,900.90002,919.5,994.2483530215079,1056.3763505076474,0,0,0,2115,1082,441.04999,310,206.95,4,4,1,1,,,,523878,115213
1561607100,919.79999,936.84998,918,924.75,980.3486824172063,1044.4103186433158,0,0,0,2115,1082,441.04999,310,206.95,4,4,1,1,,,,300988,118422.8
1561693500,926,949,912,936.09998,971.4989419337651,1034.5639242211962,0,0,0,2115,1082,441.04999,310,206.95,4,4,1,1,,,,156465,118625.9
1561952700,937,944.90002,905,909.75,959.149153547012,1023.217203837451,0,0,0,2115,1082,441.04999,310,206.95,4,4,1,1,,,,130763,111440.15
1562039100,912.90002,918.79999,905.65002,914.95001,950.3093248376097,1013.37473167041,0,0,0,2115,1082,441.04999,310,206.95,4,4,1,1,,,,72099,110567.45
1562125500,918,957.15002,911,944.20001,949.0874618700877,1007.0861206094637,0,0,0,2115,1082,441.04999,310,206.95,4,4,1,1,,,,221225,119043.3
1562211900,948.84998,983,938,972.20001,953.7099714960702,1003.9146560086034,0,0,0,2115,1082,441.04999,310,206.95,4,4,1,1,,,,200905,126806.7
1562298300,978,980,938.04999,947.09998,952.3879731968561,998.7496854623668,0,0,0,2115,1082,441.04999,310,206.95,4,4,1,1,,,,79103,128979.6
1562557500,934,937.90002,891.65002,904.09998,942.7303745574849,990.1451667839698,0,0,0,2115,1082,441.04999,310,206.95,4,4,1,1,,,,74145,128322.1
1562643900,905,913.95001,893.79999,898.34998,933.8542956459879,981.8001498036089,0,0,0,2115,1082,441.04999,310,206.95,4,4,1,1,,,,40015,127066.55
1562730300,900.09998,916,900,905.29999,928.1434345167903,974.8455898214626,0,0,0,2115,1082,441.04999,310,206.95,4,4,1,1,,,,37730,127709.05
1562816700,913,916.70001,900,911.59998,924.8347436134322,969.0959889286023,0,0,0,2115,1082,441.04999,310,206.95,4,4,1,1,,,,34149,126544.65
1562903100,912,919.90002,903.09998,914,922.6677948907458,964.0872626623658,0,0,0,2115,1082,441.04999,310,206.95,4,4,1,1,,,,50423,126712.95
1563162300,917,919.90002,891.5,902.20001,918.5742379125966,958.461148783969,0,0,0,2115,1082,441.04999,310,206.95,4,4,1,1,,,,37131,125402.1
1563248700,905.90002,917.59998,893.40002,911.54999,917.1693883300773,954.1964979854263,0,0,0,2115,1082,441.04999,310,206.95,4,4,1,1,,,,27513,123385.05
1563335100,911.59998,919.90002,905.29999,912.34998,916.2055066640618,950.3922690776602,0,0,0,2115,1082,441.04999,310,206.95,4,4,1,1,,,,37819,114600.7
1563421500,916,934,910,912.75,915.5144053312495,946.9702446160547,0,0,0,2115,1082,441.04999,310,206.95,4,4,1,1,,,,104680,116038
1563507900,913.04999,926,892,896.84998,911.7815202649996,942.4138569236861,0,0,0,2115,1082,441.04999,310,206.95,4,4,1,1,,,,35251,112233.4
1563767100,899.70001,899.70001,861.09998,879.79999,905.3852142119997,936.721687203351,0,0,0,2115,1082,441.04999,310,206.95,4,4,4,1,,,,47644,112576.05
1563853500,881,898.79999,870.59998,888.90002,902.0881753695998,932.3742629121373,0,0,0,2115,1082,441.04999,310,206.95,4,4,4,1,,,,39893,112590.95
1563939900,890,895.84998,865,885.70001,898.8105422956799,928.1311490110339,0,0,0,2115,1082,441.04999,310,206.95,4,4,4,1,,,,43584,88576.25
1564026300,885,906.45001,878.09998,886.84998,896.4184298365439,924.3783154645763,0,0,0,2115,1082,441.04999,310,206.95,4,4,4,1,,,,54701,76261.9
1564112700,887.90002,887.90002,859.79999,867.45001,890.6247458692351,919.2030149677967,0,0,0,2115,1082,441.04999,310,206.95,4,4,4,1,,,,36665,70271.9
1564371900,860.09998,875.45001,859.04999,862.95001,885.089798695388,914.0891054252697,0,0,0,2115,1082,441.04999,310,206.95,4,4,4,1,,,,25791,65023.3
1564458300,864.95001,868,802,819.90002,872.0518429563105,905.5264612956997,0,0,0,2115,1082,441.04999,310,206.95,4,4,4,1,,,,99471,66391.9
1564544700,817.40002,825,790,813.95001,860.4314763650484,897.2013293597271,0,0,0,2115,1082,441.04999,310,206.95,4,4,4,4,,,,82498,59455.55
1564631100,813.90002,835,792.09998,801.95001,848.7351830920387,888.5421185088428,0,0,0,2115,1082,441.04999,310,206.95,4,4,4,4,,,,69247,52872.65
1564717500,794.5,815,785.29999,795.29999,838.0481444736309,880.0655613716752,0,0,0,2115,1082,441.04999,310,206.95,4,4,4,4,,,,35440,50689.5
1564976700,787,798.25,770,775.95001,825.6285175789047,870.6005112469775,0,0,0,2115,1082,441.04999,310,206.95,4,4,4,4,,,,52531,49608.8
1565063100,775.95001,804.95001,775.95001,786.25,817.7528140631238,862.9322829517977,0,0,0,2115,1082,441.04999,310,206.95,4,4,4,4,,,,37200,49468.05
1565149500,777.25,784.65002,772,774.75,809.152251250499,854.9157117743615,0,0,0,2115,1082,441.04999,310,206.95,4,4,4,4,,,,30148,49088.95
1565235900,774.75,792,772.20001,785.25,804.3718010003993,848.5824652494196,0,0,0,2115,1082,441.04999,310,206.95,4,4,4,4,,,,17889,48275.95
1565322300,788,822.29999,788,808.20001,805.1374428003194,844.9113329540178,0,0,0,2115,1082,441.04999,310,206.95,4,4,4,4,,,,63765,48943.05
1565667900,820,824.09998,774,783.20001,800.7499562402555,839.3012126854707,0,0,0,2115,1082,441.04999,310,206.95,4,4,4,4,,,,59898,50081.4
1565754300,780,816,779.95001,808.70001,802.3399669922044,836.5192851686097,0,0,0,2115,1082,441.04999,310,206.95,4,4,4,4,,,,45419,50976.7
1565927100,805,815.5,799.5,803.54999,802.5819715937635,833.5220765169179,0,0,0,2115,1082,441.04999,310,206.95,4,4,4,4,,,,24418,50306.65
1566186300,807.95001,820,785.75,792.54999,800.5755752750108,829.7973413790163,0,0,0,2115,1082,441.04999,310,206.95,4,4,4,4,,,,32834,46714.35
1566272700,790,802.95001,780,785.59998,797.5804562200086,825.7793994354694,0,0,0,2115,1082,441.04999,310,206.95,4,4,4,4,,,,16888,45796.2
1566359100,789.84998,789.84998,750.15002,756,789.2643649760068,819.4358176686085,0,0,0,2115,1082,441.04999,310,206.95,4,4,4,4,,,,24569,44642.45
1566445500,759.90002,767.5,737,759.09998,783.2314879808055,813.9507415169168,0,0,0,2115,1082,441.04999,310,206.95,4,4,4,4,,,,55266,45411.1
1566531900,756,775,740.04999,761.59998,778.9051863846444,809.1915813790152,0,0,0,2115,1082,441.04999,310,206.95,4,4,4,4,,,,28281,44645.95
1566791100,785,795,767.95001,790.84998,781.2941451077155,807.524163071832,0,0,0,2115,1082,441.04999,310,206.95,4,4,4,4,,,,26704,43246.1
1566877500,790,949,782.59998,927,810.4353160861724,818.3856027925746,0,0,0,2115,1082,441.04999,310,206.95,4,4,4,4,,,,1363404,109583.05
1566963900,929,945,882,893.70001,827.088254868938,825.2323670841587,0,0,0,2115,1082,441.04999,310,206.95,4,4,4,4,,,,642883,140437.65
1567050300,894,917.95001,851.34998,860.25,833.7206038951504,828.4157882583261,0,0,0,2115,1082,441.04999,310,206.95,4,4,4,4,,,,244767,147702.45
1567136700,867.90002,935,866.04999,901.40002,847.2564871161203,835.0507184166601,0,0,0,2115,1082,441.04999,310,206.95,4,4,4,4,,,,798369,183496
1567482300,910.5,917.70001,865.20001,874.09998,852.6251856928963,838.6006512878728,0,0,0,2115,1082,441.04999,310,206.95,4,4,4,4,,,,186996,189383.45
1567568700,879.75,912,876,904.65002,863.030152554317,844.6051393526117,0,0,0,2115,1082,441.04999,310,206.95,4,4,4,4,,,,303186,202770.75
1567655100,916.90002,981,908.65002,967.34998,883.8941180434537,855.763761229647,0,0,0,2115,1082,441.04999,310,206.95,4,4,4,4,,,,801199,240204.15
1567741500,973,997,965,980.65002,903.245298434763,867.1170574814972,0,0,0,2115,1082,441.04999,310,206.95,4,4,4,4,,,,481824,262435.35
1568000700,984,1010,915,1002,922.9962387478104,879.3791431649975,0,0,0,2115,1082,441.04999,310,206.95,4,4,4,4,,,,322521,277054
1568173500,1008.25,1045,1004.05,1023.85,943.1669909982483,892.512857422725,0,0,0,2115,1082,441.04999,310,206.95,4,4,4,4,,,,326270,292473.05
1568259900,1029.95,1039.8,1000,1006.25,955.7835927985986,902.8525976570228,0,0,0,2115,1082,441.04999,310,206.95,4,4,4,4,,,,134790,296024.3
1568346300,1015.8,1017.8,997.65002,1005.2,965.6668742388789,912.1569069609299,0,0,0,2115,1082,441.04999,310,206.95,4,4,4,4,,,,92433,297651.05
1568605500,1005.9,1187.75,996,1170.65,1006.6634993911032,935.6562790553908,0,0,0,2115,1082,441.04999,310,206.95,4,4,4,4,,,,1178671,354313.65
1568691900,1164.9,1212,1128,1144.05,1034.1407995128825,954.601162777628,0,0,0,2115,1082,441.04999,310,206.95,4,4,4,4,,,,640484,385116.95
1568778300,1154.7,1171.1,1112.15,1129.05,1053.122639610306,970.4601479796619,0,0,0,2115,1082,441.04999,310,206.95,4,4,4,4,,,,221553,394552.9
1568864700,1136.1,1138,1084.9,1094.6,1061.4181116882446,981.7455890724199,0,0,0,2115,1082,441.04999,310,206.95,4,4,4,4,,,,143140,400865.5
1568951100,1102,1291.9,1085,1277.3,1104.5944893505957,1008.6141718840181,0,0,0,2115,1082,441.04999,310,206.95,4,4,4,4,,,,1249365,462105.3
1569210300,1296,1388,1272.2,1292.05,1142.0855914804765,1034.3810653491073,0,0,0,2115,1082,441.04999,310,206.95,4,4,4,4,,,,415281,480106.05
1569296700,1285,1287,1217.25,1241.25,1161.9184731843811,1053.1873321355522,0,0,0,2115,1082,441.04999,310,206.95,4,4,4,4,,,,230266,490205.3
1569383100,1234,1285,1215.5,1226.25,1174.7847785475049,1068.920301941411,0,0,0,2115,1082,441.04999,310,206.95,4,4,4,4,,,,268203,502280.25
1569469500,1230,1262,1215.6,1234.1,1186.6478228380038,1083.9366381285554,0,0,0,2115,1082,441.04999,310,206.95,4,4,4,4,,,,147917,441505.9
1569555900,1238.9,1254,1166.5,1188.5,1187.018258270403,1093.4423982986866,0,0,0,2115,1082,441.04999,310,206.95,4,4,4,4,,,,112376,414980.55
1569815100,1185,1209.8,1124,1135.2,1176.6546066163226,1097.2385439078969,0,0,0,1388,737,,,,1,1,1,1,,,,135573,409520.85
1569901500,1142.3,1172.25,1090,1129.95,1167.3136852930581,1100.2123126435426,0,0,0,1388,737,,,,1,1,1,1,,,,174230,378313.9
1570074300,1131.8,1152,1106.3,1120.75,1158.0009482344465,1102.0793751304934,0,0,0,1388,737,,,,1,1,1,1,,,,82804,373104.3
1570160700,1130.95,1148,1093.9,1097.1,1145.820758587557,1101.6267046640849,0,0,0,1388,737,,,,1,1,1,1,,,,78878,361888.9
1570419900,1095,1124,1057.2,1079.7,1132.5966068700457,1099.6333678764408,0,0,0,1388,737,,,,1,1,1,1,,,,118929,327775.4
1570592700,1079.95,1111,1076,1092.15,1124.5072854960365,1098.9530617058554,0,0,0,1388,737,,,,1,1,1,1,,,,109646,309166.5
1570679100,1088,1099,1056,1069,1113.4058283968293,1096.2300560962321,0,0,0,1388,737,,,,1,1,1,1,,,,64050,296242.95
1570765500,1078,1137,1070,1106.25,1111.9746627174634,1097.1409600874838,0,0,0,1388,737,,,,1,1,1,1,,,,233400,291599.45
1571024700,1113.3,1200,1111,1150.3,1119.6397301739707,1101.9736000795308,0,0,0,1388,737,,,,1,1,1,1,,,,598135,314766.7
1571111100,1155.05,1208,1149.05,1190.15,1133.7417841391766,1109.9896364359372,0,0,0,1388,737,,,,1,1,1,1,,,,355573,327923.7
1571197500,1200,1200,1162.5,1175.95,1142.1834273113413,1115.9860331235793,0,0,0,1388,737,,,,1,1,1,1,,,,149688,276474.55
1571283900,1179.95,1182.95,1146.55,1158.75,1145.496741849073,1119.8736664759813,0,0,0,1388,737,,,,1,1,1,1,,,,168705,252885.6
1571370300,1147.2,1196,1147.2,1172.75,1150.9473934792584,1124.6806058872558,0,0,0,1388,737,,,,1,1,1,1,,,,197663,251691.1
1571715900,1177.95,1203.85,1160.05,1170.1,1154.7779147834067,1128.8096417156871,0,0,0,1388,737,,,,1,1,1,1,,,,137926,251430.4
1571802300,1176.7,1247.4,1159,1206.35,1165.0923318267253,1135.8587651960793,0,0,0,1388,737,,,,1,1,1,1,,,,503766,214150.45
1571888700,1212.4,1235,1178.1,1185.05,1169.0838654613801,1140.3306956327992,0,0,0,1388,737,,,,1,1,1,1,,,,178571,202314.95
1571975100,1182.15,1196.4,1160.1,1184.1,1172.087092369104,1144.3097233025449,0,0,0,1388,737,,,,1,1,1,1,,,,121657,196884.5
1572320700,1183.1,1238.5,1176,1209.7,1179.6096738952833,1150.2542939114044,0,0,0,1388,737,,,,1,1,1,1,,,,256339,196291.3
1572407100,1219.7,1234.25,1193.25,1201.45,1183.9777391162268,1154.9084490103676,0,0,0,1388,737,,,,1,1,1,1,,,,123781,195084.5
1572493500,1205.4,1221.95,1184,1190.45,1185.2721912929815,1158.1394991003342,0,0,0,1388,737,,,,1,1,1,1,,,,98687,194400.05
1572579900,1190,1241.35,1176,1216.65,1191.547753034385,1163.4586355457584,0,0,0,1388,737,,,,1,1,1,1,,,,329755,204109.15
1572839100,1224.25,1249.6,1202.7,1218.5,1196.938202427508,1168.4623959506894,0,0,0,1388,737,,,,1,1,1,1,,,,175743,204184.8
1572925500,1226.05,1228.95,1192,1201.4,1197.8305619420064,1171.4567235915358,0,0,0,1388,737,,,,1,1,1,1,,,,89821,204535.65
1573011900,1199.9,1208,1180.35,1186.25,1195.5144495536051,1172.8015669013962,0,0,0,1388,737,,,,1,1,1,1,,,,100314,205607.45
1573098300,1189.4,1212,1181.95,1187,1193.811559642884,1174.092333546724,0,0,0,1388,737,,,,1,1,1,1,,,,89436,204132.8
1573184700,1183.95,1248,1180.8,1201.25,1195.2992477143073,1176.5612123152036,0,0,0,1388,737,,,,1,1,1,1,,,,367624,217031.7
1573443900,1206.65,1219,1190,1198.3,1195.899398171446,1178.5374657410941,0,0,0,1388,737,,,,1,1,1,1,,,,95037,218581.05
1573616700,1209,1245,1208.2,1220.25,1200.7695185371567,1182.3295143100856,0,0,0,1388,737,,,,1,1,1,1,,,,216678,217744.95
1573703100,1222.05,1227.4,1188,1192.45,1199.1056148297255,1183.2495584637143,0,0,0,1388,737,,,,1,1,1,1,,,,78607,191768.55
1573789500,1182,1209.95,1165,1174.8,1194.2444918637805,1182.4814167851948,0,0,0,1388,737,,,,1,1,1,1,,,,87782,178379
1574048700,1179.7,1184.9,1141.2,1150.05,1185.4055934910243,1179.533106168359,0,0,0,1388,737,,,,1,1,1,1,,,,75200,174654.6
1574135100,1152.45,1152.45,1110,1114.35,1171.1944747928194,1173.6073692439627,0,0,0,1388,737,,,,1,1,1,1,,,,74251,169931.9
1574221500,1119.7,1138.65,1088.1,1113.65,1159.6855798342556,1168.1566993126933,0,0,0,1388,737,,,,1,1,1,1,,,,150941,167595.8
1574307900,1111,1118.7,1092.6,1098.7,1147.4884638674046,1161.8424539206303,0,0,0,1388,737,,,,1,1,1,1,,,,36855,162542.25
1574394300,1102.95,1104.35,1072.2,1077,1133.3907710939236,1154.1295035642095,0,0,0,1388,737,,,,1,1,1,1,,,,68784,140793.15
1574653500,1078,1110,1078,1097.75,1126.262616875139,1149.0040941492814,0,0,0,1388,737,,,,1,1,1,1,,,,70691,135399.15
1574739900,1102.95,1122,1085.6,1091.25,1119.2600935001112,1143.7537219538922,0,0,0,1388,737,,,,1,1,1,1,,,,68715,132752.05
1574826300,1087,1122,1086.2,1105.2,1116.448074800089,1140.248838139902,0,0,0,1388,737,,,,1,1,1,1,,,,95318,124701
1574912700,1109.9,1117.9,1088.35,1100.55,1113.2684598400713,1136.6398528544564,0,0,0,1388,737,,,,1,1,1,1,,,,77536,122388.75
1574999100,1102.9,1126.45,1091.7,1106.4,1111.894767872057,1133.8907753222331,0,0,0,1388,737,,,,1,1,1,1,,,,160907,125499.75
1575258300,1096.5,1110,1077.9,1083.65,1106.2458142976457,1129.323432111121,0,0,0,1388,737,,,,1,1,1,1,,,,47766,111400.3
1575344700,1084.9,1124,1081.55,1092.9,1103.5766514381166,1126.0122110101101,0,0,0,1388,737,,,,1,1,1,1,,,,150449,110135.6
1575431100,1092.7,1101,1077,1087.1,1100.2813211504933,1122.4747372819184,0,0,0,1388,737,,,,1,1,1,1,,,,54240,108356.55
1575517500,1105,1123,1080,1084.3,1097.0850569203947,1119.0043066199257,0,0,0,1388,737,,,,1,1,1,1,,,,97919,108236.8
1575603900,1085,1090,1044,1053.15,1088.2980455363158,1113.0175514726598,0,0,0,1388,737,,,,1,1,1,1,,,,67799,107154.95
1575863100,1045.1,1060.5,1032,1034.9,1077.6184364290527,1105.9159558842362,0,0,0,1388,737,,,,1,1,1,1,,,,45450,91046.25
1575949500,1039.7,1045,1022.25,1034.15,1068.9247491432423,1099.3917780765782,0,0,0,1388,737,,,,1,1,1,1,,,,54699,89029.35
1576035900,1034.95,1043.95,1016,1022.65,1059.6697993145938,1092.4152527968893,0,0,0,1388,737,,,,1,1,1,1,,,,41532,80272.05
1576122300,1027.95,1038,1008.5,1020.4,1051.815839451675,1085.8684116335357,0,0,0,1388,737,,,,1,1,1,1,,,,93114,80997.4
1576208700,1018,1041.9,1018,1024.6,1046.37267156134,1080.2985560304871,0,0,0,1388,737,,,,1,1,1,1,,,,69008,80058.7
1576467900,1027.7,1047,1017,1020.25,1041.148137249072,1074.839596391352,0,0,0,1388,737,,,,1,1,1,1,,,,165823,84589.85
1576554300,1026,1054,1026,1037.2,1040.3585097992577,1071.4178149012291,0,0,0,1388,737,,,,1,1,1,1,,,,188562,90305.4
1576640700,1039.9,1039.9,1020,1027.35,1037.756807839406,1067.4116499102083,0,0,0,1388,737,,,,1,1,1,1,,,,71376,86327.15
1576727100,1029.5,1029.5,1011.5,1015.7,1033.345446271525,1062.710590827462,0,0,0,1388,737,,,,1,1,1,1,,,,55267,87247.75
1576813500,1015,1034.95,1010.5,1017.35,1030.14635701722,1058.5869007522383,0,0,0,1388,737,,,,1,1,1,1,,,,107169,89167
1577072700,1012.1,1025,997.15002,1002.05,1024.527085613776,1053.4471825020348,0,0,0,1388,737,,,,1,1,1,1,,,,62518,88758.35
1577159100,1004.9,1010,995,1000.05,1019.6316684910208,1048.592893183668,0,0,0,1388,737,,,,1,1,1,1,,,,55791,88112.15
1577331900,1003.7,1017.4,995,1000.7,1015.8453347928166,1044.2389938033346,0,0,0,1388,737,,,,1,1,1,1,,,,62094,86450.95
1577418300,1006,1008.55,990.09998,993.29999,1011.3362658342533,1039.6081752757586,0,0,0,1388,737,,,,1,1,1,1,,,,43189,84733.6
1577677500,997,1015.1,995.79999,1008.6,1010.7890126674026,1036.7892502506897,0,0,0,1388,737,,,,1,1,1,1,,,,67503,80063.4
1577763900,1008,1057.8,1005.5,1038.95,1016.4212101339222,1036.9856820460816,0,0,0,1388,737,,,,1,1,1,1,,,,333501,94350.15
1577850300,1036.85,1043.95,1022.95,1029.2,1018.9769681071377,1036.2778927691652,0,0,0,1388,737,,,,1,1,1,1,,,,44974,89076.4
1577936700,1033,1072.75,1026.35,1058.75,1026.9315744857101,1038.320811608332,0,0,0,1388,737,,,,1,1,1,1,,,,208020,96765.4
1578023100,1055.8,1078.9,1039.05,1070.8,1035.7052595885682,1041.2734650984835,0,0,0,1388,737,,,,1,1,1,1,,,,159352,99837.05
1578282300,1063.9,1066.9,1035,1049.9,1038.5442076708546,1042.0576955440758,0,0,0,1388,737,,,,1,1,1,1,,,,126626,102778.4
1578368700,1065,1132,1064.05,1114.75,1053.7853661366837,1048.6660868582508,0,0,0,1388,737,,,,1,1,1,1,,,,280475,114529.65
1578455100,1105,1144.35,1102.4,1109.55,1064.938292909347,1054.2009880529552,0,0,0,1388,737,,,,1,1,1,1,,,,291651,126377.25
1578541500,1124,1139.9,1108.2,1129.4,1077.8306343274776,1061.037261866323,0,0,0,1388,737,,,,1,1,1,1,,,,171827,132892
1578627900,1137.7,1155,1109,1114.5,1085.164507461982,1065.8975107875663,0,0,0,1388,737,,,,1,1,1,1,,,,147819,135627.25
1578887100,1120,1130,1110,1123.6,1092.8516059695858,1071.1431916250601,0,0,0,1388,737,,,,1,1,1,1,,,,95819,136967.8
1578973500,1128.9,1137.7,1118,1123.15,1098.9112847756687,1075.8710832955092,0,0,0,1388,737,,,,1,1,1,1,,,,73580,132355.65
1579059900,1127.9,1129.7,1110,1118,1102.729027820535,1079.7009848140992,0,0,0,1388,737,,,,1,1,1,1,,,,43836,125119.35
1579146300,1122.2,1173,1109.9,1158,1113.783222256428,1086.8190771037266,0,0,0,1388,737,,,,1,1,1,1,,,,197705,131435.8
1579232700,1173.55,1185,1140.25,1144.35,1119.8965778051424,1092.0491610033878,0,0,0,1388,737,,,,1,1,1,1,,,,127959,135070.4
1579491900,1149,1153.8,1126.15,1129.9,1121.897262244114,1095.490146366716,0,0,0,1388,737,,,,1,1,1,1,,,,47989,132111.4
1579578300,1121.7,1144,1116.55,1134.55,1124.4278097952913,1099.04104215156,0,0,0,1388,737,,,,1,1,1,1,,,,75686,132769.8
1579664700,1136.3,1147.9,1122,1130.25,1125.5922478362331,1101.878220137782,0,0,0,1388,737,,,,1,1,1,1,,,,50147,132487.6
1579751100,1126,1147.65,1125.1,1140.4,1128.5537982689866,1105.3802001252564,0,0,0,1388,737,,,,1,1,1,1,,,,62110,132488.4
1579837500,1140,1215,1131.1,1198.9,1142.6230386151892,1113.8820001138695,0,0,0,1388,737,,,,1,1,1,1,,,,275371,144097.5
1580096700,1190,1235,1177,1187.85,1151.6684308921513,1120.6063637398813,0,0,0,1388,737,,,,1,1,1,1,,,,256156,153530.15
1580183100,1193.85,1210,1160,1169.3,1155.194744713721,1125.0330579453466,0,0,0,1388,737,,,,1,1,1,1,,,,99153,141812.75
1580269500,1180,1203.8,1170.15,1188.75,1161.905795770977,1130.8255072230425,0,0,0,1388,737,,,,1,1,1,1,,,,163235,147725.8
1580355900,1191.95,1196.7,1140.15,1149.5,1159.4246366167815,1132.523188384584,0,0,0,1388,737,,,,1,1,1,1,,,,88218,141735.7
1580442300,1155.95,1157.85,1124,1132.25,1153.9897092934252,1132.4983530768945,0,0,0,1388,737,,,,1,1,1,1,,,,58867,136711.45
1580528700,1123.65,1185,1107.35,1138.95,1150.9817674347403,1133.0848664335406,0,0,0,1388,737,,,,1,1,1,1,,,,202160,140488.15
1580701500,1118.7,1141.9,1090,1118.15,1144.4154139477923,1131.7271513032188,0,0,0,1388,737,,,,1,1,1,1,,,,73395,130134.15
1580787900,1128.5,1153,1124.05,1143.9,1144.312331158234,1132.833773912017,0,0,0,1388,737,,,,1,1,1,1,,,,63160,118709.6
1580874300,1149,1181.35,1140,1147.9,1145.0298649265872,1134.2034308291063,0,0,0,1388,737,,,,1,1,1,1,,,,95462,114891.35
1580960700,1156.8,1158.35,1140,1146.9,1145.4038919412696,1135.3576643900967,0,0,0,1388,737,,,,1,1,1,1,,,,42583,109629.55
1581047100,1148,1154.4,1127,1132.2,1142.7631135530157,1135.070603990997,0,0,0,1388,737,,,,1,1,1,1,,,,50067,107341.95
1581306300,1138.85,1229.9,1136.2,1187.1,1151.6304908424127,1139.8005490827245,0,0,0,1388,737,,,,1,1,1,1,,,,672592,137292.55
1581392700,1204,1209.9,1172.6,1178.9,1157.08439267393,1143.3550446206586,0,0,0,1388,737,,,,1,1,1,1,,,,191873,144694.4
1581479100,1180.05,1188.05,1160,1167.1,1159.087514139144,1145.5136769278715,0,0,0,1388,737,,,,1,1,1,1,,,,75695,138593.9
1581565500,1172,1184.8,1158.85,1163.3,1159.9300113113152,1147.130615388974,0,0,0,1388,737,,,,1,1,1,1,,,,56606,135026.25
1581651900,1200,1218.9,1145.55,1155.6,1159.0640090490522,1147.9005594445218,0,0,0,1388,737,,,,1,1,1,1,,,,140415,139647.55
1581911100,1155.6,1167.9,1125,1128.55,1152.9612072392417,1146.141417676838,0,0,0,1388,737,,,,1,1,1,1,,,,59099,138818.2
1581997500,1130,1135,1106.4,1120.1,1146.3889657913933,1143.7740160698527,0,0,0,1388,737,,,,1,1,1,1,,,,41761,138398.9
1582083900,1130,1147,1116.2,1122.25,1141.5611726331147,1141.8172873362298,0,0,0,1388,737,,,,1,1,1,1,,,,60121,138299.45
1582170300,1122.25,1129.5,1090,1093.7,1131.9889381064918,1137.4429884874817,0,0,0,1388,737,,,,1,1,1,1,,,,63089,127685.35
1582515900,1082,1108,1082,1092.25,1124.0411504851934,1133.3345349886197,0,0,0,1388,737,,,,1,1,1,1,,,,50294,117392.25
1582602300,1098,1104.9,1065,1076.55,1114.5429203881547,1128.1723045351089,0,0,0,1388,737,,,,1,1,1,1,,,,26901,113779.65
1582688700,1068.55,1109.8,1055.1,1099.45,1111.5243363105237,1125.561185941008,0,0,0,1388,737,,,,1,1,1,1,,,,70895,109162.65
1582775100,1103,1109.7,1080,1098.6,1108.939469048419,1123.11016903728,0,0,0,1388,737,,,,1,1,1,1,,,,37532,106628.35
1582861500,1063.6,1078,1052.95,1069.45,1101.041575238735,1118.2319718520728,0,0,0,1388,737,,,,1,1,1,1,,,,45702,105970.1
1583120700,1083.9,1108,1053,1092.25,1099.2832601909881,1115.8699744109751,0,0,0,1388,737,,,,1,1,1,1,,,,65206,99122.4
1583207100,1108.1,1130,1085,1102.45,1099.9166081527906,1114.6499767372502,0,0,0,1388,737,,,,1,1,1,1,,,,45630,97734.15
1583293500,1103.9,1107.95,1070,1096,1099.1332865222325,1112.954524306591,0,0,0,1388,737,,,,1,1,1,1,,,,95812,99366.75
1583379900,1093,1115,1085,1089.75,1097.256629217786,1110.845022096901,0,0,0,1388,737,,,,1,1,1,1,,,,30552,96121.25
1583466300,1054,1142,1044,1119.6,1101.7253033742288,1111.6409291790008,0,0,0,1388,737,,,,1,1,1,1,,,,69377,97460.95
1583725500,1117,1117,1060,1084.75,1098.330242699383,1109.196299253637,0,0,0,1388,737,,,,1,1,1,1,,,,80429,98979.05
1583898300,1081,1093.65,1070,1081.1,1094.8841941595065,1106.6420902305792,0,0,0,1388,737,,,,1,1,1,1,,,,44475,67573.2
1583984700,1050.35,1050.35,985,1000,1075.9073553276053,1096.947354755072,0,0,0,1388,737,,,,1,1,1,1,,,,99008,62929.95
1584071100,900,1034.95,800,1004.05,1061.5358842620842,1088.5021406864291,0,0,0,1388,737,,,,1,1,1,1,,,,84166,63353.5
1584330300,976,976,940,950.34998,1039.2987034096673,1075.9428533512992,0,0,0,1388,737,,,,1,1,1,1,,,,64930,63769.7
1584416700,941,1009,864,885.95001,1008.6289647277338,1058.6707766829993,0,0,0,1388,737,,,,4,1,1,1,,,,62179,59857.9
1584503100,904,904.95001,760.09998,774.45001,961.7931737821871,1032.832525166363,0,0,0,1388,737,,,,4,1,1,1,,,,77250,60765.45
1584589500,750,755.45001,701,728.59998,915.1545350257496,1005.17502106033,0,0,0,1388,737,,,,4,1,1,1,,,,63142,61834.5
1584675900,740,770,725,738.95001,879.9136300205997,980.9727473275727,0,0,0,1388,737,,,,4,1,1,1,,,,58306,61743.75
1584935100,670,691.84998,591.20001,594.25,822.7809040164798,945.816133934157,0,0,0,1388,737,,,,4,1,1,1,,,,62476,61713.1
1585021500,630,630,535,607.95001,779.8147252131838,915.1010317583246,0,0,0,1388,737,,,,4,1,1,1,,,,57627,62079.75
1585107900,607.95001,665,555,648.95001,753.641782170547,890.9054843257496,0,0,0,1388,737,,,,4,1,1,1,,,,35878,62528.6
1585194300,645,713.79999,633,697.04999,742.3234237364376,873.2822575688633,0,0,0,1388,737,,,,4,1,1,1,,,,56402,61803.95
1585280700,745,756,675.34998,704.25,734.7087389891501,857.9156886989666,0,0,0,1388,737,,,,4,1,1,1,,,,58249,62839.8
1585539900,688,732,675.34998,694.04999,726.5769891913201,843.0188069990605,0,0,0,1388,737,,,,4,1,1,1,,,,36969,62403.15
1585626300,704.15002,746,704,732.5,727.761591353056,832.9716427264186,0,0,0,1388,737,,,,4,1,1,1,,,,42501,61267.9
1585712700,737,759,720,726.09998,727.4292690824448,823.2560370240169,0,0,0,1388,737,,,,4,1,1,1,,,,29548,60463.8
1585885500,735,735.34998,696.25,716.75,725.2934152659558,813.5736700218335,0,0,0,1388,737,,,,4,1,1,1,,,,35765,57461.45
1586231100,730,788.40002,730,788.40002,737.9147362127646,811.2851563834851,0,0,0,1388,737,,,,4,1,1,1,,,,59781,58922.9
1586317500,810,854.29999,774,784.20001,747.1717909702118,808.8228703486228,0,0,0,1388,737,,,,4,1,1,1,,,,76612,59284.65
1586403900,820,848,792,817.5,761.2374327761694,809.6117003169298,0,0,0,1388,737,,,,4,1,1,1,,,,44907,57508.55
1586749500,829,829,771.09998,788.34998,766.6599422209355,807.6788166517543,0,0,0,1388,737,,,,4,1,1,1,,,,36677,57118.65
1586922300,829.90002,845,800.09998,806.70001,774.6679557767484,807.5898342288676,0,0,0,1388,737,,,,4,1,1,1,,,,80149,56175.7
1587008700,800,844.90002,791.04999,829.95001,785.7243666213988,809.6225774807888,0,0,0,1388,737,,,,4,1,1,1,,,,98979,56916.35
1587095100,851.09998,870.04999,836.15002,843.54999,797.289491297119,812.706887709808,0,0,0,1388,737,,,,4,1,1,1,,,,48600,56099.85
1587354300,855,885,831.54999,852.25,808.2815930376952,816.3017160998255,0,0,0,1388,737,,,,4,1,1,1,,,,78895,56935.65
1587440700,839.95001,839.95001,811,815.29999,809.6852724301561,816.2106500907505,0,0,0,1388,737,,,,4,1,1,1,,,,43656,55255.95
1587527100,824,884.40002,817.75,871.04999,821.958215944125,821.196044627955,0,0,0,1388,737,,,,4,1,1,1,,,,128268,58512.25
1587613500,884,987.59998,880.40002,917.25,841.0165727553,829.92822238905,0,0,0,1388,737,,,,4,1,1,1,,,,338475,72520.7
1587699900,907.95001,940,898.09998,912.40002,855.29326220424,837.4256585355,0,0,0,1388,737,,,,4,1,1,1,,,,86706,73732.2
1587959100,916,969,916,952.5,874.734609763392,847.886962305,0,0,0,1388,737,,,,4,1,1,1,,,,145405,78121.1
1588045500,958,959.90002,916.65002,927.04999,885.1976858107136,855.0836011863636,0,0,0,1388,737,,,,4,1,1,1,,,,77424,80198.4
1588131900,934.95001,945,910,914.09998,890.9781446485708,860.4487265330578,0,0,0,1388,737,,,,4,1,1,1,,,,54025,80079.55
1588218300,930,938,890,904.09998,893.6025117188567,864.4170223027797,0,0,0,987.59998,535,,,,1,1,1,1,,,,84431,81388.65
1588563900,889,889,848,854.5,885.7820093750854,863.5154748207088,0,0,0,987.59998,535,,,,1,1,1,1,,,,45554,81817.9
1588650300,864,880,830,836.15002,875.8556115000683,861.0277062006444,0,0,0,987.59998,535,,,,1,1,1,1,,,,41429,81764.3
1588736700,838,855,825.65002,832.70001,867.2244912000547,858.4524610914949,0,0,0,987.59998,535,,,,1,1,1,1,,,,30575,81815.65
1588823100,830,846.20001,818.95001,829.5,859.6795929600437,855.8204191740863,0,0,0,987.59998,535,,,,1,1,1,1,,,,60805,83067.65
1588909500,839.79999,858,829.40002,844.70001,856.683676368035,854.809472885533,0,0,0,987.59998,535,,,,1,1,1,1,,,,66946,83425.9
1589168700,855,875,851,857.45001,856.836943094428,855.0495217141208,0,0,0,987.59998,535,,,,1,1,1,1,,,,60060,82598.3
1589255100,855,856,832,845.20001,854.5095564755424,854.1541115582917,0,0,0,987.59998,535,,,,1,1,1,1,,,,29908,81848.35
1589341500,864.95001,875,848,853.40002,854.2876491804338,854.0855577802652,0,0,0,987.59998,535,,,,1,1,1,1,,,,59510,82990
1589427900,854,869.34998,845.15002,851,853.6301193443471,853.8050525275138,0,0,0,987.59998,535,,,,1,1,1,1,,,,41726,81068.85
1589514300,852,867.95001,845,850.25,852.9540954754777,853.4818659341034,0,0,0,987.59998,535,,,,1,1,1,1,,,,28330,77536.4
1589773500,852,857.95001,798.34998,802.04999,842.7732743803822,848.806240849185,0,0,0,987.59998,535,,,,1,1,1,1,,,,47027,77457.75
1589859900,826.5,827,800,804.29999,835.0786175043057,844.7602180447136,0,0,0,987.59998,535,,,,1,1,1,1,,,,31800,75103
1589946300,810,829.95001,802.65002,806.59998,829.3828900034446,841.2911054951942,0,0,0,987.59998,535,,,,1,1,1,1,,,,46128,75226.6
1590032700,811.84998,824.90002,806.59998,815.70001,826.6463140027556,838.9646422683584,0,0,0,987.59998,535,,,,1,1,1,1,,,,27585,70192.45
1590119100,803,822,803,812.25,823.7670512022045,836.5360384257804,0,0,0,987.59998,535,,,,1,1,1,1,,,,15507,54044.05
1590464700,813,837.79999,813,819.09998,822.8336369617635,834.9509422052548,0,0,0,987.59998,535,,,,1,1,1,1,,,,23717,50894.6
1590551100,819,845,810.95001,832.45001,824.7569115694108,834.7235847320499,0,0,0,987.59998,535,,,,1,1,1,1,,,,39067,45577.7
1590637500,836.65002,929,834.45001,916.75,843.1555292555287,842.1805315745908,0,0,0,987.59998,535,,,,1,1,1,1,,,,307882,57100.6
1590723900,914.09998,947.75,900,908.09998,856.1444194044229,848.1732087041734,0,0,0,987.59998,535,,,,1,1,1,1,,,,199001,64349.4
1590983100,918,958,915.75,936.15002,872.1455395235383,856.1711006401576,0,0,0,987.59998,535,,,,1,1,1,1,,,,114618,65858.75
1591069500,943,970,940,951.15002,887.9464356188307,864.8055478546888,0,0,0,987.59998,535,,,,1,1,1,1,,,,121221,69642.1
1591155900,975,1062.45,972.45001,996.75,909.7071484950645,876.8004980497171,0,0,0,987.59998,535,,,,1,1,1,1,,,,591498,97145.55
1591242300,1007.85,1092.8,981.5,1078.35,943.4357187960516,895.1231800451974,0,0,0,987.59998,535,,,,1,1,1,1,,,,390117,115122.65
1591328700,1125,1145.1,1075.25,1092.8,973.3085750368413,913.0938000410886,0,0,0,987.59998,535,,,,1,1,1,1,,,,363612,130263
1591587900,1108,1152.5,1075.1,1084.65,995.576860029473,928.6898182191715,0,0,0,987.59998,535,,,,1,1,1,1,,,,220036,137917.5
1591674300,1086,1101,1057.35,1066.4,1009.7414880235784,941.2089256537922,0,0,0,987.59998,535,,,,1,1,1,1,,,,71566,138492.8
1591760700,1070,1079.95,1010,1018.8,1011.5531904188628,948.2626596852657,0,0,0,987.59998,535,,,,1,1,1,1,,,,73294,140662.1
1591847100,1023,1052.25,999.70001,1007.95,1010.8325523350902,953.6887815320597,0,0,0,987.59998,535,,,,1,1,1,1,,,,68584,141115.8
1591933500,984,1030,975.34998,1020.45,1012.7560418680722,959.7579832109634,0,0,0,987.59998,535,,,,1,1,1,1,,,,79252,142992.1
1592192700,1028.85,1035.7,1000,1006.25,1011.4548334944577,963.9845301917849,0,0,0,1152.5,535,,,,1,1,1,1,,,,39973,143574.25
1592279100,1017,1039.45,991,997.79999,1008.7238647955662,967.0586629016226,0,0,0,1152.5,535,,,,1,1,1,1,,,,62664,144356.1
1592365500,995,1067.75,993.04999,1050.3,1017.0390918364529,974.6260571832933,0,0,0,1152.5,535,,,,1,1,1,1,,,,327349,159133.55
1592451900,1057.1,1067,1030,1045.95,1022.8212734691624,981.110051984812,0,0,0,1152.5,535,,,,1,1,1,1,,,,102020,161928.15
1592538300,1051,1075.65,1022.85,1057.4,1029.73701877533,988.0455018043746,0,0,0,1152.5,535,,,,1,1,1,1,,,,146192,167858.5
1592797500,1070.1,1115,1058.95,1064.15,1036.619615020264,994.9640925494315,0,0,0,1152.5,535,,,,1,1,1,1,,,,202077,177187
1592883900,1072,1086.2,1046.35,1060.35,1041.3656920162111,1000.9082659540286,0,0,0,1152.5,535,,,,1,1,1,1,,,,91858,180594.05
1592970300,1069.7,1100,1037.45,1046.3,1042.352553612969,1005.0347872309351,0,0,0,1152.5,535,,,,1,1,1,1,,,,136868,185484.1
1593056700,1025.35,1084.8,1025.35,1052.1,1044.302042890375,1009.3134429372137,0,0,0,1152.5,535,,,,1,1,1,1,,,,76390,173909.5
1593143100,1068,1074.7,1035.2,1045.35,1044.5116343123,1012.5894935792852,0,0,0,1152.5,535,,,,1,1,1,1,,,,75691,167744
1593402300,1049,1064.9,1017.3,1039.9,1043.58930744984,1015.0722668902592,0,0,0,1152.5,535,,,,1,1,1,1,,,,60820,165054.1
1593488700,1042.1,1074,1041.5,1051.65,1045.201445959872,1018.3975153547811,0,0,0,1152.5,535,,,,1,1,1,1,,,,125950,165290.55
1593575100,1057.25,1060.7,1035,1041.4,1044.4411567678976,1020.4886503225283,0,0,0,1152.5,535,,,,1,1,1,1,,,,55208,138476.05
1593661500,1048.9,1055,1025.1,1030.35,1041.6229254143182,1021.3851366568439,0,0,0,1152.5,535,,,,1,1,1,1,,,,51349,121537.65
1593747900,1037.3,1043,1020.1,1029.9,1039.2783403314545,1022.1592151425854,0,0,0,1152.5,535,,,,1,1,1,1,,,,48425,105778.3
1594007100,1035.25,1066,1030,1060.6,1043.5426722651637,1025.653831947805,0,0,0,1152.5,535,,,,1,1,1,1,,,,141671,101860.05
1594093500,1061.05,1119.4,1055.5,1111.35,1057.1041378121308,1033.4443926798226,0,0,0,1152.5,535,,,,1,1,1,1,,,,404246,118494.05
1594179900,1124,1174.9,1111,1124.85,1070.6533102497046,1041.7539933452933,0,0,0,1152.5,535,,,,1,1,1,1,,,,468190,138238.85
1594266300,1130.05,1145,1076,1127.05,1081.9326481997637,1049.5081757684484,0,0,0,1152.5,535,,,,1,1,1,1,,,,164893,143054.3
1594352700,1128.75,1238,1122,1226,1110.7461185598108,1065.5528870622259,0,0,0,1152.5,535,,,,1,1,1,1,,,,871332,182658.3
1594611900,1248.15,1270,1221,1231.1,1134.8168948478487,1080.6026246020235,0,0,0,1152.5,535,,,,1,1,1,1,,,,596133,210466.3
1594698300,1221,1224.9,1160.05,1170.1,1141.873515878279,1088.7387496382032,0,0,0,1152.5,535,,,,1,1,1,1,,,,202150,217440.6
1594784700,1177.05,1237.95,1176.05,1191.4,1151.7788127026233,1098.0715905801846,0,0,0,1152.5,535,,,,1,1,1,1,,,,270159,214581.1
1594871100,1180.05,1277,1170,1265.4,1174.5030501620986,1113.2832641638042,0,0,0,1152.5,535,,,,1,1,1,1,,,,470799,233020.05
1594957500,1272,1305,1225.05,1238.75,1187.3524401296788,1124.6893310580037,0,0,0,1152.5,535,,,,1,1,1,1,,,,589845,255202.7
1595216700,1245.9,1285,1231.7,1265.65,1203.0119521037432,1137.5039373254579,0,0,0,1152.5,535,,,,1,1,1,1,,,,327614,261479.55
1595303100,1272.05,1314.8,1260,1266.75,1215.7595616829944,1149.2535793867798,0,0,0,1152.5,535,,,,1,1,1,1,,,,354673,274620.3
1595389500,1274.8,1288,1245,1268.6,1226.3276493463954,1160.1032539879816,0,0,0,1152.5,535,,,,1,1,1,1,,,,223544,278954.1
1595475900,1271,1293.9,1266.55,1274.7,1236.0021194771164,1170.521139989074,0,0,0,1152.5,535,,,,1,1,1,1,,,,117320,281000.6
1595562300,1269,1279.65,1222.85,1245.6,1237.921695581693,1177.3464908991582,0,0,0,1152.5,535,,,,1,1,1,1,,,,115227,282977.4
1595821500,1250,1258.35,1180.1,1186.3,1227.5973564653543,1178.160446271962,0,0,0,1152.5,535,,,,1,1,1,1,,,,114894,285681.1
1595907900,1196,1228.15,1195.1,1219.8,1226.0378851722835,1181.9458602472382,0,0,0,1314.8,535,,,,1,1,1,1,,,,94153,284091.25
1595994300,1224,1241,1195.5,1202.65,1221.360308137827,1183.8280547702166,0,0,0,1314.8,535,,,,1,1,1,1,,,,105777,286619.7
1596080700,1236,1270,1215,1232.75,1223.6382465102615,1188.2755043365605,0,0,0,1314.8,535,,,,1,1,1,1,,,,371831,302643.8
1596167100,1239,1267.9,1235,1258.75,1230.6605972082093,1194.6822766696005,0,0,0,1314.8,535,,,,1,1,1,1,,,,196387,310041.9
1596426300,1255,1340,1242,1324.05,1249.3384777665674,1206.4429787905458,0,0,0,1314.8,535,,,,1,1,1,1,,,,482295,327073.1
1596512700,1335,1373.85,1313,1323.9,1264.2507822132538,1217.1208898095872,0,0,0,1314.8,535,,,,1,1,1,1,,,,439906,328856.1
1596599100,1340.25,1348,1318.6,1326.75,1276.7506257706032,1227.0871725541701,0,0,0,1314.8,535,,,,1,1,1,1,,,,155572,313225.2
1596685500,1334.9,1372,1329,1352.55,1291.9105006164825,1238.4928841401547,0,0,0,1314.8,535,,,,1,1,1,1,,,,269544,318457.75
1596771900,1346,1379.95,1332,1360.5,1305.628400493186,1249.5844401274135,0,0,0,1314.8,535,,,,1,1,1,1,,,,222398,286011.05
1597031100,1370,1565,1351,1529.55,1350.4127203945488,1275.035854661285,0,0,0,1314.8,535,,,,1,1,1,1,,,,1074363,309922.55
1597117500,1551,1561.15,1462,1474.4,1375.210176315639,1293.1598678738953,0,0,0,1314.8,535,,,,1,1,1,1,,,,324715,316050.8
1597203900,1456.6,1465.1,1421,1433.15,1386.7981410525113,1305.8862435217231,0,0,0,1314.8,535,,,,1,1,1,1,,,,169726,311029.15
1597290300,1446.7,1518.8,1445.95,1468.6,1403.158512842009,1320.6784032015664,0,0,0,1314.8,535,,,,1,1,1,1,,,,348100,304894.2
1597376700,1474.55,1528.95,1424,1455.85,1413.6968102736073,1332.9667301832421,0,0,0,1314.8,535,,,,1,1,1,1,,,,384853,294644.6
1597635900,1462,1500,1442.3,1469.95,1424.947448218886,1345.4197547120384,0,0,0,1565,535,,,,1,1,1,1,,,,291551,292841.45
1597722300,1476.95,1505,1467,1475.2,1434.9979585751087,1357.2179588291258,0,0,0,1565,535,,,,1,1,1,1,,,,201404,285178
1597808700,1484,1487.55,1449,1456.55,1439.3083668600868,1366.2481443901142,0,0,0,1565,535,,,,1,1,1,1,,,,108901,279445.85
1597895100,1442.5,1459,1427,1441.2,1439.6866934880695,1373.0619494455584,0,0,0,1565,535,,,,1,1,1,1,,,,112044,279182.05
1597981500,1453.85,1508.75,1445.15,1462.7,1444.2893547904557,1381.2108631323258,0,0,0,1565,535,,,,1,1,1,1,,,,306548,288748.1
1598240700,1476.95,1498,1465,1477.1,1450.8514838323645,1389.9280573930234,0,0,0,1565,535,,,,1,1,1,1,,,,114397,288723.25
1598327100,1482,1495,1461.65,1479.05,1456.4911870658916,1398.030052175476,0,0,0,1565,535,,,,1,1,1,1,,,,114318,289731.5
1598413500,1485,1485.95,1450,1456.4,1456.4729496527134,1403.3364110686146,0,0,0,1565,535,,,,1,1,1,1,,,,88908,288888.05
1598499900,1463,1545,1460,1511.85,1467.5483597221707,1413.2012827896497,0,0,0,1565,535,,,,1,1,1,1,,,,521446,296368.8
1598586300,1523.9,1539.95,1471.35,1483.5,1470.7386877777367,1419.5920752633178,0,0,0,1565,535,,,,1,1,1,1,,,,234328,298265.85
1598845500,1488.85,1495.4,1311.2,1348.45,1446.2809502221894,1413.1246138757435,0,0,0,1565,535,,,,1,1,1,1,,,,223783,285340.25
1598931900,1355,1382.65,1300.65,1330.5,1423.1247601777516,1405.613285341585,0,0,0,1565,535,,,,1,1,1,1,,,,134298,270059.85
1599018300,1331,1413.15,1331,1395.85,1417.6698081422012,1404.7257139468954,0,0,0,1565,535,,,,1,1,1,1,,,,179814,271271.95
1599104700,1398,1403.9,1356.15,1369.85,1408.105846513761,1401.5551944971776,0,0,0,1565,535,,,,1,1,1,1,,,,105323,263060.9
1599191100,1332,1382,1300,1308.75,1388.2346772110088,1393.1183586337977,0,0,0,1565,535,,,,1,1,1,1,,,,147339,259307.95
1599450300,1312,1369.7,1311.95,1344.8,1379.547741768807,1388.7257805761797,0,0,0,1565,535,,,,1,1,1,1,,,,189953,215087.45
1599536700,1353.95,1385.45,1344.1,1359.7,1375.5781934150457,1386.0870732510725,0,0,0,1565,535,,,,1,1,1,1,,,,157182,206710.8
1599623100,1356,1356,1312,1330.2,1366.5025547320365,1381.0064302282478,0,0,0,1565,535,,,,1,1,1,1,,,,104612,203455.1
1599709500,1341,1365.45,1333.3,1343.15,1361.8320437856291,1377.5649365711345,0,0,0,1565,535,,,,1,1,1,1,,,,76170,189858.6
1599795900,1343.95,1392,1332.55,1365.3,1362.5256350285033,1376.449942337395,0,0,0,1565,535,,,,1,1,1,1,,,,153217,178276.8
1600055100,1372.4,1425.65,1372.4,1397.9,1369.6005080228026,1378.39994757945,0,0,0,1565,535,,,,1,1,1,1,,,,187087,173053.6
1600141500,1404.9,1429.9,1382.45,1392.75,1374.2304064182422,1379.7044977995001,0,0,0,1565,535,,,,1,1,1,1,,,,113450,168655.9
1600227900,1401.1,1459,1391.25,1447.15,1388.8143251345937,1385.8359070904546,0,0,0,1565,535,,,,1,1,1,1,,,,261673,176294.5
1600314300,1439.15,1482,1414.05,1424.4,1395.9314601076749,1389.3417337185952,0,0,0,1565,535,,,,1,1,1,1,,,,241355,182760.05
1600400700,1434.7,1446,1380.5,1392.35,1395.2151680861398,1389.6152124714501,0,0,0,1565,535,,,,1,1,1,1,,,,132498,174057.55
1600659900,1398.9,1419,1342.8,1352.35,1386.6421344689118,1386.2274658831366,0,0,0,1565,535,,,,1,1,1,1,,,,124603,174567.85
1600746300,1356,1368.8,1305,1321.35,1373.5837075751294,1380.329514439215,0,0,0,1565,535,,,,1,1,1,1,,,,80455,172874.7
1600832700,1323.15,1346.7,1290,1333.85,1365.6369660601035,1376.10410403565,0,0,0,1565,535,,,,1,1,1,1,,,,90110,172934.8
1600919100,1300.1,1323.45,1248.05,1257.45,1343.9995728480828,1365.3173673051363,0,0,0,1565,535,,,,1,1,1,1,,,,82730,150999
1601005500,1269.8,1308.7,1262.2,1300.3,1335.2596582784663,1359.406697550124,0,0,0,1565,535,,,,1,1,1,1,,,,84362,143500.7
1601264700,1314.7,1326.8,1298,1303.1,1328.827726622773,1354.287906863749,0,0,0,1565,535,,,,1,1,1,1,,,,100811,137352.1
1601351100,1314.9,1323.8,1285.25,1296.5,1322.3621812982185,1349.0344607852264,0,0,0,1565,535,,,,1,1,1,1,,,,83064,134790.4
1601437500,1306.85,1320,1290.05,1304,1318.6897450385748,1344.9404188956603,0,0,0,1565,535,,,,1,1,1,1,,,,73520,129475.7
1601523900,1315,1325,1304.15,1310,1316.95179603086,1341.764017177873,0,0,0,1565,535,,,,1,1,1,1,,,,41430,126281.05
1601869500,1319,1344,1311.95,1327.5,1319.061436824688,1340.467288343521,0,0,0,1565,535,,,,1,1,1,1,,,,81784,123003.3
1601955900,1333,1370,1321,1336.05,1322.4591494597503,1340.0657166759281,0,0,0,1565,535,,,,1,1,1,1,,,,165908,121801.05
1602042300,1342.85,1343.7,1310,1317.65,1321.4973195678003,1338.0279242508439,0,0,0,1565,535,,,,1,1,1,1,,,,51256,116504.75
1602128700,1320,1327.95,1280.5,1288.6,1314.9178556542402,1333.5344765916761,0,0,0,1565,535,,,,1,1,1,1,,,,54419,113995.1
1602215100,1291,1299.45,1275,1280.1,1307.954284523392,1328.6767969015239,0,0,0,1565,535,,,,1,1,1,1,,,,29241,111648.65
1602474300,1289,1294.65,1239,1249.15,1296.1934276187137,1321.4470880922945,0,0,0,1565,535,,,,1,1,1,1,,,,48750,106425.3
1602560700,1253.95,1267.7,1238,1246.65,1286.284742094971,1314.647352811177,0,0,0,1565,535,,,,1,1,1,1,,,,37585,98950.2
1602647100,1236,1271,1222.5,1247.25,1278.477793675977,1308.5203207374336,0,0,0,1565,535,,,,1,1,1,1,,,,48813,95718.35
1602733500,1254,1268.05,1220,1233.35,1269.4522349407816,1301.6866552158488,0,0,0,1565,535,,,,1,1,1,1,,,,54242,85346.8
1602819900,1234.05,1259,1215.55,1227.1,1260.9817879526254,1294.906050196226,0,0,0,1565,535,,,,1,1,1,1,,,,57029,76130.5
1603079100,1233.25,1237.6,1212.8,1218.9,1252.5654303621004,1287.9964092692965,0,0,0,1565,535,,,,1,1,1,1,,,,37693,71390.25
1603165500,1217.95,1224,1202.4,1207.65,1243.5823442896803,1280.692190244815,0,0,0,1565,535,,,,1,1,1,1,,,,56077,67963.95
1603251900,1214.8,1219.95,1172.05,1188.8,1232.6258754317444,1272.3383547680137,0,0,0,1565,535,,,,1,1,1,1,,,,72190,67550.7
1603338300,1185,1209,1182.85,1195.3,1225.1607003453955,1265.3348679709216,0,0,0,1565,535,,,,1,1,1,1,,,,48567,65473.55
1603424700,1197,1211,1180,1184.9,1217.1085602763164,1258.0226072462924,0,0,0,1565,535,,,,1,1,1,1,,,,32131,62943.6
1603683900,1190.3,1194.7,1171.55,1184.65,1210.6168482210533,1251.3523702239022,0,0,0,1565,535,,,,1,1,1,1,,,,24234,59937.2
1603770300,1190,1259.95,1181,1230.25,1214.5434785768425,1249.4339729308201,0,0,0,1565,535,,,,1,1,1,1,,,,223844,66088.85
1603856700,1237.65,1242.1,1202.45,1212.3,1214.094782861474,1246.0581572098365,0,0,0,1565,535,,,,1,1,1,1,,,,48633,64367.3
1603943100,1206,1219.8,1185.7,1199.05,1211.085826289179,1241.7846883725786,0,0,0,1565,535,,,,1,1,1,1,,,,24153,61898.95
1604029500,1210.95,1248.95,1192.3,1211.15,1211.0986610313432,1238.9997167023441,0,0,0,1565,535,,,,1,1,1,1,,,,67056,63180.25
1604288700,1212,1222,1181.15,1189.45,1206.7689288250747,1234.4951970021311,0,0,0,1565,535,,,,1,1,1,1,,,,29811,60581.6
1604375100,1198.65,1205.35,1177.15,1182.15,1201.8451430600599,1229.7365427292102,0,0,0,1565,535,,,,1,1,1,1,,,,24333,53502.85
1604461500,1183,1197,1181.95,1190.35,1199.5461144480478,1226.1559479356456,0,0,0,1565,535,,,,1,1,1,1,,,,18248,51852.45
1604547900,1197.95,1228.8,1185.1,1218.8,1203.3968915584383,1225.4872253960414,0,0,0,1565,535,,,,1,1,1,1,,,,75765,52919.75
1604634300,1218.8,1249.95,1216.3,1234.85,1209.6875132467505,1226.338386723674,0,0,0,1565,535,,,,1,1,1,1,,,,62383,54576.85
1604893500,1244,1248.7,1230.2,1240.75,1215.9000105974005,1227.648533385158,0,0,0,1565,535,,,,1,1,1,1,,,,45214,54400.05
1604979900,1244.95,1247,1216.05,1223.95,1217.5100084779203,1227.3123030774163,0,0,0,1565,535,,,,1,1,1,1,,,,30620,54051.8
1605066300,1225.95,1234.45,1200,1206.3,1215.2680067823362,1225.402093706742,0,0,0,1565,535,,,,1,1,1,1,,,,50120,54117.15
1605152700,1205,1279.4,1182.25,1263.15,1224.844405425869,1228.8337215515837,0,0,0,1565,535,,,,1,1,1,1,,,,123162,57563.15
1605239100,1254,1275.45,1228.55,1256.65,1231.205524340695,1231.3624741378035,0,0,0,1565,535,,,,1,1,1,1,,,,97637,59593.55
1605357000,1265,1280,1252.15,1257.25,1236.4144194725561,1233.7158855798214,0,0,0,1565,535,,,,1,1,1,1,,,,16743,58546.05
1605584700,1260,1290,1250.3,1278.75,1244.8815355780448,1237.8098959816557,0,0,0,1565,535,,,,1,1,1,1,,,,82061,59845.25
1605671100,1288,1330.6,1285.1,1303.2,1256.545228462436,1243.7544508924143,0,0,0,1565,535,,,,1,1,1,1,,,,149168,63694.15
1605757500,1304,1332,1275.7,1286.2,1262.4761827699488,1247.613137174922,0,0,0,1565,535,,,,1,1,1,1,,,,102895,66410.55
1605843900,1292.55,1335,1289.55,1328.05,1275.590946215959,1254.9255792499291,0,0,0,1565,535,,,,1,1,1,1,,,,124640,71036
1606103100,1335,1348.8,1323.5,1329.9,1286.4527569727672,1261.7414356817537,0,0,0,1565,535,,,,1,1,1,1,,,,91672,74407.9
1606189500,1329,1356.3,1310,1347.9,1298.7422055782138,1269.5740324379578,0,0,0,1565,535,,,,1,1,1,1,,,,101476,68289.5
1606275900,1357,1357,1268,1281,1295.193764462571,1270.6127567617798,0,0,0,1565,535,,,,1,1,1,1,,,,69740,69344.85
1606362300,1284,1295,1256,1281.8,1292.5150115700567,1271.6297788743452,0,0,0,1565,535,,,,1,1,1,1,,,,63997,71337.05
1606448700,1287.85,1340,1275.9,1319.75,1297.9620092560453,1276.004344431223,0,0,0,1565,535,,,,1,1,1,1,,,,259058,80937.15
1606794300,1328.6,1328.6,1298,1302.55,1298.8796074048362,1278.4175858465665,0,0,0,1565,535,,,,1,1,1,1,,,,45376,81715.4
1606880700,1304.95,1322,1283.05,1289.25,1296.953685923869,1279.4023507696058,0,0,0,1565,535,,,,1,1,1,1,,,,68567,83927.1
1606967100,1292,1312,1280,1285.6,1294.682948739095,1279.9657734269144,0,0,0,1565,535,,,,1,1,1,1,,,,64965,86262.95
1607053500,1293.9,1305.85,1270.9,1280.65,1291.876358991276,1280.0279758426495,0,0,0,1565,535,,,,1,1,1,1,,,,78886,86419
1607312700,1280.65,1385,1280.65,1356.25,1304.7510871930208,1286.957250766045,0,0,0,1565,535,,,,1,1,1,1,,,,527587,109679.2
1607399100,1367,1367,1320,1329.85,1309.7708697544167,1290.8565916054954,0,0,0,1565,535,,,,1,1,1,1,,,,112405,113038.75
1607485500,1335,1387,1329,1369.65,1321.7466958035334,1298.0196287322685,0,0,0,1565,535,,,,1,1,1,1,,,,278078,125411.65
1607571900,1363,1373.7,1333.4,1362.25,1329.8473566428268,1303.8587533929715,0,0,0,1565,535,,,,1,1,1,1,,,,90647,127438
1607658300,1373.15,1383.95,1335,1343.75,1332.6278853142614,1307.4852303572468,0,0,0,1565,535,,,,1,1,1,1,,,,75665,125063.15
1607917500,1353.8,1370.35,1333.55,1341.45,1334.392308251409,1310.5729366884061,0,0,0,1565,535,,,,1,1,1,1,,,,48948,122628.7
1608003900,1339,1345,1325.05,1329.55,1333.4238466011273,1312.2981242621875,0,0,0,1565,535,,,,1,1,1,1,,,,32389,123411
1608090300,1332,1360,1332,1336.55,1334.0490772809019,1314.5028402383523,0,0,0,1565,535,,,,1,1,1,1,,,,77933,123204.6
1608176700,1346.8,1360,1316.6,1322.1,1331.6592618247214,1315.1934911257747,0,0,0,1565,535,,,,1,1,1,1,,,,66660,119079.2
1608263100,1323.8,1333.65,1292,1297.6,1324.847409459777,1313.5940828416133,0,0,0,1565,535,,,,1,1,1,1,,,,70330,117450.95
1608522300,1290,1318.5,1212.1,1229.2,1305.7179275678216,1305.9218934923756,0,0,0,1565,535,,,,1,1,1,1,,,,85138,115475.85
1608608700,1224.9,1248.4,1192,1242.05,1292.9843420542572,1300.1153577203415,0,0,0,1565,535,,,,1,1,1,1,,,,52491,113516.8
1608695100,1247.8,1287,1234.7,1276.15,1289.617473643406,1297.9366888366742,0,0,0,1565,535,,,,1,1,1,1,,,,61507,111518.35
1608781500,1286.9,1288.7,1262,1266.8,1285.0539789147247,1295.106080760613,0,0,0,1565,535,,,,1,1,1,1,,,,34006,109731.65
1609127100,1277.4,1329,1277.4,1306.5,1289.3431831317798,1296.1418916005573,0,0,0,1565,535,,,,1,1,1,1,,,,138156,113439.6
1609213500,1315,1316,1285.05,1293.05,1290.0845465054238,1295.8608105459612,0,0,0,1565,535,,,,1,1,1,1,,,,43935,102683.45
1609299900,1302,1302,1274.95,1294.45,1290.957637204339,1295.732555041783,0,0,0,1565,535,,,,1,1,1,1,,,,33650,102097.15
1609386300,1294.95,1327.55,1290.1,1298.05,1292.3761097634713,1295.9432318561662,0,0,0,1565,535,,,,1,1,1,1,,,,84532,102895.4
1609472700,1296,1321.65,1296,1304.75,1294.850887810777,1296.7438471419694,0,0,0,1565,535,,,,1,1,1,1,,,,60813,102687.8
1609731900,1313.6,1322.8,1280,1297.25,1295.3307102486217,1296.789861038154,0,0,0,1565,535,,,,1,1,1,1,,,,47320,101109.5
1609818300,1290.3,1312.85,1280.9,1296,1295.4645681988973,1296.718055489231,0,0,0,1565,535,,,,1,1,1,1,,,,41031,76781.7
1609904700,1299.95,1354.7,1292,1302.95,1296.9616545591177,1297.2845958993007,0,0,0,1565,535,,,,1,1,1,1,,,,265264,84424.65
1609991100,1318,1330,1290,1292.6,1296.0893236472941,1296.8587235448188,0,0,0,1565,535,,,,1,1,1,1,,,,145877,77814.6
1610077500,1296,1314.9,1278.1,1288.3,1294.5314589178354,1296.080657768017,0,0,0,1565,535,,,,1,1,1,1,,,,129113,79737.9
1610336700,1296.95,1309.9,1280.5,1288.65,1293.3551671342684,1295.40514342547,0,0,0,1565,535,,,,1,1,1,1,,,,53093,78609.3
1610423100,1285.95,1334.8,1280.55,1316.7,1298.0241337074146,1297.3410394777,0,0,0,1565,535,,,,1,1,1,1,,,,204202,86372
1610509500,1320,1327.65,1287,1298.5,1298.1193069659316,1297.4463995251817,0,0,0,1565,535,,,,1,1,1,1,,,,108386,90171.85
1610595900,1304.55,1323.05,1299,1305.75,1299.6454455727453,1298.2012722956197,0,0,0,1565,535,,,,1,1,1,1,,,,60618,89306.1
1610682300,1312,1313,1283,1286.35,1296.9863564581963,1297.1238839051089,0,0,0,1565,535,,,,1,1,1,1,,,,44905,88218.35
1610941500,1282.05,1298.7,1247,1250.35,1287.659085166557,1292.8717126410081,0,0,0,1565,535,,,,1,1,1,1,,,,71611,88282.4
1611027900,1264.9,1279,1257,1264.75,1283.0772681332455,1290.3151933100073,0,0,0,1565,535,,,,1,1,1,1,,,,38281,85939.55
1611114300,1258,1286,1258,1267.55,1279.9718145065965,1288.2456302818248,0,0,0,1565,535,,,,1,1,1,1,,,,33329,84981.45
1611200700,1277.8,1280.5,1252,1254.35,1274.8474516052772,1285.1642093471135,0,0,0,1565,535,,,,1,1,1,1,,,,47553,84283.75
1611287100,1247,1273,1240,1242.8,1268.4379612842217,1281.312917588285,0,0,0,1565,535,,,,1,1,1,1,,,,56777,85422.3
1611546300,1248.95,1257.5,1225.35,1232.55,1261.2603690273775,1276.879925080259,0,0,0,1565,535,,,,1,1,1,1,,,,44616,80745.3
1611719100,1227.6,1236,1215,1217.2,1252.448295221902,1271.45447734569,0,0,0,1565,535,,,,1,1,1,1,,,,24042,79750.65
1611805500,1204,1217,1194.2,1206.3,1243.2186361775216,1265.5313430415365,0,0,0,1565,535,,,,1,1,1,1,,,,26618,79399.05
1611891900,1218,1228,1192.9,1205.45,1235.6649089420173,1260.0694027650331,0,0,0,1565,535,,,,1,1,1,1,,,,25754,76460.15
1612151100,1205.5,1253.95,1205.5,1239.7,1236.471927153614,1258.2176388773028,0,0,0,1565,535,,,,1,1,1,1,,,,54147,76126.85
1612237500,1250,1271,1245,1262.4,1241.6575417228912,1258.5978535248207,0,0,0,1565,535,,,,1,1,1,1,,,,43269,75924.3
1612323900,1267.95,1274,1244.45,1253.7,1244.066033378313,1258.1525941134735,0,0,0,1565,535,,,,1,1,1,1,,,,42778,76011.65
1612410300,1257,1284,1255,1273.15,1249.8828267026504,1259.5159946486121,0,0,0,1565,535,,,,1,1,1,1,,,,54078,65452.35
1612496700,1279.55,1285,1247,1251.35,1250.1762613621204,1258.7736314987383,0,0,0,1565,535,,,,1,1,1,1,,,,39324,60124.7
1612755900,1260,1269.9,1222.2,1231.3,1246.4010090896963,1256.2760286352166,0,0,0,1565,535,,,,1,1,1,1,,,,64472,56892.65
1612842300,1235.95,1248.8,1233.25,1239.9,1245.100807271757,1254.7872987592878,0,0,0,1565,535,,,,1,1,1,1,,,,34605,55968.25
1612928700,1247.9,1261.95,1235,1246.7,1245.4206458174056,1254.0520897811707,0,0,0,1565,535,,,,1,1,1,1,,,,41654,47840.85
1613015100,1249.7,1268,1241.05,1246.7,1245.6765166539244,1253.3837179828824,0,0,0,1565,535,,,,1,1,1,1,,,,39993,44421.2
1613101500,1252.95,1264.25,1235.95,1241.3,1244.8012133231396,1252.2851981662568,0,0,0,1565,535,,,,1,1,1,1,,,,30154,42898
1613360700,1235,1235.05,1201,1207.45,1237.3309706585117,1248.2092710602335,0,0,0,1565,535,,,,1,1,1,1,,,,51457,43225.6
1613447100,1205,1218.9,1189.4,1200.65,1229.9947765268093,1243.8857009638486,0,0,0,1565,535,,,,1,1,1,1,,,,43151,41802.6
1613533500,1199.75,1208.95,1190,1191.85,1222.3658212214475,1239.1551826944078,0,0,0,1565,535,,,,1,1,1,1,,,,33292,41553.15
1613619900,1197,1212,1180,1183.6,1214.612656977158,1234.1047115403708,0,0,0,1565,535,,,,1,1,1,1,,,,83275,44050.45
1613706300,1191.5,1219,1184.75,1192.25,1210.1401255817264,1230.2997377639733,0,0,0,1565,535,,,,1,1,1,1,,,,71136,45229.6
1613965500,1196.95,1203.3,1156.95,1161.3,1200.372100465381,1224.0270343308848,0,0,0,1565,535,,,,1,1,1,1,,,,37007,44241.1
1614051900,1165,1178.7,1150,1152.55,1190.8076803723047,1217.5291221189862,0,0,0,1565,535,,,,1,1,1,1,,,,42427,44131.65
1614138300,1165,1234.4,1165,1179.85,1188.6161442978437,1214.1037473808965,0,0,0,1565,535,,,,1,1,1,1,,,,85750,47217.05
1614224700,1189,1199.95,1166,1178.2,1186.532915438275,1210.8397703462695,0,0,0,1565,535,,,,1,1,1,1,,,,44160,48094.15
1614311100,1160,1179,1150.05,1159.5,1181.12633235062,1206.1725184966085,0,0,0,1565,535,,,,1,1,1,1,,,,44466,49029.75
1614570300,1164.9,1186,1156,1161.45,1177.1910658804961,1202.1068349969169,0,0,0,1565,535,,,,1,1,1,1,,,,51082,48876.5
1614656700,1167.4,1235,1151.55,1194.5,1180.652852704397,1201.4153045426517,0,0,0,1565,535,,,,1,1,1,1,,,,144567,53941.4
1614743100,1200,1247,1200,1215.75,1187.6722821635176,1202.718458675138,0,0,0,1565,535,,,,1,1,1,1,,,,214619,62533.45
1614829500,1195.25,1262,1195.25,1242.85,1198.707825730814,1206.3667806137619,0,0,0,1565,535,,,,1,1,1,1,,,,161974,67928.25
1614915900,1238.9,1245.5,1195,1202,1199.3662605846512,1205.9698005579653,0,0,0,1565,535,,,,1,1,1,1,,,,60893,69006.7
1615175100,1200.15,1218,1200,1201.2,1199.733008467721,1205.536182325423,0,0,0,1565,535,,,,1,1,1,1,,,,37254,67645.8
1615261500,1208.05,1239.95,1181.65,1191.3,1198.0464067741768,1204.2419839322026,0,0,0,1565,535,,,,1,1,1,1,,,,76125,69721.8
1615347900,1199.05,1231.95,1186.9,1202.3,1198.8971254193414,1204.0654399383661,0,0,0,1565,535,,,,1,1,1,1,,,,59847,70631.45
1615520700,1198,1229,1185,1188.7,1196.857700335473,1202.668581762151,0,0,0,1565,535,,,,1,1,1,1,,,,62998,71781.7
1615779900,1191,1196,1158.4,1162.8,1190.0461602683783,1199.044165238319,0,0,0,1565,535,,,,1,1,1,1,,,,40163,72282.15
1615866300,1170,1198.55,1170,1178.45,1187.7269282147026,1197.1719683984718,0,0,0,1565,535,,,,1,1,1,1,,,,48569,72137.75
1615952700,1179.05,1194.4,1165.05,1173.3,1184.8415425717621,1195.001789453156,0,0,0,1565,535,,,,1,1,1,1,,,,41143,72037.35
1616039100,1180.35,1220,1152,1160.05,1179.8832340574097,1191.8243540483238,1,0,0,1565,535,,,,2,1,1,1,1,,,173798,79062.65
1616125500,1150,1185.45,1127.05,1168.5,1177.6065872459278,1189.703958225749,0,0,0,1565,535,,,,2,1,1,1,,,,96024,79700.1
1616384700,1174.35,1185,1154.55,1170.1,1176.1052697967423,1187.9217802052262,0,0,0,1565,535,,,,2,1,1,1,,,,50376,78662.1
1616471100,1172.1,1186.4,1152,1160.7,1173.0242158373937,1185.447072913842,0,0,0,1565,535,,,,2,1,1,1,,,,57333,79678.4
1616557500,1159,1172,1145,1148.9,1168.199372669915,1182.1246117398564,0,0,0,1565,535,,,,2,1,1,1,,,,54810,80297.55
1616643900,1154.65,1156.25,1109.65,1118.6,1158.279498135932,1176.3496470362331,0,0,0,1565,535,,,,2,1,1,1,,,,48415,78430.8
1616730300,1130,1140,1101,1111.7,1148.9635985087457,1170.4724063965755,0,0,0,1565,535,,,,2,1,1,1,,,,62398,79342.7
1617075900,1117.3,1128,1114,1121.7,1143.5108788069965,1166.0385512696141,0,0,0,1565,535,,,,2,1,1,1,,,,35399,78889.35
1617162300,1126,1140,1105,1110.4,1136.8887030455971,1160.9805011541946,0,0,0,1565,535,,,,2,1,1,1,,,,61526,79411.55
1617248700,1116.2,1148.4,1116.2,1145.45,1138.6009624364776,1159.568637412904,0,0,0,1565,535,,,,2,1,1,1,,,,39852,74175.8
1617594300,1155,1192.5,1136.15,1181.95,1147.270769949182,1161.6033067390038,0,0,0,1565,535,,,,2,1,1,1,,,,124937,69691.7
1617680700,1195,1202,1170.45,1176.7,1153.1566159593456,1162.9757333990942,0,0,0,1565,535,,,,2,1,1,1,,,,46177,63901.85
1617767100,1188,1213.55,1180.25,1201,1162.7252927674765,1166.4324849082675,0,0,0,1565,535,,,,2,1,1,1,,,,57007,63707.55
1617853500,1216.9,1284,1201,1249.05,1179.9902342139812,1173.943168098425,0,0,0,1565,535,,,,2,1,1,1,,,,332835,78486.6
1617939900,1265,1298,1252,1259.7,1195.932187371185,1181.7392437258409,0,0,0,1565,535,,,,2,1,1,1,,,,186108,83985.75
1618199100,1249.9,1249.9,1175.6,1185.45,1193.8357498969478,1182.0765852053098,0,0,0,1565,535,,,,2,1,1,1,,,,95494,85768.1
1618285500,1191,1248,1191,1214.15,1197.8985999175584,1184.9923501866454,0,0,0,1565,535,,,,2,1,1,1,,,,35590,84397.7
1618458300,1227,1227,1186.1,1191.75,1196.6688799340468,1185.6066819878595,0,0,0,1565,535,,,,2,1,1,1,,,,23056,83542.35
1618544700,1198,1215,1179.2,1194.95,1196.3251039472375,1186.4560745344177,0,0,0,1565,535,,,,2,1,1,1,,,,28343,82531.05
1618803900,1177.7,1188.7,1151.85,1160.35,1189.13008315779,1184.0827950312887,0,0,0,1565,535,,,,2,1,1,1,,,,65326,83740.2
1618890300,1166.5,1182.65,1159,1162.1,1183.724066526232,1182.0843591193534,0,0,0,1565,535,,,,2,1,1,1,,,,20446,76072.6
1619063100,1165.2,1175.9,1155.3,1164,1179.7792532209855,1180.4403264721395,0,0,0,1565,535,,,,2,1,1,1,,,,18836,72213.2
1619149500,1164,1169.8,1144,1149,1173.6234025767885,1177.5821149746723,0,0,0,1565,535,,,,2,1,1,1,,,,28455,71117.15
1619408700,1152.55,1158,1125.05,1128.85,1164.6687220614308,1173.1519227042475,0,0,0,1565,535,,,,2,1,1,1,,,,32552,69878.1
1619495100,1144,1151.15,1124.85,1142.65,1160.2649776491446,1170.379020640225,0,0,0,1565,535,,,,2,1,1,1,,,,40009,69138.05
1619581500,1143,1152,1125,1130.9,1154.3919821193158,1166.7900187638409,0,0,0,1565,535,,,,2,1,1,1,,,,42414,68838
1619667900,1140,1196,1131,1179.35,1159.3835856954527,1167.9318352398552,0,0,0,1565,535,,,,2,1,1,1,,,,212827,76359.45
1619754300,1170,1187.95,1150,1161,1159.7068685563622,1167.3016683998683,0,0,0,1565,535,,,,2,1,1,1,,,,44533,76816.15
1620013500,1162.95,1188,1144.95,1175.2,1162.8054948450897,1168.019698545335,0,0,0,1565,535,,,,2,1,1,1,,,,41285,75804.1
1620099900,1187.9,1217,1165,1168.7,1163.9843958760719,1168.0815441321226,0,0,0,1565,535,,,,2,1,1,1,,,,122642,79943.6
1620186300,1174.55,1184.35,1164,1167.95,1164.7775167008574,1168.069585574657,0,0,0,1565,535,,,,2,1,1,1,,,,25656,74979.55
1620272700,1177.7,1192.2,1147.95,1164,1164.622013360686,1167.699623249688,0,0,0,1565,535,,,,2,1,1,1,,,,82114,76776.4
1620359100,1150,1165.2,1138.05,1144.05,1160.5076106885488,1165.5496574997164,0,0,0,1565,535,,,,2,1,1,1,,,,54155,76633.8
1620618300,1168.8,1168.8,1135.9,1144.45,1157.296088550839,1163.631506817924,0,0,0,1565,535,,,,2,1,1,1,,,,56844,62834.25
1620704700,1140,1194.45,1138.65,1173.25,1160.4868708406711,1164.505915289022,0,0,0,1565,535,,,,2,1,1,1,,,,166405,61849.1
1620791100,1185,1233,1182,1195.9,1167.5694966725368,1167.3599229900199,0,0,0,1565,535,,,,2,1,1,1,,,,255797,69864.25
1620963900,1210,1255,1201,1205.25,1175.1055973380294,1170.8044754454727,0,0,0,1565,535,,,,2,1,1,1,,,,179520,77060.75
1621223100,1217.7,1225.05,1189.85,1194.9,1179.0644778704236,1172.9949776777025,0,0,0,1565,535,,,,2,1,1,1,,,,53846,78600.25
1621309500,1210,1215,1190,1194.35,1182.1215822963388,1174.936343343366,0,0,0,1565,535,,,,2,1,1,1,,,,38701,79118.15
1621395900,1196,1231.7,1191.65,1201.55,1186.0072658370711,1177.3557666757872,0,0,0,1565,535,,,,2,1,1,1,,,,109600,81331.85
1621482300,1201.55,1215.05,1185.65,1191.05,1187.015812669657,1178.6006969779883,0,0,0,1565,535,,,,2,1,1,1,,,,41308,82374.95
1621568700,1199.4,1235,1192.2,1201.75,1189.9626501357257,1180.7051790708983,0,0,0,1565,535,,,,2,1,1,1,,,,115498,87208.05
1621827900,1211.3,1232,1195.7,1217.7,1195.5101201085806,1184.0683446099076,0,0,0,1565,535,,,,2,1,1,1,,,,105588,91064.7
1621914300,1225,1247,1220,1223.75,1201.1580960868646,1187.6757678271888,0,0,0,1565,535,,,,2,1,1,1,,,,124647,95669.45
1622000700,1226,1335,1225.25,1323.4,1225.6064768694916,1200.0143343883535,0,0,1,1565,535,,,,1,1,1,1,,,1,1031157,145226.85
1622087100,1341.9,1362.2,1312.1,1337.55,1247.9951814955932,1212.517576716685,0,0,0,1565,535,,,,1,1,1,1,,,,561559,171184.1
1622173500,1330,1340,1276,1284.15,1255.2261451964746,1219.0296151969862,0,0,0,1565,535,,,,1,1,1,1,,,,166689,168877.2
1622432700,1294.6,1328,1292,1303.25,1264.8309161571797,1226.686013815442,0,0,0,1565,535,,,,1,1,1,1,,,,166500,174975.55
1622519100,1316.4,1327.35,1283.85,1301.15,1272.0947329257438,1233.4554671049473,0,0,0,1565,535,,,,1,1,1,1,,,,105870,178204.8
1622605500,1301.15,1305,1287.15,1298.15,1277.305786340595,1239.3367882772247,0,0,0,1565,535,,,,1,1,1,1,,,,54874,174816.4
1622691900,1309,1321.55,1290,1292.55,1280.354629072476,1244.1743529792952,0,0,0,1565,535,,,,1,1,1,1,,,,64107,176738.95
1622778300,1297.6,1310,1277.05,1282.3,1280.7437032579808,1247.6403208902684,0,0,0,1565,535,,,,1,1,1,1,,,,52137,175240.1
1623037500,1307.7,1338,1285.9,1312.2,1287.0349626063846,1253.5093826275167,0,0,0,1565,535,,,,1,1,1,1,,,,162472,180655.95
1623123900,1319.9,1354,1288,1317,1293.0279700851077,1259.281256934106,0,0,0,1565,535,,,,1,1,1,1,,,,273188,191473.15
1623210300,1327.5,1347,1283.85,1290.6,1292.542376068086,1262.128415394642,0,0,0,1565,535,,,,1,1,1,1,,,,126766,189491.2
1623296700,1300.9,1320,1298,1302.1,1294.4539008544689,1265.7621958133109,0,0,0,1565,535,,,,1,1,1,1,,,,86926,181047.65
1623383100,1305,1320,1292.1,1302.7,1296.103120683575,1269.1201780121007,0,0,0,1565,535,,,,1,1,1,1,,,,152463,179694.8
1623642300,1313,1365.4,1309.3,1346.9,1306.2624965468601,1276.1910709200915,0,0,0,1565,535,,,,1,1,1,1,,,,548892,204447.1
1623728700,1365,1424.95,1362,1374.55,1319.9199972374881,1285.1327917455378,0,0,0,1565,535,,,,1,1,1,1,,,,788431,241933.6
1623815100,1377.8,1377.8,1335.6,1350.85,1326.1059977899904,1291.1070834050345,0,0,0,1565,535,,,,1,1,1,1,,,,194880,246197.6
1623901500,1335,1376.3,1320.95,1340.85,1329.0547982319922,1295.6291667318494,0,0,0,1565,535,,,,1,1,1,1,,,,229580,255611.2
1623987900,1344,1352.25,1296.5,1307.3,1324.7038385855938,1296.6901515744084,0,0,0,1565,535,,,,1,1,1,1,,,,140558,256864.2
1624247100,1300,1335,1290.05,1326.75,1325.113070868475,1299.4228650676441,0,0,0,1565,535,,,,1,1,1,1,,,,79760,255572.8
1624333500,1333,1338.3,1301.25,1313.6,1322.81045669478,1300.7116955160402,0,0,0,1565,535,,,,1,1,1,1,,,,65062,252593.55
1624419900,1320,1326.25,1300.4,1303.65,1318.978365355824,1300.9788141054912,0,0,0,1565,535,,,,1,1,1,1,,,,50317,203551.55
1624506300,1308,1328,1302.2,1309.9,1317.1626922846592,1301.789831004992,0,0,0,1565,535,,,,1,1,1,1,,,,66304,178788.8
1624592700,1337,1358.85,1325.1,1331.35,1320.0001538277274,1304.4771190954473,0,0,0,1565,535,,,,1,1,1,1,,,,206543,180781.5
1624851900,1346.95,1384.5,1340.6,1370.3,1330.060123062182,1310.4610173594974,0,0,0,1565,535,,,,1,1,1,1,,,,248768,184894.9
1624938300,1367.2,1367.2,1334,1337.4,1331.5280984497456,1312.9100157813614,0,0,0,1565,535,,,,1,1,1,1,,,,115386,185370.7
1625024700,1349.75,1353.15,1320,1323.45,1329.9124787597964,1313.868196164874,0,0,0,1565,535,,,,1,1,1,1,,,,61961,185725.05
1625111100,1330,1339.9,1311.3,1317.55,1327.439983007837,1314.202905604431,0,0,0,1565,535,,,,1,1,1,1,,,,46260,184832.7
1625197500,1324,1327.95,1300,1307.35,1323.4219864062698,1313.5799141858463,0,0,0,1565,535,,,,1,1,1,1,,,,71518,185801.75
1625456700,1318,1334.8,1302.65,1317.5,1322.2375891250158,1313.9362856234966,0,0,0,1565,535,,,,1,1,1,1,,,,109790,183167.65
1625543100,1316,1326.95,1303.45,1308.25,1319.4400713000127,1313.4193505668152,0,0,0,1565,535,,,,1,1,1,1,,,,64068,172711.65
1625629500,1308.25,1316.9,1303,1306.25,1316.8020570400101,1312.7675914243775,0,0,0,1565,535,,,,1,1,1,1,,,,37186,168232.65
1625715900,1306.55,1314.9,1286.4,1294.3,1312.301645632008,1311.088719476707,0,0,0,1565,535,,,,1,1,1,1,,,,66853,167229
1625802300,1310,1310,1282,1283.5,1306.5413165056066,1308.5806540697336,0,0,0,1565,535,,,,1,1,1,1,,,,61559,162683.8
1626061500,1292,1339,1285,1322.6,1309.7530532044852,1309.8551400633942,0,0,0,1565,535,,,,1,1,1,1,,,,180634,144270.9
1626147900,1335,1353,1317.25,1326,1313.0024425635881,1311.3228546030857,0,0,0,1565,535,,,,1,1,1,1,,,,141203,111909.5
1626234300,1329,1342.5,1313.35,1316.65,1313.7319540508706,1311.8071405482597,0,0,0,1565,535,,,,1,1,1,1,,,,69168,105623.9
1626320700,1323.95,1327.65,1301.5,1307.05,1312.3955632406964,1311.3746732256907,0,0,0,1565,535,,,,1,1,1,1,,,,46968,96493.3
1626407100,1314.95,1314.95,1289.1,1300.85,1310.0864505925572,1310.417884750628,0,0,0,1565,535,,,,1,1,1,1,,,,69185,92924.65
1626666300,1288,1314,1281.55,1286.95,1305.4591604740458,1308.284440682389,0,0,0,1565,535,,,,1,1,1,1,,,,79787,92926
1626752700,1287.2,1298.1,1257.7,1267.25,1297.8173283792366,1304.55403698399,0,0,0,1565,535,,,,1,1,1,1,,,,73828,93364.3
1626925500,1287,1287,1265,1268.3,1291.9138627033892,1301.2582154399909,0,0,0,1565,535,,,,1,1,1,1,,,,74949,94595.9
1627011900,1285,1297,1266.4,1272.85,1288.1010901627114,1298.6756503999916,0,0,0,1565,535,,,,1,1,1,1,,,,65224,94541.9
1627271100,1279,1279,1251.65,1254.3,1281.3408721301691,1294.6415003636287,0,0,0,1565,535,,,,1,1,1,1,,,,57640,87096.75
1627357500,1262,1304,1257.25,1283.45,1281.7626977041352,1293.6240912396624,0,0,0,1565,535,,,,1,1,1,1,,,,259020,87609.35
1627443900,1294,1294,1239,1247.9,1274.9901581633083,1289.4673556724204,0,0,0,1565,535,,,,1,1,1,1,,,,146469,89163.5
1627530300,1252.7,1265,1240,1243.55,1268.7021265306466,1285.2930506112912,0,0,0,1565,535,,,,1,1,1,1,,,,54224,88776.65
1627616700,1246.8,1259.95,1231.55,1239.75,1262.9117012245174,1281.152773282992,0,0,0,1565,535,,,,1,1,1,1,,,,62477,89587.5
1627875900,1245.95,1260.45,1241,1246.45,1259.619360979614,1277.997975711811,0,0,0,1565,535,,,,1,1,1,1,,,,63525,89187.85
1627962300,1256.35,1274.95,1242.7,1247.2,1257.1354887836912,1275.19815973801,0,0,0,1565,535,,,,1,1,1,1,,,,156606,91528.65
1628048700,1253.45,1259.05,1228,1232.8,1252.268391026953,1271.3437815800091,0,0,0,1565,535,,,,1,1,1,1,,,,65289,91589.7
1628135100,1237.7,1237.8,1200,1214.8,1244.7747128215624,1266.2034378000083,0,0,0,1565,535,,,,1,1,1,1,,,,74690,93464.9
1628221500,1217,1236,1203,1207.3,1237.27977025725,1260.8485798181894,0,0,0,1565,535,,,,1,1,1,1,,,,51700,92707.25
1628480700,1215,1217.8,1190.55,1195.9,1229.0038162058,1254.9441634710813,0,0,0,1565,535,,,,1,1,1,1,,,,69268,93092.7
1628567100,1191.3,1195.85,1151.3,1164.25,1216.0530529646398,1246.6992395191648,0,0,0,1565,535,,,,1,1,1,1,,,,83228,88222.4
1628653500,1166,1167.95,1122.2,1139.7,1200.7824423717118,1236.9720359265134,0,0,0,1565,535,,,,1,1,1,1,,,,108403,86582.4
1628739900,1140,1166.35,1140,1158.5,1192.3259538973693,1229.8382144786485,0,0,0,1565,535,,,,1,1,1,1,,,,45743,85411.15
1628826300,1158,1165,1141.95,1146.8,1183.2207631178956,1222.2892858896805,0,0,0,1565,535,,,,1,1,1,1,,,,53053,85715.4
1629085500,1147,1147,1110.2,1122.6,1171.0966104943163,1213.2266235360732,0,0,0,1565,535,,,,1,1,1,1,,,,75066,86009.45
1629171900,1125.8,1131.05,1101.6,1112.15,1159.307288395453,1204.0378395782484,0,0,0,1565,535,,,,1,1,1,1,,,,70862,85563.2
1629258300,1118.95,1118.95,1092.05,1096.35,1146.7158307163625,1194.2480359802257,0,0,0,1565,535,,,,1,1,1,1,,,,76218,85682.7
1629431100,1090,1218.7,1081,1180.8,1153.53266457309,1193.0254872547507,0,0,0,1565,535,,,,1,1,1,1,,,,893092,126589.85
1629690300,1179,1217,1155,1164.6,1155.746131658472,1190.4413520497733,0,0,0,1565,535,,,,1,1,1,1,,,,407416,143699.45
1629776700,1172,1187.4,1151,1155.35,1155.6669053267776,1187.2512291361575,0,0,0,1565,535,,,,1,1,1,1,,,,72203,144427.6
1629863100,1155,1212.05,1155,1180.7,1160.673524261422,1186.6556628510523,0,0,0,1565,535,,,,1,1,1,1,,,,231305,143041.85
1629949500,1181.4,1223,1172.85,1206.2,1169.7788194091377,1188.4324207736838,0,0,0,1565,535,,,,1,1,1,1,,,,326441,152040.45
1630035900,1211.4,1230,1190,1199.5,1175.7230555273102,1189.4385643397125,0,0,0,1565,535,,,,1,1,1,1,,,,174965,158077.5
1630295100,1199.95,1214,1182,1186,1177.7784444218482,1189.1259675815568,0,0,0,1565,535,,,,1,1,1,1,,,,120939,161000.6
1630381500,1197.4,1242,1182.4,1189.3,1180.0827555374785,1189.1417887105063,0,0,0,1565,535,,,,1,1,1,1,,,,259919,170820.3
1630467900,1199.3,1230,1190.4,1217.9,1187.6462044299828,1191.7561715550057,0,0,0,1565,535,,,,1,1,1,1,,,,220956,174037.8
1630554300,1222,1244,1207.55,1223.9,1194.8969635439862,1194.6783377772779,0,0,0,1565,535,,,,1,1,1,1,,,,213473,181447
1630640700,1228,1235.6,1215,1219.15,1199.747570835189,1196.90303434298,0,0,0,1565,535,,,,1,1,1,1,,,,90355,182230.25
1630899900,1225.2,1230,1200,1204.05,1200.6080566681512,1197.552758493618,0,0,0,1565,535,,,,1,1,1,1,,,,51476,182219.05
1630986300,1209.95,1220.75,1192.2,1199.5,1200.3864453345209,1197.7297804487437,0,0,0,1565,535,,,,1,1,1,1,,,,83546,182932.95
1631072700,1201,1219,1194.85,1201.15,1200.5391562676168,1198.040709498858,0,0,0,1565,535,,,,1,1,1,1,,,,68988,182220.95
1631159100,1197,1224.95,1195,1211.9,1202.8113250140934,1199.3006449989618,0,0,0,1565,535,,,,1,1,1,1,,,,104571,182029.35
1631504700,1217.4,1217.4,1195,1198.85,1202.0190600112746,1199.2596772717834,0,0,0,1565,535,,,,1,1,1,1,,,,44801,181982.25
1631591100,1201,1217.2,1198,1204.6,1202.5352480090196,1199.7451611561667,0,0,0,1565,535,,,,1,1,1,1,,,,71801,182919.65
1631677500,1211,1211,1193.55,1196.6,1201.3481984072157,1199.4592374146969,0,0,0,1565,535,,,,1,1,1,1,,,,58777,182105.2
1631763900,1200,1211.2,1179,1184.7,1198.0185587257727,1198.1174885588152,0,0,0,1565,535,,,,1,1,1,1,,,,66000,181862.1
1631850300,1192,1192,1155.5,1160.7,1190.554846980618,1194.715898689832,0,0,0,1565,535,,,,1,1,1,1,,,,133183,184710.35
1632109500,1150,1177.9,1137,1140.4,1180.5238775844946,1189.7780897180292,0,0,0,1565,535,,,,1,1,1,1,,,,64884,143299.95
1632195900,1140.2,1153.9,1130.3,1148.75,1174.1691020675958,1186.0482633800266,0,0,0,1565,535,,,,1,1,1,1,,,,41826,125020.45
1632282300,1152,1176,1148.75,1159.75,1171.2852816540767,1183.6575121636606,0,0,0,1565,535,,,,1,1,1,1,,,,56008,124210.7
1632368700,1162,1194.4,1160.2,1164.65,1169.9582253232613,1181.9295565124187,0,0,0,1565,535,,,,1,1,1,1,,,,72465,116268.7
1632455100,1166.95,1184,1150.65,1154.8,1166.926580258609,1179.463233193108,0,0,0,1565,535,,,,1,1,1,1,,,,39292,101911.25
1632714300,1159,1166.15,1141.2,1149.05,1163.3512642068872,1176.6983938119163,0,0,0,1565,535,,,,1,1,1,1,,,,41015,95213.75
1632800700,1159,1164.15,1142,1147.75,1160.2310113655099,1174.0667216471966,0,0,0,1565,535,,,,1,1,1,1,,,,29896,90661.6
1632887100,1150,1159,1133.35,1146.5,1157.4848090924079,1171.560656042906,0,0,0,1565,535,,,,1,1,1,1,,,,42062,79768.75
1632973500,1150,1158,1140,1147.75,1155.5378472739262,1169.3960509480964,0,0,0,1565,535,,,,1,1,1,1,,,,38448,70643.35
1633059900,1147,1171.1,1140.05,1155,1155.4302778191409,1168.087319043724,0,0,0,1565,535,,,,1,1,1,1,,,,45177,62228.55
1633319100,1159.95,1175,1159.95,1167.1,1157.7642222553127,1167.9975627670217,0,0,0,1565,535,,,,1,1,1,1,,,,63736,60897.6
1633405500,1172,1192.95,1165.15,1177.25,1161.6613778042502,1168.8386934245652,0,0,0,1565,535,,,,1,1,1,1,,,,100558,63351.7
1633491900,1183.15,1194.9,1161,1166.5,1162.6291022434002,1168.6260849314228,0,0,0,1565,535,,,,1,1,1,1,,,,79002,63124.5
1633578300,1172,1179.9,1146.9,1157.45,1161.5932817947203,1167.6100772103844,0,0,0,1565,535,,,,1,1,1,1,,,,47090,62029.6
1633664700,1159.9,1159.95,1149.5,1152.55,1159.7846254357762,1166.2409792821677,0,0,0,1565,535,,,,1,1,1,1,,,,53631,59482.6
1633923900,1158.9,1180,1142.8,1154.5,1158.727700348621,1165.1736175292433,0,0,0,1565,535,,,,1,1,1,1,,,,83842,61434.65
1634010300,1158,1163.65,1145,1148.55,1156.6921602788968,1163.6623795720393,0,0,0,1565,535,,,,1,1,1,1,,,,43758,60032.5
1634096700,1150,1173.25,1144.7,1155.2,1156.3937282231175,1162.8930723382175,0,0,0,1565,535,,,,1,1,1,1,,,,86772,61432.25
1634183100,1165,1169,1151,1153.6,1155.834982578494,1162.0482475801978,0,0,0,1565,535,,,,1,1,1,1,,,,45493,60406.9
1634528700,1152,1161.3,1145,1147.95,1154.2579860627952,1160.7665887092708,0,0,0,1565,535,,,,1,1,1,1,,,,63227,56909.1
1634615100,1153.95,1156.85,1119,1128.65,1149.1363888502362,1157.8468988266097,0,0,0,1565,535,,,,1,1,1,1,,,,78064,57568.1
1634701500,1134,1148,1111.1,1119.35,1143.179111080189,1154.3471807514634,0,0,0,1565,535,,,,1,1,1,1,,,,61955,58574.55
1634787900,1109.9,1127,1101.05,1110.55,1136.6532888641511,1150.3656188649668,0,0,0,1565,535,,,,1,1,1,1,,,,47824,58165.35
1634874300,1115,1125,1100.35,1105.65,1130.4526310913209,1146.3005626045153,0,0,0,1565,535,,,,1,1,1,1,,,,41098,56597
1635133500,1100.6,1108.4,1083.6,1087.35,1121.8321048730568,1140.9414205495593,0,0,0,1565,535,,,,1,1,1,1,,,,37834,56524.1
1635219900,1097,1104,1091,1094.8,1116.4256838984454,1136.746745954145,0,0,0,1565,535,,,,1,1,1,1,,,,25044,55725.55
1635306300,1092,1124.75,1092,1108.95,1114.9305471187563,1134.2197690492226,0,0,0,1565,535,,,,1,1,1,1,,,,43445,56403
1635392700,1112,1117,1082,1092.25,1110.394437695005,1130.4043354992932,0,0,0,1565,535,,,,1,1,1,1,,,,34037,56001.75
1635479100,1084.1,1098.8,1071.25,1079.1,1104.135550156004,1125.7403049993575,0,0,0,1565,535,,,,1,1,1,1,,,,41985,56178.6
1635738300,1086,1095,1079.25,1087.8,1100.868440124803,1122.2911863630522,0,0,0,1565,535,,,,1,1,1,1,,,,19575,54898.5
1635824700,1088,1125,1087.85,1110.7,1102.8347520998425,1121.2374421482293,0,0,0,1565,535,,,,1,1,1,1,,,,43534,53888.4
1635911100,1120,1135,1088,1100.05,1102.277801679874,1119.3113110438449,0,0,0,1565,535,,,,1,1,1,1,,,,52744,51497.7
1636029000,1101.05,1119,1101.05,1111.4,1104.1022413438993,1118.5921009489498,0,0,0,1565,535,,,,1,1,1,1,,,,8566,47975.9
1636343100,1118,1118,1095.65,1104.85,1104.2517930751194,1117.3428190444997,0,0,0,1565,535,,,,1,1,1,1,,,,31310,47186.9
1636429500,1104,1115.25,1101,1105.6,1104.5214344600954,1116.2752900404544,0,0,0,1565,535,,,,1,1,1,1,,,,23923,45701.5
1636515900,1109.5,1166.85,1090,1129.8,1109.5771475680763,1117.5048091276858,0,0,0,1565,535,,,,1,1,1,1,,,,185958,50807.3
1636602300,1135,1135.4,1106.2,1111.15,1109.891718054461,1116.9270992069871,0,0,0,1565,535,,,,1,1,1,1,,,,34552,50347
1636688700,1119,1135,1105,1116.3,1111.173374443569,1116.87009018817,0,0,0,1565,535,,,,1,1,1,1,,,,34508,47733.8
1636947900,1112,1123.6,1104.35,1107.45,1110.4286995548553,1116.0137183528818,0,0,0,1565,535,,,,1,1,1,1,,,,25811,46749.7
1637034300,1113,1113,1092,1095.1,1107.362959643884,1114.1124712298927,0,0,0,1565,535,,,,1,1,1,1,,,,30687,45122.7
1637120700,1095.2,1115,1090.05,1094.1,1104.7103677151072,1112.2931556635388,0,0,0,1565,535,,,,1,1,1,1,,,,39255,43182.25
1637207100,1094.05,1102.2,1075,1078.4,1099.4482941720858,1109.211959694126,0,0,0,1565,535,,,,1,1,1,1,,,,29479,41558.45
1637552700,1090,1118,1068.1,1075.9,1094.7386353376687,1106.1835997219328,0,0,0,1565,535,,,,1,1,1,1,,,,65642,42449.35
1637639100,1067,1089,1067,1085.3,1092.850908270135,1104.2850906563026,0,0,0,1565,535,,,,1,1,1,1,,,,19717,41380.3
1637725500,1091,1095,1070,1075.4,1089.360726616108,1101.6591733239115,0,0,0,1565,535,,,,1,1,1,1,,,,23231,40650.15
1637811900,1077,1090,1072,1076.45,1086.7785812928864,1099.367430294465,0,0,0,1565,535,,,,1,1,1,1,,,,21977,40496.8
1637898300,1070,1075,1028.05,1037.6,1076.942865034309,1093.7522093586047,0,0,0,1565,535,,,,1,1,1,1,,,,58988,41273.95
1638157500,1033,1034.9,1005.5,1018.25,1065.2042920274473,1086.888372144186,0,0,0,1565,535,,,,1,1,1,1,,,,34229,41283.55
1638243900,1023.3,1033.1,980.5,993.75,1050.913433621958,1078.4212474038054,0,0,0,1565,535,,,,1,1,1,1,,,,51544,41761.5
1638330300,998.75,1014,990.15002,1000.75,1040.8807468975663,1071.3602249125504,0,0,0,1565,535,,,,1,1,1,1,,,,26608,42113.15
1638416700,1002,1034,1002,1016.45,1035.994597518053,1066.3683862841367,0,0,0,1565,535,,,,1,1,1,1,,,,42597,42066.3
1638503100,1016.45,1031.95,1012.55,1019.35,1032.6656780144424,1062.0939875310335,0,0,0,1565,535,,,,1,1,1,1,,,,24524,40655.3
1638762300,1025.9,1026.05,995,1000.1,1026.152542411554,1056.4581704827576,0,0,0,1565,535,,,,1,1,1,1,,,,17379,41095.95
1638848700,1003.1,1012.7,999.90002,1001.7,1021.2620339292431,1051.480154984325,0,0,0,1565,535,,,,1,1,1,1,,,,24603,40760.6
1638935100,1004.2,1015,1000,1008.85,1018.7796271433945,1047.6046863493864,0,0,0,1565,535,,,,1,1,1,1,,,,25648,40846.85
1639021500,1017.9,1155,1012.45,1124,1039.8237017147155,1054.5497148630786,0,0,0,1565,535,,,,1,1,1,1,,,,391492,51123.55
1639107900,1107.05,1145.9,1102,1133,1058.4589613717724,1061.6815589664352,0,0,0,1565,535,,,,1,1,1,1,,,,219688,60380.35
1639367100,1125,1133,1090,1094.2,1065.607169097418,1064.6377808785774,0,0,0,1565,535,,,,1,1,1,1,,,,102352,63772.55
1639453500,1087.95,1179,1081.15,1160.5,1084.5857352779344,1073.3525280714339,0,0,0,1565,535,,,,1,1,1,1,,,,599876,92475.8
1639539900,1164.9,1165.4,1135,1142.8,1096.2285882223475,1079.6659346103945,0,0,0,1565,535,,,,1,1,1,1,,,,135734,97728.15
1639626300,1149.8,1152.8,1110,1114.05,1099.792870577878,1082.7917587367224,0,0,0,1565,535,,,,1,1,1,1,,,,87750,100152.9
1639712700,1119,1119,1064.25,1075.45,1094.9242964623024,1082.124326124293,0,0,0,1565,535,,,,1,1,1,1,,,,140377,105697.8
1639971900,1077,1077,1026.9,1033.5,1082.639437169842,1077.7039328402664,0,0,0,1565,535,,,,1,1,1,1,,,,78231,106327.25
1640058300,1037,1054.2,1017.3,1021.8,1070.4715497358736,1072.621757127515,0,0,0,1565,535,,,,1,1,1,1,,,,49224,107802.6
1640144700,1027.55,1058.95,1022,1028.85,1062.147239788699,1068.642506479559,0,0,0,1565,535,,,,1,1,1,1,,,,63663,109824.2
1640231100,1036.5,1069,1033.65,1051.2,1059.9577918309592,1067.0568240723264,0,0,0,1565,535,,,,1,1,1,1,,,,65755,112013.1
1640317500,1054.95,1059,1034.45,1037.65,1055.4962334647673,1064.3834764293877,0,0,0,1565,535,,,,1,1,1,1,,,,21979,110162.65
1640576700,1035,1089,1029.6,1071,1058.5969867718138,1064.9849785721706,0,0,0,1565,535,,,,1,1,1,1,,,,83228,112612.6
1640663100,1075,1088.8,1065.2,1076.35,1062.147589417451,1066.0181623383369,0,0,0,1565,535,,,,1,1,1,1,,,,43316,112201.2
1640749500,1076.05,1117.95,1068,1101.95,1070.1080715339608,1069.2846930348517,0,0,0,1565,535,,,,1,1,1,1,,,,54452,113593.4
1640835900,1109.3,1129,1101.7,1118.3,1079.7464572271685,1073.7406300316834,0,0,0,1565,535,,,,1,1,1,1,,,,74134,115170.25
1640922300,1129.9,1129.95,1089.9,1109.45,1085.6871657817348,1076.9869363924395,0,0,0,1565,535,,,,1,1,1,1,,,,43665,116127.3
1641181500,1119.45,1131.65,1106.05,1111.6,1090.8697326253878,1080.1335785385813,0,0,0,1565,535,,,,1,1,1,1,,,,28496,116683.15
1641267900,1117.2,1117.2,1094,1097.8,1092.2557861003102,1081.7396168532557,0,0,0,1565,535,,,,1,1,1,1,,,,22835,116594.75
1641354300,1091.2,1108,1085.55,1091.2,1092.0446288802482,1082.5996516847779,0,0,0,1565,535,,,,1,1,1,1,,,,36820,117153.35
1641440700,1084.9,1099.7,1081,1087.85,1091.2057031041986,1083.0769560770707,0,0,0,1565,535,,,,1,1,1,1,,,,27685,98963
1641527100,1089,1116,1089,1099.9,1092.9445624833588,1084.606323706428,0,0,0,1565,535,,,,1,1,1,1,,,,42352,90096.2
1641786300,1099.9,1114.9,1084.9,1094.7,1093.295649986687,1085.5239306422072,0,0,0,1565,535,,,,1,1,1,1,,,,51017,87529.45
1641872700,1088,1141,1087.6,1116.1,1097.8565199893496,1088.3035733110976,0,0,0,1565,535,,,,1,1,1,1,,,,170697,66070.5
1641959100,1126,1127.8,1111.1,1119.1,1102.1052159914798,1091.1032484646341,0,0,0,1565,535,,,,1,1,1,1,,,,25976,60582.6
1642045500,1120,1128,1103.3,1108,1103.2841727931839,1092.639316786031,0,0,0,1565,535,,,,1,1,1,1,,,,31987,57794.45
1642131900,1113.25,1115,1089.95,1100.3,1102.687338234547,1093.3357425327554,0,0,0,1565,535,,,,1,1,1,1,,,,28759,52213.55
1642391100,1100.3,1136,1100.3,1121.5,1106.4498705876376,1095.8961295752322,0,0,0,1565,535,,,,1,1,1,1,,,,94311,53017.55
1642477500,1116,1142,1093,1098.4,1104.83989647011,1096.123754159302,0,0,0,1565,535,,,,1,1,1,1,,,,37071,52409.9
1642563900,1092,1167,1088.8,1137.3,1111.331917176088,1099.8670492357292,0,0,0,1565,535,,,,1,1,1,1,,,,165883,57520.9
1642650300,1141.8,1149.1,1097.3,1106.75,1110.4155337408704,1100.492772032481,0,0,0,1565,535,,,,1,1,1,1,,,,59494,57207.85
1642736700,1097.1,1118.15,1069.65,1080.3,1104.3924269926963,1098.6570654840737,0,0,0,1565,535,,,,1,1,1,1,,,,54396,58828.7
1642995900,1080.3,1089.5,1016.15,1023.65,1088.2439415941571,1091.838241349158,0,0,0,1565,535,,,,1,1,1,1,,,,50174,57176
1643082300,1023.65,1099.9,1013.2,1085.8,1087.7551532753257,1091.2893103174163,0,0,0,1565,535,,,,1,1,1,1,,,,129228,61471.6
1643255100,1050,1080.25,1050,1068.05,1083.8141226202606,1089.1766457431056,0,0,0,1565,535,,,,1,1,1,1,,,,31926,60345.3
1643341500,1078,1102.9,1075,1087.5,1084.5512980962085,1089.0242234028233,0,0,0,1565,535,,,,1,1,1,1,,,,29708,58124
1643600700,1081.25,1104.75,1075.2,1088.6,1085.3610384769668,1088.9856576389302,0,0,0,1565,535,,,,1,1,1,1,,,,33081,57594.8
1643687100,1100,1117.8,1083.3,1113.65,1091.0188307815733,1091.2278705808455,0,0,0,1565,535,,,,1,1,1,1,,,,55969,58968.45
1643773500,1115.05,1133.85,1105,1116.45,1096.1050646252586,1093.5207914371324,0,0,0,1565,535,,,,1,1,1,1,,,,63461,60999.75
1643859900,1124.6,1136,1089.25,1095.75,1096.0340517002069,1093.7234467610294,0,0,0,1565,535,,,,1,1,1,1,,,,59530,62135.25
1643946300,1095.05,1124,1092.55,1105.5,1097.9272413601655,1094.7940425100267,0,0,0,1565,535,,,,1,1,1,1,,,,33658,62433.9
1644205500,1110.9,1110.9,1075.1,1085.5,1095.4417930881323,1093.9491295545697,0,0,0,1565,535,,,,1,1,1,1,,,,30250,61828.8
1644291900,1086,1094.7,1049.4,1061.8,1088.7134344705057,1091.0264814132452,0,0,0,1565,535,,,,1,1,1,1,,,,30429,60799.4
1644378300,1070.1,1089.45,1050,1054.45,1081.8607475764045,1087.7013467393137,0,0,0,1565,535,,,,1,1,1,1,,,,56697,55099.4
1644464700,1058,1077.5,1057.45,1072.25,1079.9385980611237,1086.2966788539215,0,0,0,1565,535,,,,1,1,1,1,,,,26541,55127.65
1644551100,1061,1069.05,1045,1050.65,1074.080878448899,1083.0560716853831,0,0,0,1565,535,,,,1,1,1,1,,,,23656,54711.1
1644810300,1039.95,1040.2,995,999.65002,1059.1947067591193,1075.4737033503484,0,0,0,1565,535,,,,1,1,1,1,,,,32467,54896.5
1644896700,1004.65,1039.85,1000,1024.15,1052.1857654072955,1070.8079121366804,0,0,0,1565,535,,,,1,1,1,1,,,,40077,52184.8
1644983100,1033,1039.9,1012,1018.9,1045.5286123258365,1066.0890110333457,0,0,0,1565,535,,,,1,1,1,1,,,,32437,51953.1
1645069500,1029.95,1034.9,1008.6,1012.7,1038.9628898606693,1061.235464575769,0,0,0,1565,535,,,,1,1,1,1,,,,33225,45320.2
1645155900,1010,1028,1003.05,1008.1,1032.7903118885354,1056.4049677961536,0,0,0,1565,535,,,,1,1,1,1,,,,42979,44494.45
1645415100,1008.1,1012.7,980,986.79999,1023.5922475108283,1050.077242541958,0,0,0,1565,535,,,,1,1,1,1,,,,45599,44054.6
1645501500,978.95001,984.29999,962,963.54999,1011.5837960086626,1042.2111286745073,0,0,0,1565,535,,,,1,1,1,1,,,,43771,43734.45
1645587900,968.09998,1003.8,964.09998,988.70001,1007.00703880693,1037.3464815222794,0,0,0,1565,535,,,,1,1,1,1,,,,53602,39953.15
1645674300,974,975.40002,876.20001,903,986.205631045544,1025.133165020254,0,0,0,1565,535,,,,1,1,1,1,,,,102964,43505.05
1645760700,915,965,915,957,980.3645048364352,1018.9392409275036,0,0,0,1565,535,,,,1,1,1,1,,,,84934,46266.35
1646019900,952,967.95001,924,957.70001,975.8316058691482,1013.3720381159125,0,0,0,1565,535,,,,1,1,1,1,,,,47094,46967
1646192700,935.04999,965.45001,935.04999,950.09998,970.6852806953186,1007.6200328326477,0,0,0,1565,535,,,,1,1,1,1,,,,52443,46790.7
1646279100,953.90002,979.90002,950.84998,954.20001,967.388226556255,1002.7636671205888,0,0,0,1565,535,,,,1,1,1,1,,,,54069,46321.1
1646365500,957,957,923.15002,933.04999,960.520579245004,996.4260601096262,0,0,0,1565,535,,,,1,1,1,1,,,,57210,46205.1
1646624700,903.04999,912.54999,859.54999,878.20001,944.0564653960032,985.6782373723875,0,0,0,1565,535,,,,1,1,1,1,,,,87314,48887.9
1646711100,880,899.95001,872.95001,895.5,934.3451723168025,977.4802157930795,0,0,0,1565,535,,,,1,1,1,1,,,,72382,50994.5
1646797500,895.54999,915,895.25,909.09998,929.296133853442,971.2638307209814,0,0,0,1565,535,,,,1,1,1,1,,,,60948,52520.45
1646883900,920,940,917.45001,924.09998,928.2569030827536,966.976207928165,0,0,0,1565,535,,,,1,1,1,1,,,,48887,52129.95
1646970300,928.70001,935,917.29999,922.54999,927.115520466203,962.9374608437863,0,0,0,1565,535,,,,1,1,1,1,,,,50651,53335.45
1647229500,922.54999,930.15002,899.59998,905.45001,922.7824183729624,957.7113289488966,0,0,0,1565,535,,,,1,1,1,1,,,,76511,55978.2
1647315900,910.04999,921.29999,893.79999,902.70001,918.76593669837,952.7102999535424,0,0,0,1565,535,,,,1,1,1,1,,,,69377,57823.7
1647402300,907.25,928,906.95001,918.04999,918.622747358696,949.5593626850385,0,0,0,1565,535,,,,1,1,1,1,,,,68396,59239.65
1647488700,922.65002,942,920.59998,935.15002,921.9282018869568,948.2494224409442,0,0,0,1565,535,,,,1,1,1,1,,,,91400,62187.8
1647834300,950,957.40002,921,926.54999,922.8525595095655,946.2767467644946,0,0,0,1565,535,,,,1,1,1,1,,,,79391,64496.1
1647920700,930,950,921.34998,933.15002,924.9120516076524,945.0834079677225,0,0,0,1565,535,,,,1,1,1,1,,,,83137,66504
1648007100,943.95001,944.90002,906.20001,911.75,922.2796412861219,942.053098152475,0,0,0,1565,535,,,,1,1,1,1,,,,58658,67156.95
1648093500,906.95001,914.65002,892,899.09998,917.6437090288975,938.1482692295227,0,0,0,1565,535,,,,1,1,1,1,,,,56533,67795.05
1648179900,905,906.70001,885.20001,889.5,912.014967223118,933.7256992995661,0,0,0,1565,535,,,,1,1,1,1,,,,59430,68086.45
1648439100,898,898,863.25,872.5,904.1119737784944,928.1597266359693,0,0,0,1565,535,,,,1,1,1,1,,,,91942,67535.35
1648525500,872.5,883.90002,839.90002,845.84998,892.4595750227955,920.6770223963357,0,0,0,1565,535,,,,4,1,1,1,,,,129167,69747
1648611900,851.84998,906.45001,851.84998,872.04999,888.3776580182364,916.2563830875779,0,0,0,1565,535,,,,4,1,1,1,,,,224520,78618.3
1648698300,879.5,884.34998,855.5,860.79999,882.8621244145891,911.214892806889,0,0,0,1565,535,,,,4,1,1,1,,,,81864,80089.35
1648784700,868,896,862.75,887.59998,883.8096955316712,909.0680825517172,0,0,0,1565,535,,,,4,1,1,1,,,,93259,82048.85
1649043900,892.04999,920,892.04999,914.34998,889.917752425337,909.5482550470157,0,0,0,1565,535,,,,4,1,1,1,,,,122205,85298.6
1649130300,920,936,914.34998,925.95001,897.1242039402696,911.0393236791052,0,0,0,1565,535,,,,4,1,1,1,,,,80348,84950.3
1649216700,922,952,915,936.09998,904.9193591522156,913.3175651628229,0,0,0,1565,535,,,,4,1,1,1,,,,63176,84490
1649303100,940,954,924.04999,943.29999,912.5954853217725,916.0432401480208,0,0,0,1565,535,,,,4,1,1,1,,,,100174,86451.3
1649389500,938.34998,956.75,934.75,947.84998,919.6463842574179,918.9347619527462,0,0,0,1565,535,,,,4,1,1,1,,,,42696,86141.75
1649648700,950,962,947.79999,952.29999,926.1771054059343,921.9679645024966,0,0,0,1565,535,,,,4,1,1,1,,,,43130,85765.7
1649735100,941.25,958,919.5,931.90002,927.3216883247475,922.8708786386333,0,0,0,1565,535,,,,4,1,1,1,,,,42977,84089
1649821500,936.59998,947,919.20001,927.15002,927.287354659798,923.2598914896666,0,0,0,1565,535,,,,4,1,1,1,,,,38357,82538
1650253500,920.54999,928.54999,895.09998,901.90002,922.2098877278383,921.318084990606,0,0,0,1565,535,,,,4,1,1,1,,,,59896,82113
1650339900,907,922,880,891.5,916.0679101822707,918.6073499914601,0,0,0,1565,535,,,,4,1,1,1,,,,53465,80216.25
1650426300,899,902.04999,871.25,890.09998,910.8743241458166,916.0157709013273,0,0,0,1565,535,,,,4,1,1,1,,,,40024,78247.9
1650512700,894.59998,914.25,894.59998,906.29999,909.9594573166532,915.1325180921157,0,0,0,1565,535,,,,4,1,1,1,,,,31944,75688.25
1650599100,906.29999,998,901.79999,967.45001,921.4575678533226,919.8886537201051,0,0,0,1565,535,,,,4,1,1,1,,,,870044,116257.55
1650858300,956,965,933.09998,942.90002,925.7460582826582,921.9805961091865,0,0,0,1565,535,,,,4,1,1,1,,,,169291,121895.45
1650944700,958.70001,1062.9,949.90002,1026.55,945.9068466261265,931.486905553806,0,0,0,1565,535,,,,4,1,1,1,,,,1846642,211256.05
1651031100,1006.5,1110,1005.65,1096.4,976.0054773009012,946.4790050489145,0,0,0,1565,535,,,,4,1,1,1,,,,1639619,288639.9
1651117500,1099,1117,991.25,1001.3,981.064381840721,951.4627318626495,0,0,0,1565,535,,,,4,1,1,1,,,,678810,316122.05
1651203900,1010.55,1043.7,992.84998,1002.95,985.4415054725769,956.1433926024087,0,0,0,1565,535,,,,4,1,1,1,,,,355495,322670.8
1651463100,995,1000,965,978.65002,984.0832083780615,958.1894496385534,0,0,0,1565,535,,,,4,1,1,1,,,,127356,324945.4
1651635900,981,1047.7,975,1001.9,987.6465667024491,962.1631360350485,0,0,0,1565,535,,,,4,1,1,1,,,,722035,356384.2
1651722300,1031.9,1034,972,1009.7,992.0572533619593,966.4846691227714,0,0,0,1565,535,,,,4,1,1,1,,,,152046,357876.25
1651808700,990,1042,990,1030,999.6458026895674,972.2587901116103,0,0,0,1565,535,,,,4,1,1,1,,,,301624,368940.05
1652067900,1020,1023.8,980.09998,986.75,997.0666421516539,973.5761728287366,0,0,0,1565,535,,,,4,1,1,1,,,,82220,369892.25
1652154300,990,1007.8,942.34998,963.70001,990.3933157213231,972.678339844306,0,0,0,1565,535,,,,4,1,1,1,,,,89825,369374.8
1652240700,963.75,968.5,911.04999,936.59998,979.6346485770584,969.3984889493692,0,0,0,1565,535,,,,4,1,1,1,,,,78195,371149.75
1652327100,934,934,893.90002,900.34998,963.7777148616467,963.1213517721537,0,0,0,1565,535,,,,4,1,1,1,,,,63926,372189.55
1652413500,919.70001,940,910.5,918.70001,954.7621738893174,959.0830479746852,0,0,0,1565,535,,,,4,1,1,1,,,,62305,373155.95
1652672700,925.25,938,910.29999,926.29999,949.069737111454,956.1027699769866,0,0,0,1565,535,,,,4,1,1,1,,,,51528,373814.5
1652759100,935,949.90002,929.79999,945.34998,948.3257856891631,955.1252436154423,0,0,0,1565,535,,,,4,1,1,1,,,,38596,372749.5
1652845500,953,962,941.75,944.65002,947.5906325513305,954.172950559493,0,0,0,1565,535,,,,4,1,1,1,,,,46973,372424.9
1652931900,930,937.40002,916,918.84998,941.8425020410643,950.9617714177209,0,0,0,1565,535,,,,4,1,1,1,,,,24661,371656.75
1653018300,934.90002,991.15002,931.04999,977.09998,948.8939976328514,953.3379721979281,0,0,0,1565,535,,,,4,1,1,1,,,,170889,378604
1653277500,984.70001,994.59998,963.45001,971.54999,953.4251961062812,954.9936101799346,0,0,0,1565,535,,,,4,1,1,1,,,,61140,338158.8
1653363900,975.70001,975.70001,948,959.29999,954.600154885025,955.385099254486,0,0,0,1565,535,,,,4,1,1,1,,,,34822,331435.35
1653450300,960,973.15002,946,954.29999,954.54012190802,955.2864529586236,0,0,0,1565,535,,,,4,1,1,1,,,,44005,241303.5
1653536700,957.95001,969.90002,940.15002,951.20001,953.8720995264159,954.9149581442033,0,0,0,1565,535,,,,4,1,1,1,,,,33617,161003.4
1653623100,954,975.54999,954,965.95001,956.2876816211327,955.9181446765484,0,0,0,1565,535,,,,4,1,1,1,,,,39821,129053.95
1653882300,975,986,966.65002,978.04999,960.6401432969062,957.930130615044,0,0,0,1565,535,,,,4,1,1,1,,,,26160,112587.2
1653968700,1006.9,1016.15,982.65002,997.5,968.012114637525,961.5273914682218,0,0,0,1565,535,,,,4,1,1,1,,,,91554,110797.1
1654055100,1019,1019,990,995.40002,973.48969571002,964.6067213347471,0,0,0,1565,535,,,,4,1,1,1,,,,30002,76195.45
1654141500,986.04999,1023.15,986.04999,1002,979.191756568016,968.0061103043156,0,0,0,1565,535,,,,4,1,1,1,,,,80034,72594.85
1654227900,1007.05,1021,982.90002,988.34998,981.0234012544128,969.8555530039233,0,0,0,1565,535,,,,4,1,1,1,,,,30743,59050.8
1654487100,985.04999,998.45001,966.45001,992.34998,983.2887170035302,971.9005009126575,0,0,0,1565,535,,,,4,1,1,1,,,,26852,56282.4
1654573500,989.84998,990,955.90002,963.20001,979.2709756028241,971.109547193325,0,0,0,1565,535,,,,4,1,1,1,,,,17067,52644.5
1654659900,968.04999,968.04999,945.84998,953.84998,974.1867764822593,969.5404956302955,0,0,0,1565,535,,,,4,1,1,1,,,,29623,50215.9
1654746300,944.29999,952.79999,940.09998,943.34998,968.0194171858075,967.159539663905,0,0,0,1565,535,,,,4,1,1,1,,,,17104,47874.8
1654832700,940,940,927,929.59998,960.335529748646,963.7450342399136,0,0,0,1565,535,,,,4,1,1,1,,,,13196,45419.35
1655091900,921.54999,924.84998,901,916.15002,951.4984277989167,959.4182147635578,0,0,0,1565,535,,,,4,1,1,1,,,,16537,43669.8
1655178300,918,940,902.45001,909.54999,943.1087402391333,954.8847397850525,0,0,0,1565,535,,,,4,1,1,1,,,,26299,43054.95
1655264700,910,928,901.09998,904.59998,935.4069881913067,950.3133979864114,0,0,0,1565,535,,,,4,1,1,1,,,,22244,41818.5
1655351100,912.65002,914.04999,875,883.5,925.0255905530454,944.2394527149194,0,0,0,1565,535,,,,4,1,1,1,,,,31910,42180.95
1655437500,881,885.65002,859.40002,863.15002,912.6504764424363,936.8676861044721,0,0,0,1565,535,,,,4,1,1,1,,,,19002,34586.6
1655696700,864.95001,876.5,851.95001,865.59998,903.2403771539491,930.3888037313383,0,0,0,1565,535,,,,4,1,1,1,,,,25690,32814.1
1655783100,878,899,872.84998,893.59998,901.3122977231593,927.0443652103075,0,0,0,1565,535,,,,4,1,1,1,,,,30539,32599.95
1655869500,886,894.04999,871.75,886.84998,898.4198341785275,923.3903301911887,0,0,0,1565,535,,,,4,1,1,1,,,,13516,31075.5
1655955900,877.04999,901.95001,877.04999,898.04999,898.345865342822,921.0866629010807,0,0,0,1565,535,,,,4,1,1,1,,,,13019,30045.6
1656042300,890.04999,925.75,890.04999,903.15002,899.3066962742575,919.4560590009825,0,0,0,1565,535,,,,4,1,1,1,,,,37864,29947.75
1656301500,912.59998,919.09998,905,914.25,902.2953570194061,918.9827809099841,0,0,0,1565,535,,,,4,1,1,1,,,,12599,29269.7
1656387900,915,924,901.45001,919.95001,905.8262876155248,919.0707108272583,0,0,0,1565,535,,,,4,1,1,1,,,,10747,25229.35
1656474300,905,915.29999,903.34998,905.75,905.8110300924199,917.8597371156893,0,0,0,1565,535,,,,4,1,1,1,,,,13153,24386.9
1656560700,903.5,913.84998,898,903.25,905.2988240739359,916.5315791960812,0,0,0,1565,535,,,,4,1,1,1,,,,14012,21085.8
1656647100,891,924,891,920.04999,908.2490572591487,916.8514347237102,0,0,0,1565,535,,,,4,1,1,1,,,,20192,20558.25
1656906300,934,941,912.65002,936.5,913.899245807319,918.6376679306456,0,0,0,1565,535,,,,4,1,1,1,,,,26970,20564.15
1656992700,946,967,916.54999,923.25,915.7693966458552,919.0569708460415,0,0,0,1565,535,,,,4,1,1,1,,,,73262,23373.9
1657079100,916.04999,987,915.04999,981.59998,928.9355133166841,924.7426989509469,0,0,0,1565,535,,,,4,1,1,1,,,,104808,27133.15
1657165500,993,1005,963.04999,972,937.5484106533473,929.0388172281336,0,0,0,1565,535,,,,4,1,1,1,,,,73467,29951.3
1657251900,976.90002,978.29999,948.59998,951.09998,940.2587245226779,931.0443774801214,0,0,0,1565,535,,,,4,1,1,1,,,,34066,30994.8
1657511100,948,961,942,956.20001,943.4469816181423,933.3312531637467,0,0,0,1565,535,,,,4,1,1,1,,,,21763,31256.1
1657597500,950,954.75,930,933.79999,941.5175832945139,933.3738656034061,0,0,0,1565,535,,,,4,1,1,1,,,,22740,31078.15
1657683900,940,947.40002,926,929.29999,939.0740646356111,933.0035132758237,0,0,0,1565,535,,,,4,1,1,1,,,,15062,30719.05
1657770300,931,945,927,930.20001,937.2992537084889,932.7486493416579,0,0,0,1565,535,,,,4,1,1,1,,,,19003,30073.7
1657856700,930,940,914.90002,918.90002,933.6194069667911,931.4896830378708,0,0,0,1565,535,,,,4,1,1,1,,,,37537,31000.45
1658115900,929.95001,937.54999,910,931.65002,933.2255295734328,931.5042591253371,0,0,0,1565,535,,,,4,1,1,1,,,,23389,30885.4
1658202300,931.65002,959.95001,926.75,940.15002,934.6104276587463,932.29023738667,0,0,0,1565,535,,,,4,1,1,1,,,,39209,31318.9
1658288700,935.15002,954,935.15002,939.75,935.638342126997,932.9683976242454,0,0,0,1565,535,,,,4,1,1,1,,,,15892,31437.7
1658375100,945,951.54999,926.95001,937.20001,935.9506757015977,933.3530896584049,0,0,0,1565,535,,,,4,1,1,1,,,,24560,32014.75
1658461500,938,960.90002,938,945.45001,937.8505425612782,934.452809689459,0,0,0,1565,535,,,,4,1,1,1,,,,36046,31923.85
1658720700,945.40002,950.34998,935.40002,946.25,939.5304340490226,935.5252815358717,0,0,0,1565,535,,,,4,1,1,1,,,,17530,32170.4
1658807100,945,949,935.54999,938.29999,939.284345239218,935.7775277598834,0,0,0,1565,535,,,,4,1,1,1,,,,11672,32216.65
1658893500,942.95001,945,927.90002,935.15002,938.4574801913744,935.720481599894,0,0,0,1565,535,,,,4,1,1,1,,,,17775,32447.75
1658979900,937.04999,949,932,938.79999,938.5259821530996,936.0004369089945,0,0,0,1565,535,,,,4,1,1,1,,,,25199,33007.1
1659066300,946,964.5,944.29999,950.59998,940.9407817224796,937.3276680990859,0,0,0,1565,535,,,,4,1,1,1,,,,31361,33565.55
1659325500,950.59998,967.90002,946,958.20001,944.3926273779837,939.2251537264418,0,0,0,1565,535,,,,4,1,1,1,,,,25641,33499.1
1659411900,962.5,997,956.20001,961.75,947.8641019023869,941.272867024038,0,0,0,1565,535,,,,4,1,1,1,,,,70845,33378.25
1659498300,966.5,972.04999,948.09998,953.09998,948.9112775219095,942.3480591127618,0,0,0,1565,535,,,,4,1,1,1,,,,20768,29176.25
1659584700,962.45001,963.09998,942.95001,956.90002,950.5090260175276,943.6709646479653,0,0,0,1565,535,,,,4,1,1,1,,,,12736,26139.7
1659671100,959.40002,964.15002,941.04999,946.34998,949.6772168140221,943.9145114981503,0,0,0,1565,535,,,,4,1,1,1,,,,16719,25272.35
1659930300,946.29999,948.79999,926,927.15002,945.1717774512177,942.3904668165003,0,0,0,1565,535,,,,4,1,1,1,,,,30296,25699
1660103100,934.59998,934.59998,908.95001,912.15002,938.5674259609742,939.6413352877275,0,0,0,1565,535,,,,4,1,1,1,,,,29497,26036.85
1660189500,916,927.95001,912.54999,915.45001,933.9439427687794,937.4421238979342,0,0,0,1565,535,,,,4,1,1,1,,,,30046,26786.05
1660275900,918,919,899.65002,906.90002,928.5351582150236,934.665568998122,0,0,0,1565,535,,,,4,1,1,1,,,,33923,27532.05
1660621500,900.04999,916.5,900.04999,910.29999,924.8881245720188,932.4505163619291,0,0,0,1565,535,,,,4,1,1,1,,,,34168,27363.6
1660707900,914.95001,935.79999,911.29999,920.54999,924.020497657615,931.3686503290264,0,0,0,1565,535,,,,4,1,1,1,,,,34745,27931.4
1660794300,922,929.70001,888.34998,892.15002,917.646402126092,927.803320299115,0,0,0,1565,535,,,,4,1,1,1,,,,107378,31339.85
1660880700,896.90002,911.04999,895.40002,899.70001,914.0571237008736,925.2484739082863,0,0,0,1565,535,,,,4,1,1,1,,,,57134,33401.95
1661139900,899.70001,922,895.34998,903.5,911.9456989606989,923.2713399166239,0,0,0,1565,535,,,,4,1,1,1,,,,44564,34402.15
1661226300,903.95001,911.84998,898.15002,901.79999,909.9165571685592,921.3193990151126,0,0,0,1565,535,,,,4,1,1,1,,,,22417,33720.7
1661312700,915,928,904,906.84998,909.3032417348473,920.003997286466,0,0,0,1565,535,,,,4,1,1,1,,,,75153,36601.85
1661399100,911,919.45001,906.34998,909.34998,909.3125893878779,919.0354502604235,0,0,0,1565,535,,,,4,1,1,1,,,,38103,37923.4
1661485500,914.29999,919.70001,902,904.25,908.3000715103024,917.6913184185669,0,0,0,1565,535,,,,4,1,1,1,,,,28532,38461.25
1661744700,891,912.29999,890.15002,896.29999,905.9000552082418,915.7466521986971,0,0,0,1565,535,,,,4,1,1,1,,,,34254,38914
1661831100,898.5,920,898.5,908.75,906.4700441665934,915.1105929079065,0,0,0,1565,535,,,,4,1,1,1,,,,38982,39295.05
1662003900,905,917.70001,905,907.09998,906.5960313332747,914.382355370824,0,0,0,1565,535,,,,4,1,1,1,,,,25727,39299.35
1662090300,908,918.84998,905.04999,907.04999,906.6868230666198,913.7157767007491,0,0,0,1565,535,,,,4,1,1,1,,,,25370,37025.6
1662349500,909.90002,948.25,904.90002,920.45001,909.4394604532959,914.3279797279537,0,0,0,1565,535,,,,4,1,1,1,,,,145083,43241.35
1662435900,924,929.45001,905,909.84998,909.5215643626367,913.9208888435943,0,0,0,1565,535,,,,4,1,1,1,,,,43413,44775.2
1662522300,909.84998,927.95001,907.20001,914.34998,910.4872474901093,913.9598971305403,0,0,0,1565,535,,,,4,1,1,1,,,,30260,45452.25
1662608700,921,923.04999,912.34998,915.09998,911.4097939920874,914.0635410277639,0,0,0,1565,535,,,,4,1,1,1,,,,21177,44996.3
1662695100,920,921.04999,908.20001,910.45001,911.21783719367,913.7350382070581,0,0,0,1565,535,,,,4,1,1,1,,,,20884,44565.65
1662954300,908.34998,943.25,908.34998,926.15002,914.204273754936,914.8636729155073,0,0,0,1565,535,,,,4,1,1,1,,,,83558,47241.25
1663040700,928.04999,940,922.20001,929.04999,917.1734170039488,916.1533381050067,0,0,0,1565,535,,,,4,1,1,1,,,,40706,47580.4
1663127100,922.70001,989.95001,918.54999,967.79999,927.298731603159,920.8484882772788,0,0,0,1565,535,,,,4,1,1,1,,,,339309,62837.45
1663213500,984,1040.85,974.45001,1008.15,943.4689852825272,928.7849893429807,0,0,0,1565,535,,,,4,1,1,1,,,,513412,86770.8
1663299900,1000.55,1028.8,957.04999,968.90002,948.5551922260217,932.4318103118006,0,0,0,1565,535,,,,4,1,1,1,,,,159161,89359.95
1663559100,973,987.95001,935,940.54999,946.9541517808174,933.1698266470914,0,0,0,1565,535,,,,4,1,1,1,,,,60409,89523.7
1663645500,949.40002,986.90002,945.25,953.5,948.2633214246539,935.0180242246286,0,0,0,1565,535,,,,4,1,1,1,,,,78447,91217.85
1663731900,956,978.90002,950.79999,964.20001,951.4506591397231,937.6709320223896,0,0,0,1565,535,,,,4,1,1,1,,,,94838,94838.9
1663818300,955,982,954.54999,975.70001,956.3005293117785,941.1281209294451,0,0,0,1565,535,,,,4,1,1,1,,,,57437,93953.1
1663904700,978,979.84998,935,940.65002,953.1704274494228,941.0846572085865,0,0,0,1565,535,,,,4,1,1,1,,,,48378,94466.85
1664163900,927.09998,943.5,914.95001,920,946.5363419595383,939.1678701896241,0,0,0,1565,535,,,,4,1,1,1,,,,48201,95450.3
1664250300,927,935.20001,913.29999,923.54999,941.9390715676307,937.7480628996583,0,0,0,1565,535,,,,4,1,1,1,,,,33764,95425.8
1664336700,919,931.90002,909.90002,913.75,936.3012572541045,935.5664208178712,0,0,0,1565,535,,,,4,1,1,1,,,,44313,95692.35
1664423100,918.34998,930.45001,914,915.25,932.0910058032836,933.719473470792,0,0,0,1565,535,,,,4,1,1,1,,,,20512,95431.6
1664509500,912,927,910.54999,916.15002,928.9028086426268,932.1222504279928,0,0,0,1565,535,,,,4,1,1,1,,,,22633,95294.75
1664768700,916.40002,926.04999,907.70001,910.70001,925.2622489141015,930.174774025448,0,0,0,1565,535,,,,4,1,1,1,,,,32705,89675.85
1664855100,917,929,917,921.34998,924.4797951312812,929.3725200231345,0,0,0,1565,535,,,,4,1,1,1,,,,26741,88842.25
1665027900,920,947,920,942.25,928.033836105025,930.5432000210313,0,0,0,1565,535,,,,4,1,1,1,,,,59982,90328.35
1665114300,943.34998,945,929.09998,934.59998,929.34706488402,930.9119982009375,0,0,0,1565,535,,,,4,1,1,1,,,,28905,90714.75
1665373500,929,947.95001,920.90002,924.45001,928.367653907216,930.324544728125,0,0,0,1565,535,,,,4,1,1,1,,,,26436,90992.35
1665459900,924.45001,930,907,909.84998,924.6641191257728,928.4632206619318,0,0,0,1565,535,,,,4,1,1,1,,,,24731,88051
1665546300,914.40002,933,895.04999,903.90002,920.5112993006182,926.230202419938,0,0,0,1565,535,,,,4,1,1,1,,,,141394,93085.4
1665632700,903.90002,909.84998,898,900.5,916.5090394404946,923.8910931090345,0,0,0,1565,535,,,,4,1,1,1,,,,19276,77083.75
1665719100,909.90002,918.5,896.75,900,913.2072315523957,921.7191755536677,0,0,0,1565,535,,,,4,1,1,1,,,,22302,52528.25
1665978300,904,906.59998,891.09998,897.09998,909.9857812419166,919.4810668669707,0,0,0,1565,535,,,,4,1,1,1,,,,48212,46980.8
1666064700,895,908.90002,895,905.95001,909.1786269935333,918.2509707881551,0,0,0,1565,535,,,,4,1,1,1,,,,24545,45187.6
1666151100,906,909.40002,893.95001,896.04999,906.5528995948266,916.2326998074137,0,0,0,1565,535,,,,4,1,1,1,,,,11724,41851.45
1666237500,892.04999,905,892,895.84998,904.4123156758612,914.379725279467,0,0,0,1565,535,,,,4,1,1,1,,,,24867,38352.9
1666323900,900,904,890.15002,893.79999,902.289850540689,912.5088402540609,0,0,0,1565,535,,,,4,1,1,1,,,,17715,36366.8
1666615500,894.04999,894.09998,864.34998,876.95001,897.2218824325512,909.2762193218736,0,0,0,1565,535,,,,4,1,1,1,,,,38849,35890.35
1666669500,856,878.95001,856,862.70001,890.3175079460409,905.0420184744305,0,0,0,1565,535,,,,4,1,1,1,,,,84107,37685.65
1666842300,863.95001,879,863.95001,876.59998,887.5740023568327,902.4563786131187,0,0,0,1565,535,,,,4,1,1,1,,,,22885,37141.7
1666928700,875.95001,885,873,881.70001,886.3992038854661,900.5694360119261,0,0,0,1565,535,,,,4,1,1,1,,,,17522,35802.15
1667187900,884.29999,884.84998,871,873.25,883.7693631083729,898.0858509199328,0,0,0,1565,535,,,,4,1,1,1,,,,18485,35700.8
1667274300,876.09998,879.84998,871,875.84998,882.1854864866983,896.0644081090298,0,0,0,1565,535,,,,4,1,1,1,,,,13837,35261
1667360700,873.25,883.54999,870,875.34998,880.8183851893587,894.1812782809362,0,0,0,1565,535,,,,4,1,1,1,,,,19346,34593.05
1667447100,874.90002,879,868.04999,870.34998,878.7247041514869,892.014796619033,0,0,0,1565,535,,,,4,1,1,1,,,,14708,33991.4
1667533500,870.34998,879.34998,869.29999,877.84998,878.5497593211895,890.7270860173027,0,0,0,1565,535,,,,4,1,1,1,,,,14871,31735.85
1667792700,888,957,888,926.15002,888.0698114569516,893.9473527430024,0,0,0,1565,535,,,,4,1,1,1,,,,470873,53834.25
1667965500,935.09998,977,925,963,903.0558491655613,900.2248661300022,0,0,0,1565,535,,,,4,1,1,1,,,,266124,65818.65
1668051900,960,961.09998,935,937.84998,910.0146753324491,903.6453310272747,0,0,0,1565,535,,,,4,1,1,1,,,,34170,66290.6
1668138300,941.25,975,940.04999,945.15002,917.0417442659593,907.4184845702497,0,0,0,1565,535,,,,4,1,1,1,,,,35222,60982
1668397500,945.15002,962.79999,929.65002,944.95001,922.6233974127674,910.8304414274997,0,0,0,1565,535,,,,4,1,1,1,,,,51990,62617.7
1668483900,943,949.5,930.04999,935.34998,925.1687139302139,913.0594903886362,0,0,0,1565,535,,,,4,1,1,1,,,,19222,62463.7
1668570300,936,941.34998,916,921.25,924.3849711441711,913.8040821714874,0,0,0,1565,535,,,,4,1,1,1,,,,21351,61120.65
1668656700,921.25,926.70001,904.04999,907.75,921.0579769153369,913.2537110649886,0,0,0,1565,535,,,,4,1,1,1,,,,19574,60872.1
1668743100,910,915,898.79999,903.04999,917.4563795322695,912.3261000590805,0,0,0,1565,535,,,,4,1,1,1,,,,12699,60920.85
1669002300,907.59998,945,900.70001,927.5,919.4651036258156,913.705545508255,0,0,0,1565,535,,,,4,1,1,1,,,,85182,63936.6
1669088700,929.04999,942.70001,916.20001,922.20001,920.0120849006524,914.4777695529591,0,0,0,1565,535,,,,4,1,1,1,,,,42987,65200.2
1669175100,924,937.34998,903.09998,913.5,918.709667920522,914.388881411781,0,0,0,1565,535,,,,4,1,1,1,,,,30582,64786.85
1669261500,913.5,931,908.04999,917.15002,918.3977383364175,914.63989401071,0,0,0,1565,535,,,,4,1,1,1,,,,23388,61750.9
1669347900,920,926.04999,914,918.65002,918.4481946691341,915.0044509188273,0,0,0,1565,535,,,,4,1,1,1,,,,20685,61640.9
1669607100,918.70001,922.90002,910,914.15002,917.5885597353073,914.926775380752,0,0,0,1565,535,,,,4,1,1,1,,,,20882,61808.9
1669693500,915.04999,976.95001,915.04999,960.25,926.1208477882458,919.0470685279564,0,0,0,1565,535,,,,4,1,1,1,,,,417467,81758
1669779900,964.79999,985,955.5,961,933.0966782305966,922.8609713890513,0,0,0,1565,535,,,,4,1,1,1,,,,155145,88823.4
1669866300,969.40002,1020,965.34998,1003.3,947.1373425844772,930.173610353683,0,0,0,1565,535,,,,4,1,1,1,,,,461588,110935.5
1669952700,1007.7,1012.7,992,1005.05,958.7198740675817,936.9805548669846,0,0,0,1565,535,,,,4,1,1,1,,,,99016,115150.9
1670211900,1019,1048,1002,1036.1,974.1958992540654,945.9914135154405,0,0,0,1565,535,,,,4,1,1,1,,,,197623,124288.5
1670298300,1029,1044.05,1005.1,1015.25,982.4067194032523,952.2876486504005,0,0,0,1565,535,,,,4,1,1,1,,,,90196,105254.65
1670384700,1022.9,1029.7,986.45001,992.79999,984.4853735226018,955.9705887730913,0,0,0,1565,535,,,,4,1,1,1,,,,58396,94868.25
1670471100,996.84998,1024.9,991.54999,1005.85,988.7582988180815,960.5050807028103,0,0,0,1565,535,,,,4,1,1,1,,,,61253,96222.4
1670557500,1010.85,1013.1,972.20001,984.95001,987.9966410544652,962.7273470025549,0,0,0,1565,535,,,,4,1,1,1,,,,49391,96930.85
1670816700,980,1005,979.84998,985.04999,987.4073108435721,964.7566781841408,0,0,0,1565,535,,,,4,1,1,1,,,,35921,96127.4
1670903100,992,1001.65,975.25,986.20001,987.1658506748577,966.7060719855825,0,0,0,1565,535,,,,4,1,1,1,,,,38912,97111.9
1670989500,982.79999,994,975,980.09998,985.7526765398861,967.9236999868932,0,0,0,1565,535,,,,4,1,1,1,,,,19726,97030.65
1671075900,985.84998,1005.9,973,977.84998,984.1721372319089,968.8260890789938,0,0,0,1565,535,,,,4,1,1,1,,,,72351,99669.5
1671162300,980,1005,957.59998,966.20001,980.5777117855271,968.5873546172671,0,0,0,1565,535,,,,4,1,1,1,,,,145295,106299.3
1671421500,972,1007.4,969.45001,996.5,983.7621694284217,971.1248678338792,0,0,0,1565,535,,,,4,1,1,1,,,,105010,107290.7
1671507900,996.5,999.59998,970.15002,975.34998,982.0797315427374,971.5089689398902,0,0,0,1565,535,,,,4,1,1,1,,,,41494,107216.05
1671594300,980.25,984.90002,944,947.54999,975.1737832341898,969.3308799453547,0,0,0,1565,535,,,,4,1,1,1,,,,51845,108279.2
1671680700,953,960.04999,915.20001,925,965.1390265873519,965.3007999503225,0,0,0,1565,535,,,,4,1,1,1,,,,50580,109638.8
1671767100,919.95001,925.45001,891,898.95001,951.9012232698815,959.2689099548386,0,0,0,1565,535,,,,4,1,1,1,,,,61926,111700.85
1672026300,900.15002,917,892.5,912.15002,943.9509826159052,954.9853745043987,0,0,0,1565,535,,,,4,1,1,1,,,,25785,111946
1672112700,916.75,924.90002,910.04999,913.75,937.9107860927242,951.2367040949079,0,0,0,1565,535,,,,4,1,1,1,,,,18742,92009.75
1672199100,918.25,919.95001,908.84998,915.65002,933.4586328741793,948.0015509953707,0,0,0,1565,535,,,,4,1,1,1,,,,21916,85348.3
1672285500,910.25,917.45001,900,908.84998,928.5369022993434,944.4423172685189,0,0,0,1565,535,,,,4,1,1,1,,,,24191,63478.45
1672371900,913,915.84998,904.40002,907.09998,924.2495178394747,941.0475593350171,0,0,0,1565,535,,,,4,1,1,1,,,,19391,59497.2
1672631100,911.65002,944.90002,906.65002,935,926.3996142715798,940.4977812136519,0,0,0,1565,535,,,,4,1,1,1,,,,102370,54734.55
1672717500,944.90002,949.90002,921,925.75,926.2696914172639,939.1570738305927,0,0,0,1565,535,,,,4,1,1,1,,,,30302,51739.85
1672803900,927.70001,928.15002,915.65002,925.15002,926.0457571338111,937.8837053005388,0,0,0,1565,535,,,,4,1,1,1,,,,19632,49801.65
1672890300,934.40002,945,928.25,936,928.0366057070489,937.7124593641262,0,0,0,1565,535,,,,4,1,1,1,,,,41024,48790.2
1672976700,941.29999,974.95001,922.65002,955.15002,933.4592885656391,939.2976921492057,0,0,0,1565,535,,,,4,1,1,1,,,,105523,51596.8
1673235900,955.15002,959.95001,928.34998,938.20001,934.4074328525113,939.1979028629142,0,0,0,1565,535,,,,4,1,1,1,,,,28929,51247.2
1673322300,947.59998,948.59998,921.65002,929.09998,933.345942282009,938.2799098753766,0,0,0,1565,535,,,,4,1,1,1,,,,29268,50765
1673408700,932,942.29999,925,937,934.0767538256072,938.1635544321605,0,0,0,1565,535,,,,4,1,1,1,,,,20222,50789.8
1673495100,944,944,915.5,920.95001,931.4514050604857,936.5986867565096,0,0,0,1565,535,,,,4,1,1,1,,,,24902,48417.35
1673581500,923.04999,928.09998,913.90002,919.5,929.0611240483886,935.0442606877359,0,0,0,1565,535,,,,4,1,1,1,,,,16101,41957.65
1673840700,920.04999,924.09998,911.09998,914.5,926.1488992387109,933.1766006252145,0,0,0,1565,535,,,,4,1,1,1,,,,13819,37398.1
1673927100,915.04999,922.15002,912,917.84998,924.4891153909687,931.7832714774678,0,0,0,1565,535,,,,4,1,1,1,,,,11905,35918.65
1674013500,922,925,909,915.95001,922.7812943127749,930.3438840704252,0,0,0,1565,535,,,,4,1,1,1,,,,15002,34076.5
1674099900,914.95001,920.59998,910.04999,915.34998,921.2950314502199,928.9808018822048,0,0,0,1565,535,,,,4,1,1,1,,,,11234,32109.2
1674186300,915.40002,922,897.29999,900.25,917.086025160176,926.3689108020044,0,0,0,1565,535,,,,4,1,1,1,,,,25203,30273.05
1674445500,904.75,910,902,905.45001,914.7588221281408,924.4671925472767,0,0,0,1565,535,,,,4,1,1,1,,,,8059,29386.75
1674531900,909.90002,915,904.95001,910.90002,913.9870617025126,923.233813224797,0,0,0,1565,535,,,,4,1,1,1,,,,16745,29286.9
1674618300,908,914.04999,900.45001,904.5,912.08964936201,921.53073929527,0,0,0,1565,535,,,,4,1,1,1,,,,13394,28860.8
1674791100,901,908,879,885.34998,906.741715489608,918.2415793593364,0,0,0,1565,535,,,,4,1,1,1,,,,25051,28903.8
1675050300,889.90002,892.90002,872.34998,878.5,901.0933723916864,914.6287085084876,0,0,0,1565,535,,,,4,1,1,1,,,,25982,29233.35
1675136700,880.04999,886.04999,874.70001,883.59998,897.5946939133491,911.807915007716,0,0,0,1565,535,,,,4,1,1,1,,,,24387,25334.2
1675223100,888.04999,898.90002,874,877.09998,893.4957511306793,908.6526481888327,0,0,0,1565,535,,,,4,1,1,1,,,,21310,24884.6
1675309500,900,951.90002,837.15002,942.75,903.3466009045435,911.7524074443934,0,0,0,1565,535,,,,4,1,1,1,,,,398817,43843.85
1675395900,940.25,949.79999,914.75,925.20001,907.7172827236348,912.9749167676304,0,0,0,1565,535,,,,4,1,1,1,,,,84555,46020.4
1675655100,919,937.95001,912,914.90002,909.1538301789078,913.1499261523912,0,0,0,1565,535,,,,4,1,1,1,,,,29505,42219.5
1675741500,915,919.90002,902,906.40002,908.6030681431263,912.5362983203556,0,0,0,1565,535,,,,4,1,1,1,,,,23534,41949.75
1675827900,908.54999,916.84998,900.95001,905.75,908.0324545145011,911.9193621094142,0,0,0,1565,535,,,,4,1,1,1,,,,30632,42017.95
1675914300,905.59998,915.95001,901.5,911.25,908.6759636116009,911.8585110085584,0,0,0,1565,535,,,,4,1,1,1,,,,28780,42445.85
1676000700,910,931.95001,905.79999,923.40002,911.6207748892807,912.9077390986894,0,0,0,1565,535,,,,4,1,1,1,,,,58216,44111.55
1676259900,923,940,910,914.09998,912.1166159114246,913.0161246351721,0,0,0,1565,535,,,,4,1,1,1,,,,54458,46029.4
1676346300,914.09998,918.54999,906,908.45001,911.3832947291396,912.6010233047019,0,0,0,1565,535,,,,4,1,1,1,,,,18566,46266.75
1676432700,908.45001,924.79999,881,918.59998,912.8266317833117,913.1463830042745,0,0,0,1565,535,,,,4,1,1,1,,,,33753,47359.15
1676519100,918.04999,927.65002,900,904.59998,911.1813014266493,912.3694372766132,0,0,0,1565,535,,,,4,1,1,1,,,,50749,49146.5
1676605500,898,910.15002,898,904.59998,909.8650371413194,911.6631229787392,0,0,0,1565,535,,,,4,1,1,1,,,,13030,49236.3
1676864700,905.54999,913.90002,895.95001,899.29999,907.7520277130554,910.5392017988538,0,0,0,1565,535,,,,4,1,1,1,,,,22656,49108.95
1676951100,899.29999,900,889.29999,894,905.0016221704443,909.035637998958,0,0,0,1565,535,,,,4,1,1,1,,,,10362,49224.1
1677037500,901.5,902.90002,881.34998,884.79999,900.9612957363554,906.83239727178,0,0,0,1565,535,,,,4,1,1,1,,,,28569,49815.3
1677123900,887.90002,898.79999,883.40002,886.34998,898.0390325890843,904.9703593379818,0,0,0,1565,535,,,,4,1,1,1,,,,11231,49707.15
1677210300,890,894.04999,880,883.25,895.0812260712675,902.995781216347,0,0,0,1565,535,,,,4,1,1,1,,,,10640,48986.6
1677469500,880,887.70001,858,859.70001,888.0049828570139,899.0598020148609,0,0,0,1565,535,,,,4,1,1,1,,,,31672,49271.1
1677555900,858,900,852,888.45001,888.0939882856112,898.0952754680553,0,0,0,1565,535,,,,4,1,1,1,,,,27475,49425.5
1677642300,898,905,878.59998,880.84998,886.645186628489,896.5275213345957,0,0,0,1565,535,,,,4,1,1,1,,,,69195,51819.75
1677728700,880.84998,884.45001,867.09998,878.20001,884.9561513027912,894.8613839405415,0,0,0,1565,535,,,,4,1,1,1,,,,60773,34917.55
1677815100,881,888.95001,881,883.65002,884.694925042233,893.8421690368559,0,0,0,1565,535,,,,4,1,1,1,,,,31163,32247.95
1678074300,883.65002,887.45001,876,879.59998,883.6759360337863,892.54742457896,0,0,0,1565,535,,,,4,1,1,1,,,,23306,31938
1678247100,884,886.95001,876.90002,882.95001,883.5307508270291,891.6749323445091,0,0,0,1565,535,,,,4,1,1,1,,,,15348,31528.7
1678333500,886.5,893.20001,883,890.65002,884.9546046616233,891.5817584950083,0,0,0,1565,535,,,,4,1,1,1,,,,30644,31529.3
1678419900,887.65002,890,862,874.79999,882.9236817292987,890.0561431772803,0,0,0,1565,535,,,,4,1,1,1,,,,109755,35578.05
1678679100,874.5,879.40002,864.84998,875.70001,881.4789473834389,888.7510401611639,0,0,0,1565,535,,,,4,1,1,1,,,,48370,35085.75
1678765500,875,878.54999,866.04999,868.79999,878.9431559067511,886.9373083283308,0,0,0,1565,535,,,,4,1,1,1,,,,16757,33200.7
1678851900,873.15002,876.84998,860.04999,863.09998,875.7745207254009,884.7702784803007,0,0,0,1565,535,,,,4,1,1,1,,,,21736,33359.2
1678938300,866.70001,867,855.90002,864.45001,873.5096185803206,882.9229813457279,0,0,0,1565,535,,,,4,1,1,1,,,,18702,32606.65
1679024700,865,870.90002,856.29999,860.65002,870.9376988642565,880.8981666779345,0,0,0,1565,535,,,,4,1,1,1,,,,16843,30911.35
1679283900,867.95001,868,845,850.70001,866.8901610914052,878.1528797072132,0,0,0,1565,535,,,,4,1,1,1,,,,19451,31232.4
1679370300,855,857.54999,841.09998,843.79999,862.2721268731241,875.0298897338301,0,0,0,1565,535,,,,4,1,1,1,,,,27910,31495.1
1679456700,845.15002,850.84998,839.20001,841.95001,858.2077034984993,872.0226279398456,0,0,0,1565,535,,,,4,1,1,1,,,,20509,32002.45
1679543100,846,846.20001,835,837,853.9661627987995,868.8387526725869,0,0,0,1565,535,,,,4,1,1,1,,,,27024,31925.2
1679629500,836.90002,843.95001,828.09998,831,849.3729302390395,865.398866065988,0,0,0,1565,535,,,,4,1,1,1,,,,28360,32781.65
1679888700,830.90002,831.04999,807,810.45001,841.5883461912316,860.4035155145345,0,0,0,1565,535,,,,4,1,1,1,,,,63486,35423.95
1679975100,809.90002,815,781.04999,786.09998,830.4906729529853,853.6486486495769,0,0,0,1565,535,,,,4,1,1,1,,,,74680,37574.35
1680061500,787,811,785.09998,795.75,823.5425383623882,848.385135135979,0,0,0,1565,535,,,,4,1,1,1,,,,80363,40218.75
1680234300,802.75,823,802.70001,811.34998,821.1040266899106,845.01830285089,0,0,0,1565,535,,,,4,1,1,1,,,,53622,39440.1
1680493500,815.45001,834.15002,815.45001,830.45001,822.9732233519285,843.6939125917182,0,0,0,1565,535,,,,4,1,1,1,,,,22994,37551.15
1680666300,851,885,828.70001,876.29999,833.6385766815428,846.6581014470165,0,0,0,1565,535,,,,4,1,1,1,,,,158201,43903.05
1680752700,879.70001,883.40002,861.09998,865.70001,840.0508633452342,848.3891840427423,0,0,0,1565,535,,,,4,1,1,1,,,,32429,44359.2
1681098300,867.04999,872,853.65002,855.54999,843.1506886761874,849.040166402493,0,0,0,1565,535,,,,4,1,1,1,,,,29040,45043.8
1681184700,859,871.84998,851.54999,866.54999,847.8305489409499,850.6319685477209,0,0,0,1565,535,,,,4,1,1,1,,,,29557,44989.45
1681271100,871,875.5,861.20001,870.29999,852.32443715276,852.4199704979281,0,0,0,1565,535,,,,4,1,1,1,,,,25608,40782.1
1681357500,871,884.45001,866.04999,878.15002,857.489553722208,854.7590659072074,0,0,0,1565,535,,,,4,1,1,1,,,,31520,39939.6
1681703100,878,944.95001,870.70001,914.29999,868.8516409777665,860.1718771883703,0,0,0,1565,535,,,,4,1,1,1,,,,272755,52739.5
1681789500,912.04999,918.15002,898.95001,904.34998,875.9513087822131,864.188068353064,0,0,0,1565,535,,,,4,1,1,1,,,,26405,52972.95
1681875900,904.34998,936,898.29999,923.40002,885.4410510257705,869.5709730482399,0,0,0,1565,535,,,,4,1,1,1,,,,82723,56174
1681962300,924.90002,930,910.79999,913.95001,891.1428428206165,873.6054309529454,0,0,0,1565,535,,,,4,1,1,1,,,,53201,57991.9
1682048700,914.95001,934.09998,906.04999,924.95001,897.9042762564932,878.2731199572231,0,0,0,1565,535,,,,4,1,1,1,,,,57258,59882.25
1682307900,927,984.65002,919.20001,977.84998,913.8934170051946,887.3255617792937,0,0,0,1565,535,,,,4,1,1,1,,,,286675,72820.5
1682394300,985,993.20001,951.09998,957,922.5147336041557,893.6596016175397,0,0,0,1565,535,,,,4,1,1,1,,,,120987,77844.4
1682480700,962.15002,1020,952,1008.8,939.7717868833246,904.1269105613998,0,0,0,1565,535,,,,4,1,1,1,,,,245876,88787
1682567100,1015.8,1038,1001,1032.45,958.3074295066597,915.7926459649088,0,0,0,1565,535,,,,4,1,1,1,,,,196705,97204.25
1682653500,1036,1044,1020,1037.05,974.0559436053277,926.8160417862807,0,0,0,1565,535,,,,4,1,1,1,,,,116017,99830.8
1682999100,1045.25,1073.5,1026.55,1040.1,987.2647548842622,937.1145834420734,0,0,0,1565,535,,,,4,1,1,1,,,,214449,106819.25
1683085500,970,1008.9,936.04999,979.40002,985.6918079074097,940.9587140382486,0,0,0,1565,535,,,,4,1,1,1,,,,952502,150426.2
1683171900,975,975.95001,954.5,957.29999,980.0134443259278,942.4442845802259,0,0,0,1565,535,,,,4,1,1,1,,,,141501,154820.15
1683258300,949,953.45001,933,939.75,971.9607554607422,942.1993496183873,0,0,0,1565,535,,,,4,1,1,1,,,,100292,158685.05
1683517500,932,967,932,959.79999,969.5286023685937,943.7994078348975,0,0,0,1565,535,,,,4,1,1,1,,,,124413,156995.65
1683603900,977.70001,977.70001,950.04999,956.20001,966.862883894875,944.9267353044522,0,0,0,1073.5,781.04999,,,,1,1,1,1,,,,58262,158287.3
1683690300,956.20001,979.90002,956,964,966.2903071159001,946.6606684585929,0,0,0,1073.5,781.04999,,,,1,1,1,1,,,,117385,162704.55
1683776700,968.84998,979,958,966.59998,966.3522416927201,948.4733331441754,0,0,0,1073.5,781.04999,,,,1,1,1,1,,,,36926,163073
1683863100,968.5,975.79999,942.34998,956.04999,964.2917913541761,949.1621201310685,0,0,0,1073.5,781.04999,,,,1,1,1,1,,,,27077,163146.45
1684122300,956.04999,969,950,957.40002,962.9134370833409,949.9110201191531,0,0,0,1073.5,781.04999,,,,1,1,1,1,,,,27609,162950.9
1684208700,957.40002,985,953.29999,957.45001,961.8207516666728,950.5963828355938,0,0,0,1073.5,781.04999,,,,1,1,1,1,,,,16753,150150.8
1684295100,957,965.15002,938.04999,942.34998,957.9265973333382,949.8467098505398,0,0,0,1073.5,781.04999,,,,1,1,1,1,,,,19477,149804.4
1684381500,945.29999,953,932.34998,937.84998,953.9112738666706,948.7560980459452,0,0,0,1073.5,781.04999,,,,1,1,1,1,,,,18783,146607.4
1684467900,939.04999,952.15002,938.54999,945.09998,952.1490150933365,948.423723678132,0,0,0,1073.5,781.04999,,,,1,1,1,1,,,,20386,144966.65
1684727100,945.09998,965.5,941.54999,962.25,954.1692120746692,949.6806578892109,0,0,0,1073.5,781.04999,,,,1,1,1,1,,,,39978,144102.65
1684813500,976,985,938.5,942.15002,951.7653736597354,948.9960544447372,0,0,0,1073.5,781.04999,,,,1,1,1,1,,,,52265,132382.15
1684899900,944.34998,955,935.5,939.65002,949.3423029277883,948.146414949761,0,0,0,1073.5,781.04999,,,,1,1,1,1,,,,25219,127593.75
1684986300,940.75,968.95001,940.04999,947.20001,948.9138443422306,948.0603781361464,0,0,0,1073.5,781.04999,,,,1,1,1,1,,,,53519,117975.9
1685072700,951.95001,957.59998,940.40002,947.5,948.6310754737844,948.009434669224,0,0,0,1073.5,781.04999,,,,1,1,1,1,,,,17292,109005.25
1685331900,940,946.90002,935.04999,938.65002,946.6348643790276,947.1585787902036,0,0,0,1073.5,781.04999,,,,1,1,1,1,,,,23391,104373.95
1685418300,938.95001,946.95001,926.34998,932.25,943.757891503222,945.8032534456396,0,0,0,1073.5,781.04999,,,,1,1,1,1,,,,36020,95452.5
1685504700,927.95001,963,918,958.40002,946.6863172025776,946.9484140414905,0,0,0,1073.5,781.04999,,,,1,1,1,1,,,,60438,50849.3
1685591100,964.95001,973.5,955,957.09998,948.7690497620621,947.8712836740823,0,0,0,1073.5,781.04999,,,,1,1,1,1,,,,38669,45707.7
1685677500,961.90002,965,945,948.15002,948.6452438096496,947.8966233400748,0,0,0,1073.5,781.04999,,,,1,1,1,1,,,,13490,41367.6
1685936700,952.90002,972,936,938.54999,946.6261930477197,947.046929400068,0,0,0,1073.5,781.04999,,,,1,1,1,1,,,,26998,36496.85
1686023100,945.90002,946.65002,933.65002,938.15002,944.9309584381757,946.2381194546073,0,0,0,1073.5,781.04999,,,,1,1,1,1,,,,19604,34563.95
1686109500,942,997,940,965.59998,949.0647627505406,947.9982885950975,0,0,0,1073.5,781.04999,,,,1,1,1,1,,,,165340,36961.7
1686195900,965.59998,979.40002,960.09998,964.45001,952.1418122004325,949.4938996319069,0,0,0,1073.5,781.04999,,,,1,1,1,1,,,,37782,37004.5
1686282300,964.45001,977.90002,949.09998,952.20001,952.153451760346,949.7399096653699,0,0,0,1073.5,781.04999,,,,1,1,1,1,,,,29072,37104.25
1686541500,957,962,946,950.5,951.8227614082768,949.8090087866999,0,0,0,1073.5,781.04999,,,,1,1,1,1,,,,19095,36678.55
1686627900,953.65002,1080,950,1055.1,972.4782091266214,959.3809170788181,0,0,0,1073.5,781.04999,,,,1,1,1,1,,,,2251188,148400.3
1686714300,1054,1078,1038.1,1054.45,988.8725673012972,968.0235609807438,0,0,0,1073.5,781.04999,,,,1,1,1,1,,,,379166,166384.75
1686800700,1054.9,1088.95,1046.75,1054.9,1002.0780538410378,975.9214190734035,0,0,0,1073.5,781.04999,,,,1,1,1,1,,,,267607,178825.95
1686887100,1056.1,1102.1,1048.45,1056.35,1012.9324430728302,983.2331082485487,0,0,0,1073.5,781.04999,,,,1,1,1,1,,,,254776,190545.45
1687146300,1056.6,1064,1035.05,1043.1,1018.9659544582642,988.6755529532261,0,0,0,1073.5,781.04999,,,,1,1,1,1,,,,99555,193524.3
1687232700,1046,1068,1037,1054.95,1026.1627635666114,994.700502684751,0,0,0,1073.5,781.04999,,,,1,1,1,1,,,,88230,195322.55
1687319100,1058.85,1077,1041.6,1047,1030.3302108532891,999.4550024406827,0,0,0,1073.5,781.04999,,,,1,1,1,1,,,,69260,197524.6
1687405500,1049.95,1054.5,1023.4,1031.35,1030.5341686826314,1002.354547673348,0,0,0,1073.5,781.04999,,,,1,1,1,1,,,,45703,197133.8
1687491900,1025.1,1034.2,1005.55,1008.25,1026.077334946105,1002.8904978848618,0,0,0,1102.1,781.04999,,,,1,1,1,1,,,,31702,197854.3
1687751100,1014.95,1055.85,1014.95,1026.25,1026.111867956884,1005.014088986238,0,0,0,1102.1,781.04999,,,,1,1,1,1,,,,156644,204516.95
1687837500,1026.25,1033.45,1020.5,1021.75,1025.2394943655072,1006.5355354420345,0,0,0,1102.1,781.04999,,,,1,1,1,1,,,,25734,204002.65
1687923900,1033,1039.9,1022.8,1025.85,1025.3615954924057,1008.2913958563951,0,0,0,1102.1,781.04999,,,,1,1,1,1,,,,33716,202666.55
1688096700,1029.05,1033.4,1010,1014.85,1023.2592763939246,1008.8876325967228,0,0,0,1102.1,781.04999,,,,1,1,1,1,,,,46565,203061.35
1688355900,1019.75,1030.75,1000.05,1005,1019.6074211151397,1008.5342114515662,0,0,0,1102.1,781.04999,,,,1,1,1,1,,,,41652,204469.45
1688442300,1005,1025.75,1003.85,1012.75,1018.2359368921118,1008.9174649559693,0,0,0,1102.1,781.04999,,,,1,1,1,1,,,,38626,205050.85
1688528700,1012.75,1112,1010.25,1102.05,1034.9987495136895,1017.3840590508812,0,0,0,1102.1,781.04999,,,,1,1,1,1,,,,531570,230649.15
1688615100,1114,1148.75,1100,1135.65,1055.1289996109517,1028.1355082280738,0,0,0,1102.1,781.04999,,,,1,1,1,1,,,,793656,262064.95
1688701500,1139,1139,1108.5,1113.25,1066.7531996887615,1035.873189298249,0,0,0,1102.1,781.04999,,,,1,1,1,1,,,,83455,264348.6
1688960700,1122.65,1159.3,1100.05,1133.45,1080.0925597510093,1044.7438084529535,0,0,0,1102.1,781.04999,,,,1,1,1,1,,,,187571,272273.55
1689047100,1136.7,1159.7,1135.45,1144.55,1092.9840478008075,1053.8170985935942,0,0,0,1102.1,781.04999,,,,1,1,1,1,,,,99374,276287.5
1689133500,1147.5,1187,1126.55,1140.4,1102.467238240646,1061.688271448722,0,0,0,1102.1,781.04999,,,,1,1,1,1,,,,173826,172419.4
1689219900,1140.75,1156.5,1100,1104.8,1102.933790592517,1065.6075194988382,0,0,0,1102.1,781.04999,,,,1,1,1,1,,,,81586,157540.4
1689306300,1110,1128,1103,1109.9,1104.3270324740135,1069.6341086353075,0,0,0,1102.1,781.04999,,,,1,1,1,1,,,,43925,146356.3
1689565500,1107.25,1134.9,1107.25,1126.95,1108.851625979211,1074.844644213916,0,0,0,1102.1,781.04999,,,,1,1,1,1,,,,48266,136030.8
1689651900,1129.95,1131.95,1090,1095.65,1106.2113007833686,1076.736040194469,0,0,0,1102.1,781.04999,,,,1,1,1,1,,,,54131,133759.6
1689738300,1095.05,1122.85,1095.05,1109.15,1106.799040626695,1079.6827638131538,0,0,0,1187,781.04999,,,,1,1,1,1,,,,33075,131001.85
1689824700,1125,1125,1100.5,1107.1,1106.859232501356,1082.1752398301398,0,0,0,1187,781.04999,,,,1,1,1,1,,,,35596,129318.65
1689911100,1096.05,1118.65,1096.05,1099.45,1105.377386001085,1083.7456725728543,0,0,0,1187,781.04999,,,,1,1,1,1,,,,32574,128662.2
1690170300,1130,1130,1101.15,1122.35,1108.771908800868,1087.255156884413,0,0,0,1187,781.04999,,,,1,1,1,1,,,,70564,130605.3
1690256700,1114,1130,1110,1115.7,1110.1575270406945,1089.8410517131028,0,0,0,1187,781.04999,,,,1,1,1,1,,,,35101,124528.15
1690343100,1121.3,1147.4,1113.85,1133.4,1114.8060216325557,1093.8009561028207,0,0,0,1187,781.04999,,,,1,1,1,1,,,,100625,128272.7
1690429500,1147.45,1159.95,1118.05,1121.65,1116.1748173060446,1096.3326873662006,0,0,0,1187,781.04999,,,,1,1,1,1,,,,56402,129407
1690515900,1123.05,1133,1112.15,1125.25,1117.9898538448356,1098.9615339692732,0,0,0,1187,781.04999,,,,1,1,1,1,,,,26336,128395.55
1690775100,1129.75,1145.5,1115.1,1131.45,1120.6818830758684,1101.9150308811575,0,0,0,1187,781.04999,,,,1,1,1,1,,,,41873,128406.6
1690861500,1136.95,1154,1113.05,1120.45,1120.6355064606948,1103.6000280737794,0,0,0,1187,781.04999,,,,1,1,1,1,,,,121005,132525.55
1690947900,1120,1122.05,1061.15,1071.25,1110.7584051685558,1100.6591164307085,0,0,0,1187,781.04999,,,,1,1,1,1,,,,136358,112764.95
1691034300,1080.7,1080.7,1031.6,1035.25,1095.6567241348446,1094.712833118826,0,0,0,1187,781.04999,,,,1,1,1,1,,,,88843,77524.3
1691120700,1040,1065.95,1031.25,1055.3,1087.5853793078757,1091.129848289842,0,0,0,1187,781.04999,,,,1,1,1,1,,,,56544,76178.75
1691379900,1060.2,1065.35,1035,1041.25,1078.3183034463004,1086.595316627129,0,0,0,1187,781.04999,,,,1,1,1,1,,,,35204,68560.4
1691466300,1041.25,1043.65,1020.35,1023.9,1067.4346427570404,1080.8957423882991,0,0,0,1187,781.04999,,,,1,1,1,1,,,,32051,65194.25
1691552700,1031.95,1031.95,1010,1018.95,1057.7377142056323,1075.2643112620901,0,0,0,1187,781.04999,,,,1,1,1,1,,,,48364,58921.15
1691639100,1011.1,1025.2,1008,1011.95,1048.5801713645058,1069.5084647837184,0,0,0,1187,781.04999,,,,1,1,1,1,,,,34659,56574.8
1691725500,1017.05,1019.15,975.54999,988.59998,1036.5841330916046,1062.1531479851985,0,0,0,1187,781.04999,,,,1,1,1,1,,,,69299,57843.5
1691984700,992.70001,1027.4,980.04999,1003.15,1029.8973064732836,1056.7892254410895,0,0,0,1187,781.04999,,,,1,1,1,1,,,,67862,58823.3
1692157500,997.15002,1017,990,996.25,1023.1678451786269,1051.2856594918994,0,0,0,1187,781.04999,,,,1,1,1,1,,,,37465,57990
1692243900,1004.4,1023.9,996.59998,1013.55,1021.2442761429015,1047.8551449926358,0,0,0,1187,781.04999,,,,1,1,1,1,,,,76929,60182.7
1692330300,1010,1013.85,985.04999,991.04999,1015.2054189143212,1042.6910399933054,0,0,0,1187,781.04999,,,,1,1,1,1,,,,59324,61369.1
1692589500,999.40002,999.70001,979.95001,986.40002,1009.4443391314569,1037.5736745393685,0,0,0,1187,781.04999,,,,1,1,1,1,,,,49021,62191.45
1692675900,988.70001,999.54999,988,996.09998,1006.7754673051655,1033.8033386721531,0,0,0,1187,781.04999,,,,1,1,1,1,,,,27429,60034.7
1692762300,996,1014.3,994.54999,997.40002,1004.9003778441324,1030.4939460655937,0,0,0,1187,781.04999,,,,1,1,1,1,,,,37250,60142.15
1692848700,999,1032,995.70001,1025.05,1008.930302275306,1029.9990418778125,0,0,0,1187,781.04999,,,,1,1,1,1,,,,88667,59544.25
1692935100,1029,1029.1,987,992.20001,1005.5842438202448,1026.562766252557,0,0,0,1187,781.04999,,,,1,1,1,1,,,,48324,59140.35
1693194300,990,999,983.15002,985.40002,1001.5473990561958,1022.8206984114154,0,0,0,1187,781.04999,,,,1,1,1,1,,,,31808,59413.95
1693280700,993.75,998,976.20001,978.25,996.8879192449566,1018.7688167376504,0,0,0,1187,781.04999,,,,1,1,1,1,,,,35955,59118.05
1693367100,970.04999,985.5,970.04999,973.59998,992.2303313959653,1014.6625588524095,0,0,0,1187,781.04999,,,,1,1,1,1,,,,54805,55808.05
1693453500,977.04999,1005,974.04999,997.84998,993.3542611167722,1013.1341425930995,0,0,0,1187,781.04999,,,,1,1,1,1,,,,98337,53907
1693539900,1002,1005,977.15002,979.5,990.5834088934178,1010.076493266454,0,0,0,1187,781.04999,,,,1,1,1,1,,,,49450,51937.35
1693799100,986,1072.3,980.09998,1059.55,1004.3767271147342,1014.5740847876855,0,0,0,1187,781.04999,,,,1,1,1,1,,,,439401,71080.2
1693885500,1064,1114.95,1060,1091.75,1021.8513816917873,1021.5900770797141,0,0,0,1187,781.04999,,,,1,1,1,1,,,,441316,91385.8
1693971900,1090.8,1129.9,1085.05,1096.8,1036.8411053534298,1028.42734279974,0,0,0,1187,781.04999,,,,1,1,1,1,,,,165644,98065.45
1694058300,1101,1128.4,1098.8,1107.15,1050.9028842827438,1035.5839479997637,0,0,0,1187,781.04999,,,,1,1,1,1,,,,134652,102379.85
1694144700,1111.15,1297.75,1111.15,1276.7,1096.062307426195,1057.5035890906943,0,0,0,1187,781.04999,,,,1,1,1,1,,,,1910825,196188.15
1694403900,1275,1275,1232.45,1243.65,1125.5798459409561,1074.4259900824493,0,0,0,1187,781.04999,,,,1,1,1,1,,,,348237,210135.05
1694490300,1251.2,1251.6,1152,1169.05,1134.2738767527649,1083.0281728022267,0,0,0,1187,781.04999,,,,1,1,1,1,,,,163746,214929.25
1694576700,1150,1220,1149.95,1206.8,1148.7791014022118,1094.2801570929332,0,0,0,1187,781.04999,,,,1,1,1,1,,,,120438,219077.9
1694663100,1280,1375,1255,1267.75,1172.5732811217695,1110.0501428117575,0,0,0,1187,781.04999,,,,1,1,1,1,,,,1097639,270113.4
1694749500,1266,1272,1207.3,1215.9,1181.2386248974155,1119.6728571015976,0,0,0,1187,781.04999,,,,1,1,1,1,,,,149637,274629.05
1695008700,1224.5,1243.95,1170,1180.65,1181.1208999179325,1125.2162337287252,0,0,0,1187,781.04999,,,,1,1,1,1,,,,152250,279790.5
1695181500,1174,1198.8,1170,1174.8,1179.856719934346,1129.7238488442956,0,0,0,1187,781.04999,,,,1,1,1,1,,,,50049,280921.5
1695267900,1175.9,1227.2,1167.35,1201.6,1184.2053759474768,1136.2580444039052,0,0,0,1187,781.04999,,,,1,1,1,1,,,,130439,285580.95
1695354300,1200,1216.25,1190,1203,1187.9643007579814,1142.325494912641,0,0,0,1375,781.04999,,,,1,1,1,1,,,,59379,284116.55
1695613500,1208.7,1213,1190,1200.4,1190.4514406063852,1147.6049953751283,0,0,0,1375,781.04999,,,,1,1,1,1,,,,37661,283583.4
1695699900,1208,1217.85,1191.3,1202.65,1192.8911524851083,1152.609086704662,0,0,0,1375,781.04999,,,,1,1,1,1,,,,39094,283947.7
1695786300,1200,1237.8,1197.05,1229,1200.1129219880866,1159.5537151860565,0,0,0,1375,781.04999,,,,1,1,1,1,,,,132643,288782.1
1695872700,1231.95,1263.95,1217.35,1230.7,1206.2303375904692,1166.0215592600514,0,0,0,1375,781.04999,,,,1,1,1,1,,,,108549,291469.3
1695959100,1242.8,1307.75,1230,1261.45,1217.2742700723754,1174.6968720545922,0,0,0,1375,781.04999,,,,1,1,1,1,,,,416553,307380.1
1696304700,1256.05,1256.05,1230,1237,1221.2194160579004,1180.360792776902,0,0,0,1375,781.04999,,,,1,1,1,1,,,,58899,307852.55
1696391100,1238.7,1247.95,1214.15,1237,1224.3755328463203,1185.5098116153654,0,0,0,1375,781.04999,,,,1,1,1,1,,,,63975,289081.25
1696477500,1239,1252.05,1228.95,1234.15,1226.3304262770562,1189.9316469230594,0,0,0,1375,781.04999,,,,1,1,1,1,,,,35172,268774.05
1696563900,1239.7,1254.9,1224.05,1243.3,1229.724341021645,1194.7833153845995,0,0,0,1375,781.04999,,,,1,1,1,1,,,,44811,262732.4
1696823100,1226,1264.7,1220,1243.65,1232.509472817316,1199.2257412587269,0,0,0,1375,781.04999,,,,1,1,1,1,,,,72212,259610.4
1696909500,1243.25,1262,1238.05,1240.65,1234.1375782538528,1202.991582962479,0,0,0,1375,781.04999,,,,1,1,1,1,,,,64968,167317.55
1696995900,1251.3,1273.8,1239,1240.35,1235.3800626030823,1206.3878026931627,0,0,0,1375,781.04999,,,,1,1,1,1,,,,55588,152685.1
1697082300,1247,1256.65,1223.9,1228.9,1234.0840500824659,1208.4343660846935,0,0,0,1375,781.04999,,,,1,1,1,1,,,,39901,146492.85
1697168700,1220.4,1227.9,1175,1185.65,1224.3972400659727,1206.363060076994,0,0,0,1375,781.04999,,,,1,1,1,1,,,,75580,144249.95
1697427900,1185.65,1210,1175.05,1184.45,1216.4077920527782,1204.3709637063582,0,0,0,1375,781.04999,,,,1,1,1,1,,,,57598,92247.9
1697514300,1200,1206,1191.15,1194.9,1212.1062336422226,1203.5099670057803,0,0,0,1375,781.04999,,,,1,1,1,1,,,,41790,86855.55
1697600700,1194,1199.25,1172,1174.8,1204.644986913778,1200.8999700052548,0,0,0,1375,781.04999,,,,1,1,1,1,,,,37202,81103.15
1697687100,1174,1202.65,1166.65,1182.7,1200.2559895310224,1199.2454272775044,0,0,0,1375,781.04999,,,,1,1,1,1,,,,48813,81041.35
1697773500,1182,1419.2,1182,1419.2,1244.044791624818,1219.241297525004,0,0,0,1375,781.04999,,,,1,1,1,1,,,,2397848,194411.8
1698032700,1475,1512.45,1351,1427.5,1280.7358332998542,1238.1739068409127,0,0,0,1375,781.04999,,,,1,1,1,1,,,,2666853,324785.5
1698205500,1420.95,1444.6,1340.05,1410.2,1306.6286666398835,1253.8126425826479,0,0,0,1375,781.04999,,,,1,1,1,1,,,,580208,351912.85
1698291900,1420,1438,1357,1419.1,1329.1229333119068,1268.8387659842253,0,0,0,1375,781.04999,,,,1,1,1,1,,,,403687,370142.5
1698378300,1403.55,1475,1403.55,1458.55,1355.0083466495255,1286.0852418038412,0,0,0,1375,781.04999,,,,1,1,1,1,,,,414427,384231.7
1698637500,1450,1452,1410.1,1422.5,1368.5066773196204,1298.4865834580376,0,0,0,1375,781.04999,,,,1,1,1,1,,,,155131,386560.8
1698723900,1420,1440.75,1332.55,1353.85,1365.5753418556963,1303.5196213254887,0,0,0,1512.45,781.04999,,,,1,1,1,1,,,,253222,378394.25
1698810300,1354,1491.7,1354,1413.35,1375.130273484557,1313.5042012049898,0,0,0,1512.45,781.04999,,,,1,1,1,1,,,,1750164,462957.5
1698896700,1426.85,1447,1408,1428,1385.7042187876455,1323.9129101863543,0,0,0,1512.45,781.04999,,,,1,1,1,1,,,,195073,469512.4
1698983100,1433,1449,1391.3,1411.4,1390.8433750301165,1331.866281987595,0,0,0,1512.45,781.04999,,,,1,1,1,1,,,,104688,472988.2
1699242300,1419.95,1429,1401.45,1412.9,1395.2547000240932,1339.2329836250863,0,0,0,1512.45,781.04999,,,,1,1,1,1,,,,105257,476010.5
1699328700,1412.95,1546,1412.95,1457.45,1407.6937600192746,1349.9799851137147,0,0,0,1512.45,781.04999,,,,1,1,1,1,,,,1595715,552185.65
1699415100,1463.65,1463.65,1441.1,1447.6,1415.6750080154197,1358.8545319215589,0,0,0,1512.45,781.04999,,,,1,1,1,1,,,,146887,556281.6
1699501500,1451,1489.9,1420.05,1431.4,1418.8200064123357,1365.4495744741444,0,0,0,1512.45,781.04999,,,,1,1,1,1,,,,137382,560371.3
1699587900,1432.95,1488.85,1420,1459.95,1427.0460051298685,1374.0405222492222,0,0,0,1512.45,781.04999,,,,1,1,1,1,,,,197232,568237.85
1699793100,1463.5,1498.65,1461.45,1483,1438.2368041038949,1383.9459293174748,0,0,0,1512.45,781.04999,,,,1,1,1,1,,,,83403,568629
1699847100,1494.75,1515,1440.05,1453.8,1441.349443283116,1390.2962993795225,0,0,0,1546,781.04999,,,,1,1,1,1,,,,255047,578501.45
1700019900,1470,1481.2,1425.55,1438.9,1440.8595546264928,1394.7148176177477,0,0,0,1546,781.04999,,,,1,1,1,1,,,,113649,582094.4
1700106300,1444,1503,1443.95,1489.7,1450.6276437011943,1403.3498341979525,0,0,0,1546,781.04999,,,,1,1,1,1,,,,273128,593890.7
1700192700,1489.7,1527,1452.05,1484,1457.3021149609554,1410.6816674526842,0,0,0,1546,781.04999,,,,1,1,1,1,,,,374572,610178.65
1700451900,1489.6,1525,1464,1480.3,1461.9016919687642,1417.0106067751674,0,0,0,1546,781.04999,,,,1,1,1,1,,,,227287,501650.6
1700538300,1490,1499,1462,1470.3,1463.5813535750115,1421.855097068334,0,0,0,1546,781.04999,,,,1,1,1,1,,,,89536,372784.75
1700624700,1475,1519.95,1442.35,1453.45,1461.5550828600092,1424.7273609712129,0,0,0,1546,781.04999,,,,1,1,1,1,,,,152820,351415.35
1700711100,1456,1472.65,1426,1432.95,1455.8340662880073,1425.4748736101935,0,0,0,1546,781.04999,,,,1,1,1,1,,,,100198,336240.9
1700797500,1441,1484.95,1431.05,1443.2,1453.307253030406,1427.0862487365396,0,0,0,1546,781.04999,,,,1,1,1,1,,,,82650,319652.05
1701143100,1435,1435,1385,1401.75,1442.9958024243247,1424.782953396854,0,0,0,1546,781.04999,,,,1,1,1,1,,,,178333,320812.15
1701229500,1404.95,1427.25,1386.05,1393.75,1433.1466419394596,1421.961775815322,0,0,0,1546,781.04999,,,,1,1,1,1,,,,70879,311695
1701315900,1402.95,1409.05,1356.1,1360.65,1418.6473135515678,1416.3879780139291,0,0,0,1546,781.04999,,,,1,1,1,1,,,,77775,228075.55
1701402300,1370,1433.7,1370,1412.35,1417.3878508412542,1416.020889103572,0,0,0,1546,781.04999,,,,1,1,1,1,,,,294669,233055.35
1701661500,1439,1449.7,1403.1,1415.3,1416.9702806730033,1415.95535373052,0,0,0,1546,781.04999,,,,1,1,1,1,,,,109155,233278.7
1701747900,1419.95,1425.6,1390,1398.45,1413.2662245384026,1414.3639579368364,0,0,0,1546,781.04999,,,,1,1,1,1,,,,60231,231027.4
1701834300,1409,1414.8,1368.6,1377.35,1406.082979630722,1410.9990526698514,0,0,0,1546,781.04999,,,,1,1,1,1,,,,77780,155130.65
1701920700,1384.4,1393,1374.95,1382.8,1401.4263837045776,1408.4355024271376,0,0,0,1546,781.04999,,,,1,1,1,1,,,,39644,149768.5
1702007100,1376,1403,1350,1362.55,1393.651106963662,1404.2640931155797,0,0,0,1546,781.04999,,,,1,1,1,1,,,,115888,148693.8
1702266300,1379.9,1398.2,1367.2,1383.25,1391.5708855709295,1402.3537210141633,0,0,0,1546,781.04999,,,,1,1,1,1,,,,65160,142090.2
1702352700,1395.7,1395.7,1335.1,1340.3,1381.3167084567435,1396.7124736492394,0,0,0,1546,781.04999,,,,1,1,1,1,,,,70912,141465.65
1702439100,1350,1389.55,1342.4,1370.45,1379.1433667653948,1394.3249760447632,0,0,0,1546,781.04999,,,,1,1,1,1,,,,89810,133203.8
1702525500,1383.7,1384,1355.1,1362,1375.714693412316,1391.3863418588755,0,0,0,1546,781.04999,,,,1,1,1,1,,,,55250,130283.85
1702611900,1371.95,1393,1369.45,1379.1,1376.3917547298527,1390.2694016898868,0,0,0,1546,781.04999,,,,1,1,1,1,,,,63760,119815.45
1702871100,1385.7,1385.7,1340.65,1344.95,1370.1034037838822,1386.1494560817152,0,0,0,1546,781.04999,,,,1,1,1,1,,,,108881,106530.9
1702957500,1356.95,1362.05,1333.55,1345.7,1365.2227230271058,1382.4722328015594,0,0,0,1546,781.04999,,,,1,1,1,1,,,,102066,100269.85
1703043900,1352.4,1361.9,1266.1,1272.95,1346.7681784216845,1372.5156661832357,0,0,0,1546,781.04999,,,,1,1,1,1,,,,86417,100113.9
1703130300,1269,1336.1,1259.3,1328.95,1343.2045427373475,1368.5551510756688,0,0,0,1546,781.04999,,,,1,1,1,1,,,,90582,97002
1703216700,1323.5,1352.95,1311,1328.4,1340.243634189878,1364.9046827960626,0,0,0,1546,781.04999,,,,1,1,1,1,,,,55323,94758.25
1703562300,1330.55,1499,1322.4,1468.7,1365.9349073519024,1374.3406207236933,0,0,0,1546,781.04999,,,,1,1,1,1,,,,680789,124665.2
1703648700,1468.65,1572.55,1441.9,1524.05,1397.557925881522,1387.9505642942665,0,0,0,1546,781.04999,,,,1,1,1,1,,,,574476,144472.35
1703735100,1523.95,1549.7,1500.55,1510.2,1420.0863407052175,1399.0641493584242,0,0,0,1546,781.04999,,,,1,1,1,1,,,,286619,155259.35
1703821500,1500.2,1589.7,1488.75,1574.3,1450.929072564174,1414.994681234931,0,0,0,1546,781.04999,,,,1,1,1,1,,,,553121,179026.65
1704080700,1579,1609.7,1495.55,1516.75,1464.0932580513393,1424.2451647590283,0,0,0,1546,781.04999,,,,1,1,1,1,,,,456619,187124.15
1704167100,1511,1536.25,1463.15,1515.5,1474.3746064410714,1432.541058871844,0,0,0,1546,781.04999,,,,1,1,1,1,,,,291892,196261
1704253500,1509.95,1527.95,1482.6,1491.35,1477.7696851528572,1437.8873262471309,0,0,0,1546,781.04999,,,,1,1,1,1,,,,102534,198376.15
1704339900,1492.85,1665.15,1492.85,1592.95,1500.8057481222856,1451.9839329519373,0,0,0,1546,781.04999,,,,1,1,1,1,,,,1333282,261151.25
1704426300,1599.8,1639.7,1541,1593.85,1519.4145984978286,1464.8808481381247,0,0,0,1546,781.04999,,,,1,1,1,1,,,,454317,281884.9
1704685500,1599.9,1648,1570,1576.05,1530.741678798263,1474.9871346710224,0,0,0,1546,781.04999,,,,1,1,1,1,,,,453956,298788.3
1704771900,1594,1615.1,1572,1585.55,1541.7033430386102,1485.038304246384,0,0,0,1546,781.04999,,,,1,1,1,1,,,,145555,302808.05
1704858300,1581.95,1585,1558,1573.6,1548.0826744308881,1493.0893674967128,0,0,0,1546,781.04999,,,,1,1,1,1,,,,91976,303861.25
1704944700,1576.15,1657.4,1560.3,1625.25,1563.5161395447105,1505.1039704515572,0,0,0,1665.15,781.04999,535,,,1,1,1,1,,,,444297,321585.6
1705031100,1636,1689.7,1619.95,1651.75,1581.1629116357685,1518.435427683234,0,0,0,1665.15,781.04999,535,,,1,1,1,1,,,,423035,339974.85
1705290300,1660.05,1679.95,1635.15,1654.15,1595.760329308615,1530.7731160756673,0,0,0,1665.15,781.04999,535,,,1,1,1,1,,,,154683,344521
1705376700,1660,1702,1608.7,1648.7,1606.348263446892,1541.4937418869704,0,0,0,1665.15,781.04999,535,,,1,1,1,1,,,,242908,351222.35
1705463100,1606,1639.9,1576.5,1584.75,1602.0286107575134,1545.426128988155,0,0,0,1665.15,781.04999,535,,,1,1,1,1,,,,181535,355195.8
1705549500,1588,1622,1531.55,1591.4,1599.9028886060107,1549.6055718074135,0,0,0,1665.15,781.04999,535,,,1,1,1,1,,,,120798,356914.85
1705635900,1602,1626,1597.05,1606.45,1601.2123108848086,1554.7732470976487,0,0,0,1665.15,781.04999,535,,,1,1,1,1,,,,84175,356594.5
1705722300,1615,1630,1590.4,1616.9,1604.3498487078468,1560.4211337251352,0,0,0,1665.15,781.04999,535,,,1,1,1,1,,,,69121,357284.4
1705981500,1630,1635.1,1528.4,1537.4,1590.9598789662775,1558.3283033864866,0,0,0,1702,781.04999,535,,,1,1,1,1,,,,138363,330163.1
1706067900,1549.95,1624.8,1545.1,1606.75,1594.1179031730221,1562.730275805897,0,0,0,1702,781.04999,535,,,1,1,1,1,,,,325897,317734.15
1706154300,1606,1701,1600.1,1662.7,1607.8343225384176,1571.8184325508155,0,0,0,1702,781.04999,535,,,1,1,1,1,,,,298128,318309.6
1706499900,1670,1677.95,1650,1657.7,1617.807458030734,1579.6258477734686,0,0,0,1702,781.04999,535,,,1,1,1,1,,,,102584,295782.75
1706586300,1657.7,1737.5,1637.95,1671.05,1628.4559664245874,1587.937134339517,0,0,0,1702,781.04999,535,,,1,1,1,1,,,,407586,293331.1
1706672700,1671.05,1739.7,1654.05,1734.2,1649.60477313967,1601.2337584904699,0,0,0,1702,781.04999,535,,,1,1,1,1,,,,229788,290225.9
1706759100,1741.7,1744,1688.3,1715.2,1662.723818511736,1611.594325900427,0,0,0,1702,781.04999,535,,,1,1,1,1,,,,89217,289560.05
1706845500,1732.2,1752,1694.05,1706.75,1671.5290548093888,1620.244841727661,0,0,0,1702,781.04999,535,,,1,1,1,1,,,,108218,228306.85
1707104700,1710,1715.25,1633,1658.85,1668.993243847511,1623.754401570601,0,0,0,1702,781.04999,535,,,1,1,1,1,,,,85142,209848.1
1707191100,1666,1807,1666,1714.15,1678.0245950780088,1631.972183246001,0,0,0,1702,781.04999,535,,,1,1,1,1,,,,460032,210151.9
1707277500,1714.15,1809.8,1685.2,1774.25,1697.2696760624071,1644.9065302236372,0,0,0,1702,781.04999,535,,,1,1,1,1,,,,287791,217263.7
1707363900,1790,1790,1732.2,1741.25,1706.0657408499258,1653.6650274760339,0,0,0,1702,781.04999,535,,,1,1,1,1,,,,111828,218256.3
1707450300,1740.9,1743.2,1650.2,1716.3,1708.1125926799407,1659.3591158873035,0,0,0,1702,781.04999,535,,,1,1,1,1,,,,116544,201868.65
1707709500,1702,1714.7,1634.7,1656.45,1697.7800741439526,1659.0946508066395,0,0,0,1702,781.04999,535,,,1,1,1,1,,,,94638,185448.8
1707795900,1655,1839.95,1644.55,1782.7,1714.764059315162,1670.3315007333085,0,0,0,1702,781.04999,535,,,1,1,1,1,,,,567747,206102
1707882300,1741,1782.7,1701.75,1719.35,1715.6812474521296,1674.7877279393713,0,0,0,1702,781.04999,535,,,1,1,1,1,,,,162877,202100.45
1707968700,1718,1747.8,1704.65,1733.95,1719.3349979617037,1680.1661163085193,0,0,0,1702,781.04999,535,,,1,1,1,1,,,,93524,197699.9
1708055100,1743.9,1818.9,1735.7,1764.75,1728.417998369363,1687.8555602804722,0,0,0,1702,781.04999,535,,,1,1,1,1,,,,207325,202026.25
1708314300,1755.05,1826,1755.05,1788.25,1740.3843986954903,1696.982327527702,0,0,0,1702,781.04999,535,,,1,1,1,1,,,,145427,205088.85
1708400700,1787,1836.9,1745.1,1782.45,1748.7975189563922,1704.7521159342746,0,0,0,1839.95,781.04999,535,,,1,1,1,1,,,,228995,213082.55
1708487100,1778,1794.8,1697.5,1712.75,1741.5880151651138,1705.479196303886,0,0,0,1839.95,781.04999,535,,,1,1,1,1,,,,179465,215137.65
1708573500,1716.9,1725.65,1672.85,1711.4,1735.550412132091,1706.0174511853509,0,0,0,1839.95,781.04999,535,,,1,1,1,1,,,,95903,203637.95
1708659900,1724,1769.95,1710,1731,1734.6403297056727,1708.2885919866826,0,0,0,1839.95,781.04999,535,,,1,1,1,1,,,,105008,193981.95
1708919100,1730,1780.05,1718.05,1762.95,1740.302263764538,1713.2578108969842,0,0,0,1839.95,781.04999,535,,,1,1,1,1,,,,65270,192116.25
1709005500,1754,1762.95,1719.55,1727.55,1737.7518110116305,1714.5571008154402,0,0,0,1839.95,781.04999,535,,,1,1,1,1,,,,50257,174249.8
1709091900,1735,1735,1665,1670,1724.2014488093043,1710.5064552867639,0,0,0,1839.95,781.04999,535,,,1,1,1,1,,,,56638,165592.3
1709178300,1668.95,1750,1639.95,1736.95,1726.7511590474435,1712.910413897058,0,0,0,1839.95,781.04999,535,,,1,1,1,1,,,,98889,166075.9
1709264700,1748,1748.65,1700,1722.05,1725.8109272379547,1713.741285360962,0,0,0,1839.95,781.04999,535,,,1,1,1,1,,,,50188,163174.4
1709351100,1735.7,1735.7,1713.15,1720.95,1724.8387417903639,1714.39662305542,0,0,0,1839.95,781.04999,535,,,1,1,1,1,,,,2546,159044.6
1709523900,1723.3,1763,1708.1,1733.05,1726.4809934322911,1716.0923845958364,0,0,0,1839.95,781.04999,535,,,1,1,1,1,,,,62354,139160.7
1709610300,1727.9,1758.4,1711,1728.65,1726.914794745833,1717.2339859962149,0,0,0,1839.95,781.04999,535,,,1,1,1,1,,,,40779,126810.1
1709696700,1723.7,1724.15,1670,1682.6,1718.0518357966664,1714.0854418147408,0,0,0,1839.95,781.04999,535,,,1,1,1,1,,,,51578,123797.6
1709783100,1684.95,1814,1684.7,1745.25,1723.4914686373331,1716.918583467946,0,0,0,1839.95,781.04999,535,,,1,1,1,1,,,,260140,130977.4
1710128700,1759,1767.8,1678,1688.15,1716.4231749098665,1714.3032576981327,0,0,0,1839.95,781.04999,535,,,1,1,1,1,,,,74219,129956.45
1710215100,1695.9,1695.9,1620.3,1650.05,1703.1485399278931,1708.462052452848,0,0,0,1839.95,781.04999,535,,,1,1,1,1,,,,79954,105566.8
1710301500,1656.95,1677,1525.35,1543.8,1671.2788319423146,1693.4927749571345,0,0,0,1839.95,781.04999,535,,,1,1,1,1,,,,82996,101572.75
1710387900,1551,1639.45,1531.05,1627.1,1662.4430655538517,1687.4570681428495,0,0,0,1839.95,781.04999,535,,,1,1,1,1,,,,54482,99620.65
1710474300,1599.9,1625,1568.8,1609.95,1651.9444524430814,1680.4109710389541,0,0,0,1839.95,781.04999,535,,,1,1,1,1,,,,47495,91629.15
1710733500,1609.95,1621.9,1556.1,1564.2,1634.3955619544652,1669.8463373081402,0,0,0,1839.95,781.04999,535,,,1,1,1,1,,,,34366,86076.1
1710819900,1573,1585.85,1535.1,1542.3,1615.976449563572,1658.2512157346728,0,0,0,1839.95,781.04999,535,,,1,1,1,1,,,,31475,76200.1
1710906300,1546.65,1560.7,1522,1540.75,1600.9311596508576,1647.5692870315206,0,0,0,1839.95,781.04999,535,,,1,1,1,1,,,,30603,68757
1710992700,1548.95,1585,1546.9,1575.65,1595.8749277206862,1641.0311700286552,0,0,0,1839.95,781.04999,535,,,1,1,1,1,,,,18900,64906.85
1711079100,1570.95,1594.85,1570,1574.8,1591.6599421765488,1635.0101545715047,0,0,0,1839.95,781.04999,535,,,1,1,1,1,,,,24772,60895.05
1711424700,1575,1598,1561.55,1573,1587.927953741239,1629.372867792277,0,0,0,1839.95,781.04999,535,,,1,1,1,1,,,,28429,59053
1711511100,1573,1581.7,1530.1,1545.5,1579.442362992991,1621.7480616293428,0,0,0,1839.95,781.04999,535,,,1,1,1,1,,,,73341,60207.2
1711597500,1558.25,1589.3,1550.05,1567.75,1577.103890394393,1616.8391469357662,0,0,0,1839.95,781.04999,535,,,1,1,1,1,,,,39831,59366.85
1711943100,1574.9,1625.5,1574.85,1608.85,1583.4531123155143,1616.1128608506965,0,0,0,1839.95,781.04999,535,,,1,1,1,1,,,,35737,56209.25
1712029500,1612,1660,1609.05,1636.15,1593.9924898524114,1617.9344189551787,0,0,0,1839.95,781.04999,535,,,1,1,1,1,,,,43181,55858.9
1712115900,1636,1649,1620,1634.6,1602.113991881929,1619.449471777435,0,0,0,1839.95,781.04999,535,,,1,1,1,1,,,,34543,57458.75
1712202300,1642.5,1669,1629.85,1652.3,1612.1511935055432,1622.435883434032,0,0,0,1839.95,781.04999,535,,,1,1,1,1,,,,51409,56911.5
1712288700,1648,1659.5,1612,1623.75,1614.4709548044345,1622.5553485763926,0,0,0,1839.95,781.04999,535,,,1,1,1,1,,,,37245,56734.8
1712547900,1634,1663.95,1621.05,1633.3,1618.2367638435476,1623.5321350694478,0,0,0,1839.95,781.04999,535,,,1,1,1,1,,,,45912,56451.5
1712634300,1641.5,1658.6,1556.4,1598.2,1614.229411074838,1621.229213699498,0,0,0,1839.95,781.04999,535,,,1,1,1,1,,,,70248,46956.9
1712720700,1604,1612.05,1585.85,1591.65,1609.7135288598704,1618.5401942722708,0,0,0,1839.95,781.04999,535,,,1,1,1,1,,,,24355,44463.7
1712893500,1590,1622,1575,1594.55,1606.6808230878962,1616.3592675202462,0,0,0,1839.95,781.04999,535,,,1,1,1,1,,,,66407,43786.35
1713152700,1568,1588.95,1535,1550.9,1595.524658470317,1610.4084250184058,0,0,0,1839.95,781.04999,535,,,1,1,1,1,,,,23662,40819.65
1713239100,1550,1568.75,1530.05,1538.85,1584.1897267762536,1603.9031136530962,0,0,0,1839.95,781.04999,535,,,1,1,1,1,,,,22681,39229.6
1713411900,1548,1555,1506.2,1517.45,1570.841781421003,1596.0437396846328,0,0,0,1839.95,781.04999,535,,,1,1,1,1,,,,35261,38617.9
1713498300,1516,1516,1490.05,1497.65,1556.2034251368023,1587.098854258757,0,0,0,1839.95,781.04999,535,,,1,1,1,1,,,,32446,38521.9
1713757500,1524,1640.35,1523.65,1570.3,1559.0227401094419,1585.571685689779,0,0,0,1839.95,781.04999,535,,,1,1,1,1,,,,564236,65159.95
1713843900,1585,1591.85,1551.95,1580.45,1563.3081920875536,1585.1060778997992,0,0,0,1839.95,781.04999,535,,,1,1,1,1,,,,83776,67818.6
1713930300,1590,1604.85,1567.75,1583.85,1567.416553670043,1584.9918889998173,0,0,0,1839.95,781.04999,535,,,1,1,1,1,,,,55919,69669.55
1714016700,1588,1609.9,1565.3,1578.9,1569.7132429360345,1584.4380809089248,0,0,0,1839.95,781.04999,535,,,1,1,1,1,,,,41053,70483.6
1714103100,1583.65,1613.15,1556.55,1569.1,1569.5905943488276,1583.0437099172043,0,0,0,1839.95,781.04999,535,,,1,1,1,1,,,,75616,72842.95
1714362300,1575.95,1599.95,1557.95,1577.3,1571.1324754790621,1582.5215544701857,0,0,0,1839.95,781.04999,535,,,1,1,1,1,,,,28309,70591.35
1714448700,1582,1584.35,1541.35,1558.95,1568.6959803832497,1580.378685881987,0,0,0,1839.95,781.04999,535,,,1,1,1,1,,,,32495,70224.55
1714621500,1563.95,1570,1544.5,1560.55,1567.0667843065996,1578.5760780745336,0,0,0,1839.95,781.04999,535,,,1,1,1,1,,,,24296,69652.5
1714707900,1566,1567.15,1530,1538.55,1561.3634274452797,1574.9373437041215,0,0,0,1839.95,781.04999,535,,,1,1,1,1,,,,46622,69824.55
1714967100,1545,1599.95,1504,1560.5,1561.1907419562237,1573.6248579128378,0,0,0,1839.95,781.04999,535,,,1,1,1,1,,,,192065,77700.65
1715053500,1556.3,1572.95,1520.1,1541,1557.152593564979,1570.6589617389434,0,0,0,1839.95,781.04999,535,,,1,1,1,1,,,,43411,77300.75
1715139900,1541,1597,1527.9,1576.95,1561.1120748519832,1571.2308743081303,0,0,0,1839.95,781.04999,535,,,1,1,1,1,,,,48010,77839
1715226300,1580.05,1583.75,1500,1511.15,1551.1196598815866,1565.7689766437547,0,0,0,1839.95,781.04999,535,,,1,1,1,1,,,,31974,77142.1
1715312700,1517.9,1521.85,1493.85,1505.65,1542.0257279052694,1560.3036151306862,0,0,0,1839.95,781.04999,535,,,1,1,1,1,,,,19917,74625.55
1715571900,1508,1563.7,1477.4,1553.7,1544.3605823242156,1559.703286482442,0,0,0,1839.95,781.04999,535,,,1,1,1,1,,,,70653,76940.45
1715658300,1553.75,1566.55,1530.05,1539.15,1543.3184658593725,1557.8348058931292,0,0,0,1839.95,781.04999,535,,,1,1,1,1,,,,50300,76135.1
1715744700,1555,1602,1540.2,1551.9,1545.034772687498,1557.2952780846629,0,0,0,1839.95,781.04999,535,,,1,1,1,1,,,,140613,81982.65
1715831100,1564.4,1567.85,1534.7,1549.55,1545.9378181499983,1556.5911618951482,0,0,0,1839.95,781.04999,535,,,1,1,1,1,,,,25940,82145.6
1715917500,1563,1567.55,1540.4,1547,1546.1502545199987,1555.7192380864983,0,0,0,1839.95,781.04999,535,,,1,1,1,1,,,,37763,82270.7
1716003900,1559.3,1560,1550,1552.9,1547.500203615999,1555.4629437149986,0,0,0,1839.95,781.04999,535,,,1,1,1,1,,,,3908,80843.8
1716263100,1578,1605.4,1537.9,1558.4,1549.6801628927992,1555.729948831817,0,0,0,1839.95,781.04999,535,,,1,1,1,1,,,,76613,56462.65
1716349500,1558,1589.9,1542.05,1547.9,1549.3241303142395,1555.0181353016517,0,0,0,1839.95,781.04999,535,,,1,1,1,1,,,,46503,54599
1716435900,1552,1560.8,1535.6,1539,1547.2593042513915,1553.5619411833197,0,0,0,1839.95,781.04999,535,,,1,1,1,1,,,,21295,52867.8
1716522300,1530,1574,1530,1536.55,1545.1174434011132,1552.015401075745,0,0,0,1839.95,781.04999,535,,,1,1,1,1,,,,43414,52985.85
1716781500,1554.7,1554.7,1529,1533.55,1542.8039547208905,1550.3367282506774,0,0,0,1839.95,781.04999,535,,,1,1,1,1,,,,33533,50881.7
1716867900,1532,1541,1502.8,1514.15,1537.0731637767124,1547.047025682434,0,0,0,1839.95,781.04999,535,,,1,1,1,1,,,,32842,51108.35
1716954300,1508,1550,1500,1508.35,1531.3285310213698,1543.5291142567582,0,0,0,1839.95,781.04999,535,,,1,1,1,1,,,,47354,51851.3
1717040700,1509,1518.6,1473.1,1480.1,1521.0828248170958,1537.7628311425076,0,0,0,1839.95,781.04999,535,,,1,1,1,1,,,,39575,52615.25
1717127100,1487.9,1499.8,1457.4,1467.6,1510.3862598536766,1531.3843919477342,0,0,0,1839.95,781.04999,535,,,1,1,1,1,,,,44686,52518.45
1717386300,1485.05,1506.35,1465.1,1486.2,1505.5490078829414,1527.2767199524856,0,0,0,1839.95,781.04999,535,,,1,1,1,1,,,,47466,45288.5
1717472700,1489,1489,1318.2,1374,1479.239206306353,1513.3424726840778,1,0,0,1839.95,781.04999,535,,,2,1,1,1,1,,,70772,46656.55
1717559100,1404,1476,1392.05,1466.95,1476.7813650450823,1509.1249751673436,0,0,0,1839.95,781.04999,535,,,2,1,1,1,,,,102024,49357.25
1717645500,1470,1558,1470,1523.45,1486.1150920360658,1510.4272501521305,0,0,0,1839.95,781.04999,535,,,2,1,1,1,,,,99088,52712.95
1717731900,1520,1624,1520,1595.95,1508.0820736288526,1518.202045592846,0,0,1,1839.95,781.04999,535,,,1,1,1,1,,,1,165946,60014.4
1717991100,1605.2,1610.4,1577.1,1583,1523.065658903082,1524.092768720769,0,0,0,1839.95,781.04999,535,,,1,1,1,1,,,,35189,58241.2
1718077500,1590,1682.2,1579.3,1637.5,1545.9525271224657,1534.4025170188809,0,0,0,1839.95,781.04999,535,,,1,1,1,1,,,,189523,65202.35
1718163900,1638,1680.15,1628.05,1674.5,1571.6620216979725,1547.1386518353463,0,0,0,1839.95,781.04999,535,,,1,1,1,1,,,,91208,62732.1
1718250300,1680,1682,1640.05,1652.7,1587.869617358378,1556.735138032133,0,0,0,1839.95,781.04999,535,,,1,1,1,1,,,,37879,63329.05
1718336700,1654.25,1669,1643.5,1651.15,1600.5256938867024,1565.318307301939,0,0,0,1839.95,781.04999,535,,,1,1,1,1,,,,24698,62675.8
1718682300,1664.9,1664.9,1634,1641.4,1608.7005551093619,1572.2348248199446,0,0,0,1839.95,781.04999,535,,,1,1,1,1,,,,29351,63947.95
1718768700,1649,1672.45,1611,1621.55,1611.2704440874895,1576.718022563586,0,0,0,1839.95,781.04999,535,,,1,1,1,1,,,,38324,62033.5
1718855100,1629.7,1669,1603,1622,1613.4163552699915,1580.8345659668962,0,0,0,1839.95,781.04999,535,,,1,1,1,1,,,,48177,62117.2
1718941500,1637.9,1731.45,1637,1683.9,1627.5130842159933,1590.2041508789966,0,0,0,1839.95,781.04999,535,,,1,1,1,1,,,,234197,72762.3
1719200700,1714,2020.65,1703,2014.4,1704.8904673727948,1628.767409889997,0,0,0,1839.95,781.04999,535,,,1,1,1,1,,,,4985257,319854.45
1719287100,2004.05,2007.15,1907,1943.15,1752.5423738982358,1657.3476453545427,0,0,0,1839.95,781.04999,535,,,1,1,1,1,,,,1145701,375462.85
1719373500,1937.95,1991.95,1918.85,1948.45,1791.7238991185886,1683.811495776857,0,0,0,1839.95,781.04999,535,,,1,1,1,1,,,,324713,390056.4
1719459900,1947.75,1992,1861.55,1885.9,1810.559119294871,1702.183177978961,0,0,0,1839.95,781.04999,535,,,1,1,1,1,,,,225349,398956.15
1719546300,1900.4,2167.7,1893.05,2025.5,1853.5472954358968,1731.57561634451,0,0,0,1839.95,781.04999,535,,,1,1,1,1,,,,2752219,534588.35
1719805500,2045.05,2109.8999,2030,2083.25,1899.4878363487173,1763.5460148586455,0,0,0,1839.95,781.04999,535,,,1,1,1,1,,,,429824,553845.25
1719891900,2100,2100,2018.45,2077.75,1935.140269078974,1792.1100135078595,0,0,0,1839.95,781.04999,535,,,1,1,1,1,,,,235904,563267.15
1719978300,2079.55,2131.95,2056,2094.8501,1967.0822352631792,1819.6318395525996,0,0,0,1839.95,781.04999,535,,,1,1,1,1,,,,254765,572466.8
1720064700,2080.1001,2117.8999,2050.1001,2060.3501,1985.7358082105434,1841.5153177750906,0,0,0,1839.95,781.04999,535,,,1,1,1,1,,,,163731,575552.15
1720151100,2074,2080,2036.65,2053.55,1999.2986465684348,1860.791197977355,0,0,0,2167.7,1318.2,781.04999,535,441.04999,1,1,1,1,,,,95754,575385.45
1720410300,2058,2068,1992,2006.7,2000.778917254748,1874.0556345248683,0,0,0,2167.7,1318.2,781.04999,535,441.04999,1,1,1,1,,,,106499,572413.1
1720496700,2005.05,2408,1989.6,2379.8501,2076.5931538037985,1920.036949568062,0,0,0,2167.7,1318.2,781.04999,535,441.04999,1,1,1,1,,,,4611411,801224.2
1720583100,2344,2344,2215,2258.6001,2112.994543043039,1950.8154177891472,0,0,0,2167.7,1318.2,781.04999,535,441.04999,1,1,1,1,,,,719123,827704.2
1720669500,2267.6001,2364,2191.8999,2325.3,2155.455634434431,1984.8594707174066,0,0,0,2167.7,1318.2,781.04999,535,441.04999,1,1,1,1,,,,303636,838325.6
1720755900,2312,2400,2260,2292.8,2182.9245075475446,2012.8540642885514,0,0,0,2167.7,1318.2,781.04999,535,441.04999,1,1,1,1,,,,259279,849395.6
1721015100,2289,2370,2244,2302.75,2206.8896060380357,2039.2082402623194,0,0,0,2167.7,1318.2,781.04999,535,441.04999,1,1,1,1,,,,119378,854129.6
1721101500,2303.8,2324.3999,2251,2267.8999,2219.0916648304287,2059.998391147563,0,0,0,2408,1318.2,781.04999,535,441.04999,1,1,1,1,,,,72004,856262.25
1721274300,2259.8999,2266,2177.1499,2227.75,2220.823331864343,2075.248537406875,0,0,0,2408,1318.2,781.04999,535,441.04999,1,1,1,1,,,,70837,857887.9
1721360700,2224,2288,2110,2126.1001,2201.8786854914742,2079.8714067335227,0,0,0,2408,1318.2,781.04999,535,441.04999,1,1,1,1,,,,94812,860219.65
1721619900,2100,2247,2084.2,2122.1001,2185.9229683931794,2083.710378848657,0,0,0,2408,1318.2,781.04999,535,441.04999,1,1,1,1,,,,124987,854759.15
1721706300,2127,2174.3999,1900,2152.6001,2179.2583947145436,2089.9730807715064,0,0,0,2408,1318.2,781.04999,535,441.04999,1,1,1,1,,,,113543,611173.45
1721792700,2170.8,2299,2154.1001,2210,2185.406715771635,2100.8846188831876,0,0,0,2408,1318.2,781.04999,535,441.04999,1,1,1,1,,,,141432,560960
1721879100,2200,2277,2194,2260.7,2200.465372617308,2115.413289893807,0,0,0,2408,1318.2,781.04999,535,441.04999,1,1,1,1,,,,73758,548412.25
1721965500,2277.2,2335,2250,2290.1001,2218.3923180938464,2131.2939089943698,0,0,0,2408,1318.2,781.04999,535,441.04999,1,1,1,1,,,,87153,541502.45
1722224700,2300,2329.8,2278.1499,2290.7,2232.8538544750772,2145.785371813063,0,0,0,2408,1318.2,781.04999,535,441.04999,1,1,1,1,,,,37776,405780.3
1722311100,2275,2350,2275,2293.45,2244.973083580062,2159.2094289209667,0,0,0,2408,1318.2,781.04999,535,441.04999,1,1,1,1,,,,69413,387759.75
1722397500,2310,2317.8,2263.2,2279.55,2251.8884668640494,2170.1494808372427,0,0,0,2408,1318.2,781.04999,535,441.04999,1,1,1,1,,,,39842,377956.65
1722483900,2279.8999,2313.25,2230,2239.3,2249.3707734912396,2176.435891670221,0,0,0,2408,1318.2,781.04999,535,441.04999,1,1,1,1,,,,38428,367139.8
1722570300,2225,2261.1499,2190.1001,2196.55,2238.8066187929917,2178.264446972928,0,0,0,2408,1318.2,781.04999,535,441.04999,1,1,1,1,,,,36472,360776.85
1722829500,2150,2199.3999,2085.95,2137.7,2218.5852950343933,2174.576769975389,0,0,0,2408,1318.2,781.04999,535,441.04999,1,1,1,1,,,,156664,363822.35
1722915900,2137.7,2231.55,2070,2079.55,2190.7782360275146,2165.9379727048995,0,0,0,2408,1318.2,781.04999,535,441.04999,1,1,1,1,,,,123479,364671.35
1723002300,2084.95,2169.8,2084.95,2143,2181.222588822012,2163.8527024589994,0,0,0,2408,1318.2,781.04999,535,441.04999,1,1,1,1,,,,68391,137520.35
1723088700,2159.6499,2290,2147,2234.6499,2191.9080510576096,2170.288811326363,0,0,0,2408,1318.2,781.04999,535,441.04999,1,1,1,1,,,,352391,119183.75
1723175100,2266.25,2412,2266.25,2363.3501,2226.1964608460876,2187.839837569421,0,0,0,2408,1318.2,781.04999,535,441.04999,1,1,1,1,,,,1007745,154389.2
1723434300,2363.3,2363.3,2301.1499,2310.1001,2242.97718867687,2198.954406881292,0,0,0,2408,1318.2,781.04999,535,441.04999,1,1,1,1,,,,137358,148293.15
1723520700,2328,2387.7,2211.3501,2242.55,2242.891750941496,2202.9176426193562,0,0,0,2408,1318.2,781.04999,535,441.04999,1,1,1,1,,,,165602,150604.35
1723607100,2249.8999,2300,2204.8999,2272.3,2248.7734007531967,2209.2251296539603,0,0,0,2408,1318.2,781.04999,535,441.04999,1,1,1,1,,,,130781,153543.2
1723779900,2275.6499,2299.7,2240,2283.8501,2255.7887406025575,2216.0092178672367,0,0,0,2408,1318.2,781.04999,535,441.04999,1,1,1,1,,,,77429,153872.8
1724039100,2318.75,2506,2310.8501,2379.8999,2280.610972482046,2230.908370788397,0,0,0,2408,1318.2,781.04999,535,441.04999,1,1,1,1,,,,881736,193219
1724125500,2380,2548,2347.05,2510.95,2326.6787779856368,2256.3667007167246,0,0,0,2408,1318.2,781.04999,535,441.04999,1,1,1,1,,,,286467,201293
1724211900,2510.95,2602,2480.05,2521.7,2365.6830223885095,2280.487909742477,0,0,0,2408,1318.2,781.04999,535,441.04999,1,1,1,1,,,,272482,209239.95
1724298300,2520.3999,2604.95,2520.3999,2564.8501,2405.516437910808,2306.3390179477065,0,0,0,2408,1318.2,781.04999,535,441.04999,1,1,1,1,,,,150803,209708.5
1724384700,2570.05,2577.5,2515.5,2527.3,2429.8731503286463,2326.4263799524606,0,0,0,2408,1318.2,781.04999,535,441.04999,1,1,1,1,,,,78811,209961.15
1724643900,2540.05,2601.5,2510,2535.75,2451.048520262917,2345.4557999567824,0,0,0,2408,1318.2,781.04999,535,441.04999,1,1,1,1,,,,83564,209781.7
1724730300,2539,2578,2525.5,2532.7,2467.3788162103338,2362.4779999607113,0,0,0,2408,1318.2,781.04999,535,441.04999,1,1,1,1,,,,56954,210740.6
1724816700,2549,2622,2536.75,2574.8999,2488.883032968267,2381.7890817824646,0,0,0,2408,1318.2,781.04999,535,441.04999,1,1,1,1,,,,120534,213296.65
1724903100,2580.8999,2604.8999,2512.6001,2534.25,2497.9564263746133,2395.649165256786,0,0,0,2408,1318.2,781.04999,535,441.04999,1,1,1,1,,,,69218,214765.45
1724989500,2535,2551.45,2444,2491.8501,2496.7351610996907,2404.3947047788965,0,0,0,2408,1318.2,781.04999,535,441.04999,1,1,1,1,,,,86200,217154.05
1725248700,2495,2513.55,2444.05,2458.3,2489.0481288797528,2409.2951861626334,0,0,0,2408,1318.2,781.04999,535,441.04999,1,1,1,1,,,,40414,217351.15
1725335100,2475.7,2711,2475,2673.75,2525.988503103802,2433.336532875121,0,0,0,2408,1318.2,781.04999,535,441.04999,1,1,1,1,,,,2615570,340296.45
1725421500,2613.6,2774,2611.75,2750.1,2570.8108024830417,2462.1332117046554,0,0,0,2408,1318.2,781.04999,535,441.04999,1,1,1,1,,,,576985,362971.75
1725507900,2711,2773.05,2685,2694.6499,2595.5786219864335,2483.2710924587777,0,0,0,2408,1318.2,781.04999,535,441.04999,1,1,1,1,,,,164733,367788.85
1725594300,2694.6499,2715.05,2605.95,2625.8999,2601.642877589147,2496.237347689798,0,0,0,2408,1318.2,781.04999,535,441.04999,1,1,1,1,,,,113102,355824.4
1725853500,2630,2683,2560,2656.05,2612.5243020713174,2510.765770627089,0,0,0,2408,1318.2,781.04999,535,441.04999,1,1,1,1,,,,130270,311950.65
1725939900,2633.05,2749.7,2633.05,2717.25,2633.4694416570537,2529.5370642064445,0,0,0,2408,1318.2,781.04999,535,441.04999,1,1,1,1,,,,175621,313863.8
1726026300,2720.95,2725,2651.45,2670.8,2640.935553325643,2542.379149278586,0,0,0,2774,1318.2,781.04999,535,441.04999,1,1,1,1,,,,77078,309437.6
1726112700,2651.8,2740,2651.8,2673.5,2647.4484426605145,2554.2992266168962,0,0,0,2774,1318.2,781.04999,535,441.04999,1,1,1,1,,,,69676,306382.35
1726199100,2693,2747.8,2672.05,2690.55,2656.0687541284115,2566.685660560815,0,0,0,2774,1318.2,781.04999,535,441.04999,1,1,1,1,,,,98831,307452.45
1726458300,2716,2857.95,2680,2694.95,2663.8450033027293,2578.3460550552863,0,0,0,2774,1318.2,781.04999,535,441.04999,1,1,1,1,,,,407660,283748.65
1726544700,2718,2780,2668.8,2745.8,2680.2360026421834,2593.5691409593514,0,0,0,2774,1318.2,781.04999,535,441.04999,1,1,1,1,,,,166956,277773.1
1726631100,2740.05,2741.15,2680.3,2694.45,2683.078802113747,2602.740128144865,0,0,0,2774,1318.2,781.04999,535,441.04999,1,1,1,1,,,,69123,267605.15
1726717500,2709.55,2719.4,2506.15,2580.55,2662.5730416909973,2600.722843768059,0,0,0,2774,1318.2,781.04999,535,441.04999,1,1,1,1,,,,172348,268682.4
1726803900,2600,2669.95,2579.9,2628.9,2655.838433352798,2603.2844034255086,0,0,0,2774,1318.2,781.04999,535,441.04999,1,1,1,1,,,,122009,270842.3
1727063100,2672.3,2677.95,2591.55,2601.65,2645.0007466822385,2603.1358212959167,0,0,0,2857.95,1318.2,781.04999,535,441.04999,1,1,1,1,,,,45777,268952.95
1727149500,2604.9,2758.55,2604.9,2659.25,2647.850597345791,2608.2371102690154,0,0,0,2857.95,1318.2,781.04999,535,441.04999,1,1,1,1,,,,266782,279444.35
1727235900,2649.55,2743,2631.8,2715.2,2661.3204778766326,2617.9610093354686,0,0,0,2857.95,1318.2,781.04999,535,441.04999,1,1,1,1,,,,131962,280015.75
1727322300,2715.2,2730.95,2680,2694.55,2667.966382301306,2624.923644850426,0,0,0,2857.95,1318.2,781.04999,535,441.04999,1,1,1,1,,,,47842,278946.95
1727408700,2703.25,2878,2699.95,2858.9,2706.153105841045,2646.1942225912967,0,0,0,2857.95,1318.2,781.04999,535,441.04999,1,1,1,1,,,,591533,304213.6
1727667900,2858.9,2905,2822.15,2867.55,2738.432484672836,2666.317475082997,0,0,0,2857.95,1318.2,781.04999,535,441.04999,1,1,1,1,,,,326036,318494.7
1727754300,2891.25,2975,2875,2884.9,2767.725987738269,2686.1886137118154,0,0,0,2857.95,1318.2,781.04999,535,441.04999,1,1,1,1,,,,347073,205069.85
1727927100,2840,2879.7,2760.8,2783.5,2770.8807901906152,2695.0351033743777,0,0,0,2857.95,1318.2,781.04999,535,441.04999,1,1,1,1,,,,93394,180890.3
1728013500,2783.5,2828,2708.45,2761.45,2768.994632152492,2701.072821249434,0,0,0,2857.95,1318.2,781.04999,535,441.04999,1,1,1,1,,,,86812,176994.25
1728272700,2710,2740.1,2450,2482.85,2711.7657057219935,2681.234382954031,0,0,0,2857.95,1318.2,781.04999,535,441.04999,1,1,1,1,,,,457018,194190.05
1728359100,2501.2,2671.5,2475.55,2649.9,2699.392564577595,2678.3858026854828,0,0,0,2857.95,1318.2,781.04999,535,441.04999,1,1,1,1,,,,233500,199351.55
1728445500,2666,2708.15,2636.1,2673.25,2694.164051662076,2677.918911532257,0,0,0,2975,1318.2,781.04999,535,441.04999,1,1,1,1,,,,78006,194470.8
1728531900,2673.25,2743.95,2665.45,2693.9,2694.111241329661,2679.371737756597,0,0,0,2975,1318.2,781.04999,535,441.04999,1,1,1,1,,,,75961,194414.95
1728618300,2688.7,2703.65,2632.25,2643.85,2684.058993063729,2676.142488869634,0,0,0,2975,1318.2,781.04999,535,441.04999,1,1,1,1,,,,54324,193647.35
1728877500,2667,2745,2550,2652.95,2677.837194450983,2674.0340807905764,0,0,0,2975,1318.2,781.04999,535,441.04999,1,1,1,1,,,,105410,193976.3
1728963900,2658.2,2719.85,2650,2668.8,2676.0297555607867,2673.5582552641604,0,0,0,2975,1318.2,781.04999,535,441.04999,1,1,1,1,,,,71603,177173.45
1729050300,2650,2690,2625,2680.85,2676.9938044486294,2674.2211411492367,0,0,0,2975,1318.2,781.04999,535,441.04999,1,1,1,1,,,,43651,171008.2
1729136700,2678,2828,2635,2646.95,2670.9850435589033,2671.741946499306,0,0,0,2975,1318.2,781.04999,535,441.04999,1,1,1,1,,,,221252,178614.65
1729223100,2646,2725,2585,2683.8,2673.548034847123,2672.838133181187,0,0,0,2975,1318.2,781.04999,535,441.04999,1,1,1,1,,,,81016,174048.05
1729482300,2683.85,2944,2651,2800.6,2698.9584278776983,2684.4528483465338,0,0,0,2975,1318.2,781.04999,535,441.04999,1,1,1,1,,,,709320,203413.6
1729568700,2820,2822,2600.1,2635.9,2686.346742302159,2680.0389530423035,0,0,0,2975,1318.2,781.04999,535,441.04999,1,1,1,1,,,,146988,208474.15
1729655100,2651.35,2745.9,2635.05,2697.4,2688.557393841727,2681.617230038458,0,0,0,2975,1318.2,781.04999,535,441.04999,1,1,1,1,,,,123458,201307.95
1729741500,2709.35,2920,2677,2797.05,2710.2559150733814,2692.1111182167797,0,0,0,2975,1318.2,781.04999,535,441.04999,1,1,1,1,,,,674510,228435.35
1729827900,2781.2,2803.1,2541,2637.45,2695.694732058705,2687.141925651618,0,0,0,2975,1318.2,781.04999,535,441.04999,1,1,1,1,,,,276719,239879.2
1730087100,2603,2748,2600.05,2690.5,2694.655785646964,2687.4472051378343,0,0,0,2975,1318.2,781.04999,535,441.04999,1,1,1,1,,,,145698,217587.45
1730173500,2690.95,2758.85,2685.35,2746.45,2705.014628517571,2692.8110955798493,0,0,0,2975,1318.2,781.04999,535,441.04999,1,1,1,1,,,,118367,207204
1730259900,2739.9,2798,2707.1,2720.8,2708.171702814057,2695.3555414362268,0,0,0,2975,1318.2,781.04999,535,441.04999,1,1,1,1,,,,95010,194600.85
1730346300,2727.95,2775,2674.4,2769.4,2720.417362251246,2702.086855851115,0,0,0,2975,1318.2,781.04999,535,441.04999,1,1,1,1,,,,119951,195928.7
1730464200,2779,2799,2745.2,2756.45,2727.6238898009965,2707.02895986465,0,0,0,2975,1318.2,781.04999,535,441.04999,1,1,1,1,,,,13321,192254.15
1730691900,2757,2758.9,2640,2669.5,2715.999111840797,2703.617236240591,0,0,0,2975,1318.2,781.04999,535,441.04999,1,1,1,1,,,,77145,173260.5
1730778300,2670,2737.95,2651.05,2710.05,2714.809289472638,2704.202032945992,0,0,0,2975,1318.2,781.04999,535,441.04999,1,1,1,1,,,,80031,165587.05
1730864700,2710.5,2831.05,2706.4,2806.35,2733.1174315781104,2713.4882117690836,0,0,0,2975,1318.2,781.04999,535,441.04999,1,1,1,1,,,,118567,167615.1
1730951100,2794.45,2873.95,2758,2772.05,2740.9039452624884,2718.812010699167,0,0,0,2975,1318.2,781.04999,535,441.04999,1,1,1,1,,,,103892,169011.65
1731037500,2776.25,2825,2695.05,2717.55,2736.2331562099907,2718.697282453788,0,0,0,2975,1318.2,781.04999,535,441.04999,1,1,1,1,,,,58206,169205.75
1731296700,2709.7,2847.7,2673.6,2733.1,2735.6065249679928,2720.0066204125346,0,0,0,2975,1318.2,781.04999,535,441.04999,1,1,1,1,,,,129887,170429.6
1731383100,2763.8,2787.95,2661.1,2673.1,2723.105219974394,2715.7423821932134,0,0,0,2975,1318.2,781.04999,535,441.04999,1,1,1,1,,,,94638,171581.35
1731469500,2673.1,2698.15,2535.05,2560.5,2690.5841759795153,2701.629438357467,0,0,0,2975,1318.2,781.04999,535,441.04999,1,1,1,1,,,,99767,174387.15
1731555900,2525.4,2634.75,2525.4,2564.3,2665.3273407836123,2689.1449439613334,0,0,0,2975,1318.2,781.04999,535,441.04999,1,1,1,1,,,,77735,167211.3
1731901500,2605,2629.65,2469.25,2550,2642.2618726268897,2676.4954036012123,0,0,0,2975,1318.2,781.04999,535,441.04999,1,1,1,1,,,,126656,169493.3
1731987900,2555.1,2625,2551.55,2567.8,2627.369498101512,2666.6140032738294,0,0,0,2975,1318.2,781.04999,535,441.04999,1,1,1,1,,,,52550,136654.8
1732160700,2557,2572.4,2490,2494.25,2600.7455984812095,2650.944548430754,0,0,0,2975,1318.2,781.04999,535,441.04999,1,1,1,1,,,,83811,133495.95
1732247100,2496,2507.35,2433,2463.45,2573.2864787849676,2633.8995894825034,0,0,0,2975,1318.2,781.04999,535,441.04999,1,1,1,1,,,,67137,130679.9
1732506300,2517,2569,2500,2523.6,2563.349183027974,2623.872354075003,0,0,0,2975,1318.2,781.04999,535,441.04999,1,1,1,1,,,,68869,100397.85
1732592700,2543.65,2563.5,2500,2516,2553.879346422379,2614.0657764318207,0,0,0,2975,1318.2,781.04999,535,441.04999,1,1,1,1,,,,50748,89099.3
1732679100,2523.3,2537.2,2491.05,2499,2542.9034771379033,2603.6052513016552,0,0,0,2975,1318.2,781.04999,535,441.04999,1,1,1,1,,,,38175,83723.15
1732765500,2537,2547,2479.95,2487.05,2531.732781710323,2593.009319365141,0,0,0,2975,1318.2,781.04999,535,441.04999,1,1,1,1,,,,55951,80602.35
1732851900,2507.35,2517.45,2396,2405.85,2506.5562253682583,2575.994835786492,0,0,0,2975,1318.2,781.04999,535,441.04999,1,1,1,1,,,,83936,80048.65
1733111100,2380,2420.95,2339.95,2389.75,2483.1949802946065,2559.063487078629,0,0,0,2975,1318.2,781.04999,535,441.04999,1,1,1,1,,,,89984,78550.3
1733197500,2415,2438.8,2349.95,2413.35,2469.2259842356852,2545.816806435117,0,0,0,2975,1318.2,781.04999,535,441.04999,1,1,1,1,,,,68329,81300.7
1733283900,2408.9,2442.7,2375,2403.85,2456.150787388548,2532.910733122834,0,0,0,2975,1318.2,781.04999,535,441.04999,1,1,1,1,,,,81469,81516.9
1733370300,2408.9,2420.95,2335.45,2343.75,2433.670629910838,2515.7143028389396,0,0,0,2975,1318.2,781.04999,535,441.04999,1,1,1,1,,,,79282,81479.45
1733456700,2357.75,2387.65,2340.7,2355.45,2418.0265039286705,2501.144820762672,0,0,0,2975,1318.2,781.04999,535,441.04999,1,1,1,1,,,,64585,78780.35
1733715900,2355.45,2487.65,2355.45,2368.2,2408.0612031429364,2489.0589279660658,0,0,0,2975,1318.2,781.04999,535,441.04999,1,1,1,1,,,,222284,84699.95
1733802300,2374.05,2424,2353.15,2403.85,2407.218962514349,2481.3126617873327,0,0,0,2975,1318.2,781.04999,535,441.04999,1,1,1,1,,,,100467,86813
1733888700,2408.95,2426,2366,2373.3,2400.4351700114794,2471.4933288975753,0,0,0,2975,1318.2,781.04999,535,441.04999,1,1,1,1,,,,59546,83295.95
1733975100,2373.35,2386,2330.35,2343.75,2389.0981360091837,2459.8802989977958,0,0,0,2975,1318.2,781.04999,535,441.04999,1,1,1,1,,,,53018,81214.95
1734061500,2340,2352.8,2308,2329.25,2377.128508807347,2448.0048172707234,0,0,0,2975,1318.2,781.04999,535,441.04999,1,1,1,1,,,,40114,78232.3
1734320700,2350,2416.85,2345.55,2403.55,2382.4128070458773,2443.963470246112,0,0,0,2975,1318.2,781.04999,535,441.04999,1,1,1,1,,,,67947,77742.9
1734407100,2404.65,2412.1,2341.5,2353.55,2376.640245636702,2435.744063860102,0,0,0,2975,1318.2,781.04999,535,441.04999,1,1,1,1,,,,34047,73112.45
1734493500,2356,2356,2307.55,2317.4,2364.7921965093615,2424.9855126000925,0,0,0,2975,1318.2,781.04999,535,441.04999,1,1,1,1,,,,28001,71885
1734579900,2280.2,2310,2268.35,2281.55,2348.143757207489,2411.9459205455387,0,0,0,2975,1318.2,781.04999,535,441.04999,1,1,1,1,,,,36793,69534.1
1734666300,2275,2296.8,2165,2191.15,2316.745005765991,2391.873564132308,0,0,0,2975,1318.2,781.04999,535,441.04999,1,1,1,1,,,,71451,69749.8
1734925500,2200.15,2209.1,2111.75,2124.8,2278.356004612793,2367.594149211189,0,0,0,2975,1318.2,781.04999,535,441.04999,1,1,1,1,,,,55746,69093.65
1735011900,2120,2170,2120,2146.2,2251.9248036902345,2347.4674083738078,0,0,0,2975,1318.2,781.04999,535,441.04999,1,1,1,1,,,,35469,68329.7
1735184700,2145.05,2162.8,2107,2114.6,2224.4598429521875,2326.2976439761887,0,0,0,2975,1318.2,781.04999,535,441.04999,1,1,1,1,,,,25759,67708.9
1735271100,2132,2140.35,2109.8,2121.55,2203.87787436175,2307.6842217965354,0,0,0,2975,1318.2,781.04999,535,441.04999,1,1,1,1,,,,35222,66672.45
1735530300,2106,2325.8,2043.75,2129,2188.9022994894,2291.440201633214,0,0,0,2975,1318.2,781.04999,535,441.04999,1,1,1,1,,,,98810,67416.15
1735616700,2090,2147.95,2011,2120.65,2175.25183959152,2275.9138196665585,0,0,0,2975,1318.2,781.04999,535,441.04999,1,1,1,1,,,,136309,69732.4
1735703100,2105.9,2295.95,2105.85,2250.75,2190.351471673216,2273.6261996968715,0,0,0,2975,1318.2,781.04999,535,441.04999,1,1,1,1,,,,453550,88993.45
1735789500,2220,2249.75,2215,2234.2,2199.121177338573,2270.0419997244285,0,0,0,2975,1318.2,781.04999,535,441.04999,1,1,1,1,,,,58192,87829.6
1735875900,2233.95,2248.3,2171,2193.85,2198.0669418708585,2263.115454294935,0,0,0,2975,1318.2,781.04999,535,441.04999,1,1,1,1,,,,45775,86154.25
1736135100,2159.25,2191.8,2080,2089.85,2176.423553496687,2247.3640493590315,0,0,0,2975,1318.2,781.04999,535,441.04999,1,1,1,1,,,,52783,85564.15
1736221500,2100.9,2102.25,2045.1,2064,2153.9388427973495,2230.6945903263922,0,0,0,2975,1318.2,781.04999,535,441.04999,1,1,1,1,,,,109584,79929.15
1736307900,2064,2134,2037.2,2071.6,2137.4710742378797,2216.2314457512657,0,0,0,2975,1318.2,781.04999,535,441.04999,1,1,1,1,,,,70101,78410.85
1736394300,2088.55,2126,2064,2074.45,2124.866859390304,2203.3422234102413,0,0,0,2975,1318.2,781.04999,535,441.04999,1,1,1,1,,,,59868,78426.95
1736480700,2050.25,2094.5,2000,2006.65,2101.223487512243,2185.4611121911284,0,0,0,2975,1318.2,781.04999,535,441.04999,1,1,1,1,,,,47159,78134
1736739900,2008.95,2025,1928.25,1947.9,2070.5587900097944,2163.8646474464804,0,0,0,2975,1318.2,781.04999,535,441.04999,1,1,1,1,,,,61360,79196.3
1736826300,1951.25,1991.7,1951.25,1977.3,2051.9070320078354,2146.904224951346,0,0,0,2975,1318.2,781.04999,535,441.04999,1,1,1,1,,,,41726,77885.25
1736912700,1991,2017.4,1979.9,1991.6,2039.8456256062682,2132.785659046678,0,0,0,2975,1318.2,781.04999,535,441.04999,1,1,1,1,,,,33478,77856.8
1736999100,2001,2027,1993.95,2000.9,2032.0565004850146,2120.796053678798,0,0,0,2975,1318.2,781.04999,535,441.04999,1,1,1,1,,,,28219,77867.7
1737085500,2001,2033.3,1992.95,2003.3,2026.3052003880116,2110.114594253453,0,0,0,2975,1318.2,781.04999,535,441.04999,1,1,1,1,,,,25554,77305.75
1737344700,2005,2049.75,1995.3,2034.7,2027.9841603104094,2103.258722048594,0,0,0,2975,1318.2,781.04999,535,441.04999,1,1,1,1,,,,30324,75249.4
1737431100,2049.75,2049.75,1970,1980.1,2018.4073282483275,2092.0624745896307,0,0,0,2975,1318.2,781.04999,535,441.04999,1,1,1,1,,,,24101,73667.15
1737517500,2025,2345.25,1972.75,2230.15,2060.755862598662,2104.6158859905736,0,0,0,2975,1318.2,781.04999,535,441.04999,1,1,1,1,,,,1508139,147300.65
1737603900,2245.1,2278.8,2179.9,2232.2,2095.0446900789298,2116.2144418096123,0,0,0,2975,1318.2,781.04999,535,441.04999,1,1,1,1,,,,846264,188325.9
1737690300,2249,2249.05,2132.25,2161.95,2108.4257520631436,2120.37221982692,0,0,0,2975,1318.2,781.04999,535,441.04999,1,1,1,1,,,,158736,194501.6
1737949500,2150.1,2155.95,2064.55,2103.5,2107.440601650515,2118.8383816608366,0,0,0,2975,1318.2,781.04999,535,441.04999,1,1,1,1,,,,170647,198093.45
1738035900,2114,2119.85,2005,2049.4,2095.832481320412,2112.5258015098516,0,0,0,2975,1318.2,781.04999,535,441.04999,1,1,1,1,,,,148824,198719.2
1738122300,2050.05,2147.4,2050.05,2129.85,2102.63598505633,2114.1007286453196,0,0,0,2975,1318.2,781.04999,535,441.04999,1,1,1,1,,,,88369,180460.15
1738208700,2100.05,2136,2090.35,2106.45,2103.398788045064,2113.4052078593813,0,0,0,2975,1318.2,781.04999,535,441.04999,1,1,1,1,,,,60207,180560.9
1738295100,2102.15,2144.25,2082,2118.15,2106.349030436051,2113.8365525994377,0,0,0,2975,1318.2,781.04999,535,441.04999,1,1,1,1,,,,51923,180868.3
1738381500,2148,2188.95,2060,2159.9,2117.059224348841,2118.0241387267615,0,0,0,2975,1318.2,781.04999,535,441.04999,1,1,1,1,,,,68606,181659.45
1738554300,2127,2224.95,2102.5,2113.8,2116.407379479073,2117.6401261152378,0,0,0,2975,1318.2,781.04999,535,441.04999,1,1,1,1,,,,92386,180799.55
1738640700,2114.05,2141.6,2106.7,2128.3,2118.7859035832585,2118.609205559307,0,0,0,2975,1318.2,781.04999,535,441.04999,1,1,1,1,,,,42359,179412.45
1738727100,2135,2170,2124,2140.35,2123.0987228666067,2120.585641417552,0,0,0,2975,1318.2,781.04999,535,441.04999,1,1,1,1,,,,64576,179647.85
1738813500,2152.4,2173.5,2128.1,2145.1,2127.4989782932853,2122.8142194705015,0,0,0,2975,1318.2,781.04999,535,441.04999,1,1,1,1,,,,37370,179158.4
1738899900,2154.9,2161,2102.55,2119.2,2125.8391826346283,2122.485654064092,0,0,0,2975,1318.2,781.04999,535,441.04999,1,1,1,1,,,,21598,177170.3
1739159100,2119.05,2132,2076.9,2093.3,2119.3313461077028,2119.8324127855385,0,0,0,2975,1318.2,781.04999,535,441.04999,1,1,1,1,,,,22454,176206.7
1739245500,2097.05,2103.1,1970.95,1987.75,2093.015076886162,2107.8249207141257,0,0,0,2975,1318.2,781.04999,535,441.04999,1,1,1,1,,,,72697,178167.65
1739331900,2004.2,2004.2,1900,1942.3,2062.8720615089296,2092.777200649205,0,0,0,2975,1318.2,781.04999,535,441.04999,1,1,1,1,,,,107223,182117.85
1739418300,1959.8,1993.85,1924.85,1948,2039.8976492071438,2079.6156369538226,0,0,0,2975,1318.2,781.04999,535,441.04999,1,1,1,1,,,,72042,184442.25
1739504700,1964.95,1969.9,1839.05,1864,2004.718119365715,2060.014215412566,0,0,0,2975,1318.2,781.04999,535,441.04999,1,1,1,1,,,,69569,186404.5
1739763900,1864,1913.85,1836.4,1890.4,1981.854495492572,2044.594741284151,0,0,0,2975,1318.2,781.04999,535,441.04999,1,1,1,1,,,,69330,188665.95
1739850300,1905,1905,1812.6,1855.9,1956.6635963940575,2027.4406738946827,0,0,0,2975,1318.2,781.04999,535,441.04999,1,1,1,1,,,,57807,116149.35
1739936700,1858.55,1942.9,1831.95,1900.1,1945.350877115246,2015.864248995166,0,0,0,2975,1318.2,781.04999,535,441.04999,1,1,1,1,,,,160007,81836.5
1740023100,1900.05,1926,1876.15,1894.8,1935.2407016921968,2004.8584081774236,0,0,0,2975,1318.2,781.04999,535,441.04999,1,1,1,1,,,,33433,75571.35
1740109500,1874.8,1902,1823,1836.95,1915.5825613537575,1989.5940074340215,0,0,0,2975,1318.2,781.04999,535,441.04999,4,1,1,1,,,,105774,72327.7
1740368700,1823,1878.5,1772.2,1813.9,1895.246049083006,1973.6218249400195,0,0,0,2975,1318.2,781.04999,535,441.04999,4,1,1,1,,,,93443,69558.65
1740455100,1816,1833.25,1785.2,1794.4,1875.076839266405,1957.328931763654,0,0,0,2975,1318.2,781.04999,535,441.04999,4,1,1,1,,,,49070,67593.7
1740627900,1778,1786.6,1705.3,1718.7,1843.8014714131239,1935.6353925124129,0,0,0,2975,1318.2,781.04999,535,441.04999,4,1,1,1,,,,76391,68402.9
1740714300,1701,1713.15,1607.05,1658.15,1806.671177130499,1910.4094477385572,0,0,0,2975,1318.2,781.04999,535,441.04999,4,1,1,1,,,,102495,70931.5
1740973500,1675.15,1741,1615.75,1714.85,1788.3069417043992,1892.6313161259611,0,0,0,2975,1318.2,781.04999,535,441.04999,4,1,1,1,,,,107161,72859.25
1741059900,1709.9,1735.95,1662.05,1689.9,1768.6255533635194,1874.2011964781466,0,0,0,2975,1318.2,781.04999,535,441.04999,4,1,1,1,,,,65426,71511.25
1741146300,1689.9,1746,1685.5,1741.55,1763.2104426908156,1862.1419967983152,0,0,0,2975,1318.2,781.04999,535,441.04999,4,1,1,1,,,,42828,71534.7
1741232700,1744.3,1798,1744.3,1766.85,1763.9383541526524,1853.4790879984682,0,0,0,2975,1318.2,781.04999,535,441.04999,4,1,1,1,,,,63484,71480.1
1741319100,1785,1812.9,1764.5,1792.95,1769.7406833221219,1847.976443634971,0,0,0,2975,1318.2,781.04999,535,441.04999,4,1,1,1,,,,47777,72000.45
1741578300,1796,1809.5,1707.05,1713.2,1758.4325466576975,1835.7240396681555,0,0,0,2975,1318.2,781.04999,535,441.04999,4,1,1,1,,,,63080,74074.55
1741664700,1710,1717.95,1676.2,1686.35,1744.0160373261579,1822.144581516505,0,0,0,2975,1318.2,781.04999,535,441.04999,4,1,1,1,,,,38267,74865.2
1741751100,1683.65,1717.1,1677.35,1698.15,1734.8428298609263,1810.8723468331864,0,0,0,2975,1318.2,781.04999,535,441.04999,4,1,1,1,,,,45075,73484.1
1741837500,1700,1707.25,1636.75,1644.4,1716.754263888741,1795.7384971210786,0,0,0,2975,1318.2,781.04999,535,441.04999,4,1,1,1,,,,61172,71181.55
1742183100,1648.05,1684.3,1628,1640.55,1701.5134111109928,1781.6304519282533,0,0,0,2975,1318.2,781.04999,535,441.04999,4,1,1,1,,,,85571,71858
1742269500,1644.05,1698.45,1635.15,1691.95,1699.6007288887943,1773.4776835711393,0,0,0,2975,1318.2,781.04999,535,441.04999,4,1,1,1,,,,57546,71256.85
1742355900,1697.7,1742.4,1695.4,1731.05,1705.8905831110353,1769.6206214283084,0,0,0,2975,1318.2,781.04999,535,441.04999,4,1,1,1,,,,54361,70508.4
1742442300,1746.05,1776.95,1731.5,1738.2,1712.3524664888282,1766.7642012984622,0,0,0,2975,1318.2,781.04999,535,441.04999,4,1,1,1,,,,34861,69361.1
1742528700,1725,1795,1725,1784.6,1726.8019731910626,1768.3856375440566,0,0,0,2975,1318.2,781.04999,535,441.04999,4,1,1,1,,,,104745,66598
1742787900,1790.15,1880,1790.15,1829.85,1747.4115785528502,1773.9733068582334,0,0,0,2975,1318.2,781.04999,535,441.04999,4,1,1,1,,,,118403,70846.5
1742874300,1841.9,1846,1763.25,1772.9,1752.5092628422801,1773.875733507485,0,0,0,2975,1318.2,781.04999,535,441.04999,4,1,1,1,,,,68877,69001.65
1742960700,1774.95,1787.05,1712.1,1724.8,1746.967410273824,1769.4143031886226,0,0,0,2975,1318.2,781.04999,535,441.04999,4,1,1,1,,,,61995,67429.25
1743047100,1724.75,1790,1691.05,1771.25,1751.8239282190593,1769.5811847169296,0,0,0,2975,1318.2,781.04999,535,441.04999,4,1,1,1,,,,101716,70061.55
1743133500,1774.95,1821,1750,1764.2,1754.2991425752475,1769.0919861062996,0,0,0,2975,1318.2,781.04999,535,441.04999,4,1,1,1,,,,70977,69790.85
1743479100,1755.05,1792,1744.55,1767.6,1756.959314060198,1768.956351005727,0,0,0,2975,1318.2,781.04999,535,441.04999,4,1,1,1,,,,40058,66669
1743565500,1774.95,1916,1737.15,1889.2,1783.4074512481584,1779.887591823388,0,0,0,2975,1318.2,781.04999,535,441.04999,4,1,1,1,,,,534730,88047.45
1743651900,1851.5,1902,1851.5,1870.85,1800.8959609985268,1788.1569016576254,0,0,0,2975,1318.2,781.04999,535,441.04999,4,1,1,1,,,,64853,88018.8
1743738300,1872.95,1877.95,1746.1,1766.55,1794.0267687988214,1786.1926378705687,0,0,0,2975,1318.2,781.04999,535,441.04999,4,1,1,1,,,,71431,89448.95
1743997500,1670.5,1734.65,1642,1715.65,1778.3514150390572,1779.779670791426,0,0,0,2975,1318.2,781.04999,535,441.04999,4,1,1,1,,,,63868,89468.15
1744083900,1733,1765.95,1724.95,1740.95,1770.8711320312457,1776.2497007194781,0,0,0,2975,1318.2,781.04999,535,441.04999,4,1,1,1,,,,32030,88680.8
1744170300,1740.5,1822,1720,1788.1,1774.3169056249965,1777.327000654071,0,0,0,2975,1318.2,781.04999,535,441.04999,4,1,1,1,,,,90055,90029.55
1744343100,1788.15,1857.3,1788.15,1826.25,1784.7035244999972,1781.7745460491556,0,0,0,2975,1318.2,781.04999,535,441.04999,4,1,1,1,,,,69438,91588.1
1744688700,1851,1906.2,1838.2,1855.8,1798.9228195999979,1788.5041327719596,0,0,0,2975,1318.2,781.04999,535,441.04999,4,1,1,1,,,,65108,92589.75
1744775100,1871.5,1938.8,1856.6,1909.7,1821.0782556799984,1799.5219388835997,0,0,0,2975,1318.2,781.04999,535,441.04999,4,1,1,1,,,,117609,95411.6
1744861500,1923.9,1923.9,1891.8,1901.2,1837.1026045439987,1808.7653989850905,0,0,0,2975,1318.2,781.04999,535,441.04999,4,1,1,1,,,,44929,93379.5
1745207100,1917.5,1960,1897.6,1920.6,1853.8020836351989,1818.932180895537,0,0,0,2975,1318.2,781.04999,535,441.04999,4,1,1,1,,,,83878,94696.1
1745293500,1937,1980.9,1909.9,1970.3,1877.1016669081591,1832.6928917232153,0,0,0,2975,1318.2,781.04999,535,441.04999,4,1,1,1,,,,94286,96692.35
1745379900,1998,1998,1937.9,1965,1894.6813335265274,1844.7208106574685,0,0,0,2975,1318.2,781.04999,535,441.04999,4,1,1,1,,,,56217,97760.15
1745466300,1979.5,2017,1954.9,1988.4,1913.425066821222,1857.782555143153,0,0,0,2975,1318.2,781.04999,535,441.04999,4,1,1,1,,,,96266,97336.2
1745552700,1989,1995.1,1882,1903.5,1911.4400534569775,1861.9386864937755,0,0,0,2975,1318.2,781.04999,535,441.04999,4,1,1,1,,,,77740,95303.05
1745811900,1901.5,1954.3,1849.8,1921.5,1913.452042765582,1867.3533513579778,0,0,0,2975,1318.2,781.04999,535,441.04999,4,1,1,1,,,,36470,93682.7
1745898300,1935.5,1964.8,1916,1954.4,1921.6416342124658,1875.266683052707,0,0,0,2975,1318.2,781.04999,535,441.04999,4,1,1,1,,,,55600,93362.95
1745984700,1954.1,1954.1,1858,1865.2,1910.3533073699725,1874.3515300479155,0,0,0,2975,1318.2,781.04999,535,441.04999,4,1,1,1,,,,55387,91046.5
1746157500,1879.9,1879.9,1824.2,1853.1,1898.902645895978,1872.4195727708322,0,0,0,2975,1318.2,781.04999,535,441.04999,4,1,1,1,,,,55757,90285.5
1746416700,1860,1900.8,1859.3,1886.6,1896.4421167167823,1873.7087025189385,0,0,0,2975,1318.2,781.04999,535,441.04999,4,1,1,1,,,,27235,89644.35
1746503100,1890,1924.9,1825.8,1835.7,1884.2936933734259,1870.2533659263077,0,0,0,2975,1318.2,781.04999,535,441.04999,4,1,1,1,,,,43222,65068.95
1746589500,1796,1807.9,1750,1770.6,1861.5549546987406,1861.193969023916,0,0,0,2975,1318.2,781.04999,535,441.04999,4,1,1,1,,,,114082,67530.4
1746675900,1774.1,1794.9,1734,1746.8,1838.6039637589924,1850.7945172944692,0,0,0,2975,1318.2,781.04999,535,441.04999,4,1,1,1,,,,45618,66239.75
1746762300,1730,1740,1698.5,1720.4,1814.963171007194,1838.9404702676993,0,0,0,2975,1318.2,781.04999,535,441.04999,4,1,1,1,,,,51059,65599.3
1747021500,1769.9,1803.2,1766.1,1794.8,1810.930536805755,1834.927700243363,0,0,0,2975,1318.2,781.04999,535,441.04999,4,1,1,1,,,,56387,66817.15
1747107900,1771,1812.9,1770.1,1791.3,1807.004429444604,1830.9615456757845,0,0,0,2975,1318.2,781.04999,535,441.04999,4,1,1,1,,,,48783,64753.55
1747194300,1799.9,1864.6,1791.9,1831.6,1811.9235435556832,1831.019586977986,0,0,0,2975,1318.2,781.04999,535,441.04999,4,1,1,1,,,,66861,64624.7
1747280700,1830,1857.1,1813.7,1843.5,1818.2388348445465,1832.1541699799873,0,0,0,2975,1318.2,781.04999,535,441.04999,4,1,1,1,,,,47335,63736.05
1747367100,1867,1935.9,1852.8,1909.2,1836.4310678756372,1839.1583363454429,0,0,0,2975,1318.2,781.04999,535,441.04999,4,1,1,1,,,,92004,62455.8
1747626300,1925,2094,1910.6,1956.8,1860.5048543005098,1849.8530330413116,0,0,0,2975,1318.2,781.04999,535,441.04999,4,1,1,1,,,,457658,83092.25
1747712700,1972.5,2039.9,1925.5,1971.6,1882.723883440408,1860.920939128465,0,0,0,2975,1318.2,781.04999,535,441.04999,4,1,1,1,,,,147466,86271.65
1747799100,1982.9,1987,1938.1,1978,1901.7791067523262,1871.5644901167864,0,0,0,2975,1318.2,781.04999,535,441.04999,4,1,1,1,,,,60862,84600.45
1747885500,1988.9,2019,1958.5,1981.3,1917.683285401861,1881.540445560715,0,0,0,2975,1318.2,781.04999,535,441.04999,4,1,1,1,,,,56158,84597.5
1747971900,1989,1997.2,1954.5,1981.1,1930.3666283214889,1890.5913141461044,0,0,0,2975,1318.2,781.04999,535,441.04999,4,1,1,1,,,,32546,81411.5
1748231100,1999.9,2020,1982,1998.3,1943.953302657191,1900.3830128600948,0,0,0,2975,1318.2,781.04999,535,441.04999,4,1,1,1,,,,48846,79966.8
1748317500,2000,2016,1981.7,1992.6,1953.6826421257529,1908.766375327359,0,0,0,2975,1318.2,781.04999,535,441.04999,4,1,1,1,,,,39846,80135.6
1748403900,2000.9,2047.7,1993.7,2030.5,1969.0461137006023,1919.833068479417,0,0,0,2975,1318.2,781.04999,535,441.04999,4,1,1,1,,,,75862,81148.7
1748490300,2047.7,2047.7,2009.6,2030,1981.2368909604818,1929.8482440721973,0,0,0,2975,1318.2,781.04999,535,441.04999,4,1,1,1,,,,36131,80185.9
1748576700,2039,2041.9,1990.3,2021,1989.1895127683854,1938.1347673383611,0,0,0,2975,1318.2,781.04999,535,441.04999,4,1,1,1,,,,40102,79403.15
1748835900,2011.2,2070,2010.5,2029.8,1997.3116102147083,1946.467970307601,0,0,0,2975,1318.2,781.04999,535,441.04999,4,1,1,1,,,,63995,81241.15
1748922300,2054,2059.3,2007.6,2013.8,2000.6092881717666,1952.589063916001,0,0,0,2975,1318.2,781.04999,535,441.04999,4,1,1,1,,,,30340,80597.05
1749008700,2028,2029.2,2000,2004.4,2001.3674305374134,1957.2991490145462,0,0,0,2975,1318.2,781.04999,535,441.04999,4,1,1,1,,,,28222,76304.05
1749095100,2020,2020,1971,1981.4,1997.3739444299308,1959.4901354677693,0,0,0,2975,1318.2,781.04999,535,441.04999,4,1,1,1,,,,28971,75471.7
1749181500,1998,1998,1972,1980.5,1993.9991555439447,1961.4001231525176,0,0,0,2975,1318.2,781.04999,535,441.04999,4,1,1,1,,,,40525,74945
1749440700,1994,2032.6,1984.2,2006.1,1996.4193244351557,1965.4637483204706,0,0,0,2975,1318.2,781.04999,535,441.04999,4,1,1,1,,,,51344,74692.85
1749527100,2023,2052.6,1973.6,1982.8,1993.6954595481245,1967.0397712004278,0,0,0,2975,1318.2,781.04999,535,441.04999,4,1,1,1,,,,61948,75351.1
1749613500,1982.9,2044.9,1982.9,2008.1,1996.5763676384995,1970.7725192731161,0,0,0,2975,1318.2,781.04999,535,441.04999,4,1,1,1,,,,107196,77367.85
1749699900,2025,2155,1960.1,1982.5,1993.7610941107996,1971.838653884651,0,0,0,2975,1318.2,781.04999,535,441.04999,4,1,1,1,,,,901409,120071.55
1749786300,1945,2007.9,1934.6,1970.6,1989.1288752886396,1971.7260489860464,0,0,0,2975,1318.2,781.04999,535,441.04999,4,1,1,1,,,,101636,120553.15
1750045500,1979.9,1980.7,1916.8,1966.3,1984.5631002309117,1971.2327718054967,0,0,0,2975,1318.2,781.04999,535,441.04999,4,1,1,1,,,,47656,100053.05
1750131900,1972.9,1987.1,1935.3,1956.4,1978.9304801847293,1969.884338004997,0,0,0,2975,1318.2,781.04999,535,441.04999,4,1,1,1,,,,48402,95099.85
1750218300,1958,1994,1925.5,1935.6,1970.2643841477834,1966.7675800045429,0,0,0,2975,1318.2,781.04999,535,441.04999,4,1,1,1,,,,51166,94615.05
1750304700,1939,1947.2,1871.1,1885.1,1953.2315073182267,1959.3432545495843,0,0,0,2975,1318.2,781.04999,535,441.04999,4,1,1,1,,,,40012,93807.75
1750391100,1901,1910,1817.7,1849.6,1932.5052058545814,1949.3665950450766,0,0,0,2975,1318.2,781.04999,535,441.04999,4,1,1,1,,,,233623,103861.6
1750650300,1820,1899.9,1819,1882.5,1922.504164683665,1943.2878136773422,0,0,0,2975,1318.2,781.04999,535,441.04999,4,1,1,1,,,,51432,103990.9
1750736700,1910.7,1920,1855.9,1889.4,1915.883331746932,1938.3889215248566,0,0,0,2975,1318.2,781.04999,535,441.04999,4,1,1,1,,,,81515,106074.35
1750823100,1890,1939.5,1888.2,1926,1917.9066653975456,1937.262655931688,0,0,0,2975,1318.2,781.04999,535,441.04999,4,1,1,1,,,,59908,105276.65
1750909500,1939,1941.5,1915,1929,1920.1253323180365,1936.5115053924435,0,0,0,2975,1318.2,781.04999,535,441.04999,4,1,1,1,,,,34481,105194.15
1750995900,1939,1993,1926.7,1975.8,1931.2602658544292,1940.083186720403,0,0,0,2975,1318.2,781.04999,535,441.04999,4,1,1,1,,,,90234,107700.75
1751255100,1981,2043.3,1975.8,2007.5,1946.5082126835434,1946.2119879276393,0,0,0,2975,1318.2,781.04999,535,441.04999,4,1,1,1,,,,93752,109188.6
1751341500,2018.9,2043,1977.6,1998.8,1956.9665701468348,1950.9927162978538,0,0,0,2975,1318.2,781.04999,535,441.04999,4,1,1,1,,,,76360,111489.6
1751427900,1998.8,2019.5,1974.8,1992.8,1964.133256117468,1954.7933784525944,0,0,0,2975,1318.2,781.04999,535,441.04999,4,1,1,1,,,,55546,112855.8
1751514300,1980,2008.1,1975,1979.1,1967.1266048939742,1957.0030713205404,0,0,0,2975,1318.2,781.04999,535,441.04999,4,1,1,1,,,,27862,112800.35
1751600700,1994,2009,1972.5,1984,1970.5012839151793,1959.4573375641276,0,0,0,2975,1318.2,781.04999,535,441.04999,4,1,1,1,,,,24127,111980.45
1751859900,1990,2013.6,1972.5,1989.8,1974.3610271321434,1962.215761421934,0,0,0,2975,1318.2,781.04999,535,441.04999,4,1,1,1,,,,32059,111016.2
1751946300,2000,2000.1,1942.3,1958.9,1971.2688217057148,1961.9143285653947,0,0,0,2975,1318.2,781.04999,535,441.04999,4,1,1,1,,,,29193,109378.45
1752032700,1959.9,1979,1940.1,1946.9,1966.3950573645718,1960.5493896049043,0,0,0,2975,1318.2,781.04999,535,441.04999,4,1,1,1,,,,41245,106080.9
1752119100,1965,1985.9,1943,1974.3,1967.9760458916573,1961.7994450953674,0,0,0,2975,1318.2,781.04999,535,441.04999,4,1,1,1,,,,48885,63454.7
1752205500,1983,1983,1940,1950.6,1964.500836713326,1960.7813137230612,0,0,0,2975,1318.2,781.04999,535,441.04999,4,1,1,1,,,,33251,60035.45
1752464700,1951,1955.2,1930.5,1940.1,1959.6206693706608,1958.901194293692,0,0,0,2975,1318.2,781.04999,535,441.04999,4,1,1,1,,,,16094,58457.35
1752551100,1940,2018,1940,1994.5,1966.5965354965288,1962.137449357902,0,0,0,2975,1318.2,781.04999,535,441.04999,4,1,1,1,,,,70445,59559.5
1752637500,1985,2048,1984.5,1995.5,1972.377228397223,1965.1704085071835,0,0,0,2975,1318.2,781.04999,535,441.04999,4,1,1,1,,,,85891,61295.75
1752723900,2005,2074,2000,2033.2,1984.5417827177785,1971.3549168247123,0,0,0,2975,1318.2,781.04999,535,441.04999,4,1,1,1,,,,120014,65295.85
1752810300,2039,2041.8,2000.2,2004.6,1988.5534261742227,1974.377197113375,0,0,0,2975,1318.2,781.04999,535,441.04999,4,1,1,1,,,,24993,54864.35
1753069500,2003.2,2004.6,1952.6,1957.1,1982.262740939378,1972.8065428303407,0,0,0,2975,1318.2,781.04999,535,441.04999,4,1,1,1,,,,41782,54381.85
1753155900,1969.9,1978,1936.1,1945.6,1974.9301927515025,1970.3332207548551,0,0,0,2975,1318.2,781.04999,535,441.04999,4,1,1,1,,,,51830,52897.6
1753242300,1959,2035,1939.5,1981.1,1976.164154201202,1971.31201886805,0,0,0,2975,1318.2,781.04999,535,441.04999,4,1,1,1,,,,326560,66230.2
1753328700,1996.9,2025,1953.1,1970.2,1974.9713233609616,1971.2109262436818,0,0,0,2975,1318.2,781.04999,535,441.04999,4,1,1,1,,,,87638,68888.05
1753415100,1970.2,1970.2,1936.1,1955.5,1971.0770586887693,1969.7826602215289,0,0,0,2975,1318.2,781.04999,535,441.04999,4,1,1,1,,,,44894,66621.05
1753674300,1964,1964,1903.4,1921.5,1961.1616469510154,1965.393327474117,0,0,0,2975,1318.2,781.04999,535,441.04999,4,1,1,1,,,,38416,63854.25
1753760700,1925,1983.8,1925,1939.4,1956.8093175608124,1963.030297703743,0,0,0,2975,1318.2,781.04999,535,441.04999,4,1,1,1,,,,75135,63793
1753847100,1942,1968.5,1929.9,1935.9,1952.62745404865,1960.5639070034026,0,0,0,2975,1318.2,781.04999,535,441.04999,4,1,1,1,,,,25343,62282.85
1753933500,1922.9,1922.9,1883.3,1896.8,1941.46196323892,1954.7671881849114,0,0,0,2975,1318.2,781.04999,535,441.04999,4,1,1,1,,,,28428,62311.15
1754019900,1890,1945.1,1890,1901.6,1933.4895705911358,1949.9338074408286,0,0,0,2975,1318.2,781.04999,535,441.04999,4,1,1,1,,,,37820,62995.8
1754279100,1921,1934.8,1880.1,1894.7,1925.7316564729088,1944.9125522189352,0,0,0,2975,1318.2,781.04999,535,441.04999,4,1,1,1,,,,23741,62579.9
1754365500,1885,1897.9,1856,1861.6,1912.905325178327,1937.3386838353956,0,0,0,2975,1318.2,781.04999,535,441.04999,4,1,1,1,,,,31788,62709.65
1754451900,1861.6,1879,1833.8,1842.6,1898.8442601426616,1928.726076213996,0,0,0,2975,1318.2,781.04999,535,441.04999,4,1,1,1,,,,26562,61975.5
1754538300,1825,1880,1824.8,1874,1893.8754081141292,1923.75097837636,0,0,0,2975,1318.2,781.04999,535,441.04999,4,1,1,1,,,,29688,61015.65
1754624700,1872,1883.5,1825,1849.4,1884.9803264913035,1916.9917985239638,0,0,0,2975,1318.2,781.04999,535,441.04999,4,1,1,1,,,,21901,60448.15
1754883900,1850,1850,1828.1,1835.5,1875.0842611930427,1909.5834532036035,0,0,0,2975,1318.2,781.04999,535,441.04999,4,1,1,1,,,,18079,60547.4
1754970300,1840,1899,1825,1866.9,1873.4474089544342,1905.7031392760032,0,0,0,2975,1318.2,781.04999,535,441.04999,4,1,1,1,,,,92885,61669.4
1755056700,1853,1886.3,1850,1855.3,1869.8179271635474,1901.1210357054574,0,0,0,2975,1318.2,781.04999,535,441.04999,4,1,1,1,,,,26767,58713.2
1755143100,1852,1864.1,1822.5,1832.3,1862.314341730838,1894.8645779140522,0,0,0,2975,1318.2,781.04999,535,441.04999,4,1,1,1,,,,15552,53490.1
1755488700,1864,1869.6,1827,1856,1861.0514733846703,1891.3314344673202,0,0,0,2975,1318.2,781.04999,535,441.04999,4,1,1,1,,,,26670,53573.95
1755575100,1841.3,1868.9,1841.3,1862.2,1861.2811787077362,1888.6831222430183,0,0,0,2975,1318.2,781.04999,535,441.04999,4,1,1,1,,,,18576,52413.65
1755661500,1876.9,1876.9,1850.1,1866.2,1862.264942966189,1886.6392020391074,0,0,0,2975,1318.2,781.04999,535,441.04999,4,1,1,1,,,,29892,51316.75
1755747900,1860,1879.4,1838,1842.4,1858.2919543729513,1882.6174563991885,0,0,0,2975,1318.2,781.04999,535,441.04999,4,1,1,1,,,,22244,36100.95
1755834300,1842.6,1851.3,1822.1,1825.8,1851.793563498361,1877.4522330901714,0,0,0,2975,1318.2,781.04999,535,441.04999,4,1,1,1,,,,20360,32737.05
1756093500,1830,1835.3,1800,1802.4,1841.9148507986888,1870.6293028092466,0,0,0,2975,1318.2,781.04999,535,441.04999,4,1,1,1,,,,29378,31961.25
1756179900,1802,1807,1761,1768.2,1827.171880638951,1861.317548008406,0,0,0,2975,1318.2,781.04999,535,441.04999,4,1,1,1,,,,58491,32965
1756352700,1768,1856,1747.2,1799.7,1821.6775045111608,1855.7159527349145,0,0,0,2975,1318.2,781.04999,535,441.04999,4,1,1,1,,,,208206,39618.55
1756439100,1795.1,1825.8,1740,1753.7,1808.0820036089287,1846.4417752135587,0,0,0,2975,1318.2,781.04999,535,441.04999,4,1,1,1,,,,53130,41007.9
1756698300,1767.7,1795,1751.1,1788.2,1804.105602887143,1841.1470683759624,0,0,0,2975,1318.2,781.04999,535,441.04999,4,1,1,1,,,,55789,42375.95
1756784700,1790.1,1837.2,1781.9,1824,1808.0844823097145,1839.5882439781476,0,0,0,2975,1318.2,781.04999,535,441.04999,4,1,1,1,,,,41250,42547.45
1756871100,1826.9,1839,1815.2,1835.6,1813.5875858477716,1839.2256763437706,0,0,0,2975,1318.2,781.04999,535,441.04999,4,1,1,1,,,,13318,42026.3
1756957500,1892,1918,1860.1,1877.1,1826.2900686782173,1842.6687966761551,0,0,0,2975,1318.2,781.04999,535,441.04999,4,1,1,1,,,,131798,47026.8
1757043900,1885,1885.1,1840,1853.9,1831.812054942574,1843.689815160141,0,0,0,2975,1318.2,781.04999,535,441.04999,4,1,1,1,,,,22556,46826.5
1757303100,1850,1870,1836.1,1864.3,1838.309643954059,1845.5634683274009,0,0,0,2975,1318.2,781.04999,535,441.04999,4,1,1,1,,,,25896,46636.9
1757389500,1871,1885,1845,1861.6,1842.9677151632472,1847.0213348430916,0,0,0,2975,1318.2,781.04999,535,441.04999,4,1,1,1,,,,30598,47071.75
1757475900,1851,1904,1851,1884.4,1851.254172130598,1850.4193953119016,0,0,0,2975,1318.2,781.04999,535,441.04999,4,1,1,1,,,,26238,47479.7
1757562300,1885,1914,1867.1,1891.6,1859.3233377044783,1854.1630866471833,0,0,0,2975,1318.2,781.04999,535,441.04999,4,1,1,1,,,,66915,46181.2
1757648700,1880,1920,1873.1,1879.8,1863.4186701635826,1856.4937151338029,0,0,0,2975,1318.2,781.04999,535,441.04999,4,1,1,1,,,,43590,47022.35
1757907900,1871,1975.2,1871,1961.3,1882.994936130866,1866.021559212548,0,0,0,2975,1318.2,781.04999,535,441.04999,4,1,1,1,,,,121122,52300.85
1757994300,1960.1,1989.9,1925.5,1939.1,1894.2159489046928,1872.6650538295892,0,0,0,2975,1318.2,781.04999,535,441.04999,4,1,1,1,,,,59780,53956.35
1758080700,1950,1984,1931.1,1957.9,1906.9527591237543,1880.4136852996264,0,0,0,2975,1318.2,781.04999,535,441.04999,4,1,1,1,,,,66848,56369.95
1758167100,1964.9,1980,1946.1,1954.7,1916.5022072990034,1887.166986636024,0,0,0,2975,1318.2,781.04999,535,441.04999,4,1,1,1,,,,29961,56373.4
1758253500,1968.9,1968.9,1928,1936.4,1920.4817658392028,1891.642715123658,0,0,0,2975,1318.2,781.04999,535,441.04999,4,1,1,1,,,,40332,57277.8
1758512700,1943,1948,1904.1,1911.7,1918.7254126713622,1893.466104657871,0,0,0,2975,1318.2,781.04999,535,441.04999,4,1,1,1,,,,39509,58235.25
1758599100,1921.3,1921.9,1875.1,1878.7,1910.7203301370898,1892.1237315071555,0,0,0,2975,1318.2,781.04999,535,441.04999,4,1,1,1,,,,39618,58747.25
1758685500,1878.8,1901.8,1869.8,1880.9,1904.756264109672,1891.1033922792324,0,0,0,2975,1318.2,781.04999,535,441.04999,4,1,1,1,,,,30193,57332.35
1758771900,1880.9,1884.6,1851.5,1856.8,1895.1650112877376,1887.9849020720294,0,0,0,2975,1318.2,781.04999,535,441.04999,4,1,1,1,,,,16770,47760.55
1758858300,1856.8,1856.8,1775,1784,1872.93200903019,1878.5317291563904,0,0,0,2975,1318.2,781.04999,535,441.04999,4,1,1,1,,,,48019,47505
1759117500,1787.1,1799.8,1755,1762,1850.745607224152,1867.9379355967185,0,0,0,2975,1318.2,781.04999,535,441.04999,4,1,1,1,,,,30687,46249.9
1759203900,1777,1783.4,1742,1768,1834.1964857793216,1858.8526687242895,0,0,0,2975,1318.2,781.04999,535,441.04999,4,1,1,1,,,,41386,46256.7
1759290300,1752,1816.4,1752,1802.8,1827.9171886234574,1853.7569715675359,0,0,0,2975,1318.2,781.04999,535,441.04999,4,1,1,1,,,,35021,47341.85
1759463100,1822,1843,1792,1838.6,1830.0537508987659,1852.3790650613962,0,0,0,2975,1318.2,781.04999,535,441.04999,4,1,1,1,,,,42031,42853.5
1759722300,1842,1985,1838.6,1915.1,1847.0630007190127,1858.080968237633,0,0,0,2975,1318.2,781.04999,535,441.04999,4,1,1,1,,,,799997,81725.55
1759808700,1915,1918.7,1871.1,1879.8,1853.6104005752102,1860.0554256705755,0,0,0,2975,1318.2,781.04999,535,441.04999,4,1,1,1,,,,37695,82315.5
1759895100,1874,1890,1840.2,1846.9,1852.268320460168,1858.8594778823413,0,0,0,2975,1318.2,781.04999,535,441.04999,4,1,1,1,,,,45740,83072.6
1759981500,1862.5,1869.8,1830.1,1848,1851.4146563681345,1857.8722526203103,0,0,0,2975,1318.2,781.04999,535,441.04999,4,1,1,1,,,,20576,82789.5
1760067900,1844,1894.8,1838.2,1879,1856.9317250945076,1859.7929569275548,0,0,0,2975,1318.2,781.04999,535,441.04999,4,1,1,1,,,,32019,81044.7
1760327100,1889,1896.7,1847.2,1889.8,1863.5053800756061,1862.5208699341406,0,0,0,2975,1318.2,781.04999,535,441.04999,4,1,1,1,,,,36705,80700.45
1760413500,1889.8,1930,1876.2,1911.2,1873.0443040604848,1866.9462453946733,0,0,0,2975,1318.2,781.04999,535,441.04999,4,1,1,1,,,,66457,77967.2
1760499900,1911.2,1929,1859.2,1908,1880.0354432483878,1870.6784049042485,0,0,0,2975,1318.2,781.04999,535,441.04999,4,1,1,1,,,,63897,78173.05
1760586300,1930,1930,1880.9,1887.7,1881.5683545987101,1872.225822640226,0,0,0,2975,1318.2,781.04999,535,441.04999,4,1,1,1,,,,26984,76179.85
1760672700,1896,2088,1896,1999.7,1905.1946836789682,1883.8143842183872,0,0,0,2975,1318.2,781.04999,535,441.04999,4,1,1,1,,,,3265482,237955.9
1760931900,1990,2056.6,1985.3,2048.3,1933.8157469431746,1898.7676220167157,0,0,0,2975,1318.2,781.04999,535,441.04999,4,1,1,1,,,,290618,250470.2
1761034500,2050,2082.5,2042,2056.7,1958.3925975545396,1913.125110924287,0,0,0,2975,1318.2,781.04999,535,441.04999,4,1,1,1,,,,45786,250784.05
1761191100,2048,2135,2035,2103.1,1987.3340780436317,1930.3955553857154,0,0,0,2975,1318.2,781.04999,535,441.04999,4,1,1,1,,,,308321,264219.2
1761277500,2104,2104.4,2058,2078.9,2005.6472624349053,1943.8959594415594,0,0,0,2975,1318.2,781.04999,535,441.04999,4,1,1,1,,,,84874,266953.25
1761536700,2074,2075.4,2027.2,2035.1,2011.5378099479242,1952.187235855963,0,0,0,2975,1318.2,781.04999,535,441.04999,4,1,1,1,,,,59381,269083.8
1761623100,2032,2044.9,2000,2007,2010.6302479583394,1957.170214414512,0,0,0,2975,1318.2,781.04999,535,441.04999,4,1,1,1,,,,41207,268743.2
1761709500,2011,2027.9,1994.3,2014.6,2011.4241983666716,1962.3911040131927,0,0,0,2975,1318.2,781.04999,535,441.04999,4,1,1,1,,,,49573,269687.5
1761795900,2030,2042.9,1980.1,1993.3,2007.7993586933374,1965.201003648357,0,0,0,2975,1318.2,781.04999,535,441.04999,4,1,1,1,,,,50629,270149.65
1761882300,2010,2010,1969.5,1980.8,2002.3994869546698,1966.6190942257792,0,0,0,2975,1318.2,781.04999,535,441.04999,4,1,1,1,,,,31644,269980.8
1762141500,1980.9,2014.8,1964.8,1979.8,1997.8795895637359,1967.817358387072,0,0,0,2975,1318.2,781.04999,535,441.04999,4,1,1,1,,,,40241,269891.3
1762227900,1988,1990.9,1941.5,1952.8,1988.8636716509886,1966.4521439882474,0,0,0,2975,1318.2,781.04999,535,441.04999,4,1,1,1,,,,32290,231505.95
1762400700,1998,2007.9,1892.8,1901,1971.2909373207908,1960.501949080225,0,0,0,2975,1318.2,781.04999,535,441.04999,4,1,1,1,,,,70508,233146.6
1762487100,1897,1913.9,1870.1,1901.5,1957.3327498566327,1955.1381355274773,0,0,0,2975,1318.2,781.04999,535,441.04999,4,1,1,1,,,,48708,233295
1762746300,1910.1,1939,1906.3,1935.9,1953.0461998853061,1953.3892141158885,0,0,0,2975,1318.2,781.04999,535,441.04999,4,1,1,1,,,,26335,233582.95
1762832700,1935,1935.4,1853.4,1907.6,1943.956959908245,1949.2265582871714,0,0,0,2975,1318.2,781.04999,535,441.04999,4,1,1,1,,,,77039,235833.95
1762919100,1907,1919.7,1879,1890.2,1933.205567926596,1943.8605075337923,0,0,0,2975,1318.2,781.04999,535,441.04999,4,1,1,1,,,,43275,236162.45
1763005500,1895.8,1902.5,1867.2,1873.3,1921.2244543412767,1937.4459159398111,0,0,0,2975,1318.2,781.04999,535,441.04999,4,1,1,1,,,,40582,234868.7
1763091900,1878,1908.1,1820,1830.7,1903.1195634730213,1927.7417417634647,0,0,0,2975,1318.2,781.04999,535,441.04999,4,1,1,1,,,,187795,241063.6
1763351100,1832.1,1860,1830,1842.8,1891.055650778417,1920.0197652395134,0,0,0,2975,1318.2,781.04999,535,441.04999,4,1,1,1,,,,53291,242378.95
1763437500,1845.8,2048,1843,2022.7,1917.3845206227336,1929.3543320359213,0,0,0,2975,1318.2,781.04999,535,441.04999,4,1,1,1,,,,5898302,374019.95
1763523900,1990,2018.1,1961.1,1974.1,1928.7276164981868,1933.4221200326558,0,0,0,2975,1318.2,781.04999,535,441.04999,4,1,1,1,,,,673896,393183.85
1763610300,1970,1977.7,1915,1919.4,1926.8620931985495,1932.147381847869,0,0,0,2975,1318.2,781.04999,535,441.04999,4,1,1,1,,,,131927,397490.9
1763696700,1903.2,1938.4,1856.1,1862.3,1913.9496745588397,1925.797619861699,0,0,0,2975,1318.2,781.04999,535,441.04999,4,1,1,1,,,,135920,388870.85
1763955900,1860,1870.6,1840,1861.2,1903.3997396470718,1919.925108965181,0,0,0,2975,1318.2,781.04999,535,441.04999,4,1,1,1,,,,70637,388159
1764042300,1861.3,1870,1825,1828.7,1888.4597917176575,1911.6319172410736,0,0,0,2975,1318.2,781.04999,535,441.04999,4,1,1,1,,,,94782,389929.05
1764128700,1844,1859.1,1821.4,1842,1879.167833374126,1905.3017429464305,0,0,0,2975,1318.2,781.04999,535,441.04999,4,1,1,1,,,,65576,391147.5
1764215100,1842,1857.2,1834.9,1838.5,1871.0342666993008,1899.2288572240277,0,0,0,2975,1318.2,781.04999,535,441.04999,4,1,1,1,,,,28077,390072.7
1764301500,1841.1,1844,1828,1834.9,1863.8074133594407,1893.3807792945706,0,0,0,2975,1318.2,781.04999,535,441.04999,4,1,1,1,,,,31613,389121.9
1764560700,1850.5,1859,1831.6,1837,1858.4459306875526,1888.255253904155,0,0,0,2975,1318.2,781.04999,535,441.04999,4,1,1,1,,,,27362,388907.8
1764647100,1835,1839.5,1807,1811.7,1849.096744550042,1881.2956853674136,0,0,0,2975,1318.2,781.04999,535,441.04999,4,1,1,1,,,,27935,388292.5
1764733500,1811.7,1940,1801.2,1882.5,1855.7773956400338,1881.4051685158306,0,0,0,2975,1318.2,781.04999,535,441.04999,4,1,1,1,,,,1585660,465961
1764819900,1870.6,1882.7,1849.9,1857,1856.021916512027,1879.1865168325733,0,0,0,2975,1318.2,781.04999,535,441.04999,4,1,1,1,,,,58799,465375.55
1764906300,1851,1859.3,1825,1850.5,1854.9175332096215,1876.5786516659757,0,0,0,2975,1318.2,781.04999,535,441.04999,4,1,1,1,,,,36633,464771.8
1765165500,1849.9,1853.6,1805.5,1812.8,1846.4940265676971,1870.7805924236143,0,0,0,2975,1318.2,781.04999,535,441.04999,4,1,1,1,,,,34271,465168.6
1765251900,1801,1900,1798.1,1893.4,1855.8752212541576,1872.8369022032857,0,0,0,2975,1318.2,781.04999,535,441.04999,4,1,1,1,,,,130456,467839.45
1765338300,1862,1907.1,1845.1,1856.5,1856.0001770033261,1871.3517292757142,0,0,0,2975,1318.2,781.04999,535,441.04999,4,1,1,1,,,,88628,470107.1
1765424700,1865,1896.1,1855.2,1883.6,1861.520141602661,1872.4652084324675,0,0,0,2975,1318.2,781.04999,535,441.04999,4,1,1,1,,,,38897,470022.85
1765511100,1879,1887.7,1862.1,1869.5,1863.1161132821287,1872.195644029516,0,0,0,2975,1318.2,781.04999,535,441.04999,4,1,1,1,,,,21786,461722.4
1765770300,1877,1878.9,1845.9,1868.5,1864.192890625703,1871.859676390469,0,0,0,2975,1318.2,781.04999,535,441.04999,4,1,1,1,,,,21105,460113.1
1765856700,1877,1938,1854,1865.1,1864.3743125005624,1871.2451603549719,0,0,0,2975,1318.2,781.04999,535,441.04999,4,1,1,1,,,,122220,171309
1765943100,1865.1,1899.7,1865.1,1890,1869.49945000045,1872.9501457772471,0,0,0,2975,1318.2,781.04999,535,441.04999,4,1,1,1,,,,56379,140433.15
1766029500,1900,1907.3,1868,1895.8,1874.75956000036,1875.0274052520429,0,0,0,2975,1318.2,781.04999,535,441.04999,4,1,1,1,,,,38324,135753
1766115900,1905,1911.7,1892.4,1902.9,1880.387648000288,1877.5612775018571,0,0,0,2975,1318.2,781.04999,535,441.04999,4,1,1,1,,,,24172,130165.6
1766375100,1918,1932,1896,1902.9,1884.8901184002304,1879.864797728961,0,0,0,2975,1318.2,781.04999,535,441.04999,4,1,1,1,,,,67059,129986.7
1766461500,1912.4,1923.3,1885.1,1894.2,1886.7520947201845,1881.1679979354192,0,0,0,2975,1318.2,781.04999,535,441.04999,4,1,1,1,,,,32459,126870.55
1766547900,1910,1925,1856,1862.7,1881.9416757761476,1879.4890890321992,0,0,0,2975,1318.2,781.04999,535,441.04999,4,1,1,1,,,,39083,125545.9
1766720700,1884,1884,1824.1,1836.9,1872.933340620918,1875.6173536656356,0,0,0,2975,1318.2,781.04999,535,441.04999,4,1,1,1,,,,53996,126841.85
1766979900,1836.9,1850.6,1823,1828.6,1864.0666724967343,1871.3430487869414,0,0,0,2975,1318.2,781.04999,535,441.04999,4,1,1,1,,,,19811,126251.75
1767066300,1842,1926.2,1824.1,1877,1866.6533379973876,1871.8573170790376,0,0,0,2975,1318.2,781.04999,535,441.04999,4,1,1,1,,,,361497,142958.5
1767152700,1875,1908.5,1868.1,1889.1,1871.14267039791,1873.424833708216,0,0,0,2975,1318.2,781.04999,535,441.04999,4,1,1,1,,,,35287,143326.1
1767239100,1890,1895,1858,1867.6,1870.434136318328,1872.8953033711055,0,0,0,2975,1318.2,781.04999,535,441.04999,4,1,1,1,,,,23537,65219.95
1767325500,1867.8,1889.6,1863.4,1880.9,1872.5273090546625,1873.6230030646414,0,0,0,2975,1318.2,781.04999,535,441.04999,4,1,1,1,,,,28789,63719.45
1767584700,1880.8,1897,1860.6,1868.7,1871.76184724373,1873.1754573314922,0,0,0,2975,1318.2,781.04999,535,441.04999,4,1,1,1,,,,29464,63361
1767671100,1885,1891.5,1853.2,1876.7,1872.749477794984,1873.4958703013565,0,0,0,2975,1318.2,781.04999,535,441.04999,4,1,1,1,,,,26960,62995.45
1767757500,1884,1927,1868.4,1904.1,1879.0195822359872,1876.2780639103241,0,0,0,2975,1318.2,781.04999,535,441.04999,4,1,1,1,,,,82435,60594.4
1767843900,1885.1,1909.9,1815.7,1835.8,1870.3756657887898,1872.5982399184766,0,0,0,2975,1318.2,781.04999,535,441.04999,4,1,1,1,,,,56114,58968.7
1767930300,1835.8,1858,1808,1815.7,1859.4405326310318,1867.4256726531605,0,0,0,2975,1318.2,781.04999,535,441.04999,4,1,1,1,,,,44985,59273.1
1768189500,1811.1,1817.9,1776,1802.4,1848.0324261048254,1861.5142478665095,0,0,0,2975,1318.2,781.04999,535,441.04999,4,1,1,1,,,,40574,60212.5
1768275900,1820,1845,1810,1816.7,1841.7659408838604,1857.4402253331905,0,0,0,2975,1318.2,781.04999,535,441.04999,4,1,1,1,,,,20774,60195.95
1768362300,1805.9,1854,1805.9,1846.3,1842.6727527070882,1856.4274775756278,0,0,0,2975,1318.2,781.04999,535,441.04999,4,1,1,1,,,,28690,55519.45
1768535100,1825,1846.3,1811.5,1816.6,1837.4582021656706,1852.8067977960252,0,0,0,2975,1318.2,781.04999,535,441.04999,4,1,1,1,,,,27634,54082.2
1768794300,1816.6,1834.7,1785.7,1791.8,1828.3265617325364,1847.260725269114,0,0,0,2975,1318.2,781.04999,535,441.04999,4,1,1,1,,,,20810,53206.5
1768880700,1780.1,1794.7,1684,1710.1,1804.681249386029,1834.7915684264672,0,0,0,2975,1318.2,781.04999,535,441.04999,4,1,1,1,,,,67884,55392.1
1768967100,1710.2,1768,1706,1732.9,1790.3249995088233,1825.5286985695157,0,0,0,2975,1318.2,781.04999,535,441.04999,4,1,1,1,,,,80065,56042.4
1769053500,1736.1,1790,1736.1,1780.6,1788.3799996070586,1821.4442714268323,0,0,0,2975,1318.2,781.04999,535,441.04999,4,1,1,1,,,,36035,56221.2
1769139900,1780,1807.9,1728.7,1733.2,1777.3439996856468,1813.4220649334839,0,0,0,2975,1318.2,781.04999,535,441.04999,4,1,1,1,,,,27322,55633.15
1769485500,1728,1750.9,1682,1702.8,1762.4351997485176,1803.3655135758945,0,0,0,2975,1318.2,781.04999,535,441.04999,4,1,1,1,,,,32748,54570.75
1769571900,1720.1,1734.9,1702,1724.2,1754.7881597988141,1796.1686487053587,0,0,0,2975,1318.2,781.04999,535,441.04999,4,1,1,1,,,,30328,55096.6
1769658300,1728.1,1730.1,1705,1713.8,1746.5905278390512,1788.6805897321442,0,0,0,2975,1318.2,781.04999,535,441.04999,4,1,1,1,,,,16414,37842.45
1769744700,1714.9,1730.2,1689.8,1719.3,1741.132422271241,1782.3732633928585,0,0,0,2975,1318.2,781.04999,535,441.04999,4,1,1,1,,,,40002,38078.2
1769917500,1719.3,1736,1655.8,1677.1,1728.3259378169928,1772.8029667207804,0,0,0,2975,1318.2,781.04999,535,441.04999,4,1,1,1,,,,31917,38497.2
1770003900,1684.6,1729.8,1656.1,1717.3,1726.1207502535942,1767.7572424734367,0,0,0,2975,1318.2,781.04999,535,441.04999,4,1,1,1,,,,31258,38620.65
1770090300,1753.9,1784.8,1734.4,1758.8,1732.6566002028753,1766.9429477031242,0,0,0,2975,1318.2,781.04999,535,441.04999,4,1,1,1,,,,27881,38541.5
1770176700,1751.8,1765.8,1739.8,1754.6,1737.0452801623003,1765.8208615482947,0,0,0,2975,1318.2,781.04999,535,441.04999,4,1,1,1,,,,34658,38926.4
1770263100,1756.9,1796.3,1736.8,1773.2,1744.2762241298403,1766.4916923166315,0,0,0,2975,1318.2,781.04999,535,441.04999,4,1,1,1,,,,43354,36972.35
1770349500,1773.2,1785.9,1760,1778,1751.0209793038723,1767.5379021060287,0,0,0,2975,1318.2,781.04999,535,441.04999,4,1,1,1,,,,10818,34707.55
1770608700,1778.6,1795.4,1773.5,1791.9,1759.196783443098,1769.752638278208,0,0,0,2975,1318.2,781.04999,535,441.04999,4,1,1,1,,,,17868,33351.7
1770695100,1799,1820,1788,1806.4,1768.6374267544784,1773.0842166165528,0,0,0,2975,1318.2,781.04999,535,441.04999,4,1,1,1,,,,28610,32753.5
1770781500,1839.8,1903,1820,1854.2,1785.7499414035826,1780.4583787423207,0,0,0,2975,1318.2,781.04999,535,441.04999,4,1,1,1,,,,222052,42817.4
1770867900,1865.5,1865.5,1803.2,1813,1791.1999531228662,1783.4167079475644,0,0,0,2975,1318.2,781.04999,535,441.04999,4,1,1,1,,,,30146,42890.2
1770954300,1805,1812.2,1772.5,1791.9,1791.339962498293,1784.1879163159676,0,0,0,2975,1318.2,781.04999,535,441.04999,4,1,1,1,,,,24420,42729.5
1771213500,1792.9,1809.9,1784.6,1801.9,1793.4519699986345,1785.7981057417887,0,0,0,2975,1318.2,781.04999,535,441.04999,4,1,1,1,,,,19423,42660.15
1771299900,1796,1827,1796,1807.9,1796.3415759989075,1787.8073688561715,0,0,0,2975,1318.2,781.04999,535,441.04999,4,1,1,1,,,,23535,40442.7
1771386300,1808,1833.7,1808,1821.1,1801.293260799126,1790.8339716874286,0,0,0,2975,1318.2,781.04999,535,441.04999,4,1,1,1,,,,24905,37684.7
1771472700,1821.1,1830.5,1771.1,1785,1798.0346086393008,1790.3036106249351,0,0,0,2975,1318.2,781.04999,535,441.04999,4,1,1,1,,,,30127,37389.3
1771559100,1770,1785.8,1755,1776.8,1793.7876869114407,1789.076009659032,0,0,0,2975,1318.2,781.04999,535,441.04999,4,1,1,1,,,,18775,36961.95
1771818300,1780.2,1807,1769.2,1778.5,1790.7301495291526,1788.1145542354836,0,0,0,2975,1318.2,781.04999,535,441.04999,4,1,1,1,,,,16252,36137.15
1771904700,1778,1779.5,1747.9,1766.4,1785.864119623322,1786.1405038504397,0,0,0,2975,1318.2,781.04999,535,441.04999,4,1,1,1,,,,27176,35979.55
1771991100,1766.4,1787.9,1743.4,1764,1781.4912956986577,1784.127730773127,0,0,0,2975,1318.2,781.04999,535,441.04999,4,1,1,1,,,,17185,36018.1
1772077500,1756.3,1763.9,1712.6,1725,1770.1930365589262,1778.7524825210246,0,0,0,2975,1318.2,781.04999,535,441.04999,4,1,1,1,,,,33486,35692.3
1772163900,1725,1725.1,1690,1694.2,1754.994429247141,1771.0658932009314,0,0,0,2975,1318.2,781.04999,535,441.04999,4,1,1,1,,,,39953,36094.1
1772423100,1620,1680,1620,1644.2,1732.8355433977129,1759.532630182665,0,0,0,2975,1318.2,781.04999,535,441.04999,4,1,1,1,,,,41838,36623.1
1772595900,1620,1623.7,1565,1569.6,1700.1884347181704,1742.2660274387863,0,0,0,2975,1318.2,781.04999,535,441.04999,4,1,1,1,,,,75133,38985.7
1772682300,1594,1640,1578,1627.3,1685.6107477745363,1731.8145703988966,0,0,0,2975,1318.2,781.04999,535,441.04999,4,1,1,1,,,,96096,42057.6
1772768700,1619,1633.8,1601.2,1620.4,1672.5685982196292,1721.6859730899062,0,0,0,2975,1318.2,781.04999,535,441.04999,4,1,1,1,,,,23446,41062.2
1773027900,1605,1605,1511.2,1538.2,1645.6948785757033,1705.0054300817328,0,0,0,2975,1318.2,781.04999,535,441.04999,4,1,1,1,,,,69841,44013.35
1773114300,1552.9,1568.4,1529.3,1562.8,1629.1159028605628,1692.0776637106662,0,0,0,2975,1318.2,781.04999,535,441.04999,4,1,1,1,,,,40728,45156.35
1773200700,1565,1590,1560,1570.4,1617.3727222884502,1681.0160579187875,0,0,0,2975,1318.2,781.04999,535,441.04999,4,1,1,1,,,,32970,45374.35
1773287100,1574.4,1594,1539,1570.9,1608.07817783076,1671.0055071988977,0,0,0,2975,1318.2,781.04999,535,441.04999,4,1,1,1,,,,43038,36423.65
1773373500,1560,1564.6,1505.3,1527.3,1591.922542264608,1657.9413701808162,0,0,0,2975,1318.2,781.04999,535,441.04999,4,1,1,1,,,,39359,36884.3
1773632700,1527.3,1529.1,1476.1,1495.6,1572.6580338116864,1643.183063800742,0,0,0,2975,1318.2,781.04999,535,441.04999,4,1,1,1,,,,42592,37792.9
1773719100,1502.6,1521,1495.7,1511.2,1560.366427049349,1631.18460345522,0,0,0,2975,1318.2,781.04999,535,441.04999,4,1,1,1,,,,30624,38352.95
1773805500,1515,1563.8,1515,1540.8,1556.4531416394793,1622.9678213229272,0,0,0,2975,1318.2,781.04999,535,441.04999,4,1,1,1,,,,52461,39799.25
1773891900,1526.2,1538.9,1510.5,1514.6,1548.0825133115834,1613.1162012026612,0,0,0,2975,1318.2,781.04999,535,441.04999,4,1,1,1,,,,28079,39957.95
1773978300,1520,1534.9,1494.2,1504.6,1539.3860106492666,1603.2510920024192,0,0,0,2975,1318.2,781.04999,535,441.04999,4,1,1,1,,,,26045,39753.85
1774237500,1479.3,1491.2,1380,1396.5,1510.8088085194133,1584.4555381840175,0,0,0,2975,1318.2,781.04999,535,441.04999,4,4,1,1,,,,89467,43288.45
1774323900,1436,1444,1383.2,1414.6,1491.5670468155306,1569.0141256218342,0,0,0,2975,1318.2,781.04999,535,441.04999,4,4,1,1,,,,69445,45948.1
1774410300,1430,1449.8,1414.9,1417.8,1476.8136374524245,1555.2673869289401,0,0,0,2975,1318.2,781.04999,535,441.04999,4,4,1,1,,,,78500,48514.3
1774583100,1416.2,1422.5,1368.7,1375,1456.4509099619395,1538.8794426626728,0,0,0,2975,1318.2,781.04999,535,441.04999,4,4,1,1,,,,90835,52196.8
1774842300,1355,1367.2,1314.6,1322,1429.5607279695516,1519.163129693339,0,0,0,2975,1318.2,781.04999,535,441.04999,4,4,1,1,,,,73894,54217.2
1775015100,1349,1414.3,1325,1404.4,1424.5285823756412,1508.7301179030355,0,0,0,2975,1318.2,781.04999,535,441.04999,4,4,1,1,,,,65493,55494.2
1775101500,1381.1,1416,1356.1,1410.7,1421.762865900513,1499.8182890027597,0,0,0,2975,1318.2,781.04999,535,441.04999,4,4,1,1,,,,39853,55394.95
1775447100,1410,1442,1398.5,1434.7,1424.3502927204104,1493.8984445479634,0,0,0,2975,1318.2,781.04999,535,441.04999,4,4,1,1,,,,59029,54589.75
1775533500,1432.5,1438.4,1418,1431.1,1425.7002341763282,1488.189495043603,0,0,0,2975,1318.2,781.04999,535,441.04999,4,4,1,1,,,,31291,51349.5
1775619900,1484,1495.7,1456,1473,1435.1601873410625,1486.808631857821,0,0,0,2975,1318.2,781.04999,535,441.04999,4,4,1,1,,,,236578,62006.1
1775706300,1477.5,1484,1440.2,1445.4,1437.20814987285,1483.0442107798372,0,0,0,2975,1318.2,781.04999,535,441.04999,4,4,1,1,,,,108147,63921.4
1775792700,1440.1,1502,1440.1,1487.4,1447.24651989828,1483.4401916180339,0,0,0,2975,1318.2,781.04999,535,441.04999,4,4,1,1,,,,100823,66926.15
1776051900,1479,1479,1438.5,1450.6,1447.917215918624,1480.454719652758,0,0,0,2975,1318.2,781.04999,535,441.04999,4,4,1,1,,,,90437,69799.5
1776224700,1491,1517.2,1466.3,1494.6,1457.253772734899,1481.7406542297801,0,0,0,2975,1318.2,781.04999,535,441.04999,4,4,1,1,,,,139376,74616.4
1776311100,1504.9,1510,1475.9,1501,1466.0030181879192,1483.4915038452548,0,0,0,2975,1318.2,781.04999,535,441.04999,4,4,1,1,,,,158789,80587.9
1776397500,1501,1542,1500,1526.4,1478.0824145503354,1487.3922762229588,0,0,0,2975,1318.2,781.04999,535,441.04999,4,4,1,1,,,,87581,82837.35
1776656700,1540,1540,1501.1,1510.9,1484.6459316402684,1489.5293420208716,0,0,0,2975,1318.2,781.04999,535,441.04999,4,4,1,1,,,,41547,83383.5
1776743100,1502.2,1541,1502.2,1528.1,1493.3367453122146,1493.0357654735196,0,0,0,2975,1318.2,781.04999,535,441.04999,4,4,1,1,,,,63546,83937.75
1776829500,1534.9,1556.4,1521.4,1551.8,1505.0293962497717,1498.3779686122905,0,0,0,2975,1318.2,781.04999,535,441.04999,4,4,1,1,,,,46340,84850.8
1776915900,1541.1,1559.7,1535.4,1540.5,1512.1235169998174,1502.2072441929913,0,0,0,2975,1318.2,781.04999,535,441.04999,4,4,1,1,,,,60670,86582.05
1777002300,1532,1549.7,1480.1,1492.7,1508.238813599854,1501.3429492663558,0,0,0,2975,1318.2,781.04999,535,441.04999,4,4,1,1,,,,77524,85984.9
1777261500,1481.8,1524.9,1481.8,1512.2,1509.0310508798832,1502.3299538785054,0,0,0,2975,1318.2,781.04999,535,441.04999,4,4,1,1,,,,32424,84133.85
1777347900,1500.2,1523,1492.1,1497.7,1506.7648407039067,1501.9090489804594,0,0,0,2975,1318.2,781.04999,535,441.04999,4,4,1,1,,,,31892,81803.45
1777434300,1498.9,1520,1497.5,1508.1,1507.0318725631253,1502.4718627095085,0,0,0,2975,1318.2,781.04999,535,441.04999,4,4,1,1,,,,43281,79425.75
1777520700,1500,1512.8,1480,1501.1,1505.8454980505003,1502.347147917735,0,0,0,2975,1318.2,781.04999,535,441.04999,4,4,1,1,,,,36814,77571.75
1777866300,1498.5,1565.6,1498.5,1526.3,1509.9363984404001,1504.5246799252136,0,0,0,2975,1318.2,781.04999,535,441.04999,4,4,1,1,,,,90860,78840.1
1777952700,1526,1533.9,1505,1516.4,1511.2291187523201,1505.6042544774668,0,0,0,2975,1318.2,781.04999,535,441.04999,4,4,1,1,,,,21735,77934.2
1778039100,1520,1563,1520,1553.5,1519.683295001856,1509.9584131613335,0,0,0,2975,1318.2,781.04999,535,441.04999,4,4,1,1,,,,59418,77953.65
1778125500,1561.2,1575.1,1545.4,1564.3,1528.606636001485,1514.8985574193941,0,0,0,2975,1318.2,781.04999,535,441.04999,4,4,1,1,,,,61519,79465.05
1778211900,1560,1610.8,1554.3,1561.5,1535.185308801188,1519.1350521994493,0,0,0,2975,1318.2,781.04999,535,441.04999,4,4,1,1,,,,247338,80003.05
1778471100,1563,1563.1,1505,1509.4,1530.0282470409504,1518.2500474540448,0,0,0,2975,1318.2,781.04999,535,441.04999,4,4,1,1,,,,60530,77622.2
1778557500,1510,1523.9,1455.1,1465.6,1517.1425976327603,1513.463679503677,0,0,0,2975,1318.2,781.04999,535,441.04999,4,4,1,1,,,,51341,75148.1
1778643900,1475.2,1520,1475.2,1494.1,1512.5340781062082,1511.7033450033427,0,0,0,2975,1318.2,781.04999,535,441.04999,4,4,1,1,,,,58505,73551.5
1778730300,1532.5,1564.8,1492.1,1537.9,1517.6072624849667,1514.084859093948,0,0,0,2975,1318.2,781.04999,535,441.04999,4,4,1,1,,,,173968,75281.1
1778816700,1548,1559.9,1517.1,1522.8,1518.6458099879733,1514.8771446308617,0,0,0,2975,1318.2,781.04999,535,441.04999,4,4,1,1,,,,28708,68777.05
1779075900,1501.2,1510.4,1475,1496.8,1514.2766479903787,1513.233767846238,0,0,0,2975,1318.2,781.04999,535,441.04999,4,4,1,1,,,,27839,65789.95
1779162300,1495,1541,1495,1529,1517.221318392303,1514.667061678398,0,0,0,2975,1318.2,781.04999,535,441.04999,4,4,1,1,,,,33272,65376.2
1779248700,1512.3,1528.3,1500,1518.2,1517.4170547138424,1514.9882378894529,0,0,0,2975,1318.2,781.04999,535,441.04999,4,4,1,1,,,,20815,63239.65
1779335100,1528.4,1540,1518.3,1523.6,1518.6536437710738,1515.771125354048,0,0,0,2975,1318.2,781.04999,535,441.04999,4,4,1,1,,,,10606,61452.95
1779421500,1528.8,1539.9,1515,1533.7,1521.662915016859,1517.4010230491347,0,0,0,2975,1318.2,781.04999,535,441.04999,4,4,1,1,,,,23773,59608.1
1779680700,1533.8,1552,1522.2,1546.6,1526.650332013487,1520.0554754992133,0,0,0,2975,1318.2,781.04999,535,441.04999,4,4,1,1,,,,28611,57162.45
1779767100,1549.9,1550,1525,1533.2,1527.9602656107897,1521.2504322720122,0,0,0,2975,1318.2,781.04999,535,441.04999,4,4,1,1,,,,22613,56671.9
1779853500,1526.3,1543.6,1525.5,1536.6,1529.6882124886317,1522.645847520011,0,0,0,2975,1318.2,781.04999,535,441.04999,4,4,1,1,,,,22342,56194.4
1780026300,1540.5,1547.8,1488,1501.6,1524.0705699909054,1520.7325886545555,0,0,0,2975,1318.2,781.04999,535,441.04999,4,4,1,1,,,,31040,55582.35
1780285500,1517,1523,1479.2,1505.3,1520.3164559927243,1519.3296260495958,0,0,0,2975,1318.2,781.04999,535,441.04999,4,4,1,1,,,,38088,55646.05
1780371900,1496,1517.2,1471.5,1512.4,1518.7331647941794,1518.699660045087,0,0,0,2975,1318.2,781.04999,535,441.04999,4,4,1,1,,,,24903,52348.2
1780458300,1512.4,1512.4,1479,1490.7,1513.1265318353435,1516.1542364046245,0,0,0,2975,1318.2,781.04999,535,441.04999,4,4,1,1,,,,20195,52271.2
1780544700,1481,1500.3,1479,1489.8,1508.4612254682747,1513.7583967314768,0,0,0,2975,1318.2,781.04999,535,441.04999,4,4,1,1,,,,15963,50098.45
1780631100,1509.8,1535,1491.1,1529.1,1512.5889803746197,1515.1530879377062,0,0,0,2975,1318.2,781.04999,535,441.04999,4,4,1,1,,,,68257,50435.35
1780890300,1524.1,1556,1471,1482.2,1506.5111842996957,1512.157352670642,0,0,0,2975,1318.2,781.04999,535,441.04999,4,4,1,1,,,,74320,41784.45
1780976700,1482.2,1535,1479.1,1527.2,1510.6489474397565,1513.52486606422,0,0,0,2975,1318.2,781.04999,535,441.04999,4,4,1,1,,,,60207,41768.3
1781063100,1533.9,1549,1505.5,1520.2,1512.5591579518052,1514.1316964220182,0,0,0,2975,1318.2,781.04999,535,441.04999,4,4,1,1,,,,36724,41037.45
1781149500,1510,1510,1480.5,1490,1508.0473263614442,1511.9379058381983,0,0,0,2975,1318.2,781.04999,535,441.04999,4,4,1,1,,,,31356,39680
1781235900,1500.3,1525,1494.7,1518.8,1510.1978610891554,1512.5617325801802,0,0,0,2975,1318.2,781.04999,535,441.04999,4,4,1,1,,,,31633,32563.25
1781495100,1543.3,1552,1517.1,1523.5,1512.8582888713242,1513.5561205274366,0,0,0,2975,1318.2,781.04999,535,441.04999,4,4,1,1,,,,46498,33452.75
1781581500,1523.5,1547.2,1523.5,1534.2,1517.1266310970593,1515.4328368431243,0,0,0,2975,1318.2,781.04999,535,441.04999,4,4,1,1,,,,25899,33355.75
1781667900,1534.2,1542.8,1515.6,1524.6,1518.6213048776474,1516.266215311931,0,0,0,2975,1318.2,781.04999,535,441.04999,4,4,1,1,,,,26500,33017.15
1781754300,1520.8,1539.5,1512.2,1527.4,1520.377043902118,1517.278377556301,0,0,0,2975,1318.2,781.04999,535,441.04999,4,4,1,1,,,,43669,34159.85
1781840700,1527.4,1547.5,1510.3,1537.6,1523.8216351216943,1519.1257977784553,0,0,0,2975,1318.2,781.04999,535,441.04999,4,4,1,1,,,,35445,35401.8
1782099900,1547.4,1602,1538.5,1589.3,1536.9173080973553,1525.5052707076866,0,0,0,2975,1318.2,781.04999,535,441.04999,4,4,1,1,,,,147688,41597.55
1782186300,1618,1623.9,1562.2,1579.8,1545.4938464778843,1530.441155188806,0,0,0,2975,1318.2,781.04999,535,441.04999,4,4,1,1,,,,124222,46378.1
1782272700,1572.3,1584.9,1566.2,1571.8,1550.7550771823073,1534.2010501716418,0,0,0,2975,1318.2,781.04999,535,441.04999,4,4,1,1,,,,40309,47262.9
1782359100,1580,1584.7,1548,1556.7,1551.9440617458458,1536.246409246947,0,0,0,2975,1318.2,781.04999,535,441.04999,4,4,1,1,,,,31712,47731.4
1782704700,1556.7,1564.5,1536.9,1546.3,1550.8152493966766,1537.160372042679,0,0,0,2975,1318.2,781.04999,535,441.04999,4,4,1,1,,,,27625,47560.65
1782791100,1546,1555.5,1530,1535.2,1547.6921995173414,1536.9821564024355,0,0,0,2975,1318.2,781.04999,535,441.04999,4,4,1,1,,,,19151,46613.8
1782877500,1535,1559.9,1532,1539.2,1545.9937596138732,1537.1837785476687,0,0,0,2975,1318.2,781.04999,535,441.04999,4,4,1,1,,,,19521,46344.7
1782963900,1548,1558.5,1540.1,1554.7,1547.7350076910986,1538.7761623160625,0,0,0,2975,1318.2,781.04999,535,441.04999,4,4,1,1,,,,34436,47056.75
1783050300,1562.2,1567.2,1545.9,1556.7,1549.528006152879,1540.4056021055114,0,0,0,2975,1318.2,781.04999,535,441.04999,4,4,1,1,,,,22448,47381
1783309500,1560,1561.2,1542,1549.8,1549.582404922303,1541.2596382777376,0,0,0,2975,1318.2,781.04999,535,441.04999,4,4,1,1,,,,25116,45223.95