time,open,high,low,close,EMA 9,EMA 21,EntryMark,TPMark,SLMark,B,A0,A1,A2,A3,ST0,ST1,ST2,ST3,ENTRY,TP,SL,Volume,VolAvg
1525959000,19.75,20.5,19.5,20.34,,,0,0,0,,,,,,0,0,0,0,,,,32487624,
1526045400,20.4,21.5,20.39,21.39,,,0,0,0,,,,,,0,0,0,0,,,,11193415,
1526304600,21.52,21.69,21.25,21.5,,,0,0,0,,,,,,0,0,0,0,,,,3064662,
1526391000,21.39,21.67,21.2201,21.6,,,0,0,0,,,,,,0,0,0,0,,,,4338989,
1526477400,21.5,21.75,21.301,21.6,,,0,0,0,,,,,,0,0,0,0,,,,14211001,
1526563800,21.6,21.89,21.32,21.68,,,0,0,0,,,,,,0,0,0,0,,,,3960796,
1526650200,21.67,21.8,21.5,21.58,,,0,0,0,,,,,,0,0,0,0,,,,1774991,
1526909400,21.61,21.92,21.5,21.86,,,0,0,0,,,,,,0,0,0,0,,,,2321792,
1526995800,21.9,22,21.7,21.85,21.48888888888889,,0,0,0,,,,,,0,0,0,0,,,,2382340,
1527082200,21.77,21.91,21.39,21.72,21.535111111111114,,0,0,0,,,,,,0,0,0,0,,,,4198694,
1527168600,21.78,21.99,21.39,21.78,21.584088888888893,,0,0,0,,,,,,0,0,0,0,,,,3575964,
1527255000,21.84,21.97,21.68,21.95,21.657271111111115,,0,0,0,,,,,,0,0,0,0,,,,1285265,
1527600600,21.82,21.88,20.51,20.74,21.47381688888889,,0,0,0,,,,,,0,0,0,0,,,,4339630,
1527687000,21.35,21.535,20.75,21.44,21.467053511111114,,0,0,0,,,,,,0,0,0,0,,,,4279337,
1527773400,21.33,21.49,20.95,21.36,21.44564280888889,,0,0,0,,,,,,0,0,0,0,,,,2681880,
1527859800,21.5,21.75,21.11,21.54,21.46451424711111,,0,0,0,,,,,,0,0,0,0,,,,3026086,
1528119000,21.81,22.25,21.6,21.68,21.50761139768889,,0,0,0,,,,,,0,0,0,0,,,,3616445,
1528205400,21.68,21.74,21.22,21.48,21.502089118151112,,0,0,0,,,,,,0,0,0,0,,,,5102017,
1528291800,21.58,21.81,21.25,21.38,21.47767129452089,,0,0,0,,,,,,0,0,0,0,,,,2174255,
1528378200,21.4,21.52,21.01,21.26,21.43413703561671,,0,0,0,,,,,,0,0,0,0,,,,2150172,5608267.75
1528464600,21.2,21.5,21.03,21.06,21.359309628493367,21.466190476190476,0,0,0,,,,,,0,0,0,0,,,,2189235,4093348.3
1528723800,21.11,21.75,21.01,21.34,21.355447702794695,21.454718614718615,0,0,0,,,,,,0,0,0,0,,,,2892171,3678286.1
1528810200,21.35,21.5,21.16,21.38,21.360358162235755,21.44792601338056,0,0,0,,,,,,0,0,0,0,,,,2399909,3645048.45
1528896600,21.37,21.8,21.305,21.63,21.414286529788605,21.464478193982327,0,0,0,,,,,,0,0,0,0,,,,3452343,3600716.15
1528983000,21.6,21.79,21.13,21.2,21.371429223830884,21.440434721802117,0,0,0,,,,,,0,0,0,0,,,,3660452,3073188.7
1529069400,21.15,21.58,20.75,21.12,21.321143379064708,21.411304292547378,0,0,0,,,,,,0,0,0,0,,,,8032703,3276784.05
1529328600,20.96,21.27,20.76,20.93,21.242914703251767,21.367549356861254,0,0,0,,,,,,0,0,0,0,,,,1970661,3286567.55
1529415000,20.85,20.98,20.52,20.9,21.174331762601412,21.325044869873867,0,0,0,,,,,,0,0,0,0,,,,2577404,3299348.15
1529501400,21.08,21.55,20.92,21.13,21.16546541008113,21.30731351806715,0,0,0,,,,,,0,0,0,0,,,,4755567,3418009.5
1529587800,21.18,21.38,21.021,21.21,21.174372328064905,21.2984668346065,0,0,0,,,,,,0,0,0,0,,,,1858367,3300993.15
1529674200,21.29,21.77,21.24,21.69,21.277497862451924,21.334060758733184,0,0,0,,,,,,0,0,0,0,,,,10002867,3622338.3
1529933400,21.47,21.49,21.02,21.1,21.24199828996154,21.312782507939257,0,0,0,,,,,,0,0,0,0,,,,2149227,3665536.4
1530019800,21.17,21.17,20.78,20.82,21.157598631969233,21.267984098126597,0,0,0,,,,,,0,0,0,0,,,,2263083,3561709.05
1530106200,20.75,20.94,20.15,20.22,20.970078905575384,21.172712816478725,0,0,0,,,,,,0,0,0,0,,,,2331973,3464340.85
1530192600,20.25,20.51,19.9,20.25,20.82606312446031,21.088829833162478,0,0,0,,,,,,0,0,0,0,,,,2183447,3439419.2
1530279000,20.45,20.73,20.45,20.61,20.782850499568248,21.045299848329524,0,0,0,,,,,,0,0,0,0,,,,2350757,3405652.75
1530538200,20.49,20.73,20.42,20.63,20.752280399654598,21.007545316663204,0,0,0,,,,,,0,0,0,0,,,,1500278,3299844.4
1530624600,20.68,20.84,20.67,20.79,20.759824319723677,20.987768469693822,0,0,0,,,,,,0,0,0,0,,,,1034034,3096445.25
1530797400,20.83,21.07,20.83,21.07,20.82185945577894,20.99524406335802,0,0,0,,,,,,0,0,0,0,,,,1559474,3065706.2
1530883800,21.15,21.24,21.12,21.2,20.89748756462315,21.01385823941638,0,0,0,,,,,,0,0,0,0,,,,1418959,3029145.55
1531143000,21.25,21.735,21.25,21.73,21.06399005169852,21.078962035833072,0,0,0,,,,,,0,0,0,0,,,,2256233,3032495.45
1531229400,21.68,21.74,21.455,21.54,21.159192041358818,21.120874578030065,0,0,0,,,,,,0,0,0,0,,,,1651727,2970473.25
1531315800,21.46,21.59,20.92,21.04,21.135353633087053,21.113522343663696,0,0,0,,,,,,0,0,0,0,,,,1926411,2946798.35
1531402200,21.15,21.25,20.92,21.1,21.128282906469643,21.11229303969427,0,0,0,,,,,,0,0,0,0,,,,1267157,2837539.05
1531488600,21.06,21.12,20.7,21.04,21.110626325175716,21.105720945176607,0,0,0,,,,,,0,0,0,0,,,,731050,2691068.95
1531747800,21.12,21.26,20.75,21.23,21.134501060140572,21.117019041069643,0,0,0,,,,,,0,0,0,0,,,,1385964,2358732
1531834200,21.24,21.33,21.03,21.25,21.15760084811246,21.129108219154222,0,0,0,,,,,,0,0,0,0,,,,1231962,2321797.05
1531920600,21.28,21.34,20.99,21.24,21.174080678489968,21.1391892901402,0,0,0,,,,,,0,0,0,0,,,,1075236,2246688.65
1532007000,21.13,21.16,20.72,20.97,21.133264542791974,21.123808445582,0,0,0,,,,,,0,0,0,0,,,,1577902,2087805.4
1532093400,21,21.18,20.87,21.16,21.13861163423358,21.12709858689273,0,0,0,,,,,,0,0,0,0,,,,637549,2026764.5
1532352600,21.08,21.73,21.08,21.5,21.210889307386864,21.160998715357024,0,0,0,,,,,,0,0,0,0,,,,1187500,1585996.15
1532439000,21.56,21.7,21.36,21.59,21.286711445909493,21.19999883214275,0,0,0,,,,,,0,0,0,0,,,,1173429,1537206.25
1532525400,21.51,21.61,21.42,21.57,21.343369156727594,21.233635301947956,0,0,0,,,,,,0,0,0,0,,,,787874,1463445.8
1532611800,21.58,21.9,21.48,21.8,21.434695325382076,21.28512300177087,0,0,0,,,,,,0,0,0,0,,,,3436712,1518682.75
1532698200,21.86,22.07,21.72,21.74,21.49575626030566,21.326475456155336,0,0,0,,,,,,0,0,0,0,,,,655323,1442276.55
1532957400,21.75,22.13,21.75,22.02,21.60060500824453,21.389523141959398,0,0,0,,,,,,0,0,0,0,,,,969655,1373221.45
1533043800,22.02,22.11,21.84,21.99,21.67848400659562,21.444111947235815,0,0,0,,,,,,0,0,0,0,,,,1274214,1361918.25
1533130200,21.97,22.24,21.46,21.66,21.6747872052765,21.46373813385074,0,0,0,,,,,,0,0,0,0,,,,1648931,1392663.1
1533216600,21.47,21.67,21.27,21.63,21.665829764221197,21.478852848955217,0,0,0,,,,,,0,0,0,0,,,,855978,1357488.3
1533303000,21.69,22.05,21.615,21.96,21.724663811376956,21.5225934990502,0,0,0,,,,,,0,0,0,0,,,,604677,1316774.2
1533562200,21.91,22.08,21.84,21.94,21.767731049101567,21.56053954459109,0,0,0,,,,,,0,0,0,0,,,,604678,1234196.45
1533648600,21.93,22.21,21.59,21.59,21.732184839281253,21.563217767810084,0,0,0,,,,,,0,0,0,0,,,,1614404,1232330.3
1533735000,21.61,21.99,21.51,21.83,21.751747871425003,21.587470698009167,0,0,0,,,,,,0,0,0,0,,,,743558,1173187.65
1533821400,21.88,21.91,21.61,21.67,21.73539829714,21.594973361826515,0,0,0,,,,,,0,0,0,0,,,,607001,1140179.85
1533907800,21.47,21.56,21.11,21.3,21.648318637712002,21.568157601660467,0,0,0,,,,,,0,0,0,0,,,,1073024,1157278.55
1534167000,21.3,21.5,21.13,21.35,21.588654910169602,21.548325092418604,0,0,0,,,,,,0,0,0,0,,,,1642746,1170117.65
1534253400,21.95,21.95,21.06,21.87,21.644923928135682,21.577568265835094,0,0,0,,,,,,0,0,0,0,,,,3180252,1267532.15
1534339800,22.04,22.04,21.44,21.63,21.641939142508544,21.58233478712281,0,0,0,,,,,,0,0,0,0,,,,1449490,1286244.85
1534426200,21.8,22.45,21.8,22.02,21.717551314006837,21.62212253374801,0,0,0,,,,,,0,0,0,0,,,,1100445,1262372
1534512600,22.01,22.415,22,22.23,21.820041051205468,21.6773841215891,0,0,0,,,,,,0,0,0,0,,,,669934,1263991.25
1534771800,22.22,22.56,22.191,22.36,21.928032840964374,21.739440110535543,0,0,0,,,,,,0,0,0,0,,,,1214980,1265365.25
1534858200,22.45,22.78,22.45,22.68,22.078426272771498,21.82494555503231,0,0,0,,,,,,0,0,0,0,,,,1096402,1261513.9
1534944600,22.52,22.7099,22.39,22.64,22.1907410182172,21.89904141366574,0,0,0,,,,,,0,0,0,0,,,,1086613,1276450.85
1535031000,22.59,22.85,22.4,22.47,22.24659281457376,21.950946739696125,0,0,0,,,,,,0,0,0,0,,,,1109183,1160074.4
1535117400,22.58,22.63,22.46,22.48,22.293274251659007,21.999042490632842,0,0,0,,,,,,0,0,0,0,,,,758748,1165245.65
1535376600,22.66,22.82,22.6,22.79,22.392619401327206,22.07094771875713,0,0,0,,,,,,0,0,0,0,,,,1130205,1173273.15
1535463000,22.87,22.945,22.7807,22.84,22.482095521061765,22.14086156250648,0,0,0,,,,,,0,0,0,0,,,,1074626,1163293.75
1535549400,22.9,22.99,22.6,22.74,22.533676416849413,22.195328693187708,0,0,0,,,,,,0,0,0,0,,,,938403,1127767.35
1535635800,22.72,23.21,22.72,23,22.62694113347953,22.268480630170643,0,0,0,,,,,,0,0,0,0,,,,1734724,1171704.65
1535722200,22.93,23.0374,22.8,22.95,22.691552906783624,22.330436936518765,0,0,0,,,,,,0,0,0,0,,,,634533,1173197.45
1536067800,22.89,23.15,22.79,23.03,22.7592423254269,22.394033578653424,0,0,0,,,,,,0,0,0,0,,,,580112,1171969.15
1536154200,22.96,23.17,22.74,22.9,22.78739386034152,22.440030526048567,0,0,0,,,,,,0,0,0,0,,,,1142437,1148370.8
1536240600,22.95,23.05,22.43,22.54,22.737915088273216,22.449118660044153,0,0,0,,,,,,0,0,0,0,,,,1216659,1172025.85
1536327000,22.47,22.74,22.16,22.33,22.65633207061857,22.43828969094923,0,0,0,,,,,,0,0,0,0,,,,1596315,1221491.55
1536586200,22.35,22.61,22.33,22.5,22.625065656494858,22.443899719044754,0,0,0,,,,,,0,0,0,0,,,,920215,1213851.1
1536672600,22.46,22.71,22.4,22.45,22.590052525195887,22.444454290040685,0,0,0,,,,,,0,0,0,0,,,,1175741,1190500.85
1536759000,22.47,22.695,22.34,22.45,22.56204202015671,22.444958445491533,0,0,0,,,,,,0,0,0,0,,,,963722,1079674.35
1536845400,22.57,22.67,22.14,22.23,22.495633616125367,22.425416768628665,0,0,0,,,,,,0,0,0,0,,,,1505396,1082469.65
1536931800,22.23,22.38,22.19,22.25,22.446506892900295,22.409469789662424,0,0,0,,,,,,0,0,0,0,,,,1186369,1086765.85
1537191000,22.37,22.52,22.18,22.34,22.425205514320236,22.403154354238566,0,0,0,,,,,,0,0,0,0,,,,1906087,1148573.5
1537277400,22.36,22.5,22.17,22.22,22.38416441145619,22.386503958398695,0,0,0,,,,,,0,0,0,0,,,,1498005,1162724.75
1537363800,22.29,22.65,22.15,22.49,22.40533152916495,22.395912689453358,0,0,0,,,,,,0,0,0,0,,,,2062004,1211004.85
1537450200,22.6,22.73,22.4,22.55,22.43426522333196,22.40992062677578,0,0,0,,,,,,0,0,0,0,,,,5182330,1415790.7
1537536600,22.55,22.66,22.18,22.46,22.439412178665567,22.41447329706889,0,0,0,,,,,,0,0,0,0,,,,7965789,1758621
1537795800,22.52,22.57,22,22.21,22.393529742932454,22.395884815517174,0,0,0,,,,,,0,0,0,0,,,,1208286,1781097.9
1537882200,22.24,22.28,21.84,21.85,22.284823794345964,22.346258923197432,0,0,0,,,,,,0,0,0,0,,,,1328274,1791001.35
1537968600,21.84,22.16,21.3,21.4,22.10785903547677,22.26023538472494,0,0,0,,,,,,0,0,0,0,,,,1303220,1802431.05
1538055000,21.45,21.85,21.16,21.82,22.050287228381418,22.22021398611358,0,0,0,,,,,,0,0,0,0,,,,1068383,1808930.05
1538141400,21.65,21.835,21.39,21.45,21.930229782705133,22.15019453283053,0,0,0,,,,,,0,0,0,0,,,,1715527,1807970.2
1538400600,21.47,21.55,21.07,21.13,21.770183826164107,22.05744957530048,0,0,0,,,,,,0,0,0,0,,,,1462560,1849371.55
1538487000,21.12,21.35,20.86,21.07,21.630147060931286,21.967681432091346,0,0,0,,,,,,0,0,0,0,,,,1529030,1896817.45
1538573400,21.12,21.415,21.04,21.37,21.578117648745028,21.91334675644668,0,0,0,,,,,,0,0,0,0,,,,1137462,1896568.7
1538659800,21.53,21.91,21.49,21.78,21.618494118996022,21.901224324042435,0,0,0,,,,,,0,0,0,0,,,,1916679,1931569.7
1538746200,21.97,22.31,21.74,21.83,21.660795295196817,21.89474938549312,0,0,0,,,,,,0,0,0,0,,,,1623973,1932952.6
1539005400,21.66,21.97,21.56,21.86,21.700636236157454,21.891590350448293,0,0,0,,,,,,0,0,0,0,,,,851789,1929531.3
1539091800,21.79,21.95,21.685,21.83,21.726508988925964,21.885991227680268,0,0,0,,,,,,0,0,0,0,,,,843548,1912921.65
1539178200,21.79,21.86,21.38,21.38,21.65720719114077,21.83999202516388,0,0,0,,,,,,0,0,0,0,,,,934966,1911483.85
1539264600,21.32,21.5,20.41,20.52,21.429765752912616,21.719992750148982,0,0,0,,,,,,0,0,0,0,,,,2404346,1956431.35
1539351000,20.85,21.11,20.33,20.64,21.271812602330094,21.62181159104453,0,0,0,,,,,,0,0,0,0,,,,1192560,1956740.9
1539610200,20.21,20.73,19.94,20.64,21.145450081864077,21.532555991858665,0,0,0,,,,,,0,0,0,0,,,,805142,1901693.65
1539696600,20.73,20.82,20.57,20.78,21.07236006549126,21.464141810780603,0,0,0,,,,,,0,0,0,0,,,,1580116,1905799.2
1539783000,20.68,21.34,20.5,21.04,21.065888052393007,21.425583464346,0,0,0,,,,,,0,0,0,0,,,,1311037,1868250.85
1539869400,20.94,21.13,20.465,20.71,20.994710441914407,21.36053042213273,0,0,0,,,,,,0,0,0,0,,,,703046,1644286.65
1539955800,20.72,21.06,20.53,20.74,20.943768353531524,21.30411856557521,0,0,0,,,,,,0,0,0,0,,,,887614,1290377.9
1540215000,20.85,21.13,20.34,20.66,20.88701468282522,21.2455623323411,0,0,0,,,,,,0,0,0,0,,,,1316650,1295796.1
1540301400,20.37,20.905,20.24,20.85,20.879611746260178,21.20960212031009,0,0,0,,,,,,0,0,0,0,,,,1008644,1279814.6
1540387800,20.84,21.2,19.87,19.95,20.693689397008143,21.095092836645538,0,0,0,,,,,,0,0,0,0,,,,1411661,1285236.65
1540474200,20,20.55,19.985,20.17,20.588951517606514,21.01099348785958,0,0,0,,,,,,0,0,0,0,,,,1520407,1307837.85
1540560600,19.99,20.375,19.83,19.89,20.449161214085212,20.909084988963254,0,0,0,,,,,,0,0,0,0,,,,1679487,1306035.85
1540819800,20.12,20.555,19.67,19.86,20.33132897126817,20.81371362633023,0,0,0,,,,,,0,0,0,0,,,,1259965,1295906.1
1540906200,19.86,20.4,19.8122,20.2,20.305063177014535,20.75792147848203,0,0,0,,,,,,0,0,0,0,,,,804800,1259694.6
1540992600,20.45,20.67,20.2,20.29,20.302050541611628,20.71538316225639,0,0,0,,,,,,0,0,0,0,,,,1702961,1287969.55
1541079000,20.48,20.55,20.05,20.14,20.269640433289304,20.663075602051265,0,0,0,,,,,,0,0,0,0,,,,1250363,1254653.75
1541165400,20.35,20.64,20.06,20.61,20.33771234663144,20.65825054731933,0,0,0,,,,,,0,0,0,0,,,,4179117,1382410.95
1541428200,20.64,21.06,20.44,20.79,20.42816987730515,20.6702277702903,0,0,0,,,,,,0,0,0,0,,,,1101275,1394885.25
1541514600,21.17,21.48,20.82,21.11,20.56453590184412,20.710207063900274,0,0,0,,,,,,0,0,0,0,,,,1638506,1434633.15
1541601000,21.32,21.91,21.23,21.9,20.831628721475298,20.81837005809116,0,0,0,,,,,,0,0,0,0,,,,886135,1432191.6
1541687400,21.85,21.99,21.57,21.7,21.00530297718024,20.898518234628327,0,0,0,,,,,,0,0,0,0,,,,1365696,1380259.1
1541773800,21.64,21.735,21.27,21.42,21.08824238174419,20.945925667843934,0,0,0,,,,,,0,0,0,0,,,,1433892,1392325.7
1542033000,21.38,21.45,20.98,21.08,21.086593905395354,20.958114243494485,0,0,0,,,,,,0,0,0,0,,,,1430868,1423612
1542119400,21.81,21.9285,20.59,20.87,21.043275124316285,20.950103857722258,0,0,0,,,,,,0,0,0,0,,,,3930688,1541140.6
1542205800,20.73,21.5113,20.71,20.9,21.014620099453026,20.945548961565688,0,0,0,,,,,,0,0,0,0,,,,4399220,1695549.75
1542292200,20.57,20.8,19.86,20.45,20.90169607956242,20.900499055968808,0,0,0,,,,,,0,0,0,0,,,,6488623,1984828.6
1542378600,20.15,20.5,20.13,20.25,20.771356863649935,20.841362778153464,0,0,0,,,,,,0,0,0,0,,,,23364034,3108649.6
1542637800,20.3,20.5,20.08,20.2,20.657085490919947,20.783057071048603,0,0,0,,,,,,0,0,0,0,,,,5799534,3332793.8
1542724200,19.89,20,19.49,19.59,20.443668392735958,20.67459733731691,0,0,0,,,,,,0,0,0,0,,,,8188278,3691775.5
1542810600,19.65,19.99,19.38,19.65,20.284934714188765,20.581452124833554,0,0,0,,,,,,0,0,0,0,,,,2825801,3762482.5
1542983400,19.58,19.7,19.44,19.59,20.14594777135101,20.49132011348505,0,0,0,,,,,,0,0,0,0,,,,1496649,3761294.6
1543242600,19.79,20.14,19.75,20.03,20.122758217080808,20.449381921350046,0,0,0,,,,,,0,0,0,0,,,,5181238,3936382.15
1543329000,19.92,20.09,19.68,19.89,20.076206573664646,20.398529019409132,0,0,0,,,,,,0,0,0,0,,,,4537744,4100271.1
1543415400,20.19,20.23,19.58,20.2,20.100965258931716,20.380480926735576,0,0,0,,,,,,0,0,0,0,,,,4536568,4286859.5
1543501800,20.13,20.25,19.72,19.87,20.054772207145373,20.334073569759614,0,0,0,,,,,,0,0,0,0,,,,2915353,4347479.1
1543588200,19.87,20.02,19.68,19.68,19.979817765716298,20.274612336145104,0,0,0,,,,,,0,0,0,0,,,,13437536,4956837.75
1543847400,19.81,20.12,19.52,19.81,19.94585421257304,20.232374851041005,0,0,0,,,,,,0,0,0,0,,,,4755256,4985644.7
1543933800,19.79,19.8,18.54,18.62,19.680683370058432,20.085795319128188,0,0,0,,,,,,0,0,0,0,,,,5696959,5215428.9
1544106600,18.26,18.29,17.41,17.82,19.308546696046747,19.87981392648017,0,0,0,,,,,,0,0,0,0,,,,4857299,5376368.55
1544193000,17.82,18.04,17.23,17.36,18.918837356837397,19.65073993316379,0,0,0,,,,,,0,0,0,0,,,,5511959,5607659.75
1544452200,17.37,17.56,17.04,17.34,18.603069885469917,19.440672666512537,0,0,0,,,,,,0,0,0,0,,,,6597562,5869253.05
1544538600,17.59,17.81,17.35,17.43,18.368455908375935,19.257884242284124,0,0,0,,,,,,0,0,0,0,,,,6090952,6102106.05
1544625000,17.62,17.81,17.465,17.53,18.200764726700747,19.10080385662193,0,0,0,,,,,,0,0,0,0,,,,2990494,6180087.35
1544711400,17.58,17.78,17.48,17.54,18.068611781360598,18.95891259692903,0,0,0,,,,,,0,0,0,0,,,,6036392,6285372.55
1544797800,17.36,17.64,16.73,16.87,17.82888942508848,18.769011451753663,0,0,0,,,,,,0,0,0,0,,,,4367163,6283769.7
1545057000,16.79,17.8,16.6,16.83,17.629111540070785,18.59273768341242,0,0,0,,,,,,0,0,0,0,,,,4416818,6180179.45
1545143400,16.93,17.16,16.44,16.46,17.395289232056626,18.398852439465838,0,0,0,,,,,,0,0,0,0,,,,3823979,5203176.7
1545229800,16.39,16.68,16.05,16.23,17.162231385645303,18.201684035878035,0,0,0,,,,,,0,0,0,0,,,,3193119,5072855.95
1545316200,16.07,16.195,15.74,15.89,16.907785108516244,17.991530941707303,0,0,0,,,,,,0,0,0,0,,,,4817618,4904322.95
1545402600,15.86,16.08,15.31,15.31,16.588228086812997,17.747755401552094,0,0,0,,,,,,0,0,0,0,,,,5433134,5034689.6
1545661800,15.2,15.25,14.72,14.91,16.2525824694504,17.48977763777463,0,0,0,,,,,,0,0,0,0,,,,1514013,5035557.8
1545834600,14.98,15.41,14.72,15.41,16.084065975560318,17.300706943431482,0,0,0,,,,,,0,0,0,0,,,,4161522,4984572
1545921000,15.19,15.74,15.13,15.65,15.997252780448255,17.150642675846804,0,0,0,,,,,,0,0,0,0,,,,2103627,4862866.15
1546007400,15.68,16.24,15.64,15.97,15.991802224358604,17.043311523497096,0,0,0,,,,,,0,0,0,0,,,,2819460,4777010.75
1546266600,15.98,16.63,15.94,16.63,16.119441779486884,17.005737748633724,0,0,0,,,,,,0,0,0,0,,,,2396309,4751058.55
1546439400,16.32,16.65,16.05,16.41,16.177553423589508,16.951579771485203,0,0,0,14.72,,,,,1,1,1,1,,,,5242571,4341310.3
1546525800,16.29,16.63,16.11,16.22,16.186042738871606,16.885072519532002,0,0,0,14.72,,,,,1,1,1,1,,,,5796112,4393353.1
1546612200,16.57,17.27,16.45,17.25,16.398834191097286,16.918247745029092,0,0,0,14.72,,,,,1,1,1,1,,,,3908977,4303954
1546871400,17.27,17.74,17.15,17.4,16.599067352877828,16.9620434045719,0,0,0,14.72,,,,,1,1,1,1,,,,4802009,4301189.5
1546957800,17.49,17.685,17.24,17.61,16.801253882302262,17.020948549610818,0,0,0,14.72,,,,,1,1,1,1,,,,2280855,4139634.3
1547044200,17.64,17.98,17.465,17.83,17.00700310584181,17.09449868146438,0,0,0,14.72,,,,,1,1,1,1,,,,3679153,3993713.85
1547130600,17.78,18.11,17.69,18.06,17.21760248467345,17.18227152860398,0,0,0,14.72,,,,,1,1,1,1,,,,2823749,3830353.7
1547217000,17.91,18.39,17.91,18.27,17.42808198773876,17.281155935094528,0,0,0,14.72,,,,,1,1,1,1,,,,3699065,3865782.25
1547476200,18.11,18.48,18.11,18.3,17.60246559019101,17.373778122813206,0,0,0,14.72,,,,,1,1,1,1,,,,4990888,3813507.05
1547562600,18.21,18.56,18.15,18.43,17.767972472152806,17.46979829346655,0,0,0,14.72,,,,,1,1,1,1,,,,1399749,3665136.35
1547649000,18.44,18.81,18.44,18.7,17.954377977722245,17.581634812242317,0,0,0,14.72,,,,,1,1,1,1,,,,1738488,3531219.85
1547735400,18.67,19.05,18.58,19,18.163502382177796,17.71057710203847,0,0,0,14.72,,,,,1,1,1,1,,,,3086134,3494327.6
1547821800,19.09,19.155,18.78,18.88,18.306801905742237,17.81688827458043,0,0,0,14.72,,,,,1,1,1,1,,,,2351833,3452263.3
1548167400,18.74,18.9,18.31,18.45,18.33544152459379,17.874443885982206,0,0,0,14.72,,,,,1,1,1,1,,,,2333283,3328046.55
1548253800,18.5,18.61,18.29,18.5,18.368353219675033,17.931312623620187,0,0,0,14.72,,,,,1,1,1,1,,,,1152395,3114009.6
1548340200,18.48,18.76,18.4,18.44,18.382682575740027,17.977556930563807,0,0,0,14.72,,,,,1,1,1,1,,,,2874451,3182031.5
1548426600,18.6,18.88,18.58,18.65,18.436146060592023,18.03868811869437,0,0,0,14.72,,,,,1,1,1,1,,,,1809132,3064412
1548685800,18.48,18.73,18.305,18.4,18.42891684847362,18.07153465335852,0,0,0,14.72,,,,,1,1,1,1,,,,2069426,3062701.95
1548772200,18.38,18.56,18.38,18.44,18.431133478778897,18.105031503053198,0,0,0,14.72,,,,,1,1,1,1,,,,1794948,3011476.35
1548858600,18.46,18.68,18.31,18.54,18.452906783023117,18.144574093684724,0,0,0,14.72,,,,,1,1,1,1,,,,1709353,2977128.55
1548945000,18.45,18.72,18.31,18.54,18.470325426418494,18.18052190334975,0,0,0,14.72,,,,,1,1,1,1,,,,1835751,2806787.55
1549031400,18.56,18.8199,18.41,18.52,18.480260341134795,18.21138354849977,0,0,0,14.72,,,,,1,1,1,1,,,,2558269,2644895.4
1549290600,18.45,18.71,18.42,18.61,18.506208272907834,18.247621407727063,0,0,0,14.72,,,,,1,1,1,1,,,,1242491,2511571.1
1549377000,18.64,18.79,18.39,18.63,18.530966618326268,18.282383097933693,0,0,0,14.72,,,,,1,1,1,1,,,,1501135,2346527.4
1549463400,18.56,18.75,18.49,18.57,18.538773294661013,18.30853008903063,0,0,0,14.72,,,,,1,1,1,1,,,,1243164,2294642.85
1549549800,18.45,18.61,18.065,18.31,18.49301863572881,18.308663717300572,0,0,0,14.72,,,,,1,1,1,1,,,,1859770,2203673.7
1549636200,18.19,18.35,18,18.23,18.440414908583048,18.30151247027325,0,0,0,14.72,,,,,1,1,1,1,,,,1377858,2131379.15
1549895400,18.25,18.37,18.12,18.18,18.38833192686644,18.290465882066588,0,0,0,14.72,,,,,1,1,1,1,,,,2136179,2053234.85
1549981800,18.42,18.79,18.395,18.73,18.45666554149315,18.330423529151442,0,0,0,14.72,,,,,1,1,1,1,,,,4340224,2020701.65
1550068200,18.82,19.15,18.82,18.93,18.55133243319452,18.384930481046766,0,0,0,14.72,,,,,1,1,1,1,,,,2487314,2075079.9
1550154600,18.93,19.09,18.58,18.74,18.589065946555618,18.417209528224333,0,0,0,14.72,,,,,1,1,1,1,,,,1106565,2043483.75
1550241000,18.92,19.36,18.9,19.34,18.739252757244493,18.50109957111303,0,0,0,14.72,,,,,1,1,1,1,,,,2433013,2010827.7
1550586600,19.26,19.54,19.15,19.42,18.875402205795595,18.58463597373912,0,0,0,14.72,,,,,1,1,1,1,,,,1310813,1958776.7
1550673000,19.38,19.6,19.29,19.51,19.002321764636477,18.66875997612647,0,0,0,14.72,,,,,1,1,1,1,,,,1824783,1933351.7
1550759400,19.51,19.66,19.24,19.29,19.05985741170918,18.725236341933154,0,0,0,14.72,,,,,1,1,1,1,,,,1765071,1963985.5
1550845800,19.37,19.525,19.26,19.34,19.115885929367344,18.78112394721196,0,0,0,14.72,,,,,1,1,1,1,,,,1582290,1899377.45
1551105000,19.48,19.61,19.2,19.21,19.134708743493874,18.8201126792836,0,0,0,14.72,,,,,1,1,1,1,,,,1805647,1899203.2
1551191400,19.12,19.39,19.04,19.18,19.1437669947951,18.852829708439636,0,0,0,14.72,,,,,1,1,1,1,,,,1968333,1894148.55
1551277800,19.16,19.325,19.04,19.24,19.16301359583608,18.888027007672395,0,0,0,14.72,,,,,1,1,1,1,,,,1383828,1873592.55
1551364200,19.28,19.34,18.93,19.12,19.154410876668866,18.909115461520358,0,0,0,14.72,,,,,1,1,1,1,,,,2179243,1897087.05
1551450600,20.25,20.25,19.28,20.2,19.363528701335092,19.026468601382142,0,0,0,14.72,,,,,1,1,1,1,,,,5386732,2074636.1
1551709800,20.25,20.72,19.97,20.44,19.578822961068074,19.15497145580195,0,0,0,14.72,,,,,1,1,1,1,,,,2777134,2085579.35
1551796200,20.42,20.45,19.99,20.09,19.68105836885446,19.239974050729046,0,0,0,14.72,,,,,1,1,1,1,,,,1172654,2082087.5
1551882600,20.14,20.22,19.74,19.81,19.706846695083566,19.29179459157186,0,0,0,14.72,,,,,1,1,1,1,,,,1449768,2079519.15
1551969000,19.77,19.77,19.45,19.67,19.699477356066854,19.326176901428965,0,0,0,14.72,,,,,1,1,1,1,,,,1931177,2113919.8
1552055400,19.51,19.895,19.51,19.86,19.731581884853483,19.374706274026334,0,0,0,14.72,,,,,1,1,1,1,,,,1399266,2090894.6
1552311000,19.91,20.3,19.91,20.19,19.823265507882788,19.448823885478486,0,0,0,14.72,,,,,1,1,1,1,,,,1381617,2091082.55
1552397400,20.25,20.41,20.15,20.15,19.88861240630623,19.512567168616805,0,0,0,14.72,,,,,1,1,1,1,,,,1723258,2070436.5
1552483800,20.3,20.44,20.22,20.22,19.954889925044984,19.576879244197094,0,0,0,14.72,,,,,1,1,1,1,,,,1592182,1933034.4
1552570200,20.22,20.54,20.16,20.54,20.07191194003599,19.664435676542812,0,0,0,14.72,,,,,1,1,1,1,,,,1489954,1883166.4
1552656600,20.61,20.88,20.57,20.76,20.20952955202879,19.764032433220738,0,0,0,14.72,,,,,1,1,1,1,,,,4320906,2043883.45
1552915800,20.77,21.27,20.67,20.87,20.341623641623034,19.86457493929158,0,0,0,14.72,,,,,1,1,1,1,,,,3047053,2074585.45
1553002200,20.74,21.585,20.6,21.39,20.551298913298428,20.003249944810527,0,0,0,14.72,,,,,1,1,1,1,,,,3079878,2163038.7
1553088600,21.35,21.35,20.77,20.85,20.611039130638744,20.080227222555024,0,0,0,14.72,,,,,1,1,1,1,,,,4708634,2307231.25
1553175000,20.65,20.97,20.55,20.79,20.646831304510997,20.144752020504566,0,0,0,14.72,,,,,1,1,1,1,,,,19575107,3197733.05
1553261400,20.5,20.67,19.5,19.72,20.461465043608797,20.106138200458695,0,0,0,14.72,,,,,1,1,1,1,,,,9708608,3604048.95
1553520600,19.78,19.95,19.325,19.34,20.23717203488704,20.03648927314427,0,0,0,14.72,,,,,1,1,1,1,,,,6580635,3842798.35
1553607000,19.48,20.13,19.47,20,20.18973762790963,20.03317206649479,0,0,0,14.72,,,,,1,1,1,1,,,,5818677,4035315.55
1553693400,19.95,20.03,19.71,19.88,20.127790102327705,20.01924733317708,0,0,0,14.72,,,,,1,1,1,1,,,,1705002,4051374.25
1553779800,19.86,20.03,19.73,20.02,20.106232081862164,20.01931575743371,0,0,0,14.72,,,,,1,1,1,1,,,,2018022,4043313.2
1553866200,20.17,20.3,19.935,20.14,20.11298566548973,20.03028705221246,0,0,0,14.72,,,,,1,1,1,1,,,,2641323,3906042.75
1554125400,20.39,20.9,20.39,20.88,20.266388532391783,20.10753368382951,0,0,0,14.72,,,,,1,1,1,1,,,,2889484,3911660.25
1554211800,20.83,21.04,20.49,20.65,20.343110825913428,20.15684880348137,0,0,0,14.72,,,,,1,1,1,1,,,,3253141,4015684.6
1554298200,20.87,21.17,20.8,21.03,20.480488660730742,20.236226184983064,0,0,0,14.72,,,,,1,1,1,1,,,,3139033,4100147.85
1554384600,21.03,21.465,20.985,21.37,20.658390928584595,20.339296531802784,0,0,0,14.72,,,,,1,1,1,1,,,,3147799,4160978.95
1554471000,21.53,21.945,21.44,21.84,20.894712742867675,20.47572411982071,0,0,0,14.72,,,,,1,1,1,1,,,,6201344,4401082.85
1554730200,21.87,21.92,21.6,21.92,21.09977019429414,20.607021927109738,0,0,0,14.72,,,,,1,1,1,1,,,,3806397,4522321.85
1554816600,21.82,21.91,21.535,21.68,21.215816155435313,20.70456538828158,0,0,0,14.72,,,,,1,1,1,1,,,,2582079,4565262.9
1554903000,21.67,21.91,21.61,21.85,21.34265292434825,20.80869580752871,0,0,0,14.72,,,,,1,1,1,1,,,,2211486,4596228.1
1554989400,21.8,22.19,21.77,21.86,21.4461223394786,20.90426891593519,0,0,0,14.72,,,,,1,1,1,1,,,,1824166,4612938.7
1555075800,22.23,22.49,22.09,22.27,21.61089787158288,21.02842628721381,0,0,0,14.72,,,,,1,1,1,1,,,,3481424,4570964.6
1555335000,22.34,22.5,22.16,22.31,21.750718297266303,21.14493298837619,0,0,0,14.72,,,,,1,1,1,1,,,,2211177,4529170.8
1555421400,22.42,22.6,22.3,22.58,21.916574637813042,21.275393625796536,0,0,0,14.72,,,,,1,1,1,1,,,,2825648,4516459.3
1555507800,22.71,22.75,22.5,22.59,22.051259710250434,21.39490329617867,0,0,0,14.72,,,,,1,1,1,1,,,,2127258,4387390.5
1555594200,22.63,22.7,22.28,22.6,22.16100776820035,21.504457541980607,0,0,0,14.72,,,,,1,1,1,1,,,,2274600,3522365.15
1555939800,22.6,22.6,22.105,22.12,22.15280621456028,21.5604159472551,0,0,0,14.72,,,,,1,1,1,1,,,,1706898,3122279.65
1556026200,22.05,22.9,22.05,22.7,22.262244971648222,21.664014497504635,0,0,0,14.72,,,,,1,1,1,1,,,,2578976,2922196.7
1556112600,22.7,22.74,22.35,22.4,22.289795977318576,21.73092227045876,0,0,0,14.72,,,,,1,1,1,1,,,,3440467,2803286.2
1556199000,22.39,22.4,21.91,22.15,22.26183678185486,21.769020245871598,0,0,0,14.72,,,,,1,1,1,1,,,,2941793,2865125.75
1556285400,22.07,22.4,21.74,22.36,22.281469425483888,21.82274567806509,0,0,0,14.72,,,,,1,1,1,1,,,,3148667,2921658
1556544600,22.32,22.63,22.215,22.52,22.32917554038711,21.886132434604626,0,0,0,14.72,,,,,1,1,1,1,,,,1767376,2877960.65
1556631000,22.54,22.71,22.37,22.69,22.401340432309688,21.959211304186024,0,0,0,14.72,,,,,1,1,1,1,,,,2147899,2840881.4
1556717400,22.8,22.87,22.38,22.4,22.40107234584775,21.999283003805477,0,0,0,14.72,,,,,1,1,1,1,,,,1393544,2747901.55
1556803800,22.39,22.64,22.18,22.61,22.4428578766782,22.054802730732252,0,0,0,14.72,,,,,1,1,1,1,,,,2387797,2710339.75
1556890200,22.71,22.93,22.515,22.83,22.52028630134256,22.12527520975659,0,0,0,14.72,,,,,1,1,1,1,,,,1697301,2637814.85
1557149400,22.28,22.7,22.05,22.59,22.534229041074045,22.167522917960536,0,0,0,14.72,,,,,1,1,1,1,,,,1686194,2412057.35
1557235800,22.33,22.58,22.015,22.28,22.483383232859236,22.17774810723685,0,0,0,14.72,,,,,1,1,1,1,,,,3781971,2410836.05
1557322200,22.2,22.38,22.01,22.01,22.388706586287388,22.162498279306227,0,0,0,14.72,,,,,1,1,1,1,,,,2937928,2428628.5
1557408600,21.8,22.18,21.51,22.04,22.31896526902991,22.15136207209657,0,0,0,14.72,,,,,1,1,1,1,,,,3313770,2483742.7
1557495000,21.89,22.26,21.51,22.2,22.29517221522393,22.155783701905975,0,0,0,14.72,,,,,1,1,1,1,,,,4091575,2597113.15
1557754200,21.76,21.76,20.645,20.75,21.98613777217914,22.027985183550886,0,0,0,14.72,,,,,1,1,1,1,,,,3279372,2587010.55
1557840600,20.78,21.48,20.78,21.28,21.844910217743312,21.959986530500807,0,0,0,14.72,,,,,1,1,1,1,,,,4406895,2696796.45
1557927000,21.04,21.48,20.89,21.41,21.75792817419465,21.909987755000735,0,0,0,14.72,,,,,1,1,1,1,,,,2312470,2671137.55
1558013400,21.51,21.975,21.49,21.56,21.71834253935572,21.878170686364303,0,0,0,14.72,,,,,1,1,1,1,,,,2260406,2677794.95
1558099800,21.29,21.63,21.15,21.48,21.670674031484577,21.841973351240277,0,0,0,14.72,,,,,1,1,1,1,,,,1844330,2656281.45
1558359000,21.31,21.47,21.04,21.2,21.576539225187663,21.78361213749116,0,0,0,14.72,,,,,1,1,1,1,,,,1553930,2648633.05
1558445400,21.38,21.78,21.38,21.54,21.56923138015013,21.76146557953742,0,0,0,14.72,,,,,1,1,1,1,,,,2146587,2627013.6
1558531800,21.36,21.51,21.27,21.37,21.529385104120102,21.72587779957947,0,0,0,14.72,,,,,1,1,1,1,,,,931293,2501554.9
1558618200,21.02,21.24,20.76,20.97,21.41750808329608,21.65716163598134,0,0,0,14.72,,,,,1,1,1,1,,,,2203149,2464622.7
1558704600,21.29,21.61,21.15,21.52,21.438006466636864,21.64469239634667,0,0,0,14.72,,,,,1,1,1,1,,,,2690321,2441705.4
1559050200,21.55,21.61,21.385,21.55,21.460405173309493,21.636083996678792,0,0,0,14.72,,,,,1,1,1,1,,,,3023710,2504522.1
1559136600,21.31,21.4,20.95,21.33,21.434324138647593,21.608258178798902,0,0,0,14.72,,,,,1,1,1,1,,,,2359005,2515077.4
1559223000,21.39,21.77,21.28,21.41,21.429459310918073,21.590234707999002,0,0,0,14.72,,,,,1,1,1,1,,,,4075300,2649165.2
1559309400,21.06,21.06,20.48,20.55,21.253567448734458,21.49566791636273,0,0,0,14.72,,,,,1,1,1,1,,,,2354436,2647497.15
1559568600,20.51,20.95,20.45,20.82,21.166853958987566,21.434243560329755,0,0,0,14.72,,,,,1,1,1,1,,,,2947234,2709993.8
1559655000,21.17,21.4,20.705,21,21.133483167190054,21.39476687302705,0,0,0,14.72,,,,,1,1,1,1,,,,5437746,2897571.4
1559741400,20.95,21.15,20.645,20.9,21.086786533752043,21.349788066388225,0,0,0,14.72,,,,,1,1,1,1,,,,16634314,3540188.55
1559827800,21.09,21.315,20.795,20.91,21.051429227001634,21.309807333080204,0,0,0,14.72,,,,,1,1,1,1,,,,7485985,3767591.4
1559914200,20.91,21.115,20.73,20.87,21.01514338160131,21.269824848254732,0,0,0,14.72,,,,,1,1,1,1,,,,7246042,3964205
1560173400,21.1,21.27,20.87,21.08,21.028114705281048,21.25256804386794,0,0,0,14.72,,,,,1,1,1,1,,,,8797525,4199502.5
1560259800,21.36,21.53,21.22,21.35,21.09249176422484,21.2614254944254,0,0,0,14.72,,,,,1,1,1,1,,,,6040901,4337578.95
1560346200,21.35,21.47,21.19,21.23,21.11999341137987,21.258568631295816,0,0,0,14.72,,,,,1,1,1,1,,,,6186961,4426582.25
1560432600,21.29,21.62,21.17,21.29,21.153994729103896,21.261426028450742,0,0,0,14.72,,,,,1,1,1,1,,,,3506696,4486293.55
1560519000,21.3,21.3,20.87,21.27,21.177195783283118,21.262205480409765,0,0,0,14.72,,,,,1,1,1,1,,,,2404480,4493497.25
1560778200,21.2,21.31,20.74,20.79,21.099756626626494,21.219277709463423,0,0,0,14.72,,,,,1,1,1,1,,,,2246472,4513604.35
1560864600,20.79,21.17,20.69,20.79,21.037805301301194,21.180252463148566,0,0,0,14.72,,,,,1,1,1,1,,,,3590947,4615455.2
1560951000,20.97,21.245,20.78,20.86,21.002244241040955,21.151138602862332,0,0,0,14.72,,,,,1,1,1,1,,,,3199289,4668090.3
1561037400,21.1,21.14,20.68,20.93,20.987795392832766,21.131035093511212,0,0,0,14.72,,,,,1,1,1,1,,,,4778934,4860472.35
1561123800,20.89,21.03,20.67,20.71,20.932236314266213,21.092759175919284,0,0,0,14.72,,,,,1,1,1,1,,,,3562255,4928427.65
1561383000,20.69,20.91,20.54,20.59,20.86378905141297,21.047053796290257,0,0,0,14.72,,,,,1,1,1,1,,,,2270650,4907444.1
1561469400,20.62,20.66,19.7,19.89,20.669031241130376,20.941867087536597,0,0,0,14.72,,,,,1,1,1,1,,,,5646985,5038607.85
1561555800,19.99,20.12,19.78,19.9,20.5152249929043,20.847151897760543,0,0,0,14.72,,,,,1,1,1,1,,,,3285305,5084922.85
1561642200,19.93,20.375,19.84,20.28,20.468179994323442,20.795592634327768,0,0,0,14.72,,,,,1,1,1,1,,,,3377784,5050047.05
1561728600,20.47,20.99,20.46,20.9,20.554543995458754,20.805084213025243,0,0,0,14.72,,,,,1,1,1,1,,,,5350285,5199839.5
1561987800,21.3,21.45,20.96,21,20.643635196367004,20.82280383002295,0,0,0,14.72,,,,,1,1,1,1,,,,6177714,5361363.5
1562074200,20.97,21.245,20.85,20.95,20.7049081570936,20.83436711820268,0,0,0,14.72,,,,,1,1,1,1,,,,6564923,5417722.35
1562160600,21.1,21.52,21.06,21.51,20.865926525674883,20.895788289275167,0,0,0,14.72,,,,,1,1,1,1,,,,3571437,4764578.5
1562333400,21.52,21.93,21.47,21.83,21.058741220539908,20.980716626613788,0,0,0,14.72,,,,,1,1,1,1,,,,3108258,4545692.15
1562592600,21.59,21.89,21.48,21.67,21.180992976431927,21.04337875146708,0,0,0,14.72,,,,,1,1,1,1,,,,5450728,4455926.45
1562679000,21.46,21.9,21.42,21.9,21.32479438114554,21.121253410424618,0,0,0,14.72,,,,,1,1,1,1,,,,4613365,4246718.45
1562765400,21.96,21.96,21.635,21.87,21.433835504916434,21.189321282204197,0,0,0,14.72,,,,,1,1,1,1,,,,6174903,4253418.55
1562851800,21.98,22.23,21.845,22.18,21.583068403933147,21.279382983821996,0,0,0,14.72,,,,,1,1,1,1,,,,5193767,4203758.85
1562938200,22.25,22.565,22.02,22.46,21.758454723146517,21.386711803474544,0,0,0,14.72,,,,,1,1,1,1,,,,3972178,4227032.95
1563197400,22.58,22.58,22.28,22.51,21.908763778517216,21.488828912249584,0,0,0,14.72,,,,,1,1,1,1,,,,3360870,4274852.45
1563283800,22.55,22.78,22.55,22.65,22.05701102281377,21.594389920226895,0,0,0,14.72,,,,,1,1,1,1,,,,3545024,4339780.05
1563370200,22.61,22.65,22.19,22.2,22.085608818251018,21.64944538202445,0,0,0,14.72,,,,,1,1,1,1,,,,2397340,4280099.7
1563456600,22.22,22.525,22.16,22.47,22.162487054600813,21.724041256385863,0,0,0,14.72,,,,,1,1,1,1,,,,3772534,4308761.95
1563543000,22.49,22.635,22.38,22.42,22.21398964368065,21.787310233078056,0,0,0,14.72,,,,,1,1,1,1,,,,1865418,4163086.15
1563802200,22.4,22.485,22.13,22.28,22.22719171494452,21.83210021188914,0,0,0,14.72,,,,,1,1,1,1,,,,1774599,4073703.35
1563888600,22.37,22.71,22.33,22.67,22.315753371955616,21.90827291989922,0,0,0,14.72,,,,,1,1,1,1,,,,2358830,4078112.35
1563975000,22.53,22.82,22.465,22.8,22.41260269756449,21.9893390180902,0,0,0,14.72,,,,,1,1,1,1,,,,1590563,3875291.25
1564061400,22.74,22.8,22.57,22.68,22.46608215805159,22.052126380081997,0,0,0,14.72,,,,,1,1,1,1,,,,1576525,3789852.25
1564147800,22.76,22.91,22.6,22.72,22.516865726441274,22.112842163710905,0,0,0,14.72,,,,,1,1,1,1,,,,2097124,3725819.25
1564407000,22.64,22.87,22.55,22.72,22.55749258115302,22.168038330646276,0,0,0,14.72,,,,,1,1,1,1,,,,1865222,3551566.1
1564493400,22.52,22.78,22.27,22.78,22.601994064922415,22.223671209678432,0,0,0,14.72,,,,,1,1,1,1,,,,956003,3290480.55
1564579800,22.79,22.93,22.33,22.48,22.577595251937932,22.246973826980394,0,0,0,14.72,,,,,1,1,1,1,,,,2103388,3067403.8
1564666200,22.52,22.52,21.025,21.12,22.286076201550348,22.144521660891268,0,0,0,14.72,,,,,1,1,1,1,,,,2697208,3023692.35
1564752600,21.14,21.2,20.52,20.69,21.96686096124028,22.01229241899206,0,0,0,14.72,,,,,1,1,1,1,,,,1726544,2954606.65
1565011800,20.22,20.23,19.635,19.83,21.53948876899222,21.813902199083692,0,0,0,14.72,,,,,1,1,1,1,,,,2154027,2789771.6
1565098200,20.05,20.26,19.7,20.24,21.279591015193777,21.670820180985174,0,0,0,14.72,,,,,1,1,1,1,,,,2098648,2664035.75
1565184600,19.78,20.26,19.47,20.18,21.05967281215502,21.535291073622886,0,0,0,14.72,,,,,1,1,1,1,,,,2110545,2460817.85
1565271000,20.36,20.93,20.26,20.91,21.029738249724016,21.47844643056626,0,0,0,14.72,,,,,1,1,1,1,,,,2228121,2312535.55
1565357400,20.69,21.26,20.53,21,21.02379059977921,21.434951300514783,0,0,0,14.72,,,,,1,1,1,1,,,,3455077,2286680.5
1565616600,20.79,21.02,20.19,20.41,20.901032479823368,21.341773909558892,0,0,0,14.72,,,,,1,1,1,1,,,,2741130,2255693.5
1565703000,20.48,20.96,20.25,20.75,20.870825983858694,21.287976281417176,0,0,0,14.72,,,,,1,1,1,1,,,,1890531,2172968.85
1565789400,20.19,20.38,19.75,19.92,20.680660787086957,21.163614801288343,0,0,0,14.72,,,,,1,1,1,1,,,,2578222,2182012.95
1565875800,20.05,20.15,19.69,19.85,20.514528629669567,21.044195273898495,0,0,0,14.72,,,,,1,1,1,1,,,,3113550,2149063.75
1565962200,19.98,20.4,19.98,20.24,20.459622903735653,20.971086612634995,0,0,0,14.72,,,,,1,1,1,1,,,,2492626,2180424.15
1566221400,20.71,20.73,20.46,20.53,20.473698322988522,20.930987829668176,0,0,0,14.72,,,,,1,1,1,1,,,,2222641,2202826.25
1566307800,20.35,20.54,20.16,20.31,20.440958658390816,20.874534390607433,0,0,0,14.72,,,,,1,1,1,1,,,,3557882,2262778.85
1566394200,20.37,20.47,20.23,20.39,20.430766926712653,20.830485809643122,0,0,0,14.72,,,,,1,1,1,1,,,,2045340,2285517.7
1566480600,20.48,20.62,20.39,20.55,20.454613541370122,20.804987099675564,0,0,0,14.72,,,,,1,1,1,1,,,,788281,2246105.5
1566567000,20.35,20.68,19.805,19.89,20.3416908330961,20.721806454250512,0,0,0,14.72,,,,,1,1,1,1,,,,1963870,2239442.8
1566826200,20.12,20.26,20.05,20.12,20.29735266647688,20.667096776591375,0,0,0,14.72,,,,,1,1,1,1,,,,1117521,2202057.75
1566912600,20.24,20.32,19.755,19.85,20.207882133181503,20.592815251446705,0,0,0,14.72,,,,,1,1,1,1,,,,2121607,2260337.95
1566999000,19.72,20.16,19.67,20.07,20.1803057065452,20.545286592224276,0,0,0,14.72,,,,,1,1,1,1,,,,2044177,2257377.4
1567085400,20.37,20.62,20.21,20.61,20.26624456523616,20.551169629294797,0,0,0,14.72,,,,,1,1,1,1,,,,1535617,2199297.85
1567171800,20.81,20.875,20.64,20.77,20.36699565218893,20.571063299358908,0,0,0,14.72,,,,,1,1,1,1,,,,1739897,2199965.5
1567517400,20.58,20.58,20.11,20.28,20.349596521751145,20.54460299941719,0,0,0,14.72,,,,,1,1,1,1,,,,1624257,2173477
1567603800,20.53,20.67,20.51,20.54,20.387677217400917,20.54418454492472,0,0,0,14.72,,,,,1,1,1,1,,,,1473977,2142243.45
1567690200,20.94,21.27,20.78,21.04,20.518141773920732,20.58925867720429,0,0,0,14.72,,,,,1,1,1,1,,,,1328305,2103131.45
1567776600,21.01,21.24,20.93,20.97,20.608513419136585,20.62387152473117,0,0,0,14.72,,,,,1,1,1,1,,,,1020041,2042727.45
1568035800,21.15,21.51,21.08,21.47,20.780810735309267,20.700792295210157,0,0,0,14.72,,,,,1,1,1,1,,,,2574989,1998723.05
1568122200,21.59,21.94,21.545,21.69,20.962648588247415,20.79072026837287,0,0,0,14.72,,,,,1,1,1,1,,,,3074544,2015393.75
1568208600,21.7,21.76,21.43,21.67,21.104118870597933,20.87065478942988,0,0,0,14.72,,,,,1,1,1,1,,,,2250556,2033395
1568295000,21.52,21.78,21.38,21.54,21.191295096478346,20.931504354027165,0,0,0,14.72,,,,,1,1,1,1,,,,2206519,2014809.85
1568381400,21.69,22.105,21.62,22.07,21.367036077182675,21.035003958206513,0,0,0,14.72,,,,,1,1,1,1,,,,4481843,2083224.5
1568640600,21.9,22.28,21.73,21.82,21.45762886174614,21.106367234733195,0,0,0,14.72,,,,,1,1,1,1,,,,2889070,2103046.7
1568727000,21.67,22.1,21.55,21.99,21.564103089396912,21.186697486121087,0,0,0,14.72,,,,,1,1,1,1,,,,3313576,2157593.45
1568813400,21.81,22.265,21.75,22.11,21.67328247151753,21.2706340782919,0,0,0,14.72,,,,,1,1,1,1,,,,4291713,2194285
1568899800,22.13,22.545,22.11,22.19,21.776625977214024,21.35421279844718,0,0,0,14.72,,,,,1,1,1,1,,,,3540320,2269034
1568986200,22.11,22.84,22.07,22.62,21.94530078177122,21.46928436222471,0,0,0,14.72,,,,,1,1,1,1,,,,6142129,2536726.4
1569245400,22.38,22.53,22.21,22.34,22.024240625416976,21.54844032929519,0,0,0,14.72,,,,,1,1,1,1,,,,1839579,2530511.85
1569331800,22.4,22.58,21.68,22.14,22.04739250033358,21.602218481177445,0,0,0,14.72,,,,,1,1,1,1,,,,3078306,2628551.1
1569418200,22.05,22.47,21.9,22.43,22.123914000266865,21.67747134652495,0,0,0,14.72,,,,,1,1,1,1,,,,2206604,2632800.95
1569504600,22.38,22.5,22.055,22.43,22.18513120021349,21.745883042295407,0,0,0,14.72,,,,,1,1,1,1,,,,2208980,2641041.1
1569591000,22.65,22.815,22.46,22.65,22.278104960170793,21.828075492995826,0,0,0,14.72,,,,,1,1,1,1,,,,2103070,2669413.75
1569850200,22.69,22.69,22.14,22.16,22.254483968136636,21.858250448178023,0,0,0,14.72,,,,,1,1,1,1,,,,2993032,2732070.5
1569936600,22.26,22.305,21.68,21.74,22.15158717450931,21.847500407434566,0,0,0,14.72,,,,,1,1,1,1,,,,1615712,2731643.25
1570023000,21.53,21.56,20.88,21.04,21.92926973960745,21.77409127948597,0,0,0,14.72,,,,,1,1,1,1,,,,2560947,2785991.75
1570109400,20.94,20.94,20.4,20.91,21.725415791685958,21.695537526805428,0,0,0,14.72,,,,,1,1,1,1,,,,2099504,2824551.7
1570195800,20.91,21.22,20.82,21.22,21.624332633348764,21.652306842550388,0,0,0,14.72,,,,,1,1,1,1,,,,1553443,2851221.8
1570455000,21.14,21.205,20.92,20.96,21.491466106679013,21.58936985686399,0,0,0,14.72,,,,,1,1,1,1,,,,1243464,2784645.55
1570541400,20.65,20.69,20.155,20.18,21.22917288534321,21.461245324421807,0,0,0,14.72,,,,,1,1,1,1,,,,1995911,2730713.9
1570627800,20.35,20.545,20.165,20.45,21.073338308274568,21.369313931292552,0,0,0,14.72,,,,,1,1,1,1,,,,1500020,2693187.1
1570714200,20.53,20.845,20.39,20.54,20.966670646619654,21.2939217557205,0,0,0,14.72,,,,,1,1,1,1,,,,2079799,2686851.1
1570800600,20.96,21.46,20.96,21.24,21.021336517295723,21.289019777927727,0,0,0,14.72,,,,,1,1,1,1,,,,1646558,2545086.85
1571059800,21.09,21.345,21.08,21.3,21.077069213836577,21.290017979934298,0,0,0,14.72,,,,,1,1,1,1,,,,1014579,2451362.3
1571146200,21.37,21.83,21.27,21.43,21.147655371069263,21.30274361812209,0,0,0,14.72,,,,,1,1,1,1,,,,1885902,2379978.6
1571232600,21.35,21.55,21.255,21.36,21.19012429685541,21.307948743747353,0,0,0,14.72,,,,,1,1,1,1,,,,1238351,2227310.5
1571319000,21.49,21.7,21.34,21.52,21.256099437484327,21.327226130679414,0,0,0,14.72,,,,,1,1,1,1,,,,1429298,2121759.4
1571405400,21.4,21.77,21.4,21.71,21.346879549987463,21.362023755163104,0,0,0,14.72,,,,,1,1,1,1,,,,1874706,1908388.25
1571664600,21.95,22.39,21.9,22.31,21.53950363998997,21.44820341378464,0,0,0,14.72,,,,,1,1,1,1,,,,1926740,1912746.3
1571751000,22.27,22.5,22.04,22.46,21.723602911991975,21.5401849216224,0,0,0,14.72,,,,,1,1,1,1,,,,2298662,1873764.1
1571837400,22.4,22.67,22.31,22.54,21.88688232959358,21.63107720147491,0,0,0,14.72,,,,,1,1,1,1,,,,1256844,1826276.1
1571923800,22.62,22.72,22.12,22.29,21.967505863674862,21.6909792740681,0,0,0,14.72,,,,,1,1,1,1,,,,1353643,1783509.25
1572010200,22.28,22.47,22.19,22.2,22.01400469093989,21.737253885516452,0,0,0,14.72,,,,,1,1,1,1,,,,1178965,1737304
1572269400,22.36,22.74,22.36,22.72,22.15520375275191,21.826594441378592,0,0,0,14.72,,,,,1,1,1,1,,,,2578802,1716592.5
1572355800,22.64,22.79,21.76,22.25,22.174163002201528,21.86508585579872,0,0,0,14.72,,,,,1,1,1,1,,,,3655357,1818574.75
1572442200,22.12,22.195,21.77,21.99,22.137330401761222,21.876441687089745,0,0,0,14.72,,,,,1,1,1,1,,,,1758521,1778453.45
1572528600,21.88,21.895,21.37,21.6,22.02986432140898,21.85131062462704,0,0,0,14.72,,,,,1,1,1,1,,,,2090667,1778011.6
1572615000,21.77,22,21.69,21.97,22.017891457127185,21.862100567842763,0,0,0,14.72,,,,,1,1,1,1,,,,1126056,1756642.25
1572877800,22.2,22.53,22.125,22.52,22.118313165701746,21.921909607129784,0,0,0,14.72,,,,,1,1,1,1,,,,1912773,1790107.7
1572964200,22.63,22.97,22.41,22.51,22.196650532561396,21.975372370117984,0,0,0,14.72,,,,,1,1,1,1,,,,2391454,1809884.85
1573050600,22.44,22.71,22.2799,22.32,22.221320426049118,22.006702154652714,0,0,0,14.72,,,,,1,1,1,1,,,,3986947,1934231.2
1573137000,22.74,23.49,22.29,22.34,22.245056340839295,22.037001958775196,0,0,0,14.72,,,,,1,1,1,1,,,,8506190,2255550.75
1573223400,22.1,23.45,21.99,23.18,22.432045072671436,22.140910871613816,0,0,0,14.72,,,,,1,1,1,1,,,,62014351,5273940.4
1573482600,23.22,23.65,23.19,23.56,22.657636058137147,22.26991897419438,0,0,0,14.72,,,,,1,1,1,1,,,,12403362,5843379.55
1573569000,23.58,23.9,23.37,23.39,22.804108846509717,22.37174452199489,0,0,0,14.72,,,,,1,1,1,1,,,,10400893,6269129.1
1573655400,23.31,23.485,22.955,23.1,22.863287077207772,22.4379495654499,0,0,0,14.72,,,,,1,1,1,1,,,,15375238,6975973.45
1573741800,23.09,23.51,23.05,23.5,22.990629661766217,22.534499604954455,0,0,0,14.72,,,,,1,1,1,1,,,,8513968,7330206.95
1573828200,23.59,23.86,23.51,23.7,23.132503729412974,22.64045418632223,0,0,0,14.72,,,,,1,1,1,1,,,,4671561,7470049.7
1574087400,23.71,23.78,23.44,23.59,23.22400298353038,22.72677653302021,0,0,0,14.72,,,,,1,1,1,1,,,,5025399,7624982.65
1574173800,23.76,23.9,23.52,23.75,23.329202386824303,22.81979684820019,0,0,0,14.72,,,,,1,1,1,1,,,,6570374,7838568.25
1574260200,23.67,23.96,23.495,23.96,23.45536190945944,22.92345168018199,0,0,0,14.72,,,,,1,1,1,1,,,,6856577,8118554.9
1574346600,24.09,24.22,23.93,24,23.564289527567553,23.021319709256357,0,0,0,14.72,,,,,1,1,1,1,,,,5520627,8326904.1
1574433000,24.03,24.495,24.01,24.29,23.70943162205404,23.136654281142143,0,0,0,14.72,,,,,1,1,1,1,,,,11101269,8823019.3
1574692200,24.41,24.69,24.37,24.62,23.891545297643233,23.271503891947404,0,0,0,14.72,,,,,1,1,1,1,,,,5060160,8947087.2
1574778600,24.65,24.96,24.42,24.96,24.105236238114585,23.425003538134003,0,0,0,14.72,,,,,1,1,1,1,,,,7536343,9141136.5
1574865000,24.91,25.175,24.89,24.96,24.27618899049167,23.564548671030913,0,0,0,14.72,,,,,1,1,1,1,,,,4521133,9279267.1
1575037800,24.88,24.905,24.7201,24.74,24.368951192393336,23.671407882755375,0,0,0,14.72,,,,,1,1,1,1,,,,1074572,9228462.35
1575297000,24.85,25.08,24.48,24.52,24.39916095391467,23.748552620686706,0,0,0,14.72,,,,,1,1,1,1,,,,3614252,9352872.15
1575383400,24.13,24.21,23.58,23.64,24.247328763131737,23.738684200624277,0,0,0,14.72,,,,,1,1,1,1,,,,3652463,9439856.65
1575469800,23.78,24.03,23.76,23.9,24.17786301050539,23.7533492732948,0,0,0,14.72,,,,,1,1,1,1,,,,2778619,9459214.9
1575556200,23.98,24.33,23.93,24.33,24.208290408404313,23.805772066631636,0,0,0,14.72,,,,,1,1,1,1,,,,3142787,9417006.9
1575642600,24.66,24.92,24.515,24.76,24.31863232672345,23.892520060574213,0,0,0,14.72,,,,,1,1,1,1,,,,5224512,9252923
1575901800,24.76,24.76,24.3,24.52,24.35890586137876,23.949563691431102,0,0,0,14.72,,,,,1,1,1,1,,,,2606964,6282553.65
1575988200,24.5,24.57,24.35,24.45,24.377124689103006,23.995057901301003,0,0,0,14.72,,,,,1,1,1,1,,,,6521148,5988442.95
1576074600,24.41,24.505,24.09,24.27,24.355699751282405,24.020052637546367,0,0,0,14.72,,,,,1,1,1,1,,,,3206851,5628740.85
1576161000,24.26,24.88,24.24,24.86,24.456559801025925,24.096411488678516,0,0,0,14.72,,,,,1,1,1,1,,,,3940134,5056985.65
1576247400,24.77,25.015,24.6,24.64,24.49324784082074,24.145828626071378,0,0,0,14.72,,,,,1,1,1,1,,,,3415735,4802074
1576506600,24.93,24.98,24.63,24.83,24.56059827265659,24.20802602370125,0,0,0,14.72,,,,,1,1,1,1,,,,2552282,4696110.05
1576593000,24.89,25.08,24.71,24.75,24.598478618125274,24.257296385182954,0,0,0,14.72,,,,,1,1,1,1,,,,4329089,4661294.55
1576679400,24.85,24.91,24.43,24.57,24.592782894500218,24.28572398652996,0,0,0,14.72,,,,,1,1,1,1,,,,4984868,4582019.25
1576765800,24.63,25.025,24.545,24.97,24.668226315600172,24.347930896845416,0,0,0,14.72,,,,,1,1,1,1,,,,3542780,4416329.4
1576852200,25.13,25.13,24.78,24.93,24.72058105248014,24.400846269859468,0,0,0,14.72,,,,,1,1,1,1,,,,4267482,4353672.15
1577111400,24.9,24.92,24.61,24.74,24.724464841984112,24.43167842714497,0,0,0,14.72,,,,,1,1,1,1,,,,1905908,3893904.1
1577197800,24.8,24.8,24.585,24.62,24.70357187358729,24.448798570131792,0,0,0,14.72,,,,,1,1,1,1,,,,369248,3659358.5
1577370600,24.7,24.84,24.64,24.74,24.71085749886983,24.47527142739254,0,0,0,14.72,,,,,1,1,1,1,,,,980015,3331542.1
1577457000,24.74,24.775,24.49,24.6,24.688685999095867,24.486610388538672,0,0,0,14.72,,,,,1,1,1,1,,,,1821119,3196541.4
1577716200,24.7,24.78,24.57,24.71,24.692948799276692,24.506918535035158,0,0,0,14.72,,,,,1,1,1,1,,,,1328063,3209215.95
1577802600,24.69,24.885,24.59,24.78,24.710359039421355,24.531744122759235,0,0,0,14.72,,,,,1,1,1,1,,,,1487842,3102895.45
1577975400,24.93,24.98,24.58,24.9,24.748287231537084,24.565221929781124,0,0,0,14.72,,,,,1,1,1,1,,,,3166488,3078596.7
1578061800,24.55,24.65,24.28,24.37,24.672629785229667,24.547474481619204,0,0,0,14.72,,,,,1,1,1,1,,,,2403462,3059838.85
1578321000,24.33,24.56,24.215,24.43,24.624103828183735,24.536794983290186,0,0,0,14.72,,,,,1,1,1,1,,,,2534807,3029439.85
1578407400,24.33,25.02,24.33,24.96,24.691283062546987,24.575268166627442,0,0,0,14.72,,,,,1,1,1,1,,,,3217401,2929084.3
1578493800,25.01,25.66,25.01,25.45,24.843026450037588,24.654789242388585,0,0,0,14.72,,,,,1,1,1,1,,,,4434144,3020443.3
1578580200,25.7,25.965,25.48,25.8,25.03442116003007,24.75889931126235,0,0,0,14.72,,,,,1,1,1,1,,,,4280877,2908429.75
1578666600,25.81,26.1746,25.765,25.79,25.185536928024057,24.85263573751123,0,0,0,14.72,,,,,1,1,1,1,,,,3129575,2904565.95
1578925800,25.94,26.365,25.72,26.13,25.374429542419247,24.968759761373843,0,0,0,14.72,,,,,1,1,1,1,,,,5276252,2971371.85
1579012200,26.19,26.38,26.01,26.08,25.515543633935398,25.06978160124895,0,0,0,14.72,,,,,1,1,1,1,,,,3536016,2977385.9
1579098600,25.99,26.305,25.585,25.66,25.544434907148318,25.123437819317225,0,0,0,14.72,,,,,1,1,1,1,,,,4119080,3055725.8
1579185000,25.93,26.17,25.81,26.07,25.649547925718654,25.20948892665202,0,0,0,14.72,,,,,1,1,1,1,,,,4600341,3069288.4
1579271400,26.17,26.34,25.93,26.08,25.735638340574923,25.288626296956384,0,0,0,14.72,,,,,1,1,1,1,,,,5665040,3103297
1579617000,25.92,26.07,25.59,25.62,25.71251067245994,25.318751179051258,0,0,0,14.72,,,,,1,1,1,1,,,,3219083,3087112.15
1579703400,25.82,25.82,25.445,25.63,25.696008537967952,25.347046526410235,0,0,0,14.72,,,,,1,1,1,1,,,,2345654,2991020.75
1579789800,25.51,25.62,25.012,25.49,25.654806830374362,25.360042296736577,0,0,0,14.72,,,,,1,1,1,1,,,,4202306,3105840.65
1579876200,25.48,25.48,24.745,24.98,25.51984546429949,25.32549299703325,0,0,0,14.72,,,,,1,1,1,1,,,,3516326,3263194.55
1580135400,24.34,24.725,24.22,24.35,25.285876371439592,25.236811815484774,0,0,0,14.72,,,,,1,1,1,1,,,,2572205,3342804.05
1580221800,24.5,24.78,24.41,24.61,25.150701097151675,25.179828923167978,0,0,0,14.72,,,,,1,1,1,1,,,,2363124,3369904.3
1580308200,24.75,24.97,24.66,24.84,25.08856087772134,25.148935384698163,0,0,0,14.72,,,,,1,1,1,1,,,,2175659,3412284.1
1580394600,24.58,24.9,24.4,24.67,25.00484870217707,25.10539580427106,0,0,0,14.72,,,,,1,1,1,1,,,,3539723,3514878.15
1580481000,24.45,24.605,23.89,24.02,24.807878961741658,25.006723458428233,0,0,0,14.72,,,,,1,1,1,1,,,,4227585,3567933
1580740200,24.15,24.5,24.03,24.23,24.692303169393327,24.936112234934757,0,0,0,14.72,,,,,1,1,1,1,,,,2093966,3552458.2
1580826600,24.72,25.06,24.56,24.8,24.71384253551466,24.923738395395233,0,0,0,14.72,,,,,1,1,1,1,,,,2780393,3564737.5
1580913000,25.21,25.65,25.08,25.64,24.89907402841173,24.98885308672294,0,0,0,14.72,,,,,1,1,1,1,,,,3913391,3599537
1580999400,25.81,25.88,25.56,25.69,25.05725922272938,25.052593715202672,0,0,0,14.72,,,,,1,1,1,1,,,,2279007,3491780.15
1581085800,25.48,25.9,25.37,25.67,25.179807378183504,25.108721559275157,0,0,0,14.72,,,,,1,1,1,1,,,,2268837,3391178.15
1581345000,25.62,26.05,25.54,26.05,25.353845902546805,25.19429232661378,0,0,0,14.72,,,,,1,1,1,1,,,,1865459,3327972.35
1581431400,26.2,27.11,26.14,26.9,25.663076722037445,25.349356660557984,0,0,0,14.72,,,,,1,1,1,1,,,,3243492,3226334.35
1581517800,27.05,27.185,26.85,27,25.930461377629957,25.4994151459618,0,0,0,14.72,,,,,1,1,1,1,,,,2738126,3186439.85
1581604200,26.92,27.06,26.77,27,26.144369102103965,25.635831950874366,0,0,0,14.72,,,,,1,1,1,1,,,,1748706,3067921.15
1581690600,26.98,27.05,26.73,26.89,26.29349528168317,25.749847228067605,0,0,0,14.72,,,,,1,1,1,1,,,,1274830,2901645.6
1582036200,26.75,26.965,26.505,26.71,26.37679622534654,25.837133843697824,0,0,0,14.72,,,,,1,1,1,1,,,,1561623,2696474.75
1582122600,26.93,27.1,26.81,26.98,26.497436980277232,25.941030766998022,0,0,0,14.72,,,,,1,1,1,1,,,,2631103,2667075.75
1582209000,26.82,27.295,26.82,27.15,26.627949584221785,26.05093706090729,0,0,0,14.72,,,,,1,1,1,1,,,,2381182,2668852.15
1582295400,26.98,27.06,26.52,26.7,26.642359667377427,26.109942782642992,0,0,0,14.72,,,,,1,1,1,1,,,,2999888,2608731.25
1582554600,25.5,25.745,25.11,25.2,26.353887733901942,26.02722071149363,0,0,0,14.72,,,,,1,1,1,1,,,,3260532,2595941.55
1582641000,25.08,25.28,23.76,24.03,25.889110187121553,25.845655192266936,0,0,0,14.72,,,,,1,1,1,1,,,,5094740,2722068.3
1582727400,24.2,24.28,23.14,23.18,25.347288149697242,25.60332290206085,0,0,0,14.72,,,,,1,1,1,1,,,,5370195,2872421.85
1582813800,22.49,22.79,20.8,21.45,24.567830519757795,25.22574809278259,0,0,0,14.72,,,,,1,1,1,1,,,,7303875,3128832.65
1582900200,20.56,21.56,20.39,21.4,23.934264415806236,24.87795281162054,0,0,0,14.72,,,,,1,1,1,1,,,,7719580,3337825.5
1583159400,21.58,21.88,20.72,21.87,23.52141153264499,24.604502556018673,0,0,0,14.72,,,,,1,1,1,1,,,,7412270,3497059.75
1583245800,21.71,22.49,20.935,20.95,23.007129226115993,24.272275050926066,0,0,0,14.72,,,,,1,1,1,1,,,,8056041,3795163.5
1583332200,21.47,21.66,20.65,21.58,22.721703380892794,24.02752277356915,0,0,0,14.72,,,,,1,1,1,1,,,,6038361,3958061.9
1583418600,20.77,21.02,20.1,20.14,22.205362704714236,23.67411161233559,0,0,0,14.72,,,,,1,1,1,1,,,,5750879,4049936.3
1583505000,18.92,19.49,18.42,18.76,21.51629016377139,23.227374193032354,0,0,0,14.72,,,,,1,1,1,1,,,,7093511,4290661.5
1583760600,17.17,17.4,15.33,15.38,20.289032131017112,22.51397653912032,0,0,0,14.72,,,,,1,1,1,1,,,,5729573,4463698.3
1583847000,16.49,17.49,15.84,17.49,19.72922570481369,22.057251399200293,0,0,0,14.72,,,,,1,1,1,1,,,,7794013,4760126
1583933400,16.76,16.7645,15.725,15.82,18.947380563850952,21.49022854472754,0,0,0,14.72,,,,,1,1,1,1,,,,6678831,4931892.95
1584019800,14.51,14.77,13.42,14.14,17.985904451080764,20.82202594975231,0,0,0,14.72,,,,,1,1,1,1,,,,6682886,5129130.95
1584106200,15.36,16.24,14.42,16.15,17.61872356086461,20.397296317956645,0,0,0,14.72,,,,,1,1,1,1,,,,6268475,5355119.4
1584365400,15.5,15.5,13.21,13.25,16.744978848691687,19.747542107233315,0,0,0,14.72,,,,,1,1,1,1,,,,6959150,5639335.4
1584451800,13.51,13.5532,12.44,12.97,15.98998307895335,19.13140191566665,0,0,0,14.72,,,,,1,1,1,1,,,,6789063,5900707.4
1584538200,12.06,12.11,10.02,11.5,15.09198646316268,18.4376381051515,0,0,0,14.72,,,,,1,1,1,1,,,,6884162,6113360.35
1584624600,11.17,11.95,10.94,11.26,14.325589170530144,17.785125550137728,0,0,0,14.72,,,,,1,1,1,1,,,,6132484,6300925.45
1584711000,11.5,11.76,10.45,10.63,13.586471336424115,17.1346595910343,0,0,0,14.72,,,,,1,1,1,1,,,,7462642,6524063.15
1584970200,10.42,10.72,9.89,10.42,12.953177069139292,16.524235991849363,0,0,0,14.72,,,,,1,1,1,1,,,,7703214,6746197.25
1585056600,11.33,13.49,11.11,13.42,13.046541655311433,16.242032719863058,0,0,0,14.72,,,,,1,1,1,1,,,,5964952,6789707.85
1585143000,13.92,16.21,13.5,15.27,13.491233324249146,16.153666108966416,0,0,0,14.72,,,,,1,1,1,1,,,,6375142,6839955.2
1585229400,15.27,16.38,15.01,15.8,13.952986659399317,16.121514644514924,0,0,0,14.72,,,,,1,1,1,1,,,,5542686,6751895.75
1585315800,14.82,15.51,14.2123,14.87,14.136389327519453,16.007740585922658,0,0,0,14.72,,,,,1,1,1,1,,,,4291813,6580507.4
1585575000,14.72,15.67,14.525,15.46,14.401111462015562,15.957945987202416,0,0,0,9.89,27.295,,,,1,1,1,1,,,,3882385,6404013.15
1585661400,15.13,15.55,14.37,14.45,14.41088916961245,15.820859988365832,0,0,0,9.89,27.295,,,,1,1,1,1,,,,4451128,6223767.5
1585747800,13.98,14.05,13.18,13.36,14.20071133568996,15.59714544396894,0,0,0,9.89,27.295,,,,1,1,1,1,,,,3744728,6109085.85
1585834200,13.18,13.8,12.93,13.39,14.038569068551968,15.396495858153582,0,0,0,9.89,27.295,,,,1,1,1,1,,,,3785749,6010829.35
1585920600,13.28,13.54,12.57,13.02,13.834855254841575,15.18045078013962,0,0,0,9.89,27.295,,,,1,1,1,1,,,,3315152,5821911.4
1586179800,14.19,14.74,14.01,14.26,13.91988420387326,15.096773436490563,0,0,0,9.89,27.295,,,,1,1,1,1,,,,3645500,5717707.75
1586266200,15.67,15.73,14.24,14.38,14.011907363098608,15.031612214991421,0,0,0,9.89,27.295,,,,1,1,1,1,,,,4698756,5562944.9
1586352600,14.38,15.65,14.31,15.56,14.321525890478886,15.07964746817402,0,0,0,9.89,27.295,,,,1,1,1,1,,,,2565686,5357287.65
1586439000,16.28,17.4,16.1147,16.61,14.77922071238311,15.218770425612746,0,0,0,9.89,27.295,,,,1,1,1,1,,,,4218720,5234079.35
1586784600,16.56,16.56,15.44,16.08,15.039376569906487,15.297064023284314,0,0,0,9.89,27.295,,,,1,1,1,1,,,,5693551,5205333.15
1586871000,16.54,16.75,16.03,16.27,15.28550125592519,15.385512748440286,0,0,0,9.89,27.295,,,,1,1,1,1,,,,5764674,5145609.35
1586957400,15.29,15.56,14.895,15.04,15.236401004740152,15.354102498582078,0,0,0,9.89,27.295,,,,1,1,1,1,,,,3243904,4968351.4
1587043800,14.89,15.06,14.16,14.43,15.075120803792121,15.270093180529162,0,0,0,9.89,27.295,,,,1,1,1,1,,,,4948294,4871558
1587130200,15.5,15.875,15.29,15.75,15.210096643033697,15.31372107320833,0,0,0,9.89,27.295,,,,1,1,1,1,,,,6662679,4898067.75
1587389400,15.13,15.75,15.01,15.33,15.234077314426958,15.315200975643936,0,0,0,9.89,27.295,,,,1,1,1,1,,,,3422027,4696037
1587475800,14.6,14.8,14.08,14.63,15.113261851541568,15.252909977858124,0,0,0,9.89,27.295,,,,1,1,1,1,,,,3992123,4510482.45
1587562200,15.15,15.4,14.78,15.36,15.162609481233254,15.262645434416477,0,0,0,9.89,27.295,,,,1,1,1,1,,,,7796610,4602065.35
1587648600,15.62,15.98,15.29,15.33,15.196087584986604,15.268768576742252,0,0,0,9.89,27.295,,,,1,1,1,1,,,,2484420,4407529.25
1587735000,15.47,16.02,15.14,16,15.356870067989282,15.335244160674774,0,0,0,9.89,27.295,,,,1,1,1,1,,,,2770574,4268923.65
1587994200,16.22,16.56,16.08,16.42,15.569496054391426,15.433858327886158,0,0,0,9.89,27.295,,,,1,1,1,1,,,,3007910,4204728.5
1588080600,18.06,18.72,17.6,18.03,16.06159684351314,15.669871207169235,0,0,0,9.89,27.295,,,,1,1,1,1,,,,5105566,4265887.55
1588167000,18.98,19.31,18.68,18.96,16.64127747481051,15.968973824699304,0,0,0,9.89,27.295,,,,1,1,1,1,,,,3147703,4200716.3
1588253400,18.37,18.95,18.12,18.32,16.97702197984841,16.182703476999368,0,0,0,9.89,27.295,,,,1,1,1,1,,,,4173950,4222177.4
1588339800,17.68,17.87,17.22,17.34,17.049617583878728,16.28791225181761,0,0,0,9.89,27.295,,,,1,1,1,1,,,,3087665,4187273.2
1588599000,16.97,17.15,16.63,17.04,17.04769406710298,16.356283865288734,0,0,0,9.89,27.295,,,,1,1,1,1,,,,2720167,4157523.95
1588685400,17.34,17.7,16.615,16.72,16.982155253682386,16.389348968444303,0,0,0,9.89,27.295,,,,1,1,1,1,,,,3653804,4157939.15
1588771800,16.92,17.04,16.3,16.4,16.86572420294591,16.390317244040276,0,0,0,9.89,27.295,,,,1,1,1,1,,,,2132791,4029640.9
1588858200,16.76,17.71,16.62,17.46,16.984579362356726,16.487561130945704,0,0,0,9.89,27.295,,,,1,1,1,1,,,,4031244,4102918.8
1588944600,18.01,18.175,17.3631,17.85,17.15766348988538,16.61141920995064,0,0,0,9.89,27.295,,,,1,1,1,1,,,,3077301,4045847.85
1589203800,17.53,17.635,17.05,17.15,17.156130791908303,16.660381099955128,0,0,0,9.89,27.295,,,,1,1,1,1,,,,2798865,3901113.55
1589290200,17.28,17.57,16.41,16.42,17.008904633526644,16.63852827268648,0,0,0,9.89,27.295,,,,1,1,1,1,,,,3696919,3797725.8
1589376600,16.21,16.42,15.31,15.47,16.701123706821313,16.53229842971498,0,0,0,9.89,27.295,,,,1,1,1,1,,,,2086579,3739859.55
1589463000,15.03,16.35,14.5304,16.35,16.63089896545705,16.515725845195437,0,0,0,9.89,27.295,,,,1,1,1,1,,,,4314461,3708167.9
1589549400,16.08,16.79,15.84,16.5,16.60471917236564,16.514296222904942,0,0,0,9.89,27.295,,,,1,1,1,1,,,,3536079,3551837.9
1589808600,17.48,18.57,17.48,18.18,16.919775337892514,16.665723839004492,0,0,0,9.89,27.295,,,,1,1,1,1,,,,3732334,3567353.25
1589895000,18.06,18.06,17.14,17.23,16.98182027031401,16.717021671822266,0,0,0,9.89,27.295,,,,1,1,1,1,,,,2376290,3486561.6
1589981400,17.86,18.22,17.61,17.7,17.12545621625121,16.806383338020243,0,0,0,9.89,27.295,,,,1,1,1,1,,,,2347145,3214088.35
1590067800,17.66,18.185,17.5,18.01,17.302364973000966,16.915803034563858,0,0,0,9.89,27.295,,,,1,1,1,1,,,,3063474,3243041.05
1590154200,18.05,18.17,17.48,17.7,17.381891978400773,16.987093667785324,0,0,0,9.89,27.295,,,,1,1,1,1,,,,1764510,3192737.85
1590499800,18.58,19.47,18.4351,19.26,17.75751358272062,17.193721516168477,0,0,0,9.89,27.295,,,,1,1,1,1,,,,3237917,3204238.2
1590586200,20.43,20.97,19.87,20.1,18.226010866176495,17.45792865106225,0,0,0,9.89,27.295,,,,1,1,1,1,,,,4426894,3170304.6
1590672600,20.53,20.61,19.56,19.65,18.510808692941197,17.657207864602046,0,0,0,9.89,27.295,,,,1,1,1,1,,,,3711440,3198491.45
1590759000,19.1,19.45,18.85,19.11,18.630646954352958,17.78927987691095,0,0,0,9.89,27.295,,,,1,1,1,1,,,,4436287,3211608.3
1591018200,19.16,19.82,19,19.42,18.788517563482365,17.937527160828136,0,0,0,9.89,27.295,,,,1,1,1,1,,,,1995428,3156996.45
1591104600,19.5,19.95,19.48,19.7,18.970814050785894,18.097751964389214,0,0,0,9.89,27.295,,,,1,1,1,1,,,,2431293,3142552.75
1591191000,20.32,21.17,20.09,20.97,19.370651240628714,18.358865422172013,0,0,0,9.89,27.295,,,,1,1,1,1,,,,2641238,3091924.45
1591277400,20.82,21.85,20.57,21.81,19.85852099250297,18.672604929247285,0,0,0,9.89,27.295,,,,1,1,1,1,,,,4159506,3193260.2
1591363800,23.76,24.19,21.985,22.19,20.324816794002377,18.99236811749753,0,0,0,9.89,27.295,,,,1,1,1,1,,,,4457522,3214574.1
1591623000,22.76,23.28,22.61,23.05,20.8698534352019,19.361243743179575,0,0,0,9.89,27.295,,,,1,1,1,1,,,,5504078,3335912.95
1591709400,22.09,22.59,21.7601,22.12,21.11988274816152,19.612039766526888,0,0,0,9.89,27.295,,,,1,1,1,1,,,,4008137,3396376.55
1591795800,21.9,22.31,21.27,21.62,21.219906198529216,19.794581605933534,0,0,0,9.89,27.295,,,,1,1,1,1,,,,5703458,3496703.5
1591882200,20.09,20.91,19.35,19.37,20.849924958823372,19.755983278121395,0,0,0,9.89,27.295,,,,1,1,1,1,,,,4336827,3609215.9
1591968600,20.53,20.63,19.98,20.6,20.799939967058698,19.83271207101945,0,0,0,9.89,27.295,,,,1,1,1,1,,,,4055982,3596291.95
1592227800,19.6,20.965,19.35,20.75,20.789951973646957,19.916101882744954,0,0,0,9.89,27.295,,,,1,1,1,1,,,,4140777,3626526.85
1592314200,21.94,21.97,20.62,21.04,20.839961578917567,20.01827443885905,0,0,0,9.89,27.295,,,,1,1,1,1,,,,6046834,3742251.85
1592400600,21.08,21.2,20.08,20.17,20.705969263134055,20.032067671690044,0,0,0,9.89,27.295,,,,1,1,1,1,,,,4460737,3846474.2
1592487000,19.83,20.36,19.7,20.01,20.566775410507244,20.03006151971822,0,0,0,9.89,27.295,,,,1,1,1,1,,,,5270871,3992660.5
1592573400,20.55,20.56,19.255,19.68,20.389420328405794,19.99823774519838,0,0,0,9.89,27.295,,,,1,1,1,1,,,,6373800,4158176.8
1592832600,19.58,19.845,19.15,19.57,20.225536262724635,19.95930704108944,0,0,0,9.89,27.295,,,,1,1,1,1,,,,2545446,4197223.6
1592919000,20,20.27,19.52,19.7,20.12042901017971,19.93573367371767,0,0,0,9.89,27.295,,,,1,1,1,1,,,,3269556,4198805.55
1593005400,19.35,19.42,18.455,18.81,19.85834320814377,19.833394248834246,0,0,0,9.89,27.295,,,,1,1,1,1,,,,5389299,4246925.8
1593091800,18.59,19.895,18.57,19.76,19.838674566515014,19.82672204439477,0,0,0,9.89,27.295,,,,1,1,1,1,,,,6060309,4364369.25
1593178200,19.31,19.42,18.84,18.99,19.66893965321201,19.750656403995247,0,0,0,9.89,27.295,,,,1,1,1,1,,,,5892593,4437184.55
1593437400,19.21,19.21,18.74,19.01,19.537151722569607,19.683324003632045,0,0,0,9.89,27.295,,,,1,1,1,1,,,,2083853,4441605.8
1593523800,18.83,19.44,18.735,19.29,19.487721378055685,19.647567276029132,0,0,0,9.89,27.295,,,,1,1,1,1,,,,2145891,4427335.7
1593610200,19.24,19.55,18.75,18.86,19.362177102444548,19.575970250935576,0,0,0,9.89,27.295,,,,1,1,1,1,,,,2677021,4429124.85
1593696600,19.41,19.75,18.96,19.02,19.293741681955638,19.525427500850522,0,0,0,9.89,27.295,,,,1,1,1,1,,,,3149716,4378635.35
1594042200,19.64,20.06,19.2,19.42,19.31899334556451,19.515843182591386,0,0,0,9.89,27.295,,,,1,1,1,1,,,,3429584,4327238.45
1594128600,19.15,19.25,18.81,18.89,19.23319467645161,19.458948347810352,0,0,0,9.89,27.295,,,,1,1,1,1,,,,2200926,4162080.85
1594215000,18.81,19.52,18.81,19.2,19.226555741161288,19.4354075889185,0,0,0,9.89,27.295,,,,1,1,1,1,,,,2435664,4083457.2
1594301400,19.06,19.23,18.06,18.14,19.00924459292903,19.31764326265318,0,0,0,9.89,27.295,,,,1,1,1,1,,,,2682252,3932396.9
1594387800,18.1,19.22,18.1,19.21,19.049395674343224,19.307857511502892,0,0,0,9.89,27.295,,,,1,1,1,1,,,,3022390,3866675.05
1594647000,19.59,19.89,19.32,19.51,19.14151653947458,19.326234101366264,0,0,0,9.89,27.295,,,,1,1,1,1,,,,3476582,3837705.05
1594733400,19.54,19.67,19.165,19.62,19.237213231579663,19.35294009215115,0,0,0,9.89,27.295,,,,1,1,1,1,,,,2265516,3743942
1594819800,20.25,20.67,19.72,20.58,19.50577058526373,19.464490992864683,0,0,0,9.89,27.295,,,,1,1,1,1,,,,2488662,3566033.4
1594906200,20.32,20.92,20.2182,20.47,19.698616468210982,19.555900902604257,0,0,0,9.89,27.295,,,,1,1,1,1,,,,2930552,3489524.15
1594992600,20.45,20.66,20.155,20.29,19.816893174568786,19.622637184185688,0,0,0,9.89,27.295,,,,1,1,1,1,,,,1722739,3312117.55
1595251800,20.1,20.26,19.85,19.98,19.84951453965503,19.65512471289608,0,0,0,9.89,27.295,,,,1,1,1,1,,,,2090272,3097941.15
1595338200,20.08,20.45,20.05,20.16,19.911611631724025,19.701022466269162,0,0,0,9.89,27.295,,,,1,1,1,1,,,,2389656,3090151.65
1595424600,20.05,20.59,19.98,20.36,20.00128930537922,19.760929514790146,0,0,0,9.89,27.295,,,,1,1,1,1,,,,3397900,3096568.85
1595511000,20.22,20.73,20.22,20.59,20.119031444303378,19.836299558900134,0,0,0,9.89,27.295,,,,1,1,1,1,,,,2524065,2953307.15
1595597400,20.66,20.73,20.27,20.3,20.155225155442704,19.87845414445467,0,0,0,9.89,27.295,,,,1,1,1,1,,,,1926393,2746611.35
1595856600,20.14,20.375,19.74,20.28,20.180180124354163,19.91495831314061,0,0,0,9.89,27.295,,,,1,1,1,1,,,,1637580,2533860.7
1595943000,20.12,20.41,19.99,20.04,20.15214409948333,19.926325739218736,0,0,0,9.89,27.295,,,,1,1,1,1,,,,1505516,2504943.85
1596029400,20.03,20.7,20.03,20.69,20.259715279586665,19.99575067201703,0,0,0,9.89,27.295,,,,1,1,1,1,,,,2693971,2532347.85
1596115800,20.1,20.305,19.805,20.25,20.25777222366933,20.01886424728821,0,0,0,9.89,27.295,,,,1,1,1,1,,,,1818389,2489416.25
1596202200,20.37,20.51,19.99,20.46,20.298217778935467,20.058967497534738,0,0,0,9.89,27.295,,,,1,1,1,1,,,,2397414,2451801.15
1596461400,20.54,20.95,20.41,20.82,20.402574223148374,20.128152270486126,0,0,0,9.89,27.295,,,,1,1,1,1,,,,1867582,2373701.05
1596547800,20.71,20.97,20.61,20.76,20.4740593785187,20.185592973169207,0,0,0,9.89,27.295,,,,1,1,1,1,,,,1947341,2361021.8
1596634200,21.15,21.84,20.475,21.05,20.58924750281496,20.264175430153823,0,0,0,9.89,27.295,,,,1,1,1,1,,,,3737043,2426090.75
1596720600,20.78,20.95,20.285,20.61,20.593398002251966,20.295614027412565,0,0,0,9.89,27.295,,,,1,1,1,1,,,,2906469,2437301.6
1596807000,20.48,21.49,20.25,21.45,20.764718401801574,20.400558206738694,0,0,0,9.89,27.295,,,,1,1,1,1,,,,1785159,2375440.05
1597066200,21.41,21.84,21.39,21.59,20.92977472144126,20.508689278853357,0,0,0,9.89,27.295,,,,1,1,1,1,,,,2001536,2301687.75
1597152600,22.27,22.55,21.76,21.78,21.09981977715301,20.62426298077578,0,0,0,9.89,27.295,,,,1,1,1,1,,,,2259519,2301387.9
1597239000,22.26,22.27,21.38,21.54,21.187855821722408,20.70751180070525,0,0,0,9.89,27.295,,,,1,1,1,1,,,,2293278,2291618.7
1597325400,21.28,21.78,21.17,21.71,21.292284657377927,20.79864709155023,0,0,0,9.89,27.295,,,,1,1,1,1,,,,2021139,2246148.05
1597411800,21.48,21.89,21.46,21.8,21.39382772590234,20.88967917413657,0,0,0,9.89,27.295,,,,1,1,1,1,,,,1810736,2250547.9
1597671000,21.8,21.84,21.305,21.44,21.40306218072187,20.939708340124156,0,0,0,9.89,27.295,,,,1,1,1,1,,,,2223353,2257201.95
1597757400,21.36,21.6,20.95,21.02,21.3264497445775,20.94700758193105,0,0,0,9.89,27.295,,,,1,1,1,1,,,,2685058,2271972.05
1597843800,21.02,21.48,20.92,20.98,21.257159795661998,20.95000689266459,0,0,0,9.89,27.295,,,,1,1,1,1,,,,2458766,2225015.35
1597930200,20.65,21.07,20.5204,20.83,21.171727836529598,20.939097175149627,0,0,0,9.89,27.295,,,,1,1,1,1,,,,1901125,2193868.35
1598016600,20.77,20.97,20.65,20.65,21.06738226922368,20.912815613772388,0,0,0,9.89,27.295,,,,1,1,1,1,,,,1503568,2172727.1
1598275800,20.88,21.7,20.78,21.53,21.15990581537894,20.968923285247627,0,0,0,9.89,27.295,,,,1,1,1,1,,,,1770392,2179367.7
1598362200,21.75,21.93,21.365,21.45,21.217924652303154,21.012657532043296,0,0,0,9.89,27.295,,,,1,1,1,1,,,,2434182,2225801
1598448600,21.5,21.51,21.09,21.16,21.20633972184252,21.02605230185754,0,0,0,9.89,27.295,,,,1,1,1,1,,,,2491356,2215670.25
1598535000,21.17,21.775,21.1004,21.44,21.253071777474016,21.06368391077958,0,0,0,9.89,27.295,,,,1,1,1,1,,,,3689758,2309238.7
1598621400,21.74,21.92,21.26,21.61,21.32445742197921,21.11334900979962,0,0,0,9.89,27.295,,,,1,1,1,1,,,,2442477,2311491.85
1598880600,21.62,21.62,21.12,21.19,21.297565937583368,21.12031728163602,0,0,0,9.89,27.295,,,,1,1,1,1,,,,4009927,2418609.1
1598967000,21.07,21.475,20.89,21.1,21.258052750066696,21.118470256032744,0,0,0,9.89,27.295,,,,1,1,1,1,,,,2240425,2433263.3
1599053400,21.6,21.66,21.19,21.57,21.320442200053357,21.15951841457522,0,0,0,9.89,27.295,,,,1,1,1,1,,,,2900992,2391460.75
1599139800,21.8,22.15,21.07,21.11,21.278353760042684,21.155016740522928,0,0,0,9.89,27.295,,,,1,1,1,1,,,,2941608,2393217.7
1599226200,21.59,21.59,20.62,20.97,21.216683008034146,21.138197036839024,0,0,0,9.89,27.295,,,,1,1,1,1,,,,3229271,2465423.3
1599571800,20.63,20.705,19.88,19.91,20.955346406427317,21.026542760762748,0,0,0,9.89,27.295,,,,1,1,1,1,,,,3302528,2530472.9
1599658200,20.09,20.24,19.9,20,20.764277125141852,20.933220691602497,0,0,0,9.89,27.295,,,,1,1,1,1,,,,2255643,2530279.1
1599744600,20.09,20.205,19.27,19.28,20.467421700113483,20.782927901456816,0,0,0,9.89,27.295,,,,1,1,1,1,,,,3061680,2568699.2
1599831000,19.34,19.67,19.12,19.62,20.29793736009079,20.67720718314256,0,0,0,9.89,27.295,,,,1,1,1,1,,,,2436047,2589444.6
1600090200,19.78,20.04,19.61,19.85,20.208349888072632,20.6020065301296,0,0,0,9.89,27.295,,,,1,1,1,1,,,,2206152,2609215.4
1600176600,19.88,19.91,18.9,19,19.966679910458105,20.45636957284509,0,0,0,9.89,27.295,,,,1,1,1,1,,,,2981979,2647146.7
1600263000,19.06,19.33,18.88,19.07,19.787343928366482,20.33033597531372,0,0,0,9.89,27.295,,,,1,1,1,1,,,,4829850,2754386.3
1600349400,18.79,19.27,18.56,19.1,19.649875142693187,20.2184872502852,0,0,0,9.89,27.295,,,,1,1,1,1,,,,3227451,2792820.55
1600435800,19.09,19.465,18.95,19.09,19.53790011415455,20.115897500259273,0,0,0,9.89,27.295,,,,1,1,1,1,,,,5373696,2966449.1
1600695000,18.5,18.72,17.47,17.64,19.158320091323638,19.890815909326612,0,0,0,9.89,27.295,,,,1,1,1,1,,,,4528626,3117702
1600781400,17.61,18.055,17.6,17.95,18.91665607305891,19.71437809938783,0,0,0,9.89,27.295,,,,1,1,1,1,,,,3848154,3221590.1
1600867800,17.95,18.485,17.8,17.84,18.701324858447126,19.543980090352573,0,0,0,9.89,27.295,,,,1,1,1,1,,,,2612315,3230496.75
1600954200,17.88,18.29,17.33,17.93,18.5470598867577,19.39725462759325,0,0,0,9.89,27.295,,,,1,1,1,1,,,,2788357,3245346.8
1601040600,17.74,18.13,17.69,17.92,18.42164790940616,19.2629587523575,0,0,0,9.89,27.295,,,,1,1,1,1,,,,1849522,3153335
1601299800,18.37,18.845,18.335,18.61,18.45931832752493,19.203598865779544,0,0,0,9.89,27.295,,,,1,1,1,1,,,,2692393,3165830.8
1601386200,18.59,18.695,18.18,18.34,18.435454662019943,19.125089877981402,0,0,0,9.89,27.295,,,,1,1,1,1,,,,1653172,3047993.05
1601472600,18.47,18.58,18.005,18.24,18.396363729615953,19.044627161801273,0,0,0,9.89,27.295,,,,1,1,1,1,,,,1895362,3030739.9
1601559000,18.41,18.87,18.28,18.61,18.43909098369276,19.00511560163752,0,0,0,9.89,27.295,,,,1,1,1,1,,,,2688197,3020100.15
1601645400,18.14,18.815,18.14,18.75,18.50127278695421,18.981923274215927,0,0,0,9.89,27.295,,,,1,1,1,1,,,,1734740,2959756.75
1601904600,19.12,19.52,18.98,19.43,18.687018229563368,19.02265752201448,0,0,0,9.89,27.295,,,,1,1,1,1,,,,2432340,2919910.2
1601991000,19.7,20.205,19.33,19.35,18.819614583650694,19.052415929104072,0,0,0,9.89,27.295,,,,1,1,1,1,,,,3516420,2930604.8
1602077400,19.58,20.26,19.49,20.17,19.089691666920555,19.154014481003703,0,0,0,9.89,27.295,,,,1,1,1,1,,,,3076110,2971628.15
1602163800,20.38,21.15,20.3,21.14,19.499753333536443,19.334558619094274,0,0,0,9.89,27.295,,,,1,1,1,1,,,,4672209,3052154.6
1602250200,21.44,21.44,20.81,20.81,19.761802666829155,19.468689653722066,0,0,0,9.89,27.295,,,,1,1,1,1,,,,2389996,3049852.05
1602509400,20.93,21.44,20.84,21.3,20.069442133463323,19.635172412474606,0,0,0,9.89,27.295,,,,1,1,1,1,,,,2261197,3052604.3
1602595800,21.13,21.22,20.595,20.61,20.17755370677066,19.72379310224964,0,0,0,9.89,27.295,,,,1,1,1,1,,,,2119569,3009483.8
1602682200,20.69,20.91,20.28,20.3,20.202042965416528,19.776175547499673,0,0,0,9.89,27.295,,,,1,1,1,1,,,,2118471,2873914.85
1602768600,20.02,20.695,19.88,20.58,20.27763437233322,19.849250497726974,0,0,0,9.89,27.295,,,,1,1,1,1,,,,2503026,2837693.6
1602855000,20.65,20.66,20.1812,20.26,20.274107497866577,19.886591361569977,0,0,0,9.89,27.295,,,,1,1,1,1,,,,1849507,2661484.15
1603114200,20.37,20.455,19.84,19.89,20.19728599829326,19.886901237790887,0,0,0,9.89,27.295,,,,1,1,1,1,,,,2214834,2545794.55
1603200600,20.19,20.51,19.96,19.96,20.14982879863461,19.893546579809897,0,0,0,9.89,27.295,,,,1,1,1,1,,,,2249807,2465877.2
1603287000,19.89,20.15,19.79,19.82,20.083863038907687,19.886860527099905,0,0,0,9.89,27.295,,,,1,1,1,1,,,,3211588,2495840.85
1603373400,19.88,20.45,19.67,20.3,20.12709043112615,19.924418660999915,0,0,0,9.89,27.295,,,,1,1,1,1,,,,2728999,2492872.95
1603459800,20.53,20.82,20.43,20.59,20.219672344900918,19.98492605545447,0,0,0,9.89,27.295,,,,1,1,1,1,,,,2712278,2536010.75
1603719000,20.26,20.33,19.35,19.65,20.105737875920735,19.954478232231335,0,0,0,9.89,27.295,,,,1,1,1,1,,,,2302008,2516491.5
1603805400,19.56,19.72,18.49,18.5,19.78459030073659,19.822252938392122,0,0,0,9.89,27.295,,,,1,1,1,1,,,,3263607,2597013.25
1603891800,18.95,20.53,18.44,20.17,19.86167224058927,19.8538663076292,0,0,0,9.89,27.295,,,,1,1,1,1,,,,6745552,2839522.75
1603978200,19.99,21.38,19.92,21.22,20.133337792471416,19.97806027966291,0,0,0,9.89,27.295,,,,1,1,1,1,,,,5646377,2987431.75
1604064600,20.99,21.5,20.86,21.49,20.404670233977132,20.115509345148098,0,0,0,9.89,27.295,,,,1,1,1,1,,,,4774446,3139417.05
1604327400,21.95,22.565,21.85,21.94,20.711736187181707,20.281372131952818,0,0,0,9.89,27.295,,,,1,1,1,1,,,,4617152,3248657.65
1604413800,22.52,22.755,22.15,22.42,21.053388949745365,20.475792847229833,0,0,0,9.89,27.295,,,,1,1,1,1,,,,4139518,3279812.55
1604500200,21.9,23.035,21.25,22.24,21.29071115979629,20.636175315663486,0,0,0,9.89,27.295,,,,1,1,1,1,,,,4046767,3328345.4
1604586600,21.66,23.45,21.66,22.98,21.628568927837033,20.849250286966807,0,0,0,9.89,27.295,,,,1,1,1,1,,,,3798832,3284676.55
1604673000,23.26,23.26,22.49,22.6,21.822855142269628,21.008409351788007,0,0,0,9.89,27.295,,,,1,1,1,1,,,,2819336,3306143.55
1604932200,24.87,25.42,24.17,24.18,22.294284113815703,21.296735774352733,0,0,0,9.89,27.295,,,,1,1,1,1,,,,4673200,3426743.7
1605018600,24.19,24.9,23.95,24.71,22.77742729105256,21.607032522138848,0,0,0,9.89,27.295,,,,1,1,1,1,,,,4076896,3524610.05
1605105000,24.78,24.96,24.36,24.57,23.13594183284205,21.876393201944406,0,0,0,9.89,27.295,,,,1,1,1,1,,,,3458895,3591631.25
1605191400,24.22,24.43,24.02,24.17,23.342753466273642,22.084902910858553,0,0,0,9.89,27.295,,,,1,1,1,1,,,,4140620,3673510.95
1605277800,24.48,24.725,24.4,24.61,23.596202773018913,22.314457191689595,0,0,0,9.89,27.295,,,,1,1,1,1,,,,3040897,3733080.45
1605537000,25.17,25.32,24.51,24.59,23.79496221841513,22.521324719717814,0,0,0,9.89,27.295,,,,1,1,1,1,,,,4427323,3843704.9
1605623400,24.3,24.64,24.165,24.34,23.903969774732104,22.686658836107103,0,0,0,9.89,27.295,,,,1,1,1,1,,,,4027579,3932593.5
1605709800,24.61,25.39,24.35,24.64,24.051175819785684,22.86423530555191,0,0,0,9.89,27.295,,,,1,1,1,1,,,,2954518,3919740
1605796200,24.32,25.01,24.27,24.72,24.184940655828548,23.032941186865376,0,0,0,9.89,27.295,,,,1,1,1,1,,,,3906602,3978620.15
1605882600,24.45,24.92,24.38,24.74,24.295952524662837,23.188128351695795,0,0,0,9.89,27.295,,,,1,1,1,1,,,,3020461,3994029.3
1606141800,25.11,25.49,24.98,25.06,24.44876201973027,23.358298501541633,0,0,0,9.89,27.295,,,,1,1,1,1,,,,3932584,4075558.1
1606228200,25.55,26.71,25.435,26.52,24.863009615784218,23.645725910492395,0,0,0,9.89,27.295,,,,1,1,1,1,,,,4832240,4153989.75
1606314600,26.21,26.445,25.99,26.38,25.166407692627374,23.894296282265813,0,0,0,9.89,27.295,,,,1,1,1,1,,,,2734851,3953454.7
1606487400,26.33,26.4,25.92,26,25.333126154101897,24.08572389296892,0,0,0,9.89,27.295,,,,1,1,1,1,,,,1182203,3730246
1606746600,25.84,26.26,25.285,25.38,25.342500923281516,24.203385357244475,0,0,0,9.89,27.295,,,,1,1,1,1,,,,4775780,3730312.7
1606833000,26.08,26.465,25.85,26.37,25.548000738625213,24.400350324767704,0,0,0,9.89,27.295,,,,1,1,1,1,,,,3606281,3679769.15
1606919400,26.24,26.61,26.16,26.58,25.75440059090017,24.598500295243365,0,0,0,9.89,27.295,,,,1,1,1,1,,,,2740491,3609817.8
1607005800,26.58,26.6,26.31,26.44,25.891520472720135,24.76590935931215,0,0,0,9.89,27.295,,,,1,1,1,1,,,,2279890,3521473.95
1607092200,26.81,27.21,26.735,27.12,26.13721637817611,24.979917599374684,0,0,0,9.89,27.295,,,,1,1,1,1,,,,1885696,3425817.15
1607351400,26.83,27,26.285,26.49,26.207773102540887,25.11719781761335,0,0,0,9.89,27.295,,,,1,1,1,1,,,,1954261,3382563.4
1607437800,26.11,26.755,26.11,26.61,26.28821848203271,25.252907106921224,0,0,0,9.89,27.295,,,,1,1,1,1,,,,2430835,3270445.15
1607524200,26.88,27.06,26.325,26.49,26.32857478562617,25.36537009720111,0,0,0,9.89,27.295,,,,1,1,1,1,,,,3320932,3232646.95
1607610600,26.07,26.55,25.94,26.43,26.348859828500935,25.462154633819193,0,0,0,9.89,27.295,,,,1,1,1,1,,,,1810699,3150237.15
1607697000,26.05,26.22,25.725,25.99,26.277087862800748,25.510140576199266,0,0,0,9.89,27.295,,,,1,1,1,1,,,,1659481,3026180.2
1607956200,26.41,26.41,25.255,25.27,26.0756702902406,25.488309614726607,0,0,0,9.89,27.295,,,,1,1,1,1,,,,2619543,3005112.5
1608042600,25.69,25.8,25.165,25.77,26.01453623219248,25.513917831569643,0,0,0,9.89,27.295,,,,1,1,1,1,,,,3874540,2977473.35
1608129000,25.94,25.94,25.29,25.68,25.947628985753983,25.529016210517856,0,0,0,9.89,27.295,,,,1,1,1,1,,,,2747062,2913447.5
1608215400,25.95,25.985,25.53,25.87,25.932103188603186,25.560014736834415,0,0,0,9.89,27.295,,,,1,1,1,1,,,,4286252,2980034.2
1608301800,25.83,26,24.97,25.17,25.779682550882548,25.52455885166765,0,0,0,9.89,27.295,,,,1,1,1,1,,,,5373436,3053375.9
1608561000,25.04,25.13,24.565,24.85,25.593746040706037,25.463235319697862,0,0,0,9.89,27.295,,,,1,1,1,1,,,,3087988,3056752.25
1608647400,24.89,25.115,24.76,24.84,25.44299683256483,25.406577563361694,0,0,0,9.89,27.295,,,,1,1,1,1,,,,2157123,2967979.2
1608733800,25.11,25.62,25.11,25.37,25.428397466051866,25.40325233032881,0,0,0,9.89,27.295,,,,1,1,1,1,,,,1342499,2793492.15
1608820200,25.4,25.44,25.03,25.1,25.362717972841494,25.375683936662558,0,0,0,9.89,27.295,,,,1,1,1,1,,,,778213,2695660.25
1609165800,25.2,25.68,25.06,25.07,25.304174378273196,25.347894487875053,0,0,0,9.89,27.295,,,,1,1,1,1,,,,994114,2686255.8
1609252200,25.2,25.35,24.83,24.86,25.215339502618555,25.303540443522774,0,0,0,9.89,27.295,,,,1,1,1,1,,,,934806,2494207.1
1609338600,24.88,25.56,24.83,25.23,25.218271602094845,25.296854948657067,0,0,0,9.89,27.295,,,,1,1,1,1,,,,952794,2361532.75
1609425000,25.2,25.675,25.04,25.59,25.292617281675877,25.32350449877915,0,0,0,9.89,27.295,,,,1,1,1,1,,,,1169677,2282992.05
1609770600,25.75,25.77,24.595,24.72,25.178093825340703,25.26864045343559,0,0,0,9.89,27.295,,,,1,1,1,1,,,,3125080,2325251.55
1609857000,24.73,25.345,24.6,25.14,25.17047506027256,25.25694586675963,0,0,0,9.89,27.295,,,,1,1,1,1,,,,2033178,2332625.65
1609943400,25.8,27.329,25.8,27.12,25.56038004821805,25.426314424326936,0,0,0,9.89,27.295,,,,1,1,1,1,,,,5574009,2513613.05
1610029800,27.41,27.5,26.7282,26.8,25.80830403857444,25.551194931206304,0,0,0,9.89,27.295,,,,1,1,1,1,,,,2368656,2510504.1
1610116200,26.97,27.01,26.44,26.72,25.990643230859554,25.657449937460274,0,0,0,9.89,27.295,,,,1,1,1,1,,,,1838582,2436386.6
1610375400,26.39,26.99,26.34,26.82,26.156514584687642,25.76313630678207,0,0,0,9.89,27.295,,,,1,1,1,1,,,,1775453,2434624.3
1610461800,27.11,27.755,27.01,27.69,26.463211667750112,25.938305733438245,0,0,0,9.89,27.295,,,,1,1,1,1,,,,3355635,2519432
1610548200,27.46,27.69,27.235,27.42,26.65456933420009,26.073005212216586,0,0,0,9.89,27.295,,,,1,1,1,1,,,,2736024,2525256.05
1610634600,27.64,28.125,27.4,27.89,26.901655467360072,26.23818655656053,0,0,0,9.89,27.295,,,,1,1,1,1,,,,2493936,2456225.85
1610721000,27.58,27.72,27.015,27.5,27.021324373888056,26.35289686960048,0,0,0,9.89,27.295,,,,1,1,1,1,,,,4264749,2532110.2
1611066600,27.65,28.045,27.535,27.71,27.159059499110445,26.476269881454982,0,0,0,9.89,27.295,,,,1,1,1,1,,,,4367590,2536177.1
1611153000,27.93,27.98,27.4,27.46,27.219247599288355,26.5656998922318,0,0,0,9.89,27.295,,,,1,1,1,1,,,,2889489,2411979.75
1611239400,27.38,27.605,27.24,27.25,27.225398079430683,26.627908992938,0,0,0,9.89,27.295,,,,1,1,1,1,,,,3356888,2425424.75
1611325800,26.95,27.16,26.8,26.92,27.164318463544546,26.654462720852727,0,0,0,9.89,27.295,,,,1,1,1,1,,,,2616752,2448406.2
1611585000,26.65,26.975,26.42,26.66,27.063454770835637,26.654966109866116,0,0,0,9.89,27.295,,,,1,1,1,1,,,,2188056,2490684.05
1611671400,26.88,26.96,25.92,25.94,26.83876381666851,26.58996919078738,0,0,0,9.89,27.295,,,,1,1,1,1,,,,3292149,2616380.85
1611757800,25.44,25.64,24.65,24.74,26.41901105333481,26.42179017344307,0,0,0,9.89,27.295,,,,1,1,1,1,,,,3982205,2765785.4
1611844200,25.04,25.78,25.025,25.49,26.233208842667846,26.337081975857338,0,0,0,9.89,27.295,,,,1,1,1,1,,,,3860936,2912091.9
1611930600,25.28,25.495,24.56,24.78,25.942567074134278,26.195529068961218,0,0,0,9.89,27.295,,,,1,1,1,1,,,,5504694,3139686.9
1612189800,25.02,25.16,24.67,25.05,25.76405365930742,26.091390062692017,0,0,0,9.89,27.295,,,,1,1,1,1,,,,2704202,3216413.15
1612276200,25.44,25.69,25.25,25.33,25.67724292744594,26.02217278426547,0,0,0,9.89,27.295,,,,1,1,1,1,,,,4008278,3260573.05
1612362600,25.51,25.785,25.335,25.7,25.68179434195675,25.992884349332247,0,0,0,9.89,27.295,,,,1,1,1,1,,,,3842471,3351037.7
1612449000,25.81,26.3083,25.69,26.25,25.795435473565398,26.01625849939295,0,0,0,9.89,27.295,,,,1,1,1,1,,,,3535036,3249089.05
1612535400,26.5,26.805,26.34,26.75,25.98634837885232,26.08296227217541,0,0,0,9.89,27.295,,,,1,1,1,1,,,,3179735,3289643
1612794600,26.83,27.36,26.79,27.18,26.225078703081856,26.18269297470492,0,0,0,9.89,27.295,,,,1,1,1,1,,,,2864115,3340919.65
1612881000,27.16,27.665,27.05,27.58,26.496062962465484,26.30972088609538,0,0,0,9.89,27.295,,,,1,1,1,1,,,,2155399,3359916.95
1612967400,27.71,27.85,27.465,27.67,26.730850369972387,26.433382623723073,0,0,0,9.89,27.295,,,,1,1,1,1,,,,2368711,3310570.75
1613053800,27.75,27.8,27.08,27.53,26.89068029597791,26.533075112475522,0,0,0,9.89,27.295,,,,1,1,1,1,,,,2658250,3306682.05
1613140200,27.67,27.9,27.14,27.35,26.982544236782328,26.607341011341383,0,0,0,9.89,27.295,,,,1,1,1,1,,,,2119159,3287943.2
1613485800,27.69,28.24,27.65,27.99,27.184035389425862,26.73303728303762,0,0,0,9.89,27.295,,,,1,1,1,1,,,,3899901,3269700.8
1613572200,27.93,28.315,27.62,27.87,27.32122831154069,26.8363975300342,0,0,0,9.89,27.295,,,,1,1,1,1,,,,2830941,3192868.35
1613658600,28.02,28.2,27.57,27.85,27.426982649232553,26.928543209122,0,0,0,9.89,27.295,,,,1,1,1,1,,,,3444083,3220598.05
1613745000,28.05,28.79,27.96,28.69,27.67958611938604,27.088675644656366,0,0,0,9.89,27.295,,,,1,1,1,1,,,,3188371,3212172.2
1614004200,28.58,29.69,28.43,29.35,28.013668895508832,27.29425058605124,0,0,0,9.89,27.295,,,,1,1,1,1,,,,4859804,3324324.8
1614090600,29.56,29.65,28.75,29.05,28.220935116407066,27.453864169137493,0,0,0,9.89,27.295,,,,1,1,1,1,,,,3196744,3374759.2
1614177000,29.11,30.7883,29.11,30.73,28.722748093125652,27.751694699215903,0,0,0,9.89,27.295,,,,1,1,1,1,,,,4697639,3445033.7
1614263400,30.99,31.365,29.75,29.83,28.94419847450052,27.94063154474173,0,0,0,9.89,27.295,,,,1,1,1,1,,,,8629125,3677379.7
1614349800,29.71,30.29,29.25,29.57,29.069358779600417,28.08875594976521,0,0,0,9.89,27.295,,,,1,1,1,1,,,,4191113,3693888.55
1614609000,30.04,30.475,30.03,30.26,29.307487023680334,28.28614177251383,0,0,0,9.89,27.295,,,,1,1,1,1,,,,3002546,3568781.15
1614695400,30.3,30.52,30.1303,30.32,29.509989618944267,28.47103797501257,0,0,0,9.89,27.295,,,,1,1,1,1,,,,2464389,3556790.5
1614781800,30.22,31.09,30.18,30.44,29.695991695155413,28.6500345227387,0,0,0,9.89,27.295,,,,1,1,1,1,,,,3648194,3538786.3
1614868200,30.25,30.679,29.35,29.96,29.74879335612433,28.76912229339882,0,0,0,9.89,27.295,,,,1,1,1,1,,,,4054041,3549364.8
1614954600,30.42,30.85,29.61,30.68,29.935034684899463,28.942838448544382,0,0,0,9.89,27.295,,,,1,1,1,1,,,,3764018,3560813.9
1615213800,31.12,32.13,31.08,31.54,30.25602774791957,29.178944044131256,0,0,0,9.89,27.295,,,,1,1,1,1,,,,4708755,3637264.9
1615300200,31.15,31.94,30.88,31.16,30.43682219833566,29.359040040119325,0,0,0,9.89,27.295,,,,1,1,1,1,,,,3834555,3685786.9
1615386600,31.4,32,31.295,31.92,30.73345775866853,29.591854581926658,0,0,0,9.89,27.295,,,,1,1,1,1,,,,4131164,3784575.15
1615473000,32,32.28,31.715,31.8,30.94676620693482,29.79259507447878,0,0,0,9.89,27.295,,,,1,1,1,1,,,,4885499,3910414.55
1615559400,32.2,32.34,31.835,32.27,31.211412965547858,30.017813704071617,0,0,0,9.89,27.295,,,,1,1,1,1,,,,3827695,3968886.8
1615815000,32.27,32.75,32.16,32.57,31.483130372438286,30.249830640065106,0,0,0,9.89,27.295,,,,1,1,1,1,,,,4206580,4073257.85
1615901400,32.36,32.39,31.56,31.78,31.54250429795063,30.388936945513734,0,0,0,9.89,27.295,,,,1,1,1,1,,,,4364987,4096512.15
1615987800,32.01,32.64,31.81,32.6,31.754003438360503,30.58994267773976,0,0,0,9.89,27.295,,,,1,1,1,1,,,,3468578,4128394
1616074200,32.8,33.69,32.41,32.52,31.907202750688402,30.76540243430887,0,0,0,9.89,27.295,,,,1,1,1,1,,,,6558817,4284130.7
1616160600,32.54,33.06,32.06,32.62,32.049762200550724,30.934002213008064,0,0,0,9.89,27.295,,,,1,1,1,1,,,,5667844,4408104.35
1616419800,32.27,32.525,31.79,32.39,32.11780976044058,31.066365648189148,0,0,0,9.89,27.295,,,,1,1,1,1,,,,4671567,4398692.5
1616506200,32.14,32.46,30.83,30.96,31.886247808352465,31.056696043808316,0,0,0,9.89,27.295,,,,1,1,1,1,,,,3600224,4418866.5
1616592600,31.37,31.88,30.69,30.73,31.654998246681973,31.026996403462107,0,0,0,9.89,27.295,,,,1,1,1,1,,,,2679710,4317970.05
1616679000,30.73,31.605,30.315,31.54,31.63199859734558,31.07363309405646,0,0,0,9.89,27.295,,,,1,1,1,1,,,,2515377,4012282.65
1616765400,31.83,32.21,31.23,31.85,31.675598877876464,31.144211903687694,0,0,0,9.89,27.295,,,,1,1,1,1,,,,2041422,3904798.1
1617024600,31.37,31.91,31.03,31.6,31.66047910230117,31.18564718517063,0,0,0,9.89,27.295,,,,1,1,1,1,,,,2596614,3884501.5
1617111000,31.85,32.67,31.7226,32.41,31.810383281840934,31.296951986518753,0,0,0,9.89,27.295,,,,1,1,1,1,,,,2333696,3877966.85
1617197400,32.4,32.92,32.3,32.62,31.972306625472747,31.41722907865341,0,0,0,9.89,27.295,,,,1,1,1,1,,,,7187852,4054949.75
1617283800,32.62,33.15,32.47,33.01,32.1798453003782,31.56202643513946,0,0,0,9.89,27.295,,,,1,1,1,1,,,,1928071,3948651.25
1617629400,33.42,33.66,33.065,33.36,32.41587624030256,31.72547857739951,0,0,0,9.89,27.295,,,,1,1,1,1,,,,1606005,3840750.6
1617715800,33.27,33.7,33.15,33.17,32.56670099224205,31.856798706726828,0,0,0,9.89,27.295,,,,1,1,1,1,,,,1776211,3694123.4
1617802200,33.13,33.47,33.085,33.34,32.721360793793636,31.99163518793348,0,0,0,9.89,27.295,,,,1,1,1,1,,,,1500866,3577438.95
1617888600,33.21,33.485,32.83,33.3,32.83708863503491,32.11057744357589,0,0,0,9.89,27.295,,,,1,1,1,1,,,,2054282,3473594.85
1617975000,33.57,33.6918,33.035,33.25,32.919670908027925,32.21416131234172,0,0,0,9.89,27.295,,,,1,1,1,1,,,,2755722,3367106
1618234200,33.34,33.67,33.25,33.57,33.04973672642234,32.33741937485611,0,0,0,9.89,27.295,,,,1,1,1,1,,,,2064227,3278932.6
1618320600,33.43,33.555,32.86,33.31,33.10178938113787,32.425835795323735,0,0,0,9.89,27.295,,,,1,1,1,1,,,,3307709,3233989.05
1618407000,33.24,34.04,33.24,33.76,33.23343150491029,32.54712345029431,0,0,0,9.89,27.295,,,,1,1,1,1,,,,2988856,3165182.5
1618493400,33.88,34.04,33.38,33.55,33.29674520392823,32.6382940457221,0,0,0,9.89,27.295,,,,1,1,1,1,,,,2460742,3114790.7
1618579800,33.88,34.22,33.68,33.7,33.377396163142585,32.734812768838275,0,0,0,9.89,27.295,,,,1,1,1,1,,,,2088868,2891293.25
1618839000,33.75,34.11,33.5,33.62,33.42591693051407,32.815284335307524,0,0,0,9.89,27.295,,,,1,1,1,1,,,,2935833,2754692.7
1618925400,33.28,33.56,32.295,32.64,33.268733544411255,32.79934939573411,0,0,0,9.89,27.295,,,,1,1,1,1,,,,2771460,2659687.35
1619011800,32.59,33.46,32.49,33.44,33.302986835529005,32.857590359758284,0,0,0,9.89,27.295,,,,1,1,1,1,,,,1540390,2556695.65
1619098200,33.29,33.645,32.805,33.12,33.266389468423206,32.88144578159844,0,0,0,9.89,27.295,,,,1,1,1,1,,,,2153406,2530380.45
1619184600,33.12,33.96,33.08,33.92,33.39711157473857,32.975859801453126,0,0,0,9.89,27.295,,,,1,1,1,1,,,,2352057,2522214.45
1619443800,34.12,34.56,34.05,34.16,33.54968925979085,33.08350891041193,0,0,0,9.89,27.295,,,,1,1,1,1,,,,1879992,2514142.95
1619530200,34.22,34.52,34.055,34.43,33.72575140783268,33.205917191283575,0,0,0,9.89,27.295,,,,1,1,1,1,,,,1806142,2474619.35
1619616600,34.65,34.92,34.43,34.49,33.87860112626615,33.322651992075976,0,0,0,9.89,27.295,,,,1,1,1,1,,,,2449258,2480397.45
1619703000,34.93,35.18,34.59,34.78,34.05888090101292,33.455138174614525,0,0,0,9.89,27.295,,,,1,1,1,1,,,,1730503,2207530
1619789400,34.66,34.76,34.19,34.23,34.09310472081034,33.525580158740475,0,0,0,9.89,27.295,,,,1,1,1,1,,,,3474919,2284872.4
1620048600,34.6,34.975,34.24,34.57,34.18848377664827,33.6205274170368,0,0,0,9.89,27.295,,,,1,1,1,1,,,,3475228,2378333.55
1620135000,34.38,34.6,33.74,34.55,34.26078702131861,33.70502492457891,0,0,0,9.89,27.295,,,,1,1,1,1,,,,2775977,2428321.85
1620221400,34.75,35.23,34.44,35.11,34.43062961705489,33.83274993143537,0,0,0,9.89,27.295,,,,1,1,1,1,,,,4773518,2591954.45
1620307800,35.18,35.46,34.45,35.06,34.55650369364391,33.9443181194867,0,0,0,9.89,27.295,,,,1,1,1,1,,,,3738710,2676175.85
1620394200,34.59,35.08,34.49,35.01,34.64720295491513,34.04119829044246,0,0,0,9.89,27.295,,,,1,1,1,1,,,,4207937,2748786.6
1620653400,35.07,35.385,34.29,34.33,34.5837623639321,34.06745299131133,0,0,0,9.89,27.295,,,,1,1,1,1,,,,4165154,2853832.95
1620739800,33.99,34.005,33.08,33.38,34.343009891145684,34.00495726482848,0,0,0,9.89,27.295,,,,1,1,1,1,,,,3844068,2880650.9
1620826200,33.54,33.965,32.135,32.19,33.91240791291655,33.83996114984407,0,0,0,9.89,27.295,,,,1,1,1,1,,,,3525546,2907485.4
1620912600,32.205,33.16,32.1,32.99,33.72792633033324,33.7626919544037,0,0,0,9.89,27.295,,,,1,1,1,1,,,,3829055,2975901.05
1620999000,33.11,34.21,33.11,34.02,33.786341064266594,33.786083594912455,0,0,0,9.89,27.295,,,,1,1,1,1,,,,2573132,3000114.25
1621258200,33.86,34.04,33.33,33.85,33.79907285141328,33.79189417719314,0,0,0,9.89,27.295,,,,1,1,1,1,,,,2878080,2997226.6
1621344600,33.99,34.46,33.62,33.64,33.76725828113062,33.77808561563013,0,0,0,9.89,27.295,,,,1,1,1,1,,,,2726463,2994976.75
1621431000,33.11,33.64,32.66,33.59,33.7318066249045,33.76098692330012,0,0,0,9.89,27.295,,,,1,1,1,1,,,,2241377,3030026.1
1621517400,33.72,33.76,32.93,33.03,33.5914452999236,33.69453356663647,0,0,0,9.89,27.295,,,,1,1,1,1,,,,2870472,3065879.4
1621603800,33.23,33.6,32.875,32.98,33.469156239938876,33.62957596966952,0,0,0,9.89,27.295,,,,1,1,1,1,,,,2961415,3096347.3
1621863000,33.04,33.2,32.7499,32.75,33.3253249919511,33.54961451788138,0,0,0,9.89,27.295,,,,1,1,1,1,,,,3391320,3171913.7
1621949400,32.91,33.15,31.61,31.64,32.98825999356088,33.376013198073984,0,0,0,9.89,27.295,,,,1,1,1,1,,,,9320585,3547635.85
1622035800,31.71,32.06,31.41,31.86,32.76260799484871,33.23819381643089,0,0,0,9.89,27.295,,,,1,1,1,1,,,,3890106,3619678.25
1622122200,32.03,32.19,31.6299,32.01,32.61208639587897,33.126539833119,0,0,0,9.89,27.295,,,,1,1,1,1,,,,4923038,3779305
1622208600,32.11,32.3,31.7,31.75,32.43966911670317,33.00139984829,0,0,0,9.89,27.295,,,,1,1,1,1,,,,3966206,3803869.35
1622554200,32,32.4,31.87,32.39,32.42973529336254,32.9458180439,0,0,0,9.89,27.295,,,,1,1,1,1,,,,3183001,3789258
1622640600,32.47,32.57,31.96,32.05,32.35378823469003,32.864380039909086,0,0,0,9.89,27.295,,,,1,1,1,1,,,,2133891,3757153.7
1622727000,31.8,32.445,31.6999,31.85,32.25303058775202,32.77216367264462,0,0,0,9.89,27.295,,,,1,1,1,1,,,,3416296,3689292.6
1622813400,31.96,32,31.34,31.38,32.07842447020162,32.64560333876784,0,0,0,9.89,27.295,,,,1,1,1,1,,,,2280205,3616367.35
1623072600,31.38,31.91,31.38,31.45,31.952739576161296,32.536912126152586,0,0,0,9.89,27.295,,,,1,1,1,1,,,,2828897,3547415.35
1623159000,31.29,31.47,30.895,31.33,31.828191660929036,32.427192841956895,0,0,0,9.89,27.295,,,,1,1,1,1,,,,3528674,3515591.35
1623245400,31.19,31.235,30.8,31.02,31.66655332874323,32.29926621996081,0,0,0,9.89,27.295,,,,1,1,1,1,,,,2482290,3447502.45
1623331800,31.43,31.47,30.31,30.32,31.397242662994586,32.1193329272371,0,0,0,9.89,27.295,,,,1,1,1,1,,,,3190427,3430746.5
1623418200,30.53,31.2,30.42,31.16,31.34979413039567,32.032120842942824,0,0,0,9.89,27.295,,,,1,1,1,1,,,,3046268,3391607.15
1623677400,31.45,31.5,30.82,31.16,31.311835304316535,31.952837129948023,0,0,0,9.89,27.295,,,,1,1,1,1,,,,2886676,3407284.35
1623763800,31.24,32.05,31.045,31.9,31.42946824345323,31.9480337544982,0,0,0,9.89,27.295,,,,1,1,1,1,,,,4832243,3504992.5
1623850200,31.82,31.965,31.33,31.75,31.493574594762585,31.930030685907457,0,0,0,9.89,27.295,,,,1,1,1,1,,,,2367526,3487045.65
1623936600,31.93,31.93,30.115,30.52,31.298859675810068,31.80184607809769,0,0,0,9.89,27.295,,,,1,1,1,1,,,,4898814,3619917.5
1624023000,29.85,30.16,29.29,29.43,30.925087740648053,31.586223707361537,0,0,0,9.89,27.295,,,,1,1,1,1,,,,5656772,3759232.5
1624282200,29.68,30.34,29.67,30.32,30.80407019251844,31.471112461237762,0,0,0,9.89,27.295,,,,1,1,1,1,,,,4429116,3832617.55
1624368600,30.24,30.375,29.88,30.22,30.687256154014754,31.3573749647616,0,0,0,9.89,27.295,,,,1,1,1,1,,,,2258879,3775995.5
1624455000,30.2,30.42,30.095,30.15,30.579804923211803,31.247613604328727,0,0,0,9.89,27.295,,,,1,1,1,1,,,,1506956,3385314.05
1624541400,30.22,30.66,30.01,30.51,30.565843938569444,31.180557822117024,0,0,0,9.89,27.295,,,,1,1,1,1,,,,1357546,3258686.05
1624627800,30.69,31.15,30.53,30.97,30.646675150855554,31.161416201924567,0,0,0,9.89,27.295,,,,1,1,1,1,,,,3254104,3175239.35
1624887000,31.04,31.05,30,30.06,30.52934012068444,31.061287456295062,0,0,0,9.89,27.295,,,,1,1,1,1,,,,2145447,3084201.4
1624973400,30.32,30.7,29.865,29.95,30.413472096547554,30.960261323904604,0,0,0,9.89,27.295,,,,1,1,1,1,,,,2876076,3068855.15
1625059800,29.82,30.53,29.81,30.45,30.420777677238043,30.913873930822366,0,0,0,9.89,27.295,,,,1,1,1,1,,,,2195415,3071931.35
1625146200,30.64,31.095,30.33,30.9,30.516622141790435,30.912612664383968,0,0,0,9.89,27.295,,,,1,1,1,1,,,,2496571,3025945.1
1625232600,30.83,30.97,30.625,30.82,30.577297713432348,30.904193331258153,0,0,0,9.89,27.295,,,,1,1,1,1,,,,1951798,3009524.75
1625578200,30.65,30.705,29.46,29.6,30.38183817074588,30.785630301143776,0,0,0,9.89,27.295,,,,1,1,1,1,,,,3164493,3026304.55
1625664600,29.26,29.675,29.04,29.58,30.221470536596705,30.676027546494343,0,0,0,9.89,27.295,,,,1,1,1,1,,,,3531155,3026428.6
1625751000,28.71,29.02,28.16,28.42,29.861176429277364,30.470934133176677,0,0,0,9.89,27.295,,,,1,1,1,1,,,,5685937,3186610.95
1625837400,29.17,29.7,28.81,29.65,29.818941143421892,30.39630375743334,0,0,0,9.89,27.295,,,,1,1,1,1,,,,4330542,3243616.7
1626096600,29.18,30,29.09,29.82,29.819152914737515,30.343912506757583,0,0,0,9.89,27.295,,,,1,1,1,1,,,,3457867,3264196.65
1626183000,29.74,29.86,29.11,29.13,29.68132233179001,30.233556824325074,0,0,0,9.89,27.295,,,,1,1,1,1,,,,2554201,3247572.9
1626269400,29.2,29.6,28.845,29.24,29.59305786543201,30.14323347665916,0,0,0,9.89,27.295,,,,1,1,1,1,,,,2192519,3115586.7
1626355800,28.95,29.72,28.9,29.45,29.564446292345608,30.080212251508325,0,0,0,9.89,27.295,,,,1,1,1,1,,,,3116304,3153025.6
1626442200,29.74,29.76,28.715,28.83,29.417557033876484,29.966556592280295,0,0,0,9.89,27.295,,,,1,1,1,1,,,,2359223,3026046.05
1626701400,28,28.38,27.81,28.07,29.148045627101187,29.79414235661845,0,0,0,9.89,27.295,,,,1,1,1,1,,,,3254655,2905940.2
1626787800,28.02,29.645,28.01,29.33,29.18443650168095,29.751947596925863,0,0,0,9.89,27.295,,,,1,1,1,1,,,,4907905,2929879.65
1626874200,29.78,30.45,29.595,30.09,29.36554920134476,29.782679633568968,0,0,0,9.89,27.295,,,,1,1,1,1,,,,2831321,2958501.75
1626960600,29.91,30.1,29.185,29.35,29.362439361075808,29.743345121426334,0,0,0,9.89,27.295,,,,1,1,1,1,,,,2361677,3001237.8
1627047000,29.53,29.9,29.365,29.41,29.371951488860645,29.713041019478485,0,0,0,9.89,27.295,,,,1,1,1,1,,,,1231362,2994928.6
1627306200,29.45,29.99,29.32,29.88,29.473561191088518,29.728219108616805,0,0,0,9.89,27.295,,,,1,1,1,1,,,,1588430,2911644.9
1627392600,29.4,29.91,29.29,29.53,29.484848952870813,29.710199189651643,0,0,0,9.89,27.295,,,,1,1,1,1,,,,1647568,2886750.95
1627479000,29.68,30.21,29.19,29.98,29.58387916229665,29.73472653604695,0,0,0,9.89,27.295,,,,1,1,1,1,,,,2238282,2854861.25
1627565400,30.3,31.34,30.1301,30.84,29.83510332983732,29.835205941860863,0,0,0,9.89,27.295,,,,1,1,1,1,,,,4207175,2955449.25
1627651800,30.56,31.405,30.43,30.87,30.042082663869856,29.92927812896442,0,0,0,9.89,27.295,,,,1,1,1,1,,,,2801490,2970695.2
1627911000,31.04,31.62,30.65,30.73,30.179666131095885,30.00207102633129,0,0,0,9.89,27.295,,,,1,1,1,1,,,,2668090,3006509.8
1627997400,30.84,31.275,30.28,31.24,30.391732904876708,30.114610023937537,0,0,0,9.89,27.295,,,,1,1,1,1,,,,2838333,2990201.8
1628083800,30.68,31.41,30.31,30.37,30.387386323901367,30.13782729448867,0,0,0,9.89,27.295,,,,1,1,1,1,,,,6104090,3118848.55
1628170200,31.11,32.315,31.11,31.7,30.649909059121093,30.2798429949897,0,0,0,9.89,27.295,,,,1,1,1,1,,,,5594464,3114274.9
1628256600,32.2,32.7,32.06,32.21,30.961927247296874,30.455311813627,0,0,0,9.89,27.295,,,,1,1,1,1,,,,3162028,3055849.2
1628515800,31.97,32.21,31.72,31.91,31.1515417978375,30.587556194206364,0,0,0,9.89,27.295,,,,1,1,1,1,,,,1821313,2974021.5
1628602200,31.87,32.615,31.78,32.6,31.44123343827,30.770505631096693,0,0,0,9.89,27.295,,,,1,1,1,1,,,,3068711,2999747
1628688600,32.59,33.085,32.32,32.96,31.744986750616,30.969550573724266,0,0,0,9.89,27.295,,,,1,1,1,1,,,,2647676,3022504.85
1628775000,32.69,32.83,32.185,32.3,31.8559894004928,31.090500521567513,0,0,0,9.89,27.295,,,,1,1,1,1,,,,1752026,2954290.95
1628861400,32.28,32.45,31.97,32.06,31.89679152039424,31.17863683778865,0,0,0,9.89,27.295,,,,1,1,1,1,,,,2389877,2955823.65
1629120600,31.76,32,31.34,31.83,31.88343321631539,31.237851670716953,0,0,0,9.89,27.295,,,,1,1,1,1,,,,3233295,2954755.65
1629207000,31.38,31.82,30.98,31.25,31.75674657305231,31.23895606428814,0,0,0,9.89,27.295,,,,1,1,1,1,,,,3920337,2905377.25
1629293400,31.1,31.57,30.74,30.82,31.56939725844185,31.200869149352854,0,0,0,9.89,27.295,,,,1,1,1,1,,,,3814836,2954553
1629379800,30.32,30.63,29.485,29.67,31.18951780675348,31.061699226684414,0,0,0,9.89,27.295,,,,1,1,1,1,,,,4607293,3066833.8
1629466200,29.73,30.24,29.64,30.23,30.997614245402783,30.98609020607674,0,0,0,9.89,27.295,,,,1,1,1,1,,,,2282156,3119373.5
1629725400,30.4,30.71,29.95,30,30.798091396322228,30.896445641887944,0,0,0,9.89,27.295,,,,1,1,1,1,,,,3931053,3236504.65
1629811800,30.06,30.96,30.03,30.85,30.808473117057783,30.89222331080722,0,0,0,9.89,27.295,,,,1,1,1,1,,,,2105903,3259421.4
1629898200,30.97,31.56,30.78,31.32,30.910778493646227,30.931112100733838,0,0,0,9.89,27.295,,,,1,1,1,1,,,,1839612,3239487.9
1629984600,31.43,31.45,30.68,30.82,30.89262279491698,30.921011000667125,0,0,0,9.89,27.295,,,,1,1,1,1,,,,1664139,3112336.1
1630071000,30.92,31.535,30.88,31.49,31.012098235933585,30.97273727333375,0,0,0,9.89,27.295,,,,1,1,1,1,,,,1717015,3058112.35
1630330200,31.49,31.56,30.98,31.03,31.01567858874687,30.977942975757955,0,0,0,9.89,27.295,,,,1,1,1,1,,,,1855035,3017459.6
1630416600,31.16,31.36,31,31.01,31.014542870997495,30.98085725068905,0,0,0,9.89,27.295,,,,1,1,1,1,,,,2756868,3013386.35
1630503000,31.09,31.28,30.63,30.99,31.009634296797994,30.981688409717318,0,0,0,9.89,27.295,,,,1,1,1,1,,,,1980822,2807222.95
1630589400,31.17,31.5,30.915,31.26,31.059707437438394,31.00698946337938,0,0,0,9.89,27.295,,,,1,1,1,1,,,,1886351,2621817.3
1630675800,31.33,31.525,30.891,31.21,31.089765949950717,31.025444966708527,0,0,0,9.89,27.295,,,,1,1,1,1,,,,1754709,2551451.35
1631021400,31.12,31.34,30.81,30.81,31.033812759960572,31.005859060644116,0,0,0,9.89,27.295,,,,1,1,1,1,,,,2603024,2590536.9
1631107800,30.66,30.87,30.39,30.56,30.939050207968457,30.96532641876738,0,0,0,9.89,27.295,,,,1,1,1,1,,,,1813500,2527776.35
1631194200,30.52,31.025,30.43,30.51,30.853240166374764,30.923933107970345,0,0,0,9.89,27.295,,,,1,1,1,1,,,,1709680,2480876.55
1631280600,30.74,30.775,29.45,29.61,30.60459213309981,30.804484643609406,0,0,0,9.89,27.295,,,,1,1,1,1,,,,4400551,2613302.8
1631539800,29.95,30.23,29.69,30,30.48367370647985,30.731349676008552,0,0,0,9.89,27.295,,,,1,1,1,1,,,,3180720,2652844.95
1631626200,30.16,30.16,29.01,29.37,30.26093896518388,30.607590614553228,0,0,0,9.89,27.295,,,,1,1,1,1,,,,3427429,2662551.65
1631712600,29.48,29.66,29.09,29.52,30.112751172147103,30.508718740502935,0,0,0,9.89,27.295,,,,1,1,1,1,,,,3711292,2652099.4
1631799000,29.59,29.79,29.28,29.48,29.986200937717683,30.415198855002668,0,0,0,9.89,27.295,,,,1,1,1,1,,,,2979884,2610351.8
1631885400,29.47,29.74,28.845,29.16,29.820960750174148,30.301089868184242,0,0,0,9.89,27.295,,,,1,1,1,1,,,,6459672,2702970.75
1632144600,28.4,28.47,27.535,28.15,29.486768600139317,30.105536243803858,0,0,0,9.89,27.295,,,,1,1,1,1,,,,4118167,2794771.3
1632231000,28.48,28.49,27.61,28.02,29.193414880111455,29.91594203982169,0,0,0,9.89,27.295,,,,1,1,1,1,,,,4008104,2798623.85
1632317400,28.4,28.61,28.135,28.3,29.014731904089164,29.76903821801972,0,0,0,9.89,27.295,,,,1,1,1,1,,,,2163252,2801491.3
1632403800,28.63,29.725,28.6,29.26,29.06378552327133,29.722762016381562,0,0,0,9.89,27.295,,,,1,1,1,1,,,,2605310,2839776.2
1632490200,29.2,29.82,29.115,29.44,29.139028418617066,29.697056378528693,0,0,0,9.89,27.295,,,,1,1,1,1,,,,1445392,2828838.85
1632749400,29.75,30.92,29.65,30.52,29.415222734893653,29.771869435026083,0,0,0,9.89,27.295,,,,1,1,1,1,,,,2692654,2877620.8
1632835800,30.54,30.94,30.19,30.28,29.588178187914924,29.818063122750985,0,0,0,9.89,27.295,,,,1,1,1,1,,,,3454383,2957588.2
1632922200,30.42,30.4758,30.13,30.19,29.708542550331938,29.85187556613726,0,0,0,9.89,27.295,,,,1,1,1,1,,,,1687181,2904103.85
1633008600,30.41,30.49,29.64,29.64,29.69483404026555,29.832614151033873,0,0,0,9.89,27.295,,,,1,1,1,1,,,,2543787,2932252.1
1633095000,29.76,30.545,29.65,30.22,29.799867232212442,29.86783104639443,0,0,0,9.89,27.295,,,,1,1,1,1,,,,2098764,2942872.75
1633354200,30.04,30.805,29.845,29.95,29.829893785769954,29.87530095126766,0,0,0,9.89,27.295,,,,1,1,1,1,,,,1776577,2943966.15
1633440600,30.08,30.78,29.76,30.6,29.983915028615964,29.941182682970602,0,0,0,9.89,27.295,,,,1,1,1,1,,,,1703079,2898968.9
1633527000,30.24,30.805,29.92,30.73,30.13313202289277,30.012893348155092,0,0,0,9.89,27.295,,,,1,1,1,1,,,,1687212,2892654.5
1633613400,31.05,31.44,30.98,31.06,30.318505618314216,30.108084861959174,0,0,0,9.89,27.295,,,,1,1,1,1,,,,1667627,2890551.85
1633699800,31.11,31.92,31.09,31.67,30.588804494651374,30.25007714723561,0,0,0,9.89,27.295,,,,1,1,1,1,,,,2288975,2784973.05
1633959000,31.72,32.28,31.55,31.58,30.787043595721098,30.370979224759648,0,0,0,9.89,27.295,,,,1,1,1,1,,,,1560792,2703976.65
1634045400,31.63,32,31.48,31.78,30.985634876576878,30.49907202250877,0,0,0,9.89,27.295,,,,1,1,1,1,,,,2610270,2663118.7
1634131800,31.73,32.2,31.24,31.98,31.1845079012615,30.633701838644335,0,0,0,9.89,27.295,,,,1,1,1,1,,,,2581814,2606644.8
1634218200,32.32,32.55,32.075,32.37,31.4216063210092,30.791547126040303,0,0,0,9.89,27.295,,,,1,1,1,1,,,,2001644,2557732.8
1634304600,32.8,32.935,32.025,32.03,31.54328505680736,30.90413375094573,0,0,0,9.89,27.295,,,,1,1,1,1,,,,2106841,2340091.25
1634563800,31.94,32.3,31.76,32.19,31.672628045445887,31.021030682677935,0,0,0,9.89,27.295,,,,1,1,1,1,,,,1297603,2199063.05
1634650200,32.51,33.05,32.325,32.96,31.93010243635671,31.197300620616303,0,0,0,9.89,27.295,,,,1,1,1,1,,,,2454127,2121364.2
1634736600,33,33.98,32.87,33.86,32.316081949085365,31.439364200560277,0,0,0,9.89,27.295,,,,1,1,1,1,,,,2297051,2128054.15
1634823000,33.76,34.24,33.585,33.82,32.61686555926829,31.65578563687298,0,0,0,9.89,27.295,,,,1,1,1,1,,,,2445012,2120039.25
1634909400,33.94,34.11,33.5,33.88,32.869492447414636,31.857986942611802,0,0,0,9.89,27.295,,,,1,1,1,1,,,,2002375,2147888.4
1635168600,33.81,33.99,33.61,33.78,33.05159395793171,32.032715402374365,0,0,0,9.89,27.295,,,,1,1,1,1,,,,1882049,2107358.15
1635255000,33.96,34.385,33.765,33.84,33.209275166345364,32.19701400215851,0,0,0,9.89,27.295,,,,1,1,1,1,,,,1947181,2031998.05
1635341400,33.71,34.25,33.42,33.51,33.26942013307629,32.31637636559864,0,0,0,9.89,27.295,,,,1,1,1,1,,,,2610356,2078156.8
1635427800,33.73,33.98,33.6,33.71,33.35753610646103,32.443069423271496,0,0,0,9.89,27.295,,,,1,1,1,1,,,,3178777,2109906.3
1635514200,33.75,33.94,33.49,33.5,33.38602888516883,32.5391540211559,0,0,0,9.89,27.295,,,,1,1,1,1,,,,2288466,2119391.4
1635773400,33.79,34.355,33.675,33.95,33.49882310813506,32.66741274650536,0,0,0,9.89,27.295,,,,1,1,1,1,,,,2332873,2147206.2
1635859800,33.88,34.23,33.805,34.14,33.62705848650805,32.80128431500488,0,0,0,9.89,27.295,,,,1,1,1,1,,,,2227890,2173446.75
1635946200,33.9,34.815,33.9,34.67,33.835646789206436,32.97116755909534,0,0,0,9.89,27.295,,,,1,1,1,1,,,,2084948,2193333.55
1636032600,35.5,36.03,34.982,35.43,34.15451743136515,33.19469778099577,0,0,0,9.89,27.295,,,,1,1,1,1,,,,3826820,2301293.2
1636119000,35.94,36.09,34.875,35.19,34.36161394509212,33.376088891814334,0,0,0,9.89,27.295,,,,1,1,1,1,,,,2687423,2321215.6
1636381800,35.46,35.68,34.84,34.94,34.47729115607369,33.51826262892212,0,0,0,9.89,27.295,,,,1,1,1,1,,,,2551045,2370728.25
1636468200,34.77,34.98,34.35,34.51,34.48383292485895,33.60842057174739,0,0,0,9.89,27.295,,,,1,1,1,1,,,,2255108,2352970.15
1636554600,34.34,34.775,34.26,34.51,34.48906633988716,33.69038233795217,0,0,0,9.89,27.295,,,,1,1,1,1,,,,2138488,2330803.85
1636641000,34.63,34.92,34.47,34.6,34.51125307190973,33.77307485268379,0,0,0,9.89,27.295,,,,1,1,1,1,,,,1690480,2315245.65
1636727400,34.61,34.82,34.42,34.78,34.56500245752778,33.86461350243981,0,0,0,9.89,27.295,,,,1,1,1,1,,,,1795658,2299686.5
1636986600,34.955,35.11,34.76,34.97,34.646001966022226,33.96510318403619,0,0,0,9.89,27.295,,,,1,1,1,1,,,,1445980,2307105.35
1637073000,34.965,34.965,34.45,34.45,34.60680157281778,34.009184712760174,0,0,0,9.89,27.295,,,,1,1,1,1,,,,2517952,2310296.6
1637159400,34.33,34.51,33.14,33.28,34.34144125825422,33.94289519341834,0,0,0,9.89,27.295,,,,1,1,1,1,,,,3901661,2390527.1
1637245800,33.26,33.5799,32.95,33.11,34.095153006603375,33.867177448562124,0,0,0,9.89,27.295,,,,1,1,1,1,,,,2554722,2396012.6
1637332200,32.62,33.02,32.56,32.76,33.8281224052827,33.766524953238296,0,0,0,9.89,27.295,,,,1,1,1,1,,,,2232817,2407534.7
1637591400,33.18,33.725,33.03,33.25,33.712497924226156,33.71956813930754,0,0,0,9.89,27.295,,,,1,1,1,1,,,,2379931,2432428.8
1637677800,33.46,34.32,33.24,33.95,33.75999833938093,33.74051649027958,0,0,0,9.89,27.295,,,,1,1,1,1,,,,2591436,2464641.55
1637764200,33.83,33.9,33.56,33.78,33.763998671504744,33.74410590025416,0,0,0,9.89,27.295,,,,1,1,1,1,,,,2059162,2437081.85
1637937000,32.08,32.645,31.18,32.45,33.501198937203796,33.626459909321966,0,0,0,9.89,27.295,,,,1,1,1,1,,,,2968966,2426591.3
1638196200,32.9,32.9,32.02,32.24,33.24895914976304,33.50041809938361,0,0,0,9.89,27.295,,,,1,1,1,1,,,,3818760,2503106
1638282600,31.9,32.24,31.33,31.46,32.89116731981043,33.31492554489419,0,0,0,9.89,27.295,,,,1,1,1,1,,,,9476579,2860291.3
1638369000,32.17,32.44,30.57,30.59,32.430933855848345,33.067205040812894,0,0,0,9.89,27.295,,,,1,1,1,1,,,,2906977,2894245.65
1638455400,30.95,31.63,30.69,31.27,32.19874708467867,32.903822764375356,0,0,0,9.89,27.295,,,,1,1,1,1,,,,3732975,2976647
1638541800,31.79,32.415,31.22,31.44,32.046997667742936,32.77074796761396,0,0,0,9.89,27.295,,,,1,1,1,1,,,,4961786,3033395.3
1638801000,31.9,32.5,31.62,32.05,32.047598134194345,32.7052254251036,0,0,0,9.89,27.295,,,,1,1,1,1,,,,2529431,3025495.7
1638887400,32.35,32.865,32.28,32.66,32.17007850735548,32.70111402282145,0,0,0,9.89,27.295,,,,1,1,1,1,,,,3135516,3054719.25
1638973800,32.8,33.19,32.61,32.83,32.30206280588438,32.71283092983768,0,0,0,9.89,27.295,,,,1,1,1,1,,,,2206894,3052308.55
1639060200,32.52,32.87,32.39,32.53,32.34765024470751,32.69620993621607,0,0,0,9.89,27.295,,,,1,1,1,1,,,,1671995,3028983.9
1639146600,32.7,32.9,32.23,32.35,32.34812019576601,32.664736305650976,0,0,0,9.89,27.295,,,,1,1,1,1,,,,1513598,3020139.8
1639405800,32.12,32.37,31.74,32.04,32.286496156612806,32.607942096046344,0,0,0,9.89,27.295,,,,1,1,1,1,,,,3006665,3080690.15
1639492200,32.06,32.51,31.945,32.13,32.25519692529024,32.56449281458759,0,0,0,9.89,27.295,,,,1,1,1,1,,,,4054159,3211099.1
1639578600,32.17,32.49,31.7,32.38,32.280157540232196,32.547720740534174,0,0,0,9.89,27.295,,,,1,1,1,1,,,,2223620,3196382.5
1639665000,32.83,33,31.93,32.2,32.26412603218576,32.51610976412198,0,0,0,9.89,27.295,,,,1,1,1,1,,,,3081807,3155389.8
1639751400,32.05,32.28,31.49,31.85,32.18130082574861,32.45555433101998,0,0,0,9.89,27.295,,,,1,1,1,1,,,,3781411,3216724.25
1640010600,31.32,31.35,30.0925,30.76,31.897040660598886,32.30141302819998,0,0,0,9.89,27.295,,,,1,1,1,1,,,,2666377,3238402.25
1640097000,31.13,32.06,31.02,32.02,31.92163252847911,32.275830025636346,0,0,0,9.89,27.295,,,,1,1,1,1,,,,2631061,3250958.75
1640183400,31.93,32.56,31.9,32.54,32.045306022783286,32.29984547785122,0,0,0,9.89,27.295,,,,1,1,1,1,,,,3073366,3275055.25
1640269800,32.84,33.26,32.75,32.96,32.22824481822663,32.359859525319294,0,0,0,9.89,27.295,,,,1,1,1,1,,,,1791185,3261656.4
1640615400,32.84,33.165,32.77,33.03,32.388595854581304,32.42078138665391,0,0,0,9.89,27.295,,,,1,1,1,1,,,,1355549,3180985.55
1640701800,32.82,33.335,32.82,33.08,32.526876683665044,32.480710351503554,0,0,0,9.89,27.295,,,,1,1,1,1,,,,1635236,3071809.35
1640788200,33.22,33.37,32.985,33.06,32.633501346932036,32.53337304682141,0,0,0,9.89,27.295,,,,1,1,1,1,,,,1670366,2681498.7
1640874600,32.98,33.4419,32.76,32.76,32.658801077545625,32.55397549711037,0,0,0,9.89,27.295,,,,1,1,1,1,,,,1181265,2595213.1
1640961000,32.83,33.185,32.79,32.79,32.6850408620365,32.575432270100336,0,0,0,9.89,27.295,,,,1,1,1,1,,,,1498439,2483486.3
1641220200,33.05,33.48,33.05,33.28,32.8040326896292,32.6394838819094,0,0,0,9.89,27.295,,,,1,1,1,1,,,,1815360,2326165
1641306600,33.91,34.69,33.64,34.45,33.13322615170336,32.80407625628127,0,0,0,9.89,27.295,,,,1,1,1,1,,,,3322846,2365835.75
1641393000,34.6,35.095,34.1,34.11,33.328580921362686,32.922796596619335,0,0,0,9.89,27.295,,,,1,1,1,1,,,,3841647,2401142.3
1641479400,34.43,35.33,34.3,35.12,33.68686473709015,33.12254236056303,0,0,0,9.89,27.295,,,,1,1,1,1,,,,2627866,2422190.9
1641565800,35.35,36,35.12,35.49,34.047491789672115,33.33776578233003,0,0,0,9.89,27.295,,,,1,1,1,1,,,,3021892,2489685.75
1641825000,35.78,35.8456,34.81,35.17,34.27199343173769,33.504332529390936,0,0,0,9.89,27.295,,,,1,1,1,1,,,,4187145,2623363.1
1641911400,35.34,35.82,34.975,35.77,34.57159474539015,33.710302299446305,0,0,0,9.89,27.295,,,,1,1,1,1,,,,2372067,2591633.2
1641997800,35.9,36.14,35.47,35.6,34.77727579631212,33.88209299949664,0,0,0,9.89,27.295,,,,1,1,1,1,,,,2618107,2519830.6
1642084200,35.79,36.33,35.545,35.7,34.9618206370497,34.04735727226967,0,0,0,9.89,27.295,,,,1,1,1,1,,,,2129815,2515140.35
1642170600,35.22,35.99,34.88,35.98,35.16545650963976,34.223052065699704,0,0,0,9.89,27.295,,,,1,1,1,1,,,,2354929,2478796.45
1642516200,35.98,36.01,34.995,35.06,35.14436520771181,34.29913824154519,0,0,0,9.89,27.295,,,,1,1,1,1,,,,3068121,2443131.95
1642602600,35.29,35.34,34.375,34.39,34.993492166169446,34.30739840140472,0,0,0,9.89,27.295,,,,1,1,1,1,,,,2493810,2434503.6
1642689000,34.45,35.28,34.2,34.3,34.854793732935555,34.30672581945883,0,0,0,9.89,27.295,,,,1,1,1,1,,,,2055027,2405701.9
1642775400,33.86,34.27,33.215,33.32,34.54783498634844,34.217023472235304,0,0,0,9.89,27.295,,,,1,1,1,1,,,,4428522,2473459.7
1643034600,32.42,33.005,31.32,32.93,34.224267989078754,34.100021338395734,0,0,0,9.89,27.295,,,,1,1,1,1,,,,5452275,2656514.2
1643121000,32.29,33.31,31.61,32.94,33.967414391263006,33.994564853087034,0,0,0,9.89,27.295,,,,1,1,1,1,,,,3831769,2780325.2
1643207400,33.58,33.8832,32.58,33.09,33.791931513010404,33.912331684624576,0,0,0,9.89,27.295,,,,1,1,1,1,,,,2910087,2844067.75
1643293800,33.3,33.89,32.01,32.28,33.48954521040832,33.76393789511325,0,0,0,9.89,27.295,,,,1,1,1,1,,,,3542043,2937651.6
1643380200,32.15,32.2582,31.08,31.99,33.18963616832666,33.60267081373932,0,0,0,9.89,27.295,,,,1,1,1,1,,,,5141624,3135669.55
1643639400,31.91,33.77,31.755,33.64,33.27970893466133,33.60606437612666,0,0,0,9.89,27.295,,,,1,1,1,1,,,,5557552,3338625.2
1643725800,33.56,34.655,33.25,34.64,33.551767147729066,33.70005852375151,0,0,0,9.89,27.295,,,,1,1,1,1,,,,2973727,3396543.55
1643812200,34.73,35,34.47,34.8,33.801413718183255,33.800053203410464,0,0,0,9.89,27.295,,,,1,1,1,1,,,,3649889,3412895.7
1643898600,34.4,34.53,33.34,33.4,33.721130974546604,33.76368473037315,0,0,0,9.89,27.295,,,,1,1,1,1,,,,4130698,3427348.25
1643985000,33.38,34.76,33.365,34.59,33.89490477963729,33.83880430033923,0,0,0,9.89,27.295,,,,1,1,1,1,,,,3758655,3483887.7
1644244200,34.8,35.315,34.67,35.06,34.12792382370983,33.94982209121748,0,0,0,9.89,27.295,,,,1,1,1,1,,,,4098793,3537732.75
1644330600,35.33,35.9,35.03,35.81,34.464339058967866,34.11892917383407,0,0,0,9.89,27.295,,,,1,1,1,1,,,,3821935,3519472.25
1644417000,36.04,36.745,35.91,36.22,34.815471247174294,34.309935612576425,0,0,0,9.89,27.295,,,,1,1,1,1,,,,3726815,3587209.65
1644503400,36.05,37.13,36.03,36.3,35.11237699773943,34.49085055688766,0,0,0,9.89,27.295,,,,1,1,1,1,,,,5900550,3751331.8
1644589800,35.64,36.3,34.255,34.6,35.00990159819155,34.50077323353423,0,0,0,9.89,27.295,,,,1,1,1,1,,,,6005920,3945137.05
1644849000,34.88,35,33.395,33.94,34.79592127855324,34.44979384866748,0,0,0,9.89,27.295,,,,1,1,1,1,,,,7715600,4213170.6
1644935400,34.45,34.715,34.07,34.6,34.75673702284259,34.46344895333407,0,0,0,9.89,27.295,,,,1,1,1,1,,,,3035435,4211536.3
1645021800,34.34,35.01,34.3251,34.59,34.723389618274076,34.474953593940064,0,0,0,9.89,27.295,,,,1,1,1,1,,,,1707410,4172216.3
1645108200,34.06,34.34,33.12,33.22,34.42271169461926,34.36086690358188,0,0,0,9.89,27.295,,,,1,1,1,1,,,,2689076,4203918.75
1645194600,33.19,33.6,32.89,33.17,34.17216935569541,34.252606275983524,0,0,0,9.89,27.295,,,,1,1,1,1,,,,2641127,4114549
1645540200,32.76,33.15,32.08,32.48,33.83373548455633,34.091460250894116,0,0,0,9.89,27.295,,,,1,1,1,1,,,,4464498,4065160.15
1645626600,32.88,33.17,31.9,31.99,33.464988387645064,33.90041840990374,0,0,0,9.89,27.295,,,,1,1,1,1,,,,3116805,4029411.95
1645713000,30.74,32.05,29.91,31.91,33.15399071011605,33.71947128173068,0,0,0,9.89,27.295,,,,1,1,1,1,,,,5351088,4151462
1645799400,31.95,33.18,31.95,33.09,33.14119256809284,33.66224661975516,0,0,0,9.89,27.295,,,,1,1,1,1,,,,3127622,4130740.95
1646058600,32.02,32.87,32.02,32.66,33.044954054474275,33.57113329068651,0,0,0,9.89,27.295,,,,1,1,1,1,,,,3843935,4065856.5
1646145000,32.18,32.45,30.68,30.8,32.59596324357942,33.319212082442284,0,0,0,9.89,27.295,,,,1,1,1,1,,,,3942677,3985112.75
1646231400,31.11,31.93,30.87,31.76,32.428770594863536,33.177465529492984,0,0,0,9.89,27.295,,,,1,1,1,1,,,,2691822,3971017.5
1646317800,31.81,32,31.13,31.44,32.231016475890826,33.019514117720895,0,0,0,9.89,27.295,,,,1,1,1,1,,,,2567251,3916885.6
1646404200,30.66,30.92,30.13,30.65,31.91481318071266,32.80410374338263,0,0,0,9.89,27.295,,,,1,1,1,1,,,,5006500,3960675.7
1646663400,30.13,30.3,28.27,28.52,31.235850544570127,32.41463976671149,0,0,0,9.89,27.295,,,,1,1,1,1,,,,8235837,4184534.8
1646749800,28.92,29.51,27.94,28.64,30.7166804356561,32.07149069701045,0,0,0,9.89,27.295,,,,1,1,1,1,,,,6969985,4328094.4
1646836200,29.79,30.71,29.62,30.24,30.621344348524882,31.90499154273677,0,0,0,9.89,27.295,,,,1,1,1,1,,,,3267246,4300359.95
1646922600,29.63,29.99,29.38,29.8,30.457075478819906,31.713628675215247,0,0,0,9.89,27.295,,,,1,1,1,1,,,,5181350,4373086.7
1647009000,30.52,30.67,29.9,29.92,30.349660383055927,31.55057152292295,0,0,0,9.89,27.295,,,,1,1,1,1,,,,2627208,4209419.6
1647264600,30.35,30.73,29.98,30.25,30.329728306444743,31.432337748111774,0,0,0,9.89,27.295,,,,1,1,1,1,,,,3909181,4104582.65
1647351000,30.51,30.72,30.07,30.49,30.361782645155795,31.346670680101614,0,0,0,9.89,27.295,,,,1,1,1,1,,,,2338721,3835738.7
1647437400,30.99,32.03,30.77,31.54,30.597426116124637,31.36424607281965,0,0,0,9.89,27.295,,,,1,1,1,1,,,,3170363,3842485.1
1647523800,31.17,31.63,30.64,31.51,30.77994089289971,31.377496429836047,0,0,0,9.89,27.295,,,,1,1,1,1,,,,3401498,3927189.5
1647610200,31.13,31.92,30.785,31.77,30.977952714319766,31.413178572578225,0,0,0,9.89,27.295,,,,1,1,1,1,,,,4439219,4014696.65
1647869400,32,32.1,31.14,31.15,31.012362171455813,31.389253247798386,0,0,0,9.89,27.295,,,,1,1,1,1,,,,4197428,4092511.7
1647955800,31.55,32.33,31.38,32.13,31.23588973716465,31.456593861634897,0,0,0,9.89,27.295,,,,1,1,1,1,,,,2787070,4008640.3
1648042200,31.89,32.05,31.22,31.27,31.24271178973172,31.43963078330445,0,0,0,9.89,27.295,,,,1,1,1,1,,,,2397499,3972675
1648128600,31.48,31.91,31.19,31.77,31.348169431785376,31.469664348458593,0,0,0,9.89,27.295,,,,1,1,1,1,,,,1977037,3803972.45
1648215000,31.73,32.11,31.64,32.08,31.4945355454283,31.52514940768963,0,0,0,9.89,27.295,,,,1,1,1,1,,,,2437888,3769485.75
1648474200,32,32.0843,31.31,31.62,31.51962843634264,31.533772188808754,0,0,0,9.89,27.295,,,,1,1,1,1,,,,2166606,3685619.3
1648560600,32.09,32.44,31.62,31.97,31.60970274907411,31.573429262553415,0,0,0,9.89,27.295,,,,1,1,1,1,,,,2302890,3603629.95
1648647000,31.97,32.15,31.585,31.7,31.627762199259287,31.584935693230378,0,0,0,9.89,27.295,,,,1,1,1,1,,,,2885097,3613293.7
1648733400,31.64,31.94,30.89,30.91,31.48420975940743,31.523577902936708,0,0,0,9.89,27.295,,,,1,1,1,1,,,,2198717,3594867
1648819800,31.26,31.39,30.67,30.85,31.357367807525947,31.46234354812428,0,0,0,9.89,27.295,,,,1,1,1,1,,,,2582338,3473658.9
1649079000,30.8,31.16,30.31,30.87,31.259894246020757,31.408494134658437,0,0,0,9.89,27.295,,,,1,1,1,1,,,,3856026,3254668.35
1649165400,30.99,31.92,30.94,31.58,31.323915396816606,31.424085576962216,0,0,0,9.89,27.295,,,,1,1,1,1,,,,2757735,3044055.85
1649251800,31.13,31.74,30.97,31.54,31.367132317453283,31.434623251783833,0,0,0,9.89,27.295,,,,1,1,1,1,,,,2902815,3025834.3
1649338200,31.42,31.57,30.17,30.86,31.265705853962626,31.38238477434894,0,0,0,9.89,27.295,,,,1,1,1,1,,,,2314905,2882512.05
1649424600,30.83,31.625,30.62,31.46,31.3045646831701,31.389440703953582,0,0,0,9.89,27.295,,,,1,1,1,1,,,,2213383,2861820.8
1649683800,31.42,32.04,30.835,30.9,31.223651746536078,31.344946094503257,0,0,0,9.89,27.295,,,,1,1,1,1,,,,2486418,2790682.65
1649770200,30.99,31.445,30.285,30.4,31.05892139722886,31.25904190409387,0,0,0,9.89,27.295,,,,1,1,1,1,,,,2338765,2790684.85
1649856600,30.12,31.05,30.12,31.01,31.04913711778309,31.236401730994427,0,0,0,9.89,27.295,,,,1,1,1,1,,,,1864432,2725388.3
1649943000,31.05,31.34,30.635,30.68,30.97530969422647,31.18581975544948,0,0,0,9.89,27.295,,,,1,1,1,1,,,,1548274,2632727.1
1650288600,30.25,31.135,30.24,30.97,30.974247755381178,31.166199777681346,0,0,0,9.89,27.295,,,,1,1,1,1,,,,1749413,2498236.8
1650375000,31.2,31.96,31.19,31.84,31.14739820430494,31.22745434334668,0,0,0,9.89,27.295,,,,1,1,1,1,,,,1685920,2372661.4
1650461400,32.04,32.46,31.89,32.3,31.377918563443952,31.324958493951527,0,0,0,9.89,27.295,,,,1,1,1,1,,,,1698879,2318251.85
1650547800,32.55,32.95,31.715,31.86,31.474334850755163,31.373598630865025,0,0,0,9.89,27.295,,,,1,1,1,1,,,,2721602,2334457
1650634200,31.74,31.745,30.58,30.61,31.30146788060413,31.30418057351366,0,0,0,9.89,27.295,,,,1,1,1,1,,,,2294402,2350325.25
1650893400,30.23,30.41,29.32,30.19,31.079174304483303,31.202891430466963,0,0,0,9.89,27.295,,,,1,1,1,1,,,,3823781,2419619.9
1650979800,29.72,30.02,29.09,29.1,30.683339443586643,31.011719482242693,0,0,0,9.89,27.295,,,,1,1,1,1,,,,2486442,2435611.7
1651066200,29.07,29.675,28.99,29.3,30.406671554869316,30.85610862022063,0,0,0,9.89,27.295,,,,1,1,1,1,,,,2442877,2442611.05
1651152600,29.8,30.03,29.02,29.73,30.271337243895452,30.753735109291483,0,0,0,9.89,27.295,,,,1,1,1,1,,,,4047600,2500736.2
1651239000,29.56,30.01,28.71,28.83,29.98306979511636,30.578850099355893,0,0,0,9.89,27.295,,,,1,1,1,1,,,,3837760,2582688.35
1651498200,28.9,29.25,28.51,29,29.78645583609309,30.43531827214172,0,0,0,9.89,27.295,,,,1,1,1,1,,,,3581566,2632649.75
1651584600,29.13,30.12,29.08,29.92,29.81316466887447,30.388471156492475,0,0,0,9.89,27.295,,,,1,1,1,1,,,,2574860,2568591.45
1651671000,30.04,31.065,29.72,31,30.050531735099575,30.44406468772043,0,0,0,9.89,27.295,,,,1,1,1,1,,,,2336543,2547531.85
1651757400,30.64,30.77,29.265,29.61,29.96242538807966,30.368240625200393,0,0,0,9.89,27.295,,,,1,1,1,1,,,,2912082,2547995.2
1651843800,29.51,29.66,28.9,29.34,29.837940310463726,30.27476420472763,0,0,0,9.89,27.295,,,,1,1,1,1,,,,2703866,2567443.25
1652103000,28.9,29.11,27.97,28.32,29.53435224837098,30.09705836793421,0,0,0,9.89,27.295,,,,1,1,1,1,,,,3372011,2625374.65
1652189400,28.01,28.7,26.36,27.68,29.163481798696782,29.8773257890311,0,0,0,9.89,27.295,,,,1,1,1,1,,,,6176736,2809890.55
1652275800,27.58,28.97,27.135,27.21,28.772785438957428,29.63484162639191,0,0,0,9.89,27.295,,,,1,1,1,1,,,,4766403,2931272.45
1652362200,26.8,27.39,25.73,26.54,28.32622835116594,29.35349238762901,0,0,0,9.89,27.295,,,,1,1,1,1,,,,5182332,3097167.45
1652448600,26.99,27.96,26.99,27.81,28.222982680932752,29.213174897844556,0,0,0,9.89,27.295,,,,1,1,1,1,,,,6311939,3335350.7
1652707800,27.82,28.06,27.24,27.61,28.100386144746203,29.067431725313234,0,0,0,9.89,27.295,,,,1,1,1,1,,,,3502122,3422986.15
1652794200,28.12,29.06,28.11,28.81,28.24230891579696,29.04402884119385,0,0,0,9.89,27.295,,,,1,1,1,1,,,,3496616,3513520.95
1652880600,28.35,28.53,27.655,27.75,28.143847132637568,28.926389855630774,0,0,0,9.89,27.295,,,,1,1,1,1,,,,2835001,3570327.05
1652967000,27.3,27.98,27.3,27.73,28.061077706110055,28.81762714148252,0,0,0,9.89,27.295,,,,1,1,1,1,,,,2572782,3562886.05
1653053400,28.3,28.46,27.04,27.81,28.010862164888042,28.72602467407502,0,0,0,9.89,27.295,,,,1,1,1,1,,,,2291052,3562718.55
1653312600,28.27,28.96,28.08,28.79,28.166689731910434,28.731840612795473,0,0,0,9.89,27.295,,,,1,1,1,1,,,,2892011,3516130.05
1653399000,28.76,28.8,27.8,28.44,28.22135178552835,28.705309647995886,0,0,0,9.89,27.295,,,,1,1,1,1,,,,2492061,3516411
1653485400,28.95,29.61,28.58,29.42,28.46108142842268,28.77028149817808,0,0,0,9.89,27.295,,,,1,1,1,1,,,,3288992,3558716.75
1653571800,29.71,30.28,29.68,30.25,28.818865142738144,28.904801361980073,0,0,0,9.89,27.295,,,,1,1,1,1,,,,2819214,3497297.45
1653658200,30.38,30.89,30.38,30.89,29.233092114190516,29.085273965436432,0,0,0,9.89,27.295,,,,1,1,1,1,,,,1926639,3401741.4
1654003800,30.57,30.79,30.15,30.41,29.46847369135241,29.20570360494221,0,0,0,9.89,27.295,,,,1,1,1,1,,,,6991475,3572236.85
1654090200,30.24,30.84,29.515,30.08,29.59077895308193,29.28518509540201,0,0,0,9.89,27.295,,,,1,1,1,1,,,,3185077,3602747.7
1654176600,30.06,30.28,29.62,30.01,29.674623162465544,29.351077359456372,0,0,0,9.89,27.295,,,,1,1,1,1,,,,3168173,3644329.2
1654263000,29.68,29.875,29.375,29.39,29.617698529972436,29.354615781323975,0,0,0,9.89,27.295,,,,1,1,1,1,,,,2164354,3606942.8
1654522200,29.59,30.155,29.3,29.69,29.63215882397795,29.385105255749068,0,0,0,9.89,27.295,,,,1,1,1,1,,,,2002081,3571853.55
1654608600,29.27,29.77,29.075,29.76,29.65772705918236,29.419186596135518,0,0,0,9.89,27.295,,,,1,1,1,1,,,,2641121,3535309.05
1654695000,29.4,29.78,29.19,29.38,29.602181647345887,29.415624178305016,0,0,0,9.89,27.295,,,,1,1,1,1,,,,1377693,3295356.9
1654781400,29.27,29.43,28.65,28.7,29.42174531787671,29.350567434822743,0,0,0,9.89,27.295,,,,1,1,1,1,,,,1566587,3135366.1
1654867800,27.96,28.25,27.31,27.33,29.003396254301368,29.166879486202493,0,0,0,9.89,27.295,,,,1,1,1,1,,,,2035995,2978049.25
1655127000,26.54,26.63,25.775,25.95,28.392717003441096,28.87443589654772,0,0,0,9.89,27.295,,,,1,1,1,1,,,,3785906,2851747.6
1655213400,26.15,26.61,25.97,26.21,27.956173602752877,28.63221445140702,0,0,0,9.89,27.295,,,,1,1,1,1,,,,2961922,2824737.6
1655299800,26.59,27.195,26.105,26.67,27.698938882202302,28.453831319460928,0,0,0,9.89,27.295,,,,1,1,1,1,,,,2709941,2785403.85
1655386200,26.18,26.22,25.22,25.56,27.27115110576184,28.19075574496448,0,0,0,9.89,27.295,,,,1,1,1,1,,,,3468876,2817097.6
1655472600,25.67,26.11,25.35,25.89,26.994920884609474,27.981596131785892,0,0,0,9.89,27.295,,,,1,1,1,1,,,,5168814,2946899.2
1655818200,26.58,26.87,25.88,26.39,26.87393670768758,27.836905574350812,0,0,0,9.89,27.295,,,,1,1,1,1,,,,3841085,3024400.85
1655904600,25.85,26.79,25.85,26.56,26.811149366150065,27.72082324940983,0,0,0,9.89,27.295,,,,1,1,1,1,,,,2993027,3029451.65
1655991000,26.65,26.81,25.97,26.18,26.684919492920052,27.58074840855439,0,0,0,9.89,27.295,,,,1,1,1,1,,,,3388456,3074271.4
1656077400,26.46,27.44,26.44,27.25,26.797935594336042,27.55068037141308,0,0,0,9.89,27.295,,,,1,1,1,1,,,,5217046,3170674.1
1656336600,27.48,27.57,26.85,27.05,26.848348475468836,27.50516397401189,0,0,0,9.89,27.295,,,,1,1,1,1,,,,2140746,3136750.7
1656423000,27.43,27.84,26.825,27.01,26.880678780375067,27.460149067283535,0,0,0,9.89,27.295,,,,1,1,1,1,,,,2128287,3146833.1
1656509400,27.02,27.08,26.35,26.58,26.820543024300054,27.380135515712304,0,0,0,9.89,27.295,,,,1,1,1,1,,,,3056143,2950066.5
1656595800,25.92,26.44,25.51,26.07,26.670434419440042,27.261032287011187,0,0,0,9.89,27.295,,,,1,1,1,1,,,,3594263,2970525.8
1656682200,25.84,26.51,25.6,26.32,26.600347535552032,27.1754838972829,0,0,0,9.89,27.295,,,,1,1,1,1,,,,3142497,2969242
1657027800,26.04,26.16,25.16,26.04,26.488278028441627,27.072258088439,0,0,0,9.89,27.295,,,,1,1,1,1,,,,2725245,2997286.55
1657114200,25.73,26.03,25.07,25.47,26.2846224227533,26.926598262217272,0,0,0,9.89,27.295,,,,1,1,1,1,,,,4318220,3113093.5
1657200600,25.72,26.2775,25.63,26.11,26.24969793820264,26.852362056561155,0,0,0,9.89,27.295,,,,1,1,1,1,,,,2215291,3091802
1657287000,26.28,26.31,25.895,25.97,26.193758350562113,26.772147324146506,0,0,0,9.89,27.295,,,,1,1,1,1,,,,1576190,3101726.85
1657546200,25.63,25.86,25.38,25.67,26.089006680449693,26.67195211286046,0,0,0,9.89,27.295,,,,1,1,1,1,,,,1732469,3110020.95
1657632600,25.49,26.35,25.49,25.82,26.035205344359753,26.594501920782236,0,0,0,9.89,27.295,,,,1,1,1,1,,,,1765169,3096479.65
1657719000,25.43,25.6,24.96,25.45,25.9181642754878,26.490456291620212,0,0,0,9.89,27.295,,,,1,1,1,1,,,,1993702,3006869.45
1657805400,24.92,25.08,24.61,24.87,25.70853142039024,26.343142083291102,0,0,0,9.89,27.295,,,,1,1,1,1,,,,2621487,2989847.7
1657891800,25.55,25.705,24.93,25.44,25.654825136312194,26.261038257537365,0,0,0,9.89,27.295,,,,1,1,1,1,,,,2236641,2966182.7
1658151000,25.81,26.07,25.31,25.52,25.627860109049756,26.193671143215788,0,0,0,9.89,27.295,,,,1,1,1,1,,,,2673724,2926425.1
1658237400,25.94,26.37,25.94,26.35,25.772288087239804,26.2078828574689,0,0,0,9.89,27.295,,,,1,1,1,1,,,,1597212,2747845
1658323800,26.26,26.75,25.98,26.74,25.965830469791843,26.256257143153544,0,0,0,9.89,27.295,,,,1,1,1,1,,,,1868938,2649237.65
1658410200,26.66,26.97,26.435,26.97,26.166664375833474,26.321142857412312,0,0,0,9.89,27.295,,,,1,1,1,1,,,,1618802,2580526.4
1658496600,27.09,27.19,26.285,26.54,26.241331500666778,26.34103896128392,0,0,0,9.89,27.295,,,,1,1,1,1,,,,2949367,2558571.95
1658755800,26.61,26.905,26.45,26.85,26.363065200533423,26.387308146621745,0,0,0,9.89,27.295,,,,1,1,1,1,,,,2166216,2406030.45
1658842200,26.77,26.86,26.48,26.71,26.432452160426738,26.416643769656133,0,0,0,9.89,27.295,,,,1,1,1,1,,,,2218235,2409904.9
1658928600,26.94,27.39,26.77,27.34,26.61396172834139,26.500585245141938,0,0,0,9.89,27.295,,,,1,1,1,1,,,,2557295,2431355.3
1659015000,27.44,27.78,26.94,27.71,26.833169382673113,26.610532041038127,0,0,0,9.89,27.295,,,,1,1,1,1,,,,2023403,2379718.3
1659101400,27.79,28.53,27.69,28.43,27.15253550613849,26.77593821912557,0,0,0,9.89,27.295,,,,1,1,1,1,,,,2466788,2323344.55
1659360600,28.09,28.25,27.805,28.13,27.348028404910792,26.89903474465961,0,0,0,9.89,27.295,,,,1,1,1,1,,,,4605660,2396502.7
1659447000,27.84,28,27.44,27.51,27.380422723928636,26.954577040599645,0,0,0,9.89,27.295,,,,1,1,1,1,,,,3676945,2444087.7
1659533400,27.83,28.425,27.515,28.4,27.584338179142907,27.085979127817858,0,0,0,9.89,27.295,,,,1,1,1,1,,,,2766076,2366480.5
1659619800,27.7,29.27,27.63,28.51,27.769470543314327,27.21543557074351,0,0,0,9.89,27.295,,,,1,1,1,1,,,,2986610,2405046.45
1659706200,28.19,28.9,28.19,28.33,27.88157643465146,27.316759609766827,0,0,0,9.89,27.295,,,,1,1,1,1,,,,2246533,2438563.6
1659965400,28.63,28.91,28.47,28.48,28.00126114772117,27.42250873615166,0,0,0,9.89,27.295,,,,1,1,1,1,,,,2257135,2464796.9
1660051800,28.51,28.82,28.42,28.73,28.147008918176937,27.54137157831969,0,0,0,9.89,27.295,,,,1,1,1,1,,,,2254718,2489274.35
1660138200,29.27,29.885,29.27,29.66,28.449607134541548,27.733974162108808,0,0,0,9.89,27.295,,,,1,1,1,1,,,,1835715,2481375
1660224600,29.99,30.37,29.9,30.31,28.82168570763324,27.968158329189826,0,0,0,9.89,27.295,,,,1,1,1,1,,,,2012604,2450930.85
1660311000,30.44,30.9475,30.245,30.93,29.24334856610659,28.237416662899843,0,0,0,9.89,27.295,,,,1,1,1,1,,,,1516508,2414924.2
1660570200,30.53,31.14,30.52,30.68,29.530678852885273,28.459469693545312,0,0,0,9.89,27.295,,,,1,1,1,1,,,,2370836,2399779.8
1660656600,30.59,31.615,30.59,31.5,29.92454308230822,28.735881539586646,0,0,0,9.89,27.295,,,,1,1,1,1,,,,3098244,2474831.4
1660743000,31.04,31.5799,31.04,31.52,30.243634465846576,28.98898321780604,0,0,0,9.89,27.295,,,,1,1,1,1,,,,3010261,2531897.55
1660829400,31.62,32.02,31.4,31.83,30.56090757267726,29.247257470732766,0,0,0,9.89,27.295,,,,1,1,1,1,,,,3320665,2616990.7
1660915800,31.54,31.57,31.16,31.28,30.70472605814181,29.432052246120698,0,0,0,9.89,27.295,,,,1,1,1,1,,,,1858538,2562449.25
1661175000,30.65,30.77,30.25,30.3,30.623780846513448,29.510956587382452,0,0,0,9.89,27.295,,,,1,1,1,1,,,,2590646,2583670.75
1661261400,30.4,30.87,30.28,30.31,30.561024677210757,29.58359689762041,0,0,0,9.89,27.295,,,,1,1,1,1,,,,1793886,2562453.3
1661347800,30.22,30.435,30.05,30.22,30.492819741768606,29.641451725109462,0,0,0,9.89,27.295,,,,1,1,1,1,,,,2325556,2550866.35
1661434200,30.36,31.225,30.36,31.21,30.636255793414886,29.784047022826783,0,0,0,9.89,27.295,,,,1,1,1,1,,,,1426820,2521037.2
1661520600,31.24,31.488,30.38,30.38,30.58500463473191,29.838224566206165,0,0,0,9.89,27.295,,,,1,1,1,1,,,,2128450,2504120.3
1661779800,30.04,30.45,29.94,30.27,30.522003707785526,29.87747687836924,0,0,0,9.89,27.295,,,,1,1,1,1,,,,1291633,2338418.95
1661866200,30.41,30.46,29.825,29.97,30.411602966228422,29.885888071244764,0,0,0,9.89,27.295,,,,1,1,1,1,,,,1454587,2227301.05
1661952600,30.18,30.18,29.65,29.75,30.27928237298274,29.873534610222514,0,0,0,9.89,27.295,,,,1,1,1,1,,,,3349849,2256489.7
1662039000,29.65,29.65,29.09,29.53,30.12942589838619,29.842304191111378,0,0,0,9.89,27.295,,,,1,1,1,1,,,,3055334,2259925.9
1662125400,30,30.285,29.27,29.36,29.975540718708952,29.7984583555558,0,0,0,9.89,27.295,,,,1,1,1,1,,,,2047205,2249959.5
1662471000,29.42,29.58,28.735,29,29.78043257496716,29.725871232323453,0,0,0,9.89,27.295,,,,1,1,1,1,,,,1652099,2219707.7
1662557400,28.96,29.67,28.805,29.62,29.74834605997373,29.716246574839502,0,0,0,9.89,27.295,,,,1,1,1,1,,,,2225655,2218254.55
1662643800,29.41,30.08,29.2901,30.04,29.806676847978984,29.74567870439955,0,0,0,9.89,27.295,,,,1,1,1,1,,,,2039443,2228440.95
1662730200,30.31,30.675,30.25,30.56,29.95734147838319,29.819707913090497,0,0,0,9.89,27.295,,,,1,1,1,1,,,,2178660,2236743.75
1662989400,30.84,31.27,30.69,31.01,30.16787318270655,29.927916284627724,0,0,0,9.89,27.295,,,,1,1,1,1,,,,1917089,2256772.8
1663075800,30.13,30.645,29.795,29.92,30.118298546165242,29.92719662238884,0,0,0,9.89,27.295,,,,1,1,1,1,,,,2259467,2251204.35
1663162200,30.11,30.13,29.6,29.9,30.074638836932195,29.924724202171674,0,0,0,9.89,27.295,,,,1,1,1,1,,,,3004983,2246541.3
1663248600,29.8,30.205,29.34,29.51,29.961711069545757,29.88702200197425,0,0,0,9.89,27.295,,,,1,1,1,1,,,,3742335,2283145
1663335000,29.06,29.26,28.64,29.22,29.813368855636604,29.826383638158408,0,0,0,9.89,27.295,,,,1,1,1,1,,,,4113861,2322804.8
1663594200,28.81,29.62,28.79,29.54,29.758695084509284,29.800348761962187,0,0,0,9.89,27.295,,,,1,1,1,1,,,,1891185,2324437.15
1663680600,29.25,29.415,28.925,29.26,29.658956067607427,29.751226147238352,0,0,0,9.89,27.295,,,,1,1,1,1,,,,1885496,2289179.65
1663767000,29.49,29.91,29.04,29.05,29.53716485408594,29.68747831567123,0,0,0,9.89,27.295,,,,1,1,1,1,,,,1618557,2280413.2
1663853400,29.08,29.14,28.1,28.29,29.28773188326875,29.56043483242839,0,0,0,9.89,27.295,,,,1,1,1,1,,,,2888169,2308543.85
1663939800,27.85,28.04,26.875,27.48,28.926185506615003,29.371304393116716,0,0,0,9.89,27.295,,,,1,1,1,1,,,,4262310,2450318.35
1664199000,27.24,27.5,26.47,26.47,28.434948405292,29.107549448287923,0,0,0,9.89,27.295,,,,1,1,1,1,,,,2546693,2471230.5
1664285400,26.79,26.99,26.06,26.41,28.0299587242336,28.862317680261746,0,0,0,9.89,27.295,,,,1,1,1,1,,,,2168869,2515092.3
1664371800,26.39,27.515,26.34,27.27,27.87796697938688,28.71756152751068,0,0,0,9.89,27.295,,,,1,1,1,1,,,,3031429,2593934.4
1664458200,26.89,26.97,26.14,26.72,27.646373583509504,28.53596502500971,0,0,0,9.89,27.295,,,,1,1,1,1,,,,2312636,2542073.75
1664544600,26.75,27.03,26.3,26.35,27.387098866807605,28.337240931827008,0,0,0,9.89,27.295,,,,1,1,1,1,,,,2790730,2528843.55
1664803800,26.77,27.47,26.341,27.33,27.375679093446085,28.24567357438819,0,0,0,9.89,27.295,,,,1,1,1,1,,,,2299414,2541454
1664890200,27.98,29.01,27.84,28.99,27.69854327475687,28.31333961308017,0,0,0,9.89,27.295,,,,1,1,1,1,,,,2400575,2578877.8
1664976600,28.51,29.21,28.4,29.01,27.960834619805496,28.376672375527427,0,0,0,9.89,27.295,,,,1,1,1,1,,,,2297385,2582464.3
1665063000,28.81,29.11,28.69,28.76,28.120667695844396,28.41152034138857,0,0,0,9.89,27.295,,,,1,1,1,1,,,,1662304,2563607.35
1665149400,28.4,28.56,27.855,28.15,28.12653415667552,28.3877457648987,0,0,0,9.89,27.295,,,,1,1,1,1,,,,1852807,2547314.7
1665408600,28.28,28.59,27.94,28.08,28.117227325340416,28.359768877180635,0,0,0,9.89,27.295,,,,1,1,1,1,,,,1554766,2529198.55
1665495000,27.87,28.13,27.26,27.52,27.997781860272333,28.283426251982394,0,0,0,9.89,27.295,,,,1,1,1,1,,,,2218748,2527162.6
1665581400,27.47,27.65,27.12,27.17,27.832225488217865,28.18220568362036,0,0,0,9.89,27.295,,,,1,1,1,1,,,,2265783,2490202.6
1665667800,26.51,28.28,26.31,28.15,27.89578039057429,28.17927789420033,0,0,0,9.89,27.295,,,,1,1,1,1,,,,2056717,2405921.7
1665754200,28.42,28.82,27.61,27.77,27.870624312459434,28.142070812909388,0,0,0,9.89,27.295,,,,1,1,1,1,,,,1591075,2279782.4
1666013400,28.32,28.57,27.9,28.17,27.93049944996755,28.144609829917627,0,0,0,9.89,27.295,,,,1,1,1,1,,,,2505588,2310502.55
1666099800,28.85,29.06,28.34,28.78,28.10039955997404,28.20237257265239,0,0,0,9.89,27.295,,,,1,1,1,1,,,,2533013,2342878.4
1666186200,28.36,28.77,27.955,28.14,28.108319647979233,28.1967023387749,0,0,0,9.89,27.295,,,,1,1,1,1,,,,1731348,2348517.95
1666272600,28.08,28.245,27.41,27.44,27.974655718383385,28.127911217068092,0,0,0,9.89,27.295,,,,1,1,1,1,,,,2067890,2307504
1666359000,27.4,28.19,27.17,28.17,28.013724574706707,28.131737470061903,0,0,0,9.89,27.295,,,,1,1,1,1,,,,2606373,2224707.15
1666618200,28.33,29.12,28.26,28.91,28.192979659765367,28.202488609147185,0,0,0,9.89,27.295,,,,1,1,1,1,,,,2319413,2213343.15
1666704600,28.74,29.415,28.72,29.36,28.426383727812294,28.30771691740653,0,0,0,9.89,27.295,,,,1,1,1,1,,,,3301695,2269984.45
1666791000,29.4,29.93,29.27,29.47,28.635106982249834,28.41337901582412,0,0,0,9.89,27.295,,,,1,1,1,1,,,,1776854,2207255.7
1666877400,29.85,30.305,29.68,29.95,28.898085585799866,28.553071832567383,0,0,0,9.89,27.295,,,,1,1,1,1,,,,2311348,2207191.3
1666963800,29.97,31.005,29.95,30.95,29.30846846863989,28.770974393243076,0,0,0,9.89,27.295,,,,1,1,1,1,,,,1877323,2161520.95
1667223000,30.71,31.06,30.61,30.62,29.570774774911914,28.93906763022098,0,0,0,9.89,27.295,,,,1,1,1,1,,,,2627206,2177910.55
1667309400,30.88,31.14,30.68,30.92,29.840619819929532,29.11915239110998,0,0,0,9.89,27.295,,,,1,1,1,1,,,,1790827,2147423.15
1667395800,30.82,31.71,30.63,30.64,30.000495855943626,29.257411264645437,0,0,0,9.89,27.295,,,,1,1,1,1,,,,3810122,2223060
1667482200,29.67,29.89,28.02,28.4,29.6803966847549,29.179464786041308,0,0,0,9.89,27.295,,,,1,1,1,1,,,,3884959,2334192.75
1667568600,28.93,29.92,28.57,29.87,29.71831734780392,29.24224071458301,0,0,0,9.89,27.295,,,,1,1,1,1,,,,3482155,2415660.15
1667831400,30.01,30.4,29.54,30.4,29.854653878243138,29.347491558711827,0,0,0,9.89,27.295,,,,1,1,1,1,,,,2521242,2463983.95
1667917800,30.56,30.61,29.78,30.06,29.89572310259451,29.412265053374387,0,0,0,9.89,27.295,,,,1,1,1,1,,,,2850264,2495559.75
1668004200,29.75,29.93,29.17,29.26,29.768578482075608,29.3984227757949,0,0,0,9.89,27.295,,,,1,1,1,1,,,,2131783,2488859.75
1668090600,30.44,31.36,30.28,31.27,30.068862785660485,29.568566159813543,0,0,0,9.89,27.295,,,,1,1,1,1,,,,3545609,2563304.35
1668177000,31.56,31.64,30.475,30.58,30.17109022852839,29.660514690739586,0,0,0,9.89,27.295,,,,1,1,1,1,,,,2968118,2632156.5
1668436200,30.33,30.5,29.75,29.79,30.094872182822712,29.672286082490533,0,0,0,9.89,27.295,,,,1,1,1,1,,,,1837530,2598753.6
1668522600,30.2,30.88,30.04,30.6,30.19589774625817,29.75662371135503,0,0,0,9.89,27.295,,,,1,1,1,1,,,,3092988,2626752.35
1668609000,30.37,30.73,30.37,30.61,30.278718197006533,29.834203373959117,0,0,0,9.89,27.295,,,,1,1,1,1,,,,2283211,2654345.5
1668695400,30.1,30.465,30.1,30.38,30.298974557605227,29.883821249053742,0,0,0,9.89,27.295,,,,1,1,1,1,,,,1432180,2622560
1668781800,30.79,31,30.53,30.65,30.36917964608418,29.95347386277613,0,0,0,9.89,27.295,,,,1,1,1,1,,,,4939842,2739233.45
1669041000,30.54,30.76,30.29,30.6,30.415343716867344,30.01224896616012,0,0,0,9.89,27.295,,,,1,1,1,1,,,,2125690,2729547.3
1669127400,30.92,31.605,30.84,31.6,30.652274973493874,30.15658996923647,0,0,0,9.89,27.295,,,,1,1,1,1,,,,2471218,2688023.45
1669213800,31.41,31.55,31.2,31.28,30.7778199787951,30.258718153851337,0,0,0,9.89,27.295,,,,1,1,1,1,,,,1757800,2687070.75
1669386600,31.08,31.34,30.97,31.21,30.86425598303608,30.345198321683032,0,0,0,9.89,27.295,,,,1,1,1,1,,,,1038479,2623427.3
1669645800,30.99,31.21,30.535,30.62,30.815404786428864,30.37018029243912,0,0,0,9.89,27.295,,,,1,1,1,1,,,,2210442,2640083.25
1669732200,30.74,31.175,30.5,30.84,30.820323829143092,30.412891174944654,0,0,0,9.89,27.295,,,,1,1,1,1,,,,1953630,2606404.45
1669818600,30.85,31.98,30.58,31.74,31.004259063314475,30.53353743176787,0,0,0,9.89,27.295,,,,1,1,1,1,,,,7518554,2892790.8
1669905000,31.89,32.075,31.59,31.89,31.18140725065158,30.656852210698062,0,0,0,9.89,27.295,,,,1,1,1,1,,,,2019587,2803264.05
1669991400,31.52,32.125,31.52,31.98,31.341125800521265,30.777138373361876,0,0,0,9.89,27.295,,,,1,1,1,1,,,,1796390,2698835.6
1670250600,31.81,31.81,30.9,31.03,31.278900640417014,30.800125793965343,0,0,0,9.89,27.295,,,,1,1,1,1,,,,4682288,2758842.25
1670337000,30.7,31.32,30.34,30.52,31.12712051233361,30.774659812695766,0,0,0,9.89,27.295,,,,1,1,1,1,,,,3124296,2788994.95
1670423400,30.41,31.24,30.31,30.69,31.039696409866888,30.76696346608706,0,0,0,9.89,27.295,,,,1,1,1,1,,,,3848720,2838917.75
1670509800,30.84,31.03,30.335,30.42,30.91575712789351,30.735421332806418,0,0,0,9.89,27.295,,,,1,1,1,1,,,,2987405,2881698.85
1670596200,30,30.26,29.61,29.7,30.672605702314808,30.641292120733105,0,0,0,9.89,27.295,,,,1,1,1,1,,,,3054440,2857140.4
1670855400,29.87,30.385,29.605,30.35,30.608084561851847,30.61481101884828,0,0,0,9.89,27.295,,,,1,1,1,1,,,,2275618,2822515.4
1670941800,31.13,31.28,30.17,30.54,30.594467649481476,30.6080100171348,0,0,0,9.89,27.295,,,,1,1,1,1,,,,3826923,2921985.05
1671028200,30.55,30.76,29.77,29.92,30.45957411958518,30.545463651940725,0,0,0,9.89,27.295,,,,1,1,1,1,,,,2665823,2900626.8
1671114600,29.45,29.58,29.07,29.21,30.209659295668146,30.42405786540066,0,0,0,9.89,27.295,,,,1,1,1,1,,,,2674360,2920184.25
1671201000,28.87,29.26,28.635,28.81,29.929727436534517,30.277325332182418,0,0,0,9.89,27.295,,,,1,1,1,1,,,,6960515,3196601
1671460200,28.79,29.105,28.23,28.48,29.639781949227615,30.113932120165835,0,0,0,9.89,27.295,,,,1,1,1,1,,,,2353454,3067281.6
1671546600,28.52,28.835,28.43,28.71,29.453825559382093,29.986301927423487,0,0,0,9.89,27.295,,,,1,1,1,1,,,,2189069,3070450.55
1671633000,29.03,29.51,28.9,29.27,29.417060447505673,29.921183570384986,0,0,0,9.89,27.295,,,,1,1,1,1,,,,1628257,3028302.5
1671719400,28.95,29.01,28.095,28.52,29.237648358004538,29.793803245804533,0,0,0,9.89,27.295,,,,1,1,1,1,,,,1789936,3029909.3
1671805800,28.34,28.71,28.3,28.61,29.11211868640363,29.68618476891321,0,0,0,9.89,27.295,,,,1,1,1,1,,,,1774052,3066687.95
1672151400,28.68,28.685,28.215,28.4,28.969694949122903,29.56925888083019,0,0,0,9.89,27.295,,,,1,1,1,1,,,,1849125,3048622.1
1672237800,28.36,28.405,27.91,27.92,28.759755959298325,29.419326255300174,0,0,0,9.89,27.295,,,,1,1,1,1,,,,1864303,3044155.75
1672324200,28.06,29.035,27.95,28.97,28.80180476743866,29.37847841390925,0,0,0,9.89,27.295,,,,1,1,1,1,,,,1322365,2734346.3
1672410600,28.67,28.95,28.435,28.7,28.78144381395093,29.31679855809932,0,0,0,9.89,27.295,,,,1,1,1,1,,,,1470255,2706879.7
1672756200,29.03,29.22,28.33,28.6,28.745155051160744,29.251635052817562,0,0,0,9.89,27.295,,,,1,1,1,1,,,,1918190,2712969.7
1672842600,28.79,29.7,28.77,29.67,28.930124040928597,29.28966822983415,0,0,0,9.89,27.295,,,,1,1,1,1,,,,2145683,2586139.45
1672929000,29.44,29.63,29.25,29.4,29.024099232742877,29.299698390758316,0,0,0,9.89,27.295,,,,1,1,1,1,,,,1825991,2521224.2
1673015400,29.82,30.35,29.68,30.22,29.263279386194302,29.38336217341665,0,0,0,9.89,27.295,,,,1,1,1,1,,,,1870581,2422317.25
1673274600,30.22,30.4,29.59,29.64,29.338623508955443,29.406692884924226,0,0,0,9.89,27.295,,,,1,1,1,1,,,,2074136,2376653.8
1673361000,29.8,29.94,29.54,29.9,29.450898807164354,29.45153898629475,0,0,0,9.89,27.295,,,,1,1,1,1,,,,1976392,2322751.4
1673447400,29.94,30.63,29.94,30.58,29.67671904573148,29.554126351177047,0,0,0,9.89,27.295,,,,1,1,1,1,,,,1725111,2295226.05
1673533800,30.7,30.835,30.455,30.62,29.865375236585184,29.651023955615496,0,0,0,9.89,27.295,,,,1,1,1,1,,,,1819133,2194836.55
1673620200,30.37,30.725,30.17,30.53,29.998300189268146,29.73093086874136,0,0,0,9.89,27.295,,,,1,1,1,1,,,,2417679,2182429.35
1673965800,30.58,30.81,30.46,30.76,30.150640151414517,29.824482607946692,0,0,0,9.89,27.295,,,,1,1,1,1,,,,1986317,2148027.2
1674052200,30.75,31.005,30.31,30.32,30.184512121131615,29.869529643587903,0,0,0,9.89,27.295,,,,1,1,1,1,,,,2165574,1908280.15
1674138600,29.76,30.02,29.29,29.63,30.07360969690529,29.847754221443548,0,0,0,9.89,27.295,,,,1,1,1,1,,,,3052568,1943235.85
1674225000,29.78,30.395,29.74,30.28,30.114887757524233,29.88704929222141,0,0,0,9.89,27.295,,,,1,1,1,1,,,,1237230,1895643.9
1674484200,30.34,30.64,30.17,30.51,30.193910206019385,29.943681174746736,0,0,0,9.89,27.295,,,,1,1,1,1,,,,1590471,1893754.6
1674570600,30.195,30.73,29.93,30.59,30.273128164815507,30.002437431587943,0,0,0,9.89,27.295,,,,1,1,1,1,,,,1718712,1890193.4
1674657000,30.31,30.83,30.18,30.71,30.360502531852404,30.066761301443584,0,0,0,9.89,27.295,,,,1,1,1,1,,,,1447662,1873873.9
1674743400,30.8,31.325,30.64,31.3,30.548402025481924,30.178873910403258,0,0,0,9.89,27.295,,,,1,1,1,1,,,,2625648,1912700.05
1674829800,31.18,31.525,31.06,31.23,30.684721620385538,30.274430827639325,0,0,0,9.89,27.295,,,,1,1,1,1,,,,1497184,1894344.1
1675089000,31,31.44,30.94,30.98,30.74377729630843,30.338573479672114,0,0,0,9.89,27.295,,,,1,1,1,1,,,,1812424,1918847.05
1675175400,31.1,32.07,30.73,32.07,31.009021837046745,30.495975890611014,0,0,0,9.89,27.295,,,,1,1,1,1,,,,2530383,1971853.45
1675261800,31.82,32.495,31.6,32.28,31.263217469637397,30.658159900555468,0,0,0,9.89,27.295,,,,1,1,1,1,,,,2144222,1983155.05
1675348200,32.58,32.74,32.265,32.52,31.51457397570992,30.827418091414064,0,0,0,9.89,27.295,,,,1,1,1,1,,,,3026988,2027220.3
1675434600,32.24,32.765,32.16,32.35,31.681659180567934,30.96583462855824,0,0,0,9.89,27.295,,,,1,1,1,1,,,,1942822,2033061.85
1675693800,32.05,32.34,31.645,31.8,31.705327344454346,31.041667844143856,0,0,0,9.89,27.295,,,,1,1,1,1,,,,1939508,2036508.2
1675780200,31.59,32.575,31.495,32.47,31.85826187556348,31.17151622194896,0,0,0,9.89,27.295,,,,1,1,1,1,,,,1674614,2016532.1
1675866600,32.1,32.945,32.1,32.76,32.03860950045078,31.31592383813542,0,0,0,9.89,27.295,,,,1,1,1,1,,,,3053147,2070369.85
1675953000,31.48,32.68,30.795,31.82,31.994887600360627,31.361748943759473,0,0,0,9.89,27.295,,,,1,1,1,1,,,,3673837,2167806.15
1676039400,31.77,31.88,31.27,31.8,31.9559100802885,31.40158994887225,0,0,0,9.89,27.295,,,,1,1,1,1,,,,2394858,2196592.4
1676298600,31.93,32.435,31.68,32.39,32.0427280642308,31.491445408065683,0,0,0,9.89,27.295,,,,1,1,1,1,,,,1679223,2159669.6
1676385000,32.27,32.95,32.14,32.88,32.21018245138464,31.617677643696076,0,0,0,9.89,27.295,,,,1,1,1,1,,,,2929827,2206845.1
1676471400,32.75,32.94,32.55,32.78,32.32414596110771,31.72334331245098,0,0,0,9.89,27.295,,,,1,1,1,1,,,,1816532,2189393
1676557800,32.43,33.245,32.39,32.86,32.43131676888617,31.8266757385918,0,0,0,9.89,27.295,,,,1,1,1,1,,,,1798954,2126712.3
1676644200,32.76,32.84,32.45,32.75,32.495053415108934,31.910614307810725,0,0,0,9.89,27.295,,,,1,1,1,1,,,,1566061,2143153.85
1676989800,32.22,32.32,31.2249,31.33,32.262042732087146,31.85783118891884,0,0,0,9.89,27.295,,,,1,1,1,1,,,,2692358,2198248.2
1677076200,31.53,31.62,31.13,31.3,32.06963418566971,31.80711926265349,0,0,0,9.89,27.295,,,,1,1,1,1,,,,1834190,2204022.1
1677162600,31.57,31.91,31.1,31.43,31.941707348535772,31.772835693321355,0,0,0,9.89,27.295,,,,1,1,1,1,,,,1735792,2218428.6
1677249000,30.86,31.39,30.74,31.35,31.823365878828618,31.734396084837595,0,0,0,9.89,27.295,,,,1,1,1,1,,,,2310708,2202681.6
1677508200,31.68,31.86,31.18,31.38,31.734692703062894,31.702178258943267,0,0,0,9.89,27.295,,,,1,1,1,1,,,,1868087,2221226.75
1677594600,31.43,31.82,31.41,31.42,31.671754162450316,31.676525689948424,0,0,0,9.89,27.295,,,,1,1,1,1,,,,4520426,2356626.85
1677681000,31.32,32.61,31.2,32.31,31.799403329960253,31.734114263589476,0,0,0,9.89,27.295,,,,1,1,1,1,,,,2624901,2361352.75
1677767400,31.94,32.095,31.1,31.93,31.8255226639682,31.751922057808613,0,0,0,9.89,27.295,,,,1,1,1,1,,,,2322205,2370251.9
1677853800,32.05,32.23,31.68,32.15,31.89041813117456,31.788110961644193,0,0,0,9.89,27.295,,,,1,1,1,1,,,,2234398,2330622.4
1678113000,32.11,32.26,31.485,31.6,31.83233450493965,31.771009965131086,0,0,0,9.89,27.295,,,,1,1,1,1,,,,2340248,2350493.7
1678199400,31.69,31.725,30.96,31.06,31.677867603951718,31.706372695573712,0,0,0,9.89,27.295,,,,1,1,1,1,,,,2985611,2402798.85
1678285800,30.94,31.1,30.395,30.47,31.436294083161375,31.593975177794285,0,0,0,9.89,27.295,,,,1,1,1,1,,,,2080991,2423117.7
1678372200,30.26,30.4298,28.48,28.62,30.8730352665291,31.323613797994803,0,0,0,9.89,27.295,,,,1,1,1,1,,,,3146941,2427807.4
1678458600,28.23,28.36,27.17,27.26,30.150428213223282,30.954194361813457,0,0,0,9.89,27.295,,,,1,1,1,1,,,,4014483,2444839.7
1678714200,26.37,26.495,24.61,25.08,29.136342570578627,30.42017669255769,0,0,0,9.89,27.295,,,,1,1,1,1,,,,6630480,2656620.8
1678800600,25.86,26.64,25.41,25.66,28.441074056462902,29.987433356870625,0,0,0,9.89,27.295,,,,1,1,1,1,,,,4819293,2813624.3
1678887000,24.83,25.03,23.59,24.08,27.568859245170323,29.450393960791477,0,0,0,9.89,27.295,,,,1,1,1,1,,,,4918047,2913035.3
1678973400,24.02,25.2,23.35,24.86,27.02708739613626,29.033085418901344,0,0,0,9.89,27.295,,,,1,1,1,1,,,,4990614,3071739.4
1679059800,25.35,25.35,23.45,23.46,26.313669916909006,28.526441289910313,0,0,0,9.89,27.295,,,,1,1,1,1,,,,15695999,3766591.65
1679319000,23.8,24.58,23.7202,24.12,25.874935933527205,28.125855718100283,0,0,0,9.89,27.295,,,,1,1,1,1,,,,4578179,3917197.55
1679405400,25.07,26.03,25.07,25.69,25.837948746821763,27.904414289182075,0,0,0,9.89,27.295,,,,1,1,1,1,,,,5258061,4045482.7
1679491800,25.54,25.685,24.275,24.38,25.54635899745741,27.584012990165522,0,0,0,9.89,27.295,,,,1,1,1,1,,,,3504245,4128985.45
1679578200,24.45,24.8,23.665,23.99,25.235087197965928,27.25728453651411,0,0,0,23.35,33.245,37.13,,,1,1,1,1,,,,2827523,4183572
1679664600,23.41,23.605,22.585,23.58,24.904069758372742,26.922985942285553,0,0,0,23.35,33.245,37.13,,,1,1,1,1,,,,3761301,4256101.65
1679923800,24.16,24.34,23.65,24,24.723255806698194,26.65725994753232,0,0,0,23.35,33.245,37.13,,,1,1,1,1,,,,2575920,4291493.3
1680010200,23.85,24.07,23.475,23.67,24.512604645358557,26.38569086139302,0,0,0,23.35,33.245,37.13,,,1,1,1,1,,,,2673008,4199122.4
1680096600,24.1,24.19,23.775,24.18,24.446083716286847,26.18517351035729,0,0,0,23.35,33.245,37.13,,,1,1,1,1,,,,2536736,4194714.15
1680183000,24.56,24.82,24.41,24.7,24.496866973029476,26.050157736688448,0,0,0,23.35,33.245,37.13,,,1,1,1,1,,,,3549511,4256079.45
1680269400,25,25.42,24.65,25.39,24.67549357842358,25.9901433969895,0,0,0,22.585,33.245,37.13,,,1,1,1,1,,,,4057249,4347222
1680528600,25.38,25.48,24.855,25.09,24.758394862738864,25.908312179081364,0,0,0,22.585,33.245,37.13,,,1,1,1,1,,,,3321804,4396299.8
1680615000,25.43,25.55,24.16,24.51,24.70871589019109,25.781192890073967,0,0,0,22.585,33.245,37.13,,,1,1,1,1,,,,4063695,4450204
1680701400,24.14,24.39,23.865,24.3,24.626972712152874,25.646538990976335,0,0,0,22.585,33.245,37.13,,,1,1,1,1,,,,3810413,4536675.1
1680787800,24.43,24.91,24.355,24.63,24.627578169722298,25.55412635543303,0,0,0,22.585,33.245,37.13,,,1,1,1,1,,,,3035546,4531105.35
1681133400,24.47,24.86,24.29,24.51,24.60406253577784,25.45920577766639,0,0,0,22.585,33.245,37.13,,,1,1,1,1,,,,2181169,4439439.65
1681219800,24.74,25.28,24.59,25,24.683250028622272,25.417459797878536,0,0,0,22.585,33.245,37.13,,,1,1,1,1,,,,3072266,4261528.95
1681306200,25.3,25.56,24.94,25.25,24.796600022897817,25.402236179889577,0,0,0,22.585,33.245,37.13,,,1,1,1,1,,,,3507308,4195929.7
1681392600,25.21,25.435,24.94,25.29,24.895280018318253,25.392032890808707,0,0,0,22.585,33.245,37.13,,,1,1,1,1,,,,1796661,4039860.4
1681479000,25.63,25.78,25.065,25.29,24.974224014654602,25.382757173462462,0,0,0,22.585,33.245,37.13,,,1,1,1,1,,,,2037451,3892202.25
1681738200,25.27,25.82,25.24,25.77,25.133379211723682,25.417961066784056,0,0,0,22.585,33.245,37.13,,,1,1,1,1,,,,3077641,3261284.35
1681824600,25.77,26.2,25.625,26.16,25.338703369378944,25.48541915162187,0,0,0,22.585,33.245,37.13,,,1,1,1,1,,,,2657784,3165264.6
1681911000,26,26.555,26,26.41,25.552962695503155,25.569471956019882,0,0,0,22.585,33.245,37.13,,,1,1,1,1,,,,2477036,3026213.35
1681997400,26.18,26.455,26.01,26.07,25.656370156402524,25.61497450547262,0,0,0,22.585,33.245,37.13,,,1,1,1,1,,,,2743007,2988151.45
1682083800,26.1,26.1,25.635,25.81,25.687096125122018,25.6327040958842,0,0,0,22.585,33.245,37.13,,,1,1,1,1,,,,1903993,2941974.95
1682343000,25.76,26.03,25.715,25.89,25.727676900097613,25.656094632622,0,0,0,22.585,33.245,37.13,,,1,1,1,1,,,,1972029,2852511.35
1682429400,25.45,25.57,25.08,25.21,25.62414152007809,25.61554057511091,0,0,0,22.585,33.245,37.13,,,1,1,1,1,,,,2244721,2835951.4
1682515800,25.14,25.45,24.81,25.14,25.527313216062474,25.57230961373719,0,0,0,22.585,33.245,37.13,,,1,1,1,1,,,,2597095,2832155.75
1682602200,25.26,25.7375,25.115,25.6,25.54185057284998,25.574826921579263,0,0,0,22.585,33.245,37.13,,,1,1,1,1,,,,2938104,2852224.15
1682688600,25.41,26.115,25.41,25.99,25.631480458279984,25.61256992870842,0,0,0,22.585,33.245,37.13,,,1,1,1,1,,,,2824807,2815988.95
1682947800,25.92,26.315,25.87,26.07,25.71918436662399,25.65415448064402,0,0,0,22.585,33.245,37.13,,,1,1,1,1,,,,2805238,2753388.4
1683034200,25.99,25.99,24.63,25,25.57534749329919,25.594685891494564,0,0,0,22.585,33.245,37.13,,,1,1,1,1,,,,3934580,2784027.2
1683120600,25.05,25.355,24.52,24.54,25.368277994639353,25.49880535590415,0,0,0,22.585,33.245,37.13,,,1,1,1,1,,,,4314505,2796567.7
1683207000,23.65,23.65,21.89,22.99,24.89262239571148,25.270732141731045,0,0,0,22.585,33.245,37.13,,,1,1,1,1,,,,8512471,3031670.6
1683293400,23.61,24.03,23.35,24.03,24.720097916569184,25.157938310664587,0,0,0,22.585,33.245,37.13,,,1,1,1,1,,,,4101443,3084965.45
1683552600,24.35,24.395,23.58,23.58,24.492078333255346,25.014489373331443,0,0,0,22.585,33.245,37.13,,,1,1,1,1,,,,2819876,3116900.8
1683639000,23.26,23.39,22.81,22.84,24.161662666604276,24.816808521210405,0,0,0,22.585,33.245,37.13,,,1,1,1,1,,,,5753413,3250958.15
1683725400,22.87,23.25,22.16,22.82,23.89333013328342,24.635280473827642,0,0,0,22.585,33.245,37.13,,,1,1,1,1,,,,10528723,3602028.9
1683811800,22.6,23.43,22.46,23.43,23.800664106626737,24.525709521661494,0,0,0,21.89,33.245,37.13,,,1,1,1,1,,,,4058864,3715139.05
1683898200,23.72,23.97,23.2147,23.47,23.73453128530139,24.429735928783177,0,0,0,21.89,33.245,37.13,,,1,1,1,1,,,,4630544,3844793.7
1684157400,23.66,24.09,23.61,23.95,23.77762502824111,24.38612357162107,0,0,0,21.89,33.245,37.13,,,1,1,1,1,,,,1957555,3788789.4
1684243800,23.75,24.02,23.45,23.45,23.71210002259289,24.301021428746427,0,0,0,21.89,33.245,37.13,,,1,1,1,1,,,,3674364,3839618.4
1684330200,23.7,24.49,23.7,24.44,23.857680018074312,24.313655844314933,0,0,0,21.89,33.245,37.13,,,1,1,1,1,,,,1918280,3811680.6
1684416600,24.4,24.97,24.225,24.93,24.07214401445945,24.369687131195395,0,0,0,21.89,33.245,37.13,,,1,1,1,1,,,,2984787,3823769.6
1684503000,25.07,25.15,24.305,24.5,24.15771521156756,24.381533755632177,0,0,0,21.89,33.245,37.13,,,1,1,1,1,,,,1928412,3824990.55
1684762200,24.61,25.31,24.48,25.2,24.366172169254046,24.455939777847433,0,0,0,21.89,33.245,37.13,,,1,1,1,1,,,,2755685,3864173.35
1684848600,25.2,25.865,25.18,25.18,24.528937735403236,24.521763434406758,0,0,0,21.89,33.245,37.13,,,1,1,1,1,,,,2811317,3892503.15
1684935000,25.01,25.035,24.31,24.72,24.56715018832259,24.53978494036978,0,0,0,21.89,33.245,37.13,,,1,1,1,1,,,,2483527,3886824.75
1685021400,24.78,25.435,24.59,25.29,24.71172015065807,24.607986309427073,0,0,0,21.89,33.245,37.13,,,1,1,1,1,,,,2846700,3882254.55
1685107800,25.46,25.52,25.235,25.42,24.853376120526455,24.681805735842794,0,0,0,21.89,33.245,37.13,,,1,1,1,1,,,,2393757,3860702.05
1685453400,25.41,25.55,24.73,25.21,24.924700896421164,24.72982339622072,0,0,0,21.89,33.245,37.13,,,1,1,1,1,,,,3379562,3889418.25
1685539800,24.94,25.15,24.225,24.54,24.847760717136932,24.712566723837018,0,0,0,21.89,33.245,37.13,,,1,1,1,1,,,,12287198,4307049.15
1685626200,24.81,25.07,24.57,24.95,24.868208573709545,24.734151567124563,0,0,0,21.89,33.245,37.13,,,1,1,1,1,,,,2462151,4214431.45
1685712600,25.2,26.015,25.08,25.75,25.044566858967634,24.826501424658694,0,0,0,21.89,33.245,37.13,,,1,1,1,1,,,,2218041,3899709.95
1685971800,25.63,25.73,25.19,25.4,25.115653487174107,24.87863765878063,0,0,0,21.89,33.245,37.13,,,1,1,1,1,,,,2067902,3798032.9
1686058200,25.29,26.27,25.25,26.04,25.300522789739286,24.984216053436935,0,0,0,21.89,33.245,37.13,,,1,1,1,1,,,,2423839,3778231.05
1686144600,26.13,26.74,25.87,26.48,25.53641823179143,25.120196412215396,0,0,0,21.89,33.245,37.13,,,1,1,1,1,,,,2735868,3627353.8
1686231000,26.47,26.61,26.1,26.49,25.727134585433145,25.244724011104907,0,0,0,21.89,33.245,37.13,,,1,1,1,1,,,,2704601,3236147.7
1686317400,26.49,26.58,26.15,26.56,25.893707668346515,25.364294555549915,0,0,0,21.89,33.245,37.13,,,1,1,1,1,,,,2464036,3156406.3
1686576600,26.44,26.835,25.672,26.26,25.96696613467721,25.445722323227194,0,0,0,21.89,33.245,37.13,,,1,1,1,1,,,,1729102,3011334.2
1686663000,26.29,27.21,26.23,27.12,26.19757290774177,25.597929384751996,0,0,0,21.89,33.245,37.13,,,1,1,1,1,,,,2033606,3015136.75
1686749400,27.26,27.45,26.71,26.77,26.312058326193416,25.70448125886545,0,0,0,21.89,33.245,37.13,,,1,1,1,1,,,,4118704,3037353.75
1686835800,26.61,26.88,26.49,26.7,26.38964666095473,25.794982962604955,0,0,0,21.89,33.245,37.13,,,1,1,1,1,,,,5111605,3197020
1686922200,26.73,26.91,26.32,26.43,26.397717328763786,25.852711784186322,0,0,0,21.89,33.245,37.13,,,1,1,1,1,,,,5000385,3297799.9
1687267800,26.22,26.495,25.87,26.28,26.37417386301103,25.89155616744211,0,0,0,21.89,33.245,37.13,,,1,1,1,1,,,,3615594,3382159
1687354200,26.18,26.5,26.01,26.22,26.343339090408826,25.921414697674646,0,0,0,21.89,33.245,37.13,,,1,1,1,1,,,,4074812,3448115.35
1687440600,26.1,26.18,25.56,25.6,26.19467127232706,25.892195179704224,0,0,0,21.89,33.245,37.13,,,1,1,1,1,,,,4202218,3517660.4
1687527000,25.25,25.6,25.14,25.43,26.04173701786165,25.85017743609475,0,0,0,21.89,33.245,37.13,,,1,1,1,1,,,,11878449,3987406.5
1687786200,25.43,26.12,25.43,25.94,26.02138961428932,25.8583431237225,0,0,0,21.89,33.245,37.13,,,1,1,1,1,,,,2028996,3946521.3
1687872600,26.1,26.69,25.99,26.56,26.129111691431454,25.922130112475,0,0,0,21.89,33.245,37.13,,,1,1,1,1,,,,1768453,3915256.1
1687959000,26.51,26.66,26.26,26.59,26.221289353145163,25.982845556795453,0,0,0,21.89,33.245,37.13,,,1,1,1,1,,,,1742207,3833388.35
1688045400,26.86,27.07,26.695,26.95,26.36703148251613,26.070768687995866,0,0,0,21.89,33.245,37.13,,,1,1,1,1,,,,1472524,3292654.65
1688131800,27.23,27.38,26.97,27.16,26.525625186012903,26.16978971635988,0,0,0,21.89,33.245,37.13,,,1,1,1,1,,,,1741709,3256632.55
1688391000,27.2,27.585,27.01,27.38,26.696500148810323,26.279808833054435,0,0,0,21.89,33.245,37.13,,,1,1,1,1,,,,649896,3178225.3
1688563800,27.01,27.305,26.8,27.12,26.781200119048258,26.356189848231306,0,0,0,21.89,33.245,37.13,,,1,1,1,1,,,,2501903,3199925.35
1688650200,26.77,26.96,26.4,26.86,26.796960095238607,26.40199077111937,0,0,0,21.89,33.245,37.13,,,1,1,1,1,,,,1696705,3163568.65
1688736600,26.8,27.58,26.7,27.23,26.883568076190887,26.477264337381243,0,0,0,21.89,33.245,37.13,,,1,1,1,1,,,,4304008,3241975.65
1688995800,27.13,27.465,27.13,27.34,26.97485446095271,26.555694852164766,0,0,0,21.89,33.245,37.13,,,1,1,1,1,,,,4899561,3351723.65
1689082200,27.44,27.765,27.35,27.58,27.09588356876217,26.648813501967968,0,0,0,21.89,33.245,37.13,,,1,1,1,1,,,,2600435,3358543.6
1689168600,28.07,28.15,27.71,27.71,27.218706855009735,26.74528500178906,0,0,0,21.89,33.245,37.13,,,1,1,1,1,,,,2357050,3389941
1689255000,27.77,28.175,27.53,28.01,27.376965484007787,26.86025909253551,0,0,0,21.89,33.245,37.13,,,1,1,1,1,,,,2105284,3393524.9
1689341400,28.24,28.24,27.32,27.32,27.365572387206228,26.90205372048683,0,0,0,21.89,33.245,37.13,,,1,1,1,1,,,,3045637,3339871.55
1689600600,27.32,27.835,27.29,27.69,27.430457909764982,26.973685200442574,0,0,0,21.89,33.245,37.13,,,1,1,1,1,,,,1863290,3177455.8
1689687000,27.73,28.275,27.71,28.19,27.582366327811986,27.084259273129614,0,0,0,21.89,33.245,37.13,,,1,1,1,1,,,,1559982,3005435.65
1689773400,28.18,28.54,28.13,28.47,27.75989306224959,27.210235702845104,0,0,0,21.89,33.245,37.13,,,1,1,1,1,,,,2161448,2932728.35
1689859800,28.38,28.73,28.32,28.57,27.921914449799672,27.333850638950093,0,0,0,21.89,33.245,37.13,,,1,1,1,1,,,,1877341,2822854.8
1689946200,28.7,28.7738,28.28,28.41,28.019531559839738,27.43168239904554,0,0,0,21.89,33.245,37.13,,,1,1,1,1,,,,1851221,2705304.95
1690205400,28.54,28.9675,28.48,28.81,28.17762524787179,27.556983999132306,0,0,0,21.89,33.245,37.13,,,1,1,1,1,,,,2104972,2216631.1
1690291800,28.78,29.115,28.62,28.88,28.318100198297433,27.67725818102937,0,0,0,21.89,33.245,37.13,,,1,1,1,1,,,,1788867,2204624.65
1690378200,29.08,29.4,29.045,29.17,28.488480158637948,27.812961982753972,0,0,0,21.89,33.245,37.13,,,1,1,1,1,,,,1869470,2209675.5
1690464600,29.43,29.51,28.71,28.81,28.552784126910357,27.903601802503612,0,0,0,21.89,33.245,37.13,,,1,1,1,1,,,,2566567,2250893.5
1690551000,29.24,29.24,28.51,28.66,28.574227301528285,27.972365275003284,0,0,0,21.89,33.245,37.13,,,1,1,1,1,,,,2889174,2321726
1690810200,28.61,28.94,28.485,28.69,28.597381841222628,28.037604795457533,0,0,0,21.89,33.245,37.13,,,1,1,1,1,,,,3157149,2392498
1690896600,28.24,28.97,28.24,28.95,28.667905472978102,28.120549814052303,0,0,0,21.89,33.245,37.13,,,1,1,1,1,,,,3061754,2513090.9
1690983000,28.62,28.73,28.16,28.46,28.62632437838248,28.15140892186573,0,0,0,21.89,33.245,37.13,,,1,1,1,1,,,,3025635,2539277.5
1691069400,28.25,28.805,27.71,28.57,28.615059502705986,28.189462656241574,0,0,0,21.89,33.245,37.13,,,1,1,1,1,,,,3028921,2605888.3
1691155800,28.28,28.965,28.27,28.53,28.59804760216479,28.22042059658325,0,0,0,21.89,33.245,37.13,,,1,1,1,1,,,,2728486,2527112.2
1691415000,28.71,29.11,28.57,29.08,28.694438081731832,28.298564178712045,0,0,0,21.89,33.245,37.13,,,1,1,1,1,,,,2029594,2383613.85
1691501400,28.59,29.18,28.17,29.09,28.773550465385465,28.370512889738222,0,0,0,21.89,33.245,37.13,,,1,1,1,1,,,,2413548,2374269.5
1691587800,29.03,29.05,28.325,28.36,28.690840372308372,28.369557172489294,0,0,0,21.89,33.245,37.13,,,1,1,1,1,,,,2471565,2379995.25
1691674200,28.62,28.72,28.09,28.12,28.5766722978467,28.34687015680845,0,0,0,21.89,33.245,37.13,,,1,1,1,1,,,,2284078,2388934.95
1691760600,27.86,28.47,27.86,28.41,28.54333783827736,28.35260923346223,0,0,0,21.89,33.245,37.13,,,1,1,1,1,,,,1895603,2331433.25
1692019800,28.25,28.26,27.76,28.08,28.450670270621888,28.327826575874752,0,0,0,21.89,33.245,37.13,,,1,1,1,1,,,,1608142,2318675.85
1692106200,27.84,27.9,27.6301,27.68,28.29653621649751,28.26893325079523,0,0,0,21.89,33.245,37.13,,,1,1,1,1,,,,1716881,2326520.8
1692192600,27.6,28.01,27.44,27.48,28.13322897319801,28.19721204617748,0,0,0,21.89,33.245,37.13,,,1,1,1,1,,,,1864475,2311672.15
1692279000,27.6,27.85,27.34,27.39,27.984583178558406,28.12382913288862,0,0,0,21.89,33.245,37.13,,,1,1,1,1,,,,1315832,2283596.7
1692365400,27.16,27.635,27.16,27.55,27.897666542846725,28.071662848080564,0,0,0,21.89,33.245,37.13,,,1,1,1,1,,,,1164443,2249257.8
1692624600,27.58,27.785,27.315,27.54,27.82613323427738,28.023329861891423,0,0,0,21.89,33.245,37.13,,,1,1,1,1,,,,1498613,2218939.85
1692711000,27.64,27.67,27.03,27.05,27.670906587421904,27.934845328992203,0,0,0,21.89,33.245,37.13,,,1,1,1,1,,,,1292536,2194123.3
1692797400,27.14,27.39,27.02,27.34,27.60472526993752,27.880768480902002,0,0,0,21.89,33.245,37.13,,,1,1,1,1,,,,1559074,2178603.5
1692883800,27.46,28.145,27.32,27.59,27.60178021595002,27.854334982638186,0,0,0,21.89,33.245,37.13,,,1,1,1,1,,,,1915844,2146067.35
1692970200,27.78,27.995,27.495,27.73,27.627424172760016,27.84303180239835,0,0,0,21.89,33.245,37.13,,,1,1,1,1,,,,1525711,2077894.2
1693229400,27.85,28.31,27.8,28.2,27.741939338208013,27.875483456725775,0,0,0,21.89,33.245,37.13,,,1,1,1,1,,,,1441730,1992123.25
1693315800,28.24,28.67,28.09,28.49,27.89155147056641,27.93134859702343,0,0,0,21.89,33.245,37.13,,,1,1,1,1,,,,1920746,1935072.85
1693402200,28.52,29.2,28.49,29.11,28.13524117645313,28.038498724566754,0,0,0,21.89,33.245,37.13,,,1,1,1,1,,,,3022145,1934898.35
1693488600,29.27,29.3,28.79,28.8,28.268192941162503,28.107726113242503,0,0,0,21.89,33.245,37.13,,,1,1,1,1,,,,2817674,1924336
1693575000,29,29.475,29,29.19,28.452554352930004,28.206114648402277,0,0,0,21.89,33.245,37.13,,,1,1,1,1,,,,2189508,1897387.1
1693920600,29.13,29.33,28.41,28.54,28.470043482344003,28.23646786218389,0,0,0,21.89,33.245,37.13,,,1,1,1,1,,,,2659928,1928903.8
1694007000,28.24,28.71,28.11,28.43,28.462034785875204,28.254061692894446,0,0,0,21.89,33.245,37.13,,,1,1,1,1,,,,1912456,1903849.2
1694093400,28.21,28.32,27.69,27.87,28.343627828700164,28.219146993540406,0,0,0,21.89,33.245,37.13,,,1,1,1,1,,,,2827475,1921644.7
1694179800,27.93,28.49,27.76,28.48,28.370902262960133,28.24286090321855,0,0,0,21.89,33.245,37.13,,,1,1,1,1,,,,2072883,1911084.95
1694439000,28.65,28.79,28.27,28.3,28.356721810368107,28.24805536656232,0,0,0,21.89,33.245,37.13,,,1,1,1,1,,,,1738816,1903245.6
1694525400,28.3,29.1,28.3,28.87,28.459377448294486,28.304595787783928,0,0,0,21.89,33.245,37.13,,,1,1,1,1,,,,1632733,1904475.15
1694611800,29.05,29.08,28.53,28.61,28.48950195863559,28.332359807076298,0,0,0,21.89,33.245,37.13,,,1,1,1,1,,,,1610065,1899134.35
1694698200,29,29.24,28.96,29.13,28.617601566908473,28.404872551887543,0,0,0,21.89,33.245,37.13,,,1,1,1,1,,,,1481188,1879970
1694784600,28.96,29.46,28.93,29.16,28.72608125352678,28.47352050171595,0,0,0,21.89,33.245,37.13,,,1,1,1,1,,,,3615673,1994962.05
1695043800,29.11,29.36,28.85,29.18,28.816865002821423,28.537745910650862,0,0,0,21.89,33.245,37.13,,,1,1,1,1,,,,1537896,2013634.7
1695130200,29.25,29.39,28.95,29.08,28.86949200225714,28.587041736955328,0,0,0,21.89,33.245,37.13,,,1,1,1,1,,,,1579088,2017658.45
1695216600,29.23,29.47,29.01,29.06,28.90759360180571,28.630037942686663,0,0,0,21.89,33.245,37.13,,,1,1,1,1,,,,1657199,2035891.6
1695303000,28.82,28.86,28.14,28.14,28.75407488144457,28.585489038806056,0,0,0,21.89,33.245,37.13,,,1,1,1,1,,,,1695075,2042691.65
1695389400,28.16,28.335,27.895,28.05,28.613259905155655,28.536808217096414,0,0,0,21.89,33.245,37.13,,,1,1,1,1,,,,1958389,2044818.9
1695648600,27.84,28.355,27.805,28.25,28.540607924124522,28.510734742814922,0,0,0,21.89,33.245,37.13,,,1,1,1,1,,,,1337143,2035390.5
1695735000,27.91,28.25,27.51,27.52,28.33648633929962,28.420667948013566,0,0,0,21.89,33.245,37.13,,,1,1,1,1,,,,2337198,2080163.9
1695821400,27.66,27.935,27.45,27.62,28.193189071439694,28.347879952739607,0,0,0,21.89,33.245,37.13,,,1,1,1,1,,,,2692787,2118765.95
1695907800,27.52,28.29,27.52,28.1,28.174551257151755,28.325345411581463,0,0,0,21.89,33.245,37.13,,,1,1,1,1,,,,1614986,2048408
1695994200,28.38,28.75,28.25,28.39,28.217641005721404,28.331223101437693,0,0,0,21.89,33.245,37.13,,,1,1,1,1,,,,2879075,2051478.05
1696253400,28.26,28.39,27.2,27.44,28.062112804577122,28.250202819488813,0,0,0,21.89,33.245,37.13,,,1,1,1,1,,,,3108889,2097447.1
1696339800,27.22,27.405,26.515,26.77,27.8036902436617,28.11563892680801,0,0,0,21.89,33.245,37.13,,,1,1,1,1,,,,2419648,2085433.1
1696426200,26.79,26.97,26.415,26.85,27.61295219492936,28.000580842552736,0,0,0,21.89,33.245,37.13,,,1,1,1,1,,,,2061021,2092861.35
1696512600,26.56,27.12,26.56,27.03,27.49636175594349,27.91234622050249,0,0,0,21.89,33.245,37.13,,,1,1,1,1,,,,2048974,2053936.3
1696599000,26.81,27.64,26.7,27.42,27.48108940475479,27.86758747318408,0,0,0,21.89,33.245,37.13,,,1,1,1,1,,,,2948751,2097729.7
1696858200,27.07,27.59,27.0401,27.4,27.464871523803833,27.825079521076436,0,0,0,21.89,33.245,37.13,,,1,1,1,1,,,,1778327,2099705.25
1696944600,27.64,28.095,27.49,27.78,27.527897219043066,27.82098138279676,0,0,0,21.89,33.245,37.13,,,1,1,1,1,,,,2671889,2151663.05
1697031000,27.91,28.3,27.605,28.29,27.680317775234453,27.863619438906145,0,0,0,21.89,33.245,37.13,,,1,1,1,1,,,,2060618,2174190.7
1697117400,28.24,28.3,27.475,27.62,27.668254220187563,27.841472217187405,0,0,0,21.89,33.245,37.13,,,1,1,1,1,,,,2863293,2243295.95
1697203800,27.68,27.99,27.315,27.5,27.63460337615005,27.810429288352186,0,0,0,21.89,33.245,37.13,,,1,1,1,1,,,,1860669,2155545.75
1697463000,27.86,28.285,27.73,28.15,27.73768270092004,27.841299353047443,0,0,0,21.89,33.245,37.13,,,1,1,1,1,,,,1274636,2142382.75
1697549400,27.92,28.835,27.83,28.52,27.89414616073603,27.902999411861312,0,0,0,21.89,33.245,37.13,,,1,1,1,1,,,,2287752,2177815.95
1697635800,28.22,28.385,28.055,28.21,27.957316928588824,27.930908556237558,0,0,0,21.89,33.245,37.13,,,1,1,1,1,,,,2278488,2208880.4
1697722200,28.09,28.37,27.57,27.64,27.89385354287106,27.904462323852325,0,0,0,21.89,33.245,37.13,,,1,1,1,1,,,,2244661,2236359.7
1697808600,27.55,27.68,26.76,26.96,27.70708283429685,27.818602112593023,0,0,0,21.89,33.245,37.13,,,1,1,1,1,,,,1698503,2223365.4
1698067800,26.95,27.15,26.7,26.84,27.53366626743748,27.729638284175476,0,0,0,21.89,33.245,37.13,,,1,1,1,1,,,,2050795,2259048
1698154200,27.06,27.375,26.825,27.12,27.45093301394998,27.674216621977706,0,0,0,21.89,33.245,37.13,,,1,1,1,1,,,,1827153,2233545.75
1698240600,26.85,27.02,26.125,26.18,27.196746411159985,27.53837874725246,0,0,0,21.89,33.245,37.13,,,1,1,1,1,,,,1613101,2179561.45
1698327000,26.1,26.98,26.05,26.69,27.09539712892799,27.461253406593144,0,0,0,21.89,33.245,37.13,,,1,1,1,1,,,,1841722,2190898.25
1698413400,26.75,26.7899,26.015,26.16,26.90831770314239,27.342957642357405,0,0,0,21.89,33.245,37.13,,,1,1,1,1,,,,1524980,2123193.5
1698672600,26.52,26.67,26.215,26.28,26.782654162513914,27.246325129415823,0,0,0,21.89,33.245,37.13,,,1,1,1,1,,,,2510216,2093259.85
1698759000,26.36,26.59,26.115,26.57,26.74012333001113,27.18484102674166,0,0,0,21.89,33.245,37.13,,,1,1,1,1,,,,2818508,2113202.85
1698845400,25.7,25.79,24.65,25.21,26.434098664008904,27.0053100243106,0,0,0,21.89,33.245,37.13,,,1,1,1,1,,,,5462567,2283280.15
1698931800,25.57,26.675,25.42,26.57,26.461278931207122,26.965736385736907,0,0,0,21.89,33.245,37.13,,,1,1,1,1,,,,3996002,2380631.55
1699018200,27.17,27.86,27.1016,27.64,26.697023144965698,27.027033077942644,0,0,0,21.89,33.245,37.13,,,1,1,1,1,,,,2068193,2336603.65
1699281000,27.6,27.68,26.209,26.57,26.671618515972558,26.985484616311496,0,0,0,21.89,33.245,37.13,,,1,1,1,1,,,,3803296,2437852.1
1699367400,26.4,26.715,26.245,26.65,26.667294812778046,26.95498601482863,0,0,0,21.89,33.245,37.13,,,1,1,1,1,,,,2099154,2409215.35
1699453800,26.65,26.71,26.23,26.23,26.579835850222437,26.889078195298755,0,0,0,21.89,33.245,37.13,,,1,1,1,1,,,,1613123,2386840.6
1699540200,26.42,26.52,25.94,26.01,26.46586868017795,26.80916199572614,0,0,0,21.89,33.245,37.13,,,1,1,1,1,,,,2104045,2348878.2
1699626600,26.16,26.675,25.875,26.57,26.48669494414236,26.78741999611467,0,0,0,21.89,33.245,37.13,,,1,1,1,1,,,,1348872,2323288.35
1699885800,26.31,26.62,26.31,26.37,26.46335595531389,26.74947272374061,0,0,0,21.89,33.245,37.13,,,1,1,1,1,,,,1561613,2337637.2
1699972200,26.96,28.165,26.96,27.81,26.73268476425111,26.845884294309645,0,0,0,21.89,33.245,37.13,,,1,1,1,1,,,,1838048,2315152
1700058600,27.88,28.49,27.88,28.13,27.01214781140089,26.96262208573604,0,0,0,21.89,33.245,37.13,,,1,1,1,1,,,,1901564,2296305.8
1700145000,28.04,28.33,27.735,27.85,27.17971824912071,27.04329280521458,0,0,0,21.89,33.245,37.13,,,1,1,1,1,,,,2256549,2296900.2
1700231400,28.05,28.39,27.85,28.38,27.41977459929657,27.164811641104166,0,0,0,21.89,33.245,37.13,,,1,1,1,1,,,,1385259,2281238
1700490600,28.26,28.54,28.02,28.42,27.619819679437256,27.27891967373106,0,0,0,21.89,33.245,37.13,,,1,1,1,1,,,,1308494,2244122.95
1700577000,28.3,28.44,28.18,28.19,27.733855743549807,27.361745157937328,0,0,0,21.89,33.245,37.13,,,1,1,1,1,,,,1611535,2233342.05
1700663400,28.42,29.4,28.19,29.16,28.019084594839846,27.525222870852115,0,0,0,21.89,33.245,37.13,,,1,1,1,1,,,,3428878,2324130.9
1700836200,28.86,29.625,28.86,29.35,28.28526767587188,27.691111700774652,0,0,0,21.89,33.245,37.13,,,1,1,1,1,,,,1661363,2315112.95
1701095400,29.2,29.86,29.2,29.75,28.578214140697504,27.878283364340593,0,0,0,21.89,33.245,37.13,,,1,1,1,1,,,,4130818,2445404.85
1701181800,29.61,29.75,29.29,29.56,28.774571312558002,28.031166694855084,0,0,0,21.89,33.245,37.13,,,1,1,1,1,,,,2880396,2463913.85
1701268200,29.79,30.325,29.79,29.96,29.011657050046402,28.206515177140986,0,0,0,21.89,33.245,37.13,,,1,1,1,1,,,,3276607,2486818.8
1701354600,30.01,30.905,29.7,30.69,29.347325640037123,28.432286524673625,0,0,0,21.89,33.245,37.13,,,1,1,1,1,,,,6921702,2559775.55
1701441000,30.65,31.29,30.36,31.26,29.7298605120297,28.68935138606693,0,0,0,21.89,33.245,37.13,,,1,1,1,1,,,,3318378,2525894.35
1701700200,31.85,32.365,31.43,32.25,30.23388840962376,29.0130467146063,0,0,0,21.89,33.245,37.13,,,1,1,1,1,,,,8750572,2860013.3
1701786600,31.77,32,31.31,31.32,30.451110727699007,29.222769740551183,0,0,0,21.89,33.245,37.13,,,1,1,1,1,,,,4576302,2898663.6
1701873000,31.7,32.18,31.53,31.55,30.670888582159204,29.434336127773804,0,0,0,21.89,33.245,37.13,,,1,1,1,1,,,,4379767,3012694.25
1701959400,31.73,32,31.62,31.87,30.910710865727363,29.655760116158003,0,0,0,21.89,33.245,37.13,,,1,1,1,1,,,,4213289,3142702.55
1702045800,31.78,32.28,31.78,32.12,31.15256869258189,29.87978192378,0,0,0,21.89,33.245,37.13,,,1,1,1,1,,,,4097184,3242359.5
1702305000,32.6,32.79,32.4,32.5,31.422054954065512,30.117983567072727,0,0,0,21.89,33.245,37.13,,,1,1,1,1,,,,4785971,3414214.45
1702391400,32.61,33.025,32.45,32.81,31.69964396325241,30.36271233370248,0,0,0,21.89,33.245,37.13,,,1,1,1,1,,,,4185715,3545419.55
1702477800,32.65,33.885,32.65,33.6,32.07971517060193,30.657011212456798,0,0,0,21.89,33.245,37.13,,,1,1,1,1,,,,6394894,3773261.85
1702564200,33.95,34.8,33.68,34.46,32.555772136481544,31.002737465869817,0,0,0,21.89,33.245,37.13,,,1,1,1,1,,,,9589662,4157666.75
1702650600,34.35,34.555,33.81,34.04,32.85261770918523,31.278852241699834,0,0,0,21.89,33.245,37.13,,,1,1,1,1,,,,51597099,6624694.25
1702909800,33.92,34.115,33.65,33.93,33.068094167348185,31.519865674272577,0,0,0,21.89,33.245,37.13,,,1,1,1,1,,,,5046096,6807736.1
1702996200,34.09,34.09,33.749,34,33.254475333878545,31.74533243115689,0,0,0,21.89,33.245,37.13,,,1,1,1,1,,,,6530953,7068859.05
1703082600,33.76,34.159,33.495,33.52,33.307580267102836,31.906665846506264,0,0,0,21.89,33.245,37.13,,,1,1,1,1,,,,4143484,7195456.5
1703169000,33.8,33.82,33.205,33.49,33.344064213682266,32.0506053150057,0,0,0,21.89,33.245,37.13,,,1,1,1,1,,,,2561298,7152077.5
1703255400,33.64,33.72,33.08,33.2,33.315251370945816,32.15509574091427,0,0,0,21.89,33.245,37.13,,,1,1,1,1,,,,3116907,7224854.7
1703601000,33.26,33.655,33.15,33.53,33.35820109675665,32.28008703719479,0,0,0,21.89,33.245,37.13,,,1,1,1,1,,,,1700663,7103346.95
1703687400,33.43,33.64,33.32,33.39,33.364560877405324,32.380988215631625,0,0,0,21.89,33.245,37.13,,,1,1,1,1,,,,2700758,7094365.05
1703773800,33.4,33.745,33.2,33.69,33.42964870192426,32.49998928693784,0,0,0,21.89,33.245,37.13,,,1,1,1,1,,,,1659372,7013503.3
1703860200,33.61,33.76,33.29,33.3,33.403718961539404,32.572717533579855,0,0,0,21.89,33.245,37.13,,,1,1,1,1,,,,1894774,6762156.9
1704205800,33.18,33.255,32.805,33.12,33.34697516923152,32.6224704850726,0,0,0,21.89,33.245,37.13,,,1,1,1,1,,,,2814185,6736947.25
1704292200,32.46,32.75,32.2,32.43,33.16358013538522,32.60497316824782,0,0,0,21.89,33.245,37.13,,,1,1,1,1,,,,3457352,6472286.25
1704378600,32.46,33.01,32.45,32.57,33.044864108308175,32.6017937893162,0,0,0,21.89,33.245,37.13,,,1,1,1,1,,,,3019096,6394425.95
1704465000,32.46,33.21,32.455,33.05,33.04589128664654,32.64253980846927,0,0,0,21.89,33.245,37.13,,,1,1,1,1,,,,3953260,6373100.6
1704724200,32.99,33.23,32.855,33.19,33.07471302931723,32.692308916790246,0,0,0,21.89,33.245,37.13,,,1,1,1,1,,,,3305354,6327703.85
1704810600,32.82,32.93,32.515,32.62,32.983770423453784,32.685735378900226,0,0,0,21.89,33.245,37.13,,,1,1,1,1,,,,2349156,6240302.45
1704897000,32.75,32.82,32.625,32.77,32.94101633876303,32.69339579900021,0,0,0,21.89,33.245,37.13,,,1,1,1,1,,,,2205718,6111289.8
1704983400,32.61,32.82,32.33,32.78,32.90881307101042,32.70126890818201,0,0,0,21.89,33.245,37.13,,,1,1,1,1,,,,2296138,6016810.95
1705069800,33,33.05,32.3525,32.66,32.85905045680833,32.697517189256374,0,0,0,21.89,33.245,37.13,,,1,1,1,1,,,,1814462,5787789.35
1705415400,32.27,32.435,32.095,32.34,32.75524036544667,32.665015626596706,0,0,0,21.89,33.245,37.13,,,1,1,1,1,,,,1995027,5408057.6
1705501800,31.91,32.4,31.79,32.25,32.65419229235734,32.62728693326973,0,0,0,21.89,33.245,37.13,,,1,1,1,1,,,,1835657,2919985.5
1705588200,32.35,32.565,32.125,32.45,32.61335383388587,32.611169939336115,0,0,0,21.89,33.245,37.13,,,1,1,1,1,,,,2325351,2783948.25
1705674600,32.53,33.12,32.32,33.04,32.698683067108696,32.65015449030556,0,0,0,21.89,33.245,37.13,,,1,1,1,1,,,,1465349,2530668.05
1705933800,33.23,33.425,33.155,33.32,32.82294645368696,32.71104953664142,0,0,0,21.89,33.245,37.13,,,1,1,1,1,,,,1814381,2414212.9
1706020200,33.5,33.5,32.96,33.02,32.86235716294957,32.73913594240129,0,0,0,21.89,33.245,37.13,,,1,1,1,1,,,,1667821,2369539.05
1706106600,33.34,33.38,33.04,33.21,32.93188573035966,32.781941765819354,0,0,0,21.89,33.245,37.13,,,1,1,1,1,,,,1867499,2307068.65
1706193000,33.45,33.56,33.15,33.32,33.00950858428773,32.830856150744864,0,0,0,21.89,33.245,37.13,,,1,1,1,1,,,,3693898,2406730.4
1706279400,33.41,33.43,33.08,33.14,33.03560686743018,32.85896013704079,0,0,0,21.89,33.245,37.13,,,1,1,1,1,,,,3897570,2466571
1706538600,33.1,33.405,32.92,33.3,33.08848549394415,32.89905467003708,0,0,0,21.89,33.245,37.13,,,1,1,1,1,,,,2569656,2512085.2
1706625000,32.95,33.32,32.86,33.29,33.12878839515532,32.93459515457916,0,0,0,21.89,33.245,37.13,,,1,1,1,1,,,,2664644,2550578.7
1706711400,33.08,33.455,32.67,32.69,33.041030716124254,32.9123592314356,0,0,0,21.89,33.245,37.13,,,1,1,1,1,,,,2627192,2541229.05
1706797800,32.68,32.81,31.76,32.39,32.9108245728994,32.86487202857782,0,0,0,21.89,33.245,37.13,,,1,1,1,1,,,,3011717,2518947.3
1706884200,32.26,33,32.245,32.84,32.89665965831952,32.86261093507075,0,0,0,21.89,33.245,37.13,,,1,1,1,1,,,,2335324,2484758.7
1707143400,32.54,32.77,32.21,32.66,32.849327726655616,32.84419175915522,0,0,0,21.89,33.245,37.13,,,1,1,1,1,,,,1755210,2374856.2
1707229800,32.79,32.94,32.545,32.74,32.82746218132449,32.834719781050204,0,0,0,21.89,33.245,37.13,,,1,1,1,1,,,,2611380,2340157.5
1707316200,33.49,34.7024,33.12,33.7,33.0019697450596,32.91338161913655,0,0,0,21.89,33.245,37.13,,,1,1,1,1,,,,6966754,2571037.4
1707402600,33.7,33.84,33.195,33.61,33.123575796047675,32.97671056285141,0,0,0,21.89,33.245,37.13,,,1,1,1,1,,,,2780906,2599796.8
1707489000,33.61,33.77,33.22,33.74,33.24686063683814,33.0461005116831,0,0,0,21.89,33.245,37.13,,,1,1,1,1,,,,2368515,2603415.65
1707748200,33.8,34.53,33.68,34.1,33.417488509470516,33.14190955607555,0,0,0,21.89,33.245,37.13,,,1,1,1,1,,,,3182696,2671827.35
1707834600,33.48,33.68,32.72,33.12,33.357990807576414,33.1399177782505,0,0,0,21.89,33.245,37.13,,,1,1,1,1,,,,3196589,2731905.45
1707921000,33.39,33.875,33.33,33.79,33.44439264606113,33.19901616204591,0,0,0,21.89,33.245,37.13,,,1,1,1,1,,,,1878253,2734035.25
1708007400,33.99,34.82,33.96,34.61,33.677514116848904,33.327287420041735,0,0,0,21.89,33.245,37.13,,,1,1,1,1,,,,2231827,2729359.05
1708093800,34.39,34.595,34.185,34.21,33.784011293479125,33.407534018219756,0,0,0,21.89,33.245,37.13,,,1,1,1,1,,,,1768247,2744503.95
1708439400,33.79,34.44,33.79,34.34,33.8952090347833,33.49230365292705,0,0,0,21.89,33.245,37.13,,,1,1,1,1,,,,2352881,2771428.95
1708525800,34.21,34.34,33.9,34.1,33.93616722782664,33.54754877538823,0,0,0,21.89,33.245,37.13,,,1,1,1,1,,,,1286774,2752376.6
1708612200,34.28,34.71,34.28,34.49,34.04693378226131,33.63322615944384,0,0,0,21.89,33.245,37.13,,,1,1,1,1,,,,1705426,2744272.95
1708698600,34.4,35.34,34.3001,34.68,34.17354702580905,33.728387417676224,0,0,0,21.89,33.245,37.13,,,1,1,1,1,,,,3364718,2727813.95
1708957800,34.72,34.955,34.29,34.45,34.22883762064724,33.79398856152384,0,0,0,21.89,33.245,37.13,,,1,1,1,1,,,,1376465,2601758.7
1709044200,34.55,34.69,34.4,34.53,34.28907009651779,33.8608986922944,0,0,0,21.89,33.245,37.13,,,1,1,1,1,,,,1749098,2560730.8
1709130600,34.35,34.8287,34.14,34.18,34.267256077214235,33.88990790208582,0,0,0,21.89,33.245,37.13,,,1,1,1,1,,,,4265583,2640777.75
1709217000,34.45,34.6,34.085,34.24,34.26180486177139,33.921734456441655,0,0,0,21.89,33.245,37.13,,,1,1,1,1,,,,4224941,2720665.2
1709303400,34.14,34.24,33.415,33.73,34.15544388941711,33.904304051310596,0,0,0,21.89,33.245,37.13,,,1,1,1,1,,,,3033999,2721779.3
1709562600,33.74,33.98,33.34,33.45,34.01435511153369,33.86300368300963,0,0,0,21.89,33.245,37.13,,,1,1,1,1,,,,2774537,2743739.95
1709649000,33.24,33.92,33.11,33.76,33.96348408922695,33.853639711826936,0,0,0,21.89,33.245,37.13,,,1,1,1,1,,,,4331457,2872552.3
1709735400,33.86,33.918,32.96,33.2,33.810787271381564,33.79421791984267,0,0,0,21.89,33.245,37.13,,,1,1,1,1,,,,3545732,2919269.9
1709821800,33.28,33.95,33.28,33.57,33.76262981710525,33.77383447258425,0,0,0,21.89,33.245,37.13,,,1,1,1,1,,,,2703674,2706115.9
1709908200,33.84,33.905,33.495,33.6,33.7301038536842,33.758031338712954,0,0,0,21.89,33.245,37.13,,,1,1,1,1,,,,2145608,2674351
1710163800,33.44,34.025,33.38,33.93,33.77008308294736,33.773664853375415,0,0,0,21.89,33.245,37.13,,,1,1,1,1,,,,4599931,2785921.8
1710250200,34.16,34.695,33.91,34.65,33.946066466357884,33.85333168488674,0,0,0,21.89,33.245,37.13,,,1,1,1,1,,,,2297941,2741684.05
1710336600,34.67,35.46,34.67,35.15,34.186853173086305,33.97121062262431,0,0,0,21.89,33.245,37.13,,,1,1,1,1,,,,2856751,2724692.15
1710423000,35.26,35.49,34.945,35.28,34.405482538469045,34.09019147511301,0,0,0,21.89,33.245,37.13,,,1,1,1,1,,,,3149917,2788275.35
1710509400,35,35.565,35,35.22,34.56838603077524,34.192901341011826,0,0,0,21.89,33.245,37.13,,,1,1,1,1,,,,6109552,2982161.6
1710768600,35.22,35.875,35.18,35.59,34.77270882462019,34.31991031001075,0,0,0,21.89,33.245,37.13,,,1,1,1,1,,,,2935122,3040505.35
1710855000,35.55,36.02,35.475,35.9,34.99816705969615,34.4635548272825,0,0,0,21.89,33.245,37.13,,,1,1,1,1,,,,2651352,3055428.9
1710941400,35.8,36.54,35.76,36.46,35.290533647756924,34.64504984298409,0,0,0,21.89,33.245,37.13,,,1,1,1,1,,,,1953151,3088747.75
1711027800,36.71,37.18,36.56,36.82,35.59642691820554,34.84277258453099,0,0,0,21.89,33.245,37.13,,,1,1,1,1,,,,2765591,3141756
1711114200,36.94,37,36.39,36.39,35.75514153456443,34.9834296223009,0,0,0,21.89,33.245,37.13,,,1,1,1,1,,,,1854195,3066229.85
1711373400,36.41,37.63,36.41,37.42,36.08811322765155,35.20493602027355,0,0,0,21.89,33.245,37.13,,,1,1,1,1,,,,2316617,3113237.45
1711459800,37.44,37.5301,37.28,37.39,36.34849058212124,35.40357820024868,0,0,0,21.89,33.245,37.13,,,1,1,1,1,,,,1914918,3121528.45
1711546200,37.66,38.01,37.45,37.97,36.672792465696986,35.63688927295335,0,0,0,21.89,33.245,37.13,,,1,1,1,1,,,,1569020,2986700.3
1711632600,38.04,38.32,37.92,38.01,36.940233972557586,35.85262661177577,0,0,0,21.89,33.245,37.13,,,1,1,1,1,,,,1636862,2857296.35
1711978200,38.05,38.055,37.39,37.44,37.04018717804607,35.99693328343252,0,0,0,21.89,33.245,37.13,,,1,1,1,1,,,,1689633,2790078.05
1712064600,37.31,37.48,37.04,37.25,37.082149742436854,36.11084843948411,0,0,0,21.89,33.245,37.13,,,1,1,1,1,,,,1614792,2732090.8
1712151000,37.15,37.88,37.15,37.84,37.23371979394948,36.26804403589465,0,0,0,21.89,33.245,37.13,,,1,1,1,1,,,,2160724,2623554.15
1712237400,38.35,38.44,37.545,37.59,37.30497583515959,36.388221850813316,0,0,0,21.89,33.245,37.13,,,1,1,1,1,,,,2725646,2582549.85
1712323800,37.59,38.015,37.525,37.79,37.40198066812767,36.515656228012105,0,0,0,21.89,33.245,37.13,,,1,1,1,1,,,,2214566,2558094.45
1712583000,37.98,38,37.58,37.82,37.48558453450214,36.63423293455646,0,0,0,21.89,33.245,37.13,,,1,1,1,1,,,,2020803,2551854.2
1712669400,37.94,38.13,37.475,37.59,37.50646762760171,36.72112084959678,0,0,0,21.89,33.245,37.13,,,1,1,1,1,,,,2597028,2451709.05
1712755800,37.04,37.855,36.82,37.05,37.415174102081366,36.75101895417889,0,0,0,21.89,33.245,37.13,,,1,1,1,1,,,,3961627,2534893.35
1712842200,37.16,37.16,36.62,37.06,37.34413928166509,36.77910814016263,0,0,0,21.89,33.245,37.13,,,1,1,1,1,,,,2272974,2505704.5
1712928600,36.8,37.04,36.265,36.5,37.175311425332076,36.75373467287512,0,0,0,21.89,33.245,37.13,,,1,1,1,1,,,,1969803,2446698.8
1713187800,37.01,37.25,35.665,35.85,36.91024914026566,36.67157697534102,0,0,0,21.89,33.245,37.13,,,1,1,1,1,,,,3301836,2306313
1713274200,35.9,35.95,35.49,35.63,36.65419931221253,36.57688815940092,0,0,0,21.89,33.245,37.13,,,1,1,1,1,,,,3515254,2335319.6
1713360600,35.81,36.135,35.505,35.64,36.451359449770024,36.4917165085463,0,0,0,21.89,33.245,37.13,,,1,1,1,1,,,,2042911,2304897.55
1713447000,35.89,36.275,35.77,36.24,36.40908755981602,36.46883318958754,0,0,0,21.89,33.245,37.13,,,1,1,1,1,,,,1771031,2295791.55
1713533400,36.18,36.695,36.18,36.56,36.439270047852816,36.47712108144322,0,0,0,21.89,33.245,37.13,,,1,1,1,1,,,,1880006,2251512.3
1713792600,36.88,37.34,36.56,37.01,36.55341603828225,36.525564619493835,0,0,0,21.89,33.245,37.13,,,1,1,1,1,,,,1621194,2239862.25
1713879000,37.1,37.5,36.93,37.27,36.6967328306258,36.59324056317622,0,0,0,21.89,33.245,37.13,,,1,1,1,1,,,,1730700,2210566.4
1713965400,37.17,38.135,37.13,38.07,36.97138626450064,36.72749142106929,0,0,0,21.89,33.245,37.13,,,1,1,1,1,,,,2147950,2222218
1714051800,37.83,38.1,37,37.13,37.00310901160051,36.76408311006299,0,0,0,21.89,33.245,37.13,,,1,1,1,1,,,,3225883,2305061.15
1714138200,37.21,37.3,36.845,36.89,36.980487209280405,36.77553010005727,0,0,0,21.89,33.245,37.13,,,1,1,1,1,,,,2171756,2331805.85
1714397400,36.93,37.52,36.93,37.47,37.078389767424326,36.838663727324786,0,0,0,21.89,33.245,37.13,,,1,1,1,1,,,,2423147,2368481.55
1714483800,37.06,37.41,36.855,36.91,37.04471181393946,36.845148843022535,0,0,0,21.89,33.245,37.13,,,1,1,1,1,,,,2035467,2389515.3
1714570200,36.92,39.08,36.92,38.61,37.35776945115157,37.00558985729322,0,0,0,21.89,33.245,37.13,,,1,1,1,1,,,,5261323,2544545.25
1714656600,39.02,39.11,37.97,38.25,37.536215560921256,37.118718052084745,0,0,0,21.89,33.245,37.13,,,1,1,1,1,,,,3456585,2581092.2
1714743000,38.64,38.73,38.26,38.54,37.736972448737006,37.247925501895224,0,0,0,21.89,33.245,37.13,,,1,1,1,1,,,,2657433,2603235.55
1715002200,38.77,39.51,38.7,39.16,38.0215779589896,37.421750456268384,0,0,0,21.89,33.245,37.13,,,1,1,1,1,,,,2674385,2635914.65
1715088600,39.38,39.815,39.285,39.43,38.303262367191685,37.60431859660762,0,0,0,21.89,33.245,37.13,,,1,1,1,1,,,,3918043,2701965.4
1715175000,39.12,39.605,38.895,39.43,38.52860989375335,37.77028963327965,0,0,0,21.89,33.245,37.13,,,1,1,1,1,,,,2680245,2637896.3
1715261400,39.45,39.945,39.43,39.64,38.75088791500268,37.9402633029815,0,0,0,21.89,33.245,37.13,,,1,1,1,1,,,,2259642,2637229.7
1715347800,39.74,39.9,39.33,39.84,38.968710332002146,38.11296663907409,0,0,0,21.89,33.245,37.13,,,1,1,1,1,,,,2237900,2650634.55
1715607000,40,40.39,39.83,40.31,39.23696826560172,38.31269694461281,0,0,0,21.89,33.245,37.13,,,1,1,1,1,,,,2862406,2628663.05
1715693400,40.45,40.74,40.105,40.23,39.435574612481375,38.48699722237528,0,0,0,21.89,33.245,37.13,,,1,1,1,1,,,,2483711,2577085.9
1715779800,40.4,40.65,40.18,40.48,39.6444596899851,38.668179293068434,0,0,0,21.89,33.245,37.13,,,1,1,1,1,,,,2398361,2594858.4
1715866200,40.5,40.71,40.22,40.24,39.76356775198808,38.811072084607666,0,0,0,21.89,33.245,37.13,,,1,1,1,1,,,,2999581,2656285.9
1715952600,40.38,40.76,40.07,40.73,39.95685420159046,38.98552007691606,0,0,0,21.89,33.245,37.13,,,1,1,1,1,,,,2060827,2665326.95
1716211800,40.73,40.849,40.305,40.4,40.04548336127237,39.11410916083278,0,0,0,21.89,33.245,37.13,,,1,1,1,1,,,,1958492,2682191.85
1716298200,40.3,40.79,40.25,40.74,40.18438668901789,39.26191741893889,0,0,0,21.89,33.245,37.13,,,1,1,1,1,,,,2552542,2723283.95
1716384600,40.79,41.19,40.375,40.65,40.27750935121431,39.3881067444899,0,0,0,21.89,33.245,37.13,,,1,1,1,1,,,,2570094,2744391.15
1716471000,40.79,40.94,40.22,40.43,40.30800748097145,39.48282431317264,0,0,0,21.89,33.245,37.13,,,1,1,1,1,,,,2704697,2718331.85
1716557400,40.64,41.265,40.47,40.99,40.444405984777156,39.619840284702406,0,0,0,21.89,33.245,37.13,,,1,1,1,1,,,,2738838,2746685.95
1716903000,40.98,41.06,40.29,40.42,40.439524787821725,39.692582077002186,0,0,0,21.89,33.245,37.13,,,1,1,1,1,,,,2071101,2729083.65
1716989400,40.02,40.86,39.8702,40.73,40.49761983025738,39.78689279727472,0,0,0,21.89,33.245,37.13,,,1,1,1,1,,,,3733832,2814001.9
1717075800,40.85,41.51,40.66,41.5,40.698095864205904,39.94262981570429,0,0,0,21.89,33.245,37.13,,,1,1,1,1,,,,2826338,2692252.65
1717162200,41.54,41.64,40.685,41.49,40.856476691364726,40.083299832458444,0,0,0,21.89,33.245,37.13,,,1,1,1,1,,,,4824141,2760630.45
1717421400,41.35,41.4499,40.545,41.11,40.90718135309178,40.17663621132586,0,0,0,21.89,33.245,37.13,,,1,1,1,1,,,,2293960,2742456.8
1717507800,40.67,41.16,40.15,40.18,40.761745082473425,40.17694201029623,0,0,0,21.89,33.245,37.13,,,1,1,1,1,,,,2577174,2737596.25
1717594200,40.31,40.64,40.03,40.2,40.64939606597874,40.17903819117839,0,0,0,21.89,33.245,37.13,,,1,1,1,1,,,,2961461,2689767.15
1717680600,40.3,40.5199,40.05,40.3,40.579516852782994,40.190034719253084,0,0,0,21.89,33.245,37.13,,,1,1,1,1,,,,2539795,2682744.65
1717767000,40.09,40.44,40.06,40.16,40.495613482226396,40.187304290230074,0,0,0,21.89,33.245,37.13,,,1,1,1,1,,,,2160080,2677766.55
1718026200,39.88,40.68,39.71,40.64,40.52449078578112,40.228458445663705,0,0,0,21.89,33.245,37.13,,,1,1,1,1,,,,3808846,2756313.85
1718112600,40.52,40.65,40.09,40.56,40.53159262862489,40.258598586967004,0,0,0,21.89,33.245,37.13,,,1,1,1,1,,,,3166927,2771539.9
1718199000,41.07,41.459,40.865,41.14,40.653274102899914,40.33872598815182,0,0,0,21.89,33.245,37.13,,,1,1,1,1,,,,3780267,2836367.7
1718285400,41.03,41.28,40.17,40.31,40.584619282319935,40.336114534683475,0,0,0,21.89,33.245,37.13,,,1,1,1,1,,,,2165199,2824709.6
1718371800,39.78,39.99,39.37,39.68,40.40369542585595,40.27646775880316,0,0,0,21.89,33.245,37.13,,,1,1,1,1,,,,2301563,2789808.7
1718631000,39.58,40.085,39.24,40.03,40.32895634068476,40.25406159891196,0,0,0,21.89,33.245,37.13,,,1,1,1,1,,,,1954383,2784486.5
1718717400,39.78,40.1782,39.655,40.03,40.26916507254781,40.23369236264724,0,0,0,21.89,33.245,37.13,,,1,1,1,1,,,,3549190,2864021.4
1718890200,39.98,41.07,39.98,41.05,40.425332058038244,40.30790214786113,0,0,0,21.89,33.245,37.13,,,1,1,1,1,,,,2428064,2857797.5
1718976600,41,41.295,40.68,41.12,40.56426564643059,40.3817292253283,0,0,0,21.89,33.245,37.13,,,1,1,1,1,,,,6177077,3038146.65
1719235800,41.28,41.95,41.03,41.43,40.73741251714447,40.47702656848027,0,0,0,21.89,33.245,37.13,,,1,1,1,1,,,,2310069,3018415.25
1719322200,41.37,41.71,41.07,41.3,40.84993001371558,40.55184233498206,0,0,0,21.89,33.245,37.13,,,1,1,1,1,,,,1472060,2955076.35
1719408600,40.98,41.05,40.275,40.57,40.79394401097246,40.55349303180188,0,0,0,21.89,33.245,37.13,,,1,1,1,1,,,,2147090,2958875.8
1719495000,40.41,40.61,40.195,40.51,40.73715520877797,40.54953911981989,0,0,0,21.89,33.245,37.13,,,1,1,1,1,,,,1560830,2850225.7
1719581400,40.77,41.23,40.55,40.86,40.76172416702238,40.5777628361999,0,0,0,21.89,33.245,37.13,,,1,1,1,1,,,,4321321,2924974.85
1719840600,41.07,41.33,40.7,40.82,40.7733793336179,40.59978439654537,0,0,0,21.89,33.245,37.13,,,1,1,1,1,,,,1407199,2754127.75
1719927000,40.74,41.515,40.74,41.37,40.892703466894325,40.66980399685942,0,0,0,21.89,33.245,37.13,,,1,1,1,1,,,,5219133,2900386.4
1720013400,41.42,41.54,40.97,41.06,40.92616277351546,40.70527636078129,0,0,0,21.89,33.245,37.13,,,1,1,1,1,,,,739951,2808525.25
1720186200,40.92,41.03,40.34,40.42,40.82493021881237,40.67934214616481,0,0,0,21.89,33.245,37.13,,,1,1,1,1,,,,2427132,2781808.8
1720445400,40.39,40.65,40.08,40.38,40.735944175049895,40.65212922378619,0,0,0,21.89,33.245,37.13,,,1,1,1,1,,,,2404320,2775035.05
1720531800,40.38,41.17,40.2,40.8,40.748755340039914,40.66557202162381,0,0,0,21.89,33.245,37.13,,,1,1,1,1,,,,2946549,2814358.5
1720618200,40.9,41.65,40.9,41.63,40.925004272031934,40.75324729238528,0,0,0,21.89,33.245,37.13,,,1,1,1,1,,,,1346624,2691247.4
1720704600,41.83,42.07,41.6,42.04,41.148003417625546,40.87022481125935,0,0,0,21.89,33.245,37.13,,,1,1,1,1,,,,7207920,2893297.05
1720791000,42.14,42.55,42.005,42.39,41.396402734100434,41.008386192053955,0,0,0,21.89,33.245,37.13,,,1,1,1,1,,,,2318387,2820203.05
1721050200,42.66,43.35,42.52,42.91,41.699122187280345,41.181260174594506,0,0,0,21.89,33.245,37.13,,,1,1,1,1,,,,2044191,2814152.65
1721136600,43.03,43.53,42.95,43.19,41.99729774982428,41.36387288599501,0,0,0,21.89,33.245,37.13,,,1,1,1,1,,,,1906489,2794398.95
1721223000,42.93,43.1,42.26,42.3,42.05783819985942,41.448975350904554,0,0,0,21.89,33.245,37.13,,,1,1,1,1,,,,2642344,2828797
1721309400,42.19,43.095,41.965,42.04,42.054270559887534,41.502704864458686,0,0,0,21.89,33.245,37.13,,,1,1,1,1,,,,2842574,2793466.2
1721395800,42.04,42.14,41.68,41.73,41.989416447910024,41.523368058598805,0,0,0,21.89,33.245,37.13,,,1,1,1,1,,,,1112276,2727676.8
1721655000,41.87,42.26,41.56,42.1,42.01153315832802,41.57578914418073,0,0,0,21.89,33.245,37.13,,,1,1,1,1,,,,1438256,2490735.75
1721741400,42.1,42.52,41.81,42.42,42.09322652666242,41.65253558561885,0,0,0,21.89,33.245,37.13,,,1,1,1,1,,,,1327746,2441619.6
1721827800,42.4,42.71,41.66,41.68,42.010581221329936,41.65503235056259,0,0,0,21.89,33.245,37.13,,,1,1,1,1,,,,1635440,2449788.6
1721914200,41.71,42.7,41.71,42.36,42.08046497706395,41.719120318693264,0,0,0,21.89,33.245,37.13,,,1,1,1,1,,,,2033421,2444105.15
1722000600,42.71,43.24,42.71,43.07,42.278371981651155,41.84192756244842,0,0,0,21.89,33.245,37.13,,,1,1,1,1,,,,1495687,2440848
1722259800,43.24,43.35,42.84,42.9,42.40269758532092,41.938115965862195,0,0,0,21.89,33.245,37.13,,,1,1,1,1,,,,1585273,2304045.6
1722346200,43.25,43.48,42.86,43.19,42.56015806825674,42.05192360532927,0,0,0,21.89,33.245,37.13,,,1,1,1,1,,,,3284252,2397898.25
1722432600,43.67,44.5,43.41,43.61,42.77012645460539,42.193566913935705,0,0,0,21.89,33.245,37.13,,,1,1,1,1,,,,3865147,2330198.95
1722519000,43.43,43.78,41.28,42,42.61610116368431,42.17596992175973,0,0,0,21.89,33.245,37.13,,,1,1,1,1,,,,2627606,2424581.7
1722605400,41.14,41.61,39.01,39.18,41.92888093094745,41.90360901978157,0,0,0,21.89,33.245,37.13,,,1,1,1,1,,,,2806051,2443527.65
1722864600,37.69,37.69,36.46,37.05,40.95310474475796,41.46237183616506,0,0,0,21.89,33.245,37.13,,,1,1,1,1,,,,3207411,2483682.2
1722951000,36.94,38.34,36.78,37.96,40.35448379580637,41.14397439651369,0,0,0,21.89,33.245,37.13,,,1,1,1,1,,,,2789083,2475808.9
1723037400,38.7,38.87,37.12,37.16,39.71558703664509,40.78179490592154,0,0,0,21.89,33.245,37.13,,,1,1,1,1,,,,3510671,2584011.25
1723123800,37.66,38.29,37.44,37.94,39.36046962931607,40.52344991447412,0,0,0,21.89,33.245,37.13,,,1,1,1,1,,,,1992490,2323239.75
1723210200,37.94,38.61,37.72,38.55,39.198375703452854,40.344045376794654,0,0,0,21.89,33.245,37.13,,,1,1,1,1,,,,2132338,2313937.3
1723469400,38.68,38.8,38.16,38.24,39.00670056276228,40.15276852435878,0,0,0,21.89,33.245,37.13,,,1,1,1,1,,,,1283030,2275879.25
1723555800,38.49,38.8,38.1,38.72,38.949360450209824,40.02251684032616,0,0,0,21.89,33.245,37.13,,,1,1,1,1,,,,1602094,2260659.5
1723642200,38.99,39.285,38.86,39.24,39.00748836016786,39.95137894575106,0,0,0,21.89,33.245,37.13,,,1,1,1,1,,,,1630624,2210073.5
1723728600,39.8,40.24,39.53,39.98,39.20199068813429,39.953980859773694,0,0,0,21.89,33.245,37.13,,,1,1,1,1,,,,1596123,2147750.95
1723815000,39.95,40.78,39.95,40.76,39.51359255050743,40.027255327066996,0,0,0,21.89,33.245,37.13,,,1,1,1,1,,,,2164897,2200382
1724074200,40.69,41.08,40.49,41.02,39.81487404040595,40.11750484278818,0,0,0,21.89,33.245,37.13,,,1,1,1,1,,,,1395768,2198257.6
1724160600,40.69,40.805,39.97,40.15,39.881899232324756,40.120458947989256,0,0,0,21.89,33.245,37.13,,,1,1,1,1,,,,1867872,2225263.9
1724247000,40.33,40.56,40.16,40.48,40.0015193858598,40.153144498172054,0,0,0,21.89,33.245,37.13,,,1,1,1,1,,,,1328061,2209894.95
1724333400,40.53,40.72,40.14,40.52,40.10521550868784,40.18649499833823,0,0,0,21.89,33.245,37.13,,,1,1,1,1,,,,1992218,2207834.8
1724419800,40.76,41.79,40.705,41.62,40.40817240695027,40.31681363485294,0,0,0,21.89,33.245,37.13,,,1,1,1,1,,,,1705750,2218337.95
1724679000,42,42.49,41.845,41.88,40.702537925560215,40.45892148622995,0,0,0,21.89,33.245,37.13,,,1,1,1,1,,,,953551,2186751.85
1724765400,41.8,42.23,41.7,41.95,40.952030340448175,40.59447407839086,0,0,0,21.89,33.245,37.13,,,1,1,1,1,,,,1071019,2076090.2
1724851800,41.9,42.28,41.675,41.87,41.13562427235854,40.710430980355326,0,0,0,21.89,33.245,37.13,,,1,1,1,1,,,,1486938,1957179.75
1724938200,42.13,42.4898,41.9,42.04,41.31649941788683,40.83130089123212,0,0,0,21.89,33.245,37.13,,,1,1,1,1,,,,1032336,1877416.25
1725024600,42.16,42.785,42.13,42.52,41.55719953430947,40.9848189920292,0,0,0,21.89,33.245,37.13,,,1,1,1,1,,,,3641913,1919209.35
1725370200,41.99,42.35,41.14,41.35,41.51575962744757,41.01801726548109,0,0,0,21.89,33.245,37.13,,,1,1,1,1,,,,2348028,1876240.2
1725456600,41.42,41.66,40.8,41.06,41.42460770195806,41.02183387771009,0,0,0,21.89,33.245,37.13,,,1,1,1,1,,,,1966769,1835124.5
1725543000,41.27,41.36,40.515,40.53,41.24568616156645,40.97712170700917,0,0,0,21.89,33.245,37.13,,,1,1,1,1,,,,1385812,1728881.55
1725629400,40.54,41.08,39.455,39.58,40.912548929253155,40.85011064273561,0,0,0,21.89,33.245,37.13,,,1,1,1,1,,,,1441745,1701344.3
1725888600,39.96,40.105,39.53,39.97,40.72403914340252,40.7701005843051,0,0,0,21.89,33.245,37.13,,,1,1,1,1,,,,1704697,1679962.25
1725975000,40.12,40.135,38.56,39.04,40.387231314722015,40.612818713004636,0,0,0,21.89,33.245,37.13,,,1,1,1,1,,,,3843732,1807997.35
1726061400,38.84,39.12,37.99,39.03,40.115785051777614,40.46892610273149,0,0,0,21.89,33.245,37.13,,,1,1,1,1,,,,2828862,1869335.75
1726147800,39.19,39.48,38.69,39.31,39.95462804142209,40.363569184301355,0,0,0,21.89,33.245,37.13,,,1,1,1,1,,,,2201673,1897888.2
1726234200,39.53,40.3,39.505,40.12,39.98770243313767,40.341426531183046,0,0,0,21.89,33.245,37.13,,,1,1,1,1,,,,1246679,1880416
1726493400,40.38,41.04,40.38,40.78,40.146161946510134,40.38129684653004,0,0,0,21.89,33.245,37.13,,,1,1,1,1,,,,1962336,1870287.95
1726579800,41.01,41.545,40.85,41.37,40.3909295572081,40.47117895139095,0,0,0,21.89,33.245,37.13,,,1,1,1,1,,,,2009576,1900978.35
1726666200,41.45,41.9,41.13,41.36,40.58474364576648,40.55198086490086,0,0,0,21.89,33.245,37.13,,,1,1,1,1,,,,1784054,1896787.45
1726752600,42.14,42.62,41.79,42.47,40.96179491661319,40.72634624081896,0,0,0,21.89,33.245,37.13,,,1,1,1,1,,,,1574811,1909124.95
1726839000,42.47,42.47,41.84,42.11,41.19143593329055,40.852132946199056,0,0,0,21.89,33.245,37.13,,,1,1,1,1,,,,5462986,2082663.35
1727098200,42.06,42.5,41.895,42.28,41.40914874663244,40.98193904199914,0,0,0,21.89,33.245,37.13,,,1,1,1,1,,,,1614782,2078114.95
1727184600,42.47,42.62,42.06,42.21,41.56931899730595,41.093580947271946,0,0,0,21.89,33.245,37.13,,,1,1,1,1,,,,1278242,2094349.5
1727271000,42.57,42.57,41.98,42,41.65545519784476,41.175982679338134,0,0,0,21.89,33.245,37.13,,,1,1,1,1,,,,1406995,2111148.3
1727357400,42.42,42.69,41.9,41.98,41.72036415827581,41.24907516303467,0,0,0,21.89,33.245,37.13,,,1,1,1,1,,,,1586620,2116132.4
1727443800,42.29,42.58,41.83,41.98,41.772291326620646,41.31552287548606,0,0,0,21.89,33.245,37.13,,,1,1,1,1,,,,1605957,2144813.45
1727703000,41.68,42.15,41.465,42.03,41.82383306129652,41.380475341350966,0,0,0,21.89,33.245,37.13,,,1,1,1,1,,,,1588855,2042160.55
1727789400,41.82,41.895,40.81,41.71,41.801066449037215,41.41043212850088,0,0,0,21.89,33.245,37.13,,,1,1,1,1,,,,1725940,2011056.15
1727875800,41.56,42.22,41.48,41.95,41.830853159229775,41.45948375318262,0,0,0,21.89,33.245,37.13,,,1,1,1,1,,,,1937186,2009577
1727962200,41.75,41.755,41.06,41.59,41.78268252738382,41.47134886652965,0,0,0,21.89,33.245,37.13,,,1,1,1,1,,,,3796638,2130118.3
1728048600,42.37,42.93,42.205,42.89,42.004146021907054,41.60031715139059,0,0,0,21.89,33.245,37.13,,,1,1,1,1,,,,2095262,2162794.15
1728307800,42.76,43.11,42.47,42.75,42.15331681752564,41.704833773991446,0,0,0,21.89,33.245,37.13,,,1,1,1,1,,,,1556624,2155390.5
1728394200,42.9,43.09,42.59,42.83,42.28865345402051,41.8071216127195,0,0,0,21.89,33.245,37.13,,,1,1,1,1,,,,3261169,2126262.35
1728480600,42.7,43.18,42.67,43,42.43092276321641,41.91556510247227,0,0,0,21.89,33.245,37.13,,,1,1,1,1,,,,4089508,2189294.65
1728567000,43.05,43.36,42.785,43.06,42.55673821057313,42.019604638611156,0,0,0,21.89,33.245,37.13,,,1,1,1,1,,,,1858461,2172134.05
1728653400,43.2,44.43,43.2,43.91,42.827390568458505,42.19145876237378,0,0,0,21.89,33.245,37.13,,,1,1,1,1,,,,2106391,2215119.65
1728912600,44,44.18,43.82,44,43.061912454766805,42.35587160215798,0,0,0,21.89,33.245,37.13,,,1,1,1,1,,,,1420743,2188040
1728999000,44.07,44.76,43.92,44.1,43.26952996381345,42.51442872923453,0,0,0,21.89,33.245,37.13,,,1,1,1,1,,,,3352089,2255165.65
1729085400,44.5,44.74,44.3,44.57,43.52962397105076,42.70129884475867,0,0,0,21.89,33.245,37.13,,,1,1,1,1,,,,3143486,2323137.25
1729171800,44.76,45.62,44.68,45.51,43.92569917684061,42.95663531341697,0,0,0,21.89,33.245,37.13,,,1,1,1,1,,,,3256656,2407229.5
1729258200,45.695,46.145,45.395,45.98,44.33655934147249,43.23148664856088,0,0,0,21.89,33.245,37.13,,,1,1,1,1,,,,2213069,2244733.65
1729517400,45.96,46.09,45.65,45.85,44.63924747317799,43.46953331687353,0,0,0,21.89,33.245,37.13,,,1,1,1,1,,,,2008982,2264443.65
1729603800,45.71,46.175,45.48,46.05,44.92139797854239,43.704121197157754,0,0,0,21.89,33.245,37.13,,,1,1,1,1,,,,1517814,2276422.25
1729690200,45.91,46.3,45.085,45.44,45.02511838283391,43.861928361052506,0,0,0,21.89,33.245,37.13,,,1,1,1,1,,,,1397616,2275953.3
1729776600,45.6,45.83,45.37,45.74,45.16809470626713,44.03266214641137,0,0,0,21.89,33.245,37.13,,,1,1,1,1,,,,898705,2241557.55
1729863000,45.98,45.99,44.65,44.97,45.128475765013704,44.117874678555786,0,0,0,21.89,33.245,37.13,,,1,1,1,1,,,,1332154,2227867.4
1730122200,45.3,45.92,45.11,45.85,45.27278061201096,44.275340616868895,0,0,0,21.89,33.245,37.13,,,1,1,1,1,,,,1792769,2238063.1
1730208600,45.6,46.055,45.47,45.81,45.38022448960877,44.41485510624445,0,0,0,21.89,33.245,37.13,,,1,1,1,1,,,,1960732,2249802.7
1730295000,45.87,46.48,45.66,46.19,45.54217959168702,44.57623191476768,0,0,0,21.89,33.245,37.13,,,1,1,1,1,,,,2171394,2261513.1
1730381400,45.96,46.26,45.32,45.34,45.501743673349615,44.645665377061526,0,0,0,21.89,33.245,37.13,,,1,1,1,1,,,,1736330,2158497.7
1730467800,45.51,45.825,44.96,45.13,45.42739493867969,44.68969579732866,0,0,0,21.89,33.245,37.13,,,1,1,1,1,,,,2434440,2175456.6
1730730600,45.25,45.27,44.75,45,45.34191595094375,44.71790527029878,0,0,0,21.89,33.245,37.13,,,1,1,1,1,,,,3752972,2285274
1730817000,43.41,44.86,43.02,44.49,45.171532760755,44.697186609362525,0,0,0,21.89,33.245,37.13,,,1,1,1,1,,,,4627117,2353571.4
1730903400,47.5,50.51,46.63,50.4,46.217226208603996,45.21562419032957,0,0,0,21.89,33.245,37.13,,,1,1,1,1,,,,4970474,2397619.7
1730989800,49.98,50.195,48.3,48.32,46.6377809668832,45.49784017302688,0,0,0,21.89,33.245,37.13,,,1,1,1,1,,,,2976719,2453532.6
1731076200,48.4,48.6,47.295,47.36,46.782224773506556,45.667127430024436,0,0,0,21.89,33.245,37.13,,,1,1,1,1,,,,2438000,2470113.05
1731335400,48.37,49.49,48.04,49.19,47.26377981880525,45.98738857274949,0,0,0,21.89,33.245,37.13,,,1,1,1,1,,,,2364017,2517276.75
1731421800,49.09,49.38,48.36,48.55,47.5210238550442,46.22035324795408,0,0,0,21.89,33.245,37.13,,,1,1,1,1,,,,1704063,2434875.45
1731508200,48.66,48.86,47.87,47.92,47.60081908403536,46.37486658904916,0,0,0,21.89,33.245,37.13,,,1,1,1,1,,,,2193912,2387396.75
1731594600,48.19,48.19,47.21,47.65,47.61065526722829,46.490787808226514,0,0,0,21.89,33.245,37.13,,,1,1,1,1,,,,3054611,2377294.5
1731681000,47.75,48.1,47.13,47.44,47.57652421378263,46.57707982566047,0,0,0,21.89,33.245,37.13,,,1,1,1,1,,,,2096876,2371484.85
1731940200,47.41,47.41,46.73,47.12,47.485219371026105,46.62643620514588,0,0,0,21.89,33.245,37.13,,,1,1,1,1,,,,2339336,2388002.55
1732026600,46.3,46.805,45.96,46.6,47.30817549682089,46.62403291376898,0,0,0,21.89,33.245,37.13,,,1,1,1,1,,,,2417820,2433002.85
1732113000,46.54,46.85,46.29,46.73,47.19254039745671,46.63366628524452,0,0,0,21.89,33.245,37.13,,,1,1,1,1,,,,1794519,2452848
1732199400,47.17,47.2,46.475,46.8,47.11403231796537,46.64878753204047,0,0,0,21.89,33.245,37.13,,,1,1,1,1,,,,2905456,2553185.55
1732285800,46.69,47.805,46.69,47.62,47.21522585437229,46.737079574582246,0,0,0,21.89,33.245,37.13,,,1,1,1,1,,,,2186004,2595878.05
1732545000,47.77,49.215,47.5,49.01,47.574180683497836,46.94370870416568,0,0,0,21.89,33.245,37.13,,,1,1,1,1,,,,6030403,2807759.75
1732631400,48.53,48.73,48.032,48.31,47.72134454679827,47.06791700378698,0,0,0,21.89,33.245,37.13,,,1,1,1,1,,,,1941418,2806794.05
1732717800,48.39,48.89,48.04,48.08,47.79307563743862,47.15992454889726,0,0,0,21.89,33.245,37.13,,,1,1,1,1,,,,1885449,2792496.8
1732890600,48.57,48.76,48.22,48.23,47.88046050995089,47.25720413536114,0,0,0,21.89,33.245,37.13,,,1,1,1,1,,,,889876,2750174.1
1733149800,48.53,48.79,47.2,47.35,47.774368407960715,47.26564012305558,0,0,0,21.89,33.245,37.13,,,1,1,1,1,,,,1980979,2727501.05
1733236200,47.82,48.115,47.14,47.56,47.731494726368574,47.29240011186871,0,0,0,21.89,33.245,37.13,,,1,1,1,1,,,,3397000,2709702.45
1733322600,47.44,47.78,46.98,47.72,47.72919578109486,47.33127282897156,0,0,0,21.89,33.245,37.13,,,1,1,1,1,,,,1339448,2545319
1733409000,47.85,48,47.495,47.73,47.729356624875884,47.367520753610506,0,0,0,21.89,33.245,37.13,,,1,1,1,1,,,,2316205,2412605.55
1733495400,47.82,47.985,46.95,47.25,47.633485299900705,47.35683704873682,0,0,0,21.89,33.245,37.13,,,1,1,1,1,,,,1504163,2338977.75
1733754600,47.85,47.9799,46.53,46.76,47.458788239920565,47.30257913521529,0,0,0,21.89,33.245,37.13,,,1,1,1,1,,,,2032543,2318704.9
1733841000,46.76,46.76,45.78,46.36,47.239030591936455,47.21689012292299,0,0,0,21.89,33.245,37.13,,,1,1,1,1,,,,2433933,2322200.7
1733927400,46.79,47.345,46.23,47.18,47.227224473549164,47.21353647538454,0,0,0,21.89,33.245,37.13,,,1,1,1,1,,,,3155159,2394755.5
1734013800,47.26,47.75,46.99,47.05,47.19177957883933,47.19866952307685,0,0,0,21.89,33.245,37.13,,,1,1,1,1,,,,1918885,2381004.15
1734100200,47.1,47.53,46.79,47.47,47.247423663071466,47.223335930069865,0,0,0,21.89,33.245,37.13,,,1,1,1,1,,,,2456998,2351123.5
1734359400,47.4,47.555,46.86,47.32,47.26193893045717,47.23212357279078,0,0,0,21.89,33.245,37.13,,,1,1,1,1,,,,2181697,2355364.55
1734445800,46.82,47.13,46.24,46.57,47.123551144365734,47.171930520718895,0,0,0,21.89,33.245,37.13,,,1,1,1,1,,,,2285446,2352670.05
1734532200,46.65,46.85,44.3,44.36,46.57084091549259,46.916300473380815,0,0,0,21.89,33.245,37.13,,,1,1,1,1,,,,3773264,2420442.25
1734618600,45.16,45.8,44.68,44.98,46.25267273239407,46.74027315761892,0,0,0,21.89,33.245,37.13,,,1,1,1,1,,,,2871841,2474308.35
1734705000,44.67,46.89,44.58,46.52,46.30613818591525,46.72024832510811,0,0,0,21.89,33.245,37.13,,,1,1,1,1,,,,8178707,2737970.9
1734964200,46.14,47.22,46.05,47,46.4449105487322,46.74568029555282,0,0,0,21.89,33.245,37.13,,,1,1,1,1,,,,2367260,2747033.7
1735050600,47.14,47.43,46.86,47.37,46.629928438985765,46.80243663232075,0,0,0,21.89,33.245,37.13,,,1,1,1,1,,,,757032,2483365.15
1735223400,47.04,48.115,47.04,48.05,46.913942751188614,46.91585148392795,0,0,0,21.89,33.245,37.13,,,1,1,1,1,,,,968378,2434713.15
1735309800,47.84,48.32,47.24,47.5,47.031154200950894,46.968955894479954,0,0,0,21.89,33.245,37.13,,,1,1,1,1,,,,1804213,2430651.35
1735569000,46.88,47.43,46.515,47.01,47.02692336076071,46.97268717679996,0,0,0,21.89,33.245,37.13,,,1,1,1,1,,,,1062539,2439284.5
1735655400,47.13,47.63,47.02,47.17,47.05553868860857,46.990624706181784,0,0,0,21.89,33.245,37.13,,,1,1,1,1,,,,1014821,2390976.6
1735828200,47.45,48.365,47.3,47.64,47.172430950886856,47.04965882380162,0,0,0,21.89,33.245,37.13,,,1,1,1,1,,,,2135885,2327920.85
1735914600,47.97,48.699,47.69,48.55,47.44794476070948,47.18605347618329,0,0,0,21.89,33.245,37.13,,,1,1,1,1,,,,2741593,2398028.1
1736173800,49,50.26,48.915,49.41,47.84035580856759,47.3882304328939,0,0,0,21.89,33.245,37.13,,,1,1,1,1,,,,1943021,2379368.9
1736260200,49.63,49.9372,48.74,49.11,48.09428464685407,47.54475493899445,0,0,0,21.89,33.245,37.13,,,1,1,1,1,,,,1939387,2401130.1
1736346600,48.63,49.15,48.03,49.01,48.277427717483256,47.677959035449504,0,0,0,21.89,33.245,37.13,,,1,1,1,1,,,,2757943,2437400.1
1736519400,48.57,48.8,47.75,48.08,48.2379421739866,47.714508214045004,0,0,0,21.89,33.245,37.13,,,1,1,1,1,,,,3386208,2485013.85
1736778600,47.68,49.1,47.46,49.02,48.394353739189285,47.83318928549546,0,0,0,21.89,33.245,37.13,,,1,1,1,1,,,,2549344,2454723.1
1736865000,49.2,50.19,49.2,49.9,48.695482991351426,48.021081168632236,0,0,0,21.89,33.245,37.13,,,1,1,1,1,,,,2856668,2501612.25
1736951400,51.46,52.04,50.86,51.56,49.268386393081144,48.342801062392944,0,0,0,21.89,33.245,37.13,,,1,1,1,1,,,,3146445,2536084.6
1737037800,51.36,52.025,51.045,51.54,49.72270911446491,48.63345551126631,0,0,0,21.89,33.245,37.13,,,1,1,1,1,,,,3075975,2580798.5
1737124200,51.76,52.02,51.505,51.68,50.11416729157193,48.91041410115119,0,0,0,21.89,33.245,37.13,,,1,1,1,1,,,,1567196,2544886
1737469800,52.28,52.885,52.165,52.83,50.657333833257546,49.266740091955626,0,0,0,21.89,33.245,37.13,,,1,1,1,1,,,,2732420,2492843.8
1737556200,52.77,53.28,52.54,53.18,51.161867066606035,49.622490992686934,0,0,0,21.89,33.245,37.13,,,1,1,1,1,,,,1850952,2441799.35
1737642600,53.67,53.99,53,53.06,51.54149365328483,49.93499181153358,0,0,0,21.89,33.245,37.13,,,1,1,1,1,,,,3805227,2223125.35
1737729000,52.97,53.685,52.97,53.25,51.883194922627865,50.236356192303255,0,0,0,21.89,33.245,37.13,,,1,1,1,1,,,,3616882,2285606.45
1737988200,52.66,53.38,52.61,53.08,52.122555938102295,50.49486926573023,0,0,0,21.89,33.245,37.13,,,1,1,1,1,,,,3091239,2402316.8
1738074600,53.05,54.62,53.05,53.69,52.436044750481834,50.78533569611839,0,0,0,21.89,33.245,37.13,,,1,1,1,1,,,,3598259,2533810.85
1738161000,53.7,54.35,53.18,54.15,52.778835800385465,51.09121426919853,0,0,0,21.89,33.245,37.13,,,1,1,1,1,,,,2929282,2590064.3
1738247400,54.42,54.82,53.87,54.26,53.07506864030837,51.37928569927139,0,0,0,21.89,33.245,37.13,,,1,1,1,1,,,,2252877,2649581.2
1738333800,54.02,54.66,54.02,54.42,53.3440549122467,51.655714272064905,0,0,0,21.89,33.245,37.13,,,1,1,1,1,,,,2930482,2745364.25
1738593000,53.03,54.03,52.7,53.76,53.427243929797356,51.84701297460446,0,0,0,21.89,33.245,37.13,,,1,1,1,1,,,,3603559,2818747.95
1738679400,53.55,53.93,53.095,53.25,53.39179514383788,51.97455724964042,0,0,0,21.89,33.245,37.13,,,1,1,1,1,,,,2013260,2782331.3
1738765800,53.25,53.67,52.92,53.5,53.413436115070304,52.113233863309475,0,0,0,21.89,33.245,37.13,,,1,1,1,1,,,,4248565,2897608.5
1738852200,52.14,53.6259,51.36,52.26,53.182748892056246,52.12657623937225,0,0,0,21.89,33.245,37.13,,,1,1,1,1,,,,4535713,3027424.8
1738938600,52.58,53.925,52.25,53.65,53.276199113645,52.265069308520225,0,0,0,21.89,33.245,37.13,,,1,1,1,1,,,,3372398,3058147.55
1739197800,53.99,54.26,52.74,53.69,53.358959290916,52.39460846229111,0,0,0,21.89,33.245,37.13,,,1,1,1,1,,,,2488506,3013262.45
1739284200,53.61,54.04,52.63,53.73,53.433167432732795,52.51600769299192,0,0,0,21.89,33.245,37.13,,,1,1,1,1,,,,3164215,3044006
1739370600,53.47,53.99,53.3,53.65,53.47653394618624,52.61909790271993,0,0,0,21.89,33.245,37.13,,,1,1,1,1,,,,2292398,3015792.5
1739457000,53.65,53.84,52.76,53.74,53.52922715694899,52.72099809338175,0,0,0,21.89,33.245,37.13,,,1,1,1,1,,,,1963219,2956631.2
1739543400,53.72,55.78,53.64,55.34,53.89138172555919,52.959089175801594,0,0,0,21.89,33.245,37.13,,,1,1,1,1,,,,4530041,3029334.5
1739889000,55.47,55.79,54.98,55.52,54.21710538044736,53.191899250728724,0,0,0,21.89,33.245,37.13,,,1,1,1,1,,,,2834343,3092691.85
1739975400,55.42,56,55.1,55.68,54.50968430435788,53.4180902279352,0,0,0,21.89,33.245,37.13,,,1,1,1,1,,,,2218181,3066979.9
1740061800,55.44,55.72,53.5701,53.96,54.399747443486305,53.46735475266836,0,0,0,21.89,33.245,37.13,,,1,1,1,1,,,,2125936,3080729.1
1740148200,54.07,54.145,51.32,51.37,53.79379795478904,53.27668613878942,0,0,0,21.89,33.245,37.13,,,1,1,1,1,,,,2632252,3022080.35
1740407400,52.33,54.78,52.285,53.3,53.69503836383123,53.27880558071766,0,0,0,21.89,33.245,37.13,,,1,1,1,1,,,,3660657,3024269.1
1740493800,53.69,54.1,52.325,53.38,53.63203069106498,53.28800507337969,0,0,0,21.89,33.245,37.13,,,1,1,1,1,,,,3632269,3051320.6
1740580200,53.97,55.23,53.78,54.08,53.721624552851985,53.36000461216336,0,0,0,21.89,33.245,37.13,,,1,1,1,1,,,,1797191,2961267.2
1740666600,54.68,55.52,54.065,54.13,53.80329964228159,53.43000419287578,0,0,0,21.89,33.245,37.13,,,1,1,1,1,,,,1629917,2896298.95
1740753000,53.95,55.055,53.81,55.02,54.04663971382527,53.574549266250706,0,0,0,21.89,33.245,37.13,,,1,1,1,1,,,,2154055,2891357.85
1741012200,55.5,55.98,53.81,54.3,54.09731177106022,53.64049933295519,0,0,0,21.89,33.245,37.13,,,1,1,1,1,,,,2071108,2848389.15
1741098600,53.2,53.54,50.17,51.36,53.549849416848176,53.433181211777445,0,0,0,21.89,33.245,37.13,,,1,1,1,1,,,,3308929,2833657.65
1741185000,51.4,52.51,50.97,52.23,53.28587953347854,53.32380110161586,0,0,0,21.89,33.245,37.13,,,1,1,1,1,,,,2570060,2861497.65
1741271400,50.98,51.89,49.435,49.86,52.60070362678283,53.00891009237805,0,0,0,21.89,33.245,37.13,,,1,1,1,1,,,,2672038,2782671.3
1741357800,49.66,50.58,47.89,50.33,52.146562901426265,52.765372811252774,0,0,0,21.89,33.245,37.13,,,1,1,1,1,,,,3949477,2753359.5
1741613400,48.96,49.86,48.16,49.16,51.54925032114101,52.43761164659343,0,0,0,21.89,33.245,37.13,,,1,1,1,1,,,,4604550,2814967.1
1741699800,49.34,51.28,49.34,50.52,51.34340025691281,52.26328331508494,0,0,0,21.89,33.245,37.13,,,1,1,1,1,,,,3664156,2873749.6
1741786200,51.64,51.91,50.56,51.43,51.36072020553025,52.187530286440854,0,0,0,21.89,33.245,37.13,,,1,1,1,1,,,,2720653,2851571.5
1741872600,51.68,51.68,49.52,49.54,50.9965761644242,51.94684571494623,0,0,0,21.89,33.245,37.13,,,1,1,1,1,,,,3163097,2895106.45
1741959000,50.55,51.495,50.195,51.27,51.05126093153936,51.88531428631475,0,0,0,21.89,33.245,37.13,,,1,1,1,1,,,,2701788,2932034.9
1742218200,50.81,52.44,50.4,52.26,51.29300874523149,51.9193766239225,0,0,0,21.89,33.245,37.13,,,1,1,1,1,,,,3795319,2895298.8
1742304600,52.14,52.39,51.31,51.62,51.35840699618519,51.892160567202275,0,0,0,21.89,33.245,37.13,,,1,1,1,1,,,,2237828,2865473.05
1742391000,51.64,53.435,51.06,52.76,51.63872559694815,51.971055061092976,0,0,0,21.89,33.245,37.13,,,1,1,1,1,,,,3005460,2904837
1742477400,52.25,53.12,52.11,52.41,51.792980477558515,52.01095914644816,0,0,0,21.89,33.245,37.13,,,1,1,1,1,,,,2866108,2941845.6
1742563800,51.67,52.6,51.26,52.55,51.94438438204681,52.05996286040742,0,0,0,21.89,33.245,37.13,,,1,1,1,1,,,,12672442,3443855.1
1742823000,53.45,54.04,52.7,53.59,52.273507505637454,52.19905714582492,0,0,0,21.89,33.245,37.13,,,1,1,1,1,,,,2229581,3372301.3
1742909400,53.99,54.61,53.73,54.3,52.678806004509966,52.39005195074993,0,0,0,21.89,33.245,37.13,,,1,1,1,1,,,,1799713,3280673.5
1742995800,54.62,55.03,53.71,54.06,52.955044803607976,52.54186540977266,0,0,0,21.89,33.245,37.13,,,1,1,1,1,,,,1621393,3271883.6
1743082200,53.68,54.035,52.8601,53.3,53.02403584288638,52.61078673615697,0,0,0,21.89,33.245,37.13,,,1,1,1,1,,,,2307597,3305767.6
1743168600,52.97,53.6,50.93,51.66,52.751228674309104,52.52435157832451,0,0,0,21.89,33.245,37.13,,,1,1,1,1,,,,1858947,3291012.2
1743427800,50.68,52.445,50.075,52.09,52.618982939447285,52.484865071204105,0,0,0,21.89,33.245,37.13,,,1,1,1,1,,,,2367231,3305818.35
1743514200,52.04,52.55,51.38,52.29,52.55318635155783,52.467150064731,0,0,0,21.89,33.245,37.13,,,1,1,1,1,,,,2604674,3270605.6
1743600600,52.51,55.315,52.51,54.93,53.02854908124626,52.69104551339182,0,0,0,21.89,33.245,37.13,,,1,1,1,1,,,,3119223,3298063.75
1743687000,51.7,51.75,49.35,50.21,52.46483926499701,52.465495921265294,0,0,0,21.89,33.245,37.13,,,1,1,1,1,,,,3690070,3348965.35
1743773400,47.1,47.91,43.1,45.1,50.99187141199761,51.79590538296845,0,0,0,21.89,33.245,37.13,,,1,1,1,1,,,,7305977,3516790.35
1744032600,43.13,46.72,41.39,44.86,49.76549712959809,51.16536852997132,0,0,0,21.89,33.245,37.13,,,1,1,1,1,,,,5522098,3562667.75
1744119000,47.01,47.8,42.95,43.98,48.60839770367847,50.512153209064834,0,0,0,21.89,33.245,37.13,,,1,1,1,1,,,,3407080,3549813.95
1744205400,42.97,50.05,42.385,49.6,48.80671816294278,50.42923019005894,0,0,0,21.89,33.245,37.13,,,1,1,1,1,,,,5801273,3703844.95
1744291800,47.97,48.12,44.62,45.8,48.20537453035422,50.008391081871764,0,0,0,21.89,33.245,37.13,,,1,1,1,1,,,,3569155,3724147.85
1744378200,45.56,46.53,44.62,46.41,47.846299624283375,49.68126461988342,0,0,0,21.89,33.245,37.13,,,1,1,1,1,,,,4802470,3829181.95
1744637400,47.65,47.915,46.465,47.24,47.7250396994267,49.459331472621294,0,0,0,21.89,33.245,37.13,,,1,1,1,1,,,,3294937,3804162.85
1744723800,47.62,48.24,47.23,47.33,47.64603175954136,49.26575588420118,0,0,0,21.89,33.245,37.13,,,1,1,1,1,,,,2490419,3816792.4
1744810200,47.02,47.63,45.985,46.35,47.38682540763309,49.00068716745562,0,0,0,21.89,33.245,37.13,,,1,1,1,1,,,,3338645,3833451.65
1744896600,46.45,47.325,46.2,46.87,47.28346032610647,48.80698833405056,0,0,0,21.89,33.245,37.13,,,1,1,1,1,,,,2728089,3826550.7
1745242200,46.47,46.8117,45.1,45.61,46.948768260885174,48.51635303095505,0,0,0,21.89,33.245,37.13,,,1,1,1,1,,,,2251428,3305500
1745328600,46.7,47.86,46.515,47.6,47.07901460870814,48.43304820995914,0,0,0,21.89,33.245,37.13,,,1,1,1,1,,,,1360974,3262069.65
1745415000,49.08,50.89,48.55,48.89,47.44121168696651,48.474589281781036,0,0,0,21.89,33.245,37.13,,,1,1,1,1,,,,2381525,3291160.25
1745501400,48.77,50.32,48.59,50.05,47.96296934957321,48.61780843798276,0,0,0,21.89,33.245,37.13,,,1,1,1,1,,,,1687615,3294471.35
1745587800,49.58,50.1,49.39,49.68,48.30637547965856,48.71437130725705,0,0,0,21.89,33.245,37.13,,,1,1,1,1,,,,1553511,3256767.05
1745847000,49.94,50.89,49.77,50.41,48.72710038372685,48.868519370233685,0,0,0,21.89,33.245,37.13,,,1,1,1,1,,,,2107937,3269216.55
1745933400,50.04,51.14,49.81,51.02,49.18568030698148,49.06410851839426,0,0,0,21.89,33.245,37.13,,,1,1,1,1,,,,2406645,3271187.25
1746019800,48.28,49.73,47.57,49.45,49.23854424558519,49.0991895621766,0,0,0,21.89,33.245,37.13,,,1,1,1,1,,,,5460949,3414001
1746106200,49.39,50.54,49.06,49.26,49.24283539646815,49.113808692887815,0,0,0,21.89,33.245,37.13,,,1,1,1,1,,,,2520140,3384046.85
1746192600,50.09,50.611,49.7,50.46,49.48626831717452,49.236189720807104,0,0,0,21.89,33.245,37.13,,,1,1,1,1,,,,1851301,3292108.4
1746451800,49.67,50.85,49.67,50.31,49.651014653739615,49.333808837097365,0,0,0,21.89,33.245,37.13,,,1,1,1,1,,,,2173229,3035471
1746538200,49.63,50.78,49.63,50.15,49.75081172299169,49.408008033724876,0,0,0,21.89,33.245,37.13,,,1,1,1,1,,,,2415147,2880123.45
1746624600,50.75,51.37,50.5,50.91,49.982649378393354,49.544552757931704,0,0,0,21.89,33.245,37.13,,,1,1,1,1,,,,1866521,2803095.5
1746711000,51.44,52.14,51.11,51.19,50.224119502714686,49.694138870847006,0,0,0,21.89,33.245,37.13,,,1,1,1,1,,,,2590273,2642545.5
1746797400,51.4,51.91,51.21,51.34,50.44729560217175,49.84376260986092,0,0,0,21.89,33.245,37.13,,,1,1,1,1,,,,2425298,2585352.65
1747056600,53.81,54.46,53.31,53.94,51.1458364817374,50.21614782714629,0,0,0,21.89,33.245,37.13,,,1,1,1,1,,,,1392231,2414840.7
1747143000,54.3,55.07,54.105,54.26,51.76866918538992,50.58377075195117,0,0,0,21.89,33.245,37.13,,,1,1,1,1,,,,2192183,2359703
1747229400,54.13,54.65,53.58,53.7,52.15493534831194,50.86706431995561,0,0,0,21.89,33.245,37.13,,,1,1,1,1,,,,2814131,2375888.6
1747315800,53.33,53.51,52.59,52.85,52.29394827864955,51.04733119995964,0,0,0,21.89,33.245,37.13,,,1,1,1,1,,,,3221838,2370048.25
1747402200,52.9,53.66,52.51,53.59,52.55315862291964,51.27848290905422,0,0,0,21.89,33.245,37.13,,,1,1,1,1,,,,1870312,2327159.4
1747661400,52.98,53.81,52.845,53.71,52.78452689833571,51.499529917322015,0,0,0,21.89,33.245,37.13,,,1,1,1,1,,,,1025644,2265870.2
1747747800,53.51,54.07,53.3,53.71,52.96962151866857,51.70048174302001,0,0,0,21.89,33.245,37.13,,,1,1,1,1,,,,1764282,2286035.6
1747834200,53.37,53.59,51.82,51.84,52.743697214934855,51.71316522092729,0,0,0,21.89,33.245,37.13,,,1,1,1,1,,,,2775828,2305750.75
1747920600,52.03,52.46,51.73,52.13,52.620957771947886,51.75105929175208,0,0,0,21.89,33.245,37.13,,,1,1,1,1,,,,1638377,2303288.85
1748007000,50.87,52.15,50.6786,51.8,52.45676621755831,51.75550844704734,0,0,0,21.89,33.245,37.13,,,1,1,1,1,,,,1188691,2285047.85
1748352600,52.47,53.98,51.995,53.97,52.75941297404665,51.95682586095213,0,0,0,21.89,33.245,37.13,,,1,1,1,1,,,,1770569,2268179.45
1748439000,53.86,53.94,52.95,52.99,52.80553037923732,52.05075078268376,0,0,0,21.89,33.245,37.13,,,1,1,1,1,,,,2602473,2277970.85
1748525400,53.53,53.6,52.865,53.51,52.946424303389854,52.183409802439776,0,0,0,21.89,33.245,37.13,,,1,1,1,1,,,,1456855,2077766.15
1748611800,53,53.61,52.605,52.87,52.93113944271188,52.24582709312707,0,0,0,21.89,33.245,37.13,,,1,1,1,1,,,,3927259,2148122.1
1748871000,52.43,52.73,51.605,52.7,52.884911554169506,52.287115539206425,0,0,0,21.89,33.245,37.13,,,1,1,1,1,,,,1466102,2128862.15
1748957400,52.81,53.81,52.42,53.61,53.0299292433356,52.40737776291493,0,0,0,21.89,33.245,37.13,,,1,1,1,1,,,,2157367,2128069.05
1749043800,53.77,53.97,52.93,52.93,53.00994339466848,52.454888875377215,0,0,0,21.89,33.245,37.13,,,1,1,1,1,,,,1712438,2092933.6
1749130200,53.02,53.87,52.79,53.61,53.12995471573478,52.55989897761565,0,0,0,21.89,33.245,37.13,,,1,1,1,1,,,,1631746,2081194.85
1749216600,54.58,55.095,54.17,54.81,53.46596377258783,52.76445361601423,0,0,0,21.89,33.245,37.13,,,1,1,1,1,,,,1799594,2041660.9
1749475800,55.02,55.14,54.53,54.58,53.68877101807026,52.92950328728566,0,0,0,21.89,33.245,37.13,,,1,1,1,1,,,,1710406,2005916.3
1749562200,54.72,54.99,54.46,54.68,53.88701681445621,53.08863935207788,0,0,0,21.89,33.245,37.13,,,1,1,1,1,,,,2070724,2039840.95
1749648600,54.76,55.23,53.01,53.57,53.82361345156497,53.132399410979886,0,0,0,21.89,33.245,37.13,,,1,1,1,1,,,,4370265,2148745.05
1749735000,53.12,53.275,52.42,53.08,53.67489076125197,53.127635828163534,0,0,0,21.89,33.245,37.13,,,1,1,1,1,,,,2264531,2121265.05
1749821400,52.18,52.51,51.46,51.61,53.26191260900158,52.98966893469412,0,0,0,21.89,33.245,37.13,,,1,1,1,1,,,,2154602,2067903.25
1750080600,52.12,53.53,52.03,53.01,53.21153008720126,52.99151721335829,0,0,0,21.89,33.245,37.13,,,1,1,1,1,,,,2416857,2095230.5
1750167000,52.38,52.96,51.57,51.85,52.93922406976101,52.88774292123481,0,0,0,21.89,33.245,37.13,,,1,1,1,1,,,,3013031,2194599.85
1750253400,51.73,53.5324,51.73,52.87,52.92537925580881,52.886129928395285,0,0,0,21.89,33.245,37.13,,,1,1,1,1,,,,2520474,2232409.45
1750426200,53.16,53.695,52.69,53.32,53.00430340464705,52.92557266217753,0,0,0,21.89,33.245,37.13,,,1,1,1,1,,,,5971495,2392192.8
1750685400,53.14,53.92,52.38,53.84,53.17144272371764,53.00870242016139,0,0,0,21.89,33.245,37.13,,,1,1,1,1,,,,2787693,2449658.6
1750771800,54.38,54.68,53.85,53.99,53.335154178974115,53.09791129105581,0,0,0,21.89,33.245,37.13,,,1,1,1,1,,,,2623480,2521398.05
1750858200,54.16,54.65,53.72,54.41,53.550123343179294,53.217192082778006,0,0,0,21.89,33.245,37.13,,,1,1,1,1,,,,2356130,2550676.1
1750944600,54.54,56.16,54.15,56.02,54.044098674543434,53.47199280252546,0,0,0,21.89,33.245,37.13,,,1,1,1,1,,,,2613638,2551234.35
1751031000,56.05,56.385,55.35,55.96,54.427278939634746,53.69817527502315,0,0,0,21.89,33.245,37.13,,,1,1,1,1,,,,5196677,2738225.45
1751290200,56.3,56.61,55.76,56.1,54.761823151707794,53.916522977293766,0,0,0,21.89,33.245,37.13,,,1,1,1,1,,,,2286491,2656187.05
1751376600,56.04,56.53,55.55,55.88,54.98545852136623,54.09502088844888,0,0,0,21.89,33.245,37.13,,,1,1,1,1,,,,2888933,2727328.6
1751463000,55.93,56.25,55.4,55.85,55.15836681709299,54.25456444404443,0,0,0,21.89,33.245,37.13,,,1,1,1,1,,,,1756049,2707262.7
1751549400,56.04,56.42,55.6,55.67,55.26069345367439,54.38324040367676,0,0,0,21.89,33.245,37.13,,,1,1,1,1,,,,1391150,2691198.3
1751895000,55.55,56.04,54.39,54.69,55.146554762939516,54.411127639706145,0,0,0,21.89,33.245,37.13,,,1,1,1,1,,,,2405239,2729872.95
1751981400,54.88,55.3619,54.63,54.78,55.07324381035161,54.44466149064195,0,0,0,21.89,33.245,37.13,,,1,1,1,1,,,,3711658,2825476.15
1752067800,55.24,55.28,53.16,53.18,54.69459504828129,54.32969226421995,0,0,0,21.89,33.245,37.13,,,1,1,1,1,,,,3420785,2910995.1
1752154200,53.42,53.94,53,53.76,54.507676038625036,54.27790205838177,0,0,0,21.89,33.245,37.13,,,1,1,1,1,,,,2221459,2918531.85
1752240600,53.27,53.45,52.76,52.8,54.16614083090003,54.143547325801606,0,0,0,21.89,33.245,37.13,,,1,1,1,1,,,,1572508,2778644
1752499800,52.9,53.44,52.695,53.41,54.01491266472002,54.076861205274184,0,0,0,21.89,33.245,37.13,,,1,1,1,1,,,,1690816,2749958.25
1752586200,53.19,53.255,51.84,51.85,53.58193013177602,53.87441927752199,0,0,0,21.89,33.245,37.13,,,1,1,1,1,,,,2744959,2779476.1
1752672600,51.93,52.3,51.12,51.72,53.20954410542082,53.67856297956544,0,0,0,21.89,33.245,37.13,,,1,1,1,1,,,,2312281,2774247.3
1752759000,51.13,52.655,51.09,52.61,53.08963528433665,53.58142089051404,0,0,0,21.89,33.245,37.13,,,1,1,1,1,,,,2825766,2764884.05
1752845400,52.85,53.01,52.46,52.93,53.05770822746932,53.522200809558214,0,0,0,21.89,33.245,37.13,,,1,1,1,1,,,,1627119,2720216.3
1753104600,52.93,53.27,52.21,52.27,52.900166581975455,53.40836437232565,0,0,0,21.89,33.245,37.13,,,1,1,1,1,,,,2074398,2525361.45
1753191000,52.27,52.69,51.92,52.44,52.808133265580366,53.320331247568774,0,0,0,21.89,33.245,37.13,,,1,1,1,1,,,,1934269,2482690.25
1753277400,52.95,53.32,52.44,52.99,52.84450661246429,53.29030113415343,0,0,0,21.89,33.245,37.13,,,1,1,1,1,,,,1999523,2451492.4
1753363800,52.83,53.06,52.02,52.06,52.68760528997144,53.17845557650312,0,0,0,21.89,33.245,37.13,,,1,1,1,1,,,,1573513,2412361.55
1753450200,52.11,52.77,51.911,52.63,52.67608423197715,53.1285959786392,0,0,0,21.89,33.245,37.13,,,1,1,1,1,,,,1794329,2371396.1
1753709400,52.85,53.002,52.11,52.32,52.60486738558172,53.05508725330836,0,0,0,21.89,33.245,37.13,,,1,1,1,1,,,,2441115,2233618
1753795800,52.68,52.69,51.62,51.7,52.423893908465374,52.9318975030076,0,0,0,21.89,33.245,37.13,,,1,1,1,1,,,,2119567,2225271.8
1753882200,51.79,51.79,50.03,50.4,52.0191151267723,52.70172500273418,0,0,0,21.89,33.245,37.13,,,1,1,1,1,,,,2299308,2195790.55
1753968600,50.44,51.85,50.44,51.35,51.88529210141784,52.57884091157653,0,0,0,21.89,33.245,37.13,,,1,1,1,1,,,,2221644,2219070.3
1754055000,50.13,50.7273,49.01,50.09,51.52623368113427,52.352582646887754,0,0,0,21.89,33.245,37.13,,,1,1,1,1,,,,2518345,2275430.05
1754314200,50.44,51.17,50.2,50.99,51.41898694490742,52.228711497170686,0,0,0,21.89,33.245,37.13,,,1,1,1,1,,,,2890377,2299686.95
1754400600,51.46,52.09,50.41,50.93,51.32118955592593,52.11064681560971,0,0,0,21.89,33.245,37.13,,,1,1,1,1,,,,3240181,2276113.1
1754487000,47,51.64,47,51.15,51.286951644740746,52.02331528691792,0,0,0,21.89,33.245,37.13,,,1,1,1,1,,,,4896216,2349884.65
1754573400,51.69,51.79,50.25,50.33,51.095561315792594,51.869377533561746,0,0,0,21.89,33.245,37.13,,,1,1,1,1,,,,3325334,2405078.4
1754659800,50.37,52,50.12,51.98,51.27244905263407,51.87943412141977,0,0,0,21.89,33.245,37.13,,,1,1,1,1,,,,3834516,2518178.8
1754919000,51.99,53.695,51.8,53.11,51.63995924210726,51.991303746745245,0,0,0,21.89,33.245,37.13,,,1,1,1,1,,,,4481998,2657737.9
1755005400,53.59,54.88,53.535,54.84,52.27996739368581,52.25027613340477,0,0,0,21.89,33.245,37.13,,,1,1,1,1,,,,4378316,2739405.75
1755091800,55.03,55.2398,53.965,54.61,52.74597391494865,52.46479648491343,0,0,0,21.89,33.245,37.13,,,1,1,1,1,,,,3814776,2814530.5
1755178200,53.52,54.655,53.52,54.64,53.12477913195892,52.662542259012206,0,0,0,21.89,33.245,37.13,,,1,1,1,1,,,,2266485,2786566.45
1755264600,54.82,54.82,53.78,53.9,53.279823305567135,52.775038417283824,0,0,0,21.89,33.245,37.13,,,1,1,1,1,,,,3322510,2871336
1755523800,53.64,53.79,52.54,53,53.223858644453706,52.79548947025802,0,0,0,21.89,33.245,37.13,,,1,1,1,1,,,,2930919,2914162.05
1755610200,52.9,53.27,52.46,52.46,53.071086915562965,52.76499042750729,0,0,0,21.89,33.245,37.13,,,1,1,1,1,,,,2622357,2948566.45
1755696600,52.35,52.61,51.42,52.08,52.87286953245037,52.70271857046117,0,0,0,21.89,33.245,37.13,,,1,1,1,1,,,,2656011,2981390.85
1755783000,51.88,52.39,51.7,51.87,52.672295625960295,52.62701688223743,0,0,0,21.89,33.245,37.13,,,1,1,1,1,,,,2710868,3038258.6
1755869400,52.26,54.42,52.2,53.59,52.855836500768234,52.71456080203402,0,0,0,21.89,33.245,37.13,,,1,1,1,1,,,,2787151,3087899.7
1756128600,53.42,53.82,52.84,52.88,52.86066920061459,52.72960072912184,0,0,0,21.89,33.245,37.13,,,1,1,1,1,,,,2228536,3077270.75
1756215000,52.77,54.14,52.77,54.1,53.10853536049167,52.854182481019855,0,0,0,21.89,33.245,37.13,,,1,1,1,1,,,,3613613,3151973.05
1756301400,53.89,54.05,53.43,53.78,53.24282828839334,52.93834771001805,0,0,0,21.89,33.245,37.13,,,1,1,1,1,,,,2777800,3175897.65
1756387800,53.91,53.91,53.08,53.24,53.24226263071467,52.965770645470954,0,0,0,21.89,33.245,37.13,,,1,1,1,1,,,,2081158,3168873.35
1756474200,53.27,53.66,52.94,53.26,53.24581010457174,52.992518768609955,0,0,0,21.89,33.245,37.13,,,1,1,1,1,,,,2445628,3165237.5
1756819800,52.37,52.83,51.295,52.75,53.14664808365739,52.97047160782723,0,0,0,21.89,33.245,37.13,,,1,1,1,1,,,,2732948,3157366.05
1756906200,52.61,52.97,52.34,52.84,53.08531846692591,52.95861055257021,0,0,0,21.89,33.245,37.13,,,1,1,1,1,,,,3679889,3179351.45
1756992600,53.08,54.155,52.69,54.07,53.28225477354073,53.05964595688201,0,0,0,21.89,33.245,37.13,,,1,1,1,1,,,,2410278,3055054.55
1757079000,54.17,54.75,53.11,53.37,53.29980381883258,53.08785996080182,0,0,0,21.89,33.245,37.13,,,1,1,1,1,,,,3704048,3073990.25
1757338200,53.41,53.93,52.08,53.22,53.283843055066065,53.09987269163802,0,0,0,21.89,33.245,37.13,,,1,1,1,1,,,,2461189,3005323.9
1757424600,53.04,53.76,52.65,52.69,53.16507444405285,53.062611537852746,0,0,0,21.89,33.245,37.13,,,1,1,1,1,,,,2376883,2900068.15
1757511000,52.63,53.25,52.395,52.72,53.07605955524228,53.03146503441159,0,0,0,21.89,33.245,37.13,,,1,1,1,1,,,,2829887,2822646.7
1757597400,52.73,53.92,52.715,53.91,53.24284764419382,53.11133184946508,0,0,0,21.89,33.245,37.13,,,1,1,1,1,,,,2900825,2776949.15
1757683800,53.87,54.425,53.54,54.05,53.404278115355055,53.196665317695526,0,0,0,21.89,33.245,37.13,,,1,1,1,1,,,,2230063,2775128.05
1757943000,54.27,54.38,53.09,53.31,53.38542249228404,53.2069684706323,0,0,0,21.89,33.245,37.13,,,1,1,1,1,,,,1933347,2705669.9
1758029400,53.63,53.63,52.52,52.8,53.26833799382723,53.16997133693845,0,0,0,21.89,33.245,37.13,,,1,1,1,1,,,,2950890,2706668.45
1758115800,52.85,54.175,52.85,53.53,53.32067039506178,53.20270121539859,0,0,0,21.89,33.245,37.13,,,1,1,1,1,,,,2575458,2704323.5
1758202200,53.47,54.48,53.47,54.41,53.538536316049424,53.31245565036235,0,0,0,21.89,33.245,37.13,,,1,1,1,1,,,,2596666,2701356.25
1758288600,54.71,54.725,54,54.23,53.67682905283954,53.395868773056684,0,0,0,21.89,33.245,37.13,,,1,1,1,1,,,,9935784,3062602.05
1758547800,53.87,54.3,53.45,54.05,53.751463242271626,53.45533524823335,0,0,0,21.89,33.245,37.13,,,1,1,1,1,,,,2984907,3072489.85
1758634200,54.2,55.15,53.855,54.04,53.8091705938173,53.50848658930304,0,0,0,21.89,33.245,37.13,,,1,1,1,1,,,,2593731,3090749.6
1758720600,54.15,54.43,52.58,52.59,53.56533647505384,53.42498780845731,0,0,0,21.89,33.245,37.13,,,1,1,1,1,,,,2570524,3038595.15
1758807000,52.23,52.43,51.665,51.94,53.24026918004307,53.28998891677937,0,0,0,21.89,33.245,37.13,,,1,1,1,1,,,,3393288,3069369.55
1758893400,52.35,53.28,52.245,52.39,53.07021534403446,53.2081717425267,0,0,0,21.89,33.245,37.13,,,1,1,1,1,,,,2648460,3097734.65
1759152600,53.01,53.01,51.79,52.31,52.91817227522757,53.12651976593337,0,0,0,21.89,33.245,37.13,,,1,1,1,1,,,,2147736,3082840.05
1759239000,52.32,52.61,50.665,50.78,52.490537820182055,52.91319978721215,0,0,0,21.89,33.245,37.13,,,1,1,1,1,,,,2643984,3078391.85
1759325400,50.38,50.665,49.26,49.28,51.84843025614565,52.58290889746559,0,0,0,21.89,33.245,37.13,,,1,1,1,1,,,,3445088,3066651.8
1759411800,49.35,50.41,49.03,50.36,51.55074420491652,52.38082627042326,0,0,0,21.89,33.245,37.13,,,1,1,1,1,,,,4125905,3152433.15
1759498200,50.54,51.42,50.54,51.16,51.472595363933216,52.26984206402115,0,0,0,21.89,33.245,37.13,,,1,1,1,1,,,,3431550,3138808.25
1759757400,51.41,51.71,50.35,50.93,51.364076291146574,52.148038240019225,0,0,0,21.89,33.245,37.13,,,1,1,1,1,,,,2550465,3143272.05
1759843800,50.99,51.56,50.325,50.97,51.28526103291726,52.04094385456293,0,0,0,21.89,33.245,37.13,,,1,1,1,1,,,,2842888,3166572.3
1759930200,51.56,51.56,50.28,50.29,51.08620882633381,51.881767140511755,0,0,0,21.89,33.245,37.13,,,1,1,1,1,,,,3143362,3182246.05
1760016600,50.85,50.905,49.67,49.9,50.84896706106705,51.70160649137432,0,0,0,21.89,33.245,37.13,,,1,1,1,1,,,,2082340,3141321.8
1760103000,49.94,50.445,48.3,48.35,50.34917364885364,51.39691499215847,0,0,0,21.89,33.245,37.13,,,1,1,1,1,,,,2439678,3151802.55
1760362200,49.1,49.51,48.79,48.89,50.057338919082916,51.169013629234975,0,0,0,21.89,33.245,37.13,,,1,1,1,1,,,,2222534,3166261.9
1760448600,48.47,50.05,48.34,49.59,49.96387113526633,51.025466935668156,0,0,0,21.89,33.245,37.13,,,1,1,1,1,,,,3224170,3179925.9
1760535000,50.07,50.3,48.39,48.66,49.70309690821306,50.81042448697105,0,0,0,21.89,33.245,37.13,,,1,1,1,1,,,,2437106,3173008.3
1760621400,48.55,48.705,46.73,47.22,49.20647752657045,50.484022260882774,0,0,0,21.89,33.245,37.13,,,1,1,1,1,,,,3466325,3216491.25
1760707800,47.29,47.755,47.02,47.41,48.84718202125636,50.204565691711615,0,0,0,21.89,33.245,37.13,,,1,1,1,1,,,,2475488,2843476.45
1760967000,47.73,48.445,47.38,48.01,48.67974561700509,50.00505971973783,0,0,0,21.89,33.245,37.13,,,1,1,1,1,,,,2182696,2803365.9
1761053400,48.03,48.555,47.97,48.37,48.61779649360407,49.85641792703439,0,0,0,21.89,33.245,37.13,,,1,1,1,1,,,,2228765,2785117.6
1761139800,48.39,48.745,47.64,47.88,48.47023719488325,49.67674357003126,0,0,0,21.89,33.245,37.13,,,1,1,1,1,,,,3226889,2817935.85
1761226200,48.18,48.765,47.735,48.7,48.5161897559066,49.58794870002842,0,0,0,21.89,33.245,37.13,,,1,1,1,1,,,,2312877,2763915.3
1761312600,49.08,49.755,48.765,48.88,48.58895180472528,49.523589727298564,0,0,0,21.89,33.245,37.13,,,1,1,1,1,,,,2394760,2751230.3
1761571800,49.39,49.755,48.895,48.92,48.65516144378023,49.46871793390778,0,0,0,21.89,33.245,37.13,,,1,1,1,1,,,,1713544,2729520.7
1761658200,49.13,49.28,48.02,48.23,48.57012915502418,49.35610721264344,0,0,0,21.89,33.245,37.13,,,1,1,1,1,,,,1697886,2682215.8
1761744600,47.69,48.61,47.56,47.64,48.38410332401935,49.20009746603949,0,0,0,21.89,33.245,37.13,,,1,1,1,1,,,,2244938,2622208.3
1761831000,47.79,48.67,47.615,48.33,48.37328265921548,49.120997696399535,0,0,0,21.89,33.245,37.13,,,1,1,1,1,,,,2237786,2527802.35
1761917400,48.14,49.46,47.945,49.4,48.57862612737238,49.146361542181396,0,0,0,21.89,33.245,37.13,,,1,1,1,1,,,,4399296,2576189.65
1762180200,49.23,49.57,48.54,48.79,48.620900901897905,49.11396503834672,0,0,0,21.89,33.245,37.13,,,1,1,1,1,,,,3212047,2609268.75
1762266600,48.58,48.95,48.27,48.86,48.668720721518326,49.090877307587924,0,0,0,21.89,33.245,37.13,,,1,1,1,1,,,,2849850,2609616.85
1762353000,48.19,48.34,44.84,45.22,47.97897657721466,48.73897937053447,0,0,0,21.89,33.245,37.13,,,1,1,1,1,,,,5767906,2740844.05
1762439400,45.28,46.66,44.84,44.87,47.35718126177173,48.387253973213156,0,0,0,21.89,33.245,37.13,,,1,1,1,1,,,,4413946,2857424.35
1762525800,44.47,45.33,44.19,45.27,46.939745009417386,48.10386724837559,0,0,0,21.89,33.245,37.13,,,1,1,1,1,,,,3037017,2887291.3
1762785000,45.08,45.525,44.555,44.61,46.473796007533906,47.78624295306872,0,0,0,21.89,33.245,37.13,,,1,1,1,1,,,,3141968,2933263
1762871400,44.77,45.11,44.35,44.89,46.15703680602712,47.522948139153385,0,0,0,21.89,33.245,37.13,,,1,1,1,1,,,,2635468,2903827.9
1762957800,44.86,45.955,44.73,45.5,46.025629444821696,47.339043762866716,0,0,0,21.89,33.245,37.13,,,1,1,1,1,,,,2441995,2904072.35
1763044200,45.34,45.835,44.95,45.15,45.85050355585736,47.14003978442429,0,0,0,21.89,33.245,37.13,,,1,1,1,1,,,,2764910,2869001.6
1763130600,44.95,45.015,44.33,44.72,45.62440284468589,46.920036167658445,0,0,0,21.89,33.245,37.13,,,1,1,1,1,,,,2979421,2894198.25
1763389800,44.44,44.65,42.36,42.92,45.08352227574871,46.556396516053134,0,0,0,21.89,33.245,37.13,,,1,1,1,1,,,,3175287,2943827.8
1763476200,42.47,43.62,42.34,43.1,44.68681782059897,46.24217865095739,0,0,0,21.89,33.245,37.13,,,1,1,1,1,,,,3101076,2987443.35
1763562600,43.27,44.02,42.82,44,44.54945425647917,46.03834422814308,0,0,0,21.89,33.245,37.13,,,1,1,1,1,,,,3471977,2999697.75
1763649000,44.5,45.285,43.41,43.8,44.399563405183336,45.83485838922098,0,0,0,21.89,33.245,37.13,,,1,1,1,1,,,,4426225,3105365.15
1763735400,43.8,45.14,43.57,45.12,44.543650724146666,45.76987126292816,0,0,0,21.89,33.245,37.13,,,1,1,1,1,,,,3420908,3156672.55
1763994600,44.87,45.55,44.615,45.53,44.74092057931733,45.74806478448015,0,0,0,21.89,33.245,37.13,,,1,1,1,1,,,,4943054,3318148.05
1764081000,45.68,46.75,45.68,46.72,45.136736463453865,45.83642253134559,0,0,0,21.89,33.245,37.13,,,1,1,1,1,,,,2869978,3376752.65
1764167400,46.71,47.235,46.71,46.82,45.47338917076309,45.925838664859626,0,0,0,21.89,33.245,37.13,,,1,1,1,1,,,,2522392,3390625.35
1764340200,46.93,47.215,46.63,46.69,45.71671133661047,45.995307877145116,0,0,0,21.89,33.245,37.13,,,1,1,1,1,,,,1211775,3339324.8
1764599400,46.44,46.81,45.545,45.57,45.68736906928838,45.956643524677375,0,0,0,21.89,33.245,37.13,,,1,1,1,1,,,,2792901,3259005.05
1764685800,45.97,45.97,44.3,44.42,45.433895255430706,45.816948658797614,0,0,0,21.89,33.245,37.13,,,1,1,1,1,,,,2904400,3243622.7
1764772200,44.5,45.685,44.33,45.63,45.473116204344564,45.79995332617965,0,0,0,21.89,33.245,37.13,,,1,1,1,1,,,,2591667,3230713.55
1764858600,45.68,46.17,45.48,45.96,45.57049296347565,45.81450302379968,0,0,0,21.89,33.245,37.13,,,1,1,1,1,,,,1816718,3033154.15
1764945000,45.71,46.11,45.56,45.85,45.626394370780524,45.81773002163607,0,0,0,21.89,33.245,37.13,,,1,1,1,1,,,,1876827,2906298.2
1765204200,45.65,46.07,45.415,46.04,45.70911549662442,45.83793638330552,0,0,0,21.89,33.245,37.13,,,1,1,1,1,,,,2118755,2860385.1
1765290600,46.34,47.51,46.34,46.74,45.91529239729954,45.91994216664138,0,0,0,21.89,33.245,37.13,,,1,1,1,1,,,,2514062,2828989.8
1765377000,46.73,48.17,46.53,47.94,46.32023391783963,46.1035837878558,0,0,0,21.89,33.245,37.13,,,1,1,1,1,,,,2681689,2831300.85
1765463400,47.93,49.03,47.93,49,46.85618713427171,46.36689435259618,0,0,0,21.89,33.245,37.13,,,1,1,1,1,,,,2056611,2812031.65
1765549800,49.24,49.28,48.135,48.26,47.136949707417365,46.53899486599652,0,0,0,21.89,33.245,37.13,,,1,1,1,1,,,,1791374,2763354.85
1765809000,48.69,48.88,48.12,48.3,47.36955976593389,46.69908624181502,0,0,0,21.89,33.245,37.13,,,1,1,1,1,,,,2529771,2740872.35
1765895400,48.88,48.97,48.07,48.32,47.559647812747116,46.84644203801365,0,0,0,21.89,33.245,37.13,,,1,1,1,1,,,,1772462,2670731.1
1765981800,48.44,49.075,48.05,48.16,47.679718250197695,46.96585639819423,0,0,0,21.89,33.245,37.13,,,1,1,1,1,,,,2590935,2645224.05
1766068200,48.47,48.47,47.4,47.79,47.70177460015815,47.040778543812934,0,0,0,21.89,33.245,37.13,,,1,1,1,1,,,,2856172,2614433.8
1766154600,47.86,48.57,47.85,48.02,47.76541968012652,47.12979867619357,0,0,0,21.89,33.245,37.13,,,1,1,1,1,,,,6606433,2723444.2
1766413800,48.19,48.99,48,48.5,47.91233574410121,47.25436243290325,0,0,0,21.89,33.245,37.13,,,1,1,1,1,,,,2210411,2662919.35
1766500200,48.54,48.99,48.38,48.93,48.11586859528097,47.40669312082114,0,0,0,21.89,33.245,37.13,,,1,1,1,1,,,,1544076,2492970.45
1766586600,48.93,49.18,48.65,48.74,48.24069487622478,47.527902837110126,0,0,0,21.89,33.245,37.13,,,1,1,1,1,,,,883191,2393631.1
1766759400,48.88,48.88,48.38,48.58,48.308555900979826,47.623548033736476,0,0,0,21.89,33.245,37.13,,,1,1,1,1,,,,852547,2310138.85
1767018600,48.45,48.91,48.1,48.37,48.32084472078386,47.691407303396794,0,0,0,21.89,33.245,37.13,,,1,1,1,1,,,,1384695,2318784.85
1767105000,48.34,48.4,47.99,48.08,48.27267577662709,47.7267339121789,0,0,0,21.89,33.245,37.13,,,1,1,1,1,,,,1157422,2237010.9
1767191400,48.11,48.195,47.58,47.65,48.14814062130167,47.719758101980815,0,0,0,21.89,33.245,37.13,,,1,1,1,1,,,,1425660,2163073.9
1767364200,47.66,48.17,47.13,47.97,48.11251249704134,47.742507365437106,0,0,0,21.89,33.245,37.13,,,1,1,1,1,,,,1464782,2106729.65
1767623400,48.61,49.87,48.14,49.25,48.34000999763307,47.879552150397366,0,0,0,21.89,33.245,37.13,,,1,1,1,1,,,,2541705,2142979
1767709800,49.15,49.625,48.47,48.74,48.420007998106456,47.957774682179426,0,0,0,21.89,33.245,37.13,,,1,1,1,1,,,,2250222,2161648.75
1767796200,48.54,49.22,47.36,47.74,48.28400639848517,47.93797698379948,0,0,0,21.89,33.245,37.13,,,1,1,1,1,,,,2175624,2164492.2
1767882600,47.57,48.59,47.57,47.99,48.22520511878813,47.942706348908615,0,0,0,21.89,33.245,37.13,,,1,1,1,1,,,,3390446,2208311.4
1767969000,48.1,48.85,47.98,48.59,48.29816409503051,48.00155122628056,0,0,0,21.89,33.245,37.13,,,1,1,1,1,,,,1891154,2168784.65
1768228200,47.94,48.49,47.665,47.74,48.186531276024404,47.97777384207324,0,0,0,21.89,33.245,37.13,,,1,1,1,1,,,,1590235,2145465.85
1768314600,47.74,47.81,46.79,46.82,47.913225020819525,47.87252167461204,0,0,0,21.89,33.245,37.13,,,1,1,1,1,,,,1722902,2142042.25
1768401000,46.74,47.815,46.5101,47.58,47.84658001665562,47.845928795101855,0,0,0,21.89,33.245,37.13,,,1,1,1,1,,,,3253652,2178236.3
1768487400,47.72,48.2,47.18,47.31,47.7392640133245,47.79720799554714,0,0,0,21.89,33.245,37.13,,,1,1,1,1,,,,3515840,2265405.2
1768573800,47.15,47.512,46.38,46.73,47.5374112106596,47.70018908686104,0,0,0,21.89,33.245,37.13,,,1,1,1,1,,,,2603708,2266043.85
1768919400,46,46.985,45.57,45.66,47.161928968527675,47.51471735169185,0,0,0,21.89,33.245,37.13,,,1,1,1,1,,,,4533855,2349928
1769005800,45.91,46.39,45.67,45.74,46.877543174822144,47.35337941062895,0,0,0,21.89,33.245,37.13,,,1,1,1,1,,,,4544018,2246807.25
1769092200,46.13,46.619,45.85,46.365,46.775034539857714,47.26352673693541,0,0,0,21.89,33.245,37.13,,,1,1,1,1,,,,3701812,2321377.3
1769178600,46.13,46.26,45,45.64,46.54802763188617,47.11593339721401,0,0,0,21.89,33.245,37.13,,,1,1,1,1,,,,6765502,2582448.6
1769437800,45.72,46.195,45.64,46.12,46.462422105508935,47.025393997467276,0,0,0,21.89,33.245,37.13,,,1,1,1,1,,,,1861514,2631364.75
1769524200,45.91,46.115,45.59,45.93,46.355937684407145,46.92581272497025,0,0,0,21.89,33.245,37.13,,,1,1,1,1,,,,1674741,2672474.45
1769610600,45.88,46.37,45.49,46.11,46.30675014752572,46.851647931791135,0,0,0,21.89,33.245,37.13,,,1,1,1,1,,,,1746827,2690581.05
1769697000,46.47,47.05,45.6666,46.1,46.26540011802057,46.783316301628304,0,0,0,21.89,33.245,37.13,,,1,1,1,1,,,,2144901,2739955
1769783400,45.86,46.5,45.665,46.4,46.29232009441646,46.74846936511664,0,0,0,21.89,33.245,37.13,,,1,1,1,1,,,,3273863,2832365.15
1770042600,46.23,47.01,45.97,46.75,46.38385607553317,46.748608513742404,0,0,0,21.89,33.245,37.13,,,1,1,1,1,,,,2645836,2891417.85
1770129000,46.41,46.84,44.36,44.68,46.04308486042653,46.560553194311275,0,0,0,21.89,33.245,37.13,,,1,1,1,1,,,,3072824,2917973.8
1770215400,44.73,45.36,43.875,44.8,45.794467888341224,46.40050290391934,0,0,0,21.89,33.245,37.13,,,1,1,1,1,,,,5043348,3057630.1
1770301800,43.5,44.73,42.37,43.4,45.31557431067298,46.12772991265395,0,0,0,21.89,33.245,37.13,,,1,1,1,1,,,,5015103,3199604.05
1770388200,44.03,45.89,43.72,45.52,45.35645944853838,46.07248173877632,0,0,0,21.89,33.245,37.13,,,1,1,1,1,,,,5035995,3281881.5
1770647400,45.3,46.47,45.3,46.01,45.487167558830706,46.06680158070574,0,0,0,21.89,33.245,37.13,,,1,1,1,1,,,,2584070,3316527.3
1770733800,46.08,46.57,44.94,45.65,45.51973404706457,46.02891052791431,0,0,0,21.89,33.245,37.13,,,1,1,1,1,,,,2334892,3353760.15
1770820200,45.75,46.1,44.15,44.56,45.327787237651656,45.89537320719483,0,0,0,21.89,33.245,37.13,,,1,1,1,1,,,,2236466,3379438.35
1770906600,45.45,46.29,43.01,43.58,44.978229790121325,45.68488473381348,0,0,0,21.89,33.245,37.13,,,1,1,1,1,,,,3104165,3371964
1770993000,43.42,44.49,43.305,44.39,44.86058383209706,45.56716793983044,0,0,0,21.89,33.245,37.13,,,1,1,1,1,,,,2748548,3333599.4
1771338600,44.52,45.41,44.14,45.25,44.93846706567765,45.53833449075495,0,0,0,21.89,33.245,37.13,,,1,1,1,1,,,,1946679,3300747.95
1771425000,45.19,45.77,45.01,45.55,45.06077365254212,45.53939499159541,0,0,0,21.89,33.245,37.13,,,1,1,1,1,,,,1978937,3173002.05
1771511400,44.8,45.815,44.08,44.35,44.918618922033694,45.431268174177646,0,0,0,21.89,33.245,37.13,,,1,1,1,1,,,,2380867,3064844.5
1771597800,44.16,44.35,43.59,44.22,44.778895137626954,45.321152885616044,0,0,0,21.89,33.245,37.13,,,1,1,1,1,,,,2820452,3020776.5
1771857000,43.76,44.49,39.75,40.21,43.86511611010156,44.85650262328731,0,0,0,21.89,33.245,37.13,,,1,1,1,1,,,,5663057,2965654.25
1771943400,40.16,41.23,39.53,41.11,43.31409288808125,44.51591147571574,0,0,0,21.89,33.245,37.13,,,1,1,1,1,,,,5350461,3140101.6
1772029800,41.7,41.79,40.815,41.11,42.873274310465,44.20628315974158,0,0,0,21.89,33.245,37.13,,,1,1,1,1,,,,3385236,3225626.35
1772116200,41.51,42.265,41.05,41.92,42.682619448372,43.99843923612871,0,0,0,21.89,33.245,37.13,,,1,1,1,1,,,,3799397,3328254.85
1772202600,41.21,41.21,39.36,40.22,42.1900955586976,43.65494476011701,0,0,0,21.89,33.245,37.13,,,1,1,1,1,,,,5489593,3495489.45
1772461800,39.37,40.94,39.14,40.49,41.85007644695808,43.36722250919728,0,0,0,21.89,33.245,37.13,,,1,1,1,1,,,,3839390,3523765.8
1772548200,39.07,39.67,37.51,39.29,41.338061157566464,42.996565917452074,0,0,0,21.89,33.245,37.13,,,1,1,1,1,,,,3662755,3574611.75
1772634600,39.13,40.28,38.37,40.14,41.09844892605317,42.73687810677461,0,0,0,21.89,33.245,37.13,,,1,1,1,1,,,,3372660,3589603.55
1772721000,39.89,40.465,38.9891,39.78,40.834759140842536,42.46807100615874,0,0,0,21.89,33.245,37.13,,,1,1,1,1,,,,2085126,3441692.45
1772807400,38.72,39.515,37.52,39.26,40.519807312674025,42.17642818741703,0,0,0,21.89,33.245,37.13,,,1,1,1,1,,,,2812383,3331556.45
1773063000,38.62,39.66,37.715,39.44,40.30384585013922,41.927661988560935,0,0,0,21.89,33.245,37.13,,,1,1,1,1,,,,3331217,3246317.55
1773149400,39.62,40.15,38.515,39.26,40.095076680111376,41.68514726232812,0,0,0,21.89,33.245,37.13,,,1,1,1,1,,,,3787771,3306502.6
1773235800,39.01,39.24,37.37,38.24,39.7240613440891,41.37195205666193,0,0,0,21.89,33.245,37.13,,,1,1,1,1,,,,5613890,3470452.5
1773322200,37.42,38.3,36.79,37.06,39.19124907527128,40.979956415147214,0,0,0,21.89,33.245,37.13,,,1,1,1,1,,,,3175121,3517385.25
1773408600,37.36,37.93,37.04,37.22,38.79699926021702,40.63814219558838,0,0,0,21.89,33.245,37.13,,,1,1,1,1,,,,1882883,3456321.15
1773667800,37.57,38.1,37.4495,37.77,38.591599408173614,40.37740199598944,0,0,0,21.89,33.245,37.13,,,1,1,1,1,,,,1924631,3415125.3
1773754200,38.43,38.88,38.2,38.55,38.58327952653889,40.21127454180858,0,0,0,21.89,33.245,37.13,,,1,1,1,1,,,,1963979,3415990.3
1773840600,38.22,39.3788,37.83,37.84,38.43462362123111,39.99570412891689,0,0,0,21.89,33.245,37.13,,,1,1,1,1,,,,3346510,3484368.95
1773927000,37.53,37.84,36.58,37.24,38.19569889698489,39.74518557174263,0,0,0,21.89,33.245,37.13,,,1,1,1,1,,,,3397435,3535197.35
1774013400,37.2,37.56,36.805,37.35,38.02655911758791,39.52744142885694,0,0,0,21.89,33.245,37.13,,,1,1,1,1,,,,7136184,3750983.95
1774272600,38.82,39.11,37.88,38.08,38.037247294070326,39.3958558444154,0,0,0,21.89,33.245,37.13,,,1,1,1,1,,,,2014391,3568550.65
1774359000,37.49,38.03,37.35,37.57,37.94379783525626,39.229868949468546,0,0,0,21.89,33.245,37.13,,,1,1,1,1,,,,1768907,3389472.95
1774445400,37.93,38.74,37.3,38.19,37.99303826820501,39.135335408607766,0,0,0,21.89,33.245,37.13,,,1,1,1,1,,,,1552406,3297831.45
1774531800,38.53,39.595,36.77,38.53,38.10043061456401,39.08030491691615,0,0,0,36.58,56.61,,,,1,1,1,1,,,,9287658,3572244.5
1774618200,38.29,38.55,35.21,35.34,37.54834449165121,38.7402771971965,0,0,0,36.58,56.61,,,,1,1,1,1,,,,9380042,3766766.95
1774877400,35.97,36.465,35.195,35.65,37.16867559332096,38.45934290654227,0,0,0,36.58,56.61,,,,1,1,1,1,,,,8017030,3975648.95
1774963800,36.41,37.37,35.55,37.11,37.15694047465677,38.33667536958388,0,0,0,36.58,56.61,,,,1,1,1,1,,,,7259805,4155501.45
1775050200,37.69,38.62,37.205,37.62,37.249552379725415,38.27152306325807,0,0,0,36.58,56.61,,,,1,1,1,1,,,,5204562,4247096.55
1775136600,36.53,37.92,35.83,37.79,37.35764190378033,38.22774823932552,0,0,0,36.58,56.61,,,,1,1,1,1,,,,4663606,4376020.55
1775482200,37.7,38.565,37.475,38.45,37.57611352302427,38.24795294484138,0,0,0,36.58,56.61,,,,1,1,1,1,,,,2837764,4377289.6
1775568600,37.96,38.41,37.5801,37.75,37.61089081841941,38.20268449531034,0,0,0,35.195,56.61,,,,1,1,1,1,,,,4598993,4440678.4
1775655000,39.62,40.185,38.62,38.84,37.85671265473553,38.26062226846395,0,0,0,35.195,56.61,,,,1,1,1,1,,,,4382940,4470436.85
1775741400,38.46,38.94,37.735,38.48,37.98137012378842,38.28056569860359,0,0,0,35.195,56.61,,,,1,1,1,1,,,,5018124,4440648.55
1775827800,38.11,38.52,37.38,37.43,37.87109609903074,38.20324154418508,0,0,0,35.195,56.61,,,,1,1,1,1,,,,5220206,4542902.8
1776087000,37.1,38.36,36.665,38.22,37.94087687922459,38.204765040168255,0,0,0,35.195,56.61,,,,1,1,1,1,,,,5659927,4731755
1776173400,38.7,39.65,38.33,39.21,38.19470150337967,38.29615003651659,0,0,0,35.195,56.61,,,,1,1,1,1,,,,4550815,4863064.2
1776259800,39.98,42.3,39.685,42,38.955761202703734,38.63286366956054,0,0,0,35.195,56.61,,,,1,1,1,1,,,,5713640,5050547.25
1776346200,42.74,42.99,41.585,41.98,39.56060896216299,38.93714879050958,0,0,0,35.195,56.61,,,,1,1,1,1,,,,3941027,5080273.1
1776432600,42.63,43.55,41.625,41.73,39.99448716973039,39.191044355008714,0,0,0,35.195,56.61,,,,1,1,1,1,,,,3033800,5062091.35
1776691800,41.39,42.09,41.22,41.64,40.32358973578431,39.41367668637156,0,0,0,35.195,56.61,,,,1,1,1,1,,,,3204828,4865523.55
1776778200,41.67,42.36,40.835,41,40.45887178862745,39.557887896701416,0,0,0,35.195,56.61,,,,1,1,1,1,,,,3487373,4939172.65
1776864600,41.28,41.6,40.39,41.57,40.68109743090196,39.740807178819466,0,0,0,35.195,56.61,,,,1,1,1,1,,,,2415259,4971490.25
1776951000,41.23,41.94,40.63,41.6,40.86487794472156,39.909824708017695,0,0,0,35.195,56.61,,,,1,1,1,1,,,,3193871,5053563.5
1777037400,41.46,41.765,40.9251,41.1,40.91190235577725,40.01802246183427,0,0,0,35.195,56.61,,,,1,1,1,1,,,,1697395,4674050.35
1777296600,41.12,42.205,40.8601,41.55,41.0395218846218,40.15729314712206,0,0,0,35.195,56.61,,,,1,1,1,1,,,,2313869,4320741.7
1777383000,42,42.23,41.54,41.84,41.19961750769744,40.310266497383694,0,0,0,35.195,56.61,,,,1,1,1,1,,,,2361900,4037985.2
1777469400,41.58,42.22,41.19,41.47,41.25369400615795,40.41569681580336,0,0,0,35.195,56.61,,,,1,1,1,1,,,,3491048,3849547.35
1777555800,41.3,42.82,41.3,42.2,41.44295520492636,40.57790619618487,0,0,0,35.195,56.61,,,,1,1,1,1,,,,4115307,3795084.6
1777642200,42.55,43.0899,42.1,42.17,41.588364163941094,40.7226419965317,0,0,0,35.195,56.61,,,,1,1,1,1,,,,3680804,3745944.5
1777901400,41.91,42.25,41.27,41.49,41.56869133115288,40.79240181502882,0,0,0,35.195,56.61,,,,1,1,1,1,,,,4243848,3816248.7
1777987800,43,44.785,42.7,44.041,42.063153064922304,41.08772892275347,1,0,0,35.195,56.61,,,,2,1,1,1,1,,,11903669,4181482.5
1778074200,43.84,44.66,42.93,43.72,42.394522451937846,41.327026293412246,0,0,0,35.195,56.61,,,,2,1,1,1,,,,5077205,4216195.75
1778160600,43.73,44.39,42.61,42.85,42.485617961550275,41.46547844855659,0,0,0,35.195,56.61,,,,2,1,1,1,,,,4255741,4178076.6
1778247000,42.85,43.51,42.51,42.6,42.50849436924022,41.56861677141508,0,0,0,35.195,56.61,,,,2,1,1,1,,,,2485143,4041323.45
1778506200,42.46,43.0316,40.79,40.99,42.204795495392176,41.516015246740984,0,0,0,35.195,56.61,,,,2,1,1,1,,,,3293245,3922989.35
1778592600,40.85,41.02,39.58,40.6,41.88383639631374,41.432741133400896,0,0,0,35.195,56.61,,,,2,1,1,1,,,,3966324,3893764.8
1778679000,40.35,41.379,40.04,41.19,41.74506911705099,41.41067375763718,0,0,0,35.195,56.61,,,,2,1,1,1,,,,2434592,3729812.4
1778765400,41.39,43.08,41.39,42.52,41.90005529364079,41.51152159785198,0,0,0,35.195,56.61,,,,2,1,1,1,,,,3843769,3724949.5
1778851800,42.54,42.88,41.9,42.58,42.03604423491263,41.608655998047254,0,0,0,35.195,56.61,,,,2,1,1,1,,,,4212716,3783895.3
1779111000,42.52,43.01,42.2,42.78,42.18483538793011,41.71514181640659,0,0,0,35.195,56.61,,,,2,1,1,1,,,,4271418,3837224.8
1779197400,42.65,42.78,41.11,41.26,41.999868310344084,41.673765287642354,0,0,0,35.195,56.61,,,,2,1,1,1,,,,2790605,3802386.4
1779283800,41.45,42.71,40.57,42.41,42.08189464827527,41.7406957160385,0,0,0,35.195,56.61,,,,2,1,1,1,,,,4479865,3905616.7
1779370200,42.2,43.08,41.95,42.52,42.16951571862021,41.811541560035,0,0,0,35.195,56.61,,,,2,1,1,1,,,,2829544,3887400.35
1779456600,42.75,43.32,42.58,42.58,42.25161257489617,41.88140141821364,0,0,0,35.195,56.61,,,,2,1,1,1,,,,2701681,3937614.65
1779802200,42.48,43,41.7,42.25,42.25129005991694,41.91491038019422,0,0,0,35.195,56.61,,,,2,1,1,1,,,,2806633,3962252.85
1779888600,42.21,42.705,41.005,41.38,42.07703204793355,41.866282163812926,0,0,0,35.195,56.61,,,,2,1,1,1,,,,3334233,4010869.5
1779975000,40.88,41.38,40.69,41.08,41.87762563834684,41.79480196710266,0,0,0,35.195,56.61,,,,2,1,1,1,,,,3894328,4031033.5
1780061400,40.97,42.27,40.965,41.35,41.772100510677475,41.75436542463878,0,0,0,35.195,56.61,,,,2,1,1,1,,,,28446859,5247611.1
1780320600,40.63,41.53,40.53,40.53,41.52368040854198,41.643059476944345,0,0,0,35.195,56.61,,,,2,1,1,1,,,,2606040,5193872.9
1780407000,40.49,41.985,40.38,41.59,41.536944326833584,41.63823588813122,0,0,0,35.195,56.61,,,,2,1,1,1,,,,3666501,5165005.55
1780493400,41.07,41.07,39.42,39.85,41.199555461466865,41.4756689892102,0,0,1,35.195,56.61,,,,1,1,1,1,,,1,2580968,4698870.5
1780579800,40.5,41.32,40.13,40.21,41.00164436917349,41.36060817200927,0,0,0,35.195,56.61,,,,1,1,1,1,,,,3711089,4630564.7
1780666200,40.3,40.895,39.725,40.8,40.961315495338795,41.3096437927357,0,0,0,35.195,56.61,,,,1,1,1,1,,,,3288927,4582224
1780925400,40.8,41.505,40.66,41.32,41.03305239627104,41.31058526612336,0,0,0,35.195,56.61,,,,1,1,1,1,,,,2730284,4594481.05
1781011800,41.59,42.3,40.94,41.93,41.21244191701683,41.36689569647578,0,0,0,35.195,56.61,,,,1,1,1,1,,,,3086447,4584141.15
1781098200,41.39,42.43,41.39,41.91,41.35195353361347,41.41626881497798,0,0,0,35.195,56.61,,,,1,1,1,1,,,,5316309,4651640.4
1781184600,42.32,43.61,41.865,43.61,41.803562826890776,41.61569892270726,0,0,0,35.195,56.61,,,,1,1,1,1,,,,5463829,4803102.25
1781271000,44,44.37,43.49,44.02,42.24685026151262,41.83427174791569,0,0,0,35.195,56.61,,,,1,1,1,1,,,,5998751,4910851.35
1781530200,44.8,45.435,44.73,45.2,42.8374802092101,42.14024704355972,0,0,0,35.195,56.61,,,,1,1,1,1,,,,3552156,4877823.35
1781616600,45.8,46.15,45.24,45.29,43.32798416736808,42.42658822141792,0,0,0,35.195,56.61,,,,1,1,1,1,,,,3734759,4850990.4
1781703000,45.54,46.52,45.255,45.5,43.762387333894466,42.70598929219811,0,0,0,35.195,56.61,,,,1,1,1,1,,,,4709026,4946911.45
1781789400,45.93,45.98,45.09,45.29,44.067909867115574,42.94089935654374,0,0,0,35.195,56.61,,,,1,1,1,1,,,,3996806,4922758.5
1782135000,45.37,45.62,44.98,44.98,44.25032789369246,43.12627214231249,0,0,0,35.195,56.61,,,,1,1,1,1,,,,4428056,5002684.1
1782221400,44.66,45.06,44.1305,44.93,44.38626231495397,43.29024740210226,0,0,0,35.195,56.61,,,,1,1,1,1,,,,4640563,5099628.2
1782307800,44.79,45.07,43.24,43.31,44.17100985196318,43.292043092820236,0,0,0,35.195,56.61,,,,1,1,1,1,,,,7285096,5323551.35
1782394200,43.67,44.79,43.33,43.84,44.104807881570544,43.341857357109305,0,0,0,35.195,56.61,,,,1,1,1,1,,,,3611722,5337425.8