time,open,high,low,close,EMA 9,EMA 21,EntryMark,TPMark,SLMark,B,A0,A1,A2,A3,ST0,ST1,ST2,ST3,ENTRY,TP,SL,Volume,VolAvg
1540474200,13.5,13.5,13.5,13.5,,,0,0,0,,,,,,0,0,0,0,,,,33,
1540560600,13.5,13.5,13.5,13.5,,,0,0,0,,,,,,0,0,0,0,,,,33,
1540819800,15,15,15,15,,,0,0,0,,,,,,0,0,0,0,,,,33,
1540906200,15,15,15,15,,,0,0,0,,,,,,0,0,0,0,,,,33,
1540992600,15,15,15,15,,,0,0,0,,,,,,0,0,0,0,,,,66,
1541079000,15,15,15,15,,,0,0,0,,,,,,0,0,0,0,,,,33,
1541428200,15,15,15,15,,,0,0,0,,,,,,0,0,0,0,,,,66,
1541514600,15,15,15,15,,,0,0,0,,,,,,0,0,0,0,,,,33,
1541601000,15,15,15,15,14.666666666666666,,0,0,0,,,,,,0,0,0,0,,,,66,
1541687400,15,15,15,15,14.733333333333333,,0,0,0,,,,,,0,0,0,0,,,,33,
1541773800,15,15,15,15,14.786666666666665,,0,0,0,,,,,,0,0,0,0,,,,33,
1542033000,15,15,15,15,14.829333333333333,,0,0,0,,,,,,0,0,0,0,,,,33,
1542119400,15,15,15,15,14.863466666666666,,0,0,0,,,,,,0,0,0,0,,,,33,
1542205800,15,15,15,15,14.890773333333332,,0,0,0,,,,,,0,0,0,0,,,,33,
1542292200,15,15,15,15,14.912618666666665,,0,0,0,,,,,,0,0,0,0,,,,66,
1542378600,15,15,15,15,14.930094933333333,,0,0,0,,,,,,0,0,0,0,,,,33,
1542637800,15,15,15,15,14.944075946666667,,0,0,0,,,,,,0,0,0,0,,,,233,
1542724200,18,18,18,18,15.555260757333333,,0,0,0,,,,,,0,0,0,0,,,,233,
1544797800,18,18,18,18,16.044208605866665,,0,0,0,,,,,,0,0,0,0,,,,66,
1547130600,18,18,18,18,16.43536688469333,,0,0,0,,,,,,0,0,0,0,,,,66,62.9
1547217000,18,18,18,18,16.748293507754664,15.428571428571429,0,0,0,,,,,,0,0,0,0,,,,33,62.9
1547735400,18,18,18,18,16.998634806203732,15.662337662337663,0,0,0,,,,,,0,0,0,0,,,,33,62.9
1548167400,18,18,18,18,17.198907844962985,15.874852420306967,0,0,0,,,,,,0,0,0,0,,,,66,64.55
1548253800,18,18,18,18,17.35912627597039,16.068047654824515,0,0,0,,,,,,0,0,0,0,,,,33,64.55
1548340200,18,18,18,18,17.48730102077631,16.243679686204104,0,0,0,,,,,,0,0,0,0,,,,33,62.9
1548685800,18,18,18,18,17.58984081662105,16.40334516927646,0,0,0,,,,,,0,0,0,0,,,,33,62.9
1548772200,18,18,18,18,17.671872653296838,16.548495608433146,0,0,0,,,,,,0,0,0,0,,,,66,62.9
1548858600,18,18,18,18,17.73749812263747,16.68045055312104,0,0,0,,,,,,0,0,0,0,,,,33,62.9
1548945000,18,18,18,18,17.789998498109973,16.8004095937464,0,0,0,,,,,,0,0,0,0,,,,33,61.25
1549377000,18,18,18,18,17.83199879848798,16.909463267042184,0,0,0,,,,,,0,0,0,0,,,,66,62.9
1549463400,18,18,18,18,17.865599038790386,17.00860297003835,0,0,0,,,,,,0,0,0,0,,,,33,62.9
1549549800,18,18,18,18,17.892479231032308,17.098729972762136,0,0,0,,,,,,0,0,0,0,,,,33,62.9
1549981800,18,18,18,18,17.913983384825848,17.180663611601943,0,0,0,,,,,,0,0,0,0,,,,66,64.55
1550154600,18,18,18,18,17.93118670786068,17.255148737819948,0,0,0,,,,,,0,0,0,0,,,,166,71.2
1550586600,18,18,18,18,17.944949366288544,17.322862488927225,0,0,0,,,,,,0,0,0,0,,,,66,71.2
1550673000,18,18,18,18,17.955959493030836,17.384420444479296,0,0,0,,,,,,0,0,0,0,,,,33,71.2
1550759400,18,18,18,18,17.964767594424668,17.440382222253906,0,0,0,,,,,,0,0,0,0,,,,33,61.2
1551105000,18,18,18,18,17.971814075539733,17.49125656568537,0,0,0,,,,,,0,0,0,0,,,,66,52.85
1551191400,18,18,18,18,17.977451260431785,17.53750596880488,0,0,0,,,,,,0,0,0,0,,,,33,51.2
1551709800,18,18,18,18,17.98196100834543,17.57955088073171,0,0,0,,,,,,0,0,0,0,,,,33,49.55
1551796200,18,18,18,18,17.985568806676344,17.617773527937917,0,0,0,,,,,,0,0,0,0,,,,33,49.55
1551969000,18,18,18,18,17.988455045341077,17.65252138903447,0,0,0,,,,,,0,0,0,0,,,,33,49.55
1552397400,18,18,18,18,17.99076403627286,17.6841103536677,0,0,0,,,,,,0,0,0,0,,,,33,47.9
1552570200,19.5,19.5,19.5,19.5,18.292611229018288,17.849191230606998,0,0,0,,,,,,0,0,0,0,,,,500,71.25
1553607000,18,18,18,18,18.23408898321463,17.862901118733635,0,0,0,,,,,,0,0,0,0,,,,66,72.9
1554471000,18,18,18,18,18.187271186571703,17.875364653394215,0,0,0,,,,,,0,0,0,0,,,,33,72.9
1556890200,18,18,18,18,18.149816949257364,17.886695139449287,0,0,0,,,,,,0,0,0,0,,,,33,71.25
1557322200,18,18,18,18,18.11985355940589,17.896995581317533,0,0,0,,,,,,0,0,0,0,,,,33,71.25
1559827800,18,18,18,18,18.095882847524713,17.906359619379575,0,0,0,,,,,,0,0,0,0,,,,33,71.25
1562938200,19.5,19.5,19.5,19.5,18.37670627801977,18.051236017617796,0,0,0,,,,,,0,0,0,0,,,,66,71.25
1565875800,19.5,19.5,19.5,19.5,18.601365022415816,18.182941834197997,0,0,0,,,,,,0,0,0,0,,,,166,77.9
1565962200,19.32,19.32,19.32,19.32,18.745092017932652,18.286310758361815,0,0,0,,,,,,0,0,0,0,,,,833,117.9
1568122200,19.5,19.5,19.5,19.5,18.896073614346122,18.396646143965285,0,0,0,,,,,,0,0,0,0,,,,52,117.2
1569418200,19.4997,19.5,19.4997,19.5,19.016858891476897,18.49695103996844,0,0,0,,,,,,0,0,0,0,,,,66,112.2
1569936600,19.5,19.5,19.5,19.5,19.113487113181517,18.58813730906222,0,0,0,,,,,,0,0,0,0,,,,37,110.75
1571923800,19.5,19.5,19.5,19.5,19.190789690545213,18.67103391732929,0,0,0,,,,,,0,0,0,0,,,,33,110.75
1572615000,15,15,15,15,18.35263175243617,18.337303561208444,0,0,0,,,,,,0,0,0,0,,,,83,113.25
1573569000,15,15.0003,15,15.0003,17.682165401948936,18.033939601098584,0,0,0,,,,,,0,0,0,0,,,,66,113.25
1574865000,19.5,19.5,19.5,19.5,18.04573232155915,18.167217819180532,0,0,0,,,,,,0,0,0,0,,,,46,113.9
1577197800,17.9997,18,17.9997,18,18.03658585724732,18.15201619925503,0,0,0,,,,,,0,0,0,0,,,,66,115.55
1578061800,12,12.0003,12,12,16.829268685797857,17.592741999322755,0,0,0,,,,,,0,0,0,0,,,,66,117.2
1578407400,12,12,12,12,15.863414948638285,17.08431090847523,0,0,0,,,,,,0,0,0,0,,,,33,117.2
1578580200,10.53,11.13,10.53,11.13,14.916731958910628,16.543009916795665,0,0,0,,,,,,0,0,0,0,,,,66,118.85
1580221800,10.5,10.5,10.5,10.5,14.033385567128501,15.99364537890515,0,0,0,,,,,,0,0,0,0,,,,33,95.5
1580481000,13.5,13.5,13.4997,13.4997,13.926648453702802,15.766923071731954,0,0,0,,,,,,0,0,0,0,,,,66,95.5
1580826600,14.97,14.97,14.97,14.97,14.13531876296224,15.694475519756322,0,0,0,,,,,,0,0,0,0,,,,33,95.5
1581690600,9.75,9.75,9.75,9.75,13.258255010369792,15.154068654323929,0,0,0,,,,,,0,0,0,0,,,,33,95.5
1583159400,9,9,9,9,12.406604008295833,14.594607867567207,0,0,0,,,,,,0,0,0,0,,,,33,95.5
1583847000,6,6,6,6,11.125283206636666,13.813279879606553,0,0,0,,,,,,0,0,0,0,,,,33,95.5
1589203800,6,6.375,3.7503,3.7503,9.650286565309333,12.898463526915048,0,0,0,,,,,,0,0,0,0,,,,533,118.85
1589808600,6.15,6.15,6.15,6.15,8.950229252247466,12.284966842650043,0,0,0,,,,,,0,0,0,0,,,,66,113.85
1589895000,6.75,6.75,6.6,6.6,8.480183401797973,11.768151675136403,0,0,0,,,,,,0,0,0,0,,,,1631,153.75
1590499800,8.4,8.4,8.4,8.4,8.464146721438379,11.46195606830582,0,0,0,,,,,,0,0,0,0,,,,33,152.8
1591277400,7.77,7.77,7.77,7.77,8.325317377150704,11.126323698459837,0,0,0,,,,,,0,0,0,0,,,,33,151.15
1592919000,8.85,8.85,8.85,8.85,8.430253901720564,10.919385180418033,0,0,0,3.7503,,,,,1,1,1,1,,,,333,165.95
1593005400,8.52,8.52,8.52,8.52,8.448203121376451,10.701259254925484,0,0,0,3.7503,,,,,1,1,1,1,,,,333,180.95
1593437400,8.1,8.1,7.65,7.65,8.28856249710116,10.423872049932259,0,0,0,3.7503,,,,,1,1,1,1,,,,200,186.8
1593523800,7.65,7.65,7.65,7.65,8.160849997680929,10.17170186357478,0,0,0,3.7503,,,,,1,1,1,1,,,,166,191.8
1593610200,6.6,6.6,6.6,6.6,7.848679998144743,9.847001694158891,0,0,0,3.7503,,,,,1,1,1,1,,,,264,202.7
1596461400,7.5,7.5,6.9,6.9,7.658943998515794,9.579092449235356,0,0,0,3.7503,,,,,1,1,1,1,,,,100,204.4
1597757400,9.75,9.75,9.75,9.75,8.077155198812635,9.594629499304869,0,0,0,3.7503,,,,,1,1,1,1,,,,33,202.75
1598880600,9.75,9.75,9.75,9.75,8.411724159050108,9.608754090277154,0,0,0,3.7503,,,,,1,1,1,1,,,,166,209.4
1600435800,9.03,9.03,9,9,8.529379327240086,9.553412809342868,0,0,0,3.7503,,,,,1,1,1,1,,,,66,209.4
1600867800,9,9,9,9,8.623503461792069,9.503102553948063,0,0,0,3.7503,,,,,1,1,1,1,,,,933,254.4
1601386200,12,12,12,12,9.298802769433655,9.730093230861875,0,0,0,3.7503,,,,,1,1,1,1,,,,41,253.15
1605277800,12,12,12,12,9.839042215546923,9.936448391692615,0,0,0,3.7503,,,,,1,1,1,1,,,,145,258.75
1605537000,14,14,14,14,10.671233772437539,10.305862174266013,0,0,0,3.7503,,,,,1,1,1,1,,,,218,268
1606141800,10.4,10.4,9.4,10.4,10.61698701795003,10.314420158423648,0,0,0,3.7503,,,,,1,1,1,1,,,,463,289.5
1606746600,10.4,10.64,10.4,10.64,10.621589614360024,10.344018325839679,0,0,0,3.7503,,,,,1,1,1,1,,,,244,300.05
1606833000,11.64,11.64,11.64,11.64,10.82527169148802,10.461834841672436,0,0,0,3.7503,,,,,1,1,1,1,,,,111,278.95
1606919400,12.64,12.64,12.64,12.64,11.188217353190415,10.65984985606585,0,0,0,3.7503,,,,,1,1,1,1,,,,101,280.7
1607092200,5.95,6.5,5.7,6.15,10.180573882552332,10.24986350551441,0,0,0,3.7503,,,,,1,1,1,1,,,,1001419,50270.1
1607351400,6.53,6.53,5.95,6.07,9.358459106041867,9.869875914104009,0,0,0,3.7503,,,,,1,1,1,1,,,,126268,56581.85
1607437800,6.18,6.18,5.95,6,8.686767284833493,9.518069012821826,0,0,0,3.7503,,,,,1,1,1,1,,,,80832,60621.8
1607524200,6,6.09,5.86,6,8.149413827866795,9.198244557110751,0,0,0,3.7503,,,,,1,1,1,1,,,,74317,64321
1607610600,6.01,6.06,5.9,6,7.719531062293436,8.907495051918865,0,0,0,3.7503,,,,,1,1,1,1,,,,82521,68430.4
1607697000,6.07,6.125,5.97,5.99,7.373624849834749,8.64226822901715,0,0,0,5.7,14,,,,1,1,1,1,,,,141944,75517.6
1607956200,6.09,6.15,5.9,6,7.098899879867799,8.402062026379227,0,0,0,5.7,14,,,,1,1,1,1,,,,258659,88442.25
1608042600,6,6.24,5.92,6,6.87911990389424,8.183692751253842,0,0,0,5.7,14,,,,1,1,1,1,,,,361945,106526.3
1608129000,5.99,6.25,5.95,6.2,6.743295923115392,8.003357046594402,0,0,0,5.7,14,,,,1,1,1,1,,,,287341,120888.35
1608215400,6.26,8.64,6.05,7.25,6.844636738492314,7.934870042358548,0,0,0,5.7,14,,,,1,1,1,1,,,,701802,155976.8
1608301800,7.5,7.69,6.26,6.79,6.833709390793851,7.83079094759868,0,0,0,5.7,14,,,,1,1,1,1,,,,317969,171866.95
1608561000,6.47,7,6.025,6.45,6.756967512635081,7.705264497816982,0,0,0,5.7,14,,,,1,1,1,1,,,,149879,179357.6
1608647400,6.46,8,6.45,6.92,6.7895740101080655,7.633876816197256,0,0,0,5.7,14,,,,1,1,1,1,,,,172178,187919.85
1608733800,7.47,9.75,6.85,7.55,6.9416592080864525,7.626251651088415,0,0,0,5.7,14,,,,1,1,1,1,,,,1975286,286682.1
1608820200,7.34,7.87,7.15,7.65,7.083327366469162,7.628410591898559,0,0,0,5.7,14,,,,1,1,1,1,,,,113256,292337.65
1609165800,7.89,8.75,7.25,8.59,7.38466189317533,7.715827810816872,0,0,0,5.7,14,,,,1,1,1,1,,,,396250,312139.25
1609252200,8.57,9.49,7.99,8.05,7.517729514540264,7.746207100742612,0,0,0,5.7,14,,,,1,1,1,1,,,,810249,352628.55
1609338600,8.12,10.7399,8,9.5,7.914183611632211,7.905642818856919,1,0,0,5.7,14,,,,2,1,1,1,1,,,481673,376700
1609425000,9.54,9.99,9.0301,9.33,8.197346889305768,8.035129835324472,0,0,0,5.7,14,,,,2,1,1,1,,,,185523,385970.6
1609770600,9.49,9.85,8.5444,8.81,8.319877511444615,8.105572577567703,0,0,0,5.7,14,,,,2,1,1,1,,,,223991,397165.1
1609857000,8.79,9.661,8.6255,9.29,8.513902009155691,8.21324779778882,0,0,0,5.7,14,,,,2,1,1,1,,,,289348,361561.55
1609943400,9.5,9.52,8.66,8.79,8.569121607324552,8.265679816171655,0,0,0,5.7,14,,,,2,1,1,1,,,,252918,367894.05
1610029800,8.85,9.845,8.85,8.98,8.651297285859641,8.330618014701505,0,0,0,5.7,14,,,,2,1,1,1,,,,211145,374409.7
1610116200,8.85,9.379,8.85,9.25,8.771037828687714,8.414198195183186,0,0,0,5.7,14,,,,2,1,1,1,,,,112503,376319
1610375400,9.28,9.4,8.93,9.26,8.868830262950171,8.49108926834835,0,0,0,5.7,14,,,,2,1,1,1,,,,169579,380671.9
1610461800,9.24,10,8.86,9.82,9.059064210360138,8.611899334862137,0,0,0,5.7,14,,,,2,1,1,1,,,,411818,394165.6
1610548200,10,14.9,9.26,12.28,9.70325136828811,8.945363031692851,0,1,0,5.7,14,,,,3,1,1,1,,1,,2881200,525292.65
1610634600,13.25,13.42,11.69,12.1,10.182601094630487,9.232148210629864,0,0,0,5.7,14,,,,3,1,1,1,,,,525709,533480.85
1610721000,12.49,14.25,12.02,12.68,10.68208087570439,9.545589282390786,0,0,0,5.7,14,,,,3,1,1,1,,,,983326,568280.1
1611066600,12.89,14.5,12.1202,14.09,11.363664700563511,9.958717529446169,0,0,0,5.7,14,,,,3,1,1,1,,,,574483,561914.15
1611153000,14.18,14.25,12.75,13.5,11.790931760450809,10.280652299496516,0,0,0,5.7,14,,,,3,1,1,1,,,,392186,565625
1611239400,13.23,13.61,12.05,13.13,12.058745408360647,10.539683908633197,0,0,0,5.7,14,,,,3,1,1,1,,,,248716,570566.85
1611325800,12.95,13.49,11.89,12.06,12.058996326688517,10.677894462393816,0,0,0,5.7,14,,,,3,1,1,1,,,,422316,583073.75
1611585000,12.7,13.25,12,12.72,12.191197061350813,10.863540420358014,0,0,0,5.7,14,,,,3,1,1,1,,,,394177,504018.3
1611671400,12.54,14.25,12.4085,13.02,12.35695764908065,11.059582200325467,0,0,0,5.7,14,,,,3,1,1,1,,,,1067510,551731
1611757800,12.31,13.4163,12.3,12.32,12.34956611926452,11.174165636659515,0,0,0,5.7,14,,,,3,1,1,1,,,,323799,548108.45
1611844200,12.36,12.68,11.85,12.13,12.305652895411615,11.261059669690468,0,0,0,5.7,14,,,,3,1,1,1,,,,383998,526795.9
1611930600,12.81,13.2,11.95,12.12,12.268522316329292,11.339145154264061,0,0,0,5.7,14,,,,3,1,1,1,,,,561844,530804.45
1612189800,12.16,12.9899,11.57,12.7,12.354817853063434,11.462859231149146,0,0,0,5.7,14,,,,3,1,1,1,,,,714386,557247.6
1612276200,12.8,12.8,12.15,12.49,12.381854282450748,11.556235664681042,0,0,0,5.7,14,,,,3,1,1,1,,,,288215,560458.8
1612362600,12.58,12.8,12.3184,12.65,12.435483425960598,11.655668786073674,0,0,0,5.7,14,,,,3,1,1,1,,,,344252,563204
1612449000,12.795,13.79,12.21,12.7,12.488386740768478,11.750607987339704,0,0,0,5.7,14,,,,3,1,1,1,,,,765560,588836.1
1612535400,12.7,13.05,12.28,12.83,12.556709392614783,11.848734533945185,0,0,0,5.7,14,,,,3,1,1,1,,,,513242,603940.95
1612794600,12.99,14.12,12.4073,13.25,12.695367514091826,11.976122303586532,0,0,0,5.7,14,,,,3,1,1,1,,,,914558,644043.7
1612881000,13.16,13.25,12.6,12.73,12.70229401127346,12.04465663962412,0,0,0,5.7,14,,,,3,1,1,1,,,,598321,665480.8
1612967400,12.93,13.4889,12,13.09,12.779835209018769,12.139687854203746,0,0,0,5.7,14,,,,3,1,1,1,,,,950612,692420.5
1613053800,13.2,13.22,12.15,12.65,12.753868167215016,12.186079867457952,0,0,0,5.7,14,,,,3,1,1,1,,,,505079,573614.45
1613140200,12.59,12.97,12.25,12.92,12.787094533772013,12.25279987950723,0,0,0,5.7,14,,,,3,1,1,1,,,,249061,559782.05
1613485800,13.41,16,13.34,15.4,13.30967562701761,12.53890898137021,0,0,0,5.7,14,,,,3,1,1,1,,,,1236683,572449.9
1613572200,15.1,15.325,13.11,13.33,13.313740501614088,12.61082634670019,0,0,0,5.7,14,,,,3,1,1,1,,,,970796,592265.55
1613658600,12.91,13.35,12.25,12.68,13.18699240129127,12.617114860636535,0,0,0,5.7,14,,,,3,1,1,1,,,,911698,618241.15
1613745000,12.7,13.1216,12.25,12.27,13.003593921033016,12.585558964215032,0,0,0,5.7,14,,,,3,1,1,1,,,,508022,631206.45
1614004200,12.4,14.08,12.31,12.89,12.980875136826413,12.613235422013666,0,0,0,5.7,14,,,,3,1,1,1,,,,1343590,677270.15
1614090600,12.04,14.1087,11.75,13.39,13.06270010946113,12.683850383648787,0,0,0,5.7,14,,,,3,1,1,1,,,,1485048,731813.7
1614177000,13.74,14.46,13.3001,14,13.250160087568904,12.803500348771625,0,0,0,5.7,14,,,,3,1,1,1,,,,508338,703855.1
1614263400,14.06,14.7,12.25,13,13.200128070055124,12.82136395342875,0,0,0,5.7,14,,,,3,1,1,1,,,,695882,722459.25
1614349800,12.64,13.3599,12.2671,12.47,13.054102456044099,12.789421775844318,0,0,0,5.7,14,,,,3,1,1,1,,,,495372,728027.95
1614609000,12.6,13.2735,12.47,12.95,13.033281964835279,12.804019796222107,0,0,0,5.7,14,,,,3,1,1,1,,,,251174,712494.45
1614695400,13.1,13.2,12.31,12.31,12.888625571868223,12.759108905656461,0,0,0,5.7,14,,,,3,1,1,1,,,,204206,686985.45
1614781800,12.46,12.7069,12.05,12.25,12.760900457494579,12.71282627786951,0,0,0,5.7,14,,,,3,1,1,1,,,,406958,692922.6
1614868200,12.03,12.5,10.2,10.92,12.392720365995663,12.549842070790463,0,0,0,5.7,14,,,,3,1,1,1,,,,1185056,734962.8
1614954600,11.3,11.98,8.94,11.92,12.29817629279653,12.492583700718603,0,0,0,5.7,14,,,,3,1,1,1,,,,1071735,750271.55
1615213800,12.04,12.74,9.1,9.54,11.746541034237223,12.224167000653276,0,0,0,5.7,14,,,,3,1,1,1,,,,1040733,776646.1
1615300200,9.95,10.5,9.83,9.91,11.379232827389778,12.01378818241207,0,0,0,5.7,14,,,,3,1,1,1,,,,484239,755130.15
1615386600,10.05,10.9073,9.92,10.09,11.121386261911823,11.838898347647335,0,0,0,5.7,14,,,,3,1,1,1,,,,286421,739535.15
1615473000,10.45,11.4,10.28,11.3,11.157109009529458,11.789907588770305,0,0,0,5.7,14,,,,3,1,1,1,,,,404599,712234.5
1615559400,11.0395,11.219,10.52,10.99,11.123687207623567,11.717188717063914,0,0,0,8.94,14.7,16,,,1,1,1,1,,,,278816,700921.35
1615815000,11,11.85,10.8,11.75,11.248949766098853,11.720171560967195,0,0,0,8.94,14.7,16,,,1,1,1,1,,,,294454,703191
1615901400,11.91,12.15,11.08,11.29,11.257159812879083,11.681065055424723,0,0,0,8.94,14.7,16,,,1,1,1,1,,,,306427,656678.2
1615987800,11.06,11.9,11.06,11.8,11.365727850303266,11.691877323113385,0,0,0,8.94,14.7,16,,,1,1,1,1,,,,331501,624713.45
1616074200,11.56,12.25,11.21,11.26,11.344582280242612,11.652615748284894,0,0,0,8.94,14.7,16,,,1,1,1,1,,,,336122,595934.65
1616160600,11.51,12.24,11.09,11.32,11.339665824194089,11.622377952986268,0,0,0,8.94,14.7,16,,,1,1,1,1,,,,880763,614571.7
1616419800,11.56,12.05,11.478,11.7,11.411732659355271,11.629434502714789,0,0,0,8.94,14.7,16,,,1,1,1,1,,,,215428,558163.6
1616506200,11.66,11.91,10.52,10.73,11.275386127484218,11.547667729740716,0,0,0,8.94,14.7,16,,,1,1,1,1,,,,396770,503749.7
1616592600,10.96,11.1799,9.58,9.76,10.972308901987374,11.38515248158247,0,0,0,8.94,14.7,16,,,1,1,1,1,,,,258830,491274.3
1616679000,9.49,10.42,9.25,10.16,10.809847121589899,11.273774983256791,0,0,0,8.94,14.7,16,,,1,1,1,1,,,,161804,464570.4
1616765400,10.03,10.75,9.44,9.84,10.61587769727192,11.14343180296072,0,0,0,8.94,14.7,16,,,1,1,1,1,,,,307741,455188.85
1617024600,9.77,10.065,9.2,9.28,10.348702157817536,10.974028911782472,0,0,0,8.94,14.7,16,,,1,1,1,1,,,,195111,452385.7
1617111000,9.14,9.719,9.1,9.65,10.20896172625403,10.853662647074975,0,0,0,8.94,14.7,16,,,1,1,1,1,,,,259236,455137.2
1617197400,9.71,9.91,9.42,9.69,10.105169381003224,10.747875133704522,0,0,0,8.94,14.7,16,,,1,1,1,1,,,,293079,449443.25
1617283800,9.84,10,9.35,9.44,9.972135504802578,10.628977394276838,0,0,0,8.94,14.7,16,,,1,1,1,1,,,,391909,409785.9
1617629400,9.5,9.69,7.74,8.38,9.653708403842062,10.424524903888035,0,0,0,8.94,14.7,16,,,1,1,1,1,,,,1399473,426172.8
1617715800,8.3,8.6093,8.15,8.22,9.36696672307365,10.224113548989122,0,0,0,8.94,14.7,16,,,1,1,1,1,,,,337306,391001.45
1617802200,8.3,8.3,7.7,7.84,9.06157337845892,10.007375953626473,0,0,0,8.94,14.7,16,,,1,1,1,1,,,,455698,389574.4
1617888600,7.95,8.9,7.76,8.81,9.011258702767137,9.898523594205885,0,0,0,8.94,14.7,16,,,1,1,1,1,,,,725244,411515.55
1617975000,8.61,8.6597,8.03,8.27,8.86300696221371,9.750475994732623,0,0,0,8.94,14.7,16,,,1,1,1,1,,,,398418,411206.5
1618234200,8.29,8.81,8.09,8.72,8.834405569770968,9.656796358847838,0,0,0,8.94,14.7,16,,,1,1,1,1,,,,307615,412646.45
1618320600,8.82,8.8713,7.95,8,8.667524455816775,9.50617850804349,0,0,0,8.94,14.7,16,,,1,1,1,1,,,,306752,413261.35
1618407000,8.17,8.99,8.05,8.64,8.66201956465342,9.427435007312264,0,0,0,7.7,12.25,14.7,16,,1,1,1,1,,,,358914,415885.7
1618493400,8.75,8.81,7.78,7.88,8.505615651722735,9.286759097556603,0,0,0,7.7,12.25,14.7,16,,1,1,1,1,,,,295076,414064.45
1618579800,7.8,8.14,7.51,8.1,8.424492521378188,9.178871906869638,0,0,0,7.7,12.25,14.7,16,,1,1,1,1,,,,307348,412625.75
1618839000,7.9,8.0733,7.57,7.73,8.28559401710255,9.047156278972398,0,0,0,7.7,12.25,14.7,16,,1,1,1,1,,,,293704,383272.8
1618925400,7.65,7.775,7.12,7.4,8.10847521368204,8.897414799065817,0,0,0,7.7,12.25,14.7,16,,1,1,1,1,,,,366255,390814.15
1619011800,7.36,7.84,7.15,7.69,8.024780170945633,8.78764981733256,0,0,0,7.7,12.25,14.7,16,,1,1,1,1,,,,302294,386090.35
1619098200,7.75,8.34,7.67,7.91,8.001824136756506,8.707863470302328,0,0,0,7.7,12.25,14.7,16,,1,1,1,1,,,,272890,386793.35
1619184600,7.9,8.3,7.86,8.24,8.049459309405204,8.665330427547572,0,0,0,7.7,12.25,14.7,16,,1,1,1,1,,,,369018,397154.05
1619443800,8.32,8.48,8.17,8.37,8.113567447524163,8.638482206861429,0,0,0,7.7,12.25,14.7,16,,1,1,1,1,,,,143219,388927.95
1619530200,8.46,8.545,7.89,8,8.09085395801933,8.580438369874026,0,0,0,7.12,12.25,14.7,16,,1,1,1,1,,,,180604,388202.6
1619616600,7.98,8.05,7.61,7.83,8.038683166415465,8.512216699885478,0,0,0,7.12,12.25,14.7,16,,1,1,1,1,,,,143699,382425.75
1619703000,8,8,7.46,7.72,7.974946533132372,8.440196999895889,0,0,0,7.12,12.25,14.7,16,,1,1,1,1,,,,157393,375641.45
1619789400,7.67,8.12,7.53,8.04,7.987957226505897,8.403815454450807,0,0,0,7.12,12.25,14.7,16,,1,1,1,1,,,,284246,370258.3
1620048600,8.03,8.03,7.23,7.64,7.9183657812047175,8.33437768586437,0,0,0,7.12,12.25,14.7,16,,1,1,1,1,,,,326493,316609.3
1620135000,7.58,7.59,6.88,7,7.734692624963774,8.213070623513063,0,0,0,7.12,12.25,14.7,16,,1,1,1,1,,,,280309,313759.45
1620221400,7.15,7.5,6.97,7.16,7.619754099971019,8.117336930466422,0,0,0,7.12,12.25,14.7,16,,1,1,1,1,,,,179899,299969.5
1620307800,7.0175,7.19,6.35,6.66,7.427803279976816,7.984851754969474,0,0,0,7.12,12.25,14.7,16,,1,1,1,1,,,,490760,288245.3
1620394200,6.72,7.113,6.55,6.94,7.330242623981452,7.889865231790432,0,0,0,7.12,12.25,14.7,16,,1,1,1,1,,,,217385,279193.65
1620653400,6.75,6.845,6.2,6.49,7.162194099185162,7.762604756173119,0,0,0,7.12,12.25,14.7,16,,1,1,1,1,,,,322557,279940.75
1620739800,6,6.945,6,6.65,7.0597552793481295,7.66145886924829,0,0,0,7.12,12.25,14.7,16,,1,1,1,1,,,,254454,277325.85
1620826200,6.48,6.77,6.01,6.13,6.873804223478504,7.522235335680263,0,0,0,7.12,12.25,14.7,16,,1,1,1,1,,,,305225,274641.4
1620912600,6.22,6.5075,5.687,5.73,6.645043378782804,7.359304850618421,0,0,0,7.12,12.25,14.7,16,,1,1,1,1,,,,356170,277696.1
1620999000,5.79,6.2,5.77,6.09,6.534034703026243,7.243913500562201,0,0,0,7.12,12.25,14.7,16,,1,1,1,1,,,,261636,275410.5
1621258200,6.49,7.2,6.44,7.18,6.663227762420994,7.238103182329273,0,0,0,7.12,12.25,14.7,16,,1,1,1,1,,,,704635,295957.05
1621344600,7.28,7.8,7.1,7.16,6.762582209936795,7.231002893026612,0,0,0,7.12,12.25,14.7,16,,1,1,1,1,,,,435839,299436.25
1621431000,7.25,7.29,6.75,6.87,6.7840657679494365,7.19818444820601,0,0,0,7.12,12.25,14.7,16,,1,1,1,1,,,,328169,300730
1621517400,6.88,7.44,6.8213,7.38,6.903252614359549,7.214713134732737,0,0,0,5.687,12.25,14.7,16,,1,1,1,1,,,,307053,302438.15
1621603800,7.5,7.68,7.11,7.23,6.968602091487639,7.216102849757033,0,0,0,5.687,12.25,14.7,16,,1,1,1,1,,,,256913,296832.9
1621863000,7.25,7.52,7.1,7.33,7.040881673190111,7.226457136142757,0,0,0,5.687,12.25,14.7,16,,1,1,1,1,,,,291773,304260.6
1621949400,7.34,7.34,6.75,6.78,6.988705338552089,7.1858701237661435,0,0,0,5.687,12.25,14.7,16,,1,1,1,1,,,,357808,313120.8
1622035800,7.03,8.49,7,8.12,7.214964270841671,7.270791021605585,0,0,0,5.687,12.25,14.7,16,,1,1,1,1,,,,648157,338343.7
1622122200,8.1,8.679,7.75,8.36,7.443971416673337,7.369810019641441,1,0,0,5.687,12.25,14.7,16,,2,1,1,1,1,,,501899,355569
1622208600,8.61,9.2302,8.53,8.9,7.73517713333867,7.508918199674037,0,0,0,5.687,12.25,14.7,16,,2,1,1,1,,,,598689,371291.15
1622554200,9.02,9.2096,8.15,8.65,7.918141706670936,7.612652908794579,0,0,0,5.687,12.25,14.7,16,,2,1,1,1,,,,567097,383321.35
1622640600,8.68,8.86,8.3,8.73,8.08051336533675,7.714229917085981,0,0,0,5.687,12.25,14.7,16,,2,1,1,1,,,,224772,380544.5
1622727000,8.63,9.5,8.27,9.4,8.344410692269399,7.867481742805437,0,0,0,5.687,12.25,14.7,16,,2,1,1,1,,,,322530,387676.05
1622813400,9.4,9.5,8.9101,9.05,8.48552855381552,7.974983402550397,0,0,0,5.687,12.25,14.7,16,,2,1,1,1,,,,189925,372634.3
1623072600,9.21,9.4,8.8,9.05,8.598422843052417,8.072712184136725,0,0,0,5.687,12.25,14.7,16,,2,1,1,1,,,,240298,373779.95
1623159000,9.2,9.36,8.84,8.95,8.668738274441933,8.152465621942477,0,0,0,5.687,12.25,14.7,16,,2,1,1,1,,,,454786,380391.4
1623245400,7.7723,8.91,7.57,8.3,8.594990619553547,8.165877838129525,0,0,0,5.687,12.25,14.7,16,,2,1,1,1,,,,5669070,651122.2
1623331800,8.1306,8.49,7.8101,8.05,8.485992495642838,8.15534348920866,0,0,0,5.687,12.25,14.7,16,,2,1,1,1,,,,1354501,703586
1623418200,8.16,8.34,7.95,8.18,8.424793996514271,8.15758499018969,0,0,0,5.687,12.25,14.7,16,,2,1,1,1,,,,886971,730126.05
1623677400,8.15,8.541,8.04,8.39,8.417835197211417,8.178713627445173,0,0,0,5.687,12.25,14.7,16,,2,1,1,1,,,,596313,746859.9
1623763800,8.38,8.4918,7.66,7.78,8.290268157769134,8.142466934041067,0,0,0,5.687,12.25,14.7,16,,2,1,1,1,,,,644442,743850.25
1623850200,7.75,7.91,7.41,7.77,8.186214526215307,8.108606303673698,0,0,0,5.687,12.25,14.7,16,,2,1,1,1,,,,571443,750630.45
1623936600,7.72,8.1802,7.69,8.08,8.164971620972246,8.106005730612452,0,0,0,5.687,12.25,14.7,16,,2,1,1,1,,,,634873,765965.65
1624023000,8.05,8.3,7.83,7.97,8.125977296777796,8.093641573284048,0,0,0,5.687,12.25,14.7,16,,2,1,1,1,,,,521941,776710.05
1624282200,8.25,8.25,7.62,7.7,8.040781837422237,8.057855975712771,0,0,0,5.687,12.25,14.7,16,,2,1,1,1,,,,467783,787253.55
1624368600,8.4541,8.4541,7.67,8.05,8.04262546993779,8.057141796102519,0,0,0,5.687,12.25,14.7,16,,2,1,1,1,,,,803727,812851.25
1624455000,8.11,8.11,7.72,7.92,8.018100375950231,8.044674360093198,0,0,0,5.687,12.25,14.7,16,,2,1,1,1,,,,421139,816017.8
1624541400,8,8.44,7.85,8.39,8.092480300760185,8.076067600084725,0,0,0,5.687,12.25,14.7,16,,2,1,1,1,,,,693621,818291
1624627800,8.37,8.4299,7.9,8.03,8.079984240608148,8.07187963644066,0,0,0,5.687,12.25,14.7,16,,2,1,1,1,,,,454060,815899.05
1624887000,8.04,8.205,7.7533,7.97,8.057987392486519,8.06261785130969,0,0,0,5.687,12.25,14.7,16,,2,1,1,1,,,,433815,807655.35
1624973400,8,8.15,7.65,7.9,8.026389913989215,8.047834410281537,0,0,0,5.687,12.25,14.7,16,,2,1,1,1,,,,486467,803623.85
1625059800,7.86,8.12,7.73,7.94,8.009111931191372,8.038031282074124,0,0,0,5.687,12.25,14.7,16,,2,1,1,1,,,,253392,805054.85
1625146200,7.86,7.94,7.71,7.88,7.983289544953098,8.023664801885568,0,0,0,5.687,12.25,14.7,16,,2,1,1,1,,,,261548,802005.75
1625232600,7.92,7.95,7.18,7.4,7.866631635962478,7.966968001714153,0,0,0,5.687,12.25,14.7,16,,2,1,1,1,,,,568339,820926.45
1625578200,7.45,7.46,7.15,7.18,7.729305308769982,7.8954254561037756,0,0,1,5.687,12.25,14.7,16,,1,1,1,1,,,1,227632,820293.15
1625664600,7.16,7.28,6.66,7.01,7.585444247015985,7.814932232821614,0,0,0,5.687,12.25,14.7,16,,1,1,1,1,,,,649579,830032.8
1625751000,6.6669,7.3289,6.6669,7.19,7.506355397612788,7.758120211656013,0,0,0,5.687,12.25,14.7,16,,1,1,1,1,,,,535985,573378.55
1625837400,7.31,7.77,7.1,7.43,7.4910843180902305,7.728291101505466,0,0,0,5.687,12.25,14.7,16,,1,1,1,1,,,,441580,527732.5
1626096600,7.36,7.64,7.04,7.49,7.490867454472184,7.706628274095878,0,0,0,5.687,12.25,14.7,16,,1,1,1,1,,,,320326,499400.25
1626183000,7.325,7.6791,7.3,7.32,7.456693963577747,7.671480249178071,0,0,0,5.687,12.25,14.7,16,,1,1,1,1,,,,142586,476713.9
1626269400,7.54,8.1556,7.33,7.83,7.531355170862198,7.685891135616428,0,0,0,5.687,12.25,14.7,16,,1,1,1,1,,,,846941,486838.85
1626355800,7.91,7.98,7.31,7.48,7.521084136689758,7.667173759651298,0,0,0,5.687,12.25,14.7,16,,1,1,1,1,,,,619235,489228.45
1626442200,7.59,7.59,7.16,7.55,7.526867309351807,7.656521599682998,0,0,0,5.687,12.25,14.7,16,,1,1,1,1,,,,331103,474039.95
1626701400,7.39,7.84,7.1,7.71,7.563493847481445,7.661383272439089,0,0,0,5.687,12.25,14.7,16,,1,1,1,1,,,,379941,466939.95
1626787800,7.82,8.51,7.63,8.19,7.688795077985156,7.70943933858099,0,0,0,5.687,12.25,14.7,16,,1,1,1,1,,,,517782,469439.9
1626874200,8.15,8.3599,7.94,8.08,7.767036062388125,7.743126671437263,0,0,0,5.687,12.25,14.7,16,,1,1,1,1,,,,387916,448649.35
1626960600,8.02,8.1691,7.79,8.09,7.8316288499105,7.774660610397512,0,0,0,5.687,12.25,14.7,16,,1,1,1,1,,,,313392,443262
1627047000,8.1,8.19,7.69,8.05,7.8753030799284,7.799691463997738,0,0,0,5.687,12.25,14.7,16,,1,1,1,1,,,,255852,421373.55
1627306200,8.11,8.3,7.85,7.93,7.88624246394272,7.811537694543398,0,0,0,5.687,12.25,14.7,16,,1,1,1,1,,,,259115,411626.3
1627392600,7.94,8,7.6001,7.98,7.904993971154176,7.826852449584908,0,0,0,5.687,12.25,14.7,16,,1,1,1,1,,,,190419,399456.5
1627479000,7.95,8.08,7.65,7.99,7.921995176923341,7.841684045077189,0,0,0,5.687,12.25,14.7,16,,1,1,1,1,,,,322844,391275.35
1627565400,8.05,8.18,7.8908,8.04,7.945596141538672,7.85971276825199,0,0,0,5.687,12.25,14.7,16,,1,1,1,1,,,,135673,385389.4
1627651800,8,8.07,7.9,7.93,7.942476913230938,7.8661025165927185,0,0,0,5.687,12.25,14.7,16,,1,1,1,1,,,,92229,376923.45
1627911000,8.02,8.07,7.835,7.96,7.94598153058475,7.874638651447926,0,0,0,5.687,12.25,14.7,16,,1,1,1,1,,,,86693,352841.15
1627997400,7.98,8.0763,7.67,8,7.9567852244678,7.886035137679933,0,0,0,5.687,12.25,14.7,16,,1,1,1,1,,,,158505,349384.8
1628083800,8,8.07,7.701,7.8,7.92542817957424,7.878213761527212,0,0,0,5.687,12.25,14.7,16,,1,1,1,1,,,,122935,323052.6
1628170200,7.72,7.85,7.5406,7.78,7.896342543659392,7.869285237752011,0,0,0,5.687,12.25,14.7,16,,1,1,1,1,,,,302715,311389.1
1628256600,8.01,8.4,7.875,8.11,7.939074034927513,7.891168397956373,0,0,0,5.687,12.25,14.7,16,,1,1,1,1,,,,609450,319782.6
1628515800,8.41,8.82,8.05,8.68,8.08725922794201,7.962880361778521,1,0,0,5.687,12.25,14.7,16,,2,1,1,1,1,,,485295,328031.05
1628602200,8.71,8.71,7.8442,8.02,8.073807382353607,7.968073056162292,0,0,0,5.687,12.25,14.7,16,,2,1,1,1,,,,535744,347688.95
1628688600,7.96,8.08,7.72,7.99,8.057045905882886,7.970066414692993,0,0,0,5.687,12.25,14.7,16,,2,1,1,1,,,,279526,319318.2
1628775000,7.975,8.06,7.7,7.88,8.021636724706308,7.9618785588118115,0,0,0,5.687,12.25,14.7,16,,2,1,1,1,,,,220243,299368.6
1628861400,7.82,7.8599,7.5,7.62,7.9413093797650465,7.93079868982892,0,0,0,5.687,12.25,14.7,16,,2,1,1,1,,,,313127,298469.8
1629120600,7.31,7.4,6.47,6.59,7.671047503812037,7.808907899844472,0,0,1,5.687,12.25,14.7,16,,1,1,1,1,,,1,1150551,337000.3
1629207000,6.59,6.7547,6.29,6.52,7.440838003049629,7.691734454404066,0,0,0,5.687,12.25,14.7,16,,1,1,1,1,,,,575088,339865.6
1629293400,6.49,6.49,6.06,6.3,7.212670402439703,7.565213140367333,0,0,0,5.687,12.25,14.7,16,,1,1,1,1,,,,657471,353343.35
1629379800,6.13,6.39,6.09,6.14,6.998136321951763,7.435648309424848,0,0,0,5.687,12.25,14.7,16,,1,1,1,1,,,,356929,355520.2
1629466200,6.1,6.28,5.86,6.25,6.84850905756141,7.327862099477135,0,0,0,5.687,12.25,14.7,16,,1,1,1,1,,,,546902,370072.7
1629725400,6.24,6.86,6.24,6.79,6.836807246049128,7.278965544979213,0,0,0,5.687,12.25,14.7,16,,1,1,1,1,,,,359716,375102.75
1629811800,6.78,6.89,6.61,6.75,6.819445796839302,7.230877768162921,0,0,0,5.687,12.25,14.7,16,,1,1,1,1,,,,302718,380717.7
1629898200,6.79,6.84,6.5,6.53,6.7615566374714415,7.167161607420837,0,0,0,5.687,12.25,14.7,16,,1,1,1,1,,,,223848,375767.9
1629984600,6.5,6.56,6.12,6.39,6.687245309977153,7.096510552200761,0,0,0,5.687,12.25,14.7,16,,1,1,1,1,,,,395112,388739.85
1630071000,6.44,7.02,6.39,6.95,6.739796247981722,7.083191411091601,0,0,0,5.86,9.5,,,,1,1,1,1,,,,520111,410133.95
1630330200,7.15,7.29,6.71,7.07,6.805836998385378,7.081992191901455,0,0,0,5.86,9.5,,,,1,1,1,1,,,,452078,428403.2
1630416600,7.1,7.19,6.95,7.15,6.874669598708302,7.0881747199104135,0,0,0,5.86,9.5,,,,1,1,1,1,,,,248669,432911.4
1630503000,7.19,7.23,6.855,7.08,6.915735678966642,7.087431563554921,0,0,0,5.86,9.5,,,,1,1,1,1,,,,213919,437460.6
1630589400,7.14,7.1439,6.92,6.98,6.928588543173314,7.077665057777201,0,0,0,5.86,9.5,,,,1,1,1,1,,,,191359,431892.8
1630675800,6.95,7.74,6.95,7.71,7.084870834538651,7.135150052524729,0,0,0,5.86,9.5,,,,1,1,1,1,,,,460204,424430.5
1631021400,7.77,8.47,7.6764,8.03,7.273896667630921,7.216500047749753,0,0,0,5.86,9.5,,,,1,1,1,1,,,,762291,438280.3
1631107800,7.94,8.39,7.56,7.63,7.345117334104737,7.254090952499776,0,0,0,5.86,9.5,,,,1,1,1,1,,,,421796,432582.9
1631194200,7.57,7.99,7.43,7.69,7.41409386728379,7.293719047727069,0,0,0,5.86,9.5,,,,1,1,1,1,,,,309970,434105.1
1631280600,7.68,7.7912,7.37,7.41,7.413275093827032,7.304290043388244,0,0,0,5.86,9.5,,,,1,1,1,1,,,,181787,432182.3
1631539800,7.4,7.7,7,7.5,7.430620075061626,7.322081857625676,0,0,0,5.86,9.5,,,,1,1,1,1,,,,435502,438301.05
1631626200,7.57,7.6,7.12,7.21,7.386496060049301,7.311892597841524,0,0,0,5.86,9.5,,,,1,1,1,1,,,,360211,398784.05
1631712600,7.14,7.48,7.12,7.35,7.379196848039441,7.315356907128658,0,0,0,5.86,9.5,,,,1,1,1,1,,,,219461,381002.7
1631799000,7.41,8.5499,7.41,8.26,7.555357478431553,7.401233551935143,0,0,0,5.86,9.5,,,,1,1,1,1,,,,1420204,419139.35
1631885400,8.22,8.4,7.78,7.8,7.6042859827452425,7.437485047213767,0,0,0,5.86,9.5,,,,1,1,1,1,,,,942176,448401.7
1632144600,7.44,7.78,7.2501,7.35,7.553428786196194,7.429531861103424,0,0,0,5.86,9.5,,,,1,1,1,1,,,,460062,444059.7
1632231000,7.54,7.7903,7.35,7.41,7.524743028956955,7.427756237366749,0,0,0,5.86,9.5,,,,1,1,1,1,,,,280515,440099.65
1632317400,7.43,7.6999,7.34,7.59,7.537794423165564,7.442505670333408,0,0,0,5.86,9.5,,,,1,1,1,1,,,,357615,442844.5
1632403800,7.69,7.75,7.42,7.64,7.558235538532451,7.460459700303098,0,0,0,5.86,9.5,,,,1,1,1,1,,,,192038,441254
1632490200,7.6,8.25,7.578,8.02,7.650588430825961,7.511327000275544,0,0,0,5.86,9.5,,,,1,1,1,1,,,,297525,436374.65
1632749400,8.07,8.43,7.92,8.19,7.758470744660769,7.57302454570504,0,0,0,5.86,9.5,,,,1,1,1,1,,,,909063,455822.25
1632835800,8.37,9.85,8.22,9.62,8.130776595728614,7.759113223368217,0,0,0,5.86,9.5,,,,1,1,1,1,,,,4196437,643040.2
1632922200,9.41,10,8.87,9.04,8.312621276582892,7.8755574757892886,0,0,0,5.86,9.5,,,,1,1,1,1,,,,1627612,711987.35
1633008600,9.3,9.3999,8.53,9.16,8.482097021266313,7.992324977990262,0,0,0,5.86,9.5,,,,1,1,1,1,,,,884357,745509.25
1633095000,9.04,9.6,8.64,9.08,8.601677617013051,8.091204525445693,0,0,0,5.86,9.5,,,,1,1,1,1,,,,946283,783255.45
1633354200,9.16,9.47,8.83,9.46,8.773342093610442,8.215640477677903,0,0,0,5.86,9.5,,,,1,1,1,1,,,,751151,797802.8
1633440600,9.75,9.76,8.9227,9.27,8.872673674888354,8.311491343343548,0,0,0,5.86,9.5,,,,1,1,1,1,,,,895611,804468.8
1633527000,8.86,10.22,8.86,9.94,9.086138939910683,8.45953758485777,0,0,0,5.86,9.5,,,,1,1,1,1,,,,1982399,882498.95
1633613400,10.05,10.75,9.95,10.36,9.340911151928546,8.632306895325245,0,0,0,5.86,9.5,,,,1,1,1,1,,,,1475017,940751.3
1633699800,10.49,10.6471,9.76,9.9,9.452728921542837,8.74755172302295,0,0,0,5.86,9.5,,,,1,1,1,1,,,,701394,966731.65
1633959000,10.25,10.53,10.05,10.17,9.59618313723427,8.876865202748135,0,0,0,5.86,9.5,,,,1,1,1,1,,,,416864,965799.75
1634045400,10.09,10.25,9.61,9.8,9.636946509787416,8.96078654795285,0,0,0,5.86,9.5,,,,1,1,1,1,,,,483535,971965.95
1634131800,9.81,9.85,9.21,9.56,9.621557207829932,9.015260498138954,0,0,0,5.86,9.5,,,,1,1,1,1,,,,641481,993066.95
1634218200,9.63,9.81,9.32,9.5,9.597245766263946,9.059327725580866,0,0,0,5.86,9.5,,,,1,1,1,1,,,,287610,936437.25
1634304600,9.53,9.816,9.16,9.23,9.523796613011157,9.074843386891697,0,0,0,5.86,9.5,,,,1,1,1,1,,,,359031,907280
1634563800,9.23,9.5,9.035,9.28,9.475037290408926,9.093493988083361,0,0,0,5.86,9.5,,,,1,1,1,1,,,,635238,916038.8
1634650200,9.39,9.43,9.06,9.14,9.408029832327141,9.09772180734851,0,0,0,5.86,9.5,,,,1,1,1,1,,,,569501,930488.1
1634736600,9.14,9.2999,8.68,9.16,9.358423865861713,9.103383461225919,0,0,0,5.86,9.5,,,,1,1,1,1,,,,449760,935095.35
1634823000,9.075,9.39,8.91,9.12,9.31073909268937,9.104894055659926,0,0,0,5.86,9.5,,,,1,1,1,1,,,,297024,940344.65
1634909400,8.99,9.085,8.4012,8.56,9.160591274151496,9.055358232418115,0,0,0,5.86,9.5,,,,1,1,1,1,,,,641154,957526.1
1635168600,8.42,8.7696,8.16,8.46,9.020473019321198,9.001234756743742,0,0,0,5.86,9.5,,,,1,1,1,1,,,,527581,938452
1635255000,8.59,8.88,8.4,8.68,8.952378415456959,8.972031597039765,0,0,0,5.86,9.5,,,,1,1,1,1,,,,451275,751193.9
1635341400,8.6,9.05,8.54,8.75,8.911902732365567,8.951846906399785,0,0,0,5.86,9.5,,,,1,1,1,1,,,,528925,696259.55
1635427800,8.73,10,8.22,9.26,8.981522185892453,8.979860823999804,0,0,0,5.86,9.5,,,,1,1,1,1,,,,1503000,727191.7
1635514200,9.21,9.22,8.53,8.57,8.899217748713962,8.942600749090731,0,0,0,5.86,9.5,,,,1,1,1,1,,,,655538,712654.45
1635773400,8.59,8.99,8.58,8.67,8.853374198971169,8.917818862809757,0,0,0,5.86,9.5,,,,1,1,1,1,,,,387088,694451.3
1635859800,8.6,8.855,8.4201,8.73,8.828699359176936,8.900744420736142,0,0,0,5.86,9.5,,,,1,1,1,1,,,,412937,670317.6
1635946200,8.73,9.18,8.61,9.07,8.876959487341548,8.916131291578312,0,0,0,5.86,9.5,,,,1,1,1,1,,,,510432,596719.25
1636032600,9.02,9.58,8.9236,9.43,8.987567589873239,8.962846628707556,0,0,0,5.86,9.5,,,,1,1,1,1,,,,811658,563551.3
1636119000,9.5,9.5599,9.17,9.49,9.088054071898592,9.010769662461415,0,0,0,5.86,9.5,,,,1,1,1,1,,,,310883,544025.75
1636381800,9.61,9.8699,9.36,9.41,9.152443257518874,9.047063329510378,0,0,0,5.86,9.5,,,,1,1,1,1,,,,547428,550553.95
1636468200,9.48,9.6099,8.9,9,9.121954606015098,9.042784845009434,0,0,0,5.86,9.5,,,,1,1,1,1,,,,799014,566327.9
1636554600,8.91,9.6,8.51,9.54,9.205563684812079,9.087986222735848,0,0,0,5.86,9.5,,,,1,1,1,1,,,,818914,575199.55
1636641000,9.62,10.95,9.42,10.38,9.440450947849664,9.205442020668952,0,0,0,5.86,9.5,,,,1,1,1,1,,,,2174050,669521.55
1636727400,10.5,10.6,10,10.33,9.618360758279731,9.307674564244502,0,0,0,5.86,9.5,,,,1,1,1,1,,,,957353,699437.65
1636986600,10.35,11.74,9.87,11.18,9.930688606623786,9.477885967495002,0,0,0,5.86,9.5,,,,1,1,1,1,,,,2127418,774046.65
1637073000,11.19,11.2,10.61,10.81,10.10655088529903,9.598987243177275,0,0,0,5.86,9.5,,,,1,1,1,1,,,,741780,782660.6
1637159400,10.8,10.89,9.8,9.86,10.057240708239224,9.622715675615705,0,0,0,5.86,9.5,,,,1,1,1,1,,,,949299,807637.55
1637245800,9.9,9.9617,9.16,9.47,9.939792566591379,9.608832432377914,0,0,0,5.86,9.5,,,,1,1,1,1,,,,995355,842554.1
1637332200,9.31,9.5692,8.78,8.82,9.715834053273102,9.53712039307083,0,0,0,5.86,9.5,,,,1,1,1,1,,,,1121745,866583.65
1637591400,8.79,8.97,7.82,8.48,9.468667242618482,9.441018539155301,0,0,0,5.86,9.5,,,,1,1,1,1,,,,1479068,914158
1637677800,8.44,8.5927,7.78,8.49,9.272933794094785,9.354562308323,0,0,0,5.86,9.5,,,,1,1,1,1,,,,1365915,959890
1637764200,8.38,8.655,8.15,8.24,9.066347035275827,9.253238462111819,0,0,0,5.86,9.5,,,,1,1,1,1,,,,546151,960751.3
1637937000,8.01,8.23,7.76,8.17,8.887077628220661,9.154762238283471,0,0,0,5.86,9.5,,,,1,1,1,1,,,,365116,903857.1
1638196200,8.035,8.34,7.675,7.86,8.681662102576528,9.037056580257701,0,0,0,5.86,9.5,,,,1,1,1,1,,,,592339,900697.15
1638282600,7.83,8.1099,7.34,7.61,8.467329682061223,8.907324163870637,0,0,0,5.86,9.5,,,,1,1,1,1,,,,1156066,939146.05
1638369000,7.88,7.92,7.13,7.32,8.237863745648978,8.763021967155124,0,0,0,5.86,9.5,,,,1,1,1,1,,,,788725,957935.45
1638455400,7.56,7.88,7.33,7.77,8.144290996519182,8.672747242868295,0,0,0,5.86,9.5,,,,1,1,1,1,,,,740567,969442.2
1638541800,7.86,7.91,7.26,7.36,7.987432797215345,8.553406584425723,0,0,0,5.86,9.5,,,,1,1,1,1,,,,698437,963781.15
1638801000,7.5,7.75,7.1388,7.6,7.909946237772276,8.466733258568839,0,0,0,5.86,9.5,,,,1,1,1,1,,,,427502,969612.1
1638887400,7.72,8.27,7.72,8.15,7.957956990217821,8.437939325971671,0,0,0,5.86,9.5,,,,1,1,1,1,,,,568488,970665.1
1638973800,8.3,8.62,8.03,8.31,8.028365592174257,8.426308478156065,0,0,0,7.13,11.74,,,,1,1,1,1,,,,416670,951547.9
1639060200,8.31,8.63,8.13,8.16,8.054692473739406,8.402098616505514,0,0,0,7.13,11.74,,,,1,1,1,1,,,,227908,921997.6
1639146600,8.25,8.35,7.82,8.11,8.065753978991525,8.375544196823194,0,0,0,7.13,11.74,,,,1,1,1,1,,,,242185,825404.35
1639405800,8.09,8.3939,7.4,7.5,7.9526031831932205,8.295949269839268,0,0,0,7.13,11.74,,,,1,1,1,1,,,,625720,808822.7
1639492200,7.25,7.516,6.83,7,7.762082546554576,8.178135699853879,0,0,0,7.13,11.74,,,,1,1,1,1,,,,809064,742905
1639578600,7,7.52,6.72,7.48,7.705666037243661,8.114668818048981,0,0,0,7.13,11.74,,,,1,1,1,1,,,,833283,747480.15
1639665000,7.66,7.7738,6.5827,6.68,7.500532829794929,7.984244380044529,0,0,0,7.13,11.74,,,,1,1,1,1,,,,1114317,755731.05
1639751400,6.6,6.9983,6.43,6.54,7.308426263835943,7.852949436404117,0,0,0,7.13,11.74,,,,1,1,1,1,,,,959347,753930.65
1640010600,6.46,6.6299,6.23,6.4,7.126741011068755,7.720863124003743,0,0,0,7.13,11.74,,,,1,1,1,1,,,,831450,739415.9
1640097000,6.7,7.06,6.53,6.73,7.047392808855004,7.630784658185221,0,0,0,7.13,11.74,,,,1,1,1,1,,,,908243,710874.65
1640183400,6.7,7.1,6.6,7.07,7.051914247084003,7.579804234713838,0,0,0,7.13,11.74,,,,1,1,1,1,,,,756727,680415.25
1640269800,7.225,7.33,6.92,7.16,7.073531397667202,7.541640213376216,0,0,0,7.13,11.74,,,,1,1,1,1,,,,364451,671330.25
1640615400,7.2,7.275,6.92,7.02,7.062825118133762,7.49421837579656,0,0,0,7.13,11.74,,,,1,1,1,1,,,,468153,676482.1
1640701800,6.97,6.97,6.62,6.8,7.010260094507009,7.431107614360509,0,0,0,6.23,11.74,,,,1,1,1,1,,,,637112,678720.75
1640788200,6.72,6.7899,6.45,6.55,6.918208075605607,7.351006922145917,0,0,0,6.23,11.74,,,,1,1,1,1,,,,478986,644866.75
1640874600,6.66,7.02,6.51,6.89,6.912566460484485,7.309097201950833,0,0,0,6.23,11.74,,,,1,1,1,1,,,,410949,625977.95
1640961000,6.79,6.9,6.67,6.71,6.8720531683875885,7.254633819955303,0,0,0,6.23,11.74,,,,1,1,1,1,,,,308374,604368.3
1641220200,6.85,6.99,6.63,6.83,6.8636425347100705,7.216030745413912,0,0,0,6.23,11.74,,,,1,1,1,1,,,,303648,584628.85
1641306600,6.87,6.87,6.13,6.29,6.748914027768056,7.1318461321944655,0,0,0,6.23,11.74,,,,1,1,1,1,,,,727280,599617.75
1641393000,6.21,6.2828,5.77,5.81,6.561131222214445,7.011678301994968,0,0,0,6.23,11.74,,,,1,1,1,1,,,,690356,605711.15
1641479400,5.77,5.99,5.44,5.77,6.402904977771556,6.898798456359062,0,0,0,6.23,11.74,,,,1,1,1,1,,,,725631,621159.2
1641565800,5.73,5.86,5.42,5.46,6.214323982217245,6.767998596690056,0,0,0,6.23,11.74,,,,1,1,1,1,,,,522703,635898.95
1641825000,5.395,5.43,4.965,5.3,6.031459185773795,6.634544178809142,0,0,0,6.23,11.74,,,,1,1,1,1,,,,1070572,677318.3
1641911400,5.3,5.65,5.23,5.54,5.933167348619036,6.5350401625537655,0,0,0,6.23,11.74,,,,1,1,1,1,,,,412849,666674.75
1641997800,5.6,5.7099,5.345,5.42,5.830533878895229,6.433672875048877,0,0,0,6.23,11.74,,,,1,1,1,1,,,,281846,640313.85
1642084200,5.46,5.46,5.12,5.16,5.696427103116183,6.317884431862616,0,0,0,6.23,11.74,,,,1,1,1,1,,,,283266,612813
1642170600,5.05,5.18,4.79,4.99,5.5551416824929465,6.197167665329651,0,0,0,6.23,11.74,,,,1,1,1,1,,,,571931,585693.7
1642516200,4.89,4.99,4.58,4.65,5.374113345994357,6.056516059390592,0,0,0,6.23,11.74,,,,1,1,1,1,,,,657776,570615.15
1642602600,4.69,4.75,4.46,4.46,5.191290676795486,5.91137823580963,0,0,0,6.23,11.74,,,,1,1,1,1,,,,381839,548134.6
1642689000,4.53,4.7673,4.42,4.43,5.039032541436389,5.776707487099663,0,0,0,6.23,11.74,,,,1,1,1,1,,,,364349,520939.9
1642775400,4.32,4.45,4.15,4.17,4.865226033149111,5.630643170090603,0,0,0,6.23,11.74,,,,1,1,1,1,,,,709912,518599.15
1643034600,4.24,4.64,3.92,4.58,4.808180826519289,5.535130154627821,0,0,0,6.23,11.74,,,,1,1,1,1,,,,834159,542084.55
1643121000,4.52,4.61,4.295,4.53,4.752544661215431,5.443754686025292,0,0,0,6.23,11.74,,,,1,1,1,1,,,,350663,536210.05
1643207400,5,5.33,4.37,4.43,4.688035728972345,5.351595169113902,0,0,0,6.23,11.74,,,,1,1,1,1,,,,7191876,863948.25
1643293800,4.48,4.67,4.15,4.17,4.584428583177876,5.244177426467184,0,0,0,6.23,11.74,,,,1,1,1,1,,,,689981,874498
1643380200,4.17,4.57,4.05,4.57,4.581542866542301,5.1828885695156215,0,0,0,6.23,11.74,,,,1,1,1,1,,,,591387,883519.9
1643639400,4.57,4.99,4.53,4.99,4.663234293233841,5.1653532450142015,0,0,0,3.92,12.25,14.7,16,,1,1,1,1,,,,451020,890652.2
1643725800,5.03,5.38,4.85,5.26,4.7825874345870725,5.173957495467456,0,0,0,3.92,12.25,14.7,16,,1,1,1,1,,,,547316,902835.6
1643812200,5.3,5.3,4.705,4.75,4.776069947669658,5.135415904970414,0,0,0,3.92,12.25,14.7,16,,1,1,1,1,,,,550204,893981.8
1643898600,4.62,4.7222,4.51,4.63,4.746855958135726,5.089469004518558,0,0,0,3.92,12.25,14.7,16,,1,1,1,1,,,,398739,879400.95
1643985000,4.62,4.84,4.4,4.78,4.753484766508581,5.061335458653235,0,0,0,3.92,12.25,14.7,16,,1,1,1,1,,,,420372,864138
1644244200,4.79,4.93,4.59,4.63,4.728787813206865,5.022123144230214,0,0,0,3.92,12.25,14.7,16,,1,1,1,1,,,,299672,852986.45
1644330600,4.63,4.88,4.6,4.79,4.741030250565492,5.001021040209285,0,0,0,3.92,12.25,14.7,16,,1,1,1,1,,,,139638,806439.75
1644417000,4.95,5.2,4.87,5.14,4.820824200452393,5.0136554910993505,0,0,0,3.92,12.25,14.7,16,,1,1,1,1,,,,360486,803821.6
1644503400,5.01,5.3895,5,5.03,4.862659360361914,5.0151413555448645,0,0,0,3.92,12.25,14.7,16,,1,1,1,1,,,,309975,805228.05
1644589800,5.04,5.2675,4.84,4.99,4.888127488289531,5.012855777768059,0,0,0,3.92,12.25,14.7,16,,1,1,1,1,,,,321412,807135.35
1644849000,5.01,5.18,4.86,4.91,4.892501990631625,5.003505252516417,0,0,0,3.92,12.25,14.7,16,,1,1,1,1,,,,217185,789398.05
1644935400,5.06,5.26,5.01,5.26,4.9660015925053,5.026822956833106,0,0,0,3.92,12.25,14.7,16,,1,1,1,1,,,,138383,763428.4
1645021800,5.25,5.31,5.09,5.27,5.0268012740042405,5.048929960757369,0,0,0,3.92,12.25,14.7,16,,1,1,1,1,,,,152322,751952.55
1645108200,5.2,5.23,4.83,4.85,4.991441019203393,5.030845418870335,0,0,0,3.92,12.25,14.7,16,,1,1,1,1,,,,202160,743843.1
1645194600,4.84,5,4.56,4.65,4.923152815362714,4.996223108063941,0,0,0,3.92,12.25,14.7,16,,1,1,1,1,,,,266263,721660.65
1645540200,4.57,4.66,4.3,4.38,4.814522252290171,4.940202825512674,0,0,0,3.92,12.25,14.7,16,,1,1,1,1,,,,368081,698356.75
1645626600,4.47,4.51,4.08,4.11,4.673617801832137,4.8647298413751585,0,0,0,3.92,12.25,14.7,16,,1,1,1,1,,,,326540,697150.6
1645713000,4,4.7,3.93,4.68,4.67489424146571,4.847936219431962,0,0,0,3.92,12.25,14.7,16,,1,1,1,1,,,,326959,353904.75
1645799400,4.68,4.84,4.5301,4.73,4.685915393172568,4.837214744938147,0,0,0,3.92,12.25,14.7,16,,1,1,1,1,,,,269278,332869.6
1646058600,4.75,5.06,4.75,5,4.748732314538055,4.852013404489225,0,0,0,3.92,12.25,14.7,16,,1,1,1,1,,,,202104,313405.45
1646145000,5.04,5.3,4.94,5.1,4.818985851630444,4.87455764044475,0,0,0,3.92,12.25,14.7,16,,1,1,1,1,,,,259341,303821.5
1646231400,5.13,5.57,5,5.5,4.955188681304355,4.9314160367679545,0,0,0,3.92,12.25,14.7,16,,1,1,1,1,,,,463287,299620.05
1646317800,5.56,5.58,5,5.02,4.968150945043484,4.939469124334504,0,0,0,3.92,12.25,14.7,16,,1,1,1,1,,,,251416,284680.65
1646404200,4.96,5.175,4.74,4.77,4.9285207560347875,4.924062840304095,0,0,0,3.92,12.25,14.7,16,,1,1,1,1,,,,313612,280424.3
1646663400,4.77,4.9302,4.51,4.63,4.86881660482783,4.897329854821905,0,0,0,3.92,12.25,14.7,16,,1,1,1,1,,,,232001,271005.75
1646749800,4.57,5.07,4.26,4.8,4.855053283862264,4.8884816862017315,0,0,0,3.92,12.25,14.7,16,,1,1,1,1,,,,398633,275953.8
1646836200,5,5.2501,4.9294,4.96,4.876042627089811,4.894983351092483,0,0,0,3.92,12.25,14.7,16,,1,1,1,1,,,,176153,277779.55
1646922600,4.82,5.458,4.77,5.43,4.986834101671849,4.943621228265894,0,0,0,3.92,12.25,14.7,16,,1,1,1,1,,,,270311,273270.8
1647009000,5.49,5.6797,5.23,5.31,5.051467281337479,4.97692838933263,0,0,0,3.92,12.25,14.7,16,,1,1,1,1,,,,277414,271642.75
1647264600,5.34,5.34,4.76,5.01,5.043173825069983,4.9799348993933,0,0,0,3.92,12.25,14.7,16,,1,1,1,1,,,,392113,275177.8
1647351000,5.02,5.29,5.0101,5.21,5.076539060055986,5.000849908539364,0,0,0,3.92,12.25,14.7,16,,1,1,1,1,,,,205295,274583.3
1647437400,5.29,5.47,5.07,5.35,5.131231248044789,5.032590825944877,0,0,0,3.92,12.25,14.7,16,,1,1,1,1,,,,329589,284143.6
1647523800,5.34,6.21,5.2,6.15,5.334984998435831,5.134173478131706,0,0,0,3.92,12.25,14.7,16,,1,1,1,1,,,,584161,305735.55
1647610200,6.01,6.62,5.96,6.55,5.577987998748665,5.262884980119733,0,0,0,3.92,12.25,14.7,16,,1,1,1,1,,,,407922,316023.65
1647869400,6.58,6.94,6.42,6.61,5.784390398998933,5.38534998192703,0,0,0,3.92,12.25,14.7,16,,1,1,1,1,,,,558140,330617.5
1647955800,6.56,7.68,6.21,7.19,6.065512319199146,5.549409074479119,1,0,0,3.92,12.25,14.7,16,,2,1,1,1,1,,,1599217,392174.3
1648042200,7.2,7.35,6.52,6.61,6.174409855359317,5.645826431344654,0,0,0,3.92,12.25,14.7,16,,2,1,1,1,,,,1170899,434392.25
1648128600,6.64,7.5674,6.64,7.31,6.401527884287454,5.7971149375860485,0,0,0,3.92,12.25,14.7,16,,2,1,1,1,,,,699114,453000
1648215000,7.39,7.52,6.905,7.02,6.525222307429963,5.908286306896407,0,0,0,3.92,12.25,14.7,16,,2,1,1,1,,,,413320,460202.1
1648474200,7.16,7.59,7.15,7.57,6.73417784594397,6.059351188087643,0,0,0,3.92,12.25,14.7,16,,2,1,1,1,,,,303336,465263.7
1648560600,7.64,7.99,7.55,7.75,6.937342276755176,6.213046534625129,0,0,0,3.92,12.25,14.7,16,,2,1,1,1,,,,633319,483962.6
1648647000,7.55,7.9855,7.3519,7.46,7.041873821404141,6.326405940568299,0,0,0,3.92,12.25,14.7,16,,2,1,1,1,,,,345874,478091.95
1648733400,7.48,7.6746,7.28,7.3,7.093499057123313,6.414914491425726,0,0,0,3.92,12.25,14.7,16,,2,1,1,1,,,,424462,486744.25
1648819800,7.37,7.97,7.37,7.81,7.23679924569865,6.54174044675066,0,0,0,3.92,12.25,14.7,16,,2,1,1,1,,,,643055,503216.4
1649079000,7.88,7.88,7.6,7.68,7.32543939655892,6.645218587955146,0,0,0,3.92,12.25,14.7,16,,2,1,1,1,,,,340991,508665.9
1649165400,7.67,7.8,7.38,7.62,7.384351517247136,6.733835079959223,0,0,0,3.92,12.25,14.7,16,,2,1,1,1,,,,500412,513754.85
1649251800,7.43,7.5619,6.9252,7.11,7.329481213797709,6.768031890872021,0,0,0,3.92,12.25,14.7,16,,2,1,1,1,,,,601324,535013.4
1649338200,7.04,7.1,6.55,6.88,7.239584971038167,6.778210809883656,0,0,0,3.92,12.25,14.7,16,,2,1,1,1,,,,506524,546824.05
1649424600,6.87,6.87,6.5,6.52,7.0956679768305335,6.754737099894233,0,0,0,3.92,12.25,14.7,16,,2,1,1,1,,,,321124,549009.55
1649683800,6.36,6.88,6.21,6.69,7.0145343814644265,6.748851908994757,0,0,0,3.92,12.25,14.7,16,,2,1,1,1,,,,261508,542479.3
1649770200,6.81,7.09,6.72,6.86,6.983627505171541,6.758956280904324,0,0,0,3.92,12.25,14.7,16,,2,1,1,1,,,,349615,549695.3
1649856600,6.93,7.41,6.8039,7.4,7.0669020041372335,6.817232982640295,0,0,0,3.92,12.25,14.7,16,,2,1,1,1,,,,238959,545163.8
1649943000,7.43,7.47,7.1201,7.23,7.099521603309787,6.854757256945723,0,0,0,3.92,12.25,14.7,16,,2,1,1,1,,,,261426,529027.05
1650288600,7.2,7.37,7,7.12,7.103617282647829,6.878870233587021,0,0,0,3.92,12.25,14.7,16,,2,1,1,1,,,,201958,518728.85
1650375000,7.07,7.51,7.01,7.34,7.1508938261182635,6.920791121442746,0,0,0,3.92,12.25,14.7,16,,2,1,1,1,,,,304440,506043.85
1650461400,7.36,7.589,7.25,7.5,7.2207150608946105,6.97344647403886,0,0,0,3.92,12.25,14.7,16,,2,1,1,1,,,,378603,445013.15
1650547800,7.6,7.6,7,7.11,7.198572048715689,6.985860430944418,0,0,0,3.92,12.25,14.7,16,,2,1,1,1,,,,333279,403132.15
1650634200,7.06,7.5,6.8259,6.98,7.154857638972551,6.985327664494926,0,0,0,3.92,12.25,14.7,16,,2,1,1,1,,,,292210,382786.95
1650893400,6.9,7.52,6.9,7.48,7.219886111178041,7.030297876813568,0,0,0,3.92,12.25,14.7,16,,2,1,1,1,,,,251405,374691.2
1650979800,7.19,7.42,6.97,7.02,7.179908888942433,7.029361706194153,0,0,0,3.92,12.25,14.7,16,,2,1,1,1,,,,216485,370348.65
1651066200,7,7.4491,6.97,7.29,7.201927111153946,7.053056096540139,0,0,0,3.92,12.25,14.7,16,,2,1,1,1,,,,429866,360176
1651152600,7.38,8.23,7.2,7.98,7.357541688923157,7.137323724127399,0,0,0,3.92,12.25,14.7,16,,2,1,1,1,,,,507422,368253.4
1651239000,7.97,8.1899,7.8509,8.11,7.5080333511385255,7.225748840115817,0,0,0,3.92,12.25,14.7,16,,2,1,1,1,,,,366783,365369.45
1651498200,8.03,8.3,7.83,8.1,7.6264266809108205,7.305226218287107,0,0,0,3.92,12.25,14.7,16,,2,1,1,1,,,,537696,360101.5
1651584600,8.23,8.23,7.95,8.16,7.733141344728656,7.382932925715552,0,0,0,3.92,12.25,14.7,16,,2,1,1,1,,,,427173,364410.6
1651671000,8.17,8.2,7.66,8,7.786513075782925,7.439029932468683,0,0,0,3.92,12.25,14.7,16,,2,1,1,1,,,,522958,365537.9
1651757400,7.85,7.9699,7.27,7.4,7.70921046062634,7.435481756789712,0,0,0,3.92,12.25,14.7,16,,2,1,1,1,,,,387495,354846.45
1651843800,7.3,7.3919,6.6311,6.79,7.525368368501073,7.376801597081556,0,0,0,3.92,12.25,14.7,16,,2,1,1,1,,,,532324,356136.45
1652103000,6.52,6.66,5.6601,5.78,7.176294694800858,7.231637815528687,0,0,1,3.92,12.25,14.7,16,,1,1,1,1,,,1,872429,383701.7
1652189400,6.11,6.3,5.52,5.78,6.897035755840687,7.0996707413897155,0,0,0,3.92,12.25,14.7,16,,1,1,1,1,,,,643576,402805.1
1652275800,4.05,6.17,4.05,5.07,6.53162860467255,6.915155219445196,0,0,0,3.92,12.25,14.7,16,,1,1,1,1,,,,1208853,445767
1652362200,5,6.52,4.9808,6.04,6.4333028837380395,6.835595654041087,0,0,0,3.92,12.25,14.7,16,,1,1,1,1,,,,796786,473658.35
1652448600,6.2,6.505,6,6.44,6.4346423069904315,6.799632412764624,0,0,0,3.92,12.25,14.7,16,,1,1,1,1,,,,521758,486674.95
1652707800,6.41,6.96,6.2576,6.7,6.487713845592345,6.7905749206951125,0,0,0,3.92,12.25,14.7,16,,1,1,1,1,,,,523713,502762.7
1652794200,7,7.235,6.7212,7.11,6.612171076473876,6.819613564268284,0,0,0,3.92,12.25,14.7,16,,1,1,1,1,,,,354369,505259.15
1652880600,6.79,7.6,6.79,7.23,6.735736861179101,6.856921422062077,0,0,0,4.05,8.3,,,,1,1,1,1,,,,484138,510535.9
1652967000,7.09,7.2099,6.8,6.82,6.752589488943281,6.853564929147343,0,0,0,4.05,8.3,,,,1,1,1,1,,,,414641,514604
1653053400,6.96,7.24,6.92,7.19,6.840071591154625,6.884149935588494,0,0,0,4.05,8.3,,,,1,1,1,1,,,,295641,514775.55
1653312600,7.33,7.33,6.69,6.78,6.8280572729237,6.874681759625903,0,0,0,4.05,8.3,,,,1,1,1,1,,,,346297,519520.15
1653399000,6.66,6.69,6.232,6.51,6.7644458183389595,6.841528872387185,0,0,0,4.05,8.3,,,,1,1,1,1,,,,305724,523982.1
1653485400,6.5,6.84,6.41,6.77,6.765556654671167,6.835026247624714,0,0,0,4.05,8.3,,,,1,1,1,1,,,,204222,512699.9
1653571800,6.83,7.17,6.6601,6.84,6.7804453237369335,6.835478406931558,0,0,0,4.05,8.3,,,,1,1,1,1,,,,258882,500272.9
1653658200,6.94,7.21,6.92,7.16,6.856356258989547,6.86498036993778,0,0,0,4.05,8.3,,,,1,1,1,1,,,,280278,495947.65
1654003800,7.19,7.47,7.03,7.23,6.931085007191638,6.89816397267071,0,0,0,4.05,8.3,,,,1,1,1,1,,,,335050,485815.35
1654090200,7.27,7.4899,7.135,7.43,7.030868005753311,6.946512702427918,0,0,0,4.05,8.3,,,,1,1,1,1,,,,288263,478869.85
1654176600,7.41,7.72,7.2601,7.55,7.134694404602649,7.00137518402538,0,0,0,4.05,8.3,,,,1,1,1,1,,,,282631,466853.5
1654263000,7.52,7.62,7.26,7.35,7.177755523682119,7.033068349113982,0,0,0,4.05,8.3,,,,1,1,1,1,,,,284069,461682.2
1654522200,7.5,7.67,6.79,7.07,7.156204418945696,7.036425771921802,0,0,0,4.05,8.3,,,,1,1,1,1,,,,337433,451937.65
1654608600,6.88,7,6.57,6.91,7.106963535156557,7.024932519928911,0,0,0,4.05,8.3,,,,1,1,1,1,,,,427607,429696.55
1654695000,6.85,7.15,6.82,7.09,7.103570828125245,7.030847745389919,0,0,0,4.05,8.3,,,,1,1,1,1,,,,241292,409582.35
1654781400,7.07,7.11,6.7,6.73,7.028856662500196,7.003497950354472,0,0,0,4.05,8.3,,,,1,1,1,1,,,,279962,363137.8
1654867800,6.56,6.6499,6.22,6.36,6.895085330000157,6.944998136685884,0,0,0,4.05,8.3,,,,1,1,1,1,,,,292973,337947.15
1655127000,6.02,6.46,6.02,6.32,6.780068264000126,6.888180124259894,0,0,0,4.05,8.3,,,,1,1,1,1,,,,422029,332960.7
1655213400,6.33,7.12,6.19,6.9,6.804054611200101,6.889254658418086,0,0,0,4.05,8.3,,,,1,1,1,1,,,,434840,328517.05
1655299800,7.05,7.25,6.8901,7.16,6.875243688960081,6.913867871289169,0,0,0,4.05,8.3,,,,1,1,1,1,,,,461795,333888.35
1655386200,7.01,7.2099,6.48,6.61,6.822194951168065,6.88624351935379,0,0,0,4.05,8.3,,,,1,1,1,1,,,,587935,339078.2
1655472600,6.72,7.49,6.61,7.21,6.899755960934452,6.915675926685263,0,0,0,4.05,8.3,,,,1,1,1,1,,,,1506997,393696
1655818200,7.26,7.49,6.85,6.92,6.903804768747562,6.91606902425933,0,0,0,4.05,8.3,,,,1,1,1,1,,,,540535,405940.7
1655904600,6.79,7.04,6.63,6.7,6.86304381499805,6.8964263856903,0,0,0,4.05,8.3,,,,1,1,1,1,,,,348957,406073.7
1655991000,6.75,6.92,6.25,6.42,6.77443505199844,6.853114896082091,0,0,0,4.05,8.3,,,,1,1,1,1,,,,517676,416671.3
1656077400,6.48,6.5999,5.66,6.11,6.641548041598752,6.785558996438264,0,0,0,4.05,8.3,,,,1,1,1,1,,,,4101126,611516.5
1656336600,6.25,6.3999,5.83,5.86,6.485238433279002,6.7014172694893315,0,0,0,4.05,8.3,,,,1,1,1,1,,,,460794,621612.1
1656423000,5.93,6,5.55,5.57,6.302190746623202,6.59856115408121,0,0,0,4.05,8.3,,,,1,1,1,1,,,,548693,635032.85
1656509400,5.54,5.59,5.23,5.38,6.117752597298561,6.487782867346555,0,0,0,4.05,8.3,,,,1,1,1,1,,,,431283,639844.5
1656595800,5.3,5.66,5.2601,5.39,5.9722020778388485,6.387984424860504,0,0,0,4.05,8.3,,,,1,1,1,1,,,,318726,641367.65
1656682200,5.37,5.51,5.3,5.5,5.877761662271078,6.307258568055004,0,0,0,4.05,8.3,,,,1,1,1,1,,,,224850,638478.6
1657027800,5.34,5.83,5.2673,5.82,5.866209329816863,6.262962334595458,0,0,0,4.05,8.3,,,,1,1,1,1,,,,642225,656386.4
1657114200,5.81,6.1,5.65,5.71,5.8349674638534905,6.212693031450416,0,0,0,4.05,8.3,,,,1,1,1,1,,,,374467,658238.1
1657200600,5.75,5.89,5.64,5.65,5.797973971082793,6.161539119500379,0,0,0,4.05,8.3,,,,1,1,1,1,,,,306237,652169.6
1657287000,5.62,5.72,5.37,5.52,5.742379176866234,6.10321738136398,0,0,0,4.05,8.3,,,,1,1,1,1,,,,266464,653428.2
1657546200,5.4,5.5,4.9601,5.12,5.617903341492988,6.013833983058164,0,0,0,4.05,8.3,,,,1,1,1,1,,,,506037,664731.95
1657632600,5.12,5.15,4.8,4.86,5.46632267319439,5.908939984598331,0,0,0,4.05,8.3,,,,1,1,1,1,,,,452696,672718.1
1657719000,4.8,5.03,4.6,4.69,5.311058138555512,5.7981272587257555,0,0,0,4.05,8.3,,,,1,1,1,1,,,,469780,675105.65
1657805400,4.6,4.69,4.4701,4.55,5.15884651084441,5.684661144296141,0,0,0,4.05,8.3,,,,1,1,1,1,,,,446289,675678.1
1657891800,4.63,4.76,4.4316,4.76,5.079077208675528,5.600601040269219,0,0,0,4.05,8.3,,,,1,1,1,1,,,,342447,669710.7
1658151000,4.79,4.885,4.55,4.58,4.979261766940422,5.507819127517472,0,0,0,4.05,8.3,,,,1,1,1,1,,,,370024,658815.15
1658237400,4.67,4.82,4.6601,4.72,4.927409413552338,5.436199206834065,0,0,0,4.05,8.3,,,,1,1,1,1,,,,193418,593136.2
1658323800,4.76,5.1882,4.7507,5.16,4.973927530841871,5.411090188030968,0,0,0,4.05,8.3,,,,1,1,1,1,,,,377372,584978.05
1658410200,5.09,5.23,5.02,5.21,5.021142024673496,5.392809261846335,0,0,0,4.05,8.3,,,,1,1,1,1,,,,158638,575462.1
1658496600,5.25,5.25,4.76,4.83,4.982913619738797,5.341644783496668,0,0,0,4.4316,7.72,,,,1,1,1,1,,,,253923,562274.45
1658755800,4.85,4.905,4.77,4.84,4.9543308957910375,5.296040712269698,0,0,0,4.4316,7.72,,,,1,1,1,1,,,,156752,365055.75
1658842200,4.84,4.84,4.52,4.62,4.88746471663283,5.2345824656997255,0,0,0,4.4316,7.72,,,,1,1,1,1,,,,228309,353431.5
1658928600,4.65,4.83,4.642,4.76,4.861971773306264,5.191438605181569,0,0,0,4.4316,7.72,,,,1,1,1,1,,,,448811,348437.4
1659015000,4.77,4.88,4.57,4.65,4.819577418645011,5.142216913801426,0,0,0,4.4316,7.72,,,,1,1,1,1,,,,387566,346251.55
1659101400,4.66,4.71,4.46,4.58,4.7716619349160085,5.091106285274024,0,0,0,4.4316,7.72,,,,1,1,1,1,,,,485454,354587.95
1659360600,4.51,4.59,4.15,4.57,4.731329547932807,5.043732986612749,0,0,0,4.4316,7.72,,,,1,1,1,1,,,,702821,378486.5
1659447000,4.52,4.92,4.52,4.74,4.733063638346246,5.016120896920681,0,0,0,4.4316,7.72,,,,1,1,1,1,,,,584545,375602.5
1659533400,4.78,5.23,4.66,5.18,4.822450910676997,5.0310189972006185,0,0,0,4.4316,7.72,,,,1,1,1,1,,,,550363,384397.3
1659619800,5.2,5.459,4.97,5.31,4.919960728541597,5.056380906546017,0,0,0,4.4316,7.72,,,,1,1,1,1,,,,933538,415762.35
1659706200,5.24,5.41,5.01,5.37,5.009968582833278,5.084891733223651,0,0,0,4.4316,7.72,,,,1,1,1,1,,,,479097,426394
1659965400,5.35,5.51,5.17,5.25,5.057974866266623,5.0999015756578645,0,0,0,4.15,7.72,,,,1,1,1,1,,,,373874,419785.85
1660051800,4.95,5.33,4.72,4.76,4.998379893013298,5.069001432416241,0,0,0,4.15,7.72,,,,1,1,1,1,,,,825396,438420.85
1660138200,5,5.03,4.76,4.92,4.982703914410639,5.055455847651128,0,0,0,4.15,7.72,,,,1,1,1,1,,,,368551,433359.4
1660224600,4.95,5.68,4.93,5.26,5.038163131528511,5.074050770591935,0,0,0,4.15,7.72,,,,1,1,1,1,,,,597275,440908.7
1660311000,5.25,5.36,5.16,5.21,5.072530505222809,5.086409791447213,0,0,0,4.15,7.72,,,,1,1,1,1,,,,323629,439967.8
1660570200,5.12,5.32,5.1036,5.17,5.092024404178247,5.094008901315648,0,0,0,4.15,7.72,,,,1,1,1,1,,,,238458,433389.5
1660656600,5.26,5.28,5.05,5.22,5.117619523342597,5.105462637559681,0,0,0,4.15,7.72,,,,1,1,1,1,,,,257383,436587.75
1660743000,5.14,5.18,4.98,5.13,5.120095618674077,5.107693306872437,0,0,0,4.15,7.72,,,,1,1,1,1,,,,201660,427802.15
1660829400,5.18,5.2564,4.92,5.09,5.114076494939262,5.106084824429488,0,0,0,4.15,7.72,,,,1,1,1,1,,,,263080,433024.25
1660915800,4.97,4.97,4.8,4.81,5.05326119595141,5.079168022208625,0,0,0,4.15,7.72,,,,1,1,1,1,,,,200598,430358
1661175000,4.8,4.831,4.57,4.68,4.978608956761128,5.042880020189659,0,0,0,4.15,7.72,,,,1,1,1,1,,,,285235,436782.15
1661261400,4.65,4.85,4.65,4.66,4.914887165408902,5.008072745626963,0,0,0,4.15,7.72,,,,1,1,1,1,,,,188126,434773
1661347800,4.65,4.9,4.65,4.8,4.891909732327122,4.989157041479057,0,0,0,4.15,7.72,,,,1,1,1,1,,,,166659,420665.4
1661434200,4.82,5.0493,4.81,5,4.913527785861698,4.990142764980961,0,0,0,4.15,7.72,,,,1,1,1,1,,,,204966,411535.4
1661520600,5,5,4.8,4.81,4.892822228689358,4.9737661499826915,0,0,0,4.15,7.72,,,,1,1,1,1,,,,160901,395307.75
1661779800,4.7,4.86,4.68,4.78,4.870257782951486,4.95615104543881,0,0,0,4.15,7.72,,,,1,1,1,1,,,,175928,368963.1
1661866200,4.82,4.85,4.5499,4.57,4.810206226361189,4.921046404944373,0,0,0,4.15,7.72,,,,1,1,1,1,,,,174118,348441.75
1661952600,4.65,4.86,4.62,4.72,4.792164981088951,4.902769459040339,0,0,0,4.15,7.72,,,,1,1,1,1,,,,346289,338238.05
1662039000,4.69,4.75,4.45,4.61,4.7557319848711606,4.8761540536730354,0,0,0,4.15,7.72,,,,1,1,1,1,,,,270782,305100.25
1662125400,4.68,4.74,4.485,4.6,4.724585587896929,4.851049139702759,0,0,0,4.15,7.72,,,,1,1,1,1,,,,141289,288209.85
1662471000,4.58,4.61,4.4443,4.52,4.683668470317543,4.820953763366145,0,0,0,4.15,7.72,,,,1,1,1,1,,,,185821,278807.2
1662557400,4.52,4.595,4.4,4.49,4.6449347762540345,4.7908670576055865,0,0,0,4.15,7.72,,,,1,1,1,1,,,,153936,245234.2
1662643800,4.45,4.5573,4.4,4.47,4.609947821003227,4.761697325095987,0,0,0,4.15,7.72,,,,1,1,1,1,,,,177251,235669.2
1662730200,4.46,4.54,4.32,4.38,4.563958256802581,4.72699756826908,0,0,0,4.15,7.72,,,,1,1,1,1,,,,290266,220318.75
1662989400,4.4,4.49,4.32,4.37,4.525166605442065,4.6945432438809815,0,0,0,4.15,7.72,,,,1,1,1,1,,,,158525,212063.55
1663075800,4.25,4.345,4.17,4.18,4.456133284353652,4.647766585346347,0,0,0,4.15,7.72,,,,1,1,1,1,,,,258181,213049.7
1663162200,4.17,4.3253,4.05,4.3,4.424906627482922,4.616151441223952,0,0,0,4.15,7.72,,,,1,1,1,1,,,,272740,213817.55
1663248600,4.25,4.33,4.15,4.21,4.381925301986337,4.579228582930865,0,0,0,4.15,7.72,,,,1,1,1,1,,,,154147,211441.9
1663335000,4.12,4.2,4.05,4.19,4.34354024158907,4.5438441663007865,0,0,0,4.15,7.72,,,,1,1,1,1,,,,520101,224292.95
1663594200,4.12,4.19,4.05,4.17,4.308832193271256,4.509858333000715,0,0,0,4.15,7.72,,,,1,1,1,1,,,,166794,222602.75
1663680600,4.11,4.305,4.07,4.25,4.297065754617004,4.486234848182469,0,0,0,4.15,7.72,,,,1,1,1,1,,,,187712,217726.6
1663767000,4.25,4.44,4.1,4.1,4.257652603693604,4.45112258925679,0,0,0,4.15,7.72,,,,1,1,1,1,,,,251943,220917.45
1663853400,4.1,4.16,4,4.09,4.224122082954883,4.418293262960718,0,0,0,4.15,7.72,,,,1,1,1,1,,,,288110,226990
1663939800,4.01,4.05,3.9,3.94,4.167297666363907,4.374812057237016,0,0,0,4.15,7.72,,,,1,1,1,1,,,,441147,238799.05
1664199000,3.87,4.0221,3.53,3.56,4.0458381330911255,4.300738233851833,0,0,0,4.15,7.72,,,,1,1,1,1,,,,582089,259858.45
1664285400,3.6,3.78,3.53,3.62,3.9606705064729004,4.2388529398653025,0,0,0,4.15,7.72,,,,1,1,1,1,,,,211810,261652.55
1664371800,3.6,3.765,3.54,3.72,3.9125364051783205,4.191684490786638,0,0,0,4.15,7.72,,,,1,1,1,1,,,,201924,263042.85
1664458200,3.65,3.68,3.445,3.63,3.8560291241426565,4.14062226435149,0,0,0,4.15,7.72,,,,1,1,1,1,,,,278030,259629.9
1664544600,3.62,3.8,3.5807,3.7,3.8248232993141253,4.100565694864991,0,0,0,4.15,7.72,,,,1,1,1,1,,,,261520,259166.8
1664803800,3.72,3.73,3.56,3.65,3.7898586394513,4.059605177149992,0,0,0,4.15,7.72,,,,1,1,1,1,,,,170853,260645
1664890200,3.76,4.0399,3.75,3.99,3.82988691156104,4.0532774337727195,0,0,0,4.15,7.72,,,,1,1,1,1,,,,225740,262640.95
1664976600,3.96,3.995,3.76,3.88,3.839909529248832,4.037524939793381,0,0,0,4.15,7.72,,,,1,1,1,1,,,,127756,261331.95
1665063000,3.84,3.96,3.79,3.81,3.8339276233990653,4.0168408543576195,0,0,0,3.445,5.68,8.3,12.25,14.7,1,1,1,1,,,,145034,259721.1
1665149400,3.78,3.78,3.4,3.47,3.7611420987192523,3.9671280494160177,0,0,0,3.445,5.68,8.3,12.25,14.7,1,1,1,1,,,,194422,254928.9
1665408600,3.45,3.45,3.225,3.34,3.676913678975402,3.910116408560016,0,0,0,3.445,5.68,8.3,12.25,14.7,1,1,1,1,,,,218115,257908.4
1665495000,3.35,3.49,3.235,3.38,3.6175309431803218,3.8619240077818326,0,0,0,3.445,5.68,8.3,12.25,14.7,1,1,1,1,,,,168102,253404.45
1665581400,3.38,3.4499,3.23,3.4,3.5740247545442574,3.8199309161653026,0,0,0,3.445,5.68,8.3,12.25,14.7,1,1,1,1,,,,173775,248456.2
1665667800,3.31,3.41,3.25,3.36,3.531219803635406,3.7781190146957297,0,0,0,3.445,5.68,8.3,12.25,14.7,1,1,1,1,,,,196341,250565.9
1665754200,3.39,3.47,3.29,3.36,3.496975842908325,3.7401081951779362,0,0,0,3.445,5.68,8.3,12.25,14.7,1,1,1,1,,,,161634,232642.55
1666013400,3.37,3.58,3.37,3.44,3.48558067432666,3.712825631979942,0,0,0,3.225,5.68,8.3,12.25,14.7,1,1,1,1,,,,228572,235731.45
1666099800,3.56,3.6466,3.47,3.53,3.494464539461328,3.696205119981766,0,0,0,3.225,5.68,8.3,12.25,14.7,1,1,1,1,,,,123836,232537.65
1666186200,3.53,3.75,3.44,3.64,3.5235716315690624,3.691095563619787,0,0,0,3.225,5.68,8.3,12.25,14.7,1,1,1,1,,,,315761,235728.55
1666272600,3.62,3.795,3.605,3.76,3.5708573052552497,3.6973596032907157,0,0,0,3.225,5.68,8.3,12.25,14.7,1,1,1,1,,,,186542,230650.15
1666359000,3.79,3.88,3.655,3.84,3.6246858442042,3.710326912082469,0,0,0,3.225,5.68,8.3,12.25,14.7,1,1,1,1,,,,204226,218804.1
1666618200,3.87,4.07,3.82,4.06,3.71174867536336,3.7421153746204263,0,0,0,3.225,5.68,8.3,12.25,14.7,1,1,1,1,,,,250283,202213.8
1666704600,4.07,4.61,4.07,4.45,3.859398940290688,3.8064685223822057,1,0,0,3.225,5.68,8.3,12.25,14.7,2,1,1,1,1,,,375041,210375.35
1666791000,4.38,4.45,3.95,4.02,3.8915191522325503,3.825880474892914,0,0,0,3.225,5.68,8.3,12.25,14.7,2,1,1,1,,,,353884,217973.35
1666877400,4.03,4.03,3.75,3.84,3.88121532178604,3.827164068084467,0,0,0,3.225,5.68,8.3,12.25,14.7,2,1,1,1,,,,383336,223238.65
1666963800,3.89,3.91,3.5792,3.87,3.878972257428832,3.831058243713152,0,0,0,3.225,5.68,8.3,12.25,14.7,2,1,1,1,,,,263759,223350.6
1667223000,3.83,4.16,3.79,4,3.9031778059430655,3.8464165851937744,0,0,0,3.225,5.68,8.3,12.25,14.7,2,1,1,1,,,,183770,223996.45
1667309400,4.07,4.125,3.8396,3.92,3.906542244754452,3.853105986539795,0,0,0,3.225,5.68,8.3,12.25,14.7,2,1,1,1,,,,130787,219248.8
1667395800,3.94,3.94,3.545,3.56,3.8372337958035616,3.82645998776345,0,0,1,3.225,5.68,8.3,12.25,14.7,1,1,1,1,,,1,249932,225357.6
1667482200,3.5,3.55,3.35,3.48,3.765787036642849,3.7949636252395,0,0,0,3.225,5.68,8.3,12.25,14.7,1,1,1,1,,,,179807,227096.25
1667568600,3.51,3.52,3.27,3.36,3.6846296293142795,3.7554214774904544,0,0,0,3.225,5.68,8.3,12.25,14.7,1,1,1,1,,,,115602,223155.25
1667831400,3.34,3.47,3.18,3.42,3.6317037034514237,3.724928615900413,0,0,0,3.225,5.68,8.3,12.25,14.7,1,1,1,1,,,,272383,225868.65
1667917800,3.45,3.45,3.285,3.39,3.583362962761139,3.6944805599094663,0,0,0,3.225,5.68,8.3,12.25,14.7,1,1,1,1,,,,165309,225729
1668004200,3.54,3.54,3.11,3.17,3.500690370208911,3.6468005090086058,0,0,0,3.225,5.68,8.3,12.25,14.7,1,1,1,1,,,,356544,234867.45
1668090600,3.29,3.65,3.201,3.51,3.5025522961671287,3.6343640990987325,0,0,0,3.225,5.68,8.3,12.25,14.7,1,1,1,1,,,,415516,245826.2
1668177000,3.5,3.9,3.44,3.81,3.564041836933703,3.650330999180666,0,0,0,3.225,5.68,8.3,12.25,14.7,1,1,1,1,,,,373074,256398.2
1668436200,3.78,3.785,3.2886,3.565,3.5642334695469624,3.6425736356187874,0,0,0,3.225,5.68,8.3,12.25,14.7,1,1,1,1,,,,414978,265718.5
1668522600,3.56,3.64,3.17,3.18,3.48738677563757,3.6005214869261706,0,0,0,3.225,5.68,8.3,12.25,14.7,1,1,1,1,,,,487342,283893.8
1668609000,3.13,3.16,2.84,2.91,3.371909420510056,3.5377468062965187,0,0,0,3.225,5.68,8.3,12.25,14.7,1,1,1,1,,,,659542,301082.85
1668695400,2.81,2.975,2.75,2.95,3.287527536408045,3.4843152784513807,0,0,0,3.225,5.68,8.3,12.25,14.7,1,1,1,1,,,,379758,310743.65
1668781800,3.02,3.03,2.81,2.87,3.204022029126436,3.428468434955801,0,0,0,3.225,5.68,8.3,12.25,14.7,1,1,1,1,,,,210968,311080.75
1669041000,2.9,2.93,2.555,2.625,3.0882176233011487,3.355425849959819,0,0,0,3.225,5.68,8.3,12.25,14.7,1,1,1,1,,,,530587,325095.95
1669127400,2.62,2.72,2.5118,2.69,3.008574098640919,3.2949325908725626,0,0,0,3.225,5.68,8.3,12.25,14.7,1,1,1,1,,,,333567,323022.25
1669213800,2.68,2.71,2.5801,2.685,2.943859278912735,3.2394841735205113,0,0,0,3.225,5.68,8.3,12.25,14.7,1,1,1,1,,,,185323,314594.2
1669386600,2.65,2.71,2.5801,2.64,2.883087423130188,3.184985612291374,0,0,0,3.225,5.68,8.3,12.25,14.7,1,1,1,1,,,,107928,300823.8
1669645800,2.59,2.66,2.57,2.59,2.8244699385041505,3.1308960111739763,0,0,0,3.225,5.68,8.3,12.25,14.7,1,1,1,1,,,,184502,296860.95
1669732200,2.59,2.65,2.55,2.57,2.77357595080332,3.079905464703615,0,0,0,3.225,5.68,8.3,12.25,14.7,1,1,1,1,,,,186149,296979.9
1669818600,2.59,2.6369,2.52,2.59,2.736860760642656,3.0353686042760133,0,0,0,2.5118,4.61,5.68,8.3,11.74,1,1,1,1,,,,353345,308107.8
1669905000,2.6,2.67,2.47,2.49,2.687488608514125,2.985789640250921,0,0,0,2.5118,4.61,5.68,8.3,11.74,1,1,1,1,,,,335609,312391.65
1669991400,2.45,2.535,2.35,2.41,2.6319908868113,2.9334451275008373,0,0,0,2.5118,4.61,5.68,8.3,11.74,1,1,1,1,,,,301904,318496.5
1670250600,2.42,2.46,2.2,2.31,2.56759270944904,2.876768297728034,0,0,0,2.5118,4.61,5.68,8.3,11.74,1,1,1,1,,,,434902,334461.5
1670337000,2.32,2.38,2.225,2.28,2.5100741675592317,2.822516634298213,0,0,0,2.5118,4.61,5.68,8.3,11.74,1,1,1,1,,,,234261,332555.4
1670423400,2.28,2.42,2.2201,2.28,2.4640593340473855,2.7731969402711028,0,0,0,2.5118,4.61,5.68,8.3,11.74,1,1,1,1,,,,226687,335624.3
1670509800,2.29,2.42,2.23,2.32,2.4352474672379083,2.7319972184282753,0,0,0,2.5118,4.61,5.68,8.3,11.74,1,1,1,1,,,,284821,332038.15
1670596200,2.32,2.45,2.2617,2.37,2.4221979737903268,2.699088380389341,0,0,0,2.5118,4.61,5.68,8.3,11.74,1,1,1,1,,,,190193,320772
1670855400,2.36,2.36,2.1,2.17,2.3717583790322614,2.6509894367175826,0,0,0,2.5118,4.61,5.68,8.3,11.74,1,1,1,1,,,,491399,326688.25
1670941800,2.28,2.38,1.9401,2,2.297406703225809,2.591808578834166,0,0,0,2.5118,4.61,5.68,8.3,11.74,1,1,1,1,,,,700583,340968.5
1671028200,1.97,2.09,1.88,1.93,2.223925362580647,2.5316441625765145,0,0,0,2.5118,4.61,5.68,8.3,11.74,1,1,1,1,,,,723265,352764.65
1671114600,1.85,2.01,1.85,1.91,2.161140290064518,2.4751310568877405,0,0,0,2.5118,4.61,5.68,8.3,11.74,1,1,1,1,,,,727696,356172.35
1671201000,1.88,1.9504,1.7,1.85,2.0989122320516143,2.418300960807037,0,0,0,2.5118,4.61,5.68,8.3,11.74,1,1,1,1,,,,1765728,425470.85
1671460200,1.83,1.93,1.79,1.82,2.0431297856412916,2.3639099643700336,0,0,0,2.5118,4.61,5.68,8.3,11.74,1,1,1,1,,,,377109,433777.9
1671546600,1.79,1.96,1.775,1.92,2.0185038285130332,2.323554513063667,0,0,0,2.5118,4.61,5.68,8.3,11.74,1,1,1,1,,,,467191,430608.1
1671633000,1.97,1.97,1.828,1.88,1.9908030628104265,2.2832313755124245,0,0,0,2.5118,4.61,5.68,8.3,11.74,1,1,1,1,,,,469295,437394.5
1671719400,1.84,1.84,1.74,1.75,1.9426424502483413,2.234755795920386,0,0,0,2.5118,4.61,5.68,8.3,11.74,1,1,1,1,,,,276956,441976.15
1671805800,1.78,1.78,1.6318,1.69,1.892113960198673,2.185232541745805,0,0,0,2.5118,4.61,5.68,8.3,11.74,1,1,1,1,,,,886544,480906.95
1672151400,1.65,1.67,1.5132,1.54,1.8216911681589383,2.1265750379507318,0,0,0,2.5118,4.61,5.68,8.3,11.74,1,1,1,1,,,,296017,486482.7
1672237800,1.51,1.69,1.48,1.56,1.7693529345271506,2.075068216318847,0,0,0,2.5118,4.61,5.68,8.3,11.74,1,1,1,1,,,,580917,506221.1
1672324200,1.62,1.62,1.4718,1.5,1.7154823476217205,2.0227892875625884,0,0,0,2.5118,4.61,5.68,8.3,11.74,1,1,1,1,,,,656823,521395
1672410600,1.46,1.6,1.46,1.59,1.6903858780973764,1.9834448068750803,0,0,0,2.5118,4.61,5.68,8.3,11.74,1,1,1,1,,,,678712,538550.15
1672756200,1.59,1.69,1.52,1.54,1.660308702477901,1.9431316426137093,0,0,0,2.5118,4.61,5.68,8.3,11.74,1,1,1,1,,,,241222,535516.05
1672842600,1.58,1.61,1.5,1.51,1.6302469619823208,1.9037560387397356,0,0,0,2.5118,4.61,5.68,8.3,11.74,1,1,1,1,,,,159764,521759.15
1672929000,1.51,1.52,1.42,1.44,1.5921975695858566,1.8615963988543052,0,0,0,2.5118,4.61,5.68,8.3,11.74,1,1,1,1,,,,255945,522843.35
1673015400,1.45,1.55,1.3811,1.53,1.5797580556686852,1.831451271685732,0,0,0,2.5118,4.61,5.68,8.3,11.74,1,1,1,1,,,,382542,530636.1
1673274600,1.52,1.6594,1.5,1.56,1.5758064445349482,1.8067738833506655,0,0,0,2.5118,4.61,5.68,8.3,11.74,1,1,1,1,,,,120484,522419.25
1673361000,1.57,1.71,1.55,1.67,1.5946451556279586,1.7943398939551505,0,0,0,2.5118,4.61,5.68,8.3,11.74,1,1,1,1,,,,202044,523011.8
1673447400,1.69,1.82,1.66,1.73,1.6217161245023668,1.7884908126865005,0,0,0,2.5118,4.61,5.68,8.3,11.74,1,1,1,1,,,,372969,517090.3
1673533800,1.74,1.82,1.685,1.8,1.6573728996018935,1.789537102442273,0,0,0,2.5118,4.61,5.68,8.3,11.74,1,1,1,1,,,,176778,490900.05
1673620200,1.82,1.92,1.8,1.88,1.7018983196815147,1.7977610022202481,0,0,0,1.3811,4.61,5.68,8.3,11.74,1,1,1,1,,,,228500,466161.8
1673965800,1.9,1.99,1.81,1.85,1.7315186557452118,1.8025100020184075,0,0,0,1.3811,4.61,5.68,8.3,11.74,1,1,1,1,,,,126591,436106.55
1674052200,1.88,1.94,1.76,1.79,1.7432149245961694,1.8013727291076431,0,0,0,1.3811,4.61,5.68,8.3,11.74,1,1,1,1,,,,222722,358956.25
1674138600,1.77,1.82,1.71,1.78,1.7505719396769355,1.799429753734221,0,0,0,1.3811,4.61,5.68,8.3,11.74,1,1,1,1,,,,175771,348889.35
1674225000,1.81,1.82,1.73,1.78,1.7564575517415484,1.7976634124856554,0,0,0,1.3811,4.61,5.68,8.3,11.74,1,1,1,1,,,,144427,332751.15
1674484200,1.76,1.86,1.752,1.85,1.7751660413932386,1.8024212840778686,0,0,0,1.3811,4.61,5.68,8.3,11.74,1,1,1,1,,,,159374,317255.1
1674570600,1.84,2,1.84,1.93,1.806132833114591,1.8140193491616987,0,0,0,1.3811,4.61,5.68,8.3,11.74,1,1,1,1,,,,398459,323330.25
1674657000,1.87,1.89,1.78,1.86,1.8169062664916729,1.818199408328817,0,0,0,1.3811,4.61,5.68,8.3,11.74,1,1,1,1,,,,279741,292990.1
1674743400,1.92,1.99,1.83,1.98,1.8495250131933383,1.8329085530261973,0,0,0,1.3811,4.61,5.68,8.3,11.74,1,1,1,1,,,,394731,297925.8
1674829800,1.98,2.09,1.93,2.05,1.8896200105546705,1.8526441391147248,0,0,0,1.3811,4.61,5.68,8.3,11.74,1,1,1,1,,,,259622,281861.05
1675089000,2.05,2.05,1.97,2,1.9116960084437364,1.8660401264679316,0,0,0,1.3811,4.61,5.68,8.3,11.74,1,1,1,1,,,,229457,260492.75
1675175400,1.96,2.02,1.95,1.99,1.927356806754989,1.8773092058799379,0,0,0,1.3811,4.61,5.68,8.3,11.74,1,1,1,1,,,,221516,237632.95
1675261800,1.95,2.16,1.95,2.14,1.9698854454039914,1.90119018716358,0,0,0,1.3811,4.61,5.68,8.3,11.74,1,1,1,1,,,,237064,237425.05
1675348200,2.11,2.28,2.11,2.18,2.011908356323193,1.9265365337850726,0,0,0,1.3811,4.61,5.68,8.3,11.74,1,1,1,1,,,,377069,248290.3
1675434600,2.13,2.34,2.13,2.21,2.0515266850585547,1.9523059398046114,0,0,0,1.3811,4.61,5.68,8.3,11.74,1,1,1,1,,,,293226,250154.35
1675693800,2.2,2.27,2.15,2.24,2.089221348046844,1.9784599452769196,0,0,0,1.3811,4.61,5.68,8.3,11.74,1,1,1,1,,,,370243,249539.4
1675780200,2.25,2.44,2.2,2.4,2.1513770784374753,2.0167817684335634,0,0,0,1.3811,4.61,5.68,8.3,11.74,1,1,1,1,,,,484137,267722.05
1675866600,2.36,2.42,2.29,2.3,2.18110166274998,2.0425288803941486,0,0,0,1.3811,4.61,5.68,8.3,11.74,1,1,1,1,,,,350559,275147.8
1675953000,2.31,2.3499,2.04,2.055,2.155881330199984,2.043662618540135,0,0,0,1.3811,4.61,5.68,8.3,11.74,1,1,1,1,,,,405049,276751.8
1676039400,2.03,2.07,1.97,2.01,2.1267050641599874,2.040602380491032,0,0,0,1.3811,4.61,5.68,8.3,11.74,1,1,1,1,,,,154163,275621.05
1676298600,2.01,2.08,1.92,2.03,2.10736405132799,2.03963852771912,0,0,0,1.3811,4.61,5.68,8.3,11.74,1,1,1,1,,,,359510,282171.55
1676385000,2.15,2.22,1.99,2.16,2.117891241062392,2.0505804797446547,0,0,0,1.3811,4.61,5.68,8.3,11.74,1,1,1,1,,,,953985,323541.25
1676471400,2.2,2.47,2.13,2.4,2.1743129928499134,2.082345890676959,0,0,0,1.3811,4.61,5.68,8.3,11.74,1,1,1,1,,,,723904,348600.35
1676557800,2.4,2.42,2.13,2.175,2.1744503942799307,2.090768991524508,0,0,0,1.3811,4.61,5.68,8.3,11.74,1,1,1,1,,,,379284,358776
1676644200,2.23,2.29,2.15,2.21,2.1815603154239445,2.101608174113189,0,0,0,1.3811,4.61,5.68,8.3,11.74,1,1,1,1,,,,238213,363465.3
1676989800,2.15,2.2,2,2.01,2.1472482523391556,2.0932801582847174,0,0,0,1.3811,4.61,5.68,8.3,11.74,1,1,1,1,,,,325450,371769.1
1677076200,2.02,2.09,1.93,1.97,2.1117986018713246,2.082072871167925,0,0,0,1.3811,4.61,5.68,8.3,11.74,1,1,1,1,,,,356834,369687.85
1677162600,2.03,2.0353,1.89,2.02,2.0934388814970597,2.076429882879932,0,0,0,1.3811,4.61,5.68,8.3,11.74,1,1,1,1,,,,172809,364341.25
1677249000,1.95,2.01,1.9,1.93,2.0607511051976477,2.063118075345393,0,0,0,1.3811,4.61,5.68,8.3,11.74,1,1,1,1,,,,191541,354181.75
1677508200,1.92,1.92,1.7793,1.81,2.010600884158118,2.0401073412230843,0,0,0,1.3811,4.61,5.68,8.3,11.74,1,1,1,1,,,,323224,357361.85
1677594600,1.8,1.91,1.7501,1.88,1.9844807073264943,2.0255521283846223,0,0,0,1.3811,4.61,5.68,8.3,11.74,1,1,1,1,,,,368307,364304.35
1677681000,1.85,1.91,1.78,1.89,1.9655845658611955,2.013229207622384,0,0,0,1.3811,4.61,5.68,8.3,11.74,1,1,1,1,,,,223852,364421.15
1677767400,1.85,1.8799,1.79,1.83,1.9384676526889564,1.9965720069294401,0,0,0,1.3811,4.61,5.68,8.3,11.74,1,1,1,1,,,,311260,368130.95
1677853800,1.82,1.915,1.8,1.86,1.9227741221511652,1.9841563699358546,0,0,0,1.3811,4.61,5.68,8.3,11.74,1,1,1,1,,,,188780,358716.5
1678113000,1.92,1.985,1.8,1.84,1.9062192977209322,1.9710512453962314,0,0,0,1.3811,4.61,5.68,8.3,11.74,1,1,1,1,,,,297875,358948.95
1678199400,1.85,1.91,1.71,1.72,1.8689754381767458,1.9482284049056648,0,0,0,1.3811,4.61,5.68,8.3,11.74,1,1,1,1,,,,228921,351882.85
1678285800,1.73,1.7581,1.6,1.63,1.8211803505413966,1.9192985499142408,0,0,0,1.3811,4.61,5.68,8.3,11.74,1,1,1,1,,,,294964,342424.2
1678372200,1.64,1.67,1.48,1.5,1.7569442804331172,1.881180499922037,0,0,0,1.3811,4.61,5.68,8.3,11.74,1,1,1,1,,,,595816,354687.05
1678458600,1.49,1.545,1.32,1.535,1.7125554243464938,1.84970954538367,0,0,0,1.3811,4.61,5.68,8.3,11.74,1,1,1,1,,,,730390,370954.1
1678714200,1.5,1.68,1.45,1.58,1.6860443394771951,1.8251904958033365,0,0,0,1.3811,4.61,5.68,8.3,11.74,1,1,1,1,,,,266892,376590.55
1678800600,1.69,1.69,1.47,1.54,1.6568354715817561,1.7992640870939423,0,0,0,1.3811,4.61,5.68,8.3,11.74,1,1,1,1,,,,507674,383998.75
1678887000,1.46,1.55,1.415,1.46,1.6174683772654048,1.7684218973581294,0,0,0,1.3811,4.61,5.68,8.3,11.74,1,1,1,1,,,,211560,346877.5
1678973400,1.45,1.52,1.414,1.46,1.5859747018123238,1.740383543052845,0,0,0,1.3811,4.61,5.68,8.3,11.74,1,1,1,1,,,,232694,322317
1679059800,1.43,1.43,1.26,1.3,1.528779761449859,1.7003486755025863,0,0,0,1.3811,4.61,5.68,8.3,11.74,1,1,1,1,,,,780158,342360.7
1679319000,1.27,1.27,1.07,1.16,1.4550238091598873,1.6512260686387148,0,0,0,1.3811,4.61,5.68,8.3,11.74,1,1,1,1,,,,527510,356825.55
1679405400,1.19,1.26,1.16,1.24,1.4120190473279097,1.6138418805806498,0,0,0,1.3811,4.61,5.68,8.3,11.74,1,1,1,1,,,,378862,359496.15
1679491800,1.24,1.29,1.17,1.18,1.3656152378623279,1.5744017096187726,0,0,0,1.3811,4.61,5.68,8.3,11.74,1,1,1,1,,,,574709,370389.9
1679578200,1.19,1.21,1.08,1.1,1.3124921902898623,1.5312742814716114,0,0,0,1.3811,4.61,5.68,8.3,11.74,1,1,1,1,,,,384902,380994.55
1679664600,1.07,1.12,1,1.1,1.2699937522318898,1.4920675286105558,0,0,0,1.3811,4.61,5.68,8.3,11.74,1,1,1,1,,,,612069,402020.95
1679923800,1.12,1.16,1.01,1.05,1.225995001785512,1.4518795714641417,0,0,0,1.3811,4.61,5.68,8.3,11.74,1,1,1,1,,,,242593,397989.4
1680010200,1.06,1.1,1.03,1.08,1.1967960014284096,1.4180723376946742,0,0,0,1.3811,4.61,5.68,8.3,11.74,1,1,1,1,,,,329869,396067.5
1680096600,1.06,1.11,1.04,1.07,1.1714368011427276,1.3864293979042492,0,0,0,1.3811,4.61,5.68,8.3,11.74,1,1,1,1,,,,294979,399623.85
1680183000,1.1,1.13,1.055,1.06,1.149149440914182,1.356753998094772,0,0,0,1.3811,4.61,5.68,8.3,11.74,1,1,1,1,,,,210828,394602.25
1680269400,1.09,1.12,1.01,1.08,1.1353195527313455,1.33159454372252,0,0,0,1,2.47,4.61,5.68,7.72,1,1,1,1,,,,228669,396596.7
1680528600,1.08,1.1,0.9792,1.04,1.1162556421850764,1.3050859488386546,0,0,0,1,2.47,4.61,5.68,7.72,1,1,1,1,,,,382876,400846.75
1680615000,1.04,1.04,0.971,0.971,1.0872045137480613,1.2747144989442314,0,0,0,1,2.47,4.61,5.68,7.72,1,1,1,1,,,,329369,405869.15
1680701400,0.9678,0.9887,0.8862,0.8965,1.049063610998449,1.240331362676574,0,0,0,1,2.47,4.61,5.68,7.72,1,1,1,1,,,,793794,430810.65
1680787800,0.9087,0.999,0.777,0.9602,1.0312908887987593,1.2148648751605218,0,0,0,1,2.47,4.61,5.68,7.72,1,1,1,1,,,,769522,439495.95
1681133400,0.9673,1.035,0.9301,0.9923,1.0234927110390075,1.1946317046913835,0,0,0,1,2.47,4.61,5.68,7.72,1,1,1,1,,,,233046,414628.75
1681219800,1.02,1.03,0.9924,1.01,1.020794168831206,1.177847004264894,0,0,0,1,2.47,4.61,5.68,7.72,1,1,1,1,,,,115734,407070.85
1681306200,1.03,1.03,0.8625,0.9331,1.003255335064965,1.155597276604449,0,0,0,1,2.47,4.61,5.68,7.72,1,1,1,1,,,,476245,405499.4
1681392600,0.93,1.04,0.93,1.04,1.010604268051972,1.145088433276772,0,0,0,1,2.47,4.61,5.68,7.72,1,1,1,1,,,,284493,409146.05
1681479000,1.04,1.05,0.9793,1.02,1.0124834144415775,1.133716757524338,0,0,0,0.777,2.47,4.61,5.68,7.72,1,1,1,1,,,,198051,407413.9
1681738200,1.02,1.02,0.9851,1.02,1.013986731553262,1.123378870476671,0,0,0,0.777,2.47,4.61,5.68,7.72,1,1,1,1,,,,149388,375875.4
1681824600,1.02,1.02,0.99,1.02,1.0151893852426097,1.1139807913424282,0,0,0,0.777,2.47,4.61,5.68,7.72,1,1,1,1,,,,124820,355740.9
1681911000,1.02,1.02,0.964101,1,1.0121515081940877,1.1036189012203892,0,0,0,0.777,2.47,4.61,5.68,7.72,1,1,1,1,,,,105332,342064.4
1681997400,1,1.04,0.92955,0.9414,0.9980012065552701,1.088871728382172,0,0,0,0.777,2.47,4.61,5.68,7.72,1,1,1,1,,,,231490,324903.45
1682083800,0.9179,0.97,0.8745,0.8788,0.9741609652442161,1.0697742985292473,0,0,0,0.777,2.47,4.61,5.68,7.72,1,1,1,1,,,,205020,315909.35
1682343000,0.8807,0.8835,0.8,0.8212,0.9435687721953729,1.0471766350265885,0,0,0,0.777,2.47,4.61,5.68,7.72,1,1,1,1,,,,347256,302668.7
1682429400,0.867,0.9358,0.801,0.8161,0.9180750177562984,1.0261696682059895,0,0,0,0.777,2.47,4.61,5.68,7.72,1,1,1,1,,,,179302,299504.15
1682515800,0.81,0.8797,0.8036,0.8657,0.9076000142050388,1.0115815165508997,0,0,0,0.777,2.47,4.61,5.68,7.72,1,1,1,1,,,,228904,294455.9
1682602200,0.84,0.9516,0.8324,0.9448,0.915040011364031,1.005510469591727,0,0,0,0.777,2.47,4.61,5.68,7.72,1,1,1,1,,,,273582,293386.05
1682688600,0.945,1.04,0.94,1,0.9320320090912249,1.0050095178106608,0,0,0,0.777,2.47,4.61,5.68,7.72,1,1,1,1,,,,156662,290677.75
1682947800,1,1.01,0.9398,0.9711,0.9398456072729798,1.001926834373328,0,0,0,0.777,2.47,4.61,5.68,7.72,1,1,1,1,,,,90064,283747.5
1683034200,0.98,1.01,0.8743,0.9148,0.9348364858183839,0.9940062130666619,0,0,0,0.777,2.47,4.61,5.68,7.72,1,1,1,1,,,,209530,275080.2
1683120600,0.9191,0.98,0.9088,0.9128,0.930429188654707,0.9866238300606017,0,0,0,0.777,2.47,4.61,5.68,7.72,1,1,1,1,,,,201532,268688.35
1683207000,0.92,0.92,0.853,0.8973,0.9238033509237656,0.9785034818732743,0,0,0,0.777,2.47,4.61,5.68,7.72,1,1,1,1,,,,301233,244060.3
1683293400,0.9464,1.25,0.911,1.21,0.9810426807390125,0.9995486198847948,0,0,0,0.777,2.47,4.61,5.68,7.72,1,1,1,1,,,,704604,240814.4
1683552600,1.13,1.25,1.1,1.105,1.00583414459121,1.009135108986177,0,0,0,0.777,2.47,4.61,5.68,7.72,1,1,1,1,,,,304577,244390.95
1683639000,1.07,1.26,1.07,1.22,1.048667315672968,1.0283046445328883,0,0,0,0.777,2.47,4.61,5.68,7.72,1,1,1,1,,,,376252,257416.85
1683725400,1.26,1.31,1.17,1.25,1.0889338525383745,1.048458767757171,0,0,0,0.777,2.47,4.61,5.68,7.72,1,1,1,1,,,,304071,248808.15
1683811800,1.28,1.28,1.07,1.085,1.0881470820306995,1.0517806979610647,0,0,0,0.777,2.47,4.61,5.68,7.72,1,1,1,1,,,,423728,255769.9
1683898200,1.07,1.095,1.055,1.08,1.0865176656245596,1.0543460890555134,0,0,0,0.777,2.47,4.61,5.68,7.72,1,1,1,1,,,,222147,256974.7
1684157400,1.06,1.07,0.9001,0.9253,1.0542741324996476,1.0426146264141032,0,0,0,0.777,2.47,4.61,5.68,7.72,1,1,1,1,,,,905506,294780.6
1684243800,0.93,0.9694,0.8601,0.8661,1.016639305999718,1.0265678421946394,0,0,0,0.777,2.47,4.61,5.68,7.72,1,1,1,1,,,,312562,304167.7
1684330200,0.89,0.93,0.81,0.8493,0.9831714447997745,1.0104525838133085,0,0,0,0.777,2.47,4.61,5.68,7.72,1,1,1,1,,,,443541,321078.15
1684416600,0.8393,0.95,0.8393,0.93,0.9725371558398196,1.0031387125575533,0,0,0,0.777,2.47,4.61,5.68,7.72,1,1,1,1,,,,361675,327587.4
1684503000,0.9534,0.9795,0.9001,0.918,0.9616297246718557,0.9953988295977757,0,0,0,0.777,2.47,4.61,5.68,7.72,1,1,1,1,,,,218640,328268.4
1684762200,0.92,0.9491,0.86,0.9099,0.9512837797374846,0.9876262087252506,0,0,0,0.777,2.47,4.61,5.68,7.72,1,1,1,1,,,,350646,328437.9
1684848600,0.89,0.9229,0.8732,0.8862,0.9382670237899876,0.9784056442956824,0,0,0,0.777,2.47,4.61,5.68,7.72,1,1,1,1,,,,270044,332975
1684935000,0.878,0.888,0.852,0.8562,0.92185361903199,0.9672960402688022,0,0,0,0.81,1.31,,,,1,1,1,1,,,,107430,326901.3
1685021400,0.8606,0.875661,0.818801,0.8245,0.902382895225592,0.9543145820625475,0,0,0,0.81,1.31,,,,1,1,1,1,,,,262438,326344.1
1685107800,0.8179,0.88,0.8179,0.8311,0.8881263161804736,0.9431132564204977,0,0,0,0.81,1.31,,,,1,1,1,1,,,,197987,328410.35
1685453400,0.8436,0.8772,0.8,0.8262,0.8757410529443789,0.9324847785640888,0,0,0,0.81,1.31,,,,1,1,1,1,,,,225064,335160.35
1685539800,0.81,0.88,0.80011,0.8673,0.8740528423555031,0.9265588896037171,0,0,0,0.81,1.31,,,,1,1,1,1,,,,282232,338795.45
1685626200,0.850201,0.875,0.8271,0.8587,0.8709822738844024,0.9203898996397428,0,0,0,0.81,1.31,,,,1,1,1,1,,,,110128,334225.25
1685712600,0.86,0.93,0.82,0.8755,0.8718858191075219,0.9163089996724935,0,0,0,0.81,1.31,,,,1,1,1,1,,,,172839,327805.55
1685971800,0.8663,0.8987,0.8663,0.8984,0.8771886552860175,0.9146809087931759,0,0,0,0.81,1.31,,,,1,1,1,1,,,,135829,299366.8
1686058200,0.87,0.92,0.808,0.8195,0.8656509242288141,0.9060280989028872,0,0,0,0.8,1.31,,,,1,1,1,1,,,,275682,297922.05
1686144600,0.8157,0.9889,0.81,0.9583,0.8841807393830513,0.9107800899117156,0,0,0,0.8,1.31,,,,1,1,1,1,,,,255183,291868.6
1686231000,0.93,0.95,0.8716,0.9313,0.893604591506441,0.9126455362833777,0,0,0,0.8,1.31,,,,1,1,1,1,,,,234379,288384
1686317400,0.9387,0.9799,0.9105,0.96,0.9068836732051528,0.9169504875303434,0,0,0,0.8,1.31,,,,1,1,1,1,,,,262228,280309
1686576600,0.9312,0.98,0.9203,0.9795,0.9214069385641223,0.9226368068457667,0,0,0,0.8,1.31,,,,1,1,1,1,,,,158796,277141.45
1686663000,0.98,1.1,0.9632,1.09,0.9551255508512978,0.9378516425870606,1,0,0,0.8,1.31,,,,2,1,1,1,1,,,363852,250058.75
1686749400,1.1,1.1,1.07,1.07,0.9781004406810383,0.9498651296246005,0,0,0,0.8,1.31,,,,2,1,1,1,,,,257098,247285.55
1686835800,1.06,1.07,1,1.01,0.9844803525448307,0.9553319360223641,0,0,0,0.8,1.31,,,,2,1,1,1,,,,297597,239988.35
1686922200,1.02,1.0499,0.98125,1.03,0.9935842820358646,0.9621199418385128,0,0,0,0.8,1.31,,,,2,1,1,1,,,,373967,240602.95
1687267800,1,1.01,0.9717,0.975,0.9898674256286917,0.9632908562168299,0,0,0,0.8,1.31,,,,2,1,1,1,,,,205453,239943.6
1687354200,0.97,0.997,0.9234,0.9486,0.9816139405029534,0.9619553238334817,0,0,0,0.8,1.31,,,,2,1,1,1,,,,230122,233917.4
1687440600,0.9561,0.9661,0.89,0.9492,0.9751311524023627,0.9607957489395288,0,0,0,0.8,1.31,,,,2,1,1,1,,,,214100,231120.2
1687527000,0.9715,1.1488,0.95,1.01,0.9821049219218901,0.9652688626722989,0,1,0,0.8,1.31,,,,3,1,1,1,,1,,4034429,427470.15
1687786200,1.03,1.05,0.8996,0.9136,0.9684039375375121,0.9605716933384536,0,0,0,0.8,1.31,,,,3,1,1,1,,,,468591,437777.8
1687872600,0.92,0.9497,0.8768,0.8768,0.9500831500300096,0.9529560848531397,0,0,0,0.8,1.31,,,,3,1,1,1,,,,433859,449571.4
1687959000,0.8635,0.8902,0.8192,0.8486,0.9297865200240077,0.9434691680483088,0,0,0,0.8,1.31,,,,3,1,1,1,,,,457067,461171.55
1688045400,0.8501,0.8918,0.8301,0.8301,0.9098492160192062,0.9331628800439171,0,0,0,0.8,1.31,,,,3,1,1,1,,,,322724,463196.15
1688131800,0.8301,0.9121,0.8301,0.8604,0.899959372815365,0.9265480727671974,0,0,0,0.8,1.31,,,,3,1,1,1,,,,373519,476365.7
1688391000,0.8802,0.9501,0.8802,0.9045,0.900867498252292,0.924543702515634,0,0,0,0.8,1.31,,,,3,1,1,1,,,,107093,473078.4
1688563800,0.93,0.98,0.9032,0.9684,0.9143739986018335,0.9285306386505764,0,0,0,0.8,1.31,,,,3,1,1,1,,,,339326,483253.25
1688650200,0.94,0.9684,0.87,0.88,0.9074991988814668,0.9241187624096149,0,0,0,0.8,1.31,,,,3,1,1,1,,,,193406,479139.45
1688736600,0.8948,1.07,0.8948,1.03,0.9319993591051734,0.9337443294632862,0,0,0,0.8,1.31,,,,3,1,1,1,,,,245173,478638.95
1688995800,1.06,1.2,1.04,1.15,0.9755994872841387,0.9534039358757147,0,0,0,0.8,1.31,,,,3,1,1,1,,,,987871,516313.55
1689082200,1.16,1.4598,1.16,1.32,1.044479589827311,0.9867308507961042,0,0,0,0.8,1.31,,,,3,1,1,1,,,,859487,546176.5
1689168600,1.39,1.55,1.18,1.22,1.0795836718618488,1.0079371370873675,0,0,0,0.8,1.31,,,,3,1,1,1,,,,1497459,613109.65
1689255000,1.25,1.4699,1.151,1.39,1.141666937489479,1.0426701246248795,0,0,0,0.8,1.31,,,,3,1,1,1,,,,858530,637843.55
1689341400,1.44,1.4999,1.14,1.18,1.149333549991583,1.0551546587498906,0,0,0,0.8,1.31,,,,3,1,1,1,,,,974861,673731.7
1689600600,1.18,1.28,1.16,1.19,1.1574668399932664,1.0674133261362642,0,0,0,0.8,1.31,,,,3,1,1,1,,,,691159,693409.8
1689687000,1.19,1.26,1.1715,1.2,1.165973471994613,1.0794666601238765,0,0,0,0.8,1.31,,,,3,1,1,1,,,,343808,691901.85
1689773400,1.25,1.65,1.21,1.52,1.2367787775956904,1.1195151455671604,0,0,0,0.8,1.31,,,,3,1,1,1,,,,2151877,789223.05
1689859800,1.45,1.645,1.31,1.62,1.3134230220765524,1.1650137686974185,0,0,0,0.8,1.31,,,,3,1,1,1,,,,1175115,836472.7
1689946200,1.61,2.14,1.52,2,1.450738417661242,1.240921607906744,0,0,0,0.8,1.31,,,,3,1,1,1,,,,4045888,1028062.1
1690205400,1.95,2.13,1.68,2.01,1.5625907341289935,1.3108378253697672,0,0,0,0.8,1.31,,,,3,1,1,1,,,,1963096,924495.45
1690291800,2.03,2.03,1.66,1.685,1.5870725873031948,1.3448525685179702,0,0,0,0.8,1.31,,,,3,1,1,1,,,,1112547,956693.25
1690378200,1.66,1.85,1.55,1.65,1.5996580698425558,1.3725932441072457,0,0,0,0.8,1.31,,,,3,1,1,1,,,,808013,975400.95
1690464600,1.68,1.7,1.45,1.47,1.5737264558740447,1.3814484037338597,0,0,0,0.8,1.31,,,,3,1,1,1,,,,795769,992336.05
1690551000,1.46,1.55,1.4,1.5,1.5589811646992358,1.392225821576236,0,0,0,0.8,1.31,,,,3,1,1,1,,,,408036,996601.65
1690810200,1.51,1.75,1.5,1.63,1.5731849317593887,1.4138416559783964,0,0,0,0.8,1.31,,,,3,1,1,1,,,,1059216,1030886.5
1690896600,1.65,1.72,1.45,1.7,1.5985479454075109,1.4398560508894513,0,0,0,0.8,1.31,,,,3,1,1,1,,,,567538,1053908.75
1690983000,1.67,1.67,1.59,1.635,1.6058383563260088,1.4575964098995011,0,0,0,0.8,1.31,,,,3,1,1,1,,,,369322,1055408.55
1691069400,1.63,1.7,1.56,1.59,1.602670685060807,1.4696330999086373,0,0,0,0.8,1.31,,,,3,1,1,1,,,,346509,1063063.7
1691155800,1.55,1.5899,1.47,1.47,1.5761365480486456,1.4696664544623976,0,0,0,0.8,1.31,,,,3,1,1,1,,,,434497,1072529.9
1691415000,1.48,1.48,1.3,1.32,1.5249092384389165,1.4560604131476342,0,0,0,0.8,1.31,,,,3,1,1,1,,,,483449,1047308.8
1691501400,1.59,1.59,1.1501,1.32,1.4839273907511332,1.4436912846796675,0,0,0,0.8,1.31,,,,3,1,1,1,,,,7183441,1363506.5
1691587800,1.34,1.34,1.2,1.31,1.4491419126009066,1.4315375315269705,0,0,0,0.8,1.31,,,,3,1,1,1,,,,617050,1319486.05
1691674200,1.25,1.2697,1.0901,1.105,1.3803135300807252,1.401852301388155,0,0,0,0.8,1.31,,,,3,1,1,1,,,,1254602,1339289.65
1691760600,1.07,1.16,1.06,1.14,1.33225082406458,1.3780475467165045,0,0,0,0.8,1.31,,,,3,1,1,1,,,,412998,1311196.5
1692019800,1.15,1.19,1.03,1.07,1.279800659251664,1.3500432242877314,0,0,0,0.8,1.31,,,,3,1,1,1,,,,977480,1325512.55
1692106200,1.04,1.17,1.04,1.13,1.2498405274013311,1.3300392948070285,0,0,0,0.8,1.31,,,,3,1,1,1,,,,491072,1332875.75
1692192600,1.12,1.1214,1.05,1.06,1.2118724219210648,1.3054902680063896,0,0,0,0.8,1.31,,,,3,1,1,1,,,,400222,1245293
1692279000,1.01,1.065,1,1,1.169497937536852,1.2777184254603542,0,0,0,0.8,1.31,,,,3,1,1,1,,,,311980,1202136.25
1692365400,0.933,1.03,0.933,1.01,1.1375983500294815,1.2533803867821403,0,0,0,0.8,1.31,,,,3,1,1,1,,,,325958,1016139.75
1692624600,0.99,1.01,0.9207,0.9719,1.1044586800235852,1.2277912607110366,0,0,0,0.8,1.31,,,,3,1,1,1,,,,261896,931079.75
1692711000,0.98,1.01,0.9476,0.9856,1.0806869440188682,1.2057738733736696,0,0,0,0.8,1.31,,,,3,1,1,1,,,,184383,884671.55
1692797400,0.95,0.99,0.95,0.9724,1.0590295552150946,1.184558066703336,0,0,0,0.8,1.31,,,,3,1,1,1,,,,214624,855002.1
1692883800,0.94,0.96245,0.9019,0.9202,1.0312636441720757,1.1605255151848508,0,0,0,0.8,1.31,,,,3,1,1,1,,,,262963,828361.8
1692970200,0.9358,0.98,0.892,0.895,1.0040109153376606,1.136386831986228,0,0,0,0.8,1.31,,,,3,1,1,1,,,,259934,820956.7
1693229400,0.919,0.9841,0.9009,0.905,0.9842087322701285,1.1153516654420255,0,0,0,0.8,1.31,,,,3,1,1,1,,,,168485,776420.15
1693315800,0.902,0.9457,0.902,0.9148,0.9703269858161028,1.0971196958563867,0,0,0,0.8,1.31,,,,3,1,1,1,,,,276664,761876.45
1693402200,0.93,0.99,0.902,0.99,0.9742615886528823,1.0873815416876242,0,0,0,0.8,1.31,,,,3,1,1,1,,,,331239,759972.3
1693488600,0.9946,1.02,0.9751,1,0.9794092709223058,1.0794377651705676,0,0,0,0.8,1.31,,,,3,1,1,1,,,,176461,751469.9
1693575000,0.9828,1.01,0.9406,0.9558,0.9746874167378446,1.0681979683368796,0,0,0,0.892,2.14,,,,1,1,1,1,,,,140901,736790.1
1693920600,0.97,0.97,0.9025,0.9226,0.9642699333902757,1.0549617893971632,0,0,0,0.892,2.14,,,,1,1,1,1,,,,279503,726592.8
1694007000,0.9,0.9899,0.85,0.9098,0.9533759467122206,1.0417652630883303,0,0,0,0.892,2.14,,,,1,1,1,1,,,,958871,415364.3
1694093400,0.9725,0.9919,0.9,0.94,0.9507007573697764,1.0325138755348457,0,0,0,0.892,2.14,,,,1,1,1,1,,,,1136295,441326.55
1694179800,0.95,0.95,0.88,0.9119,0.9429406058958212,1.0215489777589506,0,0,0,0.892,2.14,,,,1,1,1,1,,,,637832,410488.05
1694439000,0.9063,0.9162,0.8801,0.8962,0.9335924847166569,1.0101536161445006,0,0,0,0.892,2.14,,,,1,1,1,1,,,,198646,399770.45
1694525400,0.88,0.8842,0.826,0.8316,0.9131939877733255,0.9939214692222733,0,0,0,0.892,2.14,,,,1,1,1,1,,,,479888,374890.85
1694611800,0.86,0.87,0.8051,0.8155,0.8936551902186604,0.9777013356566121,0,0,0,0.892,2.14,,,,1,1,1,1,,,,187901,359732.3
1694698200,0.83,0.8482,0.8204,0.83,0.8809241521749283,0.964273941506011,0,0,0,0.892,2.14,,,,1,1,1,1,,,,206580,350050.2
1694784600,0.8301,0.860099,0.8152,0.8155,0.8678393217399426,0.9507490377327372,0,0,0,0.892,2.14,,,,1,1,1,1,,,,129513,340926.85
1695043800,0.84,0.84,0.7511,0.7511,0.8444914573919541,0.9325991252115793,0,0,0,0.892,2.14,,,,1,1,1,1,,,,519527,350605.3
1695130200,0.7524,0.7671,0.7154,0.7154,0.8186731659135633,0.9128537501923448,0,0,0,0.892,2.14,,,,1,1,1,1,,,,203975,347709.25
1695216600,0.76,0.76,0.67,0.6705,0.7890385327308507,0.8908215910839499,0,0,0,0.892,2.14,,,,1,1,1,1,,,,239422,350461.2
1695303000,0.65,0.6749,0.5534,0.6239,0.7560108261846805,0.8665559918944998,0,0,0,0.892,2.14,,,,1,1,1,1,,,,932709,386365.45
1695389400,0.61,0.7099,0.61,0.7,0.7448086609477444,0.851414538085909,0,0,0,0.892,2.14,,,,1,1,1,1,,,,385900,392512.3
1695648600,0.71,0.72,0.65,0.71,0.7378469287581956,0.83855867098719,0,0,0,0.892,2.14,,,,1,1,1,1,,,,256524,392341.8
1695735000,0.6886,0.7099,0.6272,0.64,0.7182775430065564,0.8205078827156272,0,0,0,0.892,2.14,,,,1,1,1,1,,,,281301,397982.6
1695821400,0.6551,0.6551,0.565,0.5756,0.6897420344052452,0.7982435297414793,0,0,0,0.892,2.14,,,,1,1,1,1,,,,536595,410979.15
1695907800,0.5947,0.638,0.57635,0.611,0.6739936275241961,0.781221390674072,0,0,0,0.5534,2.14,2.47,4.61,5.68,1,1,1,1,,,,337571,411295.75
1695994200,0.6488,0.659,0.5982,0.6095,0.661094902019357,0.7656103551582473,0,0,0,0.5534,2.14,2.47,4.61,5.68,1,1,1,1,,,,126333,408789.35
1696253400,0.6107,0.6214,0.583,0.608,0.6504759216154855,0.7512821410529521,0,0,0,0.5534,2.14,2.47,4.61,5.68,1,1,1,1,,,,128474,408168
1696339800,0.591,0.5999,0.540818,0.569,0.6341807372923884,0.7347110373208655,0,0,0,0.5534,2.14,2.47,4.61,5.68,1,1,1,1,,,,199497,404167.7
1696426200,0.5862,0.5862,0.55,0.57,0.6213445898339107,0.7197373066553323,0,0,0,0.5534,2.14,2.47,4.61,5.68,1,1,1,1,,,,81210,360284.65
1696512600,0.58,0.58,0.5261,0.555,0.6080756718671286,0.704761187868484,0,0,0,0.5534,2.14,2.47,4.61,5.68,1,1,1,1,,,,204969,313718.35
1696599000,0.555,0.5842,0.5266,0.5771,0.6018805374937028,0.6931556253349854,0,0,0,0.5534,2.14,2.47,4.61,5.68,1,1,1,1,,,,209636,292308.55
1696858200,0.5111,0.56,0.5111,0.558,0.5931044299949623,0.6808687503045322,0,0,0,0.5534,2.14,2.47,4.61,5.68,1,1,1,1,,,,327446,298748.55
1696944600,0.55,0.62,0.460058,0.4775,0.5699835439959698,0.6623806820950293,0,0,0,0.5534,2.14,2.47,4.61,5.68,1,1,1,1,,,,1202267,334867.5
1697031000,0.5001,0.5198,0.4511,0.4695,0.5498868351967758,0.6448460746318448,0,0,0,0.5534,2.14,2.47,4.61,5.68,1,1,1,1,,,,338320,342388.45
1697117400,0.45,0.47,0.41,0.43,0.5259094681574207,0.6253146133016771,0,0,0,0.5534,2.14,2.47,4.61,5.68,1,1,1,1,,,,629193,363519.1
1697203800,0.43,0.43,0.3711,0.389,0.49852757452593655,0.6038314666378883,0,0,0,0.5534,2.14,2.47,4.61,5.68,1,1,1,1,,,,1045321,409309.5
1697463000,0.429,0.5,0.4,0.4922,0.49726205962074926,0.5936831514889894,0,0,0,0.5534,2.14,2.47,4.61,5.68,1,1,1,1,,,,847290,425697.65
1697549400,0.451,0.491,0.4405,0.474,0.49260964769659943,0.5828028649899903,0,0,0,0.5534,2.14,2.47,4.61,5.68,1,1,1,1,,,,368365,433917.15
1697635800,0.474,0.4811,0.4133,0.428,0.47968771815727956,0.5687298772636276,0,0,0,0.5534,2.14,2.47,4.61,5.68,1,1,1,1,,,,380593,440975.7
1697722200,0.44,0.44,0.4006,0.4216,0.46807017452582367,0.555354433876025,0,0,0,0.5534,2.14,2.47,4.61,5.68,1,1,1,1,,,,373867,413033.6
1697808600,0.405,0.4399,0.3898,0.39,0.45245613962065895,0.5403222126145681,0,0,0,0.3711,2.14,2.47,4.61,5.68,1,1,1,1,,,,452207,416348.95
1698067800,0.39,0.42,0.3565,0.3622,0.4344049116965272,0.524129284195062,0,0,0,0.3711,2.14,2.47,4.61,5.68,1,1,1,1,,,,529981,430021.8
1698154200,0.37,0.3842,0.3561,0.359,0.41932392935722174,0.50911753108642,0,0,0,0.3711,2.14,2.47,4.61,5.68,1,1,1,1,,,,1085641,470238.8
1698240600,0.34,0.35,0.32,0.336,0.4026591434857774,0.49337957371492724,0,0,0,0.3711,2.14,2.47,4.61,5.68,1,1,1,1,,,,778235,482320.8
1698327000,0.3225,0.3599,0.3146,0.35,0.39212731478862195,0.4803450670135702,0,0,0,0.3711,2.14,2.47,4.61,5.68,1,1,1,1,,,,493068,490095.65
1698413400,0.3395,0.3903,0.3205,0.374,0.3885018518308976,0.4706773336487002,0,0,0,0.3711,2.14,2.47,4.61,5.68,1,1,1,1,,,,1230140,545286
1698672600,0.3636,0.3874,0.363,0.3799,0.3867814814647181,0.4624248487715456,0,0,0,0.3711,2.14,2.47,4.61,5.68,1,1,1,1,,,,575804,567652.5
1698759000,0.3606,0.3792,0.3552,0.3792,0.38526518517177444,0.4548589534286778,0,0,0,0.3711,2.14,2.47,4.61,5.68,1,1,1,1,,,,100551,562705.2
1698845400,0.38,0.419199,0.3701,0.41,0.39021214813741956,0.4507808667533435,0,0,0,0.3711,2.14,2.47,4.61,5.68,1,1,1,1,,,,245821,570935.75
1698931800,0.41,0.4818,0.3901,0.4743,0.40702971850993563,0.45291896977576684,0,0,0,0.3146,2.14,2.47,4.61,5.68,1,1,1,1,,,,571488,589261.7
1699018200,0.5,0.5589,0.4794,0.5453,0.4346837748079485,0.4613172452506971,0,0,0,0.3146,2.14,2.47,4.61,5.68,1,1,1,1,,,,686082,613084
1699281000,0.5619,0.599999,0.5329,0.571,0.4619470198463588,0.47128840477336104,0,0,0,0.3146,2.14,2.47,4.61,5.68,1,1,1,1,,,,510685,622245.95
1699367400,0.5679,0.59565,0.5254,0.5798,0.485517615877087,0.48115309524851,0,0,0,0.3146,2.14,2.47,4.61,5.68,1,1,1,1,,,,283574,576311.3
1699453800,0.5794,0.5945,0.5509,0.5661,0.5016340927016696,0.48887554113500914,0,0,0,0.3146,2.14,2.47,4.61,5.68,1,1,1,1,,,,256482,572219.4
1699540200,0.62,0.62,0.4783,0.493,0.4999072741613357,0.4892504919409174,0,0,0,0.3146,2.14,2.47,4.61,5.68,1,1,1,1,,,,402362,560877.85
1699626600,0.4931,0.617,0.48,0.6045,0.5208258193290686,0.49972771994628856,0,0,0,0.3146,2.14,2.47,4.61,5.68,1,1,1,1,,,,405720,528897.8
1699885800,0.61,0.7106,0.6048,0.6488,0.5464206554632549,0.5132797454057169,0,0,0,0.3146,2.14,2.47,4.61,5.68,1,1,1,1,,,,1006602,536863.4
1699972200,0.6393,0.6863,0.6032,0.6218,0.5614965243706039,0.5231452230961062,0,0,0,0.3146,2.14,2.47,4.61,5.68,1,1,1,1,,,,574853,547187.8
1700058600,0.6228,0.8,0.533919,0.7864,0.6064772194964831,0.5470774755419148,0,0,0,0.3146,2.14,2.47,4.61,5.68,1,1,1,1,,,,983223,577319.3
1700145000,0.7491,0.79,0.72,0.785,0.6421817755971865,0.5687067959471952,0,0,0,0.3146,2.14,2.47,4.61,5.68,1,1,1,1,,,,448953,581073.6
1700231400,0.801,0.95,0.7617,0.9089,0.6955254204777492,0.5996334508610865,0,0,0,0.3146,2.14,2.47,4.61,5.68,1,1,1,1,,,,1538086,635367.55
1700490600,0.915,1.17,0.9001,1.13,0.7824203363821993,0.6478485916918969,1,0,0,0.3146,2.14,2.47,4.61,5.68,2,1,1,1,1,,,1783744,698055.7
1700577000,1.21,1.21,0.96,1.13,0.8519362691057595,0.6916805379017245,0,0,0,0.3146,2.14,2.47,4.61,5.68,2,1,1,1,,,,1480402,717793.75
1700663400,1.16,1.27,1.05,1.26,0.9335490152846075,0.7433459435470222,0,0,0,0.3146,2.14,2.47,4.61,5.68,2,1,1,1,,,,791747,718469.35
1700836200,1.28,1.34,1.24,1.34,1.0148392122276861,0.7975872214063838,0,0,0,0.3146,2.14,2.47,4.61,5.68,2,1,1,1,,,,628338,725232.85
1701095400,1.29,1.39,1.19,1.38,1.087871369782149,0.8505338376421671,0,0,0,0.3146,2.14,2.47,4.61,5.68,2,1,1,1,,,,978888,712670.25
1701181800,1.38,1.39,1.33,1.36,1.1422970958257193,0.896848943311061,0,0,0,0.3146,2.14,2.47,4.61,5.68,2,1,1,1,,,,398995,703829.8
1701268200,1.31,1.36,1.19,1.24,1.1618376766605754,0.9280444939191463,0,0,0,0.3146,2.14,2.47,4.61,5.68,2,1,1,1,,,,791103,738357.4
1701354600,1.18,1.2544,1.0701,1.095,1.1484701413284604,0.943222267199224,0,0,0,0.3146,2.14,2.47,4.61,5.68,2,1,1,1,,,,468330,749482.85
1701441000,1.08,1.2,1.01,1.1,1.1387761130627683,0.9574747883629309,0,0,0,0.3146,2.14,2.47,4.61,5.68,2,1,1,1,,,,385285,740172.7
1701700200,1.12,1.3,1.06,1.27,1.1650208904502146,0.9858861712390281,0,0,0,0.3146,2.14,2.47,4.61,5.68,2,1,1,1,,,,469642,729350.7
1701786600,1.25,1.33,1.19,1.24,1.1800167123601717,1.0089874283991165,0,0,0,0.3146,2.14,2.47,4.61,5.68,2,1,1,1,,,,385857,723109.3
1701873000,1.24,1.36,1.17,1.2,1.1840133698881374,1.0263522076355605,0,0,0,0.3146,2.14,2.47,4.61,5.68,2,1,1,1,,,,453832,731622.2
1701959400,1.21,1.32,1.2,1.28,1.20321069591051,1.0494110978505096,0,0,0,0.3146,2.14,2.47,4.61,5.68,2,1,1,1,,,,313671,734481.65
1702045800,1.25,1.39,1.25,1.39,1.240568556728408,1.080373725318645,0,0,0,0.3146,2.14,2.47,4.61,5.68,2,1,1,1,,,,488694,738798.25
1702305000,1.39,1.6,1.3844,1.4,1.2724548453827262,1.1094306593805863,0,1,0,0.3146,2.14,2.47,4.61,5.68,3,1,1,1,,1,,793764,758200.45
1702391400,1.37,1.41,1.28,1.31,1.279963876306181,1.1276642358005329,0,0,0,0.3146,2.14,2.47,4.61,5.68,3,1,1,1,,,,308996,723320.15
1702477800,1.3,1.36,1.22,1.35,1.2939711010449448,1.1478765780004845,0,0,0,0.3146,2.14,2.47,4.61,5.68,3,1,1,1,,,,284212,708788.1
1702564200,1.4,1.47,1.31,1.39,1.3131768808359559,1.1698877981822586,0,0,0,0.3146,2.14,2.47,4.61,5.68,3,1,1,1,,,,425530,680903.45
1702650600,1.4,1.45,1.29,1.37,1.3245415046687647,1.188079816529326,0,0,0,0.3146,2.14,2.47,4.61,5.68,3,1,1,1,,,,300656,673488.6
1702909800,1.36,1.41,1.2,1.2,1.2996332037350118,1.1891634695721145,0,0,0,0.3146,2.14,2.47,4.61,5.68,3,1,1,1,,,,324131,612790.85
1702996200,1.22,1.32,1.22,1.27,1.2937065629880093,1.1965122450655585,0,0,0,0.3146,2.14,2.47,4.61,5.68,3,1,1,1,,,,352324,541219.85
1703082600,1.31,1.35,1.18,1.19,1.2729652503904074,1.1959202227868715,0,0,0,0.3146,2.14,2.47,4.61,5.68,3,1,1,1,,,,525210,493460.25
1703169000,1.21,1.33,1.21,1.32,1.282372200312326,1.2072002025335196,0,0,0,0.3146,2.14,2.47,4.61,5.68,3,1,1,1,,,,570460,482395.9
1703255400,1.24,1.42,1.2301,1.31,1.2878977602498607,1.216545638666836,0,0,0,0.3146,2.14,2.47,4.61,5.68,3,1,1,1,,,,728003,487379.15
1703601000,1.32,1.44,1.26,1.41,1.3123182081998885,1.2341323987880328,0,0,0,0.3146,2.14,2.47,4.61,5.68,3,1,1,1,,,,452330,461051.25
1703687400,1.39,1.56,1.36,1.51,1.3518545665599109,1.2592112716254844,0,0,0,0.3146,2.14,2.47,4.61,5.68,3,1,1,1,,,,631693,472686.15
1703773800,1.46,1.63,1.46,1.5,1.3814836532479287,1.2811011560231675,0,0,0,0.3146,2.14,2.47,4.61,5.68,3,1,1,1,,,,857979,476029.95
1703860200,1.53,1.6,1.485,1.53,1.4111869225983429,1.303728323657425,0,0,0,0.3146,2.14,2.47,4.61,5.68,3,1,1,1,,,,273725,466299.7
1704205800,1.57,1.985,1.4802,1.82,1.4929495380786744,1.3506621124158409,0,0,0,0.3146,2.14,2.47,4.61,5.68,3,1,1,1,,,,902729,492171.9
1704292200,1.8,1.91,1.64,1.87,1.5683596304629395,1.3978746476507644,0,0,0,0.3146,2.14,2.47,4.61,5.68,3,1,1,1,,,,534484,495414
1704378600,1.92,1.96,1.75,1.79,1.6126877043703516,1.4335224069552404,0,0,0,0.3146,2.14,2.47,4.61,5.68,3,1,1,1,,,,414958,496869.05
1704465000,1.76,1.93,1.6901,1.82,1.6541501634962812,1.468656733595673,0,0,0,0.3146,2.14,2.47,4.61,5.68,3,1,1,1,,,,402741,494314.5
1704724200,1.84,1.84,1.7,1.76,1.675320130797025,1.4951424850869754,0,0,0,0.3146,2.14,2.47,4.61,5.68,3,1,1,1,,,,324839,494872.9
1704810600,1.77,1.77,1.57,1.64,1.6682561046376199,1.5083113500790686,0,0,0,0.3146,2.14,2.47,4.61,5.68,3,1,1,1,,,,579160,499396.2
1704897000,1.58,1.76,1.55,1.655,1.6656048837100959,1.5216466818900622,0,0,0,0.3146,2.14,2.47,4.61,5.68,3,1,1,1,,,,762735,497844.75
1704983400,1.63,1.6543,1.53,1.61,1.6544839069680768,1.5296788017182383,0,0,0,0.3146,2.14,2.47,4.61,5.68,3,1,1,1,,,,211204,492955.15
1705069800,1.59,1.67,1.57,1.6,1.6435871255744614,1.5360716379256711,0,0,0,0.3146,2.14,2.47,4.61,5.68,3,1,1,1,,,,86873,483088.2
1705415400,1.61,1.61,1.35,1.42,1.598869700459569,1.5255196708415193,0,0,0,0.3146,2.14,2.47,4.61,5.68,3,1,1,1,,,,438676,483745.5
1705501800,1.36,1.46,1.1,1.325,1.5440957603676553,1.5072906098559267,0,0,0,0.3146,2.14,2.47,4.61,5.68,3,1,1,1,,,,1185619,527993.65
1705588200,1.3,1.34,1.21,1.245,1.4842766082941243,1.4834460089599333,0,0,0,0.3146,2.14,2.47,4.61,5.68,3,1,1,1,,,,298943,526734.25
1705674600,1.22,1.32,1.2099,1.31,1.4494212866352996,1.4676781899635758,0,0,0,0.3146,2.14,2.47,4.61,5.68,3,1,1,1,,,,161028,517169.45
1705933800,1.3,1.37,1.181,1.27,1.4135370293082397,1.4497074454214325,0,0,0,0.3146,2.14,2.47,4.61,5.68,3,1,1,1,,,,471247,514471.3
1706020200,1.2946,1.4302,1.28,1.36,1.4028296234465918,1.4415522231103932,0,0,0,0.3146,2.14,2.47,4.61,5.68,3,1,1,1,,,,263399,499118.25
1706106600,1.41,1.438,1.3,1.355,1.3932636987572735,1.4336838391912665,0,0,0,1.1,1.985,,,,1,1,1,1,,,,227423,474089.25
1706193000,1.33,1.43,1.33,1.38,1.3906109590058189,1.4288034901738786,0,0,0,1.1,1.985,,,,1,1,1,1,,,,123816,457663.55
1706279400,1.38,1.4156,1.32,1.41,1.394488767204655,1.4270940819762532,0,0,0,1.1,1.985,,,,1,1,1,1,,,,52474,428702.6
1706538600,1.42,1.54,1.39,1.51,1.417591013763724,1.4346309836147757,0,0,0,1.1,1.985,,,,1,1,1,1,,,,180274,394817.35
1706625000,1.48,1.53,1.32,1.39,1.4120728110109793,1.4305736214679778,0,0,0,1.1,1.985,,,,1,1,1,1,,,,280400,395151.1
1706711400,1.38,1.4299,1.34,1.37,1.4036582488087834,1.4250669286072526,0,0,0,1.1,1.985,,,,1,1,1,1,,,,231854,361607.35
1706797800,1.3784,1.4,1.345,1.38,1.3989265990470268,1.4209699350975022,0,0,0,1.1,1.985,,,,1,1,1,1,,,,104161,340091.2
1706884200,1.35,1.4,1.24,1.37,1.3931412792376214,1.4163363046340929,0,0,0,1.1,1.985,,,,1,1,1,1,,,,281786,333432.6
1707143400,1.3,1.35,1.22,1.27,1.368513023390097,1.4030330042128116,0,0,0,1.1,1.985,,,,1,1,1,1,,,,296797,328135.4
1707229800,1.25,1.31,1.17,1.23,1.3408104187120777,1.387302731102556,0,0,0,1.1,1.985,,,,1,1,1,1,,,,172804,320533.65
1707316200,1.22,1.27,1.18,1.22,1.3166483349696623,1.3720933919114147,0,0,0,1.1,1.985,,,,1,1,1,1,,,,134407,298296
1707402600,1.2,1.33,1.19,1.31,1.3153186679757298,1.366448538101286,0,0,0,1.1,1.985,,,,1,1,1,1,,,,212505,270784.5
1707489000,1.31,1.47,1.295,1.42,1.3362549343805838,1.371316852819351,0,0,0,1.1,1.985,,,,1,1,1,1,,,,267853,273616.95
1707748200,1.37,1.52,1.358,1.44,1.357003947504467,1.377560775290319,0,0,0,1.1,1.985,,,,1,1,1,1,,,,196395,279093.05
1707834600,1.4,1.465,1.36,1.4,1.3656031580035737,1.3796007048093808,0,0,0,1.1,1.985,,,,1,1,1,1,,,,195911,266954.8
1707921000,1.39,1.61,1.36,1.59,1.4104825264028589,1.3987279134630735,1,0,0,1.1,1.985,,,,2,1,1,1,1,,,403776,227862.65
1708007400,1.61,1.6573,1.5,1.59,1.4463860211222872,1.4161162849664304,0,1,0,1.1,1.985,,,,3,1,1,1,,1,,224669,224148.95
1708093800,1.5,1.5101,1.34,1.4,1.4371088168978297,1.4146511681513003,0,0,0,1.1,1.985,,,,3,1,1,1,,,,398052,236000.15
1708439400,1.38,1.4081,1.262,1.29,1.4076870535182637,1.4033192437739095,0,0,0,1.1,1.985,,,,3,1,1,1,,,,265819,225728.75
1708525800,1.28,1.32,1.22,1.25,1.376149642814611,1.3893811307035542,0,0,0,1.1,1.985,,,,3,1,1,1,,,,175679,221342.75
1708612200,1.34,1.34,1.27,1.29,1.3589197142516887,1.3803464824577765,0,0,0,1.1,1.985,,,,3,1,1,1,,,,157541,217848.65
1708698600,1.28,1.33,1.2194,1.26,1.339135771401351,1.3694058931434332,0,0,0,1.1,1.985,,,,3,1,1,1,,,,148279,219071.8
1708957800,1.3,1.46,1.25,1.4,1.3513086171210809,1.3721871755849393,0,0,0,1.1,1.985,,,,3,1,1,1,,,,340954,233495.8
1709044200,1.41,1.43,1.27,1.3,1.3410468936968647,1.3656247050772174,0,0,0,1.1,1.985,,,,3,1,1,1,,,,294715,239217.85
1709130600,1.29,1.37,1.18,1.23,1.3188375149574918,1.353295186433834,0,0,0,1.1,1.985,,,,3,1,1,1,,,,459311,248163.4
1709217000,1.3,1.4697,1.23,1.27,1.3090700119659935,1.345722896758031,0,0,0,1.1,1.985,,,,3,1,1,1,,,,568889,265015.15
1709303400,1.28,1.29,1.23,1.27,1.3012560095727947,1.3388389970527554,0,0,0,1.1,1.985,,,,3,1,1,1,,,,218532,270733.7
1709562600,1.26,1.35,1.23,1.33,1.307004807658236,1.3380354518661413,0,0,0,1.1,1.985,,,,3,1,1,1,,,,233896,268339.2
1709649000,1.3,1.38,1.2,1.25,1.2956038461265886,1.3300322289692192,0,0,0,1.1,1.985,,,,3,1,1,1,,,,415223,274260.5
1709735400,1.29,1.29,1.195,1.25,1.286483076901271,1.3227565717901992,0,0,0,1.1,1.985,,,,3,1,1,1,,,,228626,277051.6
1709821800,1.24,1.26,1.2,1.22,1.2731864615210167,1.3134150652638175,0,0,0,1.1,1.985,,,,3,1,1,1,,,,137344,277198.45
1709908200,1.2,1.27,1.14,1.17,1.2525491692168134,1.3003773320580159,0,0,0,1.1,1.985,,,,3,1,1,1,,,,268459,279996.15
1710163800,1.14,1.17,1.1,1.1,1.2220393353734507,1.2821612109618326,0,0,0,1.1,1.985,,,,3,1,1,1,,,,322947,282750.85
1710250200,1.13,1.14,1.06,1.08,1.1936314682987605,1.2637829190562113,0,0,0,1.1,1.985,,,,3,1,1,1,,,,232699,284566.05
1710336600,1.06,1.08,1.03,1.04,1.1629051746390084,1.2434390173238286,0,0,0,1.1,1.985,,,,3,1,1,1,,,,181589,283849.95
1710423000,1.02,1.06,0.93125,0.95,1.1203241397112067,1.2167627430216623,0,0,0,1.1,1.985,,,,3,1,1,1,,,,554295,291375.9
1710509400,0.95,0.9723,0.92,0.9394,1.0841393117689653,1.1915479482015112,0,0,0,1.1,1.985,,,,3,1,1,1,,,,248746,292579.75
1710768600,0.95,1,0.9294,0.93,1.0533114494151723,1.1677708620013738,0,0,0,1.1,1.985,,,,3,1,1,1,,,,190700,282212.15
1710855000,0.95,0.985,0.9048,0.963,1.0352491595321378,1.149155329092158,0,0,0,1.1,1.985,,,,3,1,1,1,,,,144563,276149.35
1710941400,0.98,1.05,0.957,1.02,1.0321993276257102,1.1374139355383253,0,0,0,1.1,1.985,,,,3,1,1,1,,,,157772,275254
1711027800,1.03,1.07,0.975,0.975,1.0207594621005682,1.1226490323075684,0,0,0,1.1,1.985,,,,3,1,1,1,,,,140359,274394.9
1711114200,0.97,1.027,0.9351,0.9712,1.0108475696804546,1.1088809384614258,0,0,0,1.1,1.985,,,,3,1,1,1,,,,130259,273493.9
1711373400,0.9639,0.9791,0.92,0.96,1.0006780557443637,1.0953463076922052,0,0,0,1.1,1.985,,,,3,1,1,1,,,,209857,266939.05
1711459800,0.95,1.0274,0.95,0.97,0.994542444595491,1.0839511888110955,0,0,0,0.9048,1.6573,1.985,,,1,1,1,1,,,,118118,258109.2
1711546200,0.988,0.988,0.94,0.9701,0.9896539556763928,1.0736010807373595,0,0,0,0.9048,1.6573,1.985,,,1,1,1,1,,,,111556,240721.45
1711632600,1,1.02,0.96,0.9702,0.9857631645411142,1.0642009824885086,0,0,0,0.9048,1.6573,1.985,,,1,1,1,1,,,,115372,218045.6
1711978200,0.98,1.34,0.98,1.25,1.0386105316328913,1.0810918022622806,1,0,0,0.9048,1.6573,1.985,,,2,1,1,1,1,,,1345090,274373.5
1712064600,1.18,1.24,1.05,1.09,1.048888425306313,1.081901638420255,0,0,0,0.9048,1.6573,1.985,,,2,1,1,1,,,,519611,288659.25
1712151000,1.04,1.09,0.99,1.01,1.0411107402450506,1.0753651258365955,0,0,1,0.9048,1.6573,1.985,,,1,1,1,1,,,1,410095,288402.85
1712237400,1.02,1.21,1.02,1.06,1.0448885921960405,1.0739682962150867,0,0,0,0.9048,1.6573,1.985,,,1,1,1,1,,,,244405,289191.8
1712323800,1.06,1.1,1.05,1.07,1.0499108737568323,1.0736075420137152,0,0,0,0.9048,1.6573,1.985,,,1,1,1,1,,,,78994,286274.3
1712583000,1.06,1.07,0.91,1,1.039928699005466,1.0669159472851957,0,0,0,0.9048,1.6573,1.985,,,1,1,1,1,,,,248571,285279.9
1712669400,1.02,1.03,0.9901,1.02,1.0359429592043727,1.0626508611683596,0,0,0,0.9048,1.6573,1.985,,,1,1,1,1,,,,68835,272574.3
1712755800,1,1.03,0.9642,0.9681,1.0223743673634982,1.0540553283348724,0,0,0,0.9048,1.6573,1.985,,,1,1,1,1,,,,149031,268390.9
1712842200,0.98,0.9899,0.9211,0.9249,1.0028794938907986,1.042313934849884,0,0,0,0.9048,1.6573,1.985,,,1,1,1,1,,,,108649,264743.9
1712928600,0.95,0.99,0.903,0.9605,0.9944035951126389,1.0348763044089855,0,0,0,0.9048,1.6573,1.985,,,1,1,1,1,,,,281025,251080.4
1713187800,1.02,1.02,0.9215,0.9444,0.9844028760901111,1.0266511858263505,0,0,0,0.9048,1.6573,1.985,,,1,1,1,1,,,,89465,243116.35
1713274200,0.9603,0.9698,0.9101,0.9147,0.9704623008720888,1.0164738052966822,0,0,0,0.9048,1.6573,1.985,,,1,1,1,1,,,,58767,236519.7
1713360600,0.92,0.9378,0.87,0.9,0.9563698406976711,1.0058852775424383,0,0,0,0.9048,1.6573,1.985,,,1,1,1,1,,,,110528,234817.95
1713447000,0.897,0.944,0.8225,0.93,0.9510958725581369,0.9989866159476711,0,0,0,0.9048,1.6573,1.985,,,1,1,1,1,,,,231639,238511.3
1713533400,0.93,0.93,0.83,0.8375,0.9283766980465095,0.9843060144978828,0,0,0,0.9048,1.6573,1.985,,,1,1,1,1,,,,201473,241567
1713792600,0.874,0.89,0.805,0.8276,0.9082213584372075,0.9700600131798934,0,0,0,0.9048,1.6573,1.985,,,1,1,1,1,,,,85096,239308.85
1713879000,0.82,0.85,0.8096,0.84,0.894577086749766,0.958236375618085,0,0,0,0.9048,1.6573,1.985,,,1,1,1,1,,,,110197,234325.85
1713965400,0.84,0.85,0.8107,0.8325,0.8821616693998128,0.9468057960164409,0,0,0,0.9048,1.6573,1.985,,,1,1,1,1,,,,42626,230551.25
1714051800,0.83,0.8499,0.7933,0.802,0.8661293355198503,0.933641632742219,0,0,0,0.9048,1.6573,1.985,,,1,1,1,1,,,,108309,230388.9
1714138200,0.7951,0.85,0.7933,0.7947,0.8518434684158802,0.9210105752201991,0,0,0,0.9048,1.6573,1.985,,,1,1,1,1,,,,72185,228229.55
1714397400,0.81,0.8481,0.78,0.8481,0.8510947747327041,0.914382341109272,0,0,0,0.9048,1.6573,1.985,,,1,1,1,1,,,,104060,166178.05
1714483800,0.8323,0.8498,0.811,0.8365,0.8481758197861633,0.9073021282811563,0,0,0,0.9048,1.6573,1.985,,,1,1,1,1,,,,29367,141665.85
1714570200,0.86,0.9,0.83,0.8325,0.8450406558289306,0.9005019348010512,0,0,0,0.9048,1.6573,1.985,,,1,1,1,1,,,,88293,125575.75
1714656600,0.89,0.915,0.8,0.8337,0.8427725246631445,0.8944290316373193,0,0,0,0.9048,1.6573,1.985,,,1,1,1,1,,,,68653,116788.15
1714743000,0.8373,0.8697,0.7809,0.8027,0.8347580197305156,0.8860900287611994,0,0,0,0.9048,1.6573,1.985,,,1,1,1,1,,,,168808,121278.85
1715002200,0.8429,0.888073,0.814,0.831,0.8340064157844125,0.881081844328363,0,0,0,0.78,1.34,1.6573,1.985,,1,1,1,1,,,,465975,132149.05
1715088600,0.84,0.87,0.81,0.821,0.83140513262753,0.87561985848033,0,0,0,0.78,1.34,1.6573,1.985,,1,1,1,1,,,,165640,136989.3
1715175000,0.83,0.8399,0.785,0.81,0.827124106102024,0.8696544168003,0,0,0,0.78,1.34,1.6573,1.985,,1,1,1,1,,,,177751,138425.3
1715261400,0.81,0.83,0.791301,0.8181,0.8253192848816192,0.8649676516366364,0,0,0,0.78,1.34,1.6573,1.985,,1,1,1,1,,,,80089,136997.3
1715347800,0.8189,0.8375,0.7814,0.7997,0.8201954279052953,0.8590342287605786,0,0,0,0.78,1.34,1.6573,1.985,,1,1,1,1,,,,168370,131364.55
1715607000,0.7806,0.8499,0.7649,0.8443,0.8250163423242363,0.8576947534187078,0,0,0,0.78,1.34,1.6573,1.985,,1,1,1,1,,,,182072,135994.9
1715693400,0.85,0.9,0.8015,0.87,0.834013073859389,0.8588134121988253,0,0,0,0.78,1.34,1.6573,1.985,,1,1,1,1,,,,243377,145225.4
1715779800,0.9,0.9,0.7899,0.8243,0.8320704590875112,0.8556758292716594,0,0,0,0.78,1.34,1.6573,1.985,,1,1,1,1,,,,301907,154794.35
1715866200,0.796,0.83,0.7535,0.7625,0.818156367270009,0.8472052993378721,0,0,0,0.78,1.34,1.6573,1.985,,1,1,1,1,,,,231941,154809.45
1715952600,0.75,0.790951,0.75,0.77,0.8085250938160071,0.8401866357617019,0,0,0,0.78,1.34,1.6573,1.985,,1,1,1,1,,,,47140,147092.8
1716211800,0.76,0.8,0.7,0.7195,0.7907200750528057,0.829215123419729,0,0,0,0.78,1.34,1.6573,1.985,,1,1,1,1,,,,172061,151441.05
1716298200,0.7031,0.7497,0.684578,0.711,0.7747760600422445,0.8184682940179355,0,0,0,0.78,1.34,1.6573,1.985,,1,1,1,1,,,,119897,151926.05
1716384600,0.7,0.78999,0.684,0.77,0.7738208480337956,0.8140620854708505,0,0,0,0.78,1.34,1.6573,1.985,,1,1,1,1,,,,100461,154817.8
1716471000,0.792,0.82,0.69,0.72,0.7630566784270365,0.8055109867916822,0,0,0,0.78,1.34,1.6573,1.985,,1,1,1,1,,,,242491,161526.9
1716557400,0.71,0.75,0.685,0.747,0.7598453427416292,0.8001918061742566,0,0,0,0.78,1.34,1.6573,1.985,,1,1,1,1,,,,108336,163334.45
1716903000,0.713,0.756199,0.7128,0.73,0.7538762741933034,0.7938107328856878,0,0,0,0.78,1.34,1.6573,1.985,,1,1,1,1,,,,94989,162880.9
1716989400,0.73,0.745849,0.702,0.717,0.7465010193546427,0.7868279389869889,0,0,0,0.78,1.34,1.6573,1.985,,1,1,1,1,,,,120201,167422.6
1717075800,0.703,0.7457,0.7025,0.74,0.7452008154837142,0.7825708536245354,0,0,0,0.684,1.34,1.6573,1.985,,1,1,1,1,,,,57729,165894.4
1717162200,0.75,0.772501,0.72,0.7244,0.7410406523869714,0.777282594204123,0,0,0,0.684,1.34,1.6573,1.985,,1,1,1,1,,,,88594,166891.45
1717421400,0.75,0.75,0.662,0.683,0.7294325219095771,0.7687114492764755,0,0,0,0.684,1.34,1.6573,1.985,,1,1,1,1,,,,241526,170527.35
1717507800,0.68,0.729899,0.65,0.65,0.7135460175276617,0.7579194993422504,0,0,0,0.684,1.34,1.6573,1.985,,1,1,1,1,,,,130716,153764.4
1717594200,0.6421,0.6878,0.621,0.65,0.7008368140221294,0.7481086357656822,0,0,0,0.684,1.34,1.6573,1.985,,1,1,1,1,,,,194836,155224.2
1717680600,0.651,0.6999,0.614,0.62,0.6846694512177035,0.7364623961506201,0,0,0,0.684,1.34,1.6573,1.985,,1,1,1,1,,,,157049,154189.1
1717767000,0.6052,0.78,0.574,0.6339,0.6745155609741628,0.7271385419551092,0,0,0,0.684,1.34,1.6573,1.985,,1,1,1,1,,,,418620,171115.65
1718026200,0.6339,0.745,0.6339,0.69,0.6776124487793302,0.723762310868281,0,0,0,0.684,1.34,1.6573,1.985,,1,1,1,1,,,,219752,173684.75
1718112600,0.791,0.87,0.7022,0.864,0.7148899590234642,0.7365111916984373,0,0,0,0.684,1.34,1.6573,1.985,,1,1,1,1,,,,397188,184440.55
1718199000,0.88,0.9,0.828001,0.8645,0.7448119672187714,0.7481465379076703,0,0,0,0.684,1.34,1.6573,1.985,,1,1,1,1,,,,234448,183994.1
1718285400,0.85,0.8593,0.8,0.8004,0.7559295737750171,0.7528968526433366,0,0,0,0.684,1.34,1.6573,1.985,,1,1,1,1,,,,129268,175362.15
1718371800,0.8004,0.8004,0.76,0.7863,0.7620036590200137,0.7559335024030333,0,0,0,0.574,1.34,1.6573,1.985,,1,1,1,1,,,,86258,168078
1718631000,0.79,0.805,0.7401,0.7443,0.7584629272160109,0.7548759112754848,0,0,0,0.574,1.34,1.6573,1.985,,1,1,1,1,,,,71900,169316
1718717400,0.74,0.7492,0.71,0.7299,0.7527503417728088,0.7526053738868044,0,0,0,0.574,1.34,1.6573,1.985,,1,1,1,1,,,,194638,170444.85
1718890200,0.709,0.71,0.65,0.6603,0.734260273418247,0.7442139762607313,0,0,0,0.574,1.34,1.6573,1.985,,1,1,1,1,,,,186364,173768.2
1718976600,0.66,0.70515,0.66,0.6901,0.7254282187345976,0.7392945238733921,0,0,0,0.574,1.34,1.6573,1.985,,1,1,1,1,,,,237558,180623.05
1719235800,0.671,0.7,0.6247,0.6247,0.7052825749876781,0.7288768398849019,0,0,0,0.574,1.34,1.6573,1.985,,1,1,1,1,,,,245515,180774.25
1719322200,0.619,0.6199,0.58,0.5906,0.6823460599901425,0.7163062180771835,0,0,0,0.574,1.34,1.6573,1.985,,1,1,1,1,,,,318252,191270.05
1719408600,0.5906,0.6266,0.59,0.616,0.669076847992114,0.7071874709792577,0,0,0,0.574,1.34,1.6573,1.985,,1,1,1,1,,,,277609,200401.05
1719495000,0.6,0.6258,0.5905,0.6163,0.6585214783936911,0.698924973617507,0,0,0,0.574,1.34,1.6573,1.985,,1,1,1,1,,,,67052,197743.6
1719581400,0.61,0.62,0.58,0.58,0.6428171827149529,0.6881136123795518,0,0,0,0.574,1.34,1.6573,1.985,,1,1,1,1,,,,163971,203055.7
1719840600,0.5715,0.6012,0.554096,0.57,0.6282537461719623,0.677376011254138,0,0,0,0.574,1.34,1.6573,1.985,,1,1,1,1,,,,156713,206461.65
1719927000,0.5985,0.5985,0.55,0.55,0.6126029969375698,0.6657963738673982,0,0,0,0.574,1.34,1.6573,1.985,,1,1,1,1,,,,102779,199524.3
1720013400,0.539,0.59,0.539,0.5704,0.6041623975500559,0.6571239762430893,0,0,0,0.574,1.34,1.6573,1.985,,1,1,1,1,,,,113210,198649
1720186200,0.571,0.6474,0.571,0.6079,0.6049099180400447,0.6526490693118994,0,0,0,0.574,1.34,1.6573,1.985,,1,1,1,1,,,,142195,196016.95
1720445400,0.605,0.8,0.603,0.78,0.6399279344320358,0.6642264266471812,0,0,0,0.574,1.34,1.6573,1.985,,1,1,1,1,,,,511929,213760.95
1720531800,0.78,0.8,0.7,0.714,0.6547423475456287,0.668751296951983,0,0,0,0.574,1.34,1.6573,1.985,,1,1,1,1,,,,232246,204442.25
1720618200,0.6999,0.7223,0.65,0.6946,0.662713878036503,0.6711011790472573,0,0,0,0.574,1.34,1.6573,1.985,,1,1,1,1,,,,158702,201389.75
1720704600,0.7,0.7469,0.7,0.7313,0.6764311024292023,0.6765737991338703,0,0,0,0.539,0.9,1.34,1.6573,1.985,1,1,1,1,,,,132055,188133.1
1720791000,0.74,0.94,0.7349,0.8568,0.7125048819433619,0.6929579992126094,1,0,0,0.539,0.9,1.34,1.6573,1.985,1,2,1,1,1,,,476103,200215.85
1721050200,0.85,0.8609,0.7625,0.7726,0.7245239055546895,0.7001981811023722,0,0,0,0.539,0.9,1.34,1.6573,1.985,1,2,1,1,,,,124744,199989.65
1721136600,0.7505,0.8596,0.7505,0.8378,0.7471791244437516,0.7127074373657929,0,0,0,0.539,0.9,1.34,1.6573,1.985,1,2,1,1,,,,168440,204098.75
1721223000,0.8127,0.8777,0.8,0.867375,0.7712182995550012,0.7267681248779936,0,0,0,0.539,0.9,1.34,1.6573,1.985,1,2,1,1,,,,131144,207060.95
1721309400,0.88,0.88,0.8251,0.8347,0.783914639644001,0.7365801135254487,0,0,0,0.539,0.9,1.34,1.6573,1.985,1,2,1,1,,,,122636,203460.85
1721395800,0.86,0.87,0.836701,0.8427,0.7956717117152008,0.7462273759322261,0,0,0,0.539,0.9,1.34,1.6573,1.985,1,2,1,1,,,,41158,196200.55
1721655000,0.9155,1.15,0.8605,1.13,0.8625373693721606,0.7811157963020238,1,1,0,0.539,0.9,1.34,1.6573,1.985,1,3,2,2,1,1,,2194862,294065.75
1721741400,1.18,1.2997,1,1.13,0.9160298954977285,0.8128325420927489,0,1,0,0.539,0.9,1.34,1.6573,1.985,1,3,3,2,,1,,1363875,349983.75
1721827800,1.11,1.11,0.9746,0.99,0.9308239163981828,0.8289386746297718,0,0,0,0.539,0.9,1.34,1.6573,1.985,1,3,3,2,,,,379236,353032.95
1721914200,0.9574,1.02,0.9061,1,0.9446591331185463,0.8444897042088835,0,0,0,0.539,0.9,1.34,1.6573,1.985,1,3,3,2,,,,196684,348986.7
1722000600,0.9955,1.1,0.9955,1.06,0.9677273064948371,0.8640815492808032,0,0,0,0.539,0.9,1.34,1.6573,1.985,1,3,3,2,,,,177817,354524.95
1722259800,1.08,1.08,0.9801,1.01,0.9761818451958697,0.8773468629825484,0,0,0,0.539,0.9,1.34,1.6573,1.985,1,3,3,2,,,,128461,352749.45
1722346200,1.01,1.01564,0.906,0.91,0.9629454761566958,0.8803153299841349,0,0,0,0.539,0.9,1.34,1.6573,1.985,1,3,3,2,,,,233926,356610.1
1722432600,0.93,1.07,0.9,0.99,0.9683563809253566,0.8902866636219408,0,0,0,0.539,0.9,1.34,1.6573,1.985,1,3,3,2,,,,510143,376978.3
1722519000,0.98,1.1392,0.91,1.12,0.9986851047402853,0.9111696942017643,0,0,0,0.539,0.9,1.34,1.6573,1.985,1,3,3,2,,,,450868,393861.2
1722605400,1.09,1.1799,0.9603,1.06,1.0109480837922282,0.9246997220016039,0,0,0,0.539,0.9,1.34,1.6573,1.985,1,3,3,2,,,,512805,412391.7
1722864600,0.9854,1.08,0.93,1.02,1.0127584670337826,0.9333633836378217,0,0,0,0.539,0.9,1.34,1.6573,1.985,1,3,3,2,,,,169836,395287.05
1722951000,1.03,1.07,0.96,0.962,1.002606773627026,0.9359667123980197,0,0,0,0.539,0.9,1.34,1.6573,1.985,1,3,3,2,,,,175836,392466.55
1723037400,0.9603,0.985,0.8462,0.89,0.9800854189016209,0.931787920361836,0,0,0,0.539,0.9,1.34,1.6573,1.985,1,3,3,2,,,,359227,402492.8
1723123800,0.89,0.9383,0.803,0.8184,0.9477483351212967,0.9214799276016691,0,0,1,0.539,0.9,1.34,1.6573,1.985,1,3,3,1,,,1,157586,403769.35
1723210200,0.86,0.86,0.752,0.7899,0.9161786680970374,0.9095181160015173,0,0,0,0.539,0.9,1.34,1.6573,1.985,1,3,3,1,,,,272617,393595.05
1723469400,0.8,0.8201,0.76,0.77,0.88694293447763,0.8968346509104703,0,0,0,0.539,0.9,1.34,1.6573,1.985,1,3,3,1,,,,112483,392982
1723555800,0.7721,0.83,0.66,0.691,0.847754347582104,0.8781224099186093,0,0,0,0.539,0.9,1.34,1.6573,1.985,1,3,3,1,,,,888202,428970.1
1723642200,0.7255,0.729,0.5366,0.588,0.7958034780656832,0.8517476453805539,0,0,0,0.539,0.9,1.34,1.6573,1.985,1,3,3,1,,,,1110235,477924.65
1723728600,0.61,0.69,0.61,0.661,0.7688427824525466,0.8344069503459581,0,0,0,0.539,0.9,1.34,1.6573,1.985,1,3,3,1,,,,283515,485968.6
1723815000,0.668,0.7133,0.65,0.71,0.7570742259620372,0.8230972275872347,0,0,0,0.539,0.9,1.34,1.6573,1.985,1,3,3,1,,,,189468,493384.1
1724074200,0.72,0.75,0.67844,0.7393,0.7535193807696298,0.815479297806577,0,0,0,0.539,0.9,1.34,1.6573,1.985,1,3,3,1,,,,240187,395650.35
1724160600,0.7148,0.82,0.702,0.7825,0.7593155046157039,0.8124811798241609,0,0,0,0.539,0.9,1.34,1.6573,1.985,1,3,3,1,,,,547266,354819.9
1724247000,0.79,0.9,0.7826,0.8519,0.7778324036925631,0.8160647089310553,1,0,0,0.5366,1.34,1.6573,1.985,,2,1,1,1,1,,,680534,369884.8
1724333400,0.8527,0.92,0.8527,0.8902,0.8003059229540505,0.8228042808464139,0,0,0,0.5366,1.34,1.6573,1.985,,2,1,1,1,,,,363735,378237.35
1724419800,0.883399,0.8834,0.82,0.835,0.8072447383632404,0.823912982587649,0,0,0,0.5366,1.34,1.6573,1.985,,2,1,1,1,,,,103906,374541.8
1724679000,0.83,0.88,0.80845,0.8641,0.8186157906905923,0.8275663478069536,0,0,0,0.5366,1.34,1.6573,1.985,,2,1,1,1,,,,130682,374652.85
1724765400,0.86,0.8898,0.83,0.8654,0.8279726325524739,0.8310057707335942,0,0,0,0.5366,1.34,1.6573,1.985,,2,1,1,1,,,,143486,370130.85
1724851800,0.874,0.874,0.789,0.8073,0.8238381060419792,0.8288507006669038,0,0,0,0.5366,1.34,1.6573,1.985,,2,1,1,1,,,,126336,350940.5
1724938200,0.75,0.8387,0.7499,0.8225,0.8235704848335833,0.8282733642426399,0,0,0,0.5366,1.34,1.6573,1.985,,2,1,1,1,,,,134902,335142.2
1725024600,0.854,0.8852,0.8002,0.872,0.8332563878668666,0.8322485129478544,0,0,0,0.5366,1.34,1.6573,1.985,,2,1,1,1,,,,106100,314806.95
1725370200,0.87,0.89,0.815,0.8606,0.8387251102934933,0.8348259208616858,0,0,0,0.5366,1.34,1.6573,1.985,,2,1,1,1,,,,166281,314629.2
1725456600,0.8594,0.8606,0.805,0.81,0.8329800882347946,0.832569018965169,0,0,0,0.5366,1.34,1.6573,1.985,,2,1,1,1,,,,125212,312098
1725543000,0.82,0.8699,0.787,0.7962,0.8256240705878357,0.82926274451379,0,0,0,0.5366,1.34,1.6573,1.985,,2,1,1,1,,,,98277,299050.5
1725629400,0.78,0.8552,0.7251,0.75,0.8104992564702685,0.8220570404670818,0,0,0,0.5366,1.34,1.6573,1.985,,2,1,1,1,,,,378319,310087.15
1725888600,0.8,0.98,0.79,0.889,0.8261994051762148,0.8281427640609835,0,0,0,0.5366,1.34,1.6573,1.985,,2,1,1,1,,,,1116876,352300.1
1725975000,0.92,0.9442,0.8712,0.939,0.8487595241409719,0.8382206946008941,0,0,0,0.5366,1.34,1.6573,1.985,,2,1,1,1,,,,187533,356052.6
1726061400,0.8852,0.931,0.8486,0.8853,0.8560676193127775,0.8425006314553583,0,0,0,0.5366,1.34,1.6573,1.985,,2,1,1,1,,,,185306,320907.8
1726147800,0.9,0.9,0.79,0.8239,0.8496340954502221,0.8408096649594166,0,0,0,0.5366,1.34,1.6573,1.985,,2,1,1,1,,,,505948,290693.45
1726234200,0.811,0.84,0.79,0.796,0.8389072763601777,0.836736059054015,0,0,0,0.5366,1.34,1.6573,1.985,,2,1,1,1,,,,363538,294694.6
1726493400,0.7878,0.8165,0.71,0.738,0.8187258210881422,0.8277600536854682,0,0,0,0.5366,1.34,1.6573,1.985,,2,1,1,1,,,,523327,311387.55
1726579800,0.75,0.7601,0.73,0.7407,0.8031206568705137,0.8198455033504257,0,0,0,0.5366,1.34,1.6573,1.985,,2,1,1,1,,,,187245,308740.45
1726666200,0.75,0.8434,0.7407,0.77,0.7964965254964109,0.8153140939549325,0,0,0,0.5366,1.34,1.6573,1.985,,2,1,1,1,,,,513865,307070.4
1726752600,0.7885,0.8322,0.75,0.7711,0.7914172203971287,0.8112946308681205,0,0,0,0.5366,1.34,1.6573,1.985,,2,1,1,1,,,,245111,285299.25
1726839000,0.78,0.79,0.75,0.7717,0.787473776317703,0.8076951189710186,0,0,0,0.5366,1.34,1.6573,1.985,,2,1,1,1,,,,199591,277092.05
1727098200,0.7685,0.7836,0.725,0.7359,0.7771590210541623,0.8011682899736533,0,0,0,0.5366,1.34,1.6573,1.985,,2,1,1,1,,,,154340,279613.75
1727184600,0.725,0.7352,0.681,0.6977,0.7612672168433299,0.7917620817942302,0,0,1,0.5366,1.34,1.6573,1.985,,1,1,1,1,,,1,301176,288138.45
1727271000,0.6869,0.70538,0.66,0.7,0.7490137734746639,0.7834200743583911,0,0,0,0.5366,1.34,1.6573,1.985,,1,1,1,1,,,,215012,291714.75
1727357400,0.729,0.729,0.69,0.7,0.7392110187797312,0.775836431234901,0,0,0,0.5366,1.34,1.6573,1.985,,1,1,1,1,,,,249683,297882.1
1727443800,0.71,0.73,0.68,0.6995,0.7312688150237849,0.7688967556680918,0,0,0,0.5366,1.34,1.6573,1.985,,1,1,1,1,,,,166881,299481.05
1727703000,0.75,0.8314,0.7239,0.771,0.7392150520190279,0.7690879596982653,0,0,0,0.5366,1.34,1.6573,1.985,,1,1,1,1,,,,1344018,361376.95
1727789400,0.799,0.8083,0.73,0.7798,0.7473320416152224,0.7700617815438775,0,0,0,0.5366,1.34,1.6573,1.985,,1,1,1,1,,,,948280,400476.9
1727875800,0.7989,0.7999,0.731,0.7628,0.7504256332921779,0.7694016195853431,0,0,0,0.5366,1.34,1.6573,1.985,,1,1,1,1,,,,237318,406082.2
1727962200,0.77,0.799,0.7319,0.74,0.7483405066337423,0.7667287450775847,0,0,0,0.5366,1.34,1.6573,1.985,,1,1,1,1,,,,183953,410366
1728048600,0.7483,0.77,0.73,0.741,0.7468724053069938,0.7643897682523497,0,0,0,0.5366,1.34,1.6573,1.985,,1,1,1,1,,,,130854,397992.75
1728307800,0.76,0.8275,0.74,0.8248,0.7624579242455951,0.7698816075021361,0,0,0,0.5366,1.34,1.6573,1.985,,1,1,1,1,,,,711298,377713.85
1728394200,0.8487,0.983,0.8043,0.9234,0.7946463393964761,0.7838378250019419,1,0,0,0.5366,1.34,1.6573,1.985,,2,1,1,1,1,,,975320,417103.2
1728480600,0.9325,0.9699,0.8701,0.9014,0.8159970715171809,0.7945252954563108,0,0,0,0.5366,1.34,1.6573,1.985,,2,1,1,1,,,,488260,432250.9
1728567000,0.89,0.93,0.8544,0.9293,0.8386576572137447,0.8067775413239189,0,0,0,0.5366,1.34,1.6573,1.985,,2,1,1,1,,,,238440,418875.5
1728653400,0.99,1.02,0.89,0.9003,0.8509861257709957,0.8152795830217444,0,0,0,0.5366,1.34,1.6573,1.985,,2,1,1,1,,,,251827,413289.95
1728912600,0.923,1.02,0.91,0.9766,0.8761089006167966,0.8299450754743131,1,0,0,0.5366,1.34,1.6573,1.985,,2,2,1,1,1,,,1010602,437653.7
1728999000,1,1.0001,0.8838,0.9016,0.8812071204934373,0.8364591595221028,0,0,0,0.5366,1.34,1.6573,1.985,,2,2,1,1,,,,427608,449671.85
1729085400,0.9,0.95345,0.8829,0.9233,0.8896256963947499,0.8443537813837299,0,0,0,0.5366,1.34,1.6573,1.985,,2,2,1,1,,,,445282,446242.7
1729171800,0.9234,0.94,0.9012,0.94,0.8997005571157999,0.8530488921670272,0,0,0,0.5366,1.34,1.6573,1.985,,2,2,1,1,,,,173645,442669.4
1729258200,0.935,0.9788,0.9129,0.9157,0.9029004456926399,0.8587444474245701,0,0,0,0.5366,1.34,1.6573,1.985,,2,2,1,1,,,,157209,440550.3
1729517400,0.9311,0.9638,0.87,0.915,0.9053203565541119,0.8638585885677911,0,0,0,0.5366,1.34,1.6573,1.985,,2,2,1,1,,,,134014,439534
1729603800,0.92,0.9399,0.8613,0.901,0.9044562852432896,0.8672350805161737,0,0,0,0.5366,1.34,1.6573,1.985,,2,2,1,1,,,,123916,430671
1729690200,0.91,0.91,0.81,0.8555,0.8946650281946317,0.8661682550147034,0,0,0,0.5366,1.34,1.6573,1.985,,2,2,1,1,,,,333556,436598.2
1729776600,0.85,0.932,0.82,0.9136,0.8984520225557053,0.8704802318315485,0,0,0,0.5366,1.34,1.6573,1.985,,2,2,1,1,,,,228694,435548.75
1729863000,0.8955,0.91,0.833,0.8577,0.8903016180445643,0.869318392574135,0,0,0,0.5366,1.34,1.6573,1.985,,2,2,1,1,,,,214007,437905.05
1730122200,0.8903,0.9141,0.8269,0.87,0.8862412944356515,0.8693803568855772,0,0,0,0.5366,1.34,1.6573,1.985,,2,2,1,1,,,,213860,381397.15
1730208600,0.87,0.87,0.803,0.823,0.8735930355485212,0.8651639608050702,0,0,0,0.5366,1.34,1.6573,1.985,,2,2,1,1,,,,195770,343771.65
1730295000,0.81,0.8245,0.773,0.78,0.854874428438817,0.8574217825500638,0,0,1,0.5366,1.34,1.6573,1.985,,2,1,1,1,,,1,271199,345465.7
1730381400,0.771,0.771,0.7206,0.766,0.8370995427510536,0.849110711409149,0,0,0,0.5366,1.34,1.6573,1.985,,2,1,1,1,,,,291974,350866.75
1730467800,0.7771,0.792,0.735,0.7376,0.8171996342008429,0.8389733740083173,0,0,0,0.5366,1.34,1.6573,1.985,,2,1,1,1,,,,156899,352169
1730730600,0.72,0.755,0.72,0.74,0.8017597073606743,0.8299757945530157,0,0,0,0.5366,1.34,1.6573,1.985,,2,1,1,1,,,,82151,320711.65
1730817000,0.76,0.7798,0.73,0.742,0.7898077658885394,0.8219779950481961,0,0,0,0.5366,1.34,1.6573,1.985,,2,1,1,1,,,,230813,283486.3
1730903400,0.7431,0.79135,0.7431,0.7833,0.7885062127108315,0.8184618136801783,0,0,0,0.5366,1.34,1.6573,1.985,,2,1,1,1,,,,223865,270266.55
1730989800,0.8,0.8301,0.7425,0.7461,0.7800249701686652,0.8118834669819803,0,0,0,0.5366,1.34,1.6573,1.985,,2,1,1,1,,,,472093,281949.2
1731076200,0.75,0.799,0.7238,0.754,0.7748199761349321,0.8066213336199821,0,0,0,0.5366,1.34,1.6573,1.985,,2,1,1,1,,,,176319,278173.8
1731335400,0.7596,0.8197,0.73,0.801,0.7800559809079457,0.8061103032908928,0,0,0,0.5366,1.34,1.6573,1.985,,2,1,1,1,,,,258417,240564.55
1731421800,0.7602,0.86,0.7595,0.785,0.7810447847263565,0.8041911848099026,0,0,0,0.5366,1.34,1.6573,1.985,,2,1,1,1,,,,427734,240570.85
1731508200,0.7511,0.8001,0.74,0.7574,0.7763158277810852,0.799937440736275,0,0,0,0.5366,1.34,1.6573,1.985,,2,1,1,1,,,,297136,233163.55
1731594600,0.7789,0.7995,0.73,0.7398,0.7690126622248682,0.7944704006693409,0,0,0,0.5366,1.34,1.6573,1.985,,2,1,1,1,,,,204768,234719.7
1731681000,0.731,0.7998,0.6748,0.7131,0.7578301297798945,0.7870730915175826,0,0,1,0.5366,1.34,1.6573,1.985,,1,1,1,1,,,1,497482,251733.35
1731940200,0.7389,0.73965,0.66,0.6748,0.7412241038239156,0.7768664468341661,0,0,0,0.5366,1.34,1.6573,1.985,,1,1,1,1,,,,346162,262340.75
1732026600,0.6748,0.7199,0.655,0.671,0.7271792830591325,0.7672422243946965,0,0,0,0.5366,1.34,1.6573,1.985,,1,1,1,1,,,,376281,274959
1732113000,0.68,0.7219,0.67,0.711,0.723943426447306,0.7621292949042695,0,0,0,0.5366,1.34,1.6573,1.985,,1,1,1,1,,,,231805,269871.45
1732199400,0.72,0.8639,0.72,0.8113,0.7414147411578448,0.7665993590038813,0,0,0,0.5366,1.34,1.6573,1.985,,1,1,1,1,,,,1043504,310611.95
1732285800,0.87,1.02,0.851,0.887,0.7705317929262758,0.7775448718217103,1,0,0,0.5366,1.34,1.6573,1.985,,2,1,1,1,1,,,1709914,385407.3
1732545000,0.94,0.95,0.8,0.864,0.7892254343410207,0.7854044289288276,0,0,0,0.5366,1.34,1.6573,1.985,,2,1,1,1,,,,1997658,474597.2
1732631400,0.89,0.915,0.8176,0.835,0.7983803474728165,0.789913117208025,0,0,0,0.655,1.02,,,,1,1,1,1,,,,782336,503925.5
1732717800,0.84,0.8899,0.7864,0.8667,0.8120442779782532,0.7968937429163864,0,0,0,0.655,1.02,,,,1,1,1,1,,,,652710,523001.05
1732890600,1.12,1.2,0.94,0.9841,0.8464554223826025,0.8139124935603512,0,0,0,0.655,1.02,,,,1,1,1,1,,,,16927165,1354760.6
1733149800,1.21,1.25,0.7707,0.8201,0.841184337906082,0.8144749941457738,0,0,0,0.655,1.02,,,,1,1,1,1,,,,19789218,2336376.55
1733236200,0.85,0.86,0.7,0.797,0.8323474703248657,0.8128863583143399,0,0,0,0.655,1.02,,,,1,1,1,1,,,,4262144,2545376.2
1733322600,0.78,0.8098,0.7527,0.7947,0.8248179762598925,0.8112330530130363,0,0,0,0.655,1.02,,,,1,1,1,1,,,,1564969,2612084
1733409000,0.8,0.8017,0.7458,0.7599,0.811834381007914,0.806566411830033,0,0,0,0.655,1.02,,,,1,1,1,1,,,,2165533,2709167.4
1733495400,0.7519,0.8217,0.6803,0.8039,0.8102475048063312,0.8063240107545754,0,0,0,0.655,1.02,,,,1,1,1,1,,,,2617293,2816427.4
1733754600,0.8,0.8199,0.7552,0.8132,0.810838003845065,0.8069491006859776,0,0,0,0.655,1.02,,,,1,1,1,1,,,,984246,2856823.75
1733841000,0.8072,1.07,0.7943,0.8668,0.822030403076052,0.8123900915327069,0,0,0,0.655,1.02,,,,1,1,1,1,,,,3730628,3030434.3
1733927400,0.9,1.08,0.8668,1.05,0.8676243224608416,0.8339909923024609,0,0,0,0.655,1.02,,,,1,1,1,1,,,,8070404,3412567.8
1734013800,1.04,1.07,0.9633,1.02,0.8980994579686733,0.8509009020931463,0,0,0,0.655,1.02,,,,1,1,1,1,,,,2802414,3537831.7
1734100200,1.03,1.43,0.91,1.4,0.9984795663749386,0.9008190019028602,0,0,0,0.6803,1.25,,,,1,1,1,1,,,,9390345,3997110.55
1734359400,1.57,1.75,1.355,1.66,1.1307836530999509,0.9698354562753275,0,0,0,0.6803,1.25,,,,1,1,1,1,,,,14489284,4696700.65
1734445800,1.8,1.875,1.46,1.67,1.2386269224799606,1.033486778432116,0,0,0,0.6803,1.25,,,,1,1,1,1,,,,13607439,5359764.5
1734532200,1.71,1.765,1.06,1.29,1.2489015379839685,1.0568061622110145,0,0,0,0.6803,1.25,,,,1,1,1,1,,,,8246459,5753273.4
1734618600,1.56,1.56,1.245,1.36,1.2711212303871748,1.0843692383736496,0,0,0,0.6803,1.25,,,,1,1,1,1,,,,5618675,6022616.9
1734705000,1.27,1.5301,1.2,1.47,1.3108969843097398,1.1194265803396815,0,0,0,0.6803,1.25,,,,1,1,1,1,,,,5409100,6240896.7
1734964200,1.6,1.95,1.52,1.95,1.4387175874477918,1.194933254854256,0,0,0,0.6803,1.25,,,,1,1,1,1,,,,9984230,6654612.5
1735050600,2.06,2.2,1.8,2.02,1.5549740699582335,1.2699393225947782,0,0,0,0.6803,1.25,,,,1,1,1,1,,,,8457278,6977593.5
1735223400,2.17,2.67,2.13,2.51,1.7459792559665868,1.3826721114497984,0,0,0,0.6803,1.25,,,,1,1,1,1,,,,11925224,7534737.9
1735309800,2.89,3.1,2.34,2.59,1.9147834047732695,1.4924291922270894,0,0,0,0.6803,1.25,,,,1,1,1,1,,,,15700226,8287113.7
1735569000,2.74,3.14,2.55,2.79,2.0898267238186157,1.6103901747518994,0,0,0,0.6803,1.25,,,,1,1,1,1,,,,21302303,8505870.6
1735655400,2.71,2.73,2.28,2.56,2.1838613790548926,1.6967183406835449,0,0,0,0.6803,1.25,,,,1,1,1,1,,,,9096659,7971242.65
1735828200,2.5,2.79,2.45,2.63,2.273089103243914,1.7815621278941316,0,0,0,0.6803,1.25,,,,1,1,1,1,,,,10396079,8277939.4
1735914600,3.23,3.4,2.76,2.8,2.378471282595131,1.8741473889946652,0,0,0,0.6803,1.25,,,,1,1,1,1,,,,37322538,10065817.85
1736173800,3.05,3.13,2.63,2.69,2.440777026076105,1.9483158081769683,0,0,0,0.6803,1.25,,,,1,1,1,1,,,,15491348,10732108.6
1736260200,2.69,2.7591,2.4,2.65,2.482621620860884,2.0121052801608803,0,0,0,0.6803,1.25,,,,1,1,1,1,,,,8343441,11018416
1736346600,2.72,2.73,2.09,2.54,2.4940972966887074,2.060095709237164,0,0,0,0.6803,1.25,,,,1,1,1,1,,,,20144708,11976439.1
1736519400,2.39,2.46,2.2,2.24,2.443277837350966,2.0764506447610582,0,0,0,0.6803,1.25,,,,1,1,1,1,,,,6276268,12103721.1
1736778600,2.05,2.19,1.8201,1.88,2.330622269880773,2.0585914952373257,0,0,0,0.6803,1.25,,,,1,1,1,1,,,,8172034,12108802.6
1736865000,1.9,2.13,1.9,1.99,2.2624978159046183,2.052355904761205,0,0,0,0.6803,1.25,,,,1,1,1,1,,,,4833755,12210369.65
1736951400,2.06,2.2579,1.9993,2.21,2.251998252723695,2.06668718614655,0,0,0,0.6803,1.25,,,,1,1,1,1,,,,5071733,11994439.05
1737037800,2.27,2.27,2.005,2.2,2.241598602178956,2.0788065328605003,0,0,0,0.6803,1.25,,,,1,1,1,1,,,,3917815,11465865.6
1737124200,2.2,2.2,2.02,2.07,2.2072788817431648,2.078005938964091,0,0,0,0.6803,1.25,,,,1,1,1,1,,,,3928218,10981904.55
1737469800,2.1,2.1399,1.94,2.01,2.1678231053945316,2.0718235808764462,0,0,0,1.8201,3.4,,,,1,1,1,1,,,,4724561,10805809.65
1737556200,2.07,2.46,1.99,2.37,2.208258484315625,2.0989305280694968,0,0,0,1.8201,3.4,,,,1,1,1,1,,,,7804230,10915087.4
1737642600,2.17,2.3,2.1,2.11,2.1886067874525,2.0999368436995427,0,0,0,1.8201,3.4,,,,1,1,1,1,,,,4018154,10845540.1
1737729000,2.06,2.21,1.98,2.04,2.158885429962,2.094488039726857,0,0,0,1.8201,3.4,,,,1,1,1,1,,,,4373147,10564985.95
1737988200,1.89,2,1.83,1.94,2.1151083439696,2.080443672478961,0,0,0,1.8201,3.4,,,,1,1,1,1,,,,3832350,10333739.55
1738074600,1.93,1.99,1.81,1.81,2.05408667517568,2.0558578840717825,0,0,0,1.8201,3.4,,,,1,1,1,1,,,,2620010,9868478.85
1738161000,1.74,1.81,1.64,1.71,1.9852693401405441,2.024416258247075,0,0,0,1.8201,3.4,,,,1,1,1,1,,,,3883461,9277640.6
1738247400,1.74,1.77,1.68,1.69,1.9262154721124354,1.9940147802246135,0,0,0,1.8201,3.4,,,,1,1,1,1,,,,2345957,8329823.3
1738333800,1.69,1.835,1.665,1.75,1.8909723776899483,1.9718316183860123,0,0,0,1.8201,3.4,,,,1,1,1,1,,,,3084959,8029238.3
1738593000,1.61,1.6794,1.5,1.6,1.8327779021519586,1.9380287439872839,0,0,0,1.8201,3.4,,,,1,1,1,1,,,,2885675,7653718.1
1738679400,1.62,1.7,1.62,1.69,1.804222321721567,1.9154806763520762,0,0,0,1.8201,3.4,,,,1,1,1,1,,,,1712871,5873234.75
1738765800,1.72,1.72,1.61,1.64,1.7713778573772536,1.8904369785018875,0,0,0,1.8201,3.4,,,,1,1,1,1,,,,2167959,5207065.3
1738852200,1.68,1.85,1.68,1.76,1.7691022859018029,1.8785790713653523,0,0,0,1.8201,3.4,,,,1,1,1,1,,,,2754260,4927606.25
1738938600,1.78,1.92,1.76,1.91,1.7972818287214423,1.8814355194230474,0,0,0,1.8201,3.4,,,,1,1,1,1,,,,3689891,4104865.4
1739197800,2,2.12,1.8206,2.1,1.8578254629771538,1.9013050176573159,0,0,0,1.5,2.46,3.4,,,1,1,1,1,,,,5051669,4043635.45
1739284200,2.05,2.23,2,2.1,1.9062603703817231,1.9193681978702872,0,0,0,1.5,2.46,3.4,,,1,1,1,1,,,,5500961,3910081.8
1739370600,2.03,2.14,1.93,1.94,1.9130082963053785,1.9212438162457157,0,0,0,1.5,2.46,3.4,,,1,1,1,1,,,,4053551,3871071.6
1739457000,1.94,1.9499,1.84,1.92,1.9144066370443027,1.9211307420415598,0,0,0,1.5,2.46,3.4,,,1,1,1,1,,,,1972824,3716126.15
1739543400,1.9,1.9693,1.805,1.83,1.897525309635442,1.9128461291286907,0,0,0,1.5,2.46,3.4,,,1,1,1,1,,,,1961797,3618325.25
1739889000,1.835,1.94,1.61,1.65,1.8480202477083536,1.888951026480628,0,0,0,1.5,2.46,3.4,,,1,1,1,1,,,,3484464,3596137.55
1739975400,1.64,1.68,1.4,1.43,1.7644161981666828,1.84722820589148,0,0,0,1.5,2.46,3.4,,,1,1,1,1,,,,5038067,3611812.85
1740061800,1.39,1.46,1.325,1.39,1.6895329585333463,1.805662005355891,0,0,0,1.5,2.46,3.4,,,1,1,1,1,,,,2375812,3340391.95
1740148200,1.4,1.45,1.24,1.25,1.601626366826677,1.7551472775962644,0,0,0,1.5,2.46,3.4,,,1,1,1,1,,,,2586564,3268812.45
1740407400,1.25,1.26,1.1,1.1,1.5013010934613416,1.6955884341784222,0,0,0,1.5,2.46,3.4,,,1,1,1,1,,,,3109908,3205650.5
1740493800,1.17,1.21,1,1.04,1.4090408747690732,1.6359894856167474,0,0,0,1.5,2.46,3.4,,,1,1,1,1,,,,4790054,3253535.7
1740580200,1.06,1.14,1.03,1.08,1.3432326998152586,1.585444986924316,0,0,0,1.5,2.46,3.4,,,1,1,1,1,,,,2303209,3237695.65
1740666600,1.08,1.13,0.97,0.9704,1.2686661598522069,1.5295318062948327,0,0,0,1.5,2.46,3.4,,,1,1,1,1,,,,1932761,3140160.65
1740753000,0.9468,1.0215,0.9163,0.9843,1.2117929278817654,1.4799652784498478,0,0,0,1.5,2.46,3.4,,,1,1,1,1,,,,1851922,3115458.9
1741012200,0.9937,1,0.839,0.8523,1.1398943423054124,1.4229047985907708,0,0,0,1.5,2.46,3.4,,,1,1,1,1,,,,2791769,3100799.4
1741098600,0.8,0.9362,0.7885,0.8712,1.08615547384433,1.3727498169007006,0,0,0,1.5,2.46,3.4,,,1,1,1,1,,,,2542022,3083616.75
1741185000,0.8691,0.9034,0.83,0.8875,1.046424379075464,1.3286361971824552,0,0,0,1.5,2.46,3.4,,,1,1,1,1,,,,1323876,3064167
1741271400,0.8674,0.899,0.8,0.8046,0.9980595032603712,1.2809965428931411,0,0,0,1.5,2.46,3.4,,,1,1,1,1,,,,1486917,3030114.9
1741357800,0.8279,0.83,0.7507,0.8085,0.9601476026082969,1.2380423117210373,0,0,0,1.5,2.46,3.4,,,1,1,1,1,,,,2417508,3013277.3
1741613400,0.8,0.81,0.685,0.727,0.9135180820866375,1.1915839197463975,0,0,0,1.5,2.46,3.4,,,1,1,1,1,,,,3059221,2981743.8
1741699800,1.18,1.18,0.6811,0.7235,0.87551446566931,1.1490308361330888,0,0,0,1.5,2.46,3.4,,,1,1,1,1,,,,104014692,7929894.95
1741786200,0.6898,0.7065,0.57,0.697,0.839811572535448,1.1079371237573534,0,0,0,1.5,2.46,3.4,,,1,1,1,1,,,,22566265,8783160.15
1741872600,0.67,0.7177,0.6503,0.6767,0.8071892580283584,1.0687337488703212,0,0,0,1.5,2.46,3.4,,,1,1,1,1,,,,8211714,8991068.3
1741959000,0.6619,0.74,0.65,0.7384,0.7934314064226867,1.0387034080639284,0,0,0,1.5,2.46,3.4,,,1,1,1,1,,,,6426906,9213772.4
1742218200,0.7244,0.791,0.7244,0.7744,0.7896251251381494,1.0146758255126622,0,0,0,1.5,2.46,3.4,,,1,1,1,1,,,,5713292,9401347.15
1742304600,0.7761,0.7958,0.7201,0.7448,0.7806601001105196,0.9901416595569656,0,0,0,1.5,2.46,3.4,,,1,1,1,1,,,,2430560,9348651.95
1742391000,0.73,0.7658,0.721,0.7576,0.7760480800884156,0.9690015086881506,0,0,0,0.57,2.23,2.46,3.4,,1,1,1,1,,,,2230532,9208275.2
1742477400,0.745,0.7568,0.68,0.6901,0.7588584640707325,0.943646826080137,0,0,0,0.57,2.23,2.46,3.4,,1,1,1,1,,,,2517644,9215366.8
1742563800,0.68,0.72,0.68,0.7001,0.747106771256586,0.9215062055273973,0,0,0,0.57,2.23,2.46,3.4,,1,1,1,1,,,,1467275,9159402.35
1742823000,0.71,0.82,0.6911,0.812,0.7600854170052688,0.9115510959339975,0,0,0,0.57,2.23,2.46,3.4,,1,1,1,1,,,,9963884,9502101.15
1742909400,0.8549,0.9,0.795,0.8858,0.7852283336042151,0.909210087212725,0,0,0,0.57,2.23,2.46,3.4,,1,1,1,1,,,,8523499,9688773.4
1742995800,0.9,0.9729,0.8087,0.845,0.797182666883372,0.9033728065570227,0,0,0,0.57,2.23,2.46,3.4,,1,1,1,1,,,,7836932,9965459.55
1743082200,0.8412,1.01,0.8331,0.9998,0.8377061335066976,0.9121389150518388,0,0,0,0.57,2.23,2.46,3.4,,1,1,1,1,,,,10619455,10399794.25
1743168600,1,1.14,0.89,1.12,0.8941649068053581,0.9310353773198534,0,0,0,0.57,2.23,2.46,3.4,,1,1,1,1,,,,16871496,11150772.95
1743427800,1.05,1.25,0.8914,1.07,0.9293319254442864,0.9436685248362304,0,0,0,0.57,2.23,2.46,3.4,,1,1,1,1,,,,28188344,12420601.7
1743514200,1.15,1.15,1.0101,1.1,0.9634655403554292,0.9578804771238458,0,0,0,0.57,2.23,2.46,3.4,,1,1,1,1,,,,14836286,13035314.9
1743600600,1.04,1.1299,0.99,1.11,0.9927724322843434,0.9717095246580417,0,0,0,0.57,2.23,2.46,3.4,,1,1,1,1,,,,7917628,13365002.5
1743687000,1.02,1.07,0.86,0.8994,0.9740979458274748,0.9651359315073107,0,0,0,0.57,2.23,2.46,3.4,,1,1,1,1,,,,12366901,13909001.7
1743773400,0.88,0.9677,0.8337,0.9209,0.9634583566619799,0.9611144831884643,0,0,0,0.57,2.23,2.46,3.4,,1,1,1,1,,,,8010019,14188627.25
1744032600,0.86,0.9899,0.8169,0.86,0.9427666853295839,0.9519222574440585,0,0,0,0.57,2.23,2.46,3.4,,1,1,1,1,,,,5534757,14312404.05
1744119000,0.8808,0.9,0.72,0.75,0.9042133482636671,0.9335656885855077,0,0,0,0.57,2.23,2.46,3.4,,1,1,1,1,,,,7639777,9493658.3
1744205400,0.73,0.84,0.6591,0.8301,0.8893906786109337,0.9241597168959161,0,0,0,0.57,2.23,2.46,3.4,,1,1,1,1,,,,13336718,9032180.95
1744291800,0.8122,0.8203,0.714,0.7751,0.8665325428887469,0.9106088335417419,0,0,0,0.57,2.23,2.46,3.4,,1,1,1,1,,,,4690750,8856132.75
1744378200,0.7851,0.83,0.75,0.814,0.8560260343109976,0.9018262123106745,0,0,0,0.57,2.23,2.46,3.4,,1,1,1,1,,,,4343812,8751978.05
1744637400,0.92,0.965,0.8551,0.9143,0.867680827448798,0.9029601930097041,0,0,0,0.57,2.23,2.46,3.4,,1,1,1,1,,,,13336711,9133149
1744723800,0.9255,0.939,0.85,0.8742,0.8689846619590385,0.900345630008822,0,0,0,0.57,2.23,2.46,3.4,,1,1,1,1,,,,7549246,9389083.3
1744810200,0.84,0.8786,0.8153,0.8637,0.8679277295672307,0.897014209098929,0,0,0,0.6591,1.25,,,,1,1,1,1,,,,4399647,9497539.05
1744896600,0.8822,0.9192,0.851,0.8879,0.8719221836537846,0.8961856446353901,0,0,0,0.6591,1.25,,,,1,1,1,1,,,,4492492,9596281.45
1745242200,0.85,0.87,0.7712,0.7981,0.8571577469230277,0.8872687678503546,0,0,0,0.6591,1.25,,,,1,1,1,1,,,,4411842,9743509.8
1745328600,0.82005,0.83,0.77,0.8201,0.8497461975384222,0.8811625162275951,0,0,0,0.6591,1.25,,,,1,1,1,1,,,,5087800,9499705.6
1745415000,0.8727,0.9,0.8314,0.8419,0.8481769580307378,0.877593196570541,0,0,0,0.6591,1.25,,,,1,1,1,1,,,,4594318,9303246.55
1745501400,0.86,0.8793,0.7834,0.8005,0.8386415664245902,0.8705847241550373,0,0,0,0.6591,1.25,,,,1,1,1,1,,,,6499112,9236355.55
1745587800,0.79,0.8156,0.6904,0.7151,0.8139332531396721,0.8564497492318521,0,0,0,0.6591,1.25,,,,1,1,1,1,,,,10753583,9243061.95
1745847000,0.75,0.7789,0.7284,0.7511,0.8013666025117377,0.8468724993016837,0,0,0,0.6591,1.25,,,,1,1,1,1,,,,5364780,8667726.15
1745933400,0.76,0.8293,0.7311,0.8068,0.8024532820093901,0.8432295448197125,0,0,0,0.6591,1.25,,,,1,1,1,1,,,,5670440,7541830.95
1746019800,0.76,0.7886,0.735,0.7768,0.7973226256075121,0.8371904952906477,0,0,0,0.6591,1.25,,,,1,1,1,1,,,,3395606,6969796.95
1746106200,0.78,0.8329,0.7717,0.7885,0.7955581004860097,0.8327640866278615,0,0,0,0.6591,1.25,,,,1,1,1,1,,,,4499369,6798884
1746192600,0.81,0.8537,0.7885,0.8186,0.8001664803888078,0.831476442388965,0,0,0,0.6591,1.25,,,,1,1,1,1,,,,5630308,6462054.35
1746451800,0.79,0.7989,0.7604,0.7643,0.7929931843110463,0.8253694930808773,0,0,0,0.6591,1.25,,,,1,1,1,1,,,,3695243,6246315.55
1746538200,0.779,0.779,0.7354,0.7572,0.785834547448837,0.8191722664371611,0,0,0,0.6591,1.25,,,,1,1,1,1,,,,3144994,6126827.4
1746624600,0.7501,0.7624,0.7311,0.7535,0.7793676379590696,0.8132020603974192,0,0,0,0.6591,1.25,,,,1,1,1,1,,,,2275125,5858594.8
1746711000,0.7532,0.7988,0.7317,0.7909,0.7816741103672556,0.8111746003612902,0,0,0,0.6591,1.25,,,,1,1,1,1,,,,4742370,5428877.4
1746797400,0.793,0.7963,0.7617,0.765,0.7783392882938045,0.8069769094193547,0,0,0,0.6591,1.25,,,,1,1,1,1,,,,3193106,5353995.2
1747056600,0.77,0.839,0.7602,0.8298,0.7886314306350436,0.809051735835777,0,0,0,0.6591,1.25,,,,1,1,1,1,,,,6682249,5470917.05
1747143000,0.81,0.8864,0.8069,0.8637,0.8036451445080349,0.8140197598507064,0,0,0,0.6591,1.25,,,,1,1,1,1,,,,7082273,5158195.15
1747229400,0.92,0.92,0.8439,0.8759,0.8180961156064279,0.819645236227915,0,0,0,0.6591,1.25,,,,1,1,1,1,,,,7950216,5178243.65
1747315800,0.849,0.87,0.76,0.8567,0.8258168924851423,0.8230138511162863,0,0,0,0.6591,1.25,,,,1,1,1,1,,,,12705438,5593533.2
1747402200,0.8566,0.94,0.8401,0.9301,0.8466735139881139,0.8327489555602603,1,0,0,0.6591,1.25,,,,2,1,1,1,1,,,9434088,5840613
1747661400,0.8884,1,0.855,0.9794,0.873218811190491,0.8460808686911457,0,0,0,0.6591,1.25,,,,2,1,1,1,,,,12901356,6265088.7
1747747800,1.01,1.05,0.931,0.9426,0.8870950489523929,0.8548553351737689,0,1,0,0.6591,1.25,,,,3,1,1,1,,1,,10236474,6522522.4
1747834200,0.95,0.9965,0.8276,0.8651,0.8826960391619143,0.8557866683397899,0,0,0,0.6591,1.25,,,,3,1,1,1,,,,8820513,6733832.15
1747920600,0.85,0.919,0.843501,0.9093,0.8880168313295315,0.8606515166725363,0,0,0,0.6591,1.25,,,,3,1,1,1,,,,4150601,6616406.6
1748007000,0.86,0.96,0.86,0.9268,0.8957734650636252,0.8666650151568511,0,0,0,0.6591,1.25,,,,3,1,1,1,,,,5116440,6334549.45
1748352600,0.9229,0.9537,0.89,0.9422,0.9050587720509001,0.8735318319607738,0,0,0,0.6591,1.25,,,,3,1,1,1,,,,5190248,6325822.85
1748439000,0.952,1.15,0.932,1.07,0.9380470176407201,0.8913925745097944,0,0,0,0.6591,1.25,,,,3,1,1,1,,,,13060980,6695349.85
1748525400,1.1,1.1,1,1.07,0.9644376141125761,0.9076296131907221,0,0,0,0.6591,1.25,,,,3,1,1,1,,,,7789959,6915067.5
1748611800,1.08,1.23,1.07,1.22,1.0155500912900608,0.9360269210824746,0,0,0,0.6591,1.25,,,,3,1,1,1,,,,17600733,7570135.7
1748871000,1.35,1.52,1.26,1.47,1.1064400730320487,0.9845699282567951,0,0,0,0.6591,1.25,,,,3,1,1,1,,,,35215737,9049407.15
1748957400,1.59,1.66,1.4,1.42,1.169152058425639,1.0241544802334501,0,0,0,0.6591,1.25,,,,3,1,1,1,,,,31332424,10431266.2
1749043800,1.495,1.79,1.46,1.75,1.285321646740511,1.0901404365758638,0,0,0,0.6591,1.25,,,,3,1,1,1,,,,24422957,11495164.35
1749130200,1.885,1.885,1.5,1.58,1.3442573173924088,1.1346731241598762,0,0,0,0.6591,1.25,,,,3,1,1,1,,,,31020428,12932429.5
1749216600,1.66,1.87,1.58,1.7,1.4154058539139271,1.1860664765089783,0,0,0,0.6591,1.25,,,,3,1,1,1,,,,23804944,13885558.2
1749475800,1.94,2.045,1.67,1.68,1.4683246831311416,1.2309695240990712,0,0,0,0.6591,1.25,,,,3,1,1,1,,,,43161783,15883992.05
1749562200,1.48,1.7,1.45,1.52,1.4786597465049134,1.2572450219082465,0,0,0,0.6591,1.25,,,,3,1,1,1,,,,32790787,17189418.95
1749648600,1.6,1.6,1.4001,1.48,1.4789277972039307,1.2774954744620424,0,0,0,0.6591,1.25,,,,3,1,1,1,,,,12197557,17445183.15
1749735000,1.53,1.75,1.51,1.71,1.5251422377631445,1.3168140676927658,0,0,0,0.6591,1.25,,,,3,1,1,1,,,,20835866,18089465.65
1749821400,1.735,1.87,1.66,1.82,1.5841137902105156,1.3625582433570598,0,0,0,0.6591,1.25,,,,3,1,1,1,,,,29549553,18931671.4
1750080600,1.845,1.9,1.665,1.69,1.6052910321684124,1.3923256757791453,0,0,0,0.6591,1.25,,,,3,1,1,1,,,,18985398,19409236.9
1750167000,1.69,1.6988,1.52,1.56,1.59623282573473,1.4075687961628593,0,0,0,0.6591,1.25,,,,3,1,1,1,,,,13661558,19447247
1750253400,1.57,1.61,1.46,1.55,1.586986260587784,1.4205170874207813,0,0,0,0.6591,1.25,,,,3,1,1,1,,,,10932663,19482056.45
1750426200,1.63,1.67,1.52,1.58,1.5855890084702273,1.4350155340188921,0,0,0,0.6591,1.25,,,,3,1,1,1,,,,14369036,19759482.6
1750685400,1.58,1.58,1.36,1.43,1.554471206776182,1.434559576380811,0,0,0,0.6591,1.25,,,,3,1,1,1,,,,21290637,20616484.4
1750771800,1.54,1.6,1.465,1.59,1.5615769654209455,1.4486905239825554,0,0,0,0.6591,1.25,,,,3,1,1,1,,,,14711436,21096234.2
1750858200,1.74,1.85,1.55,1.6,1.5692615723367564,1.4624459308932323,0,0,0,0.6591,1.25,,,,3,1,1,1,,,,39187144,22796079
1750944600,1.615,1.79,1.53,1.75,1.6054092578694052,1.4885872099029385,0,0,0,0.6591,1.25,,,,3,1,1,1,,,,31484640,23717262
1751031000,1.76,1.91,1.69,1.83,1.6503274062955242,1.5196247362753985,0,0,0,0.6591,1.25,,,,3,1,1,1,,,,24201288,24537828.45
1751290200,2.015,2.29,1.91,1.92,1.7042619250364193,1.5560224875230895,0,0,0,0.6591,1.25,,,,3,1,1,1,,,,46230147,25969299.15
1751376600,1.89,1.96,1.8,1.96,1.7554095400291354,1.5927477159300814,0,0,0,0.6591,1.25,,,,3,1,1,1,,,,15210382,24969031.4
1751463000,1.92,1.95,1.8,1.88,1.7803276320233083,1.6188615599364375,0,0,0,0.6591,1.25,,,,3,1,1,1,,,,12112017,24008011.05
1751549400,1.92,2.015,1.82,1.85,1.7942621056186467,1.6398741453967614,0,0,0,0.6591,1.25,,,,3,1,1,1,,,,11619682,23367847.3
1751895000,1.84,1.97,1.72,1.75,1.7854096844949174,1.6498855867243285,0,0,0,0.6591,1.25,,,,3,1,1,1,,,,12527214,22443186.6
1751981400,1.78,1.825,1.71,1.79,1.786327747595934,1.6626232606584805,0,0,0,0.6591,1.25,,,,3,1,1,1,,,,10509157,21778397.25
1752067800,1.88,1.93,1.795,1.84,1.7970621980767472,1.678748418780437,0,0,0,0.6591,1.25,,,,3,1,1,1,,,,18739562,20557286.2
1752154200,1.85,2.05,1.8,2.01,1.8396497584613978,1.7088621988913062,0,0,0,0.6591,1.25,,,,3,1,1,1,,,,23516426,20093568.15
1752240600,2.12,2.24,2.05,2.12,1.8957198067691183,1.74623836262846,0,0,0,0.6591,1.25,,,,3,1,1,1,,,,30779837,21022682.15
1752499800,2.165,2.45,2.12,2.31,1.9785758454152946,1.7974894205713274,0,0,0,0.6591,1.25,,,,3,1,1,1,,,,35769807,21769379.2
1752586200,2.325,2.35,2.2,2.29,2.040860676332236,1.8422631096102977,0,0,0,0.6591,1.25,,,,3,1,1,1,,,,14686623,21026232.7
1752672600,2.225,2.44,2.19,2.4,2.1126885410657885,1.8929664632820888,0,0,0,0.6591,1.25,,,,3,1,1,1,,,,21250955,21139510.55
1752759000,2.48,2.6399,2.28,2.4,2.170150832852631,1.9390604211655353,0,0,0,0.6591,1.25,,,,3,1,1,1,,,,26646732,21788769.25
1752845400,2.43,2.48,2.19,2.23,2.182120666282105,1.9655094737868504,0,0,0,0.6591,1.25,,,,3,1,1,1,,,,20672459,22275759.05
1753104600,2.3,2.7,2.24,2.25,2.195696533025684,1.9913722488971366,0,0,0,0.6591,1.25,,,,3,1,1,1,,,,40600551,23587334.8
1753191000,2.26,2.27,2.02,2.1,2.176557226420547,2.001247498997397,0,0,0,0.6591,1.25,,,,3,1,1,1,,,,20187601,23532183
1753277400,2.135,2.2,2.05,2.18,2.177245781136438,2.01749772636127,0,0,0,0.6591,1.25,,,,3,1,1,1,,,,10621683,23327695.35
1753363800,2.19,2.33,2.13,2.14,2.1697966249091505,2.0286342966920636,0,0,0,0.6591,1.25,,,,3,1,1,1,,,,11637066,21950191.45
1753450200,2.12,2.14,2.06,2.13,2.1618372999273205,2.037849360629149,0,0,0,0.6591,1.25,,,,3,1,1,1,,,,8347820,20793350.45
1753709400,2.15,2.2,1.98,2,2.1294698399418563,2.0344085096628626,0,0,0,0.6591,1.25,,,,3,1,1,1,,,,11429695,20154770.8
1753795800,2.01,2.01,1.78,1.82,2.067575871953485,2.0149168269662385,0,0,0,0.6591,1.25,,,,3,1,1,1,,,,18967484,18791637.65
1753882200,1.865,2.14,1.85,2.07,2.068060697562788,2.019924388151126,0,0,0,0.6591,1.25,,,,3,1,1,1,,,,27107669,19386502
1753968600,2.17,2.22,2.03,2.12,2.0784485580502303,2.029022171046478,0,0,0,0.6591,1.25,,,,3,1,1,1,,,,22804572,19921129.75
1754055000,2.05,2.27,2.01,2.2,2.1027588464401843,2.044565610042253,0,0,0,0.6591,1.25,,,,3,1,1,1,,,,23356185,20507954.9
1754314200,2.275,2.67,2.25,2.67,2.2162070771521476,2.1014232818565937,0,0,0,0.6591,1.25,,,,3,1,1,1,,,,41381179,21950653.15
1754400600,2.75,3.09,2.66,3.07,2.386965661721718,2.1894757107787215,0,0,0,0.6591,1.25,,,,3,1,1,1,,,,56284020,24239396.3
1754487000,2.98,3.37,2.92,3.33,2.575572529377374,2.293159737071565,0,0,0,0.6591,1.25,,,,3,1,1,1,,,,36704639,25137650.15
1754573400,3.4,3.5,3.085,3.25,2.710458023501899,2.3801452155196046,0,0,0,0.6591,1.25,,,,3,1,1,1,,,,34876200,25705638.85
1754659800,3.41,3.95,3.395,3.55,2.8783664188015194,2.4864956504723676,0,0,0,0.6591,1.25,,,,3,1,1,1,,,,41406260,26236960
1754919000,3.61,3.76,3.31,3.43,2.9886931350412156,2.572268773156698,0,0,0,0.6591,1.25,,,,3,1,1,1,,,,26386930,25767816.15
1755005400,3.94,4.39,3.86,4.29,3.2489545080329725,2.72842615741518,0,0,0,0.6591,1.25,,,,3,1,1,1,,,,72955324,28681251.2
1755091800,3.48,3.79,3.44,3.52,3.303163606426378,2.8003874158319815,0,0,0,0.6591,1.25,,,,3,1,1,1,,,,94894896,32363448.25
1755178200,3.5,3.93,3.43,3.93,3.4285308851411025,2.903079468938165,0,0,0,0.6591,1.25,,,,3,1,1,1,,,,53138387,33688031
1755264600,3.83,4.23,3.745,3.86,3.514824708112882,2.990072244489241,0,0,0,0.6591,1.25,,,,3,1,1,1,,,,48996016,35104208.85
1755523800,3.92,4.09,3.725,4.01,3.6138597664903056,3.0827929495356736,0,0,0,0.6591,1.25,,,,3,1,1,1,,,,33261942,34737278.4
1755610200,4.14,4.33,3.56,3.59,3.6090878131922444,3.1289026813960668,0,0,0,0.6591,1.25,,,,3,1,1,1,,,,49180079,36186902.3
1755696600,3.6,3.66,3.2,3.61,3.6092702505537955,3.1726388012691515,0,0,0,0.6591,1.25,,,,3,1,1,1,,,,43915379,37851587.1
1755783000,3.64,3.89,3.51,3.8,3.647416200443036,3.2296716375174106,0,0,0,0.6591,1.25,,,,3,1,1,1,,,,29854523,38762459.95
1755869400,3.8,4.51,3.8,4.49,3.815932960354429,3.344246943197646,0,0,0,0.6591,1.25,,,,3,1,1,1,,,,65687059,41629421.9
1756128600,4.68,4.98,4.53,4.85,4.022746368283543,3.4811335847251326,0,0,0,0.6591,1.25,,,,3,1,1,1,,,,46896658,43402770.05
1756215000,4.72,5.2666,4.71,4.97,4.212197094626834,3.6164850770228476,0,0,0,0.6591,1.25,,,,3,1,1,1,,,,45928228,44750807.25
1756301400,5.02,5.505,5.01,5.07,4.383757675701467,3.748622797293498,0,0,0,0.6591,1.25,,,,3,1,1,1,,,,47846437,45787745.65
1756387800,5.25,6.01,5.2,5.7,4.647006140561174,3.926020724812271,0,0,0,0.6591,1.25,,,,3,1,1,1,,,,60658921,47680463.1
1756474200,6,6.188,5.54,5.86,4.889604912448939,4.10183702255661,0,0,0,0.6591,1.25,,,,3,1,1,1,,,,55680238,49296665.75
1756819800,5.475,5.95,5.33,5.46,5.003683929959151,4.225306384142373,0,0,0,0.6591,1.25,,,,3,1,1,1,,,,38115436,49133378.6
1756906200,5.62,5.678,5.01,5.03,5.008947143967321,4.298460349220339,0,0,0,0.6591,1.25,,,,3,1,1,1,,,,32311358,47934745.5
1756992600,5.035,5.39,4.9,5.33,5.073157715173856,4.3922366811094,0,0,0,0.6591,1.25,,,,3,1,1,1,,,,32980793,47748553.2
1757079000,5.45,5.68,5.03,5.63,5.184526172139085,4.504760619190363,0,0,0,0.6591,1.25,,,,3,1,1,1,,,,34703477,47739917.05
1757338200,5.63,6.5,5.6,6.06,5.359620937711268,4.646146017445784,0,0,0,0.6591,1.25,,,,3,1,1,1,,,,54462556,48392731.85
1757424600,5.31,5.59,5.21,5.45,5.377696750169014,4.71922365222344,0,0,0,0.6591,1.25,,,,3,1,1,1,,,,91792969,51663033.8
1757511000,5.61,6,5.385,5.56,5.4141574001352115,4.795657865657673,0,0,0,0.6591,1.25,,,,3,1,1,1,,,,55210835,50775809.35
1757597400,5.68,6.44,5.41,6.42,5.6153259201081696,4.943325332416066,0,0,0,0.6591,1.25,,,,3,1,1,1,,,,62323027,49147215.9
1757683800,6.45,6.72,6.2,6.56,5.804260736086536,5.090295756741878,0,0,0,0.6591,1.25,,,,3,1,1,1,,,,47214276,48851010.35
1757943000,6.71,6.8599,6.25,6.38,5.919408588869229,5.207541597038071,0,0,0,0.6591,1.25,,,,3,1,1,1,,,,37226274,48262523.25
1758029400,6.32,6.35,5.92,6.09,5.953526871095383,5.287765088216428,0,0,0,0.6591,1.25,,,,3,1,1,1,,,,36544684,48426660.35
1758115800,6.06,6.25,5.75,6.1,5.982821496876306,5.361604625651299,0,0,0,0.6591,1.25,,,,3,1,1,1,,,,42246153,48079964.05
1758202200,6.28,6.64,6.01,6.6,6.106257197501044,5.474186023319362,0,0,0,0.6591,1.25,,,,3,1,1,1,,,,36806714,47724530.8
1758288600,6.55,6.84,6.42,6.72,6.229005758000835,5.587441839381238,0,0,0,0.6591,1.25,,,,3,1,1,1,,,,45026780,48483143.65
1758547800,6.82,7.36,6.58,7.26,6.435204606400668,5.739492581255671,0,0,0,0.6591,1.25,,,,3,1,1,1,,,,48685347,47633058.05
1758634200,7.515,8.1199,7.23,7.88,6.724163685120534,5.934084164777883,0,0,0,0.6591,1.25,,,,3,1,1,1,,,,59734600,48274955.15
1758720600,7.99,8.07,7.25,7.35,6.849330948096427,6.062803786161712,0,0,0,0.6591,1.25,,,,3,1,1,1,,,,45667950,48261941.25
1758807000,7.005,7.84,6.79,7.75,7.0294647584771415,6.216185260147011,0,0,0,0.6591,1.25,,,,3,1,1,1,,,,62131039,48976171.35
1758893400,7.695,7.89,7.36,7.66,7.155571806781714,6.347441145588192,0,0,0,0.6591,1.25,,,,3,1,1,1,,,,36510743,47768762.45
1759152600,7.96,8.71,7.8,7.87,7.298457445425371,6.4858555868983565,0,0,0,0.6591,1.25,,,,3,1,1,1,,,,68637307,48416615.9
1759239000,7.93,8.17,7.57,7.72,7.382765956340297,6.598050533543961,0,0,0,0.6591,1.25,,,,3,1,1,1,,,,41885994,48605143.8
1759325400,7.75,7.95,7.18,7.31,7.368212765072237,6.6627732123126915,0,0,0,0.6591,1.25,,,,3,1,1,1,,,,40181926,48998672.2
1759411800,7.8,9.34,7.66,9.21,7.73657021205779,6.894339283920629,0,0,0,0.6591,1.25,,,,3,1,1,1,,,,103739075,52536586.3
1759498200,9.51,10.28,9.1901,9.91,8.171256169646233,7.168490258109663,0,0,0,0.6591,1.25,,,,3,1,1,1,,,,72853961,54444110.5
1759757400,10.56,11.63,10.27,10.66,8.669004935716986,7.485900234645148,0,0,0,0.6591,1.25,,,,3,1,1,1,,,,82293055,55835635.45
1759843800,11,11.545,10.45,11.09,9.153203948573589,7.813545667859225,0,0,0,0.6591,1.25,,,,3,1,1,1,,,,56849501,54088462.05
1759930200,11.265,11.6999,10.7132,11.26,9.57456315885887,8.126859698053842,0,0,0,0.6591,1.25,,,,3,1,1,1,,,,45083096,53582075.1
1760016600,11.14,11.39,10.375,10.49,9.757650527087096,8.341690634594402,0,0,0,0.6591,1.25,,,,3,1,1,1,,,,43374850,52634666.25
1760103000,10.48,10.51,9.1901,9.22,9.650120421669676,8.421536940540365,0,0,0,0.6591,1.25,,,,3,1,1,1,,,,61337540,53340829.45
1760362200,10.03,11.215,9.6832,10.81,9.88209633733574,8.638669945945786,0,0,0,0.6591,1.25,,,,3,1,1,1,,,,51913369,54075184.2
1760448600,10.38,10.56,9.88,10.41,9.987677069868592,8.799699950859805,0,0,0,0.6591,1.25,,,,3,1,1,1,,,,36075185,54051709.25
1760535000,10.825,10.87,9.16,9.51,9.892141655894873,8.864272682599823,0,0,0,0.6591,1.25,,,,3,1,1,1,,,,49685753,54423689.25
1760621400,9.63,9.63,7.92,8.2,9.553713324715899,8.80388425690893,0,0,0,0.6591,1.25,,,,3,1,1,1,,,,70659372,56116322.15
1760707800,7.95,8.16,7.555,7.61,9.164970659772719,8.695349324462663,0,0,0,0.6591,1.25,,,,3,1,1,1,,,,43053544,56017660.35
1760967000,8.06,8.19,7.33,7.77,8.885976527818174,8.61122665860242,0,0,0,0.6591,1.25,,,,3,1,1,1,,,,37823991,55474592.55
1761053400,7.68,7.91,7.1245,7.19,8.54678122225454,8.48202423509311,0,0,0,0.6591,1.25,,,,3,1,1,1,,,,30813679,54028546.5
1761139800,6.85,7.26,6.465,6.74,8.185424977803631,8.32365839553919,0,0,0,0.6591,1.25,,,,3,1,1,1,,,,53445979,54417447.95
1761226200,6.85,7.3,6.65,7.06,7.960339982242905,8.208780359581082,0,0,0,0.6591,1.25,,,,3,1,1,1,,,,36302869,53126039.45
1761312600,7.67,8.17,7.405,7.46,7.860271985794324,8.140709417800984,0,0,0,0.6591,1.25,,,,3,1,1,1,,,,51306769,53865840.75
1761571800,8.185,8.315,7.52,7.53,7.794217588635459,8.085190379819077,0,0,0,0.6591,1.25,,,,3,1,1,1,,,,48346942,52851322.5
1761658200,7.52,7.64,6.66,6.79,7.593374070908367,7.967445799835524,0,0,0,0.6591,1.25,,,,3,1,1,1,,,,44421394,52978092.5
1761744600,6.895,6.95,6.52,6.75,7.424699256726694,7.856768908941385,0,0,0,6.465,11.6999,,,,1,1,1,1,,,,36219297,52779961.05
1761831000,6.49,6.615,6.205,6.29,7.197759405381355,7.7143353717648955,0,0,0,6.465,11.6999,,,,1,1,1,1,,,,125439563,53864985.45
1761917400,6.25,6.5,6.12,6.44,7.046207524305084,7.59848670160445,0,0,0,6.465,11.6999,,,,1,1,1,1,,,,103849069,55414740.85
1762180200,6.575,6.69,5.78,6.15,6.866966019444067,7.4668060923676824,0,0,0,6.465,11.6999,,,,1,1,1,1,,,,118255475,57212861.85
1762266600,5.78,6.57,5.77,5.96,6.685572815555254,7.329823720334256,0,0,0,6.465,11.6999,,,,1,1,1,1,,,,94632814,59102027.5
1762353000,5.98,6.25,5.83,6,6.548458252444203,7.208930654849324,0,0,0,6.465,11.6999,,,,1,1,1,1,,,,59402786,59818012
1762439400,5.92,5.93,5.215,5.25,6.288766601955363,7.030846049863022,0,0,0,6.465,11.6999,,,,1,1,1,1,,,,80158723,61657205.65
1762525800,5.04,5.895,4.95,5.81,6.19301328156429,6.91986004533002,0,0,0,6.465,11.6999,,,,1,1,1,1,,,,106713317,63925994.5
1762785000,6.37,6.39,5.77,5.88,6.130410625251431,6.8253273139363815,0,0,0,6.465,11.6999,,,,1,1,1,1,,,,135019928,68081322.45
1762871400,5.85,6.095,5.6,5.8,6.064328500201145,6.732115739942165,0,0,0,6.465,11.6999,,,,1,1,1,1,,,,78878962,70221511.3
1762957800,5.985,6.165,5.48,5.51,5.953462800160916,6.6210143090383315,0,0,0,6.465,11.6999,,,,1,1,1,1,,,,78891632,71681805.25
1763044200,6.32,7.34,6.31,6.56,6.074770240128733,6.615467553671211,0,0,0,6.465,11.6999,,,,1,1,1,1,,,,220831446,79190408.95
1763130600,6.165,7.86,6.1,7.18,6.295816192102986,6.666788685155646,0,0,0,4.95,8.315,11.6999,,,1,1,1,1,,,,184450259,86260244.7
1763389800,7.51,7.515,5.98,6.255,6.287652953682389,6.629353350141496,0,0,0,4.95,8.315,11.6999,,,1,1,1,1,,,,154730862,92105588.25
1763476200,6.155,7.92,6.15,7.84,6.598122362945911,6.73941213649227,1,0,0,4.95,8.315,11.6999,,,1,2,1,1,1,,,179881981,99559003.35
1763562600,7.465,8.035,7.26,7.5,6.778497890356729,6.808556487720245,0,0,0,4.95,8.315,11.6999,,,1,2,1,1,,,,127637377,103268573.25
1763649000,7.92,7.97,6.25,6.27,6.676798312285383,6.759596807018404,0,0,1,4.95,8.315,11.6999,,,1,1,1,1,,,1,118430888,107374974.2
1763735400,6.56,6.85,5.93,6.735,6.688438649828306,6.757360733653095,0,0,0,4.95,8.315,11.6999,,,1,1,1,1,,,,130829160,111351093.75
1763994600,6.785,8.8,6.67,8.72,7.094750919862645,6.935782485139177,1,0,0,4.95,8.315,11.6999,,,1,2,1,1,1,,,177068113,117787152.3
1764081000,8.48,8.88,8.07,8.44,7.363800735890116,7.072529531944706,0,0,0,4.95,8.315,11.6999,,,1,2,1,1,,,,119782376,121555201.4
1764167400,8.61,8.68,7.685,8.24,7.539040588712093,7.178663210858824,0,0,0,4.95,8.315,11.6999,,,1,2,1,1,,,,114905202,125489496.65
1764340200,8.28,8.4694,7.8,7.9,7.611232470969675,7.244239282598931,0,0,0,4.95,8.315,11.6999,,,1,2,1,1,,,,32708977,120852967.35
1764599400,7.88,8.07,7.47,7.58,7.60498597677574,7.274762984180847,0,0,0,4.95,8.315,11.6999,,,1,2,1,1,,,,50596615,118190344.65
1764685800,7.68,8.55,7.32,8.07,7.697988781420593,7.347057258346225,0,0,0,4.95,8.315,11.6999,,,1,2,1,1,,,,90636921,116809416.95
1764772200,8.39,9.105,7.46,8.92,7.942391025136474,7.490052053042023,0,0,0,4.95,8.315,11.6999,,,1,2,1,1,,,,140917630,119123657.75
1764858600,8.635,9.34,8.52,9.19,8.191912820109179,7.644592775492748,0,1,0,4.95,8.315,11.6999,,,1,3,1,1,,1,,106884718,121497754.35
1764945000,8.93,9.3,8.58,9.07,8.367530256087344,7.774175250447953,0,0,0,4.95,8.315,11.6999,,,1,3,1,1,,,,82497060,121614671.2
1765204200,9.295,9.75,8.97,9.02,8.498024204869875,7.887432045861775,0,0,0,4.95,8.315,11.6999,,,1,3,1,1,,,,86527574,120605384.05
1765290600,8.92,9.86,8.61,9.23,8.6444193638959,8.00948367805616,0,0,0,4.95,8.315,11.6999,,,1,3,1,1,,,,83620448,118035410.05
1765377000,9.11,9.115,8.305,8.325,8.58053549111672,8.038166980051054,0,0,0,4.95,8.315,11.6999,,,1,3,1,1,,,,86853711,118434147.5
1765463400,8.49,9.08,8.12,9.02,8.668428392893375,8.12742452731914,0,0,0,4.95,8.315,11.6999,,,1,3,1,1,,,,66219095,117800520.65
1765549800,8.98,9.575,8.41,8.75,8.6847427143147,8.184022297562855,0,0,0,4.95,8.315,11.6999,,,1,3,1,1,,,,89059108,111211903.75
1765809000,8.68,8.74,7.56,7.69,8.48579417145176,8.139111179602596,0,0,0,4.95,8.315,11.6999,,,1,3,1,1,,,,100385771,107008679.35
1765895400,7.62,8.195,7.59,8.09,8.406635337161408,8.134646526911451,0,0,0,4.95,8.315,11.6999,,,1,3,1,1,,,,51608557,101852564.1
1765981800,8.14,8.56,7.28,7.37,8.199308269729126,8.065133206283138,0,0,0,4.95,8.315,11.6999,,,1,3,1,1,,,,59633108,95840120.45
1766068200,7.79,8.3393,7.74,7.8,8.119446615783302,8.041030187530126,0,0,0,4.95,8.315,11.6999,,,1,3,1,1,,,,67598896,92838196.4
1766154600,7.99,9.24,7.86,9.22,8.339557292626642,8.148209261391024,0,0,0,4.95,8.315,11.6999,,,1,3,1,1,,,,125776599,93205481.95
1766413800,9.3,9.66,9.155,9.27,8.525645834101313,8.250190237628203,0,0,0,4.95,8.315,11.6999,,,1,3,1,1,,,,69110014,90119524.65
1766500200,9.03,9.84,8.67,8.96,8.612516667281051,8.314718397843821,0,0,0,4.95,8.315,11.6999,,,1,3,1,1,,,,66186443,84575441.15
1766586600,8.98,9.2,8.85,9.13,8.716013333824842,8.388834907130747,0,0,0,4.95,8.315,11.6999,,,1,3,1,1,,,,26111953,79891920
1766759400,9.137,9.17,8.43,8.48,8.668810667059873,8.397122642846133,0,0,0,4.95,8.315,11.6999,,,1,3,1,1,,,,49157065,76604513.15
1767018600,8.3,8.67,8.21,8.46,8.627048533647898,8.402838766223757,0,0,0,4.95,8.315,11.6999,,,1,3,1,1,,,,29711958,76454662.2
1767105000,8.46,9.3,8.33,8.99,8.699638826918319,8.456217060203416,0,0,0,4.95,8.315,11.6999,,,1,3,1,1,,,,56951549,76772408.9
1767191400,9.28,10.53,9.17,9.76,8.911711061534655,8.574742782003106,0,0,0,4.95,8.315,11.6999,,,1,3,1,1,,,,156334088,80057267.25
1767364200,10.135,11.06,9.91,11.02,9.333368849227725,8.797038892730097,0,0,0,4.95,8.315,11.6999,,,1,3,1,1,,,,136003405,79811556
1767623400,11.3,12.54,10.99,12.53,9.972695079382179,9.136398993390998,0,0,0,4.95,8.315,11.6999,,,1,3,1,1,,,,142435588,81589099.5
1767709800,12.1,12.93,11.96,12.84,10.546156063505743,9.473089993991817,0,0,0,4.95,8.315,11.6999,,,1,3,1,1,,,,92109780,82069735.5
1767796200,12.7,13.02,12.11,12.18,10.872924850804594,9.719172721810743,0,0,0,4.95,8.315,11.6999,,,1,3,1,1,,,,70855309,81286122.25
1767882600,13.205,15.07,13.15,14.01,11.500339880643676,10.109247928918858,0,0,0,4.95,8.315,11.6999,,,1,3,1,1,,,,137379503,83974075
1767969000,14,15.1,13.59,13.69,11.93827190451494,10.43477084447169,0,0,0,4.95,8.315,11.6999,,,1,3,1,1,,,,114277970,85345287.95
1768228200,13.71,15.28,12.83,13.19,12.188617523611951,10.68524622224699,0,0,0,4.95,8.315,11.6999,,,1,3,1,1,,,,121385412,88103603.8
1768314600,13.5,14.5,12.96,13.89,12.528894018889561,10.97658747476999,0,0,0,4.95,8.315,11.6999,,,1,3,1,1,,,,130778313,90189564.05
1768401000,13.69,13.75,12.92,13.56,12.73511521511165,11.21144315888181,0,0,0,4.95,8.315,11.6999,,,1,3,1,1,,,,83593697,89349960.35
1768487400,13.57,14.07,12.8,12.82,12.75209217208932,11.357675598983464,0,0,0,4.95,8.315,11.6999,,,1,3,1,1,,,,96377270,91588396
1768573800,13.415,14.25,12.12,12.16,12.633673737671456,11.43061418089406,0,0,0,4.95,8.315,11.6999,,,1,3,1,1,,,,168234827,97018481.95
1768919400,11.855,14.2,11.8,13.13,12.732938990137166,11.585103800812782,0,0,0,4.95,8.315,11.6999,,,1,3,1,1,,,,150704221,101173748.2
1769005800,13.8,14.33,11.93,12.55,12.696351192109733,11.672821637102528,0,0,0,4.95,8.315,11.6999,,,1,3,1,1,,,,148204889,102295162.7
1769092200,12.51,13.33,12.35,12.62,12.681080953687786,11.758928761002299,0,0,0,4.95,8.315,11.6999,,,1,3,1,1,,,,117527845,104716054.25
1769178600,12.71,12.865,11.94,12.17,12.578864762950229,11.796298873638452,0,0,0,4.95,8.315,11.6999,,,1,3,1,1,,,,79504309,105381947.55
1769437800,12.15,12.335,10.95,11.16,12.295091810360184,11.738453521489502,0,0,0,4.95,8.315,11.6999,,,1,3,1,1,,,,79825480,108067623.9
1769524200,11.21,12.47,11.09,12.26,12.288073448288147,11.785866837717728,0,0,0,4.95,8.315,11.6999,,,1,3,1,1,,,,92724279,110245984.6
1769610600,12.98,13.08,12.06,12.27,12.284458758630517,11.829878943379754,0,0,0,4.95,8.315,11.6999,,,1,3,1,1,,,,100928191,113806796.25
1769697000,12.14,12.28,11.07,11.27,12.081567006904415,11.778980857617958,0,0,0,4.95,8.315,11.6999,,,1,3,1,1,,,,87794536,115348945.6
1769783400,11.25,11.45,10.14,10.36,11.73725360552353,11.649982597834507,0,0,0,4.95,8.315,11.6999,,,1,3,1,1,,,,79362436,111500363
1770042600,10.81,11.2,10.15,10.64,11.517802884418824,11.55816599803137,0,0,0,4.95,8.315,11.6999,,,1,3,1,1,,,,92683759,109334380.7
1770129000,11.01,11.42,10.51,11.38,11.490242307535059,11.541969089119428,0,0,0,4.95,8.315,11.6999,,,1,3,1,1,,,,102072748,107316238.7
1770215400,11.38,11.395,9.13,9.68,11.128193846028047,11.372699171926753,0,0,0,4.95,8.315,11.6999,,,1,3,1,1,,,,125055516,108963525.5
1770301800,9.34,9.53,8.32,8.48,10.598555076822437,11.109726519933412,0,0,0,4.95,8.315,11.6999,,,1,3,1,1,,,,100976947,110469607.4
1770388200,8.965,9.76,8.45,9.69,10.41684406145795,10.980660472666738,0,0,0,4.95,8.315,11.6999,,,1,3,1,1,,,,87820581,107991661.3
1770647400,9.805,10.64,9.67,10.34,10.40147524916636,10.922418611515216,0,0,0,4.95,8.315,11.6999,,,1,3,1,1,,,,88727378,106714131.7
1770733800,10.09,10.44,9.6,9.68,10.257180199333089,10.809471465013832,0,0,0,4.95,8.315,11.6999,,,1,3,1,1,,,,56340326,103461877.4
1770820200,9.885,9.92,8.88,9.23,10.051744159466471,10.665883150012574,0,0,0,4.95,8.315,11.6999,,,1,3,1,1,,,,67427330,100294328.25
1770906600,9.245,9.2725,8.7001,8.97,9.835395327573178,10.511711954556885,0,0,0,8.32,15.28,,,,1,1,1,1,,,,59629592,99096123
1770993000,9.27,9.68,8.82,9.31,9.730316262058542,10.402465413233532,0,0,0,8.32,15.28,,,,1,1,1,1,,,,56681678,97111343.4
1771338600,9.235,10.32,8.87,10.05,9.794253009646834,10.370423102939574,0,0,0,8.32,15.28,,,,1,1,1,1,,,,76272202,92513212.15
1771425000,10.21,11.17,9.99,11.07,10.049402407717468,10.43402100267234,1,0,0,8.32,15.28,,,,2,1,1,1,1,,,110468183,90501410.25
1771511400,10.82,11.59,10.74,11.39,10.317521926173974,10.520928184247582,0,0,0,8.32,15.28,,,,2,1,1,1,,,,102375850,88209958.3
1771597800,11.19,11.58,9.95,10.03,10.26001754093918,10.476298349315984,0,0,0,8.32,15.28,,,,2,1,1,1,,,,111577187,87912425.4
1771857000,9.93,10.57,9.8601,10.19,10.246014032751344,10.450271226650894,0,0,0,8.32,15.28,,,,2,1,1,1,,,,68820893,87378254.6
1771943400,10.01,10.48,9.48,10.4,10.276811226201074,10.445701115137176,0,0,0,8.32,15.28,,,,2,1,1,1,,,,69619664,86867963.8
1772029800,10.63,10.94,10.27,10.3,10.28144898096086,10.432455559215615,0,0,0,8.32,15.28,,,,2,1,1,1,,,,68949431,85679221.4
1772116200,10.15,10.78,9.95,10.45,10.315159184768689,10.434050508377831,0,0,0,8.32,15.28,,,,2,1,1,1,,,,67386274,84002125.55
1772202600,10.09,10.18,9.62,10.08,10.268127347814952,10.401864098525301,0,0,0,8.32,15.28,,,,2,1,1,1,,,,65528398,82888818.65
1772461800,10.5,12.42,10.3,10.67,10.34850187825196,10.426240089568456,0,0,0,8.32,15.28,,,,2,1,1,1,,,,181539011,87997647.4
1772548200,10.69,11,9.76,10.02,10.282801502601568,10.38930917233496,0,0,0,8.32,15.28,,,,2,1,1,1,,,,100359268,88381422.85
1772634600,10.36,10.82,9.93,10.51,10.328241202081255,10.400281065759055,0,0,0,8.32,15.28,,,,2,1,1,1,,,,104822031,88518887
1772721000,10.49,10.92,10.06,10.49,10.360592961665004,10.408437332508232,0,0,0,8.32,15.28,,,,2,1,1,1,,,,86235332,86577877.8
1772807400,10.25,11.61,9.76,9.83,10.254474369332003,10.355852120462028,0,0,1,8.32,15.28,,,,1,1,1,1,,,1,160635256,89560793.25
1773063000,10.03,10.03,9.2,9.72,10.147579495465603,10.298047382238208,0,0,0,8.32,15.28,,,,1,1,1,1,,,,91130937,89726311.05
1773149400,9.84,10.45,9.575,10.01,10.120063596372482,10.27186125658019,0,0,0,8.32,15.28,,,,1,1,1,1,,,,90578688,89818876.55
1773235800,10.05,10.56,9.5,9.83,10.062050877097986,10.231692051436536,0,0,0,8.32,15.28,,,,1,1,1,1,,,,88367449,91420232.7
1773322200,10.085,10.84,9.8,10.33,10.11564070167839,10.240629137669577,0,0,0,8.32,15.28,,,,1,1,1,1,,,,136065236,94852128
1773408600,10.43,10.98,10.05,10.16,10.124512561342712,10.233299216063251,0,0,0,8.32,15.28,,,,1,1,1,1,,,,73311730,95536234.9
1773667800,10.37,10.87,10.11,10.53,10.205610049074169,10.260272014602956,0,0,0,8.32,15.28,,,,1,1,1,1,,,,88867531,97145527.55
1773754200,10.55,11.47,10.37,11.28,10.420488039259334,10.35297455872996,0,0,0,8.32,15.28,,,,1,1,1,1,,,,109611309,98812482.9
1773840600,11.375,11.76,10.82,10.83,10.502390431407468,10.396340507936326,0,0,0,8.32,15.28,,,,1,1,1,1,,,,79494307,97263789.1
1773927000,10.685,10.98,10.12,10.75,10.551912345125974,10.428491370851205,0,0,0,8.32,15.28,,,,1,1,1,1,,,,69267003,95608346.75
1774013400,10.79,10.83,9.73,10.06,10.453529876100779,10.394992155319278,0,0,0,8.32,15.28,,,,1,1,1,1,,,,86922682,94375621.5
1774272600,10.29,10.97,9.965,10.9,10.542823900880624,10.440901959381161,0,0,0,8.32,15.28,,,,1,1,1,1,,,,92323385,95550746.1
1774359000,10.91,11.37,10.475,10.68,10.570259120704499,10.462638144891965,0,0,0,8.32,15.28,,,,1,1,1,1,,,,96637517,96901638.75
1774445400,10.88,11.14,10.23,10.31,10.518207296563599,10.448761949901787,0,0,0,8.32,15.28,,,,1,1,1,1,,,,96871615,98297747.95
1774531800,10.05,10.14,9.2701,9.44,10.30256583725088,10.357056318092534,0,0,0,8.32,15.28,,,,1,1,1,1,,,,72606156,98558742.05
1774618200,9.35,9.37,8.705,8.8,10.002052669800705,10.215505743720485,0,0,0,8.32,15.28,,,,1,1,1,1,,,,56393124,98101978.35
1774877400,8.81,8.82,7.78,8.15,9.631642135840563,10.02773249429135,0,0,0,8.32,15.28,,,,1,1,1,1,,,,71761418,92613098.7
1774963800,8.45,9.14,8.2,9.04,9.51331370867245,9.937938631173955,0,0,0,8.32,15.28,,,,1,1,1,1,,,,59296551,90559962.85
1775050200,9.3,9.35,8.78,8.81,9.372650966937961,9.835398755612687,0,0,0,8.32,15.28,,,,1,1,1,1,,,,63384438,88488083.2
1775136600,8.515,9.63,8.46,9.6,9.418120773550369,9.813998868738807,0,0,0,8.32,15.28,,,,1,1,1,1,,,,71272368,87739935
1775482200,9.63,9.9,9.38,9.52,9.438496618840295,9.787271698853461,0,0,0,8.32,15.28,,,,1,1,1,1,,,,45392441,81977794.25
1775568600,9.43,9.69,9.192,9.53,9.456797295072237,9.763883362594056,0,0,0,7.78,12.42,15.28,,,1,1,1,1,,,,47377145,79790104.65
1775655000,10.17,10.37,9.34,9.45,9.45543783605779,9.735348511449141,0,0,0,7.78,12.42,15.28,,,1,1,1,1,,,,64338142,78478077.35
1775741400,9.415,9.52,9.01,9.14,9.392350268846233,9.68122591949922,0,0,0,7.78,12.42,15.28,,,1,1,1,1,,,,37717886,75945599.2
1775827800,9.23,9.36,8.99,9.13,9.339880215076986,9.631114472272017,0,0,0,7.78,12.42,15.28,,,1,1,1,1,,,,33455174,70815096.1
1776087000,9.01,9.585,8.73,9.47,9.365904172061589,9.61646770206547,0,0,0,7.78,12.42,15.28,,,1,1,1,1,,,,52073433,69753181.25
1776173400,9.72,9.86,9.3,9.4,9.372723337649271,9.596788820059519,0,0,0,7.78,12.42,15.28,,,1,1,1,1,,,,41727192,67396164.3
1776259800,9.51,10.03,9.3701,10.03,9.504178670119417,9.636171654599563,0,0,0,7.78,12.42,15.28,,,1,1,1,1,,,,54416472,64636422.45
1776346200,10.25,10.39,9.76,10.2,9.643342936095534,9.687428776908694,0,0,0,7.78,12.42,15.28,,,1,1,1,1,,,,52178051,63270609.65
1776432600,10.38,10.53,9.77,10,9.714674348876427,9.715844342644267,0,0,0,7.78,12.42,15.28,,,1,1,1,1,,,,58571378,62735828.4
1776691800,9.8,11.06,9.66,10.73,9.917739479101142,9.80804031149479,1,0,0,7.78,12.42,15.28,,,1,2,1,1,1,,,94506671,63115027.85
1776778200,10.9,11.29,10.64,10.87,10.108191583280913,9.9045821013589,0,0,0,7.78,12.42,15.28,,,1,2,1,1,,,,80859022,62541809.7
1776864600,11.27,11.61,10.85,11.06,10.298553266624731,10.009620092144454,0,0,0,7.78,12.42,15.28,,,1,2,1,1,,,,67613635,61090615.6
1776951000,10.88,10.97,10.1,10.54,10.346842613299785,10.057836447404048,0,0,0,7.78,12.42,15.28,,,1,2,1,1,,,,52294403,58861755
1777037400,10.63,10.77,10.115,10.55,10.387474090639827,10.102578588549134,0,0,0,7.78,12.42,15.28,,,1,2,1,1,,,,45396391,57501266.75
1777296600,10.358,11.06,10.21,10.95,10.499979272511862,10.179616898681031,0,0,0,7.78,12.42,15.28,,,1,2,1,1,,,,57126919,57537956.5
1777383000,10.695,11.07,10.335,10.48,10.495983418009489,10.206924453346392,0,0,0,7.78,12.42,15.28,,,1,2,1,1,,,,41736624,56036716.8
1777469400,10.38,10.43,9.41,9.51,10.29878673440759,10.143567684860356,0,0,1,7.78,12.42,15.28,,,1,1,1,1,,,1,58503707,55997074.6
1777555800,9.5,10.16,9.31,10.04,10.247029387526073,10.134152440782142,0,0,0,7.78,12.42,15.28,,,1,1,1,1,,,,35726074,54614156.4
1777642200,10,10.56,9.62,10.32,10.261623510020858,10.151047673438311,0,0,0,7.78,12.42,15.28,,,1,1,1,1,,,,45644544,53332765.2
1777901400,10.15,10.365,9.67,9.73,10.155298808016687,10.112770612216647,0,0,0,7.78,12.42,15.28,,,1,1,1,1,,,,47914850,53458885.65
1777987800,9.78,9.79,9.16,9.33,9.990239046413349,10.041609647469679,0,0,0,7.78,12.42,15.28,,,1,1,1,1,,,,56570756,53918566.2
1778074200,9.25,9.46,9.02,9.34,9.860191237130678,9.977826952245163,0,0,0,7.78,12.42,15.28,,,1,1,1,1,,,,54577156,53430516.9
1778160600,9.25,9.25,8.78,8.89,9.666152989704543,9.878933592950148,0,0,0,7.78,12.42,15.28,,,1,1,1,1,,,,45228604,53806052.8
1778247000,9,9.09,8.65,9.06,9.544922391763635,9.804485084500135,0,0,0,7.78,12.42,15.28,,,1,1,1,1,,,,34077950,53837191.6
1778506200,8.92,9.65,8.72,9.42,9.519937913410908,9.769531895000123,0,0,0,7.78,12.42,15.28,,,1,1,1,1,,,,44661860,53466612.95
1778592600,9.235,9.35,8.8,9.04,9.423950330728726,9.703210813636476,0,0,0,7.78,12.42,15.28,,,1,1,1,1,,,,37093825,53234944.6
1778679000,8.92,9.18,8.67,8.86,9.31116026458298,9.626555285124068,0,0,0,7.78,12.42,15.28,,,1,1,1,1,,,,50015022,53014872.1
1778765400,9.99,11.73,9.6,11.21,9.690928211666385,9.770504804658243,1,0,0,7.78,12.42,15.28,,,2,2,1,1,1,,,244801003,62646019.7
1778851800,10.91,12.12,10.5,10.62,9.876742569333109,9.847731640598402,0,1,0,7.78,12.42,15.28,,,3,2,1,1,,1,,140436919,66739296.75
1779111000,10.63,10.67,9.46,9.7,9.841394055466488,9.834301491453093,0,0,0,7.78,12.42,15.28,,,3,2,1,1,,,,78884259,65958176.15
1779197400,9.825,9.88,8.97,9.125,9.69811524437319,9.769819537684631,0,0,1,7.78,12.42,15.28,,,3,1,1,1,,,1,56079832,64719216.65
1779283800,9.25,9.54,9.12,9.36,9.630492195498551,9.732563216076937,0,0,0,7.78,12.42,15.28,,,3,1,1,1,,,,43365708,63506820.3
1779370200,9.28,9.38,8.98,9.18,9.54039375639884,9.682330196433579,0,0,0,7.78,12.42,15.28,,,3,1,1,1,,,,56296545,63706927.4
1779456600,9.21,9.565,9.06,9.06,9.444315005119073,9.625754724030527,0,0,0,7.78,12.42,15.28,,,3,1,1,1,,,,59348684,64404542.05
1779802200,9.335,10.26,9.3077,9.77,9.509452004095259,9.638867930936842,0,0,0,7.78,12.42,15.28,,,3,1,1,1,,,,83107029,65703547.55
1779888600,10,11.06,9.68,10.8,9.767561603276206,9.744425391760766,1,0,0,7.78,12.42,15.28,,,3,2,1,1,1,,,93222614,68277847.05
1779975000,11.475,13.78,11.22,13.25,10.464049282620966,10.063113992509788,0,1,0,7.78,12.42,15.28,,,3,3,1,1,,1,,248294679,77767395.65
1780061400,12.75,13.41,11.6,13.22,11.015239426096773,10.350103629554352,0,0,0,7.78,12.42,15.28,,,3,3,1,1,,,,142373999,83099791.9
1780320600,13.245,13.91,12.8,13.46,11.504191540877418,10.632821481413048,0,0,0,7.78,12.42,15.28,,,3,3,1,1,,,,87142090,85174669.2
1780407000,13.62,14.16,13.09,13.58,11.919353232701935,10.900746801284589,0,0,0,7.78,12.42,15.28,,,3,3,1,1,,,,92963598,87427106.6
1780493400,12.96,13,11.53,11.61,11.857482586161549,10.965224364804172,0,0,0,7.78,12.42,15.28,,,3,3,1,1,,,,95129027,89355020.15
1780579800,11.48,12.42,11.06,11.97,11.87998606892924,11.056567604367428,0,0,0,7.78,12.42,15.28,,,3,3,1,1,,,,63405047,89796414.7
1780666200,11.42,11.6596,10.33,10.43,11.589988855143392,10.999606913061298,0,0,0,7.78,12.42,15.28,,,3,3,1,1,,,,63881353,90729052.15
1780925400,10.83,10.84,10.25,10.3,11.331991084114714,10.936006284601179,0,0,0,7.78,12.42,15.28,,,3,3,1,1,,,,39401458,90995227.55
1781011800,10.335,10.41,9.0401,9.65,10.995592867291771,10.819096622364707,0,0,0,7.78,12.42,15.28,,,3,3,1,1,,,,69199663,92222117.7
1781098200,9.69,9.98,9.3,9.31,10.658474293833416,10.681906020331553,0,0,0,7.78,12.42,15.28,,,3,3,1,1,,,,42011188,92467985.85
1781184600,9.325,9.8965,9.26,9.83,10.492779435066733,10.60446001848323,0,0,0,7.78,12.42,15.28,,,3,3,1,1,,,,45132476,92223858.55
1781271000,9.795,9.878,9.18,9.33,10.260223548053387,10.488600016802938,0,0,0,7.78,12.42,15.28,,,3,3,1,1,,,,55365320,82752074.4
1781530200,9.85,9.97,9.425,9.51,10.11017883844271,10.399636378911762,0,0,0,7.78,12.42,15.28,,,3,3,1,1,,,,57989920,78629724.45
1781616600,9.41,9.74,9.14,9.21,9.930143070754168,10.29148761719251,0,0,0,9.0401,14.16,,,,1,1,1,1,,,,51741580,77272590.5
1781703000,9.245,9.5,9.08,9.12,9.768114456603334,10.184988742902283,0,0,0,9.0401,14.16,,,,1,1,1,1,,,,49050242,76921111
1781789400,9.41,9.46,8.92,9.27,9.668491565282666,10.101807948092985,0,0,0,9.0401,14.16,,,,1,1,1,1,,,,64112214,77958436.3
1782135000,9.355,9.46,8.78,8.89,9.512793252226134,9.99164358917544,0,0,0,9.0401,14.16,,,,1,1,1,1,,,,58292912,78058254.65
1782221400,8.685,8.93,8.5,8.53,9.316234601780907,9.858766899250401,0,0,0,9.0401,14.16,,,,1,1,1,1,,,,45241958,77352918.35
1782307800,8.48,8.5,7.64,7.68,8.988987681424726,9.660697181136728,0,0,0,9.0401,14.16,,,,1,1,1,1,,,,74614005,76928267.15
1782394200,7.935,7.94,7.31,7.675,8.726190145139782,9.480179255578843,0,0,0,9.0401,14.16,,,,1,1,1,1,,,,47737860,74654029.45