time,open,high,low,close,EMA 9,EMA 21,EntryMark,TPMark,SLMark,B,A0,A1,A2,A3,ST0,ST1,ST2,ST3,ENTRY,TP,SL,Volume,VolAvg
991920600,0.583328,0.608327,0.570828,0.570828,,,0,0,0,,,,,,0,0,0,0,,,,200400,
992007000,0.566661,0.566661,0.562494,0.562494,,,0,0,0,,,,,,0,0,0,0,,,,49200,
992266200,0.566661,0.579161,0.566661,0.570828,,,0,0,0,,,,,,0,0,0,0,,,,106800,
992352600,0.570828,0.574994,0.566661,0.566661,,,0,0,0,,,,,,0,0,0,0,,,,334800,
992439000,0.570828,0.570828,0.554161,0.557494,,,0,0,0,,,,,,0,0,0,0,,,,94800,
992525400,0.558328,0.558328,0.520828,0.527495,,,0,0,0,,,,,,0,0,0,0,,,,163200,
992611800,0.520828,0.520828,0.509162,0.515828,,,0,0,0,,,,,,0,0,0,0,,,,111600,
992871000,0.509995,0.509995,0.505828,0.505828,,,0,0,0,,,,,,0,0,0,0,,,,67200,
992957400,0.508328,0.508328,0.459995,0.459995,0.5374945555555555,,0,0,0,,,,,,0,0,0,0,,,,237600,
993043800,0.458329,0.458329,0.445829,0.445829,0.5191614444444443,,0,0,0,,,,,,0,0,0,0,,,,56400,
993130200,0.445829,0.445829,0.445829,0.445829,0.5044949555555555,,0,0,0,,,,,,0,0,0,0,,,,7200,
993216600,0.445829,0.479162,0.445829,0.479162,0.4994283644444444,,0,0,0,,,,,,0,0,0,0,,,,142800,
993475800,0.479162,0.483329,0.474995,0.479162,0.4953750915555555,,0,0,0,,,,,,0,0,0,0,,,,92400,
993562200,0.474995,0.519995,0.474995,0.519995,0.5002990732444443,,0,0,0,,,,,,0,0,0,0,,,,49200,
993648600,0.504162,0.508328,0.504162,0.508328,0.5019048585955554,,0,0,0,,,,,,0,0,0,0,,,,55200,
993735000,0.511662,0.511662,0.511662,0.511662,0.5038562868764443,,0,0,0,,,,,,0,0,0,0,,,,3600,
993821400,0.516662,0.540828,0.516662,0.533328,0.5097506295011555,,0,0,0,,,,,,0,0,0,0,,,,98400,
994080600,0.533328,0.537495,0.529161,0.533328,0.5144661036009244,,0,0,0,,,,,,0,0,0,0,,,,292800,
994167000,0.529161,0.529161,0.529161,0.529161,0.5174050828807395,,0,0,0,,,,,,0,0,0,0,,,,12000,
994339800,0.529161,0.529161,0.529161,0.529161,0.5197562663045916,,0,0,0,,,,,,0,0,0,0,,,,16800,109620
994426200,0.524995,0.524995,0.516662,0.520828,0.5199706130436733,0.5177725714285715,0,0,0,,,,,,0,0,0,0,,,,28800,101040
994685400,0.516662,0.520828,0.499995,0.499995,0.5159754904349386,0.5161564285714286,0,0,0,,,,,,0,0,0,0,,,,96000,103380
994771800,0.499995,0.499995,0.499995,0.499995,0.5127793923479509,0.5146872077922079,0,0,0,,,,,,0,0,0,0,,,,174000,106740
994858200,0.499995,0.504162,0.499995,0.504162,0.5110559138783607,0.513730370720189,0,0,0,,,,,,0,0,0,0,,,,13200,90660
994944600,0.504162,0.504162,0.495828,0.495828,0.5080103311026886,0.5121028824728991,0,0,0,,,,,,0,0,0,0,,,,109200,91380
995031000,0.495828,0.499995,0.494995,0.494995,0.5054072648821508,0.5105476204299083,0,0,0,,,,,,0,0,0,0,,,,33600,84900
995290200,0.491662,0.492495,0.487495,0.487495,0.5018248119057207,0.508451927663553,0,0,0,,,,,,0,0,0,0,,,,72000,82920
995376600,0.483329,0.483329,0.483329,0.483329,0.49812564952457655,0.5061680251486845,0,0,0,,,,,,0,0,0,0,,,,3600,79740
995463000,0.483329,0.483329,0.479162,0.479162,0.49433291961966125,0.5037129319533495,0,0,0,,,,,,0,0,0,0,,,,96000,72660
995549400,0.470829,0.470829,0.466662,0.466662,0.488798735695729,0.500344665412136,0,0,0,,,,,,0,0,0,0,,,,164400,78060
995635800,0.479162,0.479162,0.466662,0.466662,0.48437138855658324,0.4972826049201236,0,0,0,,,,,,0,0,0,0,,,,42000,79800
995895000,0.479162,0.487495,0.467495,0.470829,0.4816629108452666,0.49487773174556693,0,0,0,,,,,,0,0,0,0,,,,67200,76020
995981400,0.487495,0.495828,0.475829,0.480829,0.4814961286762133,0.4936005743141518,0,0,0,,,,,,0,0,0,0,,,,222000,82500
996067800,0.473329,0.473329,0.473329,0.473329,0.4798627029409706,0.49175770392195617,0,0,0,,,,,,0,0,0,0,,,,21600,81120
996154200,0.473329,0.477495,0.473329,0.477495,0.4793891623527765,0.4904610944745056,0,0,0,,,,,,0,0,0,0,,,,31200,79920
996240600,0.479995,0.488328,0.477495,0.488328,0.4811769298822212,0.4902671767950051,0,0,0,,,,,,0,0,0,0,,,,55200,82500
996499800,0.489162,0.509995,0.489162,0.508328,0.486607143905777,0.49190906981364096,0,0,0,,,,,,0,0,0,0,,,,58800,80520
996586200,0.504162,0.520828,0.501662,0.520828,0.4934513151246216,0.49453806346694634,0,0,0,,,,,,0,0,0,0,,,,224400,77100
996672600,0.520828,0.520828,0.516662,0.516662,0.49809345209969724,0.49654933042449667,0,0,0,,,,,,0,0,0,0,,,,21600,77580
996759000,0.520828,0.520828,0.511662,0.516662,0.5018071616797578,0.4983777549313606,0,0,0,,,,,,0,0,0,0,,,,88800,81180
996845400,0.521661,0.521661,0.516662,0.516662,0.5047781293438063,0.5000399590285096,0,0,0,,,,,,0,0,0,0,,,,404404,99960.2
997104600,0.509162,0.516662,0.499995,0.516662,0.507154903475045,0.5015510536622815,0,0,0,,,,,,0,0,0,0,,,,76800,99000.2
997191000,0.520828,0.541661,0.520828,0.537495,0.513222922780036,0.5048186851475286,0,0,0,,,,,,0,0,0,0,,,,1464012,163500.8
997277400,0.537495,0.562494,0.534161,0.551661,0.5209105382240288,0.5090770774068442,0,0,0,,,,,,0,0,0,0,,,,696004,197641
997363800,0.554161,0.570828,0.551661,0.569161,0.530560630579223,0.5145392521880402,0,0,0,,,,,,0,0,0,0,,,,1784416,281401.8
997450200,0.571661,0.591661,0.570828,0.591661,0.5427807044633783,0.5215503201709456,0,0,0,,,,,,0,0,0,0,,,,709204,315182
997709400,0.591661,0.645827,0.591661,0.64416,0.5630565635707027,0.5326966547008596,0,0,0,,,,,,0,0,0,0,,,,1141208,368642.4
997795800,0.64416,0.645827,0.62166,0.644994,0.5794440508565621,0.5429055042735087,0,0,0,,,,,,0,0,0,0,,,,936008,415262.8
997882200,0.649994,0.662493,0.639994,0.659993,0.5955538406852497,0.5535498220668261,0,0,0,,,,,,0,0,0,0,,,,1168808,468903.2
997968600,0.662493,0.674993,0.645827,0.67416,0.6112750725481998,0.5645143836971147,0,0,0,,,,,,0,0,0,0,,,,1250412,523203.8
998055000,0.67416,0.67916,0.65666,0.66416,0.6218520580385598,0.5735730760882861,0,0,0,,,,,,0,0,0,0,,,,1190408,580624.2
998314200,0.670827,0.67916,0.612494,0.62916,0.6233136464308479,0.5786264328075328,0,0,0,,,,,,0,0,0,0,,,,378000,596164.2
998400600,0.63166,0.645827,0.614994,0.639994,0.6266497171446783,0.5842053025523025,0,0,0,,,,,,0,0,0,0,,,,196800,594904.2
998487000,0.649994,0.649994,0.604994,0.64166,0.6296517737157427,0.5894284568657295,0,0,0,,,,,,0,0,0,0,,,,663604,627004.4
998573400,0.644994,0.658327,0.644994,0.652493,0.6342200189725942,0.5951615971506632,0,0,0,,,,,,0,0,0,0,,,,432004,647044.6
998659800,0.65666,0.712493,0.655827,0.712493,0.6498746151780753,0.6058280883187848,0,0,0,,,,,,0,0,0,0,,,,1924816,740525.4
998919000,0.71666,0.741659,0.683327,0.734993,0.6668982921424602,0.6175703530170771,0,0,0,,,,,,0,0,0,0,,,,1335612,804366
999005400,0.739993,0.754159,0.70416,0.708326,0.6751838337139682,0.625820866379161,0,0,0,,,,,,0,0,0,0,,,,1693216,877806.8
999091800,0.704993,0.712493,0.693326,0.708326,0.6818122669711746,0.6333213330719646,0,0,0,,,,,,0,0,0,0,,,,166800,885066.8
999178200,0.698326,0.70416,0.674993,0.687493,0.6829484135769397,0.6382460300654224,0,0,0,,,,,,0,0,0,0,,,,153600,888306.8
999264600,0.67916,0.71666,0.67916,0.708326,0.6880239308615518,0.6446169364231112,0,0,0,,,,,,0,0,0,0,,,,852008,910687
999610200,0.714993,0.767492,0.714993,0.756659,0.7017509446892414,0.6548025785664647,0,0,0,,,,,,0,0,0,0,,,,393600,926527
999696600,0.758326,0.762492,0.737493,0.753326,0.7120659557513931,0.6637592532422407,0,0,0,,,,,,0,0,0,0,,,,350400,870846.4
999783000,0.734159,0.754159,0.724993,0.724993,0.7146513646011144,0.6693259574929461,0,0,0,,,,,,0,0,0,0,,,,352800,853686.2
999869400,0.71666,0.724993,0.695826,0.720826,0.7158862916808916,0.6740077795390419,0,0,0,,,,,,0,0,0,0,,,,118800,770405.4
1000128600,0.703326,0.729159,0.69916,0.729159,0.7185408333447133,0.6790215268536745,0,0,0,,,,,,0,0,0,0,,,,57600,737825.2
1000733400,0.749993,0.749993,0.633327,0.699993,0.7148312666757707,0.6809280244124313,0,0,0,,,,,,0,0,0,0,,,,1316412,746585.4
1000819800,0.68916,0.729159,0.68916,0.708326,0.7135302133406165,0.6834187494658466,0,0,0,,,,,,0,0,0,0,,,,531604,726365.2
1000906200,0.71666,0.71666,0.624994,0.663327,0.7034895706724932,0.6815922267871333,0,0,0,,,,,,0,0,0,0,,,,494404,692645
1000992600,0.635827,0.635827,0.585827,0.586661,0.6801238565379946,0.6729621152610302,0,0,0,,,,,,0,0,0,0,,,,279600,644104.4
1001079000,0.583328,0.624994,0.554161,0.566661,0.6574312852303956,0.6632983775100275,0,0,0,,,,,,0,0,0,0,,,,530404,611104.2
1001338200,0.587494,0.64166,0.587494,0.633327,0.6526104281843165,0.6605737068272978,0,0,0,,,,,,0,0,0,0,,,,262800,605344.2
1001424600,0.616661,0.66666,0.614994,0.649994,0.6520871425474531,0.6596119152975434,0,0,0,,,,,,0,0,0,0,,,,447604,617884.4
1001511000,0.658327,0.687493,0.658327,0.687493,0.6591683140379625,0.6621465593614031,0,0,0,,,,,,0,0,0,0,,,,387600,604084.2
1001597400,0.69166,0.729159,0.69166,0.724993,0.67233325123037,0.66785987214673,0,0,0,,,,,,0,0,0,0,,,,776404,621304.2
1001683800,0.731659,0.775826,0.712493,0.712493,0.680365200984296,0.6719174292243001,0,0,0,,,,,,0,0,0,0,,,,1166408,583383.8
1001943000,0.708326,0.708326,0.687493,0.687493,0.6817907607874368,0.6733333902039091,0,0,0,,,,,,0,0,0,0,,,,154800,524343.2
1002029400,0.69166,0.715826,0.69166,0.715826,0.6885978086299495,0.6771963547308265,0,0,0,,,,,,0,0,0,0,,,,164400,447902.4
1002115800,0.724993,0.755826,0.724159,0.747493,0.7003768469039595,0.6835869588462059,0,0,0,,,,,,0,0,0,0,,,,373200,458222.4
1002202200,0.741659,0.742493,0.736659,0.736659,0.7076332775231676,0.6884116898601872,0,0,0,,,,,,0,0,0,0,,,,369600,469022.4
1002288600,0.741659,0.741659,0.70416,0.737493,0.713605222018534,0.6928736271456247,0,0,0,,,,,,0,0,0,0,,,,103200,431582
1002547800,0.741659,0.741659,0.727493,0.727493,0.7163827776148273,0.6960208428596588,0,0,0,,,,,,0,0,0,0,,,,126000,418202
1002634200,0.735826,0.949991,0.735826,0.932491,0.7596044220918619,0.7175181298724171,0,0,0,,,,,,0,0,0,0,,,,3626436,582003.8
1002720600,0.940824,0.954157,0.874991,0.900824,0.7878483376734895,0.7341822998840156,0,0,0,,,,,,0,0,0,0,,,,1616416,645184.6
1002807000,0.939157,0.939157,0.866658,0.907283,0.8117352701387915,0.7499187271672869,0,0,0,,,,,,0,0,0,0,,,,434404,660964.8
1002893400,0.908324,0.908324,0.829158,0.847492,0.8188866161110332,0.7587890246975335,0,0,0,,,,,,0,0,0,0,,,,457204,680945
1003152600,0.854991,0.869158,0.812492,0.853325,0.8257742928888265,0.767383204270485,0,0,0,,,,,,0,0,0,0,,,,597604,645004.6
1003239000,0.866658,0.887491,0.856658,0.881658,0.8369510343110612,0.7777718220640772,0,0,0,,,,,,0,0,0,0,,,,488404,642844.6
1003325400,0.881658,0.885824,0.834158,0.834992,0.8365592274488489,0.7829736564218884,0,0,0,,,,,,0,0,0,0,,,,306000,633424.4
1003411800,0.840825,0.902491,0.840825,0.865825,0.8424123819590791,0.7905055967471712,0,0,0,,,,,,0,0,0,0,,,,1580412,698465
1003498200,0.890824,1.041656,0.890824,1.02499,0.8789279055672633,0.8118223606792466,0,0,0,,,,,,0,0,0,0,,,,4999248,921907.2
1003757400,1.033323,1.046656,0.858325,0.891833,0.8815089244538107,0.8190960551629515,0,0,0,,,,,,0,0,0,0,,,,2266820,1022108.2
1003843800,0.876658,0.922491,0.812492,0.814992,0.8682055395630486,0.8187229592390468,0,0,0,,,,,,0,0,0,0,,,,1377612,1068608.6
1003930200,0.816659,0.864991,0.804159,0.854158,0.8653960316504389,0.8219443265809516,0,0,0,,,,,,0,0,0,0,,,,711604,1084808.8
1004016600,0.847492,0.866658,0.829992,0.833325,0.8589818253203511,0.8229789332554106,0,0,0,,,,,,0,0,0,0,,,,646804,1078328.8
1004103000,0.842492,0.845825,0.808325,0.826658,0.8525170602562808,0.8233133938685551,0,0,0,,,,,,0,0,0,0,,,,243600,1032188.4
1004365800,0.823325,0.823325,0.766659,0.779159,0.8378454482050247,0.8192993580623228,0,0,0,,,,,,0,0,0,0,,,,240000,1036448.4
1004452200,0.769992,0.795825,0.749993,0.789992,0.8282747585640198,0.8166350527839298,0,0,0,,,,,,0,0,0,0,,,,717604,1064108.6
1004538600,0.798325,0.833325,0.791659,0.794992,0.8216182068512158,0.8146675025308453,0,0,0,,,,,,0,0,0,0,,,,510004,1070948.8
1004625000,0.802492,0.802492,0.793325,0.795825,0.8164595654809726,0.812954547755314,0,0,0,,,,,,0,0,0,0,,,,518404,1078389
1004711400,0.808325,0.833325,0.804159,0.822492,0.8176660523847781,0.8138215888684672,0,0,0,,,,,,0,0,0,0,,,,470404,1096749.2
1004970600,0.812492,0.820825,0.812492,0.820825,0.8182978419078225,0.8144582626076975,0,0,0,,,,,,0,0,0,0,,,,50400,1092969.2
1005057000,0.808325,0.816659,0.789159,0.795825,0.813803273526258,0.8127643296433613,0,0,0,,,,,,0,0,0,0,,,,117600,917527.4
1005143400,0.799992,0.882491,0.799992,0.864991,0.8240408188210064,0.8175122087666921,0,0,0,,,,,,0,0,0,0,,,,1736416,923527.4
1005229800,0.874991,0.883325,0.865825,0.883325,0.8358976550568051,0.8234951897879019,0,0,0,,,,,,0,0,0,0,,,,608404,932227.4
1005316200,0.884991,0.937491,0.870825,0.933324,0.8553829240454441,0.8334796270799109,0,0,0,,,,,,0,0,0,0,,,,730804,945907.4
1005575400,0.931657,0.98749,0.930824,0.945824,0.8734711392363553,0.843692751890828,0,0,0,,,,,,0,0,0,0,,,,1074008,969727.6
1005661800,0.954157,0.958324,0.927491,0.937491,0.8862751113890842,0.8522198653552983,0,0,0,,,,,,0,0,0,0,,,,1089608,999787.8
1005748200,0.933324,0.933324,0.875825,0.899991,0.8890182891112673,0.8565626957775438,0,0,0,,,,,,0,0,0,0,,,,394800,1004227.8
1005834600,0.905824,1.124989,0.899991,1.104989,0.9322124312890139,0.8791469052523125,0,0,0,,,,,,0,0,0,0,,,,11199708,1485192.6
1005921000,1.152488,1.261654,1.129155,1.184155,0.9826009450312111,0.9068749138657387,0,0,0,,,,,,0,0,0,0,,,,10842108,1777335.6
1006180200,1.234154,1.237488,1.091656,1.157488,1.017578356024969,0.9296579216961262,0,0,0,,,,,,0,0,0,0,,,,3927636,1860376.4
1006266600,1.162488,1.166655,1.125822,1.157488,1.0455602848199752,0.9503697469964784,0,0,0,,,,,,0,0,0,0,,,,729604,1827976
1006353000,1.178322,1.216655,1.124989,1.158322,1.0681126278559803,0.9692744972695257,0,0,0,,,,,,0,0,0,0,,,,1480812,1866436.4
1006525800,1.158322,1.187488,1.149989,1.172072,1.0889045022847843,0.987710633881387,0,0,0,,,,,,0,0,0,0,,,,457204,1856956.4
1006785000,1.171655,1.178322,1.133322,1.141655,1.0994546018278275,1.0017055762558065,0,0,0,,,,,,0,0,0,0,,,,529204,1871236.6
1006871400,1.154155,1.154988,1.03999,1.052489,1.090061481462262,1.0063222511416423,0,0,0,,,,,,0,0,0,0,,,,1298412,1924157.2
1006957800,1.019156,1.01999,0.983324,0.99999,1.0720471851698097,1.0057465919469475,0,0,0,,,,,,0,0,0,0,,,,698404,1923197.2
1007044200,0.999157,1.03999,0.979157,1.01249,1.0601357481358478,1.0063596290426795,0,0,0,,,,,,0,0,0,0,,,,498004,1922597.2
1007130600,0.980824,1.104156,0.97999,1.084989,1.0651063985086782,1.013507753675163,0,0,0,,,,,,0,0,0,0,,,,762004,1934777.2
1007389800,1.103322,1.104156,1.033323,1.074989,1.0670829188069426,1.019096957886512,0,0,0,,,,,,0,0,0,0,,,,486004,1935557.2
1007476200,1.084989,1.120822,1.083323,1.089989,1.071664135045554,1.025541688987738,0,0,0,,,,,,0,0,0,0,,,,620404,1964057.4
1007562600,1.101656,1.103322,1.02499,1.028323,1.0629959080364433,1.0257945354433982,0,0,0,,,,,,0,0,0,0,,,,640804,1990217.6
1007649000,1.031656,1.035823,0.990823,1.00999,1.0523947264291547,1.0243577594939983,0,0,0,,,,,,0,0,0,0,,,,535204,1930157
1007735400,0.979157,1.01999,0.96249,1.008323,1.0435803811433237,1.022900054085453,0,0,0,,,,,,0,0,0,0,,,,552004,1927337
1007994600,0.985823,1.009157,0.983324,0.996657,1.034195704914659,1.0205143218958663,0,0,0,,,,,,0,0,0,0,,,,302400,1905916.8
1008081000,0.984157,1.008323,0.95499,0.966657,1.0206879639317272,1.015618201723515,0,0,0,,,,,,0,0,0,0,,,,435604,1873996.6
1008167400,0.979157,0.984157,0.959157,0.98249,1.0130483711453817,1.0126065470213772,0,0,0,,,,,,0,0,0,0,,,,310800,1835056.2
1008253800,0.97249,1.056656,0.958324,1.004157,1.0112700969163053,1.01183840638307,0,0,0,,,,,,0,0,0,0,,,,1010408,1865836.6
1008340200,1.021656,1.058323,1.00999,1.03249,1.0155140775330442,1.0137158239846091,0,0,0,,,,,,0,0,0,0,,,,734404,1342571.4
1008599400,1.033323,1.041656,1.008323,1.020823,1.0165758620264354,1.0143619308950993,0,0,0,,,,,,0,0,0,0,,,,150000,807966
1008685800,1.021656,1.059989,1.00999,1.050823,1.0234252896211482,1.0176765735409994,0,0,0,,,,,,0,0,0,0,,,,397200,631444.2
1008772200,1.054156,1.054156,1.023323,1.023323,1.0234048316969186,1.0181898850372721,0,0,0,,,,,,0,0,0,0,,,,370800,613504
1008858600,1.02249,1.02249,1.005823,1.008323,1.020388465357535,1.0172928954884293,0,0,0,,,,,,0,0,0,0,,,,141600,546543.4
1008945000,1.006657,1.00749,0.996657,0.996657,1.015642172286028,1.0154169049894812,0,0,0,,,,,,0,0,0,0,,,,123600,529863.2
1009204200,1.004157,1.029156,0.995823,1.029156,1.0183449378288225,1.016665913626801,0,0,0,,,,,,0,0,0,0,,,,106800,508743
1009377000,1.03249,1.03249,1.009157,1.009157,1.016507350263058,1.0159832851152737,0,0,0,,,,,,0,0,0,0,,,,39600,445802.4
1009463400,1.01874,1.034156,1.013323,1.030823,1.0193704802104464,1.0173323501047942,0,0,0,,,,,,0,0,0,0,,,,158400,418802.2
1009549800,1.02499,1.045823,1.009157,1.045823,1.0246609841683572,1.0199224091861765,0,0,0,,,,,,0,0,0,0,,,,391200,413462
1009809000,1.045823,1.149989,1.038323,1.145822,1.0488931873346856,1.0313678265328876,0,0,0,,,,,,0,0,0,0,,,,1246812,437702.4
1009981800,1.139155,1.144989,1.083323,1.115822,1.0622789498677485,1.0390454786662615,0,0,0,,,,,,0,0,0,0,,,,319200,429362.2
1010068200,1.125822,1.139989,1.108322,1.120822,1.0739875598941988,1.0464797078784196,0,0,0,,,,,,0,0,0,0,,,,416404,419162.2
1010154600,1.120822,1.141655,1.099989,1.100822,1.079354447915359,1.0514199162531088,0,0,0,,,,,,0,0,0,0,,,,234000,398822
1010413800,1.113322,1.113322,1.089989,1.089989,1.081481358332287,1.0549261965937353,0,0,0,,,,,,0,0,0,0,,,,244800,384301.8
1010500200,1.187488,1.269987,1.166655,1.216655,1.1085160866658297,1.069628815085214,0,0,0,,,,,,0,0,0,0,,,,11155308,914467
1010586600,1.459235,1.516652,1.396652,1.479152,1.1826432693326638,1.1068581955320127,0,0,0,,,,,,0,0,0,0,,,,18342180,1816456
1010673000,1.479152,1.622484,1.412486,1.531651,1.2524448154661312,1.1454757232109207,0,0,0,,,,,,0,0,0,0,,,,11668916,2378121.6
1010759400,1.567484,1.582485,1.508319,1.520818,1.306119452372905,1.1795977483735642,0,0,0,,,,,,0,0,0,0,,,,4695644,2597363.8
1011018600,1.433319,1.480819,1.334152,1.36332,1.317559561898324,1.1962997712486947,0,0,0,,,,,,0,0,0,0,,,,4686044,2781145.6
1011105000,1.382486,1.472485,1.382486,1.412486,1.3365448495186592,1.2159530647715406,0,0,0,,,,,,0,0,0,0,,,,2452824,2867066.6
1011191400,1.399986,1.399986,1.312487,1.349153,1.3390664796149274,1.2280621497923097,0,0,0,,,,,,0,0,0,0,,,,1464012,2932767.2
1011277800,1.349987,1.449985,1.347487,1.434153,1.358083783691942,1.2467976816293724,0,0,0,,,,,,0,0,0,0,,,,1923616,3009088
1011364200,1.434153,1.434153,1.404986,1.409153,1.3682976269535536,1.2615572560267023,0,0,0,,,,,,0,0,0,0,,,,500404,3015568.2
1011709800,1.417485,1.470818,1.408318,1.409986,1.376635301562843,1.275050778206093,0,0,0,,,,,,0,0,0,0,,,,962408,3056608.6
1011796200,1.434153,1.449152,1.38332,1.401653,1.3816388412502745,1.2865600710964482,0,0,0,,,,,,0,0,0,0,,,,1048808,3102869
1011882600,1.457486,1.458319,1.394153,1.398319,1.3849748730002196,1.2967199737240438,0,0,0,,,,,,0,0,0,0,,,,639604,3129509.2
1011969000,1.416653,1.416653,1.361653,1.372486,1.3824770984001757,1.3036077942945852,0,0,0,,,,,,0,0,0,0,,,,757204,3165389.4
1012228200,1.372486,1.379153,1.32582,1.331653,1.3723122787201405,1.3061573584496229,0,0,0,,,,,,0,0,0,0,,,,544804,3184709.6
1012314600,1.326653,1.33332,1.274154,1.324987,1.3628472229761124,1.3078691440451118,0,0,0,,,,,,0,0,0,0,,,,1195208,3224910
1012401000,1.32082,1.470818,1.32082,1.44332,1.37894177838089,1.320182858222829,0,0,0,,,,,,0,0,0,0,,,,1375212,3231330
1012487400,1.486652,1.486652,1.396652,1.416653,1.386484022704712,1.3289528711116627,0,0,0,,,,,,0,0,0,0,,,,1023608,3266550.4
1012573800,1.375819,1.483319,1.375819,1.470818,1.4033508181637695,1.3418497010106025,0,0,0,,,,,,0,0,0,0,,,,1556412,3323550.8
1012833000,1.466653,1.466653,1.389153,1.408318,1.4043442545310156,1.3478922736460024,0,0,0,,,,,,0,0,0,0,,,,554404,3339571
1012919400,1.395819,1.424987,1.384986,1.408318,1.4051390036248126,1.3533855214963657,0,0,0,,,,,,0,0,0,0,,,,417604,3348211.2
1013005800,1.408318,1.458319,1.391653,1.424987,1.40910860289985,1.3598947468148779,0,0,0,,,,,,0,0,0,0,,,,541204,2817506
1013092200,1.441652,1.456652,1.391653,1.405819,1.4084506823198801,1.3640696789226163,0,0,0,,,,,,0,0,0,0,,,,680404,1934417.2
1013178600,1.405819,1.424152,1.392487,1.423319,1.4114243458559041,1.369455980838742,0,0,0,,,,,,0,0,0,0,,,,434404,1372691.6
1013437800,1.422487,1.582485,1.399152,1.566651,1.4424696766847234,1.3873828007624929,0,0,0,,,,,,0,0,0,0,,,,3890436,1332431.2
1013524200,1.581651,1.582485,1.459985,1.490818,1.4521393413477788,1.3967860006931754,0,0,0,,,,,,0,0,0,0,,,,2126420,1204450
1013610600,1.489985,1.537485,1.474985,1.532485,1.468208473078223,1.4091222733574322,0,0,0,,,,,,0,0,0,0,,,,1629616,1163289.6
1013697000,1.520818,1.524151,1.473318,1.474152,1.4693971784625783,1.4150340666885748,0,0,0,,,,,,0,0,0,0,,,,669604,1123569.2
1013783400,1.482902,1.499985,1.464153,1.464153,1.4683483427700628,1.4194994242623407,0,0,0,,,,,,0,0,0,0,,,,516004,1053188.6
1014129000,1.469985,1.498318,1.400819,1.402486,1.45517587421605,1.4179527493294006,0,0,0,,,,,,0,0,0,0,,,,1652416,1110789.2
1014215400,1.400819,1.441652,1.378319,1.399986,1.44413789937284,1.4163194084812734,0,0,0,,,,,,0,0,0,0,,,,541204,1089729
1014301800,1.35582,1.411653,1.291654,1.32332,1.419974319498272,1.4078649168011577,0,0,0,,,,,,0,0,0,0,,,,1053608,1089969
1014388200,1.291654,1.34332,1.274154,1.33832,1.4036434555986175,1.401542651637416,0,0,0,,,,,,0,0,0,0,,,,1016408,1108809.2
1014647400,1.352486,1.432486,1.349153,1.419985,1.406911764478894,1.4032192287612875,0,0,0,,,,,,0,0,0,0,,,,1006808,1121289.4
1014733800,1.431652,1.449985,1.399986,1.412486,1.4080266115831153,1.4040616625102613,0,0,0,,,,,,0,0,0,0,,,,500404,1119069.4
1014820200,1.423319,1.433237,1.387485,1.389153,1.4042518892664921,1.402706329554783,0,0,0,,,,,,0,0,0,0,,,,349200,1076769
1014906600,1.424987,1.512484,1.416653,1.470818,1.4175651114131937,1.4088982995952573,0,0,0,,,,,,0,0,0,0,,,,1977616,1106889.2
1014993000,1.474152,1.486652,1.422487,1.467485,1.427549089130555,1.4142243632684157,0,0,0,,,,,,0,0,0,0,,,,656404,1088529
1015252200,1.499985,1.499985,1.468319,1.474985,1.437036271304444,1.4197480575167416,0,0,0,,,,,,0,0,0,0,,,,586804,1040048.6
1015338600,1.469152,1.497485,1.446652,1.476652,1.4449594170435551,1.4249211431970379,0,0,0,,,,,,0,0,0,0,,,,1152008,1069928.8
1015425000,1.482484,1.499985,1.464153,1.471652,1.450297933634844,1.4291694029063982,0,0,0,,,,,,0,0,0,0,,,,909608,1094529
1015511400,1.471652,1.479152,1.461651,1.469152,1.4540687469078752,1.432804184460362,0,0,0,,,,,,0,0,0,0,,,,344400,1084688.8
1015597800,1.468319,1.665818,1.33332,1.367486,1.4367521975263002,1.4268661676912382,0,0,0,,,,,,0,0,0,0,,,,10405304,1570933.8
1015857000,1.409153,1.457486,1.354153,1.408318,1.4310653580210402,1.4251799706283983,0,0,0,,,,,,0,0,0,0,,,,2155220,1656974.6
1015943400,1.416653,1.418319,1.271654,1.374986,1.419849486416832,1.420616882389453,0,0,0,,,,,,0,0,0,0,,,,2047220,1564813.8
1016029800,1.379986,1.379986,1.344153,1.350821,1.4060437891334656,1.41427180217223,0,0,0,,,,,,0,0,0,0,,,,985208,1507753.2
1016116200,1.364153,1.364153,1.345819,1.346653,1.3941656313067725,1.408124638338391,0,0,0,,,,,,0,0,0,0,,,,441604,1448352.6
1016202600,1.492485,1.601651,1.466653,1.525818,1.420496105045418,1.4188240348530827,0,0,0,,,,,,0,0,0,0,,,,8770884,1853416.6
1016461800,1.581651,1.581651,1.508319,1.535817,1.4435602840363344,1.429459758957348,0,0,0,,,,,,0,0,0,0,,,,1944016,1924817.2
1016548200,1.550818,1.558318,1.501652,1.509152,1.4566786272290675,1.4367045081430436,0,0,0,,,,,,0,0,0,0,,,,1100408,1897216.8
1016634600,1.505402,1.522401,1.464153,1.498318,1.465006501783254,1.4423057346754942,0,0,0,,,,,,0,0,0,0,,,,678004,1904056.8
1016721000,1.494151,1.557484,1.494151,1.553318,1.4826688014266032,1.4523977587959038,0,0,0,,,,,,0,0,0,0,,,,558004,1879276.6
1016807400,1.560402,1.564151,1.543401,1.544151,1.4949652411412826,1.4607389625417309,0,0,0,,,,,,0,0,0,0,,,,408004,1848856.4
1017066600,1.55415,1.558318,1.516652,1.537485,1.5034691929130262,1.467715875037937,0,0,0,,,,,,0,0,0,0,,,,374400,1817236
1017153000,1.530818,1.653317,1.530818,1.583318,1.519438954330421,1.4782251591253974,0,0,0,,,,,,0,0,0,0,,,,3388832,1961657.4
1017239400,1.63415,1.69165,1.562484,1.64165,1.5438811634643368,1.4930819628412704,0,0,0,,,,,,0,0,0,0,,,,1827616,2035578.2
1017325800,1.648317,1.648317,1.566651,1.599984,1.5551017307714694,1.5028003298557004,0,0,0,,,,,,0,0,0,0,,,,1138808,1993637.8
1017671400,1.614984,1.637483,1.587484,1.620817,1.5682447846171754,1.5135291180506367,0,0,0,,,,,,0,0,0,0,,,,892808,2005458
1017757800,1.633318,1.64165,1.592484,1.595817,1.5737592276937404,1.521009834591488,0,0,0,,,,,,0,0,0,0,,,,519604,2002098
1017844200,1.591652,1.595817,1.55415,1.577483,1.5745039821549924,1.5261437587195346,0,0,0,,,,,,0,0,0,0,,,,405604,1964777.8
1017930600,1.568318,1.577401,1.503317,1.510818,1.5617667857239939,1.5247505079268495,0,0,0,,,,,,0,0,0,0,,,,633604,1950977.6
1018017000,1.536651,1.541651,1.484152,1.494151,1.5482436285791952,1.521968734478954,0,0,0,,,,,,0,0,0,0,,,,886808,1978098
1018272600,1.483319,1.55415,1.474985,1.55415,1.5494249028633562,1.5248943040717764,0,0,0,,,,,,0,0,0,0,,,,374400,1476552.8
1018359000,1.555818,1.555818,1.491651,1.510818,1.541703522290685,1.5236146400652513,0,0,0,,,,,,0,0,0,0,,,,300000,1383791.8
1018445400,1.499985,1.512484,1.495818,1.512484,1.5358596178325479,1.522602763695683,0,0,0,,,,,,0,0,0,0,,,,129600,1287910.8
1018531800,1.519151,1.579151,1.516652,1.574983,1.5436842942660383,1.5273646033597117,0,0,0,,,,,,0,0,0,0,,,,442804,1260790.6
1018618200,1.563317,1.662483,1.549985,1.587401,1.5524276354128306,1.532822457599738,0,0,0,,,,,,0,0,0,0,,,,760804,1276750.6
1018877400,1.604151,1.637483,1.600818,1.605817,1.5631055083302645,1.5394583250906708,0,0,0,,,,,,0,0,0,0,,,,427204,859566.6
1018963800,1.604983,1.615817,1.569151,1.608317,1.5721478066642116,1.5457182046278826,0,0,0,,,,,,0,0,0,0,,,,436804,784206
1019050200,1.599984,1.64415,1.599984,1.624984,1.5827150453313692,1.5529241860253478,0,0,0,,,,,,0,0,0,0,,,,349200,746645.6
1019136600,1.624151,1.684983,1.596651,1.601651,1.5865022362650953,1.5573538963866798,0,0,0,,,,,,0,0,0,0,,,,1119608,768725.8
1019223000,1.608317,1.65665,1.599984,1.640817,1.5973651890120764,1.564941451260618,0,0,0,,,,,,0,0,0,0,,,,542404,767945.8
1019482200,1.669982,1.743316,1.632484,1.71665,1.6212221512096612,1.5787331375096527,0,0,0,,,,,,0,0,0,0,,,,4239640,959527.6
1019568600,1.750815,1.750815,1.64165,1.698316,1.6366409209677288,1.589604306826957,0,0,0,,,,,,0,0,0,0,,,,1430412,1012328.2
1019655000,1.725817,1.749983,1.688316,1.693317,1.647976136774183,1.5990327334790517,0,0,0,,,,,,0,0,0,0,,,,1095608,897667
1019741400,1.733316,1.733316,1.624984,1.643317,1.6470443094193463,1.603058575890047,0,0,0,,,,,,0,0,0,0,,,,1419612,877266.8
1019827800,1.679149,1.679149,1.520818,1.541651,1.6259656475354771,1.597476068990952,0,0,0,,,,,,0,0,0,0,,,,1200012,880327
1020087000,1.5854,1.623317,1.566651,1.61665,1.6241025180283817,1.5992191536281382,0,0,0,,,,,,0,0,0,0,,,,1905616,930967.4
1020173400,1.63665,1.649984,1.562484,1.609985,1.6212790144227054,1.600197866934671,0,0,0,,,,,,0,0,0,0,,,,1256412,967807.8
1020259800,1.615817,1.61665,1.544151,1.545818,1.6061868115381643,1.5952542426678828,0,0,0,,,,,,0,0,0,0,,,,654004,980227.8
1020346200,1.566651,1.566651,1.479984,1.548318,1.5946130492305315,1.5909873115162572,0,0,0,,,,,,0,0,0,0,,,,1159208,1006508
1020432600,1.551651,1.607483,1.550818,1.604983,1.5966870393844252,1.592259646832961,0,0,0,,,,,,0,0,0,0,,,,579604,991147.8
1020691800,1.606651,1.607483,1.55415,1.591652,1.5956800315075401,1.5922044062117828,0,0,0,,,,,,0,0,0,0,,,,590404,1001948
1020778200,1.58415,1.613317,1.58415,1.604151,1.5973742252060321,1.59329046019253,0,0,0,,,,,,0,0,0,0,,,,487204,1011308.2
1020864600,1.607483,1.612485,1.545818,1.565817,1.5910627801648256,1.5907928729023,0,0,0,,,,,,0,0,0,0,,,,462004,1027928.4
1020951000,1.587484,1.587484,1.424987,1.44582,1.5620142241318604,1.5776135208202726,0,0,0,,,,,,0,0,0,0,,,,1243212,1067948.8
1021037400,1.409153,1.433319,1.233321,1.299987,1.5096087793054884,1.5523747462002477,0,0,0,,,,,,0,0,0,0,,,,2919628,1175890
1021296600,1.322903,1.32832,1.170822,1.184155,1.4445180234443908,1.518900223818407,0,0,0,,,,,,0,0,0,0,,,,2552424,1282151
1021383000,1.170822,1.32082,1.143322,1.309987,1.4176118187555127,1.4999081125621883,0,0,0,,,,,,0,0,0,0,,,,1384812,1329551.4
1021469400,1.307487,1.32082,1.249988,1.299987,1.39408685500441,1.4817334659656256,0,0,0,,,,,,0,0,0,0,,,,618004,1342991.6
1021555800,1.287487,1.291737,1.208321,1.224154,1.3601002840035281,1.4583171508778414,0,0,0,,,,,,0,0,0,0,,,,477604,1310891.4
1021642200,1.249988,1.283321,1.219988,1.259154,1.3399110272028225,1.4402114098889467,0,0,0,,,,,,0,0,0,0,,,,332400,1300391.2
1021901400,1.311654,1.362487,1.279154,1.362487,1.344426221762258,1.433145554444497,0,0,0,,,,,,0,0,0,0,,,,804008,1128609.6
1021987800,1.354153,1.524985,1.309154,1.522485,1.3800379774098064,1.44126732222227,0,0,0,,,,,,0,0,0,0,,,,4210840,1267631
1022074200,1.574151,1.574983,1.481652,1.543318,1.412693981927845,1.4505446565657,0,0,0,,,,,,0,0,0,0,,,,2054420,1315571.6
1022160600,1.543318,1.543318,1.458319,1.499985,1.430152185542276,1.4550392332415456,0,0,0,,,,,,0,0,0,0,,,,1120808,1300631.4
1022247000,1.482484,1.482484,1.440818,1.479152,1.439952148433821,1.4572313029468595,0,0,0,,,,,,0,0,0,0,,,,217200,1251490.8
1022592600,1.41582,1.416653,1.266654,1.33332,1.4186257187470568,1.4459666390425996,0,0,0,,,,,,0,0,0,0,,,,2472024,1279811.2
1022679000,1.307487,1.436653,1.29082,1.404153,1.4157311749976453,1.442165399129636,0,0,0,,,,,,0,0,0,0,,,,1551612,1294571.2
1022765400,1.409153,1.432486,1.409153,1.422487,1.4170823399981163,1.4403764537542145,0,0,0,,,,,,0,0,0,0,,,,283200,1276031
1022851800,1.420819,1.458319,1.420819,1.427486,1.4191630719984931,1.4392045943220133,0,0,0,,,,,,0,0,0,0,,,,218400,1228990.6
1023111000,1.44582,1.453319,1.416653,1.429152,1.4211608575987944,1.4382907221109211,0,0,0,,,,,,0,0,0,0,,,,294000,1214710.4
1023197400,1.416653,1.44582,1.409986,1.424987,1.4219260860790355,1.43708129282811,0,0,0,,,,,,0,0,0,0,,,,478804,1209130.4
1023283800,1.424987,1.425402,1.38332,1.397486,1.4170380688632285,1.4334817207528272,0,0,0,,,,,,0,0,0,0,,,,1363212,1252930.8
1023370200,1.412486,1.412486,1.395819,1.404153,1.4144610550905827,1.4308154734116612,0,0,0,,,,,,0,0,0,0,,,,226800,1241170.6
1023456600,1.387485,1.394987,1.354986,1.37082,1.4057328440724661,1.4253613394651465,0,0,0,,,,,,0,0,0,0,,,,157200,1186870
1023715800,1.377486,1.377486,1.337487,1.337487,1.3920836752579728,1.4173727631501332,0,0,0,,,,,,0,0,0,0,,,,193200,1050548.6
1023802200,1.341654,1.34332,1.208321,1.216655,1.3569979402063783,1.3991256937728482,0,0,0,,,,,,0,0,0,0,,,,1485612,997208
1023888600,1.243321,1.274987,1.225821,1.229988,1.3315959521651026,1.3837495397934985,0,0,0,,,,,,0,0,0,0,,,,562804,956107.6
1023975000,1.233321,1.264987,1.170822,1.177488,1.3007743617320822,1.3649984907213621,0,0,0,,,,,,0,0,0,0,,,,465604,948487.6
1024061400,1.197488,1.207488,1.098322,1.184155,1.2774504893856657,1.3485581733830565,0,0,0,,,,,,0,0,0,0,,,,1682416,1008728.2
1024320600,1.192071,1.199988,1.177488,1.199155,1.2617913915085326,1.3349760667118695,0,0,0,,,,,,0,0,0,0,,,,314400,1007828.2
1024407000,1.194155,1.274154,1.194155,1.258321,1.2610973132068262,1.3280074242835178,0,0,0,,,,,,0,0,0,0,,,,325200,983887.8
1024493400,1.249988,1.304987,1.229154,1.246654,1.2582086505654608,1.3206116584395617,0,0,0,,,,,,0,0,0,0,,,,457204,796206
1024579800,1.247488,1.247488,1.154155,1.178322,1.2422313204523687,1.3076762349450561,0,0,0,,,,,,0,0,0,0,,,,283200,707645
1024666200,1.178322,1.178322,1.091656,1.108322,1.215449456361895,1.2895531226773238,0,0,0,,,,,,0,0,0,0,,,,325200,667864.6
1024925400,1.100822,1.101656,1.016657,1.076656,1.1876907650895159,1.2701988387975671,0,0,0,,,,,,0,0,0,0,,,,758404,694924.8
1025011800,1.079989,1.108322,1.064156,1.094989,1.1691504120716127,1.2542706716341518,0,0,0,,,,,,0,0,0,0,,,,163200,579483.6
1025098200,1.070823,1.071656,0.968324,0.988323,1.1329849296572903,1.2300936105765017,0,0,0,,,,,,0,0,0,0,,,,768004,540303.2
1025184600,0.988323,1.018323,0.966657,0.99999,1.106385943725832,1.2091751005240925,0,0,0,,,,,,0,0,0,0,,,,339600,543123.2
1025271000,0.995823,1.056489,0.991657,0.99999,1.0851067549806657,1.1901582732037204,0,0,0,,,,,,0,0,0,0,,,,294000,546903.2
1025530200,1.008323,1.03749,0.925824,1.016657,1.0714168039845324,1.1743854301852004,0,0,0,,,,,,0,0,0,0,,,,642004,564303.4
1025616600,1.01249,1.040823,0.970824,0.970824,1.0512982431876259,1.1558798456229094,0,0,0,,,,,,0,0,0,0,,,,216000,551163.2
1025703000,0.970824,0.991657,0.919157,0.969574,1.0349533945501008,1.1389429505662811,0,0,0,,,,,,0,0,0,0,,,,349200,500462.6
1025875800,0.96999,0.990823,0.941657,0.990823,1.0261273156400808,1.125477500514801,0,0,0,,,,,,0,0,0,0,,,,180000,498122.6
1026135000,0.99999,1.004157,0.995823,1.004157,1.0217332525120646,1.1144483641043645,0,0,0,,,,,,0,0,0,0,,,,352800,507902.6
1026221400,0.995823,0.99999,0.97499,0.991657,1.0157180020096517,1.1032855128221495,0,0,0,,,,,,0,0,0,0,,,,38400,500162.6
1026307800,0.999157,0.999157,0.935824,0.935824,0.9997392016077213,1.0880617389292269,0,0,0,,,,,,0,0,0,0,,,,222000,436982
1026394200,0.929991,0.929991,0.854991,0.863325,0.9724563612861771,1.0676311262992972,0,0,0,,,,,,0,0,0,0,,,,375600,427621.8
1026480600,0.866658,0.890824,0.866658,0.889574,0.9558798890289416,1.0514441148175429,0,0,0,,,,,,0,0,0,0,,,,255600,417121.6
1026739800,0.874991,0.908324,0.816659,0.833408,0.9313855112231533,1.0316226498341299,0,0,0,,,,,,0,0,0,0,,,,558004,360901
1026826200,0.849158,0.849992,0.741659,0.749993,0.8951070089785226,1.0060199543946635,0,0,0,,,,,,0,0,0,0,,,,1128008,401581.4
1026912600,0.768326,0.804159,0.741659,0.746243,0.8653342071828181,0.9824038676315123,0,0,0,,,,,,0,0,0,0,,,,264000,398521.4
1026999000,0.758326,0.758326,0.658327,0.69166,0.8305993657462545,0.9559726069377384,0,0,0,,,,,,0,0,0,0,,,,735604,412441.4
1027085400,0.683327,0.708326,0.658327,0.69166,0.8028114925970036,0.9319441881252167,0,0,0,,,,,,0,0,0,0,,,,493204,422941.6
1027344600,0.674993,0.699993,0.63666,0.691576,0.7805643940776028,0.910092534659288,0,0,0,,,,,,0,0,0,0,,,,672004,440281.8
1027431000,0.583328,0.607494,0.499995,0.507495,0.7259505152620822,0.8734927587811708,0,0,0,,,,,,0,0,0,0,,,,1649836,484853.4
1027517400,0.462495,0.512495,0.441662,0.486662,0.6780928122096658,0.8383263261647007,0,0,0,,,,,,0,0,0,0,,,,814136,517400.2
1027603800,0.494995,0.495828,0.454162,0.466662,0.6358066497677326,0.804538660149728,0,0,0,,,,,,0,0,0,0,,,,374400,497720
1027690200,0.462495,0.462495,0.419162,0.437412,0.5961277198141861,0.7711635092270255,0,0,0,,,,,,0,0,0,0,,,,340800,497780
1027949400,0.437496,0.454162,0.404163,0.404996,0.5579013758513489,0.7378755538427504,0,0,0,,,,,,0,0,0,0,,,,926408,529400.4
1028035800,0.35833,0.399996,0.326663,0.392496,0.5248203006810791,0.7064774125843185,0,0,0,,,,,,0,0,0,0,,,,1240068,559303.6
1028122200,0.384163,0.415829,0.384163,0.403329,0.5005220405448633,0.6789184659857441,0,0,0,,,,,,0,0,0,0,,,,417904,569398.8
1028208600,0.411663,0.415829,0.396663,0.414996,0.4834168324358906,0.6549255145324947,0,0,0,,,,,,0,0,0,0,,,,394200,571648.8
1028295000,0.424162,0.457495,0.423329,0.452495,0.4772324659487125,0.6365227404840861,0,0,0,,,,,,0,0,0,0,,,,991208,612209.2
1028554200,0.459162,0.483329,0.454995,0.459162,0.47361837275897,0.6203990368037147,0,0,0,,,,,,0,0,0,0,,,,365136,612826
1028640600,0.458329,0.483329,0.454162,0.483329,0.475560498207176,0.6079381243670133,0,0,0,0.326663,1.574983,1.750815,,,1,1,1,1,,,,315600,626686
1028727000,0.483329,0.483329,0.470829,0.474995,0.4754473985657408,0.5958523857881939,0,0,0,0.326663,1.574983,1.750815,,,1,1,1,1,,,,195600,625366
1028813400,0.464995,0.537495,0.464995,0.533328,0.48702351885259265,0.59016835071654,0,0,0,0.326663,1.574983,1.750815,,,1,1,1,1,,,,373200,625246
1028899800,0.541661,0.576661,0.524995,0.576661,0.5049510150820741,0.588940409742309,0,0,0,0.326663,1.574983,1.750815,,,1,1,1,1,,,,467404,635836.2
1029159000,0.578328,0.609161,0.562494,0.608327,0.5256262120656593,0.5907028270384627,0,0,0,0.326663,1.574983,1.750815,,,1,1,1,1,,,,346800,625276
1029245400,0.608327,0.637494,0.594161,0.604161,0.5413331696525274,0.5919262973076933,0,0,0,0.326663,1.574983,1.750815,,,1,1,1,1,,,,394800,588615.6
1029331800,0.616661,0.620827,0.600827,0.616661,0.5563987357220219,0.5941749066433576,0,0,0,0.326663,1.574983,1.750815,,,1,1,1,1,,,,164400,583635.6
1029418200,0.613411,0.616661,0.600827,0.600827,0.5652843885776175,0.5947796424030524,0,0,0,0.326663,1.574983,1.750815,,,1,1,1,1,,,,51600,549435.4
1029504600,0.614161,0.614161,0.554994,0.579994,0.5682263108620941,0.5934354930936839,0,0,0,0.326663,1.574983,1.750815,,,1,1,1,1,,,,307200,540135.2
1029763800,0.574994,0.591661,0.564161,0.591661,0.5729132486896753,0.5932741755397126,0,0,0,0.326663,1.574983,1.750815,,,1,1,1,1,,,,96000,511335
1029850200,0.590827,0.591661,0.564994,0.579578,0.5742461989517402,0.5920290686724661,0,0,0,0.326663,1.574983,1.750815,,,1,1,1,1,,,,68400,432263.2
1029936600,0.589994,0.589994,0.550828,0.566661,0.5727291591613922,0.5897228806113328,0,0,0,0.326663,1.574983,1.750815,,,1,1,1,1,,,,241200,403616.4
1030023000,0.567494,0.579994,0.558328,0.564161,0.5710155273291138,0.5873990732830299,0,0,0,0.326663,1.574983,1.750815,,,1,1,1,1,,,,122400,391016.4
1030109400,0.579994,0.579994,0.555828,0.574161,0.571644621863291,0.5861956120754817,0,0,0,0.326663,1.574983,1.750815,,,1,1,1,1,,,,124800,380216.4
1030368600,0.574994,0.583328,0.563328,0.583328,0.5739812974906328,0.5859349200686197,0,0,0,0.326663,1.574983,1.750815,,,1,1,1,1,,,,79200,337856
1030455000,0.581661,0.581661,0.555828,0.555828,0.5703506379925062,0.5831979273351088,0,0,0,0.326663,1.574983,1.750815,,,1,1,1,1,,,,126264,282165.8
1030541400,0.555828,0.566661,0.555828,0.566661,0.569612710394005,0.5816945703046443,0,0,0,0.326663,1.574983,1.750815,,,1,1,1,1,,,,26400,262590.6
1030627800,0.570828,0.570828,0.533328,0.537495,0.5631891683152039,0.5776764275496766,0,0,0,0.326663,1.574983,1.750815,,,1,1,1,1,,,,189600,252360.6
1030714200,0.534161,0.539078,0.520828,0.521661,0.5548835346521631,0.5725841159542515,0,0,0,0.326663,1.574983,1.750815,,,1,1,1,1,,,,77280,206664.2
1031059800,0.532495,0.533328,0.479162,0.483412,0.5405892277217305,0.5644775599584104,0,0,0,0.326663,1.574983,1.750815,,,1,1,1,1,,,,194400,198127.4
1031146200,0.490828,0.560828,0.487495,0.542495,0.5409703821773844,0.5624791454167367,0,0,0,0.326663,1.574983,1.750815,,,1,1,1,1,,,,473764,206035.6
1031232600,0.549994,0.549994,0.537495,0.538328,0.5404419057419075,0.5602835867424879,0,0,0,0.326663,1.574983,1.750815,,,1,1,1,1,,,,43200,198415.6
1031319000,0.544995,0.570828,0.544995,0.559994,0.544352324593526,0.560257260674989,0,0,0,0.326663,1.574983,1.750815,,,1,1,1,1,,,,315600,195535.6
1031578200,0.564994,0.564994,0.543328,0.558328,0.5471474596748208,0.5600818733408991,0,0,0,0.326663,1.574983,1.750815,,,1,1,1,1,,,,468004,195565.6
1031664600,0.545828,0.558328,0.531661,0.533328,0.5443835677398566,0.557649703037181,0,0,0,0.326663,1.574983,1.750815,,,1,1,1,1,,,,217200,189085.6
1031751000,0.530828,0.530828,0.520828,0.520828,0.5396724541918853,0.5543022754883463,0,0,0,0.326663,1.574983,1.750815,,,1,1,1,1,,,,222000,180445.6
1031837400,0.521745,0.521745,0.499995,0.503328,0.5324035633535082,0.5496682504439512,0,0,0,0.326663,1.574983,1.750815,,,1,1,1,1,,,,241200,184285.6
1031923800,0.499995,0.502495,0.483412,0.499995,0.5259218506828066,0.545152500403592,0,0,0,0.326663,1.574983,1.750815,,,1,1,1,1,,,,180000,190705.6
1032183000,0.487495,0.502495,0.483329,0.483329,0.5174032805462453,0.5395321821850836,0,0,0,0.326663,1.574983,1.750815,,,1,1,1,1,,,,84000,179545.6
1032269400,0.479162,0.479162,0.479162,0.479162,0.5097550244369963,0.5340439838046215,0,0,0,0.326663,1.574983,1.750815,,,1,1,1,1,,,,24000,175945.6
1032355800,0.479162,0.479162,0.469162,0.469995,0.501803019549597,0.5282213489132923,0,0,0,0.326663,1.574983,1.750815,,,1,1,1,1,,,,106800,177865.6
1032442200,0.469162,0.469162,0.420829,0.449996,0.49144161563967764,0.5211099535575384,0,0,0,0.326663,1.574983,1.750815,,,1,1,1,1,,,,329100,182260.6
1032528600,0.462495,0.474995,0.462495,0.474995,0.48815229251174214,0.5169176850523076,0,0,0,0.326663,1.574983,1.750815,,,1,1,1,1,,,,181200,185200.6
1032787800,0.467495,0.494995,0.467495,0.487495,0.4880208340093937,0.5142428955020978,0,0,0,0.326663,1.574983,1.750815,,,1,1,1,1,,,,176400,187780.6
1032874200,0.483329,0.495828,0.475829,0.483329,0.48708246720751497,0.5114325413655434,0,0,0,0.326663,1.574983,1.750815,,,1,1,1,1,,,,75180,187579.6
1032960600,0.475829,0.495828,0.470912,0.495828,0.488831573766012,0.5100139466959486,0,0,0,0.326663,1.574983,1.750815,,,1,1,1,1,,,,127200,187626.4
1033047000,0.491662,0.491662,0.471745,0.490745,0.48921425901280957,0.5082622242690441,0,0,0,0.326663,1.574983,1.750815,,,1,1,1,1,,,,22800,187446.4
1033133400,0.478329,0.478329,0.466662,0.466662,0.48470380721024764,0.504480385699131,0,0,0,0.326663,1.574983,1.750815,,,1,1,1,1,,,,86220,182277.4
1033392600,0.451662,0.451662,0.399996,0.428329,0.4734288457681981,0.49755753245375545,0,0,0,0.326663,1.574983,1.750815,,,1,1,1,1,,,,312300,194028.4
1033479000,0.394996,0.394996,0.33333,0.341663,0.4470756766145585,0.48338530223068676,0,0,0,0.326663,1.574983,1.750815,,,1,1,1,1,,,,1116968,240156.8
1033565400,0.334163,0.346663,0.317497,0.32583,0.4228265412916468,0.469062092936988,0,0,0,0.326663,1.574983,1.750815,,,1,1,1,1,,,,488404,240888.8
1033651800,0.33833,0.349163,0.33333,0.34583,0.40742723303331746,0.4578591753972618,0,0,0,0.326663,1.574983,1.750815,,,1,1,1,1,,,,475456,262501.6
1033738200,0.34083,0.34833,0.33833,0.339163,0.39377438642665397,0.4470686139975107,0,0,0,0.326663,1.574983,1.750815,,,1,1,1,1,,,,55200,249481.6
1033997400,0.33583,0.347497,0.32083,0.347497,0.3845189091413232,0.43801664908864607,0,0,0,0.326663,1.574983,1.750815,,,1,1,1,1,,,,410224,246592.6
1034083800,0.334997,0.34408,0.32583,0.326663,0.37294772731305853,0.42789359008058736,0,0,0,0.326663,1.574983,1.750815,,,1,1,1,1,,,,320400,251752.6
1034170200,0.324997,0.324997,0.304997,0.304997,0.3593575818504468,0.41672117280053395,0,0,0,0.326663,1.574983,1.750815,,,1,1,1,1,,,,309600,256132.6
1034256600,0.30083,0.30833,0.283331,0.283331,0.34415226548035743,0.40459479345503085,0,0,0,0.326663,1.574983,1.750815,,,1,1,1,1,,,,390000,263572.6
1034343000,0.304164,0.304997,0.279247,0.286664,0.33265461238428595,0.39387381223184625,0,0,0,0.326663,1.574983,1.750815,,,1,1,1,1,,,,356400,272392.6
1034602200,0.29583,0.29583,0.279164,0.282164,0.32255648990742875,0.3837183747562239,0,0,0,0.326663,1.574983,1.750815,,,1,1,1,1,,,,50400,270712.6
1034688600,0.294164,0.306664,0.280664,0.280831,0.314211391925943,0.3743649770511126,0,0,0,0.326663,1.574983,1.750815,,,1,1,1,1,,,,217200,280372.6
1034775000,0.279164,0.307497,0.274997,0.306664,0.3127019135407544,0.3682103427737387,0,0,0,0.326663,1.574983,1.750815,,,1,1,1,1,,,,268800,288472.6
1034861400,0.307497,0.307497,0.29833,0.299997,0.3101609308326035,0.36200912979430794,0,0,0,0.326663,1.574983,1.750815,,,1,1,1,1,,,,28800,273457.6
1034947800,0.294164,0.294997,0.274997,0.283331,0.3047949446660828,0.35485657254027997,0,0,0,0.326663,1.574983,1.750815,,,1,1,1,1,,,,235980,276196.6
1035207000,0.289997,0.291664,0.275831,0.283331,0.30050215573286626,0.3483542477638909,0,0,0,0.326663,1.574983,1.750815,,,1,1,1,1,,,,57600,270256.6
1035293400,0.283331,0.314997,0.279164,0.28583,0.297567724586293,0.3426702252399008,0,0,0,0.326663,1.574983,1.750815,,,1,1,1,1,,,,2743224,403658.8
1035379800,0.30333,0.30583,0.284164,0.286664,0.2953869796690344,0.33757875021809164,0,0,0,0.274997,0.637494,1.574983,1.750815,,1,1,1,1,,,,261480,410372.8
1035466200,0.29083,0.299997,0.283331,0.283331,0.2929757837352275,0.3326471365619015,0,0,0,0.274997,0.637494,1.574983,1.750815,,1,1,1,1,,,,504004,434433
1035552600,0.281664,0.291664,0.281664,0.291664,0.292713426988182,0.3289213968744559,0,0,0,0.274997,0.637494,1.574983,1.750815,,1,1,1,1,,,,114000,435822
1035815400,0.297497,0.29833,0.283331,0.284997,0.2911701415905456,0.324928269885869,0,0,0,0.274997,0.637494,1.574983,1.750815,,1,1,1,1,,,,398460,440130
1035901800,0.29083,0.299997,0.284997,0.284997,0.2899355132724365,0.32129815444169907,0,0,0,0.274997,0.637494,1.574983,1.750815,,1,1,1,1,,,,148800,391721.6
1035988200,0.284997,0.291664,0.284997,0.289164,0.2897812106179492,0.31837686767427187,0,0,0,0.274997,0.637494,1.574983,1.750815,,1,1,1,1,,,,135600,374081.4
1036074600,0.29583,0.296664,0.284997,0.29583,0.29099096849435935,0.3163271524311562,0,0,0,0.274997,0.637494,1.574983,1.750815,,1,1,1,1,,,,127536,356685.4
1036161000,0.297497,0.299164,0.28833,0.296664,0.29212557479548745,0.3145395931192329,0,0,0,0.274997,0.637494,1.574983,1.750815,,1,1,1,1,,,,94800,358665.4
1036420200,0.291664,0.302497,0.29083,0.299164,0.29353325983638995,0.31314181192657536,0,0,0,0.274997,0.637494,1.574983,1.750815,,1,1,1,1,,,,169200,346614.2
1036506600,0.299997,0.299997,0.289164,0.289164,0.29265940786911193,0.31096201084234126,0,0,0,0.274997,0.637494,1.574983,1.750815,,1,1,1,1,,,,32400,332214.2
1036593000,0.299164,0.299997,0.28833,0.29583,0.29329352629528954,0.3095863734930375,0,0,0,0.274997,0.637494,1.574983,1.750815,,1,1,1,1,,,,152400,324354.2
1036679400,0.299997,0.314997,0.299997,0.308414,0.29631762103623166,0.3094797940845796,0,0,0,0.274997,0.637494,1.574983,1.750815,,1,1,1,1,,,,288240,319266.2
1036765800,0.311664,0.402496,0.30833,0.399996,0.3170532968289853,0.31770854007689053,0,0,0,0.274997,0.637494,1.574983,1.750815,,1,1,1,1,,,,2317220,417307.2
1037025000,0.408329,0.409163,0.354163,0.354163,0.32447523746318824,0.3210225818880823,0,0,0,0.274997,0.637494,1.574983,1.750815,,1,1,1,1,,,,654844,447529.4
1037111400,0.354996,0.381663,0.349997,0.373246,0.33422938997055057,0.3257701653528021,0,0,0,0.274997,0.637494,1.574983,1.750815,,1,1,1,1,,,,417760,457557.4
1037197800,0.369996,0.374996,0.34833,0.349163,0.33721611197644047,0.32789678668436556,0,0,0,0.274997,0.637494,1.574983,1.750815,,1,1,1,1,,,,379200,463077.4
1037284200,0.35583,0.36083,0.349997,0.351663,0.3401054895811524,0.33005735153124144,0,0,0,0.274997,0.637494,1.574983,1.750815,,1,1,1,1,,,,279600,475617.4
1037370600,0.35333,0.354163,0.349163,0.349997,0.3420837916649219,0.3318700468465831,0,0,0,0.274997,0.637494,1.574983,1.750815,,1,1,1,1,,,,303600,478998.4
1037629800,0.356663,0.356663,0.347497,0.349997,0.3436664333319375,0.3335179516787119,0,0,0,0.274997,0.637494,1.574983,1.750815,,1,1,1,1,,,,238800,488058.4
1037716200,0.349997,0.37083,0.349997,0.362496,0.34743234666555,0.3361523197079199,0,0,0,0.274997,0.637494,1.574983,1.750815,,1,1,1,1,,,,546004,378197.4
1037802600,0.364163,0.364163,0.339163,0.339163,0.34577847733244,0.33642601791629084,0,0,0,0.274997,0.637494,1.574983,1.750815,,1,1,1,1,,,,589204,394583.6
1037889000,0.344997,0.344997,0.291664,0.301664,0.336955581865952,0.3332658344693553,0,0,0,0.274997,0.637494,1.574983,1.750815,,1,1,1,1,,,,964808,417623.8
1037975400,0.297497,0.316664,0.291664,0.308414,0.33124726549276157,0.331006576790323,0,0,0,0.274997,0.637494,1.574983,1.750815,,1,1,1,1,,,,469588,435403.2
1038234600,0.316664,0.329997,0.31583,0.321663,0.32933041239420924,0.33015716071847545,0,0,0,0.274997,0.637494,1.574983,1.750815,,1,1,1,1,,,,312000,431080.2
1038321000,0.33333,0.33333,0.323413,0.324163,0.3282969299153674,0.3296122370167959,0,0,0,0.274997,0.637494,1.574983,1.750815,,1,1,1,1,,,,220800,434680.2
1038407400,0.329163,0.33333,0.321663,0.329163,0.3284701439322939,0.3295713972879962,0,0,0,0.274997,0.637494,1.574983,1.750815,,1,1,1,1,,,,217200,438760.2
1038580200,0.334163,0.341663,0.32083,0.341663,0.3311087151458351,0.3306706338981784,0,0,0,0.274997,0.637494,1.574983,1.750815,,1,1,1,1,,,,521548,458460.8
1038839400,0.342497,0.342497,0.327497,0.33833,0.3325529721166681,0.33136693990743493,0,0,0,0.274997,0.637494,1.574983,1.750815,,1,1,1,1,,,,638404,485641
1038925800,0.339163,0.341663,0.32583,0.336663,0.3333749776933345,0.3318483999158499,0,0,0,0.274997,0.637494,1.574983,1.750815,,1,1,1,1,,,,442804,499321.2
1039012200,0.329163,0.34583,0.329163,0.341663,0.33503258215466764,0.3327406362871363,0,0,0,0.274997,0.637494,1.574983,1.750815,,1,1,1,1,,,,539404,524671.4
1039098600,0.344163,0.354163,0.34083,0.354163,0.33885866572373413,0.3346881238973966,0,0,0,0.274997,0.637494,1.574983,1.750815,,1,1,1,1,,,,414004,537751.6
1039185000,0.354163,0.362496,0.34333,0.35583,0.3422529325789873,0.3366101126339969,0,0,0,0.274997,0.637494,1.574983,1.750815,,1,1,1,1,,,,332400,539959.6
1039444200,0.354163,0.359996,0.337497,0.35333,0.3444683460631898,0.33813010239454266,0,0,0,0.274997,0.637494,1.574983,1.750815,,1,1,1,1,,,,423352,445266.2
1039530600,0.349997,0.35833,0.342497,0.349997,0.34557407685055186,0.33920891126776603,0,0,0,0.274997,0.637494,1.574983,1.750815,,1,1,1,1,,,,80652,416556.6
1039617000,0.34333,0.344163,0.329163,0.337497,0.34395866148044146,0.33905328297069637,0,0,0,0.274997,0.637494,1.574983,1.750815,,1,1,1,1,,,,526804,422008.8
1039703400,0.330913,0.339997,0.325913,0.334163,0.34199952918435317,0.33860871179154217,0,0,0,0.274997,0.637494,1.574983,1.750815,,1,1,1,1,,,,447604,425429
1039789800,0.332497,0.332497,0.322497,0.326663,0.3389322233474825,0.3375227379923111,0,0,0,0.274997,0.637494,1.574983,1.750815,,1,1,1,1,,,,93600,416129
1040049000,0.322497,0.324163,0.306664,0.312497,0.33364517867798604,0.335247670902101,0,0,0,0.274997,0.637494,1.574983,1.750815,,1,1,1,1,,,,973208,449609.4
1040135400,0.31083,0.334163,0.31083,0.329163,0.3327487429423888,0.33469451900191,0,0,0,0.274997,0.637494,1.574983,1.750815,,1,1,1,1,,,,414004,458369.6
1040221800,0.327497,0.331663,0.32083,0.324163,0.33103159435391105,0.33373710818355456,0,0,0,0.274997,0.637494,1.574983,1.750815,,1,1,1,1,,,,295200,445829.4
1040308200,0.321663,0.332497,0.321663,0.329997,0.3308246754831288,0.33339709834868597,0,0,0,0.274997,0.637494,1.574983,1.750815,,1,1,1,1,,,,260640,429401.2
1040394600,0.33083,0.349997,0.329163,0.344997,0.3336591403865031,0.3344516348624418,0,0,0,0.274997,0.637494,1.574983,1.750815,,1,1,1,1,,,,696004,415961
1040653800,0.35083,0.366663,0.341663,0.349997,0.33692671230920246,0.3358648498749471,0,0,0,0.274997,0.637494,1.574983,1.750815,,1,1,1,1,,,,618844,423423.8
1040740200,0.34583,0.35083,0.341663,0.342497,0.338040769847362,0.33646777261358823,0,0,0,0.274997,0.637494,1.574983,1.750815,,1,1,1,1,,,,110400,413343.8
1040913000,0.349163,0.352496,0.336663,0.336663,0.3377652158778896,0.3364855205578075,0,0,0,0.274997,0.637494,1.574983,1.750815,,1,1,1,1,,,,231600,413883.8
1040999400,0.334997,0.34083,0.33333,0.339997,0.33821157270231167,0.33680474596164317,0,0,0,0.274997,0.637494,1.574983,1.750815,,1,1,1,1,,,,158304,410939
1041258600,0.334163,0.342497,0.329997,0.330913,0.3367518581618493,0.3362691326924029,0,0,0,0.274997,0.637494,1.574983,1.750815,,1,1,1,1,,,,261600,397941.6
1041345000,0.33333,0.337497,0.332497,0.336663,0.33673408652947945,0.3363049388112753,0,0,0,0.274997,0.637494,1.574983,1.750815,,1,1,1,1,,,,171768,374609.8
1041517800,0.337497,0.354163,0.337497,0.350913,0.33956986922358356,0.33763294437388663,0,0,0,0.274997,0.637494,1.574983,1.750815,,1,1,1,1,,,,332400,369089.6
1041604200,0.357496,0.37083,0.351663,0.36083,0.34382189537886687,0.3397417676126242,0,0,0,0.274997,0.637494,1.574983,1.750815,,1,1,1,1,,,,190800,351659.4
1041863400,0.367496,0.367496,0.351663,0.351663,0.3453901163030935,0.34082551601147654,0,0,0,0.274997,0.637494,1.574983,1.750815,,1,1,1,1,,,,222000,342059.2
1041949800,0.351663,0.359996,0.351663,0.359413,0.3481946930424748,0.3425152872831605,0,0,0,0.274997,0.637494,1.574983,1.750815,,1,1,1,1,,,,62280,328553.2
1042036200,0.35833,0.35833,0.349997,0.349997,0.34855515443397983,0.34319544298469135,0,0,0,0.274997,0.637494,1.574983,1.750815,,1,1,1,1,,,,116400,313205.6
1042122600,0.354996,0.361246,0.347497,0.34833,0.34851012354718386,0.34366222089517395,0,0,0,0.274997,0.637494,1.574983,1.750815,,1,1,1,1,,,,224880,320417
1042209000,0.357496,0.357496,0.34583,0.34583,0.3479740988377471,0.34385929172288543,0,0,0,0.274997,0.637494,1.574983,1.750815,,1,1,1,1,,,,103200,299236.8
1042468200,0.344163,0.35833,0.343413,0.352496,0.3488784790701977,0.34464444702080493,0,0,0,0.274997,0.637494,1.574983,1.750815,,1,1,1,1,,,,147600,284236.6
1042554600,0.354996,0.354996,0.346663,0.35333,0.3497687832561582,0.3454340427461863,0,0,0,0.274997,0.637494,1.574983,1.750815,,1,1,1,1,,,,142800,286696.6
1042641000,0.35208,0.35208,0.34583,0.34833,0.3494810266049265,0.34569731158744205,0,0,0,0.274997,0.637494,1.574983,1.750815,,1,1,1,1,,,,111600,243616.2
1042727400,0.34583,0.36083,0.34333,0.34583,0.34875082128394125,0.3457093741704019,0,0,0,0.274997,0.637494,1.574983,1.750815,,1,1,1,1,,,,172800,231556
1042813800,0.346663,0.35083,0.32333,0.349997,0.349000057027153,0.346099158336729,0,0,0,0.274997,0.637494,1.574983,1.750815,,1,1,1,1,,,,234000,228496
1043159400,0.337497,0.38083,0.337497,0.37083,0.35336604562172236,0.3483474166697536,0,0,0,0.274997,0.637494,1.574983,1.750815,,1,1,1,1,,,,1306932,280810.6
1043245800,0.374996,0.379163,0.362496,0.374163,0.3575254364973779,0.3506942878815942,0,0,0,0.274997,0.637494,1.574983,1.750815,,1,1,1,1,,,,738004,282910.6
1043332200,0.376663,0.376663,0.354996,0.359996,0.3580195491979023,0.3515398980741765,0,0,0,0.274997,0.637494,1.574983,1.750815,,1,1,1,1,,,,430804,273508.6
1043418600,0.36083,0.361663,0.352496,0.352496,0.35691483935832186,0.3516268164310696,0,0,0,0.274997,0.637494,1.574983,1.750815,,1,1,1,1,,,,142800,275128.6
1043677800,0.33833,0.35583,0.334163,0.349163,0.3553644714866575,0.35140283311915416,0,0,0,0.274997,0.637494,1.574983,1.750815,,1,1,1,1,,,,208800,273988.6
1043764200,0.349997,0.351663,0.334163,0.344997,0.353290977189326,0.3508204846537765,0,0,0,0.274997,0.637494,1.574983,1.750815,,1,1,1,1,,,,205200,276333.4
1043850600,0.341663,0.35833,0.33583,0.35833,0.3542987817514608,0.3515031678670696,0,0,0,0.274997,0.637494,1.574983,1.750815,,1,1,1,1,,,,48000,265653.4
1043937000,0.341663,0.354163,0.33083,0.349997,0.35343842540116865,0.3513662435155178,0,0,0,0.274997,0.637494,1.574983,1.750815,,1,1,1,1,,,,399360,277033
1044023400,0.34333,0.354163,0.342497,0.344997,0.35175014032093493,0.3507872213777435,0,0,0,0.274997,0.637494,1.574983,1.750815,,1,1,1,1,,,,142800,267553
1044282600,0.349997,0.349997,0.344997,0.34908,0.3512161122567479,0.35063201943431227,0,0,0,0.274997,0.637494,1.574983,1.750815,,1,1,1,1,,,,127200,264373
1044369000,0.341663,0.349163,0.33333,0.341663,0.34930548980539833,0.349816654031193,0,0,0,0.274997,0.637494,1.574983,1.750815,,1,1,1,1,,,,261360,266341
1044455400,0.341663,0.342497,0.33333,0.342497,0.3479437918443187,0.34915123093744815,0,0,0,0.274997,0.637494,1.574983,1.750815,,1,1,1,1,,,,117600,269107
1044541800,0.33333,0.33833,0.33333,0.33333,0.34502103347545493,0.34771293721586194,0,0,0,0.274997,0.637494,1.574983,1.750815,,1,1,1,1,,,,91200,267847
1044628200,0.336663,0.336663,0.331663,0.336663,0.34334942678036395,0.3467083974689654,0,0,0,0.274997,0.637494,1.574983,1.750815,,1,1,1,1,,,,90000,261103
1044887400,0.34083,0.341663,0.324163,0.329997,0.34067894142429117,0.3451891795172413,0,0,0,0.274997,0.637494,1.574983,1.750815,,1,1,1,1,,,,210000,266443
1044973800,0.334163,0.34083,0.33333,0.33658,0.33985915313943293,0.34440652683385575,0,0,0,0.274997,0.637494,1.574983,1.750815,,1,1,1,1,,,,102000,264163
1045060200,0.336663,0.337497,0.326663,0.327497,0.33738672251154633,0.34286929712168707,0,0,0,0.274997,0.637494,1.574983,1.750815,,1,1,1,1,,,,60000,260023
1045146600,0.327497,0.329997,0.30833,0.311747,0.3322587780092371,0.3400399973833519,0,0,0,0.274997,0.637494,1.574983,1.750815,,1,1,1,1,,,,227100,265798
1045233000,0.312497,0.319163,0.307497,0.312497,0.32830642240738966,0.3375360885303199,0,0,0,0.274997,0.637494,1.574983,1.750815,,1,1,1,1,,,,112800,262798
1045578600,0.31333,0.314247,0.312497,0.312497,0.32514453792591175,0.33525980775483627,0,0,0,0.274997,0.637494,1.574983,1.750815,,1,1,1,1,,,,117600,256978
1045665000,0.309164,0.31333,0.304164,0.30833,0.3217816303407294,0.3328116434134875,0,0,0,0.274997,0.637494,1.574983,1.750815,,1,1,1,1,,,,73200,195291.4
1045751400,0.31083,0.32583,0.309997,0.32583,0.3225913042725835,0.3321769485577159,0,0,0,0.274997,0.637494,1.574983,1.750815,,1,1,1,1,,,,116496,164216
1045837800,0.321663,0.324163,0.317497,0.317497,0.3215724434180668,0.3308424077797417,0,0,0,0.274997,0.637494,1.574983,1.750815,,1,1,1,1,,,,64704,145911
1046097000,0.32083,0.341663,0.32083,0.33333,0.32392395473445346,0.33106855252703793,0,0,0,0.274997,0.637494,1.574983,1.750815,,1,1,1,1,,,,170400,147291
1046183400,0.332497,0.339997,0.32333,0.332497,0.3256385637875628,0.3311984113882163,0,0,0,0.274997,0.637494,1.574983,1.750815,,1,1,1,1,,,,88800,141291
1046269800,0.334997,0.334997,0.332497,0.33333,0.32717685103005023,0.33139219217110577,0,0,0,0.274997,0.637494,1.574983,1.750815,,1,1,1,1,,,,19200,131991
1046356200,0.331663,0.337497,0.331663,0.331663,0.32807408082404016,0.3314168110646416,0,0,0,0.274997,0.637494,1.574983,1.750815,,1,1,1,1,,,,39600,131571
1046442600,0.331663,0.33333,0.327497,0.332497,0.3289586646592321,0.3315150100587651,0,0,0,0.274997,0.637494,1.574983,1.750815,,1,1,1,1,,,,105600,116883
1046701800,0.329163,0.337497,0.329163,0.33333,0.3298329317273857,0.33168000914433193,0,0,0,0.274997,0.637494,1.574983,1.750815,,1,1,1,1,,,,185400,119013
1046788200,0.32833,0.332497,0.324997,0.324997,0.32886574538190855,0.3310724628584836,0,0,0,0.274997,0.637494,1.574983,1.750815,,1,1,1,1,,,,22800,113793
1046874600,0.326663,0.32833,0.32333,0.32333,0.32775859630552684,0.33036860259862144,0,0,0,0.274997,0.637494,1.574983,1.750815,,1,1,1,1,,,,63600,103905
1046961000,0.321663,0.33333,0.32083,0.32833,0.3278728770444215,0.33018327508965584,0,0,0,0.274997,0.637494,1.574983,1.750815,,1,1,1,1,,,,175200,106785
1047047400,0.324997,0.329997,0.324997,0.329997,0.3282977016355372,0.3301663409905962,0,0,0,0.274997,0.637494,1.574983,1.750815,,1,1,1,1,,,,30000,103725
1047306600,0.324997,0.329163,0.324163,0.329163,0.3284707613084297,0.3300751281732693,0,0,0,0.274997,0.637494,1.574983,1.750815,,1,1,1,1,,,,56400,102045
1047393000,0.321997,0.324997,0.319997,0.322497,0.32727600904674375,0.3293862074302448,0,0,0,0.274997,0.637494,1.574983,1.750815,,1,1,1,1,,,,111600,97125
1047479400,0.322497,0.327497,0.322497,0.32333,0.326486807237395,0.3288356431184044,0,0,0,0.274997,0.637494,1.574983,1.750815,,1,1,1,1,,,,19200,92985
1047565800,0.324163,0.33083,0.324163,0.327497,0.32668884578991597,0.32871394828945855,0,0,0,0.274997,0.637494,1.574983,1.750815,,1,1,1,1,,,,108000,95385
1047652200,0.33083,0.33083,0.324997,0.329163,0.32718367663193276,0.32875477117223506,0,0,0,0.274997,0.637494,1.574983,1.750815,,1,1,1,1,,,,116400,89850
1047911400,0.326663,0.33333,0.312497,0.31583,0.3249129413055462,0.32757979197475917,0,0,0,0.274997,0.637494,1.574983,1.750815,,1,1,1,1,,,,246804,96550.2
1047997800,0.32083,0.342497,0.316664,0.342497,0.32842975304443695,0.32893590179523563,0,0,0,0.274997,0.637494,1.574983,1.750815,,1,1,1,1,,,,486004,114970.4
1048084200,0.341663,0.374996,0.329163,0.374163,0.33757640243554954,0.33304745617748693,0,0,0,0.274997,0.637494,1.574983,1.750815,,1,1,1,1,,,,740404,148330.6
1048170600,0.374996,0.374996,0.347497,0.35833,0.3417271219484396,0.33534586925226084,0,0,0,0.274997,0.637494,1.574983,1.750815,,1,1,1,1,,,,148800,149945.8
1048257000,0.346663,0.352496,0.342497,0.349997,0.3433810975587517,0.33667779022932803,0,0,0,0.274997,0.637494,1.574983,1.750815,,1,1,1,1,,,,45600,148990.6
1048516200,0.359996,0.359996,0.34083,0.341663,0.34303747804700135,0.33713099111757094,0,0,0,0.274997,0.637494,1.574983,1.750815,,1,1,1,1,,,,32400,142090.6
1048602600,0.341663,0.354996,0.341663,0.349997,0.3444293824376011,0.33830062828870083,0,0,0,0.274997,0.637494,1.574983,1.750815,,1,1,1,1,,,,168000,146050.6
1048689000,0.34708,0.351663,0.346663,0.351663,0.34587610595008084,0.3395153893533644,0,0,0,0.274997,0.637494,1.574983,1.750815,,1,1,1,1,,,,10800,145630.6
1048775400,0.357496,0.357496,0.34833,0.354996,0.34770008476006464,0.34092271759396764,0,0,0,0.274997,0.637494,1.574983,1.750815,,1,1,1,1,,,,74400,147370.6
1048861800,0.347497,0.354163,0.347497,0.34833,0.3478260678080517,0.3415961069036069,0,0,0,0.274997,0.637494,1.574983,1.750815,,1,1,1,1,,,,60000,145090.6
1049121000,0.347497,0.35833,0.34583,0.35833,0.3499268542464414,0.3431173699123699,0,0,0,0.274997,0.637494,1.574983,1.750815,,1,1,1,1,,,,206400,146140.6
1049207400,0.356663,0.379163,0.34583,0.379163,0.3557740833971531,0.3463942453748817,0,0,0,0.274997,0.637494,1.574983,1.750815,,1,1,1,1,,,,402004,165100.8
1049293800,0.374996,0.387496,0.36258,0.387496,0.36211846671772246,0.35013076852261976,0,0,0,0.274997,0.637494,1.574983,1.750815,,1,1,1,1,,,,170400,170440.8
1049380200,0.391663,0.416663,0.390829,0.395829,0.368860573374178,0.3542851532023816,0,0,0,0.274997,0.637494,1.574983,1.750815,,1,1,1,1,,,,444304,183896
1049466600,0.390829,0.390829,0.374163,0.384163,0.3719210586993424,0.35700132109307414,0,0,0,0.274997,0.637494,1.574983,1.750815,,1,1,1,1,,,,245784,194685.2
1049722200,0.374163,0.394996,0.369996,0.376746,0.3728860469594739,0.35879629190279466,0,0,0,0.274997,0.637494,1.574983,1.750815,,1,1,1,1,,,,140400,198885.2
1049808600,0.37583,0.390829,0.37583,0.38333,0.37497483756757916,0.3610266290025406,0,0,0,0.274997,0.637494,1.574983,1.750815,,1,1,1,1,,,,79200,197265.2
1049895000,0.37583,0.393329,0.37583,0.393329,0.3786456700540633,0.36396320818412786,0,0,0,0.274997,0.637494,1.574983,1.750815,,1,1,1,1,,,,103200,201465.2
1049981400,0.393329,0.395829,0.391663,0.393329,0.38158233604325065,0.36663282562193444,0,0,0,0.274997,0.637494,1.574983,1.750815,,1,1,1,1,,,,72000,199665.2
1050067800,0.395829,0.403329,0.395829,0.399996,0.38526506883460054,0.36966584147448583,0,0,0,0.274997,0.637494,1.574983,1.750815,,1,1,1,1,,,,128400,200265.2
1050327000,0.405829,0.410829,0.398329,0.410829,0.3903778550676804,0.3734079467949871,0,0,0,0.274997,0.637494,1.574983,1.750815,,1,1,1,1,,,,153600,195605
1050413400,0.397496,0.419162,0.397496,0.419162,0.3961346840541443,0.37756740617726103,1,0,0,0.274997,0.637494,1.574983,1.750815,,2,1,1,1,1,,,313200,186964.8
1050499800,0.421662,0.456662,0.419996,0.449996,0.40690694724331544,0.38415182379751,0,0,0,0.274997,0.637494,1.574983,1.750815,,2,1,1,1,,,,590404,179464.8
1050586200,0.445829,0.477495,0.445829,0.454162,0.41635795779465234,0.3905163852704636,0,0,0,0.274997,0.637494,1.574983,1.750815,,2,1,1,1,,,,380400,191044.8
1050931800,0.474995,0.487495,0.449996,0.454162,0.4239187662357219,0.396302350245876,0,0,0,0.274997,0.637494,1.574983,1.750815,,2,1,1,1,,,,794164,228473
1051018200,0.490828,0.516662,0.474995,0.504162,0.4399674129885775,0.40610777295079636,0,1,0,0.274997,0.637494,1.574983,1.750815,,3,1,1,1,,1,,1327212,293213.6
1051104600,0.514995,0.519161,0.493328,0.493328,0.450639530390862,0.41403688450072396,0,0,0,0.274997,0.637494,1.574983,1.750815,,3,1,1,1,,,,661204,317873.8
1051191000,0.491662,0.508328,0.491662,0.504162,0.4613440243126896,0.42223007681883995,0,0,0,0.274997,0.637494,1.574983,1.750815,,3,1,1,1,,,,199800,327323.8
1051277400,0.508328,0.537495,0.504162,0.537495,0.47657421945015166,0.4327087061989454,0,0,0,0.274997,0.637494,1.574983,1.750815,,3,1,1,1,,,,531604,350184
1051536600,0.537495,0.595827,0.537495,0.593327,0.4999247755601213,0.44731036927176854,0,0,0,0.274997,0.637494,1.574983,1.750815,,3,1,1,1,,,,795124,386940.2
1051623000,0.603327,0.645827,0.601661,0.63416,0.526771820448097,0.4642966993379714,0,0,0,0.274997,0.637494,1.574983,1.750815,,3,1,1,1,,,,990656,426153
1051709400,0.645827,0.677493,0.638327,0.677493,0.5569160563584776,0.48367818121633765,0,0,0,0.274997,0.637494,1.574983,1.750815,,3,1,1,1,,,,1002524,456179
1051795800,0.684993,0.702493,0.660827,0.66666,0.5788648450867822,0.5003128920148524,0,0,0,0.274997,0.637494,1.574983,1.750815,,3,1,1,1,,,,1401852,517751.6
1051882200,0.66666,0.673327,0.590827,0.609994,0.5850906760694258,0.510283901831684,0,0,0,0.274997,0.637494,1.574983,1.750815,,3,1,1,1,,,,1790116,585042.2
1052141400,0.594994,0.610827,0.549161,0.559994,0.5800713408555406,0.5148030016651673,0,0,0,0.274997,0.637494,1.574983,1.750815,,3,1,1,1,,,,1059608,625733.4
1052227800,0.562494,0.610827,0.562494,0.604161,0.5848892726844325,0.522926456059243,0,0,0,0.274997,0.637494,1.574983,1.750815,,3,1,1,1,,,,349800,636203.4
1052314200,0.604161,0.619994,0.599994,0.615827,0.591076818147546,0.5313719600538573,0,0,0,0.274997,0.637494,1.574983,1.750815,,3,1,1,1,,,,272400,645863.4
1052400600,0.612494,0.616661,0.604161,0.616661,0.5961936545180367,0.5391255091398703,0,0,0,0.274997,0.637494,1.574983,1.750815,,3,1,1,1,,,,433204,662363.6
1052487000,0.616661,0.62916,0.612494,0.62916,0.6027869236144294,0.5473104628544276,0,0,0,0.274997,0.637494,1.574983,1.750815,,3,1,1,1,,,,282000,672863.6
1052746200,0.622494,0.663327,0.605827,0.65416,0.6130615388915436,0.5570240571403887,0,0,0,0.274997,0.637494,1.574983,1.750815,,3,1,1,1,,,,374400,685163.6
1052832600,0.658327,0.708326,0.645827,0.708326,0.6321144311132348,0.5707787792185351,0,0,0,0.274997,0.637494,1.574983,1.750815,,3,1,1,1,,,,1254012,740184.2
1052919000,0.736659,0.782492,0.719993,0.749993,0.6556901448905879,0.5870709811077592,0,0,0,0.274997,0.637494,1.574983,1.750815,,3,1,1,1,,,,1186160,783832.2
1053005400,0.756659,0.774992,0.744159,0.754159,0.6753839159124703,0.6022608010070538,0,0,0,0.274997,0.637494,1.574983,1.750815,,3,1,1,1,,,,868808,797752.4
1053091800,0.754159,0.754159,0.737493,0.749159,0.6901389327299762,0.6156151827336853,0,0,0,0.274997,0.637494,1.574983,1.750815,,3,1,1,1,,,,277800,792622.4
1053351000,0.737493,0.749159,0.670827,0.70166,0.692443146183981,0.6234374388488049,0,0,0,0.274997,0.637494,1.574983,1.750815,,3,1,1,1,,,,799804,792904.4
1053437400,0.683327,0.703326,0.66916,0.69166,0.6922865169471848,0.6296394898625499,0,0,0,0.274997,0.637494,1.574983,1.750815,,3,1,1,1,,,,230400,738063.8
1053523800,0.693326,0.758326,0.687493,0.733243,0.7004778135577479,0.6390579907841363,0,0,0,0.274997,0.637494,1.574983,1.750815,,3,1,1,1,,,,483580,729182.6
1053610200,0.720826,0.749993,0.720826,0.749159,0.7102140508461983,0.6490671734401239,0,0,0,0.274997,0.637494,1.574983,1.750815,,3,1,1,1,,,,85200,723452.6
1053696600,0.739993,0.766659,0.739993,0.745826,0.7173364406769586,0.6578634304001126,0,0,0,0.274997,0.637494,1.574983,1.750815,,3,1,1,1,,,,217752,707760
1054042200,0.764992,0.766659,0.736659,0.749159,0.7237009525415669,0.6661630276364661,0,0,0,0.274997,0.637494,1.574983,1.750815,,3,1,1,1,,,,468184,691413
1054128600,0.749993,0.758326,0.741659,0.741659,0.7272925620332534,0.6730262978513328,0,0,0,0.274997,0.637494,1.574983,1.750815,,3,1,1,1,,,,112800,647520.2
1054215000,0.749993,0.782492,0.708326,0.752159,0.7322658496266028,0.6802201798648481,0,0,0,0.274997,0.637494,1.574983,1.750815,,3,1,1,1,,,,777604,636274.2
1054301400,0.769992,0.833325,0.758326,0.816659,0.7491444797012823,0.6926237089680437,1,0,0,0.274997,0.637494,1.574983,1.750815,,3,2,1,1,1,,,870908,609727
1054560600,0.816659,0.853325,0.767492,0.812492,0.7618139837610258,0.7035208263345852,0,0,0,0.274997,0.637494,1.574983,1.750815,,3,2,1,1,,,,692044,554823.4
1054647000,0.801659,0.807409,0.791659,0.794159,0.7682829870088207,0.7117606603041684,0,0,0,0.274997,0.637494,1.574983,1.750815,,3,2,1,1,,,,152400,509463
1054733400,0.803325,0.829992,0.791659,0.809242,0.7764747896070565,0.7206226002765167,0,0,0,0.274997,0.637494,1.574983,1.750815,,3,2,1,1,,,,182100,501078
1054819800,0.809159,0.823325,0.783326,0.790825,0.7793448316856452,0.7270046366150151,0,0,0,0.274997,0.637494,1.574983,1.750815,,3,2,1,1,,,,232320,499074
1054906200,0.783326,0.819992,0.777076,0.809909,0.7854576653485161,0.734541396922741,0,0,0,0.274997,0.637494,1.574983,1.750815,,3,2,1,1,,,,197520,487289.8
1055165400,0.812492,0.874158,0.783326,0.868325,0.802031132278813,0.7467035426570373,1,0,0,0.274997,0.637494,1.574983,1.750815,,3,2,2,1,1,,,951584,520769
1055251800,0.909158,0.98999,0.883325,0.954157,0.8324563058230504,0.7655629478700339,0,0,0,0.274997,0.637494,1.574983,1.750815,,3,2,2,1,,,,2591064,631602.2
1055338200,0.993323,1.015823,0.976657,1.00499,0.8669630446584403,0.7873290435182126,0,0,0,0.274997,0.637494,1.574983,1.750815,,3,2,2,1,,,,1608256,649314.4
1055424600,1.01749,1.01749,0.916658,0.96749,0.8870684357267522,0.8037073122892843,0,0,0,0.274997,0.637494,1.574983,1.750815,,3,2,2,1,,,,1062008,643106.8
1055511000,0.979157,0.979157,0.917491,0.934074,0.8964695485814017,0.8155588293538948,0,0,0,0.274997,0.637494,1.574983,1.750815,,3,2,2,1,,,,416404,620486.6
1055770200,0.919157,0.979157,0.919157,0.958324,0.9088404388651213,0.8285374812308134,0,0,0,0.274997,0.637494,1.574983,1.750815,,3,2,2,1,,,,330600,623126.6
1055856600,0.945824,0.963324,0.941657,0.951657,0.917403751092097,0.839730164755285,0,0,0,0.274997,0.637494,1.574983,1.750815,,3,2,2,1,,,,118800,589076.4
1055943000,0.966657,0.966657,0.914158,0.920741,0.9180712008736777,0.8470947861411682,0,0,0,0.274997,0.637494,1.574983,1.750815,,3,2,2,1,,,,400804,597596.6
1056029400,0.929157,0.936657,0.916658,0.919157,0.9182883606989422,0.8536458964919711,0,0,0,0.274997,0.637494,1.574983,1.750815,,3,2,2,1,,,,115200,579177.6
1056115800,0.920824,0.920824,0.879158,0.917491,0.9181288885591538,0.8594499968108829,0,0,0,0.274997,0.637494,1.574983,1.750815,,3,2,2,1,,,,849608,617398
1056375000,0.888324,0.929991,0.887491,0.895824,0.913667910847323,0.8627567243735299,0,0,0,0.274997,0.637494,1.574983,1.750815,,3,2,2,1,,,,202800,616650.4
1056461400,0.896658,0.929991,0.888324,0.929157,0.9167657286778584,0.8687931130668454,0,0,0,0.274997,0.637494,1.574983,1.750815,,3,2,2,1,,,,274800,606981.2
1056547800,0.929157,0.963324,0.929157,0.935907,0.9205939829422868,0.874894375515314,0,0,0,0.274997,0.637494,1.574983,1.750815,,3,2,2,1,,,,106800,606681.2
1056634200,0.933324,1.016657,0.921657,1.016657,0.9398065863538294,0.8877818868321037,0,0,0,0.274997,0.637494,1.574983,1.750815,,3,2,2,1,,,,678004,601701.2
1056720600,1.02499,1.077489,1.019156,1.071656,0.9661764690830635,0.9044977153019125,0,0,0,0.274997,0.637494,1.574983,1.750815,,3,2,2,1,,,,1082636,612287.6
1056979800,1.081656,1.124989,1.03749,1.083323,0.9896057752664509,0.920754559365375,0,1,0,0.274997,0.637494,1.574983,1.750815,,3,3,2,1,,1,,1672816,661326.2
1057066200,1.087489,1.087489,0.983324,1.020823,0.9958492202131607,0.9298516903321591,0,0,0,0.274997,0.637494,1.574983,1.750815,,3,3,2,1,,,,794404,693426.4
1057152600,1.020823,1.062489,1.020823,1.052489,1.0071771761705286,0.9410005366655991,0,0,0,0.274997,0.637494,1.574983,1.750815,,3,3,2,1,,,,562804,712461.6
1057239000,1.02499,1.059156,1.02499,1.054156,1.0165729409364228,0.9512873969687264,0,0,0,0.274997,0.637494,1.574983,1.750815,,3,3,2,1,,,,147600,708225.6
1057584600,1.064156,1.079156,1.041656,1.070823,1.0274229527491383,0.9621542699715695,0,0,0,0.274997,0.637494,1.574983,1.750815,,3,3,2,1,,,,607684,728733.8
1057671000,1.062489,1.079989,1.052489,1.053323,1.0326029621993107,0.9704423363377904,0,0,0,0.274997,0.637494,1.574983,1.750815,,3,3,2,1,,,,433204,702814.8
1057757400,1.053323,1.070823,1.053323,1.058489,1.0377801697594486,0.9784465784889004,0,0,0,0.274997,0.637494,1.574983,1.750815,,3,3,2,1,,,,198972,583210.2
1057843800,1.062489,1.076656,1.021656,1.04249,1.038722135807559,0.9842687077171821,0,0,0,0.274997,0.637494,1.574983,1.750815,,3,3,2,1,,,,156000,510597.4
1057930200,1.04174,1.054156,0.98749,1.028323,1.0366423086460472,0.9882736433792565,0,0,0,0.274997,0.637494,1.574983,1.750815,,3,3,2,1,,,,321000,473547
1058189400,1.033323,1.062406,1.033323,1.04999,1.0393118469168379,0.9938842212538695,0,0,0,0.274997,0.637494,1.574983,1.750815,,3,3,2,1,,,,163200,460886.8
1058275800,1.067489,1.083323,1.041656,1.082489,1.0479472775334704,1.0019392011398813,0,0,0,0.274997,0.637494,1.574983,1.750815,,3,3,2,1,,,,597604,474237
1058362200,1.083323,1.083323,1.03249,1.074989,1.0533556220267764,1.0085800919453467,0,0,0,0.274997,0.637494,1.574983,1.750815,,3,3,2,1,,,,341040,485349
1058448600,1.062489,1.074989,0.99999,1.053323,1.053349097621421,1.0126476290412243,0,0,0,0.274997,0.637494,1.574983,1.750815,,3,3,2,1,,,,349200,482768.8
1058535000,1.016657,1.062489,1.016657,1.057489,1.054177078097137,1.016724117310204,0,0,0,0.274997,0.637494,1.574983,1.750815,,3,3,2,1,,,,370500,495533.8
1058794200,1.041656,1.070823,1.009157,1.033323,1.0500062624777096,1.01823310664564,0,0,0,0.274997,0.637494,1.574983,1.750815,,3,3,2,1,,,,326748,469390.8
1058880600,1.070823,1.199988,1.060823,1.187571,1.0775192099821675,1.0336274605869455,0,1,0,0.274997,0.637494,1.574983,1.750815,,3,3,3,1,,1,,3091480,613824.8
1058967000,1.204155,1.216655,1.078323,1.207238,1.103462967985734,1.0494102368972231,0,0,0,0.274997,0.637494,1.574983,1.750815,,3,3,3,1,,,,1982152,699192.4
1059053400,1.208321,1.374986,1.206655,1.34107,1.1509843743885873,1.0759247608156575,0,0,0,0.274997,0.637494,1.574983,1.750815,,3,3,3,1,,,,3567404,872222.6
1059139800,1.362487,1.414986,1.316654,1.377404,1.1962682995108698,1.1033319643778705,0,0,0,0.274997,0.637494,1.574983,1.750815,,3,3,3,1,,,,1788976,927771.2
1059399000,1.416653,1.533317,1.399986,1.532485,1.2635116396086958,1.142345876707155,0,0,0,0.274997,0.637494,1.574983,1.750815,,3,3,3,1,,,,3136708,1030474.8
1059485400,1.560818,1.560818,1.429986,1.484152,1.3076397116869567,1.173419160642868,0,0,0,0.274997,0.637494,1.574983,1.750815,,3,3,3,1,,,,2203280,1056998
1059571800,1.506652,1.608317,1.491651,1.597484,1.3656085693495654,1.2119705096753346,0,0,0,0.274997,0.637494,1.574983,1.750815,,3,3,3,1,,,,3526928,1193624.2
1059658200,1.654151,1.724983,1.613317,1.69165,1.4308168554796523,1.255577736068486,0,0,0,0.274997,0.637494,1.574983,1.750815,,3,3,3,1,,,,4458320,1388400
1059744600,1.69165,1.69165,1.604983,1.654151,1.4754836843837218,1.2918116691531691,0,0,0,0.274997,0.637494,1.574983,1.750815,,3,3,3,1,,,,1636336,1462836.8
1060003800,1.66665,1.66665,1.437486,1.522401,1.4848671475069775,1.3127743355937902,0,0,0,0.274997,0.637494,1.574983,1.750815,,3,3,3,1,,,,2910688,1577987
1060090200,1.541651,1.565817,1.441652,1.503317,1.4885571180055819,1.3300963959943548,0,0,0,0.274997,0.637494,1.574983,1.750815,,3,3,3,1,,,,1445988,1628626.2
1060176600,1.458319,1.519986,1.455819,1.492485,1.4893426944044654,1.3448589963585045,0,0,0,0.274997,0.637494,1.574983,1.750815,,3,3,3,1,,,,1397052,1688530.2
1060263000,1.483319,1.558318,1.483319,1.55415,1.5023041555235723,1.363885451235004,0,0,0,0.274997,0.637494,1.574983,1.750815,,3,3,3,1,,,,884108,1724935.6
1060349400,1.55415,1.74915,1.545818,1.705816,1.5430065244188578,1.3949700465772763,0,0,0,0.274997,0.637494,1.574983,1.750815,,3,3,3,1,,,,4393768,1928574
1060608600,1.761649,2.006647,1.709149,1.99998,1.6344012195350863,1.4499709514338877,0,0,0,0.274997,0.637494,1.574983,1.750815,,3,3,3,1,,,,7172648,2279046.4
1060695000,2.049146,2.247478,2.008314,2.040814,1.7156837756280692,1.5036839558489887,0,0,0,0.274997,0.637494,1.574983,1.750815,,3,3,3,1,,,,11720084,2835170.4
1060781400,2.061647,2.087479,1.874981,1.888314,1.7502098205024554,1.5386503234990807,0,0,0,0.274997,0.637494,1.574983,1.750815,,3,3,3,1,,,,5612312,3098734
1060867800,1.769149,1.958314,1.736649,1.954147,1.7909972564019643,1.576422748635528,0,0,0,0.274997,0.637494,1.574983,1.750815,,3,3,3,1,,,,6882104,3425379.2
1060954200,1.954147,2.023313,1.901648,1.95998,1.8247938051215715,1.611291589668662,0,0,0,0.274997,0.637494,1.574983,1.750815,,3,3,3,1,,,,1451472,3479427.8
1061213400,1.978314,2.102479,1.97748,2.061647,1.8721644440972571,1.6522329906078745,0,0,0,0.274997,0.637494,1.574983,1.750815,,3,3,3,1,,,,2654064,3595793.6
1061299800,2.04998,2.077478,1.893314,1.94998,1.8877275552778057,1.6793009005526132,0,0,0,0.274997,0.637494,1.574983,1.750815,,3,3,3,1,,,,2171756,3549807.4
1061386200,1.934981,2.058979,1.895814,1.999148,1.9100116442222446,1.7083779095932847,0,0,0,0.274997,0.637494,1.574983,1.750815,,3,3,3,1,,,,1337232,3517561.4
1061472600,2.016647,2.020813,1.916648,1.999896,1.9279885153777956,1.7348795541757134,0,0,0,0.274997,0.637494,1.574983,1.750815,,3,3,3,1,,,,1881592,3433270.8
1061559000,2.004147,2.00498,1.920814,1.966648,1.9357204123022365,1.7559494128870121,0,0,0,0.274997,0.637494,1.574983,1.750815,,3,3,3,1,,,,847808,3386212.4
1061818200,1.958314,1.958314,1.775816,1.897481,1.9280725298417891,1.7688159208063747,0,0,0,0.274997,0.637494,1.574983,1.750815,,3,3,3,1,,,,2627784,3360766.2
1061904600,1.866647,1.916648,1.700816,1.750815,1.8926210238734313,1.7671794734603408,0,0,0,0.274997,0.637494,1.574983,1.750815,,3,3,3,1,,,,3062908,3403747.6
1061991000,1.749983,1.895814,1.723315,1.891648,1.892426419098745,1.7784947940548552,0,0,0,0.274997,0.637494,1.574983,1.750815,,3,3,3,1,,,,2073020,3331052.2
1062077400,1.891648,1.995813,1.833315,1.940813,1.902103735278996,1.793250994595323,0,0,0,0.274997,0.637494,1.574983,1.750815,,3,3,3,1,,,,2644008,3240336.6
1062163800,1.901648,2.066646,1.899981,2.061647,1.9340123882231968,1.8176506314502936,0,0,0,0.274997,0.637494,1.574983,1.750815,,3,3,3,1,,,,1756528,3246346.2
1062509400,2.069979,2.099979,2.020813,2.058313,1.9588725105785574,1.839529028591176,0,0,0,0.274997,0.637494,1.574983,1.750815,,3,3,3,1,,,,1641784,3182901
1062595800,2.048313,2.104146,1.909148,1.924147,1.951927408462846,1.8472215714465237,0,0,0,0.274997,0.637494,1.574983,1.750815,,3,3,3,1,,,,2007968,3211000
1062682200,1.897481,1.995813,1.897481,1.971647,1.9558713267702768,1.8585329740422942,0,0,0,0.274997,0.637494,1.574983,1.750815,,3,3,3,1,,,,906128,3186453.8
1062768600,1.96248,2.020813,1.924982,2.012479,1.9671928614162213,1.8725280673111766,0,0,0,0.274997,0.637494,1.574983,1.750815,,3,3,3,1,,,,893528,3186924.8
1063027800,2.016647,2.020813,1.914981,1.937481,1.961250489132977,1.878432879373797,0,0,0,0.274997,0.637494,1.574983,1.750815,,3,3,3,1,,,,1131416,3023807.2
1063114200,1.933314,1.97248,1.854148,1.866647,1.9423297913063815,1.8773614357943609,0,0,0,0.274997,0.637494,1.574983,1.750815,,3,3,3,1,,,,734404,2701895
1063200600,1.837482,1.958314,1.77915,1.958314,1.9455266330451053,1.8847207598130553,0,0,0,0.274997,0.637494,1.574983,1.750815,,3,3,3,1,,,,2418024,2236792
1063287000,1.959146,1.987481,1.879148,1.924982,1.9414177064360842,1.888380872557323,0,0,0,0.274997,0.637494,1.574983,1.750815,,3,3,3,1,,,,926516,2002502.2
1063373400,1.908313,1.954147,1.891648,1.954147,1.9439635651488674,1.8943596114157482,0,0,0,0.274997,0.637494,1.574983,1.750815,,3,3,3,1,,,,786004,1697697.2
1063632600,1.966648,1.970813,1.841649,1.878314,1.9308336521190939,1.892900919468862,0,0,0,0.274997,0.637494,1.574983,1.750815,,3,3,3,1,,,,922220,1671234.6
1063719000,2.008314,2.040814,1.879148,2.00498,1.9456629216952752,1.9030899267898744,0,0,0,0.274997,0.637494,1.574983,1.750815,,3,3,3,1,,,,2884012,1682732
1063805400,2.041646,2.499975,2.02248,2.497475,2.0560253373562203,1.9571249334453404,0,0,0,0.274997,0.637494,1.574983,1.750815,,3,3,3,1,,,,12217860,2185037.2
1063891800,2.508309,2.702472,2.399976,2.491641,2.1431484698849763,2.0057173031321276,0,0,0,0.274997,0.637494,1.574983,1.750815,,3,3,3,1,,,,11160324,2676191.8
1063978200,2.508309,2.549975,2.420809,2.441642,2.202847175907981,2.0453468210292067,0,0,0,0.274997,0.637494,1.574983,1.750815,,3,3,3,1,,,,2138120,2689018.2
1064237400,2.321643,2.449975,2.313309,2.384976,2.2392729407263845,2.0762222009356424,0,0,0,0.274997,0.637494,1.574983,1.750815,,3,3,3,1,,,,1929856,2743120.6
1064323800,2.354143,2.44581,2.354143,2.429308,2.2772799525811074,2.1083209099414932,0,0,0,0.274997,0.637494,1.574983,1.750815,,3,3,3,1,,,,1214076,2672435.2
1064410200,2.44581,2.634974,2.424977,2.479142,2.317652362064886,2.1420319181286303,0,0,0,0.274997,0.637494,1.574983,1.750815,,3,3,3,1,,,,3148180,2676698.8
1064496600,2.487476,2.595807,2.416643,2.500807,2.354283289651909,2.174647834662391,0,0,0,0.274997,0.637494,1.574983,1.750815,,3,3,3,1,,,,1463820,2646238.8
1064583000,2.499143,2.508309,2.171645,2.225812,2.328589031721527,2.1792991224203555,0,0,0,0.274997,0.637494,1.574983,1.750815,,3,3,3,1,,,,4422644,2735170.6
1064842200,2.180478,2.36831,1.984147,2.184228,2.2997168253772218,2.179747202200323,0,0,0,0.274997,0.637494,1.574983,1.750815,,3,3,3,1,,,,4230652,2858876.8
1064928600,2.141645,2.211644,2.054979,2.189978,2.2777690603017775,2.1806772747275662,0,0,0,0.274997,0.637494,1.574983,1.750815,,3,3,3,1,,,,1537704,2853672.8
1065015000,2.212478,2.449975,2.166645,2.404143,2.303043848241422,2.200992340661424,0,0,0,0.274997,0.637494,1.574983,1.750815,,3,3,3,1,,,,3146056,2910577.2
1065101400,2.454142,2.64414,2.353311,2.64164,2.370763078593138,2.2410512187831126,0,0,0,0.274997,0.637494,1.574983,1.750815,,3,3,3,1,,,,1865536,2958547.6
1065187800,2.695807,2.807472,2.65664,2.774972,2.45160486287451,2.2895894716210115,0,0,0,0.274997,0.637494,1.574983,1.750815,,3,3,3,1,,,,2545236,3041133
1065447000,2.858305,3.03747,2.808305,3.016637,2.564611290299608,2.355684701473647,0,0,0,0.274997,0.637494,1.574983,1.750815,,3,3,3,1,,,,2681460,3118635.2
1065533400,2.97497,2.999138,2.720805,2.906638,2.6330166322396864,2.4057713649760424,0,0,0,0.274997,0.637494,1.574983,1.750815,,3,3,3,1,,,,3206384,3242234.2
1065619800,2.902888,3.019971,2.899971,2.942471,2.694907505791749,2.454562240887311,0,0,0,0.274997,0.637494,1.574983,1.750815,,3,3,3,1,,,,1340688,3188367.4
1065706200,2.954971,2.99997,2.774972,2.824971,2.720920204633399,2.48823576444301,0,0,0,0.274997,0.637494,1.574983,1.750815,,3,3,3,1,,,,1221660,3203124.6
1065792600,2.773306,2.916638,2.773306,2.862472,2.7492305637067194,2.5222572404027366,0,0,0,0.274997,0.637494,1.574983,1.750815,,3,3,3,1,,,,535624,3190605.6
1066051800,2.893304,3.144969,2.858305,3.111636,2.8217116509653755,2.5758371276388514,0,0,0,0.274997,0.637494,1.574983,1.750815,,3,3,3,1,,,,1786048,3233797
1066138200,3.145802,3.402466,3.128301,3.389883,2.9353459207723005,2.6498412978535013,0,0,0,0.274997,0.637494,1.574983,1.750815,,3,3,3,1,,,,2533368,3216264.8
1066224600,3.416633,3.533297,3.399966,3.448299,3.0379365366178406,2.7224283616850014,0,0,0,0.274997,0.637494,1.574983,1.750815,,3,3,3,1,,,,2788644,2744804
1066311000,3.479132,3.570714,3.2958,3.520798,3.1345088292942727,2.7950074197136376,0,0,0,0.274997,0.637494,1.574983,1.750815,,3,3,3,1,,,,2416956,2307635.6
1066397400,3.528298,3.608297,3.429966,3.499965,3.207600063435418,2.859094472466943,0,0,0,0.274997,0.637494,1.574983,1.750815,,3,3,3,1,,,,2232320,2312345.6
1066656600,3.434133,3.64413,3.434133,3.633298,3.2927396507483344,2.929476611333585,0,0,0,0.274997,0.637494,1.574983,1.750815,,3,3,3,1,,,,2487816,2340243.6
1066743000,4.148292,4.32579,4.011627,4.116625,3.4575167205986674,3.0373991921214407,0,0,0,0.274997,0.637494,1.574983,1.750815,,3,3,3,1,,,,11333392,2846209.4
1066829400,4.108292,4.385789,4.045793,4.385789,3.643171176478934,3.159980083746764,0,0,0,0.274997,0.637494,1.574983,1.750815,,3,3,3,1,,,,4498820,2913741.4
1066915800,4.234124,4.767453,4.191625,4.683287,3.851194341183147,3.2984625306788766,0,0,0,0.274997,0.637494,1.574983,1.750815,,3,3,3,1,,,,7199672,3200534
1067002200,4.69412,4.874119,4.510788,4.539121,3.9887796729465177,3.4112496642535244,0,0,0,0.274997,0.637494,1.574983,1.750815,,3,3,3,1,,,,7555008,3357152.2
1067265000,4.61662,4.620787,4.279957,4.503287,4.091681138357214,3.5105257856850223,0,0,0,0.274997,0.637494,1.574983,1.750815,,3,3,3,1,,,,7339848,3512612
1067351400,4.619954,4.824118,4.520788,4.816619,4.236668710685771,3.629261532440929,0,0,0,0.274997,0.637494,1.574983,1.750815,,3,3,3,1,,,,4542272,3662840.4
1067437800,4.874119,5.390779,4.843368,5.385696,4.466474168548618,3.7889373931281174,0,0,0,0.274997,0.637494,1.574983,1.750815,,3,3,3,1,,,,8647680,3937921.6
1067524200,5.424947,5.77911,5.409946,5.562444,4.685668134838894,3.9501652664801066,0,0,0,0.274997,0.637494,1.574983,1.750815,,3,3,3,1,,,,12363756,4462832.6
1067610600,5.55411,5.704944,5.197448,5.233281,4.795190707871115,4.066812151345552,0,0,0,0.274997,0.637494,1.574983,1.750815,,3,3,3,1,,,,7311612,4701151.4
1067869800,5.117449,5.22328,4.492455,4.541621,4.744476766296892,4.10997659213232,0,0,0,0.274997,0.637494,1.574983,1.750815,,3,3,3,1,,,,21298988,5632027.8
1067956200,4.375789,4.982449,4.36079,4.979117,4.791404813037514,4.188989356483927,0,0,0,0.274997,0.637494,1.574983,1.750815,,3,3,3,1,,,,13534368,6148427
1068042600,5.041616,5.225782,4.795868,4.988283,4.830780450430011,4.261652414985388,0,0,0,0.274997,0.637494,1.574983,1.750815,,3,3,3,1,,,,7635568,6463171
1068129000,4.964118,5.083283,4.838285,5.008284,4.866281160344009,4.32952801362308,0,0,0,0.274997,0.637494,1.574983,1.750815,,3,3,3,1,,,,3018160,6552996
1068215400,5.041616,5.391613,5.041616,5.190698,4.9311645282752075,4.4078161942028,0,0,0,0.274997,0.637494,1.574983,1.750815,,3,3,3,1,,,,6482980,6850363.8
1068474600,5.083283,5.324946,4.924952,5.185781,4.982087822620166,4.478540267457091,0,0,0,0.274997,0.637494,1.574983,1.750815,,3,3,3,1,,,,3196792,6920901
1068561000,5.291614,5.291614,4.869951,4.899117,4.965493658096133,4.5167745158700825,0,0,0,0.274997,0.637494,1.574983,1.750815,,3,3,3,1,,,,3818940,6985179.6
1068647400,4.69912,4.958284,4.63912,4.908283,4.954051526476906,4.552366196245529,0,0,0,0.274997,0.637494,1.574983,1.750815,,3,3,3,1,,,,5089272,7100211
1068733800,4.787452,5.144115,4.787452,5.02495,4.968231221181525,4.595328360223208,0,0,0,0.274997,0.637494,1.574983,1.750815,,3,3,3,1,,,,3267248,7142725.6
1068820200,5.286614,5.309114,4.958284,5.086615,4.99190797694522,4.639990782021099,0,0,0,0.274997,0.637494,1.574983,1.750815,,3,3,3,1,,,,3972720,7229745.6
1069079400,5.099949,5.208281,4.866617,5.187448,5.031015981556176,4.6897596200191805,0,0,0,0.274997,0.637494,1.574983,1.750815,,3,3,3,1,,,,3131848,7261947.2
1069165800,5.29328,5.32328,5.041616,5.162448,5.057302385244941,4.732731290926528,0,0,0,0.274997,0.637494,1.574983,1.750815,,3,3,3,1,,,,2774328,6833994
1069252200,5.191615,5.583278,5.092449,5.574943,5.160830508195953,4.809295991751389,0,0,0,0.274997,0.637494,1.574983,1.750815,,3,3,3,1,,,,7949392,7006522.6
1069338600,5.66661,5.912441,5.62661,5.724943,5.273653006556762,4.8925366288648995,0,0,0,0.274997,0.637494,1.574983,1.750815,,3,3,3,1,,,,12274044,7260241.2
1069425000,5.822442,5.944107,5.683277,5.892442,5.39741080524541,4.983437117149909,0,0,0,0.274997,0.637494,1.574983,1.750815,,3,3,3,1,,,,6173028,7191142.2
1069684200,6.001607,6.205771,5.958274,6.174939,5.5529164441963275,5.091755470136281,0,0,0,0.274997,0.637494,1.574983,1.750815,,3,3,3,1,,,,5004204,7074360
1069770600,6.207439,6.207439,5.881608,5.944107,5.631154555357062,5.1692419728511645,0,0,0,0.274997,0.637494,1.574983,1.750815,,3,3,3,1,,,,5352436,7114868.2
1069857000,5.919107,6.366602,5.919107,6.366602,5.77824404428565,5.27809288441015,0,0,0,0.274997,0.637494,1.574983,1.750815,,3,3,3,1,,,,7525416,7058755
1070029800,6.374936,6.573268,6.238271,6.537435,5.93008223542852,5.392578531281954,0,0,0,0.274997,0.637494,1.574983,1.750815,,3,3,3,1,,,,2877232,6584428.8
1070289000,6.679933,6.849932,6.583268,6.841599,6.112385588342816,5.524307664801777,0,0,0,0.274997,0.637494,1.574983,1.750815,,3,3,3,1,,,,6879584,6562827.4
1070375400,6.829098,6.991596,6.7016,6.808265,6.251561470674253,5.6410310589107056,0,0,0,0.274997,0.637494,1.574983,1.750815,,3,3,3,1,,,,8083376,5902046.8
1070461800,6.791599,7.063262,6.271603,6.35827,6.272903176539402,5.706234599009733,0,0,0,0.274997,0.637494,1.574983,1.750815,,3,3,3,1,,,,8568156,5653736.2
1070548200,6.384103,6.645767,6.121606,6.581601,6.334642741231522,5.78581336273612,0,0,0,0.274997,0.637494,1.574983,1.750815,,3,3,3,1,,,,9888936,5766404.6
1070634600,6.6666,6.899097,6.504102,6.899097,6.447533592985217,5.887020966123746,0,0,0,0.274997,0.637494,1.574983,1.750815,,3,3,3,1,,,,6417952,5936394.2
1070893800,6.913265,7.186596,6.913265,7.133263,6.584679474388174,6.000315696476132,0,0,0,0.274997,0.637494,1.574983,1.750815,,3,3,3,1,,,,8396780,6032084.2
1070980200,7.425759,7.645757,7.229094,7.640757,6.795894979510539,6.149446724069211,0,0,0,0.274997,0.637494,1.574983,1.750815,,3,3,3,1,,,,11776052,6461047.2
1071066600,7.770756,7.791589,6.908263,7.099096,6.856535183608432,6.235778476426556,0,0,0,0.274997,0.637494,1.574983,1.750815,,3,3,3,1,,,,16175308,7078865.6
1071153000,7.083263,7.534925,6.981597,7.521591,6.989546346886745,6.352670524024141,0,0,0,0.274997,0.637494,1.574983,1.750815,,3,3,3,1,,,,9281468,7288475.4
1071239400,7.68909,7.754089,7.164095,7.287427,7.049122477509396,6.437648385476492,0,0,0,0.274997,0.637494,1.574983,1.750815,,3,3,3,1,,,,7413300,7495778
1071498600,7.740756,7.749923,7.052429,7.166595,7.072616982007517,6.503916259524083,0,0,0,0.274997,0.637494,1.574983,1.750815,,3,3,3,1,,,,12322068,7913245.4
1071585000,7.134095,7.324926,6.608267,6.916598,7.041413185606014,6.54143278138553,0,0,0,0.274997,0.637494,1.574983,1.750815,,3,3,3,1,,,,15731556,8543230.8
1071671400,6.774098,6.869931,6.524935,6.835765,7.000283548484811,6.568190255805027,0,0,0,0.274997,0.637494,1.574983,1.750815,,3,3,3,1,,,,9831336,8896081.2
1071757800,6.88993,7.245761,6.88993,7.233261,7.046879038787849,6.628651232550025,0,0,0,0.274997,0.637494,1.574983,1.750815,,3,3,3,1,,,,7785136,8887868.4
1071844200,7.191595,7.291594,6.942431,7.058346,7.0491724310302795,6.667714393227295,0,0,0,0.274997,0.637494,1.574983,1.750815,,3,3,3,1,,,,5147604,8531546.4
1072103400,7.097429,7.198261,6.829098,6.899931,7.019324144824224,6.688824993842996,0,0,0,0.274997,0.637494,1.574983,1.750815,,3,3,3,1,,,,3770976,8411443.8
1072189800,6.874099,6.99993,6.7166,6.883265,6.992112315859379,6.706501358039087,0,0,0,0.274997,0.637494,1.574983,1.750815,,3,3,3,1,,,,2911096,8306788.4
1072276200,6.99993,7.029097,6.783265,7.020763,6.997842452687503,6.7350705982173515,0,0,0,0.274997,0.637494,1.574983,1.750815,,3,3,3,1,,,,1512744,8114803.8
1072449000,6.874931,7.284927,6.833265,7.265761,7.051426162150002,6.783315180197592,0,0,0,0.274997,0.637494,1.574983,1.750815,,3,3,3,1,,,,2158424,7846454.2
1072708200,7.312427,7.411593,7.265761,7.33576,7.108292929720002,6.833537436543265,0,0,0,0.274997,0.637494,1.574983,1.750815,,3,3,3,1,,,,3158788,7860532
1072794600,7.332428,7.36576,7.178346,7.208261,7.128286543776001,6.867603215039332,0,0,0,0.274997,0.637494,1.574983,1.750815,,3,3,3,1,,,,2132372,7623171.4
1072881000,7.224928,7.257427,6.864098,6.864098,7.075448835020801,6.867284559126666,0,0,0,0.274997,0.637494,1.574983,1.750815,,3,3,3,1,,,,3419168,7389961
1073053800,6.909931,7.157428,6.873265,7.079096,7.0761782680166405,6.886540144660605,0,0,0,0.274997,0.637494,1.574983,1.750815,,3,3,3,1,,,,3806940,7151900.2
1073313000,7.206595,7.237428,6.984097,7.074928,7.075928214413312,6.903666313327823,0,0,0,0.274997,0.637494,1.574983,1.750815,,3,3,3,1,,,,2791320,6797019.4
1073399400,6.99993,7.35826,6.91743,7.264927,7.11372797153065,6.936508193934384,0,0,0,0.274997,0.637494,1.574983,1.750815,,3,3,3,1,,,,3654480,6658845.8
1073485800,7.36326,7.38326,7.041596,7.216595,7.13430137722452,6.96197063084944,0,0,0,0.274997,0.637494,1.574983,1.750815,,3,3,3,1,,,,3034936,6390753.6
1073572200,7.333176,7.33326,7.091597,7.125761,7.1325933017796155,6.976860664408582,0,0,0,0.274997,0.637494,1.574983,1.750815,,3,3,3,1,,,,1828336,5893367.8
1073658600,7.083263,7.876588,7.016597,7.828255,7.271725641423693,7.054260149462347,0,0,0,0.274997,0.637494,1.574983,1.750815,,3,3,3,1,,,,11203204,5644762.6
1073917800,8.041586,8.621581,7.926587,8.61908,7.541196513138955,7.196516499511224,0,0,0,0.274997,0.637494,1.574983,1.750815,,3,3,3,1,,,,13327176,5847048
1074004200,8.618247,8.66658,8.168252,8.437416,7.720440410511164,7.309325545010204,0,0,0,0.274997,0.637494,1.574983,1.750815,,3,3,3,1,,,,7764184,5864592.2
1074090600,9.053243,9.774902,8.550748,9.645737,8.105499728408931,7.521726586372913,0,0,0,0.274997,0.637494,1.574983,1.750815,,3,3,3,1,,,,29299636,6713470.6
1074177000,9.369072,9.624904,8.66658,9.262407,8.336881182727145,7.679970260339012,0,0,0,0.274997,0.637494,1.574983,1.750815,,3,3,3,1,,,,19142468,6884016.2
1074263400,9.414073,10.411563,9.139908,9.937401,8.656985146181716,7.885191236671829,0,0,0,0.274997,0.637494,1.574983,1.750815,,3,3,3,1,,,,22725872,7528743
1074609000,10.200731,10.408228,9.71657,9.874901,8.900568316945373,8.066073942428934,0,0,0,0.274997,0.637494,1.574983,1.750815,,3,3,3,1,,,,11576044,7718288.4
1074695400,9.762402,10.129065,9.533237,9.908233,9.102101253556299,8.233542947662668,0,0,0,0.274997,0.637494,1.574983,1.750815,,3,3,3,1,,,,10455944,7983705.4
1074781800,9.835735,10.312397,9.752402,9.883235,9.258328002845039,8.383514952420608,0,0,0,0.274997,0.637494,1.574983,1.750815,,3,3,3,1,,,,5796860,8084999.6
1074868200,10.035732,10.035732,9.729069,9.964068,9.39947600227603,8.527201593109643,0,0,0,0.274997,0.637494,1.574983,1.750815,,3,3,3,1,,,,3682704,8123580
1075127400,9.9749,11.241553,9.875734,11.22072,9.763724801820825,8.772066902826948,0,0,0,0.274997,0.637494,1.574983,1.750815,,3,3,3,1,,,,16146820,8855283.8
1075213800,11.260721,12.231544,11.108222,11.141555,10.03929084145666,8.987474911660861,0,0,0,0.274997,0.637494,1.574983,1.750815,,3,3,3,1,,,,24282816,9961503.4
1075300200,11.108222,11.653217,10.533227,10.864891,10.204410873165328,9.158149101509874,0,0,0,0.274997,0.637494,1.574983,1.750815,,3,3,3,1,,,,17394832,10673305.6
1075386600,11.166555,11.195722,10.125731,10.824058,10.328340298532263,9.309595365008976,0,0,0,0.274997,0.637494,1.574983,1.750815,,3,3,3,1,,,,18629080,11498141
1075473000,10.594061,11.211554,10.418229,11.127389,10.488150038825811,9.474849331826341,0,0,0,0.274997,0.637494,1.574983,1.750815,,3,3,3,1,,,,10888788,11871622
1075732200,10.708226,11.640717,10.660726,11.251554,10.640830831060649,9.636367938023946,0,0,0,0.274997,0.637494,1.574983,1.750815,,3,3,3,1,,,,23367088,12849629.4
1075818600,12.802372,12.838205,10.437396,10.600728,10.63281026484852,9.724037034567225,0,0,0,0.274997,0.637494,1.574983,1.750815,,3,3,3,1,,,,52832352,15351681
1075905000,10.041566,10.782392,9.854901,10.159065,10.538061211878816,9.76358503142475,0,0,0,0.274997,0.637494,1.574983,1.750815,,3,3,3,1,,,,29612180,16649566
1075991400,10.332398,10.378229,9.770736,10.124066,10.455262169503053,9.796356028567955,0,0,0,0.274997,0.637494,1.574983,1.750815,,3,3,3,1,,,,14723736,17234006
1076077800,10.068316,11.008224,9.916568,10.179064,10.400022535602442,9.831147662334503,0,0,0,0.274997,0.637494,1.574983,1.750815,,3,3,3,1,,,,25413240,18413251.2
1076337000,10.416563,10.66656,10.269064,10.374896,10.394997228481953,9.880579329395003,0,0,0,0.274997,0.637494,1.574983,1.750815,,3,3,3,1,,,,9508076,18328494.8
1076423400,10.541561,10.853226,10.419895,10.820726,10.480142982785562,9.966047208540912,0,0,0,0.274997,0.637494,1.574983,1.750815,,3,3,3,1,,,,11794472,18251859.6
1076509800,11.525003,12.6475,11.3125,12.425,10.86911438622845,10.189588371400829,0,0,0,0.274997,0.637494,1.574983,1.750815,,3,3,3,1,,,,31600936,19443697.2
1076596200,13.247503,16.9375,13,14.900003,11.67529210898276,10.617807883091663,0,0,0,0.274997,0.637494,1.574983,1.750815,,3,3,3,1,,,,107889024,23373166.6
1076682600,15.5,16.183998,14.25,14.8425,12.308733687186207,11.001870802810602,0,0,0,0.274997,0.637494,1.574983,1.750815,,3,3,3,1,,,,52762484,25054167.4
1077028200,15.7825,15.857498,14.8425,15.265,12.899986949748966,11.389428002555093,0,0,0,0.274997,0.637494,1.574983,1.750815,,3,3,3,1,,,,23668280,25101287.8
1077114600,14.9375,15.3075,14.665,14.849998,13.289989159799173,11.704025275050084,0,0,0,0.274997,0.637494,1.574983,1.750815,,3,3,3,1,,,,13736448,25209308
1077201000,15.099998,15.169998,12.9375,12.974998,13.226990927839338,11.819568250045531,0,0,0,0.274997,0.637494,1.574983,1.750815,,3,3,3,1,,,,26803140,26026667.8
1077287400,12.60025,14.419998,11.900003,14.2375,13.429092742271472,12.039380227314119,0,0,0,0.274997,0.637494,1.574983,1.750815,,3,3,3,1,,,,63188688,28896259.2
1077546600,14.384998,14.4575,13.4075,13.64,13.471274193817177,12.184891115740108,0,0,0,0.274997,0.637494,1.574983,1.750815,,3,3,3,1,,,,26359420,30030095
1077633000,12.900003,13.845,12.900003,13.3825,13.453519355053741,12.293764650672825,0,0,0,0.274997,0.637494,1.574983,1.750815,,3,3,3,1,,,,20930188,30269263.4
1077719400,13.462503,13.925,13.265,13.372503,13.437316084042992,12.391831773338932,0,0,0,0.274997,0.637494,1.574983,1.750815,,3,3,3,1,,,,17630752,29936660.2
1077805800,13.4575,13.625,13.2775,13.400003,13.429853467234393,12.483483703035393,0,0,0,0.274997,0.637494,1.574983,1.750815,,3,3,3,1,,,,8448504,29489343.8
1077892200,13.7425,13.8625,13.4375,13.6125,13.466382773787515,12.586121548213994,0,0,0,0.274997,0.637494,1.574983,1.750815,,3,3,3,1,,,,9705536,29043166.6
1078151400,13.849998,13.86,13.4525,13.52,13.477106219030013,12.671019589285448,0,0,0,0.274997,0.637494,1.574983,1.750815,,3,3,3,1,,,,6036828,28800568.6
1078237800,13.325,13.662498,12.8075,13.087503,13.39918557522401,12.708881717532226,0,0,0,0.274997,0.637494,1.574983,1.750815,,3,3,3,1,,,,11395500,28201989.2
1078324200,12.875,13.3975,12.875,13.025003,13.324349060179207,12.737620015938386,0,0,0,0.274997,0.637494,1.574983,1.750815,,3,3,3,1,,,,7591080,25939925.6
1078410600,12.8825,13.245,12.88,12.982498,13.255978848143366,12.759881650853078,0,0,0,0.274997,0.637494,1.574983,1.750815,,3,3,3,1,,,,4622160,24690424.6
1078497000,12.8525,12.945,12.0575,12.150003,13.034783678514692,12.704438137139162,0,0,0,0.274997,0.637494,1.574983,1.750815,,3,3,3,1,,,,11488060,24528640.8
1078756200,13.125,14.785,12.814998,14.2725,13.282326942811753,12.846989215581056,0,0,0,0.274997,0.637494,1.574983,1.750815,,3,3,3,1,,,,70620672,26789012.4
1078842600,14.2775,15.0275,13.650003,13.7375,13.373361554249403,12.927944741437324,0,0,0,0.274997,0.637494,1.574983,1.750815,,3,3,3,1,,,,39394252,28283321.2
1078929000,13.8825,14.105,13.287498,13.3475,13.368189243399522,12.966086128579386,0,0,0,0.274997,0.637494,1.574983,1.750815,,3,3,3,1,,,,16635264,28525360.8
1079015400,12.79,14.345,12.7825,13.705003,13.435551994719617,13.033260389617624,0,0,0,0.274997,0.637494,1.574983,1.750815,,3,3,3,1,,,,28970892,28393858.6
1079101800,14.37,14.525003,13.655,13.947498,13.537941195775694,13.116372899652385,0,0,0,0.274997,0.637494,1.574983,1.750815,,3,3,3,1,,,,17210360,23859925.4
1079361000,14.07,14.372503,13.6375,13.794998,13.589352556620556,13.178066090593077,0,0,0,0.274997,0.637494,1.574983,1.750815,,3,3,3,1,,,,11847988,21814200.6
1079447400,14.162498,14.212503,13.627498,13.965,13.664482045296445,13.249605536902797,0,0,0,0.274997,0.637494,1.574983,1.750815,,3,3,3,1,,,,11232548,21192414
1079533800,14.235,14.287498,13.9175,14.195,13.770585636237156,13.335550488093451,0,0,0,0.274997,0.637494,1.574983,1.750815,,3,3,3,1,,,,8174508,20914317
1079620200,14.25,15.625,14.075,15.599998,14.136468108989725,13.541409352812229,0,0,0,0.274997,0.637494,1.574983,1.750815,,3,3,3,1,,,,42374764,21692898.2
1079706600,16.009998,16.45,14.884498,14.900003,14.28917508719178,13.664917866192935,0,0,0,0.274997,0.637494,1.574983,1.750815,,3,3,3,1,,,,35097500,20288338.8
1079965800,14.5625,15.695,14.5,15.622503,14.555840669753424,13.842880151084486,0,0,0,0.274997,0.637494,1.574983,1.750815,,3,3,3,1,,,,27711408,20355938.2
1080052200,16.125,16.1875,15.1025,15.2975,14.704172535802739,13.975118319167715,0,0,0,0.274997,0.637494,1.574983,1.750815,,3,3,3,1,,,,20183064,20318582
1080138600,15.375,15.675,15.162498,15.45,14.853338028642192,14.10919847197065,0,0,0,0.274997,0.637494,1.574983,1.750815,,3,3,3,1,,,,11544744,20014281.6
1080225000,15.6855,16.087503,15.462503,16.0675,15.096170422913753,14.287225883609683,0,0,0,0.274997,0.637494,1.574983,1.750815,,3,3,3,1,,,,13620480,20272880.4
1080311400,16.0125,17.48,15.925,17.245,15.525936338331002,14.556114439645166,0,0,0,0.274997,0.637494,1.574983,1.750815,,3,3,3,1,,,,35272580,21551232.6
1080570600,17.7925,19.060003,17.525003,18.572498,16.1352486706648,14.921240217859241,0,0,0,0.274997,0.637494,1.574983,1.750815,,3,3,3,1,,,,38005704,23149676.4
1080657000,19.5075,20.212503,18.75,20.205003,16.94919953653184,15.401582288962947,0,0,0,0.274997,0.637494,1.574983,1.750815,,3,3,3,1,,,,41755564,24667679.6
1080743400,20.4775,21.884998,19.175,19.587503,17.476860229225473,15.78212053542086,0,0,0,0.274997,0.637494,1.574983,1.750815,,3,3,3,1,,,,101877248,29381988
1080829800,19.9925,20.75,19.564998,20.689998,18.11948778338038,16.228291214018963,0,0,0,0.274997,0.637494,1.574983,1.750815,,3,3,3,1,,,,38914920,31096626
1080916200,21.675,21.95,20.9425,21.25,18.7455902267043,16.684810194562694,0,0,0,0.274997,0.637494,1.574983,1.750815,,3,3,3,1,,,,34320860,32238266
1081171800,19.77,20.740003,19.45,19.625,18.92147218136344,16.952100176875177,0,0,0,0.274997,0.637494,1.574983,1.750815,,3,3,3,1,,,,33228656,30368665.2
1081258200,20.435003,23.872503,19.6375,23.0625,19.749677745090754,17.507591069886526,0,0,0,0.274997,0.637494,1.574983,1.750815,,3,3,3,1,,,,79246464,32361275.8
1081344600,23.39,25.075,23.162498,24.509998,20.701741796072604,18.14417351807866,0,0,0,0.274997,0.637494,1.574983,1.750815,,3,3,3,1,,,,93279680,36193496.6
1081431000,25.650003,25.685003,24.517503,24.95,21.55139343685808,18.762885016435146,0,0,0,0.274997,0.637494,1.574983,1.750815,,3,3,3,1,,,,29867640,36238334
1081776600,24.974998,25.125,24.0075,24.375,22.116114749486464,19.273077287668315,0,0,0,0.274997,0.637494,1.574983,1.750815,,3,3,3,1,,,,21422172,36448924.6
1081863000,24.54,25.075,23.1375,23.825,22.45789179958917,19.68688844333483,0,0,0,0.274997,0.637494,1.574983,1.750815,,3,3,3,1,,,,20855048,36899277.6
1081949400,23.482498,24.375,23.425,24.150003,22.796314039671337,20.092626130304392,0,0,0,0.274997,0.637494,1.574983,1.750815,,3,3,3,1,,,,16574204,37166360.4
1082035800,24.4225,25,23.9025,25,23.23705123173707,20.53875102754945,0,0,0,0.274997,0.637494,1.574983,1.750815,,3,3,3,1,,,,15287924,37522031.2
1082122200,25.195,28.7775,25.195,28.525003,24.294641585389655,21.264773934135864,0,0,0,0.274997,0.637494,1.574983,1.750815,,3,3,3,1,,,,75699648,39188275.4
1082381400,29.4225,32.075,27.77,29.675,25.370713268311725,22.029339940123513,0,0,0,0.274997,0.637494,1.574983,1.750815,,3,3,3,1,,,,106795008,42773150.8
1082467800,26.55,27.857498,21.02,21.0975,24.51607061464938,21.9446272182941,0,0,0,0.274997,0.637494,1.574983,1.750815,,3,3,3,1,,,,129626112,47868886
1082554200,19.240003,22.982498,17.662498,20.9375,23.800356491719505,21.853070198449185,0,0,0,0.274997,0.637494,1.574983,1.750815,,3,3,3,1,,,,134890560,53604260.8
1082640600,21.655,22.45,18.724998,19.287498,22.897784793375603,21.619836362226533,0,0,0,0.274997,0.637494,1.574983,1.750815,,3,3,3,1,,,,63682608,56211154
1082727000,19.255,20.775003,18.875,20.287498,22.375727434700483,21.498714692933213,0,0,0,0.274997,0.637494,1.574983,1.750815,,3,3,3,1,,,,58150780,58437669
1082986200,20.125,21.169998,19.87,20.405,21.981581947760386,21.39928608448474,0,0,0,0.274997,0.637494,1.574983,1.750815,,3,3,3,1,,,,19909092,57669494.6
1083072600,20.6875,20.7075,19.1175,19.5125,21.48776555820831,21.22776007680431,0,0,0,0.274997,0.637494,1.574983,1.750815,,3,3,3,1,,,,20974484,56817933.6
1083159000,19.015,19.4375,16.8525,17.12,20.614212446566647,20.85432734254937,0,0,0,0.274997,0.637494,1.574983,1.750815,,3,3,3,1,,,,45169484,56988629.6
1083245400,17.615003,19.177503,16.515,18.9225,20.275869957253317,20.678706675044882,0,0,0,0.274997,0.637494,1.574983,1.750815,,3,3,3,1,,,,55140064,54651770.4
1083331800,18.6,18.745005,16.125,16.175005,19.45569696580265,20.269279250040803,0,0,0,0.274997,0.637494,1.574983,1.750815,,3,3,3,1,,,,32732812,54342665
1083591000,14.78,16.800005,14.160005,15.64,18.692557572642123,19.848435681855275,0,0,0,0.274997,0.637494,1.574983,1.750815,,3,3,3,1,,,,43120352,54782639.6
1083677400,16.245005,16.495005,15.485,15.9,18.134046058113697,19.489486983504797,0,0,0,0.274997,0.637494,1.574983,1.750815,,3,3,3,1,,,,21414406,54191927.1
1083763800,16.925005,17.015,15.725,15.89,17.68523684649096,19.16226089409527,0,0,0,0.274997,0.637494,1.574983,1.750815,,3,3,3,1,,,,13666328,50912920.3
1083850200,15.655,16,15.175005,15.265,17.201189477192766,18.80796444917752,0,0,0,0.274997,0.637494,1.574983,1.750815,,3,3,3,1,,,,9528438,46725358.2
1083936600,15.06,15.675005,14.379995,14.405,16.641951581754213,18.407694953797744,0,0,0,0.274997,0.637494,1.574983,1.750815,,3,3,3,1,,,,11688820,45816417.2
1084195800,13.82,14.050005,12.6,12.885,15.89056126540337,17.905631776179767,0,0,0,0.274997,0.637494,1.574983,1.750815,,3,3,3,1,,,,27917164,46141166.8
1084282200,13.25,13.845,12.815,13.144995,15.341448012322696,17.472846614708878,0,0,0,0.274997,0.637494,1.574983,1.750815,,3,3,3,1,,,,16358672,45916348
1084368600,12.835,14.18,12.824995,14.1,15.093158409858157,17.16622419518989,0,0,0,0.274997,0.637494,1.574983,1.750815,,3,3,3,1,,,,29448562,46560065.9
1084455000,14.115,15.620005,14.1,14.555,14.985526727886526,16.928840177445355,0,0,0,0.274997,0.637494,1.574983,1.750815,,3,3,3,1,,,,34181952,47504767.3
1084541400,14.94,15.4,14.254995,14.410005,14.87042238230922,16.69985516131396,0,0,0,0.274997,0.637494,1.574983,1.750815,,3,3,3,1,,,,20087430,44724156.4
1084800600,14.54,14.870005,14.300005,14.64,14.824337905847376,16.51259560119451,0,0,0,12.6,32.075,,,,1,1,1,1,,,,12281626,39998487.3
1084887000,15.35,15.625,14.74,14.9,14.839470324677901,16.365996001085918,0,0,0,12.6,32.075,,,,1,1,1,1,,,,18282468,34431305.1
1084973400,15.43,15.525,14.75,14.910005,14.853577259742321,16.23363318280538,0,0,0,12.6,32.075,,,,1,1,1,1,,,,12026468,28288100.5
1085059800,14.714995,14.805,14.050005,14.254995,14.733860807793857,16.053756984368526,0,0,0,12.6,32.075,,,,1,1,1,1,,,,11418188,25674879.5
1085146200,14.43,14.550005,13.800005,14.045,14.596088646235085,15.871142713062296,0,0,0,12.6,32.075,,,,1,1,1,1,,,,8655094,23200095.2
1085405400,14.33,14.415,13.160005,13.75,14.426870916988069,15.67831155732936,0,0,0,12.6,32.075,,,,1,1,1,1,,,,10932532,22751267.2
1085491800,13.589995,14.095,13.324995,13.915,14.324496733590454,15.518010506663055,0,0,0,12.6,32.075,,,,1,1,1,1,,,,9107570,22157921.5
1085578200,14.245005,14.5,14.01,14.135,14.286597386872364,15.392282278784595,0,0,0,12.6,32.075,,,,1,1,1,1,,,,8315336,20315214.1
1085664600,14.345,14.445,13.76,13.925005,14.21427890949789,15.258893435258724,0,0,0,12.6,32.075,,,,1,1,1,1,,,,5921850,17854303.4
1085751000,13.81,14.214995,13.74,14.214995,14.214422127598313,15.16399357750793,0,0,0,12.6,32.075,,,,1,1,1,1,,,,4120976,16423711.6
1086096600,14.129995,14.305,13.945,14.085,14.188537702078651,15.065903252279938,0,0,0,12.6,32.075,,,,1,1,1,1,,,,3852986,14460343.3
1086183000,14.095,14.165,13.535005,13.589995,14.06882916166292,14.931729774799944,0,0,0,12.6,32.075,,,,1,1,1,1,,,,3815306,13580388.3
1086269400,13.410005,13.49,13,13.14,13.883063329330337,14.768845249818131,0,0,0,12.6,32.075,,,,1,1,1,1,,,,5602890,13177216.4
1086355800,13.685,13.725,12.9,12.945,13.69545066346427,14.603041136198302,0,0,0,12.6,32.075,,,,1,1,1,1,,,,6526204,13027104.7
1086615000,12.81,12.935,12.015,12.4,13.436360530771415,14.402764669271184,0,0,0,12.6,32.075,,,,1,1,1,1,,,,9448882,12915107.8
1086701400,12.03,13.975,11.879995,13.665495,13.482187424617132,14.335740153882893,0,0,0,12.6,32.075,,,,1,1,1,1,,,,27561710,12897335.1
1086787800,13.605005,14.324995,13.165,13.225,13.430749939693706,14.234763776257175,0,0,0,12.6,32.075,,,,1,1,1,1,,,,16491172,12903960.1
1086874200,13.475,13.585,12.949995,13.21,13.386599951754965,14.141603432961068,0,0,0,12.6,32.075,,,,1,1,1,1,,,,6165328,11739798.4
1087219800,12.97,13.565,12.785005,12.885,13.286279961403972,14.027366757237335,0,0,0,12.6,32.075,,,,1,1,1,1,,,,6136274,10337514.5
1087306200,13.125,13.15,12.75,12.845,13.198023969123177,13.91987887021576,0,0,0,12.6,32.075,,,,1,1,1,1,,,,4674790,9566882.5
1087392600,12.89,12.9,12.625,12.800005,13.118420175298542,13.8180721547416,0,0,0,11.879995,32.075,,,,1,1,1,1,,,,3259502,9115776.3
1087479000,12.83,12.865,12.525,12.550005,13.004737140238834,13.702793322492363,0,0,0,11.879995,32.075,,,,1,1,1,1,,,,2709150,8337110.4
1087565400,12.44,13.245005,12.375,12.885,12.980789712191067,13.628448474993057,0,0,0,11.879995,32.075,,,,1,1,1,1,,,,8321524,8151863.2
1087824600,14.83,15.525,12.65,15.225,13.429631769752854,13.773589522720961,0,0,0,11.879995,32.075,,,,1,1,1,1,,,,48162432,9989075.4
1087911000,15.105005,15.39,14.504995,14.75,13.693705415802283,13.86235411156451,0,0,0,11.879995,32.075,,,,1,1,1,1,,,,12955180,10204079.7
1087997400,14.769995,16.5,14.754995,16.35,14.224964332641827,14.088503737785919,0,0,0,11.879995,32.075,,,,1,1,1,1,,,,27131632,11014034.7
1088083800,17.160005,18.04,17.050005,17.71,14.921971466113462,14.417730670714471,0,0,0,11.879995,32.075,,,,1,1,1,1,,,,28526282,11984970.3
1088170200,19.1,21.33,18.625,21.045,16.14657717289077,15.02020970064952,1,0,0,11.879995,32.075,,,,2,1,1,1,1,,,84227392,15780573.1
1088429400,22.949995,24.245005,21.025,21.47,17.211261738312615,15.606554273317746,0,0,0,11.879995,32.075,,,,2,1,1,1,,,,126719328,21820447
1088515800,20.81,22.025,19.67,19.879995,17.745008390650092,15.995048884834315,0,0,0,11.879995,32.075,,,,2,1,1,1,,,,60357472,24632271.8
1088602200,22.519995,22.945,21.155,21.615,18.519006712520074,16.505953531667558,0,0,0,11.879995,32.075,,,,2,1,1,1,,,,54780032,27178624.1
1088688600,21.620005,22.144995,20.85,21.85,19.18520537001606,16.9917759378796,0,0,0,11.879995,32.075,,,,2,1,1,1,,,,28560078,28415862.7
1088775000,22.435,22.67,21.855005,22.15,19.778164296012847,17.460705398072363,0,0,0,11.879995,32.075,,,,2,1,1,1,,,,20037546,29137595.5
1089120600,22.25,22.835,21.865,22.25,20.272531436810276,17.896095816429423,0,0,0,11.879995,32.075,,,,2,1,1,1,,,,20917758,29857173.2
1089207000,22.24,22.43,20.295,20.504995,20.31902414944822,18.133268469481294,0,0,0,11.879995,32.075,,,,2,1,1,1,,,,21151438,30442301
1089293400,20.25,20.5,19.205,19.705,20.196219319558576,18.276153154073903,0,0,0,11.879995,32.075,,,,2,1,1,1,,,,17936540,29961042.5
1089379800,20.33,20.925005,20.004995,20.305,20.21797545564686,18.46059377643082,0,0,0,11.879995,32.075,,,,2,1,1,1,,,,16208532,29946910.5
1089639000,20.69,21.015,20.33,20.785005,20.33138136451749,18.67190388766438,0,0,0,11.879995,32.075,,,,2,1,1,1,,,,10889282,30183108.2
1089725400,21.065,21.17,20.300005,20.355005,20.336106091613992,18.82491307969489,0,0,0,11.879995,32.075,,,,2,1,1,1,,,,8893906,30320989.8
1089811800,19.68,20.385,19.35,19.875,20.243884873291194,18.920375526995354,0,0,0,11.879995,32.075,,,,2,1,1,1,,,,9422680,30558384.3
1089898200,20.504995,20.699995,19.85,20.125,20.220107898632953,19.029886842723048,0,0,0,11.879995,32.075,,,,2,1,1,1,,,,14646672,31127742.8
1089984600,20.300005,20.525,20.07,20.120005,20.200087318906363,19.12898849338459,0,0,0,11.879995,32.075,,,,2,1,1,1,,,,6710852,31327827.9
1090243800,18.824995,19.305,18.14,18.160005,19.79207085512509,19.04089908489508,0,0,0,11.879995,32.075,,,,2,1,1,1,,,,27528226,32288163
1090330200,17.050005,18.35,15.125,15.519995,18.937655684100072,18.720816895359164,0,0,1,11.879995,32.075,,,,1,1,1,1,,,1,52157184,32487900.6
1090416600,15.89,16.585,15.445,15.685,18.287124547280058,18.444833541235603,0,0,0,11.879995,32.075,,,,1,1,1,1,,,,21760196,32928151.4
1090503000,15.800005,16,14.089995,14.64,17.557699637824047,18.09893958294146,0,0,0,11.879995,32.075,,,,1,1,1,1,,,,18224484,32482794
1090589400,15.055,15.22,14.485,14.76,16.998159710259237,17.79539962085587,0,0,0,11.879995,32.075,,,,1,1,1,1,,,,9350618,31524010.8
1090848600,14.845,15.045,12.532,12.615,16.12152776820739,17.324454200778064,0,0,0,11.879995,32.075,,,,1,1,1,1,,,,28109118,28718097.1
1090935000,13.385,15.004995,13.01,14.995005,15.896223214565913,17.11268609161642,0,0,0,11.879995,32.075,,,,1,1,1,1,,,,25437648,23654013.1
1091021400,16,16.6,15.324995,16.04,15.92497857165273,17.015169174196746,0,0,0,11.879995,32.075,,,,1,1,1,1,,,,32209382,22246608.6
1091107800,16.68,17,15.125,15.72,15.883982857322184,16.89742652199704,0,0,0,11.879995,32.075,,,,1,1,1,1,,,,22936766,20654445.3
1091194200,15.42,16.120005,15.375,15.644995,15.836185285857747,16.7835691109064,0,0,0,11.879995,32.075,,,,1,1,1,1,,,,10518804,19752381.6
1091453400,14.345,15.375,14.28,15.135,15.695948228686197,16.63369919173309,0,0,0,12.532,24.245005,,,,1,1,1,1,,,,10702414,19285625
1091539800,15.1,15.445,14.449995,14.53,15.462758582948958,16.442453810666446,0,0,0,12.532,24.245005,,,,1,1,1,1,,,,7801972,18629835.7
1091626200,14.345,14.525,13.865,14.370005,15.244207866359167,16.25404937333313,0,0,0,12.532,24.245005,,,,1,1,1,1,,,,8453656,17994946.6
1091712600,14.545,14.685,14,14.199995,15.035365293087333,16.067317157575573,0,0,0,12.532,24.245005,,,,1,1,1,1,,,,7411970,17468718.1
1091799000,13.550005,13.795,12.92,13.425005,14.713293234469866,15.827106961432339,0,0,0,12.532,24.245005,,,,1,1,1,1,,,,10982968,17207439.9
1092058200,13.339995,13.675005,12.82,13.315,14.433634587575893,15.598733601302126,0,0,0,12.532,24.245005,,,,1,1,1,1,,,,8752898,17100620.7
1092144600,14.65,14.695,13.94,14.055,14.357907670060715,15.458394183001932,0,0,0,12.532,24.245005,,,,1,1,1,1,,,,18925546,17602202.7
1092231000,13.870005,14.050005,13.65,13.824995,14.251325136048573,15.309903348183575,0,0,0,12.532,24.245005,,,,1,1,1,1,,,,7099890,17486063.2
1092317400,13.675005,13.765,13.254995,13.275,14.056060108838858,15.124912134712341,0,0,0,12.532,24.245005,,,,1,1,1,1,,,,4331082,16970283.7
1092403800,13.495005,13.61,12.800005,13.1,13.864848087071087,14.940829213374855,0,0,0,12.532,24.245005,,,,1,1,1,1,,,,5183732,16893927.7
1092663000,13.14,13.36,12.879995,12.949995,13.68187746965687,14.759844284886231,0,0,0,12.532,24.245005,,,,1,1,1,1,,,,4869932,15761013
1092749400,13.25,13.4,13.050005,13.17,13.579501975725496,14.61531298626021,0,0,0,12.532,24.245005,,,,1,1,1,1,,,,6581530,13482230.3
1092835800,13.78,13.875,13.375,13.735,13.610601580580397,14.535284532963828,0,0,0,12.532,24.245005,,,,1,1,1,1,,,,11282258,12958333.4
1092922200,13.74,14.095,13.515,13.875,13.663481264464318,14.475258666330753,0,0,0,12.532,24.245005,,,,1,1,1,1,,,,6188232,12356520.8
1093008600,13.635,13.875,13.57,13.72,13.674785011571455,14.406598787573412,0,0,0,12.532,24.245005,,,,1,1,1,1,,,,3601146,12069047.2
1093267800,13.785005,13.870005,13.5,13.629995,13.665827009257164,14.335998443248556,0,0,0,12.532,24.245005,,,,1,1,1,1,,,,3432498,10835216.2
1093354200,13.725,13.725,13.095,13.31,13.594661607405731,14.242725857498687,0,0,0,12.532,24.245005,,,,1,1,1,1,,,,4200064,9773337
1093440600,13.42,13.725,13.160005,13.550005,13.585730285924585,14.179751234089716,0,0,0,12.532,24.245005,,,,1,1,1,1,,,,6173224,8471529.1
1093527000,13.985,14.75,13.985,14.129995,13.694583228739669,14.17522794008156,0,0,0,12.532,24.245005,,,,1,1,1,1,,,,17719438,8210662.7
1093613400,14.4,14.405,13.824995,13.92,13.739666582991735,14.152025400074146,0,0,0,12.532,24.245005,,,,1,1,1,1,,,,5192960,7944370.5
1093872600,14.144995,14.175005,13.745005,13.89,13.769733266393388,14.128204909158315,0,0,0,12.532,24.245005,,,,1,1,1,1,,,,3260654,7572282.5
1093959000,13.894995,13.945,13.550005,13.795,13.77478661311471,14.097913553780286,0,0,0,12.532,24.245005,,,,1,1,1,1,,,,3276674,7346017.6
1094045400,13.644995,14.085,13.595,13.875,13.794829290491768,14.077648685254806,0,0,0,12.532,24.245005,,,,1,1,1,1,,,,3583224,7102496
1094131800,13.865,16.105005,13.79,15.82,14.199863432393414,14.23604425932255,0,0,0,12.532,24.245005,,,,1,1,1,1,,,,32453054,8354550.2
1094218200,16.28,16.99,15.78,15.875,14.534890745914732,14.385040235747773,0,0,0,12.532,24.245005,,,,1,1,1,1,,,,29337726,9272288.1
1094563800,16.595,16.660005,16.055,16.28,14.883912596731786,14.557309305225248,0,0,0,12.532,24.245005,,,,1,1,1,1,,,,12524132,9460849.8
1094650200,16.214995,17.94,16.125,17.775,15.462130077385428,14.84982664111386,1,0,0,12.532,24.245005,,,,2,1,1,1,1,,,38348192,10431982.1
1094736600,18.235,18.655,15.665,16.08,15.585704061908341,14.961660582830783,0,0,0,12.532,24.245005,,,,2,1,1,1,,,,41581792,12156077.2
1094823000,16.375,16.800005,16.08,16.43,15.754563249526672,15.095145984391621,0,0,0,12.532,24.245005,,,,2,1,1,1,,,,16006726,12739859.4
1095082200,16.839995,16.9,16.410005,16.695,15.942650599621338,15.240587258537838,0,0,0,12.532,24.245005,,,,2,1,1,1,,,,8614586,12911402.1
1095168600,17.57,17.79,17.25,17.675005,16.28912147969707,15.461897962307125,0,0,0,12.532,24.245005,,,,2,1,1,1,,,,17920992,13563955.1
1095255000,17.985,23,17.800005,21.545,17.340297183757656,16.014907238461024,0,1,0,12.532,24.245005,,,,3,1,1,1,,1,,80570240,17263390.6
1095341400,21.495005,21.5,19.875,19.94,17.860237747006124,16.371733853146385,0,0,0,12.532,24.245005,,,,3,1,1,1,,,,38814144,18639984.9
1095427800,20.35,20.894995,19.96,20.32,18.352190197604898,16.730667139223986,0,0,0,12.532,24.245005,,,,3,1,1,1,,,,22847898,19472968.2
1095687000,20.449995,20.725,18.725,18.945,18.47075215808392,16.93197012656726,0,0,0,12.532,24.245005,,,,3,1,1,1,,,,24728570,20529339.4
1095773400,19.585,19.995005,19.115,19.525,18.681601726467136,17.167700115061148,0,0,0,12.532,24.245005,,,,3,1,1,1,,,,21035640,21409496.5
1095859800,19.65,19.824995,19.129995,19.345,18.814281381173707,17.36563646823741,0,0,0,12.532,24.245005,,,,3,1,1,1,,,,12601296,21829558.1
1095946200,19.15,19.699995,18.9,19.39,18.929425104938964,17.549669516579463,0,0,0,12.532,24.245005,,,,3,1,1,1,,,,12328320,22137312.9
1096032600,19.625,20.175005,19.425005,19.605005,19.06454108395117,17.736518196890422,0,0,0,12.532,24.245005,,,,3,1,1,1,,,,13340632,21918372.6
1096291800,19.53,19.585,18.865,19.18,19.087632867160934,17.86774381535493,0,0,0,12.532,24.245005,,,,3,1,1,1,,,,6966118,22007030.5
1096378200,19.035005,19.195,18,18.25,18.920106293728747,17.902494377595392,0,0,0,12.532,24.245005,,,,3,1,1,1,,,,13319774,22509986.5
1096464600,18.055,18.980005,17.379995,18.24,18.784085034982997,17.933176706904902,0,0,0,12.532,24.245005,,,,3,1,1,1,,,,13865126,23039409.1
1096551000,18.125,19.095,18.01,18.775,18.782268027986397,18.009706097186275,0,0,0,12.532,24.245005,,,,3,1,1,1,,,,12057094,23463102.6
1096637400,19.07,19.44,18.905,19.11,18.847814422389117,18.109732815623886,0,0,0,12.532,24.245005,,,,3,1,1,1,,,,9477234,22314311.6
1096896600,19.44,19.61,19.230005,19.5,18.978251537911294,18.23612074147626,0,0,0,12.532,24.245005,,,,3,1,1,1,,,,7204196,21207635.1
1096983000,19.335,19.69,19.019995,19.464995,19.075600230329034,18.347836583160237,0,0,0,12.532,24.245005,,,,3,1,1,1,,,,6023620,20882609.5
1097069400,19.25,19.46,18.75,19.144995,19.089479184263226,18.420305530145672,0,0,0,12.532,24.245005,,,,3,1,1,1,,,,5899492,19260174.5
1097155800,19,19.355005,18.78,19.050005,19.08158434741058,18.477550936496066,0,0,0,12.532,24.245005,,,,3,1,1,1,,,,5003530,17431261.4
1097242200,18.96,19.125,18.525,18.714995,19.008266477928462,18.49913676045097,0,0,0,12.532,24.245005,,,,3,1,1,1,,,,4388258,16850338
1097501400,18.480005,18.875,18.335,18.51,18.90861318234277,18.5001243276827,0,0,0,12.532,24.245005,,,,3,1,1,1,,,,3990986,16619158
1097587800,18.29,19.475,17.949995,19.339995,18.994889545874216,18.57647620698427,0,0,0,12.532,24.245005,,,,3,1,1,1,,,,8884656,16167341.2
1097674200,19.58,19.875,19,19.085,19.01291163669937,18.622705642712972,0,0,0,12.532,24.245005,,,,3,1,1,1,,,,8262524,12551955.4
1097760600,18.86,19.125,18.665,18.725,18.9553293093595,18.632005129739067,0,0,0,12.532,24.245005,,,,3,1,1,1,,,,3234380,10772967.2
1097847000,18.9,19.03,18.435,18.735,18.9112634474876,18.64136829976279,0,0,0,12.532,24.245005,,,,3,1,1,1,,,,4434666,9852305.6
1098106200,19.485,19.910005,18.8995,19.035005,18.93601175799008,18.677153454329808,0,0,0,12.532,24.245005,,,,3,1,1,1,,,,16043218,9418038
1098192600,20.25,20.915,19.695,20.125,19.173809406392063,18.808775867572553,0,0,0,12.532,24.245005,,,,3,1,1,1,,,,37025376,10217524.8
1098279000,19.99,20.625,19.93,20.17,19.373047525113652,18.93252351597505,0,0,0,12.532,24.245005,,,,3,1,1,1,,,,12066274,10190773.7
1098365400,20.35,20.35,19.975,20.115,19.521438020090923,19.040021378159135,0,0,0,12.532,24.245005,,,,3,1,1,1,,,,4643264,9806520.9
1098451800,20.07,21.17,20.01,20.18,19.653150416072737,19.14365579832649,0,0,0,12.532,24.245005,,,,3,1,1,1,,,,12847782,9781878.4
1098711000,20.555,21.65,20.345,21.64,20.05052033285819,19.370596180296808,0,0,0,12.532,24.245005,,,,3,1,1,1,,,,14826890,10174917
1098797400,22.03,22.089995,20.76,20.985,20.23741626628655,19.51736016390619,0,0,0,12.532,24.245005,,,,3,1,1,1,,,,12905484,10154202.5
1098883800,21.67,21.75,21.065,21.120005,20.41393401302924,19.663055149005626,0,0,0,12.532,24.245005,,,,3,1,1,1,,,,8774164,9899654.4
1098970200,21.265,21.33,20.004995,20.175005,20.366148210423393,19.70959604455057,0,0,0,12.532,24.245005,,,,3,1,1,1,,,,9481922,9770895.8
1099056600,20.4,20.8645,20.055,20.449995,20.382917568338716,19.776905040500516,0,0,0,12.532,24.245005,,,,3,1,1,1,,,,6318486,9612958.4
1099319400,20.93,21.195,20.555,20.765,20.459334054670972,19.86673185500047,0,0,0,12.532,24.245005,,,,3,1,1,1,,,,6899516,9597724.4
1099405800,20.845,21.435,20.685,20.905,20.548467243736777,19.961119868182244,0,0,0,12.532,24.245005,,,,3,1,1,1,,,,8211696,9707128.2
1099492200,21.4,21.43,20.379995,20.67,20.572773794989423,20.025563516529314,0,0,0,12.532,24.245005,,,,3,1,1,1,,,,7765488,9800428
1099578600,21.195,23.475,20.75,23.405,21.139219035991538,20.332785015026648,0,0,0,12.532,24.245005,,,,3,1,1,1,,,,36087104,11354606.7
1099665000,23.4,24.050005,22.769995,23.245005,21.56037622879323,20.59753228638786,0,0,0,12.532,24.245005,,,,3,1,1,1,,,,28472032,12558795.4
1099924200,24.945,28.35,24.5,27.057505,22.659801983034583,21.18480253307987,0,0,0,12.532,24.245005,,,,3,1,1,1,,,,74314848,16074988.5
1100010600,27.97,28,24.71,25.5,23.227841586427665,21.57709321189079,0,0,0,12.532,24.245005,,,,3,1,1,1,,,,45856000,17923555.7
1100097000,25.769995,27.785005,25.379995,27.417505,24.065774269142132,22.108039738082535,0,0,0,12.532,24.245005,,,,3,1,1,1,,,,47511456,19886002.3
1100183400,29.035005,29.635,28.160005,28.975,25.047619415313704,22.732308852802305,0,0,0,12.532,24.245005,,,,3,1,1,1,,,,34624992,21455532.9
1100269800,28.36,29.9,27.805,28.75,25.788095532250964,23.27937168436573,0,0,0,12.532,24.245005,,,,3,1,1,1,,,,27779688,22622784
1100529000,30.19,30.975,29.75,30.425005,26.71547742580077,23.928974713059755,0,0,0,12.532,24.245005,,,,3,1,1,1,,,,33792832,23510264.7
1100615400,29.97,30.435,29.285005,29.83,27.338381940640616,24.46543155732705,0,0,0,12.532,24.245005,,,,3,1,1,1,,,,17120118,22515001.8
1100701800,30.18,30.365,27.905,28.504995,27.571704552512493,24.832664597570048,0,0,0,12.532,24.245005,,,,3,1,1,1,,,,21193648,22971370.5
1100788200,28.775,29.545,28.629995,29.050005,27.867364642009996,25.216059179609136,0,0,0,12.532,24.245005,,,,3,1,1,1,,,,17455930,23612003.8
1100874600,27.660005,28.375,25.6,26.08,27.509891713607995,25.294599254190125,0,0,0,12.532,24.245005,,,,3,1,1,1,,,,35351520,24737190.7
1101133800,23.5,25.324995,23.449995,24.894995,26.986912370886397,25.258271594718295,0,0,0,12.532,24.245005,,,,3,1,1,1,,,,27174368,25354564.6
1101220200,25.370005,26.375,25.245005,25.699995,26.72952889670912,25.298428267925722,0,0,0,12.532,24.245005,,,,3,1,1,1,,,,14650812,25441831
1101306600,26,26.269995,25.015,25.254995,26.434622117367297,25.294479789023384,0,0,0,12.532,24.245005,,,,3,1,1,1,,,,8717672,25439006.4
1101479400,23.43,24.125,23.230005,23.5,25.84769769389384,25.131345262748532,0,0,0,12.532,24.245005,,,,3,1,1,1,,,,11786524,25554236.5
1101738600,24.245005,25.835,23.64,25.457495,25.76965715511507,25.160995238862302,0,0,0,12.532,24.245005,,,,3,1,1,1,,,,22085468,26342585.6
1101825000,26.45,27.89999,26.16,27.44,26.103725724092055,25.36817748987482,0,0,0,12.532,24.245005,,,,3,1,1,1,,,,27448640,27370041.8
1101911400,29,29.13,27.75,28.22,26.526980579273644,25.627434081704383,0,0,0,12.532,24.245005,,,,3,1,1,1,,,,16085977,27763755.85
1101997800,28.25999,28.5,26.7,27.755,26.772584463418916,25.820849165185802,0,0,0,12.532,24.245005,,,,3,1,1,1,,,,11601324,27955547.65
1102084200,28.09,28.58,27.24001,28.23,27.064067570735133,26.03986287744164,0,0,0,12.532,24.245005,,,,3,1,1,1,,,,8969129,26599648.9
1102343400,27.7,28.23,27.52,27.66,27.18325405658811,26.18714807040149,0,0,0,12.532,24.245005,,,,3,1,1,1,,,,6529922,25502543.4
1102429800,26.89999,27.2,25.11,25.62,26.870603245270487,26.13558915491045,0,0,0,12.532,24.245005,,,,3,1,1,1,,,,13185707,22446086.35
1102516200,25.96001,26.24001,25.42,25.99001,26.69448459621639,26.122354686282225,0,0,0,12.532,24.245005,,,,3,1,1,1,,,,4889656,20397769.15
1102602600,25.58,26.46001,25.14999,26.21001,26.59758967697311,26.13032335116566,0,0,0,12.532,24.245005,,,,3,1,1,1,,,,4309117,18237652.2
1102689000,26.38,27.88,26.32001,27.02499,26.68306974157849,26.211656682877873,0,0,0,12.532,24.245005,,,,3,1,1,1,,,,9240852,16968445.2
1102948200,28.19,28.23,27.10001,27.22,26.79045579326279,26.3033242571617,0,0,0,12.532,24.245005,,,,3,1,1,1,,,,5947809,15876851.25
1103034600,27.32001,27.55,26.74001,27.23,26.878364634610232,26.38756750651064,0,0,0,12.532,24.245005,,,,3,1,1,1,,,,4922824,14433350.85
1103121000,27.55,27.7,27.00999,27.28,26.958691707688185,26.46869773319149,0,0,0,12.532,24.245005,,,,3,1,1,1,,,,4060350,13780362.45
1103207400,27.62,27.89,27.3,27.31,27.02895336615055,26.54517975744681,0,0,0,12.532,24.245005,,,,3,1,1,1,,,,5330910,12987225.55
1103293800,27.45,27.5,26.8,27.22,27.06716269292044,26.606527052224372,0,0,0,12.532,24.245005,,,,3,1,1,1,,,,4741262,12351492.15
1103553000,27.67,28.98,27.67,28.34,27.321730154336354,26.764115502022158,0,0,0,12.532,24.245005,,,,3,1,1,1,,,,12590691,11213450.7
1103639400,28.53,28.7,27.28,28.03,27.463384123469083,26.879195910929234,0,0,0,12.532,24.245005,,,,3,1,1,1,,,,6208781,10165171.35
1103725800,27.89999,28.95,27.8,28.64,27.69870729877527,27.039269009935666,0,0,0,12.532,24.245005,,,,3,1,1,1,,,,8075094,9836385.45
1103812200,28.77,28.85001,28.28,28.34,27.826965839020215,27.157517281759695,0,0,0,12.532,24.245005,,,,3,1,1,1,,,,4452715,9623137.6
1104157800,28.36,28.58,27.55,27.77,27.81557267121617,27.21319752887245,0,0,0,12.532,24.245005,,,,3,1,1,1,,,,4235848,9245603.8
1104244200,27.77,28.60001,27.73,28.42999,27.938456136972935,27.32381502624768,0,0,0,12.532,24.245005,,,,3,1,1,1,,,,3706747,8326667.75
1104330600,28.62,31.13,28.53,31.09,28.56876490957835,27.66619547840698,0,0,0,12.532,24.245005,,,,3,1,1,1,,,,18090624,7858766.95
1104417000,32.53999,33.45,32.08,32.59,29.37301192766268,28.113814071279073,0,0,0,12.532,24.245005,,,,3,1,1,1,,,,19166720,8012804.1
1104503400,32.74001,32.87,31.56,31.64999,29.828407542130144,28.435284610253703,0,0,0,12.532,24.245005,,,,3,1,1,1,,,,8551488,7860312.3
1104762600,32.35001,32.49001,28.88,29.98,29.858726033704116,28.57571328204882,0,0,0,12.532,24.245005,,,,3,1,1,1,,,,13549590,8089335.35
1104849000,30.27,30.27,28.5,28.69,29.62498082696329,28.586102983680746,0,0,0,12.532,24.245005,,,,3,1,1,1,,,,9925859,8259132.2
1104935400,28.10001,29.35001,27.5,28.86,29.471984661570634,28.611002712437042,0,0,0,12.532,24.245005,,,,3,1,1,1,,,,7053949,7952544.3
1105021800,28.52,28.7,27.52,27.62,29.101587729256508,28.520911556760947,0,0,0,12.532,24.245005,,,,3,1,1,1,,,,7601020,8088112.5
1105108200,24.05,25,21.28999,22.72,27.825270183405205,27.99355596069177,0,0,0,12.532,24.245005,,,,3,1,1,1,,,,36167024,9681007.85
1105367400,21.32001,22.23,19.81,20.05,26.270216146724163,27.27141450971979,0,0,0,12.532,24.245005,,,,3,1,1,1,,,,23699600,10403945.25
1105453800,17,17.5,13.96,14.1,23.83617291737933,26.074013190654355,0,0,0,12.532,24.245005,,,,3,1,1,1,,,,64786752,13345892.4
1105540200,14.35,17.32001,14.25,17.00999,22.470936333903463,25.25001108241305,0,0,0,12.532,24.245005,,,,3,1,1,1,,,,54929680,15846235.2
1105626600,20.84,21.94,19.46001,20.8,22.13674906712277,24.8454646203755,0,0,0,12.532,24.245005,,,,3,1,1,1,,,,70084560,19147445.7
1105713000,21.72,21.72,19.17,19.64,21.637399253698216,24.372240563977726,0,0,0,12.532,24.245005,,,,3,1,1,1,,,,35479792,20654889.8
1106058600,19.75,20.37,19.14999,19.75999,21.261917402958574,23.952945058161568,0,0,0,12.532,24.245005,,,,3,1,1,1,,,,12588141,21047233.75
1106145000,19.31,19.39999,17.25999,17.47,20.50353392236686,23.363586416510515,0,0,0,13.96,33.45,,,,1,1,1,1,,,,17317664,21283582.4
1106231400,16.53999,18.35001,15.9,17.565,19.915827137893487,22.83644219682774,0,0,0,13.96,33.45,,,,1,1,1,1,,,,13533535,21649820.1
1106317800,18.28,18.56,17,17.28,19.38866171031479,22.331311088025217,0,0,0,13.96,33.45,,,,1,1,1,1,,,,9457910,21718960.9
1106577000,17.27,17.74001,15.57,15.95,18.70092936825183,21.75119189820474,0,0,0,13.96,33.45,,,,1,1,1,1,,,,9721309,21982390.6
1106663400,16.67,16.72,15.91,16.07001,18.174745494601463,21.234720816549764,0,0,0,13.96,33.45,,,,1,1,1,1,,,,5655969,22053396.65
1106749800,16.44,16.44,16,16.28,17.795796395681172,20.784291651408875,0,0,0,13.96,33.45,,,,1,1,1,1,,,,3982718,22067195.2
1106836200,17.23,18.03,16.17999,17.56,17.748637116544938,20.491174228553522,0,0,0,13.96,33.45,,,,1,1,1,1,,,,11073773,21716352.65
1106922600,18.03999,18.34,16.94,17.17999,17.63490769323595,20.190157480503203,0,0,0,13.96,33.45,,,,1,1,1,1,,,,8181992,21167116.25
1107181800,18.19,18.19,17.49001,17.98,17.70392615458876,19.98923407318473,0,0,0,13.96,33.45,,,,1,1,1,1,,,,6185910,21048837.35
1107268200,18.17,18.31,17.25,17.57001,17.67714292367101,19.76930461198612,0,0,0,13.96,33.45,,,,1,1,1,1,,,,5282672,20635491.45
1107354600,17.46001,17.72,17.06,17.14999,17.57171233893681,19.531185101805562,0,0,0,13.96,33.45,,,,1,1,1,1,,,,4317504,20355073.7
1107441000,17.14999,17.2,16.3,16.41,17.339369871149447,19.24744100164142,0,0,0,13.96,33.45,,,,1,1,1,1,,,,5003215,20252537
1107527400,16.7,17.19,16.53,16.69,17.20949589691956,19.014946365128562,0,0,0,13.96,33.45,,,,1,1,1,1,,,,5495055,20147238.75
1107786600,16.7,17.39,16.64999,17.155,17.198596717535647,18.845860331935057,0,0,0,13.96,33.45,,,,1,1,1,1,,,,7313004,18704537.75
1107873000,14.25,15.93,14.1,15.22,16.80287737402852,18.516236665395507,0,0,0,13.96,33.45,,,,1,1,1,1,,,,24500512,18744583.35
1107959400,15.1,15.37,14.9,14.97,16.436301899222816,18.193851513995916,0,0,0,13.96,33.45,,,,1,1,1,1,,,,4973652,15753928.35
1108045800,15.15,15.2,14.24,14.42,16.03304151937825,17.850774103632652,0,0,0,13.96,33.45,,,,1,1,1,1,,,,6963836,13355636.15
1108132200,13.82,14.01,13.05,13.48,15.522433215502602,17.453431003302413,0,0,0,13.96,33.45,,,,1,1,1,1,,,,13439051,10523360.7
1108391400,14.25,15.15,14.02,14.51,15.319946572402081,17.185846366638557,0,0,0,13.96,33.45,,,,1,1,1,1,,,,12081059,9353424.05
1108477800,15.04,15.13,14.62,14.68,15.191957257921665,16.958042151489597,0,0,0,13.96,33.45,,,,1,1,1,1,,,,6427438,9045388.9
1108564200,14.6,14.68,14.22,14.48,15.049565806337332,16.73276559226327,0,0,0,13.96,33.45,,,,1,1,1,1,,,,3562892,8357650.3
1108650600,14.82,14.87,14.1,14.38,14.915652645069866,16.51887781114843,0,0,0,13.96,33.45,,,,1,1,1,1,,,,4596367,7910791.9
1108737000,14.38,14.38,14.02,14.11,14.754522116055892,16.299888919225843,0,0,0,13.05,33.45,,,,1,1,1,1,,,,3400057,7607899.25
1109082600,13.97,14.87,13.75,13.95,14.593617692844713,16.086262653841676,0,0,0,13.05,33.45,,,,1,1,1,1,,,,6422387,7442953.15
1109169000,14.19,14.45,13.72,13.79,14.43289415427577,15.877511503492432,0,0,0,13.05,33.45,,,,1,1,1,1,,,,4312004,7375754.9
1109255400,13.74,14.18,13.56,13.89,14.324315323420617,15.696828639538575,0,0,0,13.05,33.45,,,,1,1,1,1,,,,3998145,7376526.25
1109341800,13.95,13.96,13.31,13.38,14.135452258736494,15.486207854125977,0,0,0,13.05,33.45,,,,1,1,1,1,,,,4226242,7034149.7
1109601000,13.31,13.7,12.53,13.01,13.910361806989195,15.261098049205433,0,0,0,13.05,33.45,,,,1,1,1,1,,,,6417855,6945942.85
1109687400,13.02,13.35,12.97,13.18,13.764289445591356,15.071907317459484,0,0,0,13.05,33.45,,,,1,1,1,1,,,,3367464,6805020.55
1109773800,13.07,13.99,13.05,13.5,13.711431556473084,14.929006652235895,0,0,0,13.05,33.45,,,,1,1,1,1,,,,5449391,6813356.5
1109860200,15.25,15.44,14.12,14.22,13.813145245178466,14.864551502032631,0,0,0,13.05,33.45,,,,1,1,1,1,,,,15074137,7351188.15
1109946600,14.7,14.7,14.33,14.52,13.954516196142773,14.833228638211482,0,0,0,13.05,33.45,,,,1,1,1,1,,,,4017633,7301909.05
1110205800,14.83,14.89,14.06,14.3,14.023612956914219,14.784753307464984,0,0,0,12.53,33.45,,,,1,1,1,1,,,,4677660,7261039.3
1110292200,14.28,14.31,13.7,13.82,13.982890365531375,14.697048461331804,0,0,0,12.53,33.45,,,,1,1,1,1,,,,3854378,7088108
1110378600,14.04,14.45,13.75,14.15,14.0163122924251,14.647316783028913,0,0,0,12.53,33.45,,,,1,1,1,1,,,,5671832,6146674
1110465000,14.32,14.32,13.47,13.8,13.973049833940081,14.570287984571738,0,0,0,12.53,33.45,,,,1,1,1,1,,,,4137551,6104868.95
1110551400,13.639,13.7,13.48,13.65,13.908439867152065,14.486625440519763,0,0,0,12.53,33.45,,,,1,1,1,1,,,,1790747,5846214.5
1110810600,13.54,13.65,13.2,13.41,13.808751893721652,14.388750400472512,0,0,0,12.53,33.45,,,,1,1,1,1,,,,1991837,5273853.8
1110897000,13.31,13.87,13.3,13.51,13.749001514977321,14.308864000429557,0,0,0,12.53,33.45,,,,1,1,1,1,,,,3056975,4822649.6
1110983400,13.4,13.72,13.3,13.48,13.695201211981857,14.233512727663234,0,0,0,12.53,33.45,,,,1,1,1,1,,,,1985234,4600539.4
1111069800,13.4,13.51,12.85,12.92,13.540160969585486,14.114102479693848,0,0,0,12.53,33.45,,,,1,1,1,1,,,,4096320,4627210.8
1111156200,12.91,13.1,12.41,12.52,13.336128775668389,13.969184072448952,0,0,0,12.53,33.45,,,,1,1,1,1,,,,4528227,4623803.8
1111415400,12.4,12.83,12.2,12.37,13.14290302053471,13.82380370222632,0,0,0,12.53,33.45,,,,1,1,1,1,,,,3583312,4632966.55
1111501800,12.92,12.98,12.36,12.43,13.000322416427768,13.6970942747512,0,0,0,12.53,33.45,,,,1,1,1,1,,,,3845703,4504132.35
1111588200,12.43,12.6,12.02,12.081,12.816457933142214,13.550176613410182,0,0,0,12.53,33.45,,,,1,1,1,1,,,,2889698,4433017.05
1111674600,12.09,14.2,11.21,13.91,13.03516634651377,13.582887830372892,0,0,0,12.53,33.45,,,,1,1,1,1,,,,27599984,5613109
1112020200,13.4,13.47,12.54,12.54,12.936133077211016,13.488079845793537,0,0,0,12.53,33.45,,,,1,1,1,1,,,,11034316,5953512.7
1112106600,12.49,12.79,11.92,11.99,12.746906461768813,13.351890768903216,0,0,0,12.53,33.45,,,,1,1,1,1,,,,6564836,5960861.75
1112193000,12.1,12.95,11.7,12.44,12.68552516941505,13.268991608093833,0,0,0,12.53,33.45,,,,1,1,1,1,,,,8604508,6222713.95
1112279400,12.4,12.55,11.89,12,12.548420135532039,13.153628734630757,0,0,0,12.53,33.45,,,,1,1,1,1,,,,3814494,6140969.1
1112365800,10.71,10.84,10.21,10.42,12.12273610842563,12.905117031482506,0,0,0,12.53,33.45,,,,1,1,1,1,,,,13168652,6045694.85
1112621400,10.26,10.4,9.75,10.09,11.716188886740504,12.649197301347733,0,0,0,12.53,33.45,,,,1,1,1,1,,,,7094488,6199537.6
1112707800,10.1,10.19,9.63,9.681,11.309151109392403,12.379361183043393,0,0,0,12.53,33.45,,,,1,1,1,1,,,,4609074,6196108.3
1112794200,9.62,9.95,9.48,9.57,10.961320887513923,12.12396471185763,0,0,0,12.53,33.45,,,,1,1,1,1,,,,3884378,6197608.3
1112880600,9.61,9.67,9.359,9.4,10.649056710011138,11.87633155623421,0,0,0,12.53,33.45,,,,1,1,1,1,,,,3802707,6104152.05
1112967000,9.4,9.68,9.13,9.16,10.351245368008911,11.629392323849281,0,0,0,12.53,33.45,,,,1,1,1,1,,,,4079214,6101235.2
1113226200,9.16,9.64,9.16,9.27,10.134996294407129,11.414902112590255,0,0,0,12.53,33.45,,,,1,1,1,1,,,,3665667,6194981.2
1113312600,9.31,9.39,8.79,8.85,9.877997035525704,11.181729193263868,0,0,0,12.53,33.45,,,,1,1,1,1,,,,5379668,6364372.75
1113399000,8.97,9.08,8.41,8.57,9.616397628420563,10.944299266603517,0,0,0,12.53,33.45,,,,1,1,1,1,,,,5129168,6467982.4
1113485400,8.44,8.6,8.19,8.23,9.33911810273645,10.697544787821379,0,0,0,12.53,33.45,,,,1,1,1,1,,,,3876680,6562554.7
1113571800,8.07,8.59,8,8.09,9.08929448218916,10.4604952616558,0,0,0,12.53,33.45,,,,1,1,1,1,,,,4290773,6572277.35
1113831000,8.13,8.34,7.91,7.97,8.865435585751328,10.234086601505272,0,0,0,12.53,33.45,,,,1,1,1,1,,,,3834120,6537572
1113917400,7.47,8.3,7.33,7.9,8.672348468601063,10.021896910459338,0,0,0,12.53,33.45,,,,1,1,1,1,,,,8154734,6766143.1
1114003800,7.95,8,7.6,7.64,8.465878774880851,9.805360827690308,0,0,0,12.53,33.45,,,,1,1,1,1,,,,3778748,6762795.35
1114090200,8.27,9.67,7.89,9.53,8.678703019904681,9.780328025173008,0,0,0,12.53,33.45,,,,1,1,1,1,,,,17821680,7509394.45
1114176600,9.08,9.24,8.53,8.81,8.704962415923745,9.692116386520915,0,0,0,12.53,33.45,,,,1,1,1,1,,,,6782492,6468519.85
1114435800,8.93,9.54,8.6,9.205,8.804969932738997,9.647833078655378,0,0,0,12.53,33.45,,,,1,1,1,1,,,,6190297,6226318.9
1114522200,9.28,9.84,9.01,9.08,8.859975946191197,9.596211889686707,0,0,0,7.33,33.45,,,,1,1,1,1,,,,7924359,6294295.05
1114608600,9.18,9.49,9.07,9.16,8.919980756952958,9.55655626335155,0,0,0,7.33,33.45,,,,1,1,1,1,,,,3631141,6045626.7
1114695000,9.11,9.32,8.74,8.81,8.897984605562366,9.488687512137773,0,0,0,7.33,33.45,,,,1,1,1,1,,,,3002971,6005050.55
1114781400,8.97,9.03,8.48,8.64,8.846387684449892,9.41153410194343,0,0,0,7.33,33.45,,,,1,1,1,1,,,,2969863,5495111.1
1115040600,8.57,8.65,8.25,8.38,8.753110147559914,9.317758274494027,0,0,0,7.33,33.45,,,,1,1,1,1,,,,2432929,5262033.15
1115127000,8.35,8.68,8.304,8.56,8.714488118047932,9.248871158630934,0,0,0,7.33,33.45,,,,1,1,1,1,,,,2461354,5154647.15
1115213400,8.63,8.95,8.6,8.83,8.737590494438345,9.210791962391758,0,0,0,7.33,33.45,,,,1,1,1,1,,,,2233119,5072084.2
1115299800,8.85,9.77,8.75,9.22,8.834072395550676,9.21162905671978,0,0,0,7.33,33.45,,,,1,1,1,1,,,,4397559,5101826.8
1115386200,9.34,9.68,9.3,9.44,8.95525791644054,9.232390051563435,0,0,0,7.33,33.45,,,,1,1,1,1,,,,3646892,5080210.7
1115645400,9.35,11.03,9.35,10.94,9.352206333152433,9.387627319603123,0,0,0,7.33,33.45,,,,1,1,1,1,,,,13114848,5552669.75
1115731800,10.61,11.15,10.249,10.49,9.579765066521945,9.487843017821021,0,0,0,7.33,33.45,,,,1,1,1,1,,,,10264797,5796926.2
1115818200,10.82,11.11,10.3,10.66,9.795812053217556,9.594402743473655,0,0,0,7.33,33.45,,,,1,1,1,1,,,,7679695,5924452.55
1115904600,10.81,11.5,10.75,11.2,10.076649642574045,9.740366130430596,0,0,0,7.33,33.45,,,,1,1,1,1,,,,9617172,6211477.15
1115991000,12.27,12.55,11.27,11.38,10.337319714059236,9.889423754936905,0,0,0,7.33,33.45,,,,1,1,1,1,,,,16588227,6826349.85
1116250200,11.9,11.96,11.44,11.68,10.605855771247388,10.052203413579004,0,0,0,7.33,33.45,,,,1,1,1,1,,,,4864754,6877881.55
1116336600,11.51,11.6,10.21,10.33,10.550684616997911,10.077457648708187,0,0,0,7.33,33.45,,,,1,1,1,1,,,,11583883,7049339
1116423000,10.18,10.69,10.02,10.54,10.548547693598328,10.11950695337108,0,0,0,7.33,33.45,,,,1,1,1,1,,,,6088922,7164847.7
1116509400,10.54,11.75,10.54,11.2,10.678838154878662,10.217733593973708,0,0,0,7.33,33.45,,,,1,1,1,1,,,,8833746,6715451
1116595800,11.4,11.67,11.04,11.12,10.767070523902929,10.29975781270337,0,0,0,7.33,33.45,,,,1,1,1,1,,,,5315422,6642097.5
1116855000,11.12,11.39,10.8,10.84,10.781656419122342,10.348870738821246,0,0,0,7.33,33.45,,,,1,1,1,1,,,,4180070,6541586.15
1116941400,11.17,11.801,10.85,11.5,10.925325135297873,10.45351885347386,0,0,0,7.33,33.45,,,,1,1,1,1,,,,7808969,6535816.65
1117027800,11.54,11.54,11.15,11.21,10.982260108238298,10.522289866794418,0,0,0,7.33,33.45,,,,1,1,1,1,,,,2928334,6500676.3
1117114200,11.45,11.45,11.17,11.22,11.02980808659064,10.585718060722199,0,0,0,7.33,33.45,,,,1,1,1,1,,,,2711372,6486096.35
1117200600,11.17,11.26,10.91,10.97,11.017846469272511,10.620652782474727,0,0,0,7.33,33.45,,,,1,1,1,1,,,,3223151,6498760.75
1117546200,11.1,11.72,11,11.34,11.082277175418008,10.686047984067933,0,0,0,7.33,33.45,,,,1,1,1,1,,,,5227273,6638477.95
1117632600,11.43,11.58,11.17,11.27,11.119821740334407,10.739134530970848,0,0,0,7.33,33.45,,,,1,1,1,1,,,,3578322,6694326.35
1117719000,11.25,11.65,11.2,11.4,11.175857392267526,10.799213209973498,0,0,0,7.33,33.45,,,,1,1,1,1,,,,3173073,6741324.05
1117805400,11.34,11.44,11.05,11.1,11.16068591381402,10.826557463612271,0,0,0,7.33,33.45,,,,1,1,1,1,,,,3064744,6674683.3
1118064600,11.1,11.66,11.02,11.18,11.164548731051216,10.858688603283882,0,0,0,7.33,33.45,,,,1,1,1,1,,,,3682412,6676459.3
1118151000,11.3,11.37,10.9,11.06,11.143638984840972,10.876989639348984,0,0,0,7.33,33.45,,,,1,1,1,1,,,,2575635,6149498.65
1118237400,11.03,11.22,10,10.67,11.048911187872777,10.858172399408168,0,0,0,7.33,33.45,,,,1,1,1,1,,,,6021078,5937312.7
1118323800,10.66,10.98,10.66,10.97,11.033128950298222,10.868338544916517,0,0,0,7.33,33.45,,,,1,1,1,1,,,,2118849,5659270.4
1118410200,10.93,11,10.7,10.84,10.994503160238578,10.86576231356047,0,0,0,7.33,33.45,,,,1,1,1,1,,,,1555046,5256164.1
1118669400,11.52,11.8,11.15,11.22,11.039602528190862,10.897965739600428,0,0,0,7.33,33.45,,,,1,1,1,1,,,,8903598,4871932.65
1118755800,11.15,11.35,11.04,11.11,11.053682022552689,10.917241581454935,0,0,0,7.33,33.45,,,,1,1,1,1,,,,2557748,4756582.35
1118842200,11.14,11.18,10.77,10.95,11.03294561804215,10.920219619504486,0,0,0,7.33,33.45,,,,1,1,1,1,,,,3748138,4364795.1
1118928600,10.87,10.97,10.67,10.83,10.99235649443372,10.912017835913169,0,0,0,7.33,33.45,,,,1,1,1,1,,,,2505296,4185613.8
1119015000,10.92,10.92,10.6,10.65,10.923885195546976,10.888198032648335,0,0,0,7.33,33.45,,,,1,1,1,1,,,,2627466,3875299.8
1119274200,10.56,10.83,10.5,10.52,10.84310815643758,10.854725484225758,0,0,0,7.33,33.45,,,,1,1,1,1,,,,2676996,3743378.5
1119360600,10.49,11.24,10.38,10.77,10.828486525150064,10.847023167477962,0,0,0,7.33,33.45,,,,1,1,1,1,,,,8578145,3963282.25
1119447000,10.88,10.9,10.63,10.63,10.788789220120051,10.827293788616329,0,0,0,7.33,33.45,,,,1,1,1,1,,,,1820629,3663865.25
1119533400,10.65,10.85,10.33,10.41,10.71303137609604,10.789357989651208,0,0,0,7.33,33.45,,,,1,1,1,1,,,,3466354,3690766.25
1119619800,10.45,10.51,10.1,10.35,10.640425100876833,10.749416354228371,0,0,0,7.33,33.45,,,,1,1,1,1,,,,2493686,3679881.95
1119879000,10.24,10.34,9.98,10.17,10.546340080701466,10.69674214020761,0,0,0,7.33,33.45,,,,1,1,1,1,,,,2056724,3621560.6
1119965400,10.15,10.52,10.15,10.25,10.487072064561172,10.656129218370554,0,0,0,7.33,33.45,,,,1,1,1,1,,,,3550830,3537738.45
1120051800,10.41,10.42,10.17,10.25,10.439657651648938,10.619208380336866,0,0,0,7.33,33.45,,,,1,1,1,1,,,,1349092,3426276.95
1120138200,10.221,10.28,10.01,10.04,10.35972612131915,10.566553073033514,0,0,0,7.33,33.45,,,,1,1,1,1,,,,1865697,3360908.15
1120224600,10.23,10.25,10.04,10.1,10.30778089705532,10.524139157303194,0,0,0,7.33,33.45,,,,1,1,1,1,,,,1356585,3275500.2
1120570200,9.9,10,9.5,9.75,10.196224717644256,10.45376287027563,0,0,0,7.33,33.45,,,,1,1,1,1,,,,3753969,3279078.05
1120656600,9.7,10.03,9.65,9.94,10.144979774115404,10.407057154796028,0,0,0,7.33,33.45,,,,1,1,1,1,,,,2265043,3263548.45
1120743000,10.09,10.12,9.89,9.9,10.095983819292323,10.360961049814572,0,0,0,7.33,33.45,,,,1,1,1,1,,,,1742306,3049609.85
1120829400,9.92,10.3,9.85,10.2,10.116787055433859,10.346328227104156,0,0,0,7.33,33.45,,,,1,1,1,1,,,,2704809,3078907.85
1121088600,10.15,10.22,10,10.06,10.105429644347087,10.320298388276505,0,0,0,7.33,33.45,,,,1,1,1,1,,,,1866411,3094476.1
1121175000,10.03,10.59,10.01,10.17,10.11834371547767,10.306634898433186,0,0,0,7.33,33.45,,,,1,1,1,1,,,,3588042,2828698.3
1121261400,10.25,10.34,10.05,10.17,10.128674972382136,10.29421354403017,0,0,0,7.33,33.45,,,,1,1,1,1,,,,2076617,2804641.75
1121347800,10.55,10.62,10.19,10.24,10.15093997790571,10.289285040027426,0,0,0,7.33,33.45,,,,1,1,1,1,,,,2650890,2749779.35
1121434200,10.25,10.28,10,10,10.120751982324567,10.262986400024934,0,0,0,7.33,33.45,,,,1,1,1,1,,,,1767832,2712906.15
1121693400,10.2,10.2,10.01,10.1,10.116601585859653,10.24816945456812,0,0,0,7.33,33.45,,,,1,1,1,1,,,,1390688,2651067.25
1121779800,10.12,10.18,9.93,10.03,10.099281268687722,10.2283358677892,0,0,0,7.33,33.45,,,,1,1,1,1,,,,1770128,2605723.85
1121866200,9.52,9.89,9.51,9.67,10.013425014950178,10.177578061626546,0,0,0,7.33,33.45,,,,1,1,1,1,,,,3230569,2338345.05
1121952600,9.64,9.91,9.55,9.7,9.950740011960143,10.134161874205951,0,0,0,7.33,33.45,,,,1,1,1,1,,,,1738382,2334232.7
1122039000,9.7,9.8,9.56,9.59,9.878592009568115,10.0846926129145,0,0,0,7.33,33.45,,,,1,1,1,1,,,,1295805,2225705.25
1122298200,9.7,9.72,9.55,9.66,9.834873607654492,10.046084193558636,0,0,0,7.33,33.45,,,,1,1,1,1,,,,1363579,2169199.9
1122384600,9.66,9.72,9.56,9.58,9.783898886123593,10.003712903235124,0,0,0,7.33,33.45,,,,1,1,1,1,,,,875156,2110121.5
1122471000,10.01,10.2,9.58,9.96,9.819119108898875,9.999739002941022,0,0,0,7.33,33.45,,,,1,1,1,1,,,,3817803,2123470.15
1122557400,10.1,10.1,9.79,9.98,9.8512952871191,9.997944548128201,0,0,0,7.33,33.45,,,,1,1,1,1,,,,1438279,2127929.5
1122643800,10.04,10.04,9.71,9.72,9.82503622969528,9.972676861934728,0,0,0,7.33,33.45,,,,1,1,1,1,,,,1204908,2094890.05
1122903000,9.86,9.95,9.64,9.65,9.790028983756224,9.943342601758843,0,0,0,7.33,33.45,,,,1,1,1,1,,,,1513962,2102758.9
1122989400,9.65,9.72,9.499,9.53,9.738023187004979,9.905766001598948,0,0,0,7.33,33.45,,,,1,1,1,1,,,,1738130,2001966.95
1123075800,9.52,9.6,9.47,9.5,9.690418549603983,9.868878183271772,0,0,0,7.33,33.45,,,,1,1,1,1,,,,880241,1932726.85
1123162200,9.54,9.541,9.08,9.24,9.600334839683187,9.811707439337974,0,0,0,7.33,33.45,,,,1,1,1,1,,,,2432252,1967224.15
1123248600,9.15,9.27,9.01,9.05,9.49026787174655,9.742461308489068,0,0,0,7.33,33.45,,,,1,1,1,1,,,,1434880,1903727.7
1123507800,9.05,9.11,8.69,8.8,9.35221429739724,9.656783007717335,0,0,0,7.33,33.45,,,,1,1,1,1,,,,2050175,1912915.9
1123594200,8.88,9,8.79,8.82,9.245771437917792,9.580711825197577,0,0,0,7.33,33.45,,,,1,1,1,1,,,,1100992,1788563.4
1123680600,8.85,8.9,8.52,8.6,9.116617150334234,9.49155620472507,0,0,0,7.33,33.45,,,,1,1,1,1,,,,1398860,1754675.55
1123767000,8.52,8.6,8.31,8.44,8.981293720267386,9.3959601861137,0,0,0,7.33,33.45,,,,1,1,1,1,,,,1587887,1701525.4
1123853400,9.01,9.55,9,9.35,9.055034976213909,9.39178198737609,0,0,0,7.33,33.45,,,,1,1,1,1,,,,6349387,1930603.15
1124112600,9.68,10.08,9.58,9.71,9.186027980971128,9.420710897614628,0,0,0,7.33,33.45,,,,1,1,1,1,,,,6513246,2186731.05
1124199000,9.8,9.8,9.35,9.37,9.222822384776903,9.416100816013298,0,0,0,7.33,33.45,,,,1,1,1,1,,,,1691941,2182821.7
1124285400,9.43,9.48,9.15,9.21,9.220257907821523,9.397364378193908,0,0,0,7.33,33.45,,,,1,1,1,1,,,,1269620,2084774.25
1124371800,9.32,9.48,9.15,9.23,9.222206326257218,9.382149434721734,0,0,0,7.33,33.45,,,,1,1,1,1,,,,1420160,2068863.15
1124458200,9.3,9.44,9.01,9.04,9.185765061005775,9.351044940656122,0,0,0,7.33,33.45,,,,1,1,1,1,,,,1809840,2094564.9
1124717400,9.13,9.19,9,9.01,9.15061204880462,9.32004085514193,0,0,0,7.33,33.45,,,,1,1,1,1,,,,1096574,2081214.65
1124803800,9.22,9.6,9.06,9.09,9.138489639043696,9.299128050129026,0,0,0,7.33,33.45,,,,1,1,1,1,,,,2235123,2149213
1124890200,9.14,9.14,8.98,8.98,9.106791711234957,9.270116409208205,0,0,0,7.33,33.45,,,,1,1,1,1,,,,1255699,2021107.8
1124976600,9.06,9.06,8.764,8.85,9.055433368987964,9.231924008371095,0,0,0,7.33,33.45,,,,1,1,1,1,,,,1080833,2003235.5
1125063000,8.82,8.88,8.75,8.7601,8.996366695190371,9.189030916700995,0,0,0,7.33,33.45,,,,1,1,1,1,,,,941728,1990076.5
1125322200,8.67,8.82,8.65,8.7,8.937093356152296,9.144573560637268,0,0,0,7.33,33.45,,,,1,1,1,1,,,,866789,1957717.85
1125408600,8.75,8.85,8.63,8.66,8.881674684921837,9.100521418761153,0,0,0,7.33,33.45,,,,1,1,1,1,,,,999144,1920768.55
1125495000,8.66,8.77,8.52,8.65,8.83533974793747,9.059564926146502,0,0,0,7.33,33.45,,,,1,1,1,1,,,,1037377,1928625.35
1125581400,8.69,8.7,8.52,8.54,8.776271798349976,9.012331751042273,0,0,0,7.33,33.45,,,,1,1,1,1,,,,1150402,1864532.85
1125667800,8.5,8.54,8.34,8.38,8.69701743867998,8.954847046402067,0,0,0,7.33,33.45,,,,1,1,1,1,,,,1565064,1871042.05
1126013400,8.36,8.47,8.34,8.37,8.631613950943985,8.901679133092788,0,0,0,7.33,33.45,,,,1,1,1,1,,,,1085869,1822826.75
1126099800,8.35,8.37,8.3,8.35,8.575291160755187,8.851526484629808,0,0,0,7.33,33.45,,,,1,1,1,1,,,,925953,1814074.8
1126186200,8.37,8.41,8.26,8.295,8.519232928604149,8.80093316784528,0,0,0,7.33,33.45,,,,1,1,1,1,,,,1078701,1798066.85
1126272600,8.37,8.39,8.1,8.12,8.439386342883319,8.739030152586619,0,0,0,7.33,33.45,,,,1,1,1,1,,,,1591501,1798247.55
1126531800,8.19,8.19,7.84,7.87,8.325509074306655,8.66002741144238,0,0,0,7.33,33.45,,,,1,1,1,1,,,,3076488,1634602.6
1126618200,8.3,8.42,8.09,8.1,8.280407259445324,8.609115828583981,0,0,0,7.33,33.45,,,,1,1,1,1,,,,4707613,1544320.95
1126704600,8.05,8.18,7.9,7.9,8.204325807556259,8.544650753258164,0,0,0,7.33,33.45,,,,1,1,1,1,,,,1521954,1535821.6
1126791000,7.9,7.99,7.76,7.77,8.117460646045007,8.474227957507422,0,0,0,7.33,33.45,,,,1,1,1,1,,,,1209249,1532803.05
1126877400,7.77,7.86,7.6,7.67,8.027968516836006,8.401116325006747,0,0,0,7.33,33.45,,,,1,1,1,1,,,,2045010,1564045.55
1127136600,7.73,7.74,7.51,7.52,7.926374813468805,8.321014840915224,0,0,0,7.33,33.45,,,,1,1,1,1,,,,1312069,1539157
1127223000,7.55,7.65,7.39,7.42,7.825099850775044,8.239104400832021,0,0,0,7.33,33.45,,,,1,1,1,1,,,,1588841,1563770.35
1127309400,7.5,7.52,7.11,7.14,7.688079880620035,8.1391858189382,0,0,0,7.33,33.45,,,,1,1,1,1,,,,1777988,1540913.6
1127395800,7.56,7.56,7.14,7.22,7.594463904496028,8.055623471762,0,0,0,7.33,33.45,,,,1,1,1,1,,,,2268312,1591544.25
1127482200,7.21,7.27,7.11,7.24,7.523571123596822,7.981475883420001,0,0,0,7.33,33.45,,,,1,1,1,1,,,,1084367,1591720.95
1127741400,7.4,7.53,7.21,7.31,7.480856898877458,7.92043262129091,0,0,0,7.33,33.45,,,,1,1,1,1,,,,1337718,1611520.45
1127827800,6.67,6.82,6.32,6.35,7.254685519101966,7.777666019355373,0,0,0,7.33,33.45,,,,1,1,1,1,,,,7759324,1956147.2
1127914200,6.31,6.37,5.83,5.88,6.9797484152815725,7.605150926686703,0,0,0,7.33,33.45,,,,1,1,1,1,,,,6483750,2230377.5
1128000600,5.95,6.38,5.9,6.13,6.809798732225258,7.471046296987911,0,0,0,7.33,33.45,,,,1,1,1,1,,,,3842441,2370630.7
1128087000,6.25,6.26,6,6.17,6.681838985780207,7.352769360898101,0,0,0,7.33,33.45,,,,1,1,1,1,,,,1775614,2401891.3
1128346200,6.17,6.22,5.98,5.99,6.543471188624165,7.228881237180092,0,0,0,7.33,33.45,,,,1,1,1,1,,,,1761266,2411701.4
1128432600,6.03,6.1,5.86,5.89,6.412776950899333,7.107164761072811,0,0,0,7.33,33.45,,,,1,1,1,1,,,,1729609,2443888.4
1128519000,5.99,6.001,5.69,5.72,6.274221560719466,6.981058873702556,0,0,0,7.33,33.45,,,,1,1,1,1,,,,1799461,2487563.8
1128605400,5.7,5.8,5.53,5.61,6.141377248575573,6.856417157911414,0,0,0,7.33,33.45,,,,1,1,1,1,,,,1632177,2515237.6
1128691800,5.55,5.69,5.38,5.42,5.9971017988604585,6.725833779919467,0,0,0,7.33,33.45,,,,1,1,1,1,,,,2219222,2546623.65
1128951000,5.39,5.98,5.37,5.9,5.977681439088367,6.65075798174497,0,0,0,7.33,33.45,,,,1,1,1,1,,,,4084301,2597014.3
1129037400,5.9,5.97,5.51,5.64,5.910145151270694,6.5588708924954275,0,0,0,7.33,33.45,,,,1,1,1,1,,,,2373626,2480314.95
1129123800,5.66,5.89,5.62,5.66,5.860116121016555,6.477155356814025,0,0,0,7.33,33.45,,,,1,1,1,1,,,,1677203,2488077.4
1129210200,5.68,5.68,5.31,5.51,5.790092896813244,6.389232142558205,0,0,0,7.33,33.45,,,,1,1,1,1,,,,1096944,2482462.15
1129296600,5.55,5.61,5.52,5.61,5.754074317450595,6.318392856871095,0,0,0,7.33,33.45,,,,1,1,1,1,,,,956781,2428050.7
1129555800,5.69,6.05,5.62,5.94,5.791259453960476,6.28399350624645,0,0,0,7.33,33.45,,,,1,1,1,1,,,,3041434,2514518.95
1129642200,6,6,5.66,5.7,5.77300756316838,6.230903187496772,0,0,0,7.33,33.45,,,,1,1,1,1,,,,1214610,2495807.4
1129728600,5.78,5.78,5.5,5.58,5.734406050534704,6.171730170451611,0,0,0,7.33,33.45,,,,1,1,1,1,,,,1465926,2480204.3
1129815000,5.85,5.9,5.58,5.61,5.709524840427764,6.120663791319647,0,0,0,5.31,12.55,33.45,,,1,1,1,1,,,,1687737,2451175.55
1129901400,5.62,5.65,5.44,5.46,5.659619872342211,6.060603446654224,0,0,0,5.31,12.55,33.45,,,1,1,1,1,,,,1655896,2479752
1130160600,6.23,6.8,6.13,6.52,5.831695897873769,6.102366769685658,0,0,0,5.31,12.55,33.45,,,1,1,1,1,,,,14442305,3134981.35
1130247000,6.68,7.08,6.48,6.97,6.059356718299015,6.181242517896053,0,0,0,5.31,12.55,33.45,,,1,1,1,1,,,,8024035,3148216.9
1130333400,7.02,7.16,6.34,6.5299,6.153465374639212,6.212938652632776,0,0,0,5.31,12.55,33.45,,,1,1,1,1,,,,8290164,3238537.6
1130419800,6.42,6.44,6.08,6.11,6.144772299711369,6.203580593302523,0,0,0,5.31,12.55,33.45,,,1,1,1,1,,,,2879956,3190413.35
1130506200,6.31,6.37,6.04,6.14,6.1438178397690955,6.197800539365931,0,0,0,5.31,12.55,33.45,,,1,1,1,1,,,,1982032,3200734.25
1130769000,6.18,6.24,6.06,6.15,6.145054271815276,6.19345503578721,0,0,0,5.31,12.55,33.45,,,1,1,1,1,,,,1643243,3194833.1
1130855400,6.13,6.35,6.13,6.3,6.176043417452221,6.203140941624736,0,0,0,5.31,12.55,33.45,,,1,1,1,1,,,,1819937,3199349.5
1130941800,6.31,6.55,6.21,6.53,6.246834733961777,6.232855401477033,0,0,0,5.31,12.55,33.45,,,1,1,1,1,,,,1996578,3209205.35
1131028200,6.76,7.31,6.73,7.3,6.4574677871694215,6.329868546797303,0,0,0,5.31,12.55,33.45,,,1,1,1,1,,,,4984492,3376821.1
1131114600,7.4,7.99,7.15,7.98,6.761974229735538,6.479880497088457,0,0,0,5.31,12.55,33.45,,,1,1,1,1,,,,8108715,3671295.75
1131373800,8.35,8.61,7.68,7.92,6.99357938378843,6.610800451898597,0,0,0,5.31,12.55,33.45,,,1,1,1,1,,,,9343930,3934277.2
1131460200,8.1,8.194,7.621,7.73,7.140863507030744,6.712545865362361,0,0,0,5.31,12.55,33.45,,,1,1,1,1,,,,3776456,4004418.7
1131546600,7.64,7.8,7.21,7.65,7.242690805624595,6.797768968511237,0,0,0,5.31,12.55,33.45,,,1,1,1,1,,,,3237087,4082412.9
1131633000,7.795,7.91,7.52,7.67,7.328152644499676,6.877062698646579,0,0,0,5.31,12.55,33.45,,,1,1,1,1,,,,2268619,4140996.65
1131719400,7.7,7.74,7.41,7.53,7.368522115599741,6.936420635133254,0,0,0,5.31,12.55,33.45,,,1,1,1,1,,,,1603045,4173309.85
1131978600,7.505,7.57,7.21,7.26,7.346817692479792,6.96583694103023,0,0,0,5.31,12.55,33.45,,,1,1,1,1,,,,2195973,4131036.8
1132065000,7.01,7.14,6.88,7.11,7.299454153983834,6.978942673663846,0,0,0,5.31,12.55,33.45,,,1,1,1,1,,,,2753227,4207967.65
1132151400,7.05,7.38,7.03,7.35,7.309563323187067,7.012675157876223,0,0,0,5.31,12.55,33.45,,,1,1,1,1,,,,1753121,4222327.4
1132237800,7.38,7.54,7.28,7.35,7.3176506585496535,7.043341052614748,0,0,0,5.31,12.55,33.45,,,1,1,1,1,,,,1808856,4228383.35
1132324200,7.45,7.45,7.13,7.16,7.2861205268397224,7.053946411467953,0,0,0,5.31,12.55,33.45,,,1,1,1,1,,,,1300672,4210622.15
1132583400,7.13,7.21,7.01,7.14,7.256896421471778,7.061769464970866,0,0,0,5.31,12.55,33.45,,,1,1,1,1,,,,1458556,3561434.7
1132669800,7.1,7.36,7.07,7.12,7.229517137177422,7.067063149973515,0,0,0,5.31,12.55,33.45,,,1,1,1,1,,,,1328499,3226657.9
1132756200,7.12,7.5,7.07,7.4,7.2636137097419375,7.097330136339559,0,0,0,5.31,12.55,33.45,,,1,1,1,1,,,,3303046,2977302
1132929000,6.75,6.9,6.35,6.5,7.11089096779355,7.0430273966723265,0,0,0,5.31,12.55,33.45,,,1,1,1,1,,,,4546973,3060652.85
1133188200,6.25,6.38,6.02,6.28,6.94471277423484,6.973661269702115,0,0,0,5.31,12.55,33.45,,,1,1,1,1,,,,4598699,3191486.2
1133274600,6.235,6.38,6.07,6.19,6.793770219387872,6.902419336092832,0,0,0,5.31,12.55,33.45,,,1,1,1,1,,,,2394326,3229040.35
1133361000,6.13,6.23,6.08,6.1,6.655016175510298,6.829472123720756,0,0,0,5.31,12.55,33.45,,,1,1,1,1,,,,1268572,3201472.1
1133447400,6.15,6.29,5.97,6.14,6.552012940408238,6.766792839746142,0,0,0,5.31,12.55,33.45,,,1,1,1,1,,,,1582914,3180788.9
1133533800,6.06,6.18,6.01,6.02,6.44561035232659,6.698902581587402,0,0,0,5.31,12.55,33.45,,,1,1,1,1,,,,1282619,2995695.25
1133793000,6.12,6.22,5.97,6.03,6.362488281861272,6.638093255988547,0,0,0,5.31,12.55,33.45,,,1,1,1,1,,,,2545117,2717515.35
1133879400,6.03,6.14,5.94,6.03,6.295990625489018,6.58281205089868,0,0,0,5.31,12.55,33.45,,,1,1,1,1,,,,991693,2299903.5
1133965800,5.95,6.08,5.949,6.02,6.240792500391214,6.531647318998799,0,0,0,5.31,12.55,33.45,,,1,1,1,1,,,,1685738,2195367.6
1134052200,6,6.31,6,6.13,6.218634000312971,6.495133926362545,0,0,0,5.31,12.55,33.45,,,1,1,1,1,,,,1641399,2115583.2
1134138600,6.14,6.28,6.11,6.14,6.202907200250377,6.4628490239659495,0,0,0,5.31,12.55,33.45,,,1,1,1,1,,,,908346,2047569.55
1134397800,6.14,6.2,6.09,6.12,6.186325760200302,6.4316809308781355,0,0,0,5.31,12.55,33.45,,,1,1,1,1,,,,1022679,2018551.25
1134484200,7.15,7.43,6.93,7.04,6.357060608160242,6.486982664434668,0,0,0,5.31,12.55,33.45,,,1,1,1,1,,,,9844164,2400960.8
1134570600,7.119,7.12,6.64,6.81,6.447648486528194,6.51634787675879,0,0,0,5.31,12.55,33.45,,,1,1,1,1,,,,2745056,2400552.25
1134657000,6.76,6.85,6.61,6.73,6.504118789222555,6.535770797053445,0,0,0,5.31,12.55,33.45,,,1,1,1,1,,,,1584888,2392140.6
1134743400,6.7,6.839,6.42,6.54,6.511295031378044,6.536155270048586,0,0,0,5.31,12.55,33.45,,,1,1,1,1,,,,1676203,2385507.95
1135002600,6.52,6.63,6.25,6.28,6.465036025102435,6.512868427316897,0,0,0,5.31,12.55,33.45,,,1,1,1,1,,,,1331593,2387054
1135089000,6.27,6.43,6.12,6.15,6.402028820081949,6.479880388469906,0,0,0,5.31,12.55,33.45,,,1,1,1,1,,,,1129803,2370616.35
1135175400,6.53,7,6.52,6.83,6.487623056065559,6.511709444063551,0,0,0,5.31,12.55,33.45,,,1,1,1,1,,,,4488938,2528638.3
1135261800,7.29,7.31,7.04,7.2,6.630098444852447,6.574281312785047,0,0,0,5.31,12.55,33.45,,,1,1,1,1,,,,3752993,2551135.65
1135348200,7.7,7.75,7.52,7.65,6.834078755881958,6.672073920713679,0,0,0,5.31,12.55,33.45,,,1,1,1,1,,,,3310238,2489298.9
1135693800,7.81,7.98,7.26,7.31,6.929263004705566,6.730067200648799,0,0,0,5.31,12.55,33.45,,,1,1,1,1,,,,3612034,2439965.65
1135780200,7.43,7.48,7.01,7.15,6.973410403764453,6.768242909680726,0,0,0,5.31,12.55,33.45,,,1,1,1,1,,,,1752266,2407862.65
1135866600,7.09,7.25,6.93,7,6.978728323011563,6.789311736073388,0,0,0,5.31,12.55,33.45,,,1,1,1,1,,,,1860622,2437465.15
1135953000,6.94,7,6.75,6.9601,6.97500265840925,6.804837941884898,0,0,0,5.31,12.55,33.45,,,1,1,1,1,,,,2454427,2481040.8
1136298600,7.12,7.18,6.9499,7.06,6.9920021267273995,6.828034492622635,0,0,0,5.31,12.55,33.45,,,1,1,1,1,,,,1443053,2489062.5
1136385000,7.1,7.32,7.01,7.3,7.053601701381919,6.870940447838759,0,0,0,5.31,12.55,33.45,,,1,1,1,1,,,,1602911,2441952.2
1136471400,7.26,7.42,7.2,7.24,7.090881361105535,6.904491316217054,0,0,0,5.31,12.55,33.45,,,1,1,1,1,,,,1371885,2460961.8
1136557800,7.59,7.64,7.5,7.57,7.186705088884429,6.964992105651867,0,0,0,5.31,12.55,33.45,,,1,1,1,1,,,,2589294,2506139.6
1136817000,7.75,8.38,7.6,8.2,7.389364071107543,7.077265550592607,1,0,0,5.31,12.55,33.45,,,2,1,1,1,1,,,4908328,2669486.05
1136903400,8.25,8.95,8,8.79,7.669491256886034,7.2329686823569155,0,0,0,5.31,12.55,33.45,,,2,1,1,1,,,,5903359,2919236.7
1136989800,8.95,9.38,8.799,9.05,7.945593005508828,7.398153347597196,0,0,0,5.31,12.55,33.45,,,2,1,1,1,,,,6230430,3179624.25
1137076200,9.27,9.3,8.58,8.65,8.086474404407062,7.511957588724724,0,0,0,5.31,12.55,33.45,,,2,1,1,1,,,,3578628,2866347.45
1137162600,8.58,8.655,8.26,8.56,8.18117952352565,7.607234171567931,0,0,0,5.31,12.55,33.45,,,2,1,1,1,,,,3298762,2894032.75
1137508200,8.73,8.79,8.28,8.2999,8.20492361882052,7.670203792334482,0,0,0,5.31,12.55,33.45,,,2,1,1,1,,,,2306156,2930096.15
1137594600,8.05,8.36,7.75,8.32,8.227938895056415,7.729276174849529,0,0,0,5.31,12.55,33.45,,,2,1,1,1,,,,2189791,2955775.55
1137681000,8.33,8.5,8.24,8.45,8.272351116045131,7.794796522590481,0,0,0,5.31,12.55,33.45,,,2,1,1,1,,,,1550413,2966716.55
1137767400,8.46,8.51,8.12,8.18,8.253880892836104,7.829815020536801,0,0,0,5.31,12.55,33.45,,,2,1,1,1,,,,1451528,2982802.8
1138026600,8.29,8.3,7.87,8.05,8.213104714268884,7.849831836851637,0,0,0,5.31,12.55,33.45,,,2,1,1,1,,,,1656552,2841183.5
1138113000,8.11,9,8.11,8.78,8.326483771415107,7.934392578956033,0,0,0,5.31,12.55,33.45,,,2,1,1,1,,,,3370676,2822067.65
1138199400,9.08,9.18,8.83,8.97,8.455187017132086,8.028538708141848,0,0,0,5.31,12.55,33.45,,,2,1,1,1,,,,2981678,2805639.65
1138285800,9.02,9.79,8.72,9.767,8.71754961370567,8.186580643765316,0,1,0,5.31,12.55,33.45,,,3,1,1,1,,1,,6603570,2955216.45
1138372200,9.97,9.97,9.53,9.66,8.906039690964535,8.32052785796847,0,0,0,5.31,12.55,33.45,,,3,1,1,1,,,,2694355,3002320.9
1138631400,9.55,9.74,9.25,9.37,8.998831752771627,8.415934416334972,0,0,0,5.31,12.55,33.45,,,3,1,1,1,,,,2211804,3019880
1138717800,9.44,9.58,9.06,9.4399,9.087045402217301,8.509022196668155,0,0,0,5.31,12.55,33.45,,,3,1,1,1,,,,1874921,2990904.7
1138804200,9.6,9.8,9.45,9.51,9.17163632177384,8.600020178789233,0,0,0,5.31,12.55,33.45,,,3,1,1,1,,,,2221987,3029851.4
1138890600,9.68,9.74,9.12,9.22,9.181309057419073,8.656381980717484,0,0,0,5.31,12.55,33.45,,,3,1,1,1,,,,1620637,3030737.7
1138977000,9.11,9.4,9.09,9.35,9.215047245935258,8.719438164288622,0,0,0,5.31,12.55,33.45,,,3,1,1,1,,,,1118647,3018075.8
1139236200,9.47,9.48,9.06,9.15,9.202037796748206,8.758580149353293,0,0,0,5.31,12.55,33.45,,,3,1,1,1,,,,1589782,2968100.2
1139322600,9.03,9.44,8.96,9.01,9.163630237398564,8.781436499412084,0,0,0,5.31,12.55,33.45,,,3,1,1,1,,,,1111347,2778251.15
1139409000,9.04,9.28,9,9.17,9.164904189918852,8.816760454010986,0,0,0,5.31,12.55,33.45,,,3,1,1,1,,,,1015325,2533849.45
1139495400,9.15,9.65,9.15,9.49,9.229923351935081,8.877964049100896,0,0,0,5.31,12.55,33.45,,,3,1,1,1,,,,2039340,2324294.95
1139581800,9.85,10,9.57,9.749,9.333738681548065,8.957149135546269,0,0,0,5.31,12.55,33.45,,,3,1,1,1,,,,3038941,2297310.6
1139841000,9.97,10.65,9.81,10.56,9.578990945238452,9.102862850496608,0,0,0,5.31,12.55,33.45,,,3,1,1,1,,,,5405984,2402671.7
1139927400,11.05,11.31,10.83,10.91,9.845192756190762,9.267148045906007,0,0,0,5.31,12.55,33.45,,,3,1,1,1,,,,8887984,2731763.1
1140013800,10.69,10.82,10.4,10.43,9.96215420495261,9.372861859914552,0,0,0,5.31,12.55,33.45,,,3,1,1,1,,,,3479158,2796231.45
1140100200,10.625,10.7,10.1,10.24,10.017723363962087,9.451692599922321,0,0,0,5.31,12.55,33.45,,,3,1,1,1,,,,2421304,2839776
1140186600,10.32,10.35,10.09,10.18,10.05017869116967,9.517902363565746,0,0,0,5.31,12.55,33.45,,,3,1,1,1,,,,2352641,2884831.65
1140532200,10.35,10.69,10.3,10.4,10.120142952935735,9.598093057787041,0,0,0,5.31,12.55,33.45,,,3,1,1,1,,,,2691407,2936574.4
1140618600,9.95,10.31,9.46,10.2,10.136114362348588,9.652811870715492,0,0,0,5.31,12.55,33.45,,,3,1,1,1,,,,8472145,3191647.85
1140705000,10.15,10.42,9.9,10.11,10.13089148987887,9.694374427923174,0,0,0,5.31,12.55,33.45,,,3,1,1,1,,,,1931341,3139131
1140791400,10.06,10.25,9.91,10,10.104713191903096,9.72215857083925,0,0,0,5.31,12.55,33.45,,,3,1,1,1,,,,1775882,2897746.6
1141050600,10,10.09,9.87,9.93,10.069770553522478,9.7410532462175,0,0,0,5.31,12.55,33.45,,,3,1,1,1,,,,1663770,2846217.35
1141137000,9.81,9.93,9.51,9.56,9.967816442817982,9.724593860197729,0,0,0,5.31,12.55,33.45,,,3,1,1,1,,,,3345828,2902918.55
1141223400,9.5,10.08,9.3,10.03,9.980253154254386,9.752358054725208,0,0,0,5.31,12.55,33.45,,,3,1,1,1,,,,3158432,2967094.1
1141309800,10,10.25,9.82,9.94,9.972202523403508,9.769416413386553,0,0,0,5.31,12.55,33.45,,,3,1,1,1,,,,2183390,2965164.25
1141396200,9.96,9.99,9.8,9.81,9.939762018722806,9.773105830351412,0,0,0,5.31,12.55,33.45,,,3,1,1,1,,,,1533904,2960827.6
1141655400,9.8,10.05,9.8,9.91,9.933809614978244,9.78555075486492,0,0,0,5.31,12.55,33.45,,,3,1,1,1,,,,1577153,2983752.9
1141741800,9.95,9.95,9.55,9.71,9.889047691982595,9.778682504422655,0,0,0,5.31,12.55,33.45,,,3,1,1,1,,,,1415469,2975037.25
1141828200,9.55,9.699,9.24,9.38,9.787238153586076,9.742438640384231,0,0,0,5.31,12.55,33.45,,,3,1,1,1,,,,1560727,2997506.25
1141914600,9.38,9.75,9.36,9.45,9.71979052286886,9.71585330944021,0,0,0,5.31,12.55,33.45,,,3,1,1,1,,,,1161863,3004833.15
1142001000,9.5,9.5,9.34,9.36,9.647832418295089,9.683503008582008,0,0,0,5.31,12.55,33.45,,,3,1,1,1,,,,770997,2941416
1142260200,9.34,9.7,9.32,9.56,9.630265934636071,9.67227546234728,0,0,0,5.31,12.55,33.45,,,3,1,1,1,,,,1109729,2844955.4
1142346600,9.62,9.9,9.5,9.74,9.652212747708857,9.678432238497527,0,0,0,5.31,12.55,33.45,,,3,1,1,1,,,,1412980,2645305.2
1142433000,9.72,10.42,9.67,10.36,9.793770198167085,9.74039294408866,0,0,0,5.31,12.55,33.45,,,3,1,1,1,,,,3323788,2367095.4
1142519400,10.44,10.49,10.1,10.11,9.857016158533668,9.773993585535145,0,0,0,5.31,12.55,33.45,,,3,1,1,1,,,,2542724,2320273.7
1142605800,10.06,10.22,10,10,9.885612926826933,9.794539623213767,0,0,0,5.31,12.55,33.45,,,3,1,1,1,,,,1806840,2289550.5
1142865000,10.05,10.34,10,10.23,9.954490341461547,9.834126930194333,0,0,0,5.31,12.55,33.45,,,3,1,1,1,,,,1814267,2262631.8
1142951400,10.57,10.61,10.3,10.39,10.041592273169238,9.884660845631212,0,0,0,5.31,12.55,33.45,,,3,1,1,1,,,,2622855,2259204.2
1143037800,10.32,10.84,10.26,10.7,10.17327381853539,9.958782586937465,0,0,0,5.31,12.55,33.45,,,3,1,1,1,,,,2618641,1966529
1143124200,11,11.24,10.71,10.88,10.314619054828313,10.042529624488605,0,0,0,5.31,12.55,33.45,,,3,1,1,1,,,,3423127,2041118.3
1143210600,10.79,11.13,10.7,10.85,10.42169524386265,10.115936022262368,0,0,0,5.31,12.55,33.45,,,3,1,1,1,,,,1557814,2030214.9
1143469800,10.86,10.919,10.35,10.76,10.48935619509012,10.17448729296579,0,0,0,5.31,12.55,33.45,,,3,1,1,1,,,,1578093,2025931.05
1143556200,10.51,10.75,10.41,10.55,10.501484956072098,10.20862481178708,0,0,0,5.31,12.55,33.45,,,3,1,1,1,,,,1581602,1937719.75
1143642600,10.52,10.8,10.52,10.72,10.545187964857679,10.255113465260983,0,0,0,5.31,12.55,33.45,,,3,1,1,1,,,,895812,1824588.75
1143729000,10.66,10.81,10.49,10.61,10.558150371886143,10.287375877509986,0,0,0,5.31,12.55,33.45,,,3,1,1,1,,,,817986,1756318.55
1143815400,10.59,10.64,10.46,10.59,10.564520297508913,10.314887161372715,0,0,0,5.31,12.55,33.45,,,3,1,1,1,,,,553225,1707284.6
1144071000,10.6,10.65,10.35,10.42,10.535616238007131,10.324442873975196,0,0,0,5.31,12.55,33.45,,,3,1,1,1,,,,1006271,1678740.5
1144157400,10.38,10.8,10.29,10.72,10.572492990405705,10.360402612704723,0,0,0,5.31,12.55,33.45,,,3,1,1,1,,,,1206667,1668300.4
1144243800,10.7,11.09,10.7,11.04,10.665994392324563,10.42218419336793,0,0,0,5.31,12.55,33.45,,,3,1,1,1,,,,1795683,1680048.2
1144330200,11.1,11.38,10.68,11.02,10.73679551385965,10.476531084879936,0,0,0,5.31,12.55,33.45,,,3,1,1,1,,,,2063184,1725114.25
1144416600,11.07,11.14,10.57,10.68,10.72543641108772,10.49502825898176,0,0,0,5.31,12.55,33.45,,,3,1,1,1,,,,2981385,1835633.65
1144675800,10.8,10.87,10.08,10.25,10.630349128870176,10.472752962710691,0,0,0,5.31,12.55,33.45,,,3,1,1,1,,,,2162190,1888256.7
1144762200,10.24,10.32,9.75,9.78,10.46027930309614,10.409775420646083,0,0,0,5.31,12.55,33.45,,,3,1,1,1,,,,1919352,1913575.3
1144848600,10.02,10.18,9.909,10.1,10.388223442476912,10.381614018769167,0,0,0,5.31,12.55,33.45,,,3,1,1,1,,,,1475297,1821150.75
1144935000,10.1,10.4,10.07,10.33,10.37657875398153,10.376921835244698,0,0,0,5.31,12.55,33.45,,,3,1,1,1,,,,1277838,1757906.45
1145280600,10.27,10.36,9.93,10.15,10.331263003185224,10.35629257749518,0,0,0,5.31,12.55,33.45,,,3,1,1,1,,,,983751,1716752
1145367000,10.11,10.38,9.99,10.29,10.32301040254818,10.350265979541073,0,0,0,5.31,12.55,33.45,,,3,1,1,1,,,,982403,1675158.8
1145453400,10.18,10.73,10.18,10.67,10.392408322038543,10.379332708673703,0,0,0,5.31,12.55,33.45,,,3,1,1,1,,,,1763664,1632199.25
1145539800,10.64,10.88,10.45,10.76,10.465926657630835,10.413938826067003,0,0,0,5.31,12.55,33.45,,,3,1,1,1,,,,1215852,1562059.8
1145626200,10.79,10.95,10.3,10.34,10.440741326104668,10.407217114606366,0,0,0,5.31,12.55,33.45,,,3,1,1,1,,,,1310211,1456414
1145885400,10.3,10.34,10.15,10.2,10.392593060883733,10.388379195096697,0,0,0,5.31,12.55,33.45,,,3,1,1,1,,,,894372,1423241.9
1145971800,10.25,10.62,10.21,10.4,10.394074448706986,10.389435631906087,0,0,0,5.31,12.55,33.45,,,3,1,1,1,,,,1677225,1428198.5
1146058200,10.81,11.1,10.51,10.98,10.51125955896559,10.443123301732806,0,0,0,5.31,12.55,33.45,,,3,1,1,1,,,,4203523,1559294.55
1146144600,10.895,11,10.51,10.52,10.513007647172472,10.45011209248437,0,0,0,5.31,12.55,33.45,,,3,1,1,1,,,,1538717,1591439.8
1146231000,10.58,11.08,10.3,10.7,10.550406117737978,10.47282917498579,0,0,0,5.31,12.55,33.45,,,3,1,1,1,,,,3864698,1743775.4
1146490200,10.79,10.79,10.32,10.39,10.518324894190382,10.465299249987082,0,0,0,5.31,12.55,33.45,,,3,1,1,1,,,,1532292,1792728.75
1146576600,10.7,10.7,10.39,10.53,10.520659915352306,10.471181136351893,0,0,0,5.31,12.55,33.45,,,3,1,1,1,,,,1405741,1812702.25
1146663000,10.47,10.55,10.35,10.52,10.520527932281844,10.475619214865358,0,0,0,5.31,12.55,33.45,,,3,1,1,1,,,,769218,1790829.8
1146749400,10.76,10.76,10.36,10.37,10.490422345825476,10.466017468059416,0,0,0,5.31,12.55,33.45,,,3,1,1,1,,,,974367,1749764
1146835800,10.5,10.64,10.41,10.61,10.514337876660381,10.479106789144923,0,0,0,5.31,12.55,33.45,,,3,1,1,1,,,,904587,1691834.15
1147095000,10.54,10.83,10.53,10.62,10.535470301328305,10.49191526285902,0,0,0,5.31,12.55,33.45,,,3,1,1,1,,,,729941,1579261.95
1147181400,10.56,10.64,10.47,10.51,10.530376241062644,10.493559329871836,0,0,0,5.31,12.55,33.45,,,3,1,1,1,,,,563353,1499320.1
1147267800,10.61,10.7,10.47,10.5,10.524300992850115,10.494144845338033,0,0,0,5.31,12.55,33.45,,,3,1,1,1,,,,760135,1441359.25
1147354200,10.5,10.6,10,10.14,10.447440794280093,10.461949859398212,0,0,0,5.31,12.55,33.45,,,3,1,1,1,,,,1226287,1428908.75
1147440600,9.77,9.79,9.13,9.44,10.245952635424073,10.369045326725647,0,0,0,5.31,12.55,33.45,,,3,1,1,1,,,,3583941,1544213.9
1147699800,9.44,10.75,9.27,9.57,10.110762108339259,10.29640484247786,0,0,0,5.31,12.55,33.45,,,3,1,1,1,,,,2900156,1640034.15
1147786200,9.65,9.83,9.37,9.44,9.976609686671408,10.218549856798056,0,0,0,5.31,12.55,33.45,,,3,1,1,1,,,,963223,1639075.15
1147872600,9.75,9.79,9.38,9.54,9.889287749337125,10.15686350618005,0,0,0,5.31,12.55,33.45,,,3,1,1,1,,,,1209603,1611372.1
1147959000,9.68,9.68,9.1,9.15,9.7414301994697,10.065330460163683,0,0,0,5.31,12.55,33.45,,,3,1,1,1,,,,650519,1583105.45
1148045400,9.2,9.51,8.71,9.25,9.64314415957576,9.991209509239711,0,0,0,5.31,12.55,33.45,,,3,1,1,1,,,,1633321,1599260.95
1148304600,9.43,9.58,9.1,9.17,9.548515327660608,9.91655409930883,0,0,0,5.31,12.55,33.45,,,3,1,1,1,,,,1289357,1619010.2
1148391000,9.3,9.49,9.25,9.4,9.518812262128487,9.8695946357353,0,0,0,5.31,12.55,33.45,,,3,1,1,1,,,,853926,1577845.25
1148477400,9.51,9.64,9.31,9.58,9.53104980970279,9.843267850668454,0,0,0,5.31,12.55,33.45,,,3,1,1,1,,,,2034125,1469375.35
1148563800,9.53,9.69,9.32,9.58,9.540839847762232,9.819334409698595,0,0,0,5.31,12.55,33.45,,,3,1,1,1,,,,906233,1437751.15
1148650200,9.6,9.8,9.51,9.61,9.554671878209785,9.800304008816903,0,0,0,5.31,12.55,33.45,,,3,1,1,1,,,,955815,1292307
1148995800,9.51,9.66,9.28,9.3,9.503737502567828,9.754821826197185,0,0,0,5.31,12.55,33.45,,,3,1,1,1,,,,632839,1247334.35
1149082200,9.33,9.42,9.2,9.32,9.466990002054263,9.715292569270169,0,0,0,5.31,12.55,33.45,,,3,1,1,1,,,,1057662,1229930.4
1149168600,9.35,9.75,9.26,9.75,9.523592001643411,9.718447790245607,0,0,0,5.31,12.55,33.45,,,3,1,1,1,,,,955411,1239240.05
1149255000,9.82,9.88,9.6,9.66,9.550873601314729,9.713134354768734,0,0,0,5.31,12.55,33.45,,,3,1,1,1,,,,483511,1214697.25
1149514200,9.6,9.91,9.37,9.4,9.520698881051784,9.684667595244303,0,0,0,5.31,12.55,33.45,,,3,1,1,1,,,,669411,1202938.45
1149600600,9.48,9.6,9.3,9.35,9.486559104841428,9.654243268403912,0,0,0,5.31,12.55,33.45,,,3,1,1,1,,,,620756,1197479.2
1149687000,9.35,9.54,9.25,9.27,9.443247283873141,9.619312062185374,0,0,0,5.31,12.55,33.45,,,3,1,1,1,,,,531461,1195884.6
1149773400,9.215,9.3,8.7,9.18,9.390597827098514,9.579374601986704,0,0,0,5.31,12.55,33.45,,,3,1,1,1,,,,817314,1198743.55
1149859800,9.31,9.38,9.01,9.06,9.324478261678811,9.532158729078821,0,0,0,5.31,12.55,33.45,,,3,1,1,1,,,,525451,1163701.75
1150119000,9,9.14,8.5,8.57,9.173582609343049,9.444689753708019,0,0,0,5.31,12.55,33.45,,,3,1,1,1,,,,1309888,1049999.1
1150205400,8.5,8.565,7.28,7.47,8.83286608747444,9.265172503370927,0,0,0,5.31,12.55,33.45,,,3,1,1,1,,,,4458492,1127915.9
1150291800,7.55,8.3,7.51,8.02,8.670292869979551,9.151975003064479,0,0,0,5.31,12.55,33.45,,,3,1,1,1,,,,2964804,1227994.95
1150378200,8.08,8.35,7.94,8.26,8.588234295983641,9.070886366422254,0,0,0,5.31,12.55,33.45,,,3,1,1,1,,,,1498295,1242429.55
1150464600,8.26,8.31,7.92,8.22,8.514587436786913,8.993533060383868,0,0,0,5.31,12.55,33.45,,,3,1,1,1,,,,1452745,1282540.85
1150723800,8.23,8.25,8,8.02,8.41566994942953,8.905030054894425,0,0,0,5.31,12.55,33.45,,,3,1,1,1,,,,665790,1234164.3
1150810200,8,8.2,8,8.14,8.360535959543624,8.835481868085841,0,0,0,7.28,11.38,,,,1,1,1,1,,,,547683,1197080.6
1150896600,8.15,8.32,8.06,8.23,8.334428767634899,8.78043806189622,0,0,0,7.28,11.38,,,,1,1,1,1,,,,728222,1190795.4
1150983000,8.19,8.19,8,8.05,8.27754301410792,8.714034601723837,0,0,0,7.28,11.38,,,,1,1,1,1,,,,610418,1119610.05
1151069400,8.01,8.1199,8,8.08,8.238034411286336,8.656395092476215,0,0,0,7.28,11.38,,,,1,1,1,1,,,,395531,1094074.95
1151328600,8.16,8.16,8,8.08,8.20642752902907,8.603995538614742,0,0,0,7.28,11.38,,,,1,1,1,1,,,,302373,1061402.85
1151415000,8.1,8.2,7.83,7.85,8.135142023223255,8.535450489649765,0,0,0,7.28,11.38,,,,1,1,1,1,,,,513386,1055430.2
1151501400,7.85,8.02,7.65,7.77,8.062113618578604,8.465864081499786,0,0,0,7.28,11.38,,,,1,1,1,1,,,,616558,1033375
1151587800,7.87,7.98,7.72,7.92,8.033690894862882,8.416240074090714,0,0,0,7.28,11.38,,,,1,1,1,1,,,,1112172,1041213.05
1151674200,7.91,8,7.75,7.91,8.008952715890306,8.370218249173377,0,0,0,7.28,11.38,,,,1,1,1,1,,,,815060,1057790.5
1151933400,7.91,8.33,7.91,8.33,8.073162172712244,8.36656204470307,0,0,0,7.28,11.38,,,,1,1,1,1,,,,741940,1061416.95
1152106200,8.3,8.34,8.03,8.11,8.080529738169796,8.343238222457336,0,0,0,7.28,11.38,,,,1,1,1,1,,,,523984,1056578.35
1152192600,8.28,8.48,8.23,8.28,8.120423790535837,8.337489293143033,0,0,0,7.28,11.38,,,,1,1,1,1,,,,757033,1067856.95
1152279000,8.28,8.46,8.2,8.23,8.14233903242867,8.32771753922094,0,0,0,7.28,11.38,,,,1,1,1,1,,,,732095,1063596
1152538200,8.33,8.33,8.14,8.25,8.163871225942936,8.320652308382673,0,0,0,7.28,11.38,,,,1,1,1,1,,,,373471,1055997
1152624600,8.2,8.83,7.91,8.57,8.245096980754349,8.343320280347884,0,0,0,7.28,11.38,,,,1,1,1,1,,,,1698900,1075447.6
1152711000,8.57,8.73,8.15,8.22,8.24007758460348,8.332109345770803,0,0,0,7.28,11.38,,,,1,1,1,1,,,,582386,881642.3
1152797400,8.25,8.289,7.85,7.9,8.172062067682784,8.292826677973457,0,0,0,7.28,11.38,,,,1,1,1,1,,,,763626,771583.4
1152883800,7.94,7.984,7.43,7.61,8.059649654146227,8.230751525430415,0,0,0,7.28,11.38,,,,1,1,1,1,,,,957473,744542.3
1153143000,7.63,7.94,7.59,7.6,7.967719723316982,8.173410477664014,0,0,0,7.28,11.38,,,,1,1,1,1,,,,469360,695373.05
1153229400,7.67,7.74,7.45,7.55,7.884175778653586,8.116736797876376,0,0,0,7.28,11.38,,,,1,1,1,1,,,,709238,697545.45
1153315800,7.52,7.71,7.47,7.63,7.833340622922869,8.072487998069432,0,0,0,7.28,11.38,,,,1,1,1,1,,,,983690,719345.8
1153402200,7.63,7.77,7.32,7.39,7.744672498338295,8.010443634608574,0,0,0,7.28,11.38,,,,1,1,1,1,,,,651668,715518.1
1153488600,7.38,7.52,7.35,7.4,7.675737998670636,7.954948758735068,0,0,0,7.28,11.38,,,,1,1,1,1,,,,802151,725104.75
1153747800,7.7,8.04,7.62,8.01,7.742590398936509,7.95995341703188,0,0,0,7.28,11.38,,,,1,1,1,1,,,,1510222,780839.3
1153834200,8.15,8.6,8.08,8.5,7.894072319149207,8.009048560938073,0,0,0,7.28,11.38,,,,1,1,1,1,,,,2282473,879844.3
1153920600,8.12,8.12,7.22,7.3,7.775257855319365,7.944589600852794,0,0,0,7.28,11.38,,,,1,1,1,1,,,,5187426,1113546.3
1154007000,7.65,7.66,7.22,7.24,7.6682062842554926,7.880536000775267,0,0,0,7.28,11.38,,,,1,1,1,1,,,,2519333,1208685.05
1154093400,7.22,7.3,6.98,7.14,7.562565027404394,7.813214546159334,0,0,0,7.28,11.38,,,,1,1,1,1,,,,2409130,1273532.95
1154352600,7.1,7.23,7.1,7.22,7.4940520219235145,7.75928595105394,0,0,0,7.28,11.38,,,,1,1,1,1,,,,766095,1271084.7
1154439000,7.2,7.21,6.95,7,7.395241617538812,7.690259955503581,0,0,0,7.28,11.38,,,,1,1,1,1,,,,1170483,1292511.85
1154525400,7.01,7.37,6.93,7.35,7.386193294031049,7.659327232275983,0,0,0,7.28,11.38,,,,1,1,1,1,,,,2259918,1379308.55
1154611800,7.23,7.31,7.03,7.23,7.354954635224839,7.620297483887257,0,0,0,7.28,11.38,,,,1,1,1,1,,,,740615,1378487.65
1154698200,7.3,7.33,7.05,7.14,7.311963708179872,7.576634076261143,0,0,0,7.28,11.38,,,,1,1,1,1,,,,562770,1370021.4
1154957400,7.03,7.19,7,7.06,7.261570966543897,7.529667342055584,0,0,0,7.28,11.38,,,,1,1,1,1,,,,418762,1372285.95
1155043800,7.04,7.18,7.01,7.07,7.223256773235118,7.487879401868713,0,0,0,7.28,11.38,,,,1,1,1,1,,,,683662,1321524.05
1155130200,7.1,7.15,6.86,6.89,7.156605418588094,7.433526728971557,0,0,0,7.28,11.38,,,,1,1,1,1,,,,919049,1338357.2
1155216600,7.07,7.1,6.93,6.93,7.111284334870475,7.387751571792325,0,0,0,7.28,11.38,,,,1,1,1,1,,,,709499,1335650.85
1155303000,6.94,7.0279,6.87,6.9,7.06902746789638,7.343410519811205,0,0,0,7.28,11.38,,,,1,1,1,1,,,,463934,1310973.9
1155562200,7,7.07,6.91,6.97,7.049221974317104,7.309464108919277,0,0,0,7.28,11.38,,,,1,1,1,1,,,,553676,1315189.7
1155648600,7.09,7.14,7.01,7.14,7.067377579453683,7.294058280835706,0,0,0,7.28,11.38,,,,1,1,1,1,,,,499850,1304720.3
1155735000,7.21,7.7,7.21,7.68,7.189902063562946,7.329143891668824,0,0,0,6.86,11.38,,,,1,1,1,1,,,,2858415,1398456.55
1155821400,7.68,7.73,7.45,7.68,7.287921650850357,7.361039901517113,0,0,0,6.86,11.38,,,,1,1,1,1,,,,1193538,1425550.05
1155907800,7.72,7.93,7.68,7.91,7.412337320680285,7.410945365015557,0,0,0,6.86,11.38,,,,1,1,1,1,,,,1232330,1447059
1156167000,8,8.08,7.76,7.88,7.505869856544228,7.4535866954686885,0,0,0,6.86,11.38,,,,1,1,1,1,,,,1092076,1426151.7
1156253400,7.88,7.8999,7.74,7.84,7.572695885235382,7.488715177698808,0,0,0,6.86,11.38,,,,1,1,1,1,,,,571152,1340585.65
1156339800,7.86,7.87,7.5,7.53,7.564156708188306,7.492468343362552,0,0,0,6.86,11.38,,,,1,1,1,1,,,,828980,1122663.35
1156426200,7.58,7.7,7.47,7.53,7.557325366550645,7.495880312147775,0,0,0,6.86,11.38,,,,1,1,1,1,,,,555850,1024489.2
1156512600,7.51,7.85,7.47,7.71,7.5878602932405155,7.515345738316159,0,0,0,6.86,11.38,,,,1,1,1,1,,,,738920,940978.7
1156771800,7.65,7.81,7.65,7.74,7.618288234592413,7.53576885301469,0,0,0,6.86,11.38,,,,1,1,1,1,,,,422065,923777.2
1156858200,7.73,7.88,7.73,7.86,7.6666305876739305,7.565244411831537,0,0,0,6.86,11.38,,,,1,1,1,1,,,,411718,885838.95
1156944600,7.75,7.88,7.75,7.8,7.693304470139144,7.586585828937761,0,0,0,6.86,11.38,,,,1,1,1,1,,,,450471,795366.6
1157031000,7.78,7.89,7.74,7.77,7.7086435761113155,7.603259844488873,0,0,0,6.86,11.38,,,,1,1,1,1,,,,367836,776727.65
1157117400,7.85,7.91,7.8,7.86,7.738914860889053,7.626599858626248,0,0,0,6.86,11.38,,,,1,1,1,1,,,,474179,772298.1
1157463000,8,8.01,7.9,7.97,7.785131888711242,7.657818053296589,0,0,0,6.86,11.38,,,,1,1,1,1,,,,498820,776301
1157549400,7.96,7.96,7.69,7.7,7.768105510968994,7.661652775724172,0,0,0,6.86,11.38,,,,1,1,1,1,,,,472583,765747.05
1157635800,7.75,7.75,7.5,7.55,7.7244844087751945,7.651502523385611,0,0,0,6.86,11.38,,,,1,1,1,1,,,,617486,750668.9
1157722200,7.56,7.64,7.49,7.5,7.679587527020155,7.637729566714192,0,0,0,6.86,11.38,,,,1,1,1,1,,,,383181,734353
1157981400,7.41,7.76,7.4,7.59,7.661670021616124,7.63339051519472,0,0,0,6.86,11.38,,,,1,1,1,1,,,,557346,739023.6
1158067800,7.63,7.67,7.51,7.63,7.655336017292899,7.633082286540654,0,0,0,6.86,11.38,,,,1,1,1,1,,,,464082,734543.9
1158154200,7.58,7.66,7.55,7.61,7.646268813834319,7.63098389685514,0,0,0,6.86,11.38,,,,1,1,1,1,,,,461501,732626.45
1158240600,7.61,7.67,7.51,7.61,7.639015051067456,7.6290762698683094,0,0,0,6.86,11.38,,,,1,1,1,1,,,,535198,616465.6
1158327000,7.71,7.74,7.5,7.59,7.6292120408539645,7.625523881698463,0,0,0,6.86,11.38,,,,1,1,1,1,,,,982751,605926.25
1158586200,7.5,7.55,7.42,7.47,7.597369632683171,7.611385346998603,0,0,0,6.86,11.38,,,,1,1,1,1,,,,775129,583066.2
1158672600,7.39,7.52,7.33,7.41,7.559895706146537,7.593077588180548,0,0,0,6.86,11.38,,,,1,1,1,1,,,,526659,554795.35
1158759000,7.45,7.5,7.35,7.4,7.52791656491723,7.575525080164135,0,0,0,6.86,11.38,,,,1,1,1,1,,,,420363,547255.9
1158845400,7.39,7.5,7.28,7.29,7.480333251933784,7.549568254694668,0,0,0,6.86,11.38,,,,1,1,1,1,,,,447027,528158.25
1158931800,7.26,7.37,7.18,7.27,7.438266601547027,7.5241529588133345,0,0,0,6.86,11.38,,,,1,1,1,1,,,,590071,529869.3
1159191000,7.27,7.52,7.18,7.44,7.438613281237622,7.516502689830304,0,0,0,6.86,11.38,,,,1,1,1,1,,,,833908,534618.7
1159277400,7.4,7.5,7.32,7.35,7.420890624990097,7.501366081663913,0,0,0,6.86,11.38,,,,1,1,1,1,,,,528095,539920.2
1159363800,7.3,7.47,7.24,7.31,7.398712499992078,7.483969165149012,0,0,0,6.86,11.38,,,,1,1,1,1,,,,466168,542642.7
1159450200,7.29,7.37,7.19,7.24,7.366969999993662,7.4617901501354655,0,0,0,6.86,11.38,,,,1,1,1,1,,,,571854,548711.85
1159536600,7.25,7.85,7.25,7.66,7.42557599999493,7.479809227395878,0,0,0,6.86,11.38,,,,1,1,1,1,,,,1396806,600160.35
1159795800,7.6,7.8,7.46,7.54,7.448460799995944,7.485281115814434,0,0,0,6.86,11.38,,,,1,1,1,1,,,,867522,619827.5
1159882200,7.7,7.79,7.61,7.62,7.482768639996755,7.497528287104031,0,0,0,6.86,11.38,,,,1,1,1,1,,,,610561,625414.55
1159968600,7.57,7.69,7.52,7.65,7.516214911997404,7.511389351912755,0,0,0,6.86,11.38,,,,1,1,1,1,,,,493785,626474.65
1160055000,8.17,8.74,8.1,8.54,7.7209719295979236,7.604899410829778,0,0,0,6.86,11.38,,,,1,1,1,1,,,,6206051,905902.9
1160141400,8.73,8.85,8.55,8.76,7.928777543678339,7.709908555299798,1,0,0,6.86,11.38,,,,2,1,1,1,1,,,1991239,986305.8
1160400600,8.85,9.5,8.79,9.3,8.203022034942672,7.854462322999816,0,0,0,6.86,11.38,,,,2,1,1,1,,,,2796804,1098278.7
1160487000,9.4,9.4,9.01,9.25,8.412417627954138,7.981329384545288,0,0,0,6.86,11.38,,,,2,1,1,1,,,,1667016,1158425.4
1160573400,9.15,9.29,9,9.05,8.539934102363311,8.078481258677535,0,0,0,6.86,11.38,,,,2,1,1,1,,,,1298537,1200277.2
1160659800,9.07,9.69,9.07,9.65,8.761947281890649,8.221346598797759,0,1,0,6.86,11.38,,,,3,1,1,1,,1,,2325831,1289808.85
1160746200,9.54,9.72,9.31,9.63,8.93555782551252,8.349405998907054,0,0,0,6.86,11.38,,,,3,1,1,1,,,,1185570,1299949.8
1161005400,9.6,9.98,9.43,9.69,9.086446260410016,8.471278180824594,0,0,0,6.86,11.38,,,,3,1,1,1,,,,1692350,1345810.85
1161091800,9.67,9.75,9.39,9.63,9.195157008328012,8.576616528022358,0,0,0,6.86,11.38,,,,3,1,1,1,,,,1144549,1376705.35
1161178200,9.68,9.71,9.37,9.39,9.23412560666241,8.650560480020326,0,0,0,6.86,11.38,,,,3,1,1,1,,,,643670,1387870.7
1161264600,9.42,9.59,9.41,9.41,9.269300485329929,8.719600436382114,0,0,0,6.86,11.38,,,,3,1,1,1,,,,401672,1385602.95
1161351000,9.48,9.48,9.15,9.16,9.247440388263943,8.759636760347377,0,0,0,6.86,11.38,,,,3,1,1,1,,,,683172,1390258
1161610200,9.25,9.55,9.21,9.4,9.277952310611154,8.817851600315796,0,0,0,6.86,11.38,,,,3,1,1,1,,,,1091067,1403115.95
1161696600,9.32,9.44,9.08,9.2,9.262361848488922,8.852592363923451,0,0,0,6.86,11.38,,,,3,1,1,1,,,,1159969,1434709.65
1161783000,9.9,10.2,9.45,9.45,9.299889478791137,8.906902149021318,0,0,0,6.86,11.38,,,,3,1,1,1,,,,6501676,1736485.05
1161869400,9.5,9.71,9.43,9.61,9.36191158303291,8.970820135473925,0,0,0,6.86,11.38,,,,3,1,1,1,,,,1409163,1778350.5
1161955800,9.61,9.81,9.57,9.62,9.413529266426329,9.029836486794478,0,0,0,6.86,11.38,,,,3,1,1,1,,,,1188070,1767913.7
1162218600,9.6,9.83,9.55,9.67,9.464823413141064,9.088033169813162,0,0,0,6.86,11.38,,,,3,1,1,1,,,,772701,1763172.65
1162305000,9.63,9.7,9.25,9.31,9.433858730512851,9.10821197255742,0,0,0,6.86,11.38,,,,3,1,1,1,,,,1370268,1801158
1162391400,9.25,9.29,8.75,8.99,9.345086984410282,9.097465429597655,0,0,0,6.86,11.38,,,,3,1,1,1,,,,2166253,1884781.4
1162477800,8.89,8.97,8.7,8.77,9.230069587528225,9.067695845088776,0,0,0,6.86,11.38,,,,3,1,1,1,,,,1190910,1634024.35
1162564200,8.82,8.97,8.78,8.86,9.15605567002258,9.04881440462616,0,0,0,6.86,11.38,,,,3,1,1,1,,,,1150180,1591971.4
1162823400,8.92,9.44,8.7999,9.16,9.156844536018063,9.058922186023782,0,0,0,6.86,11.38,,,,3,1,1,1,,,,3433948,1623828.6
1162909800,9.18,9.31,9.07,9.12,9.14947562881445,9.064474714567075,0,0,0,6.86,11.38,,,,3,1,1,1,,,,1181096,1599532.6
1162996200,9.06,9.22,9,9.18,9.15558050305156,9.074977013242796,0,0,0,6.86,11.38,,,,3,1,1,1,,,,667620,1567986.75
1163082600,9.25,9.29,8.98,9.05,9.134464402441248,9.072706375675269,0,0,0,6.86,11.38,,,,3,1,1,1,,,,744527,1488921.55
1163169000,9.07,9.35,9,9.22,9.151571521952999,9.086096705159335,0,0,0,6.86,11.38,,,,3,1,1,1,,,,1059353,1482610.7
1163428200,9.25,9.37,9.07,9.25,9.171257217562399,9.100997004690305,0,0,0,6.86,11.38,,,,3,1,1,1,,,,668462,1431416.3
1163514600,9.24,9.28,9.05,9.28,9.193005774049919,9.117270004263913,0,0,0,6.86,11.38,,,,3,1,1,1,,,,719904,1410184.05
1163601000,9.08,9.36,9.08,9.21,9.196404619239935,9.125700003876284,0,0,0,6.86,11.38,,,,3,1,1,1,,,,609023,1408451.7
1163687400,9.25,9.28,9.05,9.07,9.171123695391948,9.120636367160259,0,0,0,6.86,11.38,,,,3,1,1,1,,,,646905,1420713.35
1163773800,9.06,9.11,9,9.02,9.140898956313558,9.111487606509327,0,0,0,6.86,11.38,,,,3,1,1,1,,,,574702,1415289.85
1164033000,9.05,9.08,8.94,8.98,9.108719165050847,9.09953418773575,0,0,0,6.86,11.38,,,,3,1,1,1,,,,592766,1390374.8
1164119400,8.97,8.99,8.78,8.81,9.048975332040678,9.073212897941591,0,0,0,6.86,11.38,,,,3,1,1,1,,,,793686,1372060.65
1164205800,8.82,8.86,8.69,8.85,9.009180265632542,9.052920816310538,0,0,0,6.86,11.38,,,,3,1,1,1,,,,1335893,1113771.5
1164378600,8.76,9.05,8.69,8.97,9.001344212506034,9.045382560282308,0,0,0,6.86,11.38,,,,3,1,1,1,,,,436017,1065114.2
1164637800,8.87,8.87,8.5,8.55,8.911075370004827,9.000347782074826,0,0,0,6.86,11.38,,,,3,1,1,1,,,,936511,1052536.25
1164724200,8.52,8.66,8.32,8.46,8.820860296003861,8.95122525643166,0,0,0,6.86,11.38,,,,3,1,1,1,,,,952292,1061515.8
1164810600,8.48,8.57,8.37,8.54,8.764688236803089,8.9138411422106,0,0,0,6.86,11.38,,,,3,1,1,1,,,,662369,1026120.85
1164897000,8.6,8.6,8.38,8.48,8.70775058944247,8.874401038373273,0,0,0,6.86,11.38,,,,3,1,1,1,,,,638460,949731.2
1164983400,8.59,8.59,8.16,8.28,8.622200471553976,8.820364580339339,0,0,0,6.86,11.38,,,,3,1,1,1,,,,1360875,958229.45
1165242600,8.23,8.53,8.211,8.43,8.58376037724318,8.78487689121758,0,0,0,6.86,11.38,,,,3,1,1,1,,,,738985,937669.7
1165329000,8.4,8.6,8.36,8.46,8.559008301794545,8.75534262837962,0,0,0,6.86,11.38,,,,3,1,1,1,,,,551233,793533.95
1165415400,8.48,8.68,8.46,8.56,8.559206641435637,8.737584207617836,0,0,0,6.86,11.38,,,,3,1,1,1,,,,623907,765674.5
1165501800,8.56,8.65,8.35,8.36,8.519365313148509,8.703258370561668,0,0,0,6.86,11.38,,,,3,1,1,1,,,,599122,762249.6
1165588200,8.47,8.54,8.42,8.46,8.507492250518807,8.68114397323788,0,0,0,6.86,11.38,,,,3,1,1,1,,,,525645,751305.5
1165847400,8.3,8.35,7.88,8.32,8.469993800415045,8.648312702943528,0,0,0,6.86,11.38,,,,3,1,1,1,,,,1511506,773913.15
1165933800,8.27,8.28,8.05,8.13,8.401995040332036,8.601193366312298,0,0,0,6.86,11.38,,,,3,1,1,1,,,,884620,784721.05
1166020200,8.14,8.32,7.98,8.04,8.329596032265629,8.550175787556634,0,0,0,6.86,11.38,,,,3,1,1,1,,,,1521818,824816.75
1166106600,8.02,8.18,7.98,8,8.263676825812503,8.500159806869668,0,0,0,6.86,11.38,,,,3,1,1,1,,,,694317,829081.45
1166193000,8,8.13,7.85,7.85,8.180941460650002,8.441054369881517,0,0,0,6.86,11.38,,,,3,1,1,1,,,,1383251,865898.75
1166452200,7.94,7.95,7.74,7.78,8.100753168520002,8.380958518074106,0,0,0,6.86,11.38,,,,3,1,1,1,,,,881053,881216.3
1166538600,7.71,7.77,7.58,7.6,8.000602534816002,8.309962289158278,0,0,0,6.86,11.38,,,,3,1,1,1,,,,1383183,920737.15
1166625000,7.68,7.81,7.66,7.69,7.938482027852801,8.25360208105298,0,0,0,6.86,11.38,,,,3,1,1,1,,,,930184,927562.05
1166711400,7.66,7.77,7.55,7.6,7.870785622282241,8.194183710048163,0,0,0,6.86,11.38,,,,3,1,1,1,,,,622081,891871.45
1166797800,7.54,7.62,7.5,7.53,7.802628497825793,8.133803372771057,0,0,0,6.86,11.38,,,,3,1,1,1,,,,545927,897366.95
1167143400,7.5,7.64,7.4191,7.43,7.728102798260634,8.069821247973689,0,0,0,6.86,11.38,,,,3,1,1,1,,,,926982,896890.5
1167229800,7.4,7.8,7.39,7.5,7.682482238608507,8.018019316339718,0,0,0,6.86,11.38,,,,3,1,1,1,,,,1541415,926346.65
1167316200,7.6,8.24,7.45,7.81,7.707985790886806,7.999108469399744,0,0,0,6.86,11.38,,,,3,1,1,1,,,,3605962,1073526.3
1167402600,7.91,8.11,7.59,7.61,7.688388632709445,7.9637349721815855,0,0,0,6.86,11.38,,,,3,1,1,1,,,,2713389,1177272.75
1167834600,7.95,8.05,7.75,7.9,7.730710906167555,7.957940883801442,0,0,0,6.86,11.38,,,,3,1,1,1,,,,2177141,1218086.05
1167921000,7.95,8.09,7.91,7.99,7.782568724934045,7.9608553489104015,0,0,0,6.86,11.38,,,,3,1,1,1,,,,1143206,1238297.1
1168007400,8.16,8.2,7.9,8.07,7.840054979947236,7.970777589918547,0,0,0,6.86,11.38,,,,3,1,1,1,,,,2018383,1311654.6
1168266600,8.25,8.32,8.06,8.19,7.910043983957788,7.990706899925952,0,0,0,6.86,11.38,,,,3,1,1,1,,,,1490586,1354988.55
1168353000,8.51,8.63,8.35,8.48,8.02403518716623,8.035188090841775,0,0,0,6.86,11.38,,,,3,1,1,1,,,,3130303,1481547.6
1168439400,8.43,8.45,8.26,8.33,8.085228149732984,8.061989173492522,0,0,0,6.86,11.38,,,,3,1,1,1,,,,1318082,1521169.45
1168525800,8.34,8.4,8.15,8.22,8.112182519786387,8.076353794084111,0,0,0,6.86,11.38,,,,3,1,1,1,,,,1150570,1503122.65
1168612200,8.16,8.3,8.0899,8.2,8.12974601582911,8.087594358258283,0,0,0,6.86,11.38,,,,3,1,1,1,,,,778891,1497836.2
1168957800,8.2,8.29,8.13,8.18,8.139796812663288,8.095994871143894,0,0,0,6.86,11.38,,,,3,1,1,1,,,,649243,1454207.45
1169044200,8.15,8.19,8.02,8.04,8.11983745013063,8.090904428312632,0,0,0,6.86,11.38,,,,3,1,1,1,,,,819878,1460485.5
1169130600,8.02,8.05,7.77,7.81,8.057869960104505,8.065367662102393,0,0,0,6.86,11.38,,,,3,1,1,1,,,,1118454,1447245.65
1169217000,7.77,7.97,7.75,7.82,8.010295968083604,8.043061511002175,0,0,0,6.86,11.38,,,,3,1,1,1,,,,848372,1445611.6
1169476200,7.88,7.9,7.75,7.85,7.9782367744668825,8.025510464547432,0,0,0,6.86,11.38,,,,3,1,1,1,,,,885710,1420737.95
1169562600,7.82,8.08,7.8,7.82,7.946589419573506,8.00682769504312,0,0,0,6.86,11.38,,,,3,1,1,1,,,,1128112,1430634.35
1169649000,7.82,7.88,7.65,7.75,7.907271535658805,7.983479722766472,0,0,0,6.86,11.38,,,,3,1,1,1,,,,832756,1441168.1
1169735400,7.75,7.76,7.54,7.61,7.847817228527044,7.949527020696793,0,0,0,6.86,11.38,,,,3,1,1,1,,,,945963,1461169.9
1169821800,7.63,7.69,7.5,7.64,7.806253782821636,7.921388200633449,0,0,0,6.86,11.38,,,,3,1,1,1,,,,685952,1449118.4
1170081000,7.82,7.84,7.68,7.73,7.791003026257309,7.903989273303135,0,0,0,6.86,11.38,,,,3,1,1,1,,,,850736,1414584.45
1170167400,7.67,7.85,7.67,7.83,7.798802421005847,7.897262975730123,0,0,0,6.86,11.38,,,,3,1,1,1,,,,741414,1271357.05
1170253800,7.78,7.83,7.65,7.75,7.7890419368046775,7.88387543248193,0,0,0,6.86,11.38,,,,3,1,1,1,,,,744251,1172900.15
1170340200,7.76,7.83,7.67,7.8,7.791233549443742,7.876250393165391,0,0,0,6.86,11.38,,,,3,1,1,1,,,,719956,1100040.9
1170426600,7.8,7.8765,7.74,7.82,7.796986839554994,7.871136721059446,0,0,0,6.86,11.38,,,,3,1,1,1,,,,537552,1069758.2
1170685800,7.82,8,7.57,7.83,7.8035894716439955,7.867397019144951,0,0,0,6.86,11.38,,,,3,1,1,1,,,,804758,1009076.95
1170772200,7.84,7.94,7.8,7.9,7.822871577315197,7.87036092649541,0,0,0,6.86,11.38,,,,3,1,1,1,,,,820597,975577.5
1170858600,8,8.08,7.94,7.98,7.854297261852158,7.8803281149958275,0,0,0,6.86,11.38,,,,3,1,1,1,,,,1184843,878304.5
1170945000,7.98,7.99,7.86,7.89,7.861437809481726,7.881207377268934,0,0,0,6.86,11.38,,,,3,1,1,1,,,,861173,855459.05
1171031400,7.85,7.94,7.75,7.76,7.8411502475853805,7.87018852478994,0,0,0,6.86,11.38,,,,3,1,1,1,,,,558695,825865.3
1171290600,7.71,7.83,7.71,7.79,7.830920198068305,7.862898658899946,0,0,0,6.86,11.38,,,,3,1,1,1,,,,466434,810242.45
1171377000,7.79,7.85,7.68,7.74,7.812736158454644,7.851726053545405,0,0,0,6.86,11.38,,,,3,1,1,1,,,,558734,805717
1171463400,7.86,8.1512,7.8,8.03,7.856188926763715,7.867932775950368,0,0,0,6.86,11.38,,,,3,1,1,1,,,,1655193,847482.75
1171549800,8.04,8.15,8.03,8.12,7.908951141410972,7.890847978136698,0,0,0,6.86,11.38,,,,3,1,1,1,,,,678475,825483.8
1171636200,8.14,8.14,7.92,8.12,7.951160913128778,7.911679980124271,0,0,0,6.86,11.38,,,,3,1,1,1,,,,692504,817690.4
1171981800,8.19,8.4,8.05,8.32,8.024928730503023,7.948799981931155,0,0,0,6.86,11.38,,,,3,1,1,1,,,,1962171,871513.45
1172068200,8.75,9.27,8.52,8.54,8.127942984402418,8.002545438119231,0,0,0,6.86,11.38,,,,3,1,1,1,,,,9154316,1272823.65
1172154600,8.73,8.73,8.42,8.43,8.188354387521935,8.041404943744755,0,0,0,6.86,11.38,,,,3,1,1,1,,,,2160926,1339232.15
1172241000,8.42,8.68,8.26,8.56,8.262683510017547,8.08854994885887,0,0,0,6.86,11.38,,,,3,1,1,1,,,,2448160,1414342
1172500200,8.58,8.68,8.39,8.42,8.294146808014037,8.11868177168988,0,0,0,6.86,11.38,,,,3,1,1,1,,,,1030390,1431563.9
1172586600,8.3,8.32,8.06,8.11,8.25731744641123,8.117892519718072,0,0,0,6.86,11.38,,,,3,1,1,1,,,,2441692,1511111.7
1172673000,8.09,8.14,7.9,7.94,8.193853957128985,8.101720472470975,0,0,0,6.86,11.38,,,,3,1,1,1,,,,1555233,1551802.65
1172759400,7.8032,7.99,7.66,7.91,8.137083165703189,8.084291338609978,0,0,0,6.86,11.38,,,,3,1,1,1,,,,1343170,1581748.6
1172845800,7.86,7.9,7.69,7.74,8.057666532562552,8.052992126009071,0,0,0,6.86,11.38,,,,3,1,1,1,,,,1198422,1605671.9
1173105000,7.59,7.7,7.44,7.44,7.934133226050041,7.997265569099156,0,0,0,6.86,11.38,,,,3,1,1,1,,,,1388128,1648200.7
1173191400,7.66,7.9,7.6354,7.89,7.925306580840033,7.987514153726505,0,0,0,6.86,11.38,,,,3,1,1,1,,,,1484795,1682202.55
1173277800,7.9,7.93,7.72,7.73,7.886245264672026,7.964103776115005,0,0,0,6.86,11.38,,,,3,1,1,1,,,,862928,1684319.1
1173364200,7.83,7.94,7.74,7.79,7.866996211737621,7.94827616010455,0,0,0,6.86,11.38,,,,3,1,1,1,,,,731470,1661650.45
1173450600,7.81,7.91,7.75,7.78,7.849596969390096,7.932978327367772,0,0,0,6.86,11.38,,,,3,1,1,1,,,,601462,1648664.9
1173706200,7.76,7.85,7.75,7.85,7.849677575512077,7.925434843061611,0,0,0,6.86,11.38,,,,3,1,1,1,,,,480476,1644753.95
1173792600,7.96,8.03,7.78,7.8,7.8397420604096615,7.9140316755105555,0,0,0,6.86,11.38,,,,3,1,1,1,,,,1462795,1694572
1173879000,7.84,7.9301,7.72,7.89,7.849793648327729,7.911846977736869,0,0,0,6.86,11.38,,,,3,1,1,1,,,,785775,1705924.05
1173965400,7.9,7.93,7.83,7.89,7.857834918662183,7.909860888851699,0,0,0,6.86,11.38,,,,3,1,1,1,,,,521830,1649255.9
1174051800,7.84,7.9,7.76,7.81,7.848267934929747,7.900782626228818,0,0,0,6.86,11.38,,,,3,1,1,1,,,,952860,1662975.15
1174311000,8,8.12,7.91,8.03,7.884614347943797,7.912529660208016,0,0,0,6.86,11.38,,,,3,1,1,1,,,,1348535,1695776.7
1174397400,8.1,8.27,8.0728,8.2,7.947691478355038,7.938663327461833,0,0,0,6.86,11.38,,,,3,1,1,1,,,,1020319,1648684.1
1174483800,8.26,8.32,8.11,8.32,8.02215318268403,7.973330297692575,0,0,0,6.86,11.38,,,,3,1,1,1,,,,708300,1226383.3
1174570200,8.35,8.37,8.21,8.34,8.085722546147224,8.00666390699325,0,0,0,6.86,11.38,,,,3,1,1,1,,,,761998,1156436.9
1174656600,8.38,8.4,8.15,8.26,8.12057803691778,8.029694460902954,0,0,0,6.86,11.38,,,,3,1,1,1,,,,912611,1079659.45
1174915800,8.31,8.33,8.17,8.28,8.152462429534223,8.052449509911776,0,0,0,6.86,11.38,,,,3,1,1,1,,,,559655,1056122.7
1175002200,8.22,8.31,8.17,8.28,8.177969943627378,8.073135918101615,0,0,0,6.86,11.38,,,,3,1,1,1,,,,620844,965080.3
1175088600,8.27,8.27,8.15,8.18,8.178375954901902,8.082850834637831,0,0,0,6.86,11.38,,,,3,1,1,1,,,,550675,914852.4
1175175000,8.22,8.24,7.98,8.03,8.148700763921521,8.07804621330712,0,0,0,6.86,11.38,,,,3,1,1,1,,,,804194,887903.6
1175261400,8,8.17,7.93,8.03,8.124960611137217,8.073678375733746,0,0,0,6.86,11.38,,,,3,1,1,1,,,,721911,864078.05
1175520600,8,8.1301,8,8.12,8.123968488909773,8.077889432485224,0,0,0,6.86,11.38,,,,3,1,1,1,,,,543172,821830.25
1175607000,7.9,8.26,7.8,8.2,8.139174791127818,8.088990393168386,0,0,0,6.86,11.38,,,,3,1,1,1,,,,3976183,946399.65
1175693400,8.24,8.25,8.06,8.08,8.127339832902255,8.088173084698532,0,0,0,6.86,11.38,,,,3,1,1,1,,,,1138156,960161.05
1175779800,8.06,8.08,7.97,7.98,8.097871866321803,8.078339167907757,0,0,0,6.86,11.38,,,,3,1,1,1,,,,551795,951177.3
1176125400,7.96,7.98,7.85,7.85,8.048297493057442,8.057581061734325,0,0,0,6.86,11.38,,,,3,1,1,1,,,,741062,958157.3
1176211800,7.82,7.92,7.76,7.91,8.020637994445954,8.044164601576659,0,0,0,6.86,11.38,,,,3,1,1,1,,,,491130,958690
1176298200,7.83,7.98,7.83,7.88,7.992510395556763,8.029240546887872,0,0,0,6.86,11.38,,,,3,1,1,1,,,,648511,917975.8
1176384600,7.84,8.1,7.8,8.04,8.00200831644541,8.030218678988975,0,0,0,6.86,11.38,,,,3,1,1,1,,,,1117733,934573.7
1176471000,8.05,8.18,8,8.15,8.031606653156329,8.041107889989977,0,0,0,6.86,11.38,,,,3,1,1,1,,,,689024,942933.4
1176730200,8.15,8.22,8.109,8.16,8.057285322525063,8.051916263627252,0,0,0,6.86,11.38,,,,3,1,1,1,,,,608964,925738.6
1176816600,8.2,8.27,8.08,8.25,8.09582825802005,8.069923876024774,0,0,0,6.86,11.38,,,,3,1,1,1,,,,1005195,908571.6
1176903000,8.2,8.65,8.2,8.59,8.19466260641604,8.117203523658885,0,0,0,6.86,11.38,,,,3,1,1,1,,,,1902704,952690.85
1176989400,8.5,8.59,8.34,8.37,8.229730085132832,8.140185021508078,0,0,0,6.86,11.38,,,,3,1,1,1,,,,1127244,973638.05
1177075800,8.5,8.52,8.29,8.34,8.251784068106266,8.158350019552797,0,0,0,6.86,11.38,,,,3,1,1,1,,,,753825,973229.4
1177335000,8.39,8.5,8.21,8.24,8.249427254485013,8.165772745047997,0,0,0,6.86,11.38,,,,3,1,1,1,,,,961270,975662.35
1177421400,8.5,8.6,8.25,8.56,8.31154180358801,8.201611586407271,0,0,0,6.86,11.38,,,,3,1,1,1,,,,1630935,1029226.35
1177507800,8.22,8.3788,7.92,8.19,8.287233442870408,8.200555987642973,0,0,0,6.86,11.38,,,,3,1,1,1,,,,2774216,1136894.95
1177594200,8.19,8.29,8,8.01,8.231786754296326,8.183232716039067,0,0,0,6.86,11.38,,,,3,1,1,1,,,,1378949,1178308.65
1177680600,8.06,8.27,7.99,8.27,8.239429403437061,8.191120650944606,0,0,0,6.86,11.38,,,,3,1,1,1,,,,1492922,1212745.05
1177939800,8.21,8.75,8.13,8.63,8.317543522749649,8.231018773586007,0,0,0,6.86,11.38,,,,3,1,1,1,,,,4418656,1397582.3
1178026200,8.76,9.14,8.65,9.1,8.47403481819972,8.31001706689637,0,0,0,6.86,11.38,,,,3,1,1,1,,,,3955052,1568176.3
1178112600,9.17,9.24,8.86,9.16,8.611227854559775,8.387288242633064,0,0,0,6.86,11.38,,,,3,1,1,1,,,,2597228,1499228.55
1178199000,9.38,9.65,9.32,9.45,8.77898228364782,8.483898402393693,0,0,0,6.86,11.38,,,,3,1,1,1,,,,4324813,1658561.4
1178285400,9.55,9.63,9.41,9.53,8.929185826918257,8.578998547630631,0,0,0,6.86,11.38,,,,3,1,1,1,,,,2658951,1763919.2
1178544600,9.97,10.25,9.68,9.92,9.127348661534606,8.7009077705733,0,0,0,6.86,11.38,,,,3,1,1,1,,,,7160141,2084873.15
1178631000,9.8,9.8,9.36,9.57,9.215878929227685,8.779916155066637,0,0,0,6.86,11.38,,,,3,1,1,1,,,,2723422,2196487.75
1178717400,9.46,9.72,9.4,9.62,9.296703143382148,8.856287413696943,0,0,0,6.86,11.38,,,,3,1,1,1,,,,1449302,2236527.3
1178803800,9.58,9.69,9.15,9.41,9.319362514705718,8.906624921542676,0,0,0,6.86,11.38,,,,3,1,1,1,,,,2001974,2280739.35
1178890200,9.48,9.6,9.3,9.42,9.339490011764575,8.953295383220615,0,0,0,6.86,11.38,,,,3,1,1,1,,,,1062223,2299399.3
1179149400,9.4,9.48,9.16,9.2,9.31159200941166,8.975723075655104,0,0,0,6.86,11.38,,,,3,1,1,1,,,,1848919,2361397.05
1179235800,9.2,9.24,8.97,8.99,9.247273607529328,8.977020977868277,0,0,0,6.86,11.38,,,,3,1,1,1,,,,2067122,2414493.4
1179322200,9.14,9.34,9,9.33,9.263818886023463,9.009109979880252,0,0,0,6.86,11.38,,,,3,1,1,1,,,,1834623,2411089.35
1179408600,9.29,9.4,9.07,9.24,9.259055108818771,9.03009998170932,0,0,0,6.86,11.38,,,,3,1,1,1,,,,1546102,2432032.25
1179495000,9.28,9.32,9.14,9.3,9.267244087055017,9.054636347008472,0,0,0,6.86,11.38,,,,3,1,1,1,,,,1051569,2446919.45
1179754200,9.26,9.45,9.23,9.33,9.279795269644014,9.079669406371337,0,0,0,6.86,11.38,,,,3,1,1,1,,,,1160705,2456891.2
1179840600,9.29,9.42,9.22,9.22,9.267836215715212,9.092426733064853,0,0,0,6.86,11.38,,,,3,1,1,1,,,,765714,2413630.15
1179927000,9.33,9.63,9.33,9.54,9.32226897257217,9.133115211877138,0,0,0,6.86,11.38,,,,3,1,1,1,,,,2398021,2394820.4
1180013400,10,10.34,9.79,10.07,9.471815178057735,9.218286556251943,0,0,0,6.86,11.38,,,,3,1,1,1,,,,7032641,2677505
1180099800,10.26,10.58,10.1,10.29,9.635452142446187,9.31571505113813,0,0,0,6.86,11.38,,,,3,1,1,1,,,,6536914,2929704.6
1180445400,10.5,10.62,10.35,10.45,9.79836171395695,9.418831864671027,0,0,0,6.86,11.38,,,,3,1,1,1,,,,3052001,2861371.85
1180531800,10.58,11.22,10.33,10.99,10.03668937116556,9.561665331519116,0,0,0,6.86,11.38,,,,3,1,1,1,,,,8006715,3063955
1180618200,11.09,11.09,10.42,10.54,10.137351496932448,9.65060484683556,0,0,0,6.86,11.38,,,,3,1,1,1,,,,4408563,3154521.75
1180704600,10.57,10.72,10.5,10.63,10.23588119754596,9.739640769850508,0,0,0,6.86,11.38,,,,3,1,1,1,,,,2115800,3044071.1
1180963800,10.55,10.59,10.31,10.48,10.284704958036768,9.806946154409554,0,0,0,6.86,11.38,,,,3,1,1,1,,,,1695331,2995890.1
1181050200,10.49,10.59,10.33,10.38,10.303763966429415,9.85904195855414,0,0,0,6.86,11.38,,,,3,1,1,1,,,,1556220,2715694.05
1181136600,10.32,10.75,10.09,10.56,10.355011173143533,9.922765416867401,0,0,0,6.86,11.38,,,,3,1,1,1,,,,2663220,2712683.95
1181223000,10.56,10.69,10.37,10.65,10.414008938514826,9.988877651697637,0,0,0,6.86,11.38,,,,3,1,1,1,,,,1391536,2709795.65
1181309400,10.8,10.95,10.65,10.9,10.511207150811861,10.07170695608876,0,0,0,6.86,11.38,,,,3,1,1,1,,,,1615484,2690471.15
1181568600,11.1,11.93,11.03,11.9,10.78896572064949,10.237915414626146,0,0,0,6.86,11.38,,,,3,1,1,1,,,,7597066,3017213.3
1181655000,11.67,12.5,11.67,12.05,11.041172576519592,10.40265037693286,0,0,0,6.86,11.38,,,,3,1,1,1,,,,7773043,3313419.5
1181741400,12.2,12.36,11.4,11.7,11.172938061215675,10.520591251757144,0,0,0,6.86,11.38,,,,3,1,1,1,,,,4272707,3423698.75
1181827800,12,12.39,11.92,12.18,11.374350448972539,10.671446592506495,0,0,0,6.86,11.38,,,,3,1,1,1,,,,3144212,3489178.2
1181914200,12.54,12.664,12.2,12.29,11.557480359178031,10.818587811369541,0,0,0,6.86,11.38,,,,3,1,1,1,,,,2989998,3561373
1182173400,12.48,12.57,12.07,12.12,11.669984287342425,10.936898010335947,0,0,0,6.86,11.38,,,,3,1,1,1,,,,2185155,3618052.3
1182259800,12.53,13.04,12.3905,12.65,11.86598742987394,11.09263455485086,0,0,0,6.86,11.38,,,,3,1,1,1,,,,5343848,3827209.45
1182346200,12.78,12.78,12.22,12.42,11.976789943899151,11.21330414077351,0,0,0,6.86,11.38,,,,3,1,1,1,,,,2235555,3900701.5
1182432600,12.38,12.7,12.22,12.63,12.10743195511932,11.342094673430463,0,0,0,6.86,11.38,,,,3,1,1,1,,,,2096172,3885609.05
1182519000,13.42,13.63,13.15,13.43,12.371945564095457,11.531904248573149,0,0,0,6.86,11.38,,,,3,1,1,1,,,,6922609,3880107.45
1182778200,13.91,14.03,13.5,13.77,12.651556451276365,11.735367498702862,0,0,0,6.86,11.38,,,,3,1,1,1,,,,5136832,3810103.35
1182864600,13.94,13.99,13.08,13.21,12.763245161021093,11.869424998820785,0,0,0,6.86,11.38,,,,3,1,1,1,,,,4554430,3885224.8
1182951000,13.09,13.44,12.77,13.27,12.864596128816874,11.996749998927987,0,0,0,6.86,11.38,,,,3,1,1,1,,,,3466787,3658228.4
1183037400,13.78,13.8,13.31,13.4,12.971676903053499,12.124318180843625,0,0,0,6.86,11.38,,,,3,1,1,1,,,,3006353,3588117.9
1183123800,14.15,14.25,13.7018,13.96,13.1693415224428,12.291198346221478,0,0,0,6.86,11.38,,,,3,1,1,1,,,,5635363,3764096.05
1183383000,14.1,14.39,14,14.39,13.41347321795424,12.48199849656498,0,0,0,6.86,11.38,,,,3,1,1,1,,,,4593496,3909004.3
1183469400,14.42,14.49,14.18,14.26,13.582778574363392,12.643634996877255,0,0,0,6.86,11.38,,,,3,1,1,1,,,,1919196,3927153.1
1183642200,14.35,14.38,14.04,14.13,13.692222859490714,12.778759088070231,0,0,0,6.86,11.38,,,,3,1,1,1,,,,2381053,3913044.75
1183728600,14.04,14.15,13.7,14.06,13.765778287592571,12.8952355346093,0,0,0,6.86,11.38,,,,3,1,1,1,,,,2798674,3983401.65
1183987800,14,16.64999,13.93,16.62,14.336622630074057,13.233850486008455,0,0,0,6.86,11.38,,,,3,1,1,1,,,,17066896,4755972.25
1184074200,16.895,17.37,16.00999,16.25999,14.721296104059245,13.508954078189504,0,0,0,6.86,11.38,,,,3,1,1,1,,,,15854867,5168862.3
1184160600,16.36,16.64999,16.05,16.16,15.009036883247397,13.74995825289955,0,0,0,6.86,11.38,,,,3,1,1,1,,,,4355863,4998003.3
1184247000,16.17,16.3,15.25,15.51,15.109229506597918,13.909962048090499,0,0,0,6.86,11.38,,,,3,1,1,1,,,,6638434,5116289.65
1184333400,15.35,16.64999,15.3,16.27,15.341383605278335,14.124510952809544,0,0,0,6.86,11.38,,,,3,1,1,1,,,,8103324,5364245.25
1184592600,16.3,16.95,16.14999,16.23,15.519106884222667,14.315919048008677,0,0,0,6.86,11.38,,,,3,1,1,1,,,,4243742,5426932.45
1184679000,16.37,16.53999,16,16.17999,15.651283507378134,14.485380043644252,0,0,0,6.86,11.38,,,,3,1,1,1,,,,3237180,5479533.7
1184765400,16,16.161,15.76,15.85,15.691026805902506,14.609436403312957,0,0,0,6.86,11.38,,,,3,1,1,1,,,,2525485,5338615.55
1184851800,16.41,17.64999,16.25,17.41,16.034821444722006,14.86403309392087,0,0,0,6.86,11.38,,,,3,1,1,1,,,,10611074,5757391.5
1184938200,17.25,17.58,16.92,17.14,16.255857155777605,15.0709391762917,0,0,0,6.86,11.38,,,,3,1,1,1,,,,5712605,5938213.15
1185197400,19.16,19.36,16.52,16.56,16.316685724622083,15.206308342083364,0,0,0,6.86,11.38,,,,3,1,1,1,,,,18716192,6527892.3
1185283800,16.07001,16.07001,14.75,15.21,16.095348579697667,15.206643947348512,0,0,0,6.86,11.38,,,,3,1,1,1,,,,11346625,6838381.95
1185370200,15.44,15.67,14.2,14.76,15.828278863758134,15.16603995213501,0,0,0,6.86,11.38,,,,3,1,1,1,,,,7337867,6977553.8
1185456600,14.27,14.99,13.52,14.06,15.474623091006508,15.065490865577281,0,0,0,6.86,11.38,,,,3,1,1,1,,,,6904230,7149425.95
1185543000,14.33,14.94,14.12,14.2299,15.225678472805207,14.98952805961571,0,0,0,6.86,11.38,,,,3,1,1,1,,,,5526625,7275439.55
1185802200,14.52,15.28,14.44,15.17,15.214542778244166,15.005934599650645,0,0,0,6.86,11.38,,,,3,1,1,1,,,,6030824,7295212.6
1185888600,15.92,16.05,15.02,15.27,15.225634222595332,15.02994054513695,0,0,0,6.86,11.38,,,,3,1,1,1,,,,5096262,7320350.9
1185975000,14.95,15.17,14.365,14.59,15.098507378076265,14.9899459501245,0,0,0,6.86,11.38,,,,3,1,1,1,,,,3763407,7412561.45
1186061400,13.9,15.25,13.07,14.93,15.064805902461012,14.984496318295001,0,0,0,6.86,11.38,,,,3,1,1,1,,,,8492621,7718139.85
1186147800,14.8,14.97,14.25,14.2601,14.90386472196881,14.91864210754091,0,0,0,6.86,11.38,,,,3,1,1,1,,,,2871097,7721761
1186407000,14.46,14.57,13.5,14.13,14.749091777575048,14.846947370491737,0,0,0,6.86,11.38,,,,3,1,1,1,,,,4133711,7075101.75
1186493400,13.9,14.57,13.48,14.5699,14.713253422060038,14.821761245901579,0,0,0,6.86,11.38,,,,3,1,1,1,,,,3134037,6439060.25
1186579800,14.75,15.75,14.71,15.68,14.906602737648031,14.899782950819617,0,0,0,6.86,11.38,,,,3,1,1,1,,,,5170047,6479769.45
1186666200,15.06,16.35001,14.97,16.25,15.175282190118425,15.02252995529056,0,0,0,6.86,11.38,,,,3,1,1,1,,,,5110063,6403350.9
1186752600,15.57,16.17999,15.3,15.37,15.21422575209474,15.054118141173236,0,0,0,6.86,11.38,,,,3,1,1,1,,,,3852818,6190825.6
1187011800,15.63,15.87,15,15.04,15.179380601675792,15.05283467379385,0,0,0,6.86,11.38,,,,3,1,1,1,,,,1763602,6066818.6
1187098200,15,15.1,14.2,14.26,14.995504481340634,14.980758794358046,0,0,0,6.86,11.38,,,,3,1,1,1,,,,2388623,6024390.75
1187184600,14.1,14.43,13.71,13.8,14.756403585072507,14.873417085780043,0,0,0,6.86,11.38,,,,3,1,1,1,,,,2550185,6025625.75
1187271000,13.5,13.72,11.75,13.56,14.517122868058005,14.754015532527312,0,0,0,6.86,11.38,,,,3,1,1,1,,,,6644941,5827319.1
1187357400,14.74,14.75,13.8,14.1,14.433698294446403,14.69455957502483,0,0,0,6.86,11.38,,,,3,1,1,1,,,,3125093,5697943.5
1187616600,14.34,14.36,13.49,13.58,14.262958635557123,14.593235977295299,0,0,0,6.86,11.38,,,,3,1,1,1,,,,2608401,4892553.95
1187703000,13.5,13.77,13.1,13.46,14.102366908445699,14.490214524813908,0,0,0,6.86,11.38,,,,3,1,1,1,,,,2474878,4448966.6
1187789400,13.72,13.73,13.42,13.57,13.995893526756559,14.406558658921734,0,0,0,6.86,11.38,,,,3,1,1,1,,,,1523936,4158270.05
1187875800,13.66,13.72,13.29,13.36,13.868714821405247,14.311416962656121,0,0,0,11.75,16.35001,19.36,,,1,1,1,1,,,,1191513,3872634.2
1187962200,13.25,14.1,13,14.08,13.910971857124197,14.290379056960111,0,0,0,11.75,16.35001,19.36,,,1,1,1,1,,,,2804892,3736547.55
1188221400,13.87,14.34,13.76,14.1,13.948777485699358,14.273071869963736,0,0,0,11.75,16.35001,19.36,,,1,1,1,1,,,,1860077,3528010.2
1188307800,13.91,13.9893,13.27,13.34,13.827021988559487,14.188247154512487,0,0,0,11.75,16.35001,19.36,,,1,1,1,1,,,,1929579,3369676.05
1188394200,13.41,13.68,13.37,13.6,13.78161759084759,14.134770140465896,0,0,0,11.75,16.35001,19.36,,,1,1,1,1,,,,1082166,3235614
1188480600,14.01,14.61,13.9,14.31,13.887294072678072,14.15070012769627,0,0,0,11.75,16.35001,19.36,,,1,1,1,1,,,,4062781,3014122
1188567000,14.62,14.63,14.18,14.31,13.971835258142457,14.165181934269336,0,0,0,11.75,16.35001,19.36,,,1,1,1,1,,,,1893556,2965244.95
1188912600,14.25,14.95,14,14.86,14.149468206513966,14.228347212972123,0,0,0,11.75,16.35001,19.36,,,1,1,1,1,,,,2556840,2886401.4
1188999000,14.64,14.85,14.5,14.67,14.253574565211172,14.268497466338294,0,0,0,11.75,16.35001,19.36,,,1,1,1,1,,,,1455727,2802485.9
1189085400,15.3,15.6,14.87,15.15,14.432859652168938,14.34863406030754,0,0,0,11.75,16.35001,19.36,,,1,1,1,1,,,,3834434,2735705.25
1189171800,14.77,14.79,14.31,14.52,14.450287721735151,14.364212782097765,0,0,0,11.75,16.35001,19.36,,,1,1,1,1,,,,1867302,2573567.2
1189431000,14.59,14.97,14.18,14.47,14.454230177388121,14.373829801907059,0,0,0,11.75,16.35001,19.36,,,1,1,1,1,,,,1129398,2437396.2
1189517400,14.52,14.65,14.31,14.59,14.481384141910496,14.393481638097326,0,0,0,11.75,16.35001,19.36,,,1,1,1,1,,,,1088855,2403658.85
1189603800,14.5,14.71,14.41,14.45,14.475107313528397,14.398619670997569,0,0,0,11.75,16.35001,19.36,,,1,1,1,1,,,,923191,2330387.25
1189690200,14.82,14.83,14.4,14.43,14.466085850822719,14.401472428179607,0,0,0,11.75,16.35001,19.36,,,1,1,1,1,,,,1099506,2257853.3
1189776600,14.29,14.48,14.23,14.37,14.446868680658175,14.398611298345097,0,0,0,11.75,16.35001,19.36,,,1,1,1,1,,,,930292,1972120.85
1190035800,14.75,14.96,14.35,14.91,14.53949494452654,14.445101180313724,1,0,0,11.75,16.35001,19.36,,,1,2,1,1,1,,,2473559,1939544.15
1190122200,14.85,15.25,14.71,15.02,14.635595955621232,14.497364709376113,0,0,0,11.75,16.35001,19.36,,,1,2,1,1,,,,2595999,1938924.05
1190208600,15.25,15.77,15.2,15.77,14.862476764496986,14.613058826705556,0,0,0,11.75,16.35001,19.36,,,1,2,1,1,,,,3397862,1985073.25
1190295000,15.8,15.87,15.52,15.65,15.01998141159759,14.70732620609596,0,0,0,11.75,16.35001,19.36,,,1,2,1,1,,,,1597467,1988749.8
1190381400,15.93,15.97,15.25,15.3,15.075985129278072,14.761205641905418,0,0,0,11.75,16.35001,19.36,,,1,2,1,1,,,,2233837,2040866
1190640600,15.37,15.44,15.1,15.23,15.106788103422458,14.803823310823107,0,0,0,11.75,16.35001,19.36,,,1,2,1,1,,,,1212342,1961238.5
1190727000,15.1,15.5,15,15.33,15.151430482737966,14.851657555293734,0,0,0,11.75,16.35001,19.36,,,1,2,1,1,,,,1130581,1924763.7
1190813400,15.34,15.83,15.34,15.63,15.247144386190373,14.92241595935794,0,0,0,11.75,16.35001,19.36,,,1,2,1,1,,,,1342534,1895411.45
1190899800,15.93,15.97,15.74,15.86,15.369715508952298,15.007650872143582,0,0,0,11.75,16.35001,19.36,,,1,2,1,1,,,,1409044,1911755.35
1190986200,15.86,15.95,15.58,15.69,15.433772407161838,15.069682611039621,0,0,0,11.75,16.35001,19.36,,,1,2,1,1,,,,983054,1757769
1191245400,15.63,16.5,15.63,16.2001,15.58703792572947,15.172447828217837,0,1,0,11.75,16.35001,19.36,,,1,3,1,1,,1,,3343868,1830284.6
1191331800,16.39,17.08,16.21001,16.97,15.863630340583576,15.335861662016216,0,0,0,11.75,16.35001,19.36,,,1,3,1,1,,,,3266434,1865764.3
1191418200,16.97,17.3,16.55,16.58009,16.00692227246686,15.44897332910565,0,0,0,11.75,16.35001,19.36,,,1,3,1,1,,,,2511287,1918542.3
1191504600,16.63,18.12,16.39999,18.05,16.415537817973487,15.685430299186955,0,0,0,11.75,16.35001,19.36,,,1,3,1,1,,,,5824223,2018031.75
1191591000,18.14999,18.42,17.75,17.87,16.70643025437879,15.884027544715414,0,0,0,11.75,16.35001,19.36,,,1,3,1,1,,,,3393358,2094334.55
1191850200,18.3,18.89,18.08,18.56,17.077144203503032,16.127297767923103,0,0,0,11.75,16.35001,19.36,,,1,3,1,1,,,,3184408,2197085.05
1191936600,18.75,19.10001,18.53,18.81,17.423715362802426,16.371179789021003,0,0,0,11.75,16.35001,19.36,,,1,3,1,1,,,,3192784,2302281.5
1192023000,18.53,18.69,17.95,17.99001,17.53697429024194,16.518346171837276,0,0,0,11.75,16.35001,19.36,,,1,3,1,1,,,,3020377,2407140.8
1192109400,18.03999,18.37,16.75,17.34,17.49757943219355,16.593041974397522,0,0,0,11.75,16.35001,19.36,,,1,3,1,1,,,,2951562,2499743.6
1192195800,17.42,17.86,17.28999,17.8499,17.56804354575484,16.70730179490684,0,0,0,11.75,16.35001,19.36,,,1,3,1,1,,,,1739923,2540225.15
1192455000,17.92,18.03,17.24001,17.56,17.56643483660387,16.78481981355167,0,0,0,11.75,16.35001,19.36,,,1,3,1,1,,,,1820676,2507581
1192541400,17.06,17.2,16.77,17.11,17.4751478692831,16.814381648683337,0,0,0,11.75,16.35001,19.36,,,1,3,1,1,,,,1701701,2462866.1
1192627800,17.25,17.45,16.21001,16.69,17.31811829542648,16.80307422607576,0,0,0,11.75,16.35001,19.36,,,1,3,1,1,,,,2273528,2406649.4
1192714200,16.2,16.75,16.12,16.50999,17.156492636341184,16.77643020552342,0,0,0,11.75,16.35001,19.36,,,1,3,1,1,,,,1224583,2388005.2
1192800600,16.7,16.7,15.54,15.6,16.84519410907295,16.66948200502129,0,0,0,11.75,16.35001,19.36,,,1,3,1,1,,,,2776558,2415141.25
1193059800,15.5,17.16,15.05,16.7,16.816155287258358,16.67225636820117,0,0,0,11.75,16.35001,19.36,,,1,3,1,1,,,,3845891,2546818.7
1193146200,17,17.27,16.35001,17.24001,16.900926229806686,16.72387033472834,0,0,0,11.75,16.35001,19.36,,,1,3,1,1,,,,3102083,2645393.8
1193232600,17.97,18.44,15,17.17999,16.956738983845348,16.765335758843946,0,0,0,11.75,16.35001,19.36,,,1,3,1,1,,,,9232484,3039891.3
1193319000,17.56,17.5788,16.75,16.78,16.921391187076278,16.766668871676316,0,0,0,11.75,16.35001,19.36,,,1,3,1,1,,,,2161834,3077530.8
1193405400,16.92999,17,16.21001,16.64999,16.867110949661022,16.756061701523922,0,0,0,11.75,16.35001,19.36,,,1,3,1,1,,,,2124702,3134613.2
1193664600,16.52,16.86501,16.28,16.38,16.76968875972882,16.721874274112658,0,0,0,11.75,16.35001,19.36,,,1,3,1,1,,,,1843983,3059618.95
1193751000,16.25,16.4277,15.9,16,16.615751007783054,16.656249340102416,0,0,0,11.75,16.35001,19.36,,,1,3,1,1,,,,1750927,2983843.6
1193837400,16.12,16.73,15.91,16.64999,16.622598806226442,16.655680309184014,0,0,0,11.75,16.35001,19.36,,,1,3,1,1,,,,2051331,2960845.8
1193923800,16.3,16.41,15.77,15.95,16.488079044981152,16.591527553803648,0,0,0,11.75,16.35001,19.36,,,1,3,1,1,,,,1930934,2766181.35
1194010200,16.17,16.2,15.75,15.98,16.386463235984923,16.5359341398215,0,0,0,11.75,16.35001,19.36,,,1,3,1,1,,,,1755876,2684307.25
1194273000,15.85,16.28999,15.51,15.63,16.235170588787938,16.45357649074682,0,0,0,11.75,16.35001,19.36,,,1,3,1,1,,,,1699135,2610043.6
1194359400,15.65,15.9699,15.4,15.76,16.14013647103035,16.39052408249711,0,0,0,11.75,16.35001,19.36,,,1,3,1,1,,,,1404169,2520612.85
1194445800,15.4,15.6482,15.06,15.26,15.964109176824278,16.28774916590646,0,0,0,11.75,16.35001,19.36,,,1,3,1,1,,,,1643557,2451771.85
1194532200,15.37,15.37,13.77,14.84,15.739287341459423,16.15613560536951,0,0,0,11.75,16.35001,19.36,,,1,3,1,1,,,,3145469,2461467.2
1194618600,14.36,14.57,13.89,14.11,15.413429873167539,15.970123277608645,0,0,0,11.75,16.35001,19.36,,,1,3,1,1,,,,2327619,2490852
1194877800,14,14.06,13,13.17,14.964743898534032,15.715566616007859,0,0,0,11.75,16.35001,19.36,,,1,3,1,1,,,,2711530,2535394.7
1194964200,13.46,14.3,13.46,14.28,14.827795118827225,15.585060560007145,0,0,0,11.75,16.35001,19.36,,,1,3,1,1,,,,2211165,2560867.9
1195050600,15.1,15.1,14.3,14.42,14.74623609506178,15.479145963642859,0,0,0,11.75,16.35001,19.36,,,1,3,1,1,,,,2243431,2559363.05
1195137000,14.23,14.5,13.71,13.88,14.572988876049424,15.333769057857145,0,0,0,11.75,16.35001,19.36,,,1,3,1,1,,,,1316023,2563935.05
1195223400,14.01,14.19,13.42,13.66,14.390391100839539,15.181608234415586,0,0,0,11.75,16.35001,19.36,,,1,3,1,1,,,,1849296,2517571.95
1195482600,13.33,13.57,13.09,13.16,14.144312880671631,14.997825667650533,0,0,0,11.75,16.35001,19.36,,,1,3,1,1,,,,2299975,2440276.15
1195569000,13.33,13.46,12.93,13.44,14.003450304537305,14.856205152409576,0,0,0,11.75,16.35001,19.36,,,1,3,1,1,,,,2132717,2391807.85
1195655400,13.02,13.25,12.77,13.05,13.812760243629844,14.692004684008705,0,0,0,11.75,16.35001,19.36,,,1,3,1,1,,,,1531181,2006742.7
1195828200,13.1,13.1888,12.94,13.04,13.658208194903874,14.541822440007913,0,0,0,11.75,16.35001,19.36,,,1,3,1,1,,,,583806,1927841.3
1196087400,12.78,13.25,12.6058,12.68,13.4625665559231,14.372565854552647,0,0,0,11.75,16.35001,19.36,,,1,3,1,1,,,,2226842,1932948.3
1196173800,12.73,13.04,12.66,12.9,13.350053244738481,14.238696231411497,0,0,0,11.75,16.35001,19.36,,,1,3,1,1,,,,1818538,1931676.05
1196260200,13.28,14.51,13.15,14.17,13.514042595790785,14.232451119464997,0,0,0,11.75,16.35001,19.36,,,1,3,1,1,,,,2590729,1973666.15
1196346600,14.11,14.16,13.8,13.91,13.593234076632628,14.203137381331816,0,0,0,11.75,16.35001,19.36,,,1,3,1,1,,,,1234245,1932811.85
1196433000,14.38,14.94,13.85,14.01,13.676587261306102,14.185579437574377,0,0,0,11.75,16.35001,19.36,,,1,3,1,1,,,,1478893,1910209.8
1196692200,14,14.75,14,14.62,13.86526980904488,14.225072215976706,0,0,0,11.75,16.35001,19.36,,,1,3,1,1,,,,1460433,1895437.65
1196778600,14.63,15.14,14.35,14.84,14.060215847235904,14.280974741797005,0,0,0,11.75,16.35001,19.36,,,1,3,1,1,,,,1607176,1890839.7
1196865000,15.02,15.25,14.93,15.22,14.292172677788724,14.366340674360913,0,0,0,11.75,16.35001,19.36,,,1,3,1,1,,,,1685585,1904910.5
1196951400,15.13,15.94,15.01,15.94,14.62173814223098,14.509400613055375,0,0,0,11.75,16.35001,19.36,,,1,3,1,1,,,,1784805,1911972.9
1197037800,16,16,15.5,15.66,14.829390513784784,14.614000557323068,0,0,0,11.75,16.35001,19.36,,,1,3,1,1,,,,1153598,1812379.35
1197297000,15.67,15.91,15.27,15.46,14.955512411027827,14.690909597566426,0,0,0,11.75,16.35001,19.36,,,1,3,1,1,,,,1001178,1746057.3
1197383400,15.5,15.6,14.75,14.8262,14.929649928822261,14.703208725060387,0,0,0,11.75,16.35001,19.36,,,1,3,1,1,,,,1315688,1676265.2
1197469800,15.06,15.5,14.86,15.04,14.951719943057808,14.733826113691261,0,0,0,11.75,16.35001,19.36,,,1,3,1,1,,,,1272655,1629339.7
1197556200,14.8,14.93,14.28,14.61,14.883375954446247,14.722569194264784,0,0,0,11.75,16.35001,19.36,,,1,3,1,1,,,,1260230,1580179.65
1197642600,14.3,14.74,14.3,14.42,14.790700763556998,14.695062903877076,0,0,0,11.75,16.35001,19.36,,,1,3,1,1,,,,817590,1555258
1197901800,14.3,14.49,13.76,13.85,14.602560610845599,14.618239003524614,0,0,0,11.75,16.35001,19.36,,,1,3,1,1,,,,1161154,1520850.9
1197988200,14,14.6,13.93,14.6,14.602048488676479,14.616580912295104,0,0,0,11.75,16.35001,19.36,,,1,3,1,1,,,,943487,1453026.5
1198074600,14.72,14.85,14.3,14.72,14.625638790941183,14.625982647541004,0,0,0,11.75,16.35001,19.36,,,1,3,1,1,,,,750362,1383908.75
1198161000,14.84,14.88,14.45,14.86,14.672511032752947,14.647256952310004,0,0,0,11.75,16.35001,19.36,,,1,3,1,1,,,,655936,1340146.5
1198247400,15.07,15.21,14.96,15.17,14.772008826202358,14.69477904755455,0,0,0,11.75,16.35001,19.36,,,1,3,1,1,,,,1541897,1388051.05
1198506600,15.25,15.31,15.06,15.18,14.853607060961886,14.73889004323141,0,0,0,11.75,16.35001,19.36,,,1,3,1,1,,,,500174,1301717.65
1198679400,15.2,15.27,14.82,15.27,14.93688564876951,14.787172766574008,0,0,0,11.75,16.35001,19.36,,,1,3,1,1,,,,862665,1253924
1198765800,15.17,15.3,14.86,14.86,14.921508519015607,14.793793424158189,0,0,0,11.75,16.35001,19.36,,,1,3,1,1,,,,636562,1156215.65
1198852200,15,15.09,14.67,14.69,14.875206815212485,14.784357658325625,0,0,0,11.75,16.35001,19.36,,,1,3,1,1,,,,577182,1123362.5
1199111400,14.56,14.68,14.32,14.39,14.778165452169988,14.748506962114204,0,0,0,11.75,16.35001,19.36,,,1,3,1,1,,,,828221,1090828.9
1199284200,14.41,14.74,13.84,14.04,14.630532361735991,14.68409723828564,0,0,0,11.75,16.35001,19.36,,,1,3,1,1,,,,1373275,1086471
1199370600,14.01,14.29,13.95,14.06,14.516425889388794,14.627361125714218,0,0,0,11.75,16.35001,19.36,,,1,3,1,1,,,,879167,1050070.55
1199457000,13.88,13.98,13.2,13.23,14.259140711511035,14.500328296103834,0,0,0,11.75,16.35001,19.36,,,1,3,1,1,,,,1255588,1028570.7
1199716200,13.6,13.75,13,13.11,14.029312569208829,14.37393481463985,0,0,0,11.75,16.35001,19.36,,,1,3,1,1,,,,1546684,1016664.65
1199802600,13.28,13.7299,13.26,13.28,13.879450055367062,14.274486195127135,0,0,0,11.75,16.35001,19.36,,,1,3,1,1,,,,1431433,1030556.4
1199889000,13.2,13.4572,10.11,12.54,13.61156004429365,14.11680563193376,0,0,0,11.75,16.35001,19.36,,,1,3,1,1,,,,5361402,1248567.6
1199975400,11.56,12.9,11.08,11.97,13.283248035434921,13.921641483576146,0,0,0,11.75,16.35001,19.36,,,1,3,1,1,,,,5852328,1475399.6
1200061800,11.95,12.2,11.41,11.57,12.940598428347936,13.707855894160133,0,0,0,11.75,16.35001,19.36,,,1,3,1,1,,,,1866595,1505096.6
1200321000,11.96,11.9775,11.55,11.75,12.702478742678348,13.52986899469103,0,0,0,11.75,16.35001,19.36,,,1,3,1,1,,,,1355077,1509838.95
1200407400,11.54,11.64,11.3,11.32,12.425982994142679,13.328971813355482,0,0,0,11.75,16.35001,19.36,,,1,3,1,1,,,,1357754,1536847.15
1200493800,11.03,11.36,10.6,10.85,12.110786395314143,13.103610739414075,0,0,0,10.11,16,19.36,,,1,1,1,1,,,,3207072,1639143.05
1200580200,10.85,11,9.77,9.95,11.678629116251315,12.816918854012796,0,0,0,10.11,16,19.36,,,1,1,1,1,,,,3946015,1789269.45
1200666600,9.99,10.32,9.58,9.65,11.272903293001052,12.529017140011632,0,0,0,10.11,16,19.36,,,1,1,1,1,,,,3221888,1912845.75
1201012200,8.52,9.28,8.31,8.9,10.798322634400842,12.199106490919666,0,0,0,10.11,16,19.36,,,1,1,1,1,,,,3504695,2055283.7
1201098600,8.74,9.14,8.16,9.1399,10.466638107520673,11.920996809926969,0,0,0,10.11,16,19.36,,,1,1,1,1,,,,3310505,2143714.1
1201185000,9.3,9.96,9.21,9.7,10.313310486016539,11.719088009024517,0,0,0,10.11,16,19.36,,,1,1,1,1,,,,2682090,2252809.9
1201271400,10.5,10.8,10.35,10.48,10.34664838881323,11.606443644567744,0,0,0,10.11,16,19.36,,,1,1,1,1,,,,3209878,2370170.55
1201530600,10.57,10.82,10.35,10.67,10.411318711050585,11.521312404152495,0,0,0,10.11,16,19.36,,,1,1,1,1,,,,1848836,2430784.25
1201617000,11,11.4,10.91,11.2,10.569054968840469,11.492102185593177,0,0,0,10.11,16,19.36,,,1,1,1,1,,,,1711217,2487486
1201703400,11.22,11.27,10.72,10.88,10.631243975072374,11.436456532357434,0,0,0,8.16,16,19.36,,,1,1,1,1,,,,1631173,2527633.6
1201789800,10.6,11.55,10.58,11.49,10.8029951800579,11.441324120324941,0,0,0,8.16,16,19.36,,,1,1,1,1,,,,1843033,2551121.5
1201876200,11.78,11.96,11.33,11.7,10.98239614404632,11.46484010938631,0,0,0,8.16,16,19.36,,,1,1,1,1,,,,1345947,2574460.5
1202135400,11.7,11.75,11.3628,11.61,11.107916915237055,11.478036463078464,0,0,0,8.16,16,19.36,,,1,1,1,1,,,,889759,2556169.05
1202221800,11.38,11.8,10.93,11.01,11.088333532189644,11.435487693707694,0,0,0,8.16,16,19.36,,,1,1,1,1,,,,1868630,2572266.35
1202308200,11.08,11.38,10.82,10.86,11.042666825751715,11.383170630643358,0,0,0,8.16,16,19.36,,,1,1,1,1,,,,988404,2550114.9
1202394600,10.65,11.16,10.52,10.97,11.028133460601373,11.345609664221234,0,0,0,8.16,16,19.36,,,1,1,1,1,,,,1236960,2343892.8
1202481000,10.92,11.19,10.76,10.96,11.014506768481098,11.310554240201123,0,0,0,8.16,16,19.36,,,1,1,1,1,,,,764900,2089521.4
1202740200,11.5,12.19,11.25,11.65,11.141605414784879,11.341412945637384,1,0,0,8.16,16,19.36,,,2,1,1,1,1,,,3292004,2160791.85
1202826600,11.69,11.74,11.36,11.53,11.219284331827902,11.358557223306713,0,0,0,8.16,16,19.36,,,2,1,1,1,,,,1598497,2172962.85
1202913000,12.3,12.8,11.9401,12.76,11.527427465462322,11.485961112097012,1,0,0,8.16,16,19.36,,,2,2,1,1,1,,,3419296,2276039.95
1202999400,12.85,12.92,11.76,11.86,11.593941972369858,11.51996464736092,0,0,0,8.16,16,19.36,,,2,2,1,1,,,,6650320,2448202.35
1203085800,11.77,12.0212,11.66,11.94,11.663153577895887,11.558149679419019,0,0,0,8.16,16,19.36,,,2,2,1,1,,,,2698462,2385824.7
1203431400,12.15,12.47,11.97,11.99,11.72852286231671,11.597408799471836,0,0,0,8.16,16,19.36,,,2,2,1,1,,,,2922809,2370870.75
1203517800,11.97,12.12,11.84,12.1,11.802818289853368,11.64309890861076,0,0,0,8.16,16,19.36,,,2,2,1,1,,,,1934687,2292370.35
1203604200,12.16,12.39,11.91,11.96,11.834254631882695,11.671908098737054,0,0,0,8.16,16,19.36,,,2,2,1,1,,,,1517262,2202708.2
1203690600,11.95,12.02,11.16,11.55,11.777403705506156,11.660825544306412,0,0,0,8.16,16,19.36,,,2,2,1,1,,,,2239037,2180555.55
1203949800,11.65,11.8,11.28,11.8,11.781922964404925,11.673477767551285,0,0,0,8.16,16,19.36,,,2,2,1,1,,,,1614972,2100810.25
1204036200,11.58,11.81,11.53,11.68,11.76153837152394,11.674070697773896,0,0,0,8.16,16,19.36,,,2,2,1,1,,,,1481087,2082422.8
1204122600,11.41,11.96,11.41,11.69,11.747230697219152,11.675518816158087,0,0,0,8.16,16,19.36,,,2,2,1,1,,,,1289948,2061359.35
1204209000,11.63,12,11.52,11.75,11.747784557775322,11.682289832870989,0,0,0,8.16,16,19.36,,,2,2,1,1,,,,1415614,2050581.4
1204295400,11.65,11.84,11.14,11.27,11.652227646220258,11.644808938973627,0,0,0,8.16,16,19.36,,,2,2,1,1,,,,1307431,2023801.3
1204554600,11.41,11.49,11.06,11.37,11.595782116976206,11.619826308157842,0,0,0,8.16,16,19.36,,,2,2,1,1,,,,1577555,2035381.7
1204641000,11.27,11.36,10.52,11.08,11.492625693580965,11.570751189234402,0,0,0,8.16,16,19.36,,,2,2,1,1,,,,2042464,2093016.95
1204727400,11.11,11.38,11.09,11.2801,11.450120554864773,11.544328353849457,0,0,0,8.16,16,19.36,,,2,2,1,1,,,,1116921,2055431.5
1204813800,11.28,11.3,11.01,11.01,11.362096443891819,11.495753048954052,0,0,0,8.16,16,19.36,,,2,2,1,1,,,,1016303,2056826.45
1204900200,10.75,11.1,10.67,10.78,11.245677155113455,11.43068458995823,0,0,1,8.16,16,19.36,,,2,1,1,1,,,1,1138649,2051910.9
1205155800,10.83,10.83,10.36,10.43,11.082541724090763,11.33971326359839,0,0,0,8.16,16,19.36,,,2,1,1,1,,,,1337165,2080524.15
1205242200,10.9,11.42,10.75,11.41,11.148033379272611,11.346102966907628,0,0,0,8.16,16,19.36,,,2,1,1,1,,,,1953982,2013623.05
1205328600,11.66,11.68,10.51,10.54,11.026426703418089,11.272820879006934,0,0,0,8.16,16,19.36,,,2,1,1,1,,,,3529286,2110162.5
1205415000,10.27,10.59,10.05,10.58,10.93714136273447,11.209837162733576,0,0,0,8.16,16,19.36,,,2,1,1,1,,,,3118562,2095125.8
1205501400,10.65,10.68,9.83,9.94,10.737713090187576,11.094397420666887,0,0,1,8.16,16,19.36,,,1,1,1,1,,,1,2646478,1894933.7
1205760600,9.59,9.74,9.32,9.36,10.46217047215006,10.936724927878988,0,0,0,8.16,16,19.36,,,1,1,1,1,,,,2078461,1863933.65
1205847000,9.61,10.08,9.51,10.03,10.375736377720047,10.854295388980898,0,0,0,8.16,16,19.36,,,1,1,1,1,,,,1820945,1808840.45
1205933400,10.01,10.08,9.55,9.6,10.220589102176037,10.74026853543718,0,0,0,8.16,16,19.36,,,1,1,1,1,,,,1726169,1798414.55
1206019800,9.74,9.76,9.37,9.65,10.106471281740829,10.6411532140338,0,0,0,8.16,16,19.36,,,1,1,1,1,,,,1866809,1815891.9
1206365400,9.71,10.25,9.6,9.82,10.049177025392662,10.566502921848908,0,0,0,8.16,16,19.36,,,1,1,1,1,,,,1877740,1797827.05
1206451800,9.84,10.19,9.72,10.15,10.06934162031413,10.528639019862643,0,0,0,8.16,16,19.36,,,1,1,1,1,,,,2810084,1857582.65
1206538200,10.07,10.26,9.96,10.21,10.097473296251305,10.499671836238766,0,0,0,8.16,16,19.36,,,1,1,1,1,,,,1022492,1834652.9
1206624600,10.17,10.39,9.83,9.89,10.055978637001044,10.444247123853424,0,0,0,8.16,16,19.36,,,1,1,1,1,,,,1571024,1848706.7
1206711000,10,10.1,9.49,9.56,9.956782909600834,10.363861021684931,0,0,0,8.16,16,19.36,,,1,1,1,1,,,,1754274,1865639.7
1206970200,9.79,9.79,9.25,9.4,9.845426327680668,10.276237292440847,0,0,0,8.16,16,19.36,,,1,1,1,1,,,,1189835,1859759.9
1207056600,9.85,10.03,9.54,9.86,9.848341062144534,10.238397538582587,0,0,0,8.16,16,19.36,,,1,1,1,1,,,,1899469,1875855.6
1207143000,9.92,9.98,9.7,9.77,9.832672849715628,10.195815944165988,0,0,0,8.16,16,19.36,,,1,1,1,1,,,,994390,1823451.9
1207229400,10.08,10.57,9.92,10.27,9.920138279772502,10.202559949241808,0,0,0,8.16,16,19.36,,,1,1,1,1,,,,2604499,1897830.8
1207315800,10.31,10.3399,10.02,10.14,9.964110623818001,10.196872681128916,0,0,0,8.16,16,19.36,,,1,1,1,1,,,,1506775,1922354.4
1207575000,10.26,10.39,10.05,10.14,9.999288499054401,10.191702437389923,0,0,0,8.16,16,19.36,,,1,1,1,1,,,,940033,1912423.6
1207661400,10.05,10.16,9.59,9.75,9.94943079924352,10.151547670354475,0,0,0,8.16,16,19.36,,,1,1,1,1,,,,1706502,1930890.45
1207747800,9.73,9.87,9.3,9.43,9.845544639394816,10.085952427594977,0,0,0,8.16,16,19.36,,,1,1,1,1,,,,1826121,1924497.4
1207834200,9.45,9.62,9.35,9.5,9.776435711515854,10.032684025086343,0,0,0,8.16,16,19.36,,,1,1,1,1,,,,1045568,1800311.5
1207920600,9.37,9.52,9.28,9.35,9.691148569212682,9.970621840987585,0,0,0,8.16,16,19.36,,,1,1,1,1,,,,1266484,1707707.6
1208179800,9.41,9.49,9.28,9.32,9.616918855370146,9.911474400897804,0,0,0,8.16,16,19.36,,,1,1,1,1,,,,711044,1610935.9
1208266200,9.36,9.42,8.7999,9.06,9.505535084296117,9.834067637179821,0,0,0,8.16,16,19.36,,,1,1,1,1,,,,1608268,1587426.25
1208352600,9.17,9.48,9.1601,9.44,9.492428067436894,9.79824330652711,0,0,0,8.16,16,19.36,,,1,1,1,1,,,,1035775,1548167.75
1208439000,9.66,9.7,9.35,9.42,9.477942453949515,9.763857551388282,0,0,0,8.16,16,19.36,,,1,1,1,1,,,,836283,1503673.45
1208525400,9.64,9.73,9.45,9.58,9.498353963159612,9.747143228534803,0,0,0,8.16,16,19.36,,,1,1,1,1,,,,1024615,1461563.75
1208784600,9.58,9.87,9.5538,9.85,9.56868317052769,9.756493844122549,0,0,0,8.16,16,19.36,,,1,1,1,1,,,,977344,1416543.95
1208871000,9.85,9.89,9.36,9.52,9.558946536422152,9.734994403747772,0,0,0,8.16,16,19.36,,,1,1,1,1,,,,1283836,1340231.55
1208957400,9.52,9.67,9.23,9.42,9.53115722913772,9.70635854886161,0,0,0,8.16,16,19.36,,,1,1,1,1,,,,2502429,1414228.4
1209043800,8.25,8.25,7.3,7.53,9.130925783310177,9.508507771692372,0,0,0,8.16,16,19.36,,,1,1,1,1,,,,16034086,2137381.5
1209130200,7.65,7.67,7.3,7.32,8.768740626648142,9.309552519720338,0,0,0,8.16,16,19.36,,,1,1,1,1,,,,4804172,2289876.4
1209389400,7.48,7.53,7.32,7.51,8.516992501318514,9.145956836109399,0,0,0,8.16,16,19.36,,,1,1,1,1,,,,5344078,2497588.55
1209475800,7.57,7.57,7.41,7.52,8.317594001054811,8.998142578281271,0,0,0,8.16,16,19.36,,,1,1,1,1,,,,3158946,2560562.4
1209562200,7.56,7.57,7.42,7.46,8.14607520084385,8.858311434801156,0,0,0,8.16,16,19.36,,,1,1,1,1,,,,2607538,2641219.8
1209648600,7.48,7.49,7.35,7.41,7.99886016067508,8.72664675891014,0,0,0,7.3,12.92,16,19.36,,1,1,1,1,,,,2226889,2622339.3
1209735000,7.46,7.4601,7.26,7.28,7.855088128540064,8.595133417191036,0,0,0,7.3,12.92,16,19.36,,1,1,1,1,,,,2684232,2681212.15
1209994200,7.3,7.5,7.21,7.33,7.750070502832052,8.480121288355488,0,0,0,7.3,12.92,16,19.36,,1,1,1,1,,,,2381985,2753309.75
1210080600,7.45,7.5201,7.339,7.47,7.694056402265641,8.38829208032317,0,0,0,7.3,12.92,16,19.36,,1,1,1,1,,,,1960314,2766000.35
1210167000,7.5,7.61,7.37,7.38,7.631245121812513,8.296629163930154,0,0,0,7.3,12.92,16,19.36,,1,1,1,1,,,,1855880,2767488.3
1210253400,7.55,7.55,7.35,7.44,7.59299609745001,8.21875378539105,0,0,0,7.3,12.92,16,19.36,,1,1,1,1,,,,1291984,2779809.1
1210339800,7.4,7.44,7.3,7.37,7.548396877960008,8.141594350355499,0,0,0,7.3,12.92,16,19.36,,1,1,1,1,,,,1288199,2780894.85
1210599000,7.4,7.69,7.4,7.68,7.5747175023680064,8.099631227595909,0,0,0,7.21,12.92,16,19.36,,1,1,1,1,,,,3159748,2903330.05
1210685400,7.74,7.91,7.72,7.91,7.641774001894405,8.08239202508719,0,0,0,7.21,12.92,16,19.36,,1,1,1,1,,,,2596803,2952756.8
1210771800,7.92,8.09,7.86,7.9,7.693419201515525,8.065810931897445,0,0,0,7.21,12.92,16,19.36,,1,1,1,1,,,,1629881,2982462.1
1210858200,7.92,7.97,7.7899,7.87,7.728735361212419,8.048009938088587,0,0,0,7.21,12.92,16,19.36,,1,1,1,1,,,,932574,2987276.65
1210944600,7.89,7.89,7.45,7.52,7.6869882889699355,8.000009034625988,0,0,0,7.21,12.92,16,19.36,,1,1,1,1,,,,2471434,3059617.6
1211203800,7.55,7.7301,7.46,7.48,7.645590631175948,7.9527354860236255,0,0,0,7.21,12.92,16,19.36,,1,1,1,1,,,,1969280,3109214.4
1211290200,7.43,7.49,7.38,7.44,7.604472504940759,7.906123169112387,0,0,0,7.21,12.92,16,19.36,,1,1,1,1,,,,1010506,3095547.9
1211376600,7.45,7.49,7.22,7.24,7.531578003952607,7.845566517374897,0,0,0,7.21,12.92,16,19.36,,1,1,1,1,,,,1388052,3039829.05
1211463000,7.47,7.49,7.27,7.33,7.491262403162086,7.798696833977179,0,0,0,7.21,12.92,16,19.36,,1,1,1,1,,,,1261658,2301207.65
1211549400,7.29,7.33,7.09,7.11,7.415009922529669,7.736088030888345,0,0,0,7.21,12.92,16,19.36,,1,1,1,1,,,,1913407,2156669.4
1211895000,7.16,7.22,7.09,7.21,7.374007938023735,7.688261846262131,0,0,0,7.21,12.92,16,19.36,,1,1,1,1,,,,917362,1935333.6
1211981400,7.23,7.25,7.1,7.13,7.325206350418988,7.63751076932921,0,0,0,7.21,12.92,16,19.36,,1,1,1,1,,,,1398687,1847320.65
1212067800,7.16,7.2,6.97,7,7.26016508033519,7.5795552448447365,0,0,0,7.21,12.92,16,19.36,,1,1,1,1,,,,2129536,1823420.55
1212154200,7.01,7.1,6.99,7.03,7.214132064268152,7.529595677131579,0,0,0,7.21,12.92,16,19.36,,1,1,1,1,,,,1470660,1785609.1
1212413400,7,7.08,6.97,7.06,7.183305651414521,7.486905161028708,0,0,0,7.21,12.92,16,19.36,,1,1,1,1,,,,1500509,1726422.95
1212499800,7.06,7.09,6.93,6.99,7.144644521131617,7.441731964571552,0,0,0,7.21,12.92,16,19.36,,1,1,1,1,,,,908357,1652741.55
1212586200,6.99,7.05,6.83,6.97,7.1097156169052935,7.398847240519593,0,0,0,7.21,12.92,16,19.36,,1,1,1,1,,,,1586149,1634033.3
1212672600,6.97,7.05,6.97,7.03,7.093772493524235,7.36531567319963,0,0,0,7.21,12.92,16,19.36,,1,1,1,1,,,,775104,1579994.5
1212759000,6.95,7.02,6.88,6.9,7.055017994819388,7.3230142483633,0,0,0,7.21,12.92,16,19.36,,1,1,1,1,,,,1280424,1579416.5
1213018200,6.4,6.4,6,6.13,6.87001439585551,7.2145584076030005,0,0,0,7.21,12.92,16,19.36,,1,1,1,1,,,,3395893,1684801.2
1213104600,6.12,6.18,6.01,6.16,6.7280115166844086,7.118689461457273,0,0,0,7.21,12.92,16,19.36,,1,1,1,1,,,,1414865,1597557.05
1213191000,6.12,6.15,5.75,5.92,6.5664092133475265,7.009717692233885,0,0,0,7.21,12.92,16,19.36,,1,1,1,1,,,,2147208,1575077.3
1213277400,6.1,6.1,5.75,5.78,6.409127370678021,6.897925174758077,0,0,0,7.21,12.92,16,19.36,,1,1,1,1,,,,1292810,1558223.75
1213363800,5.78,5.88,5.75,5.83,6.293301896542417,6.800841067961889,0,0,0,7.21,12.92,16,19.36,,1,1,1,1,,,,908225,1557006.3
1213623000,5.9,5.9469,5.87,5.92,6.218641517233934,6.72076460723808,0,0,0,7.21,12.92,16,19.36,,1,1,1,1,,,,709265,1468897.85
1213709400,6,6,5.71,5.73,6.120913213787147,6.630695097489164,0,0,0,7.21,12.92,16,19.36,,1,1,1,1,,,,1269504,1433909.05
1213795800,5.67,5.73,5.5,5.51,5.998730571029718,6.528813724990148,0,0,0,7.21,12.92,16,19.36,,1,1,1,1,,,,1525871,1459677.3
1213882200,5.52,5.75,5.36,5.75,5.948984456823775,6.458012477263771,0,0,0,7.21,12.92,16,19.36,,1,1,1,1,,,,1265393,1453544.35
1213968600,5.7,5.77,5.52,5.77,5.91318756545902,6.39546588842161,0,0,0,7.21,12.92,16,19.36,,1,1,1,1,,,,1395919,1460257.4
1214227800,5.8,5.81,5.54,5.56,5.842550052367216,6.319514444019645,0,0,0,7.21,12.92,16,19.36,,1,1,1,1,,,,563872,1392780.65
1214314200,5.5,5.7002,5.45,5.56,5.786040041893773,6.250467676381495,0,0,0,7.21,12.92,16,19.36,,1,1,1,1,,,,725265,1383175.8
1214400600,5.55,5.59,5.37,5.4,5.7088320335150184,6.173152433074087,0,0,0,7.21,12.92,16,19.36,,1,1,1,1,,,,1042386,1365360.75
1214487000,5.3,5.32,5.09,5.11,5.5890656268120145,6.076502211885534,0,0,0,7.21,12.92,16,19.36,,1,1,1,1,,,,1166735,1317220.7
1214573400,5.09,5.1,4.95,5.05,5.481252501449611,5.983183828986848,0,0,0,7.21,12.92,16,19.36,,1,1,1,1,,,,1534542,1320414.8
1214832600,4.98,5.09,4.96,4.99,5.383002001159689,5.892894389988044,0,0,0,7.21,12.92,16,19.36,,1,1,1,1,,,,950060,1292892.35
1214919000,4.91,5.14,4.8909,5.14,5.334401600927751,5.824449445443676,0,0,0,7.21,12.92,16,19.36,,1,1,1,1,,,,1316557,1313302.35
1215005400,5.15,5.18,5,5.01,5.2695212807422,5.750408586766978,0,0,0,7.21,12.92,16,19.36,,1,1,1,1,,,,686200,1268304.9
1215091800,5,5.09,4.96,5.02,5.21961702459376,5.684007806151798,0,0,0,7.21,12.92,16,19.36,,1,1,1,1,,,,512684,1255183.9
1215437400,5.06,5.15,5.03,5.1,5.1956936196750085,5.630916187410725,0,0,0,7.21,12.92,16,19.36,,1,1,1,1,,,,762359,1229280.65
1215523800,5.15,5.5,5.06,5.47,5.250554895740007,5.616287443100659,0,0,0,7.21,12.92,16,19.36,,1,1,1,1,,,,934544,1106213.2
1215610200,5.46,5.5,5.22,5.23,5.246443916592005,5.581170402818781,0,0,0,4.8909,12.92,16,19.36,33.45,1,1,1,1,,,,648802,1067910.05
1215696600,5.18,5.1999,5.06,5.14,5.225155133273604,5.541064002562528,0,0,0,4.8909,12.92,16,19.36,33.45,1,1,1,1,,,,754349,998267.1
1215783000,5.07,5.28,5.05,5.21,5.222124106618883,5.510967275056844,0,0,0,4.8909,12.92,16,19.36,33.45,1,1,1,1,,,,795904,973421.8
1216042200,5.2,5.21,5.09,5.1,5.197699285295106,5.47360661368804,0,0,0,4.8909,12.92,16,19.36,33.45,1,1,1,1,,,,608450,958433.05
1216128600,5.08,5.53,4.99,5.39,5.236159428236085,5.466006012443673,0,0,0,4.8909,12.92,16,19.36,33.45,1,1,1,1,,,,1325885,989264.05
1216215000,5.45,5.96,5.43,5.96,5.380927542588868,5.510914556766975,0,0,0,4.8909,12.92,16,19.36,33.45,1,1,1,1,,,,1467120,999144.85
1216301400,5.97,5.99,5.62,5.74,5.452742034071094,5.531740506151796,0,0,0,4.8909,12.92,16,19.36,33.45,1,1,1,1,,,,976787,971690.65
1216387800,5.73,5.74,5.47,5.65,5.492193627256875,5.542491369228905,0,0,0,4.8909,12.92,16,19.36,33.45,1,1,1,1,,,,761514,946496.7
1216647000,5.64,5.8,5.43,5.58,5.5097549018055005,5.5459012447535505,0,0,0,4.8909,12.92,16,19.36,33.45,1,1,1,1,,,,531592,903280.35
1216733400,5.48,5.66,5.4601,5.66,5.539803921444401,5.556273858866864,0,0,0,4.8909,12.92,16,19.36,33.45,1,1,1,1,,,,983070,924240.25
1216819800,5.7,5.77,5.63,5.7,5.571843137155521,5.569339871697149,0,0,0,4.8909,12.92,16,19.36,33.45,1,1,1,1,,,,850537,930503.85
1216906200,5.08,5.5,4.85,5.06,5.469474509724416,5.523036246997409,0,0,0,4.8909,12.92,16,19.36,33.45,1,1,1,1,,,,1983402,977554.65
1216992600,4.87,5.09,4.86,5.04,5.3835796077795335,5.479123860906735,0,0,0,4.8909,12.92,16,19.36,33.45,1,1,1,1,,,,750065,956721.15
1217251800,5.15,5.16,4.98,5.02,5.310863686223627,5.437385328097031,0,0,0,4.8909,12.92,16,19.36,33.45,1,1,1,1,,,,1276813,943834.7
1217338200,5.05,5.16,5.05,5.14,5.276690948978901,5.4103502982700284,0,0,0,4.8909,12.92,16,19.36,33.45,1,1,1,1,,,,611098,926886.6
1217424600,5.14,5.19,5.05,5.13,5.247352759183121,5.384863907518207,0,0,0,4.8909,12.92,16,19.36,33.45,1,1,1,1,,,,706025,896360
1217511000,5.02,5.13,5.01,5.04,5.205882207346497,5.35351264319837,0,0,0,4.85,12.92,16,19.36,33.45,1,1,1,1,,,,831022,903601.1
1217597400,5.04,5.2,5.0366,5.12,5.188705765877198,5.332284221089427,0,0,0,4.85,12.92,16,19.36,33.45,1,1,1,1,,,,520100,903971.9
1217856600,5.16,5.16,5.06,5.09,5.1689646127017586,5.31025838280857,0,0,0,4.85,12.92,16,19.36,33.45,1,1,1,1,,,,676685,899688.2
1217943000,5.05,5.18,5.05,5.11,5.157171690161407,5.292053075280518,0,0,0,4.85,12.92,16,19.36,33.45,1,1,1,1,,,,919026,898912.3
1218029400,5.12,5.34,5.09,5.34,5.1937373521291255,5.296411886618652,0,0,0,4.85,12.92,16,19.36,33.45,1,1,1,1,,,,987266,915835.5
1218115800,5.34,5.38,5.11,5.17,5.1889898817033,5.284919896926048,0,0,0,4.85,12.92,16,19.36,33.45,1,1,1,1,,,,849753,920605.7
1218202200,5.16,5.34,5.16,5.34,5.21919190536264,5.28992717902368,0,0,0,4.85,12.92,16,19.36,33.45,1,1,1,1,,,,826189,922119.95
1218461400,5.36,5.57,5.36,5.57,5.289353524290112,5.315388344566982,0,0,0,4.85,12.92,16,19.36,33.45,1,1,1,1,,,,941131,938754
1218547800,5.51,5.7,5.49,5.64,5.359482819432089,5.344898495060892,0,0,0,4.85,12.92,16,19.36,33.45,1,1,1,1,,,,766930,910806.25
1218634200,5.64,5.66,5.51,5.65,5.417586255545672,5.372634995509903,0,0,0,4.85,12.92,16,19.36,33.45,1,1,1,1,,,,564218,865661.15
1218720600,5.63,5.88,5.63,5.79,5.492069004436537,5.410577268645366,0,0,0,4.85,12.92,16,19.36,33.45,1,1,1,1,,,,681883,850915.95
1218807000,5.87,5.97,5.7,5.86,5.5656552035492295,5.451433880586697,0,0,0,4.85,12.92,16,19.36,33.45,1,1,1,1,,,,730615,849371
1219066200,5.9,5.96,5.75,5.95,5.642524162839384,5.496758073260633,0,0,0,4.85,12.92,16,19.36,33.45,1,1,1,1,,,,588498,852216.3
1219152600,5.95,6.66,5.9,6.27,5.768019330271507,5.5670527938733025,0,0,0,4.85,12.92,16,19.36,33.45,1,1,1,1,,,,3094979,957811.75
1219239000,6.26,6.4,6.13,6.2,5.8544154642172055,5.624593448975729,0,0,0,4.85,12.92,16,19.36,33.45,1,1,1,1,,,,1001063,965338.05
1219325400,6.17,6.2,6.06,6.11,5.905532371373765,5.668721317250663,0,0,0,4.85,12.92,16,19.36,33.45,1,1,1,1,,,,681024,900219.15
1219411800,6.11,6.23,6.09,6.2,5.964425897099011,5.717019379318784,0,0,0,4.85,12.92,16,19.36,33.45,1,1,1,1,,,,577746,891603.2
1219671000,6.31,6.31,6.08,6.13,5.997540717679209,5.7545630721079855,0,0,0,4.85,12.92,16,19.36,33.45,1,1,1,1,,,,705037,863014.4
1219757400,6.15,6.24,6.095,6.14,6.026032574143367,5.789602792825441,0,0,0,4.85,12.92,16,19.36,33.45,1,1,1,1,,,,540004,859459.7
1219843800,6.15,6.26,6.11,6.23,6.066826059314694,5.829638902568583,0,0,0,4.85,12.92,16,19.36,33.45,1,1,1,1,,,,467054,847511.15
1219930200,6.24,6.49,6.2,6.47,6.147460847451756,5.887853547789621,0,0,0,4.85,12.92,16,19.36,33.45,1,1,1,1,,,,778835,844901.8
1220016600,6.47,6.58,6.44,6.5,6.217968677961404,5.943503225263291,0,0,0,4.85,12.92,16,19.36,33.45,1,1,1,1,,,,663083,852050.95
1220362200,6.59,6.825,6.42,6.5,6.274374942369123,5.994093841148446,0,0,0,4.85,12.92,16,19.36,33.45,1,1,1,1,,,,1062825,871357.95
1220448600,6.53,6.63,6.41,6.5,6.319499953895298,6.040085310134951,0,0,0,4.85,12.92,16,19.36,33.45,1,1,1,1,,,,794656,865139.45
1220535000,6.46,6.76,6.42,6.65,6.385599963116238,6.095532100122683,0,0,0,4.85,12.92,16,19.36,33.45,1,1,1,1,,,,1175907,874571.5
1220621400,6.66,6.66,6.52,6.57,6.422479970492991,6.1386655455660755,0,0,0,4.85,12.92,16,19.36,33.45,1,1,1,1,,,,722452,868206.45
1220880600,6.63,6.6799,6.34,6.54,6.445983976394393,6.175150495969159,0,0,0,4.85,12.92,16,19.36,33.45,1,1,1,1,,,,983319,876062.95
1220967000,6.48,6.54,6.16,6.19,6.394787181115515,6.176500450881054,0,0,0,4.85,12.92,16,19.36,33.45,1,1,1,1,,,,1469342,902473.5
1221053400,6.2,6.22,6.06,6.2,6.355829744892412,6.178636773528231,0,0,0,4.85,12.92,16,19.36,33.45,1,1,1,1,,,,1025555,915404.75
1221139800,6.06,6.26,6.05,6.25,6.334663795913929,6.185124339571119,0,0,0,4.85,12.92,16,19.36,33.45,1,1,1,1,,,,745013,924444.5
1221226200,6.22,6.5,6.14,6.45,6.357731036731144,6.209203945064654,0,0,0,4.85,12.92,16,19.36,33.45,1,1,1,1,,,,798924,930296.55
1221485400,6.2,6.29,6.11,6.15,6.316184829384915,6.203821768240594,0,0,0,4.85,12.92,16,19.36,33.45,1,1,1,1,,,,765772,932054.4
1221571800,5.75,6.4,5.61,6.33,6.318947863507932,6.215292516582358,0,0,0,4.85,12.92,16,19.36,33.45,1,1,1,1,,,,2148156,1010037.3
1221658200,6.04,6.34,6,6.13,6.281158290806346,6.207538651438507,0,0,0,4.85,12.92,16,19.36,33.45,1,1,1,1,,,,1733652,941970.95
1221744600,6.13,7.06,6.13,7.04,6.432926632645077,6.283216955853188,0,0,0,4.85,12.92,16,19.36,33.45,1,1,1,1,,,,2243801,1004107.85
1221831000,7.4,7.63,6.71,7.25,6.596341306116061,6.371106323502898,0,0,0,4.85,12.92,16,19.36,33.45,1,1,1,1,,,,2445960,1092354.65
1222090200,7.11,7.231,7.01,7.01,6.679073044892849,6.429187566820817,0,0,0,4.85,12.92,16,19.36,33.45,1,1,1,1,,,,631931,1095063.9
1222176600,7.02,7.14,6.8,7.09,6.7612584359142796,6.489261424382561,0,0,0,4.85,12.92,16,19.36,33.45,1,1,1,1,,,,1017889,1110706.5
1222263000,7.12,7.21,6.99,7.01,6.811006748731423,6.536601294893237,0,0,0,4.85,12.92,16,19.36,33.45,1,1,1,1,,,,1031367,1135274.65
1222349400,7.02,7.5,7.0001,7.48,6.944805398985139,6.622364813539306,0,0,0,4.85,12.92,16,19.36,33.45,1,1,1,1,,,,1029571,1163400.5
1222435800,7.24,7.43,7.08,7.28,7.0118443191881115,6.682149830490278,0,0,0,4.85,12.92,16,19.36,33.45,1,1,1,1,,,,726171,1160767.3
1222695000,7.12,7.32,6.71,6.85,6.979475455350489,6.697408936809344,0,0,0,4.85,12.92,16,19.36,33.45,1,1,1,1,,,,1018506,1178538.45
1222781400,7.08,7.25,6.95,7.15,7.013580364280391,6.738553578917585,0,0,0,4.85,12.92,16,19.36,33.45,1,1,1,1,,,,1174925,1184143.45
1222867800,7.01,7.2,6.8,6.85,6.980864291424313,6.748685071743259,0,0,0,4.85,12.92,16,19.36,33.45,1,1,1,1,,,,744971,1181659.2
1222954200,6.87,7,6.65,6.94,6.97269143313945,6.766077337948418,0,0,0,4.85,12.92,16,19.36,33.45,1,1,1,1,,,,1127662,1179246.95
1223040600,7,7.15,6.58,6.61,6.90015314651156,6.751888489044016,0,0,0,4.85,12.92,16,19.36,33.45,1,1,1,1,,,,1086305,1197439.6
1223299800,6.5,6.71,6.15,6.58,6.8361225172092475,6.736262262767287,0,0,0,4.85,12.92,16,19.36,33.45,1,1,1,1,,,,2013700,1248958.65
1223386200,6.56,6.75,5.99,5.99,6.666898013767398,6.668420238879352,0,0,0,4.85,12.92,16,19.36,33.45,1,1,1,1,,,,868893,1218936.2
1223472600,5.76,6.09,5.5,5.92,6.517518411013918,6.6003820353448655,0,0,0,4.85,12.92,16,19.36,33.45,1,1,1,1,,,,1732239,1254270.4
1223559000,5.97,6.05,5.04,5.05,6.2240147288111345,6.459438213949878,0,0,0,4.85,12.92,16,19.36,33.45,1,1,1,1,,,,1190151,1276527.3
1223645400,4.85,4.95,3.75,4.65,5.9092117830489075,6.2949438308635255,0,0,0,4.85,12.92,16,19.36,33.45,1,1,1,1,,,,2410063,1357084.25
1223904600,4.91,5.37,4.85,5.37,5.801369426439126,6.210858028057751,0,0,0,4.85,12.92,16,19.36,33.45,1,1,1,1,,,,1198046,1378697.95
1223991000,5.46,5.63,5.1,5.26,5.693095541151301,6.12441638914341,0,0,0,4.85,12.92,16,19.36,33.45,1,1,1,1,,,,815968,1312088.55
1224077400,5.13,5.22,4.6,4.6,5.4744764329210405,5.9858330810394635,0,0,0,4.85,12.92,16,19.36,33.45,1,1,1,1,,,,620795,1256445.7
1224163800,4.65,4.94,4.24,4.8,5.339581146336832,5.87803007367224,0,0,0,4.85,12.92,16,19.36,33.45,1,1,1,1,,,,980080,1193259.65
1224250200,4.55,4.99,4.54,4.76,5.223664917069466,5.776390976065673,0,0,0,3.75,7.63,12.92,16,19.10001,1,1,1,1,,,,509523,1096437.8
1224509400,4.9,5.06,4.81,5.06,5.190931933655572,5.711264523696066,0,0,0,3.75,7.63,12.92,16,19.10001,1,1,1,1,,,,356879,1082685.2
1224595800,4.99,5.07,4.78,4.85,5.122745546924458,5.632967748814606,0,0,0,3.75,7.63,12.92,16,19.10001,1,1,1,1,,,,292700,1046425.75
1224682200,4.74,4.82,4.6,4.67,5.032196437539566,5.545425226195096,0,0,0,3.75,7.63,12.92,16,19.10001,1,1,1,1,,,,324045,1011059.65
1224768600,4.71,4.89,4.55,4.87,4.999757150031653,5.484022932904633,0,0,0,3.75,7.63,12.92,16,19.10001,1,1,1,1,,,,591198,989141
1224855000,4.44,4.76,4.25,4.48,4.895805720025322,5.392748120822394,0,0,0,3.75,7.63,12.92,16,19.10001,1,1,1,1,,,,532954,979480.15
1225114200,4.51,4.61,4.25,4.27,4.770644576020258,5.29068010983854,0,0,0,3.75,7.63,12.92,16,19.10001,1,1,1,1,,,,549777,956043.7
1225200600,4.46,4.5,3.97,4.22,4.660515660816206,5.193345554398673,0,0,0,3.75,7.63,12.92,16,19.10001,1,1,1,1,,,,912643,942929.6
1225287000,4.28,4.69,4.08,4.58,4.644412528652965,5.137586867635157,0,0,0,3.75,7.63,12.92,16,19.10001,1,1,1,1,,,,543200,932841.05
1225373400,4.74,4.8,4.55,4.76,4.667530022922372,5.103260788759234,0,0,0,3.75,7.63,12.92,16,19.10001,1,1,1,1,,,,549374,903926.65
1225459800,4.75,5.08,4.56,5.01,4.736024018337897,5.094782535235667,0,0,0,3.75,7.63,12.92,16,19.10001,1,1,1,1,,,,556172,877420
1225722600,5,5.33,5,5.16,4.820819214670317,5.100711395668788,0,0,0,3.75,7.63,12.92,16,19.10001,1,1,1,1,,,,393482,796409.1
1225809000,5.35,5.38,5.21,5.36,4.928655371736254,5.124283086971626,0,0,0,3.75,7.63,12.92,16,19.10001,1,1,1,1,,,,404766,773202.75
1225895400,5.25,5.39,4.98,4.99,4.940924297389003,5.112075533610569,0,0,0,3.75,7.63,12.92,16,19.10001,1,1,1,1,,,,365196,704850.6
1225981800,4.91,5.17,4.75,4.75,4.902739437911203,5.079159576009608,0,0,0,3.75,7.63,12.92,16,19.10001,1,1,1,1,,,,319081,661297.1
1226068200,4.75,5,4.51,4.67,4.856191550328962,5.041963250917825,0,0,0,3.75,7.63,12.92,16,19.10001,1,1,1,1,,,,320086,556798.25
1226327400,4.82,4.86,4.59,4.69,4.822953240263169,5.009966591743478,0,0,0,3.75,7.63,12.92,16,19.10001,1,1,1,1,,,,387364,516264.15
1226413800,4.64,4.73,4.32,4.39,4.7363625922105355,4.9536059924940705,0,0,0,3.75,7.63,12.92,16,19.10001,1,1,1,1,,,,421173,496524.4
1226500200,4.33,4.49,3.87,3.9,4.569090073768429,4.857823629540064,0,0,0,3.75,7.63,12.92,16,19.10001,1,1,1,1,,,,640288,497499.05
1226586600,3.91,4,3.55,3.94,4.443272059014743,4.7743851177636945,0,0,0,3.75,7.63,12.92,16,19.10001,1,1,1,1,,,,860514,491520.75
1226673000,3.89,4.04,3.77,3.78,4.310617647211794,4.6839864706942675,0,0,0,3.75,7.63,12.92,16,19.10001,1,1,1,1,,,,470394,489564.3
1226932200,3.75,3.85,3.52,3.53,4.154494117769435,4.579078609722061,0,0,0,3.75,7.63,12.92,16,19.10001,1,1,1,1,,,,350420,489241.35
1227018600,3.53,3.7,3.42,3.56,4.035595294215548,4.486435099747329,0,0,0,3.75,7.63,12.92,16,19.10001,1,1,1,1,,,,562475,502730.1
1227105000,3.55,3.62,2.92,2.92,3.812476235372438,4.344031908861208,0,0,0,3.75,7.63,12.92,16,19.10001,1,1,1,1,,,,854404,529248.05
1227191400,2.79,3.03,2.64,2.68,3.5859809882979508,4.192756280782916,0,0,0,3.75,7.63,12.92,16,19.10001,1,1,1,1,,,,1403487,569862.5
1227277800,2.79,2.98,2.54,2.69,3.4067847906383606,4.056142073439014,0,0,0,3.75,7.63,12.92,16,19.10001,1,1,1,1,,,,1199149,603172.25
1227537000,3.18,3.72,3,3.68,3.4614278325106884,4.021947339490013,0,0,0,3.75,7.63,12.92,16,19.10001,1,1,1,1,,,,1782517,664809.25
1227623400,3.73,4.05,3.57,3.84,3.5371422660085505,4.005406672263648,0,0,0,3.75,7.63,12.92,16,19.10001,1,1,1,1,,,,1131551,675754.65
1227709800,3.89,4.1,3.63,4.1,3.6497138128068403,4.014006065694225,0,0,0,3.75,7.63,12.92,16,19.10001,1,1,1,1,,,,801177,688653.5
1227882600,4.05,4.37,4.02,4.35,3.7897710502454722,4.044550968812932,0,0,0,3.75,7.63,12.92,16,19.10001,1,1,1,1,,,,337512,678060.4
1228141800,4.27,4.27,3.8,3.81,3.793816840196378,4.023228153466302,0,0,0,2.54,5.39,7.63,12.92,16,1,1,1,1,,,,546522,677577.9
1228228200,3.91,4.34,3.85,4.27,3.8890534721571024,4.045661957696638,0,0,0,2.54,5.39,7.63,12.92,16,1,1,1,1,,,,764194,696113.5
1228314600,4.05,4.51,4.01,4.33,3.977242777725682,4.071510870633308,0,0,0,2.54,5.39,7.63,12.92,16,1,1,1,1,,,,801816,715966
1228401000,4.21,4.4,3.9,3.97,3.9757942221805456,4.062282609666643,0,0,0,2.54,5.39,7.63,12.92,16,1,1,1,1,,,,706830,733047.7
1228487400,3.88,3.98,3.7,3.98,3.9766353777444365,4.054802372424221,0,0,0,2.54,5.39,7.63,12.92,16,1,1,1,1,,,,723606,753273.95
1228746600,4.07,4.3,4.01,4.23,4.027308302195549,4.070729429476565,0,0,0,2.54,5.39,7.63,12.92,16,1,1,1,1,,,,852711,779905.2
1228833000,4.16,4.38,4,4.08,4.037846641756439,4.071572208615058,0,0,0,2.54,5.39,7.63,12.92,16,1,1,1,1,,,,554822,788278.1
1228919400,4.07,4.26,4.05,4.23,4.076277313405152,4.085974735104599,0,0,0,2.54,5.39,7.63,12.92,16,1,1,1,1,,,,437068,789072.85
1229005800,4.12,4.225,3.95,4.01,4.063021850724121,4.079067941004181,0,0,0,2.54,5.39,7.63,12.92,16,1,1,1,1,,,,455112,779814.05
1229092200,3.8,4.24,3.8,4.24,4.098417480579297,4.093698128185618,0,0,0,2.54,5.39,7.63,12.92,16,1,1,1,1,,,,454705,759523.6
1229351400,4.29,4.29,4.1,4.18,4.114733984463437,4.101543752896017,0,0,0,2.54,5.39,7.63,12.92,16,1,1,1,1,,,,413197,756663.75
1229437800,4.25,4.44,4.19,4.43,4.1777871875707495,4.131403411723652,0,0,0,2.54,5.39,7.63,12.92,16,1,1,1,1,,,,613470,769816.25
1229524200,4.32,4.99,4.32,4.81,4.304229750056599,4.193094010657866,0,0,0,2.54,5.39,7.63,12.92,16,1,1,1,1,,,,694477,776416.35
1229610600,4.77,5.04,4.45,4.57,4.357383800045279,4.227358191507151,0,0,0,2.54,5.39,7.63,12.92,16,1,1,1,1,,,,748070,771099.65
1229697000,4.75,4.99,4.69,4.99,4.4839070400362235,4.296689265006501,0,0,0,2.54,5.39,7.63,12.92,16,1,1,1,1,,,,938574,747854
1229956200,5,5,4.6,4.75,4.537125632028979,4.337899331824092,0,0,0,2.54,5.39,7.63,12.92,16,1,1,1,1,,,,704286,723110.85
1230042600,4.88,5.15,4.73,4.81,4.591700505623183,4.380817574385538,0,0,0,2.54,5.39,7.63,12.92,16,1,1,1,1,,,,1012120,684591
1230129000,4.83,5.1,4.72,5.04,4.681360404498546,4.440743249441398,0,0,0,2.54,5.39,7.63,12.92,16,1,1,1,1,,,,344834,645255.15
1230301800,5.11,5.34,4.9401,5.28,4.8010883235988375,4.517039317673998,0,0,0,2.54,5.39,7.63,12.92,16,1,1,1,1,,,,624027,636397.65
1230561000,5.29,5.49,5.2,5.35,4.91087065887907,4.592763016067271,0,0,0,2.54,5.39,7.63,12.92,16,1,1,1,1,,,,386269,638835.5
1230647400,5.38,5.49,5.05,5.25,4.9786965271032555,4.652511832788428,0,0,0,2.54,5.39,7.63,12.92,16,1,1,1,1,,,,578973,640458.05
1230733800,5.15,5.39,5,5.28,5.038957221682605,4.709556211625844,0,0,0,2.54,5.39,7.63,12.92,16,1,1,1,1,,,,978203,651158.5
1230906600,5.3,5.5,5.22,5.41,5.113165777346084,4.773232919659859,0,0,0,2.54,5.39,7.63,12.92,16,1,1,1,1,,,,683029,645219.15
1231165800,5.6,5.75,5.45,5.57,5.204532621876867,4.845666290599872,0,0,0,2.54,5.39,7.63,12.92,16,1,1,1,1,,,,1233940,671574.65
1231252200,5.65,5.69,5.48,5.51,5.265626097501493,4.9060602641817015,0,0,0,2.54,5.39,7.63,12.92,16,1,1,1,1,,,,699790,670383.85
1231338600,5.45,5.47,5.25,5.37,5.286500878001195,4.948236603801547,0,0,0,2.54,5.39,7.63,12.92,16,1,1,1,1,,,,1052585,680377.55
1231425000,5.39,5.65,5.32,5.65,5.359200702400956,5.0120332761832245,0,0,0,2.54,5.39,7.63,12.92,16,1,1,1,1,,,,892285,697250.7
1231511400,5.63,5.73,5.46,5.46,5.379360561920764,5.052757523802931,0,0,0,2.54,5.39,7.63,12.92,16,1,1,1,1,,,,633410,707067.8
1231770600,5.45,5.55,5.16,5.19,5.3414884495366115,5.0652341125481195,0,0,0,2.54,5.39,7.63,12.92,16,1,1,1,1,,,,770648,722844.6
1231857000,5.2,5.31,5.03,5.22,5.317190759629289,5.0793037386801085,0,0,0,2.54,5.39,7.63,12.92,16,1,1,1,1,,,,642838,732251.25
1231943400,4.98,5.32,4.87,4.92,5.237752607703431,5.064821580618281,0,0,0,2.54,5.39,7.63,12.92,16,1,1,1,1,,,,478077,735495.25
1232029800,5.12,5.15,4.68,4.99,5.188202086162745,5.0580196187438915,0,0,0,2.54,5.39,7.63,12.92,16,1,1,1,1,,,,649291,737286.3
1232116200,5.03,5.35,5.03,5.35,5.220561668930196,5.084563289767174,0,0,0,2.54,5.39,7.63,12.92,16,1,1,1,1,,,,1466785,775901.7
1232461800,5.24,5.24,4.94,5.06,5.188449335144156,5.082330263424703,0,0,0,2.54,5.39,7.63,12.92,16,1,1,1,1,,,,907071,783851.75
1232548200,5.02,5.15,4.76,5.14,5.178759468115325,5.08757296674973,0,0,0,2.54,5.39,7.63,12.92,16,1,1,1,1,,,,585583,766202.2
1232634600,5.06,5.14,4.82,4.94,5.131007574492259,5.074157242499754,0,0,0,2.54,5.39,7.63,12.92,16,1,1,1,1,,,,636243,762800.05
1232721000,4.78,5.05,4.77,4.91,5.086806059593807,5.059233856817959,0,0,0,2.54,5.39,7.63,12.92,16,1,1,1,1,,,,477581,736073.1
1232980200,5.25,5.25,4.93,5.06,5.081444847675046,5.059303506198145,0,0,0,2.54,5.39,7.63,12.92,16,1,1,1,1,,,,433297,740496.25
1233066600,5.07,5.19,4.96,5.13,5.091155878140037,5.065730460180132,0,0,0,2.54,5.39,7.63,12.92,16,1,1,1,1,,,,345665,726578.15
1233153000,5.18,5.35,5.17,5.35,5.14292470251203,5.091573145618302,0,0,0,2.54,5.39,7.63,12.92,16,1,1,1,1,,,,465913,730560.35
1233239400,5.26,5.41,5.14,5.25,5.164339762009623,5.105975586925729,0,0,0,2.54,5.39,7.63,12.92,16,1,1,1,1,,,,482480,725735.7
1233325800,5.24,5.32,5.06,5.07,5.145471809607699,5.10270507902339,0,0,0,2.54,5.39,7.63,12.92,16,1,1,1,1,,,,656450,709648.05
1233585000,5.05,5.29,4.99,5.25,5.166377447686159,5.1160955263849,0,0,0,2.54,5.39,7.63,12.92,16,1,1,1,1,,,,593322,705162.7
1233671400,5.25,5.45,5.21,5.41,5.215101958148927,5.142814114895363,0,0,0,2.54,5.39,7.63,12.92,16,1,1,1,1,,,,542946,670613
1233757800,5.36,5.6,5.36,5.53,5.278081566519142,5.178012831723057,0,0,0,2.54,5.39,7.63,12.92,16,1,1,1,1,,,,721302,671688.6
1233844200,5.26,5.88,5.26,5.58,5.338465253215314,5.214557119748234,0,0,0,2.54,5.39,7.63,12.92,16,1,1,1,1,,,,607248,649421.75
1233930600,5.52,5.78,5.52,5.73,5.416772202572251,5.2614155634074855,0,0,0,2.54,5.39,7.63,12.92,16,1,1,1,1,,,,690777,639346.35
1234189800,5.64,5.83,5.6,5.74,5.481417762057801,5.304923239461351,0,0,0,2.54,5.39,7.63,12.92,16,1,1,1,1,,,,661227,640737.2
1234276200,5.61,5.79,5.28,5.32,5.449134209646241,5.306293854055774,0,0,0,2.54,5.39,7.63,12.92,16,1,1,1,1,,,,478433,626126.45
1234362600,5.37,5.4895,5.15,5.26,5.411307367716993,5.302085321868885,0,0,0,2.54,5.39,7.63,12.92,16,1,1,1,1,,,,540505,621009.8
1234449000,5.14,5.28,5.02,5.19,5.367045894173594,5.291895747153532,0,0,0,2.54,5.39,7.63,12.92,16,1,1,1,1,,,,486992,621455.55
1234535400,5.12,5.21,5.02,5.13,5.319636715338875,5.277177951957756,0,0,0,2.54,5.39,7.63,12.92,16,1,1,1,1,,,,270827,602532.35
1234881000,5.05,5.118,4.9,4.91,5.2377093722711,5.243798138143415,0,0,0,2.54,5.39,7.63,12.92,16,1,1,1,1,,,,449256,551655.9
1234967400,4.9,4.99,4.6516,4.69,5.12816749781688,5.19345285285765,0,0,0,2.54,5.39,7.63,12.92,16,1,1,1,1,,,,694885,541046.6
1235053800,4.69,4.76,4.51,4.58,5.0185339982535035,5.137684411688773,0,0,0,2.54,5.39,7.63,12.92,16,1,1,1,1,,,,427224,533128.65
1235140200,4.5,4.56,4.2002,4.3,4.8748271986028024,5.06153128335343,0,0,0,2.54,5.39,7.63,12.92,16,1,1,1,1,,,,588780,530755.5
1235399400,4.33,4.47,4.03,4.06,4.711861758882242,4.970482984866755,0,0,0,2.54,5.39,7.63,12.92,16,1,1,1,1,,,,746625,544207.7
1235485800,4.36,4.84,4.2354,4.65,4.699489407105794,4.941348168060686,0,0,0,2.54,5.39,7.63,12.92,16,1,1,1,1,,,,1379953,591540.5
1235572200,4.65,4.74,4.3,4.35,4.629591525684635,4.887589243691533,0,0,0,2.54,5.39,7.63,12.92,16,1,1,1,1,,,,610502,604782.35
1235658600,4.38,4.54,4.31,4.31,4.5656732205477075,4.835081130628666,0,0,0,2.54,5.39,7.63,12.92,16,1,1,1,1,,,,553971,609185.25
1235745000,4.2,4.44,4.15,4.3,4.512538576438166,4.7864373914806055,0,0,0,2.54,5.39,7.63,12.92,16,1,1,1,1,,,,990911,634606.8
1236004200,4.13,4.13,3.6,3.61,4.332030861150533,4.679488537709641,0,0,0,2.54,5.39,7.63,12.92,16,1,1,1,1,,,,735967,638582.65
1236090600,3.65,3.6799,3.11,3.12,4.089624688920426,4.53771685246331,0,0,0,2.54,5.39,7.63,12.92,16,1,1,1,1,,,,943343,656083.7
1236177000,3.34,3.52,3.25,3.5,3.9716997511363408,4.443378956784827,0,0,0,2.54,5.39,7.63,12.92,16,1,1,1,1,,,,1117121,684792.45
1236263400,3.39,3.6,3.15,3.26,3.8293598009090726,4.33579905162257,0,0,0,2.54,5.39,7.63,12.92,16,1,1,1,1,,,,680751,682764.9
1236349800,3.51,3.83,3.5,3.65,3.793487840727258,4.273453683293245,0,0,0,2.54,5.39,7.63,12.92,16,1,1,1,1,,,,902199,697512.45
1236605400,3.51,3.83,3.51,3.69,3.772790272581806,4.220412439357496,0,0,0,2.54,5.39,7.63,12.92,16,1,1,1,1,,,,542978,690122.5
1236691800,3.79,4.19,3.79,4.07,3.832232218065445,4.206738581234087,0,0,0,3.11,5.88,,,,1,1,1,1,,,,693691,691745.7
1236778200,4.12,4.39,4.0201,4.17,3.899785774452356,4.203398710212807,0,0,0,3.11,5.88,,,,1,1,1,1,,,,505630,693105.55
1236864600,4.13,4.37,3.93,4.33,3.985828619561885,4.214907918375279,0,0,0,3.11,5.88,,,,1,1,1,1,,,,575288,694844.7
1236951000,4.17,4.35,4.13,4.21,4.030662895649508,4.214461743977527,0,0,0,3.11,5.88,,,,1,1,1,1,,,,331215,687055.85
1237210200,4.24,4.31,4.03,4.09,4.042530316519606,4.203147039979569,0,0,0,3.11,5.88,,,,1,1,1,1,,,,740155,710522.25
1237296600,4.04,4.26,3.75,4.16,4.066024253215685,4.199224581799609,0,0,0,3.11,5.88,,,,1,1,1,1,,,,763310,726224.95
1237383000,4.12,4.46,3.98,4.37,4.126819402572548,4.214749619817826,0,0,0,3.11,5.88,,,,1,1,1,1,,,,564870,719724.2
1237469400,4.43,4.4484,4.19,4.22,4.145455522058039,4.215226927107114,0,0,0,3.11,5.88,,,,1,1,1,1,,,,361233,716424.65
1237555800,4.27,4.3,4.01,4.08,4.132364417646431,4.202933570097376,0,0,0,3.11,5.88,,,,1,1,1,1,,,,680475,721009.4
1237815000,4.27,4.73,4.15,4.73,4.251891534117145,4.250848700088524,0,0,0,3.11,5.88,,,,1,1,1,1,,,,865491,726952.7
1237901400,4.58,4.81,4.52,4.73,4.347513227293716,4.294407909171385,0,0,0,3.11,5.88,,,,1,1,1,1,,,,516671,683788.6
1237987800,4.73,4.9884,4.37,4.69,4.416010581834972,4.330370826519441,0,0,0,3.11,5.88,,,,1,1,1,1,,,,507855,678656.25
1238074200,4.75,4.83,4.57,4.82,4.496808465467978,4.374882569563128,0,0,0,3.11,5.88,,,,1,1,1,1,,,,442092,673062.3
1238160600,4.69,4.95,4.55,4.62,4.521446772374382,4.397165972330116,0,0,0,3.11,5.88,,,,1,1,1,1,,,,545349,650784.2
1238419800,4.45,4.5,4.32,4.35,4.487157417899506,4.392878156663742,0,0,0,3.11,5.88,,,,1,1,1,1,,,,397575,633864.6
1238506200,4.43,4.96,4.39,4.68,4.525725934319604,4.418980142421583,0,0,0,3.11,5.88,,,,1,1,1,1,,,,699066,621650.75
1238592600,4.56,4.88,4.4,4.76,4.572580747455683,4.449981947655985,0,0,0,3.11,5.88,,,,1,1,1,1,,,,579854,594787.4
1238679000,4.88,4.99,4.7678,4.91,4.640064597964547,4.49180177059635,0,0,0,3.11,5.88,,,,1,1,1,1,,,,854032,603451.45
1238765400,4.87,4.94,4.68,4.8,4.672051678371638,4.519819791451227,0,0,0,3.11,5.88,,,,1,1,1,1,,,,720285,594355.75
1239024600,4.74,4.94,4.63,4.93,4.72364134269731,4.557108901319298,0,0,0,3.11,5.88,,,,1,1,1,1,,,,1148476,624630.65
1239111000,4.76,4.9401,4.73,4.79,4.736913074157848,4.57828081938118,0,0,0,3.11,5.88,,,,1,1,1,1,,,,744124,627152.3
1239197400,4.78,5,4.76,4.81,4.751530459326278,4.599346199437436,0,0,0,3.11,5.88,,,,1,1,1,1,,,,877713,645756.45
1239283800,4.92,5.3,4.85,5.24,4.849224367461023,4.657587454034033,0,0,0,3.11,5.88,,,,1,1,1,1,,,,817207,657852.4
1239629400,5.05,5.43,5.05,5.4,4.959379493968818,4.725079503667303,0,0,0,3.11,5.88,,,,1,1,1,1,,,,492293,665906.3
1239715800,5.27,5.36,4.86,4.88,4.943503595175055,4.739163185152093,0,0,0,3.11,5.88,,,,1,1,1,1,,,,941550,675976.05
1239802200,4.79,4.95,4.77,4.88,4.930802876140044,4.751966531956448,0,0,0,3.11,5.88,,,,1,1,1,1,,,,509559,663288.5
1239888600,4.93,5.15,4.89,5.09,4.9626423009120355,4.782696847233135,0,0,0,3.11,5.88,,,,1,1,1,1,,,,514133,660751.65
1239975000,5.11,5.17,4.98,5.13,4.996113840729628,4.814269861121032,0,0,0,3.11,5.88,,,,1,1,1,1,,,,437322,664556.1
1240234200,4.97,5.02,4.68,4.72,4.940891072583702,4.805699873746392,0,0,0,3.11,5.88,,,,1,1,1,1,,,,571820,659123.35
1240320600,4.65,5,4.63,5,4.9527128580669615,4.82336352158763,0,0,0,3.11,5.88,,,,1,1,1,1,,,,788874,655292.5
1240407000,4.87,5.25,4.87,5.11,4.984170286453569,4.849421383261482,0,0,0,3.11,5.88,,,,1,1,1,1,,,,909664,674942.15
1240493400,5.3,5.36,4.86,4.9,4.967336229162855,4.85401943932862,0,0,0,3.11,5.88,,,,1,1,1,1,,,,722410,685669.9
1240579800,4.95,5.0917,4.84,5.01,4.975868983330284,4.868199490298745,0,0,0,3.11,5.88,,,,1,1,1,1,,,,788303,702980.45
1240839000,4.88,5.01,4.74,4.75,4.930695186664227,4.8574540820897685,0,0,0,3.11,5.88,,,,1,1,1,1,,,,939223,722674.15
1240925400,4.72,4.85,4.63,4.72,4.888556149331381,4.844958256445244,0,0,0,3.11,5.88,,,,1,1,1,1,,,,536054,729598.1
1241011800,4.74,5,4.74,4.98,4.906844919465105,4.8572347785865855,0,0,0,3.11,5.88,,,,1,1,1,1,,,,418925,715591.05
1241098200,5.02,5.12,4.79,4.8,4.885475935572084,4.8520316168968955,0,0,0,3.11,5.88,,,,1,1,1,1,,,,586981,715947.4
1241184600,4.73,4.9,4.72,4.79,4.866380748457668,4.8463923789971775,0,0,0,3.11,5.88,,,,1,1,1,1,,,,354408,690966.2
1241443800,4.86,5.06,4.85,5,4.893104598766135,4.8603567081792525,0,0,0,3.11,5.88,,,,1,1,1,1,,,,499488,679926.35
1241530200,4.85,4.8848,4.6804,4.76,4.866483679012908,4.851233371072047,0,0,0,3.11,5.88,,,,1,1,1,1,,,,910080,668006.55
1241616600,4.81,4.84,4.6,4.7,4.833186943210326,4.83748488279277,0,0,0,3.11,5.88,,,,1,1,1,1,,,,769415,669271.1
1241703000,4.61,4.74,4.36,4.42,4.750549554568261,4.7995317116297915,0,0,0,3.11,5.88,,,,1,1,1,1,,,,761288,663449.85
1241789400,4.45,4.64,4.38,4.6,4.7204396436546086,4.781392465117992,0,0,0,3.11,5.88,,,,1,1,1,1,,,,545771,649878.05
1242048600,4.63,4.63,4.42,4.49,4.674351714923687,4.754902241016357,0,0,0,3.11,5.88,,,,1,1,1,1,,,,376335,644080.15
1242135000,4.54,4.56,4.33,4.45,4.62948137193895,4.727183855469415,0,0,0,3.11,5.88,,,,1,1,1,1,,,,373543,615679.8
1242221400,4.33,4.4,4.18,4.18,4.53958509755116,4.67743986860856,0,0,0,3.11,5.88,,,,1,1,1,1,,,,448295,612616.6
1242307800,4.2,4.29,4.2,4.25,4.4816680780409275,4.638581698735054,0,0,0,3.11,5.88,,,,1,1,1,1,,,,425077,608163.8
1242394200,4.28,4.28,4.11,4.17,4.419334462432742,4.595983362486413,0,0,0,3.11,5.88,,,,1,1,1,1,,,,339962,603295.8
1242653400,4.21,4.39,4.19,4.38,4.411467569946193,4.576348511351284,0,0,0,3.11,5.88,,,,1,1,1,1,,,,373327,593371.15
1242739800,4.38,4.45,4.24,4.27,4.383174055956955,4.548498646682986,0,0,0,3.11,5.88,,,,1,1,1,1,,,,406526,574253.75
1242826200,4.33,4.42,4.2,4.21,4.348539244765564,4.517726042439078,0,0,0,3.11,5.88,,,,1,1,1,1,,,,383707,547955.9
1242912600,4.12,4.22,4.08,4.12,4.3028313958124516,4.481569129490071,0,0,0,3.11,5.88,,,,1,1,1,1,,,,352572,529464
1242999000,4.14,4.2,4.04,4.05,4.252265116649961,4.4423355722637,0,0,0,3.11,5.88,,,,1,1,1,1,,,,372293,508663.5
1243344600,4.04,4.32,4.04,4.3,4.261812093319969,4.429395974785182,0,0,0,3.11,5.88,,,,1,1,1,1,,,,437482,483576.45
1243431000,4.24,4.32,4.17,4.2,4.249449674655975,4.408541795259256,0,0,0,3.11,5.88,,,,1,1,1,1,,,,324962,473021.85
1243517400,4.29,4.34,4.06,4.19,4.23755973972478,4.388674359326597,0,0,0,3.11,5.88,,,,1,1,1,1,,,,436653,473908.25
1243603800,4.17,4.36,4.15,4.36,4.262047791779824,4.3860675993878155,0,0,0,3.11,5.88,,,,1,1,1,1,,,,733319,481225.15
1243863000,4.41,4.63,4.4,4.56,4.321638233423859,4.401879635807105,0,0,0,3.11,5.88,,,,1,1,1,1,,,,580879,492548.7
1243949400,4.55,4.67,4.51,4.57,4.371310586739087,4.417163305279186,0,0,0,3.11,5.88,,,,1,1,1,1,,,,278062,481477.4
1244035800,4.54,4.72,4.46,4.72,4.441048469391269,4.44469391389017,0,0,0,3.11,5.88,,,,1,1,1,1,,,,427516,457349.2
1244122200,4.71,4.73,4.65,4.7,4.4928387755130155,4.467903558081972,0,0,0,3.11,5.88,,,,1,1,1,1,,,,337509,435753.9
1244208600,4.72,4.77,4.65,4.68,4.530271020410412,4.487185052801793,0,0,0,3.11,5.88,,,,1,1,1,1,,,,183550,406867
1244467800,4.63,4.66,4.49,4.49,4.52221681632833,4.48744095709254,0,0,0,3.11,5.88,,,,1,1,1,1,,,,283049,393730.9
1244554200,4.53,4.56,4.46,4.49,4.515773453062664,4.487673597356855,0,0,0,3.11,5.88,,,,1,1,1,1,,,,239231,386875.7
1244640600,4.55,4.55,4.31,4.42,4.496618762450131,4.481521452142595,0,0,0,3.11,5.88,,,,1,1,1,1,,,,396267,388011.9
1244727000,4.42,4.54,4.4,4.51,4.499295009960105,4.484110411038723,0,0,0,3.11,5.88,,,,1,1,1,1,,,,348738,383034.05
1244813400,4.45,4.5,4.41,4.46,4.491436007968084,4.481918555489749,0,0,0,3.11,5.88,,,,1,1,1,1,,,,156732,369616.8
1245072600,4.36,4.36,4.1,4.21,4.4351488063744675,4.457198686808862,0,0,0,3.11,5.88,,,,1,1,1,1,,,,375335,371385.45
1245159000,4.2,4.31,4.1,4.11,4.370119045099574,4.425635169826238,0,0,0,3.11,5.88,,,,1,1,1,1,,,,231164,364277.3
1245245400,4.11,4.4,4.06,4.39,4.3740952360796586,4.422395608932944,0,0,0,3.11,5.88,,,,1,1,1,1,,,,449951,366448.55
1245331800,4.37,4.53,4.3095,4.44,4.387276188863727,4.4239960081208585,0,0,0,3.11,5.88,,,,1,1,1,1,,,,442252,369375.8
1245418200,4.53,4.54,4.455,4.54,4.417820951090982,4.434541825564417,0,0,0,3.11,5.88,,,,1,1,1,1,,,,704890,386991.7
1245677400,4.5,4.52,4.38,4.45,4.424256760872786,4.43594711414947,0,0,0,3.11,5.88,,,,1,1,1,1,,,,336701,385212.1
1245763800,4.48,4.49,4.38,4.41,4.421405408698229,4.433588285590427,0,0,0,3.11,5.88,,,,1,1,1,1,,,,286498,377662.9
1245850200,4.44,4.49,4.35,4.43,4.423124326958583,4.433262077809479,0,0,0,3.11,5.88,,,,1,1,1,1,,,,264676,374648.6
1245936600,4.4,4.56,4.4,4.55,4.4484994615668665,4.443874616190436,0,0,0,3.11,5.88,,,,1,1,1,1,,,,416926,373662.25
1246023000,4.5,4.73,4.44,4.73,4.5047995692534935,4.469886014718578,0,0,0,3.11,5.88,,,,1,1,1,1,,,,746425,374317.55
1246282200,4.61,4.84,4.47,4.55,4.513839655402795,4.477169104289617,0,0,0,3.11,5.88,,,,1,1,1,1,,,,794373,384992.25
1246368600,4.62,4.74,4.55,4.56,4.523071724322236,4.484699185717833,0,0,0,3.11,5.88,,,,1,1,1,1,,,,480079,395093.1
1246455000,4.62,4.79,4.62,4.67,4.552457379457788,4.501544714288939,0,0,0,3.11,5.88,,,,1,1,1,1,,,,447241,396079.35
1246541400,4.56,4.69,4.47,4.5,4.541965903566231,4.501404285717217,0,0,0,3.11,5.88,,,,1,1,1,1,,,,378638,398135.8
1246887000,4.54,4.675,4.45,4.5,4.533572722852985,4.5012766233792885,0,0,0,3.11,5.88,,,,1,1,1,1,,,,500597,413988.15
1246973400,4.5,4.61,4.43,4.43,4.5128581782823876,4.494796930344807,0,0,0,3.11,5.88,,,,1,1,1,1,,,,257146,412693
1247059800,4.47,4.49,4.22,4.28,4.46628654262591,4.475269936677098,0,0,0,3.11,5.88,,,,1,1,1,1,,,,340750,417768.95
1247146200,4.33,4.35,4.19,4.21,4.415029234100728,4.451154487888271,0,0,0,3.11,5.88,,,,1,1,1,1,,,,283322,412121.7
1247232600,4.16,4.31,4.16,4.26,4.384023387280582,4.433776807171156,0,0,0,3.11,5.88,,,,1,1,1,1,,,,151809,402275.25
1247491800,4.29,4.57,4.25,4.48,4.403218709824466,4.437978915610142,0,0,0,3.11,5.88,,,,1,1,1,1,,,,464222,417649.75
1247578200,4.45,4.75,4.45,4.73,4.468574967859572,4.464526286918311,0,0,0,3.11,5.88,,,,1,1,1,1,,,,468795,422322.75
1247664600,4.79,5.11,4.72,5.11,4.596859974287658,4.523205715380282,0,0,0,3.11,5.88,,,,1,1,1,1,,,,1230478,472288.45
1247751000,5,5.21,4.975,5.18,4.713487979430126,4.5829142867093475,0,0,0,3.11,5.88,,,,1,1,1,1,,,,502025,474892.15
1247837400,5.19,5.25,5.01,5.07,4.784790383544101,4.627194806099407,0,0,0,3.11,5.88,,,,1,1,1,1,,,,414454,473502.25
1248096600,5.1,5.17,5,5.13,4.85383230683528,4.672904369181279,0,0,0,3.11,5.88,,,,1,1,1,1,,,,293778,452946.65
1248183000,5.14,5.16,5.01,5.15,4.913065845468225,4.716276699255708,0,0,0,3.11,5.88,,,,1,1,1,1,,,,295374,450880.3
1248269400,5.07,5.3,5.04,5.29,4.98845267637458,4.768433362959735,0,0,0,3.11,5.88,,,,1,1,1,1,,,,418949,457502.85
1248355800,5.26,5.43,5.24,5.42,5.074762141099664,4.827666693599759,0,0,0,3.11,5.88,,,,1,1,1,1,,,,472218,467879.95
1248442200,5.26,5.54,5.26,5.54,5.167809712879731,4.892424266908872,0,0,0,3.11,5.88,,,,1,1,1,1,,,,423864,468226.85
1248701400,5.5,5.7,5.5,5.58,5.250247770303785,4.954931151735338,0,0,0,3.11,5.88,,,,1,1,1,1,,,,390117,450411.45
1248787800,5.62,5.67,5.35,5.55,5.310198216243028,5.009028319759398,0,0,0,3.11,5.88,,,,1,1,1,1,,,,530281,437206.85
1248874200,5.47,5.48,5.22,5.24,5.296158572994422,5.030025745235816,0,0,0,3.11,5.88,,,,1,1,1,1,,,,596871,443046.45
1248960600,5.3,5.47,5.26,5.37,5.310926858395537,5.060932495668924,0,0,0,3.11,5.88,,,,1,1,1,1,,,,460742,443721.5
1249047000,5.39,5.46,5.22,5.25,5.2987414867164295,5.078120450608113,0,0,0,3.11,5.88,,,,1,1,1,1,,,,365241,443051.65
1249306200,5.36,5.37,5.19,5.31,5.300993189373144,5.099200409643739,0,0,0,3.11,5.88,,,,1,1,1,1,,,,335960,434819.8
1249392600,5.24,5.36,5.15,5.27,5.294794551498515,5.114727645130672,0,0,0,3.11,5.88,,,,1,1,1,1,,,,350593,439492.15
1249479000,5.23,5.29,5.1,5.12,5.259835641198812,5.115206950118792,0,0,0,3.11,5.88,,,,1,1,1,1,,,,290491,436979.2
1249565400,5.13,5.2,5.03,5.03,5.21386851295905,5.107460863744357,0,0,0,3.11,5.88,,,,1,1,1,1,,,,294387,437532.45
1249651800,5.09,5.22,5,5.18,5.20709481036724,5.114055330676687,0,0,0,3.11,5.88,,,,1,1,1,1,,,,494142,454649.1
1249911000,5.15,5.24,5.112,5.15,5.195675848293792,5.117323027887898,0,0,0,3.11,5.88,,,,1,1,1,1,,,,277948,445335.4
1249997400,5.25,5.25,5.02,5.12,5.180540678635034,5.117566388988998,0,0,0,3.11,5.88,,,,1,1,1,1,,,,316044,437697.85
1250083800,5.14,5.16,5.05,5.07,5.158432542908027,5.113242171808181,0,0,0,3.11,5.88,,,,1,1,1,1,,,,389021,395625
1250170200,5.09,5.11,5.01,5.01,5.128746034326422,5.1038565198256185,0,0,0,3.11,5.88,,,,1,1,1,1,,,,292944,385170.95
1250256600,5.01,5.06,4.89,4.96,5.094996827461138,5.090778654386926,0,0,0,3.11,5.88,,,,1,1,1,1,,,,551557,392026.1
1250515800,4.89,4.94,4.65,4.75,5.0259974619689105,5.059798776715388,0,0,0,3.11,5.88,,,,1,1,1,1,,,,493441,402009.25
1250602200,4.8,4.88,4.76,4.83,4.986797969575129,5.038907978832171,0,0,0,3.11,5.88,,,,1,1,1,1,,,,271195,400800.3
1250688600,4.78,4.94,4.77,4.94,4.977438375660103,5.029916344392882,0,0,0,3.11,5.88,,,,1,1,1,1,,,,292690,394487.35
1250775000,4.91,4.98,4.84,4.97,4.975950700528083,5.024469403993529,0,0,0,3.11,5.88,,,,1,1,1,1,,,,224166,382084.75
1250861400,5.04,5.1,4.93,5.01,4.9827605604224665,5.023154003630481,0,0,0,3.11,5.88,,,,1,1,1,1,,,,458039,383793.5
1251120600,5.01,5.05,4.75,4.84,4.954208448337973,5.006503639664073,0,0,0,3.11,5.88,,,,1,1,1,1,,,,735861,401080.7
1251207000,4.85,4.97,4.84,4.87,4.937366758670379,4.99409421787643,0,0,0,3.11,5.88,,,,1,1,1,1,,,,301668,389650.05
1251293400,4.85,4.9,4.8,4.85,4.919893406936303,4.980994743524027,0,0,0,3.11,5.88,,,,1,1,1,1,,,,280946,373853.8
1251379800,4.8,4.83,4.75,4.78,4.891914725549043,4.962722494112752,0,0,0,3.11,5.88,,,,1,1,1,1,,,,252944,363463.9
1251466200,4.78,4.83,4.66,4.69,4.851531780439235,4.937929540102502,0,0,0,3.11,5.88,,,,1,1,1,1,,,,527627,371583.2
1251725400,4.65,4.69,4.51,4.55,4.791225424351388,4.902663218275002,0,0,0,3.11,5.88,,,,1,1,1,1,,,,491299,379350.15
1251811800,4.56,4.69,4.45,4.48,4.72898033948111,4.864239289340911,0,0,0,3.11,5.88,,,,1,1,1,1,,,,436655,383653.25
1251898200,4.45,4.49,4.38,4.44,4.671184271584888,4.82567208121901,0,0,0,3.11,5.88,,,,1,1,1,1,,,,348483,386552.85
1251984600,4.45,4.56,4.45,4.53,4.64294741726791,4.798792801108191,0,0,0,3.11,5.88,,,,1,1,1,1,,,,194555,381561.25
1252071000,4.5,4.61,4.45,4.61,4.636357933814328,4.7816298191892646,0,0,0,3.11,5.88,,,,1,1,1,1,,,,324818,373095.05
1252416600,4.63,4.66,4.55,4.61,4.631086347051463,4.766027108353877,0,0,0,3.11,5.88,,,,1,1,1,1,,,,392642,378829.75
1252503000,4.66,4.7,4.53,4.55,4.6148690776411705,4.746388280321707,0,0,0,3.11,5.88,,,,1,1,1,1,,,,438578,384956.45
1252589400,4.55,4.59,4.47,4.53,4.597895262112936,4.726716618474279,0,0,0,3.11,5.88,,,,1,1,1,1,,,,451279,388069.35
1252675800,4.53,4.68,4.5,4.65,4.608316209690349,4.719742380431162,0,0,0,3.11,5.88,,,,1,1,1,1,,,,608755,403859.9
1252935000,4.62,4.97,4.6105,4.86,4.658652967752279,4.7324930731192385,0,0,0,3.11,5.88,,,,1,1,1,1,,,,1006765,426620.3
1253021400,4.86,4.93,4.69,4.81,4.688922374201823,4.739539157381126,0,0,0,3.11,5.88,,,,1,1,1,1,,,,567607,430328.6
1253107800,4.84,4.9,4.77,4.8,4.711137899361458,4.745035597619205,0,0,0,3.11,5.88,,,,1,1,1,1,,,,350544,434296.05
1253194200,4.75,4.87,4.62,4.69,4.706910319489166,4.740032361472005,0,0,0,3.11,5.88,,,,1,1,1,1,,,,502954,444809.25
1253280600,4.7,4.76,4.63,4.74,4.713528255591333,4.740029419520004,0,0,0,3.11,5.88,,,,1,1,1,1,,,,472007,457201.3
1253539800,4.7,4.71,4.55,4.66,4.7028226044730665,4.732754017745458,0,0,0,3.11,5.88,,,,1,1,1,1,,,,242018,446400.25
1253626200,4.69,4.72,4.59,4.65,4.692258083578453,4.725230925223144,0,0,0,3.11,5.88,,,,1,1,1,1,,,,342940,426754.2
1253712600,4.64,4.7,4.56,4.57,4.667806466862762,4.711119022930131,0,0,0,3.11,5.88,,,,1,1,1,1,,,,331863,428263.95
1253799000,4.61,4.67,4.5,4.53,4.64024517349021,4.6946536572092095,0,0,0,3.11,5.88,,,,1,1,1,1,,,,256566,427044.95
1253885400,4.5,4.56,4.46,4.48,4.608196138792168,4.675139688372009,0,0,0,3.11,5.88,,,,1,1,1,1,,,,382690,433532.25
1254144600,4.48,4.64,4.48,4.59,4.604556911033734,4.667399716701826,0,0,0,3.11,5.88,,,,1,1,1,1,,,,292023,421752.05
1254231000,4.74,4.9,4.63,4.82,4.647645528826987,4.681272469728933,0,0,0,3.11,5.88,,,,1,1,1,1,,,,705049,432439.55
1254317400,4.85,4.8795,4.63,4.72,4.6621164230615895,4.6847931542990295,0,0,0,3.11,5.88,,,,1,1,1,1,,,,428596,432036.6
1254403800,4.76,4.77,4.51,4.51,4.631693138449272,4.668902867544572,0,0,0,3.11,5.88,,,,1,1,1,1,,,,367733,432999.1
1254490200,4.5,4.57,4.45,4.5,4.605354510759417,4.653548061404156,0,0,0,3.11,5.88,,,,1,1,1,1,,,,265010,436521.85
1254749400,4.51,4.6129,4.45,4.53,4.590283608607534,4.642316419458324,0,0,0,3.11,5.88,,,,1,1,1,1,,,,266032,433582.55
1254835800,4.58,4.6,4.51,4.53,4.578226886886027,4.6321058358712035,0,0,0,3.11,5.88,,,,1,1,1,1,,,,217380,424819.45
1254922200,4.47,4.566,4.47,4.53,4.568581509508822,4.62282348715564,0,0,0,3.11,5.88,,,,1,1,1,1,,,,198016,412791.35
1255008600,4.56,4.62,4.5,4.5,4.554865207607057,4.611657715596036,0,0,0,3.11,5.88,,,,1,1,1,1,,,,356470,408050.9
1255095000,4.51,4.58,4.5,4.57,4.5578921660856455,4.607870650541851,0,0,0,3.11,5.88,,,,1,1,1,1,,,,162137,385720
1255354200,4.55,4.62,4.55,4.57,4.560313732868517,4.604427864128955,0,0,0,3.11,5.88,,,,1,1,1,1,,,,302412,350502.35
1255440600,4.54,4.62,4.538,4.62,4.572250986294813,4.605843512844505,0,0,0,3.11,5.88,,,,1,1,1,1,,,,338188,339031.4
1255527000,4.66,4.68,4.6,4.67,4.591800789035851,4.611675920767731,0,0,0,3.11,5.88,,,,1,1,1,1,,,,323103,337659.35
1255613400,4.62,4.68,4.6,4.66,4.605440631228681,4.616069018879756,0,0,0,3.11,5.88,,,,1,1,1,1,,,,270721,326047.7
1255699800,4.63,4.66,4.53,4.61,4.606352504982945,4.615517289890687,0,0,0,3.11,5.88,,,,1,1,1,1,,,,264972,315695.95
1255959000,4.64,4.64,4.54,4.6,4.605082003986356,4.614106627173352,0,0,0,3.11,5.88,,,,1,1,1,1,,,,303085,318749.3
1256045400,4.59,4.59,4.51,4.52,4.588065603189085,4.6055514792485015,0,0,0,3.11,5.88,,,,1,1,1,1,,,,287543,315979.45
1256131800,4.51,4.67,4.5,4.56,4.582452482551267,4.601410435680456,0,0,0,3.11,5.88,,,,1,1,1,1,,,,660250,332398.8
1256218200,4.46,4.5,4.36,4.5,4.565961986041014,4.592191305164051,0,0,0,3.11,5.88,,,,1,1,1,1,,,,800433,359592.15
1256304600,4.4,4.52,4.28,4.37,4.526769588832811,4.571992095603683,0,0,0,3.11,5.88,,,,1,1,1,1,,,,1582661,419590.7
1256563800,4.44,4.55,4.34,4.4,4.5014156710662485,4.556356450548803,0,0,0,3.11,5.88,,,,1,1,1,1,,,,1090820,459530.55
1256650200,4.4,4.4668,4.36,4.39,4.479132536852998,4.541233136862548,0,0,0,3.11,5.88,,,,1,1,1,1,,,,484063,448481.25
1256736600,4.39,4.41,4.08,4.08,4.399306029482399,4.499302851693225,0,0,0,3.11,5.88,,,,1,1,1,1,,,,908564,472479.65
1256823000,4.08,4.23,4.06,4.22,4.363444823585919,4.4739116833574775,0,0,0,3.11,5.88,,,,1,1,1,1,,,,577736,482979.8
1256909400,4.21,4.26,4.07,4.09,4.308755858868735,4.43901062123407,0,0,0,3.11,5.88,,,,1,1,1,1,,,,508866,495172.6
1257172200,4.1,4.17,3.94,4.01,4.249004687094988,4.400009655667336,0,0,0,3.11,5.88,,,,1,1,1,1,,,,506321,507187.05
1257258600,4.05,4.1,4.01,4.08,4.21520374967599,4.370917868788488,0,0,0,3.11,5.88,,,,1,1,1,1,,,,359768,514306.45
1257345000,4.09,4.09,3.95,3.97,4.166162999740792,4.334470789807716,0,0,0,3.11,5.88,,,,1,1,1,1,,,,600865,534448.9
1257431400,4.05,4.09,4.0301,4.06,4.144930399792634,4.309518899825196,0,0,0,3.11,5.88,,,,1,1,1,1,,,,333265,533288.65
1257517800,4.24,4.53,4.22,4.41,4.197944319834107,4.318653545295633,1,0,0,3.11,5.88,,,,2,1,1,1,1,,,895746,569969.1
1257777000,4.42,4.47,4.37,4.41,4.240355455867286,4.326957768450575,0,0,0,3.11,5.88,,,,2,1,1,1,,,,399526,574824.8
1257863400,4.5,4.58,4.26,4.28,4.248284364693829,4.322688880409614,0,0,0,3.11,5.88,,,,2,1,1,1,,,,557437,585787.25
1257949800,4.31,4.4,4.25,4.28,4.2546274917550635,4.318808073099649,0,0,0,3.11,5.88,,,,2,1,1,1,,,,377253,588494.75
1258036200,4.26,4.29,4.11,4.11,4.2257019934040505,4.299825520999681,0,0,0,3.11,5.88,,,,2,1,1,1,,,,549137,602415.55
1258122600,4.15,4.2,4.03,4.16,4.21256159472324,4.28711410999971,0,0,0,3.11,5.88,,,,2,1,1,1,,,,440976,611215.75
1258381800,4.19,4.35,4.1,4.34,4.238049275778592,4.291921918181554,0,0,0,3.11,5.88,,,,2,1,1,1,,,,491895,620656.25
1258468200,4.21,4.28,4.19,4.23,4.236439420622874,4.286292652892322,0,0,0,3.11,5.88,,,,2,1,1,1,,,,278823,620220.25
1258554600,4.23,4.25,4.15,4.18,4.225151536498299,4.276629684447565,0,0,0,3.11,5.88,,,,2,1,1,1,,,,326372,603526.35
1258641000,4.15,4.19,4.07,4.07,4.19412122919864,4.257845167679605,0,0,0,3.11,5.88,,,,2,1,1,1,,,,364343,581721.85
1258727400,4.04,4.09,4.03,4.08,4.1712969833589115,4.241677425163277,0,0,0,3.11,5.88,,,,2,1,1,1,,,,237426,514460.1
1258986600,4.12,4.37,4.12,4.2,4.177037586687129,4.237888568330252,0,0,0,3.11,5.88,,,,2,1,1,1,,,,669267,493382.45
1259073000,4.24,4.45,4.16,4.3,4.2016300693497035,4.243535062118411,0,0,0,3.11,5.88,,,,2,1,1,1,,,,1361271,537242.85
1259159400,4.3,4.43,4.3,4.38,4.237304055479763,4.255940965562192,0,0,0,3.11,5.88,,,,2,1,1,1,,,,316649,507647.1
1259332200,4.2,4.37,4.15,4.27,4.24384324438381,4.257219059601993,0,0,0,3.11,5.88,,,,2,1,1,1,,,,300358,493778.2
1259591400,4.26,4.26,4.15,4.23,4.241074595507048,4.254744599638175,0,0,0,3.11,5.88,,,,2,1,1,1,,,,420845,489377.15
1259677800,4.28,4.32,4.23,4.27,4.246859676405639,4.256131454216523,0,0,0,3.11,5.88,,,,2,1,1,1,,,,385143,483318.25
1259764200,4.27,4.3,4,4.25,4.247487741124511,4.255574049287748,0,0,0,3.11,5.88,,,,2,1,1,1,,,,192192,474939.45
1259850600,4.25,4.28,4.18,4.19,4.235990192899608,4.249612772079772,0,0,0,3.11,5.88,,,,2,1,1,1,,,,226568,456224.6
1259937000,4.28,4.34,4.24,4.32,4.252792154319687,4.25601161098161,0,0,0,3.11,5.88,,,,2,1,1,1,,,,385164,458819.55
1260196200,4.45,4.49,4.27,4.34,4.27023372345575,4.2636469190741915,0,0,0,3.11,5.88,,,,2,1,1,1,,,,465892,437326.85
1260282600,4.32,4.38,4.249,4.37,4.290186978764599,4.273315380976538,0,0,0,3.11,5.88,,,,2,1,1,1,,,,333564,434028.75
1260369000,4.36,4.37,4.25,4.33,4.298149583011679,4.278468528160489,0,0,0,3.11,5.88,,,,2,1,1,1,,,,154237,413868.75
1260455400,4.34,4.39,4.24,4.34,4.3065196664093435,4.284062298327717,0,0,0,3.11,5.88,,,,2,1,1,1,,,,318009,410906.55
1260541800,4.35,4.37,4.25,4.31,4.3072157331274745,4.286420271207016,0,0,0,3.11,5.88,,,,2,1,1,1,,,,194975,393198.45
1260801000,4.34,4.4,4.22,4.39,4.323772586501979,4.295836610188196,0,0,0,3.11,5.88,,,,2,1,1,1,,,,378806,390089.95
1260887400,4.39,4.47,4.34,4.44,4.347018069201583,4.30894237289836,0,0,0,3.11,5.88,,,,2,1,1,1,,,,460857,388538.05
1260973800,4.47,4.58,4.44,4.49,4.375614455361267,4.325402157180328,0,0,0,3.11,5.88,,,,2,1,1,1,,,,437335,396463.65
1261060200,4.45,4.5,4.43,4.46,4.392491564289013,4.337638324709389,0,0,0,3.11,5.88,,,,2,1,1,1,,,,304060,395348.05
1261146600,4.49,4.49,4.35,4.47,4.40799325143121,4.349671204281263,0,0,0,3.11,5.88,,,,2,1,1,1,,,,832470,418754.4
1261405800,4.48,4.5,4.39,4.44,4.414394601144968,4.357882912982967,0,0,0,3.11,5.88,,,,2,1,1,1,,,,322536,423009.9
1261492200,4.44,4.56,4.408,4.5,4.431515680915974,4.370802648166333,0,0,0,3.11,5.88,,,,2,1,1,1,,,,553041,417198.6
1261578600,4.5,4.5,4.36,4.47,4.439212544732779,4.379820589242121,0,0,0,3.11,5.88,,,,2,1,1,1,,,,300023,364136.2
1261665000,4.5,4.5,4.4,4.41,4.433370035786224,4.382564172038292,0,0,0,3.11,5.88,,,,2,1,1,1,,,,118384,354222.95
1262010600,4.4,4.4,4.27,4.35,4.416696028628979,4.379603792762084,0,0,0,3.11,5.88,,,,2,1,1,1,,,,496575,364033.8
1262097000,4.34,4.49,4.33,4.35,4.403356822903183,4.376912538874621,0,0,0,3.11,5.88,,,,2,1,1,1,,,,598307,372906.9
1262183400,4.35,4.45,4.32,4.35,4.392685458322546,4.374465944431474,0,0,0,3.11,5.88,,,,2,1,1,1,,,,396704,373484.95
1262269800,4.4,4.43,4.32,4.38,4.390148366658037,4.37496904039225,0,0,0,3.11,5.88,,,,2,1,1,1,,,,400401,383895.4
1262615400,4.46,4.66,4.41,4.65,4.44211869332643,4.399971854902045,0,0,0,3.11,5.88,,,,2,1,1,1,,,,762621,410698.05
1262701800,4.62,4.72,4.62,4.7,4.4936949546611435,4.427247140820041,0,0,0,3.11,5.88,,,,2,1,1,1,,,,319744,407427.05
1262788200,5.05,5.95,5.03,5.84,4.762955963728915,4.5556792189273105,0,1,0,3.11,5.88,,,,3,1,1,1,,1,,8492695,808767.2
1262874600,5.74,6.05,5.46,5.66,4.942364770983132,4.656072017206646,0,0,0,3.11,5.88,,,,3,1,1,1,,,,4128520,998515
1262961000,5.64,5.8,5.43,5.56,5.065891816786506,4.738247288369678,0,0,0,3.11,5.88,,,,3,1,1,1,,,,1775728,1079589.55
1263220200,5.62,6.36,5.52,6.19,5.290713453429205,4.870224807608798,0,0,0,3.11,5.88,,,,3,1,1,1,,,,4671816,1297279.9
1263306600,6.13,6.43,5.91,5.93,5.4185707627433635,4.966568006917089,0,0,0,3.11,5.88,,,,3,1,1,1,,,,2552212,1415141.75
1263393000,6.08,6.4,6,6.27,5.588856610194691,5.08506182447008,0,0,0,3.11,5.88,,,,3,1,1,1,,,,1992256,1495814.25
1263479400,6.28,6.69,6.26,6.39,5.749085288155753,5.203692567700073,0,0,0,3.11,5.88,,,,3,1,1,1,,,,2507608,1598151.8
1263565800,6.42,6.43,5.99,6.29,5.857268230524602,5.302447788818248,0,0,0,3.11,5.88,,,,3,1,1,1,,,,1663489,1659459.5
1263911400,6.32,6.687,6.29,6.32,5.949814584419682,5.394952535289316,0,0,0,3.11,5.88,,,,3,1,1,1,,,,1674102,1727961.6
1263997800,6.29,6.36,6.1101,6.25,6.009851667535746,5.472684122990287,0,0,0,3.11,5.88,,,,3,1,1,1,,,,746823,1723679.25
1264084200,6.25,6.28,5.86,5.88,5.983881334028597,5.50971283908208,0,0,0,3.11,5.88,,,,3,1,1,1,,,,1278720,1771488.45
1264170600,5.88,6.09,5.58,5.74,5.935105067222878,5.530648035529164,0,0,0,3.11,5.88,,,,3,1,1,1,,,,1237689,1805720.85
1264429800,5.77,5.93,5.64,5.8,5.908084053778302,5.555134577753785,0,0,0,3.11,5.88,,,,3,1,1,1,,,,811298,1831284.6
1264516200,5.76,5.87,5.65,5.82,5.890467243022642,5.579213252503441,0,0,0,3.11,5.88,,,,3,1,1,1,,,,1071312,1878931
1264602600,5.8,5.95,5.78,5.92,5.896373794418114,5.610193865912219,0,0,0,3.11,5.88,,,,3,1,1,1,,,,842636,1896234.05
1264689000,5.96,5.96,5.8,5.9,5.897099035534492,5.636539878102018,0,0,0,3.11,5.88,,,,3,1,1,1,,,,573023,1894969.85
1264775400,5.91,6,5.56,5.64,5.845679228427593,5.636854434638198,0,0,0,3.11,5.88,,,,3,1,1,1,,,,1259554,1938112.35
1265034600,5.71,5.91,5.66,5.89,5.854543382742074,5.659867667852907,0,0,0,3.11,5.88,,,,3,1,1,1,,,,587090,1947446.8
1265121000,5.91,5.98,5.8333,5.97,5.87763470619366,5.688061516229916,0,0,0,3.11,5.88,,,,3,1,1,1,,,,505626,1934597.05
1265207400,5.93,6,5.81,5.85,5.872107764954928,5.702783196572651,0,0,0,3.11,5.88,,,,3,1,1,1,,,,771599,1957189.8
1265293800,5.78,5.8,5.63,5.63,5.823686211963942,5.696166542338774,0,0,0,3.11,5.88,,,,3,1,1,1,,,,721268,1568618.45
1265380200,5.62,5.65,5.33,5.47,5.752948969571153,5.675605947580704,0,0,0,3.11,5.88,,,,3,1,1,1,,,,931357,1408760.3
1265639400,5.49,5.67,5.47,5.51,5.704359175656922,5.660550861437003,0,0,0,3.11,5.88,,,,3,1,1,1,,,,395835,1339765.65
1265725800,5.57,5.71,5.549,5.66,5.6954873405255375,5.660500783124548,0,0,0,3.11,5.88,,,,3,1,1,1,,,,414768,1126913.25
1265812200,5.73,5.77,5.58,5.67,5.69038987242043,5.661364348295044,0,0,0,3.11,5.88,,,,3,1,1,1,,,,330651,1015835.2
1265898600,5.65,5.84,5.56,5.77,5.706311897936343,5.671240316631859,0,0,0,3.11,5.88,,,,3,1,1,1,,,,450514,938748.1
1265985000,5.62,5.72,5.57,5.72,5.709049518349075,5.675673015119871,0,0,0,3.11,5.88,,,,3,1,1,1,,,,544476,840591.5
1266330600,5.76,5.99,5.73,5.95,5.75723961467926,5.700611831927156,0,0,0,3.11,5.88,,,,3,1,1,1,,,,693679,792101
1266417000,6,6.5,5.9895,6.41,5.887791691743407,5.765101665388324,0,0,0,3.11,5.88,,,,3,1,1,1,,,,1676429,792217.35
1266503400,6.47,6.61,6.32,6.58,6.026233353394726,5.839183332171204,0,0,0,3.11,5.88,,,,3,1,1,1,,,,1898882,849820.3
1266589800,6.8599,7.34,6.82,7.15,6.250986682715781,5.958348483792004,0,0,0,3.11,5.88,,,,3,1,1,1,,,,5253645,1048566.55
1266849000,7.16,7.88,7.15,7.63,6.526789346172625,6.110316803447276,0,0,0,3.11,5.88,,,,3,1,1,1,,,,3894449,1181404.55
1266935400,7.5,7.7,6.94,6.97,6.6154314769381,6.188469821315706,0,0,0,3.11,5.88,,,,3,1,1,1,,,,4436426,1362660.95
1267021800,7.01,7.26,7,7.23,6.73834518155048,6.283154383014278,0,0,0,3.11,5.88,,,,3,1,1,1,,,,1316965,1374943.6
1267108200,7.03,7.29,6.9501,7.25,6.840676145240384,6.3710494391038885,0,0,0,3.11,5.88,,,,3,1,1,1,,,,1334916,1399557.6
1267194600,7.28,7.75,7.27,7.56,6.984540916192308,6.479135853730808,0,0,0,3.11,5.88,,,,3,1,1,1,,,,2243288,1483070.85
1267453800,7.25,7.27,6.88,6.98,6.983632732953846,6.524668957937099,0,0,0,3.11,5.88,,,,3,1,1,1,,,,3408656,1590525.95
1267540200,7.05,7.1,6.79,7.02,6.990906186363077,6.56969905267009,0,0,0,3.11,5.88,,,,3,1,1,1,,,,1430716,1632707.25
1267626600,7.04,7.09,6.8,6.93,6.978724949090461,6.602453684245536,0,0,0,3.11,5.88,,,,3,1,1,1,,,,1132642,1664058.05
1267713000,6.92,7.02,6.68,6.78,6.938979959272369,6.618594258405033,0,0,0,3.11,5.88,,,,3,1,1,1,,,,1507836,1700869.9
1267799400,6.84,6.99,6.79,6.97,6.945183967417895,6.650540234913667,0,0,0,3.11,5.88,,,,3,1,1,1,,,,1049505,1717281.75
1268058600,7.06,7.1,6.87,6.99,6.954147173934317,6.681400213557879,0,0,0,3.11,5.88,,,,3,1,1,1,,,,955502,1718489
1268145000,6.95,7.35,6.95,7.15,6.993317739147454,6.724000194143526,0,0,0,3.11,5.88,,,,3,1,1,1,,,,2017264,1799560.45
1268231400,7.2,7.29,7.02,7.07,7.008654191317963,6.75545472194866,0,0,0,3.11,5.88,,,,3,1,1,1,,,,1175159,1837580
1268317800,7.06,7.16,7,7.03,7.01292335305437,6.780413383589691,0,0,0,3.11,5.88,,,,3,1,1,1,,,,833676,1862731.25
1268404200,7.1,7.1,6.91,6.94,6.998338682443497,6.79492125780881,0,0,0,3.11,5.88,,,,3,1,1,1,,,,1168845,1898647.8
1268659800,6.96,7.09,6.86,6.89,6.9766709459547975,6.803564779826191,0,0,0,3.11,5.88,,,,3,1,1,1,,,,885749,1915711.45
1268746200,6.88,6.96,6.77,6.78,6.937336756763838,6.801422527114719,0,0,0,3.11,5.88,,,,3,1,1,1,,,,973994,1929727.2
1268832600,6.85,6.88,6.68,6.7,6.889869405411071,6.792202297377017,0,0,0,3.11,5.88,,,,3,1,1,1,,,,1020783,1896944.9
1268919000,6.75,6.78,6.39,6.39,6.789895524328856,6.755638452160924,0,0,0,3.11,5.88,,,,3,1,1,1,,,,1849477,1894474.65
1269005400,6.43,6.49,6.32,6.32,6.695916419463085,6.716034956509931,0,0,0,3.11,5.88,,,,3,1,1,1,,,,1378362,1700710.5
1269264600,6.27,6.48,6.15,6.44,6.644733135570468,6.690940869554483,0,0,0,3.11,5.88,,,,3,1,1,1,,,,787608,1545368.45
1269351000,6.42,6.6,6.4001,6.6,6.635786508456374,6.682673517776803,0,0,0,3.11,5.88,,,,3,1,1,1,,,,839581,1365526.2
1269437400,6.58,6.72,6.52,6.63,6.6346292067651,6.67788501616073,0,0,0,3.11,5.88,,,,3,1,1,1,,,,1247330,1362044.45
1269523800,6.7,6.74,6.29,6.31,6.56970336541208,6.644440923782482,0,0,0,3.11,5.88,,,,3,1,1,1,,,,1285062,1359551.75
1269610200,6.32,6.3699,5.871,6,6.455762692329664,6.585855385256802,0,0,0,3.11,5.88,,,,3,1,1,1,,,,2312843,1363029.5
1269869400,6.01,6.07,5.9,6.06,6.376610153863731,6.538050350233457,0,0,0,3.11,5.88,,,,3,1,1,1,,,,823930,1233793.2
1269955800,6.07,6.11,5.97,6.03,6.307288123090985,6.4918639547576875,0,0,0,3.11,5.88,,,,3,1,1,1,,,,577661,1191140.45
1270042200,6.01,6.03,5.86,5.87,6.219830498472788,6.435330867961534,0,0,0,3.11,5.88,,,,3,1,1,1,,,,840460,1176531.35
1270128600,5.93,5.97,5.76,5.78,6.131864398778231,6.375755334510486,0,0,0,3.11,5.88,,,,3,1,1,1,,,,702016,1136240.35
1270474200,5.61,5.64,5.35,5.59,6.023491519022585,6.304323031373169,0,0,0,3.11,5.88,,,,3,1,1,1,,,,3363013,1251915.75
1270560600,5.6,5.8,5.54,5.62,5.942793215218068,6.242111846702881,0,0,0,3.11,5.88,,,,3,1,1,1,,,,1683488,1288315.05
1270647000,5.6,5.72,5.5,5.54,5.862234572174454,6.178283497002619,0,0,0,3.11,5.88,,,,3,1,1,1,,,,1288992,1251901.45
1270733400,5.54,5.57,5.43,5.48,5.785787657739563,6.11480317909329,0,0,0,3.11,5.88,,,,3,1,1,1,,,,1030403,1244663.65
1270819800,5.5,5.6,5.37,5.52,5.73263012619165,6.0607301628120815,0,0,0,3.11,5.88,,,,3,1,1,1,,,,1332972,1269628.45
1271079000,5.49,5.57,5.4,5.47,5.68010410095332,6.007027420738256,0,0,0,3.11,5.88,,,,3,1,1,1,,,,1031807,1262776.55
1271165400,5.47,5.47,5.27,5.33,5.610083280762656,5.945479473398414,0,0,0,3.11,5.88,,,,3,1,1,1,,,,1148636,1275920.9
1271251800,5.39,5.43,5.33,5.43,5.574066624610125,5.898617703089467,0,0,0,3.11,5.88,,,,3,1,1,1,,,,631195,1258780.95
1271338200,5.44,5.46,5.27,5.37,5.533253299688099,5.850561548263152,0,0,0,3.11,5.88,,,,3,1,1,1,,,,706141,1243048.85
1271424600,5.37,5.3985,5.21,5.21,5.46860263975048,5.792328680239229,0,0,0,3.11,5.88,,,,3,1,1,1,,,,1006793,1200914.65
1271683800,5.27,5.4,5.2,5.302,5.435282111800384,5.7477533456720264,0,0,0,3.11,5.88,,,,3,1,1,1,,,,1221328,1193062.95
1271770200,5.35,5.43,5.31,5.39,5.426225689440307,5.715230314247297,0,0,0,3.11,5.88,,,,3,1,1,1,,,,990793,1203222.2
1271856600,5.39,5.43,5.31,5.38,5.416980551552245,5.6847548311339064,0,0,0,3.11,5.88,,,,3,1,1,1,,,,626629,1192574.6
1271943000,5.34,5.63,5.32,5.61,5.455584441241796,5.67795893739446,0,0,0,3.11,5.88,,,,3,1,1,1,,,,1266498,1193533
1272029400,5.33,5.39,4.87,4.9,5.344467552993437,5.607235397631327,0,0,0,3.11,5.88,,,,3,1,1,1,,,,4555379,1357048.85
1272288600,4.93,4.96,4.74,4.77,5.229574042394749,5.531123088755752,0,0,0,3.11,5.88,,,,3,1,1,1,,,,2498598,1366336.6
1272375000,4.92,5.07,4.8,4.95,5.173659233915799,5.478293717050684,0,0,0,3.11,5.88,,,,3,1,1,1,,,,2855669,1467923.55
1272461400,4.99,4.99,4.8,4.83,5.10492738713264,5.41935792459153,0,0,0,3.11,5.88,,,,3,1,1,1,,,,1570034,1517542.2
1272547800,4.86,4.9,4.81,4.87,5.057941909706112,5.36941629508321,0,0,0,3.11,5.88,,,,3,1,1,1,,,,1364718,1543755.1
1272634200,4.86,4.91,4.73,4.75,4.99635352776489,5.313105722802918,0,0,0,3.11,5.88,,,,3,1,1,1,,,,1485063,1582907.45
1272893400,4.76,4.85,4.61,4.84,4.965082822211912,5.270096111639017,0,0,0,3.11,5.88,,,,3,1,1,1,,,,1182964,1473905
1272979800,4.79,4.81,4.69,4.76,4.924066257769529,5.223723737853652,0,0,0,3.11,5.88,,,,3,1,1,1,,,,1428346,1461147.9
1273066200,4.74,4.78,4.65,4.75,4.889253006215624,5.18065794350332,0,0,0,3.11,5.88,,,,3,1,1,1,,,,1100566,1451726.6
1273152600,4.72,4.78,4.48,4.61,4.833402404972499,5.128779948639382,0,0,0,3.11,5.88,,,,3,1,1,1,,,,2605974,1530505.15
1273239000,4.55,4.65,4.4,4.41,4.748721923977999,5.063436316944893,0,0,0,3.11,5.88,,,,3,1,1,1,,,,1772922,1552502.65
1273498200,4.63,4.67,4.52,4.65,4.728977539182399,5.02585119722263,0,0,0,3.11,5.88,,,,3,1,1,1,,,,1012922,1551558.4
1273584600,4.6,4.76,4.5598,4.68,4.719182031345919,4.9944101792933,0,0,0,3.11,5.88,,,,3,1,1,1,,,,884607,1538356.95
1273671000,4.68,4.9,4.652,4.89,4.753345625076735,4.98491834481209,0,0,0,3.11,5.88,,,,3,1,1,1,,,,915329,1552563.65
1273757400,4.9,5.17,4.85,5.1,4.822676500061387,4.995380313465537,0,0,0,3.11,5.88,,,,3,1,1,1,,,,1913756,1612944.4
1273843800,5.05,5.12,4.89,5.04,4.8661412000491095,4.999436648605034,0,0,0,4.4,7.88,,,,1,1,1,1,,,,1107205,1617965
1274103000,5.07,5.1,4.95,5.06,4.904912960039288,5.0049424078227585,0,0,0,4.4,7.88,,,,1,1,1,1,,,,795977,1596697.45
1274189400,5.11,5.17,4.93,4.96,4.91593036803143,5.0008567343843255,0,0,0,4.4,7.88,,,,1,1,1,1,,,,805708,1587443.2
1274275800,4.95,4.98,4.83,4.86,4.904744294425144,4.988051576713024,0,0,0,4.4,7.88,,,,1,1,1,1,,,,776220,1594922.75
1274362200,4.75,4.8169,4.52,4.52,4.827795435540115,4.945501433375476,0,0,0,4.4,7.88,,,,1,1,1,1,,,,1676171,1615406.4
1274448600,4.45,4.64,4.45,4.52,4.766236348432092,4.906819484886796,0,0,0,4.4,7.88,,,,1,1,1,1,,,,1065029,1440888.9
1274707800,4.53,4.62,4.34,4.34,4.680989078745673,4.855290440806178,0,0,0,4.4,7.88,,,,1,1,1,1,,,,762426,1354080.3
1274794200,4.21,4.37,4.11,4.33,4.610791262996539,4.807536764369253,0,0,0,4.4,7.88,,,,1,1,1,1,,,,976394,1260116.55
1274880600,4.35,4.53,4.3,4.34,4.556633010397231,4.765033422153866,0,0,0,4.4,7.88,,,,1,1,1,1,,,,642375,1213733.6
1274967000,4.44,4.53,4.35,4.53,4.551306408317785,4.743666747412606,0,0,0,4.4,7.88,,,,1,1,1,1,,,,428074,1166901.4
1275053400,4.52,4.55,4.25,4.47,4.535045126654228,4.718787952193278,0,0,0,4.4,7.88,,,,1,1,1,1,,,,1540151,1169655.8
1275399000,4.41,4.47,4.13,4.13,4.454036101323382,4.665261774721162,0,0,0,4.4,7.88,,,,1,1,1,1,,,,1071241,1164069.65
1275485400,4.18,4.33,4.14,4.32,4.4272288810587055,4.633874340655602,0,0,0,4.11,7.88,,,,1,1,1,1,,,,876315,1136468.1
1275571800,4.32,4.4,4.15,4.32,4.4057831048469644,4.605340309686911,0,0,0,4.11,7.88,,,,1,1,1,1,,,,1008093,1131844.45
1275658200,4.21,4.32,4.18,4.28,4.380626483877571,4.575763917897191,0,0,0,4.11,7.88,,,,1,1,1,1,,,,1054560,1054273.75
1275917400,4.29,4.35,4.12,4.13,4.330501187102057,4.535239925361083,0,0,0,4.11,7.88,,,,1,1,1,1,,,,822410,1006748.15
1276003800,4.15,4.19,4.07,4.1,4.284400949681646,4.495672659419166,0,0,0,4.11,7.88,,,,1,1,1,1,,,,664962,989350.15
1276090200,4.15,4.2,4.1,4.12,4.251520759745317,4.461520599471969,0,0,0,4.11,7.88,,,,1,1,1,1,,,,566403,973439.95
1276176600,4.17,4.22,4.08,4.18,4.237216607796253,4.43592781770179,0,0,0,4.11,7.88,,,,1,1,1,1,,,,866378,970992.4
1276263000,4.16,4.23,4.1,4.13,4.2157732862370025,4.408116197910719,0,0,0,4.11,7.88,,,,1,1,1,1,,,,424100,896509.6
1276522200,4.18,4.27,4.18,4.2,4.212618628989602,4.389196543555199,0,0,0,4.11,7.88,,,,1,1,1,1,,,,396394,860969.05
1276608600,4.23,4.25,3.98,4.2,4.210094903191681,4.371996857777454,0,0,0,4.11,7.88,,,,1,1,1,1,,,,2339712,938155.8
1276695000,4.15,4.18,4.055,4.16,4.200075922553345,4.352724416161322,0,0,0,4.11,7.88,,,,1,1,1,1,,,,941044,944922.6
1276781400,4.15,4.18,4.1101,4.18,4.196060738042676,4.337022196510293,0,0,0,4.11,7.88,,,,1,1,1,1,,,,623694,937296.3
1276867800,4.21,4.2201,4.13,4.15,4.186848590434141,4.320020178645721,0,0,0,4.11,7.88,,,,1,1,1,1,,,,699766,888476.05
1277127000,4.21,4.24,4,4.01,4.151478872347313,4.291836526041564,0,0,0,4.11,7.88,,,,1,1,1,1,,,,662225,868335.85
1277213400,4.02,4.08,3.81,3.85,4.09118309787785,4.251669569128695,0,0,0,4.11,7.88,,,,1,1,1,1,,,,1825676,921498.35
1277299800,3.86,3.96,3.8281,3.94,4.06094647830228,4.223335971935177,0,0,0,4.11,7.88,,,,1,1,1,1,,,,958527,920605
1277386200,3.93,4.05,3.92,3.96,4.040757182641824,4.199396338122888,0,0,0,4.11,7.88,,,,1,1,1,1,,,,728183,924895.4
1277472600,3.96,4.07,3.88,4.07,4.046605746113459,4.187633034657171,0,0,0,4.11,7.88,,,,1,1,1,1,,,,1297436,968363.5
1277731800,4.02,4.07,3.96,3.98,4.033284596890767,4.168757304233792,0,0,0,4.11,7.88,,,,1,1,1,1,,,,810262,931869.05
1277818200,3.9,3.95,3.79,3.8,3.9866276775126135,4.135233912939811,0,0,0,4.11,7.88,,,,1,1,1,1,,,,824152,919514.6
1277904600,3.81,4.13,3.81,3.9,3.9693021420100907,4.113849011763465,0,0,0,4.11,7.88,,,,1,1,1,1,,,,1102323,930815
1277991000,3.58,3.79,3.55,3.7,3.9154417136080726,4.076226374330423,0,0,0,4.11,7.88,,,,1,1,1,1,,,,1951560,977988.35
1278077400,3.71,3.75,3.59,3.71,3.874353370886458,4.042933067573111,0,0,0,4.11,7.88,,,,1,1,1,1,,,,514428,950981.75
1278423000,3.77,3.96,3.68,3.74,3.8474826967091666,4.015393697793738,0,0,0,4.11,7.88,,,,1,1,1,1,,,,476829,933702.7
1278509400,3.76,3.84,3.7,3.79,3.8359861573673335,3.9949033616306706,0,0,0,4.11,7.88,,,,1,1,1,1,,,,478220,924365.6
1278595800,3.82,3.85,3.68,3.77,3.822788925893867,3.974457601482428,0,0,0,4.11,7.88,,,,1,1,1,1,,,,850170,938553.95
1278682200,3.75,3.87,3.66,3.87,3.8322311407150935,3.9649614558931163,0,0,0,3.55,7.88,,,,1,1,1,1,,,,727998,931634.95
1278941400,3.85,3.94,3.75,3.86,3.837784912572075,3.9554195053573786,0,0,0,3.55,7.88,,,,1,1,1,1,,,,406851,930772.5
1279027800,3.9,4,3.86,4,3.87022793005766,3.9594722775976168,0,0,0,3.55,7.88,,,,1,1,1,1,,,,632359,942570.75
1279114200,4,4.02,3.82,3.84,3.864182344046128,3.9486111614523787,0,0,0,3.55,7.88,,,,1,1,1,1,,,,431548,847162.55
1279200600,3.83,3.89,3.73,3.76,3.8433458752369023,3.931464692229435,0,0,0,3.55,7.88,,,,1,1,1,1,,,,439290,822074.85
1279287000,3.75,3.78,3.62,3.73,3.8206767001895217,3.9131497202085774,0,0,0,3.55,7.88,,,,1,1,1,1,,,,616873,821733.8
1279546200,3.72,3.81,3.72,3.78,3.8125413601516174,3.901045200189616,0,0,0,3.55,7.88,,,,1,1,1,1,,,,369913,805241.15
1279632600,3.73,3.86,3.723,3.85,3.820033088121294,3.8964047274451055,0,0,0,3.55,7.88,,,,1,1,1,1,,,,382865,791273.15
1279719000,3.87,4.39,3.84,4.33,3.922026470497035,3.9358224794955503,0,0,0,3.55,7.88,,,,1,1,1,1,,,,2919411,845959.9
1279805400,4.4,4.42,4.26,4.4,4.017621176397628,3.9780204359050457,0,0,0,3.55,7.88,,,,1,1,1,1,,,,891767,842621.9
1279891800,4.39,4.39,4.16,4.2,4.054096941118103,3.9982003962773143,0,0,0,3.55,7.88,,,,1,1,1,1,,,,1244188,868422.15
1280151000,4.24,4.38,4.17,4.37,4.117277552894483,4.032000360252104,0,0,0,3.55,7.88,,,,1,1,1,1,,,,765363,841818.5
1280237400,4.29,4.62,4.22,4.25,4.143822042315586,4.0518185093200945,0,0,0,3.55,7.88,,,,1,1,1,1,,,,1697255,886168.15
1280323800,4.26,4.28,4.05,4.11,4.137057633852469,4.05710773574554,0,0,0,3.55,7.88,,,,1,1,1,1,,,,639092,876915.15
1280410200,4.13,4.14,3.9,3.91,4.091646107081975,4.043734305223219,0,0,0,3.55,7.88,,,,1,1,1,1,,,,905313,867064.65
1280496600,3.87,4.14,3.87,4.1,4.09331688566558,4.048849368384745,0,0,0,3.55,7.88,,,,1,1,1,1,,,,828206,810896.95
1280755800,4.18,4.18,4.01,4.1,4.094653508532463,4.053499425804313,0,0,0,3.55,7.88,,,,1,1,1,1,,,,458276,808089.35
1280842200,4.07,4.11,4.01,4.04,4.08372280682597,4.052272205276648,0,0,0,3.55,7.88,,,,1,1,1,1,,,,384961,803495.95
1280928600,4.07,4.13,4,4.04,4.074978245460776,4.051156550251498,0,0,0,3.55,7.88,,,,1,1,1,1,,,,374464,798308.15
1281015000,4,4.07,4,4.01,4.061982596368621,4.04741504568318,0,0,0,3.55,7.88,,,,1,1,1,1,,,,298929,770746.1
1281101400,3.96,4.09,3.92,4.06,4.061586077094897,4.048559132439254,0,0,0,3.55,7.88,,,,1,1,1,1,,,,336544,751173.4
1281360600,4.1,4.1,4.02,4.08,4.065268861675918,4.051417393126595,0,0,0,3.55,7.88,,,,1,1,1,1,,,,192763,740469
1281447000,4.02,4.15,4,4.06,4.064215089340734,4.052197630115087,0,0,0,3.55,7.88,,,,1,1,1,1,,,,394803,728591.2
1281533400,4,4.0324,3.92,3.94,4.039372071472587,4.04199784555917,0,0,0,3.55,7.88,,,,1,1,1,1,,,,806045,747316.05
1281619800,3.89,4.03,3.85,3.99,4.029497657178069,4.0372707686901546,0,0,0,3.55,7.88,,,,1,1,1,1,,,,537142,752208.65
1281706200,3.96,4.04,3.87,3.87,3.9975981257424555,4.0220643351728675,0,0,0,3.55,7.88,,,,1,1,1,1,,,,369107,739820.35
1281965400,3.85,3.97,3.85,3.95,3.9880785005939643,4.015513031975334,0,0,0,3.55,7.88,,,,1,1,1,1,,,,435999,743124.65
1282051800,4,4.06,3.96,4.06,4.002462800475171,4.019557301795758,0,0,0,3.55,7.88,,,,1,1,1,1,,,,278217,737892.25
1282138200,4.04,4.04,3.95,4,4.001970240380137,4.017779365268871,0,0,0,3.55,7.88,,,,1,1,1,1,,,,264271,605135.25
1282224600,4,4.02,3.82,3.82,3.9655761923041095,3.999799422971701,0,0,0,3.55,7.88,,,,1,1,1,1,,,,452786,583186.2
1282311000,3.82,3.9,3.8,3.86,3.9444609538432878,3.9870903845197283,0,0,0,3.55,7.88,,,,1,1,1,1,,,,274040,534678.8
1282570200,3.87,3.93,3.82,3.86,3.92756876307463,3.975536713199753,0,0,0,3.55,7.88,,,,1,1,1,1,,,,357078,514264.55
1282656600,3.8,3.9,3.63,3.63,3.8680550104597042,3.944124284727048,0,0,0,3.55,7.88,,,,1,1,1,1,,,,760309,467417.25
1282743000,3.6,3.65,3.52,3.62,3.8184440083677633,3.914658440660953,0,0,0,3.55,7.88,,,,1,1,1,1,,,,644111,467668.2
1282829400,3.62,3.69,3.54,3.58,3.7707552066942105,3.8842349460554115,0,0,0,3.55,7.88,,,,1,1,1,1,,,,447478,444776.45
1282915800,3.63,3.72,3.5801,3.72,3.7606041653553683,3.8693044964140104,0,0,0,3.55,7.88,,,,1,1,1,1,,,,352296,420980.95
1283175000,3.69,3.72,3.64,3.64,3.7364833322842945,3.848458633103646,0,0,0,3.55,7.88,,,,1,1,1,1,,,,329124,414523.35
1283261400,3.63,3.74,3.62,3.63,3.7151866658274355,3.828598757366951,0,0,0,3.55,7.88,,,,1,1,1,1,,,,322630,411406.8
1283347800,3.75,3.91,3.73,3.9,3.7521493326619484,3.835089779424501,0,0,0,3.52,4.62,7.88,,,1,1,1,1,,,,652227,425294.95
1283434200,3.9,3.98,3.8699,3.97,3.7957194661295586,3.8473543449313645,0,0,0,3.52,4.62,7.88,,,1,1,1,1,,,,417284,431212.7
1283520600,4,4.01,3.93,3.99,3.834575572903647,3.860322131755786,0,0,0,3.52,4.62,7.88,,,1,1,1,1,,,,356129,432191.95
1283866200,3.99,4,3.92,3.92,3.8516604583229173,3.8657473925052597,0,0,0,3.52,4.62,7.88,,,1,1,1,1,,,,242728,434690.2
1283952600,3.94,3.98,3.91,3.93,3.867328366658334,3.871588538641145,0,0,0,3.52,4.62,7.88,,,1,1,1,1,,,,228210,426360.55
1284039000,3.98,3.985,3.9,3.95,3.8838626933266673,3.8787168533101317,0,0,0,3.52,4.62,7.88,,,1,1,1,1,,,,245715,398344.05
1284125400,3.95,4,3.87,3.9,3.8870901546613337,3.8806516848273924,0,0,0,3.52,4.62,7.88,,,1,1,1,1,,,,213560,382164.95
1284384600,3.96,4.06,3.93,4.05,3.919672123729067,3.8960469862067204,0,0,0,3.52,4.62,7.88,,,1,1,1,1,,,,325206,379969.9
1284471000,4.03,4.04,3.95,3.98,3.9317376989832535,3.9036790783697457,0,0,0,3.52,4.62,7.88,,,1,1,1,1,,,,244379,370388.9
1284557400,3.97,4.01,3.89,3.93,3.931390159186603,3.9060718894270416,0,0,0,3.52,4.62,7.88,,,1,1,1,1,,,,185530,365754.55
1284643800,3.91,3.97,3.89,3.9,3.925112127349282,3.905519899479129,0,0,0,3.52,4.62,7.88,,,1,1,1,1,,,,167467,360914.35
1284730200,3.95,3.96,3.8,3.88,3.9160897018794256,3.90319990861739,0,0,0,3.52,4.62,7.88,,,1,1,1,1,,,,722313,374390.7
1284989400,3.9,4.01,3.86,4,3.9328717615035407,3.9119999169249002,1,0,0,3.52,4.62,7.88,,,2,1,1,1,1,,,468150,384096.2
1285075800,3.98,4.01,3.95,3.95,3.9362974092028327,3.9154544699317273,0,0,0,3.52,4.62,7.88,,,2,1,1,1,,,,215228,377003.7
1285162200,3.92,3.98,3.87,3.94,3.937037927362266,3.9176858817561158,0,0,0,3.52,4.62,7.88,,,2,1,1,1,,,,242499,351113.2
1285248600,3.9,3.99,3.86,3.86,3.921630341889813,3.912441710687378,0,0,0,3.52,4.62,7.88,,,2,1,1,1,,,,272368,332526.05
1285335000,3.9,4,3.89,3.98,3.93330427351185,3.918583373352162,0,0,0,3.52,4.62,7.88,,,2,1,1,1,,,,315321,325918.2
1285594200,3.85,3.93,3.84,3.91,3.92864341880948,3.9178030666837835,0,0,0,3.52,4.62,7.88,,,2,1,1,1,,,,274135,322010.15
1285680600,3.91,3.92,3.8,3.82,3.906914735047584,3.9089118788034396,0,0,0,3.52,4.62,7.88,,,2,1,1,1,,,,454360,328271.95
1285767000,3.81,3.905,3.81,3.84,3.893531788038067,3.9026471625485812,0,0,0,3.52,4.62,7.88,,,2,1,1,1,,,,289651,326623
1285853400,3.87,3.89,3.82,3.88,3.8908254304304535,3.900588329589619,0,0,0,3.52,4.62,7.88,,,2,1,1,1,,,,391461,313584.7
1285939800,3.88,3.89,3.82,3.88,3.8886603443443626,3.89871666326329,0,0,0,3.52,4.62,7.88,,,2,1,1,1,,,,220134,303727.2
1286199000,3.9,3.93,3.61,3.61,3.83292827547549,3.872469693875718,0,0,1,3.52,4.62,7.88,,,1,1,1,1,,,1,1068513,339346.4
1286285400,3.71,3.95,3.7,3.95,3.856342620380392,3.87951790352338,1,0,0,3.52,4.62,7.88,,,2,1,1,1,1,,,867526,370586.3
1286371800,3.93,4.1,3.82,4,3.8850740963043138,3.890470821384891,0,0,0,3.52,4.62,7.88,,,2,1,1,1,,,,749083,396629.95
1286458200,4.03,4.12,3.98,4.12,3.932059277043451,3.911337110349901,0,0,0,3.52,4.62,7.88,,,2,1,1,1,,,,460112,407349.8
1286544600,4.11,4.1315,4.05,4.06,3.9576474216347606,3.9248519184999098,0,0,0,3.52,4.62,7.88,,,2,1,1,1,,,,328668,413105.2
1286803800,4.04,4.1,3.99,4.01,3.9681179373078086,3.9325926531817363,0,0,0,3.52,4.62,7.88,,,2,1,1,1,,,,316412,412665.5
1286890200,4.01,4.07,3.99,4.06,3.9864943498462466,3.944175139256124,0,0,0,3.52,4.62,7.88,,,2,1,1,1,,,,358531,418373.1
1286976600,4.07,4.2,4.05,4.16,4.021195479876997,3.9637955811419308,0,1,0,3.52,4.62,7.88,,,3,1,1,1,,1,,420170,430105.1
1287063000,4.17,4.26,4.14,4.15,4.046956383901598,3.9807232555835736,0,0,0,3.52,4.62,7.88,,,3,1,1,1,,,,389653,441214.4
1287149400,4.21,4.24,4.13,4.18,4.073565107121278,3.998839323257794,0,0,0,3.52,4.62,7.88,,,3,1,1,1,,,,367971,423497.3
1287408600,4.18,4.49,4.16,4.49,4.156852085697023,4.043490293870722,0,0,0,3.52,4.62,7.88,,,3,1,1,1,,,,740166,437098.1
1287495000,4.42,4.57,4.24,4.26,4.177481668557618,4.063172994427929,0,0,0,3.52,4.62,7.88,,,3,1,1,1,,,,852252,468949.3
1287581400,4.29,4.535,4.29,4.46,4.2339853348460945,4.0992481767526625,0,0,0,3.52,4.62,7.88,,,3,1,1,1,,,,461724,479910.55
1287667800,4.49,4.61,4.4,4.54,4.295188267876876,4.139316524320602,0,0,0,3.52,4.62,7.88,,,3,1,1,1,,,,591031,495843.7
1287754200,4.54,4.59,4.5,4.53,4.3421506143015005,4.17483320392782,0,0,0,3.52,4.62,7.88,,,3,1,1,1,,,,258668,493011.05
1288013400,4.58,4.59,4.43,4.45,4.3637204914412004,4.199848367207109,0,0,0,3.52,4.62,7.88,,,3,1,1,1,,,,236407,491124.65
1288099800,4.42,4.53,4.41,4.43,4.37697639315296,4.220771242915554,0,0,0,3.52,4.62,7.88,,,3,1,1,1,,,,266801,481746.7
1288186200,4.27,4.2848,3.99,4.13,4.327581114522368,4.2125193117414135,0,0,0,3.52,4.62,7.88,,,3,1,1,1,,,,941487,514338.5
1288272600,4.15,4.16,3.93,3.95,4.252064891617894,4.1886539197649215,0,0,0,3.52,4.62,7.88,,,3,1,1,1,,,,710692,530300.05
1288359000,3.93,4.01,3.88,3.97,4.1956519132943155,4.168776290695384,0,0,0,3.52,4.62,7.88,,,3,1,1,1,,,,386376,538612.15
1288618200,3.99,4.04,3.86,3.89,4.134521530635452,4.143432991541258,0,0,0,3.52,4.62,7.88,,,3,1,1,1,,,,338968,502134.9
1288704600,3.94,3.99,3.9,3.92,4.0916172245083615,4.123120901401143,0,0,0,3.52,4.62,7.88,,,3,1,1,1,,,,326671,475092.15
1288791000,3.94,4,3.9,3.97,4.06729377960669,4.109200819455585,0,0,0,3.52,4.62,7.88,,,3,1,1,1,,,,355023,455389.15
1288877400,3.99,4.18,3.97,4.12,4.077835023685352,4.110182563141441,0,0,0,3.52,4.62,7.88,,,3,1,1,1,,,,621850,463476.05
1288963800,4.12,4.2,4.07,4.11,4.084268018948282,4.110165966492219,0,0,0,3.52,4.62,7.88,,,3,1,1,1,,,,272860,460685.65
1289226600,4.1,4.14,4.03,4.11,4.089414415158625,4.11015087862929,0,0,0,3.52,4.62,7.88,,,3,1,1,1,,,,310441,460387.1
1289313000,4.11,4.27,4.08,4.21,4.1135315321269,4.119228071481173,0,0,0,3.52,4.62,7.88,,,3,1,1,1,,,,349293,459925.2
1289399400,4.2,4.2147,4.13,4.17,4.12482522570152,4.12384370134652,0,0,0,3.52,4.62,7.88,,,3,1,1,1,,,,178078,447820.6
1289485800,4.12,4.15,4,4.04,4.107860180561216,4.116221546678655,0,0,0,3.52,4.62,7.88,,,3,1,1,1,,,,313728,444024.35
1289572200,4,4.07,3.91,3.92,4.070288144448973,4.098383224253323,0,0,0,3.52,4.62,7.88,,,3,1,1,1,,,,290931,440172.35
1289831400,3.95,4.15,3.94,4.06,4.068230515559178,4.094893840230293,0,0,0,3.52,4.62,7.88,,,3,1,1,1,,,,293029,417815.5
1289917800,4.02,4.07,3.99,4.03,4.0605844124473425,4.088994400209358,0,0,0,3.52,4.62,7.88,,,3,1,1,1,,,,546705,402538.15
1290004200,4.03,4.13,4.02,4.12,4.072467529957874,4.091813091099416,0,0,0,3.52,4.62,7.88,,,3,1,1,1,,,,384732,398688.55
1290090600,4.16,4.21,4.125,4.21,4.099974023966299,4.102557355544924,0,0,0,3.52,4.62,7.88,,,3,1,1,1,,,,526487,395461.35
1290177000,4.22,4.3,4.21,4.27,4.133979219173039,4.117779414131749,0,0,0,3.52,4.62,7.88,,,3,1,1,1,,,,305329,397794.4
1290436200,4.25,4.295,4.07,4.1,4.127183375338431,4.1161631037561355,0,0,0,3.52,4.62,7.88,,,3,1,1,1,,,,254539,398701
1290522600,4.05,4.09,4,4.04,4.109746700270745,4.10923918523285,0,0,0,3.52,4.62,7.88,,,3,1,1,1,,,,237564,397239.15
1290609000,4.07,4.2,4.05,4.11,4.109797360216596,4.109308350211682,0,0,0,3.52,4.62,7.88,,,3,1,1,1,,,,312631,365796.35
1290781800,4.08,4.25,4.08,4.16,4.119837888173277,4.11391668201062,0,0,0,3.52,4.62,7.88,,,3,1,1,1,,,,113704,335946.95
1291041000,4.16,4.19,4.05,4.08,4.111870310538621,4.110833347282382,0,0,0,3.52,4.62,7.88,,,3,1,1,1,,,,192375,326246.9
1291127400,4.03,4.1,4,4.03,4.095496248430897,4.103484861165802,0,0,0,3.52,4.62,7.88,,,3,1,1,1,,,,380562,328326.6
1291213800,4.1,4.17,4.04,4.11,4.098396998744717,4.104077146514365,0,0,0,3.52,4.62,7.88,,,3,1,1,1,,,,438441,333915.1
1291300200,4.11,4.15,4.07,4.1,4.098717598995774,4.103706496831241,0,0,0,3.52,4.62,7.88,,,3,1,1,1,,,,129540,322640.95
1291386600,4.07,4.14,4.04,4.1,4.098974079196619,4.103369542573855,0,0,0,3.52,4.62,7.88,,,3,1,1,1,,,,213756,302236.25
1291645800,4.07,4.2,4.06,4.13,4.105179263357296,4.105790493248959,0,0,0,3.52,4.62,7.88,,,3,1,1,1,,,,291528,303169.65
1291732200,4.19,4.2,4.08,4.09,4.102143410685836,4.10435499386269,0,0,0,3.52,4.62,7.88,,,3,1,1,1,,,,256229,300459.05
1291818600,4.15,4.92,4.139,4.88,4.257714728548669,4.1748681762388085,0,0,0,3.52,4.62,7.88,,,3,1,1,1,,,,3284549,447221.85
1291905000,4.84,4.85,4.53,4.55,4.316171782838936,4.208971069308007,0,0,0,3.52,4.62,7.88,,,3,1,1,1,,,,1152693,495952.6
1291991400,4.55,4.69,4.41,4.57,4.366937426271148,4.241791881189098,0,0,0,3.52,4.62,7.88,,,3,1,1,1,,,,722753,516403.85
1292250600,4.57,4.82,4.5601,4.67,4.427549941016919,4.280719891990089,0,0,0,3.52,4.62,7.88,,,3,1,1,1,,,,641972,533955.9
1292337000,4.67,4.85,4.57,4.59,4.460039952813535,4.308836265445536,0,0,0,3.52,4.62,7.88,,,3,1,1,1,,,,818879,560248.4
1292423400,4.6,4.66,4.48,4.52,4.472031962250828,4.328032968586851,0,0,0,3.52,7.88,,,,3,1,1,1,,,,405314,553178.85
1292509800,4.52,4.69,4.52,4.67,4.511625569800662,4.359120880533501,0,0,0,3.52,7.88,,,,3,1,1,1,,,,345471,551215.8
1292596200,4.66,4.95,4.57,4.88,4.58530045584053,4.406473527757728,0,0,0,3.52,7.88,,,,3,1,1,1,,,,1321240,590953.45
1292855400,4.91,5.1,4.87,4.87,4.642240364672424,4.448612297961571,0,0,0,3.52,7.88,,,,3,1,1,1,,,,841443,617759.15
1292941800,4.88,5.07,4.86,4.88,4.689792291737939,4.4878293617832465,0,0,0,3.52,7.88,,,,3,1,1,1,,,,975560,653810.2
1293028200,4.88,4.92,4.69,4.8,4.711833833390352,4.516208510712042,0,0,0,3.52,7.88,,,,3,1,1,1,,,,536959,668779.95
1293114600,4.81,4.85,4.7,4.74,4.717467066712281,4.536553191556402,0,0,0,3.52,7.88,,,,3,1,1,1,,,,287129,667504.85
1293460200,4.71,4.87,4.65,4.84,4.741973653369825,4.564139265051275,0,0,0,3.52,7.88,,,,3,1,1,1,,,,287835,676211.4
1293546600,4.83,4.95,4.78,4.85,4.76357892269586,4.590126604592069,0,0,0,3.52,7.88,,,,3,1,1,1,,,,342367,683711
1293633000,4.87,4.88,4.74,4.77,4.764863138156688,4.606478731447335,0,0,0,3.52,7.88,,,,3,1,1,1,,,,414791,685422.45
1293719400,4.76,4.7899,4.71,4.72,4.75589051052535,4.616798846770305,0,0,0,3.52,7.88,,,,3,1,1,1,,,,351090,681054.9
1293805800,4.7,4.75,4.65,4.7,4.74471240842028,4.624362587973004,0,0,0,3.52,7.88,,,,3,1,1,1,,,,443602,696758
1294065000,4.75,5.02,4.75,5,4.795769926736224,4.658511443611822,0,0,0,3.52,7.88,,,,3,1,1,1,,,,807805,726460.45
1294151400,4.98,5.09,4.77,4.77,4.790615941388979,4.668646766919838,0,0,0,3.52,7.88,,,,3,1,1,1,,,,901829,756975.5
1294237800,4.77,4.88,4.69,4.88,4.808492753111183,4.687860697199852,0,0,0,3.52,7.88,,,,3,1,1,1,,,,497319,769030
1294324200,4.92,4.98,4.74,4.77,4.800794202488946,4.69532790654532,0,0,0,3.52,7.88,,,,3,1,1,1,,,,572238,633414.45
1294410600,4.79,4.88,4.72,4.79,4.798635361991157,4.703934460495746,0,0,0,3.52,7.88,,,,3,1,1,1,,,,591872,605373.4
1294669800,4.74,4.83,4.678,4.78,4.794908289592926,4.710849509541587,0,0,0,3.52,7.88,,,,3,1,1,1,,,,923103,615390.9
1294756200,4.8,4.905,4.758,4.87,4.809926631674341,4.725317735946898,0,0,0,3.52,7.88,,,,3,1,1,1,,,,608624,613723.5
1294842600,4.91,4.91,4.77,4.79,4.805941305339473,4.731197941769907,0,0,0,3.52,7.88,,,,3,1,1,1,,,,318342,588696.65
1294929000,4.77,4.82,4.74,4.77,4.798753044271578,4.734725401609007,0,0,0,3.52,7.88,,,,3,1,1,1,,,,289702,582916.05
1295015400,4.73,4.81,4.7,4.81,4.801002435417263,4.741568546917279,0,0,0,3.52,7.88,,,,3,1,1,1,,,,303469,580815.95
1295361000,4.77,4.8385,4.71,4.75,4.79080194833381,4.742335042652072,0,0,0,3.52,7.88,,,,3,1,1,1,,,,357515,532629.7
1295447400,4.92,4.94,4.76,4.76,4.784641558667047,4.74394094786552,0,0,0,3.52,7.88,,,,3,1,1,1,,,,630815,522098.3
1295533800,4.77,4.83,4.69,4.69,4.765713246933638,4.73903722533229,0,0,0,3.52,7.88,,,,3,1,1,1,,,,463608,496500.7
1295620200,4.75,4.76,4.6,4.61,4.73457059754691,4.7273065684839,0,0,0,3.52,7.88,,,,3,1,1,1,,,,426637,490984.6
1295879400,4.6,4.7,4.56,4.6,4.707656478037528,4.715733244076273,0,0,0,3.52,7.88,,,,3,1,1,1,,,,451617,499209
1295965800,4.6,4.61,4.15,4.2,4.606125182430023,4.668848403705703,0,0,0,3.52,7.88,,,,3,1,1,1,,,,1817230,575678.75
1296052200,4.2,4.34,4.14,4.15,4.514900145944019,4.621680367005185,0,0,0,3.52,7.88,,,,3,1,1,1,,,,1002476,608684.2
1296138600,4.16,4.24,4.16,4.22,4.455920116755215,4.5851639700047135,0,0,0,3.52,7.88,,,,3,1,1,1,,,,442181,610053.7
1296225000,4.21,4.27,4.19,4.2,4.404736093404172,4.5501490636406485,0,0,0,3.52,7.88,,,,3,1,1,1,,,,704548,627726.6
1296484200,4.25,4.26,4.17,4.19,4.361788874723338,4.517408239673317,0,0,0,3.52,7.88,,,,3,1,1,1,,,,561093,633601.15
1296570600,4.22,4.3,4.18,4.3,4.349431099778671,4.49764385424847,0,0,0,3.52,7.88,,,,3,1,1,1,,,,289599,607690.85
1296657000,4.28,4.35,4.22,4.22,4.323544879822936,4.472403503862246,0,0,0,3.52,7.88,,,,3,1,1,1,,,,310236,578111.2
1296743400,4.22,4.26,4.12,4.131,4.285035903858349,4.441366821692951,0,0,0,3.52,7.88,,,,3,1,1,1,,,,534182,579954.35
1296829800,4.13,4.17,4.07,4.12,4.252028723086679,4.412151656084501,0,0,0,3.52,7.88,,,,3,1,1,1,,,,457574,574221.15
1297089000,4.11,4.17,4.06,4.13,4.227622978469343,4.386501505531364,0,0,0,3.52,7.88,,,,3,1,1,1,,,,346552,561955.15
1297175400,4.11,4.16,4.11,4.15,4.2120983827754745,4.365001368664877,0,0,0,3.52,7.88,,,,3,1,1,1,,,,243463,527973.15
1297261800,4.15,4.15,4.11,4.12,4.193678706220379,4.342728516968069,0,0,0,3.52,7.88,,,,3,1,1,1,,,,199995,507541.7
1297348200,4.12,4.15,4.05,4.05,4.164942964976303,4.316116833607336,0,0,0,3.52,7.88,,,,3,1,1,1,,,,380190,510634.1
1297434600,4.05,4.06,3.99,4.01,4.1339543719810425,4.288288030552124,0,0,0,3.52,7.88,,,,3,1,1,1,,,,476487,519973.35
1297693800,4.03,4.22,4,4.1,4.127163497584834,4.271170936865567,0,0,0,3.52,7.88,,,,3,1,1,1,,,,441957,526897.75
1297780200,4.1,4.17,4.06,4.09,4.1197307980678675,4.25470085169597,0,0,0,3.52,7.88,,,,3,1,1,1,,,,336606,525852.3
1297866600,4.13,4.34,4.13,4.25,4.145784638454294,4.254273501541792,0,0,0,3.52,7.88,,,,3,1,1,1,,,,859281,537275.6
1297953000,4.26,4.34,4.09,4.27,4.170627710763435,4.2557031832198104,0,0,0,3.52,7.88,,,,3,1,1,1,,,,378947,533042.55
1298039400,4.29,4.3,4.17,4.29,4.194502168610748,4.258821075654373,0,0,0,3.52,7.88,,,,3,1,1,1,,,,365131,529967.25
1298385000,4.22,4.35,4.16,4.17,4.1896017348885985,4.250746432413066,0,0,0,3.52,7.88,,,,3,1,1,1,,,,554117,535092.25
1298471400,4.05,4.12,3.9,3.96,4.1436813879108785,4.224314938557333,0,0,0,3.52,7.88,,,,3,1,1,1,,,,939347,491198.1
1298557800,3.94,4.01,3.74,3.76,4.066945110328703,4.182104489597576,0,0,0,3.52,7.88,,,,3,1,1,1,,,,1151439,498646.25
1298644200,3.77,3.86,3.755,3.84,4.021556088262963,4.151004081452341,0,0,0,3.52,7.88,,,,3,1,1,1,,,,560160,504545.2
1298903400,3.7219,3.86,3.7219,3.78,3.9732448706103702,4.117276437683946,0,0,0,3.52,7.88,,,,3,1,1,1,,,,404416,489538.6
1298989800,3.78,3.8,3.68,3.69,3.916595896488296,4.078433125167224,0,0,0,3.52,7.88,,,,3,1,1,1,,,,479418,485454.85
1299076200,3.69,3.9,3.6899,3.89,3.911276717190637,4.061302841061113,0,0,0,3.52,7.88,,,,3,1,1,1,,,,606849,501317.35
1299162600,4,4.1,3.91,4.09,3.9470213737525097,4.063911673691921,0,0,0,3.52,7.88,,,,3,1,1,1,,,,730369,522324
1299249000,4.07,4.1,4,4.06,3.969617099002008,4.063556066992655,0,0,0,3.52,7.88,,,,3,1,1,1,,,,398000,515514.9
1299508200,4.05,4.07,4.01,4.02,3.979693679201606,4.0595964245387774,0,0,0,3.52,7.88,,,,3,1,1,1,,,,421510,513711.7
1299594600,3.98,4.1199,3.98,4.085,4.000754943361285,4.061905840489798,0,0,0,3.52,7.88,,,,3,1,1,1,,,,357399,514254.05
1299681000,4.08,4.2,4.06,4.18,4.036603954689028,4.072641673172543,0,0,0,3.52,7.88,,,,3,1,1,1,,,,419809,523071.35
1299767400,4.1,4.18,4.04,4.09,4.0472831637512225,4.074219702884131,0,0,0,3.52,7.88,,,,3,1,1,1,,,,460470,536095.1
1299853800,4.06,4.2,4.03,4.16,4.069826531000978,4.082017911712846,0,0,0,3.52,7.88,,,,3,1,1,1,,,,425785,538374.85
1300109400,4.1,4.14,4,4,4.055861224800783,4.074561737920769,0,0,0,3.52,7.88,,,,3,1,1,1,,,,427408,535920.9
1300195800,3.99,4,3.85,3.96,4.036688979840626,4.064147034473426,0,0,0,3.52,7.88,,,,3,1,1,1,,,,510908,539368.45
1300282200,3.94,3.96,3.84,3.85,3.999351183872501,4.044679122248569,0,0,0,3.52,7.88,,,,3,1,1,1,,,,690214,557048.85
1300368600,3.89,3.91,3.76,3.76,3.951480947098001,4.018799202044153,0,0,0,3.52,7.88,,,,3,1,1,1,,,,593886,543779.1
1300455000,3.8,3.84,3.72,3.78,3.9171847576784007,3.997090183676503,0,0,0,3.52,7.88,,,,3,1,1,1,,,,1148863,582274.9
1300714200,3.82,3.92,3.79,3.83,3.8997478061427207,3.981900166978639,0,0,0,3.52,7.88,,,,3,1,1,1,,,,488522,588444.45
1300800600,3.82,3.84,3.73,3.73,3.8657982449141763,3.9590001517987625,0,0,0,3.52,7.88,,,,3,1,1,1,,,,393563,580416.75
1300887000,3.73,3.78,3.72,3.76,3.844638595931341,3.940909228907966,0,0,0,3.52,7.88,,,,3,1,1,1,,,,374848,552191.8
1300973400,3.8,4.05,3.8,4.04,3.8837108767450728,3.9499174808254236,0,0,0,3.52,7.88,,,,3,1,1,1,,,,1068463,548043
1301059800,4.07,4.17,4,4.1,3.926968701396058,3.9635613462049304,0,0,0,3.52,7.88,,,,3,1,1,1,,,,606471,550358.55
1301319000,4.13,4.2,3.69,3.96,3.9335749611168467,3.9632375874590275,0,0,0,3.52,7.88,,,,3,1,1,1,,,,1035251,581900.3
1301405400,3.95,4.2,3.9,4.12,3.9708599688934774,3.9774887158718433,0,0,0,3.52,7.88,,,,3,1,1,1,,,,436913,579775.05
1301491800,4.12,4.15,4.03,4.04,3.984687975114782,3.983171559883494,0,0,0,3.52,7.88,,,,3,1,1,1,,,,289954,563930.3
1301578200,4.02,4.1,4.02,4.06,3.9997503800918253,3.990155963530449,0,0,0,3.52,7.88,,,,3,1,1,1,,,,170815,535952.6
1301664600,4.09,4.19,3.985,4.03,4.00580030407346,3.9937781486640445,0,0,0,3.52,7.88,,,,3,1,1,1,,,,404609,536283.05
1301923800,4.03,4.07,3.97,4.06,4.0166402432587685,3.999798316967313,0,0,0,3.52,7.88,,,,3,1,1,1,,,,281854,529300.25
1302010200,4.05,4.2,4.0201,4.09,4.031312194607015,4.007998469970285,0,0,0,3.52,7.88,,,,3,1,1,1,,,,431725,533016.55
1302096600,4.1,4.18,4.09,4.09,4.043049755685612,4.015453154518441,0,0,0,3.52,7.88,,,,3,1,1,1,,,,166551,520353.65
1302183000,4.05,4.11,4.01,4.02,4.0384398045484895,4.015866504107673,0,0,0,3.52,7.88,,,,3,1,1,1,,,,198310,507245.65
1302269400,4.03,4.04,3.86,3.89,4.008751843638792,4.004424094643339,0,0,0,3.52,7.88,,,,3,1,1,1,,,,578539,514883.35
1302528600,3.88,3.97,3.88,3.9,3.9870014749110334,3.994930995130308,0,0,0,3.52,7.88,,,,3,1,1,1,,,,241587,505592.3
1302615000,3.87,3.92,3.8,3.83,3.9556011799288266,3.97993726830028,0,0,0,3.52,7.88,,,,3,1,1,1,,,,389577,499525.75
1302701400,3.9,3.9,3.79,3.81,3.9264809439430612,3.9644884257275272,0,0,0,3.52,7.88,,,,3,1,1,1,,,,285351,479282.6
1302787800,3.79,3.91,3.79,3.89,3.919184755154449,3.9577167506613886,0,0,0,3.52,7.88,,,,3,1,1,1,,,,364746,467825.6
1302874200,3.88,3.92,3.84,3.9,3.9153478041235594,3.952469773328535,0,0,0,3.52,7.88,,,,3,1,1,1,,,,194285,420096.7
1303133400,3.85,3.87,3.84,3.85,3.9022782432988476,3.9431543393895776,0,0,0,3.52,7.88,,,,3,1,1,1,,,,294928,410417
1303219800,3.9,4.06,3.88,3.89,3.8998225946390783,3.938322126717798,0,0,0,3.52,7.88,,,,3,1,1,1,,,,631428,422310.25
1303306200,3.96,4.1,3.96,4.09,3.9378580757112625,3.9521110242889073,0,0,0,3.52,7.88,,,,3,1,1,1,,,,772160,442175.85
1303392600,4.14,4.24,3.94,3.96,3.9422864605690098,3.952828203899007,0,0,0,3.52,7.88,,,,3,1,1,1,,,,897370,433621.2
1303738200,4.18,4.44,4.14,4.44,4.041829168455208,3.997116548999097,0,0,0,3.52,7.88,,,,3,1,1,1,,,,1253704,465982.85
1303824600,4.46,4.5,4.27,4.4,4.113463334764166,4.033742317271907,0,0,0,3.52,7.88,,,,3,1,1,1,,,,1076543,468047.45
1303911000,4.4,4.47,4.32,4.46,4.182770667811333,4.072493015701733,0,0,0,3.52,7.88,,,,3,1,1,1,,,,580362,475219.9
1303997400,4.4,4.47,4.39,4.45,4.236216534249066,4.1068118324561205,0,0,0,3.52,7.88,,,,3,1,1,1,,,,533096,487377
1304083800,4.46,4.5,4.4,4.46,4.280973227399253,4.138919847687382,0,0,0,3.52,7.88,,,,3,1,1,1,,,,408017,499237.1
1304343000,4.47,4.47,4.39,4.42,4.308778581919402,4.164472588806711,0,0,0,3.52,7.88,,,,3,1,1,1,,,,435142,500763.75
1304429400,4.41,4.41,4.29,4.39,4.325022865535521,4.184975080733373,0,0,0,3.52,7.88,,,,3,1,1,1,,,,408158,507078.95
1304515800,4.35,4.41,4.27,4.34,4.328018292428417,4.199068255212158,0,0,0,3.52,7.88,,,,3,1,1,1,,,,462624,508623.9
1304602200,4.33,4.42,4.29,4.39,4.340414633942733,4.216425686556507,0,0,0,3.52,7.88,,,,3,1,1,1,,,,371509,518871.8
1304688600,4.42,4.46,4.35,4.39,4.3503317071541865,4.232205169596824,0,0,0,3.52,7.88,,,,3,1,1,1,,,,225795,520246.05
1304947800,4.37,4.54,4.35,4.44,4.3682653657233494,4.251095608724386,0,0,0,3.52,7.88,,,,3,1,1,1,,,,540008,518319.5
1305034200,4.48,4.68,4.39,4.6,4.4146122925786795,4.282814189749442,0,0,0,3.52,7.88,,,,3,1,1,1,,,,580330,535256.65
1305120600,4.59,4.66,4.48,4.5,4.431689834062944,4.302558354317674,0,0,0,3.52,7.88,,,,3,1,1,1,,,,381747,534865.15
1305207000,4.45,4.68,4.432,4.65,4.475351867250355,4.334143958470613,0,0,0,3.52,7.88,,,,3,1,1,1,,,,391581,540176.65
1305293400,4.68,4.68,4.52,4.53,4.486281493800284,4.351949053155103,0,0,0,3.52,7.88,,,,3,1,1,1,,,,293259,536602.3
1305552600,4.5,4.59,4.45,4.5,4.489025195040227,4.365408230141003,0,0,0,3.52,7.88,,,,3,1,1,1,,,,257428,539759.45
1305639000,4.49,4.56,4.36,4.4,4.471220156032182,4.36855293649182,0,0,0,3.52,7.88,,,,3,1,1,1,,,,609181,555472.1
1305725400,4.4,4.55,4.38,4.54,4.484976124825745,4.384139033174382,0,0,0,3.52,7.88,,,,3,1,1,1,,,,382715,543036.45
1305811800,4.56,4.56,4.45,4.51,4.489980899860596,4.395580939249438,0,0,0,3.52,7.88,,,,3,1,1,1,,,,199827,514419.8
1305898200,4.55,4.55,4.46,4.48,4.487984719888477,4.403255399317671,0,0,0,3.52,7.88,,,,3,1,1,1,,,,355246,487313.6
1306157400,4.4,4.57,4.35,4.48,4.4863877759107815,4.410232181197883,0,0,0,3.52,7.88,,,,3,1,1,1,,,,383163,443786.55
1306243800,4.49,4.5,4.38,4.38,4.465110220728625,4.4074838010889845,0,0,0,3.52,7.88,,,,3,1,1,1,,,,446997,412309.25
1306330200,4.4,4.54,4.37,4.54,4.4800881765829,4.419530728262713,0,0,0,3.52,7.88,,,,3,1,1,1,,,,396004,403091.35
1306416600,4.49,4.6,4.41,4.6,4.504070541266319,4.4359370256933754,0,0,0,3.52,7.88,,,,3,1,1,1,,,,509522,401912.65
1306503000,4.61,4.72,4.6,4.65,4.533256433013055,4.455397296084887,0,0,0,3.52,7.88,,,,3,1,1,1,,,,345998,398811.7
1306848600,4.59,4.64,4.4,4.53,4.532605146410444,4.46217936007717,0,0,0,3.52,7.88,,,,3,1,1,1,,,,822526,418180.9
1306935000,4.53,4.54,4.4,4.46,4.518084117128355,4.4619812364337905,0,0,0,3.52,7.88,,,,3,1,1,1,,,,601146,427830.3
1307021400,4.46,4.5702,4.46,4.48,4.510467293702684,4.4636193058489,0,0,0,3.52,7.88,,,,3,1,1,1,,,,357253,422561.75
1307107800,4.4,4.49,4.4,4.43,4.494373834962147,4.460563005317182,0,0,0,3.52,7.88,,,,3,1,1,1,,,,317303,419851.45
1307367000,4.43,4.52,4.43,4.46,4.4874990679697175,4.4605118230156195,0,0,0,3.52,7.88,,,,3,1,1,1,,,,401582,428640.8
1307453400,4.49,4.49,4.41,4.41,4.471999254375774,4.455919839105109,0,0,0,3.52,7.88,,,,3,1,1,1,,,,193356,411308.2
1307539800,4.4,4.41,4.28,4.29,4.435599403500619,4.440836217368281,0,0,0,3.52,7.88,,,,3,1,1,1,,,,547819,409682.65
1307626200,4.29,4.34,4.28,4.3,4.408479522800495,4.428032924880255,0,0,0,3.52,7.88,,,,3,1,1,1,,,,363470,408768.8
1307712600,4.27,4.35,4.26,4.3,4.386783618240396,4.416393568072959,0,0,0,3.52,7.88,,,,3,1,1,1,,,,503577,414368.6
1307971800,4.3,4.36,4.27,4.3,4.3694268945923165,4.405812334611781,0,0,0,3.52,7.88,,,,3,1,1,1,,,,437003,421555.8
1308058200,4.39,4.49,4.29,4.35,4.365541515673853,4.40073848601071,0,0,0,3.52,7.88,,,,3,1,1,1,,,,575919,437480.35
1308144600,4.3,4.37,4.23,4.23,4.3384332125390825,4.385216805464283,0,0,0,3.52,7.88,,,,3,1,1,1,,,,364449,425243.75
1308231000,4.23,4.32,4.15,4.27,4.324746570031266,4.374742550422075,0,0,0,3.52,7.88,,,,3,1,1,1,,,,356813,423948.65
1308317400,4.29,4.33,4.17,4.24,4.307797256025013,4.362493227656432,0,0,0,3.52,7.88,,,,3,1,1,1,,,,448355,436375.05
1308576600,4.2,4.2891,4.2,4.23,4.29223780482001,4.350448388778575,0,0,0,3.52,7.88,,,,3,1,1,1,,,,279048,432565.15
1308663000,4.26,4.32,4.21,4.24,4.281790243856008,4.3404076261623405,0,0,0,3.52,7.88,,,,3,1,1,1,,,,412562,434035.1
1308749400,4.22,4.31,4.15,4.28,4.281432195084807,4.334916023783946,0,0,0,3.52,7.88,,,,3,1,1,1,,,,357422,429556.35
1308835800,4.23,4.38,4.17,4.38,4.301145756067846,4.3390145670763145,0,0,0,3.52,7.88,,,,3,1,1,1,,,,421251,430818.7
1308922200,4.38,4.38,4.25,4.26,4.292916604854277,4.3318314246148315,0,0,0,3.52,7.88,,,,3,1,1,1,,,,767037,443694.45
1309181400,4.31,4.4,4.24,4.4,4.314333283883421,4.338028567831665,0,0,0,3.52,7.88,,,,3,1,1,1,,,,219912,437390.15
1309267800,4.4,4.53,4.3006,4.49,4.349466627106737,4.351844152574241,0,0,0,3.52,7.88,,,,3,1,1,1,,,,321314,412329.55
1309354200,4.45,4.5,4.44,4.48,4.37557330168539,4.363494684158401,0,0,0,3.52,7.88,,,,3,1,1,1,,,,163050,390424.75
1309440600,4.48,4.55,4.45,4.55,4.410458641348312,4.380449712871274,0,0,0,3.52,7.88,,,,3,1,1,1,,,,248613,384992.75
1309527000,4.55,4.58,4.52,4.57,4.442366913078649,4.397681557155703,0,0,0,3.52,7.88,,,,3,1,1,1,,,,206151,379435.15
1309872600,4.55,4.58,4.46,4.49,4.451893530462919,4.406074142868821,0,0,0,3.52,7.88,,,,3,1,1,1,,,,190652,368888.65
1309959000,4.48,4.53,4.43,4.49,4.459514824370335,4.4137037662443825,0,0,0,3.52,7.88,,,,3,1,1,1,,,,184251,368433.4
1310045400,4.51,4.54,4.455,4.52,4.471611859496268,4.423367060222166,0,0,0,3.52,7.88,,,,3,1,1,1,,,,187594,350422.15
1310131800,4.44,4.52,4.41,4.5,4.477289487597014,4.43033369111106,0,0,0,3.52,7.88,,,,3,1,1,1,,,,151624,339829.85
1310391000,4.46,4.49,4.41,4.43,4.467831590077611,4.430303355555509,0,0,0,3.52,7.88,,,,3,1,1,1,,,,183633,323832.65
1310477400,4.42,4.4892,4.35,4.38,4.450265272062089,4.425730323232281,0,0,0,3.52,7.88,,,,3,1,1,1,,,,174271,310696.05
1310563800,4.4,4.4264,4.31,4.35,4.430212217649672,4.418845748392982,0,0,0,3.52,7.88,,,,3,1,1,1,,,,159948,289897.5
1310650200,4.34,4.39,4.25,4.26,4.396169774119738,4.404405225811802,0,0,0,3.52,7.88,,,,3,1,1,1,,,,172960,280323.05
1310736600,4.27,4.32,4.25,4.29,4.37493581929579,4.394004750738001,0,0,0,3.52,7.88,,,,3,1,1,1,,,,220058,273485.3
1310995800,4.26,4.26,4.17,4.17,4.333948655436632,4.373640682489092,0,0,0,3.52,7.88,,,,3,1,1,1,,,,235815,262858.3
1311082200,4.22,4.29,4.17,4.27,4.321158924349306,4.364218802262811,0,0,0,3.52,7.88,,,,3,1,1,1,,,,206453,259228.55
1311168600,4.19,4.28,4.14,4.28,4.312927139479445,4.356562547511646,0,0,0,3.52,7.88,,,,3,1,1,1,,,,195947,248397.8
1311255000,4.28,4.32,4.19,4.3,4.310341711583556,4.35142049773786,0,0,0,3.52,7.88,,,,3,1,1,1,,,,230395,242046.45
1311341400,4.27,4.28,4.21,4.21,4.290273369266845,4.3385640888526,0,0,0,3.52,7.88,,,,3,1,1,1,,,,151951,228581.45
1311600600,4.15,4.25,4.15,4.23,4.278218695413476,4.328694626229637,0,0,0,3.52,7.88,,,,3,1,1,1,,,,200470,200253.1
1311687000,4.2,4.23,4.181,4.21,4.26457495633078,4.317904205663306,0,0,0,3.52,7.88,,,,3,1,1,1,,,,196106,199062.8
1311773400,4.18,4.18,4.08,4.11,4.233659965064624,4.2990038233302785,0,0,0,3.52,7.88,,,,3,1,1,1,,,,371228,201558.5
1311859800,4.1,4.17,4.06,4.14,4.214927972051699,4.284548930300253,0,0,0,3.52,7.88,,,,3,1,1,1,,,,367866,211799.3
1311946200,4.1,4.28,4.08,4.11,4.193942377641359,4.268680845727503,0,0,0,3.52,7.88,,,,3,1,1,1,,,,454640,222100.65
1312205400,4.16,4.28,4.13,4.26,4.207153902113087,4.267891677934093,0,0,0,3.52,7.88,,,,3,1,1,1,,,,423752,232980.7
1312291800,4.23,4.34,4.145,4.15,4.19572312169047,4.257174252667357,0,0,0,3.52,7.88,,,,3,1,1,1,,,,333116,240103.9
1312378200,4.17,4.29,4.04,4.27,4.210578497352376,4.258340229697597,0,0,0,3.52,7.88,,,,3,1,1,1,,,,503438,256063.25
1312464600,4.24,4.26,4.1,4.1,4.1884627978819005,4.243945663361452,0,0,0,3.52,7.88,,,,3,1,1,1,,,,554236,274395.35
1312551000,4.13,4.16,3.98,4,4.150770238305521,4.2217687848740475,0,0,0,3.52,7.88,,,,3,1,1,1,,,,557628,294695.55
1312810200,3.85,4.02,3.61,3.62,4.044616190644416,4.16706253170368,0,0,0,3.52,7.88,,,,3,1,1,1,,,,954320,333229.9
1312896600,3.72,3.89,3.55,3.89,4.013692952515533,4.141875028821527,0,0,0,3.52,7.88,,,,3,1,1,1,,,,848931,366962.9
1312983000,3.9,3.9,3.57,3.59,3.9289543620124263,4.091704571655934,0,0,0,3.52,7.88,,,,3,1,1,1,,,,513310,384631
1313069400,3.64,3.93,3.6,3.85,3.913163489609941,4.069731428778122,0,0,0,3.52,7.88,,,,3,1,1,1,,,,544178,403191.9
1313155800,3.88,3.91,3.77,3.89,3.908530791687953,4.053392207980111,0,0,0,3.52,7.88,,,,3,1,1,1,,,,379873,411182.65
1313415000,3.93,4,3.86,3.98,3.9228246333503622,4.046720189072828,0,0,0,3.52,7.88,,,,3,1,1,1,,,,337183,416251.05
1313501400,3.92,4.1,3.91,4.01,3.9402597066802896,4.043381990066208,0,0,0,3.52,7.88,,,,3,1,1,1,,,,375250,424690.9
1313587800,4.02,4.14,4,4.07,3.966207765344232,4.045801809151098,0,0,0,3.52,7.88,,,,3,1,1,1,,,,364532,433120.15
1313674200,3.95,4.05,3.81,3.82,3.9369662122753852,4.025274371955543,0,0,0,3.52,7.88,,,,3,1,1,1,,,,631244,453162.6
1313760600,3.77,3.92,3.73,3.78,3.9055729698203083,4.002976701777767,0,0,0,3.52,7.88,,,,3,1,1,1,,,,621560,476643.05
1314019800,3.86,3.94,3.76,3.8,3.8844583758562465,3.9845242743434244,0,0,0,3.52,7.88,,,,3,1,1,1,,,,331179,483178.5
1314106200,3.81,4.14,3.78,4.11,3.9295667006849975,3.995931158494022,0,0,0,3.52,7.88,,,,3,1,1,1,,,,517005,499223.45
1314192600,4.09,4.27,4.0207,4.26,3.995653360547998,4.0199374168127475,0,0,0,3.52,7.88,,,,3,1,1,1,,,,453212,503322.65
1314279000,4.27,4.29,4.12,4.12,4.020522688438398,4.029034015284316,0,0,0,3.52,7.88,,,,3,1,1,1,,,,493917,509625.2
1314365400,4.1,4.34,4.08,4.26,4.068418150750719,4.050030922985742,0,0,0,3.52,7.88,,,,3,1,1,1,,,,360319,504909.15
1314624600,4.34,4.5,4.27,4.5,4.1547345206005755,4.0909372027143105,0,0,0,3.52,7.88,,,,3,1,1,1,,,,505696,509006.35
1314711000,4.46,4.52,4.42,4.48,4.219787616480461,4.1263065479221,0,0,0,3.52,7.88,,,,3,1,1,1,,,,429345,513817.8
1314797400,4.52,4.6,4.39,4.45,4.265830093184369,4.155733225383727,0,0,0,3.52,7.88,,,,3,1,1,1,,,,591558,518223.8
1314883800,4.44,4.53,4.31,4.33,4.278664074547495,4.171575659439752,0,0,0,3.52,7.88,,,,3,1,1,1,,,,368400,508932
1314970200,4.22,4.29,4.2,4.21,4.264931259637996,4.175068781308866,0,0,0,3.52,7.88,,,,3,1,1,1,,,,369755,499538.35
1315315800,4.13,4.34,4.13,4.33,4.277945007710397,4.189153437553514,0,0,0,3.52,7.88,,,,3,1,1,1,,,,441600,473902.35
1315402200,4.41,4.47,4.3608,4.45,4.312356006168318,4.212866761412286,0,0,0,3.52,7.88,,,,3,1,1,1,,,,323266,447619.1
1315488600,4.4,4.46,4.35,4.39,4.327884804934654,4.2289697831020785,0,0,0,3.52,7.88,,,,3,1,1,1,,,,310614,437484.3
1315575000,4.33,4.38,4.18,4.24,4.310307843947723,4.229972530092799,0,0,0,3.52,7.88,,,,3,1,1,1,,,,372757,428913.25
1315834200,4.16,4.33,4.16,4.32,4.312246275158179,4.238156845538908,0,0,0,3.52,7.88,,,,3,1,1,1,,,,223490,421094.1
1315920600,4.33,4.47,4.33,4.45,4.339797020126543,4.2574153141262805,0,0,0,3.52,7.88,,,,3,1,1,1,,,,326847,420577.3
1316007000,4.47,4.54,4.4,4.49,4.3698376161012344,4.278559376478436,0,0,0,3.52,7.88,,,,3,1,1,1,,,,467910,425210.3
1316093400,4.49,4.56,4.45,4.54,4.403870092880988,4.302326705889488,0,0,0,3.52,7.88,,,,3,1,1,1,,,,251097,419538.55
1316179800,4.57,4.59,4.35,4.53,4.42909607430479,4.323024278081353,0,0,0,3.52,7.88,,,,3,1,1,1,,,,375111,406731.9
1316439000,4.45,4.58,4.3831,4.51,4.445276859443832,4.340022070983048,0,0,0,3.52,7.88,,,,3,1,1,1,,,,232106,387259.2
1316525400,4.53,4.54,4.4,4.4,4.436221487555066,4.345474609984589,0,0,0,3.52,7.88,,,,3,1,1,1,,,,275159,384458.2
1316611800,4.4,4.49,4.22,4.24,4.396977190044053,4.3358860090769,0,0,0,3.52,7.88,,,,3,1,1,1,,,,359551,376585.5
1316698200,4.17,4.32,4.15,4.22,4.361581752035242,4.325350917342636,0,0,0,3.52,7.88,,,,3,1,1,1,,,,588945,383372.15
1316784600,4.21,4.5,4.2,4.28,4.345265401628194,4.3212281066751235,0,0,0,3.52,7.88,,,,3,1,1,1,,,,512803,384316.45
1317043800,4.35,4.47,4.29,4.46,4.368212321302555,4.333843733341022,0,0,0,3.52,7.88,,,,3,1,1,1,,,,378990,385250
1317130200,4.53,4.56,4.45,4.51,4.396569857042044,4.349857939400929,0,0,0,3.52,7.88,,,,3,1,1,1,,,,550027,387466.55
1317216600,4.49,4.54,4.33,4.33,4.383255885633635,4.3480526721826624,0,0,0,3.52,7.88,,,,3,1,1,1,,,,422711,387134.85
1317303000,4.44,4.5,4.27,4.42,4.390604708506908,4.3545933383478745,0,0,0,3.52,7.88,,,,3,1,1,1,,,,386551,376884.5
1317389400,4.34,4.475,4.31,4.31,4.374483766805526,4.350539398498068,0,0,0,3.52,7.88,,,,3,1,1,1,,,,456661,381297.55
1317648600,4.27,4.45,4.21,4.21,4.341587013444421,4.337763089543698,0,0,0,3.52,7.88,,,,3,1,1,1,,,,460744,385847
1317735000,4.17,4.28,4.04,4.26,4.325269610755537,4.330693717766998,0,0,0,3.52,7.88,,,,3,1,1,1,,,,751909,401362.45
1317821400,4.27,4.33,4.19,4.2,4.30021568860443,4.318812470697271,0,0,0,3.52,7.88,,,,3,1,1,1,,,,422564,406327.35
1317907800,4.2,4.45,4.2,4.45,4.330172550883544,4.330738609724792,0,0,0,3.52,7.88,,,,3,1,1,1,,,,365154,409054.35
1317994200,4.47,4.53,4.36,4.43,4.3501380407068355,4.339762372477083,0,0,0,3.52,7.88,,,,3,1,1,1,,,,390552,409944.1
1318253400,4.52,4.57,4.44,4.57,4.394110432565468,4.360693065888258,0,0,0,3.52,7.88,,,,3,1,1,1,,,,314402,414489.7
1318339800,4.51,4.65,4.51,4.61,4.437288346052375,4.383357332625689,0,0,0,3.52,7.88,,,,3,1,1,1,,,,437315,420013.1
1318426200,4.64,4.67,4.54,4.6,4.4698306768419,4.403052120568808,0,0,0,3.52,7.88,,,,3,1,1,1,,,,363125,414773.85
1318512600,4.55,4.59,4.52,4.56,4.487864541473519,4.417320109608007,0,0,0,3.52,7.88,,,,3,1,1,1,,,,216612,413049.6
1318599000,4.62,4.75,4.56,4.62,4.514291633178815,4.435745554189097,0,0,0,3.52,7.88,,,,3,1,1,1,,,,808357,434711.9
1318858200,4.66,4.68,4.49,4.5,4.5114333065430525,4.4415868674446335,0,0,0,3.52,7.88,,,,3,1,1,1,,,,331722,439692.7
1318944600,4.52,4.73,4.47,4.7,4.549146645234442,4.465078970404212,0,0,0,3.52,7.88,,,,3,1,1,1,,,,294971,440683.3
1319031000,4.67,4.7,4.58,4.61,4.561317316187554,4.478253609458375,0,0,0,3.52,7.88,,,,3,1,1,1,,,,202209,432816.2
1319117400,4.61,4.696,4.52,4.66,4.581053852950044,4.494776008598523,0,0,0,3.52,7.88,,,,3,1,1,1,,,,166838,411710.85
1319203800,4.74,4.81,4.68,4.79,4.622843082360035,4.521614553271384,0,0,0,3.52,7.88,,,,3,1,1,1,,,,397140,405927.7
1319463000,4.79,4.93,4.771,4.89,4.676274465888028,4.5551041393376215,0,0,0,3.52,7.88,,,,3,1,1,1,,,,375228,405739.6
1319549400,4.83,4.9,4.76,4.84,4.709019572710423,4.581003763034201,0,0,0,3.52,7.88,,,,3,1,1,1,,,,476045,402040.5
1319635800,4.89,4.92,4.77,4.92,4.751215658168338,4.611821602758365,0,0,0,3.52,7.88,,,,3,1,1,1,,,,339531,397881.5
1319722200,4.96,5.02,4.92,5.02,4.80497252653467,4.648928729780332,0,0,0,3.52,7.88,,,,3,1,1,1,,,,797726,418440.25
1319808600,4.99,5,4.83,4.84,4.811978021227736,4.666298845254847,0,0,0,3.52,7.88,,,,3,1,1,1,,,,493343,420274.35
1320067800,4.85,5.04,4.84,4.97,4.843582416982189,4.693908041140769,0,0,0,3.52,7.88,,,,3,1,1,1,,,,692599,431867.1
1320154200,4.86,5.04,4.86,4.95,4.864865933585751,4.717189128309791,0,0,0,3.52,7.88,,,,3,1,1,1,,,,546235,421583.4
1320240600,5.02,5.185,5.01,5.18,4.927892746868601,4.759262843917991,0,0,0,3.52,7.88,,,,3,1,1,1,,,,674079,434159.15
1320327000,5.2,5.49,5.13,5.47,5.036314197494881,4.823875312652719,0,0,0,3.52,7.88,,,,3,1,1,1,,,,758727,453837.8
1320413400,5.4,5.5,5.3,5.44,5.117051357995905,4.879886647866108,0,0,0,3.52,7.88,,,,3,1,1,1,,,,459093,457264.85
1320676200,5.38,5.55,5.295,5.51,5.195641086396724,4.93716967987828,0,0,0,3.52,7.88,,,,3,1,1,1,,,,315143,457301.9
1320762600,5.55,5.65,5.43,5.6,5.276512869117379,4.997426981707527,0,0,0,3.52,7.88,,,,3,1,1,1,,,,414759,456174.1
1320849000,5.45,5.5,5.3829,5.42,5.305210295293904,5.035842710643206,0,0,0,3.52,7.88,,,,3,1,1,1,,,,483998,462217.75
1320935400,5.46,5.53,5.4,5.45,5.334168236235123,5.073493373312005,0,0,0,3.52,7.88,,,,3,1,1,1,,,,335472,468160.75
1321021800,5.51,5.56,5.41,5.55,5.377334588988099,5.116812157556368,0,0,0,3.52,7.88,,,,3,1,1,1,,,,405475,448016.65
1321281000,5.57,5.87,5.56,5.73,5.447867671190479,5.172556506869426,0,0,0,3.52,7.88,,,,3,1,1,1,,,,735835,468222.3
1321367400,5.66,5.83,5.62,5.8,5.518294136952383,5.229596824426751,0,0,0,3.52,7.88,,,,3,1,1,1,,,,260944,466520.95
1321453800,5.76,5.85,5.7,5.71,5.556635309561906,5.273269840387956,0,0,0,3.52,7.88,,,,3,1,1,1,,,,299113,471366.15
1321540200,5.71,5.86,5.704,5.76,5.597308247649525,5.317518036716323,0,0,0,3.52,7.88,,,,3,1,1,1,,,,639655,495007
1321626600,5.78,5.89,5.72,5.85,5.64784659811962,5.36592548792393,0,0,0,3.52,7.88,,,,3,1,1,1,,,,491872,499743.6
1321885800,5.74,5.91,5.68,5.87,5.692277278495696,5.411750443567209,0,0,0,3.52,7.88,,,,3,1,1,1,,,,417695,501866.95
1321972200,5.87,6.11,5.87,5.97,5.747821822796556,5.462500403242918,0,0,0,3.52,7.88,,,,3,1,1,1,,,,809388,518534.1
1322058600,5.94,5.96,5.65,5.66,5.730257458237245,5.480454912039016,0,0,0,3.52,7.88,,,,3,1,1,1,,,,560780,529596.55
1322231400,5.64,5.7989,5.54,5.57,5.698205966589796,5.488595374580924,0,0,0,3.52,7.88,,,,3,1,1,1,,,,223863,500903.4
1322490600,5.76,5.95,5.6,5.89,5.736564773271837,5.525086704164476,0,0,0,3.52,7.88,,,,3,1,1,1,,,,672430,509857.75
1322577000,5.87,5.95,5.82,5.83,5.75525181861747,5.552806094694978,0,0,0,3.52,7.88,,,,3,1,1,1,,,,368561,493655.85
1322663400,6,6.08,5.97,6.02,5.808201454893976,5.595278267904526,0,0,0,3.52,7.88,,,,3,1,1,1,,,,835931,508140.65
1322749800,5.99,6.22,5.86,6.14,5.874561163915181,5.644798425367751,0,0,0,3.52,7.88,,,,3,1,1,1,,,,574395,503156.45
1322836200,6.16,6.27,6.08,6.11,5.921648931132145,5.687089477607046,0,0,0,3.52,7.88,,,,3,1,1,1,,,,418414,486140.8
1323095400,6.23,6.23,6.09,6.15,5.967319144905716,5.7291722523700415,0,0,0,3.52,7.88,,,,3,1,1,1,,,,361356,481253.95
1323181800,6.18,6.49,6.08,6.38,6.049855315924573,5.788338411245492,0,0,0,3.52,7.88,,,,3,1,1,1,,,,710449,501019.25
1323268200,6.34,6.44,6.3,6.36,6.111884252739658,5.840307646586811,0,0,0,3.52,7.88,,,,3,1,1,1,,,,422997,501431.15
1323354600,6.3,6.33,6.21,6.22,6.133507402191727,5.874825133260737,0,0,0,3.52,7.88,,,,3,1,1,1,,,,471149,500788.7
1323441000,6.23,6.39,6.23,6.33,6.1728059217533815,5.91620466660067,0,0,0,3.52,7.88,,,,3,1,1,1,,,,482102,508120.2
1323700200,6.24,6.28,6.1,6.14,6.166244737402705,5.9365496969097,0,0,0,3.52,7.88,,,,3,1,1,1,,,,411764,508434.65
1323786600,6.17,6.205,5.76,5.79,6.090995789922164,5.923226997190636,0,0,0,3.52,7.88,,,,3,1,1,1,,,,791433,511214.55
1323873000,5.74,5.85,5.62,5.74,6.020796631937731,5.9065699974460335,0,0,0,3.52,7.88,,,,3,1,1,1,,,,756373,535986
1323959400,5.82,5.83,5.66,5.68,5.952637305550185,5.88597272495094,0,0,0,3.52,7.88,,,,3,1,1,1,,,,518989,546979.8
1324045800,5.75,5.795,5.61,5.66,5.894109844440148,5.8654297499554,0,0,0,3.52,7.88,,,,3,1,1,1,,,,990518,564522.95
1324305000,5.7,5.95,5.5,5.52,5.819287875552119,5.8340270454139995,0,0,0,3.52,7.88,,,,3,1,1,1,,,,510237,565441.2
1324391400,5.65,5.8,5.61,5.7,5.795430300441695,5.821842768558182,0,0,0,3.52,7.88,,,,3,1,1,1,,,,511943,570153.6
1324477800,5.68,5.75,5.52,5.7,5.776344240353356,5.81076615323471,0,0,0,3.52,7.88,,,,3,1,1,1,,,,467427,553055.55
1324564200,5.73,5.75,5.57,5.59,5.739075392282684,5.790696502940646,0,0,0,3.52,7.88,,,,3,1,1,1,,,,271414,538587.25
1324650600,5.59,5.63,5.38,5.39,5.669260313826148,5.75426954812786,0,0,0,3.52,7.88,,,,3,1,1,1,,,,462770,550532.6
1324996200,5.37,5.44,5.27,5.4,5.615408251060918,5.722063225570782,0,0,0,3.52,7.88,,,,3,1,1,1,,,,663627,550092.45
1325082600,5.4,5.48,5.34,5.39,5.570326600848735,5.691875659609802,0,0,0,3.52,7.88,,,,3,1,1,1,,,,297446,546536.7
1325169000,5.41,5.47,5.31,5.38,5.532261280678988,5.663523326918002,0,0,0,3.52,7.88,,,,3,1,1,1,,,,260470,517763.65
1325255400,5.36,5.38,5.11,5.12,5.44980902454319,5.614112115380001,0,0,0,3.52,7.88,,,,3,1,1,1,,,,680122,523050
1325601000,5.24,5.34,5.23,5.3,5.419847219634552,5.585556468527273,0,0,0,3.52,7.88,,,,3,1,1,1,,,,590216,531640.1
1325687400,5.27,5.33,5.15,5.15,5.3658777757076415,5.545960425933885,0,0,0,3.52,7.88,,,,3,1,1,1,,,,241179,525631.25
1325773800,5.13,5.1893,4.95,5.15,5.322702220566113,5.509964023576258,0,0,0,3.52,7.88,,,,3,1,1,1,,,,573121,518764.85
1325860200,5.15,5.2,5.07,5.12,5.282161776452891,5.474512748705689,0,0,0,3.52,7.88,,,,3,1,1,1,,,,233912,509310.6
1326119400,5.14,5.17,5.1,5.15,5.255729421162313,5.445011589732445,0,0,0,3.52,7.88,,,,3,1,1,1,,,,245668,498036.55
1326205800,5.21,5.27,5.124,5.21,5.24658353692985,5.423646899756768,0,0,0,3.52,7.88,,,,3,1,1,1,,,,355469,491704.9
1326292200,5.17,5.1996,5.08,5.16,5.22926682954388,5.399678999778881,0,0,0,3.52,7.88,,,,3,1,1,1,,,,271419,484687.65
1326378600,5.16,5.23,5.11,5.22,5.227413463635104,5.383344545253528,0,0,0,3.52,7.88,,,,3,1,1,1,,,,151019,452666.95
1326465000,5.16,5.18,5.0822,5.16,5.2139307709080835,5.363040495685025,0,0,0,3.52,7.88,,,,3,1,1,1,,,,274440,428570.3
1326810600,5.13,5.32,5.07,5.08,5.187144616726467,5.337309541531841,0,0,0,3.52,7.88,,,,3,1,1,1,,,,454824,425362.05
1326897000,5.13,5.29,5.13,5.26,5.201715693381174,5.3302814013925826,0,0,0,3.52,7.88,,,,3,1,1,1,,,,315593,391615.8
1326983400,5.27,5.31,5.07,5.11,5.183372554704939,5.310255819447803,0,0,0,3.52,7.88,,,,3,1,1,1,,,,298402,381024.05
1327069800,5.1,5.11,4.89,4.92,5.130698043763951,5.274778017679821,0,0,0,3.52,7.88,,,,3,1,1,1,,,,485590,379706.4
1327329000,4.92,4.98,4.86,4.91,5.0865584350111614,5.241616379708928,0,0,0,3.52,7.88,,,,3,1,1,1,,,,213275,366998.8
1327415400,4.89,4.89,4.8,4.86,5.04124674800893,5.206923981553571,0,0,0,3.52,7.88,,,,3,1,1,1,,,,338830,370369.6
1327501800,4.84,4.84,4.8,4.83,4.998997398407144,5.1726581650487,0,0,0,3.52,7.88,,,,3,1,1,1,,,,391336,366797.9
1327588200,4.84,4.84,4.64,4.7,4.939197918725715,5.129689240953364,0,0,0,3.52,7.88,,,,3,1,1,1,,,,713459,369289.5
1327674600,4.66,4.7295,4.6,4.7,4.8913583349805725,5.090626582684877,0,0,0,3.52,7.88,,,,3,1,1,1,,,,421391,375486.75
1327933800,4.67,4.79,4.65,4.67,4.847086667984458,5.052387802440797,0,0,0,3.52,7.88,,,,3,1,1,1,,,,348481,379887.3
1328020200,4.7,4.77,4.64,4.76,4.8296693343875665,5.025807093127997,0,0,0,3.52,7.88,,,,3,1,1,1,,,,229439,357353.15
1328106600,4.78,4.96,4.76,4.95,4.853735467510053,5.018915539207271,0,0,0,3.52,7.88,,,,3,1,1,1,,,,431305,349407.6
1328193000,4.97,5.05,4.86,4.91,4.864988374008043,5.0090141265520645,0,0,0,3.52,7.88,,,,3,1,1,1,,,,355092,355103.25
1328279400,4.97,5.01,4.87,4.98,4.887990699206434,5.006376478683695,0,0,0,3.52,7.88,,,,3,1,1,1,,,,421488,347521.6
1328538600,4.94,4.97,4.8,4.91,4.892392559365147,4.997614980621541,0,0,0,3.52,7.88,,,,3,1,1,1,,,,189482,345300.1
1328625000,4.89,4.95,4.8,4.81,4.875914047492118,4.9805590732923095,0,0,0,3.52,7.88,,,,3,1,1,1,,,,180035,342018.45
1328711400,4.85,4.9,4.76,4.89,4.878731237993694,4.972326430265736,0,0,0,3.52,7.88,,,,3,1,1,1,,,,165428,332516.4
1328797800,4.91,4.94,4.859,4.92,4.886984990394955,4.967569482059759,0,0,0,3.52,7.88,,,,3,1,1,1,,,,140246,325957.75
1328884200,4.86,4.92,4.8,4.8,4.869587992315965,4.9523358927815995,0,0,0,3.52,7.88,,,,3,1,1,1,,,,151093,325961.45
1329143400,4.84,4.87,4.71,4.76,4.847670393852772,4.9348508116196355,0,0,0,3.52,7.88,,,,3,1,1,1,,,,241900,324334.45
1329229800,4.75,4.77,4.54,4.57,4.792136315082217,4.9016825560178505,0,0,0,3.52,7.88,,,,3,1,1,1,,,,411987,322192.6
1329316200,4.57,4.58,4.44,4.45,4.723709052065774,4.860620505470774,0,0,0,3.52,7.88,,,,3,1,1,1,,,,472536,330039.75
1329402600,4.45,4.45,4.23,4.26,4.63096724165262,4.806018641337067,0,0,0,3.52,7.88,,,,3,1,1,1,,,,733785,351808.9
1329489000,4.27,4.5,4.22,4.49,4.602773793322096,4.777289673942788,0,0,0,3.52,7.88,,,,3,1,1,1,,,,611878,358123.3
1329834600,4.54,4.6,4.42,4.44,4.5702190346576765,4.746626976311626,0,0,0,3.52,7.88,,,,3,1,1,1,,,,312237,363071.4
1329921000,4.48,4.56,4.42,4.5,4.556175227726142,4.724206342101478,0,0,0,3.52,7.88,,,,3,1,1,1,,,,502402,371250
1330007400,4.4,4.49,4.045,4.21,4.486940182180914,4.677460311001344,0,0,0,3.52,7.88,,,,3,1,1,1,,,,1170464,410206.4
1330093800,4.16,4.32,4.14,4.17,4.423552145744731,4.631327555455767,0,0,0,3.52,7.88,,,,3,1,1,1,,,,579588,403512.85
1330353000,4.15,4.16,3.99,4.05,4.348841716595785,4.578479595868879,0,0,0,3.52,7.88,,,,3,1,1,1,,,,705520,417719.3
1330439400,4.05,4.205,4.05,4.17,4.3130733732766275,4.541345087153527,0,0,0,3.52,7.88,,,,3,1,1,1,,,,437022,422146.35
1330525800,4.2,4.22,4.03,4.03,4.256458698621302,4.49485917013957,0,0,0,3.52,7.88,,,,3,1,1,1,,,,824295,451889.15
1330612200,4.17,4.35,4.12,4.22,4.2491669588970415,4.469871972854154,0,0,0,3.52,7.88,,,,3,1,1,1,,,,1115236,486085.7
1330698600,4.22,4.27,4.05,4.05,4.209333567117633,4.431701793503777,0,0,0,3.52,7.88,,,,3,1,1,1,,,,618767,499269.45
1330957800,4.07,4.09,4.01,4.04,4.175466853694107,4.396092539548888,0,0,0,3.99,6.49,,,,1,1,1,1,,,,330421,494716.1
1331044200,4.04,4.07,3.98,3.99,4.138373482955285,4.359175035953534,0,0,0,3.99,6.49,,,,1,1,1,1,,,,376479,504065.95
1331130600,4.02,4.04,3.98,3.99,4.108698786364228,4.325613669048667,0,0,0,3.99,6.49,,,,1,1,1,1,,,,309056,510517
1331217000,4.03,4.05,3.99,4.01,4.088959029091383,4.29692151731697,0,0,0,3.99,6.49,,,,1,1,1,1,,,,178516,511171.4
1331303400,4.07,4.12,4.03,4.05,4.081167223273106,4.274474106651791,0,0,0,3.99,6.49,,,,1,1,1,1,,,,440342,526176.2
1331559000,4.04,4.1,4.02,4.06,4.076933778618485,4.2549764605925375,0,0,0,3.99,6.49,,,,1,1,1,1,,,,272396,532241.35
1331645400,4.09,4.14,4.05,4.12,4.085547022894787,4.242705873265943,0,0,0,3.98,6.49,,,,1,1,1,1,,,,298712,535081.95
1331731800,4.11,4.14,4.01,4.04,4.07643761831583,4.224278066605403,0,0,0,3.98,6.49,,,,1,1,1,1,,,,345886,531776.9
1331818200,4.03,4.08,4,4.07,4.075150094652664,4.2102527878230935,0,0,0,3.98,6.49,,,,1,1,1,1,,,,195083,517904.25
1331904600,4.08,4.1,4,4.05,4.070120075722131,4.195684352566449,0,0,0,3.98,6.49,,,,1,1,1,1,,,,368734,499651.7
1332163800,4.04,4.09,4.02,4.05,4.066096060577705,4.182440320514954,0,0,0,3.98,6.49,,,,1,1,1,1,,,,284570,483286.3
1332250200,4.01,4.0794,3.98,3.98,4.048876848462164,4.164036655013595,0,0,0,3.98,6.49,,,,1,1,1,1,,,,334555,484402.2
1332336600,4.07,4.25,4.03,4.19,4.077101478769731,4.166396959103268,0,0,0,3.98,6.49,,,,1,1,1,1,,,,1030476,510805.9
1332423000,4.22,4.59,4.19,4.56,4.173681183015785,4.2021790537302435,0,0,0,3.98,6.49,,,,1,1,1,1,,,,1929382,548751.8
1332509400,4.56,4.56,4.28,4.34,4.206944946412628,4.214708230663858,0,0,0,3.98,6.49,,,,1,1,1,1,,,,684744,554009.6
1332768600,4.38,4.5,4.35,4.41,4.2475559571301025,4.232462027876235,0,0,0,3.98,6.49,,,,1,1,1,1,,,,432545,540360.85
1332855000,4.43,4.65,4.4205,4.6,4.318044765704082,4.265874570796577,0,0,0,3.98,6.49,,,,1,1,1,1,,,,851622,561090.85
1332941400,4.6,4.65,4.34,4.4,4.334435812563266,4.278067791633252,0,0,0,3.98,6.49,,,,1,1,1,1,,,,629680,551360.1
1333027800,4.36,4.44,4.28,4.34,4.335548650050613,4.283697992393866,0,0,0,3.98,6.49,,,,1,1,1,1,,,,320354,511616
1333114200,4.38,4.47,4.34,4.34,4.33643892004049,4.288816356721696,0,0,0,3.98,6.49,,,,1,1,1,1,,,,305009,495928.1
1333373400,4.35,4.41,4.29,4.34,4.337151136032392,4.2934694152015425,0,0,0,3.98,6.49,,,,1,1,1,1,,,,249953,491904.7
1333459800,4.34,4.43,4.3,4.31,4.331720908825914,4.294972195637766,0,0,0,3.98,6.49,,,,1,1,1,1,,,,357857,490973.6
1333546200,4.26,4.28,4.16,4.18,4.301376727060731,4.284520177852515,0,0,0,3.98,6.49,,,,1,1,1,1,,,,324749,491758.25
1333632600,4.15,4.199,4.04,4.09,4.259101381648585,4.266836525320468,0,0,0,3.98,6.49,,,,1,1,1,1,,,,328873,499276.1
1333978200,4.03,4.1,3.96,3.96,4.199281105318868,4.23894229574588,0,0,0,3.98,6.49,,,,1,1,1,1,,,,514854,503001.7
1334064600,3.97,4.08,3.96,4.07,4.173424884255095,4.223583905223527,0,0,0,3.98,6.49,,,,1,1,1,1,,,,461302,512447
1334151000,4.11,4.14,4.08,4.115,4.161739907404076,4.213712641112298,0,0,0,3.98,6.49,,,,1,1,1,1,,,,319741,513498.45
1334237400,4.13,4.22,4.1,4.2,4.169391925923261,4.212466037374816,0,0,0,3.98,6.49,,,,1,1,1,1,,,,237257,508067
1334323800,4.2,4.2,4.06,4.09,4.153513540738609,4.201332761249833,0,0,0,3.98,6.49,,,,1,1,1,1,,,,607628,528694.25
1334583000,4.09,4.15,4.05,4.09,4.140810832590887,4.191211601136212,0,0,0,3.96,6.49,,,,1,1,1,1,,,,163211,518418.1
1334669400,4.12,4.27,4.12,4.22,4.1566486660727096,4.193828728305647,0,0,0,3.96,6.49,,,,1,1,1,1,,,,233312,515855.2
1334755800,4.19,4.214,4.12,4.15,4.155318932858168,4.189844298459679,0,0,0,3.96,6.49,,,,1,1,1,1,,,,177778,508016.35
1334842200,4.17,4.19,4.07,4.13,4.1502551462865345,4.184403907690617,0,0,0,3.96,6.49,,,,1,1,1,1,,,,178514,465418.25
1334928600,4.17,4.2,4.04,4.08,4.136204117029227,4.174912643355107,0,0,0,3.96,6.49,,,,1,1,1,1,,,,244194,381158.85
1335187800,4.02,4.05,4,4.01,4.1109632936233815,4.159920584868279,0,0,0,3.96,6.49,,,,1,1,1,1,,,,230517,358447.5
1335274200,4.02,4.11,4,4.11,4.110770634898706,4.155382349880253,0,0,0,3.96,6.49,,,,1,1,1,1,,,,181375,345889
1335360600,4.12,4.2,4.11,4.155,4.119616507918964,4.15534759080023,0,0,0,3.96,6.49,,,,1,1,1,1,,,,290332,317824.5
1335447000,4.45,4.58,4.29,4.33,4.161693206335172,4.171225082545663,0,0,0,3.96,6.49,,,,1,1,1,1,,,,1071443,339912.65
1335533400,4.54,4.55,4.43,4.45,4.219354565068137,4.196568256859694,0,0,0,3.96,6.49,,,,1,1,1,1,,,,736669,360728.4
1335792600,4.6,4.65,4.52,4.6,4.29548365205451,4.233243869872449,0,0,0,3.96,6.49,,,,1,1,1,1,,,,1254639,408209.9
1335879000,4.61,4.7,4.52,4.64,4.364386921643608,4.270221699884044,0,0,0,3.96,6.49,,,,1,1,1,1,,,,934763,442450.4
1335965400,4.68,4.94,4.6,4.9,4.471509537314887,4.327474272621859,0,0,0,3.96,6.49,,,,1,1,1,1,,,,1258847,487499.9
1336051800,4.93,4.96,4.77,4.92,4.56120762985191,4.381340247838054,0,0,0,3.96,6.49,,,,1,1,1,1,,,,573677,499946.3
1336138200,4.89,4.92,4.75,4.76,4.600966103881528,4.415763861670958,0,0,0,3.96,6.49,,,,1,1,1,1,,,,531624,510083.85
1336397400,4.74,4.86,4.67,4.83,4.646772883105222,4.453421692428144,0,0,0,3.96,6.49,,,,1,1,1,1,,,,412665,504974.4
1336483800,4.78,5.06,4.73,5.05,4.727418306484178,4.5076560840255855,1,0,0,3.96,6.49,,,,2,1,1,1,1,,,977260,530772.3
1336570200,4.96,5.06,4.76,5.04,4.789934645187342,4.556050985477805,0,0,0,3.96,6.49,,,,2,1,1,1,,,,540296,541800.05
1336656600,5.06,5.25,4.98,5.24,4.879947716149874,4.618228168616186,0,0,0,3.96,6.49,,,,2,1,1,1,,,,649266,562400.5
1336743000,5.17,5.34,5.11,5.2,4.943958172919899,4.671116516923806,0,0,0,3.96,6.49,,,,2,1,1,1,,,,569195,560478.85
1337002200,5.13,5.29,4.95,5.2,4.995166538335919,4.719196833567096,0,0,0,3.96,6.49,,,,2,1,1,1,,,,489478,576792.2
1337088600,5.19,5.27,5.15,5.16,5.028133230668735,4.75926984869736,0,0,0,3.96,6.49,,,,2,1,1,1,,,,411294,585691.3
1337175000,5.16,5.27,5.13,5.16,5.054506584534988,4.795699862452145,0,0,0,3.96,6.49,,,,2,1,1,1,,,,386150,596109.9
1337261400,5.18,5.32,5.04,5.05,5.053605267627991,4.818818056774678,0,0,0,3.96,6.49,,,,2,1,1,1,,,,795244,626946.4
1337347800,5.08,5.2,5.07,5.13,5.068884214102392,4.847107324340616,0,0,0,3.96,6.49,,,,2,1,1,1,,,,473055,638389.45
1337607000,5.15,5.39,5.09,5.32,5.119107371281914,4.890097567582378,0,0,0,3.96,6.49,,,,2,1,1,1,,,,658205,659773.85
1337693400,5.34,5.4,5.26,5.27,5.149285897025531,4.9246341523476165,0,0,0,3.96,6.49,,,,2,1,1,1,,,,547086,678059.4
1337779800,5.26,5.41,5.26,5.4,5.199428717620425,4.967849229406924,0,0,0,3.96,6.49,,,,2,1,1,1,,,,526222,689853.9
1337866200,5.42,5.51,5.31,5.4,5.23954297409634,5.007135663097204,0,0,0,3.96,6.49,,,,2,1,1,1,,,,577138,665138.65
1337952600,5.39,5.54,5.36,5.46,5.283634379277072,5.0483051482701855,0,1,0,3.96,6.49,,,,3,1,1,1,,1,,493222,652966.3
1338298200,5.48,5.55,5.36,5.46,5.3189075034216575,5.085731952972896,0,0,0,3.96,6.49,,,,3,1,1,1,,,,712571,625862.9
1338384600,5.4,5.43,5.32,5.32,5.319126002737326,5.1070290481571785,0,0,0,3.96,6.49,,,,3,1,1,1,,,,332803,595764.9
1338471000,5.31,5.46,5.23,5.38,5.331300802189861,5.131844589233799,0,0,0,3.96,6.49,,,,3,1,1,1,,,,418829,553764
1338557400,5.27,5.35,5.22,5.25,5.315040641751889,5.142585990212544,0,0,0,3.96,6.49,,,,3,1,1,1,,,,544464,552303.35
1338816600,5.27,5.31,5.16,5.19,5.290032513401511,5.146896354738677,0,0,0,3.96,6.49,,,,3,1,1,1,,,,321934,541818.85
1338903000,5.19,5.23,5.061,5.16,5.264026010721208,5.148087595216979,0,0,0,3.96,6.49,,,,3,1,1,1,,,,327400,537555.6
1338989400,5.18,5.34,5.18,5.32,5.275220808576966,5.163715995651799,0,0,0,3.96,6.49,,,,3,1,1,1,,,,423484,509866.8
1339075800,5.43,5.43,5.21,5.22,5.264176646861573,5.1688327233198175,0,0,0,3.96,6.49,,,,3,1,1,1,,,,280321,496868.05
1339162200,5.2,5.3113,5.19,5.25,5.261341317489259,5.17621156665438,0,0,0,3.96,6.49,,,,3,1,1,1,,,,492730,489041.25
1339421400,5.3,5.3707,5.25,5.265,5.262073053991407,5.1842832424130725,0,0,0,3.96,6.49,,,,3,1,1,1,,,,459882,483575.6
1339507800,5.29,5.34,5.19,5.32,5.273658443193126,5.19662112946643,0,0,0,3.96,6.49,,,,3,1,1,1,,,,615581,489880.75
1339594200,5.31,5.32,5.18,5.2,5.2589267545545,5.196928299514936,0,0,0,3.96,6.49,,,,3,1,1,1,,,,843580,511495.05
1339680600,5.19,5.28,5.09,5.17,5.2411414036436,5.194480272286306,0,0,0,3.96,6.49,,,,3,1,1,1,,,,435141,513944.6
1339767000,5.17,5.2,5.06,5.07,5.20691312291488,5.183163883896642,0,0,0,3.96,6.49,,,,3,1,1,1,,,,416381,495001.45
1340026200,5.16,5.39,5.15,5.37,5.239530498331904,5.200148985360583,0,0,0,3.96,6.49,,,,3,1,1,1,,,,457746,494236
1340112600,5.4,5.58,5.37,5.44,5.279624398665523,5.221953623055075,0,0,0,3.96,6.49,,,,3,1,1,1,,,,391026,480877.05
1340199000,5.47,5.51,5.41,5.43,5.309699518932418,5.2408669300500685,0,0,0,3.96,6.49,,,,3,1,1,1,,,,415494,474297.45
1340285400,5.41,5.45,5.27,5.29,5.305759615145934,5.24533357277279,0,0,0,3.96,6.49,,,,3,1,1,1,,,,289818,462477.25
1340371800,5.31,5.34,5.22,5.29,5.302607692116747,5.249394157066172,0,0,0,3.96,6.49,,,,3,1,1,1,,,,345215,450881.1
1340631000,5.2,5.25,5.15,5.21,5.284086153693398,5.245812870060156,0,0,0,3.96,6.49,,,,3,1,1,1,,,,233954,437917.7
1340717400,5.27,5.51,5.23,5.4,5.3072689229547185,5.25982988187287,0,0,0,3.96,6.49,,,,3,1,1,1,,,,423615,423469.9
1340803800,5.38,5.39,5.16,5.2,5.285815138363775,5.254390801702609,0,0,0,3.96,6.49,,,,3,1,1,1,,,,403543,427006.9
1340890200,5.17,5.21,4.95,4.99,5.22665211069102,5.230355274275099,0,0,0,3.96,6.49,,,,3,1,1,1,,,,363188,424224.85
1340976600,5.1,5.32,5.01,5.24,5.229321688552816,5.231232067522817,0,0,0,3.96,6.49,,,,3,1,1,1,,,,464704,420236.85
1341235800,5.21,5.29,5.11,5.29,5.241457350842253,5.236574606838925,0,0,0,3.96,6.49,,,,3,1,1,1,,,,267627,417521.5
1341322200,5.2,5.3201,5.2,5.32,5.257165880673802,5.244158733489932,0,0,0,3.96,6.49,,,,3,1,1,1,,,,108968,406599.9
1341495000,5.29,5.34,5.22,5.33,5.271732704539041,5.251962484990847,0,0,0,3.96,6.49,,,,3,1,1,1,,,,147735,392812.45
1341581400,5.25,5.2894,5.17,5.23,5.263386163631234,5.249965895446225,0,0,0,3.96,6.49,,,,3,1,1,1,,,,163953,386994.05
1341840600,5.22,5.395,5.14,5.34,5.278708930904987,5.258150814042023,0,0,0,3.96,6.49,,,,3,1,1,1,,,,200290,372372.05
1341927000,5.35,5.39,5.15,5.16,5.25496714472399,5.249228012765475,0,0,0,3.96,6.49,,,,3,1,1,1,,,,161771,357466.5
1342013400,5.18,5.2396,5,5.03,5.209973715779192,5.229298193423159,0,0,0,3.96,6.49,,,,3,1,1,1,,,,239224,338648.65
1342099800,4.99,5.09,4.85,5.06,5.179978972623354,5.213907448566508,0,0,0,3.96,6.49,,,,3,1,1,1,,,,235997,308269.5
1342186200,5.06,5.19,5.0009,5.13,5.169983178098683,5.2062794986968255,0,0,0,3.96,6.49,,,,3,1,1,1,,,,143612,293693.05
1342445400,5.08,5.215,5.07,5.2,5.175986542478946,5.205708635178932,0,0,0,3.96,6.49,,,,3,1,1,1,,,,179796,281863.8
1342531800,5.21,5.2323,5.0601,5.23,5.186789233983157,5.2079169410717565,0,0,0,3.96,6.49,,,,3,1,1,1,,,,139393,265946.15
1342618200,5.2,5.31,4.95,5.01,5.151431387186526,5.189924491883415,0,0,0,3.96,6.49,,,,3,1,1,1,,,,307476,261768.65
1342704600,5.02,5.06,4.85,4.86,5.093145109749221,5.15993135625765,0,0,0,3.96,6.49,,,,3,1,1,1,,,,248560,253421.95
1342791000,4.82,4.87,4.75,4.84,5.042516087799377,5.1308466875069545,0,0,0,3.96,6.49,,,,3,1,1,1,,,,306343,254248.2
1343050200,4.75,4.77,4.62,4.68,4.9700128702395014,5.089860625006322,0,0,0,3.96,6.49,,,,3,1,1,1,,,,294130,251693.95
1343136600,4.7,4.75,4.6,4.745,4.925010296191601,5.058509659096656,0,0,0,3.96,6.49,,,,3,1,1,1,,,,502835,265138
1343223000,4.79,4.93,4.76,4.87,4.914008236953281,5.041372417360597,0,0,0,3.96,6.49,,,,3,1,1,1,,,,294610,258687.75
1343309400,5.21,5.4,5.16,5.295,4.990206589562625,5.064429470327815,0,0,0,3.96,6.49,,,,3,1,1,1,,,,1151723,296096.75
1343395800,5.35,5.49,5.23,5.38,5.0681652716501,5.093117700298014,0,0,0,3.96,6.49,,,,3,1,1,1,,,,606733,308274
1343655000,5.4,5.5,5.39,5.45,5.14453221732008,5.125561545725467,0,0,0,3.96,6.49,,,,3,1,1,1,,,,778527,323965.15
1343741400,5.42,5.49,5.39,5.41,5.197625773856064,5.151419587023152,0,0,0,3.96,6.49,,,,3,1,1,1,,,,692588,345213.2
1343827800,5.44,5.48,5.3,5.34,5.226100619084852,5.168563260930138,0,0,0,3.96,6.49,,,,3,1,1,1,,,,497029,364616.25
1343914200,5.3,5.59,5.26,5.5,5.280880495267882,5.198693873572853,0,0,0,3.96,6.49,,,,3,1,1,1,,,,1162984,415378.7
1344000600,5.6,5.63,5.48,5.491,5.322904396214305,5.225267157793502,0,0,0,3.96,6.49,,,,3,1,1,1,,,,653656,439863.85
1344259800,5.51,5.595,5.48,5.55,5.3683235169714445,5.25478832526682,0,0,0,3.96,6.49,,,,3,1,1,1,,,,936339,476666.3
1344346200,5.58,5.69,5.53,5.61,5.416658813577156,5.287080295697109,0,0,0,3.96,6.49,,,,3,1,1,1,,,,1098162,523485.85
1344432600,5.6,5.665,5.53,5.65,5.463327050861725,5.320072996088281,0,0,0,3.96,6.49,,,,3,1,1,1,,,,818397,552444.5
1344519000,5.64,5.7,5.6,5.69,5.50866164068938,5.353702723716619,0,0,0,3.96,6.49,,,,3,1,1,1,,,,294971,555393.2
1344605400,5.67,5.7,5.58,5.59,5.524929312551504,5.375184294287836,0,0,0,3.96,6.49,,,,3,1,1,1,,,,285484,562486.8
1344864600,5.56,5.5898,5.39,5.545,5.528943450041203,5.390622085716214,0,0,0,3.96,6.49,,,,3,1,1,1,,,,312647,569129.35
1344951000,5.56,5.62,5.4,5.45,5.513154760032963,5.396020077923831,0,0,0,3.96,6.49,,,,3,1,1,1,,,,419793,583149.35
1345037400,5.53,5.57,5.46,5.5,5.51052380802637,5.405472798112574,0,0,0,3.96,6.49,,,,3,1,1,1,,,,435732,589562.15
1345123800,5.51,5.59,5.49,5.54,5.516419046421096,5.417702543738703,0,0,0,3.96,6.49,,,,3,1,1,1,,,,510869,602677.6
1345210200,5.53,5.57,5.42,5.46,5.505135237136877,5.421547767035185,0,0,0,3.96,6.49,,,,3,1,1,1,,,,307754,602748.15
1345469400,5.43,5.56,5.39,5.55,5.514108189709502,5.433225242759259,0,0,0,3.96,6.49,,,,3,1,1,1,,,,352165,605649.9
1345555800,5.55,5.59,5.5,5.51,5.513286551767601,5.440204766144781,0,0,0,3.96,6.49,,,,3,1,1,1,,,,438220,602419.15
1345642200,5.5,5.51,5.37,5.42,5.494629241414081,5.438367969222528,0,0,0,3.96,6.49,,,,3,1,1,1,,,,261941,600785.7
1345728600,5.43,5.44,5.25,5.39,5.473703393131265,5.43397088111139,0,0,0,3.96,6.49,,,,3,1,1,1,,,,367471,561573.1
1345815000,5.36,5.41,5.27,5.29,5.436962714505012,5.420882619192172,0,0,0,3.96,6.49,,,,3,1,1,1,,,,215890,542030.95
1346074200,5.29,5.515,5.29,5.45,5.43957017160401,5.423529653811065,0,0,0,3.96,6.49,,,,3,1,1,1,,,,438931,525051.15
1346160600,5.44,5.565,5.4,5.55,5.4616561372832075,5.435026958010059,0,0,0,3.96,6.49,,,,3,1,1,1,,,,375684,509205.95
1346247000,5.53,5.59,5.49,5.555,5.480324909826566,5.445933598190963,0,0,0,3.96,6.49,,,,3,1,1,1,,,,373318,503020.4
1346333400,5.47,5.545,5.45,5.5,5.4842599278612525,5.4508487256281475,0,0,0,3.96,6.49,,,,3,1,1,1,,,,394891,464615.75
1346419800,5.54,5.54,5.34,5.35,5.457407942289002,5.4416806596619525,0,0,0,3.96,6.49,,,,3,1,1,1,,,,459175,454891.7
1346765400,5.35,5.43,5.3199,5.42,5.449926353831202,5.439709690601775,0,0,0,3.96,6.49,,,,3,1,1,1,,,,322427,424196.1
1346851800,5.4,5.47,5.35,5.35,5.4299410830649615,5.431554264183432,0,0,0,3.96,6.49,,,,3,1,1,1,,,,395822,389079.1
1346938200,5.4,5.531,5.39,5.42,5.427952866451969,5.430503876530392,0,0,0,3.96,6.49,,,,3,1,1,1,,,,415452,368931.85
1347024600,5.47,5.51,5.41,5.5,5.442362293161575,5.43682170593672,0,0,0,3.96,6.49,,,,3,1,1,1,,,,238103,366088.45
1347283800,5.45,5.51,5.16,5.17,5.38788983452926,5.4125651872152,0,0,0,3.96,6.49,,,,3,1,1,1,,,,672230,385425.75
1347370200,5.23,5.48,5.23,5.47,5.4043118676234085,5.4177865338319995,0,0,0,3.96,6.49,,,,3,1,1,1,,,,465227,393054.75
1347456600,5.47,5.55,5.39,5.45,5.413449494098727,5.420715030756363,0,0,0,3.96,6.49,,,,3,1,1,1,,,,652784,404704.3
1347543000,5.43,5.48,5.319,5.42,5.414759595278982,5.42065002796033,0,0,0,3.96,6.49,,,,3,1,1,1,,,,485751,407205.25
1347629400,5.42,5.77,5.41,5.745,5.480807676223185,5.450136389054846,0,0,0,3.96,6.49,,,,3,1,1,1,,,,1040033,433663.45
1347888600,5.7,6.12,5.66,5.99,5.582646140978548,5.499214899140769,0,0,0,3.96,6.49,,,,3,1,1,1,,,,1345294,485540.45
1347975000,6.29,6.3999,5.9,5.965,5.659116912782839,5.541558999218881,0,0,0,3.96,6.49,,,,3,1,1,1,,,,1843391,560101.75
1348061400,5.99,5.99,5.75,5.77,5.681293530226271,5.562326362926256,0,0,0,3.96,6.49,,,,3,1,1,1,,,,720469,574214.2
1348147800,5.75,5.81,5.67,5.78,5.701034824181017,5.582114875387505,0,0,0,3.96,6.49,,,,3,1,1,1,,,,369473,579590.8
1348234200,5.84,5.85,5.66,5.68,5.696827859344813,5.591013523079551,0,0,0,3.96,6.49,,,,3,1,1,1,,,,764290,599431.75
1348493400,5.61,5.71,5.57,5.61,5.67946228747585,5.592739566435955,0,0,0,3.96,6.49,,,,3,1,1,1,,,,351846,606229.55
1348579800,5.63,5.9,5.61,5.84,5.7115698299806805,5.61521778766905,0,0,0,3.96,6.49,,,,3,1,1,1,,,,739082,621237.1
1348666200,5.82,5.93,5.725,5.88,5.745255863984545,5.639288897880955,0,0,0,3.96,6.49,,,,3,1,1,1,,,,446293,624767.55
1348752600,5.92,6.07,5.89,6.04,5.8042046911876355,5.675717179891778,0,0,0,3.96,6.49,,,,3,1,1,1,,,,534532,632828.25
1348839000,6.01,6.11,5.94,6.035,5.850363752950108,5.70837925444707,0,0,0,3.96,6.49,,,,3,1,1,1,,,,412667,633717.05
1349098200,6.01,6.15,6.01,6.15,5.910291002360086,5.7485265949518825,0,0,0,3.96,6.49,,,,3,1,1,1,,,,329818,627249.2
1349184600,6.22,6.22,5.94,6.05,5.938232801888069,5.775933268138075,0,0,0,3.96,6.49,,,,3,1,1,1,,,,731545,647705.1
1349271000,6.06,6.06,5.81,5.91,5.932586241510455,5.788121152852795,0,0,0,3.96,6.49,,,,3,1,1,1,,,,981667,676997.35
1349357400,5.9,6,5.88,5.985,5.943068993208364,5.806019229866177,0,0,0,3.96,6.49,,,,3,1,1,1,,,,252145,668832
1349443800,5.97,6,5.85,5.96,5.946455194566691,5.820017481696524,0,0,0,3.96,6.49,,,,3,1,1,1,,,,455258,679689.75
1349703000,5.9,6.02,5.88,5.97,5.951164155653353,5.833652256087749,0,0,0,3.96,6.49,,,,3,1,1,1,,,,435809,667868.7
1349789400,6,6.08,5.83,5.85,5.930931324522682,5.835138414625226,0,0,0,3.96,6.49,,,,3,1,1,1,,,,659717,677593.2
1349875800,5.84,6.01,5.75,5.95,5.9347450596181455,5.845580376932024,0,0,0,3.96,6.49,,,,3,1,1,1,,,,450193,667463.65
1349962200,6,6,5.88,5.92,5.931796047694516,5.852345797210931,0,0,0,3.96,6.49,,,,3,1,1,1,,,,254816,655916.9
1350048600,5.91,6,5.87,5.99,5.943436838155613,5.864859815646301,0,0,0,3.96,6.49,,,,3,1,1,1,,,,236135,615722
1350307800,5.98,6.1,5.9,6.09,5.97274947052449,5.885327105133,0,0,0,3.96,6.49,,,,3,1,1,1,,,,304569,563685.75
1350394200,6.1,6.24,6.0817,6.21,6.020199576419592,5.914842822848182,0,0,0,3.96,6.49,,,,3,1,1,1,,,,451460,494089.2
1350480600,6.2,6.48,6.2,6.4,6.096159661135673,5.958948020771074,0,0,0,3.96,6.49,,,,3,1,1,1,,,,636882,489909.85
1350567000,6.38,6.47,6.27,6.43,6.162927728908539,6.001770927973704,0,0,0,3.96,6.49,,,,3,1,1,1,,,,513709,497121.65
1350653400,6.37,6.45,6.27,6.38,6.206342183126831,6.036155389067003,0,0,0,3.96,6.49,,,,3,1,1,1,,,,466305,482222.4
1350912600,6.38,6.54,6.3,6.42,6.249073746501465,6.0710503536972755,0,0,0,3.96,6.49,,,,3,1,1,1,,,,690865,499173.35
1350999000,6.38,6.52,6.31,6.52,6.303258997201172,6.111863957906614,0,0,0,3.96,6.49,,,,3,1,1,1,,,,571105,490774.5
1351085400,6.52,6.65,6.46,6.51,6.344607197760937,6.148058143551467,0,0,0,3.96,6.49,,,,3,1,1,1,,,,496102,493264.95
1351171800,6.54,6.54,6.38,6.39,6.35368575820875,6.170052857774062,0,0,0,3.96,6.49,,,,3,1,1,1,,,,616235,497350.1
1351258200,6.83,8.45,6.8284,8.07,6.696948606567,6.342775325249147,0,0,0,3.96,6.49,,,,3,1,1,1,,,,6129660,783199.75
1351690200,8,8.15,7.76,7.81,6.9195588852536,6.476159386590134,0,0,0,3.96,6.49,,,,3,1,1,1,,,,1610654,847241.55
1351776600,7.8,8.15,7.8,8.06,7.14764710820288,6.620144896900122,0,0,0,3.96,6.49,,,,3,1,1,1,,,,931659,857247.25
1351863000,8.05,8.1,7.87,7.92,7.302117686562304,6.738313542636474,0,0,0,3.96,6.49,,,,3,1,1,1,,,,586764,837502.1
1352125800,7.9,8.21,7.64,8.14,7.469694149249843,6.865739584214976,0,0,0,3.96,6.49,,,,3,1,1,1,,,,881242,868956.95
1352212200,8.15,8.41,7.97,8.24,7.623755319399875,6.990672349286342,0,0,0,3.96,6.49,,,,3,1,1,1,,,,771580,884773.05
1352298600,8.14,8.24,7.81,8.16,7.7310042555199,7.096974862987584,0,0,0,3.96,6.49,,,,3,1,1,1,,,,649972,895481.2
1352385000,8.16,8.25,7.97,8.0914,7.80308340441592,7.187377148170531,0,0,0,3.96,6.49,,,,3,1,1,1,,,,435671,884278.9
1352471400,8.02,8.22,8.01,8.04,7.850466723532736,7.264888316518664,0,0,0,3.96,6.49,,,,3,1,1,1,,,,440782,883808.35
1352730600,8.03,8.06,7.865,7.95,7.870373378826189,7.327171196835149,0,0,0,3.96,6.49,,,,3,1,1,1,,,,351774,888656.25
1352817000,7.91,8.05,7.83,7.96,7.8882987030609515,7.384701088031954,0,0,0,3.96,6.49,,,,3,1,1,1,,,,470375,900368.25
1352903400,8,8.07,7.8,7.88,7.886638962448761,7.429728261847231,0,0,0,3.96,6.49,,,,3,1,1,1,,,,586086,914444.1
1352989800,7.86,7.94,7.55,7.68,7.845311169959009,7.452480238042937,0,0,0,3.96,6.49,,,,3,1,1,1,,,,657052,924723.7
1353076200,7.63,7.75,7.5,7.7,7.816248935967208,7.474982034584488,0,0,0,3.96,6.49,,,,3,1,1,1,,,,482876,917023.4
1353335400,7.76,8.16,7.69,8.11,7.874999148773766,7.532710940531353,0,0,0,3.96,6.49,,,,3,1,1,1,,,,542593,918467.6
1353421800,8.06,8.18,7.9584,8.07,7.9139993190190125,7.581555400483048,0,0,0,3.96,6.49,,,,3,1,1,1,,,,315086,910906.65
1353508200,8.05,8.25,8.0111,8.13,7.9571994552152105,7.631414000439135,0,0,0,3.96,6.49,,,,3,1,1,1,,,,303220,891524.4
1353681000,8.14,8.2,8.01,8.07,7.979759564172168,7.671285454944669,0,0,0,3.96,6.49,,,,3,1,1,1,,,,135838,869761.05
1353940200,8.04,8.58,7.89,8.54,8.091807651337735,7.750259504495153,0,0,0,3.96,6.49,,,,3,1,1,1,,,,926700,891290.95
1354026600,8.49,8.99,8.4401,8.72,8.217446121070187,7.83841773135923,0,0,0,3.96,6.49,,,,3,1,1,1,,,,1353863,928172.35
1354113000,8.61,9.26,8.45,9.02,8.37795689685615,7.945834301235664,0,0,0,3.96,6.49,,,,3,1,1,1,,,,1263404,684859.55
1354199400,8.63,8.67,8.15,8.28,8.35836551748492,7.97621300112333,0,0,0,3.96,6.49,,,,3,1,1,1,,,,1706475,689650.6
1354285800,8.27,8.48,8.2,8.26,8.338692413987935,8.002011819203027,0,0,0,3.96,6.49,,,,3,1,1,1,,,,693914,677763.35
1354545000,8.29,8.3,7.71,8.1202,8.294993931190348,8.01275619927548,0,0,0,3.96,6.49,,,,3,1,1,1,,,,846459,690748.1
1354631400,8.1,8.33,8,8.3,8.295995144952279,8.038869272068618,0,0,0,3.96,6.49,,,,3,1,1,1,,,,522275,672799.75
1354717800,8.32,8.35,8.013,8.15,8.266796115961823,8.048972065516926,0,0,0,3.96,6.49,,,,3,1,1,1,,,,443997,656420.6
1354804200,8.3,8.36,8.08,8.24,8.261436892769458,8.066338241379023,0,0,0,3.96,6.49,,,,3,1,1,1,,,,319195,639881.75
1354890600,8.26,8.29,8.12,8.27,8.263149514215566,8.084852946708203,0,0,0,3.96,6.49,,,,3,1,1,1,,,,334790,634837.7
1355149800,8.14,8.35,8.14,8.2,8.250519611372454,8.09532086064382,0,0,0,3.96,6.49,,,,3,1,1,1,,,,307302,628163.7
1355236200,8.19,8.28,8.14,8.22,8.244415689097963,8.106655327858018,0,0,0,3.96,6.49,,,,3,1,1,1,,,,414964,631323.2
1355322600,8.26,8.2899,7.94,7.94,8.18353255127837,8.09150484350729,0,0,0,3.96,6.49,,,,3,1,1,1,,,,866737,651141.3
1355409000,7.96,8.015,7.51,7.69,8.084826041022696,8.055004403188445,0,0,0,3.96,6.49,,,,3,1,1,1,,,,1001610,671917.5
1355495400,7.65,7.74,7.55,7.65,7.997860832818157,8.018185821080404,0,0,0,3.96,6.49,,,,3,1,1,1,,,,614899,669809.85
1355754600,7.67,7.98,7.61,7.65,7.9282886662545256,7.984714382800368,0,0,0,3.96,6.49,,,,3,1,1,1,,,,1364828,713907.45
1355841000,7.84,8.46,7.7,8.4592,8.03447093300362,8.027849438909426,0,0,0,3.96,6.49,,,,3,1,1,1,,,,1587123,766133.95
1355927400,8.43,8.52,8.14,8.15,8.057576746402896,8.038954035372205,0,0,0,3.96,6.49,,,,3,1,1,1,,,,1179757,809367.5
1356013800,8.39,8.87,8.2,8.75,8.196061397122318,8.103594577611096,0,0,0,3.96,6.49,,,,3,1,1,1,,,,1542263,871319.65
1356100200,8.56,9.119,8.34,8.69,8.294849117697854,8.156904161464633,0,0,0,3.96,6.49,,,,3,1,1,1,,,,2082252,968640.35
1356359400,8.77,8.91,8.67,8.76,8.387879294158283,8.211731055876939,0,0,0,3.96,6.49,,,,3,1,1,1,,,,349176,939764.15
1356532200,8.8,8.88,8.58,8.63,8.436303435326627,8.249755505342671,0,0,0,3.96,6.49,,,,3,1,1,1,,,,552974,899719.7
1356618600,8.63,8.71,8.39,8.65,8.479042748261302,8.286141368493338,0,0,0,3.96,6.49,,,,3,1,1,1,,,,682956,870697.3
1356705000,8.6,8.9,8.5814,8.63,8.509234198609041,8.317401244084852,0,0,0,3.96,6.49,,,,3,1,1,1,,,,656968,818221.95
1356964200,8.63,9.015,8.51,8.94,8.595387358887233,8.37400113098623,0,0,0,3.96,6.49,,,,3,1,1,1,,,,1009674,834009.95
1357137000,9.1,9.14,8.68,8.94,8.664309887109786,8.425455573623845,0,0,0,3.96,6.49,,,,3,1,1,1,,,,916256,837499.8
1357223400,9.54,9.8,9.13,9.22,8.775447909687829,8.497686885112586,0,0,0,3.96,6.49,,,,3,1,1,1,,,,2107907,916781.4
1357309800,9.34,9.43,9.1,9.24,8.868358327750263,8.565169895556895,0,0,0,3.96,6.49,,,,3,1,1,1,,,,731374,931150.25
1357569000,9.24,9.2999,8.86,9,8.894686662200211,8.604699905051723,0,0,0,3.96,6.49,,,,3,1,1,1,,,,638776,947129.3
1357655400,8.98,9.22,8.98,9.14,8.94374932976017,8.65336355004702,0,0,0,3.96,6.49,,,,3,1,1,1,,,,507650,955772.3
1357741800,9.14,9.56,9.14,9.44,9.042999463808135,8.7248759545882,0,0,0,3.96,6.49,,,,3,1,1,1,,,,1012411,991027.75
1357828200,9.47,9.57,9.22,9.34,9.102399571046508,8.78079632235291,0,0,0,3.96,6.49,,,,3,1,1,1,,,,1021677,1021363.4
1357914600,9.36,9.45,9.22,9.36,9.153919656837207,8.833451202139008,0,0,0,3.96,6.49,,,,3,1,1,1,,,,570527,1006552.9
1358173800,9.41,9.49,9.2,9.22,9.167135725469766,8.868592001944553,0,0,0,3.96,6.49,,,,3,1,1,1,,,,600837,986514.25
1358260200,9.21,9.41,9.1,9.39,9.211708580375813,8.915992729040502,0,0,0,3.96,6.49,,,,3,1,1,1,,,,520887,981813.65
1358346600,9.35,9.382,9.17,9.25,9.21936686430065,8.946357026400456,0,0,0,3.96,6.49,,,,3,1,1,1,,,,614028,944273.65
1358433000,9.3,9.56,9.15,9.42,9.25949349144052,8.989415478545869,0,0,0,3.96,6.49,,,,3,1,1,1,,,,846250,907230
1358519400,9.46,9.5,9.16,9.31,9.269594793152416,9.01855952595079,0,0,0,3.96,6.49,,,,3,1,1,1,,,,630331,879758.7
1358865000,9.3,9.52,9.2,9.46,9.307675834521934,9.058690478137082,0,0,0,3.96,6.49,,,,3,1,1,1,,,,937812,849536.15
1358951400,9.46,9.5,9.1701,9.33,9.312140667617546,9.08335498012462,0,0,0,3.96,6.49,,,,3,1,1,1,,,,685988,779722.95
1359037800,9.3,9.53,9.21,9.35,9.319712534094037,9.107595436476927,0,0,0,3.96,6.49,,,,3,1,1,1,,,,678158,796172.05
1359124200,9.4,9.41,9.1,9.18,9.29177002727523,9.11417766952448,0,0,0,3.96,6.49,,,,3,1,1,1,,,,631920,800119.35
1359383400,9.18,9.24,8.7,8.82,9.197416021820185,9.087434245022255,0,0,0,3.96,6.49,,,,3,1,1,1,,,,1063540,819148.55
1359469800,8.84,8.99,8.77,8.87,9.131932817456148,9.067667495474778,0,0,0,3.96,6.49,,,,3,1,1,1,,,,523618,812481.05
1359556200,8.84,8.94,8.26,8.35,8.975546253964918,9.002424995886162,0,0,0,3.96,6.49,,,,3,1,1,1,,,,1121031,818048.9
1359642600,8.32,8.62,8.25,8.37,8.854437003171935,8.944931814441965,0,0,0,3.96,6.49,,,,3,1,1,1,,,,476293,796050.75
1359729000,8.4,8.59,8.4,8.41,8.765549602537547,8.896301649492695,0,0,0,3.96,6.49,,,,3,1,1,1,,,,516510,716480.9
1359988200,8.35,8.41,8.03,8.04,8.620439682030037,8.81845604499336,0,0,0,3.96,6.49,,,,3,1,1,1,,,,563157,708070.05
1360074600,8.06,8.26,8.06,8.24,8.544351745624029,8.765869131812146,0,0,0,3.96,6.49,,,,3,1,1,1,,,,452825,698772.5
1360161000,8.29,8.29,8.1,8.17,8.469481396499223,8.711699210738313,0,0,0,3.96,6.49,,,,3,1,1,1,,,,498125,698296.25
1360247400,8.23,8.25,7.94,8.09,8.393585117199379,8.655181100671195,0,0,0,3.96,6.49,,,,3,1,1,1,,,,769526,686152
1360333800,8.09,8.49,8.06,8.37,8.388868093759504,8.629255546064723,0,0,0,3.96,6.49,,,,3,1,1,1,,,,597173,664926.8
1360593000,8.37,8.6299,8.29,8.56,8.423094475007604,8.622959587331566,0,0,0,3.96,6.49,,,,3,1,1,1,,,,589954,665898.15
1360679400,8.57,8.8,8.51,8.77,8.492475580006083,8.63632689757415,0,0,0,3.96,6.49,,,,3,1,1,1,,,,797298,675721.2
1360765800,8.83,8.85,8.39,8.48,8.489980464004866,8.622115361431046,0,0,0,3.96,6.49,,,,3,1,1,1,,,,684944,683924.05
1360852200,8.45,8.86,8.45,8.82,8.555984371203893,8.640104874028223,0,0,0,3.96,6.49,,,,3,1,1,1,,,,637214,685083.35
1360938600,8.87,8.89,8.55,8.68,8.580787496963115,8.643731703662022,0,0,0,3.96,6.49,,,,3,1,1,1,,,,511910,668366.35
1361284200,8.71,8.8,8.35,8.5,8.564629997570492,8.630665185147292,0,0,0,3.96,6.49,,,,3,1,1,1,,,,698927,671796.15
1361370600,8.51,8.78,8.37,8.59,8.569703998056394,8.626968350133902,0,0,0,3.96,6.49,,,,3,1,1,1,,,,1262152,688013.15
1361457000,8.59,8.79,6.7,6.9,8.235763198445115,8.469971227394456,0,0,0,3.96,6.49,,,,3,1,1,1,,,,4256805,866554
1361543400,7.38,7.55,6.98,7.12,8.012610558756093,8.347246570358596,0,0,0,3.96,6.49,,,,3,1,1,1,,,,2083345,936813.35
1361802600,7.22,7.25,6.82,6.85,7.780088447004874,8.211133245780541,0,0,0,3.96,6.49,,,,3,1,1,1,,,,1049437,957689.2
1361889000,7.16,7.16,6.85,6.93,7.610070757603899,8.094666587073219,0,0,0,3.96,6.49,,,,3,1,1,1,,,,1313600,970192.2
1361975400,6.93,7.13,6.93,7.02,7.4920566060831195,7.996969624612017,0,0,0,3.96,6.49,,,,3,1,1,1,,,,626280,975325.3
1362061800,7.27,7.52,7.25,7.47,7.487645284866495,7.949063295101833,0,0,0,3.96,6.49,,,,3,1,1,1,,,,1545700,996558.75
1362148200,7.32,7.64,7.18,7.51,7.492116227893196,7.909148450092576,0,0,0,3.96,6.49,,,,3,1,1,1,,,,1169353,1031211.75
1362407400,7.43,7.87,7.43,7.85,7.5636929823145564,7.903771318265978,0,0,0,3.96,6.49,,,,3,1,1,1,,,,1241491,1067460.8
1362493800,7.91,7.96,7.76,7.93,7.636954385851645,7.906155743878162,0,0,0,3.96,6.49,,,,3,1,1,1,,,,900569,1084331.4
1362580200,7.92,8.06,7.88,7.91,7.691563508681316,7.90650522170742,0,0,0,3.96,6.49,,,,3,1,1,1,,,,771117,1100246
1362666600,7.89,8,7.86,7.99,7.751250806945053,7.914095656097654,0,0,0,3.96,6.49,,,,3,1,1,1,,,,433511,1097015.3
1362753000,8.05,8.06,7.8,7.87,7.775000645556042,7.910086960088776,0,0,0,3.96,6.49,,,,3,1,1,1,,,,583741,1087726.05
1363008600,7.84,7.9,7.75,7.88,7.796000516444834,7.907351781898887,0,0,0,3.96,6.49,,,,3,1,1,1,,,,448371,1080285.95
1363095000,7.85,7.86,7.74,7.82,7.8008004131558675,7.89941071081717,0,0,0,3.96,6.49,,,,3,1,1,1,,,,511945,1076385.5
1363181400,7.82,7.84,7.7,7.83,7.806640330524694,7.893100646197428,0,0,0,3.96,6.49,,,,3,1,1,1,,,,644315,1068736.35
1363267800,7.87,7.9,7.75,7.87,7.819312264419755,7.891000587452207,0,0,0,3.96,6.49,,,,3,1,1,1,,,,602827,1064630.5
1363354200,7.84,7.89,7.67,7.79,7.813449811535803,7.881818715865642,0,0,0,3.96,6.49,,,,3,1,1,1,,,,933677,1079453.65
1363613400,7.7,7.89,7.67,7.79,7.808759849228642,7.873471559877856,0,0,0,3.96,6.49,,,,3,1,1,1,,,,476582,1077687.25
1363699800,7.78,7.89,7.67,7.87,7.821007879382914,7.873155963525324,0,0,0,3.96,6.49,,,,3,1,1,1,,,,405711,1063026.45
1363786200,7.94,8.1,7.93,8.06,7.868806303506331,7.8901417850230215,0,0,0,3.96,6.49,,,,3,1,1,1,,,,460409,1022939.3
1363872600,7.98,8.17,7.92,8.04,7.903045042805065,7.903765259111838,0,0,0,3.96,6.49,,,,3,1,1,1,,,,360206,828109.35
1363959000,8.08,8.24,7.99,8.15,7.952436034244052,7.926150235556216,0,0,0,3.96,6.49,,,,3,1,1,1,,,,515566,749720.4
1364218200,8.16,8.2,7.95,8.02,7.965948827395241,7.934682032323833,0,0,0,3.96,6.49,,,,3,1,1,1,,,,466007,720548.9
1364304600,8.04,8.1,7.975,8.02,7.9767590619161926,7.942438211203484,0,0,0,3.96,6.49,,,,3,1,1,1,,,,335557,671646.75
1364391000,7.95,7.9899,7.8,7.95,7.971407249532954,7.943125646548622,0,0,0,3.96,6.49,,,,3,1,1,1,,,,387168,659691.15
1364477400,7.97,8.05,7.86,7.95,7.967125799626364,7.943750587771475,0,0,0,3.96,6.49,,,,3,1,1,1,,,,399708,602391.55
1364823000,7.93,7.93,7.51,7.61,7.895700639701091,7.913409625246795,0,0,0,3.96,6.49,,,,3,1,1,1,,,,644986,576173.2
1364909400,7.66,7.89,7.51,7.52,7.820560511760872,7.877645113860723,0,0,0,3.96,6.49,,,,3,1,1,1,,,,543397,541268.5
1364995800,7.52,7.65,7.24,7.37,7.730448409408698,7.831495558055202,0,0,0,3.96,6.49,,,,3,1,1,1,,,,723216,532400.85
1365082200,7.37,7.62,7.31,7.52,7.688358727526959,7.803177780050184,0,0,0,3.96,6.49,,,,3,1,1,1,,,,617973,524743.65
1365168600,7.39,7.72,7.39,7.67,7.684686982021567,7.791070709136531,0,0,0,3.96,6.49,,,,3,1,1,1,,,,463410,526238.6
1365427800,7.67,7.78,7.5,7.74,7.6957495856172535,7.786427917396846,0,0,0,3.96,6.49,,,,3,1,1,1,,,,361076,515105.35
1365514200,7.73,7.74,7.52,7.7,7.6965996684938025,7.778570833997133,0,0,0,3.96,6.49,,,,3,1,1,1,,,,548357,520104.65
1365600600,7.74,8.12,7.72,8.06,7.769279734795042,7.804155303633757,0,0,0,3.96,6.49,,,,3,1,1,1,,,,691193,529067.05
1365687000,8.03,8.3,7.91,8.26,7.867423787836033,7.845595730576143,0,0,0,3.96,6.49,,,,3,1,1,1,,,,566369,525169.75
1365773400,8.19,8.3,8.02,8.09,7.911939030268827,7.867814300523766,0,0,0,3.96,6.49,,,,3,1,1,1,,,,424335,516245.15
1366032600,8.06,8.17,7.61,7.65,7.859551224215061,7.848013000476151,0,0,0,3.96,6.49,,,,3,1,1,1,,,,652281,502175.35
1366119000,7.75,7.95,7.7,7.93,7.873640979372049,7.855466364069228,0,0,0,3.96,6.49,,,,3,1,1,1,,,,610410,508866.75
1366205400,7.9,7.97,7.69,7.93,7.884912783497639,7.862242149153843,0,0,0,3.96,6.49,,,,3,1,1,1,,,,480161,512589.25
1366291800,7.93,8.025,7.78,7.93,7.893930226798111,7.868401953776221,0,0,0,3.96,6.49,,,,3,1,1,1,,,,501371,514637.35
1366378200,7.95,8.11,7.895,8.03,7.921144181438489,7.88309268525111,0,0,0,3.96,6.49,,,,3,1,1,1,,,,379227,515588.4
1366637400,8.05,8.06,7.78,7.98,7.932915345150791,7.891902441137373,0,0,0,3.96,6.49,,,,3,1,1,1,,,,372079,508414.05
1366723800,8.02,8.15,8.01,8.14,7.974332276120633,7.914456764670339,0,0,0,3.96,6.49,,,,3,1,1,1,,,,314619,500844.65
1366810200,8.14,8.37,8.09,8.3,8.039465820896506,7.9495061497003086,0,0,0,3.96,6.49,,,,3,1,1,1,,,,423953,505264.45
1366896600,8.51,9.1,8.45,8.88,8.207572656717206,8.034096499727553,0,0,0,3.96,6.49,,,,3,1,1,1,,,,2080016,589906.85
1366983000,8.86,9.22,8.81,8.95,8.356058125373764,8.117360454297776,0,0,0,3.96,6.49,,,,3,1,1,1,,,,1108385,625340.7
1367242200,8.99,8.99,8.7,8.72,8.428846500299011,8.172145867543433,0,0,0,3.96,6.49,,,,3,1,1,1,,,,664211,626301.95
1367328600,8.7,8.9,8.55,8.81,8.505077200239208,8.230132606857666,0,0,0,3.96,6.49,,,,3,1,1,1,,,,696765,633970.35
1367415000,8.81,8.85,8.57,8.64,8.532061760191366,8.267393278961514,0,0,0,3.96,6.49,,,,3,1,1,1,,,,553687,625493.9
1367501400,8.66,8.84,8.5699,8.74,8.573649408153093,8.310357526328648,0,0,0,3.96,6.49,,,,3,1,1,1,,,,439466,616568.55
1367587800,8.84,8.98,8.69,8.78,8.614919526522474,8.353052296662407,0,0,0,3.96,6.49,,,,3,1,1,1,,,,524820,619639.05
1367847000,8.8,9,8.69,9,8.69193562121798,8.41186572423855,0,0,0,3.96,6.49,,,,3,1,1,1,,,,533762,628273.35
1367933400,9,9.1,8.84,9,8.753548496974384,8.465332476580501,0,0,0,3.96,6.49,,,,3,1,1,1,,,,581611,629936.05
1368019800,9,9.04,8.885,8.98,8.798838797579506,8.512120433255001,0,0,0,3.96,6.49,,,,3,1,1,1,,,,488352,619794
1368106200,8.98,9.17,8.915,9,8.839071038063604,8.55647312114091,0,0,0,3.96,6.49,,,,3,1,1,1,,,,493045,616127.8
1368192600,8.98,9.13,8.96,9.05,8.881256830450884,8.60133920103719,0,0,0,3.96,6.49,,,,3,1,1,1,,,,254513,607636.7
1368451800,9.03,9.16,8.86,8.94,8.893005464360707,8.632126546397446,0,0,0,3.96,6.49,,,,3,1,1,1,,,,555428,602794.05
1368538200,8.93,9.17,8.93,9.1,8.934404371488565,8.67466049672495,0,0,0,3.96,6.49,,,,3,1,1,1,,,,466151,595581.1
1368624600,9.09,9.14,8.95,9,8.947523497190852,8.704236815204501,0,0,0,3.96,6.49,,,,3,1,1,1,,,,369253,590035.7
1368711000,8.95,9.05,8.91,8.97,8.952018797752682,8.728397104731364,0,0,0,3.96,6.49,,,,3,1,1,1,,,,342205,582077.4
1368797400,8.99,9.07,8.97,9.06,8.973615038202146,8.758542822483058,0,0,0,3.96,6.49,,,,3,1,1,1,,,,347557,580493.9
1369056600,9.02,9.53,8.99,9.21,9.020892030561717,8.799584384075507,0,0,0,3.96,6.49,,,,3,1,1,1,,,,937106,608745.25
1369143000,9.2,9.21,8.87,8.91,8.998713624449373,8.80962216734137,0,0,0,3.96,6.49,,,,3,1,1,1,,,,600200,623024.3
1369229400,8.94,9.09,8.51,8.53,8.904970899559498,8.784201970310336,0,0,0,3.96,6.49,,,,3,1,1,1,,,,778590,640756.15
1369315800,8.5,9.13,8.45,9.12,8.947976719647597,8.814729063918488,0,0,0,3.96,6.49,,,,3,1,1,1,,,,761578,574834.25
1369402200,9.12,9.65,9.1,9.55,9.068381375718078,8.881571876289534,0,0,0,3.96,6.49,,,,3,1,1,1,,,,1217527,580291.35
1369747800,9.64,9.79,9.47,9.59,9.172705100574461,8.945974432990486,0,0,0,3.96,6.49,,,,3,1,1,1,,,,724119,583286.75
1369834200,9.5,9.68,9.4,9.58,9.254164080459569,9.003613120900441,0,0,0,3.96,6.49,,,,3,1,1,1,,,,548934,575895.2
1369920600,9.59,9.74,9.49,9.53,9.309331264367655,9.051466473545856,0,0,0,3.96,6.49,,,,3,1,1,1,,,,494294,572925.55
1370007000,9.46,9.67,9.35,9.49,9.345465011494124,9.091333157768961,0,0,0,3.96,6.49,,,,3,1,1,1,,,,463795,574142
1370266200,9.51,9.62,9.28,9.5,9.376372009195299,9.128484688880874,0,0,0,3.96,6.49,,,,3,1,1,1,,,,665865,581194.25
1370352600,9.51,9.59,9.39,9.48,9.397097607356239,9.16044062625534,0,0,0,3.96,6.49,,,,3,1,1,1,,,,552054,582108.85
1370439000,9.45,9.5,9.13,9.23,9.363678085884992,9.166764205686674,0,0,0,3.96,6.49,,,,3,1,1,1,,,,359358,570996.2
1370525400,9.22,9.41,9.145,9.4,9.370942468707993,9.187967459715157,0,0,0,3.96,6.49,,,,3,1,1,1,,,,403480,566752.6
1370611800,9.45,9.48,9.31,9.43,9.382753974966395,9.20997041792287,0,0,0,3.96,6.49,,,,3,1,1,1,,,,268287,555514.7
1370871000,9.41,9.5,9.31,9.4,9.386203179973116,9.227245834475337,0,0,0,3.96,6.49,,,,3,1,1,1,,,,256471,555612.6
1370957400,9.29,9.45,9.21,9.37,9.382962543978492,9.24022348588667,0,0,0,3.96,6.49,,,,3,1,1,1,,,,239176,539800
1371043800,9.45,9.48,9.311,9.41,9.388370035182794,9.255657714442426,0,0,0,3.96,6.49,,,,3,1,1,1,,,,399325,536458.7
1371130200,9.38,9.47,9.3299,9.41,9.392696028146235,9.269688831311298,0,0,0,3.96,6.49,,,,3,1,1,1,,,,237510,529871.55
1371216600,9.44,9.47,9.2,9.26,9.366156822516988,9.268808028464816,0,0,0,3.96,6.49,,,,3,1,1,1,,,,227723,524147.45
1371475800,9.33,9.42,9.32,9.4,9.37292545801359,9.280734571331651,0,0,0,3.96,6.49,,,,3,1,1,1,,,,270762,520307.7
1371562200,9.39,9.43,9.27,9.4,9.378340366410873,9.291576883028775,0,0,0,3.96,6.49,,,,3,1,1,1,,,,650428,505973.8
1371648600,9.4,9.4,9.11,9.21,9.3446722931287,9.284160802753432,0,0,0,3.96,6.49,,,,3,1,1,1,,,,469713,499449.45
1371735000,9.1,9.1155,8.82,8.86,9.24773783450296,9.245600729775846,0,0,0,3.96,6.49,,,,3,1,1,1,,,,370085,479024.2
1371821400,8.88,9.09,8.8,8.91,9.180190267602368,9.215091572523496,0,0,0,3.96,6.49,,,,3,1,1,1,,,,630885,472489.55
1372080600,8.8,9.03,8.69,8.785,9.101152214081894,9.175992338657723,0,0,0,3.96,6.49,,,,3,1,1,1,,,,314198,427323.1
1372167000,8.88,8.94,8.6,8.72,9.024921771265516,9.13453848968884,0,0,0,3.96,6.49,,,,3,1,1,1,,,,292853,405759.8
1372253400,8.74,8.74,8.57,8.59,8.937937417012414,9.085034990626218,0,0,0,3.96,6.49,,,,3,1,1,1,,,,318055,394215.85
1372339800,8.62,8.73,8.59,8.64,8.87834993360993,9.044577264205653,0,0,0,3.96,6.49,,,,3,1,1,1,,,,375170,388259.65
1372426200,8.59,8.7,8.43,8.52,8.806679946887945,8.996888422005139,0,0,0,3.96,6.49,,,,3,1,1,1,,,,888552,409497.5
1372685400,8.58,8.9,8.546,8.84,8.813343957510355,8.98262583818649,0,0,0,3.96,6.49,,,,3,1,1,1,,,,406650,396536.75
1372771800,8.85,9.021,8.52,8.57,8.764675166008285,8.945114398351354,0,0,0,3.96,6.49,,,,3,1,1,1,,,,440139,390941
1372858200,8.55,8.8,8.51,8.73,8.757740132806628,8.925558543955777,0,0,0,3.96,6.49,,,,3,1,1,1,,,,178299,381888.05
1373031000,8.88,8.98,8.75,8.98,8.802192106245302,8.930507767232525,0,0,0,3.96,6.49,,,,3,1,1,1,,,,526715,388049.8
1373290200,9.03,9.0699,8.84,8.89,8.819753684996241,8.926825242938659,0,0,0,3.96,6.49,,,,3,1,1,1,,,,366495,392960.2
1373376600,8.95,8.99,8.77,8.885,8.832802947996994,8.923022948126054,0,0,0,3.96,6.49,,,,3,1,1,1,,,,304612,395367.25
1373463000,8.95,9.03,8.86,9.01,8.868242358397595,8.930929952841867,0,0,0,3.96,6.49,,,,3,1,1,1,,,,239235,395370.2
1373549400,9.15,9.22,9.0101,9.22,8.938593886718076,8.957209048038061,0,0,0,3.96,6.49,,,,3,1,1,1,,,,419359,396371.9
1373635800,9.2,9.3,9.13,9.2,8.99087510937446,8.979280952761874,0,0,0,3.96,6.49,,,,3,1,1,1,,,,300105,399501.65
1373895000,9.19,9.28,9.04,9.1,9.012700087499569,8.990255411601703,0,0,0,3.96,6.49,,,,3,1,1,1,,,,289077,402569.35
1373981400,9.12,9.23,9.0701,9.11,9.032160069999655,9.001141283274276,0,0,0,3.96,6.49,,,,3,1,1,1,,,,143289,396195.7
1374067800,9.15,9.17,8.96,9.09,9.043728055999724,9.00921934843116,0,0,0,3.96,6.49,,,,3,1,1,1,,,,425526,384950.6
1374154200,9.13,9.18,9.05,9.09,9.05298244479978,9.016563044028327,0,0,0,3.96,6.49,,,,3,1,1,1,,,,152663,369098.1
1374240600,9.06,9.06,8.9,9,9.042385955839823,9.015057312753024,0,0,0,3.96,6.49,,,,3,1,1,1,,,,243041,362745.9
1374499800,8.98,9.08,8.97,8.98,9.029908764671859,9.011870284320931,0,0,0,3.96,6.49,,,,3,1,1,1,,,,155036,338953.45
1374586200,9.02,9.06,8.75,8.91,9.005927011737487,9.002609349382665,0,0,0,3.96,6.49,,,,3,1,1,1,,,,262521,336369.6
1374672600,8.93,9.01,8.9,8.95,8.99474160938999,8.997826681256967,0,0,0,3.96,6.49,,,,3,1,1,1,,,,133089,328381.4
1374759000,8.91,8.9599,8.77,8.83,8.961793287511993,8.982569710233607,0,0,0,3.96,6.49,,,,3,1,1,1,,,,345621,329759.7
1374845400,8.76,8.99,8.75,8.94,8.957434630009594,8.978699736576006,0,0,0,3.96,6.49,,,,3,1,1,1,,,,250972,323549.8
1375104600,8.94,9.01,8.88,8.96,8.957947704007676,8.976999760523642,0,0,0,3.96,6.49,,,,3,1,1,1,,,,222188,290231.6
1375191000,9,9.03,8.93,8.93,8.95235816320614,8.972727055021492,0,0,0,3.96,6.49,,,,3,1,1,1,,,,363959,288097.05
1375277400,9,9.02,8.43,8.88,8.937886530564912,8.96429732274681,0,0,0,3.96,6.49,,,,3,1,1,1,,,,491204,290650.3
1375363800,8.98,9.052,8.89,8.91,8.932309224451929,8.959361202497101,0,0,0,3.96,6.49,,,,3,1,1,1,,,,338969,298683.8
1375450200,8.89,8.9,8.73,8.84,8.913847379561544,8.948510184088274,0,0,0,3.96,6.49,,,,3,1,1,1,,,,409797,292837.9
1375709400,8.84,8.9,8.73,8.77,8.885077903649234,8.932281985534795,0,0,0,3.96,6.49,,,,3,1,1,1,,,,314200,290223.15
1375795800,8.69,8.73,8.62,8.7,8.848062322919388,8.911165441395267,0,0,0,3.96,6.49,,,,3,1,1,1,,,,267159,288350.5
1375882200,8.7,8.79,8.635,8.72,8.82244985833551,8.893786764904789,0,0,0,3.96,6.49,,,,3,1,1,1,,,,189851,285881.3
1375968600,8.75,8.84,8.63,8.74,8.805959886668408,8.879806149913444,0,0,0,3.96,6.49,,,,3,1,1,1,,,,281565,278991.6
1376055000,8.74,8.83,8.66,8.66,8.776767909334726,8.859823772648586,0,0,0,3.96,6.49,,,,3,1,1,1,,,,256603,276816.5
1376314200,8.64,8.6945,8.58,8.6,8.741414327467782,8.836203429680532,0,0,0,3.96,6.49,,,,3,1,1,1,,,,256801,275202.7
1376400600,8.6,8.74,8.57,8.7,8.733131461974224,8.823821299709575,0,0,0,3.96,6.49,,,,3,1,1,1,,,,391535,287615
1376487000,8.74,9.4,8.74,9.34,8.85450516957938,8.870746636099614,0,0,0,3.96,6.49,,,,3,1,1,1,,,,1221892,327433.3
1376573400,9.33,10.12,9.28,9.8,9.043604135663504,8.955224214636013,0,0,0,3.96,6.49,,,,3,1,1,1,,,,2400206,439810.45
1376659800,9.89,10.46,9.89,10.21,9.276883308530802,9.069294740578194,0,0,0,3.96,6.49,,,,3,1,1,1,,,,2036360,529476.4
1376919000,10.18,10.77,10,10.43,9.507506646824641,9.192995218707448,0,0,0,3.96,6.49,,,,3,1,1,1,,,,1710465,607247.85
1377005400,10.5,10.99,10.38,10.87,9.780005317459713,9.345450198824953,0,0,0,3.96,6.49,,,,3,1,1,1,,,,1590813,673662.45
1377091800,11.05,11.5,10.9,11.19,10.06200425396777,9.51313654438632,0,0,0,3.96,6.49,,,,3,1,1,1,,,,3018111,817913.55
1377178200,11.24,11.46,11.03,11.37,10.323603403174216,9.681942313078473,0,0,0,3.96,6.49,,,,3,1,1,1,,,,1292714,865268.2
1377264600,11.4,11.47,11.27,11.39,10.536882722539373,9.837220284616793,0,0,0,3.96,6.49,,,,3,1,1,1,,,,905814,898010.3
1377523800,11.37,11.79,11.22,11.49,10.727506178031499,9.987472986015266,0,0,0,3.96,6.49,,,,3,1,1,1,,,,1042951,939048.45
1377610200,11.47,12.17,11.3627,11.85,10.9520049424252,10.156793623650241,0,0,0,3.96,6.49,,,,3,1,1,1,,,,2782289,1059964.95
1377696600,11.49,11.68,11.05,11.15,10.99160395394016,10.24708511240931,0,0,0,3.96,6.49,,,,3,1,1,1,,,,2586905,1164750
1377783000,11.09,12.1,11.06,11.92,11.177283163152127,10.399168284008464,0,0,0,3.96,6.49,,,,3,1,1,1,,,,2706447,1283123.9
1377869400,12,12.12,11.6,11.64,11.269826530521701,10.511971167280421,0,0,0,3.96,6.49,,,,3,1,1,1,,,,1740136,1349640.85
1378215000,11.92,11.99,11.7,11.97,11.40986122441736,10.644519242982202,0,0,0,3.96,6.49,,,,3,1,1,1,,,,1112251,1389543.4
1378301400,12,12.68,12,12.37,11.601888979533888,10.80138112998382,0,0,0,3.96,6.49,,,,3,1,1,1,,,,1919481,1472159.5
1378387800,12.33,12.53,12.24,12.26,11.73351118362711,10.933982845439836,0,0,0,3.96,6.49,,,,3,1,1,1,,,,1070880,1516210.95
1378474200,12.3,12.42,11.88,12.13,11.812808946901688,11.042711677672578,0,0,0,3.96,6.49,,,,3,1,1,1,,,,862730,1545269.2
1378733400,12.16,12.3,11.98,12.15,11.880247157521351,11.143374252429616,0,0,0,3.96,6.49,,,,3,1,1,1,,,,802185,1572548.3
1378819800,12.21,12.49,12.16,12.28,11.96019772601708,11.246703865845106,0,0,0,3.96,6.49,,,,3,1,1,1,,,,819181,1600667.3
1378906200,12.27,12.62,12.16,12.48,12.064158180813664,11.358821696222824,0,0,0,3.96,6.49,,,,3,1,1,1,,,,779648,1620072.95
1378992600,12.45,12.4799,12.21,12.26,12.103326544650931,11.440746996566205,0,0,0,3.96,6.49,,,,3,1,1,1,,,,662503,1592103.5
1379079000,12.32,12.37,12.04,12.33,12.148661235720745,11.52158817869655,0,0,0,3.96,6.49,,,,3,1,1,1,,,,673067,1505746.55
1379338200,12.69,13.42,12.53,13.16,12.350928988576596,11.670534707905954,0,0,0,3.96,6.49,,,,3,1,1,1,,,,2315782,1519717.65
1379424600,13.21,13.3699,13.02,13.26,12.532743190861277,11.815031552641777,0,0,0,3.96,6.49,,,,3,1,1,1,,,,1165854,1492487.1
1379511000,13.5,14.2,13.36,14.09,12.844194552689022,12.02184686603798,0,0,0,3.96,6.49,,,,3,1,1,1,,,,2695593,1547726.1
1379597400,14.15,14.42,14.01,14.255,13.126355642151218,12.224860787307254,0,0,0,3.96,6.49,,,,3,1,1,1,,,,1689951,1481318.1
1379683800,14.66,15.22,14.35,14.79,13.459084513720974,12.458055261188413,0,0,0,3.96,6.49,,,,3,1,1,1,,,,4189367,1626150.75
1379943000,14.83,14.85,14.21,14.495,13.66626761097678,12.64323205562583,0,0,0,3.96,6.49,,,,3,1,1,1,,,,1765410,1669130.55
1380029400,14.44,15.09,14.42,14.65,13.863014088781425,12.825665505114392,0,0,0,3.96,6.49,,,,3,1,1,1,,,,1297884,1681877.2
1380115800,14.66,15.3,14.66,14.96,14.08241127102514,13.019695913740357,0,0,0,3.96,6.49,,,,3,1,1,1,,,,1206711,1603098.3
1380202200,15.03,15.2,14.9,15.15,14.295929016820113,13.213359921582143,0,0,0,3.96,6.49,,,,3,1,1,1,,,,951436,1521324.85
1380288600,15.04,15.14,14.71,14.86,14.40874321345609,13.363054474165585,0,0,0,3.96,6.49,,,,3,1,1,1,,,,1003408,1436172.9
1380547800,14.61,15.16,14.37,14.88,14.502994570764871,13.500958612877804,0,0,0,3.96,6.49,,,,3,1,1,1,,,,1230926,1410712.4
1380634200,14.89,15.96,14.89,15.94,14.790395656611897,13.72268964807073,0,0,0,3.96,6.49,,,,3,1,1,1,,,,2434877,1476843.7
1380720600,15.97,17.16,15.6201,16.64999,15.162314525289517,13.988807861882481,0,0,0,3.96,6.49,,,,3,1,1,1,,,,3206905,1541214.9
1380807000,16.36,16.565,14.51,14.9,15.109851620231614,14.071643510802256,0,0,0,3.96,6.49,,,,3,1,1,1,,,,4601922,1717767
1380893400,14.85,15.2803,13.45,14.031,14.894081296185291,14.067948646183869,0,0,0,3.96,6.49,,,,3,1,1,1,,,,5123020,1930781.5
1381152600,14.15,15.18,13.85,14.65,14.845265036948232,14.120862405621699,0,0,0,3.96,6.49,,,,3,1,1,1,,,,3536603,2067502.4
1381239000,14.87,15.82,14.63,14.73,14.822212029558585,14.17623855056518,0,0,0,3.96,6.49,,,,3,1,1,1,,,,3476696,2200378.15
1381325400,14.91,15.22,14.25,14.54,14.765769623646868,14.209307773241074,0,0,0,3.96,6.49,,,,3,1,1,1,,,,2202158,2271503.65
1381411800,14.8,15.36,14.75,15.085,14.829615698917495,14.288916157491885,0,0,0,3.96,6.49,,,,3,1,1,1,,,,1775300,2327143.5
1381498200,15.12,15.37,14.86,15.11,14.885692559133997,14.36356014317444,0,0,0,3.96,6.49,,,,3,1,1,1,,,,1120734,2349526.85
1381757400,14.97,15.18,14.626,15.12,14.932554047307198,14.432327402885855,0,0,0,3.96,6.49,,,,3,1,1,1,,,,1431854,2305330.45
1381843800,15.04,15.25,14.8,14.93,14.932043237845757,14.477570366259869,0,0,0,3.96,6.49,,,,3,1,1,1,,,,835218,2288798.65
1381930200,15,15.2601,14.91,15.11,14.967634590276607,14.535063969327153,0,0,0,3.96,6.49,,,,3,1,1,1,,,,800602,2194049.1
1382016600,15.09,15.7999,15.08,15.7,15.114107672221285,14.640967244842866,0,0,0,3.96,6.49,,,,3,1,1,1,,,,1905348,2204818.95
1382103000,15.85,16.13989,15.58,15.81,15.253286137777028,14.747242949857151,0,0,0,3.96,6.49,,,,3,1,1,1,,,,1404260,2065563.6
1382362200,15.88,15.9499,15.16,15.43,15.288628910221622,14.80931177259741,0,0,0,3.96,6.49,,,,3,1,1,1,,,,1151670,2034876.6
1382448600,15.48,15.66,15.28,15.52,15.334903128177297,14.873919793270373,0,0,0,3.96,6.49,,,,3,1,1,1,,,,941944,2017079.6
1382535000,15.47,15.61,15.24,15.35,15.337922502541838,14.917199812063975,0,0,0,3.96,6.49,,,,3,1,1,1,,,,805219,1997005
1382621400,15.38,15.6,15.24,15.35,15.340338002033471,14.956545283694522,0,0,0,3.96,6.49,,,,3,1,1,1,,,,665164,1982691.4
1382707800,15.4,15.58,14.93,15.09,15.290270401626778,14.968677530631384,0,0,0,3.96,6.49,,,,3,1,1,1,,,,834578,1974249.9
1382967000,15.04,15.25,14.99,15.25,15.282216321301423,14.994252300573985,0,0,0,3.96,6.49,,,,3,1,1,1,,,,689867,1947196.95
1383053400,15.25,15.73,15.25,15.66,15.357773057041138,15.054774818703622,0,0,0,3.96,6.49,,,,3,1,1,1,,,,1066749,1878790.55
1383139800,16.36,18.3199,16.305,17.97,15.88021844563291,15.319795289730566,0,0,0,3.96,6.49,,,,3,1,1,1,,,,6122599,2024575.25
1383226200,18,18.52,17.6001,17.779,16.259974756506328,15.543359354300515,0,0,0,3.96,6.49,,,,3,1,1,1,,,,2868683,1937913.3
1383312600,17.71,17.8869,16.81,16.865,16.38097980520506,15.66350850390956,0,0,0,3.96,6.49,,,,3,1,1,1,,,,2523378,1807931.2
1383575400,16.87,17.82,16.87,17.32,16.56878384416405,15.814098639917782,0,0,0,3.96,6.49,,,,3,1,1,1,,,,1615710,1711886.55
1383661800,17.36,17.81,17.26,17.6,16.775027075331238,15.976453309016167,0,0,0,3.96,6.49,,,,3,1,1,1,,,,1315579,1603830.7
1383748200,17.73,17.89,16.92,17.17,16.85402166026499,16.084957553651062,0,0,0,3.96,6.49,,,,3,1,1,1,,,,1013768,1544411.2
1383834600,17.2,17.42,15.9,16.01,16.685217328211994,16.078143230591873,0,0,0,3.96,6.49,,,,3,1,1,1,,,,2036796,1557486
1383921000,15.98,17.08,15.8,16.87,16.722173862569594,16.150130209628976,0,0,0,3.96,6.49,,,,3,1,1,1,,,,1555032,1579200.9
1384180200,16.86,17.13,16.56,16.76,16.729739090055677,16.205572917844524,0,0,0,3.96,6.49,,,,3,1,1,1,,,,832669,1549241.65
1384266600,16.77,16.999,16.35,16.46,16.675791272044542,16.22870265258593,0,0,0,3.96,6.49,,,,3,1,1,1,,,,1148434,1564902.45
1384353000,16.36,17.84,16.3,17.71,16.882633017635634,16.363366047805393,0,0,0,3.96,6.49,,,,3,1,1,1,,,,1989635,1624354.1
1384439400,17.75,17.89,17.22,17.31,16.968106414108508,16.449423679823084,0,0,0,3.96,6.49,,,,3,1,1,1,,,,1318488,1595011.1
1384525800,17.26,17.82,17.2,17.49,17.072485131286808,16.544021527111894,0,0,0,3.96,6.49,,,,3,1,1,1,,,,1118283,1580712.25
1384785000,17.72,17.8,17.01,17.08,17.073988105029446,16.592746842828994,0,0,0,3.96,6.49,,,,3,1,1,1,,,,1350054,1590631.45
1384871400,17.15,17.47,16.59,16.7,16.999190484023558,16.60249712984454,0,0,0,3.96,6.49,,,,3,1,1,1,,,,1292279,1608148.2
1384957800,16.82,17.2399,16.672,16.81,16.961352387218845,16.6213610271314,0,0,0,3.96,6.49,,,,3,1,1,1,,,,878550,1611814.75
1385044200,16.83,17.17,16.75,16.99,16.967081909775075,16.654873661028546,0,0,0,3.96,6.49,,,,3,1,1,1,,,,1107154,1633914.25
1385130600,17.04,17.65,16.791,17.5,17.07366552782006,16.731703328207768,0,0,0,3.96,6.49,,,,3,1,1,1,,,,1384497,1661410.2
1385389800,17.75,18.4,17.56,17.76,17.21093242225605,16.825184843825244,0,0,0,3.96,6.49,,,,3,1,1,1,,,,2247964,1739315.05
1385476200,17.83,18.02,17.65,17.76,17.32074593780484,16.910168039841132,0,0,0,3.96,6.49,,,,3,1,1,1,,,,951006,1733527.9
1385562600,17.71,17.87,17.43,17.6,17.376596750243873,16.972880036219212,0,0,0,3.96,6.49,,,,3,1,1,1,,,,838501,1469323
1385735400,17.59,17.689,17.1701,17.19,17.339277400195098,16.992618214744738,0,0,0,3.96,6.49,,,,3,1,1,1,,,,512102,1351493.95
1385994600,17.25,17.45,16.53,16.6,17.191421920156078,16.956925649767943,0,0,0,3.96,6.49,,,,3,1,1,1,,,,1263216,1288485.85
1386081000,16.49,16.58,15.956,16.18,16.98913753612486,16.886296045243583,0,0,0,3.96,6.49,,,,3,1,1,1,,,,1588341,1287117.4
1386167400,16.32,16.38,15.78,16.01,16.79331002889989,16.806632768403258,0,0,0,3.96,6.49,,,,3,1,1,1,,,,1171331,1279905
1386253800,16.02,16.56,15.89,16.51,16.736648023119912,16.77966615309387,0,0,0,3.96,6.49,,,,3,1,1,1,,,,1205898,1289511.5
1386340200,16.64,16.98,16.4,16.8,16.74931841849593,16.781514684630793,0,0,0,3.96,6.49,,,,3,1,1,1,,,,1091804,1242261.9
1386599400,16.84,17.04,16.63,16.73,16.74545473479674,16.77683153148254,0,0,0,3.96,6.49,,,,3,1,1,1,,,,732411,1201130.85
1386685800,16.84,17.3,16.84,16.91,16.778363787837392,16.78893775589322,0,0,0,3.96,6.49,,,,3,1,1,1,,,,1226559,1220825.35
1386772200,17,17.1,16.25,16.4,16.702691030269914,16.753579778084745,0,0,0,3.96,6.49,,,,3,1,1,1,,,,950505,1210928.9
1386858600,16.37,16.81,16.23,16.44,16.650152824215933,16.725072525531587,0,0,0,3.96,6.49,,,,3,1,1,1,,,,816104,1152252.35
1386945000,16.39,16.505,15.23,15.52,16.424122259372748,16.61552047775599,0,0,0,3.96,6.49,,,,3,1,1,1,,,,2142091,1193432.5
1387204200,16.05,17.17,15.94,16.89,16.5172978074982,16.640473161596354,0,0,0,3.96,6.49,,,,3,1,1,1,,,,2802971,1277666.9
1387290600,16.94,16.98,16.25,16.28,16.46983824599856,16.607702874178504,0,0,0,3.96,6.49,,,,3,1,1,1,,,,1130090,1266668.7
1387377000,16.29,16.81,16.05,16.77,16.529870596798848,16.622457158344094,0,0,0,3.96,6.49,,,,3,1,1,1,,,,1246129,1264361.2
1387463400,16.68,16.68,16.1,16.14,16.451896477439078,16.57859741667645,0,0,0,3.96,6.49,,,,3,1,1,1,,,,757813,1258324.35
1387549800,16.22,16.43,16.09,16.2,16.401517181951263,16.544179469705863,0,0,0,3.96,6.49,,,,3,1,1,1,,,,1282784,1267105.85
1387809000,16.27,16.33,15.8507,15.94,16.30921374556101,16.489254063368968,0,0,0,3.96,6.49,,,,3,1,1,1,,,,927264,1244244.2
1387895400,15.92,16.24,15.81,16.16,16.279370996448808,16.45932187578997,0,0,0,3.96,6.49,,,,3,1,1,1,,,,420392,1152865.6
1388068200,16.27,16.5399,16.21,16.4,16.303496797159045,16.453928977990884,0,0,0,3.96,6.49,,,,3,1,1,1,,,,749004,1142765.5
1388154600,16.45,16.69,15.87,15.95,16.232797437727235,16.408117252718984,0,0,0,3.96,6.49,,,,3,1,1,1,,,,1043053,1152993.1
1388413800,16,16.08,15.85,15.9,16.166237950181788,16.36192477519908,0,0,0,3.96,6.49,,,,3,1,1,1,,,,515071,1153141.55
1388500200,15.91,16.15,15.8,15.88,16.10899036014543,16.318113431999162,0,0,0,3.96,6.49,,,,3,1,1,1,,,,659645,1122963
1388673000,15.84,15.84,14.89,15.38,15.963192288116344,16.232830392726513,0,0,0,3.96,6.49,,,,3,1,1,1,,,,1276654,1107378.65
1388759400,15.32,15.74,15.32,15.67,15.904553830493075,16.181663993387737,0,0,0,3.96,6.49,,,,3,1,1,1,,,,569355,1077279.85
1389018600,15.79,15.92,15.29,15.64,15.85164306439446,16.13242181217067,0,0,0,3.96,6.49,,,,3,1,1,1,,,,997106,1066840.25
1389105000,15.62,15.91,15.45,15.91,15.863314451515569,16.11220164742788,0,0,0,3.96,6.49,,,,3,1,1,1,,,,839110,1054205.55
1389191400,16.51,18.5664,16.5,17.93,16.276651561212454,16.277456043116256,0,0,0,3.96,6.49,,,,3,1,1,1,,,,5363612,1285765.6
1389277800,17.97,18.12,17.4201,17.79,16.57932124896996,16.414960039196597,0,0,0,3.96,6.49,,,,3,1,1,1,,,,1278277,1288351.5
1389364200,17.79,18.88,17.5,18.68,16.99945699917597,16.620872762905996,0,0,0,3.96,6.49,,,,3,1,1,1,,,,2794757,1380564.1
1389623400,18.66,18.68,17.34,17.49,17.097565599340776,16.699884329914543,0,0,0,3.96,6.49,,,,3,1,1,1,,,,2173660,1448441.9
1389709800,17.64,18.14,17.45,18.07,17.29205247947262,16.824440299922312,0,0,0,3.96,6.49,,,,3,1,1,1,,,,1258270,1404250.85
1389796200,18.12,18.19,17.65,17.94,17.421641983578095,16.925854818111194,0,0,0,3.96,6.49,,,,3,1,1,1,,,,842429,1306223.75
1389882600,17.94,18.07,17.5,17.57,17.451313586862476,16.984413471010175,0,0,0,3.96,6.49,,,,3,1,1,1,,,,977361,1298587.3
1389969000,17.6,17.79,17.32,17.67,17.49505086948998,17.04673951910016,0,0,0,3.96,6.49,,,,3,1,1,1,,,,938080,1283184.85
1390314600,17.75,18.6,17.6,17.79,17.554040695591983,17.11430865372742,0,0,0,3.96,6.49,,,,3,1,1,1,,,,1404903,1315539.35
1390401000,17.86,18.1199,17.35,18,17.643232556473585,17.194826048843108,0,0,0,3.96,6.49,,,,3,1,1,1,,,,1071626,1304981.45
1390487400,17.9,17.98,17.53,17.71,17.65658604517887,17.241660044402824,0,0,0,3.96,6.49,,,,3,1,1,1,,,,658584,1291547.45
1390573800,17.35,17.52,16.6,16.74,17.473268836143095,17.19605458582075,0,0,0,3.96,6.49,,,,3,1,1,1,,,,1585068,1349781.25
1390833000,16.78,16.88,16.085,16.52,17.282615068914478,17.134595078018865,0,0,0,3.96,6.49,,,,3,1,1,1,,,,979551,1361308.6
1390919400,16.53,16.97,16.3,16.65,17.15609205513158,17.09054098001715,0,0,0,3.96,6.49,,,,3,1,1,1,,,,1124298,1365370.85
1391005800,16.41,16.6,15.8,15.89,16.902873644105263,16.981400890924682,0,0,0,3.96,6.49,,,,3,1,1,1,,,,1050105,1392122.55
1391092200,16.12,16.52,16,16.3,16.782298915284212,16.919455355386074,0,0,0,3.96,6.49,,,,3,1,1,1,,,,1025549,1410417.75
1391178600,16.08,16.32,15.93,16.06,16.63783913222737,16.841323050350976,0,0,0,3.96,6.49,,,,3,1,1,1,,,,718725,1382521.3
1391437800,16.75,17.52,16.6275,16.9,16.690271305781895,16.84665731850089,0,0,0,3.96,6.49,,,,3,1,1,1,,,,3024595,1505283.3
1391524200,16.98,17.13,16.46,16.83,16.718217044625515,16.84514301681899,0,0,0,3.96,6.49,,,,3,1,1,1,,,,8405191,1875687.55
1391610600,16.62,16.7,15.76,16.52,16.678573635700413,16.815584560744536,0,0,0,3.96,6.49,,,,3,1,1,1,,,,2143036,1940883.85
1391697000,16.47,17.09,16.41,16.72,16.686858908560332,16.806895055222306,0,0,0,3.96,6.49,,,,3,1,1,1,,,,1251096,1735258.05
1391783400,16.76,17.2,16.66,16.78,16.705487126848265,16.804450050202096,0,0,0,3.96,6.49,,,,3,1,1,1,,,,843494,1713518.9
1392042600,16.84,16.92,16.33,16.91,16.746389701478613,16.814045500183724,0,0,0,3.96,6.49,,,,3,1,1,1,,,,1130599,1630311
1392129000,16.94,17.16,16.66,16.91,16.77911176118289,16.822768636530657,0,0,0,3.96,6.49,,,,3,1,1,1,,,,999395,1571597.75
1392215400,16.87,17.08,16.6,16.79,16.78128940894631,16.819789669573325,0,0,0,3.96,6.49,,,,3,1,1,1,,,,618304,1539599.45
1392301800,16.62,17.23,16.4,17.13,16.851031527157048,16.84799060870302,0,0,0,3.96,6.49,,,,3,1,1,1,,,,781336,1536544.8
1392388200,17.08,17.1894,16.854,17.09,16.898825221725637,16.869991462457293,0,0,0,3.96,6.49,,,,3,1,1,1,,,,504492,1512901.35
1392733800,17.11,18.48,17.01,18.08,17.13506017738051,16.97999223859754,0,0,0,3.96,6.49,,,,3,1,1,1,,,,2043268,1568160.75
1392820200,18.12,19,18.12,18.56,17.420048141904406,17.123629307815946,0,0,0,3.96,6.49,,,,3,1,1,1,,,,2359977,1615914.45
1392906600,18.64,19.06,17.82,19.02,17.740038513523526,17.29602664346904,0,0,0,3.96,6.49,,,,3,1,1,1,,,,1770273,1650846.8
1392993000,19.14,19.38,18.61,18.8,17.952030810818822,17.432751494062764,0,0,0,3.96,6.49,,,,3,1,1,1,,,,1523535,1694094.35
1393252200,18.9,19.47,18.9,19.07,18.17562464865506,17.581592267329786,0,0,0,3.96,6.49,,,,3,1,1,1,,,,1353997,1682540.8
1393338600,19.19,19.5399,19.01,19.1,18.360499718924046,17.71962933393617,0,0,0,3.96,6.49,,,,3,1,1,1,,,,1670492,1717087.85
1393425000,20,20.01,18.07,18.93,18.474399775139236,17.829663030851062,0,0,0,3.96,6.49,,,,3,1,1,1,,,,4202210,1870983.45
1393511400,18.97,20.83,18.75,20.5,18.87951982011139,18.07242093713733,0,0,0,3.96,6.49,,,,3,1,1,1,,,,3027023,1969829.35
1393597800,20,20.11,19.01,19.23,18.949615856089114,18.177655397397572,0,0,0,3.96,6.49,,,,3,1,1,1,,,,2840313,2060567.55
1393857000,19.11,19.79,18.801,19.56,19.07169268487129,18.303323088543248,0,0,0,3.96,6.49,,,,3,1,1,1,,,,1212212,2085241.9
1393943400,19.83,20.39,19.83,20.28,19.313354147897034,18.48302098958477,0,0,0,3.96,6.49,,,,3,1,1,1,,,,1400346,2004029.45
1394029800,20.29,20.44,19.5401,19.87,19.424683318317626,18.609109990531607,0,0,0,3.96,6.49,,,,3,1,1,1,,,,1494289,1658484.35
1394116200,19.83,19.95,19.51,19.65,19.469746654654102,18.703736355028735,0,0,0,3.96,6.49,,,,3,1,1,1,,,,697647,1586214.9
1394202600,19.8,19.85,18.7202,18.89,19.35379732372328,18.720669413662485,0,0,0,3.96,6.49,,,,3,1,1,1,,,,1551982,1601259.2
1394458200,18.91,19.525,18.65,19.5,19.383037858978625,18.791517648784076,0,0,0,3.96,6.49,,,,3,1,1,1,,,,1193343,1618751.65
1394544600,19.57,19.58,18.8,18.91,19.2884302871829,18.80228877162189,0,0,0,3.96,6.49,,,,3,1,1,1,,,,1098377,1617140.55
1394631000,18.95,19.189,18.58,18.65,19.16074422974632,18.78844433783808,0,0,0,3.96,6.49,,,,3,1,1,1,,,,842365,1609289.05
1394717400,18.72,18.83,18,18.3,18.98859538379706,18.744040307125527,0,0,0,3.96,6.49,,,,3,1,1,1,,,,946603,1625704
1394803800,18.3,18.486,18.09,18.33,18.856876307037645,18.706400279205024,0,0,0,3.96,6.49,,,,3,1,1,1,,,,846495,1628961.95
1395063000,18.35,18.6,18.11,18.31,18.747501045630116,18.670363890186387,0,0,0,3.96,6.49,,,,3,1,1,1,,,,749996,1641237.15
1395149400,18.31,18.86,18.2701,18.5,18.698000836504093,18.654876263805807,0,0,0,3.96,6.49,,,,3,1,1,1,,,,847750,1581461.25
1395235800,18.55,18.79,18.06,18.23,18.604400669203276,18.61625114891437,0,0,0,3.96,6.49,,,,3,1,1,1,,,,943214,1510623.1
1395322200,18.14,18.42,18,18.09,18.50152053536262,18.5684101353767,0,0,0,3.96,6.49,,,,3,1,1,1,,,,859795,1465099.2
1395408600,18.2,18.48,18.09,18.11,18.423216428290097,18.52673648670609,0,0,0,3.96,6.49,,,,3,1,1,1,,,,1152950,1446569.95
1395667800,18.15,18.25,17.37,17.85,18.308573142632078,18.465214987914624,0,0,0,3.96,6.49,,,,3,1,1,1,,,,1060364,1431888.3
1395754200,17.99,18.95,17.87,18.91,18.428858514105663,18.505649989013296,0,0,0,3.96,6.49,,,,3,1,1,1,,,,1803610,1438544.2
1395840600,19.27,19.73,18.815,18.8501,18.51310681128453,18.536963626375723,0,0,0,3.96,6.49,,,,3,1,1,1,,,,1834224,1320144.9
1395927000,18.76,18.8999,18.13,18.27,18.464485449027624,18.512694205796112,0,0,0,3.96,6.49,,,,3,1,1,1,,,,894049,1213496.2
1396013400,18.26,18.63,18.15,18.32,18.4355883592221,18.495176550723738,0,0,0,3.96,6.49,,,,3,1,1,1,,,,483821,1095671.6
1396272600,18.45,18.61,18.18,18.29,18.406470687377677,18.47652413702158,0,0,0,3.96,6.49,,,,3,1,1,1,,,,1245446,1097333.3
1396359000,18.4,19.17,18.4,18.99,18.523176549902143,18.52320376092871,0,0,0,3.96,6.49,,,,3,1,1,1,,,,1096805,1082156.25
1396445400,19.01,19.09,18.4501,18.65,18.548541239921715,18.53473069175337,0,0,0,3.96,6.49,,,,3,1,1,1,,,,972032,1056043.4
1396531800,18.65,18.79,18.176,18.34,18.506832991937372,18.517027901593973,0,0,0,3.96,6.49,,,,3,1,1,1,,,,783586,1060340.35
1396618200,18.45,18.5,17.51,17.62,18.329466393549897,18.435479910539975,0,0,0,3.96,6.49,,,,3,1,1,1,,,,1262075,1045845
1396877400,17.55,17.732,16.82,17.06,18.075573114839916,18.31043628230907,0,0,0,3.96,6.49,,,,3,1,1,1,,,,1223959,1047375.8
1396963800,17,17.28,16.6268,17.03,17.86645849187193,18.194032983917335,0,0,0,3.96,6.49,,,,3,1,1,1,,,,845264,1034720.15
1397050200,17.03,17.4104,16.86,17.34,17.761166793497544,18.116393621743033,0,0,0,3.96,6.49,,,,3,1,1,1,,,,718963,1028550.05
1397136600,17.34,17.4,16.2,16.43,17.494933434798035,17.963085110675483,0,0,0,3.96,6.49,,,,3,1,1,1,,,,948723,1028656.05
1397223000,16.16,17.17,16.16,16.74,17.343946747838427,17.85189555515953,0,0,0,3.96,6.49,,,,3,1,1,1,,,,1217427,1047202.65
1397482200,16.95,17.24,16.49,16.78,17.231157398270742,17.75445050469048,0,0,0,3.96,6.49,,,,3,1,1,1,,,,860679,1052736.8
1397568600,16.86,17.57,16.78,17.3,17.244925918616595,17.713136822445893,0,0,0,3.96,6.49,,,,3,1,1,1,,,,1205635,1070631.05
1397655000,17.48,17.83,17.27,17.79,17.353940734893275,17.72012438404172,0,0,0,3.96,6.49,,,,3,1,1,1,,,,1115633,1079252
1397741400,17.79,17.94,17.39,17.88,17.45915258791462,17.73465853094702,0,0,0,3.96,6.49,,,,3,1,1,1,,,,1248985,1098711.5
1398087000,17.86,17.93,17.36,17.7,17.507322070331696,17.73150775540638,0,0,0,3.96,6.49,,,,3,1,1,1,,,,919317,1087029.85
1398173400,17.74,18.42,17.68,18.23,17.651857656265356,17.77682523218762,0,0,0,3.96,6.49,,,,3,1,1,1,,,,737351,1070879.2
1398259800,18.24,18.595,18.17,18.26,17.773486125012287,17.820750211079655,0,0,0,3.96,6.49,,,,3,1,1,1,,,,848510,1023124.2
1398346200,18.3,18.436,17.71,18.19,17.85678890000983,17.85431837370878,0,0,0,3.96,6.49,,,,3,1,1,1,,,,809468,971886.4
1398432600,18.07,18.07,17.52,17.71,17.827431120007862,17.841198521553434,0,0,0,3.96,6.49,,,,3,1,1,1,,,,799524,967160.15
1398691800,17.85,17.9332,16.51,16.78,17.61794489600629,17.74472592868494,0,0,0,3.96,6.49,,,,3,1,1,1,,,,1167940,1001366.1
1398778200,16.84,17.2,16.62,17.08,17.510355916805032,17.68429629880449,0,0,0,3.96,6.49,,,,3,1,1,1,,,,951318,986659.7
1398864600,17.02,17.1896,15.33,16.15,17.238284733444026,17.54481481709499,0,0,0,3.96,6.49,,,,3,1,1,1,,,,1734811,1018560
1398951000,15.99,16.122,15.09,15.25,16.84062778675522,17.336195288268176,0,0,0,3.96,6.49,,,,3,1,1,1,,,,2364204,1088168.6
1399037400,15.25,15.34,14.1,14.13,16.29850222940418,17.044722989334705,0,0,0,3.96,6.49,,,,3,1,1,1,,,,2864186,1192198.6
1399296600,14.12,14.59,13.82,14.41,15.920801783523343,16.805202717577004,0,0,0,3.96,6.49,,,,3,1,1,1,,,,1384578,1198323.75
1399383000,14.28,14.28,13.18,13.2,15.376641426818674,16.477457015979095,0,0,0,3.96,6.49,,,,3,1,1,1,,,,1704177,1222334.65
1399469400,13.2,13.39,12.55,13.13,14.92731314145494,16.173142741799175,0,0,0,3.96,6.49,,,,3,1,1,1,,,,2596040,1309873.45
1399555800,13.05,13.5,13.01,13.14,14.569850513163953,15.897402492544705,0,0,0,3.96,6.49,,,,3,1,1,1,,,,1828252,1365337.9
1399642200,13.12,13.39,13.03,13.26,14.307880410531162,15.657638629586096,0,0,0,3.96,6.49,,,,3,1,1,1,,,,1176866,1376745.05
1399901400,13.6,14.31,13.5,14.06,14.258304328424929,15.512398754169178,0,0,0,3.96,6.49,,,,3,1,1,1,,,,1820852,1406916.3
1399987800,14.17,14.24,13.55,13.64,14.134643462739943,15.342180685608344,0,0,0,3.96,6.49,,,,3,1,1,1,,,,882918,1408028.25
1400074200,13.58,13.61,12.97,13.01,13.909714770191954,15.13016425964395,0,0,0,12.55,20.83,,,,1,1,1,1,,,,1415924,1418542.7
1400160600,12.93,13.1254,12.6186,13.05,13.737771816153563,14.941058417858136,0,0,0,12.55,20.83,,,,1,1,1,1,,,,1008639,1413193
1400247000,13.03,13.33,12.82,13.32,13.65421745292285,14.793689470780123,0,0,0,12.55,20.83,,,,1,1,1,1,,,,1074578,1404472.65
1400506200,13.2,13.66,13.111,13.52,13.62737396233828,14.67789951889102,0,0,0,12.55,20.83,,,,1,1,1,1,,,,893479,1403180.75
1400592600,13.48,13.48,12.76,12.87,13.475899169870624,14.513545017173655,0,0,0,12.55,20.83,,,,1,1,1,1,,,,1096546,1421140.5
1400679000,12.91,13.09,12.82,13.06,13.3927193358965,14.38140456106696,0,0,0,12.55,20.83,,,,1,1,1,1,,,,579896,1407709.8
1400765400,13.06,13.155,12.97,13.08,13.330175468717199,14.263095055515418,0,0,0,12.55,20.83,,,,1,1,1,1,,,,410885,1387780.65
1400851800,13.06,13.38,12.99,13.35,13.334140374973758,14.180086414104926,0,0,0,12.55,20.83,,,,1,1,1,1,,,,602111,1377910
1401197400,13.43,13.605,13.33,13.48,13.363312299979007,14.116442194640841,0,0,0,12.55,20.83,,,,1,1,1,1,,,,574131,1348219.55
1401283800,13.39,13.61,13.19,13.27,13.344649839983205,14.039492904218946,0,0,0,12.55,20.83,,,,1,1,1,1,,,,583184,1329812.85
1401370200,13.41,13.555,13.23,13.52,13.379719871986564,13.992266276562678,0,0,0,12.55,20.83,,,,1,1,1,1,,,,605169,1273330.75
1401456600,13.52,13.57,13.23,13.27,13.357775897589251,13.92660570596607,0,0,0,12.55,20.83,,,,1,1,1,1,,,,653805,1187810.8
1401715800,13.28,13.355,13.04,13.32,13.350220718071402,13.871459732696428,0,0,0,12.55,20.83,,,,1,1,1,1,,,,574490,1073326
1401802200,13.19,13.32,12.98,13,13.280176574457121,13.792236120633117,0,0,0,12.55,20.83,,,,1,1,1,1,,,,614284,1034811.3
1401888600,12.96,13.19,12.87,13.05,13.234141259565696,13.72476010966647,0,0,0,12.55,20.83,,,,1,1,1,1,,,,466368,972920.85
1401975000,13.22,13.37,12.95,13.36,13.259313007652556,13.69160009969679,0,0,0,12.55,20.83,,,,1,1,1,1,,,,631185,874678.1
1402061400,13.42,13.64,13.29,13.35,13.277450406122044,13.6605455451789,0,0,0,12.55,20.83,,,,1,1,1,1,,,,475826,807056.8
1402320600,13.31,13.66,13.26,13.53,13.327960324897635,13.648677768344454,0,0,0,12.55,20.83,,,,1,1,1,1,,,,802478,788337.4
1402407000,13.42,14.65,13.18,14.28,13.518368259918107,13.706070698494958,0,0,0,12.55,20.83,,,,1,1,1,1,,,,2538009,824195.25
1402493400,14.1,14.23,13.7,13.91,13.596694607934486,13.724609725904507,0,0,0,12.55,20.83,,,,1,1,1,1,,,,1007463,830422.5
1402579800,13.9,14.0799,13.51,14.03,13.68335568634759,13.752372478095007,0,0,0,12.55,20.83,,,,1,1,1,1,,,,680427,793647.65
1402666200,14.09,14.09,13.62,13.87,13.72068454907807,13.763065889177279,0,0,0,12.55,20.83,,,,1,1,1,1,,,,485218,767476.6
1402925400,13.84,13.955,13.65,13.78,13.732547639262457,13.764605353797526,0,0,0,12.55,20.83,,,,1,1,1,1,,,,494467,738471.05
1403011800,13.83,14.19,13.65,14.07,13.800038111409965,13.792368503452296,0,0,0,12.55,20.83,,,,1,1,1,1,,,,723144,729954.3
1403098200,14.08,14.12,13.81,13.86,13.812030489127972,13.79851682132027,0,0,0,12.55,20.83,,,,1,1,1,1,,,,462261,698240.05
1403184600,14,14,13.62,13.695,13.788624391302378,13.789106201200246,0,0,0,12.55,20.83,,,,1,1,1,1,,,,623580,700424.25
1403271000,13.74,14.25,13.57,13.85,13.800899513041902,13.794642001091132,0,0,0,12.55,20.83,,,,1,1,1,1,,,,1853067,772533.35
1403530200,13.82,13.82,13.5715,13.7,13.780719610433522,13.78603818281012,0,0,0,12.55,20.83,,,,1,1,1,1,,,,611306,772993.1
1403616600,13.6,13.73,13.36,13.43,13.710575688346818,13.753671075281927,0,0,0,12.55,20.83,,,,1,1,1,1,,,,797715,784172.3
1403703000,13.36,13.4881,13.18,13.46,13.660460550677454,13.726973704801752,0,0,0,12.55,20.83,,,,1,1,1,1,,,,532991,781662.65
1403789400,13.45,13.53,13.14,13.29,13.586368440541964,13.687248822547048,0,0,0,12.55,20.83,,,,1,1,1,1,,,,408455,771826.95
1403875800,13.22,13.42,13.13,13.39,13.547094752433571,13.660226202315497,0,0,0,12.55,20.83,,,,1,1,1,1,,,,649743,771623.85
1404135000,13.31,13.32,12.99,13.3,13.497675801946857,13.62747836574136,0,0,0,12.55,20.83,,,,1,1,1,1,,,,1199940,802896.35
1404221400,13.35,13.7399,13.2,13.5,13.498140641557486,13.615889423401237,0,0,0,12.55,20.83,,,,1,1,1,1,,,,1124800,828422.15
1404307800,13.48,13.69,13.22,13.28,13.454512513245989,13.58535402127385,0,0,0,12.55,20.83,,,,1,1,1,1,,,,492767,829742.1
1404394200,13.31,13.36,13.11,13.18,13.399610010596792,13.5485036557035,0,0,0,12.55,20.83,,,,1,1,1,1,,,,270751,811720.4
1404739800,13.1,13.17,12.86,12.89,13.297688008477433,13.488639687003182,0,0,0,12.55,20.83,,,,1,1,1,1,,,,685624,822210.3
1404826200,12.88,13.02,11.97,12,13.038150406781947,13.35330880636653,0,0,0,12.55,20.83,,,,1,1,1,1,,,,2097939,886983.35
1404912600,12.09,12.36,11.27,11.37,12.704520325425557,13.173008005787754,0,0,0,12.55,20.83,,,,1,1,1,1,,,,2498787,885022.25
1404999000,11.19,11.29,10.81,11.24,12.411616260340447,12.997280005261594,0,0,0,12.55,20.83,,,,1,1,1,1,,,,1856425,927470.35
1405085400,11.26,11.48,11,11.2,12.169293008272357,12.833890913874177,0,0,0,12.55,20.83,,,,1,1,1,1,,,,958790,941388.5
1405344600,11.32,11.4,11.14,11.21,11.977434406617885,12.686264467158342,0,0,0,12.55,20.83,,,,1,1,1,1,,,,986463,966450.75
1405431000,11.22,11.29,10.81,10.88,11.757947525294307,12.522058606507583,0,0,0,12.55,20.83,,,,1,1,1,1,,,,1580869,1020770.85
1405517400,10.96,10.97,10.7,10.78,11.562358020235445,12.36368964227962,0,0,0,12.55,20.83,,,,1,1,1,1,,,,1031959,1036211.6
1405603800,10.68,10.7883,10.46,10.5,11.349886416188356,12.194263311163292,0,0,0,12.55,20.83,,,,1,1,1,1,,,,1423324,1084264.75
1405690200,10.5,11.4,10.5,11.36,11.351909132950684,12.118421191966629,0,0,0,12.55,20.83,,,,1,1,1,1,,,,1993575,1152764.5
1405949400,11.29,11.55,11.0604,11.46,11.373527306360547,12.058564719969663,0,0,0,12.55,20.83,,,,1,1,1,1,,,,887470,1104484.65
1406035800,11.51,11.72,11.43,11.53,11.404821845088437,12.010513381790602,0,0,0,12.55,20.83,,,,1,1,1,1,,,,590233,1103431
1406122200,11.57,11.57,11.22,11.23,11.369857476070749,11.939557619809639,0,0,0,12.55,20.83,,,,1,1,1,1,,,,515141,1089302.3
1406208600,11.24,11.6,11.24,11.44,11.383885980856599,11.894143290736036,0,0,0,10.46,20.83,,,,1,1,1,1,,,,735396,1099422.55
1406295000,11.35,11.75,11.3,11.49,11.405108784685279,11.857402991578214,0,0,0,10.46,20.83,,,,1,1,1,1,,,,899159,1123957.75
1406554200,11.48,11.62,11.19,11.31,11.386087027748223,11.807639083252921,0,0,0,10.46,20.83,,,,1,1,1,1,,,,568920,1119916.6
1406640600,11.32,11.61,11.284,11.5,11.408869622198578,11.779671893866292,0,0,0,10.46,20.83,,,,1,1,1,1,,,,590673,1089453.25
1406727000,12.33,13.57,12.25,13.36,11.799095697758862,11.923338085332992,0,0,0,10.46,20.83,,,,1,1,1,1,,,,3957055,1231066
1406813400,13.13,13.2,12,12.06,11.85127655820709,11.935761895757265,0,0,0,10.46,20.83,,,,1,1,1,1,,,,2100093,1311432.3
1406899800,12.01,12.0799,11.3701,11.515,11.784021246565672,11.897510814324786,0,0,0,10.46,20.83,,,,1,1,1,1,,,,1266609,1361225.2
1407159000,11.51,11.6386,11.28,11.44,11.715216997252538,11.855918922113442,0,0,0,10.46,20.83,,,,1,1,1,1,,,,749273,1364407.65
1407245400,11.49,11.9,11.44,11.64,11.700173597802031,11.836289929194038,0,0,0,10.46,20.83,,,,1,1,1,1,,,,1001791,1309600.25
1407331800,11.86,12.38,11.8,12.35,11.830138878241625,11.882990844721853,0,0,0,10.46,20.83,,,,1,1,1,1,,,,1604906,1264906.2
1407418200,12.68,12.69,12.17,12.18,11.9001111025933,11.909991677019866,0,0,0,10.46,20.83,,,,1,1,1,1,,,,1049457,1224557.8
1407504600,12.22,12.43,12.02,12.38,11.99608888207464,11.952719706381696,0,0,0,10.46,20.83,,,,1,1,1,1,,,,825941,1217915.35
1407763800,12.43,12.49,12.141,12.38,12.072871105659711,11.991563369437905,0,0,0,10.46,20.83,,,,1,1,1,1,,,,655314,1201357.9
1407850200,12.34,12.46,11.97,12.02,12.062296884527768,11.994148517670823,0,0,0,10.46,20.83,,,,1,1,1,1,,,,806781,1162653.5
1407936600,12.05,12.45,12.02,12.36,12.121837507622214,12.027407743337111,0,0,0,10.46,20.83,,,,1,1,1,1,,,,730678,1147589.45
1408023000,12.39,12.745,12.2,12.71,12.239470006097772,12.08946158485192,0,0,0,10.46,20.83,,,,1,1,1,1,,,,765539,1114700.2
1408109400,13.15,14.14,13.14,13.91,12.573576004878218,12.25496507713811,0,0,0,10.46,20.83,,,,1,1,1,1,,,,3366701,1183356.5
1408368600,14.71,15.58,14.57,14.68,12.994860803902574,12.47542279739828,1,0,0,10.46,20.83,,,,2,1,1,1,1,,,5384078,1408186.9
1408455000,15.43,16.12,15.1,16.11,13.61788864312206,12.80583890672571,0,0,0,10.46,20.83,,,,2,1,1,1,,,,5398194,1648584.95
1408541400,15.82,15.9823,15.22,15.46,13.986310914497647,13.047126278841555,0,0,0,10.46,20.83,,,,2,1,1,1,,,,3032052,1774430.5
1408627800,15.63,15.91,15.305,15.89,14.367048731598118,13.305569344401414,0,0,0,10.46,20.83,,,,2,1,1,1,,,,3009303,1888125.85
1408714200,15.91,16.48,15.43,15.71,14.635638985278494,13.524153949455831,0,0,0,10.46,20.83,,,,2,1,1,1,,,,2811292,1983732.5
1408973400,16.17,16.54,15.86,15.95,14.898511188222795,13.74468540859621,0,0,0,10.46,20.83,,,,2,1,1,1,,,,3307316,2120652.3
1409059800,15.99,16,15.47,15.67,15.052808950578235,13.919714007814736,0,0,0,10.46,20.83,,,,2,1,1,1,,,,1880060,2185121.65
1409146200,15.79,16.159,15.51,15.95,15.232247160462588,14.104285461649761,0,0,0,10.46,20.83,,,,2,1,1,1,,,,2137677,2094152.75
1409232600,15.74,15.9,15.45,15.67,15.319797728370071,14.246623146954327,0,0,0,10.46,20.83,,,,2,1,1,1,,,,1754242,2076860.2
1409319000,15.68,15.83,15.35,15.67,15.389838182696057,14.376021042685752,0,0,0,10.46,20.83,,,,2,1,1,1,,,,1124147,2069737.1
1409664600,16.1,17.697,15.85,17.54,15.819870546156846,14.663655493350683,0,1,0,10.46,20.83,,,,3,1,1,1,,1,,6062275,2335387.2
1409751000,18.06,18.24,16.62,16.74,16.003896436925476,14.852414084864257,0,0,0,10.46,20.83,,,,3,1,1,1,,,,5238220,2547208.65
1409837400,17.28,18.3896,17.27,17.55,16.313117149540382,15.097649168058416,0,0,0,10.46,20.83,,,,3,1,1,1,,,,7663870,2850156.85
1409923800,18.68,18.76,17.93,18.27,16.704493719632307,15.386044698234924,0,0,0,10.46,20.83,,,,3,1,1,1,,,,8429919,3219179.95
1410183000,18.31,18.35,17.36,17.82,16.927594975705844,15.60731336203175,0,0,0,10.46,20.83,,,,3,1,1,1,,,,3894032,3372584.5
1410269400,17.83,17.87,17.11,17.22,16.986075980564674,15.753921238210681,0,0,0,10.46,20.83,,,,3,1,1,1,,,,2782779,3478957.75
1410355800,17.2,17.83,17.05,17.73,17.13486078445174,15.933564762009711,0,0,0,10.46,20.83,,,,3,1,1,1,,,,2341893,3555713.35
1410442200,17.91,18.16,17.54,17.79,17.26588862756139,16.10233160182701,0,0,0,10.46,20.83,,,,3,1,1,1,,,,4142221,3726290.5
1410528600,18.29,18.7,17.87,18.43,17.498710902049112,16.31393781984274,0,0,0,10.46,20.83,,,,3,1,1,1,,,,5038424,3939934.75
1410787800,18.6,18.65,17.77,17.79,17.55696872163929,16.448125290766125,0,0,0,10.46,20.83,,,,3,1,1,1,,,,2659846,3904592
1410874200,17.65,18.22,17.31,18.01,17.647574977311432,16.590113900696476,0,0,0,10.46,20.83,,,,3,1,1,1,,,,3036209,3787198.55
1410960600,17.76,17.95,17.08,17.2,17.558059981849144,16.645558091542252,0,0,0,10.46,20.83,,,,3,1,1,1,,,,3361714,3685374.55
1411047000,17.24,17.3,16.35,16.91,17.428447985479316,16.66959826503841,0,0,0,10.46,20.83,,,,3,1,1,1,,,,3413391,3704441.5
1411133400,16.96,17.04,16.08,16.13,17.168758388383452,16.620543877307647,0,0,0,10.46,20.83,,,,3,1,1,1,,,,2992906,3703621.65
1411392600,16,16.07,15.3,15.97,16.929006710706762,16.561403524825135,0,0,0,10.46,20.83,,,,3,1,1,1,,,,2666946,3696404.35
1411479000,15.68,16.07,15.68,15.81,16.70520536856541,16.493094113477394,0,0,0,10.46,20.83,,,,3,1,1,1,,,,1247879,3593432.5
1411565400,16.16,16.37,15.95,16.08,16.580164294852327,16.455540103161265,0,0,0,10.46,20.83,,,,3,1,1,1,,,,1546414,3576750.2
1411651800,16.1,16.59,15.98,15.99,16.46213143588186,16.41321827560115,0,0,0,10.46,20.83,,,,3,1,1,1,,,,2225770,3581154.85
1411738200,16.01,16.08,15.4,15.67,16.30370514870549,16.345652977819228,0,0,0,10.46,20.83,,,,3,1,1,1,,,,1828453,3584865.4
1411997400,15.31,15.524,15.17,15.4,16.12296411896439,16.259684525290208,0,0,0,10.46,20.83,,,,3,1,1,1,,,,1856556,3621485.85
1412083800,15.88,15.95,15.21,15.44,15.986371295171512,16.185167750263826,0,0,0,10.46,20.83,,,,3,1,1,1,,,,3238907,3480317.45
1412170200,15.34,15.34,14.3,14.59,15.70709703613721,16.04015250023984,0,0,0,10.46,20.83,,,,3,1,1,1,,,,3052905,3371051.7
1412256600,14.6,15.37,14.59,15.26,15.617677628909767,15.969229545672583,0,0,0,10.46,20.83,,,,3,1,1,1,,,,2074549,3091585.65
1412343000,15.39,15.39,14.65,15.07,15.508142103127813,15.887481405156894,0,0,0,10.46,20.83,,,,3,1,1,1,,,,1783532,2759266.3
1412602200,15.8,15.85,14.7807,14.985,15.40351368250225,15.805437641051721,0,0,0,10.46,20.83,,,,3,1,1,1,,,,1687262,2648927.8
1412688600,14.78,14.809,14.42,14.44,15.2108109460018,15.681306946410656,0,0,0,10.46,20.83,,,,3,1,1,1,,,,1686246,2594101.15
1412775000,14.64,14.76,14.06,14.54,15.07664875680144,15.577551769464232,0,0,0,10.46,20.83,,,,3,1,1,1,,,,2035166,2578764.8
1412861400,14.46,14.97,14.36,14.71,15.003319005441153,15.498683426785666,0,0,0,10.46,20.83,,,,3,1,1,1,,,,1806527,2461980.1
1412947800,14.63,14.7599,13.91,14.06,14.814655204352922,15.367894024350605,0,0,0,10.46,20.83,,,,3,1,1,1,,,,1834163,2301767.05
1413207000,14.04,14.2,13.4,13.61,14.573724163482337,15.208085476682369,0,0,0,10.46,20.83,,,,3,1,1,1,,,,1874054,2262477.45
1413293400,13.8,14.51,13.77,14.2,14.49897933078587,15.116441342438517,0,0,0,10.46,20.83,,,,3,1,1,1,,,,1546001,2187967.05
1413379800,13.79,14.85,13.61,14.69,14.537183464628695,15.077673947671379,0,0,0,10.46,20.83,,,,3,1,1,1,,,,1731365,2106449.6
1413466200,14.31,15.13,14.11,14.97,14.623746771702956,15.06788540697398,0,0,0,10.46,20.83,,,,3,1,1,1,,,,1449297,2008244.9
1413552600,15.19,15.46,14.99,15.05,14.708997417362365,15.066259460885437,0,0,0,10.46,20.83,,,,3,1,1,1,,,,1530715,1935135.35
1413811800,14.98,15.07,14.6,14.73,14.713197933889893,15.03569041898676,0,0,0,10.46,20.83,,,,3,1,1,1,,,,1085885,1856082.3
1413898200,14.83,15.23,14.61,15.07,14.784558347111915,15.038809471806147,0,0,0,10.46,20.83,,,,3,1,1,1,,,,1117086,1849542.65
1413984600,15.16,15.25,14.82,14.98,14.823646677689531,15.033463156187405,0,0,0,10.46,20.83,,,,3,1,1,1,,,,893894,1816916.65
1414071000,15.07,15.42,14.8954,15.26,14.910917342151626,15.054057414715823,0,0,0,10.46,20.83,,,,3,1,1,1,,,,1039135,1757584.9
1414157400,15.22,15.57,15.11,15.465,15.0217338737213,15.09141583155984,0,0,0,10.46,20.83,,,,3,1,1,1,,,,917609,1712042.7
1414416600,15.37,15.69,15.222,15.63,15.14338709897704,15.140378028690764,0,0,0,10.46,20.83,,,,3,1,1,1,,,,1232624,1680846.1
1414503000,15.72,16.35,15.33,16.28,15.370709679181633,15.243980026082513,0,0,0,10.46,20.83,,,,3,1,1,1,,,,1800033,1608902.4
1414589400,16.27,16.495,15.83,16.47,15.590567743345307,15.355436387347739,0,0,0,10.46,20.83,,,,3,1,1,1,,,,2214700,1566992.15
1414675800,17.55,18.42,16.86,17.7,16.012454194676245,15.56857853395249,0,0,0,10.46,20.83,,,,3,1,1,1,,,,10056640,1966096.7
1414762200,18.03,18.979,17.9,18.84,16.577963355740994,15.865980485411354,0,0,0,10.46,20.83,,,,3,1,1,1,,,,8309058,2292373
1415025000,18.51,19.45,18.37,19.17,17.096370684592795,16.166345895828503,0,0,0,10.46,20.83,,,,3,1,1,1,,,,4531766,2434598.2
1415111400,19.05,19.1699,18.25,18.49,17.375096547674236,16.377587178025912,0,0,0,10.46,20.83,,,,3,1,1,1,,,,4263669,2563469.35
1415197800,18.97,19.05,18.5301,18.58,17.61607723813939,16.577806525478103,0,0,0,10.46,20.83,,,,3,1,1,1,,,,1954869,2559454.5
1415284200,18.67,18.72,18.19,18.43,17.778861790511513,16.74618775043464,0,0,0,10.46,20.83,,,,3,1,1,1,,,,1693494,2553802.85
1415370600,18.53,18.53,17.73,18.52,17.92708943240921,16.907443409486035,0,0,0,10.46,20.83,,,,3,1,1,1,,,,2615616,2592875.5
1415629800,18.6,19.13,18.24,18.93,18.12767154592737,17.09131219044185,0,0,0,10.46,20.83,,,,3,1,1,1,,,,3040513,2651198.45
1415716200,19.05,19.95,19.02,19.51,18.404137236741896,17.311192900401682,0,0,0,10.46,20.83,,,,3,1,1,1,,,,3298753,2738836.05
1415802600,19.43,20.03,19.07,19.75,18.673309789393517,17.532902636728803,0,0,0,10.46,20.83,,,,3,1,1,1,,,,2718170,2788176.3
1415889000,19.8,20.3601,19.2,19.64,18.866647831514815,17.72445694248073,0,0,0,10.46,20.83,,,,3,1,1,1,,,,3492714,2890347.15
1415975400,19.51,20.69,19.42,20.19,19.131318265211853,17.94859722043703,0,0,0,10.46,20.83,,,,3,1,1,1,,,,3927175,3010170.15
1416234600,20.11,20.2,19.48,19.51,19.207054612169483,18.09054292767003,0,0,0,10.46,20.83,,,,3,1,1,1,,,,2508125,3081282.15
1416321000,19.6,20.53,19.6,20.13,19.391643689735584,18.275948116063663,0,0,0,10.46,20.83,,,,3,1,1,1,,,,2543934,3152624.55
1416407400,20.08,20.3646,19.8,20.05,19.523314951788468,18.437225560057875,0,0,0,10.46,20.83,,,,3,1,1,1,,,,1751241,3195491.9
1416493800,19.93,20.94,19.76,20.57,19.732651961430776,18.63111414550716,0,0,0,10.46,20.83,,,,3,1,1,1,,,,2959573,3291513.8
1416580200,20.9,21.01,18.86,19.34,19.65412156914462,18.69555831409742,0,0,0,10.46,20.83,,,,3,1,1,1,,,,6346886,3562977.65
1416839400,19.17,19.78,19.17,19.72,19.667297255315695,18.788689376452197,0,0,0,10.46,20.83,,,,3,1,1,1,,,,2503932,3626543.05
1416925800,20.1,20.83,19.7,20.59,19.851837804252558,18.952444887683814,0,0,0,10.46,20.83,,,,3,1,1,1,,,,4030205,3738051.65
1417012200,21.55,22.35,21.14,21.87,20.255470243402048,19.21767717062165,0,0,0,10.46,20.83,,,,3,1,1,1,,,,9280839,4091358.6
1417185000,22,22.12,20.93,21.48,20.50037619472164,19.423342882383317,0,0,0,10.46,20.83,,,,3,1,1,1,,,,2437004,3710376.8
1417444200,21.35,22.4,20.79,22.09,20.81830095577731,19.665766256712107,0,0,0,10.46,20.83,,,,3,1,1,1,,,,4814091,3535628.45
1417530600,22.96,24.44,22.75,23.34,21.32264076462185,19.999787506101917,0,0,0,10.46,20.83,,,,3,1,1,1,,,,12757244,3946902.35
1417617000,22.33,22.98,21.63,22.86,21.630112611697477,20.259806823729015,0,0,0,10.46,20.83,,,,3,1,1,1,,,,7929633,4130200.55
1417703400,23.63,24.45,23.27,24.15,22.134090089357983,20.61346074884456,0,0,0,10.46,20.83,,,,3,1,1,1,,,,9257935,4495353.85
1417789800,24.5,25.02,24.1,24.82,22.671272071486385,20.99587340804051,0,0,0,10.46,20.83,,,,3,1,1,1,,,,4976221,4659490.2
1418049000,24,24.0999,21.66,23.32,22.801017657189107,21.20715764367319,0,0,0,10.46,20.83,,,,3,1,1,1,,,,8693275,4963373.15
1418135400,21.57,23.32,21.06,23.26,22.892814125751286,21.393779676066536,0,0,0,10.46,20.83,,,,3,1,1,1,,,,5006485,5061671.75
1418221800,23.14,23.73,22.3,22.52,22.81825130060103,21.49616334187867,0,0,0,10.46,20.83,,,,3,1,1,1,,,,3697110,5081589.6
1418308200,23.5,23.73,22.86,23.19,22.892601040480823,21.650148492616974,0,0,0,10.46,20.83,,,,3,1,1,1,,,,3510267,5121194.45
1418394600,22.9,23.88,22.8,23.19,22.95208083238466,21.79013499328816,0,0,0,10.46,20.83,,,,3,1,1,1,,,,3296959,5111406.7
1418653800,23.39,23.4367,22.76,22.87,22.935664665907726,21.888304539352873,0,0,0,10.46,20.83,,,,3,1,1,1,,,,2392136,5034654.75
1418740200,22.76,23.31,22.55,22.85,22.91853173272618,21.975731399411703,0,0,0,10.46,20.83,,,,3,1,1,1,,,,2577194,5038108.2
1418826600,24.15,24.86,23.76,24.61,23.256825386180942,22.215210363101548,0,0,0,10.46,20.83,,,,3,1,1,1,,,,5890465,5205434.75
1418913000,25.04,25.14,23.64,24.18,23.441460308944755,22.393827602819588,0,0,0,10.46,20.83,,,,3,1,1,1,,,,3247872,5280266.3
1418999400,24.18,24.26,23.61,23.98,23.549168247155805,22.538025093472353,0,0,0,10.46,20.83,,,,3,1,1,1,,,,2503847,5257480
1419258600,24.81,26.39,24.74,26.06,24.051334597724644,22.858204630429412,0,0,0,10.46,20.83,,,,3,1,1,1,,,,5922424,5236256.9
1419345000,26.69,27.1,25.65,26.02,24.445067678179715,23.145640573117646,0,0,0,10.46,20.83,,,,3,1,1,1,,,,4013703,5311745.45
1419431400,26.4,26.97,26.12,26.865,24.929054142543773,23.483764157379678,0,0,0,10.46,20.83,,,,3,1,1,1,,,,2148789,5217674.65
1419604200,27.01,27.65,26.54,26.91,25.325243314035017,23.795240143072434,0,0,0,10.46,20.83,,,,3,1,1,1,,,,2605261,4883895.75
1419863400,26.71,27.18,26.27,26.71,25.602194651228015,24.060218311884032,0,0,0,10.46,20.83,,,,3,1,1,1,,,,2041474,4864119.25
1419949800,26.55,27,26.46,26.82,25.84575572098241,24.31110755625821,0,0,0,10.46,20.83,,,,3,1,1,1,,,,1441825,4695505.95
1420036200,26.84,27.15,26.45,26.48,25.97260457678593,24.508279596598374,0,0,0,10.46,20.83,,,,3,1,1,1,,,,1767859,4146036.7
1420209000,26.7,26.75,25.56,26.51,26.080083661428745,24.690254178725795,0,0,0,10.46,20.83,,,,3,1,1,1,,,,2273899,3863250
1420468200,26.15,26.399,25.46,25.69,26.002066929142995,24.781140162477996,0,0,0,10.46,20.83,,,,3,1,1,1,,,,2444314,3522568.95
1420554600,26.11,26.2199,24.743,25.57,25.915653543314395,24.852854693161813,0,0,0,10.46,20.83,,,,3,1,1,1,,,,3447027,3446109.25
1420641000,25.89,26.2,25.22,25.98,25.928522834651517,24.95532244832892,0,0,0,10.46,20.83,,,,3,1,1,1,,,,1646709,3093780.95
1420727400,26.19,26.66,25.75,26.63,26.068818267721213,25.1075658621172,0,0,0,10.46,20.83,,,,3,1,1,1,,,,2393132,2963113.3
1420813800,26.62,26.63,26.01,26.27,26.10905461417697,25.21324169283382,0,0,0,10.46,20.83,,,,3,1,1,1,,,,1445508,2850533.2
1421073000,26.24,26.41,25.53,25.84,26.055243691341577,25.270219720758018,0,0,0,10.46,20.83,,,,3,1,1,1,,,,1207461,2735392.9
1421159400,26.11,26.84,25.4,25.72,25.98819495307326,25.311108837052743,0,0,0,10.46,20.83,,,,3,1,1,1,,,,2216211,2681355.5
1421245800,25.33,26.24,25.12,25.91,25.97255596245861,25.365553488229764,0,0,0,10.46,20.83,,,,3,1,1,1,,,,1864868,2654992.1
1421332200,26.18,26.33,25.21,25.23,25.82404476996689,25.35323044384524,0,0,0,10.46,20.83,,,,3,1,1,1,,,,1453469,2598805.85
1421418600,25.3,25.62,24.9722,25.36,25.731235815973513,25.35384585804113,0,0,0,10.46,20.83,,,,3,1,1,1,,,,1628667,2385715.95
1421764200,25.57,27.45,25.25,26.91,25.96698865277881,25.495314416401026,0,0,0,10.46,20.83,,,,3,1,1,1,,,,4409935,2443819.1
1421850600,26.78,27.189,26.27,26.8,26.133590922223046,25.613922196728204,0,0,0,10.46,20.83,,,,3,1,1,1,,,,2266209,2431937.2
1421937000,27.09,27.79,26.35,27.44,26.39487273777844,25.779929269752913,0,0,0,10.46,20.83,,,,3,1,1,1,,,,2385026,2255067.3
1422023400,27.38,28.3,27.18,27.61,26.63789819022275,25.94629933613901,0,0,0,10.46,20.83,,,,3,1,1,1,,,,1757406,2142252.45
1422282600,27.68,28.2299,27.6,27.89,26.888318552178198,26.12299939649001,0,0,0,10.46,20.83,,,,3,1,1,1,,,,1384766,2104051.3
1422369000,27.47,28.03,27.38,27.69,27.048654841742557,26.2654539968091,0,0,0,10.46,20.83,,,,3,1,1,1,,,,1616099,2054593.2
1422455400,27.9,28.19,27.28,27.28,27.094923873394045,26.357685451644638,0,0,0,10.46,20.83,,,,3,1,1,1,,,,1477408,2026389.9
1422541800,27.23,27.82,26.56,27.81,27.237939098715234,26.489714046949672,0,0,0,10.46,20.83,,,,3,1,1,1,,,,1536797,2031138.5
1422628200,27.52,27.9722,27,27.01,27.192351278972186,26.53701276995425,0,0,0,10.46,20.83,,,,3,1,1,1,,,,1231137,2004302.4
1422887400,26.98,27.02,25.92,26.9,27.13388102317775,26.570011609049317,0,0,0,10.46,20.83,,,,3,1,1,1,,,,1478775,1964546.2
1422973800,26.9,27.24,25.66,25.8,26.8671048185422,26.500010553681197,0,0,0,10.46,20.83,,,,3,1,1,1,,,,2326886,1958674.8
1423060200,25.8,26.65,25.77,26.42,26.77768385483376,26.492736866982906,0,0,0,10.46,20.83,,,,3,1,1,1,,,,1327742,1852710.55
1423146600,26.55,27,26.28,26.98,26.818147083867007,26.537033515439006,0,0,0,10.46,20.83,,,,3,1,1,1,,,,1166607,1828705.45
1423233000,26.98,27.16,26.3,26.64,26.782517667093607,26.54639410494455,0,0,0,10.46,20.83,,,,3,1,1,1,,,,1024806,1760289.15
1423492200,26.31,26.77,26.1201,26.28,26.682014133674887,26.5221764590405,0,0,0,10.46,20.83,,,,3,1,1,1,,,,770070,1726517.25
1423578600,26.39,26.69,26.01,26.58,26.66161130693991,26.527433144582275,0,0,0,10.46,20.83,,,,3,1,1,1,,,,743293,1703308.85
1423665000,26.5,26.7,26.245,26.27,26.58328904555193,26.504030131438434,0,0,0,10.46,20.83,,,,3,1,1,1,,,,959618,1640479.2
1423751400,26.36,27.39,26.36,27.38,26.742631236441543,26.58366375585312,0,0,0,10.46,20.83,,,,3,1,1,1,,,,1356675,1615069.55
1423837800,27.37,27.88,26.885,26.96,26.786104989153234,26.617876141684654,0,0,0,10.46,20.83,,,,3,1,1,1,,,,1173605,1601076.35
1424183400,27.05,27.32,26.6,26.87,26.802883991322588,26.640796492440593,0,0,0,10.46,20.83,,,,3,1,1,1,,,,757405,1557513.25
1424269800,26.76,27.1774,26.4,26.99,26.84030719305807,26.672542265855085,0,0,0,10.46,20.83,,,,3,1,1,1,,,,848697,1379451.35
1424356200,26.84,27.6409,26.77,27.16,26.904245754446457,26.716856605322803,0,0,0,10.46,20.83,,,,3,1,1,1,,,,981968,1315239.3
1424442600,27.23,27.77,27.04,27.58,27.039396603557165,26.795324186657094,0,0,0,10.46,20.83,,,,3,1,1,1,,,,1142293,1253102.65
1424701800,27.72,27.93,27.22,27.76,27.18351728284573,26.883021987870087,0,0,0,10.46,20.83,,,,3,1,1,1,,,,1404917,1235478.2
1424788200,27.62,27.92,27.25,27.51,27.248813826276585,26.940019988972807,0,0,0,10.46,20.83,,,,3,1,1,1,,,,1165778,1224528.8
1424874600,27.42,27.57,26.73,27.05,27.209051061021267,26.95001817179346,0,0,0,10.46,20.83,,,,3,1,1,1,,,,2028949,1245171.3
1424961000,25.62,25.85,22.19,22.685,26.304240848817013,26.562289247084962,0,0,0,10.46,20.83,,,,3,1,1,1,,,,13127592,1827680.5
1425047400,23.41,23.93,23.1,23.48,25.739392679053612,26.282081133713604,0,0,0,10.46,20.83,,,,3,1,1,1,,,,5849426,2043311.95
1425306600,23.4,23.5,22.38,22.64,25.11951414324289,25.95098284883055,0,0,0,10.46,20.83,,,,3,1,1,1,,,,3108642,2137187.2
1425393000,22.78,22.9,21.54,21.93,24.48161131459431,25.585438953482317,0,0,0,10.46,20.83,,,,3,1,1,1,,,,3988198,2262658.35
1425479400,21.75,22.98,21.45,22.65,24.115289051675447,25.318580866802105,0,0,0,10.46,20.83,,,,3,1,1,1,,,,2699365,2281282.3
1425565800,22.84,22.9199,22.3,22.535,23.799231241340358,25.065528060729186,0,0,0,10.46,20.83,,,,3,1,1,1,,,,1547971,2292293.75
1425652200,22.32,22.71,22.06,22.65,23.569384993072287,24.845934600662897,0,0,0,10.46,20.83,,,,3,1,1,1,,,,2126064,2340266.6
1425907800,22.6,22.7999,21.94,22.03,23.26150799445783,24.58994054605718,0,0,0,10.46,20.83,,,,3,1,1,1,,,,1151984,2346625.5
1425994200,21.65,21.963,21.39,21.84,22.977206395566263,24.33994595096107,0,0,0,10.46,20.83,,,,3,1,1,1,,,,1331183,2374681.15
1426080600,21.83,22.25,21.7,22.06,22.79376511645301,24.132678137237335,0,0,0,10.46,20.83,,,,3,1,1,1,,,,1162278,2395630.4
1426167000,22.47,24.4,22.302,24.13,23.061012093162407,24.13243467021576,0,0,0,10.46,20.83,,,,3,1,1,1,,,,3242321,2509765.55
1426253400,24.1,24.19,23.69,23.93,23.234809674529927,24.114031518377963,0,0,0,10.46,20.83,,,,3,1,1,1,,,,1947639,2539313.75
1426512600,23.95,24.15,23.3835,23.53,23.293847739623942,24.060937743979967,0,0,0,10.46,20.83,,,,3,1,1,1,,,,1179207,2539593.85
1426599000,23.38,23.7,23.24,23.44,23.323078191699153,24.004488858163604,0,0,0,10.46,20.83,,,,3,1,1,1,,,,1015493,2552498.25
1426685400,23.36,23.98,23.352,23.96,23.450462553359323,24.00044441651237,0,0,0,10.46,20.83,,,,3,1,1,1,,,,934824,2556804.6
1426771800,23.83,24.49,23.8,24.37,23.634370042687458,24.03404037864761,0,0,0,10.46,20.83,,,,3,1,1,1,,,,1068303,2561121.35
1426858200,24.59,24.6,24,24.09,23.725496034149966,24.039127616952374,0,0,0,10.46,20.83,,,,3,1,1,1,,,,1167957,2562404.55
1427117400,24.05,24.6201,24.01,24.29,23.838396827319972,24.06193419722943,0,0,0,10.46,20.83,,,,3,1,1,1,,,,1304591,2557388.25
1427203800,24.39,25.6525,24.39,25.3,24.130717461855976,24.174485633844938,0,0,0,10.46,20.83,,,,3,1,1,1,,,,1922601,2595229.4
1427290200,25.22,25.45,24.21,24.35,24.174573969484783,24.19044148531358,0,0,0,10.46,20.83,,,,3,1,1,1,,,,1464503,2567007.1
1427376600,24.17,24.3799,23.7901,24.21,24.181659175587825,24.192219532103255,0,0,0,10.46,20.83,,,,3,1,1,1,,,,938471,1957551.05
1427463000,24.15,24.62,23.92,24.065,24.15832734047026,24.18065412009387,0,0,0,10.46,20.83,,,,3,1,1,1,,,,873178,1708738.65
1427722200,24.15,24.88,24.13,24.63,24.25266187237621,24.22150374553988,0,0,0,10.46,20.83,,,,3,1,1,1,,,,767202,1591666.65
1427808600,24.9,25,24.06,24.11,24.224129497900968,24.211367041399892,0,0,0,10.46,20.83,,,,3,1,1,1,,,,1216440,1453078.75
1427895000,24.01,24.38,23.41,24.24,24.227303598320773,24.213970037636265,0,0,0,10.46,20.83,,,,3,1,1,1,,,,1020791,1369150.05
1427981400,24.21,24.472,24.04,24.44,24.26984287865662,24.234518216032967,0,0,0,10.46,20.83,,,,3,1,1,1,,,,747924,1329147.7
1428327000,24.19,24.71,24.16,24.51,24.317874302925294,24.259562014575426,0,0,0,10.46,20.83,,,,3,1,1,1,,,,654981,1255593.55
1428413400,24.46,25,24.4,24.53,24.360299442340235,24.28414728597766,0,0,0,10.46,20.83,,,,3,1,1,1,,,,766270,1236307.85
1428499800,24.85,25.32,24.14,25.16,24.520239553872187,24.36377025997969,0,0,0,10.46,20.83,,,,3,1,1,1,,,,1367589,1238128.15
1428586200,26.27,27.48,26.2,27.4,25.09619164309775,24.63979114543608,0,0,0,10.46,20.83,,,,3,1,1,1,,,,5254171,1442722.8
1428672600,27.48,27.5,26.8,27.07,25.4909533144782,24.86071922312371,0,0,0,10.46,20.83,,,,3,1,1,1,,,,2000194,1380616.45
1428931800,27.28,27.46,26.82,27.02,25.79676265158256,25.057017475567008,0,0,0,10.46,20.83,,,,3,1,1,1,,,,1054079,1335938.45
1429018200,27.15,27.58,26.6,26.83,26.00341012126605,25.218197705060916,0,0,0,10.46,20.83,,,,3,1,1,1,,,,1293436,1341649.9
1429104600,27.09,27.36,26.53,27.15,26.23272809701284,25.393816095509923,0,0,0,10.46,20.83,,,,3,1,1,1,,,,1546345,1368192.5
1429191000,27.01,28.61,26.85,27.83,26.55218247761027,25.615287359554475,0,0,0,10.46,20.83,,,,3,1,1,1,,,,3256114,1484257
1429277400,29.41,29.65,28.06,28.4,26.921745982088215,25.86844305414043,0,0,0,10.46,20.83,,,,3,1,1,1,,,,4558027,1658743.2
1429536600,29.01,30.47,28.6,30.37,27.61139678567057,26.27767550376403,0,0,0,10.46,20.83,,,,3,1,1,1,,,,4136470,1807168.85
1429623000,29.96,30,28.74,29.5,27.989117428536456,26.570614094330935,0,0,0,10.46,20.83,,,,3,1,1,1,,,,3068739,1895376.25
1429709400,28.79,29.67,28.7,29.5,28.291293942829164,26.836921903937213,0,0,0,10.46,20.83,,,,3,1,1,1,,,,1558575,1877174.95
1429795800,29.27,30.18,28.78,29.68,28.569035154263332,27.09538354903383,0,0,0,10.46,20.83,,,,3,1,1,1,,,,1643508,1886125.2
1429882200,29.63,30,29.51,29.67,28.789228123410666,27.329439590030756,0,0,0,10.46,20.83,,,,3,1,1,1,,,,1272676,1902835.45
1430141400,29.76,29.8999,28.1,28.37,28.705382498728532,27.42403599093705,0,0,0,10.46,20.83,,,,3,1,1,1,,,,2566442,1987498.65
1430227800,28.85,29.35,28.05,28.89,28.742305998982825,27.557305446306408,0,0,0,10.46,20.83,,,,3,1,1,1,,,,3162858,2107281.45
1430314200,28.76,28.79,27.88,28.07,28.60784479918626,27.603914042096736,0,0,0,10.46,20.83,,,,3,1,1,1,,,,2600806,2176499.75
1430400600,30.74,31.15,29.24,30.19,28.924275839349008,27.83901276554249,0,0,0,10.46,20.83,,,,3,1,1,1,,,,8804780,2565699.2
1430487000,30.5,33.23,30.5,32.37,29.613420671479204,28.250920695947716,0,0,0,10.46,20.83,,,,3,1,1,1,,,,6940730,2875339.5
1430746200,32.83,34.24,32.18,33.7,30.430736537183364,28.746291541770653,0,0,0,10.46,20.83,,,,3,1,1,1,,,,6235888,3154384.85
1430832600,33.97,35,33.87,34.6,31.26458922974669,29.27844685615514,0,0,0,10.46,20.83,,,,3,1,1,1,,,,6241226,3428132.65
1430919000,34.98,34.98,33.51,34.41,31.89367138379735,29.744951687413764,0,0,0,10.46,20.83,,,,3,1,1,1,,,,3869903,3553248.35
1431005400,33.25,33.35,31.94,32.58,32.03093710703788,30.00268335219433,0,0,0,10.46,20.83,,,,3,1,1,1,,,,4577513,3519415.45
1431091800,32.79,32.89,31.12,31.94,32.012749685630304,30.178803047449392,0,0,0,10.46,20.83,,,,3,1,1,1,,,,4940677,3666439.6
1431351000,32,33.9,31.86,33.19,32.24819974850424,30.452548224953993,0,0,0,10.46,20.83,,,,3,1,1,1,,,,3494717,3788471.5
1431437400,32.85,34,32.525,33.66,32.530559798803395,30.744134749958175,0,0,0,10.46,20.83,,,,3,1,1,1,,,,2678581,3857728.75
1431523800,34,34.49,33.47,33.54,32.73244783904271,30.998304318143795,0,0,0,10.46,20.83,,,,3,1,1,1,,,,1801535,3870488.25
1431610200,33.55,33.95,33,33.7,32.92595827123417,31.24391301649436,0,0,0,10.46,20.83,,,,3,1,1,1,,,,1357404,3775552.75
1431696600,33.61,33.69,32.6201,32.97,32.93476661698734,31.400830014994874,0,0,0,10.46,20.83,,,,3,1,1,1,,,,1867165,3641009.65
1431955800,31.83,32.49,30.3801,32.43,32.83381329358987,31.494390922722612,0,0,0,10.46,20.83,,,,3,1,1,1,,,,4273309,3647851.6
1432042200,32.56,33,32.25,32.35,32.7370506348719,31.572173566111466,0,0,0,10.46,20.83,,,,3,1,1,1,,,,1528619,3570845.6
1432128600,32.3,32.48,31.42,31.86,32.56164050789752,31.59833960555588,0,0,0,10.46,20.83,,,,3,1,1,1,,,,1815607,3583697.2
1432215000,31.9,32.9,31.9,32.26,32.501312406318014,31.658490550505345,0,0,0,10.46,20.83,,,,3,1,1,1,,,,1371000,3570071.8
1432301400,32.38,32.4299,31.73,31.87,32.37504992505441,31.677718682277586,0,0,0,10.46,20.83,,,,3,1,1,1,,,,1129955,3562935.75
1432647000,31.76,31.83,30.48,31.3,32.16003994004353,31.64338062025235,0,0,0,10.46,20.83,,,,3,1,1,1,,,,2778485,3573537.9
1432733400,31.35,31.65,31.24,31.41,32.01003195203482,31.62216420022941,0,0,0,10.46,20.83,,,,3,1,1,1,,,,1167360,3473763
1432819800,31.43,32.4,31.27,31.91,31.990025561627856,31.648331091117644,0,0,0,10.46,20.83,,,,3,1,1,1,,,,1646866,3426066
1432906200,31.71,31.91,31.4168,31.58,31.908020449302285,31.642119173743314,0,0,0,10.46,20.83,,,,3,1,1,1,,,,1069098,3039281.9
1433165400,31.7,31.8699,30.73,30.89,31.70441635944183,31.573744703403012,0,0,0,10.46,20.83,,,,3,1,1,1,,,,1733988,2778944.8
1433251800,30.77,31.61,30.62,31.51,31.665533087553463,31.567949730366376,0,0,0,10.46,20.83,,,,3,1,1,1,,,,1547503,2544525.55
1433338200,32.15,32.35,31.3665,31.72,31.67642647004277,31.58177248215125,0,0,0,10.46,20.83,,,,3,1,1,1,,,,1829837,2323956.1
1433424600,31.53,32.25,31.033,31.36,31.613141176034215,31.561611347410228,0,0,0,10.46,20.83,,,,3,1,1,1,,,,1668717,2213896.8
1433511000,31.4,32.5,31.169,32.21,31.732512940827373,31.620555770372935,0,0,0,10.46,20.83,,,,3,1,1,1,,,,2042949,2087168.6
1433770200,32.35,33.17,32,32.88,31.9620103526619,31.73505070033903,0,0,0,10.46,20.83,,,,3,1,1,1,,,,3002433,1990256.4
1433856600,32.93,33.9,32.93,33.59,32.28760828212952,31.903682454853666,0,0,0,10.46,20.83,,,,3,1,1,1,,,,3020864,1966563.75
1433943000,33.75,35.16,33.75,34.96,32.82208662570361,32.181529504412424,0,0,0,10.46,20.83,,,,3,1,1,1,,,,3705329,2017901.15
1434029400,35.31,35.95,34.55,35.03,33.26366930056289,32.440481367647656,0,0,0,10.46,20.83,,,,3,1,1,1,,,,2712025,2063425.65
1434115800,34.74,34.77,33.75,33.995,33.40993544045031,32.58180124331605,0,0,0,10.46,20.83,,,,3,1,1,1,,,,2168682,2103989.55
1434375000,33.7,35.12,33.11,34.91,33.70994835236025,32.79345567574186,0,0,0,10.46,20.83,,,,3,1,1,1,,,,2001315,2110697.05
1434461400,34.79,35.22,34.42,34.6,33.8879586818882,32.95768697794715,0,0,0,10.46,20.83,,,,3,1,1,1,,,,1336591,1963861.15
1434547800,35.08,35.33,34.44,34.65,34.04036694551056,33.11153361631559,0,0,0,10.46,20.83,,,,3,1,1,1,,,,1586699,1966765.15
1434634200,35.27,35.79,34.81,34.96,34.22429355640845,33.27957601483236,0,0,0,10.46,20.83,,,,3,1,1,1,,,,2826722,2017320.9
1434720600,35,35.15,34.12,34.56,34.29143484512676,33.39597819530214,0,0,0,10.46,20.83,,,,3,1,1,1,,,,3051626,2101352.2
1434979800,34.72,34.88,33.79,34,34.233147876101405,33.45088926845649,0,0,0,10.46,20.83,,,,3,1,1,1,,,,2106867,2150197.8
1435066200,33.77,34.8,33.42,34.65,34.31651830088112,33.55989933496045,0,0,0,10.46,20.83,,,,3,1,1,1,,,,2198009,2121174
1435152600,34.5,34.5971,33.71,33.78,34.2092146407049,33.57990848632768,0,0,0,10.46,20.83,,,,3,1,1,1,,,,1451595,2135385.75
1435239000,34.02,34.37,33.63,33.82,34.13137171256392,33.60173498757062,0,0,0,10.46,20.83,,,,3,1,1,1,,,,1443341,2125209.5
1435325400,33.86,34.11,33.46,33.56,34.01709737005113,33.597940897791474,0,0,0,10.46,20.83,,,,3,1,1,1,,,,1623899,2152949.55
1435584600,32.23,33.22,31.11,31.6,33.533677896040906,33.41630990708316,0,0,0,10.46,20.83,,,,3,1,1,1,,,,3515153,2242007.8
1435671000,32.04,33.47,31.61,33.31,33.48894231683273,33.4066453700756,0,0,0,10.46,20.83,,,,3,1,1,1,,,,2622648,2295765.05
1435757400,33.5,33.53,32.67,33.18,33.42715385346618,33.38604124552327,0,0,0,10.46,20.83,,,,3,1,1,1,,,,1589880,2283767.2
1435843800,33.18,33.4,32.299,32.51,33.243723082772945,33.306401132293885,0,0,0,10.46,20.83,,,,3,1,1,1,,,,970098,2248836.25
1436189400,31.82,32.9,31.79,32.23,33.040978466218355,33.20854648390353,0,0,0,10.46,20.83,,,,3,1,1,1,,,,1114316,2202404.6
1436275800,32.36,32.7,31.31,32.61,32.95478277297468,33.15413316718503,0,0,0,10.46,20.83,,,,3,1,1,1,,,,1509411,2127753.5
1436362200,32.18,32.49,31.11,31.39,32.64182621837975,32.993757424713664,0,0,0,10.46,20.83,,,,3,1,1,1,,,,1913233,2072371.95
1436448600,32.19,32.73,31.9,32.4,32.593460974703795,32.93977947701242,0,0,0,10.46,20.83,,,,3,1,1,1,,,,2138027,1994006.85
1436535000,32.95,33.18,32.6,33.04,32.68276877976304,32.948890433647655,0,0,0,10.46,20.83,,,,3,1,1,1,,,,976348,1907223
1436794200,33.14,33.44,32.52,33.07,32.76021502381043,32.959900394225144,0,0,0,10.46,20.83,,,,3,1,1,1,,,,1577138,1877645.8
1436880600,33.01,33.33,32.44,32.59,32.72617201904835,32.926273085659226,0,0,0,10.46,20.83,,,,3,1,1,1,,,,947250,1824942.55
1436967000,32.64,33.06,32.06,32.96,32.77293761523868,32.92933916878111,0,0,0,10.46,20.83,,,,3,1,1,1,,,,1899460,1853086
1437053400,32.93,34.8,32.93,34.37,33.09235009219095,33.060308335255556,0,0,0,10.46,20.83,,,,3,1,1,1,,,,2845311,1916016.6
1437139800,34.6,34.6,33.81,34,33.27388007375276,33.14573485023232,0,0,0,10.46,20.83,,,,3,1,1,1,,,,1178668,1833613.9
1437399000,34.1,34.91,32.5,32.55,33.1291040590022,33.09157713657484,0,0,0,10.46,20.83,,,,3,1,1,1,,,,2387340,1800399.6
1437485400,32.46,32.96,32.01,32.63,33.02928324720176,33.049615578704405,0,0,0,10.46,20.83,,,,3,1,1,1,,,,983757,1744244.1
1437571800,32.59,33.36,32.15,32.2,32.86342659776141,32.97237779882219,0,0,0,10.46,20.83,,,,3,1,1,1,,,,1334164,1701051.85
1437658200,32.22,32.53,31.62,31.71,32.63274127820913,32.85761618074744,0,0,0,10.46,20.83,,,,3,1,1,1,,,,1167960,1686870.1
1437744600,31.84,32.2049,30.6351,30.9,32.2861930225673,32.67965107340677,0,0,0,10.46,20.83,,,,3,1,1,1,,,,1613744,1695390.25
1438003800,30.76,30.9,29.17,30.33,31.894954418053842,32.466046430369786,0,0,0,10.46,20.83,,,,3,1,1,1,,,,1817322,1705061.4
1438090200,30.38,31.1,29.35,30.78,31.671963534443073,32.31276948215435,0,0,0,10.46,20.83,,,,3,1,1,1,,,,2107269,1634667.2
1438176600,31.1,31.78,30.4,31.7,31.677570827554458,32.257063165594865,0,0,0,10.46,20.83,,,,3,1,1,1,,,,2276695,1617369.55
1438263000,32.03,32.82,27.63,28.11,30.964056662043568,31.88005742326806,0,0,0,10.46,20.83,,,,3,1,1,1,,,,9392106,2007480.85
1438349400,28.61,28.8,26.25,27.22,30.215245329634854,31.4564158393346,0,0,0,10.46,20.83,,,,3,1,1,1,,,,5854620,2251706.95
1438608600,27.03,27.0798,25.1,25.13,29.19819626370788,30.881287126667818,0,0,0,10.46,20.83,,,,3,1,1,1,,,,3796148,2385798.55
1438695000,25.53,26.54,25.29,26.23,28.604557010966307,30.45844284242529,0,0,0,10.46,20.83,,,,3,1,1,1,,,,3770986,2498877.3
1438781400,26.05,26.42,25.26,25.32,27.947645608773044,29.99131167493208,0,0,0,10.46,20.83,,,,3,1,1,1,,,,2576212,2532026.25
1438867800,25.45,25.595,23.95,24.45,27.248116487018436,29.487556068120075,0,0,0,10.46,20.83,,,,3,1,1,1,,,,2352475,2542748.65
1438954200,24.2,24.28,23.03,24.04,26.60649318961475,28.992323698290978,0,0,0,10.46,20.83,,,,3,1,1,1,,,,1770120,2582437.25
1439213400,24.03,25.23,23.79,24.65,26.2151945516918,28.597566998446343,0,0,0,10.46,20.83,,,,3,1,1,1,,,,2280227,2617591.7
1439299800,24.25,24.84,23.82,24.23,25.81815564135344,28.20051545313304,0,0,0,10.46,20.83,,,,3,1,1,1,,,,1446721,2642565.25
1439386200,23.6,23.85,22.73,23.25,25.30452451308275,27.750468593757308,0,0,0,10.46,20.83,,,,3,1,1,1,,,,1933756,2644280.05
1439472600,23.76,24.4801,23.2407,24.08,25.0596196104662,27.416789630688463,0,0,0,10.46,20.83,,,,3,1,1,1,,,,1714798,2587754.4
1439559000,23.91,24.2,23.53,23.99,24.84569568837296,27.105263300625875,0,0,0,10.46,20.83,,,,3,1,1,1,,,,939574,2575799.7
1439818200,23.6,24.41,23.57,24.29,24.73455655069837,26.84933027329625,0,0,0,10.46,20.83,,,,3,1,1,1,,,,962853,2504575.35
1439904600,23.98,24.23,23.5,23.91,24.569645240558696,26.58211843026932,0,0,0,10.46,20.83,,,,3,1,1,1,,,,1048326,2507803.8
1439991000,23.5,23.65,22.6,23.02,24.259716192446955,26.258289482063017,0,0,0,10.46,20.83,,,,3,1,1,1,,,,1990490,2540620.1
1440077400,22.56,22.87,21.45,21.7,23.747772953957565,25.843899529148196,0,0,0,10.46,20.83,,,,3,1,1,1,,,,2354450,2599944.6
1440163800,21,22.08,20.26,21.29,23.256218363166052,25.429908662861997,0,0,0,10.46,20.83,,,,3,1,1,1,,,,3962266,2717370.7
1440423000,19.01,21.495,18.05,20.4,22.68497469053284,24.97264423896545,0,0,0,10.46,20.83,,,,3,1,1,1,,,,3267682,2789888.7
1440509400,21.2,22.21,20.73,21.36,22.419979752426272,24.644222035423137,0,0,0,10.46,20.83,,,,3,1,1,1,,,,2262257,2797638.1
1440595800,21.88,22.83,21.365,22.365,22.408983801941016,24.437020032202852,0,0,0,10.46,20.83,,,,3,1,1,1,,,,2918363,2829721.5
1440682200,22.85,23.79,22.35,23.63,22.653187041552812,24.363654574729864,0,0,0,10.46,20.83,,,,3,1,1,1,,,,3000547,2510143.55
1440768600,23.59,23.8892,23.3233,23.71,22.864549633242248,24.304231431572603,0,0,0,10.46,20.83,,,,3,1,1,1,,,,1536501,2294237.6
1441027800,23.45,23.8331,23.3,23.4,22.9716397065938,24.222028574156912,0,0,0,18.05,35.95,,,,1,1,1,1,,,,1181414,2163500.9
1441114200,22.75,23.07,22.4,22.5,22.87731176527504,24.06548052196083,0,0,0,18.05,35.95,,,,1,1,1,1,,,,1464991,2048201.15
1441200600,23.19,24.18,22.97,23.87,23.07584941222003,24.047709565418934,0,0,0,18.05,35.95,,,,1,1,1,1,,,,2046197,2021700.4
1441287000,23.83,24.25,23.37,23.45,23.150679529776024,23.99337233219903,0,0,0,18.05,35.95,,,,1,1,1,1,,,,1209974,1964575.35
1441373400,23.24,23.9499,23.02,23.63,23.24654362382082,23.9603384838173,0,0,0,18.05,35.95,,,,1,1,1,1,,,,725612,1912349.95
1441719000,24.03,24.49,23.91,24.28,23.453234899056657,23.98939862165209,0,0,0,18.05,35.95,,,,1,1,1,1,,,,1188411,1857759.15
1441805400,24.45,24.5,23.71,23.76,23.514587919245326,23.9685442015019,0,0,0,18.05,35.95,,,,1,1,1,1,,,,1042390,1837542.6
1441891800,23.65,24.02,23.54,23.76,23.56367033539626,23.949585637729,0,0,0,18.05,35.95,,,,1,1,1,1,,,,707385,1776224.05
1441978200,23.45,23.8499,23.25,23.73,23.59693626831701,23.929623307026365,0,0,0,18.05,35.95,,,,1,1,1,1,,,,696045,1725286.4
1442237400,23.68,24.03,23.633,23.87,23.651549014653607,23.924203006387604,0,0,0,18.05,35.95,,,,1,1,1,1,,,,710092,1713812.3
1442323800,23.97,24.32,23.35,24.14,23.749239211722887,23.94382091489782,0,0,0,18.05,35.95,,,,1,1,1,1,,,,754296,1703384.45
1442410200,24.17,24.32,23.95,24.02,23.80339136937831,23.950746286270746,0,0,0,18.05,35.95,,,,1,1,1,1,,,,1115191,1706727.7
1442496600,23.94,24.5,23.94,24.18,23.878713095502647,23.971587532973405,0,0,0,18.05,35.95,,,,1,1,1,1,,,,1192499,1666828.15
1442583000,23.75,24.17,23.75,23.96,23.89497047640212,23.970534120884913,0,0,0,18.05,35.95,,,,1,1,1,1,,,,1376753,1617943.3
1442842200,24,24.16,23.56,23.81,23.877976381121695,23.955940109895376,0,0,0,18.05,35.95,,,,1,1,1,1,,,,1299925,1484826.25
1442928600,23.41,23.78,23.18,23.37,23.776381104897357,23.902672827177614,0,0,0,18.05,35.95,,,,1,1,1,1,,,,1369687,1389926.5
1443015000,23.41,23.89,23.14,23.21,23.663104883917885,23.839702570161467,0,0,0,18.05,35.95,,,,1,1,1,1,,,,1484082,1351017.75
1443101400,23.56,24.43,23.34,24.04,23.73848390713431,23.857911427419516,0,0,0,18.05,35.95,,,,1,1,1,1,,,,1733273,1291763.25
1443187800,24.36,24.3834,23.44,23.58,23.706787125707447,23.83264675219956,0,0,0,18.05,35.95,,,,1,1,1,1,,,,1429749,1213223.35
1443447000,23.48,23.54,21.77,21.95,23.355429700565956,23.661497047454148,0,0,0,18.05,35.95,,,,1,1,1,1,,,,1742398,1223518.2
1443533400,21.99,22.05,21.3,21.58,23.000343760452765,23.472270043140135,0,0,0,18.05,35.95,,,,1,1,1,1,,,,1284198,1228657.4
1443619800,21.89,22.23,21.605,22.025,22.805275008362212,23.340700039218305,0,0,0,18.05,35.95,,,,1,1,1,1,,,,1459236,1228369.65
1443706200,22.07,22.45,21.75,22.23,22.69022000668977,23.239727308380278,0,0,0,18.05,35.95,,,,1,1,1,1,,,,859654,1169042.5
1443792600,21.84,22.64,21.712,22.59,22.670176005351816,23.180661189436616,0,0,0,18.05,35.95,,,,1,1,1,1,,,,844676,1150777.6
1444051800,22.76,23.4,22.661,23.31,22.798140804281452,23.192419263124197,0,0,0,18.05,35.95,,,,1,1,1,1,,,,854929,1157243.45
1444138200,23.35,24.22,23.23,23.97,23.03251264342516,23.263108421021997,0,0,0,18.05,35.95,,,,1,1,1,1,,,,1230446,1159345.2
1444224600,24.24,25.73,24.1288,25.66,23.558010114740128,23.481007655474542,1,0,0,18.05,35.95,,,,2,1,1,1,1,,,2642094,1239330.4
1444311000,25.73,26.11,24.62,25.34,23.9144080917921,23.65000695952231,0,0,0,18.05,35.95,,,,2,1,1,1,,,,2159440,1311933.15
1444397400,26.48,26.48,24.55,24.7,24.071526473433682,23.74546087229301,0,0,0,18.05,35.95,,,,2,1,1,1,,,,1832979,1368779.85
1444656600,24.67,24.7,24.02,24.22,24.101221178746947,23.788600792993645,0,0,0,18.05,35.95,,,,2,1,1,1,,,,716847,1369117.6
1444743000,24.1,24.34,23.64,23.72,24.024976942997558,23.78236435726695,0,0,0,18.05,35.95,,,,2,1,1,1,,,,911219,1376963.75
1444829400,23.65,23.99,23.315,23.39,23.897981554398047,23.74669487024268,0,0,0,18.05,35.95,,,,2,1,1,1,,,,906193,1366513.85
1444915800,23.57,24.25,23.5,24.22,23.962385243518437,23.78972260931153,0,0,0,18.05,35.95,,,,2,1,1,1,,,,1186009,1366189.35
1445002200,24.32,24.68,24.05,24.63,24.09590819481475,23.86611146301048,0,0,0,18.05,35.95,,,,2,1,1,1,,,,901288,1342416.1
1445261400,24.55,24.9,24.47,24.77,24.2307265558518,23.948283148191344,0,0,0,18.05,35.95,,,,2,1,1,1,,,,697166,1312278.15
1445347800,24.67,25.83,20.99,22.095,23.80358124468144,23.77980286199213,0,0,1,18.05,35.95,,,,1,1,1,1,,,1,6090044,1548296
1445434200,22.21,22.25,21.4,21.825,23.40786499574515,23.602093510901938,0,0,0,18.05,35.95,,,,1,1,1,1,,,,2712953,1609739.55
1445520600,21.86,22.26,21.63,22.03,23.13229199659612,23.459175919001762,0,0,0,18.05,35.95,,,,1,1,1,1,,,,1017474,1573949.6
1445607000,22.17,22.62,21.999,22.36,22.977833597276895,23.359250835456148,0,0,0,18.05,35.95,,,,1,1,1,1,,,,970585,1550991.4
1445866200,23.22,24.23,22.83,23.56,23.094266877821514,23.37750075950559,0,0,0,18.05,35.95,,,,1,1,1,1,,,,2335991,1580671.05
1445952600,23.98,23.99,22.56,22.92,23.05941350225721,23.33590978136872,0,0,0,18.05,35.95,,,,1,1,1,1,,,,1707216,1601821.95
1446039000,23.03,23.49,22.55,23.48,23.14353080180577,23.349008892153382,0,0,0,18.05,35.95,,,,1,1,1,1,,,,1347546,1596237.45
1446125400,23.5,24.1,23.02,23.39,23.192824641444616,23.352735356503075,0,0,0,18.05,35.95,,,,1,1,1,1,,,,1456896,1626099.55
1446211800,23.44,23.59,22.73,23.41,23.236259713155693,23.357941233184615,0,0,0,18.05,35.95,,,,1,1,1,1,,,,1201781,1643954.8
1446474600,23.4,24.19,23.195,23.88,23.365007770524553,23.405401121076924,0,0,0,18.05,35.95,,,,1,1,1,1,,,,2109120,1706664.35
1446561000,23,23,20.25,20.91,22.87400621641964,23.178546473706295,0,0,0,18.05,35.95,,,,1,1,1,1,,,,9401912,2115237.65
1446647400,21.42,21.97,20.27,20.58,22.41520497313571,22.942314976096633,0,0,0,18.05,35.95,,,,1,1,1,1,,,,4361319,2201198.9
1446733800,20.44,20.91,18.8,20.16,21.96416397850857,22.689377250996937,0,0,0,18.05,35.95,,,,1,1,1,1,,,,3876732,2287063.5
1446820200,20.07,20.36,19.8832,20.19,21.609331182806855,22.462161137269945,0,0,0,18.05,35.95,,,,1,1,1,1,,,,2254086,2308118.85
1447079400,20.18,20.198,18.96,19.24,21.135464946245484,22.16923739751813,0,0,0,18.05,35.95,,,,1,1,1,1,,,,2313108,2387931.9
1447165800,19.05,19.25,18.55,18.81,20.670371956996387,21.86385217956194,0,0,0,18.05,35.95,,,,1,1,1,1,,,,2149748,2449858.35
1447252200,18.75,18.86,18.39,18.55,20.24629756559711,21.562592890510853,0,0,0,18.05,35.95,,,,1,1,1,1,,,,1195976,2464347.5
1447338600,18.38,18.47,18.07,18.11,19.819038052477687,21.24872080955532,0,0,0,18.05,35.95,,,,1,1,1,1,,,,1337128,2471903.45
1447425000,18,18.07,17.08,17.4,19.335230441982148,20.898837099595745,0,0,0,18.05,35.95,,,,1,1,1,1,,,,2464488,2550063.45
1447684200,17.25,17.62,17.19,17.38,18.94418435358572,20.578942817814315,0,0,0,18.05,35.95,,,,1,1,1,1,,,,1827692,2606589.75
1447770600,17.4,17.5,16.74,16.76,18.507347482868575,20.231766198013013,0,0,0,18.05,35.95,,,,1,1,1,1,,,,1924653,2398320.2
1447857000,18.12,19.1,18,18.33,18.47187798629486,20.05887836183001,0,0,0,18.05,35.95,,,,1,1,1,1,,,,4707074,2498026.25
1447943400,18.55,18.64,17.6644,17.82,18.341502389035888,19.855343965300012,0,0,0,18.05,35.95,,,,1,1,1,1,,,,1902796,2542292.35
1448029800,17.89,18.16,17.75,18.16,18.30520191122871,19.701221786636374,0,0,0,18.05,35.95,,,,1,1,1,1,,,,1650553,2576290.75
1448289000,18.28,18.425,18.01,18.24,18.29216152898297,19.568383442396705,0,0,0,18.05,35.95,,,,1,1,1,1,,,,1471143,2533048.35
1448375400,19.48,19.84,18.78,19.31,18.495729223186377,19.54489403854246,0,0,0,16.74,26.48,35.95,,,1,1,1,1,,,,3342079,2614791.5
1448461800,19.35,19.5,19.1,19.27,18.6505833785491,19.519903671402236,0,0,0,16.74,26.48,35.95,,,1,1,1,1,,,,1535862,2624207.3
1448634600,19.22,19.2699,18.51,18.84,18.688466702839282,19.458094246729306,0,0,0,16.74,26.48,35.95,,,1,1,1,1,,,,883792,2595552.1
1448893800,18.96,19.1697,18.62,18.7,18.690773362271425,19.389176587935733,0,0,0,16.74,26.48,35.95,,,1,1,1,1,,,,925371,2581731.6
1448980200,18.77,18.854,18.2,18.39,18.63061868981714,19.298342352668847,0,0,0,16.74,26.48,35.95,,,1,1,1,1,,,,1226560,2537603.6
1449066600,18.31,18.44,17.78,18.03,18.510494951853712,19.183038502426225,0,0,0,16.74,26.48,35.95,,,1,1,1,1,,,,1964104,2165713.2
1449153000,18.13,18.3399,17.66,17.84,18.37639596148297,19.06094409311475,0,0,0,16.74,26.48,35.95,,,1,1,1,1,,,,1550759,2025185.2
1449239400,17.68,17.97,17.46,17.77,18.255116769186376,18.943585539195226,0,0,0,16.74,26.48,35.95,,,1,1,1,1,,,,1361250,1899411.1
1449498600,17.88,17.92,16.98,17.27,18.058093415349102,18.791441399268386,0,0,0,16.74,26.48,35.95,,,1,1,1,1,,,,1461062,1859759.9
1449585000,16.99,17.1504,16.7,16.93,17.83247473227928,18.62221945388035,0,0,0,16.74,26.48,35.95,,,1,1,1,1,,,,1784902,1833349.6
1449671400,16.78,17.04,16.33,16.63,17.591979785823423,18.441108594436685,0,0,0,16.74,26.48,35.95,,,1,1,1,1,,,,1901742,1820949.3
1449757800,16.95,17.94,16.8,17.73,17.619583828658737,18.376462358578806,0,0,0,16.74,26.48,35.95,,,1,1,1,1,,,,2387869,1880543.95
1449844200,17.37,17.62,16.95,17.03,17.50166706292699,18.254056689617098,0,0,0,16.74,26.48,35.95,,,1,1,1,1,,,,1521637,1889769.4
1450103400,17.06,17.11,16.14,16.29,17.259333650341592,18.07550608147009,0,0,0,16.74,26.48,35.95,,,1,1,1,1,,,,1827970,1857943.5
1450189800,16.39,17.22,16.38,17,17.207466920273273,17.977732801336444,0,0,0,16.74,26.48,35.95,,,1,1,1,1,,,,1494399,1841278.85
1450276200,17.15,17.16,16.55,16.78,17.12197353621862,17.86884800121495,0,0,0,16.74,26.48,35.95,,,1,1,1,1,,,,1235099,1806801.15
1450362600,16.81,17.31,16.76,16.98,17.093578828974895,17.788043637468135,0,0,0,16.74,26.48,35.95,,,1,1,1,1,,,,1082234,1625559.15
1450449000,16.89,17.36,16.78,16.89,17.052863063179917,17.706403306789213,0,0,0,16.74,26.48,35.95,,,1,1,1,1,,,,1634887,1612163.7
1450708200,17.08,18.1,17.01,17.93,17.228290450543934,17.726730278899286,0,0,0,16.14,26.48,35.95,,,1,1,1,1,,,,1788898,1619080.95
1450794600,18,18.05,17.14,17.5,17.282632360435148,17.70611843536299,0,0,0,16.14,26.48,35.95,,,1,1,1,1,,,,1278133,1609430.45
1450881000,17.58,18.34,17.43,18.03,17.43210588834812,17.735562213966354,0,0,0,16.14,26.48,35.95,,,1,1,1,1,,,,1062001,1495426.55
1450967400,17.93,18.2255,17.62,17.85,17.515684710678496,17.74596564906032,0,0,0,16.14,26.48,35.95,,,1,1,1,1,,,,596452,1448456.05
1451313000,17.7,17.82,17.14,17.245,17.461547768542797,17.700423317327562,0,0,0,16.14,26.48,35.95,,,1,1,1,1,,,,1059067,1457219.8
1451399400,17.29,17.65,17.025,17.41,17.451238214834238,17.67402119757051,0,0,0,16.14,26.48,35.95,,,1,1,1,1,,,,1090363,1465469.4
1451485800,17.52,18.75,17.5,17.81,17.52299057186739,17.686382906882283,0,0,0,16.14,26.48,35.95,,,1,1,1,1,,,,1868432,1497563
1451572200,17.76,17.81,17.25,17.29,17.476392457493912,17.65034809716571,0,0,0,16.14,26.48,35.95,,,1,1,1,1,,,,1232694,1460992.5
1451917800,17,17.12,16.5,16.83,17.347113965995128,17.575770997423373,0,0,0,16.14,26.48,35.95,,,1,1,1,1,,,,1409981,1453953.6
1452004200,16.98,17.21,16.62,17.02,17.2816911727961,17.525246361293974,0,0,0,16.14,26.48,35.95,,,1,1,1,1,,,,1248953,1448338.75
1452090600,17.92,18.37,17.4,17.64,17.35335293823688,17.53567851026725,0,0,0,16.14,26.48,35.95,,,1,1,1,1,,,,3030576,1526814.45
1452177000,17.2,17.49,16.5,16.59,17.200682350589506,17.44970773660659,0,0,0,16.14,26.48,35.95,,,1,1,1,1,,,,2071153,1541127
1452263400,16.8,17.12,16.24,16.28,17.016545880471604,17.343370669642354,0,0,0,16.14,26.48,35.95,,,1,1,1,1,,,,1242020,1508140.9
1452522600,16.5,16.72,15.57,15.86,16.785236704377283,17.20851879058396,0,0,0,16.14,26.48,35.95,,,1,1,1,1,,,,1618266,1469660.75
1452609000,16.02,16.4617,15.58,16.02,16.632189363501826,17.1004716278036,0,0,0,16.14,26.48,35.95,,,1,1,1,1,,,,1333292,1460243.5
1452695400,16.09,16.36,15.33,15.41,16.38775149080146,16.946792388912364,0,0,0,16.14,26.48,35.95,,,1,1,1,1,,,,1227017,1430195.85
1452781800,15.44,15.8,14.93,15.48,16.206201192641167,16.813447626283967,0,0,0,16.14,26.48,35.95,,,1,1,1,1,,,,1590977,1435024.75
1452868200,14.7,15.205,14.245,14.63,15.890960954112934,16.614952387530877,0,0,0,16.14,26.48,35.95,,,1,1,1,1,,,,2356133,1491076.45
1453213800,14.63,14.89,14.185,14.5,15.612768763290347,16.422683988664435,0,0,0,16.14,26.48,35.95,,,1,1,1,1,,,,1485392,1511234.35
1453300200,14.15,15.4162,13.5601,15.1,15.510215010632278,16.30243998969494,0,0,0,16.14,26.48,35.95,,,1,1,1,1,,,,3081199,1583549.95
1453386600,15.86,16.68,15.58,15.66,15.540172008505822,16.244036354268125,0,0,0,16.14,26.48,35.95,,,1,1,1,1,,,,3034507,1645830.4
1453473000,16.06,16.206,15.28,15.43,15.518137606804657,16.17003304933466,0,0,0,16.14,26.48,35.95,,,1,1,1,1,,,,1361820,1650014.75
1453732200,15.27,15.35,14.72,15.02,15.418510085443726,16.065484590304237,0,0,0,16.14,26.48,35.95,,,1,1,1,1,,,,1531892,1673509.3
1453818600,15.08,15.87,14.72,15.85,15.504808068354981,16.04589508209476,0,0,0,16.14,26.48,35.95,,,1,1,1,1,,,,1446558,1716014.6
1453905000,15.63,15.73,15.12,15.15,15.433846454683986,15.9644500746316,0,0,0,13.5601,26.48,35.95,,,1,1,1,1,,,,776859,1701904.2
1453991400,15.33,15.55,14.735,14.8,15.307077163747188,15.858590976937817,0,0,0,13.5601,26.48,35.95,,,1,1,1,1,,,,1000429,1697407.5
1454077800,14.86,15.4,14.86,15.39,15.32366173099775,15.815991797216197,0,0,0,13.5601,26.48,35.95,,,1,1,1,1,,,,1167713,1662371.55
1454337000,15.17,15.55,14.8003,15.43,15.344929384798201,15.780901633832906,0,0,0,13.5601,26.48,35.95,,,1,1,1,1,,,,948164,1648145.05
1454423400,15.22,15.33,14.46,14.75,15.225943507838561,15.68718330348446,0,0,0,13.5601,26.48,35.95,,,1,1,1,1,,,,1617137,1658502.85
1454509800,14.8,15.15,14.22,15.06,15.19275480627085,15.630166639531327,0,0,0,13.5601,26.48,35.95,,,1,1,1,1,,,,905167,1641313.55
1454596200,15.06,15.94,15.01,15.8,15.31420384501668,15.64560603593757,0,0,0,13.5601,26.48,35.95,,,1,1,1,1,,,,1333420,1556455.75
1454682600,15.64,15.95,15.18,15.53,15.357363076013344,15.635096396306881,0,0,0,13.5601,26.48,35.95,,,1,1,1,1,,,,1198866,1512841.4
1454941800,15.24,15.38,14.72,15.38,15.361890460810676,15.611905814824437,0,0,0,13.5601,26.48,35.95,,,1,1,1,1,,,,1190447,1510262.75
1455028200,15.1,15.45,14.84,15.37,15.363512368648541,15.589914377113125,0,0,0,13.5601,26.48,35.95,,,1,1,1,1,,,,1042692,1481484.05
1455114600,15.45,16.19,15.394,15.48,15.386809894918834,15.579922161011933,0,0,0,13.5601,26.48,35.95,,,1,1,1,1,,,,1086586,1469148.75
1455201000,15.09,15.72,15.03,15.41,15.391447915935068,15.56447469182903,0,0,0,13.5601,26.48,35.95,,,1,1,1,1,,,,1124167,1464006.25
1455287400,15.55,15.68,15,15.43,15.399158332748055,15.552249719844573,0,0,0,13.5601,26.48,35.95,,,1,1,1,1,,,,802977,1424606.25
1455633000,15.63,16.35,15.41,16.32,15.583326666198444,15.622045199858702,0,0,0,13.5601,26.48,35.95,,,1,1,1,1,,,,1033078,1358453.5
1455719400,16.4,17.23,16.2,17.13,15.892661332958754,15.759131999871547,0,0,0,13.5601,26.48,35.95,,,1,1,1,1,,,,1460060,1357186.9
1455805800,17.2,17.39,16.64,17.11,16.136129066367005,15.881938181701406,0,0,0,13.5601,26.48,35.95,,,1,1,1,1,,,,801626,1243208.25
1455892200,17.03,17.13,16.71,17.12,16.332903253093605,15.994489256092187,0,0,0,13.5601,26.48,35.95,,,1,1,1,1,,,,938409,1138403.35
1456151400,17.24,17.32,17.05,17.26,16.518322602474885,16.109535687356534,0,0,0,13.5601,26.48,35.95,,,1,1,1,1,,,,1137890,1127206.85
1456237800,17.13,17.27,16.96,17,16.614658081979908,16.19048698850594,0,0,0,13.5601,26.48,35.95,,,1,1,1,1,,,,684338,1084829.15
1456324200,16.8,17.235,16.3005,17.22,16.735726465583927,16.284079080459943,0,0,0,13.5601,26.48,35.95,,,1,1,1,1,,,,956335,1060318
1456410600,17.2,17.37,16.84,17.21,16.83058117246714,16.368253709509037,0,0,0,13.5601,26.48,35.95,,,1,1,1,1,,,,980151,1070482.6
1456497000,17.28,17.8,17.27,17.48,16.960464937973715,16.469321554099125,0,0,0,13.5601,26.48,35.95,,,1,1,1,1,,,,1327488,1086835.55
1456756200,20.52,20.69,19.3,19.38,17.444371950378972,16.733928685544658,1,0,0,13.5601,26.48,35.95,,,2,1,1,1,1,,,7326641,1394781.95
1456842600,19.11,19.57,18.52,19.44,17.843497560303177,16.979935168676963,0,0,0,13.5601,26.48,35.95,,,2,1,1,1,,,,2670943,1480920.9
1456929000,19.39,19.78,19.25,19.52,18.17879804824254,17.210850153342694,0,0,0,13.5601,26.48,35.95,,,2,1,1,1,,,,1601290,1480128.55
1457015400,19.48,19.74,19.115,19.47,18.437038438594033,17.41622741212972,0,0,0,13.5601,26.48,35.95,,,2,1,1,1,,,,1260153,1497877.85
1457101800,19.44,19.85,19.17,19.45,18.639630750875227,17.601115829208837,0,0,0,13.5601,26.48,35.95,,,2,1,1,1,,,,1515495,1506981.6
1457361000,19.4,20.58,19.3365,19.85,18.881704600700182,17.805559844735306,0,0,0,13.5601,26.48,35.95,,,2,1,1,1,,,,2115760,1552826.3
1457447400,19.81,20.22,19.52,19.54,19.013363680560147,17.963236222486643,0,0,0,13.5601,26.48,35.95,,,2,1,1,1,,,,1377609,1562184.4
1457533800,19.63,19.82,19.4,19.54,19.11869094444812,18.106578384078766,0,0,0,13.5601,26.48,35.95,,,2,1,1,1,,,,666646,1543382.1
1457620200,19.68,19.91,19.16,19.33,19.160952755558494,18.217798530980698,0,0,0,13.5601,26.48,35.95,,,2,1,1,1,,,,952291,1536667.35
1457706600,19.46,19.72,19.22,19.53,19.234762204446795,18.337089573618815,0,0,0,13.5601,26.48,35.95,,,2,1,1,1,,,,812195,1521068.75
1457962200,19.45,19.5289,19.16,19.33,19.253809763557435,18.427354157835286,0,0,0,13.5601,26.48,35.95,,,2,1,1,1,,,,794468,1520643.3
1458048600,19.17,19.29,18.32,18.37,19.077047810845947,18.422140143486622,0,0,0,13.5601,26.48,35.95,,,2,1,1,1,,,,1333854,1535682.1
1458135000,18.22,18.83,18.2,18.5,18.961638248676756,18.429218312260566,0,0,0,13.5601,26.48,35.95,,,2,1,1,1,,,,1138687,1519613.45
1458221400,18.5,19.1,18.44,18.88,18.945310598941404,18.470198465691425,0,0,0,13.5601,26.48,35.95,,,2,1,1,1,,,,1345185,1546791.4
1458307800,18.98,19.21,18.94,19.08,18.972248479153123,18.525634968810387,0,0,0,13.5601,26.48,35.95,,,2,1,1,1,,,,1467021,1573222
1458567000,19,19.47,18.78,18.96,18.9697987833225,18.565122698918533,0,0,0,13.5601,26.48,35.95,,,2,1,1,1,,,,815167,1557085.85
1458653400,18.89,19.21,18.71,18.73,18.921839026658,18.580111544471393,0,0,0,13.5601,26.48,35.95,,,2,1,1,1,,,,632846,1554511.25
1458739800,18.63,18.76,18.37,18.38,18.8134712213264,18.561919585883086,0,0,0,13.5601,26.48,35.95,,,2,1,1,1,,,,965174,1554953.2
1458826200,18.28,18.41,18.1,18.27,18.70477697706112,18.535381441711895,0,0,0,13.5601,26.48,35.95,,,2,1,1,1,,,,636019,1537746.6
1459171800,18.32,18.6006,18.2,18.31,18.625821581648896,18.514892219738087,0,0,0,13.5601,26.48,35.95,,,2,1,1,1,,,,471271,1494935.75
1459258200,18.35,19.53,18.28,19.52,18.80465726531912,18.60626565430735,0,0,0,13.5601,26.48,35.95,,,2,1,1,1,,,,1381443,1197675.85
1459344600,19.72,19.832,19.42,19.62,18.967725812255296,18.69842332209759,0,0,0,13.5601,26.48,35.95,,,2,1,1,1,,,,1130190,1120638.2
1459431000,19.58,19.89,19.38,19.63,19.100180649804237,18.78311211099781,0,0,0,13.5601,26.48,35.95,,,2,1,1,1,,,,899903,1085568.85
1459517400,19.42,19.6,19,19.05,19.09014451984339,18.807374646361644,0,0,0,13.5601,26.48,35.95,,,2,1,1,1,,,,1004542,1072788.3
1459776600,19,19.21,18.6,18.62,18.99611561587471,18.790340587601495,0,0,0,13.5601,26.48,35.95,,,2,1,1,1,,,,835084,1038767.75
1459863000,18.52,18.66,18.41,18.54,18.90489249269977,18.767582352364997,0,0,0,13.5601,26.48,35.95,,,2,1,1,1,,,,641565,965058
1459949400,18.49,18.77,18.45,18.68,18.859913994159815,18.759620320331816,0,0,0,13.5601,26.48,35.95,,,2,1,1,1,,,,726067,932480.9
1460035800,18.47,18.95,18.44,18.61,18.809931195327852,18.746018473028922,0,0,0,13.5601,26.48,35.95,,,2,1,1,1,,,,750026,936649.9
1460122200,18.86,18.93,18.24,18.3,18.70794495626228,18.705471339117203,0,0,0,13.5601,26.48,35.95,,,2,1,1,1,,,,660018,922036.25
1460381400,18.46,18.77,18.3913,18.46,18.658355965009825,18.68315576283382,0,0,0,13.5601,26.48,35.95,,,2,1,1,1,,,,595680,911210.5
1460467800,18.52,19,18.39,18.83,18.69268477200786,18.696505238939835,0,0,0,13.5601,26.48,35.95,,,2,1,1,1,,,,609877,901980.95
1460554200,18.99,19.63,18.92,19.52,18.858147817606287,18.771368399036213,0,0,0,13.5601,26.48,35.95,,,2,1,1,1,,,,886286,879602.55
1460640600,19.57,19.73,19.28,19.32,18.95051825408503,18.82124399912383,0,0,0,13.5601,26.48,35.95,,,2,1,1,1,,,,544813,849908.85
1460727000,19.21,19.39,18.89,19.14,18.988414603268023,18.8502218173853,0,0,0,13.5601,26.48,35.95,,,2,1,1,1,,,,481923,806745.75
1460986200,18,18.84,17.8,18.49,18.888731682614416,18.817474379441183,0,0,0,13.5601,26.48,35.95,,,2,1,1,1,,,,2237654,845277.4
1461072600,18.51,18.93,18.29,18.63,18.836985346091534,18.800431254037438,0,0,0,13.5601,26.48,35.95,,,2,1,1,1,,,,894839,849261
1461159000,18.68,18.9,18.43,18.54,18.777588276873228,18.77675568548858,0,0,0,13.5601,26.48,35.95,,,2,1,1,1,,,,716155,853426.45
1461245400,19.01,19.1,18.57,18.67,18.756070621498584,18.76705062317144,0,0,0,13.5601,26.48,35.95,,,2,1,1,1,,,,789558,844645.65
1461331800,18.54,18.8,18.45,18.67,18.738856497198867,18.758227839246764,0,0,0,13.5601,26.48,35.95,,,2,1,1,1,,,,642091,844949.25
1461591000,18.52,18.72,18.0329,18.15,18.621085197759093,18.70293439931524,0,0,0,13.5601,26.48,35.95,,,2,1,1,1,,,,780644,860417.9
1461677400,18.14,18.4799,18.07,18.43,18.582868158207276,18.678122181195672,0,0,0,13.5601,26.48,35.95,,,2,1,1,1,,,,551553,818923.4
1461763800,18.36,18.71,18.22,18.61,18.58829452656582,18.671929255632428,0,0,0,13.5601,26.48,35.95,,,2,1,1,1,,,,705158,797671.8
1461850200,18.41,18.69,18.085,18.11,18.492635621252656,18.620844777847662,0,0,0,13.5601,26.48,35.95,,,2,1,1,1,,,,838216,794587.45
1461936600,18.13,18.515,18.11,18.26,18.446108497002125,18.588040707134237,0,0,0,13.5601,26.48,35.95,,,2,1,1,1,,,,568426,772781.65
1462195800,18.25,18.6,18.13,18.53,18.4628867976017,18.58276427921294,0,0,0,13.5601,26.48,35.95,,,2,1,1,1,,,,499243,755989.6
1462282200,18.28,18.37,17.57,17.8,18.33030943808136,18.511603890193584,0,0,0,13.5601,26.48,35.95,,,2,1,1,1,,,,820585,764940.6
1462368600,17.61,17.75,17.18,17.66,18.19624755046509,18.43418535472144,0,0,0,13.5601,26.48,35.95,,,2,1,1,1,,,,1475615,802418
1462455000,18.24,19.13,17.76,18.31,18.21899804037207,18.42289577701949,0,0,0,13.5601,26.48,35.95,,,2,1,1,1,,,,2698256,899829.5
1462541400,18,18.39,17.755,18.14,18.203198432297658,18.39717797910863,0,0,0,13.5601,26.48,35.95,,,2,1,1,1,,,,1179017,925779.45
1462800600,18.09,18.6699,18.05,18.56,18.274558745838124,18.411979981007846,0,0,0,13.5601,26.48,35.95,,,2,1,1,1,,,,682089,930099.9
1462887000,18.66,19.41,18.48,19.41,18.501646996670498,18.502709073643498,0,0,0,13.5601,26.48,35.95,,,2,1,1,1,,,,1044947,951853.4
1462973400,19.33,20,19.2,19.79,18.7593175973364,18.61973552149409,0,0,0,13.5601,26.48,35.95,,,2,1,1,1,,,,1209584,968018.3
1463059800,19.87,19.99,19.32,19.7,18.947454077869118,18.717941383176445,0,0,0,13.5601,26.48,35.95,,,2,1,1,1,,,,1006992,991127.25
1463146200,19.64,19.72,19.31,19.37,19.031963262295296,18.777219439251315,0,0,0,13.5601,26.48,35.95,,,2,1,1,1,,,,580179,996040.05
1463405400,19.39,19.96,19.34,19.37,19.09957060983624,18.83110858113756,0,0,0,13.5601,26.48,35.95,,,2,1,1,1,,,,1188405,943577.6
1463491800,19.42,20.93,19.37,20.7,19.41965648786899,19.001007801034145,0,0,0,13.5601,26.48,35.95,,,2,1,1,1,,,,2555218,1026596.55
1463578200,20.64,21.27,20.48,20.78,19.691725190295195,19.162734364576497,0,0,0,13.5601,26.48,35.95,,,2,1,1,1,,,,1892093,1085393.45
1463664600,20.6,21.2,20.3101,21.12,19.977380152236154,19.34066760416045,0,0,0,13.5601,26.48,35.95,,,2,1,1,1,,,,965869,1094209
1463751000,21.15,21.75,21.03,21.7,20.321904121788922,19.555152367418593,0,1,0,13.5601,26.48,35.95,,,3,1,1,1,,1,,959731,1110091
1464010200,21.74,21.77,21.38,21.45,20.547523297431137,19.727411243107813,0,0,0,13.5601,26.48,35.95,,,3,1,1,1,,,,636391,1102878.35
1464096600,21.51,21.92,21.47,21.86,20.81001863794491,19.92128294827983,0,0,0,13.5601,26.48,35.95,,,3,1,1,1,,,,773636,1113982.5
1464183000,21.95,22.16,21.8763,21.94,21.036014910355927,20.10480268025439,0,0,0,13.5601,26.48,35.95,,,3,1,1,1,,,,664416,1111945.4
1464269400,21.94,22.07,21.77,22.02,21.232811928284743,20.278911527503993,0,0,0,13.5601,26.48,35.95,,,3,1,1,1,,,,537452,1096907.2
1464355800,22.01,22.16,21.83,21.96,21.378249542627795,20.43173775227636,0,0,0,13.5601,26.48,35.95,,,3,1,1,1,,,,572963,1097134.05
1464701400,22.01,22.42,21.82,22.37,21.576599634102237,20.607943411160328,0,0,0,13.5601,26.48,35.95,,,3,1,1,1,,,,632654,1103804.6
1464787800,22.31,22.4,21.98,22.32,21.72527970728179,20.76358491923666,0,0,0,13.5601,26.48,35.95,,,3,1,1,1,,,,759656,1100758.15
1464874200,22.26,22.88,22.05,22.85,21.95022376582543,20.953259017487873,0,0,0,13.5601,26.48,35.95,,,3,1,1,1,,,,732557,1063605.25
1464960600,22.87,22.94,22.57,22.76,22.112179012660345,21.117508197716248,0,0,0,13.5601,26.48,35.95,,,3,1,1,1,,,,795682,968476.55
1465219800,22.76,23.04,22.75,22.97,22.283743210128275,21.285916543378406,0,0,0,13.5601,26.48,35.95,,,3,1,1,1,,,,663883,942719.85
1465306200,23,23.31,22.88,23.08,22.44299456810262,21.449015039434915,0,0,0,13.5601,26.48,35.95,,,3,1,1,1,,,,632691,940249.95
1465392600,23.18,23.55,23.0783,23.52,22.658395654482096,21.637286399486285,0,0,0,13.5601,26.48,35.95,,,3,1,1,1,,,,629782,919491.7
1465479000,23.47,23.765,23.23,23.3,22.786716523585678,21.78844218135117,0,0,0,13.5601,26.48,35.95,,,3,1,1,1,,,,835849,900804.95
1465565400,23.14,23.22,22.65,22.76,22.78137321886854,21.876765619410154,0,0,0,13.5601,26.48,35.95,,,3,1,1,1,,,,678936,884402.15
1465824600,22.73,22.955,22.4,22.75,22.775098575094834,21.95615056310014,0,0,0,13.5601,26.48,35.95,,,3,1,1,1,,,,604144,885600.4
1465911000,22.65,22.97,22.43,22.66,22.752078860075866,22.02013687554558,0,0,0,13.5601,26.48,35.95,,,3,1,1,1,,,,544264,853393.35
1465997400,22.82,22.9586,22.56,22.77,22.755663088060693,22.088306250495982,0,0,0,13.5601,26.48,35.95,,,3,1,1,1,,,,413629,746313.9
1466083800,22.63,22.69,22.1999,22.62,22.728530470448554,22.13664204590544,0,0,0,13.5601,26.48,35.95,,,3,1,1,1,,,,516141,677516.3
1466170200,22.7,23.09,22.32,22.93,22.768824376358843,22.20876549627767,0,0,0,13.5601,26.48,35.95,,,3,1,1,1,,,,1284333,693439.5
1466429400,23.16,23.59,22.93,23.35,22.885059501087074,22.312514087525155,0,0,0,13.5601,26.48,35.95,,,3,1,1,1,,,,621896,676547.75
1466515800,23.3,23.4,22.965,23.12,22.93204760086966,22.38592189775014,0,0,0,13.5601,26.48,35.95,,,3,1,1,1,,,,315205,660488.45
1466602200,23.24,23.88,23.22,23.67,23.079638080695727,22.502656270681946,0,0,0,13.5601,26.48,35.95,,,3,1,1,1,,,,844567,664035
1466688600,23.95,24.0834,23.7,23.96,23.255710464556582,22.635142064256314,0,0,0,13.5601,26.48,35.95,,,3,1,1,1,,,,587084,660168.4
1466775000,22.43,23.41,22.25,22.98,23.200568371645264,22.66649278568756,0,0,0,13.5601,26.48,35.95,,,3,1,1,1,,,,1501376,708364.6
1467034200,22.74,23.29,22.53,22.76,23.112454697316213,22.674993441534145,0,0,0,13.5601,26.48,35.95,,,3,1,1,1,,,,895356,724484.25
1467120600,23.1,23.9199,23.1,23.55,23.19996375785297,22.754539492303767,0,0,0,13.5601,26.48,35.95,,,3,1,1,1,,,,796578,732680.45
1467207000,23.89,24.3,23.66,24.22,23.403971006282376,22.887763174821607,0,0,0,13.5601,26.48,35.95,,,3,1,1,1,,,,778066,733600.95
1467293400,24.38,24.94,24.09,24.88,23.6991768050259,23.068875613474187,0,0,0,13.5601,26.48,35.95,,,3,1,1,1,,,,1180768,756011.5
1467379800,25,25,24.65,24.89,23.93734144402072,23.234432375885625,0,0,0,13.5601,26.48,35.95,,,3,1,1,1,,,,628072,747631
1467725400,24.67,25.13,24.46,25.1,24.169873155216578,23.404029432623297,0,0,0,13.5601,26.48,35.95,,,3,1,1,1,,,,625772,745725.45
1467811800,25.57,25.59,24.952,25.05,24.34589852417326,23.553663120566632,0,0,0,13.5601,26.48,35.95,,,3,1,1,1,,,,1308183,779500.05
1467898200,25.09,25.8483,25.09,25.77,24.630718819338608,23.755148291424213,0,0,0,13.5601,26.48,35.95,,,3,1,1,1,,,,994915,797756.7
1467984600,26.99,27.8,26.7,27.3,25.164575055470888,24.077407537658374,0,0,0,13.5601,26.48,35.95,,,3,1,1,1,,,,3315910,921759.75
1468243800,27.6,28.58,27.5,27.66,25.66366004437671,24.403097761507613,0,0,0,13.5601,26.48,35.95,,,3,1,1,1,,,,2054625,990544.2
1468330200,28.02,28.18,26.39,27,25.930928035501367,24.63917978318874,0,0,0,13.5601,26.48,35.95,,,3,1,1,1,,,,2189434,1069808.7
1468416600,27.04,27.3331,26.71,27.01,26.146742428401094,24.854708893807945,0,0,0,13.5601,26.48,35.95,,,3,1,1,1,,,,1362952,1110743.1
1468503000,27.17,27.74,27.1,27.65,26.447393942720876,25.10882626709813,0,0,0,13.5601,26.48,35.95,,,3,1,1,1,,,,1113874,1145755.35
1468589400,27.7,27.855,27.12,27.2,26.5979151541767,25.29893297008921,0,0,0,13.5601,26.48,35.95,,,3,1,1,1,,,,701192,1155007.9
1468848600,27.77,28.42,27.4292,27.99,26.87633212334136,25.54357542735383,0,0,0,13.5601,26.48,35.95,,,3,1,1,1,,,,1576529,1169617.7
1468935000,28,28.469,27.63,28.12,27.125065698673087,25.777795843048935,0,0,0,13.5601,26.48,35.95,,,3,1,1,1,,,,1144754,1195760.6
1469021400,28.17,28.71,27.82,28.26,27.35205255893847,26.003450766408122,0,0,0,13.5601,26.48,35.95,,,3,1,1,1,,,,1022712,1231135.95
1469107800,28.2,28.442,28.005,28.2,27.521642047150777,26.20313706037102,0,0,0,13.5601,26.48,35.95,,,3,1,1,1,,,,824074,1230111.3
1469194200,28.14,28.65,27.8678,28.48,27.71331363772062,26.41012460033729,0,0,0,13.5601,26.48,35.95,,,3,1,1,1,,,,869829,1244248.55
1469453400,28.53,28.74,28.4073,28.5,27.870650910176497,26.6001132730339,0,0,0,13.5601,26.48,35.95,,,3,1,1,1,,,,764476,1207403.55
1469539800,28.68,28.9165,28.389,28.66,28.0285207281412,26.78737570275809,0,0,0,13.5601,26.48,35.95,,,3,1,1,1,,,,664420,1195856.75
1469626200,28.82,28.99,28.57,28.78,28.178816582512958,26.968523366143717,0,0,0,13.5601,26.48,35.95,,,3,1,1,1,,,,819540,1197004.85
1469712600,28.8,28.85,28.42,28.49,28.241053266010365,27.106839423767017,0,0,0,13.5601,26.48,35.95,,,3,1,1,1,,,,801068,1198154.95
1469799000,28.6,29.0799,28.0531,28.96,28.384842612808292,27.275308567060925,0,0,0,13.5601,26.48,35.95,,,3,1,1,1,,,,1149059,1196569.5
1470058200,29.21,29.58,28.935,29.16,28.539874090246634,27.446644151873567,0,0,0,13.5601,26.48,35.95,,,3,1,1,1,,,,772614,1203796.6
1470144600,29.18,29.42,28.53,28.84,28.59989927219731,27.573312865339606,0,0,0,13.5601,26.48,35.95,,,3,1,1,1,,,,848496,1214932.8
1470231000,28.8,29,28.4,28.72,28.623919417757847,27.677557150308733,0,0,0,13.5601,26.48,35.95,,,3,1,1,1,,,,889659,1194006.6
1470317400,28.72,29.15,28.51,28.95,28.689135534206276,27.793233773007938,0,0,0,13.5601,26.48,35.95,,,3,1,1,1,,,,1418135,1215167.6
1470403800,29.6,30.15,28.48,29.26,28.80330842736502,27.926576157279943,0,0,0,13.5601,26.48,35.95,,,3,1,1,1,,,,2508303,1174787.25
1470663000,29.25,29.4648,28.63,28.74,28.790646741892015,28.000523779345404,0,0,0,13.5601,26.48,35.95,,,3,1,1,1,,,,1439964,1144054.2
1470749400,28.73,29.07,28.53,28.69,28.77051739351361,28.06320343576855,0,0,0,13.5601,26.48,35.95,,,3,1,1,1,,,,1110292,1090097.1
1470835800,28.54,28.76,28.18,28.68,28.752413914810887,28.11927585069868,0,0,0,13.5601,26.48,35.95,,,3,1,1,1,,,,774562,1060677.6
1470922200,28.63,29.44,28.63,29.12,28.82593113184871,28.21025077336244,0,0,0,13.5601,26.48,35.95,,,3,1,1,1,,,,842984,1047133.1
1471008600,29,29.35,28.85,29.12,28.884744905478968,28.29295524851131,0,0,0,13.5601,26.48,35.95,,,3,1,1,1,,,,508193,1037483.15
1471267800,29.12,29.53,28.91,29.43,28.993795924383175,28.396322953192097,0,0,0,13.5601,26.48,35.95,,,3,1,1,1,,,,698749,993594.15
1471354200,29.52,29.8,29.29,29.45,29.08503673950654,28.49211177562918,0,0,0,13.5601,26.48,35.95,,,3,1,1,1,,,,746121,973662.5
1471440600,29.34,29.6,29.25,29.35,29.13802939160523,28.570101614208344,0,0,0,13.5601,26.48,35.95,,,3,1,1,1,,,,827194,963886.6
1471527000,29.26,29.56,29.14,29.43,29.196423513284184,28.648274194734856,0,0,0,13.5601,26.48,35.95,,,3,1,1,1,,,,522368,948801.3
1471613400,29.38,29.4,29.03,29.11,29.179138810627347,28.69024926794078,0,0,0,13.5601,26.48,35.95,,,3,1,1,1,,,,687796,939699.65
1471872600,29.05,29.205,28.63,29.04,29.151311048501878,28.72204478903707,0,0,0,13.5601,26.48,35.95,,,3,1,1,1,,,,707492,936850.45
1471959000,29.1,29.285,28.85,28.93,29.107048838801504,28.740949808215518,0,0,0,13.5601,26.48,35.95,,,3,1,1,1,,,,759395,941599.2
1472045400,28.93,29.15,28.35,28.5,28.985639071041202,28.719045280195925,0,0,0,13.5601,26.48,35.95,,,3,1,1,1,,,,949399,948092.15
1472131800,28.45,28.88,28.41,28.69,28.926511256832963,28.716404800178115,0,0,0,13.5601,26.48,35.95,,,3,1,1,1,,,,520346,934056.05
1472218200,28.67,28.84,28.42,28.51,28.84320900546637,28.69764072743465,0,0,0,13.5601,26.48,35.95,,,3,1,1,1,,,,505379,901872.05
1472477400,28.56,28.95,28.56,28.76,28.826567204373095,28.70330975221332,0,0,0,13.5601,26.48,35.95,,,3,1,1,1,,,,482941,887388.4
1472563800,28.66,29.68,28.66,29.41,28.943253763498475,28.767554320193927,0,0,0,13.5601,26.48,35.95,,,3,1,1,1,,,,1735001,931713.65
1472650200,29.37,29.38,26.6101,27.08,28.57060301079878,28.614140291085388,0,0,0,13.5601,26.48,35.95,,,3,1,1,1,,,,2863515,1030406.45
1472736600,27.21,27.58,26.45,26.85,28.226482408639026,28.453763900986715,0,0,0,13.5601,26.48,35.95,,,3,1,1,1,,,,1163940,1017696.7
1472823000,26.97,27.18,26.45,26.57,27.89518592691122,28.28251263726065,0,0,0,13.5601,26.48,35.95,,,3,1,1,1,,,,850251,934794.1
1473168600,26.75,26.98,26.241,26.41,27.598148741528977,28.1122842156915,0,0,0,13.5601,26.48,35.95,,,3,1,1,1,,,,851336,905362.7
1473255000,26.38,26.51,25.92,26.12,27.30251899322318,27.931167468810454,0,0,0,13.5601,26.48,35.95,,,3,1,1,1,,,,833048,891500.5
1473341400,25.98,26.24,25.76,25.86,27.014015194578544,27.742879517100413,0,0,0,13.5601,26.48,35.95,,,3,1,1,1,,,,778048,891674.8
1473427800,25.64,25.84,25.05,25.18,26.647212155662835,27.509890470091285,0,0,0,13.5601,26.48,35.95,,,3,1,1,1,,,,889667,894008.95
1473687000,25.02,25.52,25,25.39,26.39576972453027,27.317173154628442,0,0,0,13.5601,26.48,35.95,,,3,1,1,1,,,,438307,890514.65
1473773400,25.26,25.6,24.92,25.01,26.118615779624214,27.10743014057131,0,0,0,13.5601,26.48,35.95,,,3,1,1,1,,,,793814,895267.9
1473859800,25.49,26.02,25.01,25.17,25.928892623699372,26.9313001277921,0,0,0,13.5601,26.48,35.95,,,3,1,1,1,,,,513931,883658.4
1473946200,25.18,25.63,25.18,25.54,25.8511140989595,26.804818297992817,0,0,0,13.5601,26.48,35.95,,,3,1,1,1,,,,577996,871198.5
1474032600,26.44,26.44,25.35,25.45,25.7708912791676,26.681652998175288,0,0,0,13.5601,26.48,35.95,,,3,1,1,1,,,,770193,883589.75
1474291800,25.53,26.21,25.5,26.02,25.82071302333408,26.621502725613897,0,0,0,13.5601,26.48,35.95,,,3,1,1,1,,,,725277,885463.8
1474378200,26.27,26.47,26.06,26.42,25.940570418667264,26.603184296012635,0,0,0,13.5601,26.48,35.95,,,3,1,1,1,,,,638307,882004.55
1474464600,26.66,27.6,26.54,27.57,26.26645633493381,26.69107663273876,0,0,0,13.5601,26.48,35.95,,,3,1,1,1,,,,1078047,897937.15
1474551000,28.22,28.5738,28.03,28.24,26.66116506794705,26.831887847944326,0,0,0,13.5601,26.48,35.95,,,3,1,1,1,,,,1230597,911997.05
1474637400,28.11,28.22,27.92,28.1,26.94893205435764,26.947170770858477,0,0,0,13.5601,26.48,35.95,,,3,1,1,1,,,,483179,910138.7
1474896600,27.93,28.41,27.92,28.3,27.21914564348611,27.07015524623498,0,0,0,13.5601,26.48,35.95,,,3,1,1,1,,,,696104,919674.95
1474983000,28.3,28.5277,28.19,28.41,27.45731651478889,27.19195931475907,0,0,0,13.5601,26.48,35.95,,,3,1,1,1,,,,568899,923972.85
1475069400,28.57,28.919,28.41,28.85,27.735853211831113,27.34269028614461,0,0,0,13.5601,26.48,35.95,,,3,1,1,1,,,,764625,875454.05
1475155800,28.71,29,28.54,28.93,27.97468256946489,27.48699116922237,0,0,0,13.5601,26.48,35.95,,,3,1,1,1,,,,926098,778583.2
1475242200,28.93,28.99,28.57,28.61,28.101746055571912,27.589082881111246,0,0,0,13.5601,26.48,35.95,,,3,1,1,1,,,,1914057,816089.05
1475501400,25.92,26,24.22,24.29,27.33939684445753,27.289166255555678,0,0,0,13.5601,26.48,35.95,,,3,1,1,1,,,,8055058,1176329.4
1475587800,24.65,24.7,23.62,23.71,26.613517475566024,26.963787505050615,0,0,0,13.5601,26.48,35.95,,,3,1,1,1,,,,2808574,1274191.3
1475674200,23.87,23.99,22.9221,23.2,25.930813980452818,26.62162500459147,0,0,0,13.5601,26.48,35.95,,,3,1,1,1,,,,3040952,1384586.5
1475760600,23.09,23.42,22.81,23.3,25.404651184362255,26.319659095083153,0,0,0,13.5601,26.48,35.95,,,3,1,1,1,,,,2079126,1449640.4
1475847000,23.16,23.21,22.42,22.43,24.809720947489804,25.966053722802865,0,0,0,13.5601,26.48,35.95,,,3,1,1,1,,,,1332856,1471799.85
1476106200,22.51,22.91,22.51,22.72,24.391776757991842,25.670957929820787,0,0,0,13.5601,26.48,35.95,,,3,1,1,1,,,,1202010,1509985
1476192600,23.82,23.82,22.18,22.4,23.993421406393473,25.373598118018897,0,0,0,13.5601,26.48,35.95,,,3,1,1,1,,,,1028899,1521739.25
1476279000,22.47,22.69,22.26,22.49,23.69273712511478,25.111452834562634,0,0,0,13.5601,26.48,35.95,,,3,1,1,1,,,,699542,1531019.8
1476365400,21.79,22.2,21.5,22.09,23.372189700091823,24.83677530414785,0,0,0,13.5601,26.48,35.95,,,3,1,1,1,,,,970232,1550631.6
1476451800,22.65,23.2799,22.33,22.77,23.251751760073457,24.648886640134407,0,0,0,13.5601,26.48,35.95,,,3,1,1,1,,,,1915855,1607914.7
1476711000,22.68,23.05,22.62,22.92,23.185401408058766,24.491715127394915,0,0,0,13.5601,26.48,35.95,,,3,1,1,1,,,,926430,1617972.35
1476797400,23.05,23.17,22.58,22.63,23.074321126447014,24.32246829763174,0,0,0,13.5601,26.48,35.95,,,3,1,1,1,,,,941884,1633151.2
1476883800,22.69,23.34,22.69,23.22,23.10345690115761,24.222243906937944,0,0,0,13.5601,26.48,35.95,,,3,1,1,1,,,,670786,1612788.15
1476970200,23.25,23.29,23.08,23.11,23.104765520926087,24.12113082448904,0,0,0,13.5601,26.48,35.95,,,3,1,1,1,,,,483481,1575432.35
1477056600,23,23.2,22.86,23.2,23.12381241674087,24.0373916586264,0,0,0,13.5601,26.48,35.95,,,3,1,1,1,,,,410090,1571777.9
1477315800,23.28,23.62,23.27,23.54,23.207049933392696,23.99217423511491,0,0,0,13.5601,26.48,35.95,,,3,1,1,1,,,,388330,1556389.2
1477402200,23.64,23.73,23.05,23.19,23.20363994671416,23.919249304649917,0,0,0,13.5601,26.48,35.95,,,3,1,1,1,,,,515637,1553726.1
1477488600,23.11,23.3,22.95,22.99,23.160911957371326,23.834772095136287,0,0,0,13.5601,26.48,35.95,,,3,1,1,1,,,,612622,1546125.95
1477575000,22.96,23.13,22.32,22.52,23.03272956589706,23.715247359214807,0,0,0,13.5601,26.48,35.95,,,3,1,1,1,,,,811114,1540376.75
1477661400,22.5,22.81,22.4,22.47,22.920183652717647,23.602043053831643,0,0,0,13.5601,26.48,35.95,,,3,1,1,1,,,,654220,1477384.9
1477920600,22.47,22.4765,22.18,22.38,22.81214692217412,23.49094823075604,0,0,0,13.5601,26.48,35.95,,,3,1,1,1,,,,696060,1109435
1478007000,22.36,22.77,22.36,22.61,22.771717537739296,23.410862027960036,0,0,0,13.5601,26.48,35.95,,,3,1,1,1,,,,983932,1018202.9
1478093400,22.55,22.9499,22.285,22.32,22.681374030191435,23.31169275269094,0,0,0,13.5601,26.48,35.95,,,3,1,1,1,,,,926656,912488.1
1478179800,23.25,23.25,21.93,21.98,22.541099224153147,23.190629775173583,0,0,0,13.5601,26.48,35.95,,,3,1,1,1,,,,739919,845527.75
1478266200,22.06,22.45,21.93,21.98,22.428879379322517,23.080572522885078,0,0,0,13.5601,26.48,35.95,,,3,1,1,1,,,,827598,820264.85
1478529000,22.29,22.48,22.17,22.28,22.399103503458015,23.007793202622796,0,0,0,13.5601,26.48,35.95,,,3,1,1,1,,,,942516,807290.15
1478615400,22.21,22.49,21.93,22.49,22.41728280276641,22.96072109329345,0,0,0,13.5601,26.48,35.95,,,3,1,1,1,,,,972659,804478.15
1478701800,22,24.09,21.9,23.67,22.66782624221313,23.025200993903137,0,0,0,13.5601,26.48,35.95,,,3,1,1,1,,,,2991176,919059.85
1478788200,26.34,28,25.81,26.82,23.498260993770504,23.370182721730124,0,0,0,13.5601,26.48,35.95,,,3,1,1,1,,,,6316776,1186387.05
1478874600,26.09,27.24,26.04,27.18,24.234608795016403,23.716529747027387,0,0,0,13.5601,26.48,35.95,,,3,1,1,1,,,,1448788,1163033.7
1479133800,27.24,27.91,27.18,27.51,24.88968703601312,24.061390679115807,0,0,0,13.5601,26.48,35.95,,,3,1,1,1,,,,1243371,1178880.75
1479220200,27.59,28.3,27.32,27.78,25.4677496288105,24.39944607192346,0,0,0,13.5601,26.48,35.95,,,3,1,1,1,,,,1806366,1222104.85
1479306600,27.59,27.95,27.33,27.76,25.9261997030484,24.704950974475874,0,0,0,13.5601,26.48,35.95,,,3,1,1,1,,,,626954,1219913.25
1479393000,27.84,28.2,27.67,27.96,26.33295976243872,25.000864522250794,0,0,0,13.5601,26.48,35.95,,,3,1,1,1,,,,525859,1222032.15
1479479400,27.97,28.1353,27.76,27.79,26.624367809950975,25.254422292955265,0,0,0,13.5601,26.48,35.95,,,3,1,1,1,,,,420689,1222562.1
1479738600,27.78,28,27.021,27.31,26.76149424796078,25.441292993595695,0,0,0,13.5601,26.48,35.95,,,3,1,1,1,,,,1070623,1256676.75
1479825000,27.37,28.0294,27.33,27.99,27.007195398368623,25.67299363054154,0,0,0,13.5601,26.48,35.95,,,3,1,1,1,,,,689854,1265387.6
1479911400,27.85,28.38,27.8,28.11,27.227756318694897,25.894539664128672,0,0,0,13.5601,26.48,35.95,,,3,1,1,1,,,,750309,1272271.95
1480084200,28.1,28.22,27.87,28.07,27.396205054955917,26.09230878557152,0,0,0,13.5601,26.48,35.95,,,3,1,1,1,,,,188050,1241118.75
1480343400,28,28.1,27.73,27.82,27.480964043964732,26.249371623246837,0,0,0,13.5601,26.48,35.95,,,3,1,1,1,,,,500645,1233440
1480429800,27.7,28,27.54,27.55,27.494771235171786,26.367610566588034,0,0,0,13.5601,26.48,35.95,,,3,1,1,1,,,,372412,1217257.6
1480516200,27.59,27.9604,27.13,27.23,27.44181698813743,26.446009605989122,0,0,0,13.5601,26.48,35.95,,,3,1,1,1,,,,520108,1194066.4
1480602600,27.37,27.74,27.358,27.72,27.49745359050994,26.561826914535565,0,0,0,13.5601,26.48,35.95,,,3,1,1,1,,,,735013,1184484.25
1480689000,27.6,28.01,27.4565,27.92,27.581962872407953,26.685297195032334,0,0,0,13.5601,26.48,35.95,,,3,1,1,1,,,,560896,1175533.1
1480948200,28,28.49,28,28.08,27.681570297926363,26.812088359120303,0,0,0,13.5601,26.48,35.95,,,3,1,1,1,,,,1002371,1184271.75
1481034600,28.3,28.37,27.886,28.19,27.783256238341092,26.93735305374573,0,0,0,13.5601,26.48,35.95,,,3,1,1,1,,,,531137,1163702.8
1481121000,28.44,28.44,27.4501,27.52,27.730604990672873,26.990320957950665,0,0,0,13.5601,26.48,35.95,,,3,1,1,1,,,,1055624,1167851.05
1481207400,27.69,27.7,24.92,25.26,27.2364839925383,26.833019052682424,0,0,0,13.5601,26.48,35.95,,,3,1,1,1,,,,2369957,1136790.1
1481293800,25.27,25.46,23.75,23.85,26.559187194030642,26.561835502438566,0,0,0,13.5601,26.48,35.95,,,3,1,1,1,,,,2846412,963271.9
1481553000,23.65,23.92,23.32,23.52,25.951349755224513,26.285305002216877,0,0,0,13.5601,26.48,35.95,,,3,1,1,1,,,,1247333,953199.15
1481639400,23.56,23.98,23.34,23.58,25.47707980417961,26.039368183833524,0,0,0,13.5601,26.48,35.95,,,3,1,1,1,,,,773184,929689.8
1481725800,23.6,24.67,23.6,24.2,25.221663843343688,25.872152894394112,0,0,0,13.5601,26.48,35.95,,,3,1,1,1,,,,1253072,902025.1
1481812200,24.47,24.61,23.99,24.16,25.00933107467495,25.716502631267375,0,0,0,13.5601,26.48,35.95,,,3,1,1,1,,,,596008,900477.8
1481898600,24.19,24.43,23.91,23.98,24.80346485973996,25.558638755697615,0,0,0,13.5601,26.48,35.95,,,3,1,1,1,,,,1002635,924316.6
1482157800,23.98,24.25,23.75,23.99,24.640771887791967,25.416035232452376,0,0,0,13.5601,26.48,35.95,,,3,1,1,1,,,,629350,934749.65
1482244200,24.65,24.76,24.02,24.37,24.586617510233573,25.320941120411252,0,0,0,13.5601,26.48,35.95,,,3,1,1,1,,,,451236,903780.3
1482330600,24.44,25.59,24.15,25.01,24.67129400818686,25.29267374582841,0,0,0,13.5601,26.48,35.95,,,3,1,1,1,,,,1926509,965613.05
1482417000,25.18,25.34,24.24,24.3,24.59703520654949,25.202430678025827,0,0,0,13.5601,26.48,35.95,,,3,1,1,1,,,,611458,958670.5
1482503400,24.74,24.74,24.18,24.53,24.583628165239592,25.141300616387117,0,0,0,13.5601,26.48,35.95,,,3,1,1,1,,,,392551,968895.55
1482849000,24.54,25.03,24.27,24.82,24.630902532191673,25.112091469442834,0,0,0,13.5601,26.48,35.95,,,3,1,1,1,,,,540268,970876.7
1482935400,24.88,24.98,24.5,24.56,24.616722025753337,25.061901335857122,0,0,0,13.5601,26.48,35.95,,,3,1,1,1,,,,394062,971959.2
1483021800,24.56,25.01,24.56,24.8,24.65337762060267,25.038092123506473,0,0,0,13.5601,26.48,35.95,,,3,1,1,1,,,,454370,968672.3
1483108200,24.8,24.8,24.21,24.24,24.570702096482133,24.965538294096795,0,0,0,13.5601,26.48,35.95,,,3,1,1,1,,,,341343,948988.8
1483453800,24.4,24.83,24.19,24.58,24.572561677185707,24.930489358269813,0,0,0,13.5601,26.48,35.95,,,3,1,1,1,,,,437405,942814.25
1483540200,24.59,24.863,24.48,24.85,24.628049341748564,24.923172143881647,0,0,0,13.5601,26.48,35.95,,,3,1,1,1,,,,627343,924062.85
1483626600,24.84,25,24.5,24.68,24.63843947339885,24.901065585346952,0,0,0,13.5601,26.48,35.95,,,3,1,1,1,,,,523974,923704.7
1483713000,24.79,24.81,24.4687,24.55,24.62075157871908,24.86915053213359,0,0,0,13.5601,26.48,35.95,,,3,1,1,1,,,,311490,886498
1483972200,24.52,24.637,24.26,24.27,24.550601262975263,24.81468230193963,0,0,0,13.5601,26.48,35.95,,,3,1,1,1,,,,451483,790574.3
1484058600,24.38,25,24.27,24.63,24.566481010380212,24.7978930017633,0,0,0,13.5601,26.48,35.95,,,3,1,1,1,,,,801670,688337.2
1484145000,24.7,24.75,24.2878,24.63,24.57918480830417,24.782630001603,0,0,0,13.5601,26.48,35.95,,,3,1,1,1,,,,387372,645339.15
1484231400,24.5,24.685,23.48,24.275,24.518347846643337,24.736481819639092,0,0,0,13.5601,26.48,35.95,,,3,1,1,1,,,,1263431,669851.5
1484317800,24.29,25.4697,24.29,25.23,24.66067827731467,24.781347108762812,0,0,0,13.5601,26.48,35.95,,,3,1,1,1,,,,996704,657033.1
1484663400,25.17,25.17,24.445,24.82,24.692542621851736,24.784861007966192,0,0,0,13.5601,26.48,35.95,,,3,1,1,1,,,,1246012,689533.3
1484749800,24.86,25.37,24.69,25.1,24.77403409748139,24.813510007241995,0,0,0,13.5601,26.48,35.95,,,3,1,1,1,,,,554036,667103.35
1484836200,25.02,25.36,24.83,25.09,24.83722727798511,24.838645461129087,0,0,0,13.5601,26.48,35.95,,,3,1,1,1,,,,833199,677295.8
1484922600,25.24,25.24,24.7532,24.85,24.83978182238809,24.839677691935535,0,0,0,13.5601,26.48,35.95,,,3,1,1,1,,,,483640,678916
1485181800,24.8,24.98,24.67,24.81,24.83382545791047,24.836979719941397,0,0,0,13.5601,26.48,35.95,,,3,1,1,1,,,,348309,600006
1485268200,24.84,25.45,24.82,25.18,24.903060366328376,24.868163381764905,0,0,0,13.5601,26.48,35.95,,,3,1,1,1,,,,467905,592828.35
1485354600,25.39,25.5,24.89,25.11,24.9444482930627,24.890148528877187,0,0,0,13.5601,26.48,35.95,,,3,1,1,1,,,,400426,593222.1
1485441000,25.11,25.26,24.73,24.88,24.93155863445016,24.889225935342896,0,0,0,13.5601,26.48,35.95,,,3,1,1,1,,,,260503,579233.85
1485527400,24.88,24.96,24.65,24.83,24.911246907560127,24.88384175940263,0,0,0,13.5601,26.48,35.95,,,3,1,1,1,,,,388035,578932.5
1485786600,24.62,24.99,24.33,24.89,24.9069975260481,24.88440159945694,0,0,0,13.5601,26.48,35.95,,,3,1,1,1,,,,566383,584533.15
1485873000,24.83,25.03,24.5,24.98,24.92159802083848,24.89309236314267,0,0,0,13.5601,26.48,35.95,,,3,1,1,1,,,,586509,596791.45
1485959400,25.13,25.3,24.91,25.13,24.963278416670786,24.914629421038793,0,0,0,13.5601,26.48,35.95,,,3,1,1,1,,,,501056,599974
1486045800,25.18,25.99,25.13,25.72,25.114622733336628,24.987844928217083,0,0,0,13.5601,26.48,35.95,,,3,1,1,1,,,,756106,606412.15
1486132200,25.74,26.35,25.52,26.27,25.345698186669303,25.10440448019735,0,0,0,13.5601,26.48,35.95,,,3,1,1,1,,,,876999,624063.4
1486391400,26.33,26.99,26.18,26.92,25.66055854933544,25.269458618361227,0,0,0,13.5601,26.48,35.95,,,3,1,1,1,,,,1059077,661442.75
1486477800,27.02,27.41,26.68,26.81,25.890446839468353,25.409507834873843,0,0,0,13.5601,26.48,35.95,,,3,1,1,1,,,,966893,687213.25
1486564200,26.79,26.85,26.22,26.54,26.020357471574684,25.51227984988531,0,0,0,13.5601,26.48,35.95,,,3,1,1,1,,,,880765,691168
1486650600,26.5,27.17,26.4,26.89,26.194285977259746,25.637527136259372,0,0,0,13.5601,26.48,35.95,,,3,1,1,1,,,,623714,702985.1
1486737000,27,27.4,26.87,27.34,26.423428781807797,25.79229739659943,0,0,0,13.5601,26.48,35.95,,,3,1,1,1,,,,1043424,691984.75
1486996200,27.4,27.56,27.15,27.18,26.57474302544624,25.918452178726756,0,0,0,13.5601,26.48,35.95,,,3,1,1,1,,,,493709,666835
1487082600,27.16,27.19,26.89,27.01,26.66179442035699,26.017683798842505,0,0,0,13.5601,26.48,35.95,,,3,1,1,1,,,,331597,621114.25
1487169000,26.7,26.85,26.35,26.53,26.63543553628559,26.06425799894773,0,0,0,13.5601,26.48,35.95,,,3,1,1,1,,,,722605,629542.7
1487255400,26.49,26.68,26.27,26.67,26.642348429028473,26.119325453588846,0,0,0,13.5601,26.48,35.95,,,3,1,1,1,,,,437995,609782.5
1487341800,26.5,26.6889,26.29,26.5,26.613878743222777,26.153932230535315,0,0,0,13.5601,26.48,35.95,,,3,1,1,1,,,,722691,621735.05
1487687400,26.42,26.7,26.36,26.57,26.60510299457822,26.191756573213922,0,0,0,13.5601,26.48,35.95,,,3,1,1,1,,,,431208,625880
1487773800,26.42,26.59,26.02,26.24,26.532082395662577,26.196142339285384,0,0,0,13.5601,26.48,35.95,,,3,1,1,1,,,,624347,633702.1
1487860200,26.31,26.4299,25.41,25.47,26.319665916530063,26.13012939935035,0,0,0,13.5601,26.48,35.95,,,3,1,1,1,,,,631937,645277.65
1487946600,25.47,25.78,25.26,25.625,26.18073273322405,26.08420854486395,0,0,0,13.5601,26.48,35.95,,,3,1,1,1,,,,881486,676326.8
1488205800,25.67,26.23,25.63,26.08,26.16058618657924,26.08382594987632,0,0,0,13.5601,26.48,35.95,,,3,1,1,1,,,,1097630,711806.55
1488292200,26.13,26.24,25.44,25.67,26.062468949263394,26.046205408978473,0,0,0,13.5601,26.48,35.95,,,3,1,1,1,,,,1409870,753980.9
1488378600,24.77,25.13,22.905,24.34,25.717975159410717,25.891095826344067,0,0,0,13.5601,26.48,35.95,,,3,1,1,1,,,,5409903,995150.6
1488465000,24.23,24.23,22.52,22.97,25.16838012752857,25.625541660312788,0,0,0,13.5601,26.48,35.95,,,3,1,1,1,,,,4346595,1187427.55
1488551400,23.01,23.27,22.1,22.81,24.696704102022856,25.36958332755708,0,0,0,13.5601,26.48,35.95,,,3,1,1,1,,,,1920478,1245646.15
1488810600,22.8,23.111,22.4,22.53,24.263363281618286,25.111439388688254,0,0,0,13.5601,26.48,35.95,,,3,1,1,1,,,,1554405,1279516.45
1488897000,22.42,22.7,22.4,22.49,23.90869062529463,24.873126716989322,0,0,0,13.5601,26.48,35.95,,,3,1,1,1,,,,1289093,1291017.25
1488983400,22.61,22.64,22.3,22.37,23.600952500235703,24.645569742717566,0,0,0,13.5601,26.48,35.95,,,3,1,1,1,,,,867870,1286066.1
1489069800,22.36,22.62,22.22,22.49,23.378762000188562,24.449608857015967,0,0,0,13.5601,26.48,35.95,,,3,1,1,1,,,,1064185,1295237.1
1489156200,22.62,22.86,22.5,22.63,23.22900960015085,24.284189870014515,0,0,0,13.5601,26.48,35.95,,,3,1,1,1,,,,803113,1304207.05
1489411800,22.57,22.84,22.5,22.81,23.14520768012068,24.150172609104104,0,0,0,13.5601,26.48,35.95,,,3,1,1,1,,,,824252,1293248.45
1489498200,22.7,22.96,22.58,22.89,23.094166144096544,24.03561146282191,0,0,0,13.5601,26.48,35.95,,,3,1,1,1,,,,624537,1299789.85
1489584600,22.99,23.1,22.63,23.01,23.077332915277236,23.94237405711083,0,0,0,13.5601,26.48,35.95,,,3,1,1,1,,,,818698,1324144.9
1489671000,23.03,23.19,22.718,22.76,23.013866332221788,23.83488550646439,0,0,0,13.5601,26.48,35.95,,,3,1,1,1,,,,697090,1322869.15
1489757400,22.77,23.48,22.715,23.39,23.08909306577743,23.79444136951308,0,0,0,13.5601,26.48,35.95,,,3,1,1,1,,,,1524796,1377209.2
1490016600,23.46,23.63,22.88,22.94,23.059274452621946,23.71676488137553,0,0,0,13.5601,26.48,35.95,,,3,1,1,1,,,,971759,1389662.6
1490103000,23.01,23.33,22.43,22.46,22.939419562097555,23.602513528523207,0,0,0,13.5601,26.48,35.95,,,3,1,1,1,,,,775646,1406884.5
1490189400,22.47,22.93,22.22,22.45,22.841535649678043,23.497739571384734,0,0,0,13.5601,26.48,35.95,,,3,1,1,1,,,,638980,1407616.15
1490275800,22.5,22.7701,22.32,22.63,22.799228519742435,23.418854155804304,0,0,0,13.5601,26.48,35.95,,,3,1,1,1,,,,698040,1410921.3
1490362200,22.67,22.89,22.36,22.5,22.73938281579395,23.335321959822096,0,0,0,13.5601,26.48,35.95,,,3,1,1,1,,,,501325,1391913.25
1490621400,22.22,22.575,22.05,22.47,22.685506252635157,23.256656327110996,0,0,0,13.5601,26.48,35.95,,,3,1,1,1,,,,479183,1360990.9
1490707800,22.43,22.82,22.25,22.79,22.706405002108127,23.214233024646358,0,0,0,13.5601,26.48,35.95,,,3,1,1,1,,,,611692,1321082
1490794200,22.76,22.82,22.56,22.64,22.693124001686503,23.16203002240578,0,0,0,13.5601,26.48,35.95,,,3,1,1,1,,,,498815,1075527.6
1490880600,22.63,23.3442,22.63,23.22,22.798499201349202,23.16730002036889,0,0,0,13.5601,26.48,35.95,,,3,1,1,1,,,,1005628,908479.25
1490967000,23.18,23.215,22.77,22.79,22.796799361079362,23.133000018517173,0,0,0,13.5601,26.48,35.95,,,3,1,1,1,,,,845893,854750
1491226200,22.78,22.83,22.48,22.5,22.73743948886349,23.07545456228834,0,0,0,13.5601,26.48,35.95,,,3,1,1,1,,,,605565,807308
1491312600,22.47,22.64,21.97,22,22.58995159109079,22.97768596571667,0,0,0,13.5601,26.48,35.95,,,3,1,1,1,,,,1099850,797845.85
1491399000,23.35,23.393,21.18,21.9,22.451961272872634,22.879714514287883,0,0,0,13.5601,26.48,35.95,,,3,1,1,1,,,,10303281,1269616.4
1491485400,22.3,23.1,21.895,23.08,22.577569018298107,22.89792228571626,1,0,0,13.5601,26.48,35.95,,,3,2,1,1,1,,,2162103,1324512.3
1491571800,23.25,23.61,22.67,23.27,22.716055214638484,22.931747532469327,0,0,0,13.5601,26.48,35.95,,,3,2,1,1,,,,1900527,1379383
1491831000,23.3,24.58,23.27,23.27,22.826844171710786,22.9624977567903,0,0,0,13.5601,26.48,35.95,,,3,2,1,1,,,,2089927,1442666.75
1491917400,23.27,23.42,22.95,23.18,22.89747533736863,22.982270687991182,0,0,0,13.5601,26.48,35.95,,,3,2,1,1,,,,975608,1460220.3
1492003800,23.27,23.35,22.34,22.42,22.801980269894905,22.931155170901075,0,0,0,13.5601,26.48,35.95,,,3,2,1,1,,,,973706,1467970.7
1492090200,22.22,22.5,22.02,22.04,22.649584215915922,22.850141064455524,0,0,0,13.5601,26.48,35.95,,,3,2,1,1,,,,867084,1476470.4
1492435800,22.04,22.17,21.95,22.08,22.53566737273274,22.78012824041411,0,0,0,13.5601,26.48,35.95,,,3,2,1,1,,,,699939,1435227.55
1492522200,22.06,22.51,22.02,22.5,22.52853389818619,22.7546620367401,0,0,0,13.5601,26.48,35.95,,,3,2,1,1,,,,833061,1428292.65
1492608600,22.55,22.91,22.545,22.73,22.568827118548953,22.752420033400092,0,0,0,13.5601,26.48,35.95,,,3,2,1,1,,,,413565,1410188.6
1492695000,22.94,23.36,22.79,23.3,22.71506169483916,22.80220003036372,0,0,0,13.5601,26.48,35.95,,,3,2,1,1,,,,801913,1418335.25
1492781400,23.34,23.78,23.29,23.69,22.91004935587133,22.882909118512472,0,0,0,13.5601,26.48,35.95,,,3,2,1,1,,,,988780,1432872.25
1493040600,24,24.05,23.72,24.02,23.132039484697064,22.98628101682952,0,0,0,13.5601,26.48,35.95,,,3,2,1,1,,,,943246,1454968.3
1493127000,24.21,24.3,24.0801,24.17,23.33963158775765,23.093891833481383,0,0,0,13.5601,26.48,35.95,,,3,2,1,1,,,,619206,1461969.45
1493213400,24.12,24.48,24,24.26,23.523705270206122,23.199901666801257,0,0,0,13.5601,26.48,35.95,,,3,2,1,1,,,,610935,1461931.6
1493299800,24.36,24.73,24.36,24.7,23.758964216164898,23.336274242546597,0,0,0,13.5601,26.48,35.95,,,3,2,1,1,,,,677772,1470879.45
1493386200,24.75,24.75,24.4374,24.58,23.923171372931918,23.449340220496907,0,0,0,13.5601,26.48,35.95,,,3,2,1,1,,,,590719,1450134
1493645400,24.72,24.82,24.54,24.75,24.088537098345533,23.56758201863355,0,0,0,13.5601,26.48,35.95,,,3,2,1,1,,,,495141,1432596.4
1493731800,24.66,24.82,24.61,24.78,24.226829678676427,23.67780183512141,0,0,0,13.5601,26.48,35.95,,,3,2,1,1,,,,455137,1425075
1493818200,24.58,24.77,24.5,24.74,24.32946374294114,23.774365304655827,0,0,0,13.5601,26.48,35.95,,,3,2,1,1,,,,348583,1387511.65
1493904600,24.77,24.9,24.68,24.84,24.431570994352914,23.871241186050753,0,0,0,13.5601,26.48,35.95,,,3,2,1,1,,,,551738,899934.5
1493991000,24.88,24.95,24.675,24.95,24.53525679548233,23.96931016913705,0,0,0,13.5601,26.48,35.95,,,3,2,1,1,,,,398798,811769.25
1494250200,24.84,25.07,24.59,25.04,24.636205436385865,24.06664560830641,0,0,0,13.5601,26.48,35.95,,,3,2,1,1,,,,668173,750151.55
1494336600,24.9,25.51,24.9,25.18,24.74496434910869,24.167859643914916,0,0,0,13.5601,26.48,35.95,,,3,2,1,1,,,,1249735,708141.95
1494423000,26.97,28.17,25.66,26.25,25.045971479286955,24.357145130831743,0,1,0,13.5601,26.48,35.95,,,3,3,1,1,,1,,3422993,830511.2
1494509400,26.06,26.29,25.75,26,25.236777183429563,24.506495573483402,0,0,0,13.5601,26.48,35.95,,,3,3,1,1,,,,922313,827941.55
1494595800,26,26.3,25.96,25.99,25.38742174674365,24.641359612257638,0,0,0,13.5601,26.48,35.95,,,3,3,1,1,,,,885254,828850.05
1494855000,25.99,26.04,25.15,25.16,25.341937397394922,24.688508738416033,0,0,0,13.5601,26.48,35.95,,,3,3,1,1,,,,941017,840903.95
1494941400,25.1,25.61,24.83,25.56,25.385549917915938,24.767735216741848,0,0,0,13.5601,26.48,35.95,,,3,3,1,1,,,,909716,844736.7
1495027800,25.36,25.36,24.56,24.59,25.22643993433275,24.751577469765316,0,0,0,13.5601,26.48,35.95,,,3,3,1,1,,,,1042396,876178.25
1495114200,24.5,24.65,24.08,24.13,25.0071519474662,24.695070427059377,0,0,0,13.5601,26.48,35.95,,,3,3,1,1,,,,764220,874293.6
1495200600,24.13,24.84,24.13,24.6,24.92572155797296,24.68642766096307,0,0,0,13.5601,26.48,35.95,,,3,3,1,1,,,,543075,852008.35
1495459800,24.72,24.82,24.53,24.73,24.88657724637837,24.6903887826937,0,0,0,13.5601,26.48,35.95,,,3,3,1,1,,,,350944,822393.25
1495546200,24.75,24.94,24.46,24.88,24.885261797102697,24.70762616608518,0,0,0,13.5601,26.48,35.95,,,3,3,1,1,,,,493380,816101.95
1495632600,24.88,25.01,24.69,24.78,24.864209437682156,24.714205605531983,0,0,0,13.5601,26.48,35.95,,,3,3,1,1,,,,464934,808801.9
1495719000,24.96,25.15,24.765,24.99,24.889367550145725,24.739277823210895,0,0,0,13.5601,26.48,35.95,,,3,3,1,1,,,,554212,802623.9
1495805400,25,25.0336,24.62,24.9,24.89149404011658,24.75388893019172,0,0,0,13.5601,26.48,35.95,,,3,3,1,1,,,,461329,796154.4
1496151000,24.75,24.8657,24.45,24.59,24.831195232093265,24.738989936537926,0,0,0,13.5601,26.48,35.95,,,3,3,1,1,,,,529221,797858.4
1496237400,24.67,24.74,23.98,24.01,24.66695618567461,24.67271812412539,0,0,0,13.5601,26.48,35.95,,,3,3,1,1,,,,781740,814188.55
1496323800,24.1,24.5,23.9953,24.46,24.62556494853969,24.653380112841262,0,0,0,13.5601,26.48,35.95,,,3,3,1,1,,,,728103,833164.55
1496410200,24.42,24.83,24.4,24.52,24.604451958831753,24.64125464803751,0,0,0,13.5601,26.48,35.95,,,3,3,1,1,,,,600554,835605.35
1496669400,24.44,24.59,24.14,24.4,24.563561567065403,24.61932240730683,0,0,0,13.5601,26.48,35.95,,,3,3,1,1,,,,753151,853323
1496755800,24.24,24.74,24.2,24.66,24.582849253652324,24.623020370278937,0,0,0,13.5601,26.48,35.95,,,3,3,1,1,,,,476917,843760.2
1496842200,24.6,24.71,24.17,24.26,24.51827940292186,24.590018518435397,0,0,0,13.5601,26.48,35.95,,,3,3,1,1,,,,518379,807192.4
1496928600,24.25,24.58,24.18,24.44,24.502623522337487,24.576380471304905,0,0,0,13.5601,26.48,35.95,,,3,3,1,1,,,,459676,659026.55
1497015000,24.34,24.67,24.1754,24.37,24.47609881786999,24.557618610277185,0,0,0,13.5601,26.48,35.95,,,3,3,1,1,,,,483086,637065.2
1497274200,24.33,24.46,24.11,24.2,24.42087905429599,24.525107827524714,0,0,0,13.5601,26.48,35.95,,,3,3,1,1,,,,362227,610913.85
1497360600,24.26,24.5,24.12,24.47,24.430703243436792,24.520098025022467,0,0,0,13.5601,26.48,35.95,,,3,3,1,1,,,,475426,587634.3
1497447000,24.38,24.5,24.17,24.27,24.398562594749432,24.497361840929514,0,0,0,13.5601,26.48,35.95,,,3,3,1,1,,,,410250,562661
1497533400,24.1,25,24.04,24.76,24.470850075799547,24.52123803720865,0,0,0,13.5601,26.48,35.95,,,3,3,1,1,,,,590208,540051.6
1497619800,24.5,25.5,24.33,25.36,24.648680060639638,24.597489124735137,0,0,0,13.5601,26.48,35.95,,,3,3,1,1,,,,1351558,569418.5
1497879000,25.53,25.69,25.29,25.41,24.80094404851171,24.671353749759216,0,0,0,13.5601,26.48,35.95,,,3,3,1,1,,,,509701,567749.8
1497965400,25.6,27,25.55,25.77,24.99475523880937,24.771230681599288,0,0,0,13.5601,26.48,35.95,,,3,3,1,1,,,,1432654,621835.3
1498051800,25.76,26.375,25.735,26.02,25.199804191047495,24.88475516509026,0,0,0,13.5601,26.48,35.95,,,3,3,1,1,,,,807239,637528.25
1498138200,26,26.4,25.815,26.29,25.417843352837995,25.012504695536602,0,0,0,13.5601,26.48,35.95,,,3,3,1,1,,,,515214,640042.25
1498224600,26.32,26.42,26.14,26.32,25.598274682270397,25.131367905033276,0,0,0,13.5601,26.48,35.95,,,3,3,1,1,,,,396249,632144.1
1498483800,26.27,26.39,25.88,25.96,25.670619745816317,25.206698095484796,0,0,0,13.5601,26.48,35.95,,,3,3,1,1,,,,394856,628820.45
1498570200,25.93,25.99,25.35,25.44,25.624495796653054,25.227907359531635,0,0,0,13.5601,26.48,35.95,,,3,3,1,1,,,,513801,628049.45
1498656600,25.61,26.02,25.52,25.86,25.671596637322445,25.28537032684694,0,0,0,13.5601,26.48,35.95,,,3,3,1,1,,,,354069,606665.9
1498743000,25.87,25.97,24.76,25.17,25.571277309857955,25.2748821153154,0,0,0,13.5601,26.48,35.95,,,3,3,1,1,,,,494407,594981.1
1498829400,25.2,25.46,24.97,25.14,25.485021847886365,25.26262010483218,0,0,0,13.5601,26.48,35.95,,,3,3,1,1,,,,418130,585859.9
1499088600,25.22,25.45,25.02,25.16,25.42001747830909,25.253291004392892,0,0,0,13.5601,26.48,35.95,,,3,3,1,1,,,,194351,557919.9
1499261400,25.09,25.5,25.03,25.27,25.39001398264727,25.254810003993537,0,0,0,13.5601,26.48,35.95,,,3,3,1,1,,,,349601,551554.1
1499347800,25.28,25.39,24.94,25.05,25.322011186117816,25.236190912721398,0,0,0,13.5601,26.48,35.95,,,3,3,1,1,,,,529936,552131.95
1499434200,23.95,25.25,23.7739,25.09,25.275608948894252,25.222900829746724,0,0,0,13.5601,26.48,35.95,,,3,3,1,1,,,,745200,566408.15
1499693400,25.04,25.31,24.71,25.02,25.2244871591154,25.204455299769748,0,0,0,13.5601,26.48,35.95,,,3,3,1,1,,,,345363,559522
1499779800,24.93,25.55,24.87,25.32,25.24358972729232,25.214959363427045,0,0,0,13.5601,26.48,35.95,,,3,3,1,1,,,,407098,561765.55
1499866200,25.42,25.71,25.28,25.47,25.288871781833855,25.238144875842767,0,0,0,13.5601,26.48,35.95,,,3,3,1,1,,,,399553,557971.9
1499952600,25.43,25.5,25.07,25.23,25.277097425467083,25.237404432584334,0,0,0,13.5601,26.48,35.95,,,3,3,1,1,,,,419300,558424.4
1500039000,25.13,25.4,24.85,25.29,25.279677940373666,25.242185847803942,0,0,0,13.5601,26.48,35.95,,,3,3,1,1,,,,522432,555035.6
1500298200,25.24,25.85,25.19,25.82,25.387742352298933,25.294714407094492,0,0,0,13.5601,26.48,35.95,,,3,3,1,1,,,,440984,509506.9
1500384600,25.72,25.72,25.1971,25.23,25.356193881839147,25.28883127917681,0,0,0,13.5601,26.48,35.95,,,3,3,1,1,,,,434762,505759.95
1500471000,25.2,25.56,25.15,25.39,25.36295510547132,25.298028435615283,0,0,0,13.5601,26.48,35.95,,,3,3,1,1,,,,357356,451995.05
1500557400,25.45,25.45,25.061,25.38,25.366364084377054,25.305480396013895,0,0,0,13.5601,26.48,35.95,,,3,3,1,1,,,,280041,425635.15
1500643800,25.58,25.58,25.19,25.26,25.345091267501644,25.301345814558086,0,0,0,13.5601,26.48,35.95,,,3,3,1,1,,,,369479,418348.4
1500903000,25.23,25.53,25.106,25.37,25.350073014001314,25.307587104143714,0,0,0,13.5601,26.48,35.95,,,3,3,1,1,,,,275463,412309.1
1500989400,25.42,25.521,25.18,25.41,25.36205841120105,25.316897367403378,0,0,0,13.5601,26.48,35.95,,,3,3,1,1,,,,386546,411893.6
1501075800,25.47,25.48,24.96,25.22,25.33364672896084,25.308088515821254,0,0,0,13.5601,26.48,35.95,,,3,3,1,1,,,,526175,412512.3
1501162200,25.23,25.37,24.8,24.99,25.264917383168672,25.27917137801932,0,0,0,13.5601,26.48,35.95,,,3,3,1,1,,,,305564,410087.05
1501248600,24.85,25,24.67,24.72,25.155933906534937,25.2283376163812,0,0,0,13.5601,26.48,35.95,,,3,3,1,1,,,,402589,405496.15
1501507800,24.66,24.74,24.18,24.59,25.04274712522795,25.17030692398291,0,0,0,13.5601,26.48,35.95,,,3,3,1,1,,,,605322,414855.75
1501594200,24.6,24.88,24.27,24.87,25.00819770018236,25.14300629452992,0,0,0,13.5601,26.48,35.95,,,3,3,1,1,,,,497216,429999
1501680600,24.8,25.04,24.645,24.86,24.978558160145887,25.11727844957265,0,0,0,13.5601,26.48,35.95,,,3,3,1,1,,,,349582,429998.05
1501767000,24.75,25.06,24.75,25,24.98284652811671,25.106616772338775,0,0,0,13.5601,26.48,35.95,,,3,3,1,1,,,,384168,422709.65
1501853400,25,25.46,24.7,25.39,25.064277222493367,25.13237888394434,0,0,0,13.5601,26.48,35.95,,,3,3,1,1,,,,441427,407521
1502112600,25.26,25.8796,25.15,25.72,25.195421777994692,25.185798985403945,0,0,0,13.5601,26.48,35.95,,,3,3,1,1,,,,621353,421320.5
1502199000,25.77,26.31,25.29,25.31,25.218337422395752,25.19708998673086,0,0,0,13.5601,26.48,35.95,,,3,3,1,1,,,,987644,450347.8
1502285400,24.3,25.26,21.8001,23.02,24.7786699379166,24.999172715209873,0,0,0,13.5601,26.48,35.95,,,3,3,1,1,,,,2677728,564256.55
1502371800,23,23.05,22.24,22.46,24.31493595033328,24.768338832008975,0,0,0,13.5601,26.48,35.95,,,3,3,1,1,,,,1510454,618814.25
1502458200,22.65,22.73,21.91,22.36,23.923948760266622,24.549398938189977,0,0,0,13.5601,26.48,35.95,,,3,3,1,1,,,,1181477,651766.5
1502717400,22.56,22.65,22.04,22.18,23.575159008213298,24.33399903471816,0,0,0,13.5601,26.48,35.95,,,3,3,1,1,,,,566983,658066.45
1502803800,22.1,22.37,21.52,21.63,23.18612720657064,24.088180940652872,0,0,0,13.5601,26.48,35.95,,,3,3,1,1,,,,755585,674107.6
1502890200,21.65,21.8,21.34,21.66,22.88090176525651,23.86743721877534,0,0,0,13.5601,26.48,35.95,,,3,3,1,1,,,,679075,690193.55
1502976600,21.55,21.86,21.445,21.48,22.600721412205207,23.650397471613946,0,0,0,13.5601,26.48,35.95,,,3,3,1,1,,,,445299,698456.45
1503063000,21.36,22.15,21.25,22.07,22.494577129764167,23.506724974194498,0,0,0,13.5601,26.48,35.95,,,3,3,1,1,,,,1041968,732080.9
1503322200,22.03,22.14,21.85,22.08,22.411661703811333,23.37702270381318,0,0,0,13.5601,26.48,35.95,,,3,3,1,1,,,,728548,754735.15
1503408600,21.5,22.13,21.4001,21.77,22.283329363049067,23.230929730739252,0,0,0,13.5601,26.48,35.95,,,3,3,1,1,,,,816708,776243.25
1503495000,21.58,21.99,21.45,21.64,22.154663490439255,23.086299755217503,0,0,0,13.5601,26.48,35.95,,,3,3,1,1,,,,662792,783074.1
1503581400,21.81,22.09,21.7525,21.85,22.093730792351405,22.97390886837955,0,0,0,13.5601,26.48,35.95,,,3,3,1,1,,,,495829,792587.35
1503667800,21.62,21.83,21.57,21.58,21.990984633881123,22.847189880345045,0,0,0,13.5601,26.48,35.95,,,3,3,1,1,,,,666677,805791.75
1503927000,21.63,21.95,21.61,21.88,21.968787707104898,22.759263527586405,0,0,0,13.5601,26.48,35.95,,,3,3,1,1,,,,617142,806382.75
1504013400,21.77,21.91,21.61,21.62,21.899030165683918,22.655694115987643,0,0,0,13.5601,26.48,35.95,,,3,3,1,1,,,,383956,800719.75
1504099800,21.6,21.69,21.44,21.59,21.837224132547135,22.55881283271604,0,0,0,13.5601,26.48,35.95,,,3,3,1,1,,,,378616,802171.45
1504186200,21.69,21.87,21.6318,21.71,21.811779306037707,22.481648029741855,0,0,0,13.5601,26.48,35.95,,,3,3,1,1,,,,445077,805216.9
1504272600,21.73,21.98,21.64,21.73,21.795423444830167,22.413316390674414,0,0,0,13.5601,26.48,35.95,,,3,3,1,1,,,,358161,801053.6
1504618200,21.66,21.98,21.53,21.98,21.832338755864132,22.373923991522194,0,0,0,13.5601,26.48,35.95,,,3,3,1,1,,,,390587,789515.3
1504704600,22,22,21.7,21.73,21.811871004691305,22.31538544683836,0,0,0,13.5601,26.48,35.95,,,3,3,1,1,,,,533715,766818.85
1504791000,21.74,21.99,21.48,21.5,21.749496803753043,22.24125949712578,0,0,0,13.5601,26.48,35.95,,,3,3,1,1,,,,531249,659494.9
1504877400,21.51,21.96,21.46,21.64,21.727597443002434,22.18659954284162,0,0,0,13.5601,26.48,35.95,,,3,3,1,1,,,,517184,609831.4
1505136600,21.79,22.25,21.72,21.86,21.754077954401946,22.156908675310564,0,0,0,13.5601,26.48,35.95,,,3,3,1,1,,,,428423,572178.7
1505223000,21.87,22.35,21.86,22.35,21.873262363521558,22.174462432100512,0,0,0,13.5601,26.48,35.95,,,3,3,1,1,,,,692071,578433.1
1505309400,22.34,22.56,22.21,22.4,21.978609890817246,22.194965847364102,0,0,0,13.5601,26.48,35.95,,,3,3,1,1,,,,447459,563026.8
1505395800,22.52,22.76,22.4,22.54,22.0908879126538,22.226332588512822,0,0,0,13.5601,26.48,35.95,,,3,3,1,1,,,,520293,555087.7
1505482200,22.59,22.73,21.945,22.3,22.13271033012304,22.233029625920746,0,0,0,13.5601,26.48,35.95,,,3,3,1,1,,,,1268159,596230.7
1505741400,22.34,22.68,22.3,22.4,22.18616826409843,22.24820875083704,0,0,0,13.5601,26.48,35.95,,,3,3,1,1,,,,490474,568656
1505827800,22.45,22.5065,22.02,22.07,22.162934611278743,22.2320079553064,0,0,0,13.5601,26.48,35.95,,,3,3,1,1,,,,417960,553126.6
1505914200,22.21,23.22,22.085,22.91,22.312347689022996,22.29364359573309,0,0,0,13.5601,26.48,35.95,,,3,3,1,1,,,,748659,549724.15
1506000600,22.91,23.1199,22.7,22.8,22.409878151218397,22.33967599612099,0,0,0,13.5601,26.48,35.95,,,3,3,1,1,,,,467466,539957.85
1506087000,22.77,23.14,22.64,22.65,22.457902520974717,22.367887269200903,0,0,0,13.5601,26.48,35.95,,,3,3,1,1,,,,284281,529380.45
1506346200,22.66,22.7312,22.18,22.59,22.484322016779775,22.388079335637183,0,0,0,13.5601,26.48,35.95,,,3,3,1,1,,,,510969,521595.05
1506432600,22.59,22.95,22.54,22.66,22.51945761342382,22.412799396033805,0,0,0,13.5601,26.48,35.95,,,3,3,1,1,,,,373235,509399.7
1506519000,22.72,23.07,22.67,23.05,22.625566090739056,22.470726723667095,0,0,0,13.5601,26.48,35.95,,,3,3,1,1,,,,552961,517849.95
1506605400,23.1,23.49,22.89,23.09,22.718452872591246,22.527024294242814,0,0,0,13.5601,26.48,35.95,,,3,3,1,1,,,,531720,525505.15
1506691800,23.08,23.2,22.65,22.67,22.708762298072998,22.540022085675286,0,0,0,13.5601,26.48,35.95,,,3,3,1,1,,,,544074,530455
1506951000,22.77,23.04,22.66,22.91,22.7490098384584,22.57365644152299,0,0,0,13.5601,26.48,35.95,,,3,3,1,1,,,,478679,536480.9
1507037400,23.04,23.31,23.04,23.2,22.839207870766717,22.630596765020897,0,0,0,13.5601,26.48,35.95,,,3,3,1,1,,,,491058,541504.45
1507123800,23.26,23.77,23.2,23.77,23.025366296613374,22.734178877291725,0,0,0,13.5601,26.48,35.95,,,3,3,1,1,,,,595738,544605.6
1507210200,23.72,23.86,23.5492,23.64,23.1482930372907,22.81652625208339,0,0,0,13.5601,26.48,35.95,,,3,3,1,1,,,,225812,529333.75
1507296600,23.64,23.78,23.5005,23.72,23.26263442983256,22.898660229166715,0,0,0,13.5601,26.48,35.95,,,3,3,1,1,,,,317653,519357.2
1507555800,23.72,23.82,23.53,23.56,23.322107543866046,22.958782026515195,0,0,0,13.5601,26.48,35.95,,,3,3,1,1,,,,287729,512322.5
1507642200,23.57,23.835,23.39,23.82,23.421686035092836,23.03707456955927,0,0,0,13.5601,26.48,35.95,,,3,3,1,1,,,,507581,503098
1507728600,23.77,24,23.77,23.9,23.51734882807427,23.11552233596297,0,0,0,13.5601,26.48,35.95,,,3,3,1,1,,,,456215,503535.8
1507815000,24.03,24.55,23.96,24.45,23.703879062459414,23.236838487239066,0,0,0,13.5601,26.48,35.95,,,3,3,1,1,,,,678118,511427.05
1507901400,24.62,24.73,24.42,24.6,23.883103249967533,23.360762261126425,0,0,0,13.5601,26.48,35.95,,,3,3,1,1,,,,575197,476778.95
1508160600,24.65,24.7,24.225,24.31,23.968482599974028,23.447056601024023,0,0,0,13.5601,26.48,35.95,,,3,3,1,1,,,,435447,474027.6
1508247000,24.19,24.47,24.11,24.44,24.062786079979222,23.537324182749114,0,0,0,13.5601,26.48,35.95,,,3,3,1,1,,,,415563,473907.75
1508333400,23.94,25.02,23.6,24.99,24.24822886398338,23.669385620681012,0,0,0,13.5601,26.48,35.95,,,3,3,1,1,,,,1491577,511053.65
1508419800,24.78,24.919,24.42,24.62,24.322583091186704,23.75580510971001,0,0,0,13.5601,26.48,35.95,,,3,3,1,1,,,,594784,517419.55
1508506200,23.5,24.03,22.86,23.01,24.060066472949362,23.68800464519092,0,0,0,13.5601,26.48,35.95,,,3,3,1,1,,,,4110119,708711.45
1508765400,22.8,22.9699,22.3275,22.59,23.76605317835949,23.588186041082654,0,0,0,13.5601,26.48,35.95,,,3,3,1,1,,,,829389,724632.45
1508851800,22.48,22.54,22.115,22.32,23.476842542687592,23.47289640098423,0,0,0,13.5601,26.48,35.95,,,3,3,1,1,,,,1060735,759007.45
1508938200,22.14,22.46,22.09,22.17,23.215474034150073,23.354451273622026,0,0,0,13.5601,26.48,35.95,,,3,3,1,1,,,,769058,769812.3
1509024600,22.1,22.47,22.0824,22.43,23.05837922732006,23.270410248747297,0,0,0,13.5601,26.48,35.95,,,3,3,1,1,,,,527970,769624.8
1509111000,22.49,22.93,22.2501,22.92,23.03070338185605,23.23855477158845,0,0,0,13.5601,26.48,35.95,,,3,3,1,1,,,,607400,772791.1
1509370200,22.76,22.91,22.66,22.87,22.99856270548484,23.205049792353137,0,0,0,13.5601,26.48,35.95,,,3,3,1,1,,,,622085,779961.4
1509456600,22.96,23.15,22.89,22.97,22.99285016438787,23.183681629411943,0,0,0,13.5601,26.48,35.95,,,3,3,1,1,,,,512033,781010.15
1509543000,23,23.045,22.81,23.03,23.000280131510298,23.169710572192674,0,0,0,13.5601,26.48,35.95,,,3,3,1,1,,,,429431,772694.8
1509629400,23,23.5,22.9,23.48,23.09622410520824,23.19791870199334,0,0,0,13.5601,26.48,35.95,,,3,3,1,1,,,,460818,784445.1
1509715800,23.45,23.45,23.175,23.41,23.15897928416659,23.217198819993946,0,0,0,13.5601,26.48,35.95,,,3,3,1,1,,,,421201,789622.5
1509978600,23.4,23.49,23.16,23.22,23.171183427333272,23.21745347272177,0,0,0,13.5601,26.48,35.95,,,3,3,1,1,,,,672099,808841
1510065000,23.2,23.35,22.84,22.85,23.10694674186662,23.184048611565245,0,0,0,13.5601,26.48,35.95,,,3,3,1,1,,,,892183,828071.1
1510151400,22.62,22.73,20.57,21.43,22.771557393493296,23.024589646877494,0,0,0,13.5601,26.48,35.95,,,3,3,1,1,,,,2981718,954346.25
1510237800,21.31,22.38,20.92,21.53,22.523245914794636,22.888717860797723,0,0,0,13.5601,26.48,35.95,,,3,3,1,1,,,,1148675,977874.1
1510324200,21.43,21.46,21.15,21.16,22.25059673183571,22.731561691634294,0,0,0,13.5601,26.48,35.95,,,3,3,1,1,,,,623517,980290.1
1510583400,21.02,21.47,21.02,21.12,22.02447738546857,22.585056083303904,0,0,0,13.5601,26.48,35.95,,,3,3,1,1,,,,658364,991435.95
1510669800,21.01,21.44,20.8099,21.4,21.899581908374856,22.477323712094456,0,0,0,13.5601,26.48,35.95,,,3,3,1,1,,,,908065,1016061.05
1510756200,21.17,21.95,21.13,21.89,21.897665526699885,22.423930647358596,0,0,0,13.5601,26.48,35.95,,,3,3,1,1,,,,801989,981581.65
1510842600,21.88,22.46,21.8,22.39,21.99613242135991,22.42084604305327,0,0,0,13.5601,26.48,35.95,,,3,3,1,1,,,,934211,998553
1510929000,22.5,23.45,22.49,23.13,22.222905937087926,22.485314584593883,0,0,0,13.5601,26.48,35.95,,,3,3,1,1,,,,1136100,849852.05
1511188200,23.19,23.85,23.19,23.61,22.50032474967034,22.587558713267168,0,0,0,13.5601,26.48,35.95,,,3,3,1,1,,,,1105699,863667.55
1511274600,23.74,23.88,23.265,23.85,22.770259799736273,22.70232610297015,0,0,0,13.5601,26.48,35.95,,,3,3,1,1,,,,1148216,868041.6
1511361000,23.86,24,23.55,23.77,22.97020783978902,22.7993873663365,0,0,0,13.5601,26.48,35.95,,,3,3,1,1,,,,664871,862832.25
1511533800,23.87,24.07,23.72,24.06,23.188166271831214,22.913988514851365,0,0,0,13.5601,26.48,35.95,,,3,3,1,1,,,,249234,848895.45
1511793000,24.1,24.45,23.92,24.43,23.43653301746497,23.051807740773967,0,0,0,13.5601,26.48,35.95,,,3,3,1,1,,,,468988,841974.85
1511879400,24.46,25.01,24.27,24.87,23.723226413971975,23.21709794615815,0,0,0,13.5601,26.48,35.95,,,3,3,1,1,,,,521486,836944.9
1511965800,24.79,25.09,24.54,24.97,23.97258113117758,23.37645267832559,0,0,0,13.5601,26.48,35.95,,,3,3,1,1,,,,519770,837331.75
1512052200,24.99,25.22,24.725,24.88,24.154064904942064,23.51313879847781,0,0,0,13.5601,26.48,35.95,,,3,3,1,1,,,,511715,841445.95
1512138600,24.9,24.91,23.82,24.48,24.219251923953653,23.601035271343466,0,0,0,13.5601,26.48,35.95,,,3,3,1,1,,,,735405,855175.3
1512397800,24.64,24.879,24.06,24.1,24.195401539162923,23.646395701221333,0,0,0,13.5601,26.48,35.95,,,3,3,1,1,,,,783632,873296.85
1512484200,24.1,24.385,23.95,24.09,24.17432123133034,23.686723364746666,0,0,0,13.5601,26.48,35.95,,,3,3,1,1,,,,633073,871345.55
1512570600,24.09,24.28,23.85,24,24.13945698506427,23.715203058860606,0,0,0,13.5601,26.48,35.95,,,3,3,1,1,,,,528361,853154.45
1512657000,24.04,24.69,23.91,24.33,24.177565588051415,23.77109368987328,0,0,0,13.5601,26.48,35.95,,,3,3,1,1,,,,538410,730989.05
1512743400,24.36,24.78,24.32,24.505,24.243052470441132,23.837812445339345,0,0,0,13.5601,26.48,35.95,,,3,3,1,1,,,,498763,698493.45
1513002600,24.53,24.79,24.16,24.59,24.312441976352904,23.906193132126678,0,0,0,13.5601,26.48,35.95,,,3,3,1,1,,,,518485,693241.85
1513089000,24.69,25.2,24.528,25.16,24.481953581082323,24.020175574660616,0,0,0,13.5601,26.48,35.95,,,3,3,1,1,,,,494380,685042.65
1513175400,25.21,26.01,25.16,25.6,24.705562864865858,24.163795976964195,0,0,0,13.5601,26.48,35.95,,,3,3,1,1,,,,906574,684968.1
1513261800,25.59,25.92,25.34,25.43,24.850450291892685,24.278905433603814,0,0,0,13.5601,26.48,35.95,,,3,3,1,1,,,,444246,667080.95
1513348200,25.85,26.4,25.53,26.35,25.15036023351415,24.46718675782165,0,0,0,13.5601,26.48,35.95,,,3,3,1,1,,,,1353144,688027.6
1513607400,26.4,27.06,26.37,27,25.52028818681132,24.69744250711059,0,0,0,13.5601,26.48,35.95,,,3,3,1,1,,,,665190,664482.1
1513693800,27.09,27.09,26.3304,26.5,25.716230549449058,24.861311370100537,0,0,0,13.5601,26.48,35.95,,,3,3,1,1,,,,546143,636504.3
1513780200,26.67,26.67,25.75,25.8,25.732984439559246,24.9466467000914,0,0,0,13.5601,26.48,35.95,,,3,3,1,1,,,,461430,602165
1513866600,25.96,26.6,25.54,26.38,25.862387551647398,25.076951545537636,0,0,0,13.5601,26.48,35.95,,,3,3,1,1,,,,676904,602766.65
1513953000,26.41,26.52,26.05,26.44,25.97791004131792,25.20086504139785,0,0,0,13.5601,26.48,35.95,,,3,3,1,1,,,,271506,603880.25
1514298600,26.16,26.7,26.16,26.47,26.076328033054335,25.31624094672532,0,0,0,13.5601,26.48,35.95,,,3,3,1,1,,,,212709,591066.3
1514385000,26.55,26.74,26.42,26.68,26.197062426443466,25.440219042477562,0,0,0,13.5601,26.48,35.95,,,3,3,1,1,,,,197350,574859.5
1514471400,26.7,26.96,26.5968,26.93,26.343649941154773,25.575653674979602,0,0,0,13.5601,26.48,35.95,,,3,3,1,1,,,,271528,562447.4
1514557800,26.9,26.92,26.47,26.5,26.37491995292382,25.659685159072364,0,0,0,13.5601,26.48,35.95,,,3,3,1,1,,,,380319,555877.6
1514903400,26.52,26.58,26.22,26.55,26.409935962339055,25.740622871883968,0,0,0,13.5601,26.48,35.95,,,3,3,1,1,,,,487831,543498.9
1514989800,26.45,26.79,26.08,26.75,26.477948769871244,25.832384428985424,0,0,0,13.5601,26.48,35.95,,,3,3,1,1,,,,603289,534481.75
1515076200,26.8,26.89,26.5,26.83,26.548359015896995,25.923076753623114,0,0,0,13.5601,26.48,35.95,,,3,3,1,1,,,,358220,520739.1
1515162600,26.85,27.1,26.6204,26.85,26.608687212717598,26.00734250329374,0,0,0,13.5601,26.48,35.95,,,3,3,1,1,,,,369178,512779.95
1515421800,26.82,26.825,26.27,26.77,26.64094977017408,26.076675002994307,0,0,0,13.5601,26.48,35.95,,,3,3,1,1,,,,526381,512178.5
1515508200,26.77,27.08,26.65,26.82,26.676759816139263,26.144250002722096,0,0,0,13.5601,26.48,35.95,,,3,3,1,1,,,,347666,504623.65
1515594600,26.78,26.88,26.4,26.56,26.65340785291141,26.182045457020088,0,0,0,13.5601,26.48,35.95,,,3,3,1,1,,,,412456,499322.2
1515681000,26.58,27,26.52,26.9,26.702726282329127,26.247314051836444,0,0,0,13.5601,26.48,35.95,,,3,3,1,1,,,,602717,504739.05
1515767400,26.99,27.75,26.87,27.56,26.8741810258633,26.366649138033132,0,0,0,13.5601,26.48,35.95,,,3,3,1,1,,,,572787,488049.7
1516113000,27.59,27.96,27.276,27.29,26.95734482069064,26.450590125484666,0,0,0,13.5601,26.48,35.95,,,3,3,1,1,,,,447393,488207.05
1516199400,27.39,27.79,27.3552,27.71,27.10787585655251,26.56508193225879,0,0,0,13.5601,26.48,35.95,,,3,3,1,1,,,,460542,443576.95
1516285800,27.63,27.73,27.27,27.44,27.17430068524201,26.64461993841708,0,0,0,13.5601,26.48,35.95,,,3,3,1,1,,,,479346,434284.75
1516372200,27.41,27.5661,27.16,27.48,27.23544054819361,26.720563580379164,0,0,0,13.5601,26.48,35.95,,,3,3,1,1,,,,331349,423545.05
1516631400,27.48,27.48,27.07,27.47,27.282352438554888,26.78869416398106,0,0,0,13.5601,26.48,35.95,,,3,3,1,1,,,,506593,425803.2
1516717800,27.44,27.49,27.17,27.45,27.31588195084391,26.848812876346418,0,0,0,13.5601,26.48,35.95,,,3,3,1,1,,,,170052,400460.6
1516804200,27.43,27.65,26.9,27.21,27.294705560675126,26.881648069405834,0,0,0,13.5601,26.48,35.95,,,3,3,1,1,,,,415870,407678.8
1516890600,27.31,27.52,27.01,27.52,27.3397644485401,26.939680063096212,0,0,0,13.5601,26.48,35.95,,,3,3,1,1,,,,336219,413854.3
1516977000,27.59,27.74,27.16,27.48,27.36781155883208,26.988800057360194,0,0,0,13.5601,26.48,35.95,,,3,3,1,1,,,,366161,422294.85
1517236200,27.4,27.63,27.205,27.41,27.376249247065665,27.02709096123654,0,0,0,13.5601,26.48,35.95,,,3,3,1,1,,,,567035,437070.2
1517322600,27.13,27.86,26.7308,27.36,27.37299939765253,27.057355419305946,0,0,0,13.5601,26.48,35.95,,,3,3,1,1,,,,1130450,474576.75
1517409000,27.48,27.585,26.34,26.46,27.190399518122025,27.003050381187222,0,0,0,13.5601,26.48,35.95,,,3,3,1,1,,,,585600,479465.2
1517495400,26.33,26.37,25.75,25.84,26.92031961449762,26.89731852835202,0,0,0,13.5601,26.48,35.95,,,3,3,1,1,,,,751301,486865.8
1517581800,25.66,26.17,25.4606,25.82,26.700255691598095,26.799380480320018,0,0,0,13.5601,26.48,35.95,,,3,3,1,1,,,,527437,495326.65
1517841000,25.74,25.99,24.84,25.03,26.366204553278475,26.638527709381833,0,0,0,13.5601,26.48,35.95,,,3,3,1,1,,,,669700,510352.75
1517927400,24.85,25.34,24.501,25.15,26.12296364262278,26.50320700852894,0,0,0,13.5601,26.48,35.95,,,3,3,1,1,,,,899323,528999.85
1518013800,25.2,26.07,25.2,25.95,26.088370914098224,26.452915462299035,0,0,0,13.5601,26.48,35.95,,,3,3,1,1,,,,499555,536594.3
1518100200,25.89,25.97,25.32,25.32,25.934696731278578,26.349923147544576,0,0,0,13.5601,26.48,35.95,,,3,3,1,1,,,,685511,550247.05
1518186600,25.54,25.88,24.85,25.28,25.803757385022863,26.252657406858706,0,0,0,13.5601,26.48,35.95,,,3,3,1,1,,,,796477,559935.05
1518445800,25.4,25.8899,25.22,25.61,25.76500590801829,26.194234006235188,0,0,0,13.5601,26.48,35.95,,,3,3,1,1,,,,920838,577337.6
1518532200,25.58,27.04,25.52,26.84,25.98000472641463,26.252940005668354,0,0,0,13.5601,26.48,35.95,,,3,3,1,1,,,,869566,598446.25
1518618600,26.64,27.97,26.64,27.92,26.368003781131705,26.404490914243958,0,0,0,13.5601,26.48,35.95,,,3,3,1,1,,,,605864,605712.35
1518705000,28,28.489,27.88,28.4,26.774403024905364,26.58590083113087,0,0,0,13.5601,26.48,35.95,,,3,3,1,1,,,,687565,616123.3
1518791400,28.4,29,28.4,28.74,27.167522419924293,26.78172802830079,0,0,0,13.5601,26.48,35.95,,,3,3,1,1,,,,744046,636758.15
1519137000,28.66,28.94,28.06,28.07,27.348017935939435,26.89884366209163,0,0,0,13.5601,26.48,35.95,,,3,3,1,1,,,,622662,642561.6
1519223400,28.16,28.71,28.06,28.1,27.49841434875155,27.008039692810573,0,0,0,13.5601,26.48,35.95,,,3,3,1,1,,,,458685,656993.25
1519309800,28.15,28.47,28.1,28.19,27.636731479001238,27.115490629827793,0,0,0,13.5601,26.48,35.95,,,3,3,1,1,,,,379590,655179.25
1519396200,28.38,28.6,28.07,28.58,27.82538518320099,27.248627845297992,0,0,0,13.5601,26.48,35.95,,,3,3,1,1,,,,316648,654200.7
1519655400,28.66,28.78,28.11,28.16,27.89230814656079,27.33147985936181,0,0,0,13.5601,26.48,35.95,,,3,3,1,1,,,,618724,666828.85
1519741800,28.1,28.11,27.19,27.25,27.76384651724863,27.32407259941983,0,0,0,13.5601,26.48,35.95,,,3,3,1,1,,,,855940,681274.1
1519828200,32.01,36.3,31.06,34.83,29.177077213798903,28.00642963583621,0,0,0,13.5601,26.48,35.95,,,3,3,1,1,,,,7916490,1020576.1
1519914600,34.9,39.74,34.85,37.69,30.87966177103912,28.886754214396554,0,0,0,13.5601,26.48,35.95,,,3,3,1,1,,,,6184350,1300513.6
1520001000,36.37,38.87,35.95,38.75,32.453729416831294,29.783412922178684,0,0,0,13.5601,26.48,35.95,,,3,3,1,1,,,,3286619,1427279.5
1520260200,38.74,39.75,36.91,38.28,33.618983533465034,30.55582992925335,0,0,0,13.5601,26.48,35.95,,,3,3,1,1,,,,2105957,1506205.5
1520346600,37.5,39.7,37.42,39.09,34.71318682677203,31.331663572048498,0,0,0,13.5601,26.48,35.95,,,3,3,1,1,,,,1541788,1549809.9
1520433000,38.97,40.24,38.7,39.77,35.724549461417624,32.09878506549863,0,0,0,13.5601,26.48,35.95,,,3,3,1,1,,,,1274663,1568576.9
1520519400,39.72,40.1,39.39,39.79,36.5376395691341,32.797986423180575,0,0,0,13.5601,26.48,35.95,,,3,3,1,1,,,,748274,1581012.85
1520605800,40.01,40.16,39.11,39.86,37.20211165530728,33.43998765743689,0,0,0,13.5601,26.48,35.95,,,3,3,1,1,,,,1195971,1606535.85
1520861400,40.34,40.491,39.15,39.42,37.64568932424582,33.98362514312444,0,0,0,13.5601,26.48,35.95,,,3,3,1,1,,,,1089389,1621181.45
1520947800,39.56,39.88,38.95,39.35,37.98655145939666,34.4714774028404,0,0,0,13.5601,26.48,35.95,,,3,3,1,1,,,,685048,1609391.95
1521034200,39.49,39.585,38.95,39.01,38.191241167517326,34.884070366218545,0,0,0,13.5601,26.48,35.95,,,3,3,1,1,,,,701253,1600976.3
1521120600,38.92,39.02,38.33,38.62,38.27699293401386,35.22370033292595,0,0,0,13.5601,26.48,35.95,,,3,3,1,1,,,,867651,1614065.65
1521207000,37.95,38.39,37.54,37.97,38.21559434721109,35.47336393902359,0,0,0,13.5601,26.48,35.95,,,3,3,1,1,,,,2018242,1680599.5
1521466200,37.81,37.95,37.11,37.4,38.05247547776887,35.648512671839626,0,0,0,13.5601,26.48,35.95,,,3,3,1,1,,,,832909,1685042.65
1521552600,37.5,38.66,37.46,38.36,38.1139803822151,35.89501151985421,0,0,0,13.5601,26.48,35.95,,,3,3,1,1,,,,833124,1695565.75
1521639000,38.45,38.98,38.13,38.8,38.25118430577208,36.159101381685645,0,0,0,13.5601,26.48,35.95,,,3,3,1,1,,,,716912,1708477.1
1521725400,38.56,39.3,38.31,38.55,38.31094744461766,36.3764558015324,0,0,0,13.5601,26.48,35.95,,,3,3,1,1,,,,890905,1734042.85
1521811800,38.57,39.16,37.89,37.9,38.22875795569413,36.51495981957491,0,0,0,13.5601,26.48,35.95,,,3,3,1,1,,,,768995,1756660.2
1522071000,38.26,38.77,37.521,38.72,38.3270063645553,36.71541801779537,0,0,0,13.5601,26.48,35.95,,,3,3,1,1,,,,431443,1747296.15
1522157400,38.67,39.31,38.32,38.63,38.38760509164424,36.88947092526852,0,0,0,13.5601,26.48,35.95,,,3,3,1,1,,,,542241,1731611.2
1522243800,38.78,38.8,37.62,37.92,38.29408407331539,36.98315538660774,0,0,0,13.5601,26.48,35.95,,,3,3,1,1,,,,553785,1363475.95
1522330200,38.19,39.89,38.15,39.31,38.497267258652315,37.194686715097944,0,0,0,13.5601,26.48,35.95,,,3,3,1,1,,,,742946,1091405.75
1522675800,39.35,39.61,38.83,39.48,38.69381380692185,37.402442468270856,0,0,0,13.5601,26.48,35.95,,,3,3,1,1,,,,467383,950443.95
1522762200,39.78,42.45,39.501,42.4,39.435051045537485,37.85676588024623,0,0,0,13.5601,26.48,35.95,,,3,3,1,1,,,,1769028,933597.5
1522848600,41.91,42.65,40.56,41.98,39.944040836429984,38.23160534567839,0,0,0,13.5601,26.48,35.95,,,3,3,1,1,,,,1465882,929802.2
1522935000,42.38,43.16,42.1,42.86,40.527232669143984,38.65236849607126,0,0,0,13.5601,26.48,35.95,,,3,3,1,1,,,,814372,906787.65
1523021400,42.47,42.95,41.55,41.84,40.78978613531519,38.9421531782466,0,0,0,13.5601,26.48,35.95,,,3,3,1,1,,,,967239,917735.9
1523280600,42.24,42.34,40.84,41.31,40.893828908252154,39.15741198022418,0,0,0,13.5601,26.48,35.95,,,3,3,1,1,,,,1236848,919779.75
1523367000,41.62,42.3,41.38,42.09,41.133063126601726,39.42401089111289,0,0,0,13.5601,26.48,35.95,,,3,3,1,1,,,,732653,901942.95
1523453400,42.01,43.19,42,42.78,41.46245050128138,39.72910081010263,0,0,0,13.5601,26.48,35.95,,,3,3,1,1,,,,629225,899151.8
1523539800,43.1,44.06,43,43.1,41.789960401025105,40.03554619100239,0,0,0,13.5601,26.48,35.95,,,3,3,1,1,,,,1530535,940615.9
1523626200,43.77,43.77,42.65,42.79,41.98996832082008,40.28595108272945,0,0,0,13.5601,26.48,35.95,,,3,3,1,1,,,,796445,937055.6
1523885400,43.33,43.71,42.8,42.97,42.185974656656064,40.52995552975404,0,0,0,13.5601,26.48,35.95,,,3,3,1,1,,,,553221,863804.55
1523971800,43.06,43.84,42.97,43.01,42.35077972532485,40.75541411795822,0,0,0,13.5601,26.48,35.95,,,3,3,1,1,,,,962286,870273.4
1524058200,43.26,43.671,42.72,42.74,42.428623780259876,40.93583101632565,0,0,0,13.5601,26.48,35.95,,,3,3,1,1,,,,721978,864716.1
1524144600,42.7,43.43,42.15,42.99,42.5408990242079,41.12257365120514,0,0,0,13.5601,26.48,35.95,,,3,3,1,1,,,,903606,874050.8
1524231000,42.92,43.27,42.63,42.7,42.57271921936632,41.26597604655012,0,0,0,13.5601,26.48,35.95,,,3,3,1,1,,,,544309,856721
1524490200,43.06,43.43,42.45,42.74,42.60617537549306,41.399978224136476,0,0,0,13.5601,26.48,35.95,,,3,3,1,1,,,,944293,865485.9
1524576600,43.03,43.7319,41.7,42.8,42.644940300394445,41.52725293103316,0,0,0,13.5601,26.48,35.95,,,3,3,1,1,,,,658385,876833
1524663000,42.64,43.07,42.1124,43,42.71595224031556,41.66113902821196,0,0,0,13.5601,26.48,35.95,,,3,3,1,1,,,,590947,879268.3
1524749400,44.3,44.749,42.6,42.74,42.720761792252446,41.75921729837451,0,0,0,13.5601,26.48,35.95,,,3,3,1,1,,,,921873,897672.7
1524835800,42.9,43.24,41.3708,41.61,42.49860943380196,41.745652089431374,0,0,0,13.5601,26.48,35.95,,,3,3,1,1,,,,802560,900653.4
1525095000,41.79,42.44,41.6,41.98,42.39488754704157,41.76695644493761,0,0,0,13.5601,26.48,35.95,,,3,3,1,1,,,,428339,898701.2
1525181400,41.95,42.14,41.16,41.51,42.21791003763325,41.7435967681251,0,0,0,13.5601,26.48,35.95,,,3,3,1,1,,,,571313,838815.45
1525267800,41.77,42.8,41.77,41.99,42.172328030106605,41.76599706193191,0,0,0,13.5601,26.48,35.95,,,3,3,1,1,,,,1236987,827370.7
1525354200,41.99,41.99,41.1,41.44,42.02586242408528,41.73636096539265,0,0,0,13.5601,26.48,35.95,,,3,3,1,1,,,,1270279,850166.05
1525440600,42.24,45.5,42.24,44.55,42.53068993926823,41.99214633217513,0,0,0,13.5601,26.48,35.95,,,3,3,1,1,,,,2641530,933880.6
1525699800,45.19,45.48,43.68,44.93,43.010551951414584,42.25922393834103,0,0,0,13.5601,26.48,35.95,,,3,3,1,1,,,,1256619,934869.15
1525786200,44.73,45.25,44.25,44.65,43.33844156113167,42.476567216673665,0,0,0,13.5601,26.48,35.95,,,3,3,1,1,,,,1489633,972718.15
1525872600,50.4,56.22,49.96,54.62,45.594753248905334,43.580515651521516,0,0,0,13.5601,26.48,35.95,,,3,3,1,1,,,,4793597,1180936.75
1525959000,54.44,56.73,53.55,55.44,47.563802599124266,44.65865059229229,0,0,0,13.5601,26.48,35.95,,,3,3,1,1,,,,1785452,1193682.6
1526045400,55.44,57.44,55.16,57.26,49.50304207929941,45.80422781117481,0,0,0,13.5601,26.48,35.95,,,3,3,1,1,,,,1110579,1209389.3
1526304600,57.43,58.1778,56.505,56.99,51.00043366343953,46.821116191977104,0,0,0,13.5601,26.48,35.95,,,3,3,1,1,,,,1089579,1236207.2
1526391000,53.87,54.67,52.22,54.54,51.708346930751624,47.522832901797365,0,0,0,13.5601,26.48,35.95,,,3,3,1,1,,,,2099395,1293062.65
1526477400,54.54,56.81,53.67,54.33,52.2326775446013,48.14166627436124,0,0,0,13.5601,26.48,35.95,,,3,3,1,1,,,,1972066,1355567.05
1526563800,55.27,57.89,54.28,57.12,53.21014203568104,48.95787843123749,0,0,0,13.5601,26.48,35.95,,,3,3,1,1,,,,5517711,1586272.3
1526650200,57.52,58.47,57.01,57.95,54.15811362854483,49.77534402839772,0,0,0,13.5601,26.48,35.95,,,3,3,1,1,,,,1508990,1634506.35
1526909400,58.28,59.73,57.72,59.65,55.256490902835864,50.67304002581611,0,0,0,13.5601,26.48,35.95,,,3,3,1,1,,,,1285355,1651559.45
1526995800,60.08,62.2,59.1,61.72,56.54919272226869,51.67730911437828,0,0,0,13.5601,26.48,35.95,,,3,3,1,1,,,,1899663,1713623.35
1527082200,61.26,61.96,59.16,59.8,57.19935417781495,52.41573555852571,0,0,0,13.5601,26.48,35.95,,,3,3,1,1,,,,1748981,1771525.05
1527168600,60,62.5,59.4,62.08,58.175483342251965,53.29430505320519,0,0,0,13.5601,26.48,35.95,,,3,3,1,1,,,,1039938,1777428.3
1527255000,61.99,63.5,61.5,63.01,59.142386673801575,54.17755004836836,0,0,0,13.5601,26.48,35.95,,,3,3,1,1,,,,1378380,1806219.3
1527600600,63.71,64.94,63.15,63.97,60.10790933904126,55.067772771243966,0,0,0,13.5601,26.48,35.95,,,3,3,1,1,,,,1166248,1843114.75
1527687000,64.35,64.779,62.66,63.74,60.834327471233,55.856157064767245,0,0,0,13.5601,26.48,35.95,,,3,3,1,1,,,,991782,1864138.2
1527773400,63.7,64.74,63.165,63.68,61.4034619769864,56.56741551342477,0,0,0,13.5601,26.48,35.95,,,3,3,1,1,,,,998722,1852224.95
1527859800,63.97,65.4,63.441,65.3,62.18276958158912,57.361286830386156,0,0,0,13.5601,26.48,35.95,,,3,3,1,1,,,,1110243,1844223.15
1528119000,65.27,66.13,64.6748,66.07,62.96021566527129,58.15298802762378,0,0,0,13.5601,26.48,35.95,,,3,3,1,1,,,,1013235,1762808.4
1528205400,66.07,67.45,65.33,67.06,63.78017253221704,58.96271638874889,0,0,0,13.5601,26.48,35.95,,,3,3,1,1,,,,1427705,1771362.7
1528291800,67.64,69.09,66.93,67.9,64.60413802577364,59.775196717044444,0,0,0,13.5601,26.48,35.95,,,3,3,1,1,,,,1128431,1753302.6
1528378200,65.45,65.5,62.25,63.53,64.38931042061891,60.11654247004041,0,0,0,13.5601,26.48,35.95,,,3,3,1,1,,,,2074150,1617330.25
1528464600,63.16,65.74,63.1,65.28,64.56744833649513,60.58594770003673,0,0,0,13.5601,26.48,35.95,,,3,3,1,1,,,,1192345,1587674.9
1528723800,65.43,66.18,64.34,65.2,64.6939586691961,61.005407000033394,0,0,0,13.5601,26.48,35.95,,,3,3,1,1,,,,750922,1569692.05
1528810200,65.14,66.42,64.75,65.28,64.81116693535688,61.39400636366672,0,0,0,13.5601,26.48,35.95,,,3,3,1,1,,,,712810,1550853.6
1528896600,65.53,65.59,64.35,64.88,64.8249335482855,61.710914876060656,0,0,0,13.5601,26.48,35.95,,,3,3,1,1,,,,847721,1488269.9
1528983000,65.21,65.506,62.89,63.67,64.5939468386284,61.8890135236915,0,0,0,13.5601,26.48,35.95,,,3,3,1,1,,,,1104671,1444900.15
1529069400,63.26,64.53,61.57,64.4,64.55515747090271,62.11728502153773,0,0,0,13.5601,26.48,35.95,,,3,3,1,1,,,,1920267,1265027.95
1529328600,64.4,66.2199,63.77,66.13,64.87012597672216,62.48207729230703,0,0,0,13.5601,26.48,35.95,,,3,3,1,1,,,,1031494,1241153.15
1529415000,65.5,65.66,63.09,65.54,65.00410078137773,62.76007026573367,0,0,0,13.5601,26.48,35.95,,,3,3,1,1,,,,1023616,1228066.2
1529501400,66.33,68.855,66.2,68.45,65.69328062510219,63.277336605212426,0,0,0,13.5601,26.48,35.95,,,3,3,1,1,,,,1112894,1188727.75
1529587800,68.79,71,65.729,67.05,65.96462450008175,63.620306004738566,0,0,0,13.5601,26.48,35.95,,,3,3,1,1,,,,1165301,1159543.75
1529674200,67.13,68.15,66.29,67.65,66.3016996000654,63.98664182248961,0,0,0,13.5601,26.48,35.95,,,3,3,1,1,,,,989287,1157011.2
1529933400,67.21,67.6,61.8,61.97,65.43535968005233,63.80331074771782,0,0,0,13.5601,26.48,35.95,,,3,3,1,1,,,,1388414,1157512.9
1530019800,62.28,63.989,62.0238,63.17,64.98228774404187,63.74573704337984,0,0,0,13.5601,26.48,35.95,,,3,3,1,1,,,,712498,1134825.4
1530106200,63.17,63.97,62,62.01,64.38783019523349,63.58794276670895,0,0,0,13.5601,26.48,35.95,,,3,3,1,1,,,,684074,1119440
1530192600,61.84,64.42,61.75,64.04,64.3182641561868,63.629038878826314,0,0,0,13.5601,26.48,35.95,,,3,3,1,1,,,,566850,1097846.4
1530279000,64.47,64.9559,62.22,63.18,64.09061132494944,63.58821716256938,0,0,0,13.5601,26.48,35.95,,,3,3,1,1,,,,632449,1073956.7
1530538200,64,64.81,63.01,64.43,64.15848905995955,63.66474287506307,0,0,0,13.5601,26.48,35.95,,,3,3,1,1,,,,610873,1053838.6
1530624600,64.46,65.306,63.85,64.09,64.14479124796765,63.7034026136937,0,0,0,13.5601,26.48,35.95,,,3,3,1,1,,,,339586,999432.65
1530797400,64.69,65,63.7,64.98,64.31183299837411,63.819456921539725,0,0,0,13.5601,26.48,35.95,,,3,3,1,1,,,,631444,974583.3
1530883800,64.82,66.03,64.04,65.96,64.6414663986993,64.01405174685429,0,0,0,13.5601,26.48,35.95,,,3,3,1,1,,,,516373,896694.45
1531143000,66.5,67,65.53,66.95,65.10317311895943,64.2809561335039,0,0,0,13.5601,26.48,35.95,,,3,3,1,1,,,,665421,870348.25
1531229400,67.28,68.06,66.05,67.35,65.55253849516754,64.55996012136718,0,0,0,13.5601,26.48,35.95,,,3,3,1,1,,,,644502,865027.25
1531315800,66.88,67.9891,66.52,66.96,65.83403079613403,64.77814556487925,0,0,0,13.5601,26.48,35.95,,,3,3,1,1,,,,693878,864080.65
1531402200,67.47,69.22,66,68.94,66.45522463690722,65.15649596807205,0,0,0,13.5601,26.48,35.95,,,3,3,1,1,,,,720135,857701.35
1531488600,69.08,70.425,67.43,67.79,66.72217970952578,65.39590542552004,0,0,0,13.5601,26.48,35.95,,,3,3,1,1,,,,628944,833915
1531747800,67.79,69.18,67.79,69.02,67.18174376762062,65.72536856865459,0,0,0,13.5601,26.48,35.95,,,3,3,1,1,,,,542041,765003.7
1531834200,69.12,70.89,68.68,70.64,67.87339501409649,66.17215324423144,0,0,0,13.5601,26.48,35.95,,,3,3,1,1,,,,576048,742231.4
1531920600,70.9,72.06,69.31,71.55,68.6087160112772,66.66104840384676,0,0,0,13.5601,26.48,35.95,,,3,3,1,1,,,,654522,723776.7
1532007000,71.46,73.3399,71.45,73.07,69.50097280902176,67.24368036713342,0,0,0,13.5601,26.48,35.95,,,3,3,1,1,,,,845939,710428.95
1532093400,73.49,74.75,72.51,73.83,70.36677824721741,67.84243669739402,0,0,0,13.5601,26.48,35.95,,,3,3,1,1,,,,771147,690721.25
1532352600,73.6,75.18,73.1488,74.89,71.27142259777393,68.4831242703582,0,0,0,13.5601,26.48,35.95,,,3,3,1,1,,,,803392,681426.5
1532439000,75.25,76.4544,70.78,72.24,71.46513807821914,68.82465842759837,0,0,0,13.5601,26.48,35.95,,,3,3,1,1,,,,1193638,671687.7
1532525400,71.06,72.96,68.3678,72.89,71.75011046257531,69.19423493418033,0,0,0,13.5601,26.48,35.95,,,3,3,1,1,,,,1150126,693569.1
1532611800,72.22,72.99,70.94,72.5,71.90008837006025,69.49475903107303,0,0,0,13.5601,26.48,35.95,,,3,3,1,1,,,,628195,690775.15
1532698200,72.87,73.11,67.51,68.76,71.2720706960482,69.42796275552094,0,0,0,13.5601,26.48,35.95,,,3,3,1,1,,,,902077,707536.5
1532957400,69,69.34,65.49,66.42,70.30165655683857,69.15451159592813,0,0,0,13.5601,26.48,35.95,,,3,3,1,1,,,,844771,718152.6
1533043800,66.5,68.32,66.3502,67.93,69.82732524547086,69.04319235993466,0,0,0,13.5601,26.48,35.95,,,3,3,1,1,,,,793605,727289.2
1533130200,68.35,69.43,67.64,68.42,69.5458601963767,68.98653850903152,0,0,0,13.5601,26.48,35.95,,,3,3,1,1,,,,731173,746868.55
1533216600,68.38,70,67.93,69.78,69.59268815710135,69.05867137184684,0,0,0,13.5601,26.48,35.95,,,3,3,1,1,,,,494992,740045.95
1533303000,70.64,71,67.93,69.09,69.49215052568108,69.06151942895167,0,0,0,13.5601,26.48,35.95,,,3,3,1,1,,,,406573,734555.95
1533562200,68.1,69.115,65.19,66.86,68.96572042054487,68.86138129904697,0,0,0,13.5601,26.48,35.95,,,3,3,1,1,,,,1075358,755052.8
1533648600,67.01,68.16,66.14,67.62,68.6965763364359,68.74852845367906,0,0,0,13.5601,26.48,35.95,,,3,3,1,1,,,,1030718,774363.6
1533735000,63.19,63.19,56.09,59.78,66.91326106914872,67.93320768516278,0,0,0,13.5601,26.48,35.95,,,3,3,1,1,,,,4298839,954611.65
1533821400,60.5,61.86,59.22,59.33,65.39660885531897,67.15109789560253,0,0,0,13.5601,26.48,35.95,,,3,3,1,1,,,,1102629,973736.35
1533907800,59.27,61.94,58.04,61.47,64.61128708425518,66.63463445054775,0,0,0,13.5601,26.48,35.95,,,3,3,1,1,,,,763600,980469.15
1534167000,61.21,62.585,60.57,60.98,63.88502966740415,66.12057677322522,0,0,0,13.5601,26.48,35.95,,,3,3,1,1,,,,556394,981186.8
1534253400,61.1,62.59,60.83,62.31,63.57002373392332,65.77416070293202,0,0,0,13.5601,26.48,35.95,,,3,3,1,1,,,,499989,977383.85
1534339800,61.26,62.55,59.72,61.02,63.060018987138655,65.34196427539274,0,0,0,13.5601,26.48,35.95,,,3,3,1,1,,,,771266,983221.05
1534426200,61.49,62.77,61.14,62.66,62.980015189710926,65.09814934126612,0,0,0,13.5601,26.48,35.95,,,3,3,1,1,,,,570790,969463.6
1534512600,62.69,64.18,62.1001,64.15,63.21401215176874,65.01195394660557,0,0,0,13.5601,26.48,35.95,,,3,3,1,1,,,,583415,960077
1534771800,64.45,64.68,63.0753,64.16,63.403209721414996,64.93450358782324,0,0,0,13.5601,26.48,35.95,,,3,3,1,1,,,,468407,943327.75
1534858200,64.15,64.77,63.72,63.81,63.484567777132,64.83227598893022,0,0,0,13.5601,26.48,35.95,,,3,3,1,1,,,,487260,908008.85
1534944600,63.5,64.97,63.1,64.35,63.6576542217056,64.78843271720929,0,0,0,13.5601,26.48,35.95,,,3,3,1,1,,,,433365,872170.8
1535031000,64.4,65.39,63.71,64.01,63.72812337736448,64.7176661065539,0,0,0,13.5601,26.48,35.95,,,3,3,1,1,,,,458024,863662.25
1535117400,64,65.8,64,65.55,64.09249870189159,64.79333282413991,0,0,0,13.5601,26.48,35.95,,,3,3,1,1,,,,446673,840892.05
1535376600,65.89,67.3,65.8,66.66,64.60599896151327,64.96302984012719,0,0,0,13.5601,26.48,35.95,,,3,3,1,1,,,,374291,817368.05
1535463000,66.97,67.92,66.45,67.3,65.14479916921061,65.1754816728429,0,0,0,13.5601,26.48,35.95,,,3,3,1,1,,,,481554,801765.5
1535549400,67.5,67.6,66.66,67.08,65.53183933536849,65.34861970258446,0,0,0,13.5601,26.48,35.95,,,3,3,1,1,,,,374320,783922.85
1535635800,67,67.41,66.17,66.46,65.71747146829479,65.44965427507678,0,0,0,13.5601,26.48,35.95,,,3,3,1,1,,,,430082,780677.35
1535722200,66.24,68.485,66.24,68.26,66.22597717463583,65.7051402500698,0,0,0,13.5601,26.48,35.95,,,3,3,1,1,,,,397961,780246.75
1536067800,68,70.2363,67.15,69.88,66.95678173970866,66.0846729546089,0,0,0,13.5601,26.48,35.95,,,3,3,1,1,,,,575291,755243.4
1536154200,69.7,69.88,66.84,68.77,67.31942539176693,66.328793595099,0,0,0,13.5601,26.48,35.95,,,3,3,1,1,,,,573380,732376.5
1536240600,68.89,70.5,68.77,70.29,67.91354031341355,66.68890326827182,0,0,0,13.5601,26.48,35.95,,,3,3,1,1,,,,559310,545400.05
1536327000,69.92,71.962,69.28,70.46,68.42283225073083,67.03173024388347,0,0,0,13.5601,26.48,35.95,,,3,3,1,1,,,,528069,516672.05
1536586200,70.96,72.05,70.54,71.88,69.11426580058466,67.47248203989406,0,0,0,13.5601,26.48,35.95,,,3,3,1,1,,,,546961,505840.1
1536672600,71.94,73.64,71.6,72.94,69.87941264046773,67.96952912717641,0,0,0,13.5601,26.48,35.95,,,3,3,1,1,,,,615384,508789.6
1536759000,72.8,73.3,70.35,70.36,69.97553011237419,68.18684466106947,0,0,0,13.5601,26.48,35.95,,,3,3,1,1,,,,667639,517172.1
1536845400,70.58,72.13,70.48,71.43,70.26642408989935,68.48167696460861,0,0,0,13.5601,26.48,35.95,,,3,3,1,1,,,,374546,497336.1
1536931800,72.24,73.61,71.64,73.41,70.89513927191948,68.92970633146237,0,0,0,13.5601,26.48,35.95,,,3,3,1,1,,,,550275,496310.35
1537191000,73.43,74.14,68.3701,68.67,70.45011141753558,68.90609666496579,0,0,0,13.5601,26.48,35.95,,,3,3,1,1,,,,889833,511631.25
1537277400,69.05,70.75,68.95,69.08,70.17608913402846,68.92190605905981,0,0,0,13.5601,26.48,35.95,,,3,3,1,1,,,,569634,516692.6
1537363800,68.89,69.3,66.225,67.37,69.61487130722277,68.78082369005438,0,0,0,13.5601,26.48,35.95,,,3,3,1,1,,,,722764,528467.8
1537450200,67.78,68.0382,64.96,65.46,68.78389704577822,68.47893062732216,0,0,0,13.5601,26.48,35.95,,,3,3,1,1,,,,610734,537336.25
1537536600,65.65,66.58,64.371,64.79,67.98511763662258,68.1435732975656,0,0,0,13.5601,26.48,35.95,,,3,3,1,1,,,,1313530,580111.55
1537795800,64.35,64.87,63.2,63.62,67.11209410929806,67.73233936142327,0,0,0,13.5601,26.48,35.95,,,3,3,1,1,,,,621210,588838.4
1537882200,63.91,67.34,63.83,66.97,67.08367528743844,67.66303578311206,0,0,0,13.5601,26.48,35.95,,,3,3,1,1,,,,665937,603420.7
1537968600,67.15,67.7099,66.09,66.39,66.94494022995075,67.5473052573746,0,0,0,13.5601,26.48,35.95,,,3,3,1,1,,,,434361,601061.05
1538055000,66.75,67.9399,66.4,67.61,67.07795218396059,67.55300477943146,0,0,0,13.5601,26.48,35.95,,,3,3,1,1,,,,352462,599968.15
1538141400,67.47,69.3477,67.47,68.43,67.34836174716847,67.63273161766496,0,0,0,13.5601,26.48,35.95,,,3,3,1,1,,,,372903,597109.2
1538400600,68.61,69.82,66.5813,66.84,67.24668939773477,67.56066510696814,0,0,0,13.5601,26.48,35.95,,,3,3,1,1,,,,376706,596046.45
1538487000,66.28,66.48,63.635,64.23,66.64335151818781,67.25787736997104,0,0,0,13.5601,26.48,35.95,,,3,3,1,1,,,,462005,590382.15
1538573400,64.59,65.83,63.6501,64.76,66.26668121455025,67.03079760906458,0,0,0,13.5601,26.48,35.95,,,3,3,1,1,,,,336878,578557.05
1538659800,64.09,64.3457,62.3,62.81,65.57534497164019,66.64708873551325,0,0,0,13.5601,26.48,35.95,,,3,3,1,1,,,,452444,573213.75
1538746200,62.91,64.2399,61.2381,62.67,64.99427597731216,66.28553521410295,0,0,0,13.5601,26.48,35.95,,,3,3,1,1,,,,467205,570170.55
1539005400,62.46,64.335,61.55,63.41,64.67742078184972,66.02412292191177,0,0,0,13.5601,26.48,35.95,,,3,3,1,1,,,,664016,576023.3
1539091800,63.41,64.77,62.17,62.84,64.30993662547978,65.73465720173797,0,0,0,13.5601,26.48,35.95,,,3,3,1,1,,,,499786,570243.4
1539178200,62.28,62.28,57.54,57.66,62.97994930038382,65.00059745612543,0,0,0,13.5601,26.48,35.95,,,3,3,1,1,,,,1078593,590791.1
1539264600,57.02,58.8,56.08,56.19,61.62195944030706,64.19963405102312,0,0,0,13.5601,26.48,35.95,,,3,3,1,1,,,,820736,613100.6
1539351000,57.85,59.12,57.29,58.86,61.069567552245644,63.71421277365739,0,0,0,13.5601,26.48,35.95,,,3,3,1,1,,,,701824,620678.05
1539610200,57.15,57.5,54.39,57.06,60.26765404179652,63.109284339688536,0,0,0,13.5601,26.48,35.95,,,3,3,1,1,,,,789110,615641.9
1539696600,57.6,61.37,57.35,61.24,60.46212323343722,62.93934939971685,0,0,0,13.5601,26.48,35.95,,,3,3,1,1,,,,411771,607748.75
1539783000,62.73,62.73,59.52,61.65,60.699698586749776,62.82213581792441,0,0,0,13.5601,26.48,35.95,,,3,3,1,1,,,,521972,597709.15
1539869400,61.11,61.9,58.17,58.26,60.21175886939982,62.407396198113105,0,0,0,13.5601,26.48,35.95,,,3,3,1,1,,,,514565,592900.7
1539955800,58.49,59.86,57.71,58.52,59.87340709551986,62.05399654373919,0,0,0,13.5601,26.48,35.95,,,3,3,1,1,,,,453736,549911
1540215000,55.9,59.03,55.11,57.98,59.49472567641589,61.68363322158108,0,0,0,13.5601,26.48,35.95,,,3,3,1,1,,,,735921,555646.55
1540301400,56.34,58.45,55.7301,58.04,59.20378054113271,61.35239383780098,0,0,0,13.5601,26.48,35.95,,,3,3,1,1,,,,622593,553479.35
1540387800,58.45,59,57.37,57.65,58.89302443290617,61.01581257981908,0,0,0,13.5601,26.48,35.95,,,3,3,1,1,,,,733014,568412
1540474200,58.22,59.439,57.83,58.95,58.90441954632493,60.82801143619916,0,0,0,13.5601,26.48,35.95,,,3,3,1,1,,,,473931,574485.45
1540560600,57.45,59.32,55.09,56.95,58.513535637059945,60.47546494199924,0,0,0,13.5601,26.48,35.95,,,3,3,1,1,,,,653893,588534.95
1540819800,58.08,59.35,54.81,55.9,57.990828509647955,60.05951358363568,0,0,0,13.5601,26.48,35.95,,,3,3,1,1,,,,447181,592058.7
1540906200,55.75,58.08,55.1134,57.95,57.98266280771836,59.86773962148698,0,0,0,13.5601,26.48,35.95,,,3,3,1,1,,,,547559,596336.4
1540992600,58.85,62.14,58.85,61.72,58.73013024617469,60.03612692862453,0,0,0,13.5601,26.48,35.95,,,3,3,1,1,,,,694561,614220.55
1541079000,62.09,62.09,59.521,61.4,59.26410419693975,60.160115389658664,0,0,0,13.5601,26.48,35.95,,,3,3,1,1,,,,715800,627388.35
1541165400,61.93,62.855,60.6944,61.2,59.6512833575518,60.254650354235146,0,0,0,13.5601,26.48,35.95,,,3,3,1,1,,,,528528,630454.5
1541428200,61.2,61.94,59.2,60.44,59.809026686041435,60.27150032203195,0,0,0,13.5601,26.48,35.95,,,3,3,1,1,,,,590041,626755.75
1541514600,60.24,61.71,59.25,60.08,59.86322134883315,60.254091201847224,0,0,0,13.5601,26.48,35.95,,,3,3,1,1,,,,834417,643487.3
1541601000,54.8,56,49.64,50.7,58.03057707906652,59.385537456224746,0,0,0,13.5601,26.48,35.95,,,3,3,1,1,,,,2267640,702939.65
1541687400,52.82,52.9,50.29,50.66,56.556461663253216,58.59230677838613,0,0,0,13.5601,26.48,35.95,,,3,3,1,1,,,,1079844,715895.05
1541773800,51.75,53.18,51.1,52.25,55.695169330602575,58.01573343489648,0,0,0,13.5601,26.48,35.95,,,3,3,1,1,,,,1057913,733699.5
1542033000,52.16,52.665,49.22,50,54.55613546448206,57.28703039536044,0,0,0,13.5601,26.48,35.95,,,3,3,1,1,,,,809228,734705.4
1542119400,50.26,51.78,49.33,50.29,53.70290837158565,56.65093672305495,0,0,0,13.5601,26.48,35.95,,,3,3,1,1,,,,889126,758573.15
1542205800,50.29,50.6832,48.92,49.57,52.87632669726852,56.007215202777225,0,0,0,13.5601,26.48,35.95,,,3,3,1,1,,,,689704,766959.75
1542292200,49.36,50.07,47.8,49.58,52.21706135781481,55.42292291161566,0,0,0,13.5601,26.48,35.95,,,3,3,1,1,,,,767568,779609.9
1542378600,49.09,50.02,48.04,49.95,51.76364908625185,54.92538446510515,0,0,0,13.5601,26.48,35.95,,,3,3,1,1,,,,777819,795814.05
1542637800,50,50.03,46.77,46.99,50.808919269001485,54.20398587736832,0,0,0,13.5601,26.48,35.95,,,3,3,1,1,,,,628671,790451.55
1542724200,45.09,46.28,43.7,45.22,49.69113541520119,53.38725988851665,0,0,0,13.5601,26.48,35.95,,,3,3,1,1,,,,1397237,829183.75
1542810600,45.76,47.17,45.56,46.66,49.08490833216095,52.775690807742414,0,0,0,13.5601,26.48,35.95,,,3,3,1,1,,,,534255,819245.8
1542983400,46.2,47.5,46.2,46.68,48.60392666572876,52.221537097947646,0,0,0,13.5601,26.48,35.95,,,3,3,1,1,,,,222155,806657
1543242600,47.26,47.6907,46.0401,46.86,48.25514133258301,51.73412463449786,0,0,0,13.5601,26.48,35.95,,,3,3,1,1,,,,381475,793036.1
1543329000,46.68,47.4,46.4,46.52,47.908113066066406,51.26011330408896,0,0,0,13.5601,26.48,35.95,,,3,3,1,1,,,,445720,792963.05
1543415400,46.66,47.1573,45.26,45.38,47.40249045285312,50.72555754917178,0,0,0,43.7,76.4544,,,,1,1,1,1,,,,939588,812564.5
1543501800,45.3,45.93,43.33,44.07,46.735992362282495,50.12050686288344,0,0,0,43.7,76.4544,,,,1,1,1,1,,,,1014890,828580.95
1543588200,43.71,44.28,42.83,43.47,46.08279388982599,49.515915329894035,0,0,0,43.7,76.4544,,,,1,1,1,1,,,,1232905,854436.2
1543847400,43.91,45.5,43.8,45.18,45.9022351118608,49.12174120899458,0,0,0,43.7,76.4544,,,,1,1,1,1,,,,1567970,906408.3
1543933800,45.15,46.045,43.57,43.64,45.449788089488635,48.62340109908598,0,0,0,43.7,76.4544,,,,1,1,1,1,,,,949001,924356.3
1544106600,42.6,44.65,42,44.51,45.261830471590905,48.24945554462362,0,0,0,43.7,76.4544,,,,1,1,1,1,,,,853999,925335.4
1544193000,44.37,45.08,42.895,43.52,44.913464377272724,47.81950504056693,0,0,0,43.7,76.4544,,,,1,1,1,1,,,,650276,844467.2
1544452200,43.31,44.82,43.31,44.3,44.79077150181818,47.49955003687903,0,0,0,43.7,76.4544,,,,1,1,1,1,,,,735631,827256.55
1544538600,45.59,46.29,43.67,44.21,44.674617201454545,47.20050003352639,0,0,0,43.7,76.4544,,,,1,1,1,1,,,,1018633,825292.55
1544625000,45.88,46.88,45,45.59,44.85769376116364,47.05409093956944,0,0,0,43.7,76.4544,,,,1,1,1,1,,,,1034250,836543.65
1544711400,46,46,44.85,45.12,44.91015500893091,46.87826449051767,0,0,0,42,76.4544,,,,1,1,1,1,,,,576371,820905.9
1544797800,44.6,45.86,44.5,44.65,44.858124007144724,46.6756949913797,0,0,0,42,76.4544,,,,1,1,1,1,,,,763560,824598.7
1545057000,44.5,45.07,43.475,43.8,44.64649920571578,46.41426817398155,0,0,0,42,76.4544,,,,1,1,1,1,,,,622000,817320.3
1545143400,44.44,45.43,44.13,44.46,44.609199364572625,46.23660743089231,0,0,0,42,76.4544,,,,1,1,1,1,,,,735076,815183.15
1545229800,44.45,45.53,44.35,44.82,44.6513594916581,46.10782493717483,0,0,0,42,76.4544,,,,1,1,1,1,,,,846479,826073.55
1545316200,44.44,45.43,40.01,41.37,43.99508759332648,45.67711357924985,0,0,0,42,76.4544,,,,1,1,1,1,,,,1195451,815984.25
1545402600,41.5,43.4,41.3333,41.79,43.55407007466118,45.32373961749986,0,0,0,42,76.4544,,,,1,1,1,1,,,,2091193,893831.15
1545661800,40.45,40.86,39.43,39.74,42.791256059728944,44.81612692499987,0,0,0,42,76.4544,,,,1,1,1,1,,,,645009,914973.85
1545834600,39.81,41.81,39.54,41.76,42.58500484778315,44.53829720454534,0,0,0,42,76.4544,,,,1,1,1,1,,,,625784,927189.3
1545921000,41.17,43.01,41,43,42.66800387822652,44.398452004132125,0,0,0,42,76.4544,,,,1,1,1,1,,,,811875,945497.05
1546007400,43.04,43.74,42.02,43.03,42.74040310258122,44.27404727648375,0,0,0,42,76.4544,,,,1,1,1,1,,,,579067,927471
1546266600,43.58,44.26,43.13,43.75,42.942322482064974,44.22640661498523,0,0,0,42,76.4544,,,,1,1,1,1,,,,675677,910510.35
1546439400,42.99,45.12,42.62,45.11,43.375857985651976,44.30673328635021,0,0,0,39.43,76.4544,,,,1,1,1,1,,,,1108668,904298.5
1546525800,44.34,44.697,42.42,43.29,43.35868638852158,44.2143029875911,0,0,0,39.43,76.4544,,,,1,1,1,1,,,,964247,874112.35
1546612200,43.95,46.21,43.19,46.01,43.888949110817265,44.37754817053736,0,0,0,39.43,76.4544,,,,1,1,1,1,,,,865853,869954.95
1546871400,46.45,48.71,46.39,48.15,44.74115928865381,44.720498336852145,0,0,0,39.43,76.4544,,,,1,1,1,1,,,,768520,865681
1546957800,48.98,49.91,48.6466,49.41,45.67492743092305,45.146816669865586,0,0,0,39.43,76.4544,,,,1,1,1,1,,,,769602,871647.3
1547044200,49.84,50.61,49.13,50.26,46.59194194473844,45.611651518059624,0,0,0,39.43,76.4544,,,,1,1,1,1,,,,692362,869483.85
1547130600,49.85,50.22,48.81,49.69,47.21155355579075,45.982410470963295,0,0,0,39.43,76.4544,,,,1,1,1,1,,,,529229,845013.65
1547217000,49.56,49.89,48.499,49.45,47.6592428446326,46.29764588269391,0,0,0,39.43,76.4544,,,,1,1,1,1,,,,497829,818192.6
1547476200,49,50.11,48.24,49.78,48.083394275706084,46.614223529721734,0,0,0,39.43,76.4544,,,,1,1,1,1,,,,454098,812078.95
1547562600,50.13,50.4,49.02,49.35,48.336715420564865,46.862930481565215,0,0,0,39.43,76.4544,,,,1,1,1,1,,,,376449,792723.4
1547649000,49.36,50.005,48.68,49.63,48.595372336451895,47.114482255968376,0,0,0,39.43,76.4544,,,,1,1,1,1,,,,311817,777214.25
1547735400,49.41,50.61,49.3917,50.22,48.920297869161516,47.39680205088034,0,0,0,39.43,76.4544,,,,1,1,1,1,,,,485238,764722.35
1547821800,50.42,50.87,50.02,50.19,49.17423829532921,47.65072913716394,0,0,0,39.43,76.4544,,,,1,1,1,1,,,,398562,742326.5
1548167400,49.86,49.895,48.05,48.7,49.07939063626337,47.74611739742176,0,0,0,39.43,76.4544,,,,1,1,1,1,,,,470845,706096.2
1548253800,49.08,50.05,47.46,48.06,48.8755125090107,47.77465217947433,0,0,0,39.43,76.4544,,,,1,1,1,1,,,,428662,622969.65
1548340200,48.11,48.49,47.13,48.43,48.78641000720856,47.83422925406757,0,0,0,39.43,76.4544,,,,1,1,1,1,,,,567103,619074.35
1548426600,48.83,49.58,48.31,49.1,48.84912800576685,47.949299321879614,0,0,0,39.43,76.4544,,,,1,1,1,1,,,,319586,603764.45
1548685800,48.79,49.39,48.345,49.1,48.89930240461348,48.053908474436014,0,0,0,39.43,76.4544,,,,1,1,1,1,,,,290343,577687.85
1548772200,49.14,49.96,48.92,49.04,48.927441923690786,48.14355315857819,0,0,0,39.43,76.4544,,,,1,1,1,1,,,,250256,561247.3
1548858600,49.08,49.94,48.04,49.74,49.08995353895263,48.28868468961654,0,0,0,39.43,76.4544,,,,1,1,1,1,,,,394182,547172.55
1548945000,49.63,51.29,49.63,51.01,49.473962831162105,48.53607699056049,0,0,0,39.43,76.4544,,,,1,1,1,1,,,,354727,509475.5
1549031400,51.11,51.25,50.45,50.65,49.70917026492968,48.728251809600444,0,0,0,39.43,76.4544,,,,1,1,1,1,,,,367324,479629.35
1549290600,50.81,52.96,50.7101,52.91,50.34933621194374,49.1084107360004,0,0,0,39.43,76.4544,,,,1,1,1,1,,,,487201,460696.75
1549377000,53,53.82,52.2201,52.5,50.779468969555,49.41673703272764,0,0,0,39.43,76.4544,,,,1,1,1,1,,,,279802,436260.85
1549463400,52.69,52.72,51.42,52.12,51.047575175644,49.66248821157058,0,0,0,39.43,76.4544,,,,1,1,1,1,,,,310884,413324.95
1549549800,51.84,52.41,51.14,51.98,51.2340601405152,49.8731711014278,0,0,0,39.43,76.4544,,,,1,1,1,1,,,,375335,397473.6
1549636200,51.75,51.83,50.81,51.43,51.273248112412155,50.014701001298,0,0,0,39.43,76.4544,,,,1,1,1,1,,,,350375,388530.9
1549895400,51.52,53.24,51.52,53.13,51.64459848992973,50.29791000118,0,0,0,39.43,76.4544,,,,1,1,1,1,,,,425622,384920.55
1549981800,53.8,54.04,52.72,53.3,51.97567879194378,50.5708272738,0,0,0,39.43,76.4544,,,,1,1,1,1,,,,402484,382339.85
1550068200,53.66,53.96,53.06,53.7,52.320543033555026,50.855297521636366,0,0,0,39.43,76.4544,,,,1,1,1,1,,,,310572,379046
1550154600,53.36,54.77,53.35,54.59,52.774434426844024,51.194815928760335,0,0,0,39.43,76.4544,,,,1,1,1,1,,,,305240,378717.15
1550241000,54.9,55.59,54.41,55.43,53.30554754147522,51.579832662509396,0,0,0,39.43,76.4544,,,,1,1,1,1,,,,419389,375424.7
1550586600,55.43,56.08,55.21,55.81,53.80643803318018,51.964393329554,0,0,0,39.43,76.4544,,,,1,1,1,1,,,,424153,376704.25
1550673000,55.88,56.34,55.58,56,54.24515042654414,52.331266663230906,0,0,0,39.43,76.4544,,,,1,1,1,1,,,,384412,372382.6
1550759400,55.98,56.1799,55.25,55.49,54.494120341235316,52.61842423930082,0,0,0,39.43,76.4544,,,,1,1,1,1,,,,323577,367128.35
1550845800,55.62,55.95,55.01,55.74,54.74329627298825,52.90220385390984,0,0,0,39.43,76.4544,,,,1,1,1,1,,,,451955,361370.95
1551105000,56.44,58.495,56.28,58.05,55.4046370183906,53.370185321736216,0,0,0,39.43,76.4544,,,,1,1,1,1,,,,1428837,416833.5
1551191400,58.62,60.3,58.52,60.22,56.36770961471248,53.992895747032925,0,0,0,39.43,76.4544,,,,1,1,1,1,,,,1686476,486640.15
1551277800,55.46,55.65,51.6001,55.49,56.19216769176999,54.1289961336663,0,0,0,39.43,76.4544,,,,1,1,1,1,,,,2666815,607468.1
1551364200,55.13,55.75,53.55,53.83,55.71973415341599,54.10181466696936,0,0,0,39.43,76.4544,,,,1,1,1,1,,,,787042,627111.1
1551450600,54.29,54.6,53.19,54.45,55.465787322732794,54.133467879063055,0,0,0,39.43,76.4544,,,,1,1,1,1,,,,991984,658973.95
1551709800,54.54,54.86,50.81,51.2,54.61262985818624,53.86678898096641,0,0,0,39.43,76.4544,,,,1,1,1,1,,,,875814,684398.45
1551796200,51.41,51.64,50.5,51.4,53.97010388654899,53.642535437242195,0,0,0,39.43,76.4544,,,,1,1,1,1,,,,670822,693579.5
1551882600,51.51,52.23,49.8102,49.98,53.17208310923919,53.30957767022018,0,0,0,39.43,76.4544,,,,1,1,1,1,,,,507709,704974.85
1551969000,49.82,50.075,48.2,48.47,52.23166648739135,52.869616063836524,0,0,0,39.43,76.4544,,,,1,1,1,1,,,,571924,718026.85
1552055400,47.75,47.75,46.28,46.86,51.15733318991308,52.32328733076048,0,0,0,39.43,76.4544,,,,1,1,1,1,,,,1057336,752126.9
1552311000,46.86,48.15,46.5,47.97,50.51986655193046,51.92753393705498,0,0,0,39.43,76.4544,,,,1,1,1,1,,,,656291,767422.7
1552397400,47.96,48.52,47.12,48.33,50.08189324154437,51.60048539732271,0,0,0,39.43,76.4544,,,,1,1,1,1,,,,490445,770663.85
1552483800,48.5,48.9,47.5393,47.63,49.591514593235495,51.23953217938428,0,0,0,39.43,76.4544,,,,1,1,1,1,,,,493167,775198
1552570200,47.69,48.0307,47.01,47.05,49.0832116745884,50.85866561762207,0,0,0,39.43,76.4544,,,,1,1,1,1,,,,601784,789758.6
1552656600,47.05,47.99,46.85,47.96,48.858569339670716,50.59515056147461,0,0,0,39.43,76.4544,,,,1,1,1,1,,,,1486661,848829.65
1552915800,48.12,50.06,48.09,50.02,49.090855471736575,50.542864146795104,0,0,0,39.43,76.4544,,,,1,1,1,1,,,,882651,871992.75
1553002200,51.3,53.24,51.0766,52.04,49.68068437738926,50.678967406177364,0,0,0,39.43,76.4544,,,,1,1,1,1,,,,1127333,907151.75
1553088600,52.26,53.06,50.86,52.65,50.27454750191141,50.858152187433966,0,0,0,39.43,76.4544,,,,1,1,1,1,,,,684010,922131.65
1553175000,52.28,54.55,52.28,54.54,51.12763800152913,51.19286562493997,0,0,0,39.43,76.4544,,,,1,1,1,1,,,,680131,939959.35
1553261400,54.11,55.08,52,52.05,51.3121104012233,51.27078693176361,0,0,0,39.43,76.4544,,,,1,1,1,1,,,,785180,956620.6
1553520600,52,53.35,51.4388,52.89,51.62768832097864,51.4179881197851,0,0,0,39.43,76.4544,,,,1,1,1,1,,,,315874,900972.45
1553607000,53.47,53.61,52.51,53.36,51.97415065678291,51.59453465435009,0,0,0,39.43,76.4544,,,,1,1,1,1,,,,597830,846540.15
1553693400,53.34,54.21,51.75,52.52,52.08332052542633,51.678667867590995,0,0,0,39.43,76.4544,,,,1,1,1,1,,,,413235,733861.15
1553779800,52.7,53.98,52.6018,53.85,52.436656420341066,51.876061697809995,0,0,0,39.43,76.4544,,,,1,1,1,1,,,,298134,709415.75
1553866200,54.37,55.07,53.93,54.41,52.83132513627285,52.10641972528181,0,0,0,39.43,76.4544,,,,1,1,1,1,,,,530454,686339.25
1554125400,54.99,55.75,54.35,55.26,53.31706010901828,52.39310884116528,0,0,0,39.43,76.4544,,,,1,1,1,1,,,,359412,660519.15
1554211800,55.44,55.59,54.32,54.38,53.529648087214625,52.573735310150255,0,0,0,39.43,76.4544,,,,1,1,1,1,,,,422863,648121.2
1554298200,54.68,55.72,54.44,55.38,53.8997184697717,52.82885028195478,0,0,0,39.43,76.4544,,,,1,1,1,1,,,,281101,636790.8
1554384600,55.42,56.27,54.75,55.12,54.143774775817356,53.037136619958886,0,0,0,39.43,76.4544,,,,1,1,1,1,,,,430282,629708.7
1554471000,56.61,57.85,55.8652,57.73,54.86101982065389,53.46376056359899,0,0,0,39.43,76.4544,,,,1,1,1,1,,,,697232,611703.5
1554730200,59.56,60.66,58.32,60.32,55.95281585652311,54.08705505781726,0,0,0,39.43,76.4544,,,,1,1,1,1,,,,791443,618461.1
1554816600,59.83,60.3578,58.45,58.66,56.494252685218484,54.50277732528842,0,0,0,39.43,76.4544,,,,1,1,1,1,,,,571134,622495.55
1554903000,58.75,60.37,58.2663,60.12,57.21940214817479,55.01343393208038,0,0,0,39.43,76.4544,,,,1,1,1,1,,,,523994,624036.9
1554989400,60.09,61.04,60.0498,60.92,57.95952171853983,55.55039448370944,0,0,0,39.43,76.4544,,,,1,1,1,1,,,,368160,612355.7
1555075800,61.74,62,61.05,61.87,58.74161737483187,56.12490407609949,0,0,0,39.43,76.4544,,,,1,1,1,1,,,,465802,561312.75
1555335000,61.84,62.17,60.5,60.75,59.1432938998655,56.54536734190863,0,0,0,39.43,76.4544,,,,1,1,1,1,,,,366410,535500.7
1555421400,61.21,61.61,60.9228,61.55,59.624635119892396,57.00033394718967,0,0,0,39.43,76.4544,,,,1,1,1,1,,,,384379,498353
1555507800,61.86,62.24,60.26,61.5,59.99970809591392,57.40939449744515,0,0,0,39.43,76.4544,,,,1,1,1,1,,,,441430,486224
1555594200,61.46,61.46,59.17,59.82,59.96376647673113,57.628540452222865,0,0,0,39.43,76.4544,,,,1,1,1,1,,,,398789,472156.9
1555939800,59.82,61.02,59.59,60.74,60.11901318138491,57.91140041111169,0,0,0,39.43,76.4544,,,,1,1,1,1,,,,310640,448429.9
1556026200,61.07,63.18,60.99,62.87,60.66921054510792,58.36218219191972,0,0,0,39.43,76.4544,,,,1,1,1,1,,,,483731,456822.75
1556112600,62.9,64,62.34,62.58,61.051368436086335,58.74562017447247,0,0,0,39.43,76.4544,,,,1,1,1,1,,,,297553,441808.9
1556199000,62.58,63.16,61.8,62.94,61.42909474886907,59.12692743133861,0,0,0,39.43,76.4544,,,,1,1,1,1,,,,322154,437254.85
1556285400,62.68,63.21,62.205,62.86,61.71527579909525,59.46629766485328,0,0,0,39.43,76.4544,,,,1,1,1,1,,,,488397,446768
1556544600,63.02,64,62.28,63.37,62.0462206392762,59.82117969532116,0,0,0,39.43,76.4544,,,,1,1,1,1,,,,664322,453461.4
1556631000,63.25,64.015,62.93,63.5,62.33697651142096,60.15561790483742,0,0,0,39.43,76.4544,,,,1,1,1,1,,,,669312,468956.4
1556717400,63.83,64.27,63.23,63.79,62.627581209136764,60.486016277124925,0,0,0,39.43,76.4544,,,,1,1,1,1,,,,756570,485641.75
1556803800,63.8,64.45,63.56,64.26,62.954064967309414,60.82910570647721,0,0,0,39.43,76.4544,,,,1,1,1,1,,,,430189,493096.15
1556890200,64.7,66.11,64.42,65.3,63.42325197384753,61.23555064225201,0,0,0,39.43,76.4544,,,,1,1,1,1,,,,734226,508293.35
1557149400,63.79,66.0998,63.3765,65.84,63.90660157907802,61.654136947501826,0,0,0,39.43,76.4544,,,,1,1,1,1,,,,523589,499611.2
1557235800,64.81,65.83,63.8671,64.64,64.05328126326242,61.925579043183475,0,0,0,39.43,76.4544,,,,1,1,1,1,,,,854205,502749.3
1557322200,64.96,67.87,64.75,67,64.64262501060993,62.38689003925771,0,0,0,39.43,76.4544,,,,1,1,1,1,,,,795045,513944.85
1557408600,66.49,67.2967,65.02,66.73,65.06010000848795,62.781718217507006,0,0,0,39.43,76.4544,,,,1,1,1,1,,,,812033,528346.8
1557495000,67,68.8,61.71,63.73,64.79408000679035,62.8679256522791,0,0,0,39.43,76.4544,,,,1,1,1,1,,,,1814865,600682.05
1557754200,62.22,65.04,62,64.76,64.78726400543228,63.039932411162816,0,0,0,39.43,76.4544,,,,1,1,1,1,,,,740163,614400.1
1557840600,64.82,66.73,64.8,66.33,65.09581120434582,63.33902946469347,0,0,0,39.43,76.4544,,,,1,1,1,1,,,,1036432,647901.2
1557927000,65.38,65.94,64.5,65.41,65.15864896347665,63.5272995133577,0,0,0,39.43,76.4544,,,,1,1,1,1,,,,488843,653124.4
1558013400,65.51,68.49,65.46,68.18,65.76291917078132,63.950272284870636,0,0,0,39.43,76.4544,,,,1,1,1,1,,,,669131,664509.45
1558099800,67.71,68.79,67.35,68,66.21033533662505,64.3184293498824,0,0,0,39.43,76.4544,,,,1,1,1,1,,,,999329,694536.45
1558359000,67.21,67.8185,65.07,65.43,66.05426826930004,64.41948122716582,0,0,0,39.43,76.4544,,,,1,1,1,1,,,,1037983,730903.6
1558445400,66.01,67.93,65.24,67.84,66.41141461544004,64.73043747924166,0,0,0,39.43,76.4544,,,,1,1,1,1,,,,486599,731047
1558531800,67.43,68.32,67,68.3,66.78913169235203,65.05494316294696,0,0,0,39.43,76.4544,,,,1,1,1,1,,,,300115,731175.1
1558618200,67.18,67.81,66.2701,67.03,66.83730535388162,65.23449378449723,0,0,0,39.43,76.4544,,,,1,1,1,1,,,,587662,744450.5
1558704600,67.09,67.48,66.29,67.14,66.8978442831053,65.40772162227022,0,0,0,39.43,76.4544,,,,1,1,1,1,,,,455236,742792.45
1559050200,67.46,69.4,67.45,68.51,67.22027542648424,65.68974692933656,0,0,0,39.43,76.4544,,,,1,1,1,1,,,,715810,745366.85
1559136600,67.7,68.86,67.55,68.02,67.38022034118738,65.9015881175787,0,0,0,39.43,76.4544,,,,1,1,1,1,,,,536161,738709.3
1559223000,68.33,68.57,67.855,68.05,67.51417627294991,66.0968982887079,0,0,0,39.43,76.4544,,,,1,1,1,1,,,,926588,747210.2
1559309400,66.93,69.03,66.46,66.78,67.36734101835992,66.15899844427992,0,0,0,39.43,76.4544,,,,1,1,1,1,,,,1030693,777235.4
1559568600,66.65,67.54,64.7,67.46,67.38587281468794,66.27727131298174,0,0,0,39.43,76.4544,,,,1,1,1,1,,,,1522227,816635.45
1559655000,67.99,68.39,67.06,67.63,67.43469825175035,66.40024664816522,0,0,0,39.43,76.4544,,,,1,1,1,1,,,,553939,818152.95
1559741400,67.98,68.97,67.44,68,67.54775860140028,66.54567877105929,0,0,0,39.43,76.4544,,,,1,1,1,1,,,,431979,797041.65
1559827800,67.91,68.3663,67.16,67.97,67.63220688112023,66.6751625191448,0,0,0,39.43,76.4544,,,,1,1,1,1,,,,302017,772390.25
1559914200,68.45,69.55,68,69.18,67.94176550489618,66.90287501740437,0,0,0,39.43,76.4544,,,,1,1,1,1,,,,362071,749892.15
1560173400,69.76,72.29,69.5001,71.91,68.73541240391694,67.35806819764034,0,0,0,39.43,76.4544,,,,1,1,1,1,,,,868471,702572.45
1560259800,72,72.35,69.14,70.43,69.07432992313355,67.63733472512757,0,0,0,39.43,76.4544,,,,1,1,1,1,,,,941317,712630.15
1560346200,70.24,70.485,69.24,70.35,69.32946393850683,67.88394065920689,0,0,0,39.43,76.4544,,,,1,1,1,1,,,,832755,702446.3
1560432600,70.64,71.13,70.36,71.11,69.68557115080547,68.17721878109717,0,0,0,39.43,76.4544,,,,1,1,1,1,,,,724549,714231.6
1560519000,70.66,71.48,70.605,70.67,69.88245692064437,68.40383525554287,0,0,0,39.43,76.4544,,,,1,1,1,1,,,,1084151,734982.6
1560778200,70.83,71.0276,66.61,68.17,69.5399655365155,68.38257750503898,0,0,0,39.43,76.4544,,,,1,1,1,1,,,,946441,732338.2
1560864600,69.58,71.22,65.51,66.04,68.8399724292124,68.1696159136718,0,0,0,39.43,76.4544,,,,1,1,1,1,,,,1613575,761117.8
1560951000,64.5,69.92,64.1503,69.9,69.05197794336992,68.32692355788346,0,0,0,39.43,76.4544,,,,1,1,1,1,,,,2352262,854400.95
1561037400,70.21,73.26,70.15,73.21,69.88358235469593,68.77083959807587,0,0,0,39.43,76.4544,,,,1,1,1,1,,,,1015184,890154.4
1561123800,72.48,73.48,70.35,73.3,70.56686588375675,69.18258145279624,0,0,0,39.43,76.4544,,,,1,1,1,1,,,,1666777,944110.15
1561383000,73.35,74.93,72.8019,73.21,71.09549270700539,69.54871041163295,0,0,0,39.43,76.4544,,,,1,1,1,1,,,,747146,958705.65
1561469400,71,71.5,68.14,68.83,70.64239416560432,69.4833731014845,0,0,0,39.43,76.4544,,,,1,1,1,1,,,,1889926,1017411.45
1561555800,69.2,69.8483,66.65,66.87,69.88791533248346,69.24579372862227,0,0,0,39.43,76.4544,,,,1,1,1,1,,,,1307365,1055971.65
1561642200,67,67.42,66.22,66.89,69.28833226598677,69.03163066238389,0,0,0,39.43,76.4544,,,,1,1,1,1,,,,897408,1054512.65
1561728600,66.7,66.79,64.08,64.21,68.27266581278941,68.59330060216718,0,0,0,39.43,76.4544,,,,1,1,1,1,,,,9759655,1490960.75
1561987800,65.22,65.9,63.4,64.55,67.52813265023153,68.22572782015197,0,0,0,39.43,76.4544,,,,1,1,1,1,,,,1315361,1480617.45
1562074200,64.75,64.75,63.02,63.8,66.78250612018522,67.82338892741089,0,0,0,39.43,76.4544,,,,1,1,1,1,,,,1181513,1511996.15
1562160600,64.05,64.475,63.92,64.32,66.29000489614818,67.50489902491898,0,0,0,39.43,76.4544,,,,1,1,1,1,,,,757860,1528290.2
1562333400,63.9,64.48,63.18,64.06,65.84400391691854,67.19172638628999,0,0,0,39.43,76.4544,,,,1,1,1,1,,,,468946,1536636.65
1562592600,63.81,63.935,62.05,62.31,65.13720313353483,66.74793307844544,0,0,0,39.43,76.4544,,,,1,1,1,1,,,,578539,1547460.05
1562679000,62.1,63.11,61.7,62.96,64.70176250682786,66.4035755258595,0,0,0,39.43,76.4544,,,,1,1,1,1,,,,797540,1543913.5
1562765400,63.32,64.16,63.22,63.3,64.42141000546229,66.12143229623591,0,0,0,39.43,76.4544,,,,1,1,1,1,,,,854504,1539572.85
1562851800,63.46,64.1,62.73,62.92,64.12112800436984,65.8303929965781,0,0,0,39.43,76.4544,,,,1,1,1,1,,,,1148185,1555344.35
1562938200,62.9,64.73,61.88,64.5,64.19690240349587,65.70944817870736,0,0,0,39.43,76.4544,,,,1,1,1,1,,,,924471,1565340.45
1563197400,64.65,65.37,63.67,63.78,64.11352192279669,65.53404379882487,0,0,0,39.43,76.4544,,,,1,1,1,1,,,,665715,1544418.65
1563283800,63.79,64.0769,62.83,63.9,64.07081753823735,65.38549436256807,0,0,0,39.43,76.4544,,,,1,1,1,1,,,,444366,1519314.9
1563370200,64.22,65.44,63.81,64.82,64.22065403058988,65.33408578415279,0,0,0,39.43,76.4544,,,,1,1,1,1,,,,617228,1469497.55
1563456600,64.71,65.83,64.515,65.76,64.52852322447191,65.37280525832072,0,0,0,39.43,76.4544,,,,1,1,1,1,,,,464670,1375117.95
1563543000,65.83,66.77,65.69,65.92,64.80681857957752,65.42255023483702,0,0,0,39.43,76.4544,,,,1,1,1,1,,,,548947,1351806.1
1563802200,65.8,66.44,65.1,65.41,64.92745486366202,65.42140930439729,0,0,0,39.43,76.4544,,,,1,1,1,1,,,,333282,1285131.35
1563888600,65.95,66.52,65.2,66.18,65.17796389092962,65.49037209490662,0,0,0,39.43,76.4544,,,,1,1,1,1,,,,339376,1264742.85
1563975000,66,69.42,65.9,68.75,65.89237111274369,65.78670190446056,0,0,0,39.43,76.4544,,,,1,1,1,1,,,,708979,1205695.5
1564061400,69.04,69.46,68.05,68.3,66.37389689019496,66.0151835495096,0,0,0,39.43,76.4544,,,,1,1,1,1,,,,461817,1163418.1
1564147800,68.48,70.55,68.48,69.5,66.99911751215596,66.33198504500872,0,0,0,39.43,76.4544,,,,1,1,1,1,,,,569980,1147046.7
1564407000,69.68,70.0809,68.09,68.48,67.29529400972477,66.52725913182611,0,0,0,39.43,76.4544,,,,1,1,1,1,,,,395771,678852.5
1564493400,68,69.66,67.51,69.64,67.76423520777982,66.81023557438738,0,0,0,39.43,76.4544,,,,1,1,1,1,,,,546198,640394.35
1564579800,69.76,71.69,69.52,70.22,68.25538816622385,67.12021415853398,0,0,0,39.43,76.4544,,,,1,1,1,1,,,,602376,611437.5
1564666200,70.12,70.96,68.38,68.44,68.29231053297909,67.24019468957634,0,0,0,39.43,76.4544,,,,1,1,1,1,,,,529240,600006.5
1564752600,68.09,69.24,67.5,69.08,68.44984842638327,67.40744971779668,0,0,0,39.43,76.4544,,,,1,1,1,1,,,,553617,604240.05
1565011800,67.58,67.58,64.26,65.91,67.94187874110662,67.27131792526971,0,0,0,39.43,76.4544,,,,1,1,1,1,,,,756580,613142.1
1565098200,66.16,67.49,65.23,65.36,67.4255029928853,67.09756175024519,0,0,0,39.43,76.4544,,,,1,1,1,1,,,,839006,615215.4
1565184600,64.52,65.94,64.1,65.54,67.04840239430824,66.95596522749562,0,0,0,39.43,76.4544,,,,1,1,1,1,,,,1066831,625831.75
1565271000,66.25,69.14,66.25,68.41,67.3207219154466,67.0881502068142,0,0,0,39.43,76.4544,,,,1,1,1,1,,,,1110876,623966.3
1565357400,60,61.98,56.11,58.09,65.47457753235727,66.27013655164927,0,0,0,39.43,76.4544,,,,1,1,1,1,,,,4054508,780468.15
1565616600,58.59,60.27,56.88,57.5,63.87966202588582,65.47285141059025,0,0,0,39.43,76.4544,,,,1,1,1,1,,,,1118763,803120.55
1565703000,57.57,60.62,57.21,58.78,62.859729620708656,64.86441037326387,0,0,0,39.43,76.4544,,,,1,1,1,1,,,,743184,818061.45
1565789400,58.68,58.86,57.05,57.86,61.85978369656692,64.22764579387623,0,0,0,39.43,76.4544,,,,1,1,1,1,,,,828991,828649.6
1565875800,57.85,58.76,56.95,57.36,60.95982695725354,63.603314358069305,0,0,0,39.43,76.4544,,,,1,1,1,1,,,,731035,841967.85
1565962200,57.79,59.39,56.92,59.22,60.61186156580283,63.204831234608456,0,0,0,39.43,76.4544,,,,1,1,1,1,,,,724022,850721.6
1566221400,60.4,60.91,59.59,60.11,60.511489252642264,62.92348294055314,0,0,0,39.43,76.4544,,,,1,1,1,1,,,,767773,872446.15
1566307800,60.27,60.97,59.35,60.75,60.55919140211381,62.72589358232104,0,0,0,39.43,76.4544,,,,1,1,1,1,,,,974056,904180.15
1566394200,61.35,61.35,60.23,60.34,60.51535312169105,62.5089941657464,0,0,0,39.43,76.4544,,,,1,1,1,1,,,,792527,908357.55
1566480600,60.53,62.625,60.35,62.37,60.88628249735284,62.496358332496726,0,0,0,39.43,76.4544,,,,1,1,1,1,,,,668974,918715.4
1566567000,62.15,62.69,59.14,59.37,60.58302599788227,62.21214393863339,0,0,0,39.43,76.4544,,,,1,1,1,1,,,,892618,934847.3
1566826200,60.09,61.02,59.05,60.96,60.65842079830581,62.0983126714849,0,0,0,39.43,76.4544,,,,1,1,1,1,,,,402831,935200.3
1566912600,61.45,62.35,60.4,60.98,60.72273663864465,61.99664788316809,0,0,0,39.43,76.4544,,,,1,1,1,1,,,,548078,935294.3
1566999000,60.71,61.91,59.21,59.94,60.56618931091572,61.80967989378917,0,0,0,39.43,76.4544,,,,1,1,1,1,,,,479929,929171.95
1567085400,61.15,62.06,60.935,61.33,60.718951448732575,61.76607263071743,0,0,0,39.43,76.4544,,,,1,1,1,1,,,,401090,922764.45
1567171800,61.56,61.745,59.72,59.97,60.56916115898606,61.60279330065221,0,0,0,39.43,76.4544,,,,1,1,1,1,,,,465697,918368.45
1567517400,59.53,59.53,57.9,58.99,60.25332892718885,61.365266636956555,0,0,0,39.43,76.4544,,,,1,1,1,1,,,,649552,913017.05
1567603800,59.71,60.24,59.13,59.97,60.19666314175108,61.23842421541505,0,0,0,39.43,76.4544,,,,1,1,1,1,,,,345131,888323.3
1567690200,60.87,61.93,60.13,61.19,60.395330513400864,61.23402201401368,0,0,0,39.43,76.4544,,,,1,1,1,1,,,,437624,856862.95
1567776600,61.16,62.49,60.64,61.99,60.714264410720695,61.302747285466985,0,0,0,39.43,76.4544,,,,1,1,1,1,,,,330588,817848.55
1568035800,62.44,62.44,59.2348,59.55,60.48141152857656,61.143406623151805,0,0,0,39.43,76.4544,,,,1,1,1,1,,,,633467,646796.5
1568122200,59.29,60.6,58.11,60.57,60.49912922286125,61.09127874831982,0,0,0,39.43,76.4544,,,,1,1,1,1,,,,485487,615132.7
1568208600,60.78,62.99,60.32,62.94,60.987303378289,61.259344316654385,0,0,0,39.43,76.4544,,,,1,1,1,1,,,,462941,601120.55
1568295000,63,64.72,62.01,64.37,61.6638427026312,61.54213119695853,0,0,0,39.43,76.4544,,,,1,1,1,1,,,,436754,581508.7
1568381400,64.5,65.66,63.96,65.11,62.35307416210496,61.866482906325935,0,0,0,39.43,76.4544,,,,1,1,1,1,,,,473441,568629
1568640600,64.84,66.8,64.3956,66.19,63.12045932968397,62.25952991484176,0,0,0,39.43,76.4544,,,,1,1,1,1,,,,403441,552599.95
1568727000,66.42,66.48,65.18,66.15,63.726367463747174,62.61320901349251,0,0,0,39.43,76.4544,,,,1,1,1,1,,,,378147,533118.65
1568813400,66.15,66.48,64.93,65.44,64.06909397099774,62.870190012265915,0,0,0,39.43,76.4544,,,,1,1,1,1,,,,406209,504726.3
1568899800,65,65.41,62.25,63.14,63.88327517679819,62.894718192969016,0,0,0,39.43,76.4544,,,,1,1,1,1,,,,812596,505729.75
1568986200,63.09,64.14,62.1645,63.54,63.81462014143855,62.953380175426375,0,0,0,39.43,76.4544,,,,1,1,1,1,,,,1032564,523909.25
1569245400,63.21,64.375,62.34,62.5,63.55169611315084,62.91216379584216,0,0,0,39.43,76.4544,,,,1,1,1,1,,,,610877,509822.2
1569331800,62.61,63.565,59.8,60.95,63.03135689052067,62.73378526894742,0,0,0,39.43,76.4544,,,,1,1,1,1,,,,873660,533363.65
1569418200,60.84,61.25,59.11,60.43,62.511085512416535,62.524350244497654,0,0,0,39.43,76.4544,,,,1,1,1,1,,,,425298,527224.65
1569504600,60.44,60.555,58.2401,59.01,61.81086840993323,62.20486385863423,0,0,0,39.43,76.4544,,,,1,1,1,1,,,,652507,535853.55
1569591000,59.32,59.32,57.61,58.31,61.11069472794658,61.85078532603112,0,0,0,39.43,76.4544,,,,1,1,1,1,,,,385318,535064.95
1569850200,58.28,58.55,56.7,56.78,60.24455578235727,61.38980484184648,0,0,0,39.43,76.4544,,,,1,1,1,1,,,,851655,554362.85
1569936600,56.85,57.33,53.95,54.22,59.03964462588581,60.738004401678616,0,0,0,39.43,76.4544,,,,1,1,1,1,,,,1025065,573138.5
1570023000,53.68,53.68,51.28,53.26,57.88371570070865,60.05818581970783,0,0,0,39.43,76.4544,,,,1,1,1,1,,,,1205634,616163.65
1570109400,53.09,54.35,52.16,54.3,57.16697256056692,59.534714381552575,0,0,0,39.43,76.4544,,,,1,1,1,1,,,,705061,629535.5
1570195800,54.47,55.09,53.57,54.86,56.70557804845353,59.109740346865976,0,0,0,39.43,76.4544,,,,1,1,1,1,,,,440864,635049.3
1570455000,54.65,55.16,53.75,54.62,56.28846243876283,58.70158213351452,0,0,0,39.43,76.4544,,,,1,1,1,1,,,,573890,632070.45
1570541400,54.01,54.63,52.59,52.76,55.58276995101026,58.16143830319502,0,0,0,39.43,76.4544,,,,1,1,1,1,,,,485807,632086.45
1570627800,53.13,53.33,52.12,52.34,54.93421596080821,57.6322166392682,0,0,0,39.43,76.4544,,,,1,1,1,1,,,,536570,635767.9
1570714200,52.26,52.76,51.8848,52.54,54.45537276864657,57.169287853880185,0,0,0,39.43,76.4544,,,,1,1,1,1,,,,954085,661634.45
1570800600,53.24,54.89,53.01,53.16,54.196298214917256,56.804807139891075,0,0,0,39.43,76.4544,,,,1,1,1,1,,,,771213,676523.05
1571059800,52.98,53.43,51.88,52.83,53.9230385719338,56.443461036264615,0,0,0,39.43,76.4544,,,,1,1,1,1,,,,491109,680906.45
1571146200,52.84,53.64,52.44,53.32,53.802430857547044,56.15951003296783,0,0,0,39.43,76.4544,,,,1,1,1,1,,,,402571,682127.65
1571232600,52.94,53.14,51.51,51.89,53.41994468603764,55.77137275724348,0,0,0,39.43,76.4544,,,,1,1,1,1,,,,649331,694283.75
1571319000,52,52.59,51.66,51.75,53.08595574883011,55.405793415675895,0,0,0,39.43,76.4544,,,,1,1,1,1,,,,397787,673543.3
1571405400,51.42,51.48,49.8,50.55,52.57876459906409,54.96435765061445,0,0,0,39.43,76.4544,,,,1,1,1,1,,,,1065593,675194.75
1571664600,51.19,52.47,50.57,52.315,52.52601167925127,54.72350695510405,0,0,0,39.43,76.4544,,,,1,1,1,1,,,,535664,671434.1
1571751000,52.3,53.42,51.7786,53.2,52.66080934340101,54.58500632282186,0,0,0,39.43,76.4544,,,,1,1,1,1,,,,824542,668978.2
1571837400,53.4,54.21,53.2,53.705,52.86964747472081,54.505005748019876,0,0,0,39.43,76.4544,,,,1,1,1,1,,,,578263,676626.45
1571923800,53.82,55.06,53.56,54.92,53.27971797977665,54.54273249819989,0,0,0,39.43,76.4544,,,,1,1,1,1,,,,508750,669438.6
1572010200,54.69,55.17,54.2,54.26,53.47577438382132,54.51702954381808,0,0,0,39.43,76.4544,,,,1,1,1,1,,,,364788,668412.1
1572269400,54.73,55.25,54.19,54.75,53.73061950705706,54.53820867619826,0,0,0,39.43,76.4544,,,,1,1,1,1,,,,507892,651223.95
1572355800,54.56,55.21,52.81,52.98,53.580495605645645,54.39655334199842,0,0,0,39.43,76.4544,,,,1,1,1,1,,,,551807,627561.05
1572442200,52.84,53.46,51.8,52.53,53.37039648451652,54.22686667454402,0,0,0,39.43,76.4544,,,,1,1,1,1,,,,656753,600117
1572528600,52.47,52.67,50.78,51.13,52.92231718761322,53.945333340494564,0,0,0,39.43,76.4544,,,,1,1,1,1,,,,980481,613888
1572615000,51.49,53.33,51,52.52,52.84185375009057,53.815757582267786,0,0,0,39.43,76.4544,,,,1,1,1,1,,,,1085409,646115.25
1572877800,53.15,53.3485,51.48,51.87,52.647483000072455,53.63887052933435,0,0,0,39.43,76.4544,,,,1,1,1,1,,,,689301,651885.8
1572964200,51.87,54.13,51.72,53.085,52.73498640005796,53.58851866303122,0,0,0,39.43,76.4544,,,,1,1,1,1,,,,835867,669388.8
1573050600,53.14,53.69,51.94,52.24,52.63598912004637,53.46592605730111,0,0,0,39.43,76.4544,,,,1,1,1,1,,,,714833,678301.95
1573137000,53.23,55.73,52.2,52.41,52.5907912960371,53.369932779364646,0,0,0,39.43,76.4544,,,,1,1,1,1,,,,1368758,699035.6
1573223400,61.94,71,61,65.285,55.129633036829674,54.45312070851332,1,0,0,39.43,76.4544,,,,2,1,1,1,1,,,4437375,882343.7
1573482600,64.76,65.54,62.61,64.45,56.99370642946374,55.36192791683029,0,1,0,39.43,76.4544,,,,3,1,1,1,,1,,1259114,920743.95
1573569000,64.48,64.75,63.34,64.01,58.396965143570995,56.14811628802754,0,0,0,39.43,76.4544,,,,3,1,1,1,,,,754512,938341
1573655400,63.53,64.98,63.2572,64.65,59.6475721148568,56.92101480729776,0,0,0,39.43,76.4544,,,,3,1,1,1,,,,580671,934908
1573741800,64.65,67.05,64.44,66.69,61.05605769188544,57.80910437027069,0,0,0,39.43,76.4544,,,,3,1,1,1,,,,641508,947094.05
1573828200,67.35,68.35,66.37,67.37,62.31884615350835,58.67827670024608,0,0,0,39.43,76.4544,,,,3,1,1,1,,,,724579,930043.35
1574087400,67.24,67.83,66.35,67.72,63.399076922806685,59.50025154567825,0,0,0,39.43,76.4544,,,,3,1,1,1,,,,544045,930462.4
1574173800,67.87,69.11,67.64,68.48,64.41526153824535,60.31659231425296,0,0,0,39.43,76.4544,,,,3,1,1,1,,,,560688,917269.7
1574260200,67.94,72,67.45,71.98,65.92820923059628,61.37690210386633,0,0,0,39.43,76.4544,,,,3,1,1,1,,,,1290945,952903.8
1574346600,72,73.07,71.225,71.9,67.12256738447702,62.333547367151205,0,0,0,39.43,76.4544,,,,3,1,1,1,,,,906246,972778.6
1574433000,72.15,72.44,71.1707,72.09,68.11605390758162,63.2204976065011,0,0,0,39.43,76.4544,,,,3,1,1,1,,,,350559,972067.15
1574692200,72.74,74.85,72.4055,74.33,69.3588431260653,64.23045236954646,0,0,0,39.43,76.4544,,,,3,1,1,1,,,,671306,980237.85
1574778600,74.8,77.66,74.5,76.93,70.87307450085224,65.38495669958769,0,0,0,39.43,76.4544,,,,3,1,1,1,,,,1592019,1032248.45
1574865000,74.81,76.07,72.02,75.57,71.81245960068179,66.3108697268979,0,0,0,39.43,76.4544,,,,3,1,1,1,,,,1450356,1071928.6
1575037800,75.07,75.85,73.64,73.8,72.20996768054543,66.99169975172536,0,0,0,39.43,76.4544,,,,3,1,1,1,,,,416062,1043707.65
1575297000,74.14,75.27,73.43,73.72,72.51197414443635,67.60336341065943,0,0,0,39.43,76.4544,,,,3,1,1,1,,,,613593,1020116.85
1575383400,72.31,74.125,71.31,73.83,72.77557931554908,68.16942128241766,0,0,0,39.43,76.4544,,,,3,1,1,1,,,,651053,1018204.45
1575469800,74.22,75.65,72.57,72.76,72.77246345243927,68.58674662037969,0,0,0,39.43,76.4544,,,,3,1,1,1,,,,823290,1017575.6
1575556200,72.36,73.874,72.02,72.82,72.78197076195141,68.9715878367088,0,0,0,39.43,76.4544,,,,3,1,1,1,,,,396829,1001675.4
1575642600,73.58,74.255,71.68,71.87,72.59957660956113,69.23507985155346,0,0,0,39.43,76.4544,,,,3,1,1,1,,,,609608,963717.9
1575901800,71.89,73.7,71.52,72.27,72.5336612876489,69.51098168323043,0,0,0,39.43,76.4544,,,,3,1,1,1,,,,567543,770226.3
1575988200,72.93,72.93,72.16,72.64,72.55492903011911,69.79543789384584,0,0,0,39.43,76.4544,,,,3,1,1,1,,,,407770,727659.1
1576074600,72.68,73.42,71.93,72.49,72.54194322409529,70.04039808531441,0,0,0,39.43,76.4544,,,,3,1,1,1,,,,338908,706878.9
1576161000,72.37,73.07,70.61,71.81,72.39555457927624,70.20127098664946,0,0,0,39.43,76.4544,,,,3,1,1,1,,,,416787,698684.7
1576247400,71.71,72.8187,71.46,72.47,72.41044366342099,70.40751907877224,0,0,0,39.43,76.4544,,,,3,1,1,1,,,,348302,684024.4
1576506600,72.7,74.66,72.68,73.19,72.5663549307368,70.66047188979294,0,0,0,39.43,76.4544,,,,3,1,1,1,,,,700702,682830.55
1576593000,72.63,72.87,71.13,71.35,72.32308394458943,70.72315626344813,0,0,0,39.43,76.4544,,,,3,1,1,1,,,,713286,691292.6
1576679400,71.38,71.72,69.52,69.83,71.82446715567154,70.6419602394983,0,0,0,39.43,76.4544,,,,3,1,1,1,,,,590156,692766
1576765800,69.84,70.35,69.1,70.32,71.52357372453723,70.61269112681664,0,0,0,39.43,76.4544,,,,3,1,1,1,,,,417580,649097.75
1576852200,70.54,71.43,70.2,71.24,71.46685897962978,70.66971920619694,0,0,0,39.43,76.4544,,,,3,1,1,1,,,,842858,645928.35
1577111400,71.74,72.2512,71.1,72.24,71.62148718370382,70.81247200563358,0,0,0,39.43,76.4544,,,,3,1,1,1,,,,352817,646041.25
1577197800,72.44,73.335,72.3,73.09,71.91518974696305,71.01952000512144,0,0,0,39.43,76.4544,,,,3,1,1,1,,,,299995,627475.7
1577370600,73.16,73.72,72.39,72.9,72.11215179757045,71.19047273192858,0,0,0,39.43,76.4544,,,,3,1,1,1,,,,247163,560232.9
1577457000,73.04,73.265,72.41,72.9,72.26972143805637,71.34588430175326,0,0,0,39.43,76.4544,,,,3,1,1,1,,,,418701,508650.15
1577716200,72.9,74.64,72.59,73.51,72.5177771504451,71.54262209250297,0,0,0,39.43,76.4544,,,,3,1,1,1,,,,410591,508376.6
1577802600,73.19,74.08,72.72,73.28,72.67022172035608,71.70056553863905,0,0,0,39.43,76.4544,,,,3,1,1,1,,,,540183,504706.1
1577975400,74.02,76.62,73.34,76.56,73.44817737628486,72.14233230785369,0,0,0,39.43,76.4544,,,,3,1,1,1,,,,847439,514525.4
1578061800,72.3,75.5699,68.68,73.925,73.5435419010279,72.30439300713972,0,0,0,39.43,76.4544,,,,3,1,1,1,,,,2187937,582757.75
1578321000,74.12,74.49,68.09,68.75,72.58483352082231,71.98126637012702,0,0,0,39.43,76.4544,,,,3,1,1,1,,,,1732581,649545.35
1578407400,68.82,70.73,68.315,69.77,72.02186681665785,71.78024215466093,0,0,0,39.43,76.4544,,,,3,1,1,1,,,,766715,657400.7
1578493800,69.95,71.625,69.51,69.61,71.53949345332627,71.58294741332811,0,0,0,39.43,76.4544,,,,3,1,1,1,,,,911247,674585.9
1578580200,70.09,71,69.935,70.19,71.26959476266101,71.45631583029828,0,0,0,39.43,76.4544,,,,3,1,1,1,,,,549566,681675.7
1578666600,70.22,70.85,69.21,69.51,70.91767581012881,71.27937802754388,0,0,0,39.43,76.4544,,,,3,1,1,1,,,,574810,693470.8
1578925800,69.83,70.9,69.5,70.77,70.88814064810305,71.23307093413081,0,0,0,39.43,76.4544,,,,3,1,1,1,,,,426759,693969.4
1579012200,70.67,71.85,69.47,71.365,70.98351251848244,71.24506448557347,0,0,0,39.43,76.4544,,,,3,1,1,1,,,,1030531,728080.85
1579098600,71.54,72.965,71.54,72.7,71.32681001478595,71.37733135052133,0,0,0,39.43,76.4544,,,,3,1,1,1,,,,389894,712540.45
1579185000,73.12,75.31,73.12,75.22,72.10544801182876,71.7266648641103,0,0,0,39.43,76.4544,,,,3,1,1,1,,,,522734,703012.85
1579271400,75.53,75.85,73.55,73.6,72.404358409463,71.8969680582821,0,0,0,39.43,76.4544,,,,3,1,1,1,,,,346745,690842.3
1579617000,73.25,75.4399,73.25,75.26,72.9754867275704,72.20269823480191,0,0,0,39.43,76.4544,,,,3,1,1,1,,,,509065,695416.55
1579703400,75.6,79.45,75.6,79.08,74.19638938205632,72.82790748618356,0,0,0,39.43,76.4544,,,,3,1,1,1,,,,1681624,737354.85
1579789800,79.07,80.6581,78.58,78.64,75.08511150564506,73.35627953289415,0,0,0,39.43,76.4544,,,,3,1,1,1,,,,748793,757153.65
1579876200,79.19,80.84,77.285,80.55,76.17808920451604,74.01025412081286,0,0,0,39.43,76.4544,,,,3,1,1,1,,,,1104829,797395.35
1580135400,78.59,79.455,77.82,77.91,76.52447136361283,74.36477647346624,0,0,0,39.43,76.4544,,,,3,1,1,1,,,,966624,833368.4
1580221800,78.31,80.14,77.79,78.97,77.01357709089027,74.78343315769658,0,0,0,39.43,76.4544,,,,3,1,1,1,,,,512653,838066
1580308200,79.77,80.79,78.75,79.91,77.59286167271222,75.24948468881507,0,0,0,39.43,76.4544,,,,3,1,1,1,,,,446386,839855.75
1580394600,79.2,80.04,77.14,78.34,77.74228933816977,75.53044062619553,0,0,0,39.43,76.4544,,,,3,1,1,1,,,,332151,829454.15
1580481000,78.16,78.61,76.375,76.81,77.55583147053582,75.6467642056323,0,0,0,39.43,76.4544,,,,3,1,1,1,,,,537693,813966.85
1580740200,77.37,78.29,76.5,77.59,77.56266517642865,75.82342200512026,0,0,0,39.43,76.4544,,,,3,1,1,1,,,,511355,730137.75
1580826600,78.99,82.49,78.6949,81.79,78.40813214114293,76.36583818647297,0,0,0,39.43,76.4544,,,,3,1,1,1,,,,717268,679372.1
1580913000,83.23,83.6277,79.77,81.81,79.08850571291434,76.8607619877027,0,0,0,39.43,76.4544,,,,3,1,1,1,,,,614271,671749.9
1580999400,82.22,83.9,81.25,83.53,79.97680457033147,77.467056352457,0,0,0,39.43,76.4544,,,,3,1,1,1,,,,494711,650923.1
1581085800,83.36,83.85,81.67,82.85,80.55144365626518,77.95641486587,0,0,0,39.43,76.4544,,,,3,1,1,1,,,,309458,638917.7
1581345000,82.88,85.73,82.78,85.44,81.52915492501214,78.63674078715455,0,0,0,39.43,76.4544,,,,3,1,1,1,,,,648533,642603.85
1581431400,86.04,87.51,84.89,87.14,82.6513239400097,79.40976435195869,0,0,0,39.43,76.4544,,,,3,1,1,1,,,,531919,647861.85
1581517800,87.77,88.23,86.435,87.98,83.71705915200776,80.1888766835988,0,0,0,39.43,76.4544,,,,3,1,1,1,,,,642472,628458.9
1581604200,87.53,89.16,87.23,87.74,84.52164732160621,80.87534243963528,0,0,0,39.43,76.4544,,,,3,1,1,1,,,,547707,636349.55
1581690600,87.86,88.44,86.7,87.11,85.03931785728497,81.44212949057753,0,0,0,39.43,76.4544,,,,3,1,1,1,,,,592228,639824.25
1582036200,87.22,87.73,86.12,87.31,85.49345428582798,81.97557226416139,0,0,0,39.43,76.4544,,,,3,1,1,1,,,,446781,644826.05
1582122600,87.88,90.1,87.46,88.9,86.17476342866239,82.60506569469217,0,0,0,39.43,76.4544,,,,3,1,1,1,,,,549516,646848.6
1582209000,86.15,87.89,82.33,86.46,86.23181074292991,82.95551426790198,0,0,0,39.43,76.4544,,,,3,1,1,1,,,,886768,607105.8
1582295400,86.74,87.09,84.61,85.99,86.18344859434393,83.23137660718362,0,0,0,39.43,76.4544,,,,3,1,1,1,,,,469035,593117.9
1582554600,79.74,84.81,77.95,82.41,85.42875887547514,83.15670600653057,0,0,0,39.43,76.4544,,,,3,1,1,1,,,,945357,585144.3
1582641000,82.82,84.22,79.14,79.51,84.2450071003801,82.82518727866416,0,0,0,39.43,76.4544,,,,3,1,1,1,,,,765986,575112.4
1582727400,79.6,82.862,79.4907,80.4,83.47600568030408,82.60471570787651,0,0,0,39.43,76.4544,,,,3,1,1,1,,,,675376,583248.55
1582813800,77.9,80.82,74.21,77.12,82.20480454424327,82.10610518897865,0,0,0,39.43,76.4544,,,,3,1,1,1,,,,1038982,612878.35
1582900200,72,78.11,71,77.37,81.23784363539463,81.67555017179878,0,0,0,39.43,76.4544,,,,3,1,1,1,,,,1852697,688905.65
1583159400,77.93,82.68,75.75,82.34,81.4582749083157,81.73595470163525,0,0,0,39.43,76.4544,,,,3,1,1,1,,,,1405525,732297.25
1583245800,82.7,83.48,77.27,78.1,80.78661992665256,81.40541336512295,0,0,0,39.43,76.4544,,,,3,1,1,1,,,,941065,753782.75
1583332200,79.8,81.27,78.28,80.66,80.76129594132205,81.33764851374814,0,0,0,39.43,76.4544,,,,3,1,1,1,,,,760560,755947.35
1583418600,78.24,79.64,73.85,75.17,79.64303675305764,80.77695319431649,0,0,0,39.43,76.4544,,,,3,1,1,1,,,,817138,766090.7
1583505000,72.46,75.64,71.55,74.44,78.60242940244612,80.20086654028772,0,0,0,39.43,76.4544,,,,3,1,1,1,,,,814341,782072.2
1583760600,69.17,70.52,62.66,66.11,76.1039435219569,78.91987867298883,0,0,0,39.43,76.4544,,,,3,1,1,1,,,,1024385,817818.55
1583847000,69.02,69.02,63.6,67.11,74.30515481756551,77.84625333908076,0,0,0,39.43,76.4544,,,,3,1,1,1,,,,776214,824202.6
1583933400,64.88,66.36,59.6,60.47,71.5381238540524,76.26659394461888,0,0,0,39.43,76.4544,,,,3,1,1,1,,,,1165835,855898.4
1584019800,54.19,59.98,51.86,56.72,68.57449908324192,74.48963085874443,0,0,0,39.43,76.4544,,,,3,1,1,1,,,,1225882,885068.9
1584106200,60.33,62.79,54.696,62.43,67.34559926659354,73.39330078067675,0,0,0,39.43,76.4544,,,,3,1,1,1,,,,996818,907524.45
1584365400,54.32,58.65,52.7575,53.92,64.66047941327483,71.62300070970613,0,0,0,39.43,76.4544,,,,3,1,1,1,,,,1015190,928672.55
1584451800,54.42,57.3754,51.3,57.15,63.158383530619865,70.30727337246012,0,0,0,39.43,76.4544,,,,3,1,1,1,,,,993412,956004.1
1584538200,53.2,55.87,50.051,52.61,61.048706824495895,68.6984303386001,0,0,0,39.43,76.4544,,,,3,1,1,1,,,,935742,975315.4
1584624600,52.89,64.2514,52.2397,62.01,61.240965459596715,68.09039121690918,0,0,0,39.43,76.4544,,,,3,1,1,1,,,,1219173,991935.65
1584711000,62.15,65.22,59.8,60.78,61.148772367677374,67.42581019719016,0,0,0,39.43,76.4544,,,,3,1,1,1,,,,1270681,1032017.95
1584970200,60.53,65.01,58.06,63.41,61.6010178941419,67.06073654290014,0,0,0,39.43,76.4544,,,,3,1,1,1,,,,840989,1026799.55
1585056600,66.66,70.96,66.5,69.83,63.246814315313514,67.31248776627285,0,0,0,39.43,76.4544,,,,3,1,1,1,,,,824578,1029729.15
1585143000,69.84,74.09,66.59,71.15,64.82745145225081,67.6613525147935,0,0,0,50.051,90.1,,,,1,1,1,1,,,,803496,1036135.15
1585229400,72.64,77.86,72.305,76.52,67.16596116180065,68.46668410435774,0,0,0,50.051,90.1,,,,1,1,1,1,,,,745939,1021483
1585315800,73.08,77.23,71.87,74.41,68.61476892944052,69.00698554941613,0,0,0,50.051,90.1,,,,1,1,1,1,,,,824633,970079.8
1585575000,74.3,76.36,69.1,69.46,68.78381514355242,69.0481686812874,0,0,0,50.051,90.1,,,,1,1,1,1,,,,1103102,954958.65
1585661400,69.03,72.72,67.96,70.77,69.18105211484193,69.20469880117035,0,0,0,50.051,90.1,,,,1,1,1,1,,,,1286102,972210.5
1585747800,67.58,69.67,63.7,64.72,68.28884169187354,68.79699891015487,0,0,0,50.051,90.1,,,,1,1,1,1,,,,690315,968698.25
1585834200,64.99,67.29,61.23,62.64,67.15907335349884,68.23727173650443,0,0,0,50.051,90.1,,,,1,1,1,1,,,,508238,953253.25
1585920600,61.99,62.415,60.55,61.51,66.02925868279907,67.62570157864039,0,0,0,50.051,90.1,,,,1,1,1,1,,,,557719,940422.15
1586179800,64.56,68.65,63.76,68,66.42340694623925,67.6597287078549,0,0,0,50.051,90.1,,,,1,1,1,1,,,,773140,927859.9
1586266200,70.67,71.99,68.1,68.96,66.9307255569914,67.77793518895899,0,0,0,50.051,90.1,,,,1,1,1,1,,,,769700,927534.2
1586352600,70.27,73.4,69.3973,72.48,68.04058044559312,68.20539562632635,0,0,0,50.051,90.1,,,,1,1,1,1,,,,565426,897513.75
1586439000,73.74,76.25,72.6,74.7,69.3724643564745,68.79581420575123,0,0,0,50.051,90.1,,,,1,1,1,1,,,,443244,858381.85
1586784600,73.76,74.38,71.67,73.49,70.1959714851796,69.22255836886475,0,0,0,50.051,90.1,,,,1,1,1,1,,,,326301,824856
1586871000,75.1,77.54,74.9,76.62,71.48077718814368,69.89505306260432,0,0,0,50.051,90.1,,,,1,1,1,1,,,,418589,795025.95
1586957400,73.89,75.49,72.34,74.13,72.01062175051494,70.2800482387312,0,0,0,50.051,90.1,,,,1,1,1,1,,,,463690,768539.85
1587043800,74.52,75,70.65,72.77,72.16249740041195,70.50640748975563,0,0,0,50.051,90.1,,,,1,1,1,1,,,,627425,753124
1587130200,75.85,77.23,75.1,76.72,73.07399792032956,71.07127953614149,0,0,0,50.051,90.1,,,,1,1,1,1,,,,543999,719365.3
1587389400,74.48,80.16,74.38,76.78,73.81519833626365,71.59025412376499,0,0,0,50.051,90.1,,,,1,1,1,1,,,,1562435,733953
1587475800,74.75,76.41,69.65,70.6,73.17215866901091,71.50023102160453,0,0,0,50.051,90.1,,,,1,1,1,1,,,,849611,734384.1
1587562200,73.05,74.02,71.238,73.33,73.20372693520873,71.66657365600412,0,0,0,50.051,90.1,,,,1,1,1,1,,,,341503,710230.35
1587648600,74.05,75.2499,70.6,70.75,72.712981548167,71.58324877818556,0,0,0,50.051,90.1,,,,1,1,1,1,,,,502777,695194.4
1587735000,71.09,72.2,69.35,71.84,72.53838523853359,71.60658979835051,0,0,0,50.051,90.1,,,,1,1,1,1,,,,815924,698693.65
1587994200,72.5,73.91,71.67,72.15,72.46070819082688,71.6559907257732,0,0,0,50.051,90.1,,,,1,1,1,1,,,,611592,688041.6
1588080600,73.63,76,71.12,75.34,73.0365665526615,71.99090065979381,0,0,0,50.051,90.1,,,,1,1,1,1,,,,658612,665817.1
1588167000,77.47,77.47,73.9075,75.24,73.4772532421292,72.28627332708528,0,0,0,50.051,90.1,,,,1,1,1,1,,,,747945,638909.25
1588253400,75,75.23,71.9039,72.71,73.32380259370335,72.32479393371389,0,0,0,50.051,90.1,,,,1,1,1,1,,,,520387,630412.85
1588339800,71.4,72.93,69.05,69.52,72.56304207496268,72.06981266701263,0,0,0,50.051,90.1,,,,1,1,1,1,,,,560871,633044.5
1588599000,68.14,69,65.5,67,71.45043365997014,71.60892060637512,0,0,0,50.051,90.1,,,,1,1,1,1,,,,883795,649348.3
1588685400,68.09,68.81,65.77,65.85,70.33034692797611,71.08538236943193,0,0,0,50.051,90.1,,,,1,1,1,1,,,,613336,641358.1
1588771800,66.901,68.23,65.64,66.13,69.49027754238088,70.63489306311993,0,0,0,50.051,90.1,,,,1,1,1,1,,,,517643,628755.25
1588858200,67.54,71.57,67,70.28,69.6482220339047,70.60263005738176,0,0,0,50.051,90.1,,,,1,1,1,1,,,,790113,639989.6
1588944600,77.29,86.48,76.5314,86.13,72.94457762712376,72.01420914307432,0,0,0,50.051,90.1,,,,1,1,1,1,,,,3493209,792487.85
1589203800,86,89.43,84.07,84.92,75.339662101699,73.1874628573403,0,0,0,50.051,90.1,,,,1,1,1,1,,,,1357661,844055.85
1589290200,84.01,85.99,83.41,83.48,76.9677296813592,74.12314805212753,0,0,0,50.051,90.1,,,,1,1,1,1,,,,986937,872473.25
1589376600,84,84.91,79.095,80.17,77.60818374508736,74.67286186557048,0,0,0,50.051,90.1,,,,1,1,1,1,,,,878140,893195.75
1589463000,78.8,79.08,74.74,75.6,77.20654699606989,74.75714715051862,0,0,0,50.051,90.1,,,,1,1,1,1,,,,852768,904462.9
1589549400,75.4,77.75,73.62,73.91,76.54723759685591,74.68013377319875,0,0,0,50.051,90.1,,,,1,1,1,1,,,,580627,906294.3
1589808600,76.0343,79,73.62,74.86,76.20979007748473,74.69648524836249,0,0,0,50.051,90.1,,,,1,1,1,1,,,,668079,861576.5
1589895000,74.39,76.2197,73.695,74.73,75.91383206198778,74.6995320439659,0,0,0,50.051,90.1,,,,1,1,1,1,,,,703256,854258.75
1589981400,76.86,77.3738,75.66,76.21,75.97306564959023,74.83684731269628,0,0,0,50.051,90.1,,,,1,1,1,1,,,,426794,858523.3
1590067800,76.22,77.535,72.88,76.56,76.09045251967218,74.99349755699662,0,0,0,50.051,90.1,,,,1,1,1,1,,,,676961,867232.5
1590154200,77.11,77.19,73.6,74.11,75.69436201573775,74.91317959726965,0,0,0,50.051,90.1,,,,1,1,1,1,,,,590882,855980.4
1590499800,75.75,76.79,74.79,75.8,75.7154896125902,74.9937996338815,0,0,0,50.051,90.1,,,,1,1,1,1,,,,503743,850587.95
1590586200,76.79,76.79,71.21,75.7,75.71239169007217,75.05799966716499,0,0,0,50.051,90.1,,,,1,1,1,1,,,,687876,852051.15
1590672600,77.08,78.68,73.04,73.2,75.20991335205774,74.88909060651363,0,0,0,50.051,90.1,,,,1,1,1,1,,,,657811,847544.45
1590759000,72.78,76.14,72.14,75.96,75.35993068164619,74.98644600592148,0,0,0,50.051,90.1,,,,1,1,1,1,,,,792718,861161
1591018200,84.185,92,82.8006,89.75,78.23794454531695,76.32858727811043,0,0,0,50.051,90.1,,,,1,1,1,1,,,,4983137,1082274.3
1591104600,91.8,99.615,91,97.85,82.16035563625356,78.28507934373675,0,0,0,50.051,90.1,,,,1,1,1,1,,,,3639943,1220081.7
1591191000,97.48,97.96,90.32,91.18,83.96428450900285,79.4573448579425,0,0,0,50.051,90.1,,,,1,1,1,1,,,,2102559,1294542.85
1591277400,91,93.5889,90.4,93.34,85.83942760720228,80.71940441631136,0,0,0,50.051,90.1,,,,1,1,1,1,,,,1070379,1322179.65
1591363800,96.18,97.219,92.03,92.79,87.22954208576182,81.81673128755578,0,0,0,50.051,90.1,,,,1,1,1,1,,,,850731,1325210.55
1591623000,96.57,98.58,94.2,97.27,89.23763366860946,83.22157389777799,0,0,0,50.051,90.1,,,,1,1,1,1,,,,1273266,1214213.4
1591709400,96.75,104.76,96.1,100.27,91.44410693488757,84.77143081616181,0,0,0,50.051,90.1,,,,1,1,1,1,,,,2296431,1261151.9
1591795800,101.54,104.9,100.28,103.25,93.80528554791006,86.45130074196528,0,0,0,50.051,90.1,,,,1,1,1,1,,,,1780815,1300845.8
1591882200,98.51,98.58,90,90.01,93.04622843832804,86.77481885633208,0,0,0,50.051,90.1,,,,1,1,1,1,,,,1495942,1331735.9
1591968600,97.6,97.6,91.63,94.09,93.25498275066244,87.43983532393825,0,0,0,50.051,90.1,,,,1,1,1,1,,,,1132776,1345736.3
1592227800,91.8,100.41,91.55,100.35,94.67398620052995,88.61348665812568,0,0,0,50.051,90.1,,,,1,1,1,1,,,,1427720,1388090.95
1592314200,100.485,100.52,91.8,93.66,94.47118896042396,89.07226059829607,0,0,0,50.051,90.1,,,,1,1,1,1,,,,2343471,1471860.55
1592400600,93.12,96.925,93,94.85,94.54695116833916,89.59750963481461,0,0,0,50.051,90.1,,,,1,1,1,1,,,,2783808,1575888.15
1592487000,94.36,96.3499,91.8,91.81,93.99956093467134,89.79864512255874,0,0,0,50.051,90.1,,,,1,1,1,1,,,,1181284,1613612.65
1592573400,92.78,93.49,88.6901,90.12,93.22364874773707,89.82785920232612,0,0,0,50.051,90.1,,,,1,1,1,1,,,,2134077,1686468.45
1592832600,90.5,93.7,88.53,92.5,93.07891899818966,90.07078109302375,0,0,0,50.051,90.1,,,,1,1,1,1,,,,850975,1699473.1
1592919000,93.41,97.7422,92.0785,95.54,93.57113519855173,90.56798281183978,0,0,0,50.051,90.1,,,,1,1,1,1,,,,1920610,1770316.45
1593005400,94.4,97.1599,91.86,93.43,93.54290815884139,90.82816619258162,0,0,0,50.051,90.1,,,,1,1,1,1,,,,1397650,1805805.15
1593091800,92.71,95.95,91.53,95.95,94.02432652707311,91.29378744780148,0,0,0,50.051,90.1,,,,1,1,1,1,,,,1005786,1823203.9
1593178200,95.88,97.72,94.17,96.06,94.4314612216585,91.72707949800134,0,0,0,50.051,90.1,,,,1,1,1,1,,,,7776967,2172416.35
1593437400,97.19,97.25,92.41,95.8,94.70516897732679,92.09734499818305,0,0,0,50.051,90.1,,,,1,1,1,1,,,,761782,1961348.6
1593523800,95.2,100.65,95.2,98.13,95.39013518186144,92.6457681801664,0,0,0,50.051,90.1,,,,1,1,1,1,,,,1101895,1834446.2
1593610200,98.64,100.14,97.54,99.37,96.18610814548916,93.25706198196946,0,0,0,50.051,90.1,,,,1,1,1,1,,,,595803,1759108.4
1593696600,100.23,101.8383,99.4,100.34,97.01688651639132,93.90096543815405,0,0,0,50.051,90.1,,,,1,1,1,1,,,,685550,1739866.95
1594042200,102,102.4,98.85,99.64,97.54150921311306,94.42269585286732,0,0,0,50.051,90.1,,,,1,1,1,1,,,,668129,1730736.85
1594128600,99.04,101.05,95.61,96.06,97.24520737049045,94.57154168442484,0,0,0,50.051,90.1,,,,1,1,1,1,,,,1091811,1721664.1
1594215000,96.83,99,96.06,96.93,97.18216589639236,94.78594698584077,0,0,0,50.051,90.1,,,,1,1,1,1,,,,662029,1639944
1594301400,97.17,98.04,95.18,96.42,97.02973271711389,94.93449725985525,0,0,0,50.051,90.1,,,,1,1,1,1,,,,481870,1574996.75
1594387800,96.14,97.85,95.34,95.91,96.8057861736911,95.02317932714114,0,0,0,50.051,90.1,,,,1,1,1,1,,,,467658,1523582.55
1594647000,97.17,97.17,90.28,90.77,95.59862893895288,94.6365266610374,0,0,0,50.051,90.1,,,,1,1,1,1,,,,656163,1499751.9
1594733400,90.75,92.86,87.75,92.83,95.0449031511623,94.47229696457944,0,0,0,50.051,90.1,,,,1,1,1,1,,,,686618,1462696.8
1594819800,94,94.7,91.56,92.64,94.56392252092984,94.30572451325403,0,0,0,50.051,90.1,,,,1,1,1,1,,,,438886,1367467.55
1594906200,92.35,92.35,90.275,91.08,93.86713801674387,94.01247683023094,0,0,0,50.051,90.1,,,,1,1,1,1,,,,447011,1250627.7
1594992600,91.55,91.6188,90.26,90.72,93.23771041339509,93.71316075475539,0,0,0,50.051,90.1,,,,1,1,1,1,,,,468922,1215009.6
1595251800,91,93.4,90.7601,92.24,93.03816833071608,93.57923704977763,0,0,0,50.051,90.1,,,,1,1,1,1,,,,674589,1142035.2
1595338200,94.14,95,91.76,92.11,92.85253466457286,93.4456700452524,0,0,0,50.051,90.1,,,,1,1,1,1,,,,565267,1127749.8
1595424600,91.63,93.06,88.23,89.12,92.10602773165829,93.05242731386582,0,0,0,50.051,90.1,,,,1,1,1,1,,,,837176,1073578.1
1595511000,88.92,89.8887,86.56,87.53,91.19082218532662,92.55038846715074,0,0,0,50.051,90.1,,,,1,1,1,1,,,,660823,1036736.75
1595597400,86.57,87.47,83.66,85.62,90.0766577482613,91.92035315195521,0,0,0,50.051,90.1,,,,1,1,1,1,,,,664929,1019693.9
1595856600,86.14,87.4,84.97,86.44,89.34932619860903,91.42213922905019,0,0,0,50.051,90.1,,,,1,1,1,1,,,,519171,656804.1
1595943000,86.04,86.81,84.96,85.85,88.64946095888723,90.91558111731835,0,0,0,50.051,90.1,,,,1,1,1,1,,,,374552,637442.6
1596029400,86.07,86.79,84.73,84.89,87.89756876710979,90.36780101574396,0,0,0,50.051,90.1,,,,1,1,1,1,,,,413308,603013.25
1596115800,84.06,85.71,83.48,84.88,87.29405501368782,89.86891001431269,0,0,0,50.051,90.1,,,,1,1,1,1,,,,493396,597892.9
1596202200,85.66,86.05,82.45,83.13,86.46124401095025,89.25628183119335,0,0,0,50.051,90.1,,,,1,1,1,1,,,,680434,597637.1
1596461400,83.79,88.9,83.5,88.5,86.8689952087602,89.1875289374485,0,0,0,50.051,90.1,,,,1,1,1,1,,,,644112,596436.25
1596547800,88.02,89.57,87.5,89.51,87.39719616700816,89.21684448858954,0,0,0,50.051,90.1,,,,1,1,1,1,,,,651968,574444.1
1596634200,90,93.12,89.41,92.64,88.44575693360653,89.52804044417232,0,0,0,50.051,90.1,,,,1,1,1,1,,,,780779,580381.6
1596720600,92.55,93.71,91.06,91.67,89.09060554688523,89.72276404015665,0,0,0,50.051,90.1,,,,1,1,1,1,,,,950853,603830.75
1596807000,85.5,88,82.5,83.88,88.04848443750818,89.19160367286968,0,0,0,50.051,90.1,,,,1,1,1,1,,,,2278757,694385.7
1597066200,84.24,85.15,82.95,83.14,87.06678755000654,88.64145788442698,0,0,0,50.051,90.1,,,,1,1,1,1,,,,674298,695292.45
1597152600,83.5,83.5,79.12,79.23,85.49943004000524,87.78587080402453,0,0,0,50.051,90.1,,,,1,1,1,1,,,,940502,707986.65
1597239000,79.6,80.1406,78.28,79.76,84.35154403200418,87.05624618547684,0,0,0,50.051,90.1,,,,1,1,1,1,,,,921702,732127.45
1597325400,80.15,82.315,79.88,80.41,83.56323522560335,86.45204198679713,0,0,0,50.051,90.1,,,,1,1,1,1,,,,358180,727685.9
1597411800,80.87,81.83,79.13,79.58,82.76658818048269,85.8273108970883,0,0,0,50.051,90.1,,,,1,1,1,1,,,,258046,717142.1
1597671000,80.07,80.65,79.35,79.62,82.13727054438615,85.26300990644391,0,0,0,50.051,90.1,,,,1,1,1,1,,,,393156,703070.45
1597757400,79.89,80,78.3601,79.35,81.57981643550892,84.72546355131264,0,0,0,50.051,90.1,,,,1,1,1,1,,,,404532,695033.7
1597843800,79.73,82.08,79.17,80.96,81.45585314840713,84.3831486830115,0,0,0,50.051,90.1,,,,1,1,1,1,,,,535960,679972.9
1597930200,80.36,82.08,80.29,81.75,81.5146825187257,84.14377153001045,0,0,0,50.051,90.1,,,,1,1,1,1,,,,479914,670927.45
1598016600,81.54,82.68,80.65,82.61,81.73374601498057,84.00433775455495,0,0,0,50.051,90.1,,,,1,1,1,1,,,,604883,667925.15
1598275800,83.66,84.14,81.68,83.25,82.03699681198445,83.93576159504995,0,0,0,50.051,90.1,,,,1,1,1,1,,,,743595,679146.35
1598362200,83.26,87.51,82.8637,85.23,82.67559744958756,84.05341963186359,0,0,0,50.051,90.1,,,,1,1,1,1,,,,1041293,712483.4
1598448600,85.01,86.42,84.28,85.19,83.17847795967005,84.15674511987599,0,0,0,50.051,90.1,,,,1,1,1,1,,,,496430,716639.5
1598535000,86.19,86.73,85.265,85.39,83.62078236773604,84.26885919988726,0,0,0,50.051,90.1,,,,1,1,1,1,,,,502532,717096.3
1598621400,85.39,85.9686,83.29,83.84,83.66462589418883,84.22987199989751,0,0,0,50.051,90.1,,,,1,1,1,1,,,,464023,706275.75
1598880600,83.74,85.95,83.5,85.68,84.06770071535107,84.36170181808865,0,0,0,50.051,90.1,,,,1,1,1,1,,,,403341,694237.2
1598967000,85.2,88.65,84.78,87.43,84.74016057228086,84.64063801644423,0,0,0,50.051,90.1,,,,1,1,1,1,,,,490650,686171.3
1599053400,88.14,88.74,86.145,88.13,85.41812845782468,84.95785274222203,0,0,0,50.051,90.1,,,,1,1,1,1,,,,403065,667285.6
1599139800,87.52,87.5995,83.395,84.54,85.24250276625975,84.91986612929276,0,0,0,50.051,90.1,,,,1,1,1,1,,,,532922,646389.05
1599226200,84.98,85.52,81.15,82.67,84.7280022130078,84.7153328448116,0,0,0,50.051,90.1,,,,1,1,1,1,,,,514955,558198.95
1599571800,80.5,83.135,79.72,81.35,84.05240177040623,84.40939349528327,0,0,0,50.051,90.1,,,,1,1,1,1,,,,578234,553395.75
1599658200,82.25,85.58,82.195,85.24,84.28992141632499,84.48490317753024,0,0,0,50.051,90.1,,,,1,1,1,1,,,,2646359,638688.6
1599744600,85.47,87.285,83.9102,84.29,84.28993713306,84.46718470684567,0,0,0,50.051,90.1,,,,1,1,1,1,,,,579051,621556.05
1599831000,84.95,85.26,83.12,83.91,84.21394970644799,84.41653155167788,0,0,0,50.051,90.1,,,,1,1,1,1,,,,553526,631323.35
1600090200,84.26,85.44,82.82,83.84,84.1391597651584,84.36411959243443,0,0,0,50.051,90.1,,,,1,1,1,1,,,,376318,637236.95
1600176600,84.58,84.58,83.05,84.4,84.19132781212672,84.36738144766767,0,0,0,50.051,90.1,,,,1,1,1,1,,,,360763,635617.3
1600263000,85,85.04,83.4,83.73,84.09906224970138,84.30943767969788,0,0,0,50.051,90.1,,,,1,1,1,1,,,,327269,631754.15
1600349400,83,83.239,81.65,82.83,83.8452497997611,84.17494334517988,0,0,0,50.051,90.1,,,,1,1,1,1,,,,293088,619610.55
1600435800,83.15,83.35,80.75,82.55,83.58619983980888,84.0272212228908,0,0,0,50.051,90.1,,,,1,1,1,1,,,,813720,636300.85
1600695000,81.33,83.7606,80.54,83.18,83.5049598718471,83.95020111171891,0,0,0,50.051,90.1,,,,1,1,1,1,,,,534518,632782.6
1600781400,84.01,87.12,83.07,86.88,84.17996789747768,84.21654646519902,0,0,0,50.051,90.1,,,,1,1,1,1,,,,895598,640382.75
1600867800,87,88.69,86,86.71,84.68597431798214,84.44322405927183,0,0,0,50.051,90.1,,,,1,1,1,1,,,,637936,620214.9
1600954200,86,86.73,84.1,85.39,84.82677945438571,84.52929459933803,0,0,0,50.051,90.1,,,,1,1,1,1,,,,464494,618618.1
1601040600,85.25,87.38,84.58,87.2,85.30142356350858,84.77208599939821,0,0,0,50.051,90.1,,,,1,1,1,1,,,,439603,615471.65
1601299800,88.09,89.52,87.55,87.91,85.82313885080686,85.05735090854382,0,0,0,50.051,90.1,,,,1,1,1,1,,,,509272,617734.1
1601386200,87.92,89.15,87.1,88.62,86.38251108064549,85.3812280986762,0,0,0,50.051,90.1,,,,1,1,1,1,,,,391443,617139.2
1601472600,89.36,91.8325,89.17,90.7,87.24600886451638,85.86475281697837,0,0,0,50.051,90.1,,,,1,1,1,1,,,,892596,637236.5
1601559000,91.84,96.09,91.305,95.61,88.9188070916131,86.75068437907125,0,0,0,50.051,90.1,,,,1,1,1,1,,,,886975,661432
1601645400,93.5,94.49,90.87,91.55,89.44504567329048,87.18698579915568,0,0,0,50.051,90.1,,,,1,1,1,1,,,,474823,658527.05
1601904600,92.22,93.45,90.1706,91.84,89.92403653863238,87.60998709014153,0,0,0,50.051,90.1,,,,1,1,1,1,,,,432968,654427.7
1601991000,92.2,94.47,91.46,93.22,90.5832292309059,88.11998826376502,0,0,0,50.051,90.1,,,,1,1,1,1,,,,456262,648329.1
1602077400,94.54,96.355,93.91,96.07,91.68058338472471,88.84271660342274,0,0,0,50.051,90.1,,,,1,1,1,1,,,,389979,535510.1
1602163800,96.85,97.38,95.54,97.07,92.75846670777977,89.59065145765705,0,0,0,50.051,90.1,,,,1,1,1,1,,,,378100,525462.55
1602250200,97.57,99.67,97.56,98.99,94.00477336622382,90.44513768877913,0,0,0,50.051,90.1,,,,1,1,1,1,,,,443201,519946.3
1602509400,99.72,100.12,98.13,99.18,95.03981869297905,91.2392160807083,0,0,0,50.051,90.1,,,,1,1,1,1,,,,501512,526206
1602595800,99,101.87,98.595,101.75,96.38185495438324,92.19474189155301,0,0,0,50.051,90.1,,,,1,1,1,1,,,,452549,530795.3
1602682200,102,103.71,100.17,101.42,97.38948396350659,93.03340171959364,0,0,0,50.051,90.1,,,,1,1,1,1,,,,359005,532382.1
1602768600,100.05,106.55,99.0001,105.86,99.08358717080527,94.19945610872149,0,0,0,50.051,90.1,,,,1,1,1,1,,,,915896,563522.5
1602855000,107.51,109.735,105.7701,109.16,101.09886973664422,95.55950555338318,0,0,0,50.051,90.1,,,,1,1,1,1,,,,730173,559345.15
1603114200,109.78,113,107.43,107.62,102.40309578931537,96.65591413943925,0,0,0,50.051,90.1,,,,1,1,1,1,,,,713521,568295.3
1603200600,108.41,109.34,105.27,106.07,103.1364766314523,97.51174012676294,0,0,0,50.051,90.1,,,,1,1,1,1,,,,684868,557758.8
1603287000,106.69,107.62,103.06,103.26,103.16118130516183,98.03430920614814,0,0,0,50.051,90.1,,,,1,1,1,1,,,,617458,556734.9
1603373400,104.17,105.49,102.67,103.64,103.25694504412947,98.54391746013467,0,0,0,50.051,90.1,,,,1,1,1,1,,,,512173,559118.85
1603459800,104.2,104.72,102.16,102.91,103.18755603530357,98.94083405466787,0,0,0,50.051,90.1,,,,1,1,1,1,,,,578859,566081.65
1603719000,102,103.32,100.51,101.93,102.93604482824286,99.21257641333443,0,0,0,50.051,90.1,,,,1,1,1,1,,,,335908,557413.45
1603805400,102.21,102.556,100.595,101.05,102.55883586259428,99.37961492121312,0,0,0,50.051,90.1,,,,1,1,1,1,,,,289243,552303.45
1603891800,100,102.8,99.09,102,102.44706869007543,99.61783174655739,0,0,0,50.051,90.1,,,,1,1,1,1,,,,456452,530496.25
1603978200,102.85,104.12,101.75,103.4,102.63765495206034,99.96166522414308,0,0,0,50.051,90.1,,,,1,1,1,1,,,,521389,512216.95
1604064600,103.01,103.43,98.01,98.9,101.89012396164827,99.86515020376643,0,0,0,50.051,90.1,,,,1,1,1,1,,,,447283,510839.95
1604327400,99.67,101.32,96.6607,97.95,101.10209916931862,99.69104563978766,0,0,0,50.051,90.1,,,,1,1,1,1,,,,444316,511407.35
1604413800,97.92,101.98,97.72,101.68,101.2176793354549,99.87185967253424,0,0,0,50.051,90.1,,,,1,1,1,1,,,,391806,508184.55
1604500200,103.01,107.41,103,105.05,101.98414346836392,100.34259970230386,0,0,0,50.051,90.1,,,,1,1,1,1,,,,563799,516875.55
1604586600,106.07,110.4,105.71,108.5,103.28731477469114,101.08418154754897,0,0,0,50.051,90.1,,,,1,1,1,1,,,,581520,527046.55
1604673000,116.01,127.49,116,122.59,107.14785181975292,103.03925595231725,0,0,0,50.051,90.1,,,,1,1,1,1,,,,1860161,597894.55
1604932200,126.51,128.385,121.27,124.26,110.57028145580233,104.96841450210658,0,0,0,50.051,90.1,,,,1,1,1,1,,,,943018,619969.85
1605018600,123.01,125.175,116.795,119,112.25622516464186,106.24401318373326,0,0,0,50.051,90.1,,,,1,1,1,1,,,,942049,644444.85
1605105000,119.42,121.77,117.58,118.3,113.46498013171349,107.34001198521206,0,0,0,50.051,90.1,,,,1,1,1,1,,,,485783,650783.75
1605191400,118.01,119.59,117,118.15,114.40198410537079,108.3227381683746,0,0,0,50.051,90.1,,,,1,1,1,1,,,,396709,624824.4
1605277800,119.05,121.2,117.36,120.98,115.71758728429663,109.473398334886,0,0,0,50.051,90.1,,,,1,1,1,1,,,,421273,609379.4
1605537000,122.1,122.1,117.695,119.33,116.4400698274373,110.36945303171454,0,0,0,50.051,90.1,,,,1,1,1,1,,,,501881,598797.4
1605623400,118.44,119.545,116.62,119.05,116.96205586194984,111.15859366519504,0,0,0,50.051,90.1,,,,1,1,1,1,,,,410981,585103.05
1605709800,119.64,121.85,118.98,119.83,117.53564468955987,111.94690333199549,0,0,0,50.051,90.1,,,,1,1,1,1,,,,358062,572133.25
1605796200,119.66,124.4628,119.405,123.1,118.64851575164789,112.96082121090498,0,0,0,50.051,90.1,,,,1,1,1,1,,,,577115,575380.35
1605882600,124.19,125.45,121.81,124.81,119.88081260131831,114.03801928264089,0,0,0,50.051,90.1,,,,1,1,1,1,,,,406280,566751.4
1606141800,126.29,127.22,123.1373,126.5,121.20465008105465,115.17092662058262,0,0,0,50.051,90.1,,,,1,1,1,1,,,,402890,570100.5
1606228200,127.54,130.4099,126.01,127.49,122.46172006484372,116.29084238234783,0,0,0,50.051,90.1,,,,1,1,1,1,,,,405119,575894.3
1606314600,127.68,128.23,125.29,127.74,123.51737605187498,117.33167489304348,0,0,0,50.051,90.1,,,,1,1,1,1,,,,432009,574672.15
1606487400,128.7,128.7,124.2,125.55,123.92390084149999,118.07879535731226,0,0,0,50.051,90.1,,,,1,1,1,1,,,,271779,562191.65
1606746600,126.89,127.385,123.3612,125.69,124.27712067319999,118.77072305210206,0,0,0,50.051,90.1,,,,1,1,1,1,,,,384275,559041.25
1606833000,127.03,127.4,124.29,125.26,124.47369653855999,119.36065732009278,0,0,0,50.051,90.1,,,,1,1,1,1,,,,483946,561022.75
1606919400,124.29,124.499,122.59,123.92,124.362957230848,119.77514301826616,0,0,0,50.051,90.1,,,,1,1,1,1,,,,287563,555810.6
1607005800,123.92,126.62,123.42,123.85,124.2603657846784,120.14558456206015,0,0,0,50.051,90.1,,,,1,1,1,1,,,,312209,543231.1
1607092200,123.85,124.93,123.15,124.18,124.24429262774272,120.51234960187287,0,0,0,50.051,90.1,,,,1,1,1,1,,,,249964,526653.3
1607351400,124.99,126,122.45,122.79,123.95343410219418,120.71940872897534,0,0,0,50.051,90.1,,,,1,1,1,1,,,,340224,450656.45
1607437800,122.37,125.74,122.36,125.56,124.27474728175534,121.15946248088667,0,0,0,50.051,90.1,,,,1,1,1,1,,,,426087,424809.9
1607524200,125.22,128.88,121.68,123.19,124.05779782540426,121.34405680080607,0,0,0,50.051,90.1,,,,1,1,1,1,,,,401411,397778
1607610600,122.02,126.25,121.1,125.48,124.34223826032341,121.72005163709643,0,0,0,50.051,90.1,,,,1,1,1,1,,,,787723,412875
1607697000,126.06,127.5799,122.55,123.12,124.09779060825873,121.84731967008767,0,0,0,50.051,90.1,,,,1,1,1,1,,,,475044,416791.75
1607956200,124.5,129.8,124.5,127.24,124.72623248660699,122.33756333644334,0,0,0,50.051,90.1,,,,1,1,1,1,,,,918328,441644.5
1608042600,129.13,129.36,126.71,128.81,125.5429859892856,122.92596666949395,0,0,0,50.051,90.1,,,,1,1,1,1,,,,447804,438940.65
1608129000,127.13,127.9,119.05,119.94,124.42238879142847,122.6545151540854,0,0,0,50.051,90.1,,,,1,1,1,1,,,,783071,457545.15
1608215400,119.81,122.81,118.53,120.75,123.68791103314278,122.48137741280492,0,0,0,50.051,90.1,,,,1,1,1,1,,,,616285,470456.3
1608301800,121.7,125.8,121.55,125.34,124.01832882651422,122.74125219345902,0,0,0,50.051,90.1,,,,1,1,1,1,,,,1000555,491628.3
1608561000,126.12,128.23,124.51,127.87,124.78866306121138,123.20750199405366,0,0,0,50.051,90.1,,,,1,1,1,1,,,,542405,498434.55
1608647400,127.58,131.63,126.38,128.5,125.5309304489691,123.68863817641241,0,0,0,50.051,90.1,,,,1,1,1,1,,,,940383,525309.2
1608733800,129.04,134.73,129.04,131.83,126.79074435917528,124.42876197855674,0,0,0,50.051,90.1,,,,1,1,1,1,,,,564850,533295.75
1608820200,132,132.455,129.31,130.75,127.58259548734023,125.00341998050612,0,0,0,50.051,90.1,,,,1,1,1,1,,,,187448,521067.7
1609165800,132.5,133.49,125.15,125.16,127.09807638987218,125.01765452773284,0,0,0,50.051,90.1,,,,1,1,1,1,,,,336548,524306.15
1609252200,126,126.6095,120.85,123.33,126.34446111189774,124.86423138884804,0,0,0,50.051,90.1,,,,1,1,1,1,,,,601514,535168.1
1609338600,123.95,126.46,123.57,123.88,125.85156888951819,124.77475580804368,0,0,0,50.051,90.1,,,,1,1,1,1,,,,385909,530266.25
1609425000,123.88,123.88,121.3,122.53,125.18725511161455,124.57068709822153,0,0,0,50.051,90.1,,,,1,1,1,1,,,,353974,533586.8
1609770600,123.01,123.39,115.57,116.85,123.51980408929164,123.86880645292867,0,0,0,50.051,90.1,,,,1,1,1,1,,,,657095,550831.1
1609857000,116.41,122.54,116.01,122.3,123.27584327143332,123.7261876844806,0,0,0,50.051,90.1,,,,1,1,1,1,,,,650621,570863.95
1609943400,122.22,123.07,118.44,121.69,122.95867461714666,123.5410797131642,0,0,0,50.051,90.1,,,,1,1,1,1,,,,691863,588445.9
1610029800,121.82,125.05,121.04,124.57,123.28093969371733,123.63461792105836,0,0,0,50.051,90.1,,,,1,1,1,1,,,,432756,588779.35
1610116200,124.89,128.28,123.6,125.36,123.69675175497386,123.79147083732579,0,0,0,50.051,90.1,,,,1,1,1,1,,,,452258,591321.7
1610375400,125.18,127.87,123.6,124.84,123.9254014039791,123.88679167029618,0,0,0,50.051,90.1,,,,1,1,1,1,,,,549528,579411.95
1610461800,126.36,135.05,126.36,135,126.14032112318327,124.89708333663289,0,0,0,50.051,90.1,,,,1,1,1,1,,,,1237775,617548.5
1610548200,136.67,146.055,135.245,145.26,129.9642568985466,126.74825757875718,0,0,0,50.051,90.1,,,,1,1,1,1,,,,1174423,630353.25
1610634600,146.09,152,145.41,149.64,133.89940551883728,128.82932507159742,0,0,0,50.051,90.1,,,,1,1,1,1,,,,826040,649265.05
1610721000,161.9,166.49,150,150.77,137.27352441506983,130.82393188327038,0,0,0,50.051,90.1,,,,1,1,1,1,,,,1683098,694266.4
1611066600,154.83,159.85,154,159.36,141.69081953205585,133.41811989388216,0,0,0,50.051,90.1,,,,1,1,1,1,,,,1234082,725156.25
1611153000,162.74,168.48,162.41,164.56,146.26465562564468,136.24919990352925,0,0,0,50.051,90.1,,,,1,1,1,1,,,,1307952,740526.1
1611239400,168.03,168.4,161.71,162.54,149.51972450051574,138.63927263957203,0,0,0,50.051,90.1,,,,1,1,1,1,,,,873372,757074.45
1611325800,161.08,171.73,160.85,170.26,153.6677796004126,141.51388421779276,0,0,0,50.051,90.1,,,,1,1,1,1,,,,654239,742767.25
1611585000,173.46,177.705,168.03,174.54,157.84222368033008,144.5162583798116,0,0,0,50.051,90.1,,,,1,1,1,1,,,,609610,745005.25
1611671400,176.52,180.69,175.25,176.65,161.60377894426406,147.43750761801056,0,0,0,50.051,90.1,,,,1,1,1,1,,,,849203,778093
1611757800,171.72,176.65,168.41,170.04,163.29102315541124,149.49227965273687,0,0,0,50.051,90.1,,,,1,1,1,1,,,,658987,794214.95
1611844200,166.37,176.6,162.57,163.97,163.42681852432898,150.80843604794262,0,0,0,50.051,90.1,,,,1,1,1,1,,,,732795,800779
1611930600,161.6,168.97,160.2959,164.16,163.5734548194632,152.02221458903875,0,0,0,50.051,90.1,,,,1,1,1,1,,,,356696,799318.35
1612189800,167.13,168,163.37,166.15,164.08876385557056,153.30655871730795,0,0,0,50.051,90.1,,,,1,1,1,1,,,,331283,798183.8
1612276200,171.62,171.95,165.01,166.53,164.57701108445644,154.50868974300724,0,0,0,50.051,90.1,,,,1,1,1,1,,,,357249,783191.5
1612362600,167.85,169.06,163.86,167.55,165.17160886756517,155.69426340273387,0,0,0,50.051,90.1,,,,1,1,1,1,,,,294423,765381.6
1612449000,169.8,175.57,166.025,175.34,167.20528709405212,157.4802394570308,0,0,0,50.051,90.1,,,,1,1,1,1,,,,433014,752439.15
1612535400,178.2227,178.52,172.97,177.18,169.2002296752417,159.2711267791189,0,0,0,50.051,90.1,,,,1,1,1,1,,,,185626,740082.65
1612794600,180,182.48,176.52,182.39,171.83818374019336,161.37284252647171,0,0,0,50.051,90.1,,,,1,1,1,1,,,,388621,736900.8
1612881000,180.24,184.89,180.24,183.16,174.10254699215469,163.35349320588338,0,0,0,50.051,90.1,,,,1,1,1,1,,,,397303,729289.55
1612967400,185,190.04,182.1554,187.98,176.87803759372375,165.59226655080306,0,0,0,50.051,90.1,,,,1,1,1,1,,,,485480,691674.8
1613053800,190,212.37,189.64,203.51,182.204430074979,169.0393332280028,0,0,0,50.051,90.1,,,,1,1,1,1,,,,2637006,764803.95
1613140200,202,202.46,194.8083,195.54,184.8715440599832,171.4484847527298,0,0,0,50.051,90.1,,,,1,1,1,1,,,,914754,769239.65
1613485800,198.23,198.88,175.92,175.93,183.08323524798655,171.85589522975437,0,0,0,50.051,90.1,,,,1,1,1,1,,,,1324964,751332.95
1613572200,177.17,180.8912,175,178.38,182.14258819838923,172.44899566341306,0,0,0,50.051,90.1,,,,1,1,1,1,,,,786325,728945.1
1613658600,176.21,178.38,171.13,173.75,180.4640705587114,172.56726878492097,0,0,0,50.051,90.1,,,,1,1,1,1,,,,477505,687422.75
1613745000,176.38,180.99,175.99,177,179.77125644696912,172.97024434992815,0,0,0,50.051,90.1,,,,1,1,1,1,,,,459822,666745.25
1614004200,177.15,180,168.95,170,177.8170051575753,172.70022213629832,0,0,0,50.051,90.1,,,,1,1,1,1,,,,495933,658829.95
1614090600,164.81,170.68,156.8901,169.14,176.08160412606023,172.376565578453,0,0,0,50.051,90.1,,,,1,1,1,1,,,,659470,661322.95
1614177000,170.96,171.8196,160.03,161.45,173.15528330084817,171.38324143495728,0,0,0,50.051,90.1,,,,1,1,1,1,,,,815756,659650.6
1614263400,161.9,168.74,158.5,159.9,170.50422664067852,170.3393103954157,0,0,0,50.051,90.1,,,,1,1,1,1,,,,572329,655317.7
1614349800,160.9,169,160,165.49,169.50138131254283,169.89846399583246,0,0,0,50.051,90.1,,,,1,1,1,1,,,,652938,651324.85
1614609000,170.74,174.83,167.22,169.65,169.53110505003426,169.8758763598477,0,0,0,50.051,90.1,,,,1,1,1,1,,,,1053188,686149.45
1614695400,169.99,172.71,163.4861,166.15,168.8548840400274,169.53716032713427,0,0,0,50.051,90.1,,,,1,1,1,1,,,,814669,710318.75
1614781800,164.65,167.79,153.94,155.01,166.08590723202192,168.21650938830388,0,0,0,50.051,90.1,,,,1,1,1,1,,,,634565,724184.55
1614868200,151.83,155.36,138.26,144.9,161.84872578561755,166.0968267166399,0,0,0,50.051,90.1,,,,1,1,1,1,,,,1239780,771452.4
1614954600,144.54,145,128.0101,143.04,158.08698062849405,164.00075156058173,0,0,0,50.051,90.1,,,,1,1,1,1,,,,911246,795364
1615213800,143.08,147,137.5,138.59,154.18758450279523,161.69068323689248,0,0,0,50.051,90.1,,,,1,1,1,1,,,,490172,810591.3
1615300200,143.48,147.89,143.07,144.4,152.23006760223618,160.11880294262954,0,0,0,50.051,90.1,,,,1,1,1,1,,,,496209,815970.7
1615386600,147.49,150.79,140.43,141.1,150.00405408178895,158.38982085693596,0,0,0,50.051,90.1,,,,1,1,1,1,,,,651583,828684.7
1615473000,146.5062,153.76,146.12,152.76,150.55524326543116,157.87801896085088,0,0,0,50.051,90.1,,,,1,1,1,1,,,,796552,844238.3
1615559400,150.92,154.83,147.36,152.26,150.8961946123449,157.36728996440988,0,0,0,128.0101,212.37,,,,1,1,1,1,,,,370753,730925.65
1615815000,153.26,155.2864,150.63,153.71,151.45895568987592,157.03480905855443,0,0,0,128.0101,212.37,,,,1,1,1,1,,,,423574,706366.65
1615901400,156.64,159.0212,144.71,147.03,150.57316455190073,156.12528096232222,0,0,0,128.0101,212.37,,,,1,1,1,1,,,,411768,660706.85
1615987800,145.2,149.2664,142.5,148.43,150.1445316415206,155.42570996574747,0,0,0,128.0101,212.37,,,,1,1,1,1,,,,327766,637778.9
1616074200,148.17,148.17,138.89,139.96,148.10762531321646,154.0197363324977,0,0,0,128.0101,212.37,,,,1,1,1,1,,,,341400,630973.65
1616160600,139.11,146.075,137.865,144.75,147.43610025057316,153.17703302954337,0,0,0,128.0101,212.37,,,,1,1,1,1,,,,857212,650843.15
1616419800,146.78,148.99,144.33,144.77,146.90288020045853,152.41275729958488,0,0,0,128.0101,212.37,,,,1,1,1,1,,,,422154,647154.2
1616506200,144.01,146,138.8,139.62,145.44630416036682,151.249779363259,0,0,0,128.0101,212.37,,,,1,1,1,1,,,,355813,631971.35
1616592600,140.3892,140.4999,133.05,133.45,143.04704332829346,149.63161760296273,0,0,0,128.0101,212.37,,,,1,1,1,1,,,,496179,615992.5
1616679000,130,137.09,127.25,136.77,141.79163466263478,148.46237963905702,0,0,0,128.0101,212.37,,,,1,1,1,1,,,,471250,610938.55
1616765400,137.51,139.0606,131.69,137.82,140.99730773010782,147.4948905809609,0,0,0,128.0101,212.37,,,,1,1,1,1,,,,407192,598651.25
1617024600,137.49,138.47,131.82,134.32,139.66184618408624,146.297173255419,0,0,0,128.0101,212.37,,,,1,1,1,1,,,,414457,566714.7
1617111000,134.17,140.18,133,139.28,139.585476947269,145.65924841401727,0,0,0,128.0101,212.37,,,,1,1,1,1,,,,398112,545886.85
1617197400,140.36,143.96,140.36,142.42,140.1523815578152,145.36477128547025,0,0,0,128.0101,212.37,,,,1,1,1,1,,,,424943,535405.75
1617283800,144.42,147.515,142.55,143.06,140.73390524625216,145.15524662315477,0,0,0,127.25,212.37,,,,1,1,1,1,,,,390984,492965.95
1617629400,146.2,147.25,144,146.33,141.85312419700173,145.26204238468614,0,0,0,127.25,212.37,,,,1,1,1,1,,,,559831,475395.2
1617715800,147.06,148.28,145.0601,145.6,142.60249935760137,145.2927658042601,0,0,0,127.25,212.37,,,,1,1,1,1,,,,407461,471259.65
1617802200,147.03,147.76,144.46,147.27,143.5359994860811,145.4725143675092,0,0,0,127.25,212.37,,,,1,1,1,1,,,,273341,460116.25
1617888600,148.07,152,147.51,150.57,144.9427995888649,145.9359221522811,0,0,0,127.25,212.37,,,,1,1,1,1,,,,418444,448459.3
1617975000,149.6,150.53,145.35,149.42,145.8382396710919,146.25265650207373,0,0,0,127.25,212.37,,,,1,1,1,1,,,,447522,431007.8
1618234200,149.16,149.8118,145.5,149.17,146.50459173687352,146.51786954733976,0,0,0,127.25,212.37,,,,1,1,1,1,,,,310318,427986.05
1618320600,150,152.62,148.765,152.55,147.7136733894988,147.06624504303613,0,0,0,127.25,212.37,,,,1,1,1,1,,,,309998,422307.25
1618407000,153.48,156.3699,152.09,152.44,148.65893871159903,147.55476822094195,0,0,0,127.25,212.37,,,,1,1,1,1,,,,392492,421343.45
1618493400,155,156.06,152,153.25,149.57715096927922,148.07251656449267,0,0,0,127.25,212.37,,,,1,1,1,1,,,,245641,417237.2
1618579800,153.2332,154.84,151.06,152.74,150.20972077542336,148.4968332404479,0,0,0,127.25,212.37,,,,1,1,1,1,,,,348513,417592.85
1618839000,150.5,151.11,145.2,150.55,150.2777766203387,148.68348476404356,0,0,0,127.25,212.37,,,,1,1,1,1,,,,489004,399182.45
1618925400,150.5,154.3427,147.255,150.79,150.38022129627095,148.8749861491305,0,0,0,127.25,212.37,,,,1,1,1,1,,,,468107,401480.1
1619011800,149.9,152.96,147.66,149.89,150.28217703701677,148.96726013557318,0,0,0,127.25,212.37,,,,1,1,1,1,,,,324780,399928.45
1619098200,150.1,156,150.1,153.65,150.9557416296134,149.39296375961197,0,0,0,127.25,212.37,,,,1,1,1,1,,,,346464,392442.7
1619184600,154.92,156.11,153.7801,153.94,151.55259330369074,149.80633069055634,0,0,0,127.25,212.37,,,,1,1,1,1,,,,392906,388525.5
1619443800,154.65,159.64,150.44,159.285,153.0990746429526,150.66802790050576,0,0,0,127.25,212.37,,,,1,1,1,1,,,,488613,392596.55
1619530200,159.96,161.51,156.61,156.61,153.80125971436206,151.20820718227796,0,0,0,127.25,212.37,,,,1,1,1,1,,,,291606,386454
1619616600,156.61,159.105,154.7,155.55,154.15100777148965,151.6029156202527,0,0,0,127.25,212.37,,,,1,1,1,1,,,,223632,377730
1619703000,156.26,157.02,152,154.05,154.13080621719172,151.82537783659336,0,0,0,127.25,212.37,,,,1,1,1,1,,,,197469,366356.3
1619789400,152.17,154.82,151,151.61,153.62664497375337,151.80579803326668,0,0,0,127.25,212.37,,,,1,1,1,1,,,,195381,356576.15
1620048600,152.26,152.53,148.65,148.98,152.6973159790027,151.54890730296972,0,0,0,127.25,212.37,,,,1,1,1,1,,,,188239,337996.55
1620135000,148.01,148.33,141.7238,142.46,150.64985278320216,150.72264300269975,0,0,0,127.25,212.37,,,,1,1,1,1,,,,307835,333015.25
1620221400,142.47,144.87,140.1601,141.24,148.76788222656174,149.86058454790887,0,0,0,127.25,212.37,,,,1,1,1,1,,,,199155,329305.95
1620307800,140.69,141.39,128.34,130.86,145.1863057812494,148.13325867991716,0,0,0,127.25,212.37,,,,1,1,1,1,,,,887405,352754
1620394200,138.08,141.11,132.07,134.74,143.0970446249995,146.9156897090156,0,0,0,127.25,212.37,,,,1,1,1,1,,,,610083,360882.05
1620653400,132.84,133.99,127.5,129,140.27763569999962,145.28699064455964,0,0,0,127.25,212.37,,,,1,1,1,1,,,,387125,364722.4
1620739800,125,134.65,123.16,131.96,138.6141085599997,144.07544604050875,0,0,0,127.25,212.37,,,,1,1,1,1,,,,552114,376828.2
1620826200,129.13,130.12,123.27,124.09,135.70928684799975,142.2585873095534,0,0,0,127.25,212.37,,,,1,1,1,1,,,,580479,386227.55
1620912600,124.56,127.76,123.0201,126.25,133.8174294783998,140.8032611905031,0,0,0,127.25,212.37,,,,1,1,1,1,,,,391593,393525.15
1620999000,128.09,133.09,128.09,132.76,133.60594358271982,140.0720556277301,0,0,0,127.25,212.37,,,,1,1,1,1,,,,385105,395354.75
1621258200,130.75,134.13,130.43,133.59,133.60275486617584,139.482777843391,0,0,0,127.25,212.37,,,,1,1,1,1,,,,346060,388207.55
1621344600,134.31,134.46,121.09,123.43,131.5682038929407,138.02343440308275,0,0,0,127.25,212.37,,,,1,1,1,1,,,,1137970,421700.7
1621431000,123.81,128.3,123.53,126.8,130.61456311435256,137.00312218462068,0,0,0,127.25,212.37,,,,1,1,1,1,,,,581537,434538.55
1621517400,127.81,131.5,127.09,130.31,130.55365049148205,136.39465653147334,0,0,0,127.25,212.37,,,,1,1,1,1,,,,334950,433962.85
1621603800,131.5,131.99,126.48,127.07,129.85692039318565,135.5469604831576,0,0,0,127.25,212.37,,,,1,1,1,1,,,,344627,431548.9
1621863000,128.81,131.61,127.86,129.99,129.8835363145485,135.041782257416,0,0,0,127.25,212.37,,,,1,1,1,1,,,,280147,421125.6
1621949400,130.65,134.2,130.62,130.73,130.0528290516388,134.64980205219638,0,0,0,121.09,161.51,212.37,,,1,1,1,1,,,,293443,421217.45
1622035800,131.89,137.28,131.38,136.06,131.25426324131104,134.77800186563306,0,0,0,121.09,161.51,212.37,,,1,1,1,1,,,,337052,426888.45
1622122200,136.12,139.78,135.07,139.48,132.89941059304883,135.2054562414846,0,0,0,121.09,161.51,212.37,,,1,1,1,1,,,,367357,435382.85
1622208600,140.09,143.38,139.48,140.59,134.43752847443906,135.69496021953145,0,0,0,121.09,161.51,212.37,,,1,1,1,1,,,,464412,448834.4
1622554200,142.42,142.95,136.53,139.15,135.38002277955124,136.0090547450286,0,0,0,121.09,161.51,212.37,,,1,1,1,1,,,,355154,457180.15
1622640600,139.53,141.86,137.32,141.59,136.622018223641,136.51641340457147,0,0,0,121.09,161.51,212.37,,,1,1,1,1,,,,299435,456760.15
1622727000,139,140.415,137.45,138.19,136.9356145789128,136.6685576405195,0,0,0,121.09,161.51,212.37,,,1,1,1,1,,,,236080,458606.4
1622813400,138.34,141.3441,138.34,141.16,137.78049166313025,137.07687058229047,0,0,0,121.09,161.51,212.37,,,1,1,1,1,,,,206512,424561.75
1623072600,141.13,146.94,139.55,146.61,139.5463933305042,137.94351871117314,0,0,0,121.09,161.51,212.37,,,1,1,1,1,,,,316548,409885
1623159000,148.09,151.99,145.94,151.06,141.84911466440337,139.1359261010665,0,0,0,121.09,161.51,212.37,,,1,1,1,1,,,,481996,414628.55
1623245400,152.85,153,147.82,148.05,143.0892917315227,139.946296455515,0,0,0,121.09,161.51,212.37,,,1,1,1,1,,,,361845,405115.1
1623331800,148.55,151.4,147.12,150.72,144.61543338521815,140.9257240504682,0,0,0,121.09,161.51,212.37,,,1,1,1,1,,,,229678,387575.05
1623418200,151.71,157.79,151.51,157.44,147.1803467081745,142.427021864062,1,0,0,121.09,161.51,212.37,,,1,2,1,1,1,,,509662,393478.5
1623677400,158.49,160.07,156.36,156.99,149.14227736653962,143.7509289673291,0,0,0,121.09,161.51,212.37,,,1,2,1,1,,,,821177,415282.1
1623763800,157,158.6,153.99,154.49,150.2118218932317,144.72720815211736,0,0,0,121.09,161.51,212.37,,,1,2,1,1,,,,407412,418349.7
1623850200,155.29,156.84,151.11,152,150.56945751458537,145.38837104737942,0,0,0,121.09,161.51,212.37,,,1,2,1,1,,,,552436,389073
1623936600,151.12,154.07,151.1,153.6,151.17556601166828,146.13488277034492,0,0,0,121.09,161.51,212.37,,,1,2,1,1,,,,571517,388572
1624023000,152.08,163.16,152.08,156.85,152.31045280933463,147.1089843366772,0,0,0,121.09,161.51,212.37,,,1,2,1,1,,,,861846,414916.8
1624282200,157.44,159.97,154.56,158.76,153.6003622474677,148.16816757879744,0,0,0,121.09,161.51,212.37,,,1,2,1,1,,,,258178,410594.35
1624368600,158.27,161.1,157.295,160.62,155.00428979797417,149.3001523443613,0,0,0,121.09,161.51,212.37,,,1,2,1,1,,,,302667,411720.35
1624455000,160.65,167.61,160.65,165.98,157.19943183837933,150.81650213123754,0,0,0,121.09,161.51,212.37,,,1,2,1,1,,,,475024,420799.4
1624541400,166.92,168.12,164.4456,167.87,159.33354547070346,152.36682011930685,0,0,0,121.09,161.51,212.37,,,1,2,1,1,,,,312669,419580.25
1624627800,169,173,167.3613,172.18,161.90283637656276,154.16801829027895,0,0,0,121.09,161.51,212.37,,,1,2,1,1,,,,597351,431079.95
1624887000,174.14,176,170.66,172.06,163.9342691012502,155.79456208207176,0,0,0,121.09,161.51,212.37,,,1,2,1,1,,,,418153,428767
1624973400,172.17,176,171.59,174.14,165.97541528100015,157.46232916551978,0,0,0,121.09,161.51,212.37,,,1,2,1,1,,,,394870,430752.8
1625059800,176.1,179.3,175.7002,176.8,168.14033222480012,159.2202992413816,0,1,0,121.09,161.51,212.37,,,1,3,1,1,,1,,573198,444440.95
1625146200,176.8,176.8,172.38,173.26,169.1642657798401,160.4966356739833,0,0,0,121.09,161.51,212.37,,,1,3,1,1,,,,430275,454150.7
1625232600,174.79,178.17,173.66,177.79,170.88941262387206,162.06875970362117,0,0,0,121.09,161.51,212.37,,,1,3,1,1,,,,266317,457140.95
1625578200,177.88,177.88,174.59,176.7,172.05153009909765,163.39887245783743,0,0,0,121.09,161.51,212.37,,,1,3,1,1,,,,350668,458846.95
1625664600,177.21,177.5743,172.92,175.81,172.80322407927812,164.52715677985222,0,0,0,121.09,161.51,212.37,,,1,3,1,1,,,,214971,445495.7
1625751000,170.5,177.94,168.41,177.68,173.7785792634225,165.72286979986566,0,0,0,121.09,161.51,212.37,,,1,3,1,1,,,,287082,441757.55
1625837400,178.74,178.74,175.22,178.29,174.680863410738,166.86533618169605,0,0,0,121.09,161.51,212.37,,,1,3,1,1,,,,208728,440710.05
1626096600,178.95,180.595,174.5901,179.92,175.7286907285904,168.05212380154185,0,0,0,121.09,161.51,212.37,,,1,3,1,1,,,,344070,432430.45
1626183000,178.93,185.2873,178.22,182.3,177.04295258287232,169.34738527412895,0,0,0,121.09,161.51,212.37,,,1,3,1,1,,,,379371,410340.15
1626269400,182.39,183.63,176.3548,177.31,177.09636206629784,170.07125934011722,0,0,0,121.09,161.51,212.37,,,1,3,1,1,,,,242237,402081.4
1626355800,177.73,178.6,169.26,173.61,176.3990896530383,170.3929630364702,0,0,0,121.09,161.51,212.37,,,1,3,1,1,,,,305238,389721.5
1626442200,174.3,177.06,173.21,173.76,175.87127172243063,170.699057305882,0,0,0,121.09,161.51,212.37,,,1,3,1,1,,,,315907,376941
1626701400,170.77,176.39,169.48,175.7,175.8370173779445,171.15368845989272,0,0,0,121.09,161.51,212.37,,,1,3,1,1,,,,251409,346419.15
1626787800,175.97,182.66,172.75,180.56,176.78161390235562,172.00880769081155,0,0,0,121.09,161.51,212.37,,,1,3,1,1,,,,451390,356079.75
1626874200,180.06,182.685,177.27,181.45,177.7152911218845,172.86709790073778,0,0,0,121.09,161.51,212.37,,,1,3,1,1,,,,333848,357638.8
1626960600,181.76,182.13,178.14,180.55,178.28223289750758,173.56554354612524,0,0,0,121.09,161.51,212.37,,,1,3,1,1,,,,224535,345114.35
1627047000,180.72,184,179.28,183.03,179.23178631800607,174.42594867829567,0,0,0,121.09,161.51,212.37,,,1,3,1,1,,,,224230,340692.4
1627306200,183.3,184.78,180.73,182.04,179.79342905440487,175.11813516208696,0,0,0,121.09,161.51,212.37,,,1,3,1,1,,,,176098,319629.75
1627392600,181.11,181.99,176.55,180.54,179.9427432435239,175.61103196553358,0,0,0,121.09,161.51,212.37,,,1,3,1,1,,,,208061,309125.15
1627479000,180.54,186.8599,179.27,186.09,181.1721945948191,176.56366542321234,0,0,0,121.09,161.51,212.37,,,1,3,1,1,,,,263553,302559.3
1627565400,186.34,188.2,184.78,186.42,182.2217556758553,177.45969583928394,0,0,0,121.09,161.51,212.37,,,1,3,1,1,,,,164359,282117.35
1627651800,185.28,188.3699,184.41,186.02,182.98140454068422,178.23790530843993,0,0,0,121.09,161.51,212.37,,,1,3,1,1,,,,256982,273452.7
1627911000,186.8,191.83,186.4,189.64,184.3131236325474,179.27445937130904,0,0,0,121.09,161.51,212.37,,,1,3,1,1,,,,592347,289754.2
1627997400,189.4,191,184.622,187.32,184.91449890603792,180.0058721557355,0,0,0,121.09,161.51,212.37,,,1,3,1,1,,,,369858,290713.7
1628083800,187.05,193.28,186.55,191.12,186.15559912483033,181.01624741430498,0,0,0,121.09,161.51,212.37,,,1,3,1,1,,,,428811,301405.7
1628170200,190.42,195.29,188.29,193.49,187.62247929986427,182.15022492209545,0,0,0,121.09,161.51,212.37,,,1,3,1,1,,,,310444,302573.8
1628256600,196.39,198,189.96,192.59,188.6159834398914,183.09929538372313,0,0,0,121.09,161.51,212.37,,,1,3,1,1,,,,459938,315134.3
1628515800,191.83,194.14,189.33,192.37,189.36678675191314,183.94208671247557,0,0,0,121.09,161.51,212.37,,,1,3,1,1,,,,237724,309817
1628602200,191.79,191.79,183.35,183.79,188.25142940153052,183.92826064770506,0,0,0,121.09,161.51,212.37,,,1,3,1,1,,,,359998,308848.35
1628688600,183.28,185.49,180.5001,184.65,187.5311435212244,183.99387331609552,0,0,0,121.09,161.51,212.37,,,1,3,1,1,,,,246056,309039.3
1628775000,183.53,187.39,181.7,186.45,187.31491481697952,184.21715756008683,0,0,0,121.09,161.51,212.37,,,1,3,1,1,,,,246554,306105.1
1628861400,186.61,188.35,184.67,185.14,186.87993185358363,184.30105232735167,0,0,0,121.09,161.51,212.37,,,1,3,1,1,,,,165844,298601.95
1629120600,183.4,187.37,182.15,186.24,186.75194548286692,184.47732029759243,0,0,0,121.09,161.51,212.37,,,1,3,1,1,,,,272144,299638.7
1629207000,183.81,184.63,180.89,183.45,186.09155638629352,184.38392754326586,0,0,0,121.09,161.51,212.37,,,1,3,1,1,,,,174506,285794.5
1629293400,183.52,185,180.7,182.71,185.41524510903483,184.23175231205988,0,0,0,121.09,161.51,212.37,,,1,3,1,1,,,,172064,277705.3
1629379800,182.03,184.32,180.29,181.52,184.63619608722786,183.9852293745999,0,0,0,121.09,161.51,212.37,,,1,3,1,1,,,,167955,274876.3
1629466200,181.54,186.92,181.23,186.83,185.07495686978228,184.24384488599992,0,0,0,121.09,161.51,212.37,,,1,3,1,1,,,,196302,273479.9
1629725400,187.26,189.595,186.33,186.73,185.40596549582582,184.46985898727266,0,0,0,121.09,161.51,212.37,,,1,3,1,1,,,,222298,275789.9
1629811800,187.3,187.995,184.82,185.8,185.48477239666067,184.5907808975206,0,0,0,121.09,161.51,212.37,,,1,3,1,1,,,,252271,278000.4
1629898200,186.3,187.875,184.28,186.4,185.66781791732853,184.75525536138235,0,0,0,121.09,161.51,212.37,,,1,3,1,1,,,,563542,292999.85
1629984600,187.23,188.67,183.69,185.15,185.56425433386283,184.7911412376203,0,0,0,121.09,161.51,212.37,,,1,3,1,1,,,,421812,305872.5
1630071000,186.02,189.5,185.95,187.01,185.85340346709026,184.99285567056393,0,0,0,121.09,161.51,212.37,,,1,3,1,1,,,,322396,309143.2
1630330200,187.86,193.22,185.86,192.84,187.2507227736722,185.70623242778538,0,0,0,121.09,161.51,212.37,,,1,3,1,1,,,,428739,300962.8
1630416600,193.41,194,181.61,181.87,186.17457821893777,185.35748402525942,0,0,0,121.09,161.51,212.37,,,1,3,1,1,,,,548057,309872.75
1630503000,181.78,184.67,181.22,181.65,185.26966257515022,185.0204400229631,0,0,0,121.09,161.51,212.37,,,1,3,1,1,,,,529454,314904.9
1630589400,181.62,184.9099,181.06,182.87,184.78973006012018,184.824945475421,0,0,0,121.09,161.51,212.37,,,1,3,1,1,,,,240386,311402
1630675800,182,185.515,180.65,184.89,184.80978404809613,184.83085952311,0,0,0,121.09,161.51,212.37,,,1,3,1,1,,,,204478,298629
1631021400,184.27,185.99,181.585,182.67,184.38182723847692,184.63441774828183,0,0,0,121.09,161.51,212.37,,,1,3,1,1,,,,281364,300811
1631107800,181.85,183.74,180.16,182.56,184.01746179078154,184.44583431661985,0,0,0,121.09,161.51,212.37,,,1,3,1,1,,,,228410,294231.6
1631194200,182.99,187.085,180.95,181.15,183.44396943262524,184.14621301510897,0,0,0,121.09,161.51,212.37,,,1,3,1,1,,,,338614,298859.5
1631280600,183.2818,183.2818,178.801,179.81,182.71717554610018,183.75201183191726,0,0,0,121.09,161.51,212.37,,,1,3,1,1,,,,324406,302752.1
1631539800,180,180.505,175.13,176.25,181.42374043688014,183.0700107562884,0,0,0,121.09,161.51,212.37,,,1,3,1,1,,,,286021,308760.95
1631626200,175.64,179.39,175.64,177.26,180.59099234950412,182.5418279602622,0,0,0,121.09,161.51,212.37,,,1,3,1,1,,,,256762,307991.85
1631712600,176.01,178.71,172.67,177.83,180.0387938796033,182.11347996387474,0,0,0,121.09,161.51,212.37,,,1,3,1,1,,,,311977,314865.4
1631799000,177.83,180.39,177.83,179.54,179.93903510368264,181.87952723988613,0,0,0,121.09,161.51,212.37,,,1,3,1,1,,,,275859,320055.15
1631885400,176.74,178.3,170.29,172.38,178.4272280829461,181.01593385444193,0,0,0,121.09,161.51,212.37,,,1,3,1,1,,,,1346994,379007.1
1632144600,169.91,173.82,168.76,172.94,177.32978246635687,180.28175804949265,0,0,0,121.09,161.51,212.37,,,1,3,1,1,,,,444200,391402
1632231000,173.87,176.7399,173.87,174.65,176.7938259730855,179.76978004499333,0,0,0,121.09,161.51,212.37,,,1,3,1,1,,,,276797,394126.95
1632317400,175.4,176.08,173.53,175,176.4350607784684,179.33616367726665,0,0,0,121.09,161.51,212.37,,,1,3,1,1,,,,228437,392935.25
1632403800,175.83,177.58,174.16,176.73,176.49404862277473,179.09923970660606,0,0,0,121.09,161.51,212.37,,,1,3,1,1,,,,194084,374462.35
1632490200,175.61,180.53,175.61,179.75,177.1452388982198,179.15839973327823,0,0,0,121.09,161.51,212.37,,,1,3,1,1,,,,233332,365038.35
1632749400,178.9,179.73,177.675,179.02,177.52019111857584,179.14581793934386,0,0,0,121.09,161.51,212.37,,,1,3,1,1,,,,248860,361361.55
1632835800,177.88,178.38,172.85,177.59,177.53415289486068,179.00437994485804,0,0,0,121.09,161.51,212.37,,,1,3,1,1,,,,727963,376322.75
1632922200,178.73,180.2,174.67,175.14,177.05532231588853,178.65307267714368,0,0,0,121.09,161.51,212.37,,,1,3,1,1,,,,290692,363454.5
1633008600,176.28,179.1,174.75,175.02,176.64825785271083,178.3227933428579,0,0,0,121.09,161.51,212.37,,,1,3,1,1,,,,362797,355121.65
1633095000,176.44,179.32,173.54,178.77,177.07260628216866,178.36344849350718,0,0,0,121.09,161.51,212.37,,,1,3,1,1,,,,276089,356906.8
1633354200,177.56,177.56,164.62,166.09,174.87608502573494,177.24768044864288,0,0,0,121.09,161.51,212.37,,,1,3,1,1,,,,531475,373256.65
1633440600,166.95,170,164.65,165.28,172.95686802058796,176.15970949876626,0,0,0,121.09,161.51,212.37,,,1,3,1,1,,,,380858,378231.35
1633527000,164.06,166.99,161.8545,166.02,171.56949441647038,175.23791772615115,0,0,0,121.09,161.51,212.37,,,1,3,1,1,,,,258941,379757.9
1633613400,166.79,170.2599,166.55,168.94,171.0435955331763,174.66537975104652,0,0,0,121.09,161.51,212.37,,,1,3,1,1,,,,176461,371650.25
1633699800,169.35,169.85,164.32,164.55,169.74487642654105,173.74579977367864,0,0,0,121.09,161.51,212.37,,,1,3,1,1,,,,158746,363367.25
1633959000,164.28,171.3,162.76,167.5,169.29590114123283,173.1779997942533,0,0,0,121.09,161.51,212.37,,,1,3,1,1,,,,214934,359812.9
1634045400,168.23,173.02,168,171.43,169.72272091298626,173.01909072204847,0,0,0,121.09,161.51,212.37,,,1,3,1,1,,,,141354,354042.5
1634131800,173.12,177.37,172.62,176.62,171.102176730389,173.34644611095317,0,0,0,121.09,161.51,212.37,,,1,3,1,1,,,,219628,349425.05
1634218200,178.52,180.61,177.7,179.03,172.6877413843112,173.86313282813924,0,0,0,121.09,161.51,212.37,,,1,3,1,1,,,,223152,346789.7
1634304600,179.77,180.51,177.73,177.94,173.73819310744898,174.2337571164902,0,0,0,121.09,161.51,212.37,,,1,3,1,1,,,,218264,290353.2
1634563800,177.27,182.81,176.31,181.7,175.33055448595917,174.91250646953657,0,0,0,121.09,161.51,212.37,,,1,3,1,1,,,,194861,277886.25
1634650200,183.03,185.86,181.08,185.27,177.31844358876734,175.8540967904878,0,0,0,121.09,161.51,212.37,,,1,3,1,1,,,,295663,278829.55
1634736600,186.39,187.4099,178.88,179.05,177.66475487101388,176.144633445898,0,0,0,121.09,161.51,212.37,,,1,3,1,1,,,,300266,282421
1634823000,179.33,185.428,179.3,184.6,179.0518038968111,176.91330313263455,0,0,0,121.09,161.51,212.37,,,1,3,1,1,,,,432427,294338.15
1634909400,185.35,186,179.7,182.65,179.77144311744888,177.43482102966777,0,0,0,121.09,161.51,212.37,,,1,3,1,1,,,,275960,296469.55
1635168600,184.86,184.86,179.62,179.8,179.7771544939591,177.64983729969796,0,0,0,121.09,161.51,212.37,,,1,3,1,1,,,,370485,302550.8
1635255000,182.18,183.55,179.46,180.2,179.8617235951673,177.88167027245268,0,0,0,121.09,161.51,212.37,,,1,3,1,1,,,,318904,282097.85
1635341400,180.61,182.04,176.09,176.3,179.14937887613382,177.73788206586607,0,0,0,121.09,161.51,212.37,,,1,3,1,1,,,,248880,280007.25
1635427800,175.98,177.95,173.16,174.64,178.24750310090707,177.45625642351462,0,0,0,121.09,161.51,212.37,,,1,3,1,1,,,,312896,277512.2
1635514200,174.21,180.5,173.77,179.96,178.59000248072564,177.6838694759224,0,0,0,121.09,161.51,212.37,,,1,3,1,1,,,,342527,280834.1
1635773400,180.99,182.69,178.96,180.67,179.0060019845805,177.95533588720218,0,0,0,121.09,161.51,212.37,,,1,3,1,1,,,,359838,272252.25
1635859800,181.72,182.25,179.36,181.6,179.5248015876644,178.28666898836562,0,0,0,121.09,161.51,212.37,,,1,3,1,1,,,,291162,267767.45
1635946200,182.2,185.41,181.5021,184.91,180.60184127013153,178.8887899894233,0,0,0,121.09,161.51,212.37,,,1,3,1,1,,,,282460,268943.4
1636032600,186.1,187.83,182.9527,184.54,181.38947301610523,179.40253635402118,0,0,0,121.09,161.51,212.37,,,1,3,1,1,,,,232707,271755.7
1636119000,186.1,188.8,181.68,182.64,181.6395784128842,179.69685123092833,0,0,0,121.09,161.51,212.37,,,1,3,1,1,,,,351612,281399
1636381800,182.5,182.605,176.05,176.65,180.64166273030736,179.4198647553894,0,0,0,121.09,161.51,212.37,,,1,3,1,1,,,,445221,292913.35
1636468200,176.78,180.06,175.35,176.4,179.7933301842459,179.14533159580856,0,0,0,121.09,161.51,212.37,,,1,3,1,1,,,,385992,305145.25
1636554600,175.01,177.27,169.36,170.25,177.8846641473967,178.33666508709868,0,0,0,121.09,161.51,212.37,,,1,3,1,1,,,,303320,309329.85
1636641000,171.11,171.495,168.29,168.95,176.09773131791735,177.48333189736243,0,0,0,121.09,161.51,212.37,,,1,3,1,1,,,,293920,312868.25
1636727400,169.52,170.81,168.23,170.41,174.9601850543339,176.84030172487493,0,0,0,121.09,161.51,212.37,,,1,3,1,1,,,,432588,323584.45
1636986600,172.23,173.5752,167.25,167.41,173.45014804346712,175.98300156806812,0,0,0,121.09,161.51,212.37,,,1,3,1,1,,,,750145,351348.65
1637073000,208.84,209,174.78,177.79,174.3181184347737,176.1472741527892,0,0,0,121.09,161.51,212.37,,,1,3,1,1,,,,3145247,493827.85
1637159400,180.4,180.44,172.4,172.89,174.03249474781896,175.85115832071747,0,0,0,121.09,161.51,212.37,,,1,3,1,1,,,,947592,526194.15
1637245800,172.66,180.87,172,174.43,174.11199579825518,175.72196210974315,0,0,0,121.09,161.51,212.37,,,1,3,1,1,,,,543724,531759
1637332200,174.84,183.43,174.84,181.94,175.67759663860414,176.28723828158468,0,0,0,121.09,161.51,212.37,,,1,3,1,1,,,,827209,559321.45
1637591400,182.12,186.84,179.26,180.98,176.7380773108833,176.7138529832588,0,0,0,121.09,161.51,212.37,,,1,3,1,1,,,,660361,573815.25
1637677800,180.29,182.32,170.54,174.35,176.26046184870665,176.49895725750798,0,0,0,121.09,161.51,212.37,,,1,3,1,1,,,,643550,590047.55
1637764200,174.46,180.265,173.32,179.86,176.98036947896532,176.80450659773453,0,0,0,121.09,161.51,212.37,,,1,3,1,1,,,,418293,598518.2
1637937000,176.72,181.11,174.46,177.2,177.02429558317226,176.84046054339504,0,0,0,121.09,161.51,212.37,,,1,3,1,1,,,,260143,595880.55
1638196200,178.59,180.67,176.61,179.75,177.5694364665378,177.10496413035912,0,0,0,121.09,161.51,212.37,,,1,3,1,1,,,,389349,598221.65
1638282600,177.73,181.08,168.75,168.79,175.81354917323026,176.34905830032648,0,0,0,121.09,161.51,212.37,,,1,3,1,1,,,,651473,612803.4
1638369000,162.81,172.63,162.1,164.77,173.6048393385842,175.29641663666044,0,0,0,121.09,161.51,212.37,,,1,3,1,1,,,,504062,623448.4
1638455400,164.53,164.9,158.35,159.36,170.75587147086736,173.84765148787312,0,0,0,121.09,161.51,212.37,,,1,3,1,1,,,,575771,638113.95
1638541800,160.03,160.08,149.38,151.41,166.8866971766939,171.80786498897555,0,0,0,121.09,161.51,212.37,,,1,3,1,1,,,,753046,664130.9
1638801000,150.25,150.96,145.94,148.22,163.1533577413551,169.6635136263414,0,0,0,121.09,161.51,212.37,,,1,3,1,1,,,,663491,679724.85
1638887400,150.52,155.785,148.8037,153.79,161.28068619308408,168.22046693303764,0,0,0,121.09,161.51,212.37,,,1,3,1,1,,,,652178,690072.7
1638973800,153.79,153.79,149.57,151.47,159.31854895446727,166.69769721185241,0,0,0,121.09,161.51,212.37,,,1,3,1,1,,,,629718,702259
1639060200,152.9,153.4897,146.32,146.47,156.74883916357382,164.85881564713856,0,0,0,121.09,161.51,212.37,,,1,3,1,1,,,,587519,716468.95
1639146600,147.84,148.32,139.41,141.45,153.68907133085906,162.7307414973987,0,0,0,121.09,161.51,212.37,,,1,3,1,1,,,,810333,742289.6
1639405800,141.67,144.49,138.68,138.89,150.72925706468726,160.56340136127153,0,0,0,121.09,161.51,212.37,,,1,3,1,1,,,,565309,748925.65
1639492200,143.05,148.81,141.26,145.73,149.7294056517498,159.21491032842866,0,0,0,121.09,161.51,212.37,,,1,3,1,1,,,,858288,754332.8
1639578600,144.93,147.77,142.15,147.54,149.29152452139985,158.15355484402605,0,0,0,121.09,161.51,212.37,,,1,3,1,1,,,,549645,624552.7
1639665000,148.14,148.55,141.26,142.11,147.85521961711987,156.6950498582055,0,0,0,121.09,161.51,212.37,,,1,3,1,1,,,,432930,598819.6
1639751400,141.54,146.21,139.6,144.93,147.2701756936959,155.6254998710959,0,0,0,121.09,161.51,212.37,,,1,3,1,1,,,,866072,614937
1640010600,146,152.14,144.93,150.86,147.98814055495671,155.1922726100872,0,0,0,121.09,161.51,212.37,,,1,3,1,1,,,,824515,614802.3
1640097000,150.61,157.46,149,156.7,149.73051244396538,155.3293387364429,0,0,0,121.09,161.51,212.37,,,1,3,1,1,,,,759358,619752.15
1640183400,156.27,159.54,153.5776,159.01,151.58640995517231,155.6639443058572,0,0,0,121.09,161.51,212.37,,,1,3,1,1,,,,484667,611808
1640269800,160,162.25,158.71,160.54,153.37712796413786,156.1072220962338,0,0,0,121.09,161.51,212.37,,,1,3,1,1,,,,324733,607130
1640615400,160.6,162.5706,159.395,161.12,154.92570237131028,156.56292917839437,0,0,0,121.09,161.51,212.37,,,1,3,1,1,,,,380699,613157.8
1640701800,160.95,160.999,153.625,153.81,154.7025618970482,156.31266288944943,0,0,0,121.09,161.51,212.37,,,1,3,1,1,,,,236288,605504.75
1640788200,153.25,155.55,151.8,154.7,154.70204951763856,156.16605717222674,0,0,0,121.09,161.51,212.37,,,1,3,1,1,,,,226719,584267.05
1640874600,153.96,157.68,153.96,156.07,154.97563961411083,156.1573247020243,0,0,0,121.09,161.51,212.37,,,1,3,1,1,,,,215434,569835.65
1640961000,155.17,157.25,154.58,157,155.38051169128866,156.23393154729482,0,0,0,121.09,161.51,212.37,,,1,3,1,1,,,,471271,564610.65
1641220200,156.6,157.5,150.85,152.87,154.87840935303092,155.92811958844985,0,0,0,121.09,161.51,212.37,,,1,3,1,1,,,,443590,549137.85
1641306600,151.96,152.4,149.125,151.51,154.20472748242474,155.52647235313623,0,0,0,121.09,161.51,212.37,,,1,3,1,1,,,,849305,558428.55
1641393000,150.63,150.81,146.91,147.99,152.9617819859398,154.84133850285113,0,0,0,121.09,161.51,212.37,,,1,3,1,1,,,,1573318,604485.55
1641479400,148.23,151.59,146,150.14,152.39742558875184,154.41394409350102,0,0,0,121.09,161.51,212.37,,,1,3,1,1,,,,760474,611023.35
1641565800,150.01,151.89,144.81,145.19,150.95594047100147,153.57540372136455,0,0,0,121.09,161.51,212.37,,,1,3,1,1,,,,765962,619945.5
1641825000,143.62,147.74,140.615,147.51,150.26675237680118,153.02400338305867,0,0,0,121.09,161.51,212.37,,,1,3,1,1,,,,593388,609098.25
1641911400,147.34,150.23,145.91,149.76,150.16540190144093,152.7272758027806,0,0,0,121.09,161.51,212.37,,,1,3,1,1,,,,339335,597799.55
1641997800,150.68,151.82,146.42,151.03,150.33832152115275,152.57297800252783,0,0,0,121.09,161.51,212.37,,,1,3,1,1,,,,498509,579810.6
1642084200,151.9,152.48,143.44,143.65,149.0006572169222,151.7617981841162,0,0,0,121.09,161.51,212.37,,,1,3,1,1,,,,385454,571601.05
1642170600,140.63,143.1257,135.15,137.17,146.63452577353777,150.43527107646926,0,0,0,121.09,161.51,212.37,,,1,3,1,1,,,,633004,581604.75
1642516200,137.14,137.5299,132,132.2,143.7476206188302,148.7775191604266,0,0,0,121.09,161.51,212.37,,,1,3,1,1,,,,488131,562707.7
1642602600,132.42,135.3657,130.8,132.55,141.50809649506417,147.30229014584236,0,0,0,121.09,161.51,212.37,,,1,3,1,1,,,,484390,545701.45
1642689000,133.71,137.5812,133.6,133.82,139.97047719605132,146.07662740531123,0,0,0,121.09,161.51,212.37,,,1,3,1,1,,,,393931,527430.1
1642775400,132.97,136.494,131.36,132.96,138.56838175684106,144.88420673210112,0,0,0,121.09,161.51,212.37,,,1,3,1,1,,,,632281,534810.8
1643034600,130.07,135.88,124.66,135.59,137.97270540547285,144.03927884736464,0,0,0,121.09,161.51,212.37,,,1,3,1,1,,,,848172,560982.75
1643121000,133,135.59,128.01,128.07,135.99216432437828,142.58752622487694,0,0,0,121.09,161.51,212.37,,,1,3,1,1,,,,1095994,596747.5
1643207400,129.72,134.9999,127.37,128.19,134.43173145950263,141.27866020443358,0,0,0,121.09,161.51,212.37,,,1,3,1,1,,,,487514,609308.8
1643293800,129.18,130.84,127.28,129.4,133.42538516760212,140.19878200403053,0,0,0,121.09,161.51,212.37,,,1,3,1,1,,,,825085,639227.1
1643380200,129.72,136.11,128.31,136.07,133.95430813408169,139.8234381854823,0,0,0,121.09,161.51,212.37,,,1,3,1,1,,,,550993,656005.05
1643639400,136.74,141,136,139.93,135.14944650726534,139.83312562316573,0,0,0,124.66,209,,,,1,1,1,1,,,,495471,657215.05
1643725800,142.05,144.04,139.035,144,136.91955720581228,140.21193238469613,0,0,0,124.66,209,,,,1,1,1,1,,,,419925,656031.8
1643812200,144.3,144.3,141.26,142.15,137.96564576464982,140.38812034972375,0,0,0,124.66,209,,,,1,1,1,1,,,,327283,629930.7
1643898600,139.16,140.675,137.42,139.99,138.37051661171986,140.35192759065797,0,0,0,124.66,209,,,,1,1,1,1,,,,363561,569442.85
1643985000,140.41,144.585,137.57,142.99,139.29441328937588,140.5917523551436,0,0,0,124.66,209,,,,1,1,1,1,,,,303730,546605.65
1644244200,142.99,145.92,142.27,144.46,140.3275306315007,140.94341123194872,0,0,0,124.66,209,,,,1,1,1,1,,,,431916,529903.35
1644330600,143.12,148.11,142.39,145.33,141.32802450520057,141.3421920290443,0,0,0,124.66,209,,,,1,1,1,1,,,,317009,516084.4
1644417000,147.18,148.87,145.76,148.75,142.81241960416045,142.015629117313,0,0,0,124.66,209,,,,1,1,1,1,,,,286235,513429.4
1644503400,144.72,148.2898,143.22,144.18,143.08593568332836,142.2123901066482,0,0,0,124.66,209,,,,1,1,1,1,,,,535415,515274.7
1644589800,145.24,145.5,138.36,139.59,142.3867485466627,141.97399100604383,0,0,0,124.66,209,,,,1,1,1,1,,,,412188,516611.4
1644849000,139.2,143.52,137.51,140.51,142.01139883733015,141.8409009145853,0,0,0,124.66,209,,,,1,1,1,1,,,,341430,502032.7
1644935400,142.14,144.0945,140.6,143.25,142.2591190698641,141.96900083144118,0,0,0,124.66,209,,,,1,1,1,1,,,,238729,489562.6
1645021800,142.28,143.29,139.34,141.41,142.0892952558913,141.91818257403744,0,0,0,124.66,209,,,,1,1,1,1,,,,161593,473422.75
1645108200,139.54,139.54,132.46,132.58,140.18743620471304,141.06925688548858,0,0,0,124.66,209,,,,1,1,1,1,,,,302755,468863.95
1645194600,132.79,133.98,128.34,128.47,137.84394896377043,139.92386989589872,0,0,0,124.66,209,,,,1,1,1,1,,,,331768,453838.3
1645540200,127.68,130.63,125.81,126.76,135.62715917101633,138.727154450817,0,0,0,124.66,209,,,,1,1,1,1,,,,365914,429725.4
1645626600,128.14,129.37,121.91,122.44,132.98972733681308,137.2465040461973,0,0,0,124.66,209,,,,1,1,1,1,,,,393419,394596.65
1645713000,118.38,130.45,117.05,130.15,132.42178186945046,136.6013673147248,0,0,0,124.66,209,,,,1,1,1,1,,,,582506,399346.25
1645799400,135.49,135.84,125.06,134.14,132.76542549556035,136.37760664974982,0,0,0,124.66,209,,,,1,1,1,1,,,,661459,391164.95
1646058600,134.25,142.14,133.6,140.25,134.26234039644828,136.72964240886347,0,0,0,124.66,209,,,,1,1,1,1,,,,655970,396413.8
1646145000,138.73,144.43,138.08,142.12,135.83387231715864,137.2196749171486,0,0,0,124.66,209,,,,1,1,1,1,,,,525020,397891.25
1646231400,142.17,145.47,138.61,144.61,137.5890978537269,137.8915226519533,0,0,0,124.66,209,,,,1,1,1,1,,,,374463,395618.15
1646317800,146.06,146.505,138.85,140.15,138.10127828298153,138.096838774503,0,0,0,117.05,212.37,,,,1,1,1,1,,,,306035,394555.75
1646404200,140.52,143.17,136.17,138.13,138.10702262638523,138.09985343136637,0,0,0,117.05,212.37,,,,1,1,1,1,,,,340932,393424.3
1646663400,137.94,139.14,125.83,126.13,135.71161810110817,137.0116849376058,0,0,0,117.05,212.37,,,,1,1,1,1,,,,688579,412666.75
1646749800,125.16,127.97,122.63,125.03,133.57529448088653,135.9224408523689,0,0,0,117.05,212.37,,,,1,1,1,1,,,,331944,407668.15
1646836200,127.32,132.48,126.93,131.63,133.1862355847092,135.532218956699,0,0,0,117.05,212.37,,,,1,1,1,1,,,,256834,404659.4
1646922600,128.96,131.13,126.9,130.33,132.61498846776738,135.05928996063545,0,0,0,117.05,212.37,,,,1,1,1,1,,,,297986,405246.95
1647009000,132.87,132.87,124.58,124.66,131.0239907742139,134.11389996421406,0,0,0,117.05,212.37,,,,1,1,1,1,,,,274376,392195
1647264600,124.06,125.9999,117.78,120.3,128.8791926193711,132.85809087655824,0,0,0,117.05,212.37,,,,1,1,1,1,,,,389412,391056.2
1647351000,121.215,121.64,118.585,121.18,127.33935409549689,131.79644625141657,0,0,0,117.05,212.37,,,,1,1,1,1,,,,318239,389896.65
1647437400,123.72,127.39,122.86,127.3,127.3314832763975,131.3876784103787,0,0,0,117.05,212.37,,,,1,1,1,1,,,,350863,395503.35
1647523800,126.45,131.66,124.875,131.34,128.133186621118,131.38334400943518,0,0,0,117.05,212.37,,,,1,1,1,1,,,,330320,403939.7
1647610200,131.83,136.86,131.83,134.89,129.4845492968944,131.70213091766834,0,0,0,117.05,212.37,,,,1,1,1,1,,,,1037340,440668.95
1647869400,133.65,135.37,131.12,134.37,130.46163943751552,131.9446644706076,0,0,0,117.05,212.37,,,,1,1,1,1,,,,287127,438436.9
1647955800,134.32,138.37,133.515,137.67,131.9033115500124,132.46514951873417,0,0,0,117.05,212.37,,,,1,1,1,1,,,,302288,435255.6
1648042200,136.91,137.35,133.86,134.82,132.4866492400099,132.6792268352129,0,0,0,117.05,212.37,,,,1,1,1,1,,,,360191,433594.2
1648128600,135.95,138.84,134.05,138.15,133.61931939200792,133.17656985019354,0,0,0,117.05,212.37,,,,1,1,1,1,,,,310461,419991.95
1648215000,139.26,139.26,132.17,132.69,133.43345551360633,133.1323362274487,0,0,0,117.05,212.37,,,,1,1,1,1,,,,294885,401663.25
1648474200,132.32,135.67,131.36,135.11,133.76876441088507,133.31212384313517,0,0,0,117.05,212.37,,,,1,1,1,1,,,,309114,384320.45
1648560600,136.21,140.33,136.21,138.99,134.81301152870805,133.82829440285016,0,0,0,117.05,212.37,,,,1,1,1,1,,,,466920,381415.45
1648647000,138.81,139.3,135.26,139,135.65040922296643,134.2984494571365,0,0,0,117.05,212.37,,,,1,1,1,1,,,,443075,384846.05
1648733400,139,139.96,137.25,137.73,136.06632737837313,134.61040859739683,0,0,0,117.05,212.37,,,,1,1,1,1,,,,491841,394136.35
1648819800,137.69,140,137.37,139.31,136.7150619026985,135.03764417945166,0,0,0,117.05,212.37,,,,1,1,1,1,,,,689502,411564.85
1649079000,140.21,142.5,139.14,140,137.3720495221588,135.48876743586516,0,0,0,117.05,212.37,,,,1,1,1,1,,,,517329,403002.35
1649165400,141.17,141.84,137.86,138.93,137.68363961772704,135.80160675987742,0,0,0,117.05,212.37,,,,1,1,1,1,,,,469024,409856.35
1649251800,136.76,136.76,130.12,131.17,136.38091169418163,135.38055159988855,0,0,0,117.05,212.37,,,,1,1,1,1,,,,340672,414048.25
1649338200,130.13,133.57,130.13,132.79,135.6627293553453,135.1450469089896,0,0,0,117.05,212.37,,,,1,1,1,1,,,,286655,413481.7
1649424600,132.64,133.01,127.805,127.82,134.09418348427624,134.4791335536269,0,0,0,117.05,212.37,,,,1,1,1,1,,,,284180,413971.9
1649683800,126.4,128.01,124.32,124.4,132.155346787421,133.56284868511537,0,0,0,117.05,212.37,,,,1,1,1,1,,,,384991,413750.85
1649770200,126,128.09,124.39,125.63,130.8502774299368,132.84168062283214,0,0,0,117.05,212.37,,,,1,1,1,1,,,,385280,417102.9
1649856600,125.63,127.47,124.01,125.27,129.73422194394942,132.1533460207565,0,0,0,117.05,212.37,,,,1,1,1,1,,,,454801,422299.8
1649943000,125.4,125.44,122.0297,123.22,128.43137755515954,131.34122365523316,0,0,0,117.05,212.37,,,,1,1,1,1,,,,285464,420057
1650288600,122.14,122.52,118.01,122.33,127.21110204412763,130.52202150475742,0,0,0,117.05,212.37,,,,1,1,1,1,,,,312670,383823.5
1650375000,122.05,130.47,121.92,130,127.76888163530211,130.47456500432492,0,0,0,117.05,212.37,,,,1,1,1,1,,,,379374,388435.85
1650461400,129.36,129.415,124.43,124.64,127.14310530824169,129.94415000393175,0,0,0,117.05,212.37,,,,1,1,1,1,,,,487492,397696.05
1650547800,126.76,128.0495,120.14,120.65,125.84448424659335,129.0992272763016,0,0,0,117.05,212.37,,,,1,1,1,1,,,,404707,399921.85
1650634200,121.35,123.51,118.01,118.02,124.27958739727468,128.09202479663782,0,0,0,117.05,212.37,,,,1,1,1,1,,,,406899,404743.75
1650893400,117.13,121.18,115.64,120.79,123.58166991781975,127.42820436057983,0,0,0,117.05,212.37,,,,1,1,1,1,,,,338155,406907.25
1650979800,119.61,119.92,113.34,113.34,121.5333359342558,126.14745850961802,0,0,0,117.05,212.37,,,,1,1,1,1,,,,338740,408388.55
1651066200,113.82,115.8599,112.33,113.64,119.95466874740464,125.01041682692548,0,0,0,117.05,212.37,,,,1,1,1,1,,,,294695,399777.3
1651152600,114.98,116.28,111.3801,116.06,119.17573499792371,124.19674256993225,0,0,0,117.05,212.37,,,,1,1,1,1,,,,637250,409486.05
1651239000,115.33,118.65,111.78,112.2,117.78058799833897,123.10612960902932,0,0,0,117.05,212.37,,,,1,1,1,1,,,,238859,396836.95
1651498200,112.35,116.67,110.74,116.26,117.47647039867118,122.48375419002666,0,0,0,117.05,212.37,,,,1,1,1,1,,,,292620,376992.85
1651584600,116.03,118.17,114.03,114.85,116.95117631893694,121.78977653638788,0,0,0,117.05,212.37,,,,1,1,1,1,,,,225786,362415.7
1651671000,116.17,116.76,108.465,115.54,116.66894105514956,121.22161503307989,0,0,0,117.05,212.37,,,,1,1,1,1,,,,359589,356943.95
1651757400,116.76,116.81,96.32,99.51,113.23715284411965,119.24783184825444,0,0,0,117.05,212.37,,,,1,1,1,1,,,,922879,386054.3
1651843800,97.5,99,94.8,95.99,109.78772227529572,117.13348349841313,0,0,0,117.05,212.37,,,,1,1,1,1,,,,529372,398190.15
1652103000,93.91,93.91,87.35,87.89,105.40817782023657,114.47498499855739,0,0,0,117.05,212.37,,,,1,1,1,1,,,,1075967,437779.5
1652189400,92.68,93.9999,85.88,89.46,102.21854225618925,112.20089545323398,0,0,0,117.05,212.37,,,,1,1,1,1,,,,671278,452093.85
1652275800,87.16,93.415,83.575,84.37,98.64883380495141,109.67081404839453,0,0,0,117.05,212.37,,,,1,1,1,1,,,,890790,477369.35
1652362200,83.6,89.36,82.4944,87.04,96.32706704396112,107.6134673167223,0,0,0,117.05,212.37,,,,1,1,1,1,,,,600685,484663.55
1652448600,90.37,100.16,90.37,98.22,96.7056536351689,106.75951574247482,0,0,0,117.05,212.37,,,,1,1,1,1,,,,640362,502408.45
1652707800,95.84,97.87,93,95.44,96.45252290813512,105.73046885679528,0,0,0,117.05,212.37,,,,1,1,1,1,,,,441714,508860.65
1652794200,98.01,99.98,93.905,96.8,96.5220183265081,104.91860805163208,0,0,0,117.05,212.37,,,,1,1,1,1,,,,499174,514850.65
1652880600,95.37,97.8368,94.78,96.25,96.46761466120648,104.13055277421098,0,0,0,117.05,212.37,,,,1,1,1,1,,,,465082,513730.15
1652967000,96.06,99.97,96.06,98.58,96.89009172896519,103.62595706746453,0,0,0,82.4944,146.505,212.37,,,1,1,1,1,,,,459727,516481.15
1653053400,100.99,101.31,96.82,99.4,97.39207338317215,103.24177915224048,0,0,0,82.4944,146.505,212.37,,,1,1,1,1,,,,412603,516766.35
1653312600,95.77,97.08,90.81,94.74,96.86165870653771,102.46889013840044,0,0,0,82.4944,146.505,212.37,,,1,1,1,1,,,,525897,526153.45
1653399000,93.34,93.47,89.9012,92.56,96.00132696523016,101.5680819440004,0,0,0,82.4944,146.505,212.37,,,1,1,1,1,,,,319787,525205.8
1653485400,91.45,95.81,91.45,95.54,95.90906157218413,101.02007449454581,0,0,0,82.4944,146.505,212.37,,,1,1,1,1,,,,338871,527414.6
1653571800,96.01,99.4138,96.01,98.52,96.4312492577473,100.79279499504165,0,0,0,82.4944,146.505,212.37,,,1,1,1,1,,,,315227,511313.45
1653658200,99.91,102.86,98.5,102.52,97.64899940619783,100.94981363185605,0,0,0,82.4944,146.505,212.37,,,1,1,1,1,,,,300985,514419.75
1654003800,102.14,102.65,99.06,101.36,98.39119952495827,100.98710330168731,0,0,0,82.4944,146.505,212.37,,,1,1,1,1,,,,396904,519633.95
1654090200,101.8,104.205,97.91,99.35,98.58295961996662,100.83827572880665,0,0,0,82.4944,146.505,212.37,,,1,1,1,1,,,,274826,522085.95
1654176600,99.25,105.29,99.25,105.11,99.88836769597329,101.22661429891514,0,0,0,82.4944,146.505,212.37,,,1,1,1,1,,,,307546,519483.8
1654263000,102.94,104.76,101.64,103.09,100.52869415677863,101.39601299901376,0,0,0,82.4944,146.505,212.37,,,1,1,1,1,,,,344426,490561.15
1654522200,104,105.87,100.98,102.68,100.9589553254229,101.51273909001252,0,0,0,82.4944,146.505,212.37,,,1,1,1,1,,,,376059,482895.5
1654608600,101.32,104.98,100.86,104.07,101.58116426033833,101.74521735455683,0,0,0,82.4944,146.505,212.37,,,1,1,1,1,,,,187937,438494
1654695000,103.99,105.86,102.7036,102.88,101.84093140827066,101.84837941323347,0,0,0,82.4944,146.505,212.37,,,1,1,1,1,,,,196996,414779.9
1654781400,102.65,103.33,100.01,101.04,101.68074512661653,101.7748903756668,0,0,0,82.4944,146.505,212.37,,,1,1,1,1,,,,288322,384656.5
1654867800,98.2,99.48,95.2244,96.51,100.64659610129323,101.29626397787891,0,0,0,82.4944,146.505,212.37,,,1,1,1,1,,,,313810,370312.75
1655127000,92.38,93.49,88.9,89.81,98.47927688103458,100.25205816170809,0,0,0,82.4944,146.505,212.37,,,1,1,1,1,,,,509826,363785.95
1655213400,90.09,90.45,86.21,87.51,96.28542150482767,99.09368923791645,0,0,0,82.4944,146.505,212.37,,,1,1,1,1,,,,554989,369449.7
1655299800,89.17,92.095,88.29,90.88,95.20433720386214,98.34699021628768,0,0,0,82.4944,146.505,212.37,,,1,1,1,1,,,,649405,376961.25
1655386200,88.07,89.26,83.79,85.12,93.18746976308971,97.14453656026153,0,0,0,82.4944,146.505,212.37,,,1,1,1,1,,,,625136,384963.95
1655472600,86.16,89.17,86.04,87.61,92.07197581047177,96.27776050932866,0,0,0,82.4944,146.505,212.37,,,1,1,1,1,,,,1249599,424457.55
1655818200,88.38,90.145,84.08,84.44,90.54558064837741,95.20160046302605,0,0,0,82.4944,146.505,212.37,,,1,1,1,1,,,,760632,441859
1655904600,83.77,87.89,83.01,86.36,89.70846451870193,94.39781860275096,0,0,0,82.4944,146.505,212.37,,,1,1,1,1,,,,479549,439541.6
1655991000,86.97,91.39,86.325,91.03,89.97277161496154,94.09165327522814,0,0,0,82.4944,146.505,212.37,,,1,1,1,1,,,,473895,447247
1656077400,92.14,96.59,92,96.16,91.21021729196923,94.27968479566195,0,0,0,82.4944,146.505,212.37,,,1,1,1,1,,,,803695,470488.2
1656336600,96.65,97.13,93.69,96.79,92.32617383357538,94.50789526878359,0,0,0,82.4944,146.505,212.37,,,1,1,1,1,,,,451501,477301.9
1656423000,97.41,98.98,94.58,95,92.86093906686031,94.55263206253053,0,0,0,82.4944,146.505,212.37,,,1,1,1,1,,,,370809,480793.1
1656509400,95.44,96.22,92.25,95.64,93.41675125348824,94.65148369320957,0,0,0,82.4944,146.505,212.37,,,1,1,1,1,,,,333062,477601
1656595800,94.17,95.36,90.67,93.17,93.3674010027906,94.51680335746325,0,0,0,82.4944,146.505,212.37,,,1,1,1,1,,,,306105,479164.95
1656682200,93.72,94.5425,91.37,93.23,93.33992080223248,94.3998212340575,0,0,0,82.4944,146.505,212.37,,,1,1,1,1,,,,279034,477739.35
1657027800,92.63,95.73,89.76,95.65,93.80193664178599,94.51347384914318,0,0,0,82.4944,146.505,212.37,,,1,1,1,1,,,,355800,478308.05
1657114200,96.25,96.79,92,94.03,93.84754931342879,94.46952168103925,0,0,0,82.4944,146.505,212.37,,,1,1,1,1,,,,279342,473472.2
1657200600,93.99,98.69,93.99,97.9,94.65803945074303,94.78138334639932,0,0,0,82.4944,146.505,212.37,,,1,1,1,1,,,,271775,477664.1
1657287000,95.98,97.92,94.44,96.85,95.09643156059443,94.96943940581757,0,0,0,82.4944,146.505,212.37,,,1,1,1,1,,,,214622,478545.4
1657546200,96.45,96.45,92.66,93.62,94.80114524847554,94.84676309619779,0,0,0,82.4944,146.505,212.37,,,1,1,1,1,,,,235365,475897.55
1657632600,94.52,95.7065,91.48,92.49,94.33891619878042,94.63251190563436,0,0,0,82.4944,146.505,212.37,,,1,1,1,1,,,,287938,474603.95
1657719000,91.61,94.17,90.3,92.57,93.98513295902434,94.44501082330396,0,0,0,82.4944,146.505,212.37,,,1,1,1,1,,,,209771,459601.2
1657805400,91.15,91.9899,88.6115,91.26,93.44010636721947,94.15546438482178,0,0,0,82.4944,146.505,212.37,,,1,1,1,1,,,,207162,442209.85
1657891800,92.54,94.99,91.85,94.65,93.68208509377558,94.2004221680198,0,0,0,82.4944,146.505,212.37,,,1,1,1,1,,,,225719,421025.55
1658151000,95.57,97.71,94.855,95.05,93.95566807502047,94.27765651638164,0,0,0,82.4944,146.505,212.37,,,1,1,1,1,,,,338599,406698.7
1658237400,96.63,98.445,95.93,97.63,94.69053446001638,94.5824150148924,0,0,0,82.4944,146.505,212.37,,,1,1,1,1,,,,296236,359030.55
1658323800,98.62,103.975,97.84,103.48,96.4484275680131,95.39128637717491,0,0,0,82.4944,146.505,212.37,,,1,1,1,1,,,,313876,336692.75
1658410200,103.54,105.63,103.3,104.47,98.05274205441049,96.21662397924992,0,0,0,82.4944,146.505,212.37,,,1,1,1,1,,,,227033,324066.95
1658496600,105.14,105.21,101.22,102.12,98.86619364352839,96.75329452659084,0,0,0,82.4944,146.505,212.37,,,1,1,1,1,,,,185822,309663.3
1658755800,102.12,102.395,99.7505,101.4,99.37295491482271,97.17572229690076,0,0,0,82.4944,146.505,212.37,,,1,1,1,1,,,,252251,282091.1
1658842200,100.89,100.89,97.86,98.84,99.26636393185817,97.32702026990978,0,0,0,82.4944,146.505,212.37,,,1,1,1,1,,,,263859,272709
1658928600,100.43,104.72,99.5166,104.41,100.29509114548654,97.9709275180998,0,0,0,82.4944,146.505,212.37,,,1,1,1,1,,,,276866,268011.85
1659015000,104.54,108.41,104.54,107.92,101.82007291638924,98.875388652818,0,0,0,82.4944,146.505,212.37,,,1,1,1,1,,,,275024,265109.95
1659101400,107.33,111.13,106.1102,110.19,103.49405833311138,99.90398968438001,0,0,0,82.4944,146.505,212.37,,,1,1,1,1,,,,389434,269276.4
1659360600,109.38,112.27,107.5,111,104.99524666648911,100.91271789489092,0,0,0,82.4944,146.505,212.37,,,1,1,1,1,,,,312519,270950.65
1659447000,109.63,113.93,109.63,113.01,106.5981973331913,102.01247081353719,0,0,0,82.4944,146.505,212.37,,,1,1,1,1,,,,268634,266592.35
1659533400,114.34,116.95,113.58,116.67,108.61255786655303,103.344973466852,0,0,0,82.4944,146.505,212.37,,,1,1,1,1,,,,226856,263968.05
1659619800,117.06,117.99,114.32,116.6,110.21004629324243,104.54997587895636,0,0,0,82.4944,146.505,212.37,,,1,1,1,1,,,,226398,261699.2
1659706200,114.98,117.47,114.1,116.29,111.42603703459395,105.61725079905123,0,0,0,82.4944,146.505,212.37,,,1,1,1,1,,,,258364,263886.3
1659965400,117.89,120.61,115.78,116.23,112.38682962767516,106.58204618095567,0,0,0,82.4944,146.505,212.37,,,1,1,1,1,,,,316010,267918.55
1660051800,114.22,114.96,111.02,111.62,112.23346370214013,107.04004198268697,0,0,0,82.4944,146.505,212.37,,,1,1,1,1,,,,380099,272526.6
1660138200,119.43,129.48,119.35,126.07,115.0007709617121,108.77003816607906,0,0,0,82.4944,146.505,212.37,,,1,1,1,1,,,,803645,302220.3
1660224600,126.49,127.4,123.31,124.1,116.82061676936968,110.16367106007188,0,0,0,82.4944,146.505,212.37,,,1,1,1,1,,,,348486,309286.5
1660311000,124,129.56,123.15,129.49,119.35449341549574,111.9206100546108,0,0,0,82.4944,146.505,212.37,,,1,1,1,1,,,,477184,321859.75
1660570200,127.48,132.71,127.48,131.92,121.86759473239658,113.73873641328255,0,0,0,82.4944,146.505,212.37,,,1,1,1,1,,,,322818,321070.7
1660656600,130.65,133.26,129.04,133.23,124.14007578591726,115.5106694666205,0,0,0,82.4944,146.505,212.37,,,1,1,1,1,,,,330214,322769.6
1660743000,131.04,132.4099,129.02,130.57,125.42606062873381,116.87969951510955,0,0,0,82.4944,146.505,212.37,,,1,1,1,1,,,,250129,319582.25
1660829400,131.61,132.18,130.26,132.14,126.76884850298704,118.2669995591905,0,0,0,82.4944,146.505,212.37,,,1,1,1,1,,,,318877,324174.45
1660915800,130.79,131.36,129.49,130.7,127.55507880238963,119.39727232653681,0,0,0,82.4944,146.505,212.37,,,1,1,1,1,,,,405625,335164.6
1661175000,127.59,129.72,126.2,128.14,127.6720630419117,120.1920657513971,0,0,0,82.4944,146.505,212.37,,,1,1,1,1,,,,631300,354117.05
1661261400,128.12,129.16,121.81,121.86,126.50965043352936,120.34369613763373,0,0,0,82.4944,146.505,212.37,,,1,1,1,1,,,,329735,357410.85
1661347800,121.81,125.25,121.76,123.38,125.88372034682348,120.6197237614852,0,0,0,82.4944,146.505,212.37,,,1,1,1,1,,,,231108,355122.95
1661434200,124.18,127.76,123.8561,127.66,126.23897627745879,121.25974887407746,0,0,0,82.4944,146.505,212.37,,,1,1,1,1,,,,225154,352629.45
1661520600,127.7,127.7,122.02,122.24,125.43918102196703,121.34886261279769,0,0,0,82.4944,146.505,212.37,,,1,1,1,1,,,,265990,346457.25
1661779800,120.38,122.02,118.55,120.62,124.47534481757363,121.28260237527063,0,0,0,82.4944,146.505,212.37,,,1,1,1,1,,,,252717,343467.15
1661866200,121.33,124.2106,117.01,117.71,123.1222758540589,120.95782034115511,0,0,0,82.4944,146.505,212.37,,,1,1,1,1,,,,239859,342028.4
1661952600,118.44,120.14,115.63,116.68,121.83382068324713,120.56892758286828,0,0,0,82.4944,146.505,212.37,,,1,1,1,1,,,,271108,344241
1662039000,115.13,115.83,111.93,115,120.4670565465977,120.06266143897116,0,0,0,82.4944,146.505,212.37,,,1,1,1,1,,,,295895,347715.85
1662125400,116.75,116.97,113.42,115.78,119.52964523727816,119.67332858088288,0,0,0,82.4944,146.505,212.37,,,1,1,1,1,,,,569336,363264.45
1662471000,115.44,117.875,114.582,117.71,119.16571618982253,119.49484416443899,0,0,0,82.4944,146.505,212.37,,,1,1,1,1,,,,478746,371401.25
1662557400,117.8,124.17,117.28,123.73,120.07857295185802,119.87985833130817,0,0,0,82.4944,146.505,212.37,,,1,1,1,1,,,,357113,370251.95
1662643800,122.15,124.5,121.605,122.73,120.60885836148641,120.13896211937106,0,0,0,82.4944,146.505,212.37,,,1,1,1,1,,,,229932,341566.3
1662730200,123.06,125.12,123.06,124.19,121.32508668918913,120.50723829033733,0,0,0,82.4944,146.505,212.37,,,1,1,1,1,,,,230116,335647.8
1662989400,124.99,125.4,122.62,124.8,122.02006935135131,120.89748935485211,0,0,0,82.4944,146.505,212.37,,,1,1,1,1,,,,332287,328402.95
1663075800,119.8,120.415,117.9,118.72,121.36005548108105,120.69953577713828,0,0,0,82.4944,146.505,212.37,,,1,1,1,1,,,,293155,326919.8
1663162200,118.98,120.21,116.0101,120.01,121.09004438486484,120.63685070648934,0,0,0,82.4944,146.505,212.37,,,1,1,1,1,,,,314814,326149.8
1663248600,120.25,122.59,118.5,120.17,120.90603550789187,120.59440973317213,0,0,0,82.4944,146.505,212.37,,,1,1,1,1,,,,287266,328006.65
1663335000,118.1,119.43,115.585,118.34,120.3928284063135,120.38946339379284,0,0,0,82.4944,146.505,212.37,,,1,1,1,1,,,,1338467,378986.15
1663594200,118.04,119.89,115.685,117.96,119.9062627250508,120.16860308526621,0,0,0,82.4944,146.505,212.37,,,1,1,1,1,,,,271823,372296.05
1663680600,116.7,117.92,114.195,117.09,119.34301018004064,119.88873007751474,0,0,0,82.4944,146.505,212.37,,,1,1,1,1,,,,292074,355334.75
1663767000,118.2,120.53,116.13,116.19,118.71240814403251,119.55248188864977,0,0,0,82.4944,146.505,212.37,,,1,1,1,1,,,,452112,361453.6
1663853400,115.2,115.2,110.89,111.95,117.35992651522601,118.86134717149979,0,0,0,82.4944,146.505,212.37,,,1,1,1,1,,,,477328,373764.6
1663939800,110,113.755,109.31,113.46,116.5799412121808,118.37031561045436,0,0,0,82.4944,146.505,212.37,,,1,1,1,1,,,,433963,384205.05
1664199000,112.42,114.8799,110.01,110.65,115.39395296974465,117.66846873677669,0,0,0,82.4944,146.505,212.37,,,1,1,1,1,,,,375195,389665.3
1664285400,111.89,113.915,109.469,113.24,114.96316237579572,117.26588066979699,0,0,0,82.4944,146.505,212.37,,,1,1,1,1,,,,418164,397937.65
1664371800,113.94,116.06,113.32,115.69,115.10852990063657,117.12261879072453,0,0,0,82.4944,146.505,212.37,,,1,1,1,1,,,,261694,399029.4
1664458200,113.75,114.7,111.33,114.16,114.91882392050925,116.85328980974957,0,0,0,82.4944,146.505,212.37,,,1,1,1,1,,,,372297,404088.85
1664544600,113.92,118.69,113.92,115.75,115.08505913640741,116.75299073613597,0,0,0,82.4944,146.505,212.37,,,1,1,1,1,,,,447247,411656.45
1664803800,116.09,116.985,112.535,115.97,115.26204730912593,116.68180976012361,0,0,0,82.4944,146.505,212.37,,,1,1,1,1,,,,287349,397557.1
1664890200,119.45,121.7,119.26,120.95,116.39963784730075,117.06982705465784,0,0,0,82.4944,146.505,212.37,,,1,1,1,1,,,,322352,389737.4
1664976600,119.17,124.23,118.56,123.29,117.7777102778406,117.63529732241622,0,0,0,82.4944,146.505,212.37,,,1,1,1,1,,,,557354,399749.45
1665063000,123.57,128.7899,123.57,126.44,119.51016822227248,118.4357248385602,0,0,0,82.4944,146.505,212.37,,,1,1,1,1,,,,470398,411772.75
1665149400,123.94,124.5484,121.63,123.75,120.35813457781799,118.91884076232746,0,0,0,82.4944,146.505,212.37,,,1,1,1,1,,,,403966,420465.25
1665408600,124.13,128.09,121.53,126.16,121.5185076622544,119.57712796575224,0,0,0,82.4944,146.505,212.37,,,1,1,1,1,,,,564897,432095.75
1665495000,125.79,127.83,120.18,121.35,121.48480612980352,119.73829815068386,0,0,0,82.4944,146.505,212.37,,,1,1,1,1,,,,523486,443612.3
1665581400,121.35,122.45,119.67,120.58,121.30384490384282,119.81481650062169,0,0,0,82.4944,146.505,212.37,,,1,1,1,1,,,,269392,441341.2
1665667800,118.01,122.035,115.03,120.92,121.22707592307425,119.91528772783789,0,0,0,82.4944,146.505,212.37,,,1,1,1,1,,,,365471,445251.45
1665754200,122.41,122.9799,117.3548,119.45,120.8716607384594,119.872988843489,0,0,0,82.4944,146.505,212.37,,,1,1,1,1,,,,404333,398544.75
1666013400,121.89,125.77,121.89,124.73,121.64332859076752,120.31453531226272,0,0,0,82.4944,146.505,212.37,,,1,1,1,1,,,,302995,400103.35
1666099800,128.29,129.92,126.22,128.16,122.94666287261401,121.0277593747843,0,0,0,82.4944,146.505,212.37,,,1,1,1,1,,,,471103,409054.8
1666186200,127.96,128.29,121.78,124.35,123.2273302980912,121.3297812498039,0,0,0,82.4944,146.505,212.37,,,1,1,1,1,,,,611354,417016.9
1666272600,123.19,128.37,123.17,126.61,123.90386423847296,121.80980113618537,0,0,0,82.4944,146.505,212.37,,,1,1,1,1,,,,345987,410449.85
1666359000,126.6,130.78,124.11,130.6,125.24309139077837,122.60891012380488,0,0,0,82.4944,146.505,212.37,,,1,1,1,1,,,,354427,406473.05
1666618200,130.96,139.19,129.5,137.87,127.7684731126227,123.99628193073171,1,0,0,82.4944,146.505,212.37,,,1,2,1,1,1,,,810179,428222.25
1666704600,138.06,139.8215,134.48,137.12,129.63877849009816,125.18934720975611,0,0,0,82.4944,146.505,212.37,,,1,2,1,1,,,,629670,438797.55
1666791000,135.91,141.135,135.02,137.03,131.11702279207853,126.26577019068738,0,0,0,82.4944,146.505,212.37,,,1,2,1,1,,,,531132,452269.45
1666877400,137.94,140.62,136.525,139.99,132.89161823366283,127.51342744607943,0,0,0,82.4944,146.505,212.37,,,1,2,1,1,,,,395205,453414.85
1666963800,140.27,142.18,138.61,142.07,134.72729458693027,128.83675222370857,0,0,0,82.4944,146.505,212.37,,,1,2,1,1,,,,372497,449677.35
1667223000,142.17,145.5,140.64,145.44,136.86983566954422,130.34613838518962,0,0,0,82.4944,146.505,212.37,,,1,2,1,1,,,,556345,463127.15
1667309400,147.17,148.675,145.43,147.59,139.01386853563537,131.9137621683542,0,0,0,82.4944,146.505,212.37,,,1,2,1,1,,,,631637,478591.4
1667395800,146.61,149.65,144.82,145.22,140.2550948285083,133.12342015304927,0,0,0,82.4944,146.505,212.37,,,1,2,1,1,,,,842603,492853.85
1667482200,142.68,148.56,142.46,147.4,141.68407586280665,134.4212910482266,0,0,0,82.4944,146.505,212.37,,,1,2,1,1,,,,795795,509123.7
1667568600,149.71,149.82,143.68,148.66,143.07926069024532,135.71571913475145,0,0,0,82.4944,146.505,212.37,,,1,2,1,1,,,,535838,515717.3
1667831400,149.29,149.29,145.5,148.44,144.15140855219624,136.87247194068314,0,0,0,82.4944,146.505,212.37,,,1,2,1,1,,,,554428,515193.85
1667917800,149,150.01,144.82,150,145.321126841757,138.06588358243923,0,0,0,82.4944,146.505,212.37,,,1,2,1,1,,,,718752,524957.15
1668004200,162,177.8799,161.7,171.84,150.6249014734056,141.13625780221747,0,1,0,82.4944,146.505,212.37,,,1,3,1,1,,1,,1627971,592886.1
1668090600,177,184.75,175,182.75,157.04992117872447,144.91932527474316,0,0,0,82.4944,146.505,212.37,,,1,3,1,1,,,,871818,618203.45
1668177000,178.17,188.74,178.0023,182.94,162.22793694297957,148.3757502497665,0,0,0,82.4944,146.505,212.37,,,1,3,1,1,,,,842600,640116.8
1668436200,180.53,185.245,177.614,180.89,165.96034955438364,151.33159113615136,0,0,0,82.4944,146.505,212.37,,,1,3,1,1,,,,654843,657709.2
1668522600,180.72,188.185,180.6118,187.96,170.3602796435069,154.66144648741033,0,0,0,82.4944,146.505,212.37,,,1,3,1,1,,,,725448,670426.45
1668609000,187.11,191.39,180.725,191.04,174.49622371480552,157.96858771582757,0,0,0,82.4944,146.505,212.37,,,1,3,1,1,,,,645625,672140
1668695400,189.1,192.24,186.15,192.14,178.0249789718444,161.07507974166143,0,0,0,82.4944,146.505,212.37,,,1,3,1,1,,,,539906,681835.95
1668781800,193.85,193.85,183.94,185.22,179.4639831774755,163.27007249241947,0,0,0,82.4944,146.505,212.37,,,1,3,1,1,,,,853871,706808.15
1669041000,184.71,188.98,182.11,186.95,180.9611865419804,165.4227931749268,0,0,0,82.4944,146.505,212.37,,,1,3,1,1,,,,353375,683967.95
1669127400,187.06,188,184.0336,187.31,182.2309492335843,167.41253924993345,0,0,0,82.4944,146.505,212.37,,,1,3,1,1,,,,409830,672975.95
1669213800,188.66,189.85,186.8,187.75,183.33475938686746,169.2613993181213,0,0,0,82.4944,146.505,212.37,,,1,3,1,1,,,,412875,667063.1
1669386600,187.37,188.28,185.86,187.92,184.25180750949397,170.95763574374664,0,0,0,82.4944,146.505,212.37,,,1,3,1,1,,,,266017,660603.7
1669645800,187,188.67,183.645,183.94,184.18944600759517,172.1378506761333,0,0,0,82.4944,146.505,212.37,,,1,3,1,1,,,,365310,660244.35
1669732200,184.22,185.2111,181.08,181.26,183.60355680607614,172.967136978303,0,0,0,82.4944,146.505,212.37,,,1,3,1,1,,,,428322,653843.2
1669818600,181.28,185.15,180.59,184.03,183.6888454448609,173.97285179845727,0,0,0,82.4944,146.505,212.37,,,1,3,1,1,,,,836611,664091.9
1669905000,177.95,186.94,176.38,185.55,184.06107635588873,175.02531981677933,0,0,0,82.4944,146.505,212.37,,,1,3,1,1,,,,772674,660595.45
1669991400,183.24,190.475,181.57,188.83,185.014861084711,176.28029074252666,0,0,0,82.4944,146.505,212.37,,,1,3,1,1,,,,449629,643287.15
1670250600,186.39,188.305,183.19,184.01,184.81388886776878,176.98299158411515,0,0,0,82.4944,146.505,212.37,,,1,3,1,1,,,,423146,637652.55
1670337000,176.9,176.9,168.69,169.43,181.73711109421504,176.29635598555925,0,0,0,82.4944,146.505,212.37,,,1,3,1,1,,,,1060586,662960.45
1670423400,170.41,171.835,168.3,170.16,179.42168887537204,175.7385054414175,0,0,0,82.4944,146.505,212.37,,,1,3,1,1,,,,1164698,685257.75
1670509800,171.78,175,169.83,171.71,177.87935110029764,175.3722776740159,0,0,0,82.4944,146.505,212.37,,,1,3,1,1,,,,536320,630675.2
1670596200,171.62,172.725,168.38,168.61,176.02548088023812,174.75752515819627,0,0,0,82.4944,146.505,212.37,,,1,3,1,1,,,,399279,607048.25
1670855400,170.26,171.22,168.44,168.59,174.5383847041905,174.1968410529057,0,0,0,82.4944,146.505,212.37,,,1,3,1,1,,,,394719,584654.2
1670941800,175.29,175.49,169.25,170.81,173.79270776335238,173.88894641173246,0,0,0,82.4944,146.505,212.37,,,1,3,1,1,,,,596074,581715.75
1671028200,171.45,175.735,170.07,173.52,173.7381662106819,173.8554058288477,0,0,0,82.4944,146.505,212.37,,,1,3,1,1,,,,412259,566056.3
1671114600,172.2,172.825,169.79,171.06,173.2025329685455,173.60127802622517,0,0,0,82.4944,146.505,212.37,,,1,3,1,1,,,,393217,553435.9
1671201000,169.73,171.9599,168.29,169.34,172.43002637483642,173.21388911475015,0,0,0,82.4944,146.505,212.37,,,1,3,1,1,,,,709732,561927.2
1671460200,168.96,171.42,166.65,167.57,171.45802109986914,172.7008082861365,0,0,0,82.4944,146.505,212.37,,,1,3,1,1,,,,471002,542783.75
1671546600,167.2,171.87,166.61,171.37,171.4404168798953,172.57982571466954,0,0,0,82.4944,146.505,212.37,,,1,3,1,1,,,,579235,554076.75
1671633000,172.63,175.65,171.86,174.72,172.09633350391624,172.77438701333594,0,0,0,82.4944,146.505,212.37,,,1,3,1,1,,,,500107,558590.6
1671719400,172.64,173.11,165.63,167.82,171.24106680313298,172.32398819394177,0,0,0,82.4944,146.505,212.37,,,1,3,1,1,,,,370353,556464.5
1671805800,168.2,171.24,165.5,168.98,170.7888534425064,172.01998926721978,0,0,0,82.4944,146.505,212.37,,,1,3,1,1,,,,306599,558493.6
1672151400,168.73,172.475,166.23,166.25,169.88108275400512,171.49544478838163,0,0,0,82.4944,146.505,212.37,,,1,3,1,1,,,,291226,554789.4
1672237800,165.87,167.81,164.25,165.1,168.9248662032041,170.9140407167106,0,0,0,82.4944,146.505,212.37,,,1,3,1,1,,,,290318,547889.2
1672324200,166.49,168.2,165.16,165.58,168.25589296256328,170.42912792428234,0,0,0,82.4944,146.505,212.37,,,1,3,1,1,,,,296289,520873.1
1672410600,163.87,166.71,162.39,165.93,167.79071437005064,170.02011629480214,0,0,0,82.4944,146.505,212.37,,,1,3,1,1,,,,341707,499324.75
1672756200,167.88,168.92,164.665,168.24,167.88057149604052,169.8582875407292,0,0,0,82.4944,146.505,212.37,,,1,3,1,1,,,,441457,498916.15
1672842600,168.24,171.13,166.65,168.76,168.0564571968324,169.75844321884475,0,0,0,82.4944,146.505,212.37,,,1,3,1,1,,,,438140,499665.85
1672929000,166.97,170.66,165.72,165.74,167.59316575746593,169.39313019894976,0,0,0,82.4944,146.505,212.37,,,1,3,1,1,,,,537109,473492
1673015400,166.47,171.52,166.14,170.9,168.25453260597274,169.5301183626816,0,0,0,82.4944,146.505,212.37,,,1,3,1,1,,,,372910,433902.6
1673274600,171.96,178.87,171.96,177.45,170.09362608477818,170.25010760243782,0,0,0,82.4944,146.505,212.37,,,1,3,1,1,,,,740739,444123.55
1673361000,177.77,181.19,176.99,179.33,171.94090086782253,171.07555236585256,0,0,0,82.4944,146.505,212.37,,,1,3,1,1,,,,489598,448639.5
1673447400,180.87,183.25,178.02,181.43,173.83872069425803,172.0168657871387,0,0,0,82.4944,146.505,212.37,,,1,3,1,1,,,,637884,460797.75
1673533800,181.44,184.65,179.01,184.08,175.88697655540642,173.11351435194427,0,0,0,82.4944,146.505,212.37,,,1,3,1,1,,,,519157,456951.9
1673620200,182.69,189.62,182.125,188.13,178.33558124432514,174.47864941085842,0,0,0,82.4944,146.505,212.37,,,1,3,1,1,,,,774948,475086.35
1673965800,188.31,189.14,184.27,184.47,179.56246499546012,175.3869540098713,0,0,0,82.4944,146.505,212.37,,,1,3,1,1,,,,582152,484533.1
1674052200,186.33,188.7599,181.66,182.27,180.1039719963681,176.01268546351935,0,0,0,82.4944,146.505,212.37,,,1,3,1,1,,,,559072,477000.1
1674138600,181.52,185.5,181.52,184.06,180.8951775970945,176.7442595122903,0,0,0,82.4944,146.505,212.37,,,1,3,1,1,,,,567090,481804.5
1674225000,186.08,186.5,182.72,185.02,181.7201420776756,177.49659955662756,0,0,0,82.4944,146.505,212.37,,,1,3,1,1,,,,585206,482103.05
1674484200,187.22,194.8,185.92,188.95,183.16611366214048,178.53781777875233,0,0,0,82.4944,146.505,212.37,,,1,3,1,1,,,,1460293,530112.35
1674570600,188.13,189.84,184.5,188.96,184.32489092971238,179.48528888977484,0,0,0,82.4944,146.505,212.37,,,1,3,1,1,,,,577797,540484.55
1674657000,188.34,193.18,184.04,192.18,185.8959127437699,180.63935353615895,0,0,0,82.4944,146.505,212.37,,,1,3,1,1,,,,555974,552953.3
1674743400,193.91,194.73,186.72,192.33,187.18273019501592,181.70213957832632,0,0,0,82.4944,146.505,212.37,,,1,3,1,1,,,,718393,574311.65
1674829800,192.29,193.69,188.715,191.61,188.06818415601273,182.60285416211485,0,0,0,82.4944,146.505,212.37,,,1,3,1,1,,,,880893,603840.4
1675089000,191.27,198.4,189.75,191.46,188.7465473248102,183.40804923828622,0,0,0,82.4944,146.505,212.37,,,1,3,1,1,,,,812556,629653.75
1675175400,191.8,195.64,191.8,195.44,190.08523785984815,184.50186294389655,0,0,0,82.4944,146.505,212.37,,,1,3,1,1,,,,790269,652081.85
1675261800,197.16,199.435,192.7136,198.39,191.7461902878785,185.7644208580878,0,0,0,82.4944,146.505,212.37,,,1,3,1,1,,,,511515,655584.75
1675348200,200,204.99,196.41,198.54,193.1049522303028,186.92583714371617,0,0,0,82.4944,146.505,212.37,,,1,3,1,1,,,,681367,667746.1
1675434600,196.2,202.44,195.7,198.19,194.12196178424225,187.94985194883287,0,0,0,82.4944,146.505,212.37,,,1,3,1,1,,,,461591,663970.2
1675693800,197.36,200.69,194.58,195.95,194.4875694273938,188.6771381353026,0,0,0,82.4944,146.505,212.37,,,1,3,1,1,,,,558534,673251.4
1675780200,194.76,194.76,168.2954,188.58,193.30605554191504,188.66830739572964,0,0,0,82.4944,146.505,212.37,,,1,3,1,1,,,,2400551,756242
1675866600,186.79,189.57,184.74,185,191.64484443353203,188.33482490520876,0,0,0,82.4944,146.505,212.37,,,1,3,1,1,,,,1162032,789863.7
1675953000,187,191.22,183.45,183.81,190.07787554682562,187.9234771865534,0,0,0,82.4944,146.505,212.37,,,1,3,1,1,,,,810514,798495.2
1676039400,181.03,187.83,180.97,184.55,188.9723004374605,187.61679744232129,0,0,0,82.4944,146.505,212.37,,,1,3,1,1,,,,630326,804053.65
1676298600,186.88,190.45,183.655,190.32,189.24184034996838,187.862543129383,0,0,0,82.4944,146.505,212.37,,,1,3,1,1,,,,562939,793453.2
1676385000,189.6,194.31,188.43,193.9,190.1734722799747,188.41140284489364,0,0,0,82.4944,146.505,212.37,,,1,3,1,1,,,,426094,785650.3
1676471400,194.79,199.3,192.91,198.99,191.93677782397975,189.37309349535786,0,0,0,82.4944,146.505,212.37,,,1,3,1,1,,,,395535,777473.45
1676557800,197.35,200.97,195.91,196.05,192.7594222591838,189.9800849957799,0,0,0,82.4944,146.505,212.37,,,1,3,1,1,,,,405184,769378.15
1676644200,192.86,193.56,186.51,189.26,192.05953780734703,189.91462272343625,0,0,0,82.4944,146.505,212.37,,,1,3,1,1,,,,836679,781951.8
1676989800,188.87,191.78,187.6387,189.77,191.60163024587763,189.90147520312388,0,0,0,82.4944,146.505,212.37,,,1,3,1,1,,,,527163,735295.3
1677076200,191.14,194.87,190.41,193.59,191.9993041967021,190.23679563920354,0,0,0,82.4944,146.505,212.37,,,1,3,1,1,,,,459685,729389.7
1677162600,195.53,196.55,192.52,195.04,192.6074433573617,190.67345058109413,0,0,0,82.4944,146.505,212.37,,,1,3,1,1,,,,663986,734790.3
1677249000,192.26,196.7437,191.51,193.55,192.79595468588934,190.93495507372194,0,0,0,82.4944,146.505,212.37,,,1,3,1,1,,,,605762,729158.75
1677508200,194.44,199.53,194.13,194.97,193.23076374871147,191.30177733974722,0,0,0,82.4944,146.505,212.37,,,1,3,1,1,,,,815540,725891.1
1677594600,194.52,201.67,194.37,200.31,194.64661099896918,192.12070667249748,0,0,0,82.4944,146.505,212.37,,,1,3,1,1,,,,4875329,929029.75
1677681000,208.74,221.31,202.85,221.06,199.92928879917534,194.75155152045224,0,0,0,82.4944,146.505,212.37,,,1,3,1,1,,,,2166949,997863.75
1677767400,215,219.69,212.2,218.31,203.60543103934026,196.89322865495657,0,0,0,82.4944,146.505,212.37,,,1,3,1,1,,,,1050818,1024828.9
1677853800,212.52,224,212.52,220.95,207.07434483147222,199.08020786814234,0,0,0,82.4944,146.505,212.37,,,1,3,1,1,,,,922713,1036896.2
1678113000,217.59,223.81,216.12,221.38,209.93547586517778,201.10746169831123,0,0,0,82.4944,146.505,212.37,,,1,3,1,1,,,,804319,1054032.6
1678199400,222.12,224.485,219.735,222.24,212.39638069214223,203.0286015439193,0,0,0,82.4944,146.505,212.37,,,1,3,1,1,,,,720339,1062122.85
1678285800,226,226,220.57,221.8,214.2771045537138,204.7350923126539,0,0,0,82.4944,146.505,212.37,,,1,3,1,1,,,,820694,983130
1678372200,221.34,222,217.88,217.89,214.99968364297104,205.93099301150355,0,0,0,82.4944,146.505,212.37,,,1,3,1,1,,,,746242,962340.5
1678458600,218.47,218.47,212.74,213,214.59974691437682,206.57363001045778,0,0,0,82.4944,146.505,212.37,,,1,3,1,1,,,,598420,951735.8
1678714200,209.56,214.7825,207,211,213.87979753150145,206.97602728223436,0,0,0,82.4944,146.505,212.37,,,1,3,1,1,,,,714053,955922.15
1678800600,214.77,216.175,212.14,215,214.10383802520116,207.70547934748578,0,0,0,82.4944,146.505,212.37,,,1,3,1,1,,,,930927,974321.55
1678887000,212.54,213.4,207.3,211.21,213.52507042016092,208.02407213407798,0,0,0,82.4944,146.505,212.37,,,1,3,1,1,,,,610234,983528.55
1678973400,210.3,217.1199,208.9701,216.98,214.21605633612873,208.83824739461636,0,0,0,82.4944,146.505,212.37,,,1,3,1,1,,,,438725,985688.05
1679059800,215.36,216.58,210.955,213.12,213.99684506890299,209.22749763146942,0,0,0,82.4944,146.505,212.37,,,1,3,1,1,,,,941629,1012510.3
1679319000,214.15,215.445,212.02,213.72,213.9414760551224,209.63590693769947,0,0,0,82.4944,146.505,212.37,,,1,3,1,1,,,,699363,1005644.5
1679405400,218.6,221.69,217.5,219.68,215.0891808440979,210.54900630699953,0,0,0,82.4944,146.505,212.37,,,1,3,1,1,,,,611658,1009869.25
1679491800,218.75,218.935,213.22,213.51,214.77334467527834,210.81818755181774,0,0,0,82.4944,146.505,212.37,,,1,3,1,1,,,,422825,1008026.25
1679578200,215.3,217.66,211.285,215.72,214.96267574022266,211.26380686528887,0,0,0,82.4944,146.505,212.37,,,1,3,1,1,,,,505155,1000084.7
1679664600,213.56,216.99,212.38,216.58,215.28614059217813,211.74709715026262,0,0,0,82.4944,146.505,212.37,,,1,3,1,1,,,,296049,984599.05
1679923800,218.75,220.8,215.72,218.59,215.94691247374251,212.36917922751147,0,0,0,82.4944,146.505,212.37,,,1,3,1,1,,,,469593,967301.7
1680010200,217.62,218.99,214.78,215.6,215.877529978994,212.6628902068286,0,0,0,82.4944,146.505,212.37,,,1,3,1,1,,,,448036,745937.05
1680096600,217.86,219.07,215.82,216.83,216.06802398319522,213.04171836984418,0,0,0,82.4944,146.505,212.37,,,1,3,1,1,,,,835457,679362.45
1680183000,219.3,219.386,216.2487,217.7,216.39441918655618,213.46519851804015,0,0,0,82.4944,146.505,212.37,,,1,3,1,1,,,,572706,655456.85
1680269400,219.64,227.555,218.41,224.85,218.08553534924494,214.5001804709456,0,0,0,82.4944,146.505,212.37,,,1,3,1,1,,,,1411150,679878.7
1680528600,223.98,227.49,221.99,227.39,219.94642827939595,215.67198224631417,0,0,0,82.4944,146.505,212.37,,,1,3,1,1,,,,537299,666527.7
1680615000,227.9,228.9999,221.2,223,220.55714262351677,216.33816567846742,0,0,0,82.4944,146.505,212.37,,,1,3,1,1,,,,466280,653824.75
1680701400,221.2,223,213.73,217.29,219.90371409881342,216.424696071334,0,0,0,82.4944,146.505,212.37,,,1,3,1,1,,,,682891,646934.6
1680787800,217,219.77,215.7,219.71,219.86497127905074,216.7233600648491,0,0,0,82.4944,146.505,212.37,,,1,3,1,1,,,,507732,635009.1
1681133400,218.67,222.78,217.55,222.63,220.41797702324058,217.260327331681,0,0,0,82.4944,146.505,212.37,,,1,3,1,1,,,,395829,624879.55
1681219800,224.66,226.3773,222.135,224.01,221.13638161859245,217.87393393789182,0,0,0,82.4944,146.505,212.37,,,1,3,1,1,,,,637240,621038.9
1681306200,225,226.5045,221.505,222.22,221.35310529487396,218.26903085262893,0,0,0,82.4944,146.505,212.37,,,1,3,1,1,,,,550973,602041.2
1681392600,224.46,225.08,220.8,223.31,221.74448423589917,218.72730077511721,0,0,0,82.4944,146.505,212.37,,,1,3,1,1,,,,843369,613697.95
1681479000,222.35,224.72,221.41,223.91,222.17758738871933,219.19845525010655,0,0,0,82.4944,146.505,212.37,,,1,3,1,1,,,,764542,629988.8
1681738200,225,228.79,224.525,225.57,222.85606991097546,219.77768659100596,0,0,0,82.4944,146.505,212.37,,,1,3,1,1,,,,485526,607183.65
1681824600,225.96,228.5999,225.25,227.53,223.79085592878036,220.48244235545997,0,0,0,82.4944,146.505,212.37,,,1,3,1,1,,,,503534,597392.2
1681911000,225.85,227.5,224,226.34,224.30068474302428,221.01494759587268,0,0,0,82.4944,146.505,212.37,,,1,3,1,1,,,,1370907,635354.65
1681997400,224.36,228.01,223.31,224.47,224.33454779441942,221.32904326897517,0,0,0,82.4944,146.505,212.37,,,1,3,1,1,,,,588222,643624.5
1682083800,224.61,227.2675,223.3101,225.02,224.47163823553555,221.66458478997743,0,0,0,82.4944,146.505,212.37,,,1,3,1,1,,,,513210,644027.25
1682343000,224.66,226.814,222.38,224.5,224.47731058842845,221.9223498090704,0,0,0,82.4944,146.505,212.37,,,1,3,1,1,,,,614906,659970.1
1682429400,223.89,224.5,220.35,220.85,223.75184847074277,221.82486346279126,0,0,0,82.4944,146.505,212.37,,,1,3,1,1,,,,529249,662952.9
1682515800,220,221.02,216.09,216.13,222.2274787765942,221.3071486025375,0,0,0,82.4944,146.505,212.37,,,1,3,1,1,,,,508077,665954.95
1682602200,216.76,217.4799,212.56,215.55,220.89198302127537,220.78377145685226,0,0,0,82.4944,146.505,212.37,,,1,3,1,1,,,,675348,657949.5
1682688600,213.82,214.34,207.72,210.71,218.8555864170203,219.8679740516839,0,0,0,82.4944,146.505,212.37,,,1,3,1,1,,,,654720,662050.2
1682947800,211.33,216.345,210.3,216,218.28446913361626,219.51634004698536,0,0,0,82.4944,146.505,212.37,,,1,3,1,1,,,,1026217,642803.55
1683034200,216.58,220.58,214.01,220.22,218.671575306893,219.58030913362305,0,0,0,82.4944,146.505,212.37,,,1,3,1,1,,,,1187939,675335.55
1683120600,220.83,229.95,220.16,220.88,219.1132602455144,219.69846284874822,0,0,0,82.4944,146.505,212.37,,,1,3,1,1,,,,17765928,1540317.95
1683207000,219.5,222.32,216,219.1,219.1106081964115,219.64405713522567,0,0,0,82.4944,146.505,212.37,,,1,3,1,1,,,,1007383,1556542.55
1683293400,218.46,220.5725,214,219.91,219.2704865571292,219.66823375929607,0,0,0,82.4944,146.505,212.37,,,1,3,1,1,,,,796707,1570991.3
1683552600,219.91,222.66,219.73,221.86,219.78838924570337,219.8674852357237,0,0,0,82.4944,146.505,212.37,,,1,3,1,1,,,,685456,1585472.65
1683639000,222.08,228.405,221.5,226.88,221.2067113965627,220.50498657793065,0,0,0,82.4944,146.505,212.37,,,1,3,1,1,,,,1136137,1610417.5
1683725400,222.73,224.11,186.321,192.73,215.51136911725015,217.97998779811877,0,0,0,82.4944,146.505,212.37,,,1,3,1,1,,,,3724155,1769076.6
1683811800,197.84,204.9018,197,204.595,213.32809529380012,216.76317072556253,0,0,0,82.4944,146.505,212.37,,,1,3,1,1,,,,1816930,1817754.65
1683898200,205.12,207.15,200.18,201.5,210.9624762350401,215.3756097505114,0,0,0,82.4944,146.505,212.37,,,1,3,1,1,,,,889464,1824000.75
1684157400,200.2,205.3,198.5,203.47,209.4639809880321,214.29328159137398,0,0,0,82.4944,146.505,212.37,,,1,3,1,1,,,,781838,1838816.35
1684243800,203.25,204.99,201.131,201.21,207.81318479042568,213.10389235579453,0,0,0,82.4944,146.505,212.37,,,1,3,1,1,,,,639735,1845626.4
1684330200,201.93,202.93,196.75,197.68,205.78654783234055,211.70172032344956,0,0,0,82.4944,146.505,212.37,,,1,3,1,1,,,,830674,1818614.75
1684416600,201.49,202,199.49,201.7,204.96923826587243,210.7924730213178,0,0,0,82.4944,146.505,212.37,,,1,3,1,1,,,,1137524,1846079.85
1684503000,201.89,203.15,196.21,196.86,203.34739061269795,209.52588456483434,0,0,0,82.4944,146.505,212.37,,,1,3,1,1,,,,1060164,1873427.55
1684762200,197.58,203.2,196.26,201.75,203.02791249015837,208.81898596803123,0,0,0,82.4944,146.505,212.37,,,1,3,1,1,,,,859763,1885670.4
1684848600,200.01,204.23,193.91,195.8,201.5823299921267,207.6354417891193,0,0,0,82.4944,146.505,212.37,,,1,3,1,1,,,,784758,1898445.85
1684935000,194.42,195.99,191.795,192.81,199.82786399370136,206.28767435374482,0,0,0,82.4944,146.505,212.37,,,1,3,1,1,,,,693366,1907710.3
1685021400,193.49,194.52,189.63,193.96,198.65429119496108,205.16697668522255,0,0,0,82.4944,146.505,212.37,,,1,3,1,1,,,,816393,1914762.55
1685107800,195,197.65,194.13,194.95,197.91343295596886,204.2381606229296,0,0,0,82.4944,146.505,212.37,,,1,3,1,1,,,,708199,1917436.5
1685453400,196,197.49,191.9,193.16,196.9627463647751,203.2310551117542,0,0,0,82.4944,146.505,212.37,,,1,3,1,1,,,,717206,1901985.95
1685539800,192.47,193.395,189.9,192.91,196.15219709182006,202.292777374322,0,0,0,82.4944,146.505,212.37,,,1,3,1,1,,,,3270682,2006123.1
1685626200,191.59,195.376,190.51,192.14,195.34975767345605,201.36979761301998,0,0,0,82.4944,146.505,212.37,,,1,3,1,1,,,,1317937,1183723.55
1685712600,193.34,194.79,190.81,193.25,194.92980613876483,200.63163419365452,0,0,0,82.4944,146.505,212.37,,,1,3,1,1,,,,791693,1172939.05
1685971800,192.86,193.53,190.2101,191.86,194.31584491101188,199.83421290332228,0,0,0,82.4944,146.505,212.37,,,1,3,1,1,,,,695830,1167895.2
1686058200,191.88,195.9599,191.18,194.88,194.4286759288095,199.38382991211117,0,0,0,82.4944,146.505,212.37,,,1,3,1,1,,,,606880,1163966.4
1686144600,194.88,199.84,193.4,197.88,195.1189407430476,199.24711810191926,0,0,0,82.4944,146.505,212.37,,,1,3,1,1,,,,966794,1155499.25
1686231000,196.52,199,194.51,194.74,195.04315259443808,198.83738009265386,0,0,0,82.4944,146.505,212.37,,,1,3,1,1,,,,494998,994041.4
1686317400,195.54,197,194.09,194.82,194.99852207555045,198.4721637205944,0,0,0,82.4944,146.505,212.37,,,1,3,1,1,,,,425601,924474.95
1686576600,195.9,198.045,194.49,196.85,195.36881766044036,198.32469429144948,0,0,0,82.4944,146.505,212.37,,,1,3,1,1,,,,547392,907371.35
1686663000,196.85,198.38,195.1951,196.66,195.62705412835228,198.17335844677226,0,0,0,82.4944,146.505,212.37,,,1,3,1,1,,,,658052,901182.05
1686749400,195.83,198.7125,195,197.81,196.06364330268184,198.14032586070206,0,0,0,82.4944,146.505,212.37,,,1,3,1,1,,,,969613,917675.95
1686835800,196.88,203.38,196.88,202.09,197.26891464214546,198.49938714609277,0,0,0,82.4944,146.505,212.37,,,1,3,1,1,,,,733022,912793.35
1686922200,203.63,206.33,199.96,202.36,198.28713171371638,198.85035195099343,0,0,0,82.4944,146.505,212.37,,,1,3,1,1,,,,3200182,1015926.25
1687267800,201.5,205.4,199.29,204.77,199.5837053709731,199.3885017736304,0,0,0,82.4944,146.505,212.37,,,1,3,1,1,,,,1125836,1019209.85
1687354200,205.65,205.65,197.25,197.54,199.17496429677848,199.2204561578458,0,0,0,82.4944,146.505,212.37,,,1,3,1,1,,,,582301,1005336.75
1687440600,197,198.59,194.3398,196.92,198.7239714374228,199.01132377985982,0,0,0,82.4944,146.505,212.37,,,1,3,1,1,,,,511232,991660.45
1687527000,194.67,194.7,188.65,188.71,196.72117714993823,198.07483979987256,0,0,0,82.4944,146.505,212.37,,,1,3,1,1,,,,1318496,1022916.95
1687786200,188.88,190.15,186.88,189.63,195.30294171995058,197.30712709079324,0,0,0,82.4944,146.505,212.37,,,1,3,1,1,,,,868280,1025511.3
1687872600,191.13,195.735,191.13,195.38,195.31835337596047,197.13193371890296,0,0,0,82.4944,146.505,212.37,,,1,3,1,1,,,,454308,1012816.75
1687959000,195.76,196.405,193.67,194.59,195.17268270076838,196.90084883536633,0,0,0,82.4944,146.505,212.37,,,1,3,1,1,,,,515683,1002740.6
1688045400,194.85,197.35,193.2284,195.83,195.3041461606147,196.8034989412421,0,0,0,82.4944,146.505,212.37,,,1,3,1,1,,,,490371,863725.05
1688131800,196.58,196.885,194.615,195.12,195.26731692849177,196.65045358294736,0,0,0,82.4944,146.505,212.37,,,1,3,1,1,,,,509683,823312.35
1688391000,194.31,194.93,189.8823,194.58,195.12985354279343,196.46223052995214,0,0,0,82.4944,146.505,212.37,,,1,3,1,1,,,,379407,802698.05
1688563800,193.31,195.7868,192.445,193.61,194.82588283423473,196.20293684541105,0,0,0,82.4944,146.505,212.37,,,1,3,1,1,,,,487833,792298.2
1688650200,192.41,193.005,188.1,188.82,193.62470626738778,195.5317607685555,0,0,0,82.4944,146.505,212.37,,,1,3,1,1,,,,490129,786460.65
1688736600,189.59,190.86,186.69,188.1,192.51976501391022,194.85614615323226,0,0,0,82.4944,146.505,212.37,,,1,3,1,1,,,,636401,769941
1688995800,189.03,195.42,188.86,195.36,193.08781201112816,194.90195104839296,0,0,0,82.4944,146.505,212.37,,,1,3,1,1,,,,556790,773030.6
1689082200,195.35,196.89,193.87,195.58,193.58624960890253,194.9635918621754,0,0,0,82.4944,146.505,212.37,,,1,3,1,1,,,,527794,778140.25
1689168600,197.37,197.37,192.47,195.88,194.04499968712202,195.04690169288673,0,0,0,82.4944,146.505,212.37,,,1,3,1,1,,,,428502,772195.75
1689255000,196.51,197.42,193.53,194.03,194.04199974969762,194.95445608444248,0,0,0,82.4944,146.505,212.37,,,1,3,1,1,,,,434122,760999.25
1689341400,192.76,193.965,190.92,192.24,193.6815997997581,194.70768734949317,0,0,0,82.4944,146.505,212.37,,,1,3,1,1,,,,344696,729753.4
1689600600,192.23,196.92,191.8,196.16,194.17727983980646,194.83971577226652,0,0,0,82.4944,146.505,212.37,,,1,3,1,1,,,,314634,708834
1689687000,195.78,196.66,191.95,192.25,193.79182387184517,194.60428706569684,0,0,0,82.4944,146.505,212.37,,,1,3,1,1,,,,647442,581197
1689773400,192.27,193.91,187.71,189.53,192.93945909747615,194.14298824154258,0,0,0,82.4944,146.505,212.37,,,1,3,1,1,,,,889227,569366.55
1689859800,189.54,190.07,183.155,184.03,191.15756727798092,193.2236256741296,0,0,0,82.4944,146.505,212.37,,,1,3,1,1,,,,620221,571262.55
1689946200,184.95,185.2988,179.61,179.96,188.91805382238473,192.01784152193602,0,0,0,82.4944,146.505,212.37,,,1,3,1,1,,,,1135882,602495.05
1690205400,179.54,181.34,177.14,178.3,186.79444305790778,190.77076501994185,0,0,0,82.4944,146.505,212.37,,,1,3,1,1,,,,1155573,594348.9
1690291800,176.84,180.41,176.08,180.03,185.44155444632622,189.79433183631076,0,0,0,82.4944,146.505,212.37,,,1,3,1,1,,,,741155,587992.65
1690378200,179.36,180.765,176.31,180.04,184.361243557061,188.90757439664614,0,0,0,82.4944,146.505,212.37,,,1,3,1,1,,,,628291,596691.8
1690464600,181.24,185.545,180.47,182.09,183.9069948456488,188.28779490604194,0,0,0,82.4944,146.505,212.37,,,1,3,1,1,,,,909281,616371.7
1690551000,184.12,186.36,182.47,182.64,183.65359587651903,187.77435900549267,0,0,0,82.4944,146.505,212.37,,,1,3,1,1,,,,648066,624256.45
1690810200,183.15,186.15,182.905,185.93,184.10887670121522,187.60669000499334,0,0,0,82.4944,146.505,212.37,,,1,3,1,1,,,,581130,627828.8
1690896600,184.45,186.0499,183.26,183.33,183.95310136097217,187.2179000045394,0,0,0,82.4944,146.505,212.37,,,1,3,1,1,,,,425596,630138.25
1690983000,181.94,182.31,177.905,178.02,182.76648108877774,186.38172727685398,0,0,0,82.4944,146.505,212.37,,,1,3,1,1,,,,558148,633654
1691069400,177.01,178.8175,175.365,177.1,181.6331848710222,185.53793388804908,0,0,0,82.4944,146.505,212.37,,,1,3,1,1,,,,457658,632030.45
1691155800,178.49,182.92,178.375,180.86,181.47854789681776,185.1126671709537,0,0,0,82.4944,146.505,212.37,,,1,3,1,1,,,,1002258,650323.3
1691415000,181.9,182.5799,178.89,179.67,181.1168383174542,184.61787924632154,0,0,0,82.4944,146.505,212.37,,,1,3,1,1,,,,575029,651235.25
1691501400,179.22,180.08,175.59,175.73,180.03947065396338,183.80989022392868,0,0,0,82.4944,146.505,212.37,,,1,3,1,1,,,,806458,665168.45
1691587800,198.12,207.86,196.49,200.44,184.1195765231707,185.32171838538972,0,0,0,82.4944,146.505,212.37,,,1,3,1,1,,,,2983403,792913.5
1691674200,203.81,208.92,202.35,204.12,188.11966121853658,187.03065307762702,0,0,0,82.4944,146.505,212.37,,,1,3,1,1,,,,1232821,832848.45
1691760600,203.18,211.89,202.32,211.23,192.74172897482927,189.23059370693366,0,0,0,82.4944,146.505,212.37,,,1,3,1,1,,,,1428521,887039.7
1692019800,209.59,211.65,206.06,206.62,195.51738317986343,190.81144882448515,0,0,0,82.4944,146.505,212.37,,,1,3,1,1,,,,802320,911424
1692106200,206.62,207.36,202.59,203.05,197.02390654389075,191.9240443858956,0,0,0,82.4944,146.505,212.37,,,1,3,1,1,,,,683395,913221.65
1692192600,201.87,202.155,198.2,200.78,197.7751252351126,192.7291312599051,0,0,0,82.4944,146.505,212.37,,,1,3,1,1,,,,512616,894391.1
1692279000,200.42,200.42,195,195.39,197.29810018809007,192.97102841809556,0,0,0,82.4944,146.505,212.37,,,1,3,1,1,,,,540645,890412.3
1692365400,193.11,200.72,192.87,200.1,197.85848015047205,193.61911674372323,0,0,0,82.4944,146.505,212.37,,,1,3,1,1,,,,737930,870514.7
1692624600,199.56,201.07,195.67,196.94,197.67478412037764,193.92101522156656,0,0,0,82.4944,146.505,212.37,,,1,3,1,1,,,,432362,834354.15
1692711000,196.86,199.54,196,198.96,197.93182729630212,194.37910474687868,0,0,0,82.4944,146.505,212.37,,,1,3,1,1,,,,300861,812339.45
1692797400,199.45,200.59,197.64,200.3,198.40546183704168,194.9173679517079,0,0,0,82.4944,146.505,212.37,,,1,3,1,1,,,,403321,801090.95
1692883800,200.44,204.1797,195.86,196.01,197.92636946963336,195.01669813791625,0,0,0,82.4944,146.505,212.37,,,1,3,1,1,,,,748011,793027.45
1692970200,195.73,198.62,193.3101,198.43,198.02709557570668,195.3269983071966,0,0,0,82.4944,146.505,212.37,,,1,3,1,1,,,,412212,781234.75
1693229400,199.73,203.36,199.73,200.71,198.56367646056535,195.81636209745145,0,0,0,82.4944,146.505,212.37,,,1,3,1,1,,,,435462,773951.35
1693315800,200.11,206.29,199.265,205.14,199.8789411684523,196.66396554313766,0,0,0,82.4944,146.505,212.37,,,1,3,1,1,,,,302444,767793.75
1693402200,204.8,211.59,204.8,211.1,202.12315293476183,197.97633231194334,0,0,0,82.4944,146.505,212.37,,,1,3,1,1,,,,541297,766951.2
1693488600,212,215.28,211.845,212.91,204.28052234780947,199.33393846540304,0,0,0,82.4944,146.505,212.37,,,1,3,1,1,,,,862039,787170.25
1693575000,213.61,215.475,212.38,215.39,206.50241787824757,200.79358042309366,0,0,0,82.4944,146.505,212.37,,,1,3,1,1,,,,343362,754225.45
1693920600,214.5,214.9,208.15,212.25,207.65193430259805,201.8350731119033,0,0,0,82.4944,146.505,212.37,,,1,3,1,1,,,,697867,760367.35
1694007000,212.61,215.44,211.71,213.5,208.82154744207844,202.8955210108212,0,0,0,82.4944,146.505,212.37,,,1,3,1,1,,,,330343,736561.6
1694093400,213.41,216.805,210.4276,216.06,210.26923795366275,204.09229182801928,0,0,0,82.4944,146.505,212.37,,,1,3,1,1,,,,459344,610358.65
1694179800,215.34,217.61,214.105,214.71,211.15739036293022,205.05753802547207,0,0,0,82.4944,146.505,212.37,,,1,3,1,1,,,,359561,566695.65
1694439000,214.47,215,210.81,213.19,211.56391229034418,205.79685275042917,0,0,0,82.4944,146.505,212.37,,,1,3,1,1,,,,326321,511585.65
1694525400,210.83,213.13,210.26,211.93,211.63712983227535,206.35441159129925,0,0,0,82.4944,146.505,212.37,,,1,3,1,1,,,,375527,490246
1694611800,211,211.885,208.05,209.86,211.28170386582028,206.67310144663568,0,0,0,82.4944,146.505,212.37,,,1,3,1,1,,,,378685,475010.5
1694698200,209.95,213.51,209.315,212.51,211.52736309265623,207.20372858785063,0,0,0,82.4944,146.505,212.37,,,1,3,1,1,,,,398655,469312.45
1694784600,211.38,211.68,204.95,206.21,210.46389047412498,207.11338962531875,0,0,0,82.4944,146.505,212.37,,,1,3,1,1,,,,820071,483283.75
1695043800,204.6,211.19,203.01,208.18,210.0071123793,207.21035420483523,0,0,0,82.4944,146.505,212.37,,,1,3,1,1,,,,497252,471249.85
1695130200,207.23,207.23,201.24,203.8,208.76568990344,206.90032200439566,0,0,0,82.4944,146.505,212.37,,,1,3,1,1,,,,478851,473574.3
1695216600,205.34,206.32,203.19,203.35,207.682551922752,206.5775654585415,0,0,0,82.4944,146.505,212.37,,,1,3,1,1,,,,458364,481449.45
1695303000,201.03,201.71,196.01,196.13,205.3720415382016,205.62778678049227,0,0,0,82.4944,146.505,212.37,,,1,3,1,1,,,,598413,491204.05
1695389400,196.88,197.565,194.5,195.42,203.38163323056128,204.6998061640839,0,0,0,82.4944,146.505,212.37,,,1,3,1,1,,,,369204,472263.7
1695648600,193.95,195.35,192.5,193.24,201.35330658444903,203.65800560371264,0,0,0,82.4944,146.505,212.37,,,1,3,1,1,,,,373752,470340.7
1695735000,190.64,192.2,189.1199,189.61,199.00464526755923,202.38091418519332,0,0,0,82.4944,146.505,212.37,,,1,3,1,1,,,,444800,470807.6
1695821400,190.85,195.71,190.69,194.65,198.13371621404738,201.6781038047212,0,0,0,82.4944,146.505,212.37,,,1,3,1,1,,,,617863,486578.55
1695907800,193.41,196.545,191.6032,196.08,197.7229729712379,201.16918527701927,0,0,0,82.4944,146.505,212.37,,,1,3,1,1,,,,354225,477224.95
1695994200,197.86,201.54,197.58,198.99,197.97637837699034,200.97107752456296,0,0,0,82.4944,146.505,212.37,,,1,3,1,1,,,,634349,465840.45
1696253400,197.29,199.1,195.05,196.15,197.61110270159227,200.53279774960268,0,0,0,82.4944,146.505,212.37,,,1,3,1,1,,,,428454,470095.05
1696339800,195.39,196.06,190.82,192.06,196.5008821612738,199.7625434087297,0,0,0,82.4944,146.505,212.37,,,1,3,1,1,,,,266606,448532
1696426200,192.03,194.9,190.01,194.61,196.12270572901906,199.29413037157246,0,0,0,82.4944,146.505,212.37,,,1,3,1,1,,,,335059,448767.8
1696512600,194.81,196.545,192.7852,196.11,196.12016458321526,199.00466397415678,0,0,0,82.4944,146.505,212.37,,,1,3,1,1,,,,300880,440844.6
1696599000,193.12,201.45,192.63,199.7,196.83613166657221,199.06787634014253,0,0,0,82.4944,146.505,212.37,,,1,3,1,1,,,,370232,441378.15
1696858200,202.2,209.94,200.99,208.81,199.23090533325777,199.95352394558412,0,0,0,82.4944,146.505,212.37,,,1,3,1,1,,,,531996,451661.9
1696944600,210,216.31,209.61,215.29,202.4427242666062,201.34774904144012,0,0,0,82.4944,146.505,212.37,,,1,3,1,1,,,,591567,462463.9
1697031000,216.64,220.71,216,220,205.95417941328498,203.04340821949103,0,0,0,82.4944,146.505,212.37,,,1,3,1,1,,,,728529,479956.1
1697117400,220.68,220.68,214.19,215.41,207.84534353062799,204.16764383590095,0,0,0,82.4944,146.505,212.37,,,1,3,1,1,,,,425130,481279.85
1697203800,216.63,217.88,214.2767,215.43,209.36227482450238,205.19149439627358,0,0,0,82.4944,146.505,212.37,,,1,3,1,1,,,,410214,460787
1697463000,217.2,220.46,216.68,220.05,211.4998198596019,206.54226763297598,0,0,0,82.4944,146.505,212.37,,,1,3,1,1,,,,306958,451272.3
1697549400,218.53,223.3,218.045,222.54,213.70785588768152,207.99660693906907,0,0,0,82.4944,146.505,212.37,,,1,3,1,1,,,,568866,455773.05
1697635800,222,223.12,219.41,219.53,214.8722847101452,209.04509721733552,0,0,0,82.4944,146.505,212.37,,,1,3,1,1,,,,327086,449209.15
1697722200,218.88,218.88,210.66,212.31,214.35982776811616,209.3419065612141,0,0,0,82.4944,146.505,212.37,,,1,3,1,1,,,,365647,437570.85
1697808600,212.93,212.93,207.2,210.86,213.65986221449293,209.47991505564917,0,0,0,82.4944,146.505,212.37,,,1,3,1,1,,,,354090,436815.15
1698067800,209.98,212.6754,208.05,210.08,212.94388977159434,209.53446823240833,0,0,0,82.4944,146.505,212.37,,,1,3,1,1,,,,213603,428807.7
1698154200,212.8,215.1701,212.21,213.33,213.02111181727548,209.87951657491666,0,0,0,82.4944,146.505,212.37,,,1,3,1,1,,,,283931,420764.25
1698240600,212.58,212.58,206.63,207.87,211.9908894538204,209.69683324992425,0,0,0,82.4944,146.505,212.37,,,1,3,1,1,,,,278013,403771.75
1698327000,207.87,210.015,204.32,204.57,210.5067115630563,209.23075749993114,0,0,0,82.4944,146.505,212.37,,,1,3,1,1,,,,386303,405375.65
1698413400,204.68,205.89,199.29,200.755,208.55636925044504,208.46023409084648,0,0,0,82.4944,146.505,212.37,,,1,3,1,1,,,,422820,394799.2
1698672600,203.59,203.92,200.5456,201.73,207.19109540035603,207.84839462804226,0,0,0,82.4944,146.505,212.37,,,1,3,1,1,,,,303375,388545.25
1698759000,202.32,205.615,199.5,204.49,206.65087632028482,207.54308602549295,0,0,0,82.4944,146.505,212.37,,,1,3,1,1,,,,350944,392762.15
1698845400,204.95,208.1899,203.16,207.15,206.75070105622785,207.50735093226632,0,0,0,82.4944,146.505,212.37,,,1,3,1,1,,,,344843,393251.35
1698931800,209.77,212.58,209.025,210.27,207.4545608449823,207.75850084751482,0,0,0,82.4944,146.505,212.37,,,1,3,1,1,,,,406427,398528.7
1699018200,211.97,219.36,211.97,217.25,209.41364867598583,208.62136440683165,0,0,0,82.4944,146.505,212.37,,,1,3,1,1,,,,574055,408719.85
1699281000,219.39,220.22,214.83,216.86,210.90291894078865,209.37033127893787,0,0,0,82.4944,146.505,212.37,,,1,3,1,1,,,,433676,403803.85
1699367400,216.92,219.02,214.7,216.37,211.99633515263093,210.00666479903444,0,0,0,82.4944,146.505,212.37,,,1,3,1,1,,,,908669,419658.95
1699453800,224.5,231.71,219.0725,229.58,215.51306812210476,211.78605890821314,0,0,0,82.4944,146.505,212.37,,,1,3,1,1,,,,1603201,463392.55
1699540200,230.23,230.655,212.885,215.7,215.5504544976838,212.14187173473923,0,0,0,82.4944,146.505,212.37,,,1,3,1,1,,,,811875,482729.8
1699626600,216.16,220,215.435,217.94,216.02836359814705,212.6689743043084,0,0,0,82.4944,146.505,212.37,,,1,3,1,1,,,,830375,503737.85
1699885800,218.27,219.7475,216.725,218.66,216.55469087851765,213.21361300391672,0,0,0,82.4944,146.505,212.37,,,1,3,1,1,,,,380723,507426.1
1699972200,221.36,223.57,220.51,221.58,217.5597527028141,213.9741936399243,0,0,0,82.4944,146.505,212.37,,,1,3,1,1,,,,586710,508318.3
1700058600,222,225.38,220.77,221.08,218.2638021622513,214.62017603629482,0,0,0,82.4944,146.505,212.37,,,1,3,1,1,,,,535141,518721.05
1700145000,222.05,223.81,220.78,222.76,219.16304172980102,215.36016003299528,0,0,0,82.4944,146.505,212.37,,,1,3,1,1,,,,322322,516554.8
1700231400,224.95,224.95,222.28,223.48,220.0264333838408,216.098327302723,0,0,0,82.4944,146.505,212.37,,,1,3,1,1,,,,458683,521784.45
1700490600,224.37,227.35,224.16,226.22,221.26514670707266,217.01847936611182,0,0,0,82.4944,146.505,212.37,,,1,3,1,1,,,,287723,525490.45
1700577000,226,230.4,226,228.42,222.69611736565813,218.05498124191985,0,0,0,82.4944,146.505,212.37,,,1,3,1,1,,,,408708,531729.3
1700663400,228.43,230.815,226.79,226.87,223.5308938925265,218.8563465835635,0,0,0,82.4944,146.505,212.37,,,1,3,1,1,,,,233437,529500.5
1700836200,227.14,228.72,227.14,228.42,224.50871511402121,219.72576962142136,0,0,0,82.4944,146.505,212.37,,,1,3,1,1,,,,101568,515263.75
1701095400,227.36,230.0599,227,228.16,225.23897209121697,220.49251783765578,0,0,0,82.4944,146.505,212.37,,,1,3,1,1,,,,311733,509709.4
1701181800,228.4,230.38,226.49,227.07,225.60517767297358,221.09047076150526,0,0,0,82.4944,146.505,212.37,,,1,3,1,1,,,,227435,505912.4
1701268200,228.83,230.0215,225.115,225.86,225.65614213837887,221.52406432864115,0,0,0,82.4944,146.505,212.37,,,1,3,1,1,,,,248805,500805.45
1701354600,226.41,230.33,224.28,229.87,226.4989137107031,222.28278575331012,0,0,0,82.4944,146.505,212.37,,,1,3,1,1,,,,721891,519657.85
1701441000,229.87,233.8,226.553,231.51,227.50113096856248,223.12162341210012,0,0,0,82.4944,146.505,212.37,,,1,3,1,1,,,,850416,541857.3
1701700200,229.6,236.38,229.32,236.28,229.25690477484997,224.31783946554557,0,0,0,82.4944,146.505,212.37,,,1,3,1,1,,,,526650,539487.05
1701786600,234.02,234.99,229.021,231.72,229.74952381987998,224.99076315049598,0,0,0,82.4944,146.505,212.37,,,1,3,1,1,,,,387900,537198.25
1701873000,232.64,235.65,231.83,232.34,230.267619055904,225.65887559136,0,0,0,82.4944,146.505,212.37,,,1,3,1,1,,,,267098,505119.7
1701959400,233.33,235.98,232.78,235.33,231.28009524472319,226.53806871941816,0,0,0,82.4944,146.505,212.37,,,1,3,1,1,,,,314442,440681.75
1702045800,235.41,238.04,234.83,236.38,232.30007619577856,227.4327897449256,0,0,0,82.4944,146.505,212.37,,,1,3,1,1,,,,281805,414178.25
1702305000,236.99,238.96,235.33,238.78,233.59606095662284,228.46435431356872,0,0,0,82.4944,146.505,212.37,,,1,3,1,1,,,,302383,387778.65
1702391400,239.74,243.61,238.07,241.97,235.27084876529827,229.69214028506246,0,0,0,82.4944,146.505,212.37,,,1,3,1,1,,,,347442,386114.6
1702477800,242.12,248.1,240.49,248.06,237.8286790122386,231.36194571369316,0,0,0,82.4944,146.505,212.37,,,1,3,1,1,,,,401929,376875.55
1702564200,250,253.725,248.3001,253.12,240.8869432097909,233.33995064881196,0,0,0,82.4944,146.505,212.37,,,1,3,1,1,,,,676160,383926.5
1702650600,252.91,256.82,250.1701,255.98,243.90555456783272,235.3981369534654,0,0,0,82.4944,146.505,212.37,,,1,3,1,1,,,,815505,408585.65
1702909800,253.46,256.01,251.464,255.69,246.26244365426618,237.24285177587765,0,0,0,82.4944,146.505,212.37,,,1,3,1,1,,,,372177,404260.35
1702996200,257.69,260.35,254.61,255.92,248.19395492341295,238.94077434170697,0,0,0,82.4944,146.505,212.37,,,1,3,1,1,,,,446789,412213.65
1703082600,255.92,257.6499,252.11,252.77,249.10916393873035,240.19797667427906,0,0,0,82.4944,146.505,212.37,,,1,3,1,1,,,,559989,419777.7
1703169000,256.94,257.675,253.5,256.84,250.65533115098427,241.71088788570825,0,0,0,82.4944,146.505,212.37,,,1,3,1,1,,,,311644,423688.05
1703255400,258.3,260.69,257.12,259.03,252.3302649207874,243.28535262337112,0,0,0,82.4944,146.505,212.37,,,1,3,1,1,,,,279100,432564.65
1703601000,257.94,259.23,256.86,258.11,253.48621193662993,244.6330478394283,0,0,0,82.4944,146.505,212.37,,,1,3,1,1,,,,180068,425981.4
1703687400,257.81,259.9501,257.17,259.08,254.60496954930395,245.94640712675297,0,0,0,82.4944,146.505,212.37,,,1,3,1,1,,,,340835,431651.4
1703773800,259.65,259.88,257.915,258.59,255.40197563944315,247.0958246606845,0,0,0,82.4944,146.505,212.37,,,1,3,1,1,,,,257886,432105.45
1703860200,258,259.45,256.38,258.33,255.9875805115545,248.117113327895,0,0,0,82.4944,146.505,212.37,,,1,3,1,1,,,,330633,412542.55
1704205800,254.47,256.01,249.53,251.63,255.11606440924362,248.43646666172273,0,0,0,82.4944,146.505,212.37,,,1,3,1,1,,,,532443,396643.9
1704292200,250.62,252.24,247.27,247.43,253.5788515273949,248.34496969247522,0,0,0,82.4944,146.505,212.37,,,1,3,1,1,,,,333038,386963.3
1704378600,247.43,249.5558,244.345,244.93,251.84908122191592,248.0345179022502,0,0,0,82.4944,146.505,212.37,,,1,3,1,1,,,,494296,392283.1
1704465000,244.5,246.1,241.72,244.21,250.32126497753273,247.6868344565911,0,0,0,82.4944,146.505,212.37,,,1,3,1,1,,,,408650,399360.7
1704724200,244.45,251.75,244.01,251.61,250.5790119820262,248.04348586962828,0,0,0,82.4944,146.505,212.37,,,1,3,1,1,,,,344432,400860.2
1704810600,248.48,250.54,247.81,249.1,250.28320958562097,248.13953260875297,0,0,0,82.4944,146.505,212.37,,,1,3,1,1,,,,452211,409380.5
1704897000,249.98,250.965,248,249.02,250.0305676684968,248.21957509886633,0,0,0,82.4944,146.505,212.37,,,1,3,1,1,,,,470303,417776.5
1704983400,249.81,251.72,247.12,249.54,249.93245413479744,248.3396137262421,0,0,0,82.4944,146.505,212.37,,,1,3,1,1,,,,383934,419601.1
1705069800,250.81,253.8959,248.44,250.69,250.08396330783796,248.55328520567465,0,0,0,82.4944,146.505,212.37,,,1,3,1,1,,,,485081,423758.7
1705415400,250.28,251.61,246.985,249.47,249.96117064627038,248.6366229142497,0,0,0,82.4944,146.505,212.37,,,1,3,1,1,,,,385251,409213.25
1705501800,247.12,250.68,247.12,250.51,250.0709365170163,248.80692992204519,0,0,0,82.4944,146.505,212.37,,,1,3,1,1,,,,267263,381801.15
1705588200,251.06,254.19,250.65,254.1,250.87674921361304,249.28811811095017,0,0,0,82.4944,146.505,212.37,,,1,3,1,1,,,,252563,375820.45
1705674600,254.98,256.86,251.865,256.79,252.05939937089045,249.97010737359105,0,0,0,82.4944,146.505,212.37,,,1,3,1,1,,,,349166,370939.3
1705933800,258.12,262.95,257.17,259.66,253.57951949671235,250.8510067032646,0,0,0,82.4944,146.505,212.37,,,1,3,1,1,,,,302748,358077.25
1706020200,261.28,261.28,254.925,255.01,253.86561559736987,251.22909700296782,0,0,0,82.4944,146.505,212.37,,,1,3,1,1,,,,252275,355108.8
1706106600,257.34,257.34,250.43,251.24,253.3404924778959,251.2300881845162,0,0,0,82.4944,146.505,212.37,,,1,3,1,1,,,,369360,359621.8
1706193000,252.78,253.9271,250.63,252.7,253.2123939823167,251.36371653137837,0,0,0,82.4944,146.505,212.37,,,1,3,1,1,,,,229333,362085.05
1706279400,252.58,254.06,249.01,251.36,252.84191518585337,251.36337866488944,0,0,0,82.4944,146.505,212.37,,,1,3,1,1,,,,256999,357893.25
1706538600,251.99,254.77,251.75,254.73,253.2195321486827,251.6694351498995,0,0,0,82.4944,146.505,212.37,,,1,3,1,1,,,,281454,359071.65
1706625000,254.24,255.735,253.4,254.25,253.42562571894615,251.9040319544541,0,0,0,82.4944,146.505,212.37,,,1,3,1,1,,,,189143,351997.15
1706711400,254.94,255.0179,248.3783,249.06,252.55250057515693,251.64548359495828,0,0,0,82.4944,146.505,212.37,,,1,3,1,1,,,,492521,350001.05
1706797800,250.65,254.135,247.04,252.7,252.58200046012553,251.74134872268934,0,0,0,82.4944,146.505,212.37,,,1,3,1,1,,,,519452,359321.75
1706884200,252.7,258.62,251.1263,256.99,253.46360036810043,252.2184988388085,0,0,0,82.4944,146.505,212.37,,,1,3,1,1,,,,362010,352707.45
1707143400,255.97,257.755,252.2001,257.47,254.26488029448035,252.69590803528047,0,0,0,82.4944,146.505,212.37,,,1,3,1,1,,,,322530,348401.45
1707229800,258.64,259.69,255.5805,259.46,255.30390423558427,253.3108254866186,0,0,0,82.4944,146.505,212.37,,,1,3,1,1,,,,226235,342491.6
1707316200,260.34,270.95,259.12,265.47,257.33712338846743,254.4162049878351,0,0,0,82.4944,146.505,212.37,,,1,3,1,1,,,,784916,359126.85
1707402600,265,269.5,264.53,269,259.66969871077396,255.74200453439553,0,0,0,82.4944,146.505,212.37,,,1,3,1,1,,,,306156,350919.5
1707489000,270.82,271.3891,268.44,270.98,261.9317589686192,257.1272768494505,0,0,0,82.4944,146.505,212.37,,,1,3,1,1,,,,247690,344107.3
1707748200,270.53,273.535,265.05,266.71,262.8874071748954,257.99843349950044,0,0,0,82.4944,146.505,212.37,,,1,3,1,1,,,,482646,343985.55
1707834600,261.28,269.2799,255.68,264.45,263.1999257399163,258.5849395450004,0,0,0,82.4944,146.505,212.37,,,1,3,1,1,,,,377146,343580.3
1707921000,268.02,271.42,264.87,270.84,264.727940591933,259.69903595000034,0,0,0,82.4944,146.505,212.37,,,1,3,1,1,,,,307694,345601.85
1708007400,272.1,274.78,268,272.79,266.34035247354643,260.8891235909094,0,0,0,82.4944,146.505,212.37,,,1,3,1,1,,,,257673,345857.35
1708093800,272.02,273.91,269.71,269.8,267.03228197883715,261.69920326446305,0,0,0,82.4944,146.505,212.37,,,1,3,1,1,,,,250433,340920.7
1708439400,267.38,269.16,265.23,267.7,267.1658255830697,262.24473024042095,0,0,0,82.4944,146.505,212.37,,,1,3,1,1,,,,296140,340590.3
1708525800,267.03,268.19,260.265,263.73,266.4786604664558,262.379754764019,0,0,0,82.4944,146.505,212.37,,,1,3,1,1,,,,395993,347776.2
1708612200,267.58,272.305,267.38,271.54,267.49092837316465,263.2125043309264,0,0,0,82.4944,146.505,212.37,,,1,3,1,1,,,,286371,343626.75
1708698600,272.87,273.72,268.99,270.63,268.1187426985317,263.886822119024,0,0,0,82.4944,146.505,212.37,,,1,3,1,1,,,,225017,343410.95
1708957800,272.15,274.27,270.82,271.59,268.81299415882535,264.58711101729455,0,0,0,82.4944,146.505,212.37,,,1,3,1,1,,,,321895,346655.75
1709044200,273.51,273.6199,265.32,271.82,269.4143953270603,265.2446463793587,0,0,0,82.4944,146.505,212.37,,,1,3,1,1,,,,841681,374667.1
1709130600,280.7,318.9,275,309.22,277.3755162616482,269.242405799417,0,0,0,82.4944,146.505,212.37,,,1,3,1,1,,,,2658652,498142.55
1709217000,309.22,311.04,299.07,307.37,283.3744130093186,272.7085507267427,0,0,0,82.4944,146.505,212.37,,,1,3,1,1,,,,1501521,548592.55
1709303400,303,314.49,302.24,314.25,289.5495304074549,276.48504611522065,0,0,0,82.4944,146.505,212.37,,,1,3,1,1,,,,893744,567307.15
1709562600,316,325.63,314.95,319.88,295.6156243259639,280.43004192292784,0,0,0,82.4944,146.505,212.37,,,1,3,1,1,,,,928051,595609.2
1709649000,319.48,319.81,311.94,315.1,299.5124994607711,283.58185629357075,0,0,0,82.4944,146.505,212.37,,,1,3,1,1,,,,620357,610500.55
1709735400,315.01,318,310.25,314.97,302.60399956861687,286.4353239032461,0,0,0,82.4944,146.505,212.37,,,1,3,1,1,,,,467822,622579.9
1709821800,315.1,317.99,313.96,315.13,305.1091996548935,289.04393082113285,0,0,0,82.4944,146.505,212.37,,,1,3,1,1,,,,363380,601503.1
1709908200,315.13,320.755,308.83,312.79,306.6453597239148,291.20266438284807,0,0,0,82.4944,146.505,212.37,,,1,3,1,1,,,,432294,607810
1710163800,310.94,313.5,308.8342,310.93,307.50228777913185,292.9960585298619,0,0,0,82.4944,146.505,212.37,,,1,3,1,1,,,,447521,617801.55
1710250200,309.85,312.07,305.92,311.37,308.2758302233055,294.666416845329,0,0,0,82.4944,146.505,212.37,,,1,3,1,1,,,,400544,613696.45
1710336600,311.56,312.55,304.52,306.78,307.9766641786444,295.76765167757185,0,0,0,82.4944,146.505,212.37,,,1,3,1,1,,,,603412,625009.75
1710423000,307.43,310.8524,304.75,306.43,307.66733134291553,296.73695607051985,0,0,0,82.4944,146.505,212.37,,,1,3,1,1,,,,427555,631002.8
1710509400,304.18,309.695,304.18,307.65,307.6638650743324,297.7290509731999,0,0,0,82.4944,146.505,212.37,,,1,3,1,1,,,,1568802,696559.25
1710768600,310.7,311.995,307.1,308.45,307.8210920594659,298.70368270290896,0,0,0,82.4944,146.505,212.37,,,1,3,1,1,,,,456017,706838.45
1710855000,308.45,312.91,306.32,312.13,308.6828736475727,299.92425700264454,0,0,0,82.4944,146.505,212.37,,,1,3,1,1,,,,410914,712577.15
1710941400,312.45,314.507,308.62,314.28,309.80229891805817,301.22932454785865,0,0,0,82.4944,146.505,212.37,,,1,3,1,1,,,,298598,707707.4
1711027800,316.56,319.12,314.63,316.09,311.0598391344465,302.5802950435079,0,0,0,82.4944,146.505,212.37,,,1,3,1,1,,,,279094,707343.55
1711114200,318.18,318.18,312.34,316.32,312.11187130755724,303.8293591304617,0,0,0,82.4944,146.505,212.37,,,1,3,1,1,,,,377993,714992.35
1711373400,316.5,317.53,313.84,315.47,312.7834970460458,304.8875992095106,0,0,0,82.4944,146.505,212.37,,,1,3,1,1,,,,629906,730392.9
1711459800,315.47,320.555,314.745,319.14,314.0547976368366,306.183272008646,0,0,0,82.4944,146.505,212.37,,,1,3,1,1,,,,433787,709998.2
1711546200,321.04,321.77,314.17,315.64,314.3718381094693,307.04297455331454,0,0,0,82.4944,146.505,212.37,,,1,3,1,1,,,,401505,597140.85
1711632600,316.97,316.97,311.85,312.88,314.07347048757543,307.57361323028596,0,0,0,82.4944,146.505,212.37,,,1,3,1,1,,,,357827,539956.15
1711978200,314.34,314.77,309.955,311.37,313.53277639006035,307.91873930026,0,0,0,82.4944,146.505,212.37,,,1,3,1,1,,,,318067,511172.3
1712064600,309.35,310.12,304.8,309.36,312.69822111204826,308.04976300023634,0,0,0,82.4944,146.505,212.37,,,1,3,1,1,,,,340295,481784.5
1712151000,308.19,311.675,308.19,309.1,311.9785768896386,308.1452390911239,0,0,0,82.4944,146.505,212.37,,,1,3,1,1,,,,344737,468003.5
1712237400,312.12,315.6099,306.61,306.83,310.94886151171085,308.0256719010217,0,0,0,82.4944,146.505,212.37,,,1,3,1,1,,,,272689,458246.85
1712323800,306.82,312.25,306.5629,309.9,310.7390892093687,308.1960653645652,0,0,0,82.4944,146.505,212.37,,,1,3,1,1,,,,183819,449268.8
1712583000,311.19,314.2,309.15,311.21,310.83327136749494,308.470059422332,0,0,0,82.4944,146.505,212.37,,,1,3,1,1,,,,286498,441979
1712669400,310.59,311.44,306.2701,311.27,310.92061709399593,308.72459947484725,0,0,0,82.4944,146.505,212.37,,,1,3,1,1,,,,305853,434895.6
1712755800,308.81,320.3428,307.86,318.26,312.38849367519674,309.59145406804294,0,0,0,82.4944,146.505,212.37,,,1,3,1,1,,,,503003,440018.55
1712842200,319.39,329.87,315.4,324.09,314.7287949401574,310.9095036982209,0,0,0,82.4944,146.505,212.37,,,1,3,1,1,,,,705097,445102.8
1712928600,322.23,323.5,310.25,310.81,313.9450359521259,310.90045790747354,0,0,0,82.4944,146.505,212.37,,,1,3,1,1,,,,548345,451142.3
1713187800,317.17,317.17,301.55,303.31,311.81802876170076,310.2104162795214,0,0,0,82.4944,146.505,212.37,,,1,3,1,1,,,,354919,390448.15
1713274200,302,303.435,295.095,300.31,309.5164230093606,309.31037843592856,0,0,0,82.4944,146.505,212.37,,,1,3,1,1,,,,524493,393871.95
1713360600,301.37,302.5498,296.725,299.82,307.57713840748846,308.44761675993504,0,0,0,82.4944,146.505,212.37,,,1,3,1,1,,,,603407,403496.6
1713447000,300,303.5126,297.3,297.59,305.57971072599076,307.46056069085006,0,0,0,82.4944,146.505,212.37,,,1,3,1,1,,,,593714,418252.4
1713533400,299.18,299.53,291.35,293.605,303.1847685807926,306.20096426440915,0,0,0,82.4944,146.505,212.37,,,1,3,1,1,,,,551405,431867.95
1713792600,294.86,296.88,291.395,293.8,301.30781486463405,305.0736038767356,0,0,0,82.4944,146.505,212.37,,,1,3,1,1,,,,513484,438642.5
1713879000,296.71,302.57,295.35,301.56,301.35825189170725,304.7541853424869,0,0,0,82.4944,146.505,212.37,,,1,3,1,1,,,,486651,431479.75
1713965400,304.07,308.115,302.29,302.41,301.5686015133658,304.541077584079,0,0,0,82.4944,146.505,212.37,,,1,3,1,1,,,,524753,436028.05
1714051800,300.99,308.83,297.93,306.24,302.50288121069264,304.69552507643544,0,0,0,82.4944,146.505,212.37,,,1,3,1,1,,,,305981,431251.85
1714138200,306.57,311.865,306.57,308.23,303.6483049685541,305.0168409785777,0,0,0,82.4944,146.505,212.37,,,1,3,1,1,,,,300741,428397.55
1714397400,308.24,313.59,307.25,313.3,305.57864397484326,305.76985543507067,0,0,0,82.4944,146.505,212.37,,,1,3,1,1,,,,340642,429526.3
1714483800,311.31,314.78,309.2037,313.66,307.1949151798746,306.4871413046097,0,0,0,82.4944,146.505,212.37,,,1,3,1,1,,,,596201,442321.6
1714570200,312.18,316,309.11,311.57,308.0699321438997,306.94921936782697,0,0,0,82.4944,146.505,212.37,,,1,3,1,1,,,,693734,459771.45
1714656600,313.22,318.19,310.93,316.75,309.8059457151197,307.84019942529727,0,0,0,82.4944,146.505,212.37,,,1,3,1,1,,,,456870,468980.5
1714743000,319.24,321,316.64,318.55,311.55475657209576,308.8138176593612,0,0,0,82.4944,146.505,212.37,,,1,3,1,1,,,,279175,473748.3
1715002200,322,329.175,321.4632,327.64,314.7718052576766,310.5252887812374,0,0,0,82.4944,146.505,212.37,,,1,3,1,1,,,,773695,498108.15
1715088600,312.82,317.5,304.86,312.73,314.36344420614125,310.7257170738522,0,0,0,82.4944,146.505,212.37,,,1,3,1,1,,,,1021711,533901.05
1715175000,312.55,316.32,309.53,311.86,313.862755364913,310.82883370350197,0,0,0,82.4944,146.505,212.37,,,1,3,1,1,,,,480370,532769.4
1715261400,310.64,313.6299,307.8,309.09,312.9082042919304,310.6707579122745,0,0,0,82.4944,146.505,212.37,,,1,3,1,1,,,,699269,532478
1715347800,309.38,309.7046,303.32,303.43,311.01256343354436,310.01250719297684,0,0,0,82.4944,146.505,212.37,,,1,3,1,1,,,,474003,528760.9
1715607000,303.88,305.105,300.03,300.23,308.8560507468355,309.12318835725165,0,0,0,82.4944,146.505,212.37,,,1,3,1,1,,,,507020,536365.95
1715693400,299.01,299.01,290.66,296.46,306.3768405974684,307.9719894156833,0,0,0,82.4944,146.505,212.37,,,1,3,1,1,,,,998277,560055.15
1715779800,299.24,300,292.785,293.95,303.89147247797473,306.69726310516666,0,0,0,82.4944,146.505,212.37,,,1,3,1,1,,,,683079,564038.75
1715866200,293.6,294.16,288.38,290.44,301.20117798237976,305.21933009560604,0,0,0,82.4944,146.505,212.37,,,1,3,1,1,,,,536283,561167.2
1715952600,292.45,292.6,286.68,288.79,298.7189423859038,303.7257546323691,0,0,0,82.4944,146.505,212.37,,,1,3,1,1,,,,513386,559266.25
1716211800,289.92,292.8854,288.19,292.03,297.38115390872304,302.66250421124465,0,0,0,82.4944,146.505,212.37,,,1,3,1,1,,,,524607,559822.4
1716298200,291.87,291.985,285.06,287.95,295.49492312697845,301.32500382840425,0,0,0,82.4944,146.505,212.37,,,1,3,1,1,,,,661906,568585.15
1716384600,288.48,289.68,282.1001,284.87,293.36993850158274,299.8290943894584,0,0,0,82.4944,146.505,212.37,,,1,3,1,1,,,,972108,590952.9
1716471000,285,286.27,279.1872,279.99,290.69395080126617,298.02554035405313,0,0,0,82.4944,146.505,212.37,,,1,3,1,1,,,,818051,616556.4
1716557400,280.48,285.78,279,285.63,289.6811606410129,296.89867304913923,0,0,0,82.4944,146.505,212.37,,,1,3,1,1,,,,411002,622069.45
1716903000,286.04,288.2,284.2301,288.2,289.38492851281035,296.10788459012656,0,0,0,82.4944,146.505,212.37,,,1,3,1,1,,,,522224,631148.55
1716989400,285.2,288.4,283.5,284.19,288.3459428102483,295.02444053647866,0,0,0,82.4944,146.505,212.37,,,1,3,1,1,,,,471638,624920.4
1717075800,284.46,286.16,280.26,281.73,287.0227542481986,293.81585503316245,0,0,0,82.4944,146.505,212.37,,,1,3,1,1,,,,340357,607251.55
1717162200,281.72,283,275.1923,281.67,285.9522033985589,292.711686393784,0,0,0,82.4944,146.505,212.37,,,1,3,1,1,,,,731113,620963.7
1717421400,281.35,283,275.79,278.53,284.4677627188471,291.4224421761673,0,0,0,82.4944,146.505,212.37,,,1,3,1,1,,,,401429,627076.4
1717507800,277.73,278.55,273.52,276.22,282.8182101750777,290.04040197833393,0,0,0,82.4944,146.505,212.37,,,1,3,1,1,,,,399003,608341.8
1717594200,278.56,282.28,276.2301,282.13,282.6805681400622,289.3212745257581,0,0,0,82.4944,146.505,212.37,,,1,3,1,1,,,,476734,581092.95
1717680600,282.13,283.4799,276.92,279.15,281.97445451204976,288.39661320523464,0,0,0,82.4944,146.505,212.37,,,1,3,1,1,,,,381819,576165.4
1717767000,279.57,282.6,278.2435,280.5,281.6795636096398,287.67873927748605,0,0,0,82.4944,146.505,212.37,,,1,3,1,1,,,,331315,557767.7
1718026200,280.08,286.81,280.08,285.4,282.4236508877118,287.47158116135097,0,0,0,82.4944,146.505,212.37,,,1,3,1,1,,,,421913,555163.2
1718112600,285.33,287.06,283.33,287.01,283.3409207101694,287.4296192375918,0,0,0,82.4944,146.505,212.37,,,1,3,1,1,,,,407377,550181.05
1718199000,290.01,297.24,288.9,295.84,285.8407365681355,288.1941993069016,0,0,0,82.4944,146.505,212.37,,,1,3,1,1,,,,546269,527580.65
1718285400,295.62,297.78,292.29,293.48,287.36858925450844,288.67472664263784,0,0,0,82.4944,146.505,212.37,,,1,3,1,1,,,,383721,512612.75
1718371800,292,294.3616,287.23,292.33,288.3608714036067,289.00702422057986,0,0,0,82.4944,146.505,212.37,,,1,3,1,1,,,,401104,505853.8
1718631000,292.51,297.38,290.1901,297.17,290.12269712288537,289.7491129277999,0,0,0,82.4944,146.505,212.37,,,1,3,1,1,,,,413517,500860.35
1718717400,297.48,300.85,292.04,293.52,290.8021576983083,290.09192084345443,0,0,0,82.4944,146.505,212.37,,,1,3,1,1,,,,362426,492751.3
1718890200,294.61,296.8,290.38,293.14,291.2697261586466,290.36901894859494,0,0,0,82.4944,146.505,212.37,,,1,3,1,1,,,,366198,477965.9
1718976600,293.22,293.22,282.89,291.15,291.2457809269173,290.4400172259954,0,0,0,82.4944,146.505,212.37,,,1,3,1,1,,,,910181,474869.55
1719235800,291.93,296.62,290.375,292.7,291.53662474153384,290.64547020545035,0,0,0,82.4944,146.505,212.37,,,1,3,1,1,,,,705096,469221.8
1719322200,293.19,294.49,290.63,292.63,291.7552997932271,290.82588200495485,0,0,0,82.4944,146.505,212.37,,,1,3,1,1,,,,476894,472516.4
1719408600,292.04,293.32,288.685,292.88,291.98023983458165,291.0126200045044,0,0,0,82.4944,146.505,212.37,,,1,3,1,1,,,,350337,463922.05
1719495000,292.67,298.4,290.8,298.35,293.2541918676653,291.67965454954947,0,0,0,82.4944,146.505,212.37,,,1,3,1,1,,,,438639,462272.1
1719581400,300,304.56,293.58,294.24,293.45135349413226,291.9124132268632,0,0,0,82.4944,146.505,212.37,,,1,3,1,1,,,,1083370,499422.75
1719840600,296.56,296.56,287.19,289.21,292.6030827953058,291.66673929714835,0,0,0,82.4944,146.505,212.37,,,1,3,1,1,,,,332214,479477.8
1719927000,288.25,293.595,286.51,293.18,292.71846623624464,291.80430845195303,0,0,0,82.4944,146.505,212.37,,,1,3,1,1,,,,347578,476785.25
1720013400,294.05,297.32,292.8,296.56,293.4867729889957,292.23664404723,0,0,0,82.4944,146.505,212.37,,,1,3,1,1,,,,175280,465599.1
1720186200,296.91,298.69,294.144,298.38,294.4654183911966,292.7951309520273,0,0,0,82.4944,146.505,212.37,,,1,3,1,1,,,,174432,450484
1720445400,299.77,303.53,299.19,302.48,296.06833471295727,293.6755735927521,0,0,0,82.4944,146.505,212.37,,,1,3,1,1,,,,372076,449996.85
1720531800,304.37,306.35,298.36,298.51,296.55666777036583,294.1150669025019,0,0,0,82.4944,146.505,212.37,,,1,3,1,1,,,,398554,453358.8
1720618200,299,299.72,292.99,293.29,295.90333421629265,294.0400608204563,0,0,0,82.4944,146.505,212.37,,,1,3,1,1,,,,365715,450548.9
1720704600,293.73,295,290.02,291.16,294.9546673730341,293.7782371095057,0,0,0,82.4944,146.505,212.37,,,1,3,1,1,,,,528399,456600
1720791000,292.24,296.98,290.0801,292.66,294.4957338984273,293.67657919045973,0,0,0,82.4944,146.505,212.37,,,1,3,1,1,,,,289565,443764.8
1721050200,294.77,308.9,293.02,308.64,297.3245871187419,295.0368901731452,0,0,0,82.4944,146.505,212.37,,,1,3,1,1,,,,642367,456697.1
1721136600,311.02,319.8,311.02,319.43,301.7456696949935,297.2544456119502,0,0,0,82.4944,146.505,212.37,,,1,3,1,1,,,,698760,471579.9
1721223000,321.2,326.32,315.35,317.78,304.9525357559948,299.1204051017729,0,0,0,82.4944,146.505,212.37,,,1,3,1,1,,,,680566,484932.35
1721309400,318,319.5016,303.7,305.67,305.09602860479583,299.7158228197936,0,0,0,82.4944,146.505,212.37,,,1,3,1,1,,,,577149,495668.5
1721395800,307.93,310.49,303.62,308.45,305.76682288383665,300.50983892708507,0,0,0,82.4944,146.505,212.37,,,1,3,1,1,,,,269770,490847.1
1721655000,310.5,317,306.81,316.76,307.9654583070693,301.9871262973501,0,0,0,82.4944,146.505,212.37,,,1,3,1,1,,,,455994,468137.75
1721741400,318,324.86,317.51,319.55,310.28236664565543,303.58375117940915,0,0,0,82.4944,146.505,212.37,,,1,3,1,1,,,,763156,471040.75
1721827800,318.02,318.88,310.01,313.11,310.84789331652433,304.4497737994629,0,0,0,82.4944,146.505,212.37,,,1,3,1,1,,,,450972,469744.65
1721914200,312.45,316.8399,307.99,310.81,310.8403146532195,305.0279761813299,0,0,0,82.4944,146.505,212.37,,,1,3,1,1,,,,379094,471182.5
1722000600,314.07,314.07,308.01,310.59,310.7902517225756,305.5336147102999,0,0,0,82.4944,146.505,212.37,,,1,3,1,1,,,,347882,466644.65
1722259800,312.4,312.4,307.65,309,310.4322013780605,305.84874064572716,0,0,0,82.4944,146.505,212.37,,,1,3,1,1,,,,271271,426039.7
1722346200,309.96,314.365,304.48,304.72,309.2897611024484,305.746127859752,0,0,0,82.4944,146.505,212.37,,,1,3,1,1,,,,350218,426939.9
1722432600,307.49,308.56,298.9985,300.01,307.4338088819587,305.2246616906836,0,0,0,82.4944,146.505,212.37,,,1,3,1,1,,,,662384,442680.2
1722519000,300,302.7173,296.0893,299.63,305.87304710556697,304.71605608243965,0,0,0,82.4944,146.505,212.37,,,1,3,1,1,,,,872771,477554.75
1722605400,294.1,295.36,287.14,292.36,303.1704376844536,303.5927782567633,0,0,0,82.4944,146.505,212.37,,,1,3,1,1,,,,929302,515298.25
1722864600,279.64,291.75,279.02,286.16,299.7683501475629,302.0079802334212,0,0,0,82.4944,146.505,212.37,,,1,3,1,1,,,,684589,530923.9
1722951000,289.4,298.7,286.19,295,298.8146801180503,301.370891121292,0,0,0,82.4944,146.505,212.37,,,1,3,1,1,,,,1070740,564533.2
1723037400,330,367.95,323.885,349.24,308.8997440944403,305.72262829208364,0,0,0,82.4944,146.505,212.37,,,1,3,1,1,,,,3407135,716604.2
1723123800,350.9,371.99,344,368.46,320.81179527555224,311.42602572007604,0,0,0,82.4944,146.505,212.37,,,1,3,1,1,,,,1518758,766122.15
1723210200,367.27,370.355,359.31,365,329.64943622044177,316.2963870182509,0,0,0,82.4944,146.505,212.37,,,1,3,1,1,,,,997595,801523.65
1723469400,368.1,375.9499,366.14,368.03,337.3255489763534,320.99944274386445,0,0,0,82.4944,146.505,212.37,,,1,3,1,1,,,,545538,796682.2
1723555800,368.03,370.8227,364.78,368.97,343.6544391810827,325.3604024944222,0,0,0,82.4944,146.505,212.37,,,1,3,1,1,,,,516315,787559.95
1723642200,368.8,371.93,365.99,370.57,349.03755134486613,329.4703659040202,0,0,0,82.4944,146.505,212.37,,,1,3,1,1,,,,400289,773546.1
1723728600,366.15,378.2467,366.15,373.69,353.9680410758929,333.4903326400183,0,0,0,82.4944,146.505,212.37,,,1,3,1,1,,,,495368,769457.05
1723815000,374.99,377.19,372,373.69,357.9124328607143,337.1448478545621,0,0,0,82.4944,146.505,212.37,,,1,3,1,1,,,,486333,780285.2
1724074200,373.75,376.4225,370.96,373.07,360.94394628857145,340.41077077687464,0,0,0,82.4944,146.505,212.37,,,1,3,1,1,,,,430156,778993.3
1724160600,374.45,375.7304,370.04,373.05,363.3651570308572,343.3779734335224,0,0,0,82.4944,146.505,212.37,,,1,3,1,1,,,,345737,758122.35
1724247000,373.06,378.89,371.45,375.1,365.71212562468577,346.2617940304749,0,0,0,82.4944,146.505,212.37,,,1,3,1,1,,,,573401,764243.8
1724333400,375.94,377.25,372.44,372.69,367.1077004997486,348.6643582095226,0,0,0,82.4944,146.505,212.37,,,1,3,1,1,,,,295606,760069.4
1724419800,375.69,376.0478,369.4343,370.7,367.8261603997989,350.6675983722933,0,0,0,82.4944,146.505,212.37,,,1,3,1,1,,,,464467,765898.65
1724679000,369.11,370.64,358.1,360.49,366.3589283198391,351.5605439748121,0,0,0,82.4944,146.505,212.37,,,1,3,1,1,,,,568496,780759.9
1724765400,360.49,364.455,357.85,363.43,365.77314265587125,352.6395854316474,0,0,0,82.4944,146.505,212.37,,,1,3,1,1,,,,286028,777550.4
1724851800,363.43,368.13,361.59,362.45,365.108514124697,353.53144130149764,0,0,0,82.4944,146.505,212.37,,,1,3,1,1,,,,323710,760616.7
1724938200,364.03,368.86,361.97,362,364.4868112997576,354.30131027408873,0,0,0,82.4944,146.505,212.37,,,1,3,1,1,,,,316831,732819.7
1725024600,363.13,366.275,361.44,364.97,364.5834490398061,355.27119115826247,0,0,0,82.4944,146.505,212.37,,,1,3,1,1,,,,454912,709100.2
1725370200,361.35,363.22,354.52,355.16,362.6987592318449,355.2610828711477,0,0,0,82.4944,146.505,212.37,,,1,3,1,1,,,,584912,704116.35
1725456600,351.72,356.7299,349.02,355.35,361.22900738547594,355.26916624649795,0,0,0,82.4944,146.505,212.37,,,1,3,1,1,,,,681086,684633.65
1725543000,353.53,356.34,352.11,354.86,359.9552059083808,355.23196931499814,0,0,0,82.4944,146.505,212.37,,,1,3,1,1,,,,236479,526100.85
1725629400,356.42,357.5,346.71,354.62,358.88816472670464,355.1763357409074,0,0,0,82.4944,146.505,212.37,,,1,3,1,1,,,,509150,475620.45
1725888600,358.61,369.44,358.61,364.39,359.9885317813637,356.0139415826431,0,0,0,82.4944,146.505,212.37,,,1,3,1,1,,,,755959,463538.65
1725975000,364.89,366.98,357.105,359.35,359.860825425091,356.31721962058464,0,0,0,82.4944,146.505,212.37,,,1,3,1,1,,,,324778,452500.65
1726061400,357.82,364.485,353.91,361.71,360.2306603400728,356.80747238234966,0,0,0,82.4944,146.505,212.37,,,1,3,1,1,,,,471546,450262.2
1726147800,364.88,384.73,364.6,384.51,365.0865282720582,359.3258839839542,0,0,0,82.4944,146.505,212.37,,,1,3,1,1,,,,976901,479092.8
1726234200,382.98,385,375.71,379.61,367.9912226176466,361.16989453086745,0,0,0,82.4944,146.505,212.37,,,1,3,1,1,,,,506481,479648.45
1726493400,380.99,386.54,379.98,385.77,371.54697809411726,363.40626775533406,0,0,0,82.4944,146.505,212.37,,,1,3,1,1,,,,480096,479336.6
1726579800,384.03,386.1399,376.5301,382.57,373.7515824752938,365.1484252321219,0,0,0,82.4944,146.505,212.37,,,1,3,1,1,,,,379075,476782.55
1726666200,383.5,387.61,380.505,383.01,375.60326598023505,366.7722047564744,0,0,0,82.4944,146.505,212.37,,,1,3,1,1,,,,402101,479600.75
1726752600,390,391.55,383.03,389.74,378.43061278418804,368.86018614224946,0,0,0,82.4944,146.505,212.37,,,1,3,1,1,,,,461850,474023.2
1726839000,387.07,393.58,387.06,393.29,381.4024902273504,371.08107831113585,0,0,0,82.4944,146.505,212.37,,,1,3,1,1,,,,1202603,519373.05
1727098200,394.29,397.32,392,393.94,383.90999218188034,373.1591621010326,0,0,0,82.4944,146.505,212.37,,,1,3,1,1,,,,473099,519804.65
1727184600,395.59,395.69,388.355,393.66,385.85999374550426,375.0228746373024,0,0,0,82.4944,146.505,212.37,,,1,3,1,1,,,,279634,505361.55
1727271000,394.39,395.8,392.02,395.26,387.7399949964034,376.86261330663854,0,0,0,82.4944,146.505,212.37,,,1,3,1,1,,,,534495,517784.9
1727357400,396.23,398.74,391.97,393.25,388.84199599712275,378.3523757333078,0,0,0,82.4944,146.505,212.37,,,1,3,1,1,,,,449069,524052.85
1727443800,394.12,395.59,388.37,395.34,390.1415967976982,379.89670521209797,0,0,0,82.4944,146.505,212.37,,,1,3,1,1,,,,400734,528248
1727703000,395.5,400.33,394.24,399.6,392.03327743815856,381.68791382918,0,0,0,82.4944,146.505,212.37,,,1,3,1,1,,,,548958,532950.3
1727789400,399.87,400.78,395.37,399.22,393.47062195052683,383.2817398447091,0,0,0,82.4944,146.505,212.37,,,1,3,1,1,,,,749293,541169.35
1727875800,400,405.995,397.53,404.51,395.6784975604215,385.21158167700827,0,0,0,82.4944,146.505,212.37,,,1,3,1,1,,,,588184,536524.25
1727962200,404.17,415.11,403.16,415.05,399.5527980483372,387.92416516091663,0,0,0,82.4944,146.505,212.37,,,1,3,1,1,,,,927266,571063.6
1728048600,418,422.33,413.68,421.8,404.00223843866974,391.0037865099242,0,0,0,82.4944,146.505,212.37,,,1,3,1,1,,,,612225,576217.35
1728307800,421,425.225,416.88,420.83,407.3677907509358,393.71526046356746,0,0,0,82.4944,146.505,212.37,,,1,3,1,1,,,,682956,572567.2
1728394200,424.06,433.48,420.49,426.99,411.29223260074866,396.7402367850613,0,0,0,82.4944,146.505,212.37,,,1,3,1,1,,,,787479,595702.25
1728480600,424.4,432.86,422.21,432.14,415.4617860805989,399.95839707732847,0,0,0,82.4944,146.505,212.37,,,1,3,1,1,,,,470903,595670.1
1728567000,430.78,432.91,424.34,428.76,418.1214288644791,402.57672461575316,0,0,0,82.4944,146.505,212.37,,,1,3,1,1,,,,494195,571534.8
1728653400,430.19,436.55,428.77,434.98,421.4931430915833,405.52247692341194,0,0,0,82.4944,146.505,212.37,,,1,3,1,1,,,,334523,562936.9
1728912600,437.14,440.89,435.44,437.98,424.7905144732666,408.4731608394654,0,0,0,82.4944,146.505,212.37,,,1,3,1,1,,,,326365,555250.35
1728999000,437.98,438.0438,424.568,434.12,426.6564115786133,410.80469167224123,0,0,0,82.4944,146.505,212.37,,,1,3,1,1,,,,625379,567565.55
1729085400,433.36,435.4,428.5,433.83,428.09112926289066,412.8979015202193,0,0,0,82.4944,146.505,212.37,,,1,3,1,1,,,,376100,566265.5
1729171800,436,437.9,432.7344,434.48,429.36890341031256,414.85991047292663,0,0,0,82.4944,146.505,212.37,,,1,3,1,1,,,,397469,563046.45
1729258200,438.78,438.78,434,438.05,431.10512272825,416.9681004299333,0,0,0,82.4944,146.505,212.37,,,1,3,1,1,,,,228792,514355.9
1729517400,439,444.16,435.29,443.98,433.68009818260003,419.42372766357573,0,0,0,82.4944,146.505,212.37,,,1,3,1,1,,,,335656,507483.75
1729603800,445.1,455.17,443.44,449.61,436.86607854608,422.1679342396143,0,0,0,82.4944,146.505,212.37,,,1,3,1,1,,,,624963,524750.2
1729690200,447.52,449.2035,440.67,442.69,438.030862836864,424.0335765814675,0,0,0,82.4944,146.505,212.37,,,1,3,1,1,,,,389218,517486.35
1729776600,442.58,446.7475,438.17,443.12,439.0486902694912,425.7687059831523,0,0,0,82.4944,146.505,212.37,,,1,3,1,1,,,,263431,508204.45
1729863000,446.12,449.83,442.71,444.52,440.14295221559297,427.473369075593,0,0,0,82.4944,146.505,212.37,,,1,3,1,1,,,,331952,504765.35
1730122200,449.1,449.1,443.25,444.77,441.06836177247436,429.0457900687209,0,0,0,82.4944,146.505,212.37,,,1,3,1,1,,,,447236,499679.25
1730208600,444.96,447.625,443.7,444,441.6546894179795,430.4052636988372,0,0,0,82.4944,146.505,212.37,,,1,3,1,1,,,,489050,486667.1
1730295000,443.33,445.48,438.76,439,441.1237515343836,431.18660336257926,0,0,0,82.4944,146.505,212.37,,,1,3,1,1,,,,428115,478663.65
1730381400,435.96,436.9,422.38,423.5,437.59900122750685,430.4878212387084,0,0,0,82.4944,146.505,212.37,,,1,3,1,1,,,,877593,476180
1730467800,426.82,430.155,424.57,425.84,435.2472009820055,430.0652920351895,0,0,0,82.4944,146.505,212.37,,,1,3,1,1,,,,600627,475600.1
1730730600,425.84,435.504,424.99,431.57,434.5117607856044,430.2020836683541,0,0,0,82.4944,146.505,212.37,,,1,3,1,1,,,,479013,465402.95
1730817000,433.97,442.77,433.97,441.09,435.8274086284835,431.19189424395825,0,0,0,82.4944,146.505,212.37,,,1,3,1,1,,,,656281,458843.05
1730903400,459.03,462.64,450.72,459.52,440.5659269027868,433.76717658541656,0,0,0,82.4944,146.505,212.37,,,1,3,1,1,,,,724186,471507.2
1730989800,465.5,471,462.8109,468.75,446.2027415222295,436.9474332594696,0,0,0,82.4944,146.505,212.37,,,1,3,1,1,,,,832567,488425.8
1731076200,540,611.88,515,603.18,477.59819321778355,452.05948478133604,0,0,0,82.4944,146.505,212.37,,,1,3,1,1,,,,3966980,670048.65
1731335400,611.06,624.8399,588.02,616.14,505.3065545742268,466.97589525576,0,0,0,82.4944,146.505,212.37,,,1,3,1,1,,,,1793148,743387.8
1731421800,609.11,609.355,591.74,595.18,523.2812436593814,478.63081386887274,0,0,0,82.4944,146.505,212.37,,,1,3,1,1,,,,1390253,781631.5
1731508200,600,617.1499,599.72,601.29,538.8829949275051,489.7816489717025,0,0,0,82.4944,146.505,212.37,,,1,3,1,1,,,,850740,805363.5
1731594600,601,609.37,592.21,604.56,552.0183959420041,500.21604451972956,0,0,0,82.4944,146.505,212.37,,,1,3,1,1,,,,727328,821856.45
1731681000,599.53,602,594.4228,599.35,561.4847167536033,509.22822229066327,0,0,0,82.4944,146.505,212.37,,,1,3,1,1,,,,682856,844559.65
1731940200,601.04,610.33,592,600,569.1877734028826,517.4802020824211,0,0,0,82.4944,146.505,212.37,,,1,3,1,1,,,,669695,861261.6
1732026600,598.3,618.0699,598.01,610.2,577.3902187223061,525.9092746203828,0,0,0,82.4944,146.505,212.37,,,1,3,1,1,,,,1064591,883243
1732113000,609.18,613.2499,598.95,609.82,583.8761749778449,533.5375223821662,0,0,0,82.4944,146.505,212.37,,,1,3,1,1,,,,572570,892410.6
1732199400,621.99,640.51,611,631.27,593.3549399822759,542.4222930746965,0,0,0,82.4944,146.505,212.37,,,1,3,1,1,,,,885468,923512.45
1732285800,635.5,641.2,623.505,636.95,602.0739519858207,551.0157209769968,0,0,0,82.4944,146.505,212.37,,,1,3,1,1,,,,699097,941869.7
1732545000,639.54,639.99,607.2,619,605.4591615886566,557.196109979088,0,0,0,82.4944,146.505,212.37,,,1,3,1,1,,,,1499893,994502.55
1732631400,622.6,633,621.215,632.16,610.7993292709252,564.0110090718981,0,0,0,82.4944,146.505,212.37,,,1,3,1,1,,,,619320,1001016.05
1732717800,632.1,636.365,625.81,634.96,615.6314634167402,570.4609173380892,0,0,0,82.4944,146.505,212.37,,,1,3,1,1,,,,505877,1004904.15
1732890600,639.38,652.225,639,646.96,621.8971707333922,577.4153793982629,0,0,0,82.4944,146.505,212.37,,,1,3,1,1,,,,397629,980905.95
1733149800,649.2,649.3944,634.95,636.39,624.7957365867137,582.7767085438753,0,0,0,82.4944,146.505,212.37,,,1,3,1,1,,,,866764,994212.8
1733236200,652.82,675.475,638,669.87,633.810589269371,590.6942804944321,0,0,0,82.4944,146.505,212.37,,,1,3,1,1,,,,1383680,1039446.15
1733322600,667.09,689.39,667.09,687.39,644.5264714154968,599.4848004494837,0,0,0,82.4944,146.505,212.37,,,1,3,1,1,,,,925209,1052892.55
1733409000,688.01,695.94,677.4,689.78,653.5771771323974,607.6934549540761,0,0,0,82.4944,146.505,212.37,,,1,3,1,1,,,,732660,1053316.25
1733495400,689.73,698.67,680.242,687.69,660.3997417059179,614.9658681400691,0,0,0,82.4944,146.505,212.37,,,1,3,1,1,,,,938723,1058624.05
1733754600,687.69,687.97,631.0322,642.59,656.8377933647344,617.4771528546083,0,0,0,82.4944,146.505,212.37,,,1,3,1,1,,,,1177606,919155.35
1733841000,647.22,659.68,633.31,637.45,652.9602346917875,619.2928662314621,0,0,0,82.4944,146.505,212.37,,,1,3,1,1,,,,928328,875914.35
1733927400,646.68,651.14,633.8581,642.45,650.85818775343,621.3980602104201,0,0,0,82.4944,146.505,212.37,,,1,3,1,1,,,,639170,838360.2
1734013800,648.01,657.7475,635.81,636.41,647.968550202744,622.7627820094729,0,0,0,82.4944,146.505,212.37,,,1,3,1,1,,,,667455,829195.95
1734100200,635.29,648.91,635,644.91,647.3568401621952,624.7761654631571,0,0,0,82.4944,146.505,212.37,,,1,3,1,1,,,,557664,820712.75
1734359400,652,654,603.3322,649.3,647.7454721297562,627.0056049665064,0,0,0,82.4944,146.505,212.37,,,1,3,1,1,,,,1741642,873652.05
1734445800,642.93,648.6894,632,635.76,645.348377703805,627.8014590604604,0,0,0,82.4944,146.505,212.37,,,1,3,1,1,,,,1497650,915049.8
1734532200,637,638.8747,604.14,609.96,638.270702163044,626.1795082367822,0,0,0,82.4944,146.505,212.37,,,1,3,1,1,,,,1614002,942520.35
1734618600,620.54,626.58,608,615.68,633.7525617304352,625.2250074879838,0,0,0,82.4944,146.505,212.37,,,1,3,1,1,,,,1316458,979714.75
1734705000,607.95,633.21,605.095,631.69,633.3400493843482,625.8127340799853,0,0,0,82.4944,146.505,212.37,,,1,3,1,1,,,,7032769,1287079.8
1734964200,634.64,642.53,616.9701,624.14,631.5000395074785,625.6606673454412,0,0,0,82.4944,146.505,212.37,,,1,3,1,1,,,,626799,1283464.9
1735050600,619.67,631.78,619.07,631.25,631.4500316059828,626.1687884958557,0,0,0,82.4944,146.505,212.37,,,1,3,1,1,,,,260504,1221495.45
1735223400,630,630,620.96,623.8,629.9200252847862,625.9534440871415,0,0,0,82.4944,146.505,212.37,,,1,3,1,1,,,,526622,1216860.55
1735309800,620.95,622.46,606.55,610.98,626.132020227829,624.5922218974014,0,0,0,82.4944,146.505,212.37,,,1,3,1,1,,,,392170,1211175.2
1735569000,601.2,607.24,591.14,604.32,621.7696161822632,622.7492926340012,0,0,0,82.4944,146.505,212.37,,,1,3,1,1,,,,649149,1223751.2
1735655400,607.17,607.17,592.28,594.32,616.2796929458106,620.1648114854556,0,0,0,82.4944,146.505,212.37,,,1,3,1,1,,,,510410,1205933.5
1735828200,604.07,612.2548,588.19,596.49,612.3217543566484,618.0125558958688,0,0,0,82.4944,146.505,212.37,,,1,3,1,1,,,,517294,1162614.2
1735914600,595.36,608.9499,594.18,601.06,610.0694034853187,616.4714144507898,0,0,0,82.4944,146.505,212.37,,,1,3,1,1,,,,434723,1138089.9
1736173800,604.4,606.31,543.475,570.71,602.197522788255,612.3112858643543,0,0,0,82.4944,146.505,212.37,,,1,3,1,1,,,,1614521,1182182.95
1736260200,570.72,573.5,554.76,562.03,594.164018230604,607.7402598766857,0,0,0,82.4944,146.505,212.37,,,1,3,1,1,,,,935262,1182009.9
1736346600,565.02,577.74,559.23,577.34,590.7992145844833,604.9765998878961,0,0,0,82.4944,146.505,212.37,,,1,3,1,1,,,,590620,1152660.6
1736519400,572,574.83,562.71,570,586.6393716675866,601.7969089889965,0,0,0,82.4944,146.505,212.37,,,1,3,1,1,,,,482918,1130390.1
1736778600,561.4,569.33,556.68,568.68,583.0474973340692,598.7862808990877,0,0,0,82.4944,146.505,212.37,,,1,3,1,1,,,,422549,1119559.05
1736865000,571.895,584.23,569.95,579.8,582.3979978672554,597.060255362807,0,0,0,82.4944,146.505,212.37,,,1,3,1,1,,,,509051,1111638.85
1736951400,589.4,594.84,577.53,580,581.9183982938043,595.5093230570973,0,0,0,82.4944,146.505,212.37,,,1,3,1,1,,,,702444,1118877.85
1737037800,585,592.22,581.8,585.84,582.7027186350434,594.6302936882703,0,0,0,82.4944,146.505,212.37,,,1,3,1,1,,,,466053,1055098.4
1737124200,595.84,603,591.191,593.89,584.9401749080347,594.5629942620639,0,0,0,82.4944,146.505,212.37,,,1,3,1,1,,,,533670,1006899.4
1737469800,603.12,609.5,592.59,605.58,589.0681399264278,595.5645402382398,0,0,0,82.4944,146.505,212.37,,,1,3,1,1,,,,531294,952764
1737556200,607.98,612.14,602.71,607.6,592.7745119411422,596.6586729438544,0,0,0,82.4944,146.505,212.37,,,1,3,1,1,,,,362230,905052.6
1737642600,609.59,614.6,602.8071,613.38,596.8956095529138,598.1787935853222,0,0,0,82.4944,146.505,212.37,,,1,3,1,1,,,,368644,571846.35
1737729000,613.97,615.5,605.2001,610.32,599.580487642331,599.2825396230202,0,0,0,82.4944,146.505,212.37,,,1,3,1,1,,,,309792,555996
1737988200,597.79,608.01,587.14,604.68,600.6003901138648,599.7732178391093,0,0,0,82.4944,146.505,212.37,,,1,3,1,1,,,,458568,565899.2
1738074600,606.58,639.34,604.37,637.53,607.9863120910918,603.2056525810084,0,0,0,82.4944,146.505,212.37,,,1,3,1,1,,,,548338,566985
1738161000,640,644.86,632.14,639.97,614.3830496728734,606.547865982735,0,0,0,82.4944,146.505,212.37,,,1,3,1,1,,,,422611,568507.05
1738247400,646.5,657,643.55,653.43,622.1924397382987,610.8098781661226,0,0,0,82.4944,146.505,212.37,,,1,3,1,1,,,,536822,562890.7
1738333800,655.44,671.06,649.76,652.18,628.1899517906389,614.5707983328388,0,0,0,82.4944,146.505,212.37,,,1,3,1,1,,,,611693,567954.85
1738593000,640.75,671.215,635.5501,658.11,634.1739614325112,618.5289075753079,0,0,0,82.4944,146.505,212.37,,,1,3,1,1,,,,1001784,592179.35
1738679400,657.14,674,652.58,662.91,639.921169146009,622.563552341189,0,0,0,82.4944,146.505,212.37,,,1,3,1,1,,,,511759,596031.15
1738765800,662.91,680.972,662.91,680.52,648.0409353168072,627.8323203101719,0,0,0,82.4944,146.505,212.37,,,1,3,1,1,,,,459816,538295.9
1738852200,680.99,684.36,661,677.4,653.9127482534458,632.3384730092472,0,0,0,82.4944,146.505,212.37,,,1,3,1,1,,,,559451,519505.35
1738938600,680,689.54,677.93,679.24,658.9781986027566,636.6022481902247,0,0,0,82.4944,146.505,212.37,,,1,3,1,1,,,,556216,517785.15
1739197800,684.32,686.08,672,677.85,662.7525588822053,640.3520438092952,0,0,0,82.4944,146.505,212.37,,,1,3,1,1,,,,432548,515266.65
1739284200,678.475,678.475,656.715,669.26,664.0540471057643,642.980039826632,0,0,0,82.4944,146.505,212.37,,,1,3,1,1,,,,421665,515222.45
1739370600,656.49,668.5673,652.26,665.08,664.2592376846114,644.98912711512,0,0,0,82.4944,146.505,212.37,,,1,3,1,1,,,,495922,514566
1739457000,667.75,671.44,655.0688,664.7,664.3473901476891,646.7810246501091,0,0,0,82.4944,146.505,212.37,,,1,3,1,1,,,,356153,497251.45
1739543400,662.57,686.17,648.85,683.41,668.1599121181513,650.1109315000991,0,0,0,82.4944,146.505,212.37,,,1,3,1,1,,,,694120,508654.8
1739889000,694.02,715.99,691.86,710.01,676.529929694521,655.5563013637264,0,0,0,82.4944,146.505,212.37,,,1,3,1,1,,,,1318703,547906.45
1739975400,700,705.1,592.76,593.42,659.9079437556168,649.9075466942968,0,0,0,82.4944,146.505,212.37,,,1,3,1,1,,,,2319566,637320.05
1740061800,581,584,521.655,541.81,636.2883550044934,640.0804969948152,0,0,0,82.4944,146.505,212.37,,,1,3,1,1,,,,2514006,744908.85
1740148200,551.655,551.655,510.5339,513.22,611.6746840035947,628.5477245407411,0,0,0,82.4944,146.505,212.37,,,1,3,1,1,,,,1454542,799203.75
1740407400,516.51,524.35,496.19,499.73,589.2857472028758,616.8370223097646,0,0,0,82.4944,146.505,212.37,,,1,3,1,1,,,,1322641,849846.2
1740493800,498.905,502.2426,480.1767,496.65,570.7585977623006,605.9109293725132,0,0,0,82.4944,146.505,212.37,,,1,3,1,1,,,,1360330,894934.3
1740580200,584.95,600.99,558.21,572.4,571.0868782098405,602.8644812477393,0,0,0,82.4944,146.505,212.37,,,1,3,1,1,,,,2837988,1009416.8
1740666600,575,578.8739,521.7,525.44,561.9575025678724,595.8258920433993,0,0,0,82.4944,146.505,212.37,,,1,3,1,1,,,,1453907,1060981.6
1740753000,526.97,531.36,514.04,528.45,555.2560020542979,589.7008109485448,0,0,0,82.4944,146.505,212.37,,,1,3,1,1,,,,1153735,1091827.25
1741012200,532.84,541.75,520.6701,525.75,549.3548016434383,583.8871008623134,0,0,0,82.4944,146.505,212.37,,,1,3,1,1,,,,876097,1105047.45
1741098600,513.87,543.41,503.02,528.28,545.1398413147507,578.8319098748304,0,0,0,82.4944,146.505,212.37,,,1,3,1,1,,,,956405,1102778.5
1741185000,529.75,538.98,521.08,534.96,543.1038730518005,574.8435544316641,0,0,0,82.4944,146.505,212.37,,,1,3,1,1,,,,945209,1124451
1741271400,522.85,526.19,495,499.31,534.3450984414404,567.9768676651491,0,0,0,82.4944,146.505,212.37,,,1,3,1,1,,,,912281,1147074.25
1741357800,500,527.94,500,526.4,532.7560787531523,564.1971524228628,0,0,0,82.4944,146.505,212.37,,,1,3,1,1,,,,1277984,1183000.9
1741613400,508.39,522.06,501.85,515.45,529.2948630025219,559.7655931116934,0,0,0,82.4944,146.505,212.37,,,1,3,1,1,,,,1359940,1223187.1
1741699800,518.26,539.175,509.0001,526.64,528.7638904020175,556.7541755560849,0,0,0,82.4944,146.505,212.37,,,1,3,1,1,,,,975328,1250326.1
1741786200,540.37,560.725,539.13,557.89,534.589112321614,556.8574323237135,0,0,0,82.4944,146.505,212.37,,,1,3,1,1,,,,1215839,1290034.8
1741872600,558.81,569.95,530.2203,534.56,534.5832898572912,554.8303930215577,0,0,0,82.4944,146.505,212.37,,,1,3,1,1,,,,760807,1303279.05
1741959000,544.55,557.45,543.875,556.26,538.918631885833,554.9603572923252,0,0,0,82.4944,146.505,212.37,,,1,3,1,1,,,,656155,1318279.15
1742218200,552.72,563.7,549.58,554.82,542.0989055086663,554.9475975384775,0,0,0,82.4944,146.505,212.37,,,1,3,1,1,,,,664625,1316804.4
1742304600,548.7,555.58,532.52,539.99,541.6771244069331,553.5878159440704,0,0,0,82.4944,146.505,212.37,,,1,3,1,1,,,,558600,1278799.25
1742391000,545.34,571.4,542.65,568.11,546.9636995255465,554.9080144946095,0,0,0,82.4944,146.505,212.37,,,1,3,1,1,,,,576540,1191647.95
1742477400,560.16,572.82,556.4955,558.41,549.2529596204372,555.2263768132814,0,0,0,82.4944,146.505,212.37,,,1,3,1,1,,,,525252,1092210.25
1742563800,550.63,562.28,544.34,560,551.4023676963498,555.6603425575286,0,0,0,82.4944,146.505,212.37,,,1,3,1,1,,,,803642,1059665.25
1742823000,571.99,574.155,561,572.52,555.6258941570798,557.1930386886623,0,0,0,82.4944,146.505,212.37,,,1,3,1,1,,,,689675,1028016.95
1742909400,569.21,579.675,566.97,577.18,559.9367153256638,559.0100351715112,0,0,0,82.4944,146.505,212.37,,,1,3,1,1,,,,439776,981989.25
1742995800,575.57,578.2,553.56,559.06,559.7613722605311,559.0145774286465,0,0,0,82.4944,146.505,212.37,,,1,3,1,1,,,,521741,866176.9
1743082200,554.78,557,540,550.65,557.9390978084249,558.2541612987695,0,0,0,82.4944,146.505,212.37,,,1,3,1,1,,,,374576,812210.35
1743168600,550.4,550.4,529,534.95,553.3412782467399,556.1356011806996,0,0,0,82.4944,146.505,212.37,,,1,3,1,1,,,,678472,788447.2
1743427800,522.67,528.83,507.03,525.95,547.8630225973919,553.3914556188179,0,0,0,82.4944,146.505,212.37,,,1,3,1,1,,,,779458,783615.25
1743514200,521.59,542.9849,520.19,541.2,546.5304180779135,552.2831414716526,0,0,0,82.4944,146.505,212.37,,,1,3,1,1,,,,509615,761275.75
1743600600,530.69,560.3,530.69,558.42,548.9083344623308,552.8410377015024,0,0,0,82.4944,146.505,212.37,,,1,3,1,1,,,,731828,750606.7
1743687000,532.67,553.6,528.76,539.69,547.0646675698647,551.6454888195476,0,0,0,82.4944,146.505,212.37,,,1,3,1,1,,,,662053,738095.3
1743773400,511.26,519.9999,486.1,497.13,537.0777340558917,546.6895352904978,0,0,0,82.4944,146.505,212.37,,,1,3,1,1,,,,971548,722773.5
1744032600,471.72,524.82,469.2434,502.55,530.1721872447133,542.6768502640889,0,0,0,82.4944,146.505,212.37,,,1,3,1,1,,,,1045892,707071.1
1744119000,522.71,536.84,497.99,504.03,524.9437497957706,539.1635002400808,0,0,0,82.4944,146.505,212.37,,,1,3,1,1,,,,943153,705462.35
1744205400,503.15,567.0358,497.355,559.84,531.9229998366164,541.0431820364371,0,0,0,82.4944,146.505,212.37,,,1,3,1,1,,,,1105398,699940.3
1744291800,543.85,564.36,534.22,551.25,535.7883998692931,541.9710745785792,0,0,0,82.4944,146.505,212.37,,,1,3,1,1,,,,655898,694694.85
1744378200,549,569,541.5189,567.98,542.2267198954345,544.3355223441629,0,0,0,82.4944,146.505,212.37,,,1,3,1,1,,,,516622,687718.2
1744637400,578,590,571.715,574.83,548.7473759163476,547.1077475856026,0,0,0,82.4944,146.505,212.37,,,1,3,1,1,,,,666157,687794.8
1744723800,575.1,584.17,572.82,578.42,554.681900733078,549.9543159869115,0,0,0,82.4944,146.505,212.37,,,1,3,1,1,,,,330872,676408.4
1744810200,572.01,581.105,564.68,571.85,558.1155205864624,551.9448327153741,0,0,0,82.4944,146.505,212.37,,,1,3,1,1,,,,368438,666003.3
1744896600,578.2,578.2,556.39,559.53,558.3984164691699,552.6343933776128,0,0,0,82.4944,146.505,212.37,,,1,3,1,1,,,,519731,665727.25
1745242200,550,556.63,531.22,541.93,555.1047331753359,551.6612667069207,0,0,0,82.4944,146.505,212.37,,,1,3,1,1,,,,478945,649492.4
1745328600,551.32,561.8112,546,555.52,555.1877865402687,552.0120606426552,0,0,0,82.4944,146.505,212.37,,,1,3,1,1,,,,440802,637048.75
1745415000,576.4,594.4624,574.2,576.9,559.530229232215,554.2746005842321,0,0,0,82.4944,146.505,212.37,,,1,3,1,1,,,,492948,639707.35
1745501400,576.15,593.8359,571,590.67,565.758183385772,557.5832732583928,0,0,0,82.4944,146.505,212.37,,,1,3,1,1,,,,493331,638286.85
1745587800,590.72,603.98,590.72,603.78,573.3625467086176,561.782975689448,0,0,0,82.4944,146.505,212.37,,,1,3,1,1,,,,556455,647380.8
1745847000,605.66,614,594.54,602.46,579.1820373668941,565.4808869904073,0,0,0,82.4944,146.505,212.37,,,1,3,1,1,,,,456126,636263.5
1745933400,603.57,612.03,598.81,611.13,585.5716298935153,569.6308063549156,0,0,0,82.4944,146.505,212.37,,,1,3,1,1,,,,399687,617274.95
1746019800,591.59,614.76,585.49,613.3,591.1173039148122,573.6007330499233,0,0,0,82.4944,146.505,212.37,,,1,3,1,1,,,,519821,617785.25
1746106200,617.96,627.7299,613.02,621.1,597.1138431318498,577.918848227203,0,0,0,82.4944,146.505,212.37,,,1,3,1,1,,,,450462,603716.95
1746192600,632.18,638.35,626.46,628.16,603.3230745054798,582.4862256610936,0,0,0,82.4944,146.505,212.37,,,1,3,1,1,,,,507953,596011.95
1746451800,624.99,631.1581,620.9901,621.4,606.9384596043839,586.023841510085,0,0,0,82.4944,146.505,212.37,,,1,3,1,1,,,,358190,565344.05
1746538200,608.97,612.775,597.5614,601.67,605.8847676835071,587.4462195546228,0,0,0,82.4944,146.505,212.37,,,1,3,1,1,,,,759283,551013.6
1746624600,602.01,607.5992,594.52,601.82,605.0718141468057,588.7529268678388,0,0,0,82.4944,146.505,212.37,,,1,3,1,1,,,,887360,548223.95
1746711000,646.38,698.265,644.605,686.83,621.4234513174446,597.6690244253081,0,0,0,82.4944,146.505,212.37,,,1,3,1,1,,,,1692978,577602.95
1746797400,684.01,697.39,677.61,684.59,634.0567610539557,605.5709312957346,0,0,0,82.4944,146.505,212.37,,,1,3,1,1,,,,642574,576936.75
1747056600,700,703,667,693.1,645.8654088431646,613.5281193597586,0,0,0,82.4944,146.505,212.37,,,1,3,1,1,,,,878357,595023.5
1747143000,695,732.1662,694.71,724.77,661.6463270745317,623.6410175997806,0,0,0,82.4944,146.505,212.37,,,1,3,1,1,,,,868804,605155.85
1747229400,725,730.76,715.5886,728.53,675.0230616596253,633.1763796361643,0,0,0,82.4944,146.505,212.37,,,1,3,1,1,,,,566253,616924.9
1747315800,725.495,732.222,722,728.39,685.6964493277003,641.8321633056039,0,0,0,82.4944,146.505,212.37,,,1,3,1,1,,,,570241,627015.05
1747402200,732,735.68,724.7408,733.18,695.1931594621602,650.1365120960036,0,0,0,82.4944,146.505,212.37,,,1,3,1,1,,,,420469,622051.95
1747661400,721.99,742.34,721.0492,742.32,704.6185275697281,658.516829178185,0,0,0,82.4944,146.505,212.37,,,1,3,1,1,,,,425566,619383
1747747800,741.41,744.51,734.89,742.75,712.2448220557825,666.1743901619864,0,0,0,82.4944,146.505,212.37,,,1,3,1,1,,,,383702,616528
1747834200,738,748.8,730.01,735.38,716.871857644626,672.4658092381694,0,0,0,82.4944,146.505,212.37,,,1,3,1,1,,,,570731,620417.15
1747920600,734.07,735,722.03,723.75,718.2474861157008,677.1280083983359,0,0,0,82.4944,146.505,212.37,,,1,3,1,1,,,,510375,621269.35
1748007000,717.98,735.4259,714,731.37,720.8719888925606,682.0590985439417,0,0,0,82.4944,146.505,212.37,,,1,3,1,1,,,,422654,614579.3
1748352600,740.58,748.14,736.63,746.08,725.9135911140485,687.8791804944924,0,0,0,82.4944,146.505,212.37,,,1,3,1,1,,,,477573,615651.65
1748439000,748.81,755.05,743.6277,751,730.9308728912388,693.6174368131749,0,0,0,82.4944,146.505,212.37,,,1,3,1,1,,,,524938,621914.2
1748525400,753.19,754.8083,729.16,730.29,730.802698312991,696.9513061937954,0,0,0,82.4944,146.505,212.37,,,1,3,1,1,,,,536596,622752.95
1748611800,731.01,751.99,729.14,750.36,734.7141586503927,701.8066419943594,0,0,0,82.4944,146.505,212.37,,,1,3,1,1,,,,1121126,656286.15
1748871000,755,765,742.8,758.57,739.4853269203142,706.9669472675995,0,0,0,82.4944,146.505,212.37,,,1,3,1,1,,,,521175,656947.25
1748957400,761,766.26,750,759.07,743.4022615362513,711.7035884250904,0,0,0,82.4944,146.505,212.37,,,1,3,1,1,,,,503574,664216.45
1749043800,760,780.62,757.45,780,750.7218092290011,717.9123531137185,0,0,0,82.4944,146.505,212.37,,,1,3,1,1,,,,558064,654155.5
1749130200,780.53,793.2399,773.9901,788.36,758.2494473832008,724.316684648835,0,0,0,82.4944,146.505,212.37,,,1,3,1,1,,,,683795,643977.25
1749216600,794.92,798.16,784.6357,791.85,764.9695579065607,730.4560769534863,0,0,0,82.4944,146.505,212.37,,,1,3,1,1,,,,443740,581515.35
1749475800,795.83,806.64,775.8553,783.8,768.7356463252486,735.3055245031694,0,0,0,82.4944,146.505,212.37,,,1,3,1,1,,,,537362,576254.75
1749562200,778.54,787.61,751.25,762.66,767.5205170601988,737.7922950028812,0,0,0,82.4944,146.505,212.37,,,1,3,1,1,,,,600557,562364.75
1749648600,764.67,782.785,746.9,778.36,769.6884136481591,741.4802681844375,0,0,0,82.4944,146.505,212.37,,,1,3,1,1,,,,487781,543313.6
1749735000,773.16,781.12,772.605,775.2,770.7907309185273,744.5456983494886,0,0,0,82.4944,146.505,212.37,,,1,3,1,1,,,,350325,532517.2
1749821400,771.81,786.7749,767.6,780.63,772.7585847348219,747.826089408626,0,0,0,82.4944,146.505,212.37,,,1,3,1,1,,,,359099,521960.1
1750080600,786.37,797.5,779.28,780.61,774.3288677878575,750.8064449169327,0,0,0,82.4944,146.505,212.37,,,1,3,1,1,,,,470995,524486.4
1750167000,776.39,782.7514,770.201,777.54,774.971094230286,753.2367681063025,0,0,0,82.4944,146.505,212.37,,,1,3,1,1,,,,445749,525495.55
1750253400,775.85,779.8899,761.9,770.79,774.1348753842287,754.832516460275,0,0,0,82.4944,146.505,212.37,,,1,3,1,1,,,,482933,530457.1
1750426200,780.28,781,767.0803,777.32,774.771900307383,756.8768331457045,0,0,0,82.4944,146.505,212.37,,,1,3,1,1,,,,1182182,561029.65
1750685400,773.48,791.38,767.3175,783.24,776.4655202459064,759.2734846779132,0,0,0,82.4944,146.505,212.37,,,1,3,1,1,,,,391501,555085.95
1750771800,785,799.66,758.24,794.25,780.0224161967251,762.453167889012,0,0,0,82.4944,146.505,212.37,,,1,3,1,1,,,,743572,571131.85
1750858200,800,801,780.66,785.07,781.03193295738,764.5092435354654,0,0,0,82.4944,146.505,212.37,,,1,3,1,1,,,,440465,569276.45
1750944600,791.81,805.48,791.81,803.95,785.615546365904,768.0947668504231,0,0,0,82.4944,146.505,212.37,,,1,3,1,1,,,,484379,567248.5
1751031000,804.85,820.83,802.2836,818.6,792.2124370927232,772.6861516822028,0,0,0,82.4944,146.505,212.37,,,1,3,1,1,,,,1010936,590965.5
1751290200,818.75,830.21,816.855,827.94,799.3579496741786,777.7092288020025,0,0,0,82.4944,146.505,212.37,,,1,3,1,1,,,,530137,561416.05
1751376600,825.89,829.5,765.5,775.38,794.5623597393429,777.4974807290931,0,0,0,82.4944,146.505,212.37,,,1,3,1,1,,,,997650,585239.8
1751463000,774.68,782.9813,756.72,774.55,790.5598877914744,777.2295279355392,0,0,0,82.4944,146.505,212.37,,,1,3,1,1,,,,574326,588777.4
1751549400,781.77,797.89,780,795.48,791.5439102331795,778.888661759581,0,0,0,82.4944,146.505,212.37,,,1,3,1,1,,,,268670,574307.7
1751895000,796.02,804.4375,790,802.16,793.6671281865437,781.0042379632555,0,0,0,82.4944,146.505,212.37,,,1,3,1,1,,,,453034,562769.65
1751981400,802.72,815,774.0957,790.22,792.9777025492349,781.8420345120504,0,0,0,82.4944,146.505,212.37,,,1,3,1,1,,,,507791,565972.2
1752067800,794.3,809.99,785,805.86,795.554162039388,784.0254859200459,0,0,0,82.4944,146.505,212.37,,,1,3,1,1,,,,339967,556102.45
1752154200,802.11,803,728.43,732.99,783.0413296315104,779.3858962909508,0,0,0,82.4944,146.505,212.37,,,1,3,1,1,,,,1227628,587456
1752240600,740.33,753.018,723.001,729.62,772.3570637052084,774.8617239008644,0,0,0,82.4944,146.505,212.37,,,1,3,1,1,,,,1121522,619143.05
1752499800,727.1,752.97,723.99,750.26,767.9376509641667,772.6252035462403,0,0,0,82.4944,146.505,212.37,,,1,3,1,1,,,,538912,628572.4
1752586200,752.74,753.57,740.16,745.87,763.5241207713333,770.1929123147639,0,0,0,82.4944,146.505,212.37,,,1,3,1,1,,,,373471,629291
1752672600,743.56,748.27,725.05,742.77,759.3732966170667,767.699920286149,0,0,0,82.4944,146.505,212.37,,,1,3,1,1,,,,516134,631547.95
1752759000,744.8,753.25,739.79,745.86,756.6706372936534,765.7144729874082,0,0,0,82.4944,146.505,212.37,,,1,3,1,1,,,,341234,626322.2
1752845400,747.83,757.9799,741.07,756.09,756.5545098349227,764.8395208976438,0,0,0,82.4944,146.505,212.37,,,1,3,1,1,,,,404325,622391.8
1753104600,755.92,758.25,741.91,751.55,755.5536078679381,763.6313826342216,0,0,0,82.4944,146.505,212.37,,,1,3,1,1,,,,377483,582156.85
1753191000,749.01,749.01,720.18,720.74,748.5908862943505,759.7321660311105,0,0,0,82.4944,146.505,212.37,,,1,3,1,1,,,,759573,600560.45
1753277400,725.8,728.95,694.72,705.22,739.9167090354804,754.7765145737368,0,0,0,82.4944,146.505,212.37,,,1,3,1,1,,,,1098487,618306.2
1753363800,705.22,715.745,695.0001,709.26,733.7853672283843,750.6386496124879,0,0,0,82.4944,146.505,212.37,,,1,3,1,1,,,,1105053,651535.6
1753450200,711.39,742.23,709.82,735.01,734.0302937827074,749.21786328408,0,0,0,82.4944,146.505,212.37,,,1,3,1,1,,,,723678,663500.55
1753709400,740.36,747.3,722.07,736.29,734.4822350261659,748.0426029855272,0,0,0,82.4944,146.505,212.37,,,1,3,1,1,,,,627694,644338.45
1753795800,742.19,742.19,725.79,728.74,733.3337880209327,746.2878208959338,0,0,0,82.4944,146.505,212.37,,,1,3,1,1,,,,383542,637008.7
1753882200,728.74,749.8,725,748.6,736.3870304167461,746.4980189963035,0,0,0,82.4944,146.505,212.37,,,1,3,1,1,,,,448258,609539.1
1753968600,752.62,762.05,747.24,755.49,740.2076243333969,747.3154718148213,0,0,0,82.4944,146.505,212.37,,,1,3,1,1,,,,513614,606503.5
1754055000,739.46,747.4081,728,742.47,740.6600994667175,746.8749743771103,0,0,0,82.4944,146.505,212.37,,,1,3,1,1,,,,457681,615954.05
1754314200,751.04,755,736.95,744.88,741.504079573374,746.6936130701004,0,0,0,82.4944,146.505,212.37,,,1,3,1,1,,,,769837,631794.2
1754400600,818,885.915,802.9601,867.12,766.6272636586992,757.641466427364,0,0,0,82.4944,146.505,212.37,,,1,3,1,1,,,,2534971,733153.2
1754487000,859.76,879.22,843.0227,863.65,786.0318109269593,767.2786058430581,0,0,0,82.4944,146.505,212.37,,,1,3,1,1,,,,842126,758261.15
1754573400,867.23,885,860.98,870.97,803.0194487415674,776.705096220962,0,0,0,82.4944,146.505,212.37,,,1,3,1,1,,,,700950,731927.25
1754659800,872.47,878.6169,835.7,842.5,810.915558993254,782.6864511099654,0,0,0,82.4944,146.505,212.37,,,1,3,1,1,,,,667561,709229.2
1754919000,842.89,844.15,817.36,818.69,812.4704471946031,785.9595010090595,0,0,0,82.4944,146.505,212.37,,,1,3,1,1,,,,616018,713084.5
1755005400,819.64,824.66,767.51,768.57,803.6903577556825,784.3786372809632,0,0,0,82.4944,146.505,212.37,,,1,3,1,1,,,,999533,744387.6
1755091800,776.98,780,731.7421,765.52,796.056286204546,782.6642157099665,0,0,0,82.4944,146.505,212.37,,,1,3,1,1,,,,1129168,775039.3
1755178200,764.26,764.26,745,749.83,786.8110289636369,779.6792870090604,0,0,0,82.4944,146.505,212.37,,,1,3,1,1,,,,517787,783866.95
1755264600,750.21,762,739.01,754.24,780.2968231709095,777.3666245536913,0,0,0,82.4944,146.505,212.37,,,1,3,1,1,,,,583413,792821.35
1755523800,755.18,792.64,753.77,791.62,782.5614585367276,778.6623859579012,0,0,0,82.4944,146.505,212.37,,,1,3,1,1,,,,848300,816362.2
1755610200,779.83,783.995,755,758.29,777.7071668293821,776.8103508708192,0,0,0,82.4944,146.505,212.37,,,1,3,1,1,,,,654278,811097.45
1755696600,754.17,763.71,740.5,760.89,774.3437334635057,775.3630462461992,0,0,0,82.4944,146.505,212.37,,,1,3,1,1,,,,409959,776671.05
1755783000,763,768,752.5,763.51,772.1769867708045,774.2854965874538,0,0,0,82.4944,146.505,212.37,,,1,3,1,1,,,,367048,739770.8
1755869400,764.37,784.14,757.5,766.24,770.9895894166436,773.5540878067762,0,0,0,82.4944,146.505,212.37,,,1,3,1,1,,,,395921,723382.95
1756128600,766.22,777.54,762.27,763.52,769.4956715333149,772.6418980061602,0,0,0,82.4944,146.505,212.37,,,1,3,1,1,,,,301529,707074.7
1756215000,764.2,775,761.05,769.02,769.4005372266519,772.3126345510548,0,0,0,82.4944,146.505,212.37,,,1,3,1,1,,,,413957,708595.45
1756301400,774.76,779.79,767,769.68,769.4564297813215,772.0733041373226,0,0,0,82.4944,146.505,212.37,,,1,3,1,1,,,,327223,702543.7
1756387800,772.83,794.29,771.5001,781.9,771.9451438250572,772.9666401248387,0,0,0,82.4944,146.505,212.37,,,1,3,1,1,,,,553782,704552.1
1756474200,784.32,785.8399,745.46,747.29,767.0141150600458,770.6324001134898,0,0,0,82.4944,146.505,212.37,,,1,3,1,1,,,,583592,710847.65
1756819800,733.81,748.83,726.0001,743.59,762.3292920480367,768.1740001031725,0,0,0,82.4944,146.505,212.37,,,1,3,1,1,,,,494339,697072.75
1756906200,737.26,738,713.2051,725.29,754.9214336384293,764.2754546392478,0,0,0,82.4944,146.505,212.37,,,1,3,1,1,,,,635333,602090.85
1756992600,725.78,731.19,719,730.16,749.9691469107435,761.1740496720435,0,0,0,82.4944,146.505,212.37,,,1,3,1,1,,,,383753,579172.2
1757079000,731,738.77,708.7592,728.41,745.6573175285947,758.1954997018577,0,0,0,82.4944,146.505,212.37,,,1,3,1,1,,,,398299,564039.65
1757338200,736.37,750,733.875,740.61,744.6478540228758,756.5968179107797,0,0,0,82.4944,146.505,212.37,,,1,3,1,1,,,,608947,561108.95
1757424600,734.09,739.9999,718,731.98,742.1142832183007,754.3589253734361,0,0,0,82.4944,146.505,212.37,,,1,3,1,1,,,,312183,545917.2
1757511000,736.66,750.955,734.26,747.55,743.2014265746405,753.7399321576692,0,0,0,82.4944,146.505,212.37,,,1,3,1,1,,,,481584,520019.75
1757597400,751.61,765.005,745.4284,751.11,744.7831412597125,753.5008474160629,0,0,0,82.4944,146.505,212.37,,,1,3,1,1,,,,466950,486908.85
1757683800,756.66,765.44,754.46,756.13,747.05251300777,753.73986128733,0,0,0,82.4944,146.505,212.37,,,1,3,1,1,,,,304070,476223
1757943000,760,774.32,756.2,760.79,749.800010406216,754.3807829884818,0,0,0,82.4944,146.505,212.37,,,1,3,1,1,,,,393820,466743.35
1758029400,760.79,766.63,750.65,750.67,749.9740083249727,754.043439080438,0,0,0,82.4944,146.505,212.37,,,1,3,1,1,,,,484865,448571.6
1758115800,750.67,762.175,748.3,751.81,750.3412066599782,753.8403991640346,0,0,0,82.4944,146.505,212.37,,,1,3,1,1,,,,504493,441082.35
1758202200,756.35,771.9999,753,766.47,753.5669653279825,754.988544694577,0,0,0,82.4944,146.505,212.37,,,1,3,1,1,,,,436875,442428.15
1758288600,771.77,779.09,760.01,774.53,757.759572262386,756.7650406314336,0,0,0,82.4944,146.505,212.37,,,1,3,1,1,,,,1740459,511098.7
1758547800,766.33,778.9419,761.5501,775.92,761.3916578099088,758.5064005740305,0,0,0,82.4944,146.505,212.37,,,1,3,1,1,,,,406984,511651.85
1758634200,769.16,792.155,768.2236,777.58,764.629326247927,760.2403641582096,0,0,0,82.4944,146.505,212.37,,,1,3,1,1,,,,449310,519040.9
1758720600,789.29,789.29,697.8,698.02,751.3074609983416,754.5839674165542,0,0,0,82.4944,146.505,212.37,,,1,3,1,1,,,,1192499,557968
1758807000,696.97,723.1522,694.54,712.15,743.4759687986733,750.7263340150492,0,0,0,82.4944,146.505,212.37,,,1,3,1,1,,,,974686,590341.15
1758893400,718,722,697.455,708.84,736.5487750389386,746.9184854682265,0,0,0,82.4944,146.505,212.37,,,1,3,1,1,,,,442853,584794.7
1759152600,716.335,722.84,703,716.02,732.4430200311509,744.1095322438423,0,0,0,82.4944,146.505,212.37,,,1,3,1,1,,,,719263,591578.25
1759239000,716.04,724.88,700.245,717.64,729.4824160249208,741.7032111307657,0,0,0,82.4944,146.505,212.37,,,1,3,1,1,,,,608857,597304.15
1759325400,708.64,720.075,697,711.34,725.8539328199366,738.942919209787,0,0,0,82.4944,146.505,212.37,,,1,3,1,1,,,,520473,591561.15
1759411800,719.91,725.16,703.24,720.53,724.7891462559493,737.2690174634427,0,0,0,82.4944,146.505,212.37,,,1,3,1,1,,,,453008,595023.9
1759498200,721.51,726.76,712.76,715.51,722.9333170047594,735.290924966766,0,0,0,82.4944,146.505,212.37,,,1,3,1,1,,,,379176,594067.75
1759757400,719.2,724.27,705,721.59,722.6646536038076,734.0453863334237,0,0,0,82.4944,146.505,212.37,,,1,3,1,1,,,,431910,585215.9
1759843800,720.88,728.34,706.61,714.6,721.0517228830461,732.2776239394761,0,0,0,82.4944,146.505,212.37,,,1,3,1,1,,,,376452,588429.35
1759930200,715.64,732.86,708.04,727.41,722.3233783064369,731.8351126722511,0,0,0,82.4944,146.505,212.37,,,1,3,1,1,,,,501128,589406.55
1760016600,726.02,753.16,722.51,734.04,724.6667026451495,732.0355569747737,0,0,0,82.4944,146.505,212.37,,,1,3,1,1,,,,512420,591680.05
1760103000,733.18,739.9999,702.27,703.03,720.3393621161196,729.3986881588852,0,0,0,82.4944,146.505,212.37,,,1,3,1,1,,,,456164,599284.75
1760362200,705.53,717.9999,699.13,710,718.2714896928957,727.635171053532,0,0,0,82.4944,146.505,212.37,,,1,3,1,1,,,,395711,599379.3
1760448600,698.68,717.5298,690.46,704.67,715.5511917543165,725.5474282304835,0,0,0,82.4944,146.505,212.37,,,1,3,1,1,,,,363186,593295.35
1760535000,708.53,714.0499,638.5,644.99,701.4389534034532,718.224025664076,0,0,0,82.4944,146.505,212.37,,,1,3,1,1,,,,1360343,636087.85
1760621400,648.5,663.25,642.3601,652.17,691.5851627227626,712.2191142400691,0,0,0,82.4944,146.505,212.37,,,1,3,1,1,,,,800451,654266.65
1760707800,645.51,677.06,639.5,670.68,687.40413017821,708.4428311273355,0,0,0,82.4944,146.505,212.37,,,1,3,1,1,,,,675311,601009.25
1760967000,675.14,686.97,673,683.13,686.5493041425681,706.141664661214,0,0,0,82.4944,146.505,212.37,,,1,3,1,1,,,,453755,603347.8
1761053400,687.99,708.02,685,707.04,690.6474433140545,706.2233315101945,0,0,0,82.4944,146.505,212.37,,,1,3,1,1,,,,498723,605818.45
1761139800,709.77,709.95,683.35,701.09,692.7359546512436,705.7566650092677,0,0,0,82.4944,146.505,212.37,,,1,3,1,1,,,,576210,575004
1761226200,704.41,718.19,704.01,716.39,697.4667637209949,706.723331826607,0,0,0,82.4944,146.505,212.37,,,1,3,1,1,,,,343591,543449.25
1761312600,726.44,737.5325,724.21,735.95,705.163410976796,709.3803016605518,0,0,0,82.4944,146.505,212.37,,,1,3,1,1,,,,383751,540494.15
1761571800,746.59,756.04,741.57,749,713.9307287814368,712.9820924186835,0,0,0,82.4944,146.505,212.37,,,1,3,1,1,,,,489691,529015.55
1761658200,746.12,764.02,745,755,722.1445830251494,716.8019021988032,0,0,0,82.4944,146.505,212.37,,,1,3,1,1,,,,566298,526887.6
1761744600,750.48,762.075,742,759.44,729.6036664201195,720.6780929080029,0,0,0,82.4944,146.505,212.37,,,1,3,1,1,,,,445761,523152
1761831000,760.85,760.85,737.63,738.88,731.4589331360955,722.332811734548,0,0,0,82.4944,146.505,212.37,,,1,3,1,1,,,,491209,525062.05
1761917400,745,749.955,731,732.23,731.6131465088764,723.2325561223164,0,0,0,82.4944,146.505,212.37,,,1,3,1,1,,,,533371,532771.8
1762180200,737.06,738.23,720.7356,724.1,730.1105172071011,723.3114146566513,0,0,0,82.4944,146.505,212.37,,,1,3,1,1,,,,603756,541364.1
1762266600,715.46,719.92,698.315,706.13,725.3144137656809,721.749467869683,0,0,0,82.4944,146.505,212.37,,,1,3,1,1,,,,1132911,579187.05
1762353000,563.84,657.3564,560,639.53,708.1575310125447,714.274970790621,0,0,0,82.4944,146.505,212.37,,,1,3,1,1,,,,4862992,797280.25
1762439400,628.6,631.9899,584.21,587.14,683.9540248100358,702.7172461732918,0,0,0,82.4944,146.505,212.37,,,1,3,1,1,,,,1891456,866232.05
1762525800,587,611.21,577.8,602.51,667.6652198480286,693.6074965211743,0,0,0,82.4944,146.505,212.37,,,1,3,1,1,,,,1049882,895917.95
1762785000,611.35,611.35,580.39,584.69,651.0701758784229,683.7059059283403,0,0,0,82.4944,146.505,212.37,,,1,3,1,1,,,,1118632,932064
1762871400,583.16,585,561.915,572.18,635.2921407027383,673.567187207582,0,0,0,82.4944,146.505,212.37,,,1,3,1,1,,,,1239975,975903.45
1762957800,570.35,575.92,565.37,569.51,622.1357125621906,664.1074429159837,0,0,0,560,885.915,,,,1,1,1,1,,,,1048887,960330.65
1763044200,565.88,580,556.6,557.29,609.1665700497525,654.396766287258,0,0,0,560,885.915,,,,1,1,1,1,,,,1285465,984581.35
1763130600,548.9,569.04,546.64,554.37,598.207256039802,645.3034238975072,0,0,0,560,885.915,,,,1,1,1,1,,,,823617,991996.65
1763389800,554.56,554.65,538.36,543.23,587.2118048318416,636.0240217250065,0,0,0,560,885.915,,,,1,1,1,1,,,,812194,1009918.6
1763476200,541.27,549.2229,528.95,533.77,576.5234438654733,626.7282015681877,0,0,0,560,885.915,,,,1,1,1,1,,,,841197,1027042.3
1763562600,533,533.51,521.19,531.09,567.4367550923786,618.0338196074434,0,0,0,560,885.915,,,,1,1,1,1,,,,1059480,1051205.8
1763649000,541.85,553.19,519.12,519.61,557.8714040739029,609.0861996431304,0,0,0,560,885.915,,,,1,1,1,1,,,,787189,1073385.7
1763735400,519.61,527.9,508.72,521.99,550.6951232591223,601.1683633119367,0,0,0,560,885.915,,,,1,1,1,1,,,,902329,1099314.6
1763994600,521.46,525.3,515.83,524.6,545.4760986072978,594.2076030108515,0,0,0,560,885.915,,,,1,1,1,1,,,,1024220,1126041.05
1764081000,523.5,539.8,514.25,528.89,542.1588788858382,588.269639100774,0,0,0,560,885.915,,,,1,1,1,1,,,,914594,1143455.85
1764167400,533.59,537.665,527.2175,533.17,540.3611031086706,583.2605810007037,0,0,0,560,885.915,,,,1,1,1,1,,,,445332,1143434.4
1764340200,538.74,542.7,533.18,540.14,540.3168824869365,579.3405281824579,0,0,0,560,885.915,,,,1,1,1,1,,,,294893,1133618.6
1764599400,531.52,540.45,525,533.21,538.8955059895492,575.1468438022345,0,0,0,508.72,885.915,,,,1,1,1,1,,,,770124,1145456.25
1764685800,534.81,542.53,532.6201,537.75,538.6664047916394,571.7471307293041,0,0,0,508.72,885.915,,,,1,1,1,1,,,,584270,1144481.95
1764772200,536.75,544.6,531,543.55,539.6431238333115,569.1837552084583,0,0,0,508.72,885.915,,,,1,1,1,1,,,,552156,1115444.2
1764858600,547.49,553.46,540.65,550.61,541.8364990666493,567.4952320076893,0,0,0,508.72,885.915,,,,1,1,1,1,,,,1259352,935262.2
1764945000,551.02,555.9999,544.805,550.95,543.6591992533195,565.9911200069903,0,0,0,508.72,885.915,,,,1,1,1,1,,,,389684,860173.6
1765204200,553.7,555.38,548.22,553.12,545.5513594026555,564.821018188173,0,0,0,508.72,885.915,,,,1,1,1,1,,,,533430,834351
1765290600,550.99,552.71,540.0267,546.65,545.7710875221244,563.1691074437936,0,0,0,508.72,885.915,,,,1,1,1,1,,,,459558,801397.3
1765377000,552.3,579.6,552.07,568.39,550.2948700176995,563.6437340398123,0,0,0,508.72,885.915,,,,1,1,1,1,,,,1396288,809212.95
1765463400,563.99,586.37,553.28,581.03,556.4418960141596,565.2243036725566,0,0,0,508.72,885.915,,,,1,1,1,1,,,,742652,793901.2
1765549800,584.13,584.13,561.63,564.28,558.0095168113277,565.1384578841424,0,0,0,508.72,885.915,,,,1,1,1,1,,,,943931,776824.5
1765809000,568.18,576.7175,541.9401,551.79,556.7656134490621,563.9249617128568,0,0,0,508.72,885.915,,,,1,1,1,1,,,,1017025,786494.9
1765895400,548.315,559.52,540.93,555.06,556.4244907592497,563.119056102597,0,0,0,508.72,885.915,,,,1,1,1,1,,,,897828,790776.6
1765981800,546.335,563.465,544.5,550,555.1395926073998,561.9264146387246,0,0,0,508.72,885.915,,,,1,1,1,1,,,,1141014,805767.45
1766068200,555.84,568.61,555.15,563.28,556.7676740859198,562.049467853386,0,0,0,508.72,885.915,,,,1,1,1,1,,,,955663,800576.6
1766154600,566.295,603.12,561.9101,594.2,564.2541392687358,564.9722435030782,0,0,0,508.72,885.915,,,,1,1,1,1,,,,2689123,895673.3
1766413800,603.95,617.97,596.5,600.19,571.4413114149886,568.1738577300711,0,0,0,508.72,885.915,,,,1,1,1,1,,,,876193,894366.5
1766500200,597.26,608.38,584.29,591.02,575.3570491319908,570.2507797546101,0,0,0,508.72,885.915,,,,1,1,1,1,,,,709503,878630.65
1766586600,587.04,591.82,581.71,591.15,578.5156393055927,572.1507088678273,0,0,0,508.72,885.915,,,,1,1,1,1,,,,218874,843844.65
1766759400,591.15,591.15,577.1254,583.84,579.5805114444742,573.2133716980248,0,0,0,508.72,885.915,,,,1,1,1,1,,,,328539,838005
1767018600,580,586.99,577.22,580.55,579.7744091555793,573.8803379072953,0,0,0,508.72,885.915,,,,1,1,1,1,,,,443500,845435.35
1767105000,579,580.8899,571.137,572.11,578.2415273244634,573.7193980975411,0,0,0,508.72,885.915,,,,1,1,1,1,,,,430982,828478.25
1767191400,572.94,574.19,567.82,567.93,576.1792218595707,573.1930891795828,0,0,0,508.72,885.915,,,,1,1,1,1,,,,469164,822722.95
1767364200,573.37,579.58,554.4001,563.45,573.6333774876566,572.3073537996207,0,0,0,508.72,885.915,,,,1,1,1,1,,,,517818,821006.05
1767623400,569.65,601.69,568.3611,591.16,577.1387019901252,574.0212307269279,0,0,0,508.72,885.915,,,,1,1,1,1,,,,778322,796954.55
1767709800,602.91,633.92,595.0001,626.65,587.0409615921002,578.8056642972072,0,0,0,508.72,885.915,,,,1,1,1,1,,,,1203537,837647.2
1767796200,619.79,626.34,608.1127,620.91,593.8147692736801,582.6333311792793,0,0,0,508.72,885.915,,,,1,1,1,1,,,,778519,849901.65
1767882600,630.6,640.72,609.14,612.98,597.6478154189441,585.3921192538902,0,0,0,508.72,885.915,,,,1,1,1,1,,,,591029,856475.2
1767969000,617.72,636.01,615,631.69,604.4562523351553,589.6010175035366,0,0,0,508.72,885.915,,,,1,1,1,1,,,,615600,817440.8
1768228200,631,633.27,617.58,631.73,609.9110018681242,593.4309250032151,0,0,0,508.72,885.915,,,,1,1,1,1,,,,479358,804276.1
1768314600,635,649.89,623.34,641.51,616.2308014944994,597.8017500029227,0,0,0,508.72,885.915,,,,1,1,1,1,,,,784302,796294.65
1768401000,636.36,649,617.59,629.22,618.8286411955995,600.6579545481115,0,0,0,508.72,885.915,,,,1,1,1,1,,,,752833,783085.05
1768487400,636.01,642.18,627.77,637.19,622.5009129564796,603.9790495891923,0,0,0,508.72,885.915,,,,1,1,1,1,,,,455651,760976.2
1768573800,641.09,649.3,633.085,636.04,625.2087303651837,606.8936814447203,0,0,0,508.72,885.915,,,,1,1,1,1,,,,678617,737856.35
1768919400,625.97,635.9999,617.88,620.52,624.270984292147,608.1324376770184,0,0,0,508.72,885.915,,,,1,1,1,1,,,,634775,721811.95
1769005800,619.25,624.69,595.54,610.25,621.4667874337176,608.324943342744,0,0,0,508.72,885.915,,,,1,1,1,1,,,,670275,620869.55
1769092200,613.01,617.99,598.28,607.29,618.6314299469741,608.2308575843127,0,0,0,508.72,885.915,,,,1,1,1,1,,,,509764,602548.1
1769178600,608.8,622.3899,605,613.14,617.5331439575792,608.6771432584661,0,0,0,508.72,885.915,,,,1,1,1,1,,,,423226,588234.25
1769437800,611,616.08,603.11,605.07,615.0405151660634,608.3492211440602,0,0,0,508.72,885.915,,,,1,1,1,1,,,,443124,599446.75
1769524200,604,614.21,596,610.22,614.0764121328507,608.5192919491456,0,0,0,508.72,885.915,,,,1,1,1,1,,,,333138,599676.7
1769610600,610.65,612.125,549.09,549.86,601.2331297062806,603.1866290446778,0,0,0,508.72,885.915,,,,1,1,1,1,,,,1337396,644371.5
1769697000,555.01,556.5,502.56,509.58,582.9025037650244,594.6769354951616,0,0,0,508.72,885.915,,,,1,1,1,1,,,,1539028,699773.8
1769783400,505.36,509.12,481.35,483.58,563.0380030120195,584.5772140865106,0,0,0,508.72,885.915,,,,1,1,1,1,,,,1287179,740674.55
1770042600,482,491.26,459.5,459.99,542.4284024096156,573.2511037150097,0,0,0,508.72,885.915,,,,1,1,1,1,,,,1149275,772247.4
1770129000,471.75,471.75,434.62,451.29,524.2007219276925,562.1637306500088,0,0,0,508.72,885.915,,,,1,1,1,1,,,,2253087,845985.65
1770215400,447.63,453.99,420.57,430.65,505.49057754215397,550.2079369545535,0,0,0,508.72,885.915,,,,1,1,1,1,,,,1725927,872105.15
1770301800,426.41,431.68,397.82,399.65,484.3224620337232,536.5208517768668,0,0,0,508.72,885.915,,,,1,1,1,1,,,,1529683,909663.35
1770388200,410,414.96,396.41,414.2,470.29796962697856,525.4007743426062,0,0,0,508.72,885.915,,,,1,1,1,1,,,,1479394,954081.6
1770647400,418.215,434.61,412.0001,433.77,462.99237570158283,517.0707039478237,0,0,0,508.72,885.915,,,,1,1,1,1,,,,1507831,998693.15
1770733800,438.57,458.14,436,446.97,459.78790056126627,510.69791267983976,0,0,0,508.72,885.915,,,,1,1,1,1,,,,1779292,1063689.85
1770820200,453.39,455.8275,432,434.45,454.720320449013,503.7662842543998,0,0,0,508.72,885.915,,,,1,1,1,1,,,,1105032,1079726.35
1770906600,438.21,443.19,428.05,435.81,450.9382563592104,497.58844023127256,0,0,0,508.72,885.915,,,,1,1,1,1,,,,868375,1085503.45
1770993000,440.13,446,420.61,429.67,446.6846050873683,491.4140365738841,0,0,0,396.41,649.89,885.915,,,1,1,1,1,,,,953840,1110412.9
1771338600,433.62,444.83,426.49,431.94,443.73568406989466,486.0073059762583,0,0,0,396.41,649.89,885.915,,,1,1,1,1,,,,710606,1112012.35
1771425000,433.99,443.53,427.01,430.12,441.0125472559157,480.92664179659846,0,0,0,396.41,649.89,885.915,,,1,1,1,1,,,,691272,1114837.2
1771511400,429.05,443,423.5,441.12,441.0340378047326,477.3078561787259,0,0,0,396.41,649.89,885.915,,,1,1,1,1,,,,593852,1111016.05
1771597800,435.17,449.89,429.01,433.91,439.60923024378604,473.36259652611443,0,0,0,396.41,649.89,885.915,,,1,1,1,1,,,,648198,1117937.75
1771857000,426.24,431.515,420.495,423.44,436.37538419502886,468.82417866010405,0,0,0,396.41,649.89,885.915,,,1,1,1,1,,,,810470,1137299.95
1771943400,420.77,444.96,410.54,442.51,437.60230735602306,466.4319806000946,0,0,0,396.41,649.89,885.915,,,1,1,1,1,,,,1458353,1188061.4
1772029800,498.43,551.97,498.3,520.18,454.11784588481845,471.3181641819042,1,0,0,396.41,649.89,885.915,,,2,1,1,1,1,,,4422029,1392505.95
1772116200,528.07,555.36,517.07,550.19,473.33227670785476,478.48833107445836,0,1,0,396.41,649.89,885.915,,,3,1,1,1,,1,,2090238,1430148.05
1772202600,540.5,545.02,523.83,542.4,487.1458213662838,484.2984827949621,0,0,0,396.41,649.89,885.915,,,3,1,1,1,,,,1676734,1437033.35
1772461800,548.16,577.32,543,572.02,504.12065709302703,492.2731661772383,0,0,0,396.41,649.89,885.915,,,3,1,1,1,,,,1316436,1438496.2
1772548200,569.14,588.375,552.21,579.09,519.1145256744217,500.16560561567115,0,0,0,396.41,649.89,885.915,,,3,1,1,1,,,,1185594,1440312.15
1772634600,573.17,580.33,563.6901,569.81,529.2536205395373,506.49691419606467,0,0,0,396.41,649.89,885.915,,,3,1,1,1,,,,784291,1366872.35
1772721000,566.93,580.21,557.361,570.49,537.5008964316298,512.3144674509679,0,0,0,396.41,649.89,885.915,,,3,1,1,1,,,,738801,1317516.05
1772807400,566,581,559.37,574.01,544.8027171453039,517.9231522281526,0,0,0,396.41,649.89,885.915,,,3,1,1,1,,,,653703,1273717.05
1773063000,565.51,577.53,546.17,559.06,547.6541737162431,521.662865661957,0,0,0,396.41,649.89,885.915,,,3,1,1,1,,,,792420,1239368.35
1773149400,556.29,559.34,528.34,529.97,544.1173389729945,522.4180596926882,0,0,0,396.41,649.89,885.915,,,3,1,1,1,,,,797610,1203857.3
1773235800,528.1,535,512.82,517.57,538.8078711783957,521.9773269933529,0,0,0,396.41,649.89,885.915,,,3,1,1,1,,,,564922,1143138.8
1773322200,514.99,516.24,490.0235,499.4,530.9262969427165,519.9248427212299,0,0,0,396.41,649.89,885.915,,,3,1,1,1,,,,1038585,1139816.45
1773408600,506.12,508.4,492.73,496.18,523.9770375541732,517.7662206556636,0,0,0,396.41,649.89,885.915,,,3,1,1,1,,,,551916,1123993.5
1773667800,497.645,500.94,484.43,489.64,517.1096300433386,515.2092915051487,0,0,0,396.41,649.89,885.915,,,3,1,1,1,,,,868423,1119722.65
1773754200,490,512.15,489.83,506.57,515.0017040346709,514.423901368317,0,0,0,396.41,649.89,885.915,,,3,1,1,1,,,,714933,1119939
1773840600,502.07,516.43,501.99,508.41,513.6833632277367,513.8771830621064,0,0,0,396.41,649.89,885.915,,,3,1,1,1,,,,520044,1111377.6
1773927000,505.79,505.96,491.01,502.18,511.38269058218935,512.8138027837331,0,0,0,396.41,649.89,885.915,,,3,1,1,1,,,,515865,1107478.25
1774013400,502.18,505.64,488.0501,496.27,508.36015246575147,511.3098207124846,0,0,0,396.41,649.89,885.915,,,3,1,1,1,,,,1003957,1125266.2
1774272600,503,513.9599,496.48,507.28,508.14412197260117,510.943473374986,0,0,0,396.41,649.89,885.915,,,3,1,1,1,,,,564414,1112963.4
1774359000,501.47,502.155,448.105,456.6,497.83529757808094,506.00315761362367,0,0,0,396.41,649.89,885.915,,,3,1,1,1,,,,1175042,1098797.85
1774445400,463.28,472.6776,453.2448,460.15,490.29823806246475,501.8346887396579,0,0,0,396.41,649.89,885.915,,,3,1,1,1,,,,949228,925157.8
1774531800,448.21,467.82,445,450.46,482.3305904499718,497.1642624905981,0,0,0,396.41,649.89,885.915,,,3,1,1,1,,,,767957,859043.75
1774618200,445.01,449.1,428.5,429.94,471.8524723599774,491.0529659005437,0,0,0,396.41,649.89,885.915,,,3,1,1,1,,,,864402,818427.15
1774877400,430.002,437.58,412.15,415.07,460.49597788798195,484.1454235459488,0,0,0,396.41,649.89,885.915,,,3,1,1,1,,,,1000872,802648.95
1774963800,419.15,434.2,413.56,424.69,453.33478231038555,478.7403850417716,0,0,0,396.41,649.89,885.915,,,3,1,1,1,,,,817842,784261.35
1775050200,432.52,439.5055,422.04,423.57,447.38182584830844,473.72489549251964,0,0,0,396.41,649.89,885.915,,,3,1,1,1,,,,679136,779003.6
1775136600,415.0202,422.61,403.03,412.81,440.4674606786468,468.1871777204724,0,0,0,396.41,649.89,885.915,,,3,1,1,1,,,,1071747,795650.9
1775482200,411.07,420.635,410,413.07,434.98796854291743,463.17652520042947,0,0,0,396.41,649.89,885.915,,,3,1,1,1,,,,616500,793790.75
1775568600,409.91,411.485,362.73,372.87,422.56437483433393,454.9668410912995,0,0,0,396.41,649.89,885.915,,,3,1,1,1,,,,2129510,860645.25
1775655000,400.95,412.8278,385.055,391.53,416.35749986746714,449.199855537545,0,0,0,396.41,649.89,885.915,,,3,1,1,1,,,,1625966,902063.05
1775741400,386.51,387.085,347.28,351.33,403.3519998939737,440.3025959432227,0,0,0,396.41,649.89,885.915,,,3,1,1,1,,,,2118293,979731.6
1775827800,356.275,360.46,339.01,345.94,391.869599915179,431.72417813020246,0,0,0,396.41,649.89,885.915,,,3,1,1,1,,,,1696743,1012639.5
1776087000,345.89,364.88,342.6,359.63,385.4216799321432,425.1701619365477,0,0,0,396.41,649.89,885.915,,,3,1,1,1,,,,1540239,1062055.65
1776173400,371.44,383.87,369.7201,380.86,384.5093439457146,421.1419653968615,0,0,0,396.41,649.89,885.915,,,3,1,1,1,,,,1533816,1095325.3
1776259800,390.58,404.15,383.339,402.18,388.0434751565717,419.4181503607832,0,0,0,396.41,649.89,885.915,,,3,1,1,1,,,,1164462,1117801.75
1776346200,413.01,414.2104,392.6908,393.08,389.05078012525735,417.0237730552575,0,0,0,396.41,649.89,885.915,,,3,1,1,1,,,,1090916,1146345.35
1776432600,405,410.39,400.0401,402.85,391.81062410020587,415.73524823205224,0,0,0,339.01,588.375,649.89,885.915,,1,1,1,1,,,,940416,1167572.9
1776691800,397.85,404.68,394.82,403.75,394.1984992801647,414.6456802109566,0,0,0,339.01,588.375,649.89,885.915,,1,1,1,1,,,,485171,1141633.6
1776778200,398.63,410.035,391.24,404.92,396.3427994241318,413.761527464506,0,0,0,339.01,588.375,649.89,885.915,,1,1,1,1,,,,816511,1154238.45
1776864600,409.875,414,394.01,403.15,397.70423953930543,412.7968431495509,0,0,0,339.01,588.375,649.89,885.915,,1,1,1,1,,,,897817,1140377.2
1776951000,397.1,399.41,376.28,392.64,396.69139163144433,410.9644028632281,0,0,0,339.01,588.375,649.89,885.915,,1,1,1,1,,,,1271500,1156490.8
1777037400,394.12,398.57,383.7075,397.12,396.77711330515547,409.7058207847528,0,0,0,339.01,588.375,649.89,885.915,,1,1,1,1,,,,824543,1159320.1
1777296600,395.52,408.23,395.205,402.59,397.93969064412437,409.0589279861389,0,0,0,339.01,588.375,649.89,885.915,,1,1,1,1,,,,764506,1154325.3
1777383000,402.59,411.998,398.42,406.31,399.6137525152995,408.8090254419444,0,0,0,339.01,588.375,649.89,885.915,,1,1,1,1,,,,770909,1142827.15
1777469400,404.5,406.31,380.33,400.54,399.7990020122396,408.0572958563131,0,0,0,339.01,588.375,649.89,885.915,,1,1,1,1,,,,1193388,1161604.45
1777555800,399.9,403.21,392,401.76,400.1912016097917,407.48481441483005,0,0,0,339.01,588.375,649.89,885.915,,1,1,1,1,,,,868552,1171075.25
1777642200,408.76,413.95,398.3831,402.31,400.61496128783335,407.0143767407546,0,0,0,339.01,588.375,649.89,885.915,,1,1,1,1,,,,605881,1147781.95
1777901400,403,413.66,393.71,393.75,399.24196903026666,405.8085243097769,0,0,0,339.01,588.375,649.89,885.915,,1,1,1,1,,,,855488,1159731.35
1777987800,396.14,396.84,370.45,380.6,395.51357522421335,403.5168402816154,0,0,0,339.01,588.375,649.89,885.915,,1,1,1,1,,,,1540782,1130294.95
1778074200,384.475,387.68,369.4273,385.86,393.5828601793707,401.9116729832867,0,0,0,339.01,588.375,649.89,885.915,,1,1,1,1,,,,2245879,1161290.6
1778160600,408.4,438.97,385.78,426.89,400.24428814349653,404.18242998480605,0,0,0,339.01,588.375,649.89,885.915,,1,1,1,1,,,,2560580,1183404.95
1778247000,431.49,432.76,392.56,403.54,400.9034305147972,404.12402725891457,0,0,0,339.01,588.375,649.89,885.915,,1,1,1,1,,,,1747360,1185935.8
1778506200,394.2,400.185,379.19,394.36,399.5947444118378,403.2363884171951,0,0,0,339.01,588.375,649.89,885.915,,1,1,1,1,,,,1403565,1179102.1
1778592600,398.24,409.21,389.01,393.66,398.4077955294702,402.3658076519955,0,0,0,339.01,588.375,649.89,885.915,,1,1,1,1,,,,1054790,1155150.8
1778679000,389.23,393.9899,367.01,376.82,394.0902364235762,400.0434615018141,0,0,0,339.01,588.375,649.89,885.915,,1,1,1,1,,,,1342090,1164032.2
1778765400,377.25,394.8899,366,388.19,392.91018913886097,398.96587409255824,0,0,0,339.01,588.375,649.89,885.915,,1,1,1,1,,,,893583,1154165.55
1778851800,385.66,403.52,385.55,391.88,392.70415131108876,398.3217037205075,0,0,0,339.01,588.375,649.89,885.915,,1,1,1,1,,,,1043028,1159296.15
1779111000,393.72,414.5,391.48,399.37,394.03732104887104,398.4170033822796,0,0,0,339.01,588.375,649.89,885.915,,1,1,1,1,,,,1073481,1188711.65
1779197400,398.44,402.03,382,392.34,393.6978568390968,397.8645485293451,0,0,0,339.01,588.375,649.89,885.915,,1,1,1,1,,,,789577,1187364.95
1779283800,389.44,402.515,383.1,398.44,394.64628547127745,397.9168622994046,0,0,0,339.01,588.375,649.89,885.915,,1,1,1,1,,,,963860,1190667.1
1779370200,393.19,395.13,380.43,389.84,393.685028377022,397.1826020903678,0,0,0,339.01,588.375,649.89,885.915,,1,1,1,1,,,,1100057,1182094.95
1779456600,392,400,384.05,386,392.1480227016176,396.1660019003344,0,0,0,339.01,588.375,649.89,885.915,,1,1,1,1,,,,1324664,1207101
1779802200,391.07,400.625,379,385.3,390.7784181612941,395.17818354575854,0,0,0,339.01,588.375,649.89,885.915,,1,1,1,1,,,,1307532,1234252.3
1779888600,384,392.5099,374,391.32,390.88673452903527,394.8274395870532,0,0,0,339.01,588.375,649.89,885.915,,1,1,1,1,,,,1052576,1248335.65
1779975000,393.59,448.35,393.45,439.32,400.5733876232282,398.87221780641204,1,0,0,339.01,588.375,649.89,885.915,,2,1,1,1,1,,,1726436,1274988.05
1780061400,437.5,450.74,421.57,448.72,410.20271009858254,403.40383436946547,0,0,0,339.01,588.375,649.89,885.915,,2,1,1,1,,,,1492304,1306175.65
1780320600,455.45,484.84,452.02,476.88,423.538168078866,410.08348579042314,0,0,0,339.01,588.375,649.89,885.915,,2,1,1,1,,,,1477249,1349744.05
1780407000,460.645,493.75,456.6127,490.12,436.8545344630928,417.3595325367483,0,1,0,339.01,588.375,649.89,885.915,,3,1,1,1,,1,,1282600,1371099.65
1780493400,481,485.36,465.26,481.48,445.77962757047425,423.18866594249846,0,0,0,339.01,588.375,649.89,885.915,,3,1,1,1,,,,1275463,1357833.7
1780579800,485,515.8,477.245,513.2,459.26370205637943,431.3715144931804,0,0,0,339.01,588.375,649.89,885.915,,3,1,1,1,,,,1287664,1309922.95
1780666200,506.76,514.99,481,486.12,464.63496164510354,436.34864953925495,0,0,0,339.01,588.375,649.89,885.915,,3,1,1,1,,,,1668412,1265314.55
1780925400,490.73,492.59,470.75,471.06,465.9199693160828,439.50422685386815,0,0,0,339.01,588.375,649.89,885.915,,3,1,1,1,,,,946479,1225270.5
1781011800,467.61,479.47,436.3601,452.51,463.23797545286624,440.68656986715285,0,0,0,339.01,588.375,649.89,885.915,,3,1,1,1,,,,966149,1203399.7
1781098200,448.66,462.989,437.9801,447.59,460.10838036229296,441.31415442468443,0,0,0,339.01,588.375,649.89,885.915,,3,1,1,1,,,,727557,1187038.05
1781184600,444.77,453.15,423.035,446.2,457.32670428983437,441.75832220425855,0,0,0,339.01,588.375,649.89,885.915,,3,1,1,1,,,,885498,1164208.45
1781271000,446.89,450,427,441.73,454.2073634318675,441.75574745841686,0,0,0,339.01,588.375,649.89,885.915,,3,1,1,1,,,,723531,1155705.85
1781530200,448.72,457.57,434.53,443.21,452.007890745494,441.8879522349244,0,0,0,339.01,588.375,649.89,885.915,,3,1,1,1,,,,959736,1151541.25
1781616600,441.64,448.1,427,435.39,448.6843125963952,441.29722930447673,0,0,0,339.01,588.375,649.89,885.915,,3,1,1,1,,,,748260,1135280.2
1781703000,431.8,442.81,422.11,423.01,443.54945007711615,439.63475391316064,0,0,0,339.01,588.375,649.89,885.915,,3,1,1,1,,,,940553,1142829
1781789400,424.885,428.045,402,423.4,439.5195600616929,438.1588671937824,0,0,0,339.01,588.375,649.89,885.915,,3,1,1,1,,,,1919180,1190595
1782135000,417.05,419.025,403.785,410.03,433.62164804935435,435.60169744889305,0,0,0,339.01,588.375,649.89,885.915,,3,1,1,1,,,,907127,1180948.5
1782221400,414.44,441.11,414.44,433.04,433.50531843948346,435.3688158626301,0,0,0,339.01,588.375,649.89,885.915,,3,1,1,1,,,,1120638,1170747.2
1782307800,432.27,468.04,429.84,456.73,438.1502547515868,437.3107416933001,0,0,0,339.01,588.375,649.89,885.915,,3,1,1,1,,,,1409257,1175833.45
1782394200,454.5,466.63,443,444.73,439.46620380126944,437.9852197211819,0,0,0,339.01,588.375,649.89,885.915,,3,1,1,1,,,,828902,1164649.75