time,open,high,low,close,EMA 9,EMA 21,EntryMark,TPMark,SLMark,B,A0,A1,A2,A3,ST0,ST1,ST2,ST3,ENTRY,TP,SL,Volume,VolAvg
1615386600,64.5,74.83,60.5,69.5,,,0,0,0,,,,,,0,0,0,0,,,,97069337,
1615473000,74.93,77.78,70.13,73.9,,,0,0,0,,,,,,0,0,0,0,,,,59629264,
1615559400,72.47,72.96,69.11,69.7,,,0,0,0,,,,,,0,0,0,0,,,,19714717,
1615815000,70.02,74.06,66.25,72.15,,,0,0,0,,,,,,0,0,0,0,,,,19607068,
1615901400,73.73,78,73.18,77,,,0,0,0,,,,,,0,0,0,0,,,,30274438,
1615987800,76.03,79.1,74.8901,76.79,,,0,0,0,,,,,,0,0,0,0,,,,10054148,
1616074200,76,77,66.8,67.3,,,0,0,0,,,,,,0,0,0,0,,,,9702962,
1616160600,69.47,72.7,68.08,70.5,,,0,0,0,,,,,,0,0,0,0,,,,6776471,
1616419800,71.81,72.49,69.54,70,71.87111111111112,,0,0,0,,,,,,0,0,0,0,,,,4294456,
1616506200,70.1,71.75,67.63,68,71.0968888888889,,0,0,0,,,,,,0,0,0,0,,,,4456034,
1616592600,69.97,70,64.01,64.5,69.77751111111112,,0,0,0,,,,,,0,0,0,0,,,,5459952,
1616679000,62.01,69.85,60.69,67.85,69.3920088888889,,0,0,0,,,,,,0,0,0,0,,,,6283000,
1616765400,67.89,71.2,64.77,70.97,69.70760711111112,,0,0,0,,,,,,0,0,0,0,,,,4531240,
1617024600,69,69.09,66.51,67.03,69.1720856888889,,0,0,0,,,,,,0,0,0,0,,,,4351600,
1617111000,66.98,66.99,64.475,65.17,68.37166855111111,,0,0,0,,,,,,0,0,0,0,,,,3394512,
1617197400,65.5,67.19,64.57,64.83,67.6633348408889,,0,0,0,,,,,,0,0,0,0,,,,4094917,
1617283800,66.8,69.67,65.9,67.34,67.59866787271112,,0,0,0,,,,,,0,0,0,0,,,,4063114,
1617629400,70.14,72.86,68.56,70.76,68.23093429816889,,0,0,0,,,,,,0,0,0,0,,,,8609492,
1617715800,71.24,72.39,70.76,71.32,68.84874743853511,,0,0,0,,,,,,0,0,0,0,,,,3915520,
1617802200,70.7,71.14,67.88,68.73,68.82499795082809,,0,0,0,,,,,,0,0,0,0,,,,4424785,15535351.35
1617888600,69.47,71.49,68.84,70.76,69.21199836066248,69.71904761904761,0,0,0,,,,,,0,0,0,0,,,,4243968,10894082.9
1617975000,70.5,74.99,70.205,71.83,69.73559868852998,69.91095238095238,0,0,0,,,,,,0,0,0,0,,,,9245505,8374894.95
1618234200,71.82,77,71.5101,75,70.78847895082399,70.37359307359307,0,0,0,,,,,,0,0,0,0,,,,8004144,7789366.3
1618320600,74.69,83.41,73.51,82.05,73.04078316065919,71.43508461235734,0,0,0,,,,,,0,0,0,0,,,,17893715,7703698.65
1618407000,79.11,80.57,74.0511,75.35,73.50262652852734,71.79098601123395,0,0,0,,,,,,0,0,0,0,,,,14785807,6929267.1
1618493400,75.5,80.75,74.56,79.66,74.73410122282188,72.5063509193036,0,0,0,,,,,,0,0,0,0,,,,8841136,6868616.5
1618579800,78,79.36,75.12,75.85,74.9572809782575,72.81031901754872,0,0,0,,,,,,0,0,0,0,,,,5156233,6641280.05
1618839000,75.87,78.2999,71.43,72,74.365824782606,72.73665365231702,0,0,0,,,,,,0,0,0,0,,,,6637738,6634343.4
1618925400,71.5,71.74,67.3,69.24,73.3406598260848,72.41877604756093,0,0,0,,,,,,0,0,0,0,,,,8393632,6839302.2
1619011800,68.81,71.99,67.6,71.76,73.02452786086785,72.35888731596448,0,0,0,,,,,,0,0,0,0,,,,4525000,6842750.5
1619098200,71.5,73.79,69.1,69.85,72.38962228869428,72.1308066508768,0,0,0,,,,,,0,0,0,0,,,,3372234,6738364.6
1619184600,70.04,72.38,69.59,71.78,72.26769783095543,72.09891513716073,0,0,0,,,,,,0,0,0,0,,,,2732795,6560854.35
1619443800,72,75.92,71.3101,74.9,72.79415826476435,72.35355921560067,0,0,0,,,,,,0,0,0,0,,,,4192712,6543927.95
1619530200,74.77,75.37,72.33,74.35,73.10532661181148,72.53505383236424,0,0,0,,,,,,0,0,0,0,,,,3200608,6486378.35
1619616600,74.77,76.93,73.64,75.64,73.61226128944918,72.81732166578567,0,0,0,,,,,,0,0,0,0,,,,3084329,6470869.2
1619703000,76.71,77.6,72.83,76.12,74.11380903155934,73.11756515071424,0,0,0,,,,,,0,0,0,0,,,,4374927,6484869.7
1619789400,74.81,76.99,73.91,74.55,74.20104722524748,73.24778650064931,0,0,0,,,,,,0,0,0,0,,,,2420156,6402721.8
1620048600,74.86,75.1,70.61,71.08,73.57683778019798,73.05071500059029,0,0,0,,,,,,0,0,0,0,,,,3212165,6132855.45
1620135000,71,71.69,67.6584,69.62,72.78547022415839,72.73883181871844,0,0,0,,,,,,0,0,0,0,,,,5379943,6206076.6
1620221400,70.6,70.88,66.46,66.59,71.54637617932671,72.17984710792585,0,0,0,,,,,,0,0,0,0,,,,4584774,6214076.05
1620307800,66.5,67,63.83,65.06,70.24910094346137,71.5325882799326,0,0,0,,,,,,0,0,0,0,,,,6004217,6302088.5
1620394200,67.01,68.48,66.2001,67.9,69.7792807547691,71.2023529817569,0,0,0,,,,,,0,0,0,0,,,,4808164,6080221.45
1620653400,68.84,69.29,64,64,68.62342460381528,70.54759361977901,0,0,0,,,,,,0,0,0,0,,,,8124100,6086219.25
1620739800,64.88,77.7873,64.7,77.65,70.42873968305223,71.19326692707183,0,0,0,,,,,,0,0,0,0,,,,30994970,6741282
1620826200,74.21,76,71.09,75.53,71.44899174644178,71.58751538824713,0,0,0,,,,,,0,0,0,0,,,,20823946,7043188.95
1620912600,75.15,75.15,67.51,69.68,71.09519339715342,71.41410489840648,0,0,0,,,,,,0,0,0,0,,,,17769540,7489609.15
1620999000,71.2,73.43,69.25,70.95,71.06615471772274,71.37191354400589,0,0,0,,,,,,0,0,0,0,,,,7676329,7615613.95
1621258200,70.95,76.97,70.91,76.93,72.23892377417819,71.87719413091445,0,0,0,,,,,,0,0,0,0,,,,16797616,8123607.85
1621344600,76.7,77.59,73.48,74.99,72.78913901934256,72.16017648264949,0,0,0,,,,,,0,0,0,0,,,,11688162,8288334.35
1621431000,70.33,76.27,70.33,75.22,73.27531121547405,72.43834225695409,0,0,0,,,,,,0,0,0,0,,,,10886322,8606400.45
1621517400,75.72,76.91,73.01,76.33,73.88624897237924,72.79212932450372,0,0,0,,,,,,0,0,0,0,,,,10951045,8985341
1621603800,77.48,84.6849,77.31,82.5,75.60899917790339,73.6746630222761,0,0,0,,,,,,0,0,0,0,,,,31672579,10432330.2
1621863000,82.6,89.64,82.5,89.23,78.33319934232271,75.08878456570555,0,0,0,,,,,,0,0,0,0,,,,23117657,11378577.45
1621949400,90,90.11,85.51,89.32,80.53055947385818,76.38253142336869,0,0,0,,,,,,0,0,0,0,,,,14314595,11934276.8
1622035800,89.95,95,88.75,89.71,82.36644757908654,77.59411947578971,0,0,0,,,,,,0,0,0,0,,,,17543517,12657236.2
1622122200,89.26,97.5,87.59,97.47,85.38715806326923,79.40101770526337,0,0,0,,,,,,0,0,0,0,,,,19850311,13431005.4
1622208600,96.85,98.95,92.53,93.77,87.06372645061538,80.7072888229667,0,0,0,,,,,,0,0,0,0,,,,13462640,13983129.6
1622554200,94.77,97.93,93.22,96.89,89.02898116049231,82.17844438451519,0,0,0,,,,,,0,0,0,0,,,,13632276,14504135.15
1622640600,96.88,103.29,95.39,99.86,91.19518492839384,83.78585853137744,0,0,0,,,,,,0,0,0,0,,,,16728850,15071580.5
1622727000,98.83,102.05,96.27,96.5,92.25614794271507,84.94168957397949,0,0,0,,,,,,0,0,0,0,,,,10907532,15387718.4
1622813400,100.68,103.8661,98.52,99.57,93.71891835417206,86.27153597634499,0,0,0,,,,,,0,0,0,0,,,,14672010,15821108.05
1623072600,99.34,100.9498,93.28,93.44,93.66313468333765,86.92321452395,0,0,0,,,,,,0,0,0,0,,,,15214599,16341429.8
1623159000,93.61,94.225,88.89,91.41,93.21250774667011,87.33110411268181,0,0,0,,,,,,0,0,0,0,,,,14403904,16655420
1623245400,91.79,95.99,90.65,91.04,92.7780061973361,87.66827646607437,0,0,0,,,,,,0,0,0,0,,,,12739256,15742634.3
1623331800,91.2,91.8219,86.83,91,92.42240495786888,87.97116042370398,0,0,0,,,,,,0,0,0,0,,,,12269169,15314895.45
1623418200,91.97,94.77,91.15,92.82,92.5019239662951,88.41196402154907,0,0,0,,,,,,0,0,0,0,,,,8673778,14860107.35
1623677400,93.26,93.26,87.57,87.8,91.56153917303608,88.35633092868098,0,0,0,,,,,,0,0,0,0,,,,11659473,15059264.55
1623763800,87.71,90.76,86.84,89.8,91.20923133842886,88.48757357152816,0,0,0,,,,,,0,0,0,0,,,,10831779,14760972.7
1623850200,82.88,86.42,79.88,82.59,89.48538507074309,87.95143051957105,0,0,0,,,,,,0,0,0,0,,,,43922822,16372705.7
1623936600,84.76,86.335,82,82.98,88.18430805659447,87.49948229051914,0,0,0,,,,,,0,0,0,0,,,,12307684,16443773.8
1624023000,82.97,83.4,80.08,81.14,86.77544644527558,86.92134753683558,0,0,0,,,,,,0,0,0,0,,,,11130600,16452751.55
1624282200,80.57,83.36,78.56,82.51,85.92235715622046,86.52031594257781,0,0,0,,,,,,0,0,0,0,,,,11289442,15433594.7
1624368600,83.07,83.86,80.5,82.44,85.22588572497637,86.1493781296162,0,0,0,,,,,,0,0,0,0,,,,10138599,14784641.8
1624455000,83.2,85.45,82,84.86,85.1527085799811,86.03216193601472,0,0,0,,,,,,0,0,0,0,,,,8015463,14469685.2
1624541400,83.5,87.7,83.36,87.34,85.59016686398488,86.15105630546792,0,0,0,,,,,,0,0,0,0,,,,8836199,14034319.3
1624627800,88,88.94,85.07,87,85.8721334911879,86.22823300497083,0,0,0,,,,,,0,0,0,0,,,,7594495,13421528.5
1624887000,86.99,94.39,86.99,93.04,87.30570679295032,86.84748454997349,0,0,0,,,,,,0,0,0,0,,,,14046525,13450722.75
1624973400,91.55,93.31,89.8,92.6,88.36456543436026,87.3704404999759,0,0,0,,,,,,0,0,0,0,,,,7806501,13159434
1625059800,92.56,92.9,89.91,89.98,88.68765234748821,87.60767318179627,0,0,0,,,,,,0,0,0,0,,,,4366868,12541334.9
1625146200,89.89,89.99,84.2069,85.82,88.11412187799057,87.44515743799661,0,0,0,,,,,,0,0,0,0,,,,10307779,12511347.25
1625232600,87.16,87.24,84.89,86.2,87.73129750239245,87.33196130726965,0,0,0,,,,,,0,0,0,0,,,,5812368,12068365.15
1625578200,87.32,88.75,85.32,86.98,87.58103800191397,87.29996482479059,0,0,0,,,,,,0,0,0,0,,,,6301423,11622706.35
1625664600,87.85,89.3483,85.65,86.4,87.34483040153117,87.21814984071872,0,0,0,,,,,,0,0,0,0,,,,6152961,11210159.2
1625751000,83.28,88.05,82.515,86.88,87.25186432122493,87.18740894610794,0,0,0,,,,,,0,0,0,0,,,,6729494,10909671.1
1625837400,87.29,87.3,85.12,86.26,87.05349145697994,87.10309904191631,0,0,0,,,,,,0,0,0,0,,,,3936738,10493049.55
1626096600,87.1,89.87,84.85,86.54,86.95079316558396,87.05190821992392,0,0,0,,,,,,0,0,0,0,,,,6761955,10397458.4
1626183000,86.34,86.45,83.15,84.02,86.36463453246716,86.77628019993084,0,0,0,,,,,,0,0,0,0,,,,9196177,10274293.6
1626269400,84.04,84.24,79.0701,79.17,84.92570762597373,86.08480018175531,0,0,0,,,,,,0,0,0,0,,,,10466654,10256037.35
1626355800,79.06,80.29,75.59,77.28,83.39656610077898,85.28436380159575,0,0,0,,,,,,0,0,0,0,,,,10502395,8585016
1626442200,78.46,79.11,76.99,77.56,82.22925288062319,84.58214891054159,0,0,0,,,,,,0,0,0,0,,,,4641499,8201706.75
1626701400,75.85,79.98,74.78,79.24,81.63140230449855,84.09649900958327,0,0,0,,,,,,0,0,0,0,,,,5407203,7915536.9
1626787800,80.78,80.98,77.45,79.86,81.27712184359883,83.71136273598479,0,0,0,,,,,,0,0,0,0,,,,4816113,7591870.45
1626874200,79.66,80.57,78.48,79.91,81.00369747487906,83.36578430544073,0,0,0,,,,,,0,0,0,0,,,,4077333,7288807.15
1626960600,80.67,82.1803,80.1095,82.03,81.20895797990325,83.24434936858248,0,0,0,,,,,,0,0,0,0,,,,4362506,7106159.3
1627047000,82.32,83.25,80.354,81.83,81.3331663839226,83.1157721532568,0,0,0,,,,,,0,0,0,0,,,,3151347,6821916.7
1627306200,80.1,81.25,77,77.63,80.59253310713808,82.61706559386981,0,0,0,,,,,,0,0,0,0,,,,6524137,6768398.8
1627392600,77.63,78.28,71.96,76.19,79.71202648571047,82.03278690351802,0,0,0,,,,,,0,0,0,0,,,,12323752,6682260.15
1627479000,77,79.2,76.15,79.13,79.59562118856837,81.76889718501637,0,0,0,,,,,,0,0,0,0,,,,4977567,6540813.45
1627565400,79.15,79.19,76.73,76.85,79.0464969508547,81.32172471365125,0,0,0,,,,,,0,0,0,0,,,,3941159,6519528
1627651800,76.32,77.55,75.83,76.98,78.63319756068377,80.92702246695568,0,0,0,,,,,,0,0,0,0,,,,3262409,6167259.5
1627911000,77,79,76.11,78.31,78.56855804854702,80.68911133359607,0,0,0,,,,,,0,0,0,0,,,,3971314,6075206.8
1627997400,77.11,77.5,73.46,77.49,78.35284643883762,80.39828303054189,0,0,0,,,,,,0,0,0,0,,,,9686315,6244451.4
1628083800,77.04,81.93,76.55,81.65,79.0122771510701,80.5120754823108,0,0,0,,,,,,0,0,0,0,,,,9308878,6402247.25
1628170200,79.74,81.04,78.6974,80.57,79.32382172085607,80.51734134755527,0,0,0,,,,,,0,0,0,0,,,,4354514,6283498.25
1628256600,79.92,82.4772,77.65,77.92,79.04305737668486,80.28121940686843,0,0,0,,,,,,0,0,0,0,,,,4681577,6320740.2
1628515800,79.09,86.74,78.47,85.51,80.33644590134789,80.75656309715312,0,0,0,,,,,,0,0,0,0,,,,16103445,6787814.7
1628602200,85.44,85.67,83.1,85.08,81.28515672107831,81.14960281559374,0,0,0,,,,,,0,0,0,0,,,,8272858,6741648.75
1628688600,85.78,87.515,82.89,84.69,81.96612537686265,81.47145710508522,0,0,0,,,,,,0,0,0,0,,,,6531469,6544889.5
1628775000,84.04,84.71,81.21,82.65,82.10290030149012,81.5785973682593,0,0,0,,,,,,0,0,0,0,,,,3995602,6219549.85
1628861400,83.018,84.1791,81.5,83.96,82.4743202411921,81.79508851659936,0,0,0,,,,,,0,0,0,0,,,,4218819,6198415.85
1629120600,83.7,84.19,79.14,79.57,81.89345619295368,81.59280774236306,0,0,0,,,,,,0,0,0,0,,,,13256293,6590870.35
1629207000,74.894,81.3,73.9,78.68,81.25076495436295,81.32800703851187,0,0,0,,,,,,0,0,0,0,,,,21772252,7438677.3
1629293400,79.22,84.4,79,83.46,81.69261196349036,81.52182458046533,0,0,0,,,,,,0,0,0,0,,,,13036262,7886623.75
1629379800,81.67,82.5,79.85,81.35,81.6240895707923,81.5062041640594,0,0,0,,,,,,0,0,0,0,,,,7561791,8046588
1629466200,81.13,84.56,81.13,82.77,81.85327165663384,81.62109469459945,0,0,0,,,,,,0,0,0,0,,,,5696759,8173858.6
1629725400,83.05,85.17,80.85,85.06,82.49461732530708,81.93372244963587,0,0,0,,,,,,0,0,0,0,,,,9943788,8344841.15
1629811800,85.24,89.95,85.09,89.26,83.84769386024566,82.59974768148714,0,0,0,,,,,,0,0,0,0,,,,12816914,8369499.25
1629898200,89.64,90.95,87.64,90.34,85.14615508819652,83.30340698317013,0,0,0,,,,,,0,0,0,0,,,,7444171,8492829.45
1629984600,88.65,90.38,85.75,85.81,85.27892407055722,83.53127907560922,0,0,0,,,,,,0,0,0,0,,,,5740928,8582817.9
1630071000,86.69,87.01,84.8,85.4,85.30313925644577,83.70116279600838,0,0,0,,,,,,0,0,0,0,,,,5235606,8681477.75
1630330200,84.6,84.8,80,81.87,84.61651140515661,83.5346934509167,0,0,0,,,,,,0,0,0,0,,,,9742783,8970051.2
1630416600,81.88,83.05,81.41,82.05,84.10320912412529,83.39972131901519,0,0,0,,,,,,0,0,0,0,,,,4759446,8723707.75
1630503000,81.05,85.33,80.91,84.45,84.17256729930023,83.49520119910471,0,0,0,,,,,,0,0,0,0,,,,4600470,8488287.35
1630589400,85.44,86.74,83.7,84.6,84.25805383944018,83.59563745373156,0,0,0,,,,,,0,0,0,0,,,,3733001,8457211.7
1630675800,83.2,84.04,81.58,82.87,83.98044307155214,83.52967041248323,0,0,0,,,,,,0,0,0,0,,,,5456037,8495934.7
1631021400,83.82,85.29,82.45,84.97,84.17835445724171,83.66060946589384,0,0,0,,,,,,0,0,0,0,,,,5915717,7986548.3
1631107800,84.12,84.85,81.91,83.51,84.04468356579336,83.64691769626712,0,0,0,,,,,,0,0,0,0,,,,4387134,7792262.1
1631194200,81.66,87.735,81.66,86.35,84.50574685263469,83.89265245115193,0,0,0,,,,,,0,0,0,0,,,,10906889,8011033.1
1631280600,86.75,90.43,84.67,87.88,85.18059748210774,84.2551385919563,0,0,0,,,,,,0,0,0,0,,,,17465966,8684551.3
1631539800,87.47,88.88,84.25,84.65,85.0744779856862,84.29103508359664,0,0,0,,,,,,0,0,0,0,,,,7188131,8833016.9
1631626200,83.16,85.13,81.69,82.33,84.52558238854895,84.11275916690603,0,0,0,,,,,,0,0,0,0,,,,7644005,8552402.5
1631712600,80.87,82.6,78.77,82.15,84.05046591083916,83.93432651536912,0,0,0,,,,,,0,0,0,0,,,,7501181,7838848.95
1631799000,82.13,83.35,81.04,81.42,83.52437272867134,83.7057513776083,0,0,0,,,,,,0,0,0,0,,,,5055022,7439786.95
1631885400,81.19,81.4295,79.05,80.81,82.98149818293707,83.44250125237117,0,0,0,,,,,,0,0,0,0,,,,5935953,7358495.05
1632144600,78.15,79.9399,76.77,77.77,81.93919854634966,82.92681932033743,0,0,0,,,,,,0,0,0,0,,,,5663091,7356811.65
1632231000,78.38,79.17,77.11,78.85,81.32135883707973,82.55619938212493,0,0,0,,,,,,0,0,0,0,,,,5328058,7126025.15
1632317400,79.29,81.5,78.91,81.18,81.29308706966378,82.4310903473863,0,0,0,,,,,,0,0,0,0,,,,7988968,6884627.85
1632403800,81.5,83.25,80.95,82.28,81.49046965573103,82.41735486126028,0,0,0,,,,,,0,0,0,0,,,,4262593,6725548.95
1632490200,82.1,84.4999,82,83.22,81.83637572458483,82.4903226011457,0,0,0,,,,,,0,0,0,0,,,,4962244,6686614.75
1632749400,83.18,83.3,78.66,79.99,81.46710057966786,82.2630205464961,0,0,0,,,,,,0,0,0,0,,,,8049765,6827322.7
1632835800,79.05,79.58,77,77.05,80.58368046373428,81.78910958772371,0,0,0,,,,,,0,0,0,0,,,,6492553,6664811.2
1632922200,77.32,79.0749,76.26,76.31,79.72894437098742,81.29100871611247,0,0,0,,,,,,0,0,0,0,,,,5488530,6701265.4
1633008600,76.66,76.7671,74.05,75.55,78.89315549678993,80.76909883282951,0,0,0,,,,,,0,0,0,0,,,,6932365,6817860.15
1633095000,75.99,75.99,73.48,75.59,78.23252439743194,80.29827166620865,0,0,0,,,,,,0,0,0,0,,,,3896045,6826012.35
1633354200,75.38,78.21,74.5,77.8,78.14601951794556,80.07115606018968,0,0,0,,,,,,0,0,0,0,,,,7651493,6935785.15
1633440600,76.15,76.3428,72.32,72.57,77.03081561435644,79.38923278199061,0,0,0,,,,,,0,0,0,0,,,,16184264,7449212.5
1633527000,72.06,74.4,71.1,73.7,76.36465249148516,78.87202980180965,0,0,0,,,,,,0,0,0,0,,,,6988883,7579299.95
1633613400,74.1,76.4,73.02,74.8,76.05172199318812,78.5018452743724,0,0,0,,,,,,0,0,0,0,,,,6987236,7383317.3
1633699800,75.1,75.2,70.1901,70.44,74.9293775945505,77.76895024942945,0,0,0,,,,,,0,0,0,0,,,,11768836,7098460.8
1633959000,70.63,71.85,69.77,70.22,73.9875020756404,77.08268204493586,0,0,0,,,,,,0,0,0,0,,,,5036665,6990887.5
1634045400,70.6,72,70.2,71.9,73.57000166051233,76.61152913175988,0,0,0,,,,,,0,0,0,0,,,,4368475,6827111
1634131800,72.34,75.0682,72.2,74.78,73.81200132840986,76.44502648341808,0,0,0,,,,,,0,0,0,0,,,,5112160,6707659.95
1634218200,75.52,75.84,74.23,74.35,73.91960106272789,76.25456953038007,0,0,0,,,,,,0,0,0,0,,,,4544828,6682150.25
1634304600,74.92,77.21,74.1,76.58,74.45168085018231,76.28415411852734,0,0,0,,,,,,0,0,0,0,,,,5094843,6640094.75
1634563800,77.46,78.37,76.23,77.8,75.12134468014585,76.42195828957031,0,0,0,,,,,,0,0,0,0,,,,3796064,6546743.4
1634650200,78.26,79.42,78.2,79.17,75.93107574411668,76.67178026324574,0,0,0,,,,,,0,0,0,0,,,,3666724,6463676.7
1634736600,79.4,80.17,78.4,78.58,76.46086059529334,76.84525478476885,0,0,0,,,,,,0,0,0,0,,,,3565231,6242489.85
1634823000,78.09,83.77,77.01,83.19,77.80668847623467,77.42204980433532,0,0,0,,,,,,0,0,0,0,,,,10928392,6575779.8
1634909400,81.85,84.7799,80.71,83.98,79.04135078098774,78.01822709485029,0,0,0,,,,,,0,0,0,0,,,,5746356,6614985.4
1635168600,81.52,85.13,81.28,83.21,79.87508062479019,78.4902064498639,0,0,0,,,,,,0,0,0,0,,,,5674211,6496207.7
1635255000,81.19,84.75,80.83,80.89,80.07806449983215,78.70836949987628,0,0,0,,,,,,0,0,0,0,,,,6833148,6513237.45
1635341400,81.33,82.95,80.4601,80.68,80.19845159986572,78.88760863625117,0,0,0,,,,,,0,0,0,0,,,,3668361,6422229
1635427800,80.92,83.5,79.11,82.75,80.70876127989257,79.2387351238647,0,0,0,,,,,,0,0,0,0,,,,6320993,6391660.4
1635514200,82.8894,86.15,82.07,84.02,81.37100902391406,79.67339556714973,0,0,0,,,,,,0,0,0,0,,,,8722291,6632972.7
1635773400,83.95,84.09,80.57,81.14,81.32480721913124,79.80672324286338,0,0,0,,,,,,0,0,0,0,,,,6274173,6564106.7
1635859800,81.2,81.94,79.39,79.59,80.977845775305,79.78702112987581,0,0,0,,,,,,0,0,0,0,,,,4551341,5982460.55
1635946200,79.86,80.5923,78.02,78.36,80.454276620244,79.65729193625074,0,0,0,,,,,,0,0,0,0,,,,4730930,5869562.9
1636032600,79.23,82.64,78.8502,82.53,80.8694212961952,79.91844721477341,0,0,0,,,,,,0,0,0,0,,,,6702186,5855310.4
1636119000,82.05,82.08,77.05,77.99,80.29353703695615,79.74313383161218,0,0,0,,,,,,0,0,0,0,,,,6717051,5602721.15
1636381800,79.02,79.02,76.83,77,79.63482962956492,79.49375802873836,0,0,0,,,,,,0,0,0,0,,,,16708390,6186307.4
1636468200,99.6,109.97,94.38,109.52,85.61186370365193,82.22341638976214,0,0,0,,,,,,0,0,0,0,,,,93507274,10643247.35
1636554600,103.98,104.46,93.02,95.26,87.54149096292154,83.40856035432921,0,0,0,,,,,,0,0,0,0,,,,43838078,12579543.25
1636641000,96.26,100.41,93.0301,98.12,89.65719277033723,84.7459639584811,0,0,0,,,,,,0,0,0,0,,,,27837122,13744157.95
1636727400,97.32,107.97,96.85,107.58,93.24175421626978,86.82178541680099,0,0,0,,,,,,0,0,0,0,,,,36418615,15310346.55
1636986600,108.44,110.35,103.82,108.06,96.20540337301583,88.75253219709181,0,0,0,,,,,,0,0,0,0,,,,24749547,16358020.7
1637073000,107.01,120.83,104.2,116.18,100.20032269841266,91.24593836099255,0,0,0,,,,,,0,0,0,0,,,,53305851,18839977.05
1637159400,117.1,125.88,116.55,124.7,105.10025815873013,94.28721669181141,0,0,0,,,,,,0,0,0,0,,,,44293253,20876378.15
1637245800,129.28,138.77,120.81,126.12,109.3042065269841,97.18110608346491,0,0,0,,,,,,0,0,0,0,,,,59193271,23289622.1
1637332200,129.87,138.2,128.54,134.72,114.38736522158729,100.59373280314992,0,0,0,,,,,,0,0,0,0,,,,38313168,24917962.7
1637591400,140.735,141.5999,117.32,120.22,115.55389217726983,102.37793891195447,0,0,0,,,,,,0,0,0,0,,,,57760180,27522261.15
1637677800,119.87,121.289,113.3301,114.87,115.41711374181587,103.51358082904952,0,0,0,,,,,,0,0,0,0,,,,25930899,28477148.7
1637764200,116.68,126,115.81,124.23,117.1796909934527,105.39689166277229,0,0,0,,,,,,0,0,0,0,,,,28221157,29704788.5
1637937000,129.5,131,120.24,122.65,118.27375279476216,106.96535605706572,0,0,0,,,,,,0,0,0,0,,,,11288374,29953157.55
1638196200,125.1365,129.9,121.05,129.36,120.49100223580973,109.00123277915066,0,0,0,,,,,,0,0,0,0,,,,17702960,30402191
1638282600,128.53,137.71,124.9745,126.1,121.61280178864779,110.55566616286423,0,0,0,,,,,,0,0,0,0,,,,37000914,31938528.05
1638369000,128.14,130.74,111,113.41,119.97224143091823,110.8151510571493,0,0,0,,,,,,0,0,0,0,,,,35067823,33464352.15
1638455400,114.28,119.91,113.22,116.92,119.36179314473459,111.37013732468118,0,0,0,,,,,,0,0,0,0,,,,18703650,34162988.15
1638541800,117.89,120.84,109.36,113.79,118.24743451578767,111.59012484061925,0,0,0,,,,,,0,0,0,0,,,,15529194,34604338.55
1638801000,108.52,114.27,104.21,113.25,117.24794761263014,111.74102258238113,0,0,0,,,,,,0,0,0,0,,,,15186939,35027832.95
1638887400,118.36,120.16,115.1,115.99,116.99635809010411,112.12729325671012,0,0,0,,,,,,0,0,0,0,,,,14766613,34930744.1
1638973800,116.04,125.5,113.85,124.78,118.5530864720833,113.27753932428193,0,0,0,,,,,,0,0,0,0,,,,18413298,31176045.3
1639060200,123.74,125.99,115.35,116.3,118.10246917766663,113.55230847661994,0,0,0,,,,,,0,0,0,0,,,,13753636,29671823.2
1639146600,117.54,121.7981,113.57,115.89,117.65997534213331,113.76482588783631,0,0,0,,,,,,0,0,0,0,,,,11778202,28868877.2
1639405800,115.68,115.8,107.37,111.77,116.48198027370664,113.58347807985119,0,0,0,,,,,,0,0,0,0,,,,13091413,27702517.1
1639492200,108.73,110.6999,105.35,107.67,114.71958421896531,113.04588916350109,0,0,0,,,,,,0,0,0,0,,,,10989120,27014495.75
1639578600,98.01,99.75,93.52,97.95,111.36566737517225,111.67353560318281,0,0,0,,,,,,0,0,0,0,,,,43177333,26508069.85
1639665000,101.85,102.32,93.2704,95.21,108.1345339001378,110.17685054834801,0,0,0,,,,,,0,0,0,0,,,,17835729,25185193.65
1639751400,95.99,103.5,93.8,102.4,106.98762712011023,109.46986413486184,0,0,0,,,,,,0,0,0,0,,,,20705613,23260810.75
1640010600,97.18,101.06,96.59,98.69,105.32810169608818,108.48987648623803,0,0,0,,,,,,0,0,0,0,,,,12550641,21972684.4
1640097000,99.93,103.38,97,102.59,104.78048135687055,107.95352407839822,0,0,0,,,,,,0,0,0,0,,,,10005077,19584929.25
1640183400,102.28,106.9799,101.54,102.77,104.37838508549645,107.48229461672565,0,0,0,,,,,,0,0,0,0,,,,12469741,18911871.35
1640269800,102.355,103.215,98.0815,101.82,103.86670806839716,106.96754056065969,0,0,0,,,,,,0,0,0,0,,,,9023851,17952006.05
1640615400,101.6,108.78,101.6,105.01,104.09536645471773,106.78958232787244,0,0,0,,,,,,0,0,0,0,,,,16094490,18192311.85
1640701800,104.79,106.69,97.92,98.74,103.02429316377419,106.05780211624767,0,0,0,,,,,,0,0,0,0,,,,16707128,18142520.25
1640788200,98.7,99.535,94.275,97.34,101.88743453101935,105.26527465113425,0,0,0,,,,,,0,0,0,0,,,,10005068,16792727.95
1640874600,96.4,101.35,95.66,100.53,101.61594762481548,104.83479513739478,0,0,0,,,,,,0,0,0,0,,,,10013271,15540000.35
1640961000,100.75,104.6799,100.65,103.16,101.92475809985238,104.68254103399525,0,0,0,,,,,,0,0,0,0,,,,16934913,15451563.5
1641220200,101.91,103.79,97.62,98.81,101.3018064798819,104.14867366726841,0,0,0,,,,,,0,0,0,0,,,,16997968,15525002.2
1641306600,99.02,99.25,91.77,95.15,100.07144518390552,103.33061242478946,0,0,0,,,,,,0,0,0,0,,,,23034638,15917387.15
1641393000,93.52,95.8342,88.06,88.54,97.76515614712442,101.98601129526315,0,0,0,,,,,,0,0,0,0,,,,15509968,15954554.9
1641479400,87.99,92.08,84.69,89.2,96.05212491769953,100.82364663205742,0,0,0,,,,,,0,0,0,0,,,,17213267,15894553.35
1641565800,86.38,88.69,82.58,84.37,93.71569993415963,99.32786057459765,0,0,0,,,,,,0,0,0,0,,,,25003554,16457049.25
1641825000,83.69,85.6,79.02,85.52,92.07655994732771,98.0726005223615,0,0,0,,,,,,0,0,0,0,,,,19182078,16827243.05
1641911400,84.83,90.09,84.2514,89.04,91.46924795786217,97.25145502032863,0,0,0,,,,,,0,0,0,0,,,,13972209,16871282.85
1641997800,90.31,90.31,86.7,89.06,90.98739836628974,96.50677729120785,0,0,0,,,,,,0,0,0,0,,,,14057919,17024722.8
1642084200,89.55,89.59,80.11,80.18,88.8259186930318,95.02252481018895,0,0,0,,,,,,0,0,0,0,,,,20964282,15914070.25
1642170600,79.35,81.74,77.42,79.05,86.87073495442543,93.57047710017177,0,0,0,,,,,,0,0,0,0,,,,18642211,15954394.35
1642516200,80.44,82.45,76.755,77.21,84.93858796354034,92.08316100015615,0,0,0,,,,,,0,0,0,0,,,,23993423,16118784.85
1642602600,78.235,80.109,75.17,76.16,83.18287037083228,90.63560090923286,0,0,0,,,,,,0,0,0,0,,,,16892608,16335883.2
1642689000,77.66,80.91,75.08,75.39,81.62429629666582,89.2496371902117,0,0,0,,,,,,0,0,0,0,,,,16838330,16677545.85
1642775400,74.19,74.92,68.33,68.93,79.08543703733265,87.402397445647,0,0,0,,,,,,0,0,0,0,,,,26043657,17356241.65
1643034600,65.41,71.32,60.58,70.74,77.41634962986612,85.88763404149726,0,0,0,,,,,,0,0,0,0,,,,33344257,18572261.95
1643121000,67.96,69.9515,64.66,65.29,74.9910797038929,84.0151218559066,0,0,0,,,,,,0,0,0,0,,,,20959504,18815512.65
1643207400,68.096,70.1295,61.19,63.02,72.59686376311431,82.10647441446055,0,0,0,,,,,,0,0,0,0,,,,25741935,19267253
1643293800,63.99,64.53,56.77,57.06,69.48949101049145,79.82952219496414,0,0,0,,,,,,0,0,0,0,,,,33439617,20438980.45
1643380200,57.36,59.9,53.63,58.18,67.22759280839315,77.86138381360377,0,0,0,,,,,,0,0,0,0,,,,30682156,21472424.7
1643639400,60.66,66.38,60.04,65.86,66.95407424671453,76.77034892145797,0,0,0,,,,,,0,0,0,0,,,,27942867,22022822.4
1643725800,66.31,69.25,63.3,67.75,67.11325939737162,75.95031720132542,0,0,0,,,,,,0,0,0,0,,,,33738242,22859836.1
1643812200,67.325,68.7594,64.18,66.17,66.9246075178973,75.06119745575037,0,0,0,,,,,,0,0,0,0,,,,17257870,22570997.7
1643898600,62.3,64.97,59.63,60.67,65.67368601431784,73.75290677795489,0,0,0,,,,,,0,0,0,0,,,,32647578,23427878.2
1643985000,61.67,64.3,59.91,63.74,65.28694881145427,72.84264252541354,0,0,0,53.63,141.5999,,,,1,1,1,1,,,,16078300,23371129.85
1644244200,63.95,66.95,62.5501,63.06,64.84155904916341,71.95331138673959,0,0,0,53.63,141.5999,,,,1,1,1,1,,,,17694059,23005655.1
1644330600,62.62,64.7,60.91,64.43,64.75924723933073,71.26937398794507,0,0,0,53.63,141.5999,,,,1,1,1,1,,,,13816220,22737362.2
1644417000,65.46,71.42,64.66,70.48,65.90339779146458,71.1976127163137,0,0,0,53.63,141.5999,,,,1,1,1,1,,,,27292460,23403374.75
1644503400,68.2499,73.3899,67.1,69.92,66.70671823317167,71.08146610573972,0,0,0,53.63,141.5999,,,,1,1,1,1,,,,28605720,24130764.8
1644589800,68.97,72.21,65.7508,66.81,66.72737458653734,70.69315100521793,0,0,0,53.63,141.5999,,,,1,1,1,1,,,,21780368,24171569.1
1644849000,68.21,71.82,66.8,68.32,67.04589966922987,70.47741000474358,0,0,0,53.63,141.5999,,,,1,1,1,1,,,,26296089,24554263
1644935400,69.06,73.71,66.34,73.3,68.29671973538389,70.73400909522144,0,0,0,53.63,141.5999,,,,1,1,1,1,,,,50879509,25898567.3
1645021800,56.08,59,53.08,53.87,65.41137578830711,69.20091735929222,0,0,0,53.63,141.5999,,,,1,1,1,1,,,,94625783,29785226.05
1645108200,55.14,56.9,53.555,54.49,63.22710063064569,67.8635612357202,0,0,0,53.63,141.5999,,,,1,1,1,1,,,,53402179,31613418.5
1645194600,54.4,54.41,48.13,49.72,60.52568050451655,66.21414657792745,0,0,0,53.63,141.5999,,,,1,1,1,1,,,,51159636,32869217.45
1645540200,48.23,49.07,45.72,48.21,58.06254440361324,64.57740597993404,0,0,0,53.63,141.5999,,,,1,1,1,1,,,,38780291,33141019.15
1645626600,47.6,48.85,45.635,45.68,55.58603552289059,62.85945998175822,0,0,0,53.63,141.5999,,,,1,1,1,1,,,,20266904,33106389.15
1645713000,43.1,50.5,43.1,50.1,54.48882841831247,61.699509074325654,0,0,0,53.63,141.5999,,,,1,1,1,1,,,,31971764,33417880.6
1645799400,49.57,50.2,47.25,50.05,53.60106273464998,60.640462794841504,0,0,0,53.63,141.5999,,,,1,1,1,1,,,,21783622,32835080.85
1646058600,50.69,52.7,48.22,51.57,53.194850187719986,59.81587526803773,0,0,0,53.63,141.5999,,,,1,1,1,1,,,,20385428,32320244.45
1646145000,51.84,52.43,49.821,50.22,52.59988015017599,58.94352297094339,0,0,0,53.63,141.5999,,,,1,1,1,1,,,,16097886,31727995.4
1646231400,49.9,50.07,46.43,48.45,51.769904120140794,57.98956633722126,0,0,0,53.63,141.5999,,,,1,1,1,1,,,,20016899,31041928.25
1646317800,48.52,48.52,45,45.24,50.46392329611263,56.83051485201933,0,0,0,43.1,73.71,141.5999,,,1,1,1,1,,,,18977351,31127902.3
1646404200,46.03,46.1,41.95,42.29,48.82913863689011,55.508649865472115,0,0,0,43.1,73.71,141.5999,,,1,1,1,1,,,,19406550,30465850.9
1646663400,43.17,44.06,41.15,41.3,47.32331090951209,54.216954423156466,0,0,0,43.1,73.71,141.5999,,,1,1,1,1,,,,17648156,30544343.7
1646749800,40.88,43.37,39.51,41.91,46.24064872760967,53.098140384687696,0,0,0,43.1,73.71,141.5999,,,1,1,1,1,,,,17363064,30527793.95
1646836200,42.765,45.7498,42.01,44.38,45.868518982087735,52.3055821678979,0,0,0,43.1,73.71,141.5999,,,1,1,1,1,,,,18344846,30754225.25
1646922600,43.69,43.69,39.74,41.47,44.98881518567019,51.32052924354355,0,0,0,43.1,73.71,141.5999,,,1,1,1,1,,,,23528813,30566042.9
1647009000,42.4,42.9848,39.2,39.24,43.839052148536155,50.222299312312316,0,0,0,43.1,73.71,141.5999,,,1,1,1,1,,,,15212711,29896392.45
1647264600,38.06,39.4191,36.33,36.68,42.40724171882892,48.991181193011194,0,0,0,43.1,73.71,141.5999,,,1,1,1,1,,,,23358320,29975290.05
1647351000,36.17,38.62,36.044,37.87,41.499793375063135,47.98016472091927,0,0,0,43.1,73.71,141.5999,,,1,1,1,1,,,,23447224,29832846.8
1647437400,38.57,41.79,38.46,41.51,41.50183470005051,47.39196792810843,0,0,0,43.1,73.71,141.5999,,,1,1,1,1,,,,21427058,28360224.25
1647523800,40.15,46.555,40.01,46.35,42.471467760040404,47.29724357100766,0,0,0,43.1,73.71,141.5999,,,1,1,1,1,,,,31971464,25227508.3
1647610200,45.89,50.24,45.61,49.62,43.90117420803232,47.508403246370605,0,0,0,43.1,73.71,141.5999,,,1,1,1,1,,,,33933311,24254064.9
1647869400,49.01,49.34,45.51,46.62,44.44493936642586,47.42763931488237,0,0,0,43.1,73.71,141.5999,,,1,1,1,1,,,,22342016,22813183.9
1647955800,46.44,51.61,46.21,50.51,45.657951493140686,47.70785392262034,0,0,0,36.044,73.71,141.5999,,,1,1,1,1,,,,25528310,22150584.85
1648042200,49.62,53,48.15,50.71,46.66836119451255,47.980776293291214,0,0,0,36.044,73.71,141.5999,,,1,1,1,1,,,,21607012,22217590.25
1648128600,50.25,50.81,47.23,50.79,47.49268895561004,48.236160266628374,0,0,0,36.044,73.71,141.5999,,,1,1,1,1,,,,17030662,21470535.15
1648215000,50.31,50.3638,46.15,47.07,47.40815116448803,48.13014569693489,0,0,0,36.044,73.71,141.5999,,,1,1,1,1,,,,21109918,21436849.95
1648474200,47.67,49.29,46.12,48.4,47.606520931590424,48.15467790630444,0,0,0,36.044,73.71,141.5999,,,1,1,1,1,,,,18599844,21347570.75
1648560600,49,51.53,48,50.92,48.26921674527234,48.40607082391313,0,0,0,36.044,73.71,141.5999,,,1,1,1,1,,,,20011181,21543235.5
1648647000,50.09,52.52,47.81,48.12,48.23937339621787,48.380064385375576,0,0,0,36.044,73.71,141.5999,,,1,1,1,1,,,,20246975,21554739.3
1648733400,48.47,48.55,46.11,46.24,47.8394987169743,48.18551307761416,0,0,0,36.044,73.71,141.5999,,,1,1,1,1,,,,13789479,21295345.7
1648819800,46.97,47.29,44.7,46.02,47.47559897357944,47.98864825237651,0,0,0,36.044,73.71,141.5999,,,1,1,1,1,,,,15782232,21114129.8
1649079000,46.81,50.72,46.411,50.02,47.98447917886355,48.17331659306955,0,0,0,36.044,73.71,141.5999,,,1,1,1,1,,,,17888678,21126155.9
1649165400,49.7,50.67,47.6,49.03,48.19358334309084,48.251196902790504,0,0,0,36.044,73.71,141.5999,,,1,1,1,1,,,,16789591,21097482.25
1649251800,48.02,48.02,44.63,45.89,47.732866674472675,48.03654263890046,0,0,0,36.044,73.71,141.5999,,,1,1,1,1,,,,18574240,21108951.95
1649338200,46.415,47.97,42.55,44.73,47.13229333957814,47.735947853545866,0,0,0,36.044,73.71,141.5999,,,1,1,1,1,,,,29139044,21389463.5
1649424600,43.82,45.44,42.77,43.1,46.32583467166251,47.31449804867806,0,0,0,36.044,73.71,141.5999,,,1,1,1,1,,,,18296496,21543652.75
1649683800,42.48,44.701,40.86,44.02,45.86466773733001,47.014998226070965,0,0,0,36.044,73.71,141.5999,,,1,1,1,1,,,,17180306,21234752.05
1649770200,44.61,46.79,42.8,43,45.29173418986401,46.64999838733724,0,0,0,36.044,73.71,141.5999,,,1,1,1,1,,,,18299041,20977342.9
1649856600,43.34,45.93,42.16,44.97,45.22738735189121,46.49727126121567,0,0,0,36.044,73.71,141.5999,,,1,1,1,1,,,,17132475,20762613.75
1649943000,44.53,44.82,42.34,42.36,44.653909881512966,46.12115569201425,0,0,0,36.044,73.71,141.5999,,,1,1,1,1,,,,13482289,19838155
1650288600,41.9,41.94,39.27,40.85,43.89312790521037,45.641959720012956,0,0,0,36.044,73.71,141.5999,,,1,1,1,1,,,,19366053,19109792.1
1650375000,39.28,42.87,38.65,42,43.5145023241683,45.31087247273905,0,0,0,36.044,73.71,141.5999,,,1,1,1,1,,,,20957474,19040565
1650461400,40.54,40.7596,36.05,36.75,42.16160185933464,44.532611338853684,0,0,0,36.044,73.71,141.5999,,,1,1,1,1,,,,37932116,19660755.3
1650547800,37.28,37.55,34.34,34.61,40.65128148746771,43.630555762594255,0,0,0,36.044,73.71,141.5999,,,1,1,1,1,,,,22536665,19707237.95
1650634200,35,35.83,33.54,34.35,39.39102518997417,42.78686887508569,0,0,0,36.044,73.71,141.5999,,,1,1,1,1,,,,18453307,19778370.2
1650893400,33.99,35.13,33.67,34.61,38.43482015197934,42.04351715916881,0,0,0,36.044,73.71,141.5999,,,1,1,1,1,,,,20815423,19763645.45
1650979800,34.25,34.35,31.62,31.76,37.09985612158347,41.108651962880735,0,0,0,36.044,73.71,141.5999,,,1,1,1,1,,,,24176745,20042490.5
1651066200,30.64,31.93,29.9,30.36,35.75188489726678,40.131501784437035,0,0,0,36.044,73.71,141.5999,,,1,1,1,1,,,,27858309,20434846.9
1651152600,30.83,32.67,29.52,32.11,35.02350791781342,39.402274349488216,0,0,0,36.044,73.71,141.5999,,,1,1,1,1,,,,24731976,20659096.95
1651239000,31.75,33.53,30.61,30.65,34.148806334250736,38.60661304498929,0,0,0,36.044,73.71,141.5999,,,1,1,1,1,,,,19191043,20929175.15
1651498200,30.28,32.745,30,32.68,33.85504506740059,38.06783004089935,0,0,0,36.044,73.71,141.5999,,,1,1,1,1,,,,17154990,20997813.05
1651584600,32.09,33.84,31.8,33.1,33.70403605392047,37.61620912809032,0,0,0,36.044,73.71,141.5999,,,1,1,1,1,,,,16264543,20916606.3
1651671000,32.79,35.06,30.77,34.88,33.93922884313638,37.36746284371847,0,0,0,36.044,73.71,141.5999,,,1,1,1,1,,,,20852356,21119744.55
1651757400,34.19,34.19,29.9315,30.44,33.2393830745091,36.737693494289516,0,0,0,29.52,53,73.71,141.5999,,1,1,1,1,,,,21665794,21274322.25
1651843800,30.91,30.9999,27.33,27.81,32.15350645960728,35.92608499480865,0,0,0,29.52,53,73.71,141.5999,,1,1,1,1,,,,30794878,21357113.95
1652103000,27.15,27.49,24.39,24.61,30.644805167685824,34.897349995280585,0,0,0,29.52,53,73.71,141.5999,,1,1,1,1,,,,28258413,21855209.8
1652189400,25.1,25.67,21.65,23.19,29.15384413414866,33.83304545025508,0,0,0,29.52,53,73.71,141.5999,,1,1,1,1,,,,53591438,23675766.4
1652275800,21.92,28.37,21.89,23.97,28.117075307318927,32.936404954777345,0,0,0,29.52,53,73.71,141.5999,,1,1,1,1,,,,105794314,28050530.05
1652362200,23.35,31.11,22.61,28.58,28.20966024585514,32.540368140706676,0,0,0,29.52,53,73.71,141.5999,,1,1,1,1,,,,95005386,31944175.6
1652448600,30.36,33.19,29.87,32.97,29.161728196684113,32.579425582460615,0,0,0,29.52,53,73.71,141.5999,,1,1,1,1,,,,57201830,34130152.65
1652707800,32.23,36.43,31.43,32.14,29.75738255734729,32.539477802236924,0,0,0,29.52,53,73.71,141.5999,,1,1,1,1,,,,68469918,36585345.9
1652794200,32.88,34.0794,29.89,31.94,30.193906045877835,32.484979820215386,0,0,0,21.65,53,73.71,141.5999,,1,1,1,1,,,,48152301,37945087.25
1652880600,31.65,34.66,30.93,32.55,30.66512483670227,32.490890745650354,0,0,0,21.65,53,73.71,141.5999,,1,1,1,1,,,,42974680,38197215.45
1652967000,33,35.69,31.57,34.35,31.402099869361816,32.65990067786396,0,0,0,21.65,53,73.71,141.5999,,1,1,1,1,,,,45346770,39337720.7
1653053400,34.5,35.21,29.5,31.6,31.441679895489454,32.56354607078542,0,0,0,21.65,53,73.71,141.5999,,1,1,1,1,,,,42991871,40564648.9
1653312600,31,32.09,29.67,30.06,31.165343916391564,32.33595097344129,0,0,0,21.65,53,73.71,141.5999,,1,1,1,1,,,,30376005,41042678
1653399000,29.08,29.08,26.31,27.07,30.346275133113252,31.8572281576739,0,0,0,21.65,53,73.71,141.5999,,1,1,1,1,,,,35394281,41603554.8
1653485400,27.46,29.37,27.42,28.93,30.0630201064906,31.591116506976274,0,0,0,21.65,53,73.71,141.5999,,1,1,1,1,,,,28427996,41632039.15
1653571800,28.27,30.825,27.89,30.59,30.16841608519248,31.500105915432975,0,0,0,21.65,53,73.71,141.5999,,1,1,1,1,,,,19608149,41375847.8
1653658200,31,31.99,29.89,31.81,30.496732868153984,31.52827810493907,0,0,0,21.65,53,73.71,141.5999,,1,1,1,1,,,,22641472,41548369.25
1654003800,32.56,33.37,29.45,29.94,30.385386294523187,31.383889186308245,0,0,0,21.65,53,73.71,141.5999,,1,1,1,1,,,,44581330,42919686.25
1654090200,29.84,31.13,28.19,28.94,30.09630903561855,31.161717442098404,0,0,0,21.65,53,73.71,141.5999,,1,1,1,1,,,,23093057,43261111.95
1654176600,29.03,33.899,28.96,33.48,30.77304722849484,31.372470401907638,0,0,0,21.65,53,73.71,141.5999,,1,1,1,1,,,,31369835,43786985.9
1654263000,32.39,32.39,29.86,30,30.618437782795873,31.24770036537058,0,0,0,21.65,53,73.71,141.5999,,1,1,1,1,,,,24899823,43948687.35
1654522200,30.95,31.77,29.77,31.16,30.7267502262367,31.239727604882347,0,0,0,21.65,53,73.71,141.5999,,1,1,1,1,,,,19262027,43372044.8
1654608600,30.96,32.02,30.09,31.44,30.86940018098936,31.25793418625668,0,0,0,21.65,53,73.71,141.5999,,1,1,1,1,,,,17808838,42849566.05
1654695000,31.93,34.25,31.68,32.83,31.261520144791486,31.400849260233347,0,0,0,21.65,53,73.71,141.5999,,1,1,1,1,,,,26455401,41492764.2
1654781400,32.46,32.74,30.47,30.5,31.10921611583319,31.318953872939407,0,0,0,21.65,53,73.71,141.5999,,1,1,1,1,,,,18206517,37113374.35
1654867800,29.11,29.92,27.67,27.76,30.43937289266655,30.995412611763097,0,0,0,21.65,53,73.71,141.5999,,1,1,1,1,,,,25149740,33620592.05
1655127000,26.11,26.72,25.15,26.46,29.64349831413324,30.58310237433009,0,0,0,21.65,53,73.71,141.5999,,1,1,1,1,,,,26198779,32070439.5
1655213400,26.97,26.97,25.18,26.12,28.93879865130659,30.177365794845535,0,0,0,21.65,53,73.71,141.5999,,1,1,1,1,,,,18507436,29572315.4
1655299800,25.81,29.29,25.3601,28.9,28.93103892104527,30.06124163167776,0,0,0,21.65,53,73.71,141.5999,,1,1,1,1,,,,39872539,29158327.3
1655386200,27.21,27.64,23.8801,24.69,28.082831136836216,29.572946937888872,0,0,0,21.65,53,73.71,141.5999,,1,1,1,1,,,,37915068,28905346.7
1655472600,24.74,27.27,24.565,26.87,27.840264909468974,29.327224488989884,0,0,0,21.65,53,73.71,141.5999,,1,1,1,1,,,,27819745,28028995.45
1655818200,27.57,29.98,27.4,29.64,28.20021192757518,29.35565862635444,0,0,0,21.65,53,73.71,141.5999,,1,1,1,1,,,,27383305,27248567.15
1655904600,28.82,31.94,28.76,31.12,28.784169542060145,29.516053296685854,0,0,0,21.65,53,73.71,141.5999,,1,1,1,1,,,,32867549,27373144.35
1655991000,31.38,34.68,30.5,34.48,29.923335633648115,29.96732117880532,1,0,0,21.65,53,73.71,141.5999,,2,1,1,1,1,,,39179466,27562403.6
1656077400,35.07,36.89,34.73,36.42,31.22266850691849,30.553928344368472,0,0,0,21.65,53,73.71,141.5999,,2,1,1,1,,,,68215850,29551796.3
1656336600,36,36.04,33.78,35.93,32.16413480553479,31.042662131244064,0,0,0,21.65,53,73.71,141.5999,,2,1,1,1,,,,29741399,30058458.8
1656423000,35.7,37.48,34.06,34.49,32.629307844427835,31.35605648294915,0,0,0,21.65,53,73.71,141.5999,,2,1,1,1,,,,23965040,30124637.2
1656509400,34.21,35.01,33.34,34.02,32.90744627554227,31.59823316631741,0,0,0,21.65,53,73.71,141.5999,,2,1,1,1,,,,20325671,28911854.25
1656595800,34,34.05,31.83,32.86,32.897957020433815,31.712939242106735,0,0,0,21.65,53,73.71,141.5999,,2,1,1,1,,,,29942306,29254316.7
1656682200,34.06,36,33.96,35.07,33.332365616347055,32.0181265837334,0,0,0,21.65,53,73.71,141.5999,,2,1,1,1,,,,32754569,29323553.4
1657027800,34.55,40.35,33.9,39.99,34.66389249307765,32.74284234884854,0,0,0,21.65,53,73.71,141.5999,,2,1,1,1,,,,59636942,31060409.35
1657114200,39.06,40,37.41,37.95,35.32111399446212,33.21622031713504,0,0,0,21.65,53,73.71,141.5999,,2,1,1,1,,,,33629367,31778776.35
1657200600,37.95,39.81,37.7789,39.52,36.1608911955697,33.78929119739549,0,0,0,21.65,53,73.71,141.5999,,2,1,1,1,,,,31467327,32461700.8
1657287000,38.97,44.5,38.53,41.25,37.178712956455755,34.46753745217772,0,1,0,21.65,53,73.71,141.5999,,3,1,1,1,,1,,64027685,34340315
1657546200,39.95,40.3499,37.48,38.41,37.424970365164604,34.82594313834338,0,0,0,21.65,53,73.71,141.5999,,3,1,1,1,,,,30366255,34948301.9
1657632600,39.03,40.4596,37.0403,38.22,37.58397629213168,35.13449376213035,0,0,0,21.65,53,73.71,141.5999,,3,1,1,1,,,,33116547,35346642.25
1657719000,36.96,37.74,35.78,37.08,37.48318103370534,35.311357965573045,0,0,0,21.65,53,73.71,141.5999,,3,1,1,1,,,,31184015,35595904.05
1657805400,37.8,38.83,36.695,37.49,37.484544826964274,35.50941633233913,0,0,0,21.65,53,73.71,141.5999,,3,1,1,1,,,,26820378,36011551.15
1657891800,38.41,40.2391,37.35,39.77,37.94163586157142,35.896742120308296,0,0,0,21.65,53,73.71,141.5999,,3,1,1,1,,,,28323429,35434095.65
1658151000,40.425,41.44,39.15,39.75,38.303308689257136,36.24703829118936,0,0,0,21.65,53,73.71,141.5999,,3,1,1,1,,,,27096272,34893155.85
1658237400,39.9,40.08,38.16,39.85,38.61264695140571,36.5745802647176,0,0,0,21.65,53,73.71,141.5999,,3,1,1,1,,,,20644031,34534370.15
1658323800,40.02,42.355,39.95,40.76,39.04211756112456,36.95507296792509,0,0,0,21.65,53,73.71,141.5999,,3,1,1,1,,,,28015723,34565991.05
1658410200,40.55,42.45,40.29,41.92,39.61769404889965,37.40642997084099,0,0,0,21.65,53,73.71,141.5999,,3,1,1,1,,,,21827203,34013973.75
1658496600,41.93,42.74,38.9101,39.4,39.57415523911972,37.58766360985545,0,0,0,21.65,53,73.71,141.5999,,3,1,1,1,,,,22493752,33179688.05
1658755800,38.85,40.19,37.74,39.84,39.62732419129578,37.79242146350495,0,0,0,21.65,53,73.71,141.5999,,3,1,1,1,,,,17454590,30641625.05
1658842200,39.44,39.54,37.86,39,39.50185935303662,37.90220133045904,0,0,0,21.65,53,73.71,141.5999,,3,1,1,1,,,,15668548,29937982.5
1658928600,40.1,42.72,39.39,41.95,39.9914874824293,38.27018302769004,0,0,0,21.65,53,73.71,141.5999,,3,1,1,1,,,,21235666,29801513.8
1659015000,41.68,42.99,40.16,42.98,40.58918998594344,38.69834820699094,0,0,0,21.65,53,73.71,141.5999,,3,1,1,1,,,,17714885,29670974.5
1659101400,42.98,43.8,41.67,42.93,41.05735198875475,39.08304382453722,0,0,0,21.65,53,73.71,141.5999,,3,1,1,1,,,,16524696,29000094
1659360600,42.37,45.83,41.68,45.24,41.893881591003804,39.642767113215655,0,0,0,21.65,53,73.71,141.5999,,3,1,1,1,,,,24181328,28571431.95
1659447000,44.51,47.2,44.25,45.29,42.57310527280304,40.15615192110514,0,0,0,21.65,53,73.71,141.5999,,3,1,1,1,,,,20201264,26599648.05
1659533400,45.9,47.51,45.7,47,43.45848421824243,40.778319928277405,0,0,0,21.65,53,73.71,141.5999,,3,1,1,1,,,,14989402,25667649.8
1659619800,46.86,48.235,46.52,47.96,44.358787374593945,41.43119993479764,0,0,0,21.65,53,73.71,141.5999,,3,1,1,1,,,,14672982,24827932.55
1659706200,46.98,49.91,46.41,49.24,45.335029899675156,42.14109084981604,0,0,0,21.65,53,73.71,141.5999,,3,1,1,1,,,,21143718,22683734.2
1659965400,48.13,50.9,48.02,48.9,46.048023919740125,42.755537136196395,0,0,0,21.65,53,73.71,141.5999,,3,1,1,1,,,,21346300,22232736.45
1660051800,47.98,49.7064,46.72,47.35,46.3084191357921,43.173215578360356,0,0,0,21.65,53,73.71,141.5999,,3,1,1,1,,,,33978840,22275851.1
1660138200,44.9,48.36,42.71,48.01,46.64873530863368,43.612923253054866,0,0,0,21.65,53,73.71,141.5999,,3,1,1,1,,,,64849657,23959133.2
1660224600,49,53.88,48.6,49.56,47.230988246906946,44.15356659368624,0,0,0,21.65,53,73.71,141.5999,,3,1,1,1,,,,51720002,25204114.4
1660311000,50,51.44,48.38,51.15,48.014790597525554,44.78960599426022,0,0,0,21.65,53,73.71,141.5999,,3,1,1,1,,,,24482419,25012063.9
1660570200,50.47,52.15,48.73,48.96,48.203832478020445,45.16873272205475,0,0,0,21.65,53,73.71,141.5999,,3,1,1,1,,,,17188128,24516656.7
1660656600,48.53,48.59,45.7,47.76,48.115065982416354,45.40430247459523,0,0,0,21.65,53,73.71,141.5999,,3,1,1,1,,,,26088511,24788880.7
1660743000,47.19,47.95,45.17,46.1,47.71205278593308,45.46754770417748,0,0,0,21.65,53,73.71,141.5999,,3,1,1,1,,,,20183902,24397289.65
1660829400,45.81,45.83,44.28,45.09,47.18764222874647,45.43322518561589,0,0,0,21.65,53,73.71,141.5999,,3,1,1,1,,,,15175368,24064697.9
1660915800,44.56,44.58,41.94,42.68,46.28611378299718,45.182931986923535,0,0,0,21.65,53,73.71,141.5999,,3,1,1,1,,,,15983733,23739196.95
1661175000,41.84,43.5,41.23,41.5,45.32889102639774,44.8481199881123,0,0,0,21.65,53,73.71,141.5999,,3,1,1,1,,,,14859625,23609448.7
1661261400,41.73,42.64,40.91,41.07,44.47711282111819,44.50465453464755,0,0,0,21.65,53,73.71,141.5999,,3,1,1,1,,,,14042277,23528135.15
1661347800,41.285,42.65,41.18,41.18,43.81769025689455,44.20241321331596,0,0,0,21.65,53,73.71,141.5999,,3,1,1,1,,,,11232955,23027999.6
1661434200,41.62,42.2554,40.14,41.47,43.34815220551564,43.954012012105416,0,0,0,21.65,53,73.71,141.5999,,3,1,1,1,,,,12204545,22752482.6
1661520600,42.65,42.98,39.43,39.56,42.590521764412514,43.55455637464129,0,0,0,21.65,53,73.71,141.5999,,3,1,1,1,,,,16646044,22758550
1661779800,38.64,39.98,37.79,39.22,41.91641741153001,43.160505795128444,0,0,0,21.65,53,73.71,141.5999,,3,1,1,1,,,,14127172,22255842.2
1661866200,40.19,40.68,38.22,39.03,41.33913392922401,42.78500526829858,0,0,0,21.65,53,73.71,141.5999,,3,1,1,1,,,,13348370,21913197.5
1661952600,39.95,40.79,38.71,39.11,40.89330714337921,42.450913880271436,0,0,0,21.65,53,73.71,141.5999,,3,1,1,1,,,,11533970,21740425.9
1662039000,38.58,38.78,36.56,38.51,40.41664571470337,42.092648982064944,0,0,0,21.65,53,73.71,141.5999,,3,1,1,1,,,,14721090,21742831.3
1662125400,39.01,39.37,37.52,37.94,39.921316571762695,41.71513543824086,0,0,0,21.65,53,73.71,141.5999,,3,1,1,1,,,,12155746,21293432.7
1662471000,37.57,38.14,35.65,37.91,39.51905325741016,41.36921403476442,0,0,0,21.65,53,73.71,141.5999,,3,1,1,1,,,,16687166,21060476
1662557400,37.73,39.945,37.52,39.94,39.60324260592812,41.23928548614947,0,0,0,21.65,53,73.71,141.5999,,3,1,1,1,,,,14116247,20067346.35
1662643800,39.23,41.88,39.06,41.86,40.0545940847425,41.2957140783177,0,0,0,21.65,53,73.71,141.5999,,3,1,1,1,,,,16315741,17640650.55
1662730200,42.79,45.77,42.66,45.53,41.149675267793995,41.680649162107,0,0,0,21.65,53,73.71,141.5999,,3,1,1,1,,,,23413854,16225343.15
1662989400,44.33,46.59,44.03,46.57,42.2337402142352,42.12513560191546,0,0,0,21.65,53,73.71,141.5999,,3,1,1,1,,,,18639562,15933200.3
1663075800,44,45.21,43.23,43.87,42.56099217138816,42.28375963810496,0,0,0,21.65,53,73.71,141.5999,,3,1,1,1,,,,16857596,15916673.7
1663162200,43.45,45.915,42.54,45.07,43.062793737110525,42.537054216459055,0,0,0,21.65,53,73.71,141.5999,,3,1,1,1,,,,18469706,15535733.45
1663248600,44.46,47.05,42.01,43.5,43.15023498968842,42.6245947422355,0,0,0,21.65,53,73.71,141.5999,,3,1,1,1,,,,32722085,16162642.6
1663335000,41.92,41.92,38.81,39.5,42.42018799175074,42.340540674759545,0,0,0,21.65,53,73.71,141.5999,,3,1,1,1,,,,50198189,17913783.65
1663594200,38.96,39.04,36.84,37.11,41.35815039340059,41.86503697705413,0,0,0,21.65,53,73.71,141.5999,,3,1,1,1,,,,17794497,18004321.85
1663680600,36.85,37.59,36.26,36.41,40.36852031472047,41.36912452459467,0,0,0,21.65,53,73.71,141.5999,,3,1,1,1,,,,15256032,18024142.2
1663767000,36.66,37.77,35.77,35.81,39.456816251776374,40.863749567813336,0,0,0,21.65,53,73.71,141.5999,,3,1,1,1,,,,15884743,18116265.5
1663853400,35.44,36.1395,34.9,35.26,38.6174530014211,40.354317788921215,0,0,0,21.65,53,73.71,141.5999,,3,1,1,1,,,,14895468,18299391.15
1663939800,34.55,35.58,33.565,35.54,38.00196240113688,39.91665253538292,0,0,0,21.65,53,73.71,141.5999,,3,1,1,1,,,,15492525,18463790.15
1664199000,36.28,37.95,35.4799,35.55,37.5115699209095,39.519684123075386,0,0,0,21.65,53,73.71,141.5999,,3,1,1,1,,,,25436727,18903324.3
1664285400,36.66,38.08,36.0301,36.59,37.3272559367276,39.2533492027958,0,0,0,21.65,53,73.71,141.5999,,3,1,1,1,,,,21989586,19296445
1664371800,36.93,38.59,36.555,38.04,37.469804749382085,39.14304472981436,0,0,0,21.65,53,73.71,141.5999,,3,1,1,1,,,,15877094,19422881.2
1664458200,37.26,37.41,35.31,35.38,37.05184379950567,38.800949754376695,0,0,0,21.65,53,73.71,141.5999,,3,1,1,1,,,,14156558,19554010.6
1664544600,34.98,36.81,34.8117,35.84,36.809475039604536,38.531772503978814,0,0,0,33.565,47.05,53.88,,,1,1,1,1,,,,12784202,19457166.2
1664803800,34.89,36.67,33.605,36.41,36.729580031683625,38.33888409452619,0,0,0,33.565,47.05,53.88,,,1,1,1,1,,,,21712960,19935026.9
1664890200,37.75,39.15,37.364,38.68,37.1196640253469,38.369894631387446,0,0,0,33.565,47.05,53.88,,,1,1,1,1,,,,18831978,20042267.5
1664976600,37.96,38.49,36.76,38,37.29573122027752,38.33626784671586,0,0,0,33.565,47.05,53.88,,,1,1,1,1,,,,14085158,20040713.05
1665063000,38.4,39.81,37.57,39.15,37.66658497622201,38.41024349701442,0,0,0,33.565,47.05,53.88,,,1,1,1,1,,,,15304509,19990151.45
1665149400,37.95,38.06,34.42,34.82,37.09726798097761,38.08385772455856,0,0,0,33.565,47.05,53.88,,,1,1,1,1,,,,20549588,19846938.15
1665408600,34.705,35.89,33.9101,35.4,36.75781438478209,37.839870658689605,0,0,0,33.565,47.05,53.88,,,1,1,1,1,,,,12815108,19555715.45
1665495000,33.7,35.6,33.2,34.56,36.31825150782567,37.54170059880873,0,0,0,33.565,47.05,53.88,,,1,1,1,1,,,,21176513,19771661.3
1665581400,34.45,37.6965,34.45,37.19,36.49260120626054,37.50972781709885,0,0,0,33.565,47.05,53.88,,,1,1,1,1,,,,24981208,20097236.4
1665667800,35.42,38.11,34.11,37.92,36.77808096500843,37.54702528827168,0,0,0,33.565,47.05,53.88,,,1,1,1,1,,,,28731617,19897713
1665754200,38.7,39.19,35.48,35.56,36.53446477200674,37.36638662570153,0,0,0,33.565,47.05,53.88,,,1,1,1,1,,,,14757202,18125663.65
1666013400,41.2,43.66,40.51,42.61,37.74957181760539,37.84307875063775,1,0,0,33.565,47.05,53.88,,,2,2,1,1,1,,,71230966,20797487.1
1666099800,43.03,44.3,42.31,43.38,38.87565745408431,38.3464352278525,0,0,0,33.2,47.05,53.88,,,1,1,1,1,,,,34742046,21771787.8
1666186200,42.09,43.1514,41.1004,41.44,39.38852596326745,38.62766838895682,0,0,0,33.2,47.05,53.88,,,1,1,1,1,,,,16168319,21785966.6
1666272600,41.24,43.32,41.24,42.57,40.02482077061396,38.986062171778926,0,0,0,33.2,47.05,53.88,,,1,1,1,1,,,,16379014,21860143.9
1666359000,41.51,43.39,40.91,42.81,40.581856616491166,39.33369288343539,0,0,0,33.2,47.05,53.88,,,1,1,1,1,,,,16932926,21932163.95
1666618200,41.8,42.3,40.41,41.85,40.83548529319293,39.562448075850355,0,0,0,33.2,47.05,53.88,,,1,1,1,1,,,,11460622,21233358.7
1666704600,43.54,45.85,43.21,45.71,41.810388234554345,40.12131643259123,0,0,0,33.2,47.05,53.88,,,1,1,1,1,,,,19444416,21106100.2
1666791000,45.82,47.6697,45.2701,45.5,42.54831058764348,40.610287665992026,0,0,0,33.2,47.05,53.88,,,1,1,1,1,,,,17144149,21169452.95
1666877400,45.55,46.9,44.726,46.5,43.338648470114784,41.14571605999275,0,0,0,33.2,47.05,53.88,,,1,1,1,1,,,,11431893,21033219.7
1666963800,46.17,46.73,45.2199,45.78,43.82691877609183,41.567014599993406,0,0,0,33.2,47.05,53.88,,,1,1,1,1,,,,9221346,20855076.9
1667223000,45.48,45.9,43.9717,44.74,44.009535020873464,41.855467818175825,0,0,0,33.2,47.05,53.88,,,1,1,1,1,,,,10325524,20285705.1
1667309400,45.51,46.94,44.245,44.31,44.06962801669877,42.07860710743257,0,0,0,33.2,47.05,53.88,,,1,1,1,1,,,,8403625,19764287.45
1667395800,44.08,45.55,42.71,42.87,43.829702413359016,42.150551915847785,0,0,0,33.2,47.05,53.88,,,1,1,1,1,,,,10590974,19589578.25
1667482200,42.1,45.83,42.07,43.3,43.72376193068721,42.255047196225256,0,0,0,33.2,47.05,53.88,,,1,1,1,1,,,,13460837,19497394.65
1667568600,45.065,45.59,39.545,40.58,43.09500954454977,42.1027701783866,0,0,0,33.2,47.05,53.88,,,1,1,1,1,,,,16634948,19301662.65
1667831400,39.96,40.54,37.85,39.82,42.440007635639816,41.89524561671509,0,0,0,33.2,47.05,53.88,,,1,1,1,1,,,,16341476,19477981.05
1667917800,39.64,40.95,38.7,39.14,41.780006108511856,41.64476874246826,0,0,0,33.2,47.05,53.88,,,1,1,1,1,,,,15155605,19176935.65
1668004200,35.31,36.75,30.682,30.92,39.60800488680948,40.66978976588023,0,0,0,33.2,47.05,53.88,,,1,1,1,1,,,,46247328,20240241.65
1668090600,33.33,33.8,31.28,33.73,38.432403909447586,40.03889978716385,0,0,0,33.2,47.05,53.88,,,1,1,1,1,,,,25224503,20064885.95
1668177000,34,36.9,33.06,36.74,38.09392312755807,39.73899980651259,0,0,0,33.2,47.05,53.88,,,1,1,1,1,,,,21854516,20419751.65
1668436200,36.15,36.93,34.84,35.6,37.59513850204646,39.36272709682962,0,0,0,33.2,47.05,53.88,,,1,1,1,1,,,,13073066,17511856.65
1668522600,37.34,38.68,36.37,36.73,37.42211080163717,39.12338826984511,0,0,0,33.2,47.05,53.88,,,1,1,1,1,,,,16314297,16590469.2
1668609000,36.07,36.2,34.31,34.41,36.81968864130973,38.69489842713192,0,0,0,30.682,47.6697,53.88,,,1,1,1,1,,,,13179259,16441016.2
1668695400,33.37,33.445,31.91,32.53,35.96175091304779,38.13445311557447,0,0,0,30.682,47.6697,53.88,,,1,1,1,1,,,,14114142,16327772.6
1668781800,33.08,33.13,31.08,31.72,35.11340073043823,37.55132101415861,0,0,0,30.682,47.6697,53.88,,,1,1,1,1,,,,11037065,16032979.55
1669041000,31.37,31.48,29.4601,30.77,34.24472058435058,36.93483728559874,0,0,0,30.682,47.6697,53.88,,,1,1,1,1,,,,16315471,16275722
1669127400,30.61,31.1231,29.72,30.84,33.563776467480466,36.380761168726124,0,0,0,30.682,47.6697,53.88,,,1,1,1,1,,,,11601471,15883574.75
1669213800,31.22,32.19,31.1621,32,33.25102117398437,35.98251015338739,0,0,0,30.682,47.6697,53.88,,,1,1,1,1,,,,11847939,15618764.25
1669386600,31.5001,31.93,31.2901,31.76,32.9528169391875,35.598645593988536,0,0,0,30.682,47.6697,53.88,,,1,1,1,1,,,,4046846,15249511.9
1669645800,31.31,31.72,30.81,30.88,32.538253551349996,35.16967781271685,0,0,0,30.682,47.6697,53.88,,,1,1,1,1,,,,12434623,15410175.75
1669732200,31.45,31.59,29.67,29.83,31.996602841079998,34.68425255701532,0,0,0,29.4601,47.6697,53.88,,,1,1,1,1,,,,11417456,15464772.35
1669818600,29.84,31.83,29.81,31.77,31.951282272864,34.41932050637757,0,0,0,29.4601,47.6697,53.88,,,1,1,1,1,,,,15477444,15818463.3
1669905000,32.13,33.5793,31.53,33.39,32.239025818291196,34.3257459148887,0,0,0,29.4601,47.6697,53.88,,,1,1,1,1,,,,15946081,16086218.65
1669991400,31.83,34.015,31.71,33.99,32.58922065463296,34.295223558989726,0,0,0,29.4601,47.6697,53.88,,,1,1,1,1,,,,15831103,16204731.95
1670250600,33.69,34.6945,31.13,31.24,32.31937652370637,34.01747596271793,0,0,0,29.4601,47.6697,53.88,,,1,1,1,1,,,,11567478,15951358.45
1670337000,31.365,31.59,30.29,30.65,31.985501218965094,33.711341784289026,0,0,0,29.4601,47.6697,53.88,,,1,1,1,1,,,,10188277,15643698.5
1670423400,30.465,31.04,30.1384,30.77,31.742400975172075,33.44394707662639,0,0,0,29.4601,47.6697,53.88,,,1,1,1,1,,,,8244912,15298163.85
1670509800,30.91,31.985,30.05,31.93,31.779920780137658,33.30631552420581,0,0,0,29.4601,47.6697,53.88,,,1,1,1,1,,,,8847316,13428163.25
1670596200,31.85,32.51,31.44,31.65,31.753936624110125,33.15574138564164,0,0,0,29.4601,47.6697,53.88,,,1,1,1,1,,,,7860222,12559949.2
1670855400,31.84,33.61,31.65,33.32,32.0671492992881,33.170673986946944,0,0,0,29.4601,47.6697,53.88,,,1,1,1,1,,,,13501403,12142293.55
1670941800,35,35.37,31.27,32.25,32.10371943943048,33.08697635176995,0,0,0,29.4601,47.6697,53.88,,,1,1,1,1,,,,16276780,12302479.25
1671028200,32.1,33.7499,31.78,33.13,32.308975551544385,33.090887592518136,0,0,0,29.4601,47.6697,53.88,,,1,1,1,1,,,,13499461,12161737.45
1671114600,29.35,29.8,26.855,27.91,31.42918044123551,32.61989781138013,0,0,0,29.4601,47.6697,53.88,,,1,1,1,1,,,,40121050,13508827
1671201000,27.6,27.888,26.6001,27.62,30.667344352988408,32.16536164670921,0,0,0,29.4601,47.6697,53.88,,,1,1,1,1,,,,21720619,13889150.85
1671460200,27.59,27.64,26.23,27.19,29.971875482390725,31.713056042462917,0,0,0,29.4601,47.6697,53.88,,,1,1,1,1,,,,13155620,13995078.6
1671546600,27.01,28.21,26.8,27.58,29.49350038591258,31.33732367496629,0,0,0,29.4601,47.6697,53.88,,,1,1,1,1,,,,11905702,13774590.15
1671633000,27.04,28.39,26.78,28.09,29.212800308730063,31.042112431787537,0,0,0,29.4601,47.6697,53.88,,,1,1,1,1,,,,12504950,13819764.1
1671719400,27.61,27.8883,25.7,26.43,28.65624024698405,30.622829483443216,0,0,0,29.4601,47.6697,53.88,,,1,1,1,1,,,,12842852,13869509.75
1671805800,26.31,26.78,25.3202,26.75,28.274992197587242,30.270754075857468,0,0,0,29.4601,47.6697,53.88,,,1,1,1,1,,,,10774518,14205893.35
1672151400,26.22,26.73,25.46,26.33,27.885993758069795,29.91250370532497,0,0,0,29.4601,47.6697,53.88,,,1,1,1,1,,,,11083976,14138361
1672237800,26.17,26.58,25.595,26.16,27.540795006455834,29.57136700484088,0,0,0,29.4601,47.6697,53.88,,,1,1,1,1,,,,9948867,14064931.55
1672324200,26.61,27.44,26.19,27.09,27.450636005164668,29.345788186218982,0,0,0,29.4601,47.6697,53.88,,,1,1,1,1,,,,11301244,13856121.55
1672410600,26.46,28.54,26.46,28.46,27.652508804131735,29.265261987471803,0,0,0,29.4601,47.6697,53.88,,,1,1,1,1,,,,15884706,13853052.8
1672756200,28.91,29.62,27.24,27.85,27.692007043305388,29.136601806792548,0,0,0,25.3202,47.6697,53.88,,,1,1,1,1,,,,13439424,13733468.85
1672842600,28.59,29.05,27.76,29.04,27.96160563464431,29.127819824356862,0,0,0,25.3202,47.6697,53.88,,,1,1,1,1,,,,11799114,13745050.65
1672929000,28.835,30.1,28.5,29.98,28.365284507715447,29.20529074941533,0,0,0,25.3202,47.6697,53.88,,,1,1,1,1,,,,13696498,13920461.7
1673015400,30.21,30.6762,28.775,28.88,28.46822760617236,29.175718863104844,0,0,0,25.3202,47.6697,53.88,,,1,1,1,1,,,,14444436,14230437.9
1673274600,29.41,31.33,29.41,30.77,28.928582084937887,29.320653511913495,0,0,0,25.3202,47.6697,53.88,,,1,1,1,1,,,,18246738,14700409
1673361000,30.41,32.03,30.39,32.01,29.544865667950308,29.565139556284993,0,0,0,25.3202,47.6697,53.88,,,1,1,1,1,,,,10156890,14815242.4
1673447400,33,33.5,32.24,32.9,30.215892534360247,29.868308687531812,0,0,0,25.3202,47.6697,53.88,,,1,1,1,1,,,,12662640,14773304.25
1673533800,32.9,33.245,32.07,33.18,30.808714027488197,30.16937153411983,0,0,0,25.3202,47.6697,53.88,,,1,1,1,1,,,,10674843,14493207.4
1673620200,32.77,33.43,32.59,33.21,31.288971221990558,30.4457923037453,0,0,0,25.3202,47.6697,53.88,,,1,1,1,1,,,,10184828,14327475.75
1673965800,38.07,38.3,36.0101,37.12,32.455176977592444,31.052538457950273,1,0,0,25.3202,47.6697,53.88,,,2,2,1,1,1,,,33311160,13986981.25
1674052200,37.19,37.35,35.41,35.76,33.11614158207396,31.48048950722752,0,0,0,25.3202,47.6697,53.88,,,2,2,1,1,,,,17099884,13755944.5
1674138600,33,34.12,32.74,33.41,33.174913265659164,31.65589955202502,0,0,0,25.3202,47.6697,53.88,,,2,2,1,1,,,,20781201,14137223.55
1674225000,33.68,35.62,33.2906,35.38,33.61593061252733,31.994454138204564,0,0,0,25.3202,47.6697,53.88,,,2,2,1,1,,,,14017116,14242794.25
1674484200,35.5,36.75,35.1,36.51,34.19474449002186,32.40495830745869,0,0,0,25.3202,47.6697,53.88,,,2,2,1,1,,,,9872473,14111170.4
1674570600,37.97,37.97,34.38,35.59,34.47379559201749,32.69450755223517,0,0,0,25.3202,47.6697,53.88,,,2,2,1,1,,,,5685816,13753318.6
1674657000,34.45,35.95,33.8844,35.7,34.71903647361399,32.96773413839561,0,0,0,25.3202,47.6697,53.88,,,2,2,1,1,,,,9114067,13670296.05
1674743400,37.31,37.78,35.195,35.97,34.96922917889119,33.24066739854147,0,0,0,25.3202,47.6697,53.88,,,2,2,1,1,,,,9882669,13610230.7
1674829800,35.79,38.135,35.79,37.75,35.52538334311295,33.65060672594679,0,0,0,25.3202,47.6697,53.88,,,2,2,1,1,,,,13095435,13767559.1
1675089000,36.745,37.1555,35.35,35.53,35.52630667449036,33.821460659951626,0,0,0,25.3202,47.6697,53.88,,,2,2,1,1,,,,8977736,13651383.7
1675175400,35.96,37.29,35.74,37.21,35.86304533959228,34.12950969086511,0,0,0,25.3202,47.6697,53.88,,,2,2,1,1,,,,9242881,13319292.45
1675261800,37.08,38.65,36.71,38.24,36.33843627167383,34.503190628059194,0,0,0,25.3202,47.6697,53.88,,,2,2,1,1,,,,11213141,13207978.3
1675348200,39.67,41.575,39.37,40.48,37.166749017339065,35.04653693459927,0,1,0,25.3202,47.6697,53.88,,,3,2,1,1,,1,,17277893,13481917.25
1675434600,38.32,40.295,37.91,38.54,37.44139921387125,35.364124485999334,0,0,0,25.3202,47.6697,53.88,,,3,2,1,1,,,,14357266,13514955.65
1675693800,37.7,39.35,37.66,38.99,37.751119371097,35.69374953272667,0,0,0,25.3202,47.6697,53.88,,,3,2,1,1,,,,7781452,13181806.45
1675780200,38.86,38.9991,37.4161,38.67,37.9348954968776,35.96431775702425,0,0,0,25.3202,47.6697,53.88,,,3,2,1,1,,,,8935340,12716236.55
1675866600,38.46,39.63,37.47,37.51,37.84991639750208,36.1048343245675,0,0,0,25.3202,47.6697,53.88,,,3,2,1,1,,,,8696152,12643199.65
1675953000,38.33,38.97,36.38,36.4,37.55993311800166,36.13166756778863,0,0,0,25.3202,47.6697,53.88,,,3,2,1,1,,,,10531683,12536651.8
1676039400,35.1,35.905,34.57,34.82,37.01194649440133,36.01242506162603,0,0,0,25.3202,47.6697,53.88,,,3,2,1,1,,,,10077634,12506791.35
1676298600,34.61,35.23,34.22,34.43,36.495557195521066,35.86856823784185,0,0,0,25.3202,47.6697,53.88,,,3,2,1,1,,,,8016583,12398379.1
1676385000,34.305,35.77,33.68,35.67,36.33044575641685,35.850516579856226,0,0,0,25.3202,47.6697,53.88,,,3,2,1,1,,,,11224488,11294045.5
1676471400,42.07,45.34,41.9,45.08,38.08035660513348,36.68956052714202,0,1,0,25.3202,47.6697,53.88,,,3,3,1,1,,1,,50472181,12962660.35
1676557800,44.29,46.05,43.38,43.58,39.18028528410679,37.315964115583654,0,0,0,25.3202,47.6697,53.88,,,3,3,1,1,,,,22342485,13040724.55
1676644200,42.71,42.71,40.605,40.88,39.52022822728543,37.63996737780332,0,0,0,25.3202,47.6697,53.88,,,3,3,1,1,,,,22918144,13485775.95
1676989800,39.31,40.03,37.435,37.56,39.12818258182834,37.63269761618484,0,0,0,25.3202,47.6697,53.88,,,3,3,1,1,,,,16504324,13817368.5
1677076200,37.82,38.15,36.73,37.55,38.81254606546267,37.625179651077126,0,0,0,25.3202,47.6697,53.88,,,3,3,1,1,,,,12573355,14161745.45
1677162600,37.84,37.95,35.815,37.38,38.52603685237013,37.6028905918883,0,0,0,25.3202,47.6697,53.88,,,3,3,1,1,,,,11424294,14277256.8
1677249000,36.55,37.07,35.86,36.96,38.21282948189611,37.544445992625725,0,0,0,25.3202,47.6697,53.88,,,3,3,1,1,,,,10343358,14300291.25
1677508200,37.19,37.595,36.39,36.65,37.90026358551689,37.463132720568844,0,0,0,25.3202,47.6697,53.88,,,3,3,1,1,,,,9384812,14114760.1
1677594600,36.48,37.43,36.34,36.64,37.648210868413514,37.3883024732444,0,0,0,25.3202,47.6697,53.88,,,3,3,1,1,,,,10020257,14166886.15
1677681000,37.27,37.7,36.51,37.48,37.61456869473081,37.39663861204036,0,0,0,25.3202,47.6697,53.88,,,3,3,1,1,,,,9360294,14172756.8
1677767400,37.015,39.28,36.77,39.23,37.93765495578465,37.5633078291276,0,0,0,25.3202,47.6697,53.88,,,3,3,1,1,,,,13841005,14304150
1677853800,39.56,41.94,39.56,41.37,38.62412396462772,37.90937075375236,0,0,0,25.3202,47.6697,53.88,,,3,3,1,1,,,,16508523,14265681.5
1678113000,41.62,42.1201,40.545,40.57,39.01329917170218,38.15124613977488,0,0,0,25.3202,47.6697,53.88,,,3,3,1,1,,,,8580144,13976825.4
1678199400,40.555,42.19,40.33,41.57,39.52463933736174,38.46204194524989,0,0,0,25.3202,47.6697,53.88,,,3,3,1,1,,,,12693516,14222428.6
1678285800,41.21,42,40.69,41.35,39.88971146988939,38.7245835865908,0,0,0,25.3202,47.6697,53.88,,,3,3,1,1,,,,7274025,14139362.85
1678372200,41.455,42.65,39.755,39.94,39.899769175911516,38.83507598780982,0,0,0,25.3202,47.6697,53.88,,,3,3,1,1,,,,8050255,14107068
1678458600,41.58,41.58,39.15,40.05,39.92981534072921,38.94552362528166,0,0,0,25.3202,47.6697,53.88,,,3,3,1,1,,,,13852652,14273116.45
1678714200,38.94,42.05,38.81,41.41,40.22585227258337,39.16956693207423,0,0,0,25.3202,47.6697,53.88,,,3,3,1,1,,,,15779921,14558230.8
1678800600,42.3,43.73,42.14,43.19,40.81868181806669,39.53506084734021,0,0,0,25.3202,47.6697,53.88,,,3,3,1,1,,,,15495265,14932164.9
1678887000,42.715,43.1,40.81,42.72,41.19894545445335,39.82460077030928,0,0,0,25.3202,47.6697,53.88,,,3,3,1,1,,,,16993092,15220595.1
1678973400,43.055,45.38,42.4,45.33,42.02515636356268,40.32509160937207,0,0,0,25.3202,47.6697,53.88,,,3,3,1,1,,,,13419903,13367981.2
1679059800,45.35,45.47,43.53,43.69,42.358125090850145,40.63099237215643,0,0,0,25.3202,47.6697,53.88,,,3,3,1,1,,,,13615267,12931620.3
1679319000,43.37,43.925,42.26,43.36,42.55850007268012,40.87908397468766,0,0,0,25.3202,47.6697,53.88,,,3,3,1,1,,,,8261255,12198775.85
1679405400,43.58,45.49,43.58,44.74,42.994800058144094,41.230076340625146,0,0,0,25.3202,47.6697,53.88,,,3,3,1,1,,,,8229468,11785033.05
1679491800,44.81,44.95,42.805,42.85,42.965840046515275,41.37734212784104,0,0,0,25.3202,47.6697,53.88,,,3,3,1,1,,,,7304271,11521578.85
1679578200,43.62,44,41.105,42.07,42.78667203721222,41.44031102531004,0,0,0,25.3202,47.6697,53.88,,,3,3,1,1,,,,11859887,11543358.5
1679664600,44.28,44.84,42.8889,43.43,42.91533762976977,41.62119184119094,0,0,0,25.3202,47.6697,53.88,,,3,3,1,1,,,,14549598,11753670.5
1679923800,43.7,44.435,42.235,42.27,42.786270103815816,41.680174401082674,0,0,0,25.3202,47.6697,53.88,,,3,3,1,1,,,,6444918,11606675.8
1680010200,42,42.5799,41.46,41.85,42.59901608305265,41.69561309189334,0,0,0,25.3202,47.6697,53.88,,,3,3,1,1,,,,6145923,11412959.1
1680096600,42.51,43.35,41.99,43.01,42.681212866442124,41.81510281081213,0,0,0,25.3202,47.6697,53.88,,,3,3,1,1,,,,7406040,11315246.4
1680183000,43.64,44.09,42.695,43.11,42.7669702931537,41.932820737101935,0,0,0,25.3202,47.6697,53.88,,,3,3,1,1,,,,7363071,10991349.7
1680269400,43.17,45.105,42.78,44.98,43.209576234522956,42.20983703372903,0,0,0,25.3202,47.6697,53.88,,,3,3,1,1,,,,7965897,10564218.4
1680528600,44.45,46.5,44.2738,46.42,43.85166098761837,42.592579121571845,0,0,0,25.3202,47.6697,53.88,,,3,3,1,1,,,,11268457,10698634.05
1680615000,46.73,47.65,45.66,46.29,44.33932879009469,42.928708292338044,0,0,0,25.3202,47.6697,53.88,,,3,3,1,1,,,,14233754,10775645.95
1680701400,45.52,46.057,44.33,45.39,44.54946303207575,43.152462083943675,0,0,0,25.3202,47.6697,53.88,,,3,3,1,1,,,,8102534,10817071.4
1680787800,44.86,46.41,44.42,46.2,44.8795704256606,43.42951098540334,0,0,0,25.3202,47.6697,53.88,,,3,3,1,1,,,,7228581,10775987.7
1681133400,45.33,46.48,44.44,46.43,45.18965634052848,43.70228271400303,0,0,0,25.3202,47.6697,53.88,,,3,3,1,1,,,,9889644,10577837.3
1681219800,46.66,46.99,45.57,46.06,45.36372507242278,43.916620649093666,0,0,0,25.3202,47.6697,53.88,,,3,3,1,1,,,,6452253,10111453.9
1681306200,47.05,47.65,45.0699,45.2,45.33098005793823,44.03329149917606,0,0,0,25.3202,47.6697,53.88,,,3,3,1,1,,,,8812542,9777317.75
1681392600,45.765,46.9,45.57,45.7,45.404784046350585,44.184810453796416,0,0,0,25.3202,47.6697,53.88,,,3,3,1,1,,,,7538419,9304584.1
1681479000,45.4,46.12,44.94,45.7,45.463827237080466,44.32255495799674,0,0,0,25.3202,47.6697,53.88,,,3,3,1,1,,,,5824683,8924823.1
1681738200,40.04,41,39.1,40.21,44.413061789664376,43.94868632545158,0,0,0,25.3202,47.6697,53.88,,,3,3,1,1,,,,33375299,9912824.7
1681824600,40.51,41.09,39.89,40.81,43.692449431731504,43.66335120495599,0,0,0,25.3202,47.6697,53.88,,,3,3,1,1,,,,11294597,10064491.8
1681911000,40.4,41.58,40.02,41.09,43.17195954538521,43.42941018632362,0,0,0,25.3202,47.6697,53.88,,,3,3,1,1,,,,8712275,10088632.15
1681997400,40.5,41.99,40.48,41.31,42.79956763630817,43.23673653302148,0,0,0,25.3202,47.6697,53.88,,,3,3,1,1,,,,9667609,10206799.05
1682083800,41.2,41.81,40.62,40.7,42.379654109046534,43.00612412092862,0,0,0,25.3202,47.6697,53.88,,,3,3,1,1,,,,7482025,9987905.95
1682343000,40.39,40.79,38.51,39.06,41.715723287237225,42.647385564480565,0,0,0,25.3202,47.6697,53.88,,,3,3,1,1,,,,11190845,9819968.3
1682429400,38.61,38.97,37.438,37.57,40.88657862978978,42.1858050586187,0,0,0,25.3202,47.6697,53.88,,,3,3,1,1,,,,8867590,9941101.9
1682515800,38,38.03,35.49,35.76,39.86126290383182,41.601640962380635,0,0,0,25.3202,47.6697,53.88,,,3,3,1,1,,,,10959514,10181781.45
1682602200,36.28,36.36,35.158,35.54,38.99701032306546,41.0505826930733,0,0,0,25.3202,47.6697,53.88,,,3,3,1,1,,,,8534764,10238217.65
1682688600,35.05,35.74,34.52,35.6,38.31760825845237,40.55507517552118,0,0,0,25.3202,47.6697,53.88,,,3,3,1,1,,,,6750192,10207573.7
1682947800,35.51,36.51,35.33,36,37.854086606761896,40.14097743229198,0,0,0,25.3202,47.6697,53.88,,,3,3,1,1,,,,6996560,10159106.85
1683034200,35.79,35.79,34.38,34.45,37.17326928540952,39.62361584753817,0,0,0,25.3202,47.6697,53.88,,,3,3,1,1,,,,7173397,9954353.85
1683120600,34.55,35.31,34.1,34.23,36.584615428327616,39.13328713412561,0,0,0,25.3202,47.6697,53.88,,,3,3,1,1,,,,6598748,9572603.55
1683207000,34.275,34.605,33.7029,34.48,36.163692342662095,38.71026103102328,0,0,0,25.3202,47.6697,53.88,,,3,3,1,1,,,,6307959,9482874.8
1683293400,35.14,35.23,34.51,35.05,35.940953874129676,38.377510028202984,0,0,0,25.3202,47.6697,53.88,,,3,3,1,1,,,,5396044,9391247.95
1683552600,36.14,37.07,35.761,36.28,36.00876309930374,38.186827298366346,0,0,0,25.3202,47.6697,53.88,,,3,3,1,1,,,,9509318,9372231.65
1683639000,35.72,36.77,35.7,36.19,36.04501047944299,38.005297543969405,0,0,0,25.3202,47.6697,53.88,,,3,3,1,1,,,,12307907,9665014.35
1683725400,37.33,39.77,36.11,38.87,36.610008383554394,38.083906858154,0,0,0,25.3202,47.6697,53.88,,,3,3,1,1,,,,26827909,10565782.7
1683811800,40.52,41.62,39.55,39.88,37.26400670684352,38.24718805286727,0,0,0,25.3202,47.6697,53.88,,,3,3,1,1,,,,14781225,10927923
1683898200,39.41,40.23,38.58,39.36,37.68320536547481,38.348352775333886,0,0,0,25.3202,47.6697,53.88,,,3,3,1,1,,,,8571417,11065259.7
1684157400,39.17,39.17,37.95,38.97,37.94056429237985,38.404866159394444,0,0,0,25.3202,47.6697,53.88,,,3,3,1,1,,,,7637609,9778375.2
1684243800,38.9,39.67,38.14,39.25,38.202451433903875,38.4816965085404,0,0,0,25.3202,47.6697,53.88,,,3,3,1,1,,,,6918088,9559549.75
1684330200,39.89,42.18,39.66,41.83,38.9279611471231,38.78608773503673,0,0,0,25.3202,47.6697,53.88,,,3,3,1,1,,,,12554973,9751684.65
1684416600,41.97,42.6799,41.3901,42.07,39.55636891769848,39.08462521366975,0,0,0,25.3202,47.6697,53.88,,,3,3,1,1,,,,8249574,9680782.9
1684503000,40.98,41.04,39.215,40.01,39.64709513415878,39.16875019424523,0,0,0,25.3202,47.6697,53.88,,,3,3,1,1,,,,10977255,9855544.4
1684762200,40.38,40.66,39.225,39.49,39.615676107327026,39.19795472204112,0,0,0,25.3202,47.6697,53.88,,,3,3,1,1,,,,9733088,9782656.55
1684848600,39.17,40.92,39.17,39.66,39.62454088586162,39.239958838219195,0,0,0,25.3202,47.6697,53.88,,,3,3,1,1,,,,7681010,9723327.55
1684935000,38.76,40.62,38.66,40.51,39.8016327086893,39.355417125653815,0,0,0,25.3202,47.6697,53.88,,,3,3,1,1,,,,6601889,9505446.3
1685021400,40.79,40.875,39.03,39.51,39.743306166951434,39.369470114230744,0,0,0,25.3202,47.6697,53.88,,,3,3,1,1,,,,5852087,9371312.45
1685107800,39.4,40.495,39.38,40.12,39.818644933561146,39.43770010384613,0,0,0,25.3202,47.6697,53.88,,,3,3,1,1,,,,4402852,9253945.45
1685453400,40.38,40.95,39.3,39.59,39.77291594684892,39.45154554895103,0,0,0,25.3202,47.6697,53.88,,,3,3,1,1,,,,6908614,9249548.15
1685539800,39.34,42,39.25,41.86,40.19033275747913,39.670495953591846,0,0,0,25.3202,47.6697,53.88,,,3,3,1,1,,,,12351548,9508455.7
1685626200,41.62,42.8999,41.3,42.13,40.578266205983304,39.89408723053804,0,0,0,25.3202,47.6697,53.88,,,3,3,1,1,,,,6743804,9515708.5
1685712600,42.31,42.99,40.26,40.34,40.53061296478664,39.934624755034584,0,0,0,25.3202,47.6697,53.88,,,3,3,1,1,,,,9297676,9665194.35
1685971800,40.27,41.14,39.5,40.79,40.582490371829316,40.01238614094053,0,0,0,25.3202,47.6697,53.88,,,3,3,1,1,,,,7051016,9747942.95
1686058200,40.695,41.63,40.6,41.33,40.73199229746345,40.13216921903685,0,0,0,25.3202,47.6697,53.88,,,3,3,1,1,,,,7236194,9634286.75
1686144600,40.18,40.98,38.35,38.64,40.31359383797076,39.99651747185168,0,0,0,25.3202,47.6697,53.88,,,3,3,1,1,,,,9867666,9512274.7
1686231000,38.19,38.91,37.62,38.87,40.0248750703766,39.89410679259244,0,0,0,25.3202,47.6697,53.88,,,3,3,1,1,,,,6356336,8488696.05
1686317400,39.13,40.08,38.4,38.69,39.75790005630128,39.7846425387204,0,0,0,25.3202,47.6697,53.88,,,3,3,1,1,,,,5976237,8048446.65
1686576600,38.82,39.37,38.22,38.95,39.596320045041026,39.70876594429127,0,0,0,25.3202,47.6697,53.88,,,3,3,1,1,,,,6839499,7961850.75
1686663000,40.22,40.49,38.755,40.28,39.73305603603282,39.76069631299207,0,0,0,25.3202,47.6697,53.88,,,3,3,1,1,,,,10229769,8091458.75
1686749400,40,40.075,38.88,39.91,39.768444828826254,39.77426937544733,0,0,0,25.3202,47.6697,53.88,,,3,3,1,1,,,,8265060,8158807.35
1686835800,39.69,40.885,39.23,40.63,39.94075586306101,39.852063068588485,0,0,0,25.3202,47.6697,53.88,,,3,3,1,1,,,,7161665,7889141.95
1686922200,40.88,42.86,40.74,41.8,40.31260469044881,40.02914824417135,0,0,0,25.3202,47.6697,53.88,,,3,3,1,1,,,,15379576,8245642.05
1687267800,41,42.34,40.515,41.77,40.604083752359045,40.18740749470123,0,0,0,25.3202,47.6697,53.88,,,3,3,1,1,,,,9373583,8165458.45
1687354200,41.6,41.77,38.01,38.6,40.203267001887234,40.04309772245567,0,0,0,25.3202,47.6697,53.88,,,3,3,1,1,,,,14068391,8382223.6
1687440600,38.48,39.37,37.7899,39.14,39.990613601509786,39.960997929505155,0,0,0,25.3202,47.6697,53.88,,,3,3,1,1,,,,8185373,8407441.75
1687527000,38.445,38.73,37.19,37.85,39.56249088120783,39.76908902682287,0,0,0,25.3202,47.6697,53.88,,,3,3,1,1,,,,8111171,8482905.85
1687786200,37.63,39.425,37.59,39.21,39.491992704966265,39.71826275165715,0,0,0,25.3202,47.6697,53.88,,,3,3,1,1,,,,8859876,8633295.3
1687872600,39.8,42.18,39.47,41.82,39.95759416397301,39.909329774233775,0,0,0,25.3202,47.6697,53.88,,,3,3,1,1,,,,11998899,9013097.65
1687959000,41.8,42.99,39.86,40.02,39.970075331178414,39.91939070384889,0,0,0,25.3202,47.6697,53.88,,,3,3,1,1,,,,12262071,9280770.5
1688045400,40,40.2,38.72,38.74,39.72406026494273,39.81217336713536,0,0,0,25.3202,47.6697,53.88,,,3,3,1,1,,,,9838104,9155098.3
1688131800,39.88,41.385,39.78,40.3,39.839248211954185,39.85652124285033,0,0,0,25.3202,47.6697,53.88,,,3,3,1,1,,,,11256666,9380741.4
1688391000,40.32,42.18,40.2,42.1,40.29139856956335,40.060473857136664,0,0,0,25.3202,47.6697,53.88,,,3,3,1,1,,,,5251724,9178443.8
1688563800,41.37,42.18,40.1,41.72,40.57711885565068,40.21133987012424,0,0,0,25.3202,47.6697,53.88,,,3,3,1,1,,,,10499446,9350865.3
1688650200,40.91,41.4,39.66,39.98,40.457695084520545,40.19030897284022,0,0,0,25.3202,47.6697,53.88,,,3,3,1,1,,,,7297121,9353911.65
1688736600,40.17,42.2899,40.07,41.15,40.596156067616434,40.27755361167293,0,0,0,25.3202,47.6697,53.88,,,3,3,1,1,,,,10180905,9369573.6
1688995800,41,41.795,40.1298,41.63,40.80292485409315,40.40050328333903,0,0,0,25.3202,47.6697,53.88,,,3,3,1,1,,,,6352081,9369360.85
1689082200,41.95,45.15,41.36,43.64,41.37033988327452,40.69500298485366,0,0,0,25.3202,47.6697,53.88,,,3,3,1,1,,,,17043830,9922740.5
1689168600,44.05,44.05,42.27,43.46,41.78827190661961,40.94636634986696,0,0,0,25.3202,47.6697,53.88,,,3,3,1,1,,,,14750545,10318292.8
1689255000,44,44.76,43.29,44.3,42.29061752529569,41.251242136242695,0,0,0,25.3202,47.6697,53.88,,,3,3,1,1,,,,10283469,10320977.8
1689341400,44.37,45.09,42.45,43,42.43249402023655,41.410220123856995,0,0,0,25.3202,47.6697,53.88,,,3,3,1,1,,,,9923079,10403878.75
1689600600,43,44.59,41.82,44.46,42.837995216189235,41.68747283987,0,0,0,25.3202,47.6697,53.88,,,3,3,1,1,,,,6881942,10389892.6
1689687000,45.62,45.81,44.01,45.54,43.37839617295139,42.037702581699996,0,0,0,25.3202,47.6697,53.88,,,3,3,1,1,,,,10351909,10138509.25
1689773400,45.98,46.25,44.39,44.86,43.674716938361115,42.294275074272726,0,0,0,25.3202,47.6697,53.88,,,3,3,1,1,,,,9039975,10121828.85
1689859800,43.85,44.25,40.78,41.04,43.14777355068889,42.18025006752066,0,0,0,25.3202,47.6697,53.88,,,3,3,1,1,,,,10426971,9939757.85
1689946200,41.38,41.92,40.45,40.57,42.63221884055111,42.03386369774606,0,0,0,25.3202,47.6697,53.88,,,3,3,1,1,,,,7533813,9907179.85
1690205400,40.57,40.57,39.13,39.55,42.01577507244089,41.80805790704187,0,0,0,25.3202,47.6697,53.88,,,3,3,1,1,,,,7512532,9877247.9
1690291800,39.57,40.275,39.57,39.66,41.54462005795271,41.61277991549261,0,0,0,25.3202,47.6697,53.88,,,3,3,1,1,,,,4664610,9667484.6
1690378200,39.61,40.23,39.21,39.95,41.225696046362174,41.461618104993285,0,0,0,25.3202,47.6697,53.88,,,3,3,1,1,,,,4245675,9279823.4
1690464600,40.89,40.931,37.61,37.91,40.56255683708974,41.13874373181208,0,0,0,25.3202,47.6697,53.88,,,3,3,1,1,,,,9218611,9127650.4
1690551000,38.7,39.56,38.25,38.93,40.23604546967179,40.937948847101886,0,0,0,25.3202,47.6697,53.88,,,3,3,1,1,,,,7081039,8989797.15
1690810200,39.12,39.5,38.7066,39.25,40.03883637573743,40.784498951910805,0,0,0,25.3202,47.6697,53.88,,,3,3,1,1,,,,7290084,8791468.05
1690896600,38.9,39.49,38.2001,39.43,39.91706910058995,40.661362683555275,0,0,0,25.3202,47.6697,53.88,,,3,3,1,1,,,,5381502,8797956.95
1690983000,38.39,38.39,36.6,37.63,39.45965528047196,40.38578425777752,0,0,0,25.3202,47.6697,53.88,,,3,3,1,1,,,,9953949,8770682.1
1691069400,37.45,37.47,36.62,36.68,38.90372422437756,40.04889477979775,0,0,0,25.3202,47.6697,53.88,,,3,3,1,1,,,,7959839,8803818
1691155800,38,38.7,37.36,37.48,38.61897937950205,39.81535889072523,0,0,0,25.3202,47.6697,53.88,,,3,3,1,1,,,,7470874,8668316.45
1691415000,37.57,37.7,36.7,37.6,38.41518350360164,39.613962627932025,0,0,0,25.3202,47.6697,53.88,,,3,3,1,1,,,,5527293,8627077.05
1691501400,37.25,38.075,37.08,37.74,38.28014680288131,39.44360238902912,0,0,0,25.3202,47.6697,53.88,,,3,3,1,1,,,,13082133,8428992.2
1691587800,32.44,32.52,29.07,29.46,36.51611744230505,38.53600217184465,0,0,0,25.3202,47.6697,53.88,,,3,3,1,1,,,,57181596,10550544.75
1691674200,30.06,31.17,30,30.61,35.334893953844045,37.81545651985877,0,0,0,25.3202,47.6697,53.88,,,3,3,1,1,,,,23008080,11186775.3
1691760600,30.12,30.3,29.6404,29.83,34.23391516307524,37.08950592714434,0,0,0,25.3202,47.6697,53.88,,,3,3,1,1,,,,13476294,11364436.05
1692019800,29.52,30.6051,29.35,30.54,33.49513213046019,36.49409629740394,0,0,0,25.3202,47.6697,53.88,,,3,3,1,1,,,,12842054,11662441.65
1692106200,30.17,30.3762,29.76,29.77,32.75010570436815,35.88281481582177,0,0,0,25.3202,47.6697,53.88,,,3,3,1,1,,,,8075973,11548644.85
1692192600,29.53,30.075,29.16,29.24,32.04808456349452,35.27892255983797,0,0,0,29.07,47.65,,,,1,1,1,1,,,,8396460,11516469.1
1692279000,29.11,29.12,27.751,27.85,31.208467650795615,34.60356596348907,0,0,0,29.07,47.65,,,,1,1,1,1,,,,16019854,11796113.25
1692365400,27.54,28.28,27.405,27.51,30.468774120636493,33.95869633044461,0,0,0,29.07,47.65,,,,1,1,1,1,,,,8922508,11865548
1692624600,27.54,27.78,26.88,26.96,29.767019296509194,33.3224512094951,0,0,0,29.07,47.65,,,,1,1,1,1,,,,11922092,12086026
1692711000,26.94,27.13,26.6,26.62,29.137615437207355,32.71313746317736,0,0,0,29.07,47.65,,,,1,1,1,1,,,,9324928,12319041.9
1692797400,26.49,26.72,26.25,26.42,28.594092349765884,32.14103405743396,0,0,0,29.07,47.65,,,,1,1,1,1,,,,11129475,12663231.9
1692883800,26.5,26.94,26.2412,26.55,28.18527387981271,31.632758234030874,0,0,0,29.07,47.65,,,,1,1,1,1,,,,9558204,12680211.55
1692970200,26.735,27.07,26.29,26.81,27.910219103850167,31.194325667300795,0,0,0,29.07,47.65,,,,1,1,1,1,,,,6730353,12662677.25
1693229400,27.13,27.2199,26.8401,27.1,27.748175283080133,30.822114243000723,0,0,0,29.07,47.65,,,,1,1,1,1,,,,5891096,12592727.85
1693315800,27.1,28.16,26.901,27.76,27.750540226464107,30.543740220909747,0,0,0,29.07,47.65,,,,1,1,1,1,,,,7218915,12684598.5
1693402200,27.82,28.4,27.52,28.18,27.836432181171286,30.32885474628159,0,0,0,29.07,47.65,,,,1,1,1,1,,,,7740476,12573924.85
1693488600,28.4,28.6,27.9703,28.29,27.92714574493703,30.143504314801444,0,0,0,26.2412,47.65,,,,1,1,1,1,,,,7757373,12563801.55
1693575000,28.62,29.3209,28.315,28.44,28.029716595949623,29.98864028618313,0,0,0,26.2412,47.65,,,,1,1,1,1,,,,9283842,12654449.95
1693920600,28.245,29.14,28.16,29.13,28.249773276759697,29.910582078348302,0,0,0,26.2412,47.65,,,,1,1,1,1,,,,7976684,12776919.5
1694007000,28.95,29.35,28.37,29.09,28.417818621407758,29.835983707589364,0,0,0,26.2412,47.65,,,,1,1,1,1,,,,8241398,12534882.75
1694093400,28.53,28.845,28.11,28.79,28.492254897126205,29.740894279626694,0,0,0,26.2412,47.65,,,,1,1,1,1,,,,6489111,10000258.5
1694179800,28.947,29.305,28.42,29.01,28.595803917700966,29.67444934511518,0,0,0,26.2412,47.65,,,,1,1,1,1,,,,10802793,9389994.15
1694439000,29.205,29.205,28.525,28.55,28.586643134160774,29.572226677377436,0,0,0,26.2412,47.65,,,,1,1,1,1,,,,8200331,9126196
1694525400,28.4,29.575,28.38,29.21,28.71131450732862,29.539296979434035,0,0,0,26.2412,47.65,,,,1,1,1,1,,,,8515516,8909869.1
1694611800,27.61,27.975,26.64,27.74,28.517051605862896,29.375724526758212,0,0,0,26.2412,47.65,,,,1,1,1,1,,,,24008767,9706508.8
1694698200,27.935,28.4,27.645,27.75,28.363641284690317,29.227931387962013,0,0,0,26.2412,47.65,,,,1,1,1,1,,,,11438953,9858633.45
1694784600,27.98,28.55,27.67,27.91,28.272913027752253,29.10811944360183,0,0,0,26.2412,47.65,,,,1,1,1,1,,,,20289140,10072097.75
1695043800,27.725,27.95,27.226,27.61,28.140330422201803,28.971926766910755,0,0,0,26.2412,47.65,,,,1,1,1,1,,,,9491257,10100535.2
1695130200,27.59,27.59,26.12,26.96,27.904264337761443,28.789024333555233,0,0,0,26.2412,47.65,,,,1,1,1,1,,,,14646194,10236740.3
1695216600,27.22,27.29,26.2,26.25,27.573411470209155,28.558203939595668,0,0,0,26.2412,47.65,,,,1,1,1,1,,,,7819474,10161467.6
1695303000,25.96,25.99,25.15,25.31,27.120729176167323,28.262912672359697,0,0,0,26.2412,47.65,,,,1,1,1,1,,,,12371135,10223550.6
1695389400,25.42,25.77,25.175,25.39,26.77458334093386,28.00173879305427,0,0,0,26.2412,47.65,,,,1,1,1,1,,,,7105849,10100932.85
1695648600,25.24,26.2,24.88,26.14,26.647666672747086,27.832489811867518,0,0,0,26.2412,47.65,,,,1,1,1,1,,,,8665505,10197690.45
1695735000,26,27.03,25.98,27.01,26.72013333819767,27.757718010788654,0,0,0,26.2412,47.65,,,,1,1,1,1,,,,9262640,10366267.65
1695821400,27.17,27.715,26.7824,27.39,26.854106670558135,27.72428910071696,0,0,0,26.2412,47.65,,,,1,1,1,1,,,,12076743,10609159.05
1695907800,27.23,28.25,27.11,27.83,27.04928533644651,27.733899182469962,0,0,0,26.2412,47.65,,,,1,1,1,1,,,,7659638,10605117.15
1695994200,28.28,29.09,28.28,28.96,27.43142826915721,27.845362893154512,0,0,0,26.2412,47.65,,,,1,1,1,1,,,,11191754,10776836.2
1696253400,28.97,29.62,28.47,28.68,27.68114261532577,27.92123899377683,0,0,0,24.88,47.6697,53.88,,,1,1,1,1,,,,10985059,10861897.05
1696339800,28.29,28.95,28.2,28.42,27.828914092260614,27.96658090343348,0,0,0,24.88,47.6697,53.88,,,1,1,1,1,,,,6777324,10801929.05
1696426200,28.54,29.62,27.9,29.59,28.181131273808493,28.114164457666803,0,0,0,24.88,47.6697,53.88,,,1,1,1,1,,,,10800366,10929877.45
1696512600,29.96,30.205,29.08,29.82,28.508905019046793,28.26924041606073,0,0,0,24.88,47.6697,53.88,,,1,1,1,1,,,,11835346,11197189.2
1696599000,29.4,30.61,29.34,30.46,28.899124015237433,28.468400378237025,0,0,0,24.88,47.6697,53.88,,,1,1,1,1,,,,10213626,11167730.85
1696858200,29.79,30.48,29.63,30.21,29.161299212189945,28.626727616579114,0,0,0,24.88,47.6697,53.88,,,1,1,1,1,,,,6910708,11103249.7
1696944600,30.33,31.1791,30.33,30.91,29.511039369751956,28.83429783325374,0,0,0,24.88,47.6697,53.88,,,1,1,1,1,,,,6027282,10978838
1697031000,31.08,31.92,31.05,31.76,29.960831495801564,29.1002707575034,0,0,0,24.88,47.6697,53.88,,,1,1,1,1,,,,7434079,10150103.6
1697117400,31.87,31.96,31.35,31.63,30.29466519664125,29.330246143184908,0,0,0,24.88,47.6697,53.88,,,1,1,1,1,,,,6984641,9927388
1697203800,31.46,31.92,30.415,30.51,30.337732157313003,29.437496493804463,0,0,0,24.88,47.6697,53.88,,,1,1,1,1,,,,9612544,9393558.2
1697463000,30.55,30.86,29.85,30.41,30.3521857258504,29.525905903458604,0,0,0,24.88,47.6697,53.88,,,1,1,1,1,,,,10329208,9435455.75
1697549400,30.07,31.21,30,31,30.48174858068032,29.65991445768964,0,0,0,24.88,47.6697,53.88,,,1,1,1,1,,,,8933800,9149836.05
1697635800,30.64,30.81,30,30.19,30.423398864544257,29.70810405244513,0,0,0,24.88,47.6697,53.88,,,1,1,1,1,,,,6356584,9076691.55
1697722200,30.41,32.07,30.02,31.67,30.672719091635408,29.886458229495574,0,0,0,24.88,47.6697,53.88,,,1,1,1,1,,,,11888367,9052553.15
1697808600,31.13,31.93,30.825,31.75,30.888175273308327,30.05587111772325,0,0,0,24.88,47.6697,53.88,,,1,1,1,1,,,,9053362,9149928.8
1698067800,31.25,31.6299,30.5,30.57,30.82454021864666,30.102610107021135,0,0,0,24.88,47.6697,53.88,,,1,1,1,1,,,,8140649,9123686
1698154200,30.98,33.19,30.98,32.72,31.203632174917328,30.340554642746486,0,0,0,24.88,47.6697,53.88,,,1,1,1,1,,,,12501433,9285625.65
1698240600,32.24,32.55,30.58,31.1,31.18290573993386,30.40959512976953,0,0,0,24.88,47.6697,53.88,,,1,1,1,1,,,,10081357,9185856.35
1698327000,30.98,31.4,30.17,30.55,31.05632459194709,30.422359208881392,0,0,0,24.88,47.6697,53.88,,,1,1,1,1,,,,7548956,9180322.25
1698413400,31.75,32.068,30.87,30.99,31.04305967355767,30.4739629171649,0,0,0,24.88,47.6697,53.88,,,1,1,1,1,,,,6427364,8942102.75
1698672600,31.14,31.8,30.97,31.74,31.182447738846136,30.589057197422637,0,0,0,24.88,47.6697,53.88,,,1,1,1,1,,,,6886518,8737175.7
1698759000,31.65,32.29,31.23,31.81,31.30795819107691,30.700051997656942,0,0,0,24.88,47.6697,53.88,,,1,1,1,1,,,,5801974,8688408.2
1698845400,31.83,32.12,31.32,31.84,31.414366552861527,30.803683634233582,0,0,0,24.88,47.6697,53.88,,,1,1,1,1,,,,5086412,8402710.5
1698931800,33,33.82,32.81,33.56,31.84349324228922,31.05425784930326,0,0,0,24.88,47.6697,53.88,,,1,1,1,1,,,,8052293,8213557.85
1699018200,33.4,35.13,33.4,34.9,32.45479459383137,31.40387077209387,1,0,0,24.88,47.6697,53.88,,,2,1,1,1,1,,,10577759,8231764.5
1699281000,35.61,35.7,33.37,33.85,32.7338356750651,31.626246156448975,0,0,0,24.88,47.6697,53.88,,,2,1,1,1,,,,10593818,8415920
1699367400,34.05,35.3,33.45,35.07,33.201068540052084,31.939314687680888,0,0,0,24.88,47.6697,53.88,,,2,1,1,1,,,,14986664,8863889.1
1699453800,40.23,42.2,39.1002,39.22,34.404854832041664,32.601195170618986,1,1,0,24.88,47.6697,53.88,,,3,2,1,1,1,1,,61158847,11550127.5
1699540200,38.86,39.08,37.295,38.05,35.13388386563333,33.09654106419908,0,0,0,24.88,47.6697,53.88,,,3,2,1,1,,,,16306870,12016238.95
1699626600,38.05,39.48,37.91,38.42,35.791107092506664,33.58049187654462,0,0,0,24.88,47.6697,53.88,,,3,2,1,1,,,,13347461,12202984.8
1699885800,38.05,38.84,37.115,38.75,36.38288567400533,34.05044716049511,0,0,0,24.88,47.6697,53.88,,,3,2,1,1,,,,10075387,12190293.75
1699972200,40.14,40.346,39.21,39.24,36.95430853920426,34.52222469135919,0,0,0,24.88,47.6697,53.88,,,3,2,1,1,,,,14371727,12462190.1
1700058600,39.11,41.89,38.87,39.76,37.51544683136341,34.99838608305381,0,0,0,24.88,47.6697,53.88,,,3,2,1,1,,,,20111626,13149942.2
1700145000,39.41,39.4801,37.27,38.36,37.68435746509073,35.303987348230734,0,0,0,24.88,47.6697,53.88,,,3,2,1,1,,,,13411560,13226101.85
1700231400,38.72,38.72,37.5,37.91,37.72948597207258,35.54089758930067,0,0,0,24.88,47.6697,53.88,,,3,2,1,1,,,,11310948,13338981.15
1700490600,37.85,38.27,37.47,37.86,37.75558877765806,35.75172508118243,0,0,0,24.88,47.6697,53.88,,,3,2,1,1,,,,9720366,13417967
1700577000,37.385,37.43,36.335,36.72,37.54847102212645,35.83975007380221,0,0,0,24.88,47.6697,53.88,,,3,2,1,1,,,,13547923,13470291.5
1700663400,37.11,37.95,36.64,37.82,37.60277681770116,36.01977279436564,0,0,0,24.88,47.6697,53.88,,,3,2,1,1,,,,7115291,13321988.2
1700836200,37.48,38.32,37.48,38.14,37.71022145416093,36.212520722150586,0,0,0,24.88,47.6697,53.88,,,3,2,1,1,,,,4303317,13159706.25
1701095400,37.84,39.08,37.84,38.6,37.88817716332874,36.42956429286417,0,0,0,24.88,47.6697,53.88,,,3,2,1,1,,,,6670533,13171864.7
1701181800,38.5,39.26,38.37,39.02,38.11454173066299,36.66505844805834,0,0,0,24.88,47.6697,53.88,,,3,2,1,1,,,,5090895,13082083.55
1701268200,39.32,39.6893,38.51,38.68,38.22763338453039,36.84823495278031,0,0,0,24.88,47.6697,53.88,,,3,2,1,1,,,,5949940,13089481.85
1701354600,38.68,39.55,38.68,39.31,38.444106707624314,37.07203177525483,0,0,0,24.88,47.6697,53.88,,,3,2,1,1,,,,8180808,13244201.65
1701441000,39.13,40.48,38.99,40.45,38.84528536609945,37.37911979568621,0,0,0,24.88,47.6697,53.88,,,3,2,1,1,,,,8081119,13245642.95
1701700200,40.09,41.6,39.8101,41.23,39.322228292879565,37.72919981426019,0,0,0,24.88,47.6697,53.88,,,3,2,1,1,,,,7824741,13107992.05
1701786600,40.91,41.33,40.345,40.67,39.591782634303655,37.996545285691084,0,0,0,24.88,47.6697,53.88,,,3,2,1,1,,,,5890617,12872832
1701873000,40.79,41.46,39.78,39.96,39.665426107442926,38.175041168810075,0,0,0,24.88,47.6697,53.88,,,3,2,1,1,,,,8027208,12524859.2
1701959400,39.86,40.485,39.32,39.86,39.70434088595434,38.3282192443728,0,0,0,24.88,47.6697,53.88,,,3,2,1,1,,,,6615468,9797690.25
1702045800,41.95,42.28,40.02,40.83,39.92947270876347,38.55565385852072,0,0,0,24.88,47.6697,53.88,,,3,2,1,1,,,,16019462,9783319.85
1702305000,40.78,41.0263,40.125,40.49,40.041578167010776,38.73150350774611,0,0,0,24.88,47.6697,53.88,,,3,2,1,1,,,,6054675,9418680.55
1702391400,40.59,42.18,40.31,42.04,40.44126253360862,39.03227591613283,0,0,0,24.88,47.6697,53.88,,,3,2,1,1,,,,7636211,9296721.75
1702477800,43,43.9899,42.24,43.31,41.0150100268869,39.42115992375712,0,1,0,24.88,47.6697,53.88,,,3,3,1,1,,1,,13448735,9250572.15
1702564200,43.8,44.62,43.61,44.52,41.716008021509516,39.8846908397792,0,0,0,24.88,47.6697,53.88,,,3,3,1,1,,,,13370609,8913521.3
1702650600,44.87,45.05,43.33,43.92,42.15680641720761,40.251537127072005,0,0,0,24.88,47.6697,53.88,,,3,3,1,1,,,,14372993,8961592.95
1702909800,43.84,45.08,43.38,44.49,42.62344513376609,40.63685193370182,0,0,0,24.88,47.6697,53.88,,,3,3,1,1,,,,7254013,8758746.2
1702996200,44.58,44.9,44.26,44.73,43.04475610701287,41.00895630336529,0,0,0,24.88,47.6697,53.88,,,3,3,1,1,,,,6803596,8612907.7
1703082600,44.72,45.1768,43.69,43.83,43.2018048856103,41.26541482124117,0,0,0,24.88,47.6697,53.88,,,3,3,1,1,,,,7232231,8297123.1
1703169000,44.18,44.515,43.26,44.48,43.45744390848824,41.55764983749197,0,0,0,24.88,47.6697,53.88,,,3,3,1,1,,,,6370879,8259902.5
1703255400,43.47,46.12,43.47,45.97,43.95995512679059,41.958772579538156,0,0,0,24.88,47.6697,53.88,,,3,3,1,1,,,,9996634,8544568.35
1703601000,46.02,46.88,45.88,46.38,44.44396410143247,42.36070234503469,0,0,0,24.88,47.6697,53.88,,,3,3,1,1,,,,7628433,8592463.35
1703687400,46.43,46.9185,46.15,46.85,44.92517128114598,42.7688203136679,0,0,0,24.88,47.6697,53.88,,,3,3,1,1,,,,6059183,8640877.75
1703773800,46.72,47.2,46.305,46.43,45.22613702491678,43.10165483060718,0,0,0,24.88,47.6697,53.88,,,3,3,1,1,,,,5493349,8618048.2
1703860200,46.43,47.03,45.69,45.72,45.32490961993342,43.33968620964289,0,0,0,24.88,47.6697,53.88,,,3,3,1,1,,,,7608426,8589429.1
1704205800,44.65,44.96,42.8,42.99,44.857927695946735,43.30789655422081,0,0,0,24.88,47.6697,53.88,,,3,3,1,1,,,,7166742,8543710.25
1704292200,42.22,42.605,41.505,41.91,44.268342156757384,43.180815049291645,0,0,0,24.88,47.6697,53.88,,,3,3,1,1,,,,6127334,8458839.9
1704378600,41.9,42.9677,41.2,42.66,43.94667372540591,43.13346822662877,0,0,0,24.88,47.6697,53.88,,,3,3,1,1,,,,6074556,8468036.85
1704465000,42.13,42.66,41.6,41.74,43.50533898032473,43.006789296935246,0,0,0,24.88,47.6697,53.88,,,3,3,1,1,,,,6819044,8407628.65
1704724200,42,42.37,41.23,42.22,43.248271184259785,42.93526299721386,0,0,0,24.88,47.6697,53.88,,,3,3,1,1,,,,6358513,8394780.9
1704810600,42.04,42.805,41.835,42.28,43.05461694740783,42.875693633830785,0,0,0,24.88,47.6697,53.88,,,3,3,1,1,,,,4857965,7836706.05
1704897000,42.08,42.48,41.41,41.78,42.79969355792626,42.77608512166435,0,0,0,24.88,47.6697,53.88,,,3,3,1,1,,,,6023815,7835163.05
1704983400,41.72,42.7381,41.51,42.44,42.72775484634101,42.74553192878577,0,0,0,24.88,47.6697,53.88,,,3,3,1,1,,,,7131608,7809932.9
1705069800,41.25,42.15,40.83,40.92,42.366203877072806,42.57957448071434,0,0,0,24.88,47.6697,53.88,,,3,3,1,1,,,,6080147,7441503.5
1705415400,40.41,40.76,39.08,39.35,41.762963101658244,42.2859768006494,0,0,0,24.88,47.6697,53.88,,,3,3,1,1,,,,8327719,7189359
1705501800,38.635,38.74,37.755,38.68,41.14637048132659,41.95816072786309,0,0,0,24.88,47.6697,53.88,,,3,3,1,1,,,,6564150,6798916.85
1705588200,38.89,38.975,38.29,38.89,40.69509638506128,41.67923702533008,0,0,0,24.88,47.6697,53.88,,,3,3,1,1,,,,7249344,6798683.4
1705674600,39.14,39.14,38.335,38.69,40.294077108049024,41.40748820484553,0,0,0,24.88,47.6697,53.88,,,3,3,1,1,,,,5242511,6720629.15
1705933800,39.15,41.2,39.15,40.48,40.33126168643922,41.323171095314116,0,0,0,24.88,47.6697,53.88,,,3,3,1,1,,,,8604219,6789228.55
1706020200,41.15,42.35,40.54,40.78,40.421009349151376,41.273791904831015,0,0,0,24.88,47.6697,53.88,,,3,3,1,1,,,,6425394,6791954.3
1706106600,41.31,41.87,40.69,40.82,40.500807479321104,41.232538095300924,0,0,0,24.88,47.6697,53.88,,,3,3,1,1,,,,5404788,6562362
1706193000,41.06,41.7,40.655,41.32,40.664645983456886,41.240489177546294,0,0,0,24.88,47.6697,53.88,,,3,3,1,1,,,,6027147,6482297.7
1706279400,41.46,41.8072,40.275,40.41,40.61371678676551,41.16499016140572,0,0,0,24.88,47.6697,53.88,,,3,3,1,1,,,,4355085,6397092.8
1706538600,40.485,41.19,40.22,41.18,40.7269734294124,41.166354692187014,0,0,0,24.88,47.6697,53.88,,,3,3,1,1,,,,4518235,6348337.1
1706625000,40.54,40.65,39.0702,39.14,40.40957874352992,40.98214062926092,0,0,0,24.88,47.6697,53.88,,,3,3,1,1,,,,7670160,6351423.8
1706711400,38.77,39.82,38.51,38.81,40.08966299482394,40.784673299328105,0,0,0,24.88,47.6697,53.88,,,3,3,1,1,,,,5606434,6273408.4
1706797800,39.12,39.75,38.75,39.33,39.93773039585915,40.65243027211646,0,0,0,24.88,47.6697,53.88,,,3,3,1,1,,,,4981732,6216128.3
1706884200,39.48,40.71,39.28,40.67,40.08418431668732,40.65402752010588,0,0,0,24.88,47.6697,53.88,,,3,3,1,1,,,,7754374,6300119.2
1707143400,40.53,40.71,38.57,39.35,39.93734745334986,40.535479563732615,0,0,0,24.88,47.6697,53.88,,,3,3,1,1,,,,6903289,6304331.45
1707229800,40,40.7,39.715,40.6,40.06987796267989,40.54134505793874,0,0,0,24.88,47.6697,53.88,,,3,3,1,1,,,,11486342,6560722.9
1707316200,44.61,46.6,42.93,44.74,41.00390237014391,40.923040961762496,0,0,0,24.88,47.6697,53.88,,,3,3,1,1,,,,43434034,8489526.35
1707402600,45.48,47.11,44.05,44.87,41.777121896115126,41.28185541978409,0,0,0,24.88,47.6697,53.88,,,3,3,1,1,,,,17208469,9048759.05
1707489000,44.51,44.61,43.295,44.4,42.3016975168921,41.565323108894624,0,0,0,24.88,47.6697,53.88,,,3,3,1,1,,,,12702921,9327324.7
1707748200,44.51,44.688,43.71,43.74,42.58935801351368,41.76302100808602,0,0,0,24.88,47.6697,53.88,,,3,3,1,1,,,,9311172,9488875.95
1707834600,41.93,42.98,41.53,42.32,42.53548641081095,41.81365546189638,0,0,0,24.88,47.6697,53.88,,,3,3,1,1,,,,10050090,9574994.5
1707921000,42.725,44.22,42.51,44.14,42.85638912864876,42.02514132899671,0,0,0,24.88,47.6697,53.88,,,3,3,1,1,,,,7280135,9610793.75
1708007400,44.13,45.088,44.13,44.44,43.173111302919004,42.24467393545155,0,0,0,24.88,47.6697,53.88,,,3,3,1,1,,,,5885054,9542579.25
1708093800,43.15,43.9067,42.69,42.91,43.1204890423352,42.30515812313777,0,0,0,24.88,47.6697,53.88,,,3,3,1,1,,,,6722894,9616598.4
1708439400,42.42,42.97,40.8,41.41,42.77839123386816,42.22378011194343,0,0,0,24.88,47.6697,53.88,,,3,3,1,1,,,,6963163,9534545.6
1708525800,40.73,41.2213,40.395,40.74,42.37071298709453,42.08889101085766,0,0,0,24.88,47.6697,53.88,,,3,3,1,1,,,,9211321,9673841.95
1708612200,41.52,43.06,40.755,42.41,42.37857038967562,42.118082737143325,0,0,0,24.88,47.6697,53.88,,,3,3,1,1,,,,7802779,9793741.5
1708698600,42.12,42.8899,41.43,41.46,42.1948563117405,42.05825703376666,0,0,0,24.88,47.6697,53.88,,,3,3,1,1,,,,7759384,9880353.35
1708957800,41.47,41.94,40.98,41.29,42.0138850493924,41.98841548524241,0,0,0,24.88,47.6697,53.88,,,3,3,1,1,,,,7754025,10050300.35
1709044200,41.275,41.34,40.44,40.83,41.77710803951392,41.88310498658401,0,0,0,24.88,47.6697,53.88,,,3,3,1,1,,,,7034881,10176132.65
1709130600,40.28,40.41,39.525,40.16,41.45368643161113,41.726459078712736,0,0,0,24.88,47.6697,53.88,,,3,3,1,1,,,,6252341,10105241.7
1709217000,40.25,41.06,39.73,39.9,41.1429491452889,41.5604173442843,0,0,0,24.88,47.6697,53.88,,,3,3,1,1,,,,7500920,10199966
1709303400,39.92,41.46,39.85,41.32,41.17835931623112,41.53856122207664,0,0,0,24.88,47.6697,53.88,,,3,3,1,1,,,,6045358,10253147.3
1709562600,41.32,41.5408,39.64,39.66,40.8746874529849,41.367782929160576,0,0,0,24.88,47.6697,53.88,,,3,3,1,1,,,,6684020,10199629.6
1709649000,38.89,39.52,38.37,38.87,40.47374996238792,41.14071175378234,0,0,0,24.88,47.6697,53.88,,,3,3,1,1,,,,5755896,10142259.95
1709735400,39.985,40.17,39.1,39.87,40.352999969910336,41.02519250343849,0,0,0,24.88,47.6697,53.88,,,3,3,1,1,,,,6303176,9883101.65
1709821800,40.85,41.63,39.98,40.12,40.306399975928265,40.94290227585317,0,0,0,24.88,47.6697,53.88,,,3,3,1,1,,,,6868145,8054807.2
1709908200,40.24,41.41,39.85,39.94,40.233119980742615,40.8517293416847,0,0,0,24.88,47.6697,53.88,,,3,3,1,1,,,,5856900,7487228.75
1710163800,39.64,42.655,39.61,42.04,40.59449598459409,40.95975394698609,0,0,0,24.88,47.6697,53.88,,,3,3,1,1,,,,8676107,7285888.05
1710250200,40.79,41.11,39.73,40.81,40.63759678767527,40.946139951805534,0,0,0,24.88,47.6697,53.88,,,3,3,1,1,,,,10794468,7360052.85
1710336600,40.47,41.6499,40.33,40.39,40.58807743014022,40.895581774368665,0,0,0,24.88,47.6697,53.88,,,3,3,1,1,,,,7153288,7215212.75
1710423000,40.69,41.41,39.93,40.65,40.600461944112176,40.873256158516966,0,0,0,24.88,47.6697,53.88,,,3,3,1,1,,,,6921092,7197260.6
1710509400,40.19,40.67,39.105,39.24,40.32836955528974,40.72477832592452,0,0,0,24.88,47.6697,53.88,,,3,3,1,1,,,,9840128,7395014.3
1710768600,37.916,38.26,35.95,36.2,39.50269564423179,40.31343484174956,0,0,0,24.88,47.6697,53.88,,,3,3,1,1,,,,15231834,7820461.3
1710855000,36.17,36.8,35.8501,36.46,38.89415651538543,39.96312258340869,0,0,0,24.88,47.6697,53.88,,,3,3,1,1,,,,7812113,7862908.8
1710941400,36.42,37.86,36.31,37.82,38.67932521230835,39.76829325764427,0,0,0,24.88,47.6697,53.88,,,3,3,1,1,,,,7223265,7763506
1711027800,38,38.375,37.59,37.69,38.48146016984668,39.579357506949336,0,0,0,24.88,47.6697,53.88,,,3,3,1,1,,,,6407977,7693765.9
1711114200,37.54,37.56,36.71,37.26,38.23716813587734,39.3685068244994,0,0,0,24.88,47.6697,53.88,,,3,3,1,1,,,,4780014,7544797.4
1711373400,37.12,37.17,35.97,36.66,37.921734508701874,39.12227893136309,0,0,0,24.88,47.6697,53.88,,,3,3,1,1,,,,8841041,7599148.2
1711459800,37.06,37.6068,36.64,37.29,37.7953876069615,38.95570811942099,0,0,0,24.88,47.6697,53.88,,,3,3,1,1,,,,5735087,7534158.5
1711546200,37.58,37.9,37.13,37.88,37.8123100855692,38.8579164722009,0,0,0,24.88,47.6697,53.88,,,3,3,1,1,,,,3901995,7416641.2
1711632600,37.975,39.01,37.93,38.18,37.88584806845536,38.79628770200082,0,0,0,24.88,47.6697,53.88,,,3,3,1,1,,,,6282636,7355727
1711978200,37.99,38.25,37.3,37.84,37.87667845476429,38.70935245636438,0,0,0,24.88,47.6697,53.88,,,3,3,1,1,,,,6388149,7372866.55
1712064600,36.815,36.88,35.9003,36.76,37.65334276381143,38.53213859669489,0,0,0,24.88,47.6697,53.88,,,3,3,1,1,,,,7185537,7397942.4
1712151000,36.52,36.66,35.79,36.44,37.41067421104914,38.34194417881354,0,0,0,24.88,47.6697,53.88,,,3,3,1,1,,,,5556167,7387955.95
1712237400,36.97,38.095,36.69,36.8,37.28853936883931,38.201767435285035,0,0,0,24.88,47.6697,53.88,,,3,3,1,1,,,,6566311,7401112.7
1712323800,36.53,37.895,36.52,37.82,37.39483149507145,38.16706130480458,0,0,0,24.88,47.6697,53.88,,,3,3,1,1,,,,5741546,7344782.75
1712583000,38.1,38.6778,37.82,38.22,37.55986519605716,38.171873913458704,0,0,0,24.88,47.6697,53.88,,,3,3,1,1,,,,5981242,7350999.85
1712669400,38.74,39.15,38.355,39.09,37.86589215684573,38.2553399213261,0,0,0,24.88,47.6697,53.88,,,3,3,1,1,,,,4344455,7134417.25
1712755800,40.48,40.8,39.32,39.8,38.25271372547658,38.39576356484191,0,0,0,24.88,47.6697,53.88,,,3,3,1,1,,,,10274201,7108403.9
1712842200,39.82,40.08,39.23,39.26,38.454170980381264,38.474330513492646,0,0,0,24.88,47.6697,53.88,,,3,3,1,1,,,,5198701,7010674.55
1712928600,38.99,39.5419,38.29,38.37,38.43733678430501,38.464845921356954,0,0,0,24.88,47.6697,53.88,,,3,3,1,1,,,,3745521,6851896
1713187800,38.28,38.82,36.54,36.66,38.081869427444005,38.30076901941541,0,0,0,24.88,47.6697,53.88,,,3,3,1,1,,,,7051448,6712462
1713274200,36.49,37.1,36.11,36.64,37.7934955419552,38.149790017650375,0,0,0,24.88,47.6697,53.88,,,3,3,1,1,,,,5664586,6234099.6
1713360600,36.635,37.13,36.35,36.37,37.508796433564164,37.98799092513671,0,0,0,24.88,47.6697,53.88,,,3,3,1,1,,,,4300875,6058537.7
1713447000,36.32,36.58,35.28,35.55,37.11703714685133,37.766355386487916,0,0,0,24.88,47.6697,53.88,,,3,3,1,1,,,,5780852,5986417.05
1713533400,35.31,35.82,34.82,35.34,36.761629717481064,37.545777624079925,0,0,0,24.88,47.6697,53.88,,,3,3,1,1,,,,6088063,5970421.35
1713792600,35.6,35.9,34.83,34.96,36.40130377398485,37.31070693098175,0,0,0,24.88,47.6697,53.88,,,3,3,1,1,,,,7293268,6096084.05
1713879000,36.42,37.52,35.74,36.3,36.38104301918788,37.21882448271068,0,0,0,24.88,47.6697,53.88,,,3,3,1,1,,,,8683557,6088209.85
1713965400,36.63,36.79,34.42,34.97,36.098834415350304,37.014385893373344,0,0,0,24.88,47.6697,53.88,,,3,3,1,1,,,,8263036,6214607.3
1714051800,33.93,35.63,33.71,35.53,35.98506753228024,36.8794417212485,0,0,0,24.88,47.6697,53.88,,,3,3,1,1,,,,7276245,6383319.8
1714138200,35.72,36.405,35.46,36.01,35.99005402582419,36.80040156477136,0,0,0,24.88,47.6697,53.88,,,3,3,1,1,,,,3746578,6256516.9
1714397400,36.27,37.0799,35.995,36.56,36.10404322065936,36.778546877064876,0,0,0,24.88,47.6697,53.88,,,3,3,1,1,,,,5765583,6225388.6
1714483800,35.67,36.2,35.48,35.56,35.99523457652749,36.6677698882408,0,0,0,24.88,47.6697,53.88,,,3,3,1,1,,,,3282664,6030244.95
1714570200,35.66,37.59,35.4601,36.58,36.11218766122199,36.65979080749163,0,0,0,24.88,47.6697,53.88,,,3,3,1,1,,,,5858333,6045353.25
1714656600,37.15,37.68,36.54,37.34,36.35775012897759,36.721628006810576,0,0,0,24.88,47.6697,53.88,,,3,3,1,1,,,,4385455,5936310.45
1714743000,38.73,39.47,38.5,39.24,36.93420010318207,36.95057091528234,0,0,0,24.88,47.6697,53.88,,,3,3,1,1,,,,8482835,6073374.9
1715002200,39.58,40.23,39.03,40.11,37.56936008254566,37.237791741165765,0,0,0,24.88,47.6697,53.88,,,3,3,1,1,,,,7583039,6153464.75
1715088600,39.7223,41.04,39.7223,40.54,38.16348806603653,37.53799249196888,0,0,0,24.88,47.6697,53.88,,,3,3,1,1,,,,6400716,6256277.8
1715175000,39.96,40.35,39.01,39.03,38.33679045282922,37.67362953815353,0,0,0,24.88,47.6697,53.88,,,3,3,1,1,,,,8598917,6172513.6
1715261400,29.92,31.5,29.55,30.42,36.753432362263375,37.014208671048664,0,0,0,24.88,47.6697,53.88,,,3,3,1,1,,,,69952996,9410228.35
1715347800,30.91,31.9795,30.56,31.45,35.6927458898107,36.508371519135146,0,0,0,24.88,47.6697,53.88,,,3,3,1,1,,,,21401885,10293046.55
1715607000,31.41,32.065,30.95,30.96,34.74619671184856,36.003974108304675,0,0,0,24.88,47.6697,53.88,,,3,3,1,1,,,,12431942,10562071.25
1715693400,30.83,32.25,30.83,31.66,34.12895736947885,35.60906737118607,0,0,0,24.88,47.6697,53.88,,,3,3,1,1,,,,10789999,10818341.9
1715779800,32.01,33.1271,31.55,33.01,33.905165895583075,35.37278851926006,0,0,0,24.88,47.6697,53.88,,,3,3,1,1,,,,8683792,11037487.75
1715866200,33.01,33.775,32.68,32.76,33.67613271646646,35.13526229023642,0,0,0,29.55,47.2,,,,1,1,1,1,,,,8313469,11164118.6
1715952600,32.83,32.97,32.0606,32.9,33.52090617317317,34.932056627487654,0,0,0,29.55,47.2,,,,1,1,1,1,,,,6429894,11181210.15
1716211800,32.88,33.6,32.84,33.59,33.53472493853853,34.81005147953423,0,0,0,29.55,47.2,,,,1,1,1,1,,,,6406967,11136895.1
1716298200,33.1,33.25,32.2,32.55,33.33777995083082,34.604592254122025,0,0,0,29.55,47.2,,,,1,1,1,1,,,,9168892,11161161.85
1716384600,32.53,33.56,32.525,33.13,33.296223960664655,34.4705384128382,0,0,0,29.55,47.2,,,,1,1,1,1,,,,6975840,11096802.05
1716471000,33.09,33.2,31.59,31.97,33.03097916853172,34.24321673894382,0,0,0,29.55,47.2,,,,1,1,1,1,,,,7602321,11113105.85
1716557400,31.88,32.69,31.84,32.67,32.95878333482538,34.100197035403475,0,0,0,29.55,47.2,,,,1,1,1,1,,,,4441633,11147858.6
1716903000,32.69,33.355,32.3,32.96,32.9590266678603,33.996542759457704,0,0,0,29.55,47.2,,,,1,1,1,1,,,,6491483,11184153.6
1716989400,32.63,33.305,32.31,33.11,32.98922133428824,33.91594796314337,0,0,0,29.55,47.2,,,,1,1,1,1,,,,4354920,11237766.4
1717075800,32.92,33.34,32.695,33.15,33.02137706743059,33.846316330130335,0,0,0,29.55,47.2,,,,1,1,1,1,,,,4067247,11148212.1
1717162200,33.5,34.1,33.07,33.62,33.141101653944474,33.825742118300305,0,0,0,29.55,47.2,,,,1,1,1,1,,,,9726492,11415263.95
1717421400,34,34.51,33.88,34.48,33.408881323155576,33.885220107545734,0,0,0,29.55,47.2,,,,1,1,1,1,,,,6239849,11303114.65
1717507800,34.31,35.02,33.9,35,33.72710505852446,33.98656373413249,0,0,0,29.55,47.2,,,,1,1,1,1,,,,6449454,11246435.4
1717594200,35.91,35.91,34.9,35.6,34.101684046819564,34.13323975830226,0,0,0,29.55,47.2,,,,1,1,1,1,,,,5451701,11198984.65
1717680600,35.4,36.12,35.3148,35.64,34.40934723745565,34.270217962092964,0,0,0,29.55,47.2,,,,1,1,1,1,,,,3674615,10952769.55
1717767000,35.27,36.07,35.18,35.63,34.65347778996452,34.39383451099361,0,0,0,29.55,47.2,,,,1,1,1,1,,,,5833400,7746789.75
1718026200,35.3,35.53,34.84,34.99,34.72078223197162,34.44803137363055,0,0,0,29.55,47.2,,,,1,1,1,1,,,,4883884,6920889.7
1718112600,34.92,35.7,34.76,35.49,34.874625785577294,34.54275579420959,0,0,0,29.55,47.2,,,,1,1,1,1,,,,3826096,6490597.4
1718199000,36.47,36.605,35.875,36.03,35.10570062846183,34.67795981291781,0,0,0,29.55,47.2,,,,1,1,1,1,,,,4725006,6187347.75
1718285400,37.05,37.3,35.38,35.52,35.18856050276947,34.754508920834375,0,0,0,29.55,47.2,,,,1,1,1,1,,,,6325360,6069426.15
1718371800,35.32,35.79,34.885,35.1,35.170848402215576,34.785917200758526,0,0,0,29.55,47.2,,,,1,1,1,1,,,,5713608,5939433.1
1718631000,34.86,36.24,34.41,35.9,35.31667872177246,34.887197455235025,0,0,0,29.55,47.2,,,,1,1,1,1,,,,6858140,5960845.4
1718717400,35.9,36.13,35.505,35.9,35.43334297741797,34.979270413850024,0,0,0,29.55,47.2,,,,1,1,1,1,,,,4973376,5889165.85
1718890200,35.87,36.04,35.35,35.86,35.518674381934375,35.05933673986366,0,0,0,29.55,47.2,,,,1,1,1,1,,,,4392470,5650344.75
1718976600,35.8,36.27,35.53,36.16,35.6469395055475,35.15939703623969,0,0,0,29.55,47.2,,,,1,1,1,1,,,,8012304,5702167.95
1719235800,35.99,36.34,34.895,35.19,35.555551604438,35.162179123854266,0,0,0,29.55,47.2,,,,1,1,1,1,,,,5627206,5603412.2
1719322200,35.25,35.44,34.62,35.43,35.5304412835504,35.18652647623115,0,0,0,29.55,47.2,,,,1,1,1,1,,,,5569449,5659803
1719408600,35.37,37.33,35.27,36.91,35.80635302684032,35.34320588748287,1,0,0,29.55,47.2,,,,2,1,1,1,1,,,8337749,5752116.3
1719495000,36.67,37.79,36.63,37.22,36.089082421472256,35.513823534075335,0,0,0,29.55,47.2,,,,2,1,1,1,,,,5181893,5793464.95
1719581400,37.13,37.5,36.97,37.21,36.3132659371778,35.668021394613945,0,0,0,29.55,47.2,,,,2,1,1,1,,,,7546038,5967404.5
1719840600,37.11,37.13,36.37,37.06,36.46261274974224,35.794564904194495,0,0,0,29.55,47.2,,,,2,1,1,1,,,,3638942,5663027
1719927000,36.75,37.76,36.47,37.14,36.598090199793795,35.91687718563136,0,0,0,29.55,47.2,,,,2,1,1,1,,,,4096644,5555866.75
1720013400,37.39,38.47,37.35,37.77,36.832472159835035,36.08534289602851,0,0,0,29.55,47.2,,,,2,1,1,1,,,,3947509,5430769.5
1720186200,37.66,38.7,37.46,38.68,37.20197772786803,36.32122081457137,0,0,0,29.55,47.2,,,,2,1,1,1,,,,4445726,5380470.75
1720445400,39,39.92,38.37,39.82,37.725582182294424,36.639291649610335,0,0,0,29.55,47.2,,,,2,1,1,1,,,,7844983,5588989.15
1720531800,39.91,39.99,39.005,39.39,38.05846574583554,36.88935604510031,0,0,0,29.55,47.2,,,,2,1,1,1,,,,5112994,5552968.85
1720618200,39.58,39.77,38.605,39.66,38.37877259666843,37.14123276827301,0,0,0,29.55,47.2,,,,2,1,1,1,,,,3863586,5501953.95
1720704600,39.63,39.89,38.43,38.52,38.40701807733475,37.26657524388455,0,0,0,29.55,47.2,,,,2,1,1,1,,,,4325061,5526902.2
1720791000,39.86,40.68,39.49,40.53,38.8316144618678,37.56325022171323,0,1,0,29.55,47.2,,,,3,1,1,1,,1,,8292145,5705259.15
1721050200,40.7,41.62,40.25,41.11,39.28729156949424,37.8856820197393,0,0,0,29.55,47.2,,,,3,1,1,1,,,,6457385,5711860.4
1721136600,41.27,41.485,40.7,41.28,39.6858332555954,38.194256381581184,0,0,0,29.55,47.2,,,,3,1,1,1,,,,4620516,5657205.8
1721223000,40.48,41.03,39.53,40,39.74866660447632,38.35841489234653,0,0,0,29.55,47.2,,,,3,1,1,1,,,,5135329,5571065.25
1721309400,40.07,40.725,39.56,39.79,39.756933283581056,38.488558993042304,0,0,0,29.55,47.2,,,,3,1,1,1,,,,3332829,5489037.9
1721395800,39.7,40.76,39.52,40.52,39.909546626864845,38.673235448220275,0,0,0,29.55,47.2,,,,3,1,1,1,,,,4053912,5472110
1721655000,40.99,41.285,40.77,41,40.12763730149187,38.88475949838207,0,0,0,29.55,47.2,,,,3,1,1,1,,,,3660874,5254538.5
1721741400,40.3,41.165,40.23,41.08,40.3181098411935,39.08432681671097,0,0,0,29.55,47.2,,,,3,1,1,1,,,,4680139,5207185.15
1721827800,40.47,41.08,39.89,39.96,40.246487872954795,39.163933469737245,0,0,0,29.55,47.2,,,,3,1,1,1,,,,3150361,5086230.75
1721914200,40.01,41.14,39.55,40.54,40.30519029836383,39.28903042703386,0,0,0,29.55,47.2,,,,3,1,1,1,,,,3589795,4848833.05
1722000600,41,41.08,40.0002,40.51,40.34615223869107,39.40002766093987,0,0,0,29.55,47.2,,,,3,1,1,1,,,,3194512,4749464
1722259800,40.95,41,40.2,40.57,40.39092179095285,39.50638878267261,0,0,0,29.55,47.2,,,,3,1,1,1,,,,6316402,4687982.2
1722346200,40.75,41.389,40.67,41.03,40.51873743276228,39.644898893338734,0,0,0,29.55,47.2,,,,3,1,1,1,,,,5584077,4785238.95
1722432600,41.49,42.04,41.04,41.52,40.718989946209824,39.81536263030794,0,0,0,29.55,47.2,,,,3,1,1,1,,,,7762792,4968546.35
1722519000,40.09,41.04,37.34,38.85,40.34519195696786,39.72760239118904,0,0,0,29.55,47.2,,,,3,1,1,1,,,,15411281,5541734.95
1722605400,38.145,39.255,37.305,39.04,40.08415356557429,39.665093082899126,0,0,0,29.55,47.2,,,,3,1,1,1,,,,7398291,5689363.2
1722864600,36.6,37.29,35.3,36.53,39.37332285245943,39.380084620817385,0,0,0,29.55,47.2,,,,3,1,1,1,,,,13114046,5952816.35
1722951000,36.96,38.11,36.18,37.67,39.03265828196754,39.22462238256126,0,0,0,29.55,47.2,,,,3,1,1,1,,,,9997878,6197060.55
1723037400,38.11,38.7,36.07,36.18,38.46212662557404,38.94783852960114,0,0,0,29.55,47.2,,,,3,1,1,1,,,,6472068,6327484.65
1723123800,36.49,37.32,36.32,37.17,38.20370130045923,38.78621684509195,0,0,0,29.55,47.2,,,,3,1,1,1,,,,6219718,6422217.5
1723210200,37.33,37.55,36.77,37.02,37.96696104036739,38.625651677356316,0,0,0,29.55,47.2,,,,3,1,1,1,,,,4669686,6241094.55
1723469400,37.14,37.9,36.91,37.32,37.83756883229391,38.50695607032392,0,0,0,29.55,47.2,,,,3,1,1,1,,,,5298449,6183147.75
1723555800,38.45,39.68,38.0501,38.75,38.02005506583513,38.52905097302175,0,0,0,29.55,47.2,,,,3,1,1,1,,,,6551069,6279675.4
1723642200,38.86,39.19,38.645,39.09,38.234044052668104,38.58004633911068,0,0,0,29.55,47.2,,,,3,1,1,1,,,,3691551,6207486.5
1723728600,39.68,40.62,39.22,40.5,38.687235242134484,38.75458758100971,0,0,0,29.55,47.2,,,,3,1,1,1,,,,5084761,6295083.1
1723815000,40.3,41.17,40.24,40.59,39.067788193707585,38.92144325546337,0,0,0,29.55,47.2,,,,3,1,1,1,,,,6136551,6399215.05
1724074200,40.54,40.87,39.72,40.86,39.42623055496607,39.09767568678488,0,0,0,29.55,47.2,,,,3,1,1,1,,,,6661454,6549244.05
1724160600,40.5,40.74,39.72,40.54,39.64898444397286,39.22879607889535,0,0,0,29.55,47.2,,,,3,1,1,1,,,,11753153,6902894.75
1724247000,40.68,43.49,40.67,43.35,40.38918755517829,39.60345098081395,0,0,0,29.55,47.2,,,,3,1,1,1,,,,11870237,7338888.55
1724333400,43.45,44.03,43.14,43.36,40.98335004414263,39.944955437103594,0,0,0,29.55,47.2,,,,3,1,1,1,,,,8955063,7607151.95
1724419800,43.6,44.425,43.28,44.16,41.61868003531411,40.328141306457816,0,0,0,29.55,47.2,,,,3,1,1,1,,,,6266460,7760749.35
1724679000,44.05,44.48,43.71,43.94,42.08294402825128,40.656492096779836,0,0,0,29.55,47.2,,,,3,1,1,1,,,,4192801,7654569.3
1724765400,43.27,44.22,43.09,44.16,42.49835522260103,40.974992815254396,0,0,0,29.55,47.2,,,,3,1,1,1,,,,5312048,7640967.85
1724851800,44.16,44.51,43.73,44.13,42.82468417808082,41.261811650231266,0,0,0,29.55,47.2,,,,3,1,1,1,,,,4182658,7461961.15
1724938200,44.45,44.85,43.445,43.57,42.973747342464655,41.4716469547557,0,0,0,29.55,47.2,,,,3,1,1,1,,,,4613839,6922089.05
1725024600,43.72,44.49,43.59,43.99,43.17699787397172,41.700588140686996,0,0,0,29.55,47.2,,,,3,1,1,1,,,,5261596,6815254.3
1725370200,43.88,44.03,42.485,42.92,43.125598299177376,41.81144376426091,0,0,0,29.55,47.2,,,,3,1,1,1,,,,5256657,6422384.85
1725456600,42.78,43.88,42.61,43.26,43.1524786393419,41.943130694782646,0,0,0,29.55,47.2,,,,3,1,1,1,,,,3111890,6078085.45
1725543000,43.06,43.8,43.02,43.71,43.26398291147352,42.10375517707513,0,0,0,29.55,47.2,,,,3,1,1,1,,,,3008246,5904894.35
1725629400,44.8,44.96,42.325,43.64,43.339186329178816,42.24341379734103,0,0,0,29.55,47.2,,,,3,1,1,1,,,,6198955,5903856.2
1725888600,44.12,45,43.195,43.62,43.395349063343055,42.368557997582755,0,0,0,29.55,47.2,,,,3,1,1,1,,,,6759306,6008337.2
1725975000,43.83,44.9,43.645,44.9,43.69627925067444,42.598689088711595,0,0,0,29.55,47.2,,,,3,1,1,1,,,,4463806,5966605.05
1726061400,44.37,45.07,43.84,44.99,43.95502340053955,42.81608098973781,0,0,0,29.55,47.2,,,,3,1,1,1,,,,6618571,5969980.15
1726147800,45.01,46,44.53,45.41,44.24601872043164,43.05189180885256,0,0,0,29.55,47.2,,,,3,1,1,1,,,,5292237,6050014.45
1726234200,45.44,46.12,45.28,45.87,44.57081497634531,43.30808346259324,0,0,0,29.55,47.2,,,,3,1,1,1,,,,4713434,6031448.1
1726493400,45.82,47.495,45.64,46.24,44.90465198107625,43.57462132963022,0,0,0,29.55,47.2,,,,3,1,1,1,,,,8226591,6135950.1
1726579800,46.42,46.98,45.52,45.74,45.071721584861,43.77147393602747,0,0,0,29.55,47.2,,,,3,1,1,1,,,,5190928,6062423.8
1726666200,45.75,46.14,45.11,45.28,45.1133772678888,43.90861266911588,0,0,0,29.55,47.2,,,,3,1,1,1,,,,6325447,5791038.5
1726752600,46.15,46.845,45.66,46.3,45.35070181431104,44.126011517378075,0,0,0,29.55,47.2,,,,3,1,1,1,,,,7080337,5551543.5
1726839000,45.99,46.56,45.54,46.03,45.48656145144883,44.29910137943461,0,0,0,29.55,47.2,,,,3,1,1,1,,,,7791371,5493358.9
1727098200,46.26,46.44,45.1,45.53,45.495249161159066,44.41100125403146,0,0,0,29.55,47.2,,,,3,1,1,1,,,,9134790,5636775.4
1727184600,45.31,47.21,45.17,47.11,45.81819932892725,44.65636477639224,0,0,0,29.55,47.2,,,,3,1,1,1,,,,9528658,5903568.25
1727271000,47.45,48.43,47.26,47.64,46.1825594631418,44.92760434217476,0,0,0,29.55,47.2,,,,3,1,1,1,,,,7828352,6029383.45
1727357400,47.81,47.93,44.6101,44.87,45.92004757051344,44.922367583795236,0,0,0,29.55,47.2,,,,3,1,1,1,,,,7965950,6218548.05
1727443800,44.63,45.05,43.76,44.18,45.572038056410754,44.85487962163203,0,0,0,29.55,47.2,,,,3,1,1,1,,,,6093694,6292540.8
1727703000,44.08,44.64,43.9,44.26,45.309630445128604,44.80079965602912,0,0,0,29.55,47.2,,,,3,1,1,1,,,,4187374,6238829.7
1727789400,44.38,44.46,42.86,43.53,44.95370435610288,44.685272414571926,0,0,0,29.55,47.2,,,,3,1,1,1,,,,4922720,6222132.85
1727875800,43.32,43.85,42.88,43.39,44.640963484882306,44.56752037688357,0,0,0,29.55,47.2,,,,3,1,1,1,,,,6515335,6392305.1
1727962200,43.01,43.32,41.81,42.18,44.148770787905846,44.35047306989416,0,0,0,29.55,47.2,,,,3,1,1,1,,,,7790190,6631402.3
1728048600,42.64,42.702,40.88,41.99,43.71701663032468,44.13588460899469,0,0,0,29.55,47.2,,,,3,1,1,1,,,,8199502,6731429.65
1728307800,41.81,41.94,41.27,41.39,43.25161330425974,43.886258735449715,0,0,0,29.55,47.2,,,,3,1,1,1,,,,6662791,6726603.9
1728394200,37.65,40.52,37.5,40.51,42.70329064340779,43.579326123136106,0,0,0,29.55,47.2,,,,3,1,1,1,,,,30320584,8019442.8
1728480600,40.61,42.365,40.5601,41.74,42.51063251472623,43.41211465739646,0,0,0,29.55,47.2,,,,3,1,1,1,,,,10691274,8223077.95
1728567000,41.35,42.13,41.2096,41.4,42.28850601178099,43.229195143087686,0,0,0,29.55,47.2,,,,3,1,1,1,,,,6463105,8281621.35
1728653400,41.32,41.65,41.1,41.6,42.15080480942479,43.08108649371608,0,0,0,29.55,47.2,,,,3,1,1,1,,,,4436464,8267772.85
1728912600,41.66,41.72,39.93,40.79,41.878643847539834,42.87280590337825,0,0,0,29.55,47.2,,,,3,1,1,1,,,,7192131,8216049.85
1728999000,40.95,41.3875,40.39,40.76,41.65491507803187,42.68073263943477,0,0,0,29.55,47.2,,,,3,1,1,1,,,,6115309,8262268.9
1729085400,40.735,41.71,40.515,41.39,41.6019320624255,42.56339330857707,0,0,0,29.55,47.2,,,,3,1,1,1,,,,5360569,8214025
1729171800,41.68,41.75,39.83,39.86,41.2535456499404,42.31763028052461,0,0,0,29.55,47.2,,,,3,1,1,1,,,,5973375,8158676.9
1729258200,39.99,40.155,39.3,39.93,40.98883651995232,42.1005729822951,0,0,0,29.55,47.2,,,,3,1,1,1,,,,5751502,8056683.45
1729517400,39.5,40.37,39.46,40.31,40.85306921596186,41.93779362026827,0,0,0,29.55,47.2,,,,3,1,1,1,,,,4626917,7831289.8
1729603800,40.84,41.66,40.57,41.29,40.940455372769485,41.87890329115297,0,0,0,29.55,47.2,,,,3,1,1,1,,,,6027097,7656211.75
1729690200,42.4,43,41.125,41.16,40.98436429821559,41.8135484465027,0,0,0,29.55,47.2,,,,3,1,1,1,,,,5882382,7558913.25
1729776600,41.43,41.94,41.17,41.78,41.14349143857247,41.810498587729725,0,0,0,29.55,47.2,,,,3,1,1,1,,,,4923055,7406768.5
1729863000,42.14,42.495,41.94,42.14,41.34279315085797,41.84045326157248,0,0,0,29.55,47.2,,,,3,1,1,1,,,,7142449,7459206.25
1730122200,42.59,43.145,42.18,42.3,41.534234520686375,41.88223023779316,0,0,0,29.55,47.2,,,,3,1,1,1,,,,5830532,7541364.15
1730208600,42.145,42.96,41.5,42.61,41.7493876165491,41.94839112526651,0,0,0,29.55,47.2,,,,3,1,1,1,,,,5487389,7569597.6
1730295000,42.72,43.54,42.36,43.14,42.02751009323928,42.05671920478774,0,0,0,29.55,47.2,,,,3,1,1,1,,,,6682811,7577971.4
1730381400,51.12,52.65,48,51.72,43.96600807459142,42.93519927707976,0,0,0,29.55,47.2,,,,3,1,1,1,,,,37475785,9062251.15
1730467800,51.11,52.07,50.66,51.44,45.46080645967314,43.70836297916342,0,0,0,29.55,47.2,,,,3,1,1,1,,,,12925147,9298533.4
1730730600,52.74,53.07,49.97,50,46.36864516773851,44.280329981057655,0,0,0,29.55,47.2,,,,3,1,1,1,,,,19491439,9939965.8
1730817000,49.92,51.6099,49.61,51.18,47.33091613419081,44.90757271005241,0,0,0,29.55,47.2,,,,3,1,1,1,,,,10265805,8937226.85
1730903400,51.99,53,50.85,52.9,48.444732907352645,45.634157009138555,0,0,0,29.55,47.2,,,,3,1,1,1,,,,8570916,8831208.95
1730989800,52.88,53.66,51.8501,53.11,49.37778632588211,46.313779099216866,0,0,0,29.55,47.2,,,,3,1,1,1,,,,7974557,8906781.55
1731076200,52.88,54.07,52.17,52.4,49.98222906070569,46.86707190837897,0,0,0,29.55,47.2,,,,3,1,1,1,,,,8165613,9093239
1731335400,52.45,55.1,52.38,54.56,50.89778324856455,47.566429007617245,0,0,0,29.55,47.2,,,,3,1,1,1,,,,12354532,9351359.05
1731421800,54.15,55.09,54.1,54.38,51.59422659885164,48.185844552379315,0,0,0,29.55,47.2,,,,3,1,1,1,,,,10280627,9559624.95
1731508200,54.45,54.65,52.91,53.14,51.903381279081316,48.636222320344835,0,0,0,29.55,47.2,,,,3,1,1,1,,,,8333890,9708291
1731594600,52.37,53.57,51.82,52.73,52.06870502326505,49.008383927586216,0,0,0,29.55,47.2,,,,3,1,1,1,,,,6913566,9755300.55
1731681000,52.5,52.53,50.68,50.73,51.80096401861204,49.16489447962383,0,0,0,29.55,47.2,,,,3,1,1,1,,,,9122580,9923854.45
1731940200,51,51.25,50.21,51.03,51.64677121488963,49.334449526930754,0,0,0,29.55,47.2,,,,3,1,1,1,,,,14484486,10416732.9
1732026600,50.53,53.16,50.53,52.24,51.765416971911705,49.59859047902796,0,0,0,29.55,47.2,,,,3,1,1,1,,,,9487447,10589750.4
1732113000,52.29,52.32,50.6,51.52,51.71633357752936,49.7732640718436,0,0,0,29.55,47.2,,,,3,1,1,1,,,,13117623,10951512.45
1732199400,51.035,51.4,48.1,49.35,51.24306686202349,49.734785519857816,0,0,0,29.55,47.2,,,,3,1,1,1,,,,15731639,11491941.65
1732285800,49.28,50.3759,48.61,49.38,50.87045348961879,49.702532290779835,0,0,0,29.55,47.2,,,,3,1,1,1,,,,6826557,11476147.05
1732545000,49.13,49.49,47.95,49.16,50.52836279169503,49.65321117343621,0,0,0,29.55,47.2,,,,3,1,1,1,,,,9519130,11660576.95
1732631400,49.18,50.01,48.93,49.06,50.23469023335603,49.59928288494201,0,0,0,29.55,47.2,,,,3,1,1,1,,,,6919336,11732174.3
1732717800,49.09,50.545,48.61,49.37,50.06175218668482,49.57843898631092,0,0,0,29.55,47.2,,,,3,1,1,1,,,,5617883,11678927.9
1732890600,49.81,50.73,49.68,50.13,50.075401749347854,49.62858089664629,0,0,0,29.55,47.2,,,,3,1,1,1,,,,3629228,9986600.05
1733149800,50.99,52.65,50.94,52.16,50.492321399478286,49.85870990604208,0,0,0,29.55,47.2,,,,3,1,1,1,,,,8231654,9751925.4
1733236200,51.76,53.63,51.63,53.53,51.09985711958263,50.192463550947345,0,0,0,29.55,47.2,,,,3,1,1,1,,,,6239366,9089321.75
1733322600,53.92,54.61,53.36,54.54,51.787885695666105,50.58769413722486,0,0,0,29.55,47.2,,,,3,1,1,1,,,,5883503,8870206.65
1733409000,54.94,59.14,54.73,58.94,53.21830855653288,51.34699467020442,0,0,0,29.55,47.2,,,,3,1,1,1,,,,21008695,9492095.6
1733495400,58.87,59.8,57.76,59.31,54.436646845226306,52.07090424564038,0,0,0,29.55,47.2,,,,3,1,1,1,,,,8964106,9541573.05
1733754600,59.22,59.22,55.6104,56.93,54.93531747618105,52.51264022330943,0,0,0,29.55,47.2,,,,3,1,1,1,,,,8585134,9562549.1
1733841000,56.91,57.41,55.65,56.26,55.20025398094484,52.85330929391767,0,0,0,29.55,47.2,,,,3,1,1,1,,,,5276999,9208672.45
1733927400,58.41,61.01,57.65,59.89,56.13820318475587,53.49300844901606,0,0,0,29.55,47.2,,,,3,1,1,1,,,,13017117,9345496.95
1734013800,59.89,61.05,58.6,59.61,56.83256254780469,54.0490985900146,0,0,0,29.55,47.2,,,,3,1,1,1,,,,6492403,9253422.6
1734100200,60,60.217,58.7762,59.6,57.38605003824375,54.553725990922366,0,0,0,29.55,47.2,,,,3,1,1,1,,,,5793531,9197420.85
1734359400,58.87,61.77,58.424,61.45,58.198840030595,55.1806599917476,0,0,0,29.55,47.2,,,,3,1,1,1,,,,6389609,9060772.3
1734445800,60.85,61.35,59.3201,61.25,58.809072024476,55.732418174316,0,0,0,29.55,47.2,,,,3,1,1,1,,,,5141349,8593615.45
1734532200,60.833,61.53,58.24,58.8,58.8072576195808,56.01128924937819,0,0,0,29.55,47.2,,,,3,1,1,1,,,,7498766,8494181.4
1734618600,58.33,59.565,57.88,58.91,58.82780609566464,56.27480840852562,0,0,0,29.55,47.2,,,,3,1,1,1,,,,5903672,8133483.85
1734705000,57.92,60.17,57.49,60.11,59.08424487653171,56.62346218956875,0,0,0,29.55,47.2,,,,3,1,1,1,,,,8456404,7769722.1
1734964200,60.44,60.63,59.05,59.27,59.12139590122537,56.86405653597159,0,0,0,29.55,47.2,,,,3,1,1,1,,,,4592649,7658026.7
1735050600,59.17,59.63,57.8911,59.56,59.2091167209803,57.10914230542872,0,0,0,29.55,47.2,,,,3,1,1,1,,,,2071751,7285657.75
1735223400,59,60.1,58.85,59.93,59.35329337678424,57.36558391402611,0,0,0,29.55,47.2,,,,3,1,1,1,,,,2723140,7075847.95
1735309800,59.95,59.95,58.33,59.45,59.37263470142739,57.555076285478286,0,0,0,29.55,47.2,,,,3,1,1,1,,,,3353382,6962622.9
1735569000,58.13,59.209,57.3,58.48,59.19410776114191,57.63916025952572,0,0,0,29.55,47.2,,,,3,1,1,1,,,,3756871,6969005.05
1735655400,58.52,58.7812,57.71,57.86,58.92728620891353,57.659236599568835,0,0,0,29.55,47.2,,,,3,1,1,1,,,,2887975,6701821.1
1735828200,58.5,59.105,57.02,58.84,58.90982896713082,57.76657872688076,0,0,0,29.55,47.2,,,,3,1,1,1,,,,4918810,6635793.3
1735914600,59.13,61,59.13,60.47,59.221863173704655,58.012344297164326,0,0,0,29.55,47.2,,,,3,1,1,1,,,,4657284,6574482.35
1736173800,60.71,62.4199,60.57,61.93,59.76349053896372,58.36849481560393,0,0,0,29.55,47.2,,,,3,1,1,1,,,,7279936,5888044.4
1736260200,62.41,62.48,59.96,61.3,60.07079243117098,58.63499528691266,0,0,0,29.55,47.2,,,,3,1,1,1,,,,5780754,5728876.8
1736346600,62.83,63.58,60.71,62.05,60.46663394493678,58.945450260829695,0,0,0,29.55,47.2,,,,3,1,1,1,,,,8283571,5713798.65
1736519400,61.36,62.1999,60.1335,61.82,60.73730715594942,59.20677296439063,0,0,0,29.55,47.2,,,,3,1,1,1,,,,6191024,5759499.9
1736778600,60.57,61.42,59.39,61.37,60.863845724759535,59.403429967627844,0,0,0,29.55,47.2,,,,3,1,1,1,,,,7364082,5476848.15
1736865000,62.145,62.98,61.33,62.26,61.14307657980763,59.66311815238895,0,0,0,29.55,47.2,,,,3,1,1,1,,,,7653462,5534901.1
1736951400,63.515,64.43,62.79,63.74,61.662461263846104,60.033743774899044,0,0,0,29.55,47.2,,,,3,1,1,1,,,,6072557,5548852.4
1737037800,64.53,66.51,64.3,65.26,62.38196901107688,60.50885797718095,0,0,0,29.55,47.2,,,,3,1,1,1,,,,9823869,5720565.4
1737124200,66.28,66.4499,65.1301,65.53,63.01157520886151,60.965325433800864,0,0,0,29.55,47.2,,,,3,1,1,1,,,,5766953,5751845.6
1737469800,66.37,66.86,65.63,66.1,63.62926016708921,61.43211403072806,0,0,0,29.55,47.2,,,,3,1,1,1,,,,5421141,5647964.35
1737556200,66.52,66.85,65.21,66,64.10340813367137,61.84737639157096,0,0,0,29.55,47.2,,,,3,1,1,1,,,,5600355,5632798.5
1737642600,64.77,67.32,64.1,67.11,64.70472650693709,62.32579671960996,0,0,0,29.55,47.2,,,,3,1,1,1,,,,6112464,5515601.5
1737729000,67.2,67.43,66.52,67.07,65.17778120554968,62.757087926918146,0,0,0,29.55,47.2,,,,3,1,1,1,,,,3650626,5468500.35
1737988200,64.32,67.864,63.88,67.17,65.57622496443975,63.15826175174377,0,0,0,29.55,47.2,,,,3,1,1,1,,,,5308557,5630340.65
1738074600,67.465,69.12,66.91,68.43,66.1469799715518,63.63751068340343,0,0,0,29.55,47.2,,,,3,1,1,1,,,,5572091,5772788.2
1738161000,68.85,70.68,68.06,70.08,66.93358397724144,64.22319153036675,0,0,0,29.55,47.2,,,,3,1,1,1,,,,6473026,5928770.4
1738247400,70.05,71.765,69.5,71.38,67.82286718179316,64.87381048215158,0,0,0,29.55,47.2,,,,3,1,1,1,,,,11757597,6328806.7
1738333800,71.5,71.89,70.25,71.07,68.47229374543453,65.43710043831962,0,0,0,29.55,47.2,,,,3,1,1,1,,,,10723360,6720575.95
1738593000,69.63,71.7,69.63,70.68,68.91383499634762,65.91372767119965,0,0,0,29.55,47.2,,,,3,1,1,1,,,,7748323,6862051.6
1738679400,71.94,73.86,71.31,73.79,69.8890679970781,66.62975242836332,0,0,0,29.55,47.2,,,,3,1,1,1,,,,9083957,7083385.25
1738765800,74.21,75.74,73.47,75.47,71.00525439766248,67.43341129851211,0,0,0,29.55,47.2,,,,3,1,1,1,,,,13637942,7401285.55
1738852200,60.135,67.86,60.01,67.12,70.22820351812999,67.40491936228374,0,0,0,29.55,47.2,,,,3,1,1,1,,,,52586499,9741572.8
1738938600,66.69,69.15,64.335,66.28,69.438562814504,67.30265396571248,0,0,0,29.55,47.2,,,,3,1,1,1,,,,23985500,10526669.25
1739197800,64.78,65.99,63.63,65.05,68.5608502516032,67.0978672415568,0,0,0,29.55,47.2,,,,3,1,1,1,,,,11079113,10771073.7
1739284200,64.15,66.5,63.75,66.05,68.05868020128256,67.00260658323346,0,0,0,29.55,47.2,,,,3,1,1,1,,,,8893365,10847537.85
1739370600,65.37,66.28,63.96,64.2,67.28694416102604,66.74782416657587,0,0,0,29.55,47.2,,,,3,1,1,1,,,,6736464,10801687.95
1739457000,63.82,65.6,63.22,65.53,66.93555532882084,66.63711287870534,0,0,0,29.55,47.2,,,,3,1,1,1,,,,7822427,10889181.45
1739543400,65.48,67.18,65.25,66.75,66.89844426305667,66.64737534427758,0,0,0,29.55,47.2,,,,3,1,1,1,,,,6356587,10715817.35
1739889000,66.83,67.17,64.67,66.1,66.73875541044534,66.59761394934326,0,0,0,29.55,47.2,,,,3,1,1,1,,,,7276842,10791311.8
1739975400,66.19,66.88,63.63,63.64,66.11900432835627,66.32873995394841,0,0,0,29.55,47.2,,,,3,1,1,1,,,,5530801,10796794.8
1740061800,63.47,63.59,60.76,62.82,65.45920346268501,66.00976359449857,0,0,0,29.55,47.2,,,,3,1,1,1,,,,13014072,11167480.65
1740148200,62.82,63,62.0401,62.51,64.869362770148,65.69160326772597,0,0,0,29.55,47.2,,,,3,1,1,1,,,,6810514,11202383.15
1740407400,61.3,61.8399,59.9,61.07,64.1094902161184,65.27145751611451,0,0,0,29.55,47.2,,,,3,1,1,1,,,,8743059,11457004.8
1740493800,60.5,60.575,58.51,59.4,63.16759217289472,64.73768865101319,0,0,0,29.55,47.2,,,,3,1,1,1,,,,7713139,11577233.9
1740580200,59.385,61.05,59.074,59.78,62.49007373831578,64.28698968273926,0,0,0,29.55,47.2,,,,3,1,1,1,,,,9741235,11785691.1
1740666600,61.26,62.79,60.28,60.43,62.07805899065262,63.93635425703569,0,0,0,29.55,47.2,,,,3,1,1,1,,,,14136806,12168880.1
1740753000,62.4,64.44,61.8,63.64,62.390447192522096,63.90941296094154,0,0,0,29.55,47.2,,,,3,1,1,1,,,,13449406,12253470.55
1741012200,64.4,65.17,61.86,62.18,62.34835775401768,63.752193600855946,0,0,0,29.55,47.2,,,,3,1,1,1,,,,8510766,12142840.85
1741098600,60.8,63.27,58.6,62.66,62.41068620321414,63.65290327350541,0,0,0,29.55,47.2,,,,3,1,1,1,,,,9304440,12220646.7
1741185000,62.87,63.58,61.26,63.31,62.59054896257131,63.62173024864128,0,0,0,29.55,47.2,,,,3,1,1,1,,,,3672246,11950061.15
1741271400,62.04,62.38,58.37,58.57,61.78643917005705,63.162482044219345,0,0,0,29.55,47.2,,,,3,1,1,1,,,,5941971,11565262.6
1741357800,58.2,59.325,53.58,57.17,60.86315133604564,62.61771094929031,0,0,0,29.55,47.2,,,,3,1,1,1,,,,11386622,9505268.75
1741613400,55.94,55.98,52.3,53.77,59.444521068836515,61.81337359026392,0,0,0,29.55,47.2,,,,3,1,1,1,,,,12828668,8947427.15
1741699800,53.46,55.37,52.56,54.75,58.50561685506921,61.171248718421744,0,0,0,29.55,47.2,,,,3,1,1,1,,,,16627714,9224857.2
1741786200,56.665,57.54,55.46,56.86,58.17649348405537,60.77931701674704,0,0,0,29.55,47.2,,,,3,1,1,1,,,,7632251,9161801.5
1741872600,57.82,57.85,54.57,55.73,57.687194787244295,60.32028819704276,0,0,0,29.55,47.2,,,,3,1,1,1,,,,13423997,9496178.15
1741959000,57.36,58.44,55.5,56.51,57.45175582979544,59.97389836094796,0,0,0,29.55,47.2,,,,3,1,1,1,,,,11659665,9688040.05
1742218200,56.45,57.98,56.22,56.97,57.35540466383635,59.700816691770875,0,0,0,29.55,47.2,,,,3,1,1,1,,,,7443279,9742374.65
1742304600,56.82,57.11,54.97,55.98,57.08032373106908,59.36256062888261,0,0,0,29.55,47.2,,,,3,1,1,1,,,,4833906,9620227.85
1742391000,56.12,58.77,55.8,58.1,57.28425898485526,59.24778238989328,0,0,0,29.55,47.2,,,,3,1,1,1,,,,7160370,9701706.3
1742477400,57.74,59.4,57.23,57.92,57.41140718788421,59.127074899902986,0,0,0,29.55,47.2,,,,3,1,1,1,,,,5489204,9325462.9
1742563800,58.21,61.44,57.1,61.16,58.16112575030736,59.31188627263908,0,0,0,29.55,47.2,,,,3,1,1,1,,,,13370947,9653484.55
1742823000,61.925,62.5,60.785,61.18,58.76490060024589,59.48171479330826,0,0,0,29.55,47.2,,,,3,1,1,1,,,,7901439,9611403.55
1742909400,61.7,62.6592,60.64,62.01,59.41392048019671,59.71155890300751,0,0,0,29.55,47.2,,,,3,1,1,1,,,,4742355,9462864.35
1742995800,61.86,62.13,60.01,60.36,59.60313638415737,59.77050809364319,0,0,0,29.55,47.2,,,,3,1,1,1,,,,3657335,9158669.35
1743082200,59.75,60.61,59.17,59.5,59.58250910732589,59.745916448766536,0,0,0,29.55,47.2,,,,3,1,1,1,,,,3415887,8622623.4
1743168600,59.25,60.89,58.4373,59.07,59.480007285860715,59.68446949887867,0,0,0,29.55,47.2,,,,3,1,1,1,,,,6546551,8277480.65
1743427800,57.65,58.62,56.3226,58.29,59.24200582868857,59.55769954443515,0,0,0,29.55,47.2,,,,3,1,1,1,,,,5148820,8109383.35
1743514200,62.23,62.23,58.22,60.99,59.59160466295086,59.68790867675923,0,0,0,29.55,47.2,,,,3,1,1,1,,,,13916965,8340009.6
1743600600,60.415,63.78,60.33,61.61,59.99528373036068,59.8626442515993,0,0,0,29.55,47.2,,,,3,1,1,1,,,,9558988,8634346.7
1743687000,57.885,59.53,57.49,58.22,59.640226984288546,59.71331295599936,0,0,0,29.55,47.2,,,,3,1,1,1,,,,6559493,8665222.8
1743773400,55.89,56.5,51.27,52.96,58.30418158743084,59.09937541454487,0,0,0,29.55,47.2,,,,3,1,1,1,,,,10526484,8622215.9
1744032600,50.51,56.08,50.1,52.53,57.149345269944675,58.50215946776807,0,0,0,29.55,47.2,,,,3,1,1,1,,,,7628384,8362201.7
1744119000,54.51,55.24,50.2801,51.22,55.96347621595574,57.84014497069824,0,0,0,29.55,47.2,,,,3,1,1,1,,,,5377599,7799695.95
1744205400,51.175,57.395,50.84,57.31,56.23278097276459,57.79194997336204,0,0,0,29.55,47.2,,,,3,1,1,1,,,,9857280,7910947.4
1744291800,57.11,57.125,54.14,56.12,56.21022477821167,57.63995452123822,0,0,0,29.55,47.2,,,,3,1,1,1,,,,7466406,7613067.85
1744378200,55.215,57.73,55.2,57.26,56.42017982256933,57.60541320112565,0,0,0,29.55,47.2,,,,3,1,1,1,,,,5989287,7329548.95
1744637400,58.48,58.8,56.0308,56.91,56.51814385805547,57.54219381920514,0,0,0,29.55,47.2,,,,3,1,1,1,,,,4406139,7177691.95
1744723800,57.2,59.9,57.16,58.88,56.990515086444375,57.66381256291376,0,0,0,29.55,47.2,,,,3,1,1,1,,,,6082894,7240141.35
1744810200,58.12,60,57.86,59.09,57.4104120691555,57.79346596628524,0,0,0,29.55,47.2,,,,3,1,1,1,,,,6835107,7223878.2
1744896600,59.3,60.63,58.9078,59.71,57.8703296553244,57.967696332986584,0,0,0,29.55,47.2,,,,3,1,1,1,,,,5119353,7205385.65
1745242200,59.6,60.56,58.73,59.91,58.27826372425952,58.144269393624164,0,0,0,29.55,47.2,,,,3,1,1,1,,,,5899827,6831829.65
1745328600,60.63,62.72,60.605,62.15,59.05261097940761,58.50842672147651,0,0,0,29.55,47.2,,,,3,1,1,1,,,,6128147,6743165.05
1745415000,64.075,64.63,62.65,63.48,59.93808878352609,58.960387928615006,0,0,0,29.55,47.2,,,,3,1,1,1,,,,6948960,6853495.3
1745501400,62.79,65.99,62.79,65.69,61.08847102682087,59.57217084419546,0,0,0,29.55,47.2,,,,3,1,1,1,,,,7671804,7054218.75
1745587800,65.555,66.8999,65.42,66.58,62.1867768214567,60.209246221995876,0,0,0,29.55,47.2,,,,3,1,1,1,,,,4441564,7105502.6
1745847000,66.38,67.0999,65.65,66.43,63.035421457165356,60.774769292723526,0,0,0,29.55,47.2,,,,3,1,1,1,,,,5738302,7065090.15
1745933400,66.43,66.84,65.54,66.4,63.70833716573229,61.28615390247593,0,0,0,29.55,47.2,,,,3,1,1,1,,,,8248182,7220058.25
1746019800,63.945,67.07,63.5,67.05,64.37666973258582,61.81013991134176,0,0,0,29.55,47.2,,,,3,1,1,1,,,,10361309,7042275.45
1746106200,70.11,71.6,66.5,69,65.30133578606866,62.46376355576523,0,0,0,29.55,47.2,,,,3,1,1,1,,,,21650106,7646831.35
1746192600,71.38,74.24,71.2,74.09,67.05906862885493,63.52069414160476,0,0,0,29.55,47.2,,,,3,1,1,1,,,,15015558,8069634.6
1746451800,71.98,72.95,71.27,71.82,68.01125490308394,64.27517649236796,0,0,0,29.55,47.2,,,,3,1,1,1,,,,11736362,8130128.5
1746538200,70,71.58,68.55,70.77,68.56300392246715,64.86561499306178,0,0,0,29.55,47.2,,,,3,1,1,1,,,,10523076,8274863.1
1746624600,71.03,71.865,70.09,70.44,68.93840313797372,65.3723772664198,0,0,0,29.55,47.2,,,,3,1,1,1,,,,5416226,8276794.45
1746711000,70.87,71.61,69.88,70.05,69.16072251037897,65.79761569674528,0,0,0,29.55,47.2,,,,3,1,1,1,,,,4736762,8020768.55
1746797400,70.21,72.47,70.17,71.88,69.70457800830317,66.3505597243139,0,0,0,29.55,47.2,,,,3,1,1,1,,,,7287080,8011802.25
1747056600,73.01,74.6,70.96,73.49,70.46166240664253,66.99959974937627,0,0,0,29.55,47.2,,,,3,1,1,1,,,,8716355,8148155.65
1747143000,73.93,77.24,73.38,77.02,71.77332992531403,67.91054522670571,0,0,0,29.55,47.2,,,,3,1,1,1,,,,12375793,8546638.35
1747229400,77.4,79.5,77.26,79.45,73.30866394025122,68.95958656973247,0,0,0,29.55,47.2,,,,3,1,1,1,,,,10788036,8781895.45
1747315800,79.74,80.9,78.69,80.77,74.80093115220097,70.0332605179386,0,0,0,29.55,47.2,,,,3,1,1,1,,,,11137495,8997014.85
1747402200,80.43,82.02,80.43,81.27,76.09474492176078,71.05478228903509,0,0,0,29.55,47.2,,,,3,1,1,1,,,,9291942,9205644.3
1747661400,79.13,81.9659,78.66,81.21,77.11779593740862,71.9779838991228,0,0,0,29.55,47.2,,,,3,1,1,1,,,,7479837,9284644.8
1747747800,81.67,81.9,80.06,81.71,78.03623674992689,72.86271263556618,0,0,0,29.55,47.2,,,,3,1,1,1,,,,9476160,9452045.45
1747834200,81.05,83.04,80.6,81.16,78.66098939994151,73.61701148687835,0,0,0,29.55,47.2,,,,3,1,1,1,,,,6541817,9431688.3
1747920600,81.1,82.94,81.03,81.81,79.29079151995322,74.36182862443486,0,0,0,29.55,47.2,,,,3,1,1,1,,,,6929543,9394575.25
1748007000,80.5,82.96,80.13,82.26,79.88463321596258,75.0798442040317,0,0,0,29.55,47.2,,,,3,1,1,1,,,,4579050,9401449.55
1748352600,83.2,85.465,83,85.43,80.99370657277007,76.02076745821064,0,0,0,29.55,47.2,,,,3,1,1,1,,,,8085516,9518810.25
1748439000,85.06,85.98,84.58,84.64,81.72296525821605,76.80433405291876,0,0,0,29.55,47.2,,,,3,1,1,1,,,,5682760,9390539.15
1748525400,85.035,85.32,83.7433,84.79,82.33637220657285,77.5303036844716,0,0,0,29.55,47.2,,,,3,1,1,1,,,,4666005,9105773.95
1748611800,85.8,87.16,84.415,86.98,83.26509776525828,78.38936698588327,0,0,0,29.55,47.2,,,,3,1,1,1,,,,14088926,8727714.95
1748871000,87.2,90,87.18,89.95,84.60207821220662,79.44033362353025,0,0,0,29.55,47.2,,,,3,1,1,1,,,,10060615,8479967.8
1748957400,90.2,90.41,88.75,89.95,85.6716625697653,80.39575783957295,0,0,0,29.55,47.2,,,,3,1,1,1,,,,5871661,8186732.75
1749043800,89.61,91.68,89.61,91.07,86.75133005581225,81.36614349052087,0,0,0,29.55,47.2,,,,3,1,1,1,,,,6569088,7989033.35
1749130200,92,94.21,91.15,94.2,88.2410640446498,82.53285771865534,0,0,0,29.55,47.2,,,,3,1,1,1,,,,14590753,8447759.7
1749216600,94.83,96.28,94.6,95.8,89.75285123571985,83.73896156241395,0,0,0,29.55,47.2,,,,3,1,1,1,,,,14102164,8916029.8
1749475800,94.24,94.885,91.81,93.42,90.48628098857587,84.61905596583087,0,0,0,29.55,47.2,,,,3,1,1,1,,,,11066780,9105014.8
1749562200,92.99,94.7899,91.65,93.72,91.1330247908607,85.44641451439169,0,0,0,29.55,47.2,,,,3,1,1,1,,,,7740074,9056200.75
1749648600,93.73,96.45,93.67,96.17,92.14041983268856,86.42128592217426,0,0,0,29.55,47.2,,,,3,1,1,1,,,,6621093,8768465.75
1749735000,96.19,98.15,94.59,95.11,92.73433586615086,87.21116902015842,0,0,0,29.55,47.2,,,,3,1,1,1,,,,8674421,8662785
1749821400,93.8,97.58,93.73,97.17,93.62146869292069,88.11651729105311,0,0,0,29.55,47.2,,,,3,1,1,1,,,,9216140,8566717.25
1750080600,98.34,100.76,98.02,100.44,94.98517495433654,89.23683390095738,0,0,0,29.55,47.2,,,,3,1,1,1,,,,9324946,8568367.45
1750167000,100.42,101.45,100.04,101.12,96.21213996346924,90.31712172814308,0,0,0,29.55,47.2,,,,3,1,1,1,,,,7433287,8566039.95
1750253400,101.75,103.03,101.75,102.65,97.4997119707754,91.43829248013007,0,0,0,29.55,47.2,,,,3,1,1,1,,,,8863310,8535397.45
1750426200,103.2,103.57,100.9014,102.09,98.41776957662032,92.40662952739098,0,0,0,29.55,47.2,,,,3,1,1,1,,,,9958661,8706239.65
1750685400,101.98,104.63,101.33,103.49,99.43221566129625,93.41420866126452,0,0,0,29.55,47.2,,,,3,1,1,1,,,,6742507,8696887.85
1750771800,104.23,105.22,103.06,104.78,100.501772529037,94.44746241933139,0,0,0,29.55,47.2,,,,3,1,1,1,,,,5517168,8743793.75
1750858200,104.99,105.3,102.735,102.84,100.9694180232296,95.21042038121035,0,0,0,29.55,47.2,,,,3,1,1,1,,,,6601669,8669601.4
1750944600,103.335,105.8,102.55,105,101.77553441858367,96.10038216473669,0,0,0,29.55,47.2,,,,3,1,1,1,,,,6697291,8720327.95
1751031000,105,105.87,103.69,105.59,102.53842753486694,96.96307469521517,0,0,0,29.55,47.2,,,,3,1,1,1,,,,11053915,9039723.45
1751290200,105.79,106.17,103.055,105.2,103.07074202789356,97.71188608655925,0,0,0,29.55,47.2,,,,3,1,1,1,,,,8945928,8782573.55
1751376600,104.61,105.28,100.06,100.65,102.58659362231485,97.9789873514175,0,0,0,29.55,47.2,,,,3,1,1,1,,,,9733393,8766212.45
1751463000,100.58,103.88,100,102.4,102.54927489785189,98.38089759219773,0,0,0,29.55,47.2,,,,3,1,1,1,,,,9560949,8950676.85
1751549400,102.41,104.32,102.32,103.59,102.75741991828151,98.85445235654339,0,0,0,29.55,47.2,,,,3,1,1,1,,,,3215401,8782992.5
1751895000,102.92,108,102.25,107.76,103.75793593462521,99.66404759685763,0,0,0,29.55,47.2,,,,3,1,1,1,,,,8510546,8478982.15
1751981400,106.485,106.85,103.22,104.94,103.99434874770017,100.14367963350693,0,0,0,29.55,47.2,,,,3,1,1,1,,,,5961962,8071972.05
1752067800,105.475,106.71,104.3024,106.68,104.53147899816014,100.7378905759154,0,0,0,29.55,47.2,,,,3,1,1,1,,,,5102393,7773752.7
1752154200,106.9,107.37,102.73,105.03,104.6311831985281,101.12808234174128,0,0,0,29.55,47.2,,,,3,1,1,1,,,,5640419,7668769.95
1752240600,104.95,108.1,104.81,105.69,104.84294655882249,101.54280212885571,0,0,0,29.55,47.2,,,,3,1,1,1,,,,4544477,7564939.15
1752499800,106.35,111.96,106.35,111.83,106.24035724705799,102.47800193532338,0,0,0,29.55,47.2,,,,3,1,1,1,,,,8032345,7532835.35
1752586200,110.61,113.07,110.21,112.48,107.48828579764638,103.38727448665762,0,0,0,29.55,47.2,,,,3,1,1,1,,,,8105905,7477323.6
1752672600,112.4,120.16,112.23,119.02,109.7946286381171,104.80843135150693,0,0,0,29.55,47.2,,,,3,1,1,1,,,,15284119,7775282.25
1752759000,118.89,123.33,118.31,122.17,112.26970291049368,106.38675577409721,0,0,0,29.55,47.2,,,,3,1,1,1,,,,9859545,7896595.15
1752845400,122.88,124.6,121.35,124.5,114.71576232839494,108.03341434008837,0,0,0,29.55,47.2,,,,3,1,1,1,,,,8544772,7880668.25
1753104600,123.7506,127.99,121.5501,124.5,116.67260986271596,109.5303766728076,0,0,0,29.55,47.2,,,,3,1,1,1,,,,9627982,7864134.3
1753191000,123.515,124.2,118.6,120.2,117.37808789017276,110.5003424298251,0,0,0,29.55,47.2,,,,3,1,1,1,,,,10629505,8058484.2
1753277400,118.4,119.65,113.95,118.63,117.6284703121382,111.2394022089319,0,0,0,29.55,47.2,,,,3,1,1,1,,,,13090706,8437161.1
1753363800,119.36,120.25,117.82,118.12,117.72677624971057,111.864911099029,0,0,0,29.55,47.2,,,,3,1,1,1,,,,6586395,8436397.4
1753450200,118.57,121.79,117.84,118.82,117.94542099976846,112.49719190820818,0,0,0,29.55,47.2,,,,3,1,1,1,,,,5551936,8379129.65
1753709400,119.825,120.96,118.16,120.96,118.54833679981476,113.26653809837107,0,0,0,29.55,47.2,,,,3,1,1,1,,,,5119360,8082401.9
1753795800,121.505,122.0104,116.51,118.33,118.50466943985181,113.72685281670097,0,0,0,29.55,47.2,,,,3,1,1,1,,,,6595866,7964898.8
1753882200,118.14,125.51,117.76,124.94,119.79173555188144,114.74622983336452,0,0,0,29.55,47.2,,,,3,1,1,1,,,,11351652,8045811.75
1753968600,149.6,150.59,135.65,137.79,123.39138844150516,116.84111803033139,0,0,0,29.55,47.2,,,,3,1,1,1,,,,24665775,8801053.05
1754055000,132.41,133.37,124.44,125.03,123.71911075320412,117.5855618457558,0,0,0,29.55,47.2,,,,3,1,1,1,,,,15011792,9390872.6
1754314200,126.15,132.7897,125.1,130.7,125.1152886025633,118.77778349614164,0,0,0,29.55,47.2,,,,3,1,1,1,,,,13557749,9643232.75
1754400600,129.14,130.72,126.31,127.11,125.51423088205064,119.53525772376513,0,0,0,29.55,47.2,,,,3,1,1,1,,,,7409744,9715621.85
1754487000,126.88,134.35,126.7,134.14,127.2393847056405,120.8629615670592,0,0,0,29.55,47.2,,,,3,1,1,1,,,,7787459,9849875.15
1754573400,134.31,135.08,127.38,129.63,127.7175077645124,121.6599650609629,0,0,0,29.55,47.2,,,,3,1,1,1,,,,7124450,9924076.7
1754659800,130.85,132.96,128.3654,128.71,127.91600621160993,122.30087732814809,0,0,0,29.55,47.2,,,,3,1,1,1,,,,5704885,9982097.1
1754919000,128.5,132.58,127.01,130.74,128.48080496928793,123.06807029831644,0,0,0,29.55,47.2,,,,3,1,1,1,,,,6810789,9921019.3
1755005400,131,133.62,128.73,129.53,128.69064397543033,123.65551845301495,0,0,0,29.55,47.2,,,,3,1,1,1,,,,5713741,9801411.1
1755091800,129.81,130.23,123.1,126.78,128.30851518034427,123.93956223001359,0,0,0,29.55,47.2,,,,3,1,1,1,,,,7721665,9423288.4
1755178200,126.91,129.27,124.97,125.28,127.70281214427541,124.06142020910326,0,0,0,29.55,47.2,,,,3,1,1,1,,,,6504153,9255518.8
1755264600,113.83,117.63,112,117.34,125.63024971542033,123.4503820082757,0,0,0,29.55,47.2,,,,3,1,1,1,,,,18735673,9765063.85
1755523800,115.46,121.3,112.12,119.95,124.49419977233627,123.13216546206881,0,0,0,29.55,47.2,,,,3,1,1,1,,,,14632488,10015289.15
1755610200,118.35,119.93,115.725,118.28,123.25135981786902,122.69105951097164,0,0,0,29.55,47.2,,,,3,1,1,1,,,,7512573,9859442.55
1755696600,117.7,120.305,114.87,118.49,122.29908785429521,122.30914500997422,0,0,0,29.55,47.2,,,,3,1,1,1,,,,14166728,9913243.65
1755783000,116.39,118,113.7,114.85,120.80927028343616,121.63104091815838,0,0,0,29.55,47.2,,,,3,1,1,1,,,,7005220,9934184.9
1755869400,115.78,119.41,114.12,117.52,120.15141622674894,121.25730992559852,0,0,0,29.55,47.2,,,,3,1,1,1,,,,7644719,10038824.05
1756128600,123.22,127.55,122,124.81,121.08313298139915,121.5802817505441,0,0,0,29.55,47.2,,,,3,1,1,1,,,,13501137,10457912.9
1756215000,123.625,126.95,122.63,124.76,121.81850638511932,121.86934704594918,0,0,0,29.55,47.2,,,,3,1,1,1,,,,13720764,10814157.8
1756301400,124.99,125.06,121.28,122.7,121.99480510809546,121.94486095086289,0,0,0,29.55,47.2,,,,3,1,1,1,,,,6751194,10584134.9
1756387800,123.725,128.14,123.215,126.88,122.97184408647637,122.3935099553299,0,0,0,29.55,47.2,,,,3,1,1,1,,,,6445828,9673137.55
1756474200,125.99,126.7,122.6,124.59,123.2954752691811,122.59319086848173,0,0,0,29.55,47.2,,,,3,1,1,1,,,,5447408,9194918.35
1756819800,121.21,129.01,119.16,128.47,124.33038021534487,123.12744624407429,0,0,0,29.55,47.2,,,,3,1,1,1,,,,7892081,8911634.95
1756906200,129.105,133.91,128.34,133.46,126.1563041722759,124.06676931279482,0,0,0,29.55,47.2,,,,3,1,1,1,,,,10665053,9074400.4
1756992600,134.2,135.6699,127.59,129.79,126.88304333782071,124.58706301163166,0,0,0,29.55,47.2,,,,3,1,1,1,,,,8036013,9086828.1
1757079000,131.84,132.13,124.95,127.69,127.04443467025656,124.86914819239242,0,0,0,29.55,47.2,,,,3,1,1,1,,,,6947739,9077992.55
1757338200,129.74,130.63,127.21,128.47,127.32954773620526,125.19649835672038,0,0,0,29.55,47.2,,,,3,1,1,1,,,,8337998,9209648.2
1757424600,129.9,134.38,129.9,131.79,128.2216381889642,125.79590759701853,0,0,0,29.55,47.2,,,,3,1,1,1,,,,6537194,9195968.45
1757511000,132.515,132.97,130.7601,132.84,129.14531055117135,126.4362796336532,0,0,0,29.55,47.2,,,,3,1,1,1,,,,4701844,9145373.6
1757597400,134.83,136.39,131.9119,132.96,129.9082484409371,127.02934512150291,0,0,0,29.55,47.2,,,,3,1,1,1,,,,8601912,9189385.95
1757683800,133.64,136.2,132.5,133.31,130.58859875274968,127.60031374682083,0,0,0,29.55,47.2,,,,3,1,1,1,,,,5252579,9126807.25
1757943000,134.32,139.97,134.23,137.25,131.92087900219974,128.4775579516553,0,0,0,29.55,47.2,,,,3,1,1,1,,,,7538895,8566968.35
1758029400,138.29,138.73,135.15,135.84,132.7047032017598,129.14687086514118,0,0,0,29.55,47.2,,,,3,1,1,1,,,,4991120,8084899.95
1758115800,135.75,136,129.56,135.38,133.23976256140784,129.71351896831015,0,0,0,29.55,47.2,,,,3,1,1,1,,,,7944361,8106489.35
1758202200,136.5,137.98,133.83,135.54,133.69981004912628,130.24319906210013,0,0,0,29.55,47.2,,,,3,1,1,1,,,,4674770,7631891.45
1758288600,136.295,137.83,134.79,135.18,133.99584803930102,130.69199914736376,0,0,0,29.55,47.2,,,,3,1,1,1,,,,16750946,8119177.75
1758547800,136.14,138.43,134.1,136.84,134.56467843144083,131.25090831578524,0,0,0,29.55,47.2,,,,3,1,1,1,,,,6625686,8068226.1
1758634200,137.42,137.84,132.2,132.22,134.09574274515265,131.33900755980477,0,0,0,29.55,47.2,,,,3,1,1,1,,,,5184603,7652399.4
1758720600,133.88,135.865,132.175,133.13,133.90259419612212,131.50182505436797,0,0,0,29.55,47.2,,,,3,1,1,1,,,,6128406,7272781.5
1758807000,130.965,133.4999,128.75,132.04,133.5300753568977,131.55075004942543,0,0,0,29.55,47.2,,,,3,1,1,1,,,,4564902,7163466.9
1758893400,132.22,135.24,130.66,135.06,133.83606028551816,131.86977277220493,0,0,0,29.55,47.2,,,,3,1,1,1,,,,4097244,7046037.7
1759152600,140.71,141.9999,137.695,141.56,135.38084822841452,132.7507025201863,0,0,0,29.55,47.2,,,,3,1,1,1,,,,8665307,7206932.65
1759239000,141,141.45,133.12,138.52,136.00867858273162,133.2751841092603,0,0,0,29.55,47.2,,,,3,1,1,1,,,,8637057,7244181.45
1759325400,136.135,137.95,134,134.07,135.6209428661853,133.34744009932754,0,0,0,29.55,47.2,,,,3,1,1,1,,,,6767511,7049304.35
1759411800,135.25,137,131.81,133.5,135.19675429294824,133.36130918120685,0,0,0,29.55,47.2,,,,3,1,1,1,,,,6564081,6975707.75
1759498200,125.22,127.9899,120.56,122.69,132.69540343435858,132.3911901647335,0,0,0,29.55,47.2,,,,3,1,1,1,,,,15104312,7383536.4
1759757400,124,127.105,122.23,126.27,131.41032274748687,131.8347183315759,0,0,0,29.55,47.2,,,,3,1,1,1,,,,6333442,7283308.6
1759843800,125.57,126.1,122.44,124.99,130.1262581979895,131.21247121052355,0,0,0,29.55,47.2,,,,3,1,1,1,,,,5065292,7209713.5
1759930200,128.34,128.5,124.295,125.97,129.2950065583916,130.73588291865778,0,0,0,29.55,47.2,,,,3,1,1,1,,,,4381360,7193689.3
1760016600,125.59,126.95,124.5,126.43,128.72200524671328,130.34443901696162,0,0,0,29.55,47.2,,,,3,1,1,1,,,,4899494,7008568.4
1760103000,126.45,130.2,125.67,126.8,128.33760419737064,130.02221728814692,0,0,0,29.55,47.2,,,,3,1,1,1,,,,5569630,7024420.95
1760362200,129.06,129.72,124.58,128.24,128.3180833578965,129.86019753467903,0,0,0,29.55,47.2,,,,3,1,1,1,,,,4476361,6871294.25
1760448600,129.5,137.43,124.96,133.28,129.3104666863172,130.17108866789002,0,0,0,29.55,47.2,,,,3,1,1,1,,,,8548963,7049186.4
1760535000,138.69,141.95,136.66,138.56,131.16037334905377,130.93371697080912,0,0,0,29.55,47.2,,,,3,1,1,1,,,,8771060,7090521.35
1760621400,138.73,139.005,133,134.49,131.82629867924302,131.2570154280083,0,0,0,29.55,47.2,,,,3,1,1,1,,,,6151943,7164380
1760707800,133.69,135.6805,131.06,132.92,132.04503894339442,131.4081958436439,0,0,0,29.55,47.2,,,,3,1,1,1,,,,3396407,6496653.05
1760967000,133.905,135.85,130.49,134.84,132.60403115471553,131.72017803967628,0,0,0,29.55,47.2,,,,3,1,1,1,,,,4895713,6410154.4
1761053400,135,135,129.6,133.16,132.7152249237724,131.85107094516025,0,0,0,29.55,47.2,,,,3,1,1,1,,,,4718847,6386866.6
1761139800,133.12,133.41,125.805,128,131.77217993901792,131.5009735865093,0,0,0,29.55,47.2,,,,3,1,1,1,,,,6029630,6381927.8
1761226200,129.13,130.825,127.12,129.24,131.26574395121435,131.29543053319028,0,0,0,29.55,47.2,,,,3,1,1,1,,,,3578207,6332593.05
1761312600,131.41,132.5,127.65,127.71,130.55459516097147,130.96948230290025,0,0,0,29.55,47.2,,,,3,1,1,1,,,,3816293,6318545.5
1761571800,129.645,131.25,127.67,128.49,130.1416761287772,130.7440748208184,0,0,0,29.55,47.2,,,,3,1,1,1,,,,6452639,6207912.1
1761658200,131.45,134.34,130.62,131.72,130.45734090302176,130.8327952916531,0,0,0,29.55,47.2,,,,3,1,1,1,,,,7694989,6160808.7
1761744600,131.5,134.67,130.08,133.74,131.1138727224174,131.09708662877554,0,0,0,29.55,47.2,,,,3,1,1,1,,,,7389168,6191891.55
1761831000,125.55,126.28,111.87,113,127.49109817793392,129.4518969352505,0,0,0,29.55,47.2,,,,3,1,1,1,,,,27951077,7261241.35
1761917400,118.6,119.8499,111.2,113.72,124.73687854234714,128.02172448659135,0,0,0,29.55,47.2,,,,3,1,1,1,,,,17482417,7380146.6
1762180200,112.935,113.6,106.1,107.66,121.32150283387772,126.17065862417395,0,0,0,29.55,47.2,,,,3,1,1,1,,,,14623119,7794630.45
1762266600,104.93,105.74,102.65,104.13,117.88320226710218,124.16696238561268,0,0,0,29.55,47.2,,,,3,1,1,1,,,,9806900,8031710.85
1762353000,104.6,104.83,102.11,102.24,114.75456181368175,122.1736021687388,0,0,0,29.55,47.2,,,,3,1,1,1,,,,6977287,8161507.2
1762439400,102,103.98,100.6,101.28,112.0596494509454,120.27418378976255,0,0,0,29.55,47.2,,,,3,1,1,1,,,,6865330,8259799
1762525800,101.77,107.42,101.77,106.84,111.01571956075632,119.05289435432958,0,0,0,29.55,47.2,,,,3,1,1,1,,,,8371701,8399902.55
1762785000,108.03,108.285,105.26,105.36,109.88457564860506,117.80808577666326,0,0,0,29.55,47.2,,,,3,1,1,1,,,,6315296,8491849.3
1762871400,104.88,105.53,103.55,104.68,108.84366051888405,116.61462343333024,0,0,0,29.55,47.2,,,,3,1,1,1,,,,4166550,8272728.65
1762957800,104.88,105.3,102.63,104.34,107.94292841510725,115.49874857575476,0,0,0,29.55,47.2,,,,3,1,1,1,,,,4472221,8057786.7
1763044200,104,104.21,99.4,101.27,106.6083427320858,114.20522597795888,0,0,0,29.55,47.2,,,,3,1,1,1,,,,7788767,8139627.9
1763130600,99.08,103.37,98.05,102.28,105.74267418566865,113.12111452541716,0,0,0,29.55,47.2,,,,3,1,1,1,,,,6381681,8288891.6
1763389800,102.25,103.775,99.81,101.27,104.84813934853491,112.04374047765197,0,0,0,29.55,47.2,,,,3,1,1,1,,,,4006523,8244432.1
1763476200,100.465,103.22,99.96,101.73,104.22451147882794,111.10612770695633,0,0,0,29.55,47.2,,,,3,1,1,1,,,,4712111,8244095.3
1763562600,100.33,100.56,94.34,97.37,102.85360918306235,109.85738882450575,0,0,0,29.55,47.2,,,,3,1,1,1,,,,10984881,8491857.85
1763649000,98.13,98.515,91.33,91.7,100.62288734644987,108.20671711318704,0,0,0,29.55,47.2,,,,3,1,1,1,,,,15268869,9076390.95
1763735400,92.12,93.27,88.229,89.25,98.34830987715989,106.4833791938064,0,0,0,29.55,47.2,,,,3,1,1,1,,,,10463048,9408728.7
1763994600,87.89,90.7,87.08,90.58,96.79464790172791,105.03761744891492,0,0,0,29.55,47.2,,,,3,1,1,1,,,,11949130,9683553.25
1764081000,89.76,91.25,87.94,91.07,95.64971832138232,103.7678340444681,0,0,0,29.55,47.2,,,,3,1,1,1,,,,7060169,9651812.25
1764167400,92.17,94.74,92.01,92.73,95.06577465710586,102.7643945858801,0,0,0,29.55,47.2,,,,3,1,1,1,,,,6793373,9622022.5
1764340200,93.61,95.74,93.075,95.03,95.0586197256847,102.06126780534554,0,0,0,29.55,47.2,,,,3,1,1,1,,,,3131333,8381035.3
1764599400,93.01,94.17,90.65,93.79,94.80489578054775,101.30933436849594,0,0,0,29.55,47.2,,,,3,1,1,1,,,,6282483,7821038.6
1764685800,94.19,95.36,93.45,93.7,94.5839166244382,100.61757669863267,0,0,0,87.08,150.59,,,,1,1,1,1,,,,6748822,7427323.75
1764772200,92.155,93.8,91.055,92.1,94.08713329955056,99.84325154421153,0,0,0,87.08,150.59,,,,1,1,1,1,,,,5598993,7216928.4
1764858600,92.6,96.14,91.18,95.21,94.31170663964045,99.42204685837412,0,0,0,87.08,150.59,,,,1,1,1,1,,,,8113752,7273751.65
1764945000,95.665,97.92,94.145,96.28,94.70536531171236,99.13640623488556,0,0,0,87.08,150.59,,,,1,1,1,1,,,,6841330,7272551.65
1765204200,96.22,97.69,94.78,97.64,95.29229224936988,99.00036930444142,0,0,0,87.08,150.59,,,,1,1,1,1,,,,5054688,7106701
1765290600,97.32,99.27,96.78,99,96.03383379949591,99.00033573131039,0,0,0,87.08,150.59,,,,1,1,1,1,,,,5849432,7083407.8
1765377000,99.98,99.98,94.35,94.36,95.69906703959673,98.57848702846398,0,0,0,87.08,150.59,,,,1,1,1,1,,,,8642009,7307180.75
1765463400,94.19,96.27,93.07,94.34,95.42725363167739,98.19317002587634,0,0,0,87.08,150.59,,,,1,1,1,1,,,,6114960,7389317.7
1765549800,90.875,91.88,88.055,88.51,94.0438029053419,97.31288184170576,0,0,0,87.08,150.59,,,,1,1,1,1,,,,8443789,7422068.8
1765809000,87.96,88.37,85.91,86.96,92.62704232427352,96.37171076518706,0,0,0,87.08,150.59,,,,1,1,1,1,,,,7752237,7490596.6
1765895400,87.18,87.86,86.15,87.44,91.58963385941881,95.55973705926097,0,0,0,87.08,150.59,,,,1,1,1,1,,,,8234041,7701972.5
1765981800,87.5,89.19,85.2601,85.91,90.45370708753505,94.68248823569179,0,0,0,87.08,150.59,,,,1,1,1,1,,,,6185959,7775664.9
1766068200,86.68,87.27,83.52,83.91,89.14496567002804,93.70317112335617,0,0,0,87.08,150.59,,,,1,1,1,1,,,,9933899,7723115.8
1766154600,84.1,84.2,81.245,81.94,87.70397253602243,92.6337919303238,0,0,0,87.08,150.59,,,,1,1,1,1,,,,15127088,7716026.75
1766413800,82.415,83.19,81.4,81.98,86.55917802881795,91.66526539120345,0,0,0,87.08,150.59,,,,1,1,1,1,,,,6687819,7527265.3
1766500200,81.77,82.04,80.3001,80.99,85.44534242305436,90.69478671927587,0,0,0,87.08,150.59,,,,1,1,1,1,,,,6092956,7234456.6
1766586600,80.69,82.12,80.42,81.88,84.73227393844348,89.89344247206897,0,0,0,87.08,150.59,,,,1,1,1,1,,,,2684187,7015657.5
1766759400,81.72,82.34,80.87,82.22,84.22981915075479,89.19585679278997,0,0,0,87.08,150.59,,,,1,1,1,1,,,,3863678,6869172.75
1767018600,81.12,82.14,80.95,81.52,83.68785532060383,88.49805162980905,0,0,0,87.08,150.59,,,,1,1,1,1,,,,4526935,6938952.85
1767105000,81.68,82.56,81.36,81.81,83.31228425648307,87.89004693619005,0,0,0,87.08,150.59,,,,1,1,1,1,,,,5904547,6920056.05
1767191400,81.76,81.76,80.61,81.03,82.85582740518646,87.26640630562731,0,0,0,80.3001,150.59,,,,1,1,1,1,,,,5311131,6848171.5
1767364200,81.45,81.78,78.8,80.95,82.47466192414917,86.69218755057028,0,0,0,80.3001,150.59,,,,1,1,1,1,,,,6972181,6916830.9
1767623400,81.4,82.38,79.88,81.04,82.18772953931934,86.17835231870026,0,0,0,80.3001,150.59,,,,1,1,1,1,,,,7991787,6910732.65
1767709800,79.37,79.37,74.95,75.83,80.91618363145547,85.23759301700024,0,0,0,80.3001,150.59,,,,1,1,1,1,,,,15611495,7349240.9
1767796200,76.265,77.63,75.4,76.42,80.01694690516437,84.43599365181839,0,0,0,80.3001,150.59,,,,1,1,1,1,,,,10932995,7643156.25
1767882600,74.86,74.98,71.78,73.89,78.7915575241315,83.47726695619853,0,0,0,80.3001,150.59,,,,1,1,1,1,,,,13371121,8019240.7
1767969000,73.75,74,72.06,73.27,77.6872460193052,82.54933359654412,0,0,0,80.3001,150.59,,,,1,1,1,1,,,,11416639,8157972.2
1768228200,73.05,77,72.83,76.72,77.49379681544417,82.01939417867646,0,0,0,80.3001,150.59,,,,1,1,1,1,,,,11555390,8429993.7
1768314600,76.925,85.48,76.59,84.8,78.95503745235534,82.27217652606952,0,0,0,80.3001,150.59,,,,1,1,1,1,,,,25200085,9267808.5
1768401000,86.75,87.25,82.15,82.87,79.73802996188428,82.32652411460865,0,0,0,80.3001,150.59,,,,1,1,1,1,,,,12480586,9504225.95
1768487400,83.85,88.23,82.9,84.65,80.72042396950742,82.53774919509877,0,0,0,71.78,150.59,,,,1,1,1,1,,,,13949893,9790018.55
1768573800,86,91.09,85.26,87.28,82.03233917560594,82.96886290463524,0,0,0,71.78,150.59,,,,1,1,1,1,,,,16423803,10301910.75
1768919400,84.55,84.76,78.345,78.84,81.39387134048475,82.59351173148659,0,0,0,71.78,150.59,,,,1,1,1,1,,,,14447491,10527590.35
1769005800,78.67,78.84,75.12,75.68,80.25109707238781,81.9650106649878,0,0,0,71.78,150.59,,,,1,1,1,1,,,,13209985,10431735.2
1769092200,76.48,77.23,73.41,74.7,79.14087765791025,81.30455514998891,0,0,0,71.78,150.59,,,,1,1,1,1,,,,14217906,10808239.55
1769178600,75.11,75.11,73.07,74.12,78.1367021263282,80.65141377271719,0,0,0,71.78,150.59,,,,1,1,1,1,,,,9458539,10976518.7
1769437800,73.25,74.2999,70.55,74.01,77.31136170106257,80.04764888428835,0,0,0,71.78,150.59,,,,1,1,1,1,,,,15789653,11631792
1769524200,74.72,75.16,72.02,72.14,76.27708936085006,79.32877171298941,0,0,0,71.78,150.59,,,,1,1,1,1,,,,8158527,11846534.45
1769610600,73.46,76.5,72.02,75.27,76.07567148868004,78.959792466354,0,0,0,71.78,150.59,,,,1,1,1,1,,,,8974525,12068913.95
1769697000,75.13,75.75,72.43,75.73,76.00653719094403,78.66617496941274,0,0,0,71.78,150.59,,,,1,1,1,1,,,,9220613,12234717.25
1769783400,74.33,75.33,64.5403,65.76,73.95722975275523,77.49288633582977,0,0,0,71.78,150.59,,,,1,1,1,1,,,,29755145,13456917.95
1770042600,67.02,69.41,66.31,67.48,72.66178380220418,76.58262394166343,0,0,0,71.78,150.59,,,,1,1,1,1,,,,12804138,13748515.8
1770129000,66.945,66.945,63.13,65.4,71.20942704176335,75.56602176514858,0,0,0,71.78,150.59,,,,1,1,1,1,,,,16417069,14169779.9
1770215400,64.5,65.06,61.83,63.07,69.58154163341068,74.4300197864987,0,0,0,71.78,150.59,,,,1,1,1,1,,,,15301788,14154294.55
1770301800,62.8,64.84,60.07,60.57,67.77923330672854,73.1700179877261,0,0,0,71.78,150.59,,,,1,1,1,1,,,,21106858,14662987.7
1770388200,67.41,69.2,60.34,66.42,67.50738664538284,72.55637998884191,0,0,0,71.78,150.59,,,,1,1,1,1,,,,34085856,15698724.45
1770647400,68.76,74.43,68.28,73.45,68.69590931630627,72.63761817167446,0,0,0,71.78,150.59,,,,1,1,1,1,,,,19558338,16105809.4
1770733800,74.7,76.58,71.15,71.94,69.34472745304501,72.57419833788587,0,0,0,71.78,150.59,,,,1,1,1,1,,,,13043190,16180199.4
1770820200,71.7,73.16,66.93,68.99,69.273781962436,72.2483621253508,0,0,0,71.78,150.59,,,,1,1,1,1,,,,11717009,15506045.6
1770906600,68.34,68.79,61.605,63.15,68.04902556994881,71.42123829577345,0,0,0,60.07,91.09,150.59,,,1,1,1,1,,,,14760977,15620065.15
1770993000,64.01,64.54,62.775,63.17,67.07322045595905,70.67112572343041,0,0,0,60.07,91.09,150.59,,,1,1,1,1,,,,8424703,15343805.65
1771338600,63.88,64.5982,62.49,63,66.25857636476724,69.97375065766401,0,0,0,60.07,91.09,150.59,,,1,1,1,1,,,,8686070,14956919
1771425000,62.74,65.798,62.5,63.06,65.61886109181378,69.34522787060365,0,0,0,60.07,91.09,150.59,,,1,1,1,1,,,,9432898,14706189.35
1771511400,63,65.51,62.81,64.44,65.38308887345103,68.89929806418513,0,0,0,60.07,91.09,150.59,,,1,1,1,1,,,,12135092,14652444.7
1771597800,63.62,63.65,60.33,62,64.70647109876083,68.27208914925922,0,0,0,60.07,91.09,150.59,,,1,1,1,1,,,,17740175,14828558.15
1771857000,61.7,62.84,59.7,62.43,64.25117687900867,67.7409901356902,0,0,0,60.07,91.09,150.59,,,1,1,1,1,,,,11557373,14933499.85
1771943400,61.845,67.23,60.64,67.09,64.81894150320693,67.68180921426382,0,0,0,60.07,91.09,150.59,,,1,1,1,1,,,,11469469,14717490.65
1772029800,66.985,68.34,66.2,68.07,65.46915320256554,67.71709928569439,0,0,0,60.07,91.09,150.59,,,1,1,1,1,,,,7823557,14700742.15
1772116200,68.14,71.53,67.83,71.4,66.65532256205243,68.05190844154035,0,0,0,60.07,91.09,150.59,,,1,1,1,1,,,,8930695,14698550.65
1772202600,69.72,71.19,68.15,68.66,67.05625804964194,68.1071894923094,0,0,0,60.07,91.09,150.59,,,1,1,1,1,,,,12019765,14838508.25
1772461800,66.5,68.11,65.22,67.44,67.13300643971355,68.04653590209945,0,0,0,59.7,76.58,91.09,150.59,,1,1,1,1,,,,7205794,13711040.7
1772548200,64.67,67.69,63.26,66.97,67.10040515177084,67.94866900190858,0,0,0,59.7,76.58,91.09,150.59,,1,1,1,1,,,,9128206,13527244.1
1772634600,65.63,68.92,65.3164,67.4,67.16032412141668,67.89879000173508,0,0,0,59.7,76.58,91.09,150.59,,1,1,1,1,,,,6757139,13044247.6
1772721000,67.78,69.91,65.0446,66.08,66.94425929713334,67.7334454561228,0,0,0,59.7,76.58,91.09,150.59,,1,1,1,1,,,,7985760,12678446.2
1772807400,64.29,64.65,62.82,63.53,66.26140743770668,67.35131405102072,0,0,0,59.7,76.58,91.09,150.59,,1,1,1,1,,,,8147553,12030480.95
1773063000,62.455,64.09,61.67,62.65,65.53912595016534,66.92392186456429,0,0,0,59.7,76.58,91.09,150.59,,1,1,1,1,,,,11183416,10885358.95
1773149400,63.55,64,58.73,58.83,64.19730076013228,66.18811078596754,0,0,0,59.7,76.58,91.09,150.59,,1,1,1,1,,,,13852337,10600058.9
1773235800,59.45,60.76,58.7,60.39,63.43584060810582,65.66100980542504,0,0,0,59.7,76.58,91.09,150.59,,1,1,1,1,,,,6713003,10283549.55
1773322200,59.79,60.1299,56.3,56.3,62.008672486484656,64.81000891402276,0,0,0,59.7,76.58,91.09,150.59,,1,1,1,1,,,,9721707,10183784.45
1773408600,56.99,58.015,55.85,56.42,60.89093798918773,64.04728083092978,0,0,0,59.7,76.58,91.09,150.59,,1,1,1,1,,,,7396022,9815536.7
1773667800,56.88,59.49,56.82,59.17,60.54675039135018,63.603891664481615,0,0,0,59.7,76.58,91.09,150.59,,1,1,1,1,,,,8331206,9810861.85
1773754200,58.805,60.56,57.25,57.79,59.99540031308015,63.07535605861965,0,0,0,59.7,76.58,91.09,150.59,,1,1,1,1,,,,7339118,9743514.25
1773840600,57.35,59.78,57,58.27,59.65032025046412,62.638505507836044,0,0,0,59.7,76.58,91.09,150.59,,1,1,1,1,,,,11067995,9825269.1
1773927000,57.65,59.26,56.16,57.52,59.22425620037129,62.17318682530549,0,0,0,59.7,76.58,91.09,150.59,,1,1,1,1,,,,8549588,9645993.9
1774013400,57.085,57.3,55.16,56.96,58.77140496029703,61.69926075027772,0,0,0,59.7,76.58,91.09,150.59,,1,1,1,1,,,,8864837,9202227
1774272600,57.06,57.84,55.81,56.84,58.38512396823763,61.25750977297975,0,0,0,59.7,76.58,91.09,150.59,,1,1,1,1,,,,6536912,8951203.95
1774359000,56.85,57.005,54.33,55,57.7080991745901,60.68864524816341,0,0,0,59.7,76.58,91.09,150.59,,1,1,1,1,,,,7471750,8751318
1774445400,56.59,57.98,55.5,56.65,57.496479339672085,60.32149568014856,0,0,0,59.7,76.58,91.09,150.59,,1,1,1,1,,,,5838365,8652058.4
1774531800,55.5,56.65,53.48,53.85,56.76718347173767,59.73317789104414,0,0,0,59.7,76.58,91.09,150.59,,1,1,1,1,,,,7757832,8593415.25
1774618200,53.19,53.405,51.72,52.31,55.875746777390134,59.05834353731286,0,0,0,59.7,76.58,91.09,150.59,,1,1,1,1,,,,7536183,8369236.15
1774877400,52.28,52.91,51.23,51.91,55.082597421912105,58.40849412482987,0,0,0,59.7,76.58,91.09,150.59,,1,1,1,1,,,,7700104,8393951.65
1774963800,53.06,57.34,52.8,56.56,55.37807793752968,58.24044920439079,0,0,0,59.7,76.58,91.09,150.59,,1,1,1,1,,,,13156940,8595388.35
1775050200,57.065,58.91,56.465,57.63,55.82846235002375,58.18495382217345,0,0,0,59.7,76.58,91.09,150.59,,1,1,1,1,,,,10894981,8802280.45
1775136600,56.37,60.23,55.8,60.11,56.684769880019,58.35995802015768,0,0,0,59.7,76.58,91.09,150.59,,1,1,1,1,,,,10830252,8944505.05
1775482200,59.79,60.66,56.87,57.2,56.7878159040152,58.254507291052434,0,0,0,59.7,76.58,91.09,150.59,,1,1,1,1,,,,13447529,9209503.85
1775568600,56.83,57.71,55.91,57.5,56.930252723212156,58.18591571913858,0,0,0,51.23,76.58,91.09,150.59,,1,1,1,1,,,,3789006,8839783.35
1775655000,60.105,60.54,55.16,55.43,56.630202178569725,57.935377926489615,0,0,0,51.23,76.58,91.09,150.59,,1,1,1,1,,,,6754931,8484913.05
1775741400,54.8,55.75,53.2039,55.17,56.33816174285578,57.683979933172374,0,0,0,51.23,76.58,91.09,150.59,,1,1,1,1,,,,10161000,8657312.9
1775827800,55.22,55.77,52.72,55.59,56.18852939428463,57.49361812106579,0,0,0,51.23,76.58,91.09,150.59,,1,1,1,1,,,,7105191,8526487.1
1776087000,55.51,58.9599,55.5,57.66,56.482823515427704,57.50874374642345,0,0,0,51.23,76.58,91.09,150.59,,1,1,1,1,,,,10975806,8705476.3
1776173400,57.94,59.09,56.68,58.3,56.846258812342164,57.58067613311223,0,0,0,51.23,76.58,91.09,150.59,,1,1,1,1,,,,7586747,8668253.35
1776259800,59,61.2,58.88,59.79,57.43500704987373,57.78152375737475,0,0,0,51.23,76.58,91.09,150.59,,1,1,1,1,,,,7322012,8667398.05
1776346200,61.36,62.1129,59.5,60.44,58.03600563989899,58.02320341579523,0,0,0,51.23,76.58,91.09,150.59,,1,1,1,1,,,,6827263,8455361.45
1776432600,61.74,62.99,59.66,60.34,58.496804511919194,58.23382128708657,0,0,0,51.23,76.58,91.09,150.59,,1,1,1,1,,,,7999881,8427876.1
1776691800,60,62.275,59.69,61.83,59.163443609535356,58.56074662462415,0,0,0,51.23,76.58,91.09,150.59,,1,1,1,1,,,,5693289,8269298.7
1776778200,62.01,64.42,60.84,61.26,59.58275488762828,58.806133295112865,0,0,0,51.23,76.58,91.09,150.59,,1,1,1,1,,,,7915842,8338245.2
1776864600,62.31,63,59.63,59.64,59.59420391010263,58.88193935919352,0,0,0,51.23,76.58,91.09,150.59,,1,1,1,1,,,,7668568,8348086.1
1776951000,58.46,58.46,53.97,55.45,58.7653631280821,58.5699448719941,0,0,0,51.23,76.58,91.09,150.59,,1,1,1,1,,,,10759941,8594164.9
1777037400,54.85,56.19,52.62,56.09,58.23029050246568,58.34449533817646,0,0,0,51.23,76.58,91.09,150.59,,1,1,1,1,,,,11981442,8805345.4
1777296600,55.725,57.86,55.45,57.52,58.08823240197254,58.269541216524054,0,0,0,51.23,76.58,91.09,150.59,,1,1,1,1,,,,7355034,8796287.95
1777383000,57.06,58.89,55.92,56.11,57.69258592157803,58.07321928774914,0,0,0,51.23,76.58,91.09,150.59,,1,1,1,1,,,,6501456,8736355.55
1777469400,55.65,56.89,53.91,56.28,57.41006873726242,57.91019935249922,0,0,0,51.23,76.58,91.09,150.59,,1,1,1,1,,,,7028545,8429935.8
1777555800,55.71,56.82,54.91,55.26,56.980054989809936,57.669272138635655,0,0,0,51.23,76.58,91.09,150.59,,1,1,1,1,,,,23970795,9083726.5
1777642200,42.38,47.4383,41.75,45.13,54.61004399184795,56.529338307850594,0,0,0,51.23,76.58,91.09,150.59,,1,1,1,1,,,,53403932,11212410.5
1777901400,44.92,48.43,44.6,47.57,53.20203519347836,55.7148530071369,0,0,0,51.23,76.58,91.09,150.59,,1,1,1,1,,,,17674462,11423757.15
1777987800,47.13,47.58,43.5,44.04,51.36962815478269,54.65350273376082,0,0,0,51.23,76.58,91.09,150.59,,1,1,1,1,,,,18962209,12182417.3
1778074200,44.21,44.64,43.36,43.76,49.84770252382615,53.66318430341892,0,0,0,51.23,76.58,91.09,150.59,,1,1,1,1,,,,13990658,12544203.65
1778160600,44.29,45.98,44.17,44.78,48.83416201906092,52.8556220940172,0,0,0,51.23,76.58,91.09,150.59,,1,1,1,1,,,,10619796,12567143.45
1778247000,44.13,44.489,41.66,41.91,47.449329615248736,51.860565540015635,0,0,0,51.23,76.58,91.09,150.59,,1,1,1,1,,,,17103399,13067053.85
1778506200,41.265,42.38,40.95,41.31,46.22146369219899,50.90142321819603,0,0,0,51.23,76.58,91.09,150.59,,1,1,1,1,,,,14348983,13235712.7
1778592600,42.04,43.4758,41.455,41.54,45.28517095375919,50.050384743814575,0,0,0,51.23,76.58,91.09,150.59,,1,1,1,1,,,,14013526,13557051.65
1778679000,41.12,42.24,40.15,41.96,44.62013676300735,49.314895221649614,0,0,0,51.23,76.58,91.09,150.59,,1,1,1,1,,,,10781331,13730017.6
1778765400,42.05,43.94,41.3104,43.72,44.44010941040588,48.80626838331783,0,0,0,51.23,76.58,91.09,150.59,,1,1,1,1,,,,10278587,13902583.8
1778851800,43.79,44.19,42.07,42.85,44.122087528324705,48.26478943937985,0,0,0,51.23,76.58,91.09,150.59,,1,1,1,1,,,,11437546,14074467.05
1779111000,42.82,47.5999,42.65,46.98,44.69367002265977,48.147990399436225,0,0,0,51.23,76.58,91.09,150.59,,1,1,1,1,,,,16138535,14596729.35
1779197400,47.08,47.53,43.88,44.45,44.644936018127815,47.81180945403293,0,0,0,51.23,76.58,91.09,150.59,,1,1,1,1,,,,14107954,14906334.95
1779283800,45.2,45.965,43.7836,45.79,44.87394881450225,47.62800859457539,0,0,0,40.15,64.42,76.58,91.09,141.9999,1,1,1,1,,,,12096408,15127726.95
1779370200,45.24,46.93,44.934,46.14,45.1271590516018,47.49273508597763,0,0,0,40.15,64.42,76.58,91.09,141.9999,1,1,1,1,,,,9000957,15039777.75
1779456600,46.36,48.37,46.36,48.16,45.73372724128144,47.553395532706936,0,0,0,40.15,64.42,76.58,91.09,141.9999,1,1,1,1,,,,10135642,14947487.75
1779802200,48.25,48.53,44.9,46,45.786981793025156,47.412177757006305,0,0,0,40.15,64.42,76.58,91.09,141.9999,1,1,1,1,,,,12287165,15194094.3
1779888600,45.88,46.95,45.61,45.63,45.75558543442013,47.250161597278456,0,0,0,40.15,64.42,76.58,91.09,141.9999,1,1,1,1,,,,8353072,15286675.1
1779975000,45.765,47.67,45.4097,46.83,45.9704683475361,47.21196508843496,0,0,0,40.15,64.42,76.58,91.09,141.9999,1,1,1,1,,,,9266866,15398591.15
1780061400,46.52,47.84,46.24,47.15,46.20637467802888,47.20633189857723,0,0,0,40.15,64.42,76.58,91.09,141.9999,1,1,1,1,,,,11055253,14752814.05
1780320600,47.76,47.99,45.83,47,46.365099742423105,47.18757445325203,0,0,0,40.15,64.42,76.58,91.09,141.9999,1,1,1,1,,,,10221909,12593712.9
1780407000,46.87,48,44.35,45,46.09207979393848,46.98870404841094,0,0,0,40.15,64.42,76.58,91.09,141.9999,1,1,1,1,,,,9087304,12164355
1780493400,44.39,44.81,42.69,43.68,45.60966383515078,46.68791277128267,0,0,0,40.15,64.42,76.58,91.09,141.9999,1,1,1,1,,,,8856407,11659064.9
1780579800,44.36,45.05,43.26,43.35,45.157731068120626,46.384466155711515,0,0,0,40.15,64.42,76.58,91.09,141.9999,1,1,1,1,,,,7976400,11358352
1780666200,43.255,43.8399,41.07,41.82,44.4901848544965,45.96951468701047,0,0,0,40.15,64.42,76.58,91.09,141.9999,1,1,1,1,,,,9329251,11293824.75
1780925400,41.67,42.88,40.95,42.3,44.0521478835972,45.635922442736785,0,0,0,40.15,64.42,76.58,91.09,141.9999,1,1,1,1,,,,9724472,10924878.4
1781011800,42.07,44.57,41.6,43,43.84171830687776,45.396293129760714,0,0,0,40.15,64.42,76.58,91.09,141.9999,1,1,1,1,,,,14585140,10936686.25
1781098200,42.045,43.15,41.405,41.5,43.37337464550221,45.042084663418834,0,0,0,40.15,64.42,76.58,91.09,141.9999,1,1,1,1,,,,9278985,10699959.2
1781184600,41.25,43.6,40.68,43.49,43.39669971640177,44.90098605765348,0,0,0,40.15,64.42,76.58,91.09,141.9999,1,1,1,1,,,,11652733,10743529.3
1781271000,43.63,44,41.635,43.31,43.379359773121415,44.756350961503166,0,0,0,40.15,64.42,76.58,91.09,141.9999,1,1,1,1,,,,10504528,10754826.35
1781530200,44.09,45.82,43.56,45.66,43.83548781849713,44.83850087409379,0,0,0,40.15,64.42,76.58,91.09,141.9999,1,1,1,1,,,,9508982,10658398.15
1781616600,45.9,49.655,45.53,49.34,44.9363902547977,45.24772806735799,0,0,0,40.15,64.42,76.58,91.09,141.9999,1,1,1,1,,,,14044275,10553685.15
1781703000,48.89,50.84,47.61,48.02,45.55311220383816,45.499752788507266,0,0,0,40.15,64.42,76.58,91.09,141.9999,1,1,1,1,,,,13594358,10528005.35
1781789400,48.97,53.02,48.16,51.53,46.74848976307053,46.04795708046115,1,0,0,40.15,64.42,76.58,91.09,141.9999,2,1,1,1,1,,,21821977,11014283.8
1782135000,48.2,49.5,46.02,47.27,46.852791810456424,46.15905189132832,0,0,0,40.15,64.42,76.58,91.09,141.9999,2,1,1,1,,,,21752673,11651869.6
1782221400,46.7,49.48,46.28,47.11,46.90423344836514,46.24550171938938,0,0,0,40.15,64.42,76.58,91.09,141.9999,2,1,1,1,,,,12258245,11757999.75
1782307800,47,49.54,46.6,47.94,47.11138675869211,46.39954701762671,0,0,0,40.15,64.42,76.58,91.09,141.9999,2,1,1,1,,,,8146392,11550961.1
1782394200,47.74,47.74,45.15,46.39,46.96710940695369,46.39867910693337,0,0,0,40.15,64.42,76.58,91.09,141.9999,2,1,1,1,,,,9569495,11611782.25